title,url
سریال آقای قاضی 3 - پرونده هفتم -  دعوای خواهرو برادر برسر ارثیه | Serial Aghaye Ghazi 3 - Episode 7,https://www.youtube.com/watch?v=fKSjFdsfduI
معلم بچه من با تمسخر بچه ام باید پیجشو ببره بالا؟,https://www.youtube.com/watch?v=GyrJhV-qHeM
قاضی طرف رو با اسم اصلیش صدا میزنه و طرف جواب میده!,https://www.youtube.com/watch?v=G2XZtss7I-M
بچه منو انقدر مسخره کردن که لکنت گرفته!,https://www.youtube.com/watch?v=-JfrCtCEnu8
از کوره در رفتن قاضی جدید و داد زدن سر متهم!,https://www.youtube.com/watch?v=ZBVNyoBD88E
وقتی معلمِ بچه فیلمشو گذاشته توی اینستاگرام!,https://www.youtube.com/watch?v=oQ9V04zGy-U
وقتی متهم به قاضی میگه کارت ملی شاکی جعلیه!,https://www.youtube.com/watch?v=806Gzsr_0W0
همونی که به تو نظام پزشکی داد منو معلم کرده!,https://www.youtube.com/watch?v=bYnv04mC2MA
جر و بحث آستارکی با قاضی جدید,https://www.youtube.com/watch?v=siBvHvcBbuk
وقتی مدیر مدرسه قاضی خلج رو عصبانی می کنه!,https://www.youtube.com/watch?v=X8P_YCAIKSY
دوتا خواهر تا قبلِ ورود قاضی ام بهم میپرن!,https://www.youtube.com/watch?v=cFBRI0YTvYA
حکم آقای قاضی برای خوراندن مدفوعِ سگ: ۲ سال زندان!,https://www.youtube.com/watch?v=ta0cx4mXbAs
زنش به رمال گفته ی چیز بده قاضی از شوهرم بدش بیاد!,https://www.youtube.com/watch?v=MBIBp4tEU18
اگه مدفوع سگُ با شیر بادوم میخوردی فقط وفادار میموندی!,https://www.youtube.com/watch?v=CgSymbHsobM
سریال آقای قاضی 3 - پرونده ششم - شکایت از مجری تاک شو | Serial Aghaye Ghazi 3 - Episode 6,https://www.youtube.com/watch?v=vpOoDlD_UkQ
۴۰۰ میلیون براش زده و بازم به قاضی میگه نمیشناسمش!,https://www.youtube.com/watch?v=MhBwubQWXDQ
قاضی اسم رَمًال رو بهش میگه ولی به روی خودش نمیاره!,https://www.youtube.com/watch?v=J1zMxycspDo
قاضی: خانم شما مدفوعِ سگ به خورد همسرتون دادین؟,https://www.youtube.com/watch?v=r_70Ubq9huY
قاضی کیف متهم رو میده بازرسی و از توش چیا که در نمیاد!,https://www.youtube.com/watch?v=xrBUZYYvQR8
آقای قاضی زنم منو طلسم کرده که بهش خیانت نکنم!,https://www.youtube.com/watch?v=MdH5Am90-fo
آفای قاضی این زن مثل ساواک از من بازجویی میکنه,https://www.youtube.com/watch?v=v7iEOJk8zls
آقای قاضی: اینا همشون ناموس منن!,https://www.youtube.com/watch?v=J3Qimkn_Bzo
وقتی قاضی آسِ پرونده رو میکنه: تو به نامزدش پیام داده بودی!,https://www.youtube.com/watch?v=jRXw-LxHp-g
قاضی میفهمه که گوشی عکسهای پخش شده رو شاهدِ شاکی خریده بوده!,https://www.youtube.com/watch?v=KBmK1pzxWRY
قاضی پرونده عکس ها میفهمه که شاکی گوشی رو فروخته بوده!,https://www.youtube.com/watch?v=1PugbRA5vYs
قاضی نشون میده چرا چهره برادرش تو عکسهای دختره معلوم نیس,https://www.youtube.com/watch?v=isBhfrp8YfA
وقتی قاضی میدونه متهم عکسا رو گرفته ولی بازم ازش میپرسه,https://www.youtube.com/watch?v=rehaFn3fMks
آقای قاضی به شاکی: میتونین در مورد عکس هاتون توضیح بدید؟,https://www.youtube.com/watch?v=TWizZ6SaWF0
آقای قاضی: مورد داشتم به خاطر عکس خصوصی خو*کُشی کرده,https://www.youtube.com/watch?v=KDbSxNNsXZI
وقتی شاکیِ عکس خصوصی میخواد که دادگاه بدون حضار باشه,https://www.youtube.com/watch?v=syl0op6PjVU
سریال آقای قاضی 3 - پرونده پنجم - مطالبه نصف مهریه  | Serial Aghaye Ghazi 3 - Episode 5,https://www.youtube.com/watch?v=3PIuHszH1mQ
آقای قاضی: سالن زدی پس مجوز داری؟,https://www.youtube.com/watch?v=FMMlXa9eICw
وقتی آقای قاضی مبایعه نامه رو بالاخره دید!,https://www.youtube.com/watch?v=Aqy-a2HmvT8
سریال آقای قاضی 3 - پرونده چهارم - افشای هویت پنهان شاکی | Serial Aghaye Ghazi 3 - Episode 4,https://www.youtube.com/watch?v=orgMcY8DJUw
وقتی دارندگی و برازندگی به آقای قاضی برمیخوره,https://www.youtube.com/watch?v=CLqT6AscJ9I
آقای قاضی خدانکنه اینا مستاجر من باشن!,https://www.youtube.com/watch?v=3Z3nWJDshXc
آقای قاضی فکر نمی کردم حقمو بتانم بگیرم,https://www.youtube.com/watch?v=PNpkZ6BAado
وقتی تبعه افغان بالاخره ماجرا رو به آقای قاضی گفت,https://www.youtube.com/watch?v=FA8z-UHS2ZU
وقتی انقدر سوتی دادی که دیگه قاضی دستت میندازه!,https://www.youtube.com/watch?v=Xt4KArAY_r0
طرف گفته موزیک پخش میشده و شاهدش میگه ضبط خرابه!,https://www.youtube.com/watch?v=3fR4ycM_bT4
وقتی مدعی کُفرِ آقای قاضی رو درمیاره,https://www.youtube.com/watch?v=qSGfUNbPd1A
قاضی: به تو اجازه نمیدم به این افغانستانی توهین کنی,https://www.youtube.com/watch?v=HEA035U_c8I
قاضی: مقیم هر کشوری که میری اینو بهت بگه خوشت میاد؟,https://www.youtube.com/watch?v=H9kIjqlfVqg
وقتی قاضی نسبت دو نفر رو پرسید,https://www.youtube.com/watch?v=Jys7CeyvQyc
دیدار دوخواهر پس از جدایی اجباری در دادگاه,https://www.youtube.com/watch?v=R3yI5rukMGM
آقای قاضی ما نمیتونیم زندگی بدون نرگس رو ادامه بدیم!,https://www.youtube.com/watch?v=9siOyuy_JAM
سریال آقای قاضی 3 - پرونده سوم - انتشار عکس‌های خصوصی | Serial Aghaye Ghazi 3 - Episode 3,https://www.youtube.com/watch?v=0EZv-eOSl1M
ادعای عجیب متهم از اختیارات خود!,https://www.youtube.com/watch?v=J0djOJ8dDGo
درخواست آقای قاضی برای نمونه امضا متهم!,https://www.youtube.com/watch?v=IIWAuOXyZVU
سریال آقای قاضی 3 - پرونده دوم - مشاعات ساختمان | Serial Aghaye Ghazi 3 - Episode 2,https://www.youtube.com/watch?v=0MOImO4cpC8
سریال آقای قاضی 3 - پرونده اول - سرپرستی دو خواهر | Serial Aghaye Ghazi 3 - Episode 1,https://www.youtube.com/watch?v=zSASRTi3Mlo
تیزر فصل سوم آقای قاضی | قاضی بیگی جایگزین بهزاد خلج شد! | Serial Aghaye Ghazi 3 - Teaser,https://www.youtube.com/watch?v=8-yuFZI53vo
سریال کمدی و جدید کلینیک رویا – قسمت 35 (قسمت آخر) | Clinic Roya – Episode 35,https://www.youtube.com/watch?v=EX262i_K3Kk
از همین اول داری جاری بازی در میاری #کلینیک_رویا,https://www.youtube.com/watch?v=lAYerXxrgxo
سریال کمدی و جدید کلینیک رویا – قسمت 34 | Clinic Roya – Episode 34,https://www.youtube.com/watch?v=mYWj2_xqzMs
هر وقت عاشق میشه میگه طرف حرف نداره #کلینیک_رویا,https://www.youtube.com/watch?v=C_73VVQrrVQ
شوهر پولدار داشتن این شکلیه #کلینیک_رویا,https://www.youtube.com/watch?v=PPqO5HlXm9U
سریال کمدی و جدید کلینیک رویا – قسمت 33 | Clinic Roya – Episode 33,https://www.youtube.com/watch?v=oeSdH7EMYH8
مرده رفت تو بخش خانوما #کلینیک_رویا,https://www.youtube.com/watch?v=E-D-_kIg1Xw
سریال کمدی و جدید کلینیک رویا - قسمت 26 | Clinic Roya - Part 26,https://www.youtube.com/watch?v=4fCx42tyxQE
سریال کمدی و جدید کلینیک رویا – قسمت 25 | Clinic Roya – Episode 25,https://www.youtube.com/watch?v=SXF8jFRG4Wg
بقیه: کراشتو دیدی هول نکنی، من وقتی میبینمش: #کلینیک_رویا,https://www.youtube.com/watch?v=scAX4o2kBTQ
سریال کمدی و جدید کلینیک رویا – قسمت 32 | Clinic Roya – Episode 32,https://www.youtube.com/watch?v=rE8ZbK6V00E
سریال کمدی و جدید کلینیک رویا – قسمت 24 | Clinic Roya – Episode 24,https://www.youtube.com/watch?v=VS1Js2OEoLw
سریال کمدی و جدید کلینیک رویا – قسمت 23 | Clinic Roya – Episode 23,https://www.youtube.com/watch?v=PxOexjScoFg
سریال کمدی و جدید کلینیک رویا – قسمت 22 | Clinic Roya – Episode 22,https://www.youtube.com/watch?v=GK4BQgOWhrg
سریال کمدی و جدید کلینیک رویا – قسمت 21 | Clinic Roya – Episode 21,https://www.youtube.com/watch?v=lyKJ3Kn9dMM
سریال کمدی و جدید کلینیک رویا – قسمت 20 | Clinic Roya – Episode 20,https://www.youtube.com/watch?v=9MEZZ83PSpI
شعر سعدی رو عربیش کرد #کلینیک_رویا,https://www.youtube.com/watch?v=tNVilecBxfw
سریال کمدی و جدید کلینیک رویا – قسمت 19 | Clinic Roya – Episode 19,https://www.youtube.com/watch?v=Xp2owtKDRTY
سریال کمدی و جدید کلینیک رویا – قسمت 31 | Clinic Roya – Episode 31,https://www.youtube.com/watch?v=4YT4z7pmqFg
سریال کمدی و جدید کلینیک رویا – قسمت 18 | Clinic Roya – Episode 18,https://www.youtube.com/watch?v=Ciu9Y1l2Un8
سریال کمدی و جدید کلینیک رویا – قسمت 17 | Clinic Roya – Episode 17,https://www.youtube.com/watch?v=2GXu2HQb1VM
سریال کمدی و جدید کلینیک رویا – قسمت 16 | Clinic Roya – Episode 16,https://www.youtube.com/watch?v=gCbW9by6mdY
بقیه: چرا همیشه سینگلی؟ من: #کلینیک_رویا,https://www.youtube.com/watch?v=30aie0OxmH0
سریال کمدی و جدید کلینیک رویا – قسمت 15 | Clinic Roya – Episode 15,https://www.youtube.com/watch?v=Qc2FhWhpwIY
مخ زنی من VS مخ زنی رفیقم #کلینیک_رویا,https://www.youtube.com/watch?v=00dUV_5fcg8
سریال کمدی و جدید کلینیک رویا – قسمت 30 | Clinic Roya – Episode 30,https://www.youtube.com/watch?v=fg8qqc2jKXM
سریال کمدی و جدید کلینیک رویا – قسمت 14 | Clinic Roya – Episode 14,https://www.youtube.com/watch?v=gj0RVM5IjVI
سریال کمدی و جدید کلینیک رویا – قسمت 13 | Clinic Roya – Episode 13,https://www.youtube.com/watch?v=Iiv-970YfwI
جوک هایی که پیش کراشم میگم #کلینیک_رویا,https://www.youtube.com/watch?v=_sYGfnHjEhI
سریال کمدی و جدید کلینیک رویا – قسمت 12 | Clinic Roya – Episode 12,https://www.youtube.com/watch?v=Oj2kgPAkoZs
سریال کمدی و جدید کلینیک رویا – قسمت 11 | Clinic Roya – Episode 11,https://www.youtube.com/watch?v=H5auOPJDyyk
تقلب هایی که رفیقم بهم میرسونه #کلینیک_رویا,https://www.youtube.com/watch?v=LHRLg1tcKk8
سریال کمدی و جدید کلینیک رویا – قسمت 29 | Clinic Roya – Episode 29,https://www.youtube.com/watch?v=NbENvDi95OA
سریال کمدی و جدید کلینیک رویا – قسمت 10 | Clinic Roya – Episode 10,https://www.youtube.com/watch?v=4dkLoAvNyCU
سریال کمدی و جدید کلینیک رویا – قسمت 9 | Clinic Roya – Episode 9,https://www.youtube.com/watch?v=O_bmegc1PD4
سریال کمدی و جدید کلینیک رویا – قسمت 8 | Clinic Roya – Episode 8,https://www.youtube.com/watch?v=eHzEbtVstuA
از کجا فهمیدی عاشق شدم؟ من: #کلینیک_رویا,https://www.youtube.com/watch?v=dutXp8A0xcI
سریال کمدی و جدید کلینیک رویا – قسمت 28 | Clinic Roya – Episode 28,https://www.youtube.com/watch?v=lDjcFgaAtv4
سریال کمدی و جدید کلینیک رویا – قسمت 7 | Clinic Roya – Episode 7,https://www.youtube.com/watch?v=29sCGjruBL8
سریال کمدی و جدید کلینیک رویا – قسمت 6 | Clinic Roya – Episode 6,https://www.youtube.com/watch?v=v_4oQQcOmHs
سریال کمدی و جدید کلینیک رویا – قسمت 5 | Clinic Roya – Episode 5,https://www.youtube.com/watch?v=Qx9a-KBdG7w
وضعیت من 6 صبح شنبه سرکار #کلینیک_رویا,https://www.youtube.com/watch?v=GnD6FskrUE4
سریال کمدی و جدید کلینیک رویا – قسمت 27 | Clinic Roya – Episode 27,https://www.youtube.com/watch?v=jCM8dpD7eQg
سریال کمدی و جدید کلینیک رویا – قسمت 4 | Clinic Roya – Episode 4,https://www.youtube.com/watch?v=s12c341Vz_c
سریال کمدی و جدید کلینیک رویا – قسمت 3 | Clinic Roya – Episode 3,https://www.youtube.com/watch?v=fN3JvnIAxNY
سریال کمدی و جدید کلینیک رویا – قسمت 2 | Clinic Roya – Episode 2,https://www.youtube.com/watch?v=wYvEfhs9rYc
من تو کارگری موفق ترم تا کار فرهنگی #گذرگاه,https://www.youtube.com/watch?v=q_ELPHGmj1g
سریال کمدی و جدید کلینیک رویا – قسمت 1 | Clinic Roya – Episode 1,https://www.youtube.com/watch?v=C_2DsgDtciQ
سریال گذرگاه - قسمت 26 (قسمت آخر) | سریال معمایی جدید ایرانی | Serial Gozargah - Part 26,https://www.youtube.com/watch?v=HKdbpbM5624
از اول با این ازدواج مخالف بودیم #گذرگاه,https://www.youtube.com/watch?v=vqkaT-0TkBw
سریال گذرگاه - قسمت 25 | سریال معمایی جدید ایرانی | Serial Gozargah - Part 25,https://www.youtube.com/watch?v=WFu-D6T9Wns
ما با هم فرق داریم تو پسر خانی #گذرگاه,https://www.youtube.com/watch?v=y0yyfGi1bfk
میخوام باور کنم لایق تو و این زندگی هستم #گذرگاه,https://www.youtube.com/watch?v=_Wv9UWCtYus
سریال گذرگاه - قسمت 24 | سریال معمایی جدید ایرانی | Serial Gozargah - Part 24,https://www.youtube.com/watch?v=gMrFC7j2j5w
اسلحه رو سرش بوده که زنگ زده #گذرگاه,https://www.youtube.com/watch?v=leWU1OY69uQ
سریال گذرگاه - قسمت 23 | سریال معمایی جدید ایرانی | Serial Gozargah - Part 23,https://www.youtube.com/watch?v=4uT54hLjrp4
همه مدارک رو نابود کن #گذرگاه,https://www.youtube.com/watch?v=mxM1wSv1W0Y
سریال گذرگاه - قسمت 22 | سریال معمایی جدید ایرانی | Serial Gozargah - Part 22,https://www.youtube.com/watch?v=TcJq0jCv5KM
اگه نمیخوای خان باشی باید از این خونه بری #گذرگاه,https://www.youtube.com/watch?v=QQE46fA0BRE
سریال گذرگاه - قسمت 21 | سریال معمایی جدید ایرانی | Serial Gozargah - Part 21,https://www.youtube.com/watch?v=mCvOe6oqlHg
این آدما رو باید از ریشه سوزوند #گذرگاه,https://www.youtube.com/watch?v=DBYdVlb52Ow
سریال گذرگاه - قسمت 20 | سریال معمایی جدید ایرانی | Serial Gozargah - Part 20,https://www.youtube.com/watch?v=6f9VyIEGqaI
یه بچه رفته تو میدون مین #گذرگاه,https://www.youtube.com/watch?v=D1cU534rJ1g
سریال گذرگاه - قسمت 19 | سریال معمایی جدید ایرانی | Serial Gozargah - Part 19,https://www.youtube.com/watch?v=CtOPdfRpH0k
به خاطر اون بچه جون خودشو به خطر انداخت #گذرگاه,https://www.youtube.com/watch?v=ujDmLq7ViOI
اونا قصد جون ناصر رو دارن #گذرگاه,https://www.youtube.com/watch?v=jrqzywWAZXs
سریال گذرگاه - قسمت 18 | سریال معمایی جدید ایرانی | Serial Gozargah - Part 18,https://www.youtube.com/watch?v=8_wPlDSRFRI
دیدم یه نفرو با زنجیر بسته بودن به دیوار #گذرگاه,https://www.youtube.com/watch?v=HcgUQ5jMejE
سریال گذرگاه - قسمت 17 | سریال معمایی جدید ایرانی | Serial Gozargah - Part 17,https://www.youtube.com/watch?v=PKuX7xiiCyE
از همه ما بی گناه تر، این بچه است #گذرگاه,https://www.youtube.com/watch?v=4X_iG_mkk0U
سریال گذرگاه - قسمت 16 | سریال معمایی جدید ایرانی | Serial Gozargah - Part 16,https://www.youtube.com/watch?v=5kjTsLAJ3NQ
خودش اجازه نمیده زنجیرو از پاش باز کنیم #گذرگاه,https://www.youtube.com/watch?v=ar_142P8o_s
سریال گذرگاه - قسمت 15 | سریال معمایی جدید ایرانی | Serial Gozargah - Part 15,https://www.youtube.com/watch?v=DKinCtQS9eo
تو به خاطر کشورت، خودتو به آب و آتیش زدی #گذرگاه,https://www.youtube.com/watch?v=OJ2rjanmphY
سریال گذرگاه - قسمت 14 | سریال معمایی جدید ایرانی | Serial Gozargah - Part 14,https://www.youtube.com/watch?v=fMYD_fEhMqM
سریال گذرگاه - قسمت 13 | سریال معمایی جدید ایرانی | Serial Gozargah - Part 13,https://www.youtube.com/watch?v=JeYfbF7FoqA
سریال گذرگاه - قسمت 12 | سریال معمایی جدید ایرانی | Serial Gozargah - Part 12,https://www.youtube.com/watch?v=zBlX1o2r23Y
سریال گذرگاه - قسمت 11 | سریال معمایی جدید ایرانی | Serial Gozargah - Part 11,https://www.youtube.com/watch?v=M-_D57_aYEQ
سریال گذرگاه - قسمت 10 | سریال معمایی جدید ایرانی | Serial Gozargah - Part 10,https://www.youtube.com/watch?v=nUZkDlzvKIY
سریال گذرگاه - قسمت 9 | سریال معمایی جدید ایرانی | Serial Gozargah - Part 9,https://www.youtube.com/watch?v=UNjFZ7eVBpQ
سریال گذرگاه - قسمت 8 | سریال معمایی جدید ایرانی | Serial Gozargah - Part 8,https://www.youtube.com/watch?v=jlhidKa4mzU
سریال گذرگاه - قسمت 7 | سریال معمایی جدید ایرانی | Serial Gozargah - Part 7,https://www.youtube.com/watch?v=tE8O4jVO2SQ
سریال گذرگاه - قسمت 6 | سریال معمایی جدید ایرانی | Serial Gozargah - Part 6,https://www.youtube.com/watch?v=3pSXOcurSHk
سریال گذرگاه - قسمت 5 | سریال معمایی جدید ایرانی | Serial Gozargah - Part 5,https://www.youtube.com/watch?v=qGLzc22UtNo
سریال گذرگاه - قسمت 4 | سریال معمایی جدید ایرانی | Serial Gozargah - Part 4,https://www.youtube.com/watch?v=yHrqzsM6UBo
سریال گذرگاه - قسمت 3 | سریال معمایی جدید ایرانی | Serial Gozargah - Part 3,https://www.youtube.com/watch?v=mJSuKXL_bLo
سریال گذرگاه - قسمت 2 | سریال معمایی جدید ایرانی | Serial Gozargah - Part 2,https://www.youtube.com/watch?v=28bUnPVmxcI
سریال گذرگاه - قسمت 1 | سریال معمایی جدید ایرانی | Serial Gozargah - Part 1,https://www.youtube.com/watch?v=6FQV8BWsW-I
تیزر سریال جدید گذرگاه | با مهدی فخیم‌زاده، فریبا کوثری، حمیدرضا پگاه و لیلا زارع | Gozargah,https://www.youtube.com/watch?v=pfytYbJTyl8
رویا: نذری / واقعیت: کیسه #اسباب_زحمت,https://www.youtube.com/watch?v=-9MOD7ClXeU
سریال جدید کمدی اسباب زحمت - قسمت 9 | Serial Asbabe Zahmat - Part 9,https://www.youtube.com/watch?v=snaoUDDrJsg
وقتی جواب میلیاردر رو نمیدی #اسباب_زحمت,https://www.youtube.com/watch?v=QduV3NjT-NY
سریال جدید کمدی اسباب زحمت - قسمت 8 | Serial Asbabe Zahmat - Part 8,https://www.youtube.com/watch?v=DYgovgvmaWo
80 سال سن، ادا در حد 18 سالگی! #اسباب_زحمت,https://www.youtube.com/watch?v=iYRsHEu-mvA
سریال جدید کمدی اسباب زحمت - قسمت 7 | Serial Asbabe Zahmat - Part 7,https://www.youtube.com/watch?v=IA00A-wifs8
وقتی نسل قدیم وارد کریپتو میشه! #اسباب_زحمت,https://www.youtube.com/watch?v=1S-gPWmNyig
سریال جدید کمدی اسباب زحمت - قسمت 6 | Serial Asbabe Zahmat - Part 6,https://www.youtube.com/watch?v=lcK85fEr_Vg
دختر سعید آقاخانی در سریال اسباب زحمت با پدرش همبازی شد #اسباب_زحمت,https://www.youtube.com/watch?v=PRY3T6oftGA
سریال جدید کمدی اسباب زحمت - قسمت 5 | Serial Asbabe Zahmat - Part 5,https://www.youtube.com/watch?v=hK0GMVscccY
سریال جدید کمدی اسباب زحمت - قسمت 4 | Serial Asbabe Zahmat - Part 4,https://www.youtube.com/watch?v=hndmuAFIPoM
سریال جدید کمدی اسباب زحمت - قسمت 3 | Serial Asbabe Zahmat - Part 3,https://www.youtube.com/watch?v=WKCbiZYsdqg
سریال جدید کمدی اسباب زحمت - قسمت 2 | Serial Asbabe Zahmat - Part 2,https://www.youtube.com/watch?v=o8p1F9tfMbg
سریال جدید کمدی اسباب زحمت - قسمت 1 | Serial Asbabe Zahmat - Part 1,https://www.youtube.com/watch?v=F7qWNePL7Vg
تیزر سریال جدید اسباب زحمت | کمدی 1404 با سعید آقاخانی و عباس جمشیدی‌فر | Asbabe Zahmat,https://www.youtube.com/watch?v=1OPNsvVVk3s
Serial Algorithm - Backstage | سریال جدید پلیسی الگوریتم - پشت صحنه,https://www.youtube.com/watch?v=gX97Lhc7qgA
سریال جدید پلیسی الگوریتم - قسمت 51 (قسمت آخر) | Serial Algorithm - Part 51,https://www.youtube.com/watch?v=71AUWRYMsGQ
سریال جدید پلیسی الگوریتم - قسمت 50 | Serial Algorithm - Part 50,https://www.youtube.com/watch?v=oldCSexQKA4
سریال جدید پلیسی الگوریتم - قسمت 49 | Serial Algorithm - Part 49,https://www.youtube.com/watch?v=YMUXTD2GnRE
سریال جدید پلیسی الگوریتم - قسمت 48 | Serial Algorithm - Part 48,https://www.youtube.com/watch?v=n_qEDV8cAYU
سریال جدید پلیسی الگوریتم - قسمت 47 | Serial Algorithm - Part 47,https://www.youtube.com/watch?v=KurD-BjoVLs
سریال جدید پلیسی الگوریتم - قسمت 46 | Serial Algorithm - Part 46,https://www.youtube.com/watch?v=iZLuvkzGuMY
سریال جدید پلیسی الگوریتم - قسمت 45 | Serial Algorithm - Part 45,https://www.youtube.com/watch?v=wAqiEWtkH4I
سریال جدید پلیسی الگوریتم - قسمت 44 | Serial Algorithm - Part 44,https://www.youtube.com/watch?v=7NopQ8p77_w
سریال جدید پلیسی الگوریتم - قسمت 43 | Serial Algorithm - Part 43,https://www.youtube.com/watch?v=BIS0ZTEXqbI
سریال جدید پلیسی الگوریتم - قسمت 42 | Serial Algorithm - Part 42,https://www.youtube.com/watch?v=uBwOKcmcwN0
سریال جدید پلیسی الگوریتم - قسمت 41 | Serial Algorithm - Part 41,https://www.youtube.com/watch?v=-J4UHDdbP8M
سریال جدید پلیسی الگوریتم - قسمت 40 | Serial Algorithm - Part 40,https://www.youtube.com/watch?v=HJGJnFcaVhw
سریال جدید پلیسی الگوریتم - قسمت 39 | Serial Algorithm - Part 39,https://www.youtube.com/watch?v=O2ZRV35aHUA
سریال جدید پلیسی الگوریتم - قسمت 38 | Serial Algorithm - Part 38,https://www.youtube.com/watch?v=gmmCizIB3VU
سریال جدید پلیسی الگوریتم - قسمت 37 | Serial Algorithm - Part 37,https://www.youtube.com/watch?v=Iw22EGckXtw
سریال جدید پلیسی الگوریتم - قسمت 36 | Serial Algorithm - Part 36,https://www.youtube.com/watch?v=pnb76d3zFLI
سریال جدید پلیسی الگوریتم - قسمت 35 | Serial Algorithm - Part 35,https://www.youtube.com/watch?v=cONM7eMFQvU
سریال جدید پلیسی الگوریتم - قسمت 34 | Serial Algorithm - Part 34,https://www.youtube.com/watch?v=JS6ysrNoGc4
سریال جدید پلیسی الگوریتم - قسمت 33 | Serial Algorithm - Part 33,https://www.youtube.com/watch?v=04fISs7meKE
سریال جدید پلیسی الگوریتم - قسمت 32 | Serial Algorithm - Part 32,https://www.youtube.com/watch?v=jtwnovisADE
سریال جدید پلیسی الگوریتم - قسمت 31 | Serial Algorithm - Part 31,https://www.youtube.com/watch?v=IjzsKV3AxxA
سریال جدید پلیسی الگوریتم - قسمت 30 | Serial Algorithm - Part 30,https://www.youtube.com/watch?v=Ze2XM2vODJI
سریال جدید پلیسی الگوریتم - قسمت 29 | Serial Algorithm - Part 29,https://www.youtube.com/watch?v=ds-6SBEMAME
سریال جدید پلیسی الگوریتم - قسمت 28 | Serial Algorithm - Part 28,https://www.youtube.com/watch?v=lq6hnXGPciI
سریال جدید پلیسی الگوریتم - قسمت 27 | Serial Algorithm - Part 27,https://www.youtube.com/watch?v=yZfZvcbx7HY
سریال جدید پلیسی الگوریتم - قسمت 26 | Serial Algorithm - Part 26,https://www.youtube.com/watch?v=Qx9K6AOopvg
سریال جدید پلیسی الگوریتم - قسمت 25 | Serial Algorithm - Part 25,https://www.youtube.com/watch?v=mT4AIwHAEsk
بلاگر + مشاور املاک = ترکیب خطرناک! #الگوریتم #پلیسی,https://www.youtube.com/watch?v=37OOfzTvu-c
سریال جدید پلیسی الگوریتم - قسمت 24 | Serial Algorithm - Part 24,https://www.youtube.com/watch?v=D2bTk46be8E
سریال جدید پلیسی الگوریتم - قسمت 23 | Serial Algorithm - Part 23,https://www.youtube.com/watch?v=s9p36XB87Qs
بازی با کلمات برای بازداشت افراد اینجوریه #الگوریتم #سریال_پلیسی,https://www.youtube.com/watch?v=0uuWN8g6BkM
سریال جدید پلیسی الگوریتم - قسمت 22 | Serial Algorithm - Part 22,https://www.youtube.com/watch?v=HCnpQYlhLEo
میدونی باندهای خلاف چطوری عضوگیری میکنن؟ #الگوریتم #پلیسی,https://www.youtube.com/watch?v=sMAfEDsV9Ew
سریال جدید پلیسی الگوریتم - قسمت 21 | Serial Algorithm - Part 21,https://www.youtube.com/watch?v=jemgH-LBJX4
سریال جدید پلیسی الگوریتم - قسمت 20 | Serial Algorithm - Part 20,https://www.youtube.com/watch?v=UDUr2MXpwYs
یه شباهت کوچیک و شروع یه فاجعه بزرگ! #الگوریتم #سریال,https://www.youtube.com/watch?v=CCKRMEksf_g
سریال جدید پلیسی الگوریتم - قسمت 19 | Serial Algorithm - Part 19,https://www.youtube.com/watch?v=LX155TVi0IM
سریال جدید پلیسی الگوریتم - قسمت 18 | Serial Algorithm - Part 18,https://www.youtube.com/watch?v=QUIP_U8RPFo
لیست آرزوها؟ همش تموم شد! #الگوریتم #سریال_پلیسی,https://www.youtube.com/watch?v=DhM0Uzfdy6w
سریال جدید پلیسی الگوریتم - قسمت 17 | Serial Algorithm - Part 17,https://www.youtube.com/watch?v=KBPFDJm2QmY
کلاه برداری پانزی؟ سناریو عوض شد! #الگوریتم #سریال_جنایی,https://www.youtube.com/watch?v=Xr0uAvDcoOE
سریال جدید پلیسی الگوریتم - قسمت 16 | Serial Algorithm - Part 16,https://www.youtube.com/watch?v=MtSfZUUR0E4
یه شرط ساده بود اما حالا پای همه چیز وسطه #الگوریتم #سریال_جدید,https://www.youtube.com/watch?v=g0A2SgNunXM
سریال جدید پلیسی الگوریتم - قسمت 15 | Serial Algorithm - Part 15,https://www.youtube.com/watch?v=TuBSlErWLU8
سریال جدید پلیسی الگوریتم - قسمت 14 | Serial Algorithm - Part 14,https://www.youtube.com/watch?v=s62Ab3_B0_k
همه چیز از همین جا کلید خورد #الگوریتم #پلیسی,https://www.youtube.com/watch?v=WYGs_3250i8
سریال جدید پلیسی الگوریتم - قسمت 13 | Serial Algorithm - Part 13,https://www.youtube.com/watch?v=YWMY-KI5yxk
سریال جدید پلیسی الگوریتم - قسمت 12 | Serial Algorithm - Part 12,https://www.youtube.com/watch?v=WH9tzeKgE24
بابام هنوز به تو مشکوکه! #الگوریتم #سریال_پلیسی,https://www.youtube.com/watch?v=r0EWVDboi-k
سریال جدید پلیسی الگوریتم - قسمت 11 | Serial Algorithm - Part 11,https://www.youtube.com/watch?v=JyswDd17moM
سریال جدید پلیسی الگوریتم - قسمت 10 | Serial Algorithm - Part 10,https://www.youtube.com/watch?v=T0phcCDQlgQ
دزدی از رییس شعبه #الگوریتم #سریال_ایرانی,https://www.youtube.com/watch?v=GmhA_p7quj8
سریال جدید پلیسی الگوریتم - قسمت 9 | Serial Algorithm - Part 9,https://www.youtube.com/watch?v=-2s3WL4K-ds
حساب هارو مسدود کنیم فرار میکنه #الگوریتم #سریال_جدید,https://www.youtube.com/watch?v=Ychaeo4NUdg
سریال جدید پلیسی الگوریتم - قسمت 8 | Serial Algorithm - Part 8,https://www.youtube.com/watch?v=mCbnF9h698o
منتقلش کنید پزشکی قانونی #الگوریتم #سریال_پلیسی,https://www.youtube.com/watch?v=pu7jvRzmKac
سریال جدید پلیسی الگوریتم - قسمت 7 | Serial Algorithm - Part 7,https://www.youtube.com/watch?v=kRbNKfJ8TN4
سریال جدید پلیسی الگوریتم - قسمت 6 | Serial Algorithm - Part 6,https://www.youtube.com/watch?v=VqbOHQYrYx4
مسیر پولیمون باید پاک بشه افتادن دنبالمون #الگوریتم #پلیسی,https://www.youtube.com/watch?v=jEbT_leOQVs
سریال جدید پلیسی الگوریتم - قسمت 5 | Serial Algorithm - Part 5,https://www.youtube.com/watch?v=AIR_W8FL0Mg
سریال جدید پلیسی الگوریتم - قسمت 4 | Serial Algorithm - Part 4,https://www.youtube.com/watch?v=nfgaoBPVuzw
پس شما دوتا باهم در ارتباطین و ما نمیدونستیم #shorts #الگوریتم,https://www.youtube.com/watch?v=KSsPqps-olM
سریال جدید پلیسی الگوریتم - قسمت 3 | Serial Algorithm - Part 3,https://www.youtube.com/watch?v=NyJS-OhOTHI
روایت گفتن سیروس #shorts #نون_خ,https://www.youtube.com/watch?v=R2DJcHOV5m4
خودشو به عنوان تاجر جا زده #shorts #الگوریتم,https://www.youtube.com/watch?v=geUEXjj_c5U
کارت ملی یا کارت قرمز #shorts #نون_خ,https://www.youtube.com/watch?v=dnxeD3W-gZU
گوشی رو برای عکسای توش دزدیدم #shorts #الگوریتم,https://www.youtube.com/watch?v=NNwqUAb_WmA
سریال جدید پلیسی الگوریتم - قسمت 2 | Serial Algorithm - Part 2,https://www.youtube.com/watch?v=eYk74h1OyYM
سریال جدید پلیسی الگوریتم - قسمت 1 | Serial Algorithm - Part 1,https://www.youtube.com/watch?v=QxJkyqsVV90
ما هیچ کدوممون دست به دماغمون نزدیم #shorts #نون_خ,https://www.youtube.com/watch?v=A0uMBMuDFhU
سریال جدید پلیسی الگوریتم - تیزر | Serial Algorithm - Teaser,https://www.youtube.com/watch?v=vG9Z7zqKwx8
کلاس داوری خشن #shorts #نون_خ,https://www.youtube.com/watch?v=3_WiecKug70
من تمام نقاط حساس بدن رو بلدم #shorts #نون_خ,https://www.youtube.com/watch?v=XVgFpTbkW3Y
بهنوش خانم چقدر جمع و جور شدی #shorts  #نون_خ,https://www.youtube.com/watch?v=N5q4YVtL178
کارگر نروژی #shorts #نون_خ,https://www.youtube.com/watch?v=6JWjD6kY4es
فراموش نکن یک مرد از زیر سنگ هم پول جور میکنه #shorts #نون_خ,https://www.youtube.com/watch?v=6Wd1eGdikdo
عجب عمه هایی داری ها #shorts #نون_خ,https://www.youtube.com/watch?v=RySvTsmk6II
این عکسها چیه بی غیرت #shorts #نون_خ,https://www.youtube.com/watch?v=ecj39zg2qQo
سریال حکایت‌های کمال 2 - قسمت 37 (قسمت آخر) | Serial Hekayathaye Kamal 2 - Part 37,https://www.youtube.com/watch?v=tU9pVdHfLHE
در پشتی فحش نیست؟ #shorts #نون_خ,https://www.youtube.com/watch?v=a0pr6mI2fv4
سریال حکایت‌های کمال 2 - قسمت 36 | Serial Hekayathaye Kamal 2 - Part 36,https://www.youtube.com/watch?v=F2UDLTr4RA8
سریال حکایت‌های کمال 2 - قسمت 35 | Serial Hekayathaye Kamal 2 - Part 35,https://www.youtube.com/watch?v=Jsi_k3CRP18
سریال حکایت‌های کمال 2 - قسمت 34 | Serial Hekayathaye Kamal 2 - Part 34,https://www.youtube.com/watch?v=pB0jc-4oMNk
روح مرحوم تختی شاد #shorts #نون_خ,https://www.youtube.com/watch?v=yRJusy8vHVE
سریال حکایت‌های کمال 2 - قسمت 33 | Serial Hekayathaye Kamal 2 - Part 33,https://www.youtube.com/watch?v=4OpGQZyrsqc
سریال حکایت‌های کمال 2 - قسمت 32 | Serial Hekayathaye Kamal 2 - Part 32,https://www.youtube.com/watch?v=Oe25XEmQUUo
سریال حکایت‌های کمال 2 - قسمت 31 | Serial Hekayathaye Kamal 2 - Part 31,https://www.youtube.com/watch?v=6yAvFy_D4RA
فریاد با لب خاموش #shorts #نون_خ,https://www.youtube.com/watch?v=VLOgMBFWF3U
سریال حکایت‌های کمال 2 - قسمت 30 | Serial Hekayathaye Kamal 2 - Part 30,https://www.youtube.com/watch?v=4zl38HBmXpw
سریال حکایت‌های کمال 2 - قسمت 29 | Serial Hekayathaye Kamal 2 - Part 29,https://www.youtube.com/watch?v=FbV37dX4jAw
با زن من چیکار داری #shorts #نون_خ,https://www.youtube.com/watch?v=ucEl55I07nY
سریال حکایت‌های کمال 2 - قسمت 28 | Serial Hekayathaye Kamal 2 - Part 28,https://www.youtube.com/watch?v=AvDLFB26rG8
سریال حکایت‌های کمال 2 - قسمت 27 | Serial Hekayathaye Kamal 2 - Part 27,https://www.youtube.com/watch?v=hSw7qB9rUZE
زلزله که ترس نداره #shorts #نون_خ,https://www.youtube.com/watch?v=G1z_Ti5GzWo
سریال حکایت‌های کمال 2 - قسمت 26 | Serial Hekayathaye Kamal 2 - Part 26,https://www.youtube.com/watch?v=1jNhkLggPEc
سریال حکایت‌های کمال 2 - قسمت 25 | Serial Hekayathaye Kamal 2 - Part 25,https://www.youtube.com/watch?v=iIgo_DICvh0
سریال حکایت‌های کمال 2 - قسمت 24 | Serial Hekayathaye Kamal 2 - Part 24,https://www.youtube.com/watch?v=PE-AapwalzI
سریال حکایت‌های کمال 2 - قسمت 23 | Serial Hekayathaye Kamal 2 - Part 23,https://www.youtube.com/watch?v=RbI-88M2F4Q
سریال حکایت‌های کمال 2 - قسمت 22 | Serial Hekayathaye Kamal 2 - Part 22,https://www.youtube.com/watch?v=TDdRBpgSBqw
سریال حکایت‌های کمال 2 - قسمت 21 | Serial Hekayathaye Kamal 2 - Part 21,https://www.youtube.com/watch?v=K5vFESM6Snw
سریال حکایت‌های کمال 2 - قسمت 20 | Serial Hekayathaye Kamal 2 - Part 20,https://www.youtube.com/watch?v=hFt6Vzlo6cA
سریال حکایت‌های کمال 2 - قسمت 19 | Serial Hekayathaye Kamal 2 - Part 19,https://www.youtube.com/watch?v=sR5PmOB_naM
سریال حکایت‌های کمال 2 - قسمت 18 | Serial Hekayathaye Kamal 2 - Part 18,https://www.youtube.com/watch?v=sw4FLhPn6dU
سریال حکایت‌های کمال 2 - قسمت 17 | Serial Hekayathaye Kamal 2 - Part 17,https://www.youtube.com/watch?v=Ui9r-ca6lIM
سریال حکایت‌های کمال 2 - قسمت 16 | Serial Hekayathaye Kamal 2 - Part 16,https://www.youtube.com/watch?v=J2rcS7DrHcQ
سریال حکایت‌های کمال 2 - قسمت 15 | Serial Hekayathaye Kamal 2 - Part 15,https://www.youtube.com/watch?v=a2d6BDrANLs
سریال حکایت‌های کمال 2 - قسمت 14 | Serial Hekayathaye Kamal 2 - Part 14,https://www.youtube.com/watch?v=sAEn4YqIWCQ
سریال حکایت‌های کمال 2 - قسمت 13 | Serial Hekayathaye Kamal 2 - Part 13,https://www.youtube.com/watch?v=_s8hkPxw88M
سریال حکایت‌های کمال 2 - قسمت 12 | Serial Hekayathaye Kamal 2 - Part 12,https://www.youtube.com/watch?v=_y02HAv9Kg0
سریال حکایت‌های کمال 2 - قسمت 11 | Serial Hekayathaye Kamal 2 - Part 11,https://www.youtube.com/watch?v=YIZ7zFweglk
سریال حکایت‌های کمال 2 - قسمت 10 | Serial Hekayathaye Kamal 2 - Part 10,https://www.youtube.com/watch?v=za4UKiqtGlE
سریال حکایت‌های کمال 2 - قسمت 9 | Serial Hekayathaye Kamal 2 - Part 9,https://www.youtube.com/watch?v=TqbWmPlZ82w
سریال حکایت‌های کمال 2 - قسمت 8 | Serial Hekayathaye Kamal 2 - Part 8,https://www.youtube.com/watch?v=6sgxmviO04o
سریال حکایت‌های کمال 2 - قسمت 7 | Serial Hekayathaye Kamal 2 - Part 7,https://www.youtube.com/watch?v=Dx06fUESfho
سریال حکایت‌های کمال 2 - قسمت 6 | Serial Hekayathaye Kamal 2 - Part 6,https://www.youtube.com/watch?v=c8EUvyqYmOc
سریال حکایت‌های کمال 2 - قسمت 5 | Serial Hekayathaye Kamal 2 - Part 5,https://www.youtube.com/watch?v=GuXconf-x_0
سریال حکایت‌های کمال 2 - قسمت 4 | Serial Hekayathaye Kamal 2 - Part 4,https://www.youtube.com/watch?v=swGLj56ryjA
سریال حکایت‌های کمال 2 - قسمت 3 | Serial Hekayathaye Kamal 2 - Part 3,https://www.youtube.com/watch?v=VMWDCL_qljE
سریال حکایت‌های کمال 2 - قسمت 2 | Serial Hekayathaye Kamal 2 - Part 2,https://www.youtube.com/watch?v=GbOsfN73qh8
سریال حکایت‌های کمال 2 - قسمت 1 | Serial Hekayathaye Kamal 2 - Part 1,https://www.youtube.com/watch?v=AYvs6GdhFiU
دنباله مرد شایسته واسه دخترش میگرده #shorts,https://www.youtube.com/watch?v=iE38IAhfJhs
از ضرر کم استقبال میکنم #shorts,https://www.youtube.com/watch?v=l2pNlD4pTt4
قاضی به حرف رعیت گوش نمیده #shorts,https://www.youtube.com/watch?v=DUaz5-XUA6w
سریال جدید و پلیسی ناریا - قسمت 58 (قسمت آخر) | Serial Naria - Part 58,https://www.youtube.com/watch?v=UB59_VPjHus
سریال جدید و پلیسی ناریا - قسمت 57 | Serial Naria - Part 57,https://www.youtube.com/watch?v=NgyhwGwFy3w
سریال جدید و پلیسی ناریا - قسمت 56 | Serial Naria - Part 56,https://www.youtube.com/watch?v=tj-esXxcyuI
میخواد از خان شکایت کنه #shorts,https://www.youtube.com/watch?v=vd3pk4wUx-Q
سریال جدید و پلیسی ناریا - قسمت 55 | Serial Naria - Part 55,https://www.youtube.com/watch?v=qKzBwnsweQ8
سریال جدید و پلیسی ناریا - قسمت 54 | Serial Naria - Part 54,https://www.youtube.com/watch?v=JJ16anfihEA
سریال جدید و پلیسی ناریا - قسمت 53 | Serial Naria - Part 53,https://www.youtube.com/watch?v=5v_4Yn6ItWM
سریال جدید و پلیسی ناریا - قسمت 52 | Serial Naria - Part 52,https://www.youtube.com/watch?v=AUZ2gq4SNZE
سریال جدید و پلیسی ناریا - قسمت 51 | Serial Naria - Part 51,https://www.youtube.com/watch?v=ZZ8AhXCuAq4
سریال جدید و پلیسی ناریا - قسمت 50 | Serial Naria - Part 50,https://www.youtube.com/watch?v=fQGu6edlz8M
سریال جدید و پلیسی ناریا - قسمت 49 | Serial Naria - Part 49,https://www.youtube.com/watch?v=8Gk-jJiPz9U
سریال جدید و پلیسی ناریا - قسمت 48 | Serial Naria - Part 48,https://www.youtube.com/watch?v=p2XXoA8u8-o
سریال جدید و پلیسی ناریا - قسمت 47 | Serial Naria - Part 47,https://www.youtube.com/watch?v=zpadjnErdF8
این نقاط احتمال رسیدن به نفته #shorts,https://www.youtube.com/watch?v=ymYLUc8EaeE
سریال جدید و پلیسی ناریا - قسمت 46 | Serial Naria - Part 46,https://www.youtube.com/watch?v=39-F8pYAhBM
سریال جدید و پلیسی ناریا - قسمت 45 | Serial Naria - Part 45,https://www.youtube.com/watch?v=NSB_MPNUW_U
سریال جدید و پلیسی ناریا - قسمت 44 | Serial Naria - Part 44,https://www.youtube.com/watch?v=UP9J4UaNAaY
سریال جدید و پلیسی ناریا - قسمت 43 | Serial Naria - Part 43,https://www.youtube.com/watch?v=LUGzKQ0idUY
سریال جدید و پلیسی ناریا - خلاصه قسمتهای 37 تا 42 | Serial Naria - Part 37 - 42,https://www.youtube.com/watch?v=XVaZpS1ztOs
سریال جدید و پلیسی ناریا - قسمت 42 | Serial Naria - Part 42,https://www.youtube.com/watch?v=6f0HExmW3zc
سریال جدید و پلیسی ناریا - قسمت 41 | Serial Naria - Part 41,https://www.youtube.com/watch?v=5h_y3eUNacM
سفره بنداز میام بله بگیرم #shorts,https://www.youtube.com/watch?v=Kxrsn9HPoa4
سریال جدید و پلیسی ناریا - قسمت 40 | Serial Naria - Part 40,https://www.youtube.com/watch?v=KVR6ju4SJjM
سریال جدید و پلیسی ناریا - قسمت 39 | Serial Naria - Part 39,https://www.youtube.com/watch?v=yjG1m9y-jTM
سریال جدید و پلیسی ناریا - قسمت 38 | Serial Naria - Part 38,https://www.youtube.com/watch?v=-5RWL_08JdE
سریال جدید و پلیسی ناریا - قسمت 37 | Serial Naria - Part 37,https://www.youtube.com/watch?v=nPUKSjT-62A
سریال جدید و پلیسی ناریا - خلاصه قسمتهای 31 تا 36 | Serial Naria - Part 31- 36,https://www.youtube.com/watch?v=regcr1UEz9E
سریال جدید و پلیسی ناریا - قسمت 36 | Serial Naria - Part 36,https://www.youtube.com/watch?v=FjSEuvPfZLE
سریال جدید و پلیسی ناریا - قسمت 35 | Serial Naria - Part 35,https://www.youtube.com/watch?v=0vsBTeYZj8g
به مراسم جن گیری اعتراف کرد #shorts,https://www.youtube.com/watch?v=5bHOnk2Nu_E
سریال جدید و پلیسی ناریا - قسمت 34 | Serial Naria - Part 34,https://www.youtube.com/watch?v=ByjQ5dWNP10
سریال جدید و پلیسی ناریا - قسمت 33 | Serial Naria - Part 33,https://www.youtube.com/watch?v=QEElhc8bR_g
سریال جدید و پلیسی ناریا - قسمت 32 | Serial Naria - Part 32,https://www.youtube.com/watch?v=F9utSLFoIBA
سریال جدید و پلیسی ناریا - قسمت 31 | Serial Naria - Part 31,https://www.youtube.com/watch?v=E7qDu3MndA0
سریال جدید و پلیسی ناریا - خلاصه قسمتهای 25 تا 30 | Serial Naria - Part 25 - 30,https://www.youtube.com/watch?v=DibNzoQ2CMk
سریال جدید و پلیسی ناریا - قسمت 30 | Serial Naria - Part 30,https://www.youtube.com/watch?v=Nlp9VKF7eAk
سریال جدید و پلیسی ناریا - قسمت 29 | Serial Naria - Part 29,https://www.youtube.com/watch?v=-O7arOh7s4M
زنم اومده خواستگاری برای شوهرش #shorts,https://www.youtube.com/watch?v=sam8qmxgsVw
سریال جدید و پلیسی ناریا - قسمت 28 | Serial Naria - Part 28,https://www.youtube.com/watch?v=CGOueze84ZU
سریال جدید و پلیسی ناریا - قسمت 27 | Serial Naria - Part 27,https://www.youtube.com/watch?v=heZJZQAcO1Y
سریال جدید و پلیسی ناریا - قسمت 26 | Serial Naria - Part 26,https://www.youtube.com/watch?v=fM3c43fNkPE
سریال جدید و پلیسی ناریا - قسمت 25 | Serial Naria - Part 25,https://www.youtube.com/watch?v=17PNmt5lmN8
سریال جدید و پلیسی ناریا - خلاصه قسمتهای 19 تا 24 | Serial Naria - Part 19 - 24,https://www.youtube.com/watch?v=cAq-etQ6-2A
سریال جدید و پلیسی ناریا - قسمت 24 | Serial Naria - Part 24,https://www.youtube.com/watch?v=SSzfxUkHL4M
سریال جدید و پلیسی ناریا - قسمت 23 | Serial Naria - Part 23,https://www.youtube.com/watch?v=Pyj2appwhWo
کدخدا بهش دختر نمیده #shorts,https://www.youtube.com/watch?v=74eAbVLVzV4
سریال جدید و پلیسی ناریا - قسمت 22 | Serial Naria - Part 22,https://www.youtube.com/watch?v=_cAhLB-Zrm0
سریال جدید و پلیسی ناریا - قسمت 21 | Serial Naria - Part 21,https://www.youtube.com/watch?v=puTvC3bifs4
سریال جدید و پلیسی ناریا - قسمت 20 | Serial Naria - Part 20,https://www.youtube.com/watch?v=C6WNtfPWkaE
سریال جدید و پلیسی ناریا - قسمت 19 | Serial Naria - Part 19,https://www.youtube.com/watch?v=9M_tOxhAlDc
سریال جدید و پلیسی ناریا - خلاصه قسمتهای 13 تا 18 | Serial Naria - Part 13 - 18,https://www.youtube.com/watch?v=o0DgspH2CpA
سریال جدید و پلیسی ناریا - قسمت 18 | Serial Naria - Part 18,https://www.youtube.com/watch?v=g3iExoGEshk
سریال جدید و پلیسی ناریا - قسمت 17 | Serial Naria - Part 17,https://www.youtube.com/watch?v=hilIZIe7oXU
سریال جدید و پلیسی ناریا - قسمت 16 | Serial Naria - Part 16,https://www.youtube.com/watch?v=UfjJjWNs9Xk
سریال جدید و پلیسی ناریا - قسمت 15 | Serial Naria - Part 15,https://www.youtube.com/watch?v=YobWhuHTBIo
سریال جدید و پلیسی ناریا - قسمت 14 | Serial Naria - Part 14,https://www.youtube.com/watch?v=d_rAUykVVk0
سریال جدید و پلیسی ناریا - قسمت 13 | Serial Naria - Part 13,https://www.youtube.com/watch?v=JOTjYKYXPPQ
سریال جدید و پلیسی ناریا - خلاصه قسمتهای 7 تا 12 | Serial Naria - Part 7 - 12,https://www.youtube.com/watch?v=GijiFfFM0dM
سریال جدید و پلیسی ناریا - قسمت 12 | Serial Naria - Part 12,https://www.youtube.com/watch?v=tHm0WjAO0QY
سریال جدید و پلیسی ناریا - قسمت 11 | Serial Naria - Part 11,https://www.youtube.com/watch?v=dzx_IBtLNds
سریال جدید و پلیسی ناریا - قسمت 10 | Serial Naria - Part 10,https://www.youtube.com/watch?v=JKQVEmNxVdA
سریال جدید و پلیسی ناریا - قسمت 9 | Serial Naria - Part 9,https://www.youtube.com/watch?v=gXq43LHWngU
سریال جدید و پلیسی ناریا - قسمت 8 | Serial Naria - Part 8,https://www.youtube.com/watch?v=EFzi7k63Y3I
سریال جدید و پلیسی ناریا - قسمت 7 | Serial Naria - Part 7,https://www.youtube.com/watch?v=QtPodG3veoY
سریال جدید و پلیسی ناریا - خلاصه قسمتهای 1 تا 6 | Serial Naria - Part 1 - 6,https://www.youtube.com/watch?v=65ek4mGTWLY
سریال جدید و پلیسی ناریا - قسمت 6 | Serial Naria - Part 6,https://www.youtube.com/watch?v=FAMOVtbfCho
سریال جدید و پلیسی ناریا - قسمت 5 | Serial Naria - Part 5,https://www.youtube.com/watch?v=Rj5GRAdoOg0
سریال جدید و پلیسی ناریا - قسمت 4 | Serial Naria - Part 4,https://www.youtube.com/watch?v=1VojA0J7qgA
سریال جدید و پلیسی ناریا - قسمت 3 | Serial Naria - Part 3,https://www.youtube.com/watch?v=pDWFG6tlA6o
سریال جدید و پلیسی ناریا - قسمت 2 | Serial Naria - Part 2,https://www.youtube.com/watch?v=DgAzjBASSNA
سریال جدید و پلیسی ناریا - قسمت 1 | Serial Naria - Part 1,https://www.youtube.com/watch?v=2DWe03XGzI0
سریال جدید و پلیسی ناریا - تیزر | Serial Naria - Teaser,https://www.youtube.com/watch?v=4FmmxLaF9PE
سریال مرز - قسمت 6 (قسمت آخر) | Serial Marz - Part 6,https://www.youtube.com/watch?v=_pdfx3cgmW0
همین روزاست کل سازمان فضایی بریزه خونم #shorts,https://www.youtube.com/watch?v=T4KAPZkURDY
سریال مرز - قسمت 5 | Serial Marz - Part 5,https://www.youtube.com/watch?v=LBxeTFwhZgU
سریال مرز - قسمت 4 | Serial Marz - Part 4,https://www.youtube.com/watch?v=pHOS6yhUSzI
سریال مرز - قسمت 3 | Serial Marz - Part 3,https://www.youtube.com/watch?v=C9ujWStrt2s
نذری دکترا #shorts,https://www.youtube.com/watch?v=RIQjFvQKPn0
سریال مرز - قسمت 2 | Serial Marz - Part 2,https://www.youtube.com/watch?v=81KPAOIdSkI
سریال مرز - قسمت 1 | Serial Marz - Part 1,https://www.youtube.com/watch?v=lG8JSBCFUa0
دست رو خط قرمز من نذار #shorts,https://www.youtube.com/watch?v=-ocFa0BVKYg
تورامیسو چیه #shorts,https://www.youtube.com/watch?v=atYfbMf8-Mw
الان وقت محبت نیست #shorts,https://www.youtube.com/watch?v=-5Zr2Me5V_c
سریال جدید و کمدی بدل - قسمت 17 (قسمت آخر) | Serial Badal - Part 17,https://www.youtube.com/watch?v=-uMYnrMu8Yk
از خارج فقط بی ادبیشو یاد گرفته #shorts,https://www.youtube.com/watch?v=E6CmWu-bgrg
سریال جدید و کمدی بدل - قسمت 16 | Serial Badal - Part 16,https://www.youtube.com/watch?v=g-96Gvy8m-A
سریال جدید و کمدی بدل - قسمت 15 | Serial Badal - Part 15,https://www.youtube.com/watch?v=fmGZPHVS43U
منو تو چه خری هستیم که با وزیر کار داشته باشیم #shorts,https://www.youtube.com/watch?v=pdxnYtK9D_Q
سریال جدید و کمدی بدل - قسمت 14 | Serial Badal - Part 14,https://www.youtube.com/watch?v=4M6SsAHkK3o
سریال جدید و کمدی بدل - قسمت 13 | Serial Badal - Part 13,https://www.youtube.com/watch?v=SSspGl7twlw
سریال جدید و کمدی بدل - قسمت 12 | Serial Badal - Part 12,https://www.youtube.com/watch?v=VjEiivPR7rM
فیلم بابا رو پخش کردن #shorts,https://www.youtube.com/watch?v=mo0xYgW5yV4
سریال جدید و کمدی بدل - قسمت 11 | Serial Badal - Part 11,https://www.youtube.com/watch?v=Yj8x9LiKvoM
سریال جدید و کمدی بدل - قسمت 10 | Serial Badal - Part 10,https://www.youtube.com/watch?v=S_bSth5hFOw
دستگیری دکتر قلابی در سطح شهر #shorts,https://www.youtube.com/watch?v=kWwVh0dBafM
سریال جدید و کمدی بدل - قسمت 9 | Serial Badal - Part 9,https://www.youtube.com/watch?v=ej1z3LCEo8M
سوال داشتی یا دستشویی #shorts,https://www.youtube.com/watch?v=MKZIyu9zqZ8
سریال جدید و کمدی بدل - قسمت 8 | Serial Badal - Part 8,https://www.youtube.com/watch?v=C3JYiFQE9jg
سریال جدید و کمدی بدل - قسمت 7 | Serial Badal - Part 7,https://www.youtube.com/watch?v=i1SYvHFXEH0
سریال جدید و کمدی بدل - قسمت 6 | Serial Badal - Part 6,https://www.youtube.com/watch?v=Adr6JnFIlBU
قیافه دخترا تو دانشگاه با بیرونشون کلی فرق داره #shorts,https://www.youtube.com/watch?v=8Bh2JwDPktY
سریال جدید و کمدی بدل - قسمت 5 | Serial Badal - Part 5,https://www.youtube.com/watch?v=chQ5n_krFsQ
سریال جدید و کمدی بدل - قسمت 4 | Serial Badal - Part 4,https://www.youtube.com/watch?v=ffVCQ2x75MM
برای تحقیق پیش آدم اشتباهی رفت #shorts,https://www.youtube.com/watch?v=YMryj99Li5A
سریال جدید و کمدی بدل - قسمت 3 | Serial Badal - Part 3,https://www.youtube.com/watch?v=me54UeNAKh8
سریال جدید و کمدی بدل - قسمت 2 | Serial Badal - Part 2,https://www.youtube.com/watch?v=d-ikgWigzNA
سریال جدید و کمدی بدل - قسمت 1 | Serial Badal - Part 1,https://www.youtube.com/watch?v=QRziabOJ3rs
سریال جدید و کمدی بدل - تیزر | Serial Badal - Teaser,https://www.youtube.com/watch?v=Rng6LegFLKY
سریال دردسرهای شیرین - قسمت 5 | Serial Dardesarhaye Shirin (4K) - Part 5,https://www.youtube.com/watch?v=TwEJ13xnEQg
سریال دردسرهای شیرین - قسمت 4 | Serial Dardesarhaye Shirin (4K) - Part 4,https://www.youtube.com/watch?v=BA_jPaCqPNc
سریال دردسرهای شیرین - قسمت 3 | Serial Dardesarhaye Shirin (4K) - Part 3,https://www.youtube.com/watch?v=wXswnLnF6_s
سریال دردسرهای شیرین - قسمت 2 | Serial Dardesarhaye Shirin (4K) - Part 2,https://www.youtube.com/watch?v=rQog4Q_Z6Bg
سریال دردسرهای شیرین - قسمت 1 | Serial Dardesarhaye Shirin (4K) - Part 1,https://www.youtube.com/watch?v=o75vqpuP42w
سریال آقای قاضی 2 - پرونده پنجاهم - شکایت از خودروسازان (قسمت آخر) | Serial Aghaye Ghazi 2 - Full HD,https://www.youtube.com/watch?v=0iuhWUefpOA
سریال آقای قاضی 2 - پرونده چهل و نهم - تسبیب در ایراد صدمه بدنی | Serial Aghaye Ghazi 2 - Full HD,https://www.youtube.com/watch?v=q-t7Lp8OAYM
سریال آقای قاضی 2 - پرونده چهل و هشتم - کلاهبرداری | Serial Aghaye Ghazi 2 - Full HD,https://www.youtube.com/watch?v=PpaQk91pviQ
سریال آقای قاضی 2 - پرونده چهل و هفتم - نتیجه یک اعتماد کورکورانه | Serial Aghaye Ghazi 2 - Full HD,https://www.youtube.com/watch?v=_CdOo3fKdtk
سریال آقای قاضی 2 - پرونده چهل و ششم - اخاذی و کتک کاری | Serial Aghaye Ghazi 2 - Full HD,https://www.youtube.com/watch?v=yfbz5fQCMy0
سریال آقای قاضی 2 - پرونده چهل و پنجم - سرقت مقالات علمی | Serial Aghaye Ghazi 2 - Full HD,https://www.youtube.com/watch?v=m8aN0OKsXaE
سریال آقای قاضی 2 - پرونده چهل و سوم - آبیاری صیفی‌جات با فاضلاب | Serial Aghaye Ghazi 2 - Full HD,https://www.youtube.com/watch?v=pI46DaAjMPs
سریال آقای قاضی 2 - پرونده چهل و چهارم - نشر اکاذیب در فضای مجازی | Serial Aghaye Ghazi 2 - Full HD,https://www.youtube.com/watch?v=mDo3qwjX7wA
سریال آقای قاضی 2 - پرونده چهل و دوم - شکایت به اتهام قتل | Serial Aghaye Ghazi 2 - Full HD,https://www.youtube.com/watch?v=HHnOLiZHOMc
سریال آقای قاضی 2 - پرونده چهل و یکم - شکایت از معلم | Serial Aghaye Ghazi 2 - Full HD,https://www.youtube.com/watch?v=MabuGSB__Hw
سریال آقای قاضی 2 - پرونده سی و نهم - سرقت اموال و فروش مال سرقتی | Serial Aghaye Ghazi 2 - Full HD,https://www.youtube.com/watch?v=M2bBkTKCsaY
سریال آقای قاضی 2 - پرونده سی و هشتم - جادو جنبل زن برای همسر | Serial Aghaye Ghazi 2 - Full HD,https://www.youtube.com/watch?v=PLqShYFTM2Y
سریال آقای قاضی 2 - قسمت 1 - پرونده خودروسازان | Serial Aghaye Ghazi 2 - Full HD,https://www.youtube.com/watch?v=WL3sXZnrAqQ
سریال آقای قاضی 2 - پرونده سی و پنجم - ضرب و جرح | Serial Aghaye Ghazi 2 - Full HD,https://www.youtube.com/watch?v=T5ETtDiK2lw
سریال آقای قاضی 2 - پرونده سی و هفتم - سه شکایت در یک دادگاه | Serial Aghaye Ghazi 2 - Full HD,https://www.youtube.com/watch?v=TtKkhXIyXeU
سریال آقای قاضی 2 - پرونده چهلم - ضرب و جرح در روز تولد | Serial Aghaye Ghazi 2 - Part 41,https://www.youtube.com/watch?v=2L2Jz_13u9U
سریال آقای قاضی 2 - پرونده سی و چهارم - آدم ربایی | Serial Aghaye Ghazi 2 - Full HD,https://www.youtube.com/watch?v=tYTjazZr_-c
سریال آقای قاضی 2 - پرونده سی و دوم - فسخ معامله | Serial Aghaye Ghazi 2 - Full HD,https://www.youtube.com/watch?v=En02UV_HW5Y
سریال آقای قاضی 2 - پرونده سی و یکم - فروش مواد مخدر در قالب عطاری | Serial Aghaye Ghazi 2 - Full HD,https://www.youtube.com/watch?v=tnul792YXjw
سریال آقای قاضی 2 - پرونده سی ام - اجاره پارکینگ و ایجاد مزاحمت | Serial Aghaye Ghazi 2 - Full HD,https://www.youtube.com/watch?v=zbxT0gJ3e8Y
سریال داوران - یک کلمه قشنگ (بخش دوم) - قسمت آخر | Serial Davaran - Part 14,https://www.youtube.com/watch?v=n4nnqsoNrsw
سریال آقای قاضی 2 - پرونده بیست و هفتم - حضانت فرزند بد سرپرست | Serial Aghaye Ghazi 2 - Full HD,https://www.youtube.com/watch?v=WFTM4bbM-5w
سریال داوران - یک کلمه قشنگ (بخش اول) | Serial Davaran - Part 13,https://www.youtube.com/watch?v=ZFzif3ic6nM
سریال آقای قاضی 2 - پرونده بیست و هشتم - درخواست ابطال سند رسمی | Serial Aghaye Ghazi 2 - Full HD,https://www.youtube.com/watch?v=axf2h8W9jYQ
سریال داوران - مخفیانه (بخش دوم) | Serial Davaran - Part 12,https://www.youtube.com/watch?v=DhNrR1YEkyM
سریال آقای قاضی 2 - پرونده بیست و پنجم - شکایت از مدیر مدرسه | Serial Aghaye Ghazi 2 - Full HD,https://www.youtube.com/watch?v=0BpIDQBay7M
سریال داوران - مخفیانه (بخش اول) | Serial Davaran - Part 11,https://www.youtube.com/watch?v=HZshhvpUh5c
سریال آقای قاضی 2 - پرونده بیست و چهارم - تسبیب در ایراد صدمه بدنی | Serial Aghaye Ghazi 2 - Full HD,https://www.youtube.com/watch?v=aErHNJ_drK0
سریال داوران - عکس یادگاری (بخش دوم) | Serial Davaran - Part 10,https://www.youtube.com/watch?v=Apzm-JDjNZA
سریال آقای قاضی 2 - پرونده بیست و دوم - خرید زمین توسط آقازاده ها | Serial Aghaye Ghazi 2 - Full HD,https://www.youtube.com/watch?v=bdhPEqFouik
سریال داوران - عکس یادگاری (بخش اول) | Serial Davaran - Part 9,https://www.youtube.com/watch?v=uGiWnA_-8dM
سریال آقای قاضی 2 - پرونده بیست و یکم - ابطال سند رسمی | Serial Aghaye Ghazi 2 - Full HD,https://www.youtube.com/watch?v=8KvmPa2sCrw
سریال داوران - روز مبادا (بخش دوم) | Serial Davaran - Part 8,https://www.youtube.com/watch?v=fgBo9fDEmrc
سریال آقای قاضی 2 - پرونده نوزدهم - نشر اکاذیب | Serial Aghaye Ghazi 2 - Full HD,https://www.youtube.com/watch?v=Lk5OzHsVs40
سریال داوران - روز مبادا (بخش اول) | Serial Davaran - Part 7,https://www.youtube.com/watch?v=7Rgg4UUO2jY
سریال آقای قاضی 2 - پرونده هجدهم - مطالبه ارثیه | Serial Aghaye Ghazi 2 - Full HD,https://www.youtube.com/watch?v=ULCxeaoa6Os
سریال داوران - دورترها (بخش دوم) | Serial Davaran - Part 6,https://www.youtube.com/watch?v=3S3ISZgFD4A
سریال آقای قاضی 2 - پرونده هفدهم - فروش مال غیر | Serial Aghaye Ghazi 2 - Full HD,https://www.youtube.com/watch?v=FMMni6W-LXU
سریال داوران - دورترها (بخش اول) | Serial Davaran - Part 5,https://www.youtube.com/watch?v=djAr3Y8iAd4
سریال آقای قاضی 2 - پرونده پانزدهم - مطالبه بانک بابت اصل وسود وام | Serial Aghaye Ghazi 2 - Full HD,https://www.youtube.com/watch?v=BxVR2ZTLU2A
سریال داوران - جایی همین نزدیکی (بخش دوم) | Serial Davaran - Part 4,https://www.youtube.com/watch?v=zJY2O3GYGlA
سریال آقای قاضی 2 - پرونده چهاردهم - تهدید علیه بهداشت عمومی | Serial Aghaye Ghazi 2 - Full HD,https://www.youtube.com/watch?v=2HOtPRZ698k
سریال داوران - جایی همین نزدیکی (بخش اول) | Serial Davaran - Part 3,https://www.youtube.com/watch?v=5cZPocQp8Co
سریال آقای قاضی 2 - پرونده دوازدهم - ترخیص ماشین از گمرک | Serial Aghaye Ghazi 2 - Full HD,https://www.youtube.com/watch?v=y_Pi2tew2Hc
سریال داوران - آخرین دیدار (بخش دوم) | Serial Davaran - Part 2,https://www.youtube.com/watch?v=JyRXT-xVOEQ
سریال آقای قاضی 2 - پرونده دهم - افشای اسرار خصوصی | Serial Aghaye Ghazi 2 - Full HD,https://www.youtube.com/watch?v=dCaqWK-7tIY
سریال داوران - آخرین دیدار (بخش اول) | Serial Davaran - Part 1,https://www.youtube.com/watch?v=gGcsVsZz-V0
سریال آقای قاضی 2 - پرونده نهم - عرضه و پخش شعر بدون اجازه شاعر | Serial Aghaye Ghazi 2 - Full HD,https://www.youtube.com/watch?v=V0GfHpF_M0k
سریال آقای قاضی 2 - پرونده هشتم - حضانت فرزند | Serial Aghaye Ghazi 2 - Full HD,https://www.youtube.com/watch?v=xr3EGQAUb6I
سریال آقای قاضی 2 - پرونده ششم - مطالبه خسارت | Serial Aghaye Ghazi 2 - Full HD,https://www.youtube.com/watch?v=GkARCmOF1gM
سریال آقای قاضی 2 - پرونده پنجم - ایراد صدمه بدنی عمدی | Serial Aghaye Ghazi 2 - Full HD,https://www.youtube.com/watch?v=aTj7JZwrW6A
کد ملی رو بده آقای قاضی رو عصبانی نکن #shorts,https://www.youtube.com/watch?v=lxoF30BAS28
سریال آقای قاضی 2 - پرونده چهارم - انتشار تصویر بدون اجازه | Serial Aghaye Ghazi 2 - Full HD,https://www.youtube.com/watch?v=CuIymYyq2IM
سریال آقای قاضی 2 - پرونده سوم - جعل امضا و سوءاستفاده از محل کار | Serial Aghaye Ghazi 2 - Full HD,https://www.youtube.com/watch?v=TTHWcuWMNN8
سریال آقای قاضی 2 - پرونده دوم - مطالبه هدایای زمان ازدواج | Serial Aghaye Ghazi 2 - Full HD,https://www.youtube.com/watch?v=s2z0Mo1uPpg
به جرم فحاشی و عربده کشی دستگیر شده #shorts,https://www.youtube.com/watch?v=ASQFKc7V5q4
سریال آقای قاضی 2 - پرونده بیست و نهم - کلاهبرداری مربی موسیقی | Serial Aghaye Ghazi 2 - Full HD,https://www.youtube.com/watch?v=RHC-PJl1bLQ
سریال آقای قاضی 2 - پرونده هفتم - کلاهبرداری | Serial Aghaye Ghazi 2 - Full HD,https://www.youtube.com/watch?v=8ACJsp7VKZ0
مچ گیری به سبک آقای قاضی #shorts,https://www.youtube.com/watch?v=R7Xy02Bh7ME
سریال آقای قاضی 2 - پرونده اول - فساد در فوتبال | Serial Aghaye Ghazi 2 - Full HD,https://www.youtube.com/watch?v=7myqwNXol-g
سریال آقای قاضی 2 - پرونده سی و ششم - مطالبه افت قیمت ماشین | Serial Aghaye Ghazi 2 - Part 37,https://www.youtube.com/watch?v=2t1MWvoE4bg
بدون تمرین میشه رفت کنسرت اجرا کرد؟ #shorts,https://www.youtube.com/watch?v=ycX_XO2Oj80
سریال آقای قاضی 1 - پشت بام، مرخصی زایمان (قسمت آخر) | Serial Aghaye Ghazi 1 - Part 42,https://www.youtube.com/watch?v=TWYjsf2DhFE
سریال آقای قاضی 2 - پرونده سی و سوم - درخواست تنظیم سند | Serial Aghaye Ghazi 2 - Full HD,https://www.youtube.com/watch?v=UY2KXlawiOc
سریال آقای قاضی 2 - پشت صحنه 2 | Serial Aghaye Ghazi 2 - Backstage 2,https://www.youtube.com/watch?v=RhTdN0xdcx8
سریال آقای قاضی 1 - هوای آلوده، تصادف با شتر | Serial Aghaye Ghazi 1 - Part 41,https://www.youtube.com/watch?v=TlyfkWMXSkc
سریال آقای قاضی 2 - پرونده بیست و سوم - شکایت از مصرف بی رویه برق | Serial Aghaye Ghazi 2 - Full HD,https://www.youtube.com/watch?v=5vbVRLOOW98
سریال آقای قاضی 2 - پشت صحنه 1 | Serial Aghaye Ghazi 2 - Backstage 1,https://www.youtube.com/watch?v=lb-GUAXM87Q
سریال آقای قاضی 1 - فریبکاری در ازدواج، دزد طلبکار | Serial Aghaye Ghazi 1 - Part 40,https://www.youtube.com/watch?v=tGW8AizB2jg
سریال آقای قاضی 2 - پرونده یازدهم - کلاهبرداری از مراسم ترحیم | Serial Aghaye Ghazi 2 - Full HD,https://www.youtube.com/watch?v=A1NkjxgoJck
جمله انگیزشی به قیمت 100 دلار #shorts,https://www.youtube.com/watch?v=WPwUQjLOruQ
سریال آقای قاضی 1 - عدم تمکین، آقای زرنگ | Serial Aghaye Ghazi 1 - Part 39,https://www.youtube.com/watch?v=Hk_5vuBRkuw
سریال آقای قاضی 2 - پرونده شانزدهم - قتل شبه عمد | Serial Aghaye Ghazi 2 - Full HD,https://www.youtube.com/watch?v=4Uq-H8CdkF0
سریال آقای قاضی 1 - تصادف با خواستگار، چپ‌فروش | Serial Aghaye Ghazi 1 - Part 38,https://www.youtube.com/watch?v=9eyWsYlIRxQ
توجیه نکن آقای قاضی فهمید دروغگویی! #shorts,https://www.youtube.com/watch?v=lNE8olxKwAY
سریال آقای قاضی 1 - پاراگلایدر، اختلال دوگانگی شخصیت | Serial Aghaye Ghazi 1 - Part 37,https://www.youtube.com/watch?v=EnhQgEUWFMk
سریال آقای قاضی 1 - عاشق تقلبی، عابر بانک | Serial Aghaye Ghazi 1 - Part 36,https://www.youtube.com/watch?v=ggIuKto31M8
ضایع شدن به دست آقای قاضی #shorts,https://www.youtube.com/watch?v=-r4aOpKRNNM
سریال آقای قاضی 1 - عهد فراموش شده، راه باز جاده دراز | Serial Aghaye Ghazi 1 - Part 35,https://www.youtube.com/watch?v=-l_EtofUFtk
اقای قاضی میگه جان ولی جون نه! #shorts,https://www.youtube.com/watch?v=RJD6ZPrg2JI
سریال آقای قاضی 1 - وسواس وایتکس، قبل از ورود در بزنید | Serial Aghaye Ghazi 1 - Part 34,https://www.youtube.com/watch?v=yyRqFKnd0pM
سریال آقای قاضی 1 - توقیف فرغون، خرید جهیزیه از بانه | Serial Aghaye Ghazi 1 - Part 33,https://www.youtube.com/watch?v=IXjtwY1Avwg
سریال آقای قاضی 2 - پرونده بیستم - کلاهبرداری از تبعه افغانی | Serial Aghaye Ghazi 2 - Full HD,https://www.youtube.com/watch?v=YBmDcXXyj8A
برای بچت هزینه کردی از من مواخذه میخوای؟ #shorts,https://www.youtube.com/watch?v=tl63UJg2aV4
سریال آقای قاضی 1 - از چاله به چاه، یادگار دادگاه | Serial Aghaye Ghazi 1 - Part 32,https://www.youtube.com/watch?v=6mXImxBv5T8
سریال آقای قاضی 1 - فامیل دور، اتلاف درخت | Serial Aghaye Ghazi 1 - Part 31,https://www.youtube.com/watch?v=OzZN_PXG68A
کاش ما هم یک تراپیست داشتیم بهمون میگفت پاشو برو خارج #shorts,https://www.youtube.com/watch?v=4_4c2FBJioE
سریال آقای قاضی 2 - پرونده سیزدهم - مطالبه حق و حقوق و سنوات | Serial Aghaye Ghazi 2 - Full HD,https://www.youtube.com/watch?v=BSBPKqK-et0
من فکر میکردم باید بابامو از خونه مینداختم بیرون #shorts,https://www.youtube.com/watch?v=4rchE4rPlKg
سریال آقای قاضی 2 - پرونده بیست و ششم - مجازات برای مدیران دولتی | Serial Aghaye Ghazi 2 - Full HD,https://www.youtube.com/watch?v=x9KQLn3UlQs
سریال آقای قاضی 1 - دزدی سفته، دفتر کاریابی در آپارتمان مسکونی | Serial Aghaye Ghazi 1 - Part 30,https://www.youtube.com/watch?v=OgKWzoikHF4
ازش چقدر پول گرفتی #shorts,https://www.youtube.com/watch?v=OqwK15OiAS0
سریال آقای قاضی 1 - کتاب گمشده، اورژانس | Serial Aghaye Ghazi 1 - Part 29,https://www.youtube.com/watch?v=M63ob9IRKDo
سریال آقای قاضی 1 - نمک دست، مقاله‌فروش | Serial Aghaye Ghazi 1 - Part 28,https://www.youtube.com/watch?v=P94D_5guYKg
حال تورو درک میکنم اما اینکه تو کارم دخالت میکنی رو درک نمیکنم #shorts,https://www.youtube.com/watch?v=sXesA4WTlBU
سریال آقای قاضی 1 - بدهکار یا طلبکار؟، وصیت جعلی | Serial Aghaye Ghazi 1 - Part 27,https://www.youtube.com/watch?v=tLC6SS7HlDE
گوشت باید دولتی فروخته میشده نه آزاد #shorts,https://www.youtube.com/watch?v=4ABXLgTyRmo
سریال آقای قاضی 1 - جای پارک، مدل خردسال | Serial Aghaye Ghazi 1 - Part 26,https://www.youtube.com/watch?v=RHwsrfBdvMY
سریال آقای قاضی 1 - سودای سیمرغ، سرقت فیلم‌نامه | Serial Aghaye Ghazi 1 - Part 25,https://www.youtube.com/watch?v=3VuhvE7IDdU
شما پشت مدیرانید یا کارمند متخلف #shorts,https://www.youtube.com/watch?v=8qDnztKzd9Q
سریال آقای قاضی 1 - تتوی شهلا، تنها در بیابان | Serial Aghaye Ghazi 1 - Part 24,https://www.youtube.com/watch?v=215BVs3X3xg
سریال آقای قاضی 1 - سقط مخفیانه، خوک | Serial Aghaye Ghazi 1 - Part 23,https://www.youtube.com/watch?v=Lf0Tsqje5lY
مگه داری تجارت میکنی؟ اینا مریضتن یا کالا؟  #shorts,https://www.youtube.com/watch?v=LG1DeGkPcfI
سریال آقای قاضی 1 - تحصیل، شاید وقتی دیگر، ممنوع‌الخروج | Serial Aghaye Ghazi 1 - Part 22,https://www.youtube.com/watch?v=dcZ7r-IB_WE
وقتی قاضی وسط دادگاه حوصلش سر میره #shorts,https://www.youtube.com/watch?v=5zAtpK4F5hc
سریال آقای قاضی 1 - مافیای فوتبال، افشای عکس‌های خصوصی | Serial Aghaye Ghazi 1 - Part 21,https://www.youtube.com/watch?v=j4R0nMTUo4g
سریال آقای قاضی 1 - کیک دوبه‌هم‌زن، گدای میلیون دلاری | Serial Aghaye Ghazi 1 - Part 20,https://www.youtube.com/watch?v=xvhiFxkhYkc
با این حجم برق مصرفی صد در صد داشتی ارز دیجیتال تولید میکردی  #shorts,https://www.youtube.com/watch?v=kaqa2NPur8I
سریال آقای قاضی 1 - قتل در ایستگاه، در نبود رئیس | Serial Aghaye Ghazi 1 - Part 19,https://www.youtube.com/watch?v=U021akpEblU
سریال آقای قاضی 1 - چک صد سال بعد، اجاره کرونایی | Serial Aghaye Ghazi 1 - Part 18,https://www.youtube.com/watch?v=2EpOS-uVg88
به اتهام تولید رمز ارز بردنش زندان  #shorts,https://www.youtube.com/watch?v=_EmlUJH4Q40
سریال آقای قاضی 1 - رستوران بین راه، دعوا سر نخواستن پسرک | Serial Aghaye Ghazi 1 - Part 17,https://www.youtube.com/watch?v=cgZvgRfRBNs
4ساعت یکسره برق نداریم  #shorts,https://www.youtube.com/watch?v=WjlDhfFWHcQ
سریال آقای قاضی 1 - در آرزوی دندان، آب قطعه | Serial Aghaye Ghazi 1 - Part 16,https://www.youtube.com/watch?v=fVZZXBZLlB8
سریال آقای قاضی 1 - دزدی بدون گواهینامه، نه یعنی نه | Serial Aghaye Ghazi 1 - Part 15,https://www.youtube.com/watch?v=HOzeY5WK8C4
به قاضی بگو اگه حکم رو عوض نکنه سر ماه باید خونه رو تخلیه کنه #shorts,https://www.youtube.com/watch?v=__59CFpcn7o
سریال آقای قاضی 1 - کرایه پورشه، تعصب | Serial Aghaye Ghazi 1 - Part 14,https://www.youtube.com/watch?v=zi8YgDuhseU
سریال آقای قاضی 1 - سلب حضانت، آپارتمان گل و بلبل | Serial Aghaye Ghazi 1 - Part 13,https://www.youtube.com/watch?v=ThoRzXUkvWM
گاو و گوسفندهات رو میفروختی بخت دخترت باز میشد  #shorts,https://www.youtube.com/watch?v=R0980XMs4DU
سریال آقای قاضی 1 - تصادف ساختگی، دزدان شاکی | Serial Aghaye Ghazi 1 - Part 12,https://www.youtube.com/watch?v=_IxTHxTU6EQ
وقتی یک آقازاده قاضی رو تو دادگاه تهدید میکنه #shorts,https://www.youtube.com/watch?v=RhlwLm_-Oxo
سریال آقای قاضی 1 - مأمور قلابی، برق گرفتگی کودک | Serial Aghaye Ghazi 1 - Part 11,https://www.youtube.com/watch?v=je1VYWKBcIQ
سریال آقای قاضی 1 - ارث و آلزایمر، دزد اختراع | Serial Aghaye Ghazi 1 - Part 10,https://www.youtube.com/watch?v=ckXq0p6mhs0
متهم به قاضی میگه من تو رو به خاک سیاه میشونم   #shorts,https://www.youtube.com/watch?v=VM0Lz3Ru0y4
سریال آقای قاضی 1 - دست‌خط دکتر، بزرگی و کوچکی | Serial Aghaye Ghazi 1 - Part 9,https://www.youtube.com/watch?v=ZS9qOWh4nQE
سریال آقای قاضی 1 - ویلای دکتر، ملک نامزد سابق | Serial Aghaye Ghazi 1 - Part 8,https://www.youtube.com/watch?v=XgdAi7xfsik
کلاهبرداری از اتباع  #shorts,https://www.youtube.com/watch?v=_xwSB7RfYCs
سریال آقای قاضی 1 - شریک گمشده، مال‌خری با رمز ارز | Serial Aghaye Ghazi 1 - Part 7,https://www.youtube.com/watch?v=2mG8WtWyiEs
یا خودت رو کنترل میکنی یا من کنترلت میکنم  #shorts,https://www.youtube.com/watch?v=FqrFoyOKRPU
سریال آقای قاضی 1 - آزار در تاکسی اینترنتی، سارق جهیزیه | Serial Aghaye Ghazi 1 - Part 6,https://www.youtube.com/watch?v=8ReFSmCb6hI
سریال آقای قاضی 1 - نوبت آب، حمله‌ سگ | Serial Aghaye Ghazi 1 - Part 5,https://www.youtube.com/watch?v=G_qH5t0r3IE
بخاطر بلایی که این بیشرف سر زنم آورده، خانمم فوبیای تنهایی داره  #shorts,https://www.youtube.com/watch?v=8bx4mAio8wo
سریال آقای قاضی 1 - مرگ مهندس، دزد دلار | Serial Aghaye Ghazi 1 - Part 4,https://www.youtube.com/watch?v=8S9x6IfdD-k
سریال آقای قاضی 1 - دست‌کاری پلاک، معامله‌ ملک توقیفی | Serial Aghaye Ghazi 1 - Part 3,https://www.youtube.com/watch?v=cu4FNCQ5C7M
اجازه نمیدم چون افغانیه بهش توهین کنی  #shorts,https://www.youtube.com/watch?v=LxuLFVHNJTU
سریال آقای قاضی 1 - کتک‌کاری مدیر بانک، مزاحمت برای خانم مستأجر | Serial Aghaye Ghazi 1 - Part 2,https://www.youtube.com/watch?v=e76pAX6plTY
میخواستم یکسال حبس بهت بدم  #shorts,https://www.youtube.com/watch?v=gY6_BBSPFQc
سریال آقای قاضی 1 - طلای گمشده، فروش مشاعات | Serial Aghaye Ghazi 1 - Part 1,https://www.youtube.com/watch?v=YPZO1rEe3YA
غلط کردم آقای قاضی  #shorts,https://www.youtube.com/watch?v=2P6R9pIDVD4
نذار دهنم باز بشه استاد  #shorts,https://www.youtube.com/watch?v=az_niqE661E
اومدم ارثم رو از بچه هام بگیرم   #shorts,https://www.youtube.com/watch?v=AlvBp0Qv2LE
شما با پزشکای این مملکت مشکلی داری آقای قاضی؟  #shorts,https://www.youtube.com/watch?v=tSCvX4dbiss
فحش داد، قاضی عصبانی شد #shorts,https://www.youtube.com/watch?v=t800EaRC2b4
من حرف شما و فقه رو قبول ندارم آقای قاضی #shorts,https://www.youtube.com/watch?v=FM6X1_rnhBg
مبالغه در وضعیت بیمار تخلفه   #shorts,https://www.youtube.com/watch?v=vOAOuOPAIdc
آقای قاضی: مراقب حرف زدنت باش خانم وکیل، کلامون میره تو هم  #shorts,https://www.youtube.com/watch?v=o1nTJPUgB7c
پلمپ بیمارستان بخاطر مصرف داروی تاریخ مصرف گذشته #shorts,https://www.youtube.com/watch?v=PLDI5MWq6fE
به قاضی میگه تو بهتر میدونی یا من #shorts,https://www.youtube.com/watch?v=sc2A3Ufek10
رئیس بیمارستان اتاق عمل رو اجاره میده   #shorts,https://www.youtube.com/watch?v=C9CQJdiyT-U
به قاضی میگه رفتارت بچگانست  #shorts,https://www.youtube.com/watch?v=xDpySGWAOLI
سرمی که به بیماراتون تزریق میکنید مال 9 سال قبله #shorts,https://www.youtube.com/watch?v=au94SEgLYXY
استفاده از داروهای تاریخ مصرف گذشته در بیمارستان معروف تهران #shorts,https://www.youtube.com/watch?v=HKs3Td79IWI
سکانس حذف شده قسمت 28 - سریال آقای قاضی 2,https://www.youtube.com/watch?v=vdolgexpRjk
درکنار پزشکی، ساخت و ساز هم میکنم #shorts,https://www.youtube.com/watch?v=jCrGFQyauN8
هفت شکایت از یک بیمارستان  #shorts,https://www.youtube.com/watch?v=JzYZPDu7mPE
ماشین صدمیلیاردی آقای فوتبالیست #shorts,https://www.youtube.com/watch?v=ozKYkzc5kXk
مجوز واردات خودروهای لوکس به فوتبالیست ها  #shorts,https://www.youtube.com/watch?v=aYLc55D8zro
2 سال حبس بابت تهدید #shorts,https://www.youtube.com/watch?v=QKeewKd2pWU
اون خانم بازیگر همسر منه، به دلایلی نخواستم رسانه ای بشه #shorts,https://www.youtube.com/watch?v=fzOCXw12Ofo
روش کثیف برای عصبی کردن #shorts,https://www.youtube.com/watch?v=10c0yv2QXJ4
حکم زندان خواننده معروف بخاطر سرقت ادبی  #shorts,https://www.youtube.com/watch?v=xSs359GrdIw
وقتی به زنت زور بگی، قاضی هم بهت زور میگه  #shorts,https://www.youtube.com/watch?v=yqjNemT5LGI
سکانس حذف شده قسمت 23 - سریال آقای قاضی 2,https://www.youtube.com/watch?v=wQt_Odl6dSA
خود آدم هزارتا درد بگیره ولی برای بچه آدم اتفاقی نیفته  #shorts,https://www.youtube.com/watch?v=9yRzIi8NxYc
راست میگن دادگاه همیشه پشت خانومهاست  #shorts,https://www.youtube.com/watch?v=7H-HqMin_Oc
لیاقت نگه داشتن بچه من رو نداره #shorts,https://www.youtube.com/watch?v=eVqD00gFoIc
نذاشت مهر طلاقمون خشک بشه، رفت زن گرفت #shorts,https://www.youtube.com/watch?v=I_7jGOu9xJY
به هیچ هنوان نمیشه ولایت پدر رو سلب کرد  #shorts,https://www.youtube.com/watch?v=KxQWg8MQWA4
از این به بعد شب و روزت میشه همستر #shorts,https://www.youtube.com/watch?v=DLcVt9Sqskk
بچش رو تو دادگاه میزنه #shorts,https://www.youtube.com/watch?v=rzJbgvnvoAc
سیصد میلیون پول بابات رو تو سایت شرط بندی به باد دادی #shorts,https://www.youtube.com/watch?v=rbgUA0B1x10
پلیس فتا حواسش به همه چیز هست #shorts,https://www.youtube.com/watch?v=i5j_1VujQYg
موی سفید برای من خیلی ارزش داره #shorts,https://www.youtube.com/watch?v=x4HPDygPoKA
شکایت از مدیر ساختمون #shorts,https://www.youtube.com/watch?v=HITs8qDg9EA
من میشم وکیل شماها، حقتون رو از ماماناتون میگیرم  #shorts,https://www.youtube.com/watch?v=DutG31Pbpo0
کودک آزاری توسط پرستار بچه #shorts,https://www.youtube.com/watch?v=ieuEj3uf6uw
از محل کار قبلیت بخاطر کودک آزاری اخراج شدی #shorts,https://www.youtube.com/watch?v=fo7mceoIKNk
دیگه کسی بخاطر هیکلم بهم زن نمیده  #shorts,https://www.youtube.com/watch?v=MNaXBNeVDQE
وقتی راجع به زن صحبت میکنی باید حواست به چیزی که میگی باشه #shorts,https://www.youtube.com/watch?v=Eb9sUY8MxjY
شما الان بین المللی آبروت رفته  #shorts,https://www.youtube.com/watch?v=fFtTwinj7NI
امروز یک خانم میخواست تف کنه تو صورتم #shorts,https://www.youtube.com/watch?v=wDUiBDvtfkE
به قاضی میگه بنظرم یکبار دیگه کتاب قانون رو بخون #shorts,https://www.youtube.com/watch?v=JT2F7E_DS_U
وکیل خوب نعمته #shorts,https://www.youtube.com/watch?v=6DqxnUeYvN4
72 میلیون برای فیلم و عکس عروسی #shorts,https://www.youtube.com/watch?v=uFd1tboKt2g
نمیتونی کارآموز استخدام کنی حقوق ندی #shorts,https://www.youtube.com/watch?v=72yGv7cBDxg
قاضی رو تو دادگاه با اسم کوچیک صدا میزنه #shorts,https://www.youtube.com/watch?v=dIFN9I1AWzI
سریال بیست کووید - قسمت 29 (قسمت آخر) | Serial Bist CoVd - Part 29,https://www.youtube.com/watch?v=yBTQOV-cRqQ
سریال بیست کووید - قسمت 28 | Serial Bist CoVd - Part 28,https://www.youtube.com/watch?v=lfPV_D9ZPtU
سریال بیست کووید - قسمت 27 | Serial Bist CoVd - Part 27,https://www.youtube.com/watch?v=V2_BzHKEK_M
سریال بیست کووید - قسمت 26 | Serial Bist CoVd - Part 26,https://www.youtube.com/watch?v=HNzOAffb4x4
سریال بیست کووید - قسمت 25 | Serial Bist CoVd - Part 25,https://www.youtube.com/watch?v=RUvjHt_nGAE
سریال بیست کووید - قسمت 24 | Serial Bist CoVd - Part 24,https://www.youtube.com/watch?v=0metfbVu5OQ
سریال بیست کووید - قسمت 23 | Serial Bist CoVd - Part 23,https://www.youtube.com/watch?v=nRY50yYJ70A
سریال بیست کووید - قسمت 22 | Serial Bist CoVd - Part 22,https://www.youtube.com/watch?v=Ed_6BEP-0o0
سریال بیست کووید - قسمت 21 | Serial Bist CoVd - Part 21,https://www.youtube.com/watch?v=hSguPnvzWd8
سریال بیست کووید - قسمت 20 | Serial Bist CoVd - Part 20,https://www.youtube.com/watch?v=MGMG9mjNiaw
سریال بیست کووید - قسمت 19 | Serial Bist CoVd - Part 19,https://www.youtube.com/watch?v=7MZi1Tz2r10
سریال بیست کووید - قسمت 18 | Serial Bist CoVd - Part 18,https://www.youtube.com/watch?v=f-oJcQiC6QQ
سریال بیست کووید - قسمت 17 | Serial Bist CoVd - Part 17,https://www.youtube.com/watch?v=l5FFfh5g1DQ
سریال بیست کووید - قسمت 16 | Serial Bist CoVd - Part 16,https://www.youtube.com/watch?v=LtoIeXXqJpo
سریال بیست کووید - قسمت 15 | Serial Bist CoVd - Part 15,https://www.youtube.com/watch?v=BfvjFnlgVPM
سریال بیست کووید - قسمت 14 | Serial Bist CoVd - Part 14,https://www.youtube.com/watch?v=ZsPyvrzT7_I
سریال بیست کووید - قسمت 13 | Serial Bist CoVd - Part 13,https://www.youtube.com/watch?v=dXzeiyxNa9g
سریال بیست کووید - قسمت 12 | Serial Bist CoVd - Part 12,https://www.youtube.com/watch?v=d9STMxe0F6Q
سریال بیست کووید - قسمت 11 | Serial Bist CoVd - Part 11,https://www.youtube.com/watch?v=Ru4ax7aHFGM
سریال بیست کووید - قسمت 10 | Serial Bist CoVd - Part 10,https://www.youtube.com/watch?v=GwWyoTmqSMs
سریال بیست کووید - قسمت 9 | Serial Bist CoVd - Part 9,https://www.youtube.com/watch?v=-8UsI_b2v1U
سریال بیست کووید - قسمت 8 | Serial Bist CoVd - Part 8,https://www.youtube.com/watch?v=oQFf75pBgUw
سریال بیست کووید - قسمت 7 | Serial Bist CoVd - Part 7,https://www.youtube.com/watch?v=A7Rr2007FiY
سریال بیست کووید - قسمت 6 | Serial Bist CoVd - Part 6,https://www.youtube.com/watch?v=d2n7tMEu4dA
سریال بیست کووید - قسمت 5 | Serial Bist CoVd - Part 5,https://www.youtube.com/watch?v=vht0bmFkocQ
سریال بیست کووید - قسمت 4 | Serial Bist CoVd - Part 4,https://www.youtube.com/watch?v=391dXDdJrGE
سریال بیست کووید - قسمت 3 | Serial Bist CoVd - Part 3,https://www.youtube.com/watch?v=AZHHlCTSZJ8
سریال بیست کووید - قسمت 2 | Serial Bist CoVd - Part 2,https://www.youtube.com/watch?v=0tDkppgBuMA
سریال بیست کووید - قسمت 1 | Serial Bist CoVd - Part 1,https://www.youtube.com/watch?v=CdlqFNshcrE
سریال به سوی خوشبختی - قسمت 13 (قسمت آخر) | Serial Be Suye Khoshbakhti - Part 13,https://www.youtube.com/watch?v=J2m29RolegA
سریال به سوی خوشبختی - قسمت 12 | Serial Be Suye Khoshbakhti - Part 12,https://www.youtube.com/watch?v=u37QLVJ_i40
سریال به سوی خوشبختی - قسمت 11 | Serial Be Suye Khoshbakhti - Part 11,https://www.youtube.com/watch?v=_Mzs5jvNcn4
سریال به سوی خوشبختی - قسمت 10 | Serial Be Suye Khoshbakhti - Part 10,https://www.youtube.com/watch?v=S-3bL9SLG9k
سریال به سوی خوشبختی - قسمت 9 | Serial Be Suye Khoshbakhti - Part 9,https://www.youtube.com/watch?v=g5xv8RUjVgc
سریال به سوی خوشبختی - قسمت 8 | Serial Be Suye Khoshbakhti - Part 8,https://www.youtube.com/watch?v=7GbuF-OXRH8
سریال به سوی خوشبختی - قسمت 7 | Serial Be Suye Khoshbakhti - Part 7,https://www.youtube.com/watch?v=LsqKWjQml20
سریال به سوی خوشبختی - قسمت 6 | Serial Be Suye Khoshbakhti - Part 6,https://www.youtube.com/watch?v=ReD-DoZqzvU
سریال به سوی خوشبختی - قسمت 5 | Serial Be Suye Khoshbakhti - Part 5,https://www.youtube.com/watch?v=mzj9Znkpb0o
سریال به سوی خوشبختی - قسمت 4 | Serial Be Suye Khoshbakhti - Part 4,https://www.youtube.com/watch?v=sANXBLGfO0E
سریال به سوی خوشبختی - قسمت 3 | Serial Be Suye Khoshbakhti - Part 3,https://www.youtube.com/watch?v=lGuHiXNzhbE
من اون تاریخ سفر کاری بودم - سریال بازپرس,https://www.youtube.com/watch?v=GnHyP3_2qFw
سریال به سوی خوشبختی - قسمت 2 | Serial Be Suye Khoshbakhti - Part 2,https://www.youtube.com/watch?v=sS_0HI2yDu0
سریال به سوی خوشبختی - قسمت 1 | Serial Be Suye Khoshbakhti - Part 1,https://www.youtube.com/watch?v=5PJCiuiBgWI
آقا به خانم خیانت میکرد - سریال بازپرس,https://www.youtube.com/watch?v=dq9uH6yVfkg
صد و پانزده میلیارد تومن بدهی بالا آوردم - سریال بازپرس,https://www.youtube.com/watch?v=RLyntIyAT7E
من از قوه ی قضایی ترسی ندارم - سریال بازپرس,https://www.youtube.com/watch?v=RwSEbH5nGYA
مادرم اجازه نداد با کسی که دوست داره ازدواج کنه - سریال بازپرس,https://www.youtube.com/watch?v=RjLCBdwLM0Y
ما همه بدبخت بیچاره ایم - سریال بازپرس,https://www.youtube.com/watch?v=Joauu9tHXIk
هرچی دارم و ندارم رو خودم ساختم - سریال بازپرس,https://www.youtube.com/watch?v=lGErNxMP6Yc
قاضی از خودمونه - سریال بازپرس,https://www.youtube.com/watch?v=pTtN1IgLkw8
پام شکست افتادم تو کار قاچاق - سریال بازپرس,https://www.youtube.com/watch?v=eP_uWbGrTZ0
من فریب خوردم - سریال بازپرس,https://www.youtube.com/watch?v=tU4brTMgWj4
سریال بازپرس - پشت صحنه | Serial Bazpors - Backstage,https://www.youtube.com/watch?v=Fcz20XcmFxg
هر ردی داشتیم رو پاک کردن - سریال بازپرس,https://www.youtube.com/watch?v=szcK7g2zTZA
اونقدرام که فکر میکنی علیه السلام نیست - سریال بازپرس,https://www.youtube.com/watch?v=oVnz2hZRnZw
سریال پاییز بلند - قسمت 8 | Serial Payize Boland - Part 8,https://www.youtube.com/watch?v=KRVk-vzGhbE
شرح پرونده های واقعی پلیسی در سریال بازپرس - قسمت 34 (قسمت آخر) | Serial Bazpors - Part 34,https://www.youtube.com/watch?v=rEnVVKfuKxs
سریال پاییز بلند - قسمت 7 | Serial Payize Boland - Part 7,https://www.youtube.com/watch?v=xQn5y85B7gw
شرح پرونده های واقعی پلیسی در سریال بازپرس - قسمت 33 | Serial Bazpors - Part 33,https://www.youtube.com/watch?v=JOC7adXkTOY
سریال پاییز بلند - قسمت 6 | Serial Payize Boland - Part 6,https://www.youtube.com/watch?v=hXvGD5FTybk
شرح پرونده های واقعی پلیسی در سریال بازپرس - قسمت 32 | Serial Bazpors - Part 32,https://www.youtube.com/watch?v=a1CaAjG6Mp0
سریال پاییز بلند - قسمت 5 | Serial Payize Boland - Part 5,https://www.youtube.com/watch?v=hw16DWcqf4o
سریال پاییز بلند - قسمت 4 | Serial Payize Boland - Part 4,https://www.youtube.com/watch?v=kCIxcVu7gBg
سریال پاییز بلند - قسمت 3 | Serial Payize Boland - Part 3,https://www.youtube.com/watch?v=dN9WhjA6NH0
برام پرونده سازی کردید - سریال بازپرس,https://www.youtube.com/watch?v=xZRe1VPpMGw
سریال پاییز بلند - قسمت 2 | Serial Payize Boland - Part 2,https://www.youtube.com/watch?v=EV8vMUUbp0Q
سریال پاییز بلند - قسمت 1 | Serial Payize Boland - Part 1,https://www.youtube.com/watch?v=kKmy-G5M_e8
شرح پرونده های واقعی پلیسی در سریال بازپرس - قسمت 31 | Serial Bazpors - Part 31,https://www.youtube.com/watch?v=HND9I2HBbRQ
سریال سال های ابری - قسمت 21 | Serial Salhaye Abri - Part 21,https://www.youtube.com/watch?v=X2E5fDyFJ7M
شرح پرونده های واقعی پلیسی در سریال بازپرس - قسمت 30 | Serial Bazpors - Part 30,https://www.youtube.com/watch?v=XN3-zCbOSws
سریال سال های ابری - قسمت 20 | Serial Salhaye Abri - Part 20,https://www.youtube.com/watch?v=tHJLSMr-4Yk
شرح پرونده های واقعی پلیسی در سریال بازپرس - قسمت 29 | Serial Bazpors - Part 29,https://www.youtube.com/watch?v=_7efFMYDlj4
سریال سال های ابری - قسمت 19 | Serial Salhaye Abri - Part 19,https://www.youtube.com/watch?v=NBttdcxx2xU
سریال سال های ابری - قسمت 18 | Serial Salhaye Abri - Part 18,https://www.youtube.com/watch?v=KhZcpxntqoc
سریال سال های ابری - قسمت 17 | Serial Salhaye Abri - Part 17,https://www.youtube.com/watch?v=VHdhA0YQKhM
کار پسر سفیره - سریال بازپرس,https://www.youtube.com/watch?v=kIRF6FegDZc
سریال سال های ابری - قسمت 16 | Serial Salhaye Abri - Part 16,https://www.youtube.com/watch?v=_xQD6sZyv0E
شرح پرونده های واقعی پلیسی در سریال بازپرس - قسمت 28 | Serial Bazpors - Part 28,https://www.youtube.com/watch?v=qRgSGcpd-qI
سریال سال های ابری - قسمت 15 | Serial Salhaye Abri - Part 15,https://www.youtube.com/watch?v=KtgvEJaExNY
شرح پرونده های واقعی پلیسی در سریال بازپرس - قسمت 27 | Serial Bazpors - Part 27,https://www.youtube.com/watch?v=CrYAvvXz3bU
سریال سال های ابری - قسمت 14 | Serial Salhaye Abri - Part 14,https://www.youtube.com/watch?v=g_DfxB7V-cA
شرح پرونده های واقعی پلیسی در سریال بازپرس - قسمت 26 | Serial Bazpors - Part 26,https://www.youtube.com/watch?v=uHTiRgVQx9Q
سریال سال های ابری - قسمت 13 | Serial Salhaye Abri - Part 13,https://www.youtube.com/watch?v=HnOcuXY1hV4
شرح پرونده های واقعی پلیسی در سریال بازپرس - قسمت 25 | Serial Bazpors - Part 25,https://www.youtube.com/watch?v=Uw7ENvKG26E
سریال سال های ابری - قسمت 12 | Serial Salhaye Abri - Part 12,https://www.youtube.com/watch?v=go8Dh_nDbS8
سریال سال های ابری - قسمت 11 | Serial Salhaye Abri - Part 11,https://www.youtube.com/watch?v=Eja57QYQ1Mw
سریال سال های ابری - قسمت 10 | Serial Salhaye Abri - Part 10,https://www.youtube.com/watch?v=2dCtyo54AAs
سریال سال های ابری - قسمت 9 | Serial Salhaye Abri - Part 9,https://www.youtube.com/watch?v=A5kat9HnkqM
شرح پرونده های واقعی پلیسی در سریال بازپرس - قسمت 24 | Serial Bazpors - Part 24,https://www.youtube.com/watch?v=Qj2FYsUuuqY
سریال سال های ابری - قسمت 8 | Serial Salhaye Abri - Part 8,https://www.youtube.com/watch?v=HI-yjIS404g
شرح پرونده های واقعی پلیسی در سریال بازپرس - قسمت 23 | Serial Bazpors - Part 23,https://www.youtube.com/watch?v=8hNalcLFxik
سریال سال های ابری - قسمت 7 | Serial Salhaye Abri - Part 7,https://www.youtube.com/watch?v=8dYMrGr4joY
شرح پرونده های واقعی پلیسی در سریال بازپرس - قسمت 22 | Serial Bazpors - Part 22,https://www.youtube.com/watch?v=5BXoYk7Go90
سریال سال های ابری - قسمت 6 | Serial Salhaye Abri - Part 6,https://www.youtube.com/watch?v=mzp_e-Vos8g
شرح پرونده های واقعی پلیسی در سریال بازپرس - قسمت 21 | Serial Bazpors - Part 21,https://www.youtube.com/watch?v=DzFAAABbTHs
سریال سال های ابری - قسمت 5 | Serial Salhaye Abri - Part 5,https://www.youtube.com/watch?v=WyHukZOwb9o
سریال سال های ابری - قسمت 4 | Serial Salhaye Abri - Part 4,https://www.youtube.com/watch?v=OqpDOdo14fo
سریال سال های ابری - قسمت 3 | Serial Salhaye Abri - Part 3,https://www.youtube.com/watch?v=DJFXyMft7dw
سریال سال های ابری - قسمت 2 | Serial Salhaye Abri - Part 2,https://www.youtube.com/watch?v=E62cGtpGCWU
سریال سال های ابری - قسمت 1 | Serial Salhaye Abri - Part 1,https://www.youtube.com/watch?v=rEhBXZWY18U
شرح پرونده های واقعی پلیسی در سریال بازپرس - قسمت 20 | Serial Bazpors - Part 20,https://www.youtube.com/watch?v=POWcmdFPJeY
شرح پرونده های واقعی پلیسی در سریال بازپرس - قسمت 19 | Serial Bazpors - Part 19,https://www.youtube.com/watch?v=ou5NFjjSjOo
شرح پرونده های واقعی پلیسی در سریال بازپرس - قسمت 18 | Serial Bazpors - Part 18,https://www.youtube.com/watch?v=Vdu4cDyQR3E
شرح پرونده های واقعی پلیسی در سریال بازپرس - قسمت 17 | Serial Bazpors - Part 17,https://www.youtube.com/watch?v=0sGSyt1yNOs
شرح پرونده های واقعی پلیسی در سریال بازپرس - قسمت 16 | Serial Bazpors - Part 16,https://www.youtube.com/watch?v=YC3Q48UGXhc
شرح پرونده های واقعی پلیسی در سریال بازپرس - قسمت 15 | Serial Bazpors - Part 15,https://www.youtube.com/watch?v=lTbNQbY6n4M
سریال بیگانه ای با من است - قسمت 47 | Serial Biganei Ba Man Ast - Part 47,https://www.youtube.com/watch?v=dFgAlFhtrjo
شرح پرونده های واقعی پلیسی در سریال بازپرس - قسمت 14 | Serial Bazpors - Part 14,https://www.youtube.com/watch?v=HaXl7DZLXqM
سریال بیگانه ای با من است - قسمت 46 | Serial Biganei Ba Man Ast - Part 46,https://www.youtube.com/watch?v=LLCO7UUe0DM
شرح پرونده های واقعی پلیسی در سریال بازپرس - قسمت 13 | Serial Bazpors - Part 13,https://www.youtube.com/watch?v=hneCa5PXA2c
سریال بیگانه ای با من است - قسمت 45 | Serial Biganei Ba Man Ast - Part 45,https://www.youtube.com/watch?v=pLpyYgu2sjc
شرح پرونده های واقعی پلیسی در سریال بازپرس - قسمت 12 | Serial Bazpors - Part 12,https://www.youtube.com/watch?v=P9-b_9bcRsU
سریال بیگانه ای با من است - قسمت 44 | Serial Biganei Ba Man Ast - Part 44,https://www.youtube.com/watch?v=SOM0V4nDqKI
سریال بیگانه ای با من است - قسمت 43 | Serial Biganei Ba Man Ast - Part 43,https://www.youtube.com/watch?v=JbNlZflv8XM
سریال بیگانه ای با من است - قسمت 42 | Serial Biganei Ba Man Ast - Part 42,https://www.youtube.com/watch?v=4UHVrKyiHfw
سریال بیگانه ای با من است - قسمت 41 | Serial Biganei Ba Man Ast - Part 41,https://www.youtube.com/watch?v=CUTrU79mCwI
سریال بیگانه ای با من است - قسمت 40 | Serial Biganei Ba Man Ast - Part 40,https://www.youtube.com/watch?v=oxEbrCxcY0M
سریال بیگانه ای با من است - قسمت 39 | Serial Biganei Ba Man Ast - Part 39,https://www.youtube.com/watch?v=DirKIV7KYKc
سریال بیگانه ای با من است - قسمت 38 | Serial Biganei Ba Man Ast - Part 38,https://www.youtube.com/watch?v=4iHuULYoQWc
شرح پرونده های واقعی پلیسی در سریال بازپرس - قسمت 11 | Serial Bazpors - Part 11,https://www.youtube.com/watch?v=Xv0ecmwv7KA
سریال بیگانه ای با من است - قسمت 37 | Serial Biganei Ba Man Ast - Part 37,https://www.youtube.com/watch?v=mp-XGB5OpG4
شرح پرونده های واقعی پلیسی در سریال بازپرس - قسمت 10 | Serial Bazpors - Part 10,https://www.youtube.com/watch?v=h0nM7ipojFw
سریال بیگانه ای با من است - قسمت 36 | Serial Biganei Ba Man Ast - Part 36,https://www.youtube.com/watch?v=SW2wik9HxBc
سریال بیگانه ای با من است - قسمت 35 | Serial Biganei Ba Man Ast - Part 35,https://www.youtube.com/watch?v=m--Tno6onwI
سریال بیگانه ای با من است - قسمت 34 | Serial Biganei Ba Man Ast - Part 34,https://www.youtube.com/watch?v=smBI5i5voLo
سریال بیگانه ای با من است - قسمت 33 | Serial Biganei Ba Man Ast - Part 33,https://www.youtube.com/watch?v=zGrzB6nYdgo
شرح پرونده های واقعی پلیسی در سریال بازپرس - قسمت 9 | Serial Bazpors - Part 9,https://www.youtube.com/watch?v=ueksp53I7sA
سریال بیگانه ای با من است - قسمت 32 | Serial Biganei Ba Man Ast - Part 32,https://www.youtube.com/watch?v=krJRbhOE7t4
شرح پرونده های واقعی پلیسی در سریال بازپرس - قسمت 8 | Serial Bazpors - Part 8,https://www.youtube.com/watch?v=dAvBnuR8OUk
سریال بیگانه ای با من است - قسمت 31 | Serial Biganei Ba Man Ast - Part 31,https://www.youtube.com/watch?v=TPxHLqbNd_4
شرح پرونده های واقعی پلیسی در سریال بازپرس - قسمت 7 | Serial Bazpors - Part 7,https://www.youtube.com/watch?v=9w_xW4JNL58
سریال بیگانه ای با من است - قسمت 30 | Serial Biganei Ba Man Ast - Part 30,https://www.youtube.com/watch?v=_GhpYJOvTsk
سریال بیگانه ای با من است - قسمت 29 | Serial Biganei Ba Man Ast - Part 29,https://www.youtube.com/watch?v=XrRQJX3mz_I
سریال بیگانه ای با من است - قسمت 28 | Serial Biganei Ba Man Ast - Part 28,https://www.youtube.com/watch?v=Q5VHQdWZM4o
سریال بیگانه ای با من است - قسمت 27 | Serial Biganei Ba Man Ast - Part 27,https://www.youtube.com/watch?v=j2mbUTP5h1w
سریال بیگانه ای با من است - قسمت 26 | Serial Biganei Ba Man Ast - Part 26,https://www.youtube.com/watch?v=8bwhvMLKCmM
شرح پرونده های واقعی پلیسی در سریال بازپرس - قسمت 6 | Serial Bazpors - Part 6,https://www.youtube.com/watch?v=zakWwhq18t8
سریال بیگانه ای با من است - قسمت 25 | Serial Biganei Ba Man Ast - Part 25,https://www.youtube.com/watch?v=Zgshca1v5YE
شرح پرونده های واقعی پلیسی در سریال بازپرس - قسمت 5 | Serial Bazpors - Part 5,https://www.youtube.com/watch?v=jqLkwxZE9a4
سریال بیگانه ای با من است - قسمت 24 | Serial Biganei Ba Man Ast - Part 24,https://www.youtube.com/watch?v=PfZEuEvn9zI
شرح پرونده های واقعی پلیسی در سریال بازپرس - قسمت 4 | Serial Bazpors - Part 4,https://www.youtube.com/watch?v=9wSSW2WajSo
سریال بیگانه ای با من است - قسمت 23 | Serial Biganei Ba Man Ast - Part 23,https://www.youtube.com/watch?v=VvupkM9uMoM
سریال بیگانه ای با من است - قسمت 22 | Serial Biganei Ba Man Ast - Part 22,https://www.youtube.com/watch?v=VGRW0kze2uo
سریال بیگانه ای با من است - قسمت 21 | Serial Biganei Ba Man Ast - Part 21,https://www.youtube.com/watch?v=k2-d6ao_Qe4
سریال بیگانه ای با من است - قسمت 20 | Serial Biganei Ba Man Ast - Part 20,https://www.youtube.com/watch?v=cweO_qW4W44
سریال بیگانه ای با من است - قسمت 19 | Serial Biganei Ba Man Ast - Part 19,https://www.youtube.com/watch?v=JbBaYdHiR-M
شرح پرونده های واقعی پلیسی در سریال بازپرس - قسمت 3 | Serial Bazpors - Part 3,https://www.youtube.com/watch?v=89LHZ97dodI
سریال بیگانه ای با من است - قسمت 18 | Serial Biganei Ba Man Ast - Part 18,https://www.youtube.com/watch?v=XykwU-l5CG0
شرح پرونده های واقعی پلیسی در سریال بازپرس - قسمت 2 | Serial Bazpors - Part 2,https://www.youtube.com/watch?v=9LLnRRNfr7g
سریال بیگانه ای با من است - قسمت 17 | Serial Biganei Ba Man Ast - Part 17,https://www.youtube.com/watch?v=EihyvGZEChU
سریال بیگانه ای با من است - قسمت 16 | Serial Biganei Ba Man Ast - Part 16,https://www.youtube.com/watch?v=zmaTHtIQypA
شرح پرونده های واقعی پلیسی در سریال بازپرس - قسمت 1 | Serial Bazpors - Part 1,https://www.youtube.com/watch?v=TM03OT60SU8
سریال بیگانه ای با من است - قسمت 15 | Serial Biganei Ba Man Ast - Part 15,https://www.youtube.com/watch?v=3gObCasd3Tw
سریال بیگانه ای با من است - قسمت 14 | Serial Biganei Ba Man Ast - Part 14,https://www.youtube.com/watch?v=Yavi_j7LRoA
سریال بیگانه ای با من است - قسمت 13 | Serial Biganei Ba Man Ast - Part 13,https://www.youtube.com/watch?v=NLiJXcom_BA
سریال بیگانه ای با من است - قسمت 12 | Serial Biganei Ba Man Ast - Part 12,https://www.youtube.com/watch?v=eyJmRkCcoB4
سریال بیگانه ای با من است - قسمت 11 | Serial Biganei Ba Man Ast - Part 11,https://www.youtube.com/watch?v=PjCyixLPWRc
سریال بیگانه ای با من است - قسمت 10 | Serial Biganei Ba Man Ast - Part 10,https://www.youtube.com/watch?v=Hbarqb840D0
سریال بیگانه ای با من است - قسمت 9 | Serial Biganei Ba Man Ast - Part 9,https://www.youtube.com/watch?v=7roQ4WGNgd0
سریال بیگانه ای با من است - قسمت 8 | Serial Biganei Ba Man Ast - Part 8,https://www.youtube.com/watch?v=tDPpp8Xzzt0
سریال بیگانه ای با من است - قسمت 7 | Serial Biganei Ba Man Ast - Part 7,https://www.youtube.com/watch?v=CdyKspKqGfk
سریال بیگانه ای با من است - قسمت 6 | Serial Biganei Ba Man Ast - Part 6,https://www.youtube.com/watch?v=apu4MHsw6oY
سریال بیگانه ای با من است - قسمت 5 | Serial Biganei Ba Man Ast - Part 5,https://www.youtube.com/watch?v=AyjVV5-t95Q
سریال بیگانه ای با من است - قسمت 4 | Serial Biganei Ba Man Ast - Part 4,https://www.youtube.com/watch?v=HzNN1aGLD0A
سریال بازپرس - تیزر | Serial Bazpors - Teaser,https://www.youtube.com/watch?v=sDEutdYUZM0
سریال بیگانه ای با من است - قسمت 3 | Serial Biganei Ba Man Ast - Part 3,https://www.youtube.com/watch?v=x73Qfw_uvy8
سریال بیگانه ای با من است - قسمت 2 | Serial Biganei Ba Man Ast - Part 2,https://www.youtube.com/watch?v=iXnL3Gm4HZE
سریال بیگانه ای با من است - قسمت 1 | Serial Biganei Ba Man Ast - Part 1,https://www.youtube.com/watch?v=TQ6zjPhnnKY
سریال بین خودمون بمونه - قسمت 5 | Serial Beyne Khodemun Bemune - Part 5,https://www.youtube.com/watch?v=ElUkccyy-tU
سریال بین خودمون بمونه - قسمت 4 | Serial Beyne Khodemun Bemune - Part 4,https://www.youtube.com/watch?v=pD3jKgzG6xE
سریال بین خودمون بمونه - قسمت 3 | Serial Beyne Khodemun Bemune - Part 3,https://www.youtube.com/watch?v=DPU6OdT0Sig
سریال بین خودمون بمونه - قسمت 2 | Serial Beyne Khodemun Bemune - Part 2,https://www.youtube.com/watch?v=mTKiZhQ422g
سریال بین خودمون بمونه - قسمت 1 | Serial Beyne Khodemun Bemune - Part 1,https://www.youtube.com/watch?v=OFommVvd0Sc
Serial Achmaz - Part 29 | سریال آچمز - قسمت 29,https://www.youtube.com/watch?v=krYS35yxKjU
Serial Achmaz - Part 28 | سریال آچمز - قسمت 28,https://www.youtube.com/watch?v=p4G1iwvhuyk
Serial Achmaz - Part 27 | سریال آچمز - قسمت 27,https://www.youtube.com/watch?v=P-6upZcCTOs
Serial Achmaz - Part 26 | سریال آچمز - قسمت 26,https://www.youtube.com/watch?v=uRr0pw4qL7I
سریال آتش و باد - قسمت 57 | Serial Atash o Bad - Part 57,https://www.youtube.com/watch?v=BFdkFMjdYeQ
سریال آتش و باد - قسمت 56 | Serial Atash o Bad - Part 56,https://www.youtube.com/watch?v=vHvuuK9AAds
سریال آتش و باد - قسمت 55 | Serial Atash o Bad - Part 55,https://www.youtube.com/watch?v=89PbJIThocY
سریال آتش و باد - قسمت 54 | Serial Atash o Bad - Part 54,https://www.youtube.com/watch?v=B8m1nOI5dec
Serial Achmaz - Part 24 | سریال آچمز - قسمت 24,https://www.youtube.com/watch?v=UXK-g-LYrGU
Serial Achmaz - Part 23 | سریال آچمز - قسمت 23,https://www.youtube.com/watch?v=7G_B24OgebY
Serial Achmaz - Part 22 | سریال آچمز - قسمت 22,https://www.youtube.com/watch?v=6Bw8tEDE2a8
بهادر مردانه سوخته#shorts,https://www.youtube.com/watch?v=A0IZHOSAf-A
سریال آتش و باد - قسمت 53 | Serial Atash o Bad - Part 53,https://www.youtube.com/watch?v=OjTB8Ek8FQU
سریال آتش و باد - قسمت 52 | Serial Atash o Bad - Part 52,https://www.youtube.com/watch?v=WmrFBg8y1MI
سریال آتش و باد - قسمت 51 | Serial Atash o Bad - Part 51,https://www.youtube.com/watch?v=3GkBToDmXoM
سریال آتش و باد - قسمت 50 | Serial Atash o Bad - Part 50,https://www.youtube.com/watch?v=JyYf_dmE-XM
سریال آتش و باد - قسمت 49 | Serial Atash o Bad - Part 49,https://www.youtube.com/watch?v=uyLxf5Di2FY
سریال آتش و باد - قسمت 48 | Serial Atash o Bad - Part 48,https://www.youtube.com/watch?v=kvnWOzYafEE
سریال آتش و باد - قسمت 47 | Serial Atash o Bad - Part 47,https://www.youtube.com/watch?v=ldqFNvP8Luw
سریال آتش و باد - قسمت 46 | Serial Atash o Bad - Part 46,https://www.youtube.com/watch?v=JhTYWYqezy0
سریال آتش و باد - قسمت 45 | Serial Atash o Bad - Part 45,https://www.youtube.com/watch?v=8Lvfs1t6NaU
سریال آتش و باد - قسمت 44 | Serial Atash o Bad - Part 44,https://www.youtube.com/watch?v=DuUiuw-4t0w
سریال آتش و باد - قسمت 43 | Serial Atash o Bad - Part 43,https://www.youtube.com/watch?v=X-JR96zxAIA
سریال آتش و باد - قسمت 42 | Serial Atash o Bad - Part 42,https://www.youtube.com/watch?v=guUMNHcDxcg
سریال آتش و باد - قسمت 41 | Serial Atash o Bad - Part 41,https://www.youtube.com/watch?v=u4HDshWzxsE
سریال آتش و باد - قسمت 40 | Serial Atash o Bad - Part 40,https://www.youtube.com/watch?v=OrBc2U2m5YM
سریال آتش و باد - قسمت 39 | Serial Atash o Bad - Part 39,https://www.youtube.com/watch?v=9jZsn2UKqng
سریال آتش و باد - قسمت 38 | Serial Atash o Bad - Part 38,https://www.youtube.com/watch?v=n2JdvuFoU4g
سریال آتش و باد - قسمت 37 | Serial Atash o Bad - Part 37,https://www.youtube.com/watch?v=17RBqv_ATRE
سریال آتش و باد - قسمت 36 | Serial Atash o Bad - Part 36,https://www.youtube.com/watch?v=DBlzVhpu5vs
سریال آتش و باد - قسمت 35 | Serial Atash o Bad - Part 35,https://www.youtube.com/watch?v=WI2X17qh_kA
سریال آتش و باد - قسمت 34 | Serial Atash o Bad - Part 34,https://www.youtube.com/watch?v=_f57uLidkxM
سریال آتش و باد - قسمت 33 | Serial Atash o Bad - Part 33,https://www.youtube.com/watch?v=CE4cRpdMkQ4
سریال هاتف - قسمت 10 | Serial Hatef - Part 10,https://www.youtube.com/watch?v=6UTpTu2SYz8
سریال آتش و باد - قسمت 32 | Serial Atash o Bad - Part 32,https://www.youtube.com/watch?v=GrWIeuADGws
سریال هاتف - قسمت 9 | Serial Hatef - Part 9,https://www.youtube.com/watch?v=oPykhXw8Ycw
سریال هاتف - قسمت 8 | Serial Hatef - Part 8,https://www.youtube.com/watch?v=SiBGq9OXPNs
سریال هاتف - قسمت 7 | Serial Hatef - Part 7,https://www.youtube.com/watch?v=3bQnBd6erls
سریال آتش و باد - قسمت 31 | Serial Atash o Bad - Part 31,https://www.youtube.com/watch?v=8F7DWZCQt9A
سریال هاتف - قسمت 6 | Serial Hatef - Part 6,https://www.youtube.com/watch?v=U3x7LXh3rdg
دوباره برنگردی به دوران چایی نبات - سریال نون خ 2,https://www.youtube.com/watch?v=4FtDTKs7l8w
سریال آتش و باد - قسمت 30 | Serial Atash o Bad - Part 30,https://www.youtube.com/watch?v=fixlNBFv-E4
سریال هاتف - قسمت 5 | Serial Hatef - Part 5,https://www.youtube.com/watch?v=yDk65SYleF4
سریال هاتف - قسمت 4 | Serial Hatef - Part 4,https://www.youtube.com/watch?v=1WefFxAKkbU
سریال آتش و باد - قسمت 29 | Serial Atash o Bad - Part 29,https://www.youtube.com/watch?v=xxqUsc8HYo8
سریال هاتف - قسمت 3 | Serial Hatef - Part 3,https://www.youtube.com/watch?v=Y5xdP3d5ack
سریال آتش و باد - قسمت 28 | Serial Atash o Bad - Part 28,https://www.youtube.com/watch?v=wJjk8KiutXY
به هر مذکری که ابراز عشق کرد، دختر ندین - سریال نون خ 2,https://www.youtube.com/watch?v=CnUCawgii3Y
سریال آتش و باد - قسمت 27 | Serial Atash o Bad - Part 27,https://www.youtube.com/watch?v=E5k3XrCz-6k
سریال هاتف - قسمت 2 | Serial Hatef - Part 2,https://www.youtube.com/watch?v=7tm49Lkd8EI
سریال آتش و باد - قسمت 26 | Serial Atash o Bad - Part 26,https://www.youtube.com/watch?v=F1vyH7jztEo
سریال هاتف - قسمت 1 | Serial Hatef - Part 1,https://www.youtube.com/watch?v=nrqPQSFADik
اون کی بود که به دهن قرص معروف بود؟ - سریال نون خ  فصل 2,https://www.youtube.com/watch?v=AgbqgWwJ5jc
سریال آتش و باد - قسمت 25 | Serial Atash o Bad - Part 25,https://www.youtube.com/watch?v=in185J-1C-0
قیافه هم نداری آخه - سریال نون خ  فصل 2,https://www.youtube.com/watch?v=LtvZ4NLrf5M
دوست دارین بابا براتون قاطی کنه؟ - سریال نون خ 2,https://www.youtube.com/watch?v=-cAuLMZYoqU
سریال آتش و باد - قسمت 24 | Serial Atash o Bad - Part 24,https://www.youtube.com/watch?v=vBJXIH_QTB0
سریال آتش و باد - قسمت 23 | Serial Atash o Bad - Part 23,https://www.youtube.com/watch?v=M7X2_sS28CM
داریم به زمان مبادله کالا به کالا میرسیم - سریال نون خ 2,https://www.youtube.com/watch?v=QkQ5EhB9LgA
سریال آتش و باد - قسمت 22 | Serial Atash o Bad - Part 22,https://www.youtube.com/watch?v=6iIG0dALXLc
ترک منزل کنی مهریه بهت تعلق نمیگیره - سریال نون خ 2,https://www.youtube.com/watch?v=GiX918PviXI
سریال آتش و باد - قسمت 21 | Serial Atash o Bad - Part 21,https://www.youtube.com/watch?v=MQoFicM04Iw
سریال آتش و باد - قسمت 20 | Serial Atash o Bad - Part 20,https://www.youtube.com/watch?v=s-q72i4QU2o
یس یا نو؟ - سریال نون خ 2,https://www.youtube.com/watch?v=OUCMKV6TOMA
دختر رو در عنفوان جوانی سیاه پوش کرد - سریال نون خ  فصل 2,https://www.youtube.com/watch?v=zwOxQfn3yms
سریال آتش و باد - قسمت 19 | Serial Atash o Bad - Part 19,https://www.youtube.com/watch?v=YSt_7T9Z7oY
سریال آتش و باد - قسمت 18 | Serial Atash o Bad - Part 18,https://www.youtube.com/watch?v=n72QGKYsIXg
شما چرا همتون به بروسلی رفتین؟ - سریال نون خ 2,https://www.youtube.com/watch?v=zsKLvYfi3Gs
سریال آتش و باد - قسمت 17 | Serial Atash o Bad - Part 17,https://www.youtube.com/watch?v=n43iT6hV5tY
سریال آتش و باد - قسمت 16 | Serial Atash o Bad - Part 16,https://www.youtube.com/watch?v=iDh1m9yp6Es
سریال آتش و باد - قسمت 15 | Serial Atash o Bad - Part 15,https://www.youtube.com/watch?v=fsMEN94v918
سریال آتش و باد - قسمت 14 | Serial Atash o Bad - Part 14,https://www.youtube.com/watch?v=poB3FebsJHs
سریال آتش و باد - قسمت 13 | Serial Atash o Bad - Part 13,https://www.youtube.com/watch?v=RYIY04hqftw
سریال آتش و باد - قسمت 12 | Serial Atash o Bad - Part 12,https://www.youtube.com/watch?v=GG0JIzgGHgw
سریال آتش و باد - قسمت 11 | Serial Atash o Bad - Part 11,https://www.youtube.com/watch?v=pcotXoBqIhQ
سریال آتش و باد - قسمت 10 | Serial Atash o Bad - Part 10,https://www.youtube.com/watch?v=k-pvJJk4kSA
سریال آتش و باد - قسمت 9 | Serial Atash o Bad - Part 9,https://www.youtube.com/watch?v=5ahrfHslxw0
سریال آتش و باد - قسمت 8 | Serial Atash o Bad - Part 8,https://www.youtube.com/watch?v=OYlYA78-Pyg
سریال آتش و باد - قسمت 7 | Serial Atash o Bad - Part 7,https://www.youtube.com/watch?v=jkWHEE1ahdU
سریال آتش و باد - قسمت 6 | Serial Atash o Bad - Part 6,https://www.youtube.com/watch?v=JWzWcwHS-SI
سریال آتش و باد - قسمت 5 | Serial Atash o Bad - Part 5,https://www.youtube.com/watch?v=iZ5Rbpw8lO8
سریال آتش و باد - قسمت 4 | Serial Atash o Bad - Part 4,https://www.youtube.com/watch?v=wdoJtzJcs6k
سریال آتش و باد - قسمت 3 | Serial Atash o Bad - Part 3,https://www.youtube.com/watch?v=nGeMIhLeQlI
سریال آتش و باد - قسمت 2 | Serial Atash o Bad - Part 2,https://www.youtube.com/watch?v=FemfgSNMEVc
سریال آتش و باد - قسمت 1 | Serial Atash o Bad - Part 1,https://www.youtube.com/watch?v=LWvSpxTWaGc
سریال آتش و باد - تیزر | Serial Atash o Bad - Teaser,https://www.youtube.com/watch?v=GWz8X14USPM
سریال کشیک قلب - قسمت 6 | Serial Keshike Ghalb - Part 6,https://www.youtube.com/watch?v=Wq_8FbNSwhI
سریال کشیک قلب - قسمت 5 | Serial Keshike Ghalb - Part 5,https://www.youtube.com/watch?v=hr8XBkv87ls
سریال کشیک قلب - قسمت 4 | Serial Keshike Ghalb - Part 4,https://www.youtube.com/watch?v=iCJaybFVxMM
سریال کشیک قلب - قسمت 3 | Serial Keshike Ghalb - Part 3,https://www.youtube.com/watch?v=cFTpUgRfnUY
سریال کشیک قلب - قسمت 2 | Serial Keshike Ghalb - Part 2,https://www.youtube.com/watch?v=I9uz7MDyPWU
سریال کشیک قلب - قسمت 1 | Serial Keshike Ghalb - Part 1,https://www.youtube.com/watch?v=AjmvwcrWvdw
سریال دریایی ها - قسمت 26 | Serial Daryayiha - Part 26,https://www.youtube.com/watch?v=15MgRDi3pp0
سریال دریایی ها - قسمت 25 | Serial Daryayiha - Part 25,https://www.youtube.com/watch?v=iFDaW6a7FQw
سریال دریایی ها - قسمت 24 | Serial Daryayiha - Part 24,https://www.youtube.com/watch?v=kdBot6JIBv4
سریال دریایی ها - قسمت 23 | Serial Daryayiha - Part 23,https://www.youtube.com/watch?v=nivWI0bhixw
سریال دریایی ها - قسمت 22 | Serial Daryayiha - Part 22,https://www.youtube.com/watch?v=FuOaGlS6FB0
سریال دریایی ها - قسمت 21 | Serial Daryayiha - Part 21,https://www.youtube.com/watch?v=M_zoJBGK4kI
سریال دریایی ها - قسمت 20 | Serial Daryayiha - Part 20,https://www.youtube.com/watch?v=s10Jd_YIiqM
سریال دریایی ها - قسمت 19 | Serial Daryayiha - Part 19,https://www.youtube.com/watch?v=8QsgtbqB77w
سریال دریایی ها - قسمت 18 | Serial Daryayiha - Part 18,https://www.youtube.com/watch?v=qu6JkAbWTuI
سریال دریایی ها - قسمت 17 | Serial Daryayiha - Part 17,https://www.youtube.com/watch?v=NOJefHZWojc
سریال دریایی ها - قسمت 16 | Serial Daryayiha - Part 16,https://www.youtube.com/watch?v=2dd8Nos2DWg
سریال دریایی ها - قسمت 15 | Serial Daryayiha - Part 15,https://www.youtube.com/watch?v=gxQSlBliPUg
سریال دریایی ها - قسمت 14 | Serial Daryayiha - Part 14,https://www.youtube.com/watch?v=QulXQduWh-U
سریال دریایی ها - قسمت 13 | Serial Daryayiha - Part 13,https://www.youtube.com/watch?v=tUkxwmvYFCw
سریال دریایی ها - قسمت 12 | Serial Daryayiha - Part 12,https://www.youtube.com/watch?v=jO150OL4sz8
سریال دریایی ها - قسمت 11 | Serial Daryayiha - Part 11,https://www.youtube.com/watch?v=pWVvWavGslQ
سریال دریایی ها - قسمت 10 | Serial Daryayiha - Part 10,https://www.youtube.com/watch?v=uc7g2ar-LpI
سریال دریایی ها - قسمت 9 | Serial Daryayiha - Part 9,https://www.youtube.com/watch?v=BkJY3FJuwUg
سریال دریایی ها - قسمت 8 | Serial Daryayiha - Part 8,https://www.youtube.com/watch?v=Dj5luBwGl2g
سریال دریایی ها - قسمت 7 | Serial Daryayiha - Part 7,https://www.youtube.com/watch?v=LEqBPxdgj1g
سریال دریایی ها - قسمت 6 | Serial Daryayiha - Part 6,https://www.youtube.com/watch?v=QAose48ADB0
سریال دریایی ها - قسمت 5 | Serial Daryayiha - Part 5,https://www.youtube.com/watch?v=cqBVMZ61Ha8
سریال دریایی ها - قسمت 4 | Serial Daryayiha - Part 4,https://www.youtube.com/watch?v=DTMObWJ9IQs
سریال دریایی ها - قسمت 3 | Serial Daryayiha - Part 3,https://www.youtube.com/watch?v=ih-H781oWVE
سریال دریایی ها - قسمت 2 | Serial Daryayiha - Part 2,https://www.youtube.com/watch?v=zlZF-vyOBVY
سریال دریایی ها - قسمت 1 | Serial Daryayiha - Part 1,https://www.youtube.com/watch?v=OBWbCKCPvic
سریال جزر و مد - قسمت 26 | Serial Jazr o Mad - Part 26,https://www.youtube.com/watch?v=WROqB-A6Qto
سریال جزر و مد - قسمت 25 | Serial Jazr o Mad - Part 25,https://www.youtube.com/watch?v=bdraVa74of4
سریال جزر و مد - قسمت 24 | Serial Jazr o Mad - Part 24,https://www.youtube.com/watch?v=iHY666z2S88
سریال جزر و مد - قسمت 23 | Serial Jazr o Mad - Part 23,https://www.youtube.com/watch?v=HQtFXVgtPI0
سریال جزر و مد - قسمت 22 | Serial Jazr o Mad - Part 22,https://www.youtube.com/watch?v=YZeC91D5Bn4
سریال جزر و مد - قسمت 21 | Serial Jazr o Mad - Part 21,https://www.youtube.com/watch?v=sAwFFtUSpxc
سریال جزر و مد - قسمت 20 | Serial Jazr o Mad - Part 20,https://www.youtube.com/watch?v=LL7yhkFiFLA
سریال جزر و مد - قسمت 19 | Serial Jazr o Mad - Part 19,https://www.youtube.com/watch?v=vKNmoSWQODE
سریال جزر و مد - قسمت 18 | Serial Jazr o Mad - Part 18,https://www.youtube.com/watch?v=moL0TXzqQjk
سریال جزر و مد - قسمت 17 | Serial Jazr o Mad - Part 17,https://www.youtube.com/watch?v=nhirklXQzfw
سریال جزر و مد - قسمت 16 | Serial Jazr o Mad - Part 16,https://www.youtube.com/watch?v=Vznycy64iMQ
سریال جزر و مد - قسمت 15 | Serial Jazr o Mad - Part 15,https://www.youtube.com/watch?v=-r5bY7qh364
سریال جزر و مد - قسمت 14 | Serial Jazr o Mad - Part 14,https://www.youtube.com/watch?v=GIc05pOIF9I
سریال جزر و مد - قسمت 13 | Serial Jazr o Mad - Part 13,https://www.youtube.com/watch?v=Qfai5DbHJRM
سریال جزر و مد - قسمت 12 | Serial Jazr o Mad - Part 12,https://www.youtube.com/watch?v=4PJJH74EBK8
سریال جزر و مد - قسمت 11 | Serial Jazr o Mad - Part 11,https://www.youtube.com/watch?v=RhQJWqGC754
سریال جزر و مد - قسمت 10 | Serial Jazr o Mad - Part 10,https://www.youtube.com/watch?v=nZseZ8WaUQ0
سریال جزر و مد - قسمت 9 | Serial Jazr o Mad - Part 9,https://www.youtube.com/watch?v=dD3wjtH3PRk
سریال جزر و مد - قسمت 8 | Serial Jazr o Mad - Part 8,https://www.youtube.com/watch?v=0qVzXj4VwHE
سریال جزر و مد - قسمت 7 | Serial Jazr o Mad - Part 7,https://www.youtube.com/watch?v=iPVGRB3d-gA
سریال جزر و مد - قسمت 6 | Serial Jazr o Mad - Part 6,https://www.youtube.com/watch?v=3k_Aw4oNKA0
سریال جزر و مد - قسمت 5 | Serial Jazr o Mad - Part 5,https://www.youtube.com/watch?v=qo3KieSFpKQ
سریال جزر و مد - قسمت 4 | Serial Jazr o Mad - Part 4,https://www.youtube.com/watch?v=PPefPfwzgPY
سریال جزر و مد - قسمت 3 | Serial Jazr o Mad - Part 3,https://www.youtube.com/watch?v=OhK4HgeGtHE
سریال جزر و مد - قسمت 2 | Serial Jazr o Mad - Part 2,https://www.youtube.com/watch?v=55tJnjDcT7E
سریال جزر و مد - قسمت 1 | Serial Jazr o Mad - Part 1,https://www.youtube.com/watch?v=E9XVgQvxXq8
سریال آتش سرد - قسمت 30 | Serial Atashe Sard - Part 30,https://www.youtube.com/watch?v=9jdZP-Vloe4
سریال آتش سرد - قسمت 29 | Serial Atashe Sard - Part 29,https://www.youtube.com/watch?v=JL3zqFsMUAk
سریال آتش سرد - قسمت 28 | Serial Atashe Sard - Part 28,https://www.youtube.com/watch?v=1rorniGStio
سریال آتش سرد - قسمت 27 | Serial Atashe Sard - Part 27,https://www.youtube.com/watch?v=nYb_WenxP2M
سریال آتش سرد - قسمت 26 | Serial Atashe Sard - Part 26,https://www.youtube.com/watch?v=fT7PWVBQMvQ
سریال آتش سرد - قسمت 25 | Serial Atashe Sard - Part 25,https://www.youtube.com/watch?v=1tN9jJBbYFQ
سریال آتش سرد - قسمت 24 | Serial Atashe Sard - Part 24,https://www.youtube.com/watch?v=orTvCtzaCLc
سریال آتش سرد - قسمت 23 | Serial Atashe Sard - Part 23,https://www.youtube.com/watch?v=YmPcFndDsyE
سریال آتش سرد - قسمت 22 | Serial Atashe Sard - Part 22,https://www.youtube.com/watch?v=dVxAJNj6vJ0
سریال آتش سرد - قسمت 21 | Serial Atashe Sard - Part 21,https://www.youtube.com/watch?v=mPMwhGqD_YA
سریال آتش سرد - قسمت 20 | Serial Atashe Sard - Part 20,https://www.youtube.com/watch?v=tQQSSp_8teM
سریال آتش سرد - قسمت 19 | Serial Atashe Sard - Part 19,https://www.youtube.com/watch?v=AoXs9yAi-HA
سریال آتش سرد - قسمت 18 | Serial Atashe Sard - Part 18,https://www.youtube.com/watch?v=cpjWPhu_7DU
سریال آتش سرد - قسمت 17 | Serial Atashe Sard - Part 17,https://www.youtube.com/watch?v=1ENl1Tu539g
سریال آتش سرد - قسمت 16 | Serial Atashe Sard - Part 16,https://www.youtube.com/watch?v=rnwTMZuS4XA
سریال آتش سرد - قسمت 15 | Serial Atashe Sard - Part 15,https://www.youtube.com/watch?v=jMLwlsmOwPo
سریال آتش سرد - قسمت 14 | Serial Atashe Sard - Part 14,https://www.youtube.com/watch?v=FB7TuC4iCJw
سریال آتش سرد - قسمت 13 | Serial Atashe Sard - Part 13,https://www.youtube.com/watch?v=BKifhxcxqC0
سریال آتش سرد - قسمت 12 | Serial Atashe Sard - Part 12,https://www.youtube.com/watch?v=9LnHecWwG_o
سریال آتش سرد - قسمت 11 | Serial Atashe Sard - Part 11,https://www.youtube.com/watch?v=X0mpwdVzbnw
سریال آتش سرد - قسمت 10 | Serial Atashe Sard - Part 10,https://www.youtube.com/watch?v=59WB-5Lq3Hc
سریال آتش سرد - قسمت 9 | Serial Atashe Sard - Part 9,https://www.youtube.com/watch?v=SwyvP1lgDnA
سریال آتش سرد - قسمت 6 | Serial Atashe Sard - Part 6,https://www.youtube.com/watch?v=5ETFZ6cgAC4
سریال آتش سرد - قسمت 8 | Serial Atashe Sard - Part 8,https://www.youtube.com/watch?v=1TFNTlPkgt0
سریال آتش سرد - قسمت 7 | Serial Atashe Sard - Part 7,https://www.youtube.com/watch?v=RrFdBN4B4Xc
سریال آتش سرد - قسمت 5 | Serial Atashe Sard - Part 5,https://www.youtube.com/watch?v=4T9OhYCLCdg
سریال آتش سرد - قسمت 4 | Serial Atashe Sard - Part 4,https://www.youtube.com/watch?v=mGTVMcH1Cbw
سریال آتش سرد - قسمت 3 | Serial Atashe Sard - Part 3,https://www.youtube.com/watch?v=LP6MXaiOsqU
سریال آتش سرد - قسمت 2 | Serial Atashe Sard - Part 2,https://www.youtube.com/watch?v=zZKbOLT-zjU
سریال آتش سرد - قسمت 1 | Serial Atashe Sard - Part 1,https://www.youtube.com/watch?v=JPNeKNnnCk8
سریال چسب زخم - قسمت 12 | Serial Chasbe Zakhm - Part 12,https://www.youtube.com/watch?v=o5Qy87dHe64
سریال چسب زخم - قسمت 11 | Serial Chasbe Zakhm - Part 11,https://www.youtube.com/watch?v=lzG9EzEVoIs
سریال چسب زخم - قسمت 10 | Serial Chasbe Zakhm - Part 10,https://www.youtube.com/watch?v=tARuCj7KN3Q
سریال چسب زخم - قسمت 9 | Serial Chasbe Zakhm - Part 9,https://www.youtube.com/watch?v=XH-wPRYkJE8
سریال چسب زخم - قسمت 8 | Serial Chasbe Zakhm - Part 8,https://www.youtube.com/watch?v=ppJ_-lBHwd8
سریال چسب زخم - قسمت 7 | Serial Chasbe Zakhm - Part 7,https://www.youtube.com/watch?v=ImrFgj9eCVs
سریال چسب زخم - قسمت 6 | Serial Chasbe Zakhm - Part 6,https://www.youtube.com/watch?v=yKJ5vx70oEw
سریال چسب زخم - قسمت 5 | Serial Chasbe Zakhm - Part 5,https://www.youtube.com/watch?v=sSzk0ncx6Zg
سریال چسب زخم - قسمت 4 | Serial Chasbe Zakhm - Part 4,https://www.youtube.com/watch?v=ou9JElCazO0
سریال چسب زخم - قسمت 3 | Serial Chasbe Zakhm - Part 3,https://www.youtube.com/watch?v=OHeP4Md-Rf4
سریال چسب زخم - قسمت 2 | Serial Chasbe Zakhm - Part 2,https://www.youtube.com/watch?v=KGxSNr952us
سریال چسب زخم - قسمت 1 | Serial Chasbe Zakhm - Part 1,https://www.youtube.com/watch?v=4fXWD8-jkFc
سریال مدافعان شهر - قسمت 5 | Serial Modafeane Shahr - Part 5,https://www.youtube.com/watch?v=pjdBrzi5Ki4
سریال مدافعان شهر - قسمت 4 | Serial Modafeane Shahr - Part 4,https://www.youtube.com/watch?v=f535q47Rf9I
سریال مدافعان شهر - قسمت 3 | Serial Modafeane Shahr - Part 3,https://www.youtube.com/watch?v=a0CE4CMfVcU
سریال مدافعان شهر - قسمت 2 | Serial Modafeane Shahr - Part 2,https://www.youtube.com/watch?v=lcTdLO2MXNE
سریال مدافعان شهر - قسمت 1 | Serial Modafeane Shahr - Part 1,https://www.youtube.com/watch?v=bQM_-meyW7E
سریال راز ناتمام - قسمت 24 (قسمت آخر) | Serial Raze Natamam - Part 24,https://www.youtube.com/watch?v=vDYVOx590e4
سریال راز ناتمام - قسمت 23 | Serial Raze Natamam - Part 23,https://www.youtube.com/watch?v=Ft0WxoQBUIE
سریال راز ناتمام - قسمت 22 | Serial Raze Natamam - Part 22,https://www.youtube.com/watch?v=zl0AjSL138A
سریال راز ناتمام - قسمت 21 | Serial Raze Natamam - Part 21,https://www.youtube.com/watch?v=_NEbEfiojp0
سریال راز ناتمام - قسمت 20 | Serial Raze Natamam - Part 20,https://www.youtube.com/watch?v=Vd4wNOfmzVU
سریال راز ناتمام - قسمت 19 | Serial Raze Natamam - Part 19,https://www.youtube.com/watch?v=05yh6Lxo86c
سریال راز ناتمام - قسمت 18 | Serial Raze Natamam - Part 18,https://www.youtube.com/watch?v=vu_Oip7vi9U
سریال راز ناتمام - قسمت 17 | Serial Raze Natamam - Part 17,https://www.youtube.com/watch?v=_E3lBxWE6qg
سریال راز ناتمام - قسمت 16 | Serial Raze Natamam - Part 16,https://www.youtube.com/watch?v=HhCG2EYANyA
سریال راز ناتمام - قسمت 15 | Serial Raze Natamam - Part 15,https://www.youtube.com/watch?v=ASTVqOP1e8w
سریال راز ناتمام - قسمت 14 | Serial Raze Natamam - Part 14,https://www.youtube.com/watch?v=gDkplcQG_ps
سریال راز ناتمام - قسمت 13 | Serial Raze Natamam - Part 13,https://www.youtube.com/watch?v=rTypB-K6Vvw
سریال راز ناتمام - قسمت 12 | Serial Raze Natamam - Part 12,https://www.youtube.com/watch?v=mNIfYjLQgjY
سریال راز ناتمام - قسمت 11 | Serial Raze Natamam - Part 11,https://www.youtube.com/watch?v=swJsbIAV7EY
سریال راز ناتمام - قسمت 10 | Serial Raze Natamam - Part 10,https://www.youtube.com/watch?v=cULGgwZEhao
سریال راز ناتمام - قسمت 9 | Serial Raze Natamam - Part 9,https://www.youtube.com/watch?v=P73YL4KSNp4
سریال راز ناتمام - قسمت 8 | Serial Raze Natamam - Part 8,https://www.youtube.com/watch?v=ToAzsxHeFL0
سریال راز ناتمام - قسمت 7 | Serial Raze Natamam - Part 7,https://www.youtube.com/watch?v=PQF943biq2A
سریال راز ناتمام - قسمت 6 | Serial Raze Natamam - Part 6,https://www.youtube.com/watch?v=86dOGahJMcU
سریال راز ناتمام - قسمت 5 | Serial Raze Natamam - Part 5,https://www.youtube.com/watch?v=l7ae90HVU8M
سریال راز ناتمام - قسمت 4 | Serial Raze Natamam - Part 4,https://www.youtube.com/watch?v=33_iFmTrwpQ
سریال راز ناتمام - قسمت 3 | Serial Raze Natamam - Part 3,https://www.youtube.com/watch?v=Ci2bXmc7hYs
سریال راز ناتمام - قسمت 2 | Serial Raze Natamam - Part 2,https://www.youtube.com/watch?v=lveML23h5mw
سریال راز ناتمام - قسمت 1 | Serial Raze Natamam - Part 1,https://www.youtube.com/watch?v=d5GM_esRFvs
سریال آتش سرد - تیزر | Serial Atashe Sard - Teaser,https://www.youtube.com/watch?v=QW_MTfqh30o
سریال کافی شات - قسمت 9 | Serial Coffee Shot - Part 9,https://www.youtube.com/watch?v=gSrmg0wz3ww
سریال کافی شات - قسمت 8 | Serial Coffee Shot - Part 8,https://www.youtube.com/watch?v=z0FpL2GFNKc
سریال کافی شات - قسمت 7 | Serial Coffee Shot - Part 7,https://www.youtube.com/watch?v=DV6rndgEEgs
سریال کافی شات - قسمت 6 | Serial Coffee Shot - Part 6,https://www.youtube.com/watch?v=gBj-zJJnLbw
سریال کافی شات - قسمت 5 | Serial Coffee Shot - Part 5,https://www.youtube.com/watch?v=ZG-77Z5Foj0
سریال کافی شات - قسمت 4 | Serial Coffee Shot - Part 4,https://www.youtube.com/watch?v=f2gcG6jtLfE
سریال کافی شات - قسمت 3 | Serial Coffee Shot - Part 3,https://www.youtube.com/watch?v=8kjgKs2QKIU
سریال کافی شات - قسمت 2 | Serial Coffee Shot - Part 2,https://www.youtube.com/watch?v=d3zZt9y1J6s
سریال کافی شات - قسمت 1 | Serial Coffee Shot - Part 1,https://www.youtube.com/watch?v=S0gtda43YEs
بارداری وسط مسابقات رزمی - سریال تازه وارد,https://www.youtube.com/watch?v=_ckUpkhoaHI
به خاطر مسابقه میخواد بچه رو از بین ببره - سریال تازه وارد,https://www.youtube.com/watch?v=UTB2K1sWz-s
سریال تازه وارد - قسمت 11 | Serial Tazeh Vared - Part 11,https://www.youtube.com/watch?v=kRcDWyi-D2U
نگرانی های یک مادر تمومی نداره - سریال تازه وارد,https://www.youtube.com/watch?v=Fl9dagegbLU
سریال تازه وارد - قسمت 10 | Serial Tazeh Vared - Part 10,https://www.youtube.com/watch?v=Z9TtfRiZ0q8
این بارداری ریسک بالایی داره - سریال تازه وارد,https://www.youtube.com/watch?v=oX16ivIVcyk
سریال تازه وارد - قسمت 8 | Serial Tazeh Vared - Part 8,https://www.youtube.com/watch?v=in2lWAvToiM
میخواست بچه رو بذاره سر راه، دلش نیومد - سریال تازه وارد,https://www.youtube.com/watch?v=3yOTYXh6XHQ
سریال تازه وارد - قسمت 9 | Serial Tazeh Vared - Part 9,https://www.youtube.com/watch?v=qua-0-sGA_c
هرجور شده میخواد بچه رو از بین ببره - سریال تازه وارد,https://www.youtube.com/watch?v=NMAkA2NbEIo
سریال تازه وارد - قسمت 6| Serial Tazeh Vared - Part 6,https://www.youtube.com/watch?v=ZulVELhhGlw
چرا بچم رو تا کردی؟ - سریال تازه وارد,https://www.youtube.com/watch?v=I7qIhNMH8EI
سریال تازه وارد - قسمت 7 | Serial Tazeh Vared - Part 7,https://www.youtube.com/watch?v=GON137Ous90
قبل از خواب اومده واسه بچه اش داستان ترسناک میخونه - سریال تازه وارد,https://www.youtube.com/watch?v=c4gNBDd0Fy0
بهش انتقاد شد که این داستان به درد کودکان نمیخوره - سریال تازه وارد,https://www.youtube.com/watch?v=WtgBzyzeN5k
سریال تازه وارد - قسمت 5 | Serial Tazeh Vared - Part 5,https://www.youtube.com/watch?v=_RawXNDmNfk
به همسرش یه دروغ بزرگ گفته بود که واقعیت شد - سریال تازه وارد,https://www.youtube.com/watch?v=1GTJofmOd4U
به دروغ بهش گفته بود که حامله اس - سریال تازه وارد,https://www.youtube.com/watch?v=Xf8qavSsAng
سریال تازه وارد - قسمت 4 | Serial Tazeh Vared - Part 4,https://www.youtube.com/watch?v=98VX0V8z-xI
دخترشو تو حرم گم کرده و دنبالش میگرده - سریال تازه وارد,https://www.youtube.com/watch?v=BnpUQBMCpGg
سریال تازه وارد - قسمت 3 | Serial Tazeh Vared - Part 3,https://www.youtube.com/watch?v=gERqOm5fc14
اجازه نمیده کسی که حامله اس تو قطار کار کنه - سریال تازه وارد,https://www.youtube.com/watch?v=YbqO7HK77yE
سریال تازه وارد - قسمت 2 | Serial Tazeh Vared - Part 2,https://www.youtube.com/watch?v=fhjJHMrlmQ8
برای همکلاسی هاش شیرینی آورده و بچه ها نمیذارن که دلیلشو بگه - سریال تازه وارد,https://www.youtube.com/watch?v=V9RD7wIF10I
سریال تازه وارد - قسمت 1 | Serial Tazeh Vared - Part 1,https://www.youtube.com/watch?v=rKnHsZnva_g
(قسمت آخر) سریال حکم رشد - قسمت 27 | Serial Hokme Roshd - Part 27,https://www.youtube.com/watch?v=cS88fNj1Uok
سریال حکم رشد - قسمت 26 | Serial Hokme Roshd - Part 26,https://www.youtube.com/watch?v=EnaBWMzb6t8
سریال حکم رشد - قسمت 25 | Serial Hokme Roshd - Part 25,https://www.youtube.com/watch?v=KwQLIvejm1E
سریال حکم رشد - قسمت 24 | Serial Hokme Roshd - Part 24,https://www.youtube.com/watch?v=_Bqa48o0fks
سریال حکم رشد - قسمت 23 | Serial Hokme Roshd - Part 23,https://www.youtube.com/watch?v=yw6rCU4dkZg
سریال حکم رشد - قسمت 22 | Serial Hokme Roshd - Part 22,https://www.youtube.com/watch?v=IwwdI9cRJew
سریال حکم رشد - قسمت 21 | Serial Hokme Roshd - Part 21,https://www.youtube.com/watch?v=VaxxI0OZm1g
سریال حکم رشد - قسمت 20 | Serial Hokme Roshd - Part 20,https://www.youtube.com/watch?v=3UJMb2_D5vs
سریال حکم رشد - قسمت 19 | Serial Hokme Roshd - Part 19,https://www.youtube.com/watch?v=lPQejgxVEdA
سریال حکم رشد - قسمت 18 | Serial Hokme Roshd - Part 18,https://www.youtube.com/watch?v=sUNs1pFYQfU
سریال حکم رشد - قسمت 17 | Serial Hokme Roshd - Part 17,https://www.youtube.com/watch?v=XQDHjd9zBi0
سریال حکم رشد - قسمت 16 | Serial Hokme Roshd - Part 16,https://www.youtube.com/watch?v=bRMcOcbLcjM
سریال حکم رشد - قسمت 15 | Serial Hokme Roshd - Part 15,https://www.youtube.com/watch?v=bGYKNm1S-6M
سریال حکم رشد - قسمت 14 | Serial Hokme Roshd - Part 14,https://www.youtube.com/watch?v=wQTPCyk4BQE
سریال حکم رشد - قسمت 13 | Serial Hokme Roshd - Part 13,https://www.youtube.com/watch?v=ShvR4LcTgX4
سریال حکم رشد - قسمت 12 | Serial Hokme Roshd - Part 12,https://www.youtube.com/watch?v=7Q8kiIk84dY
سریال حکم رشد - قسمت 11 | Serial Hokme Roshd - Part 11,https://www.youtube.com/watch?v=SsuN-GC-AIU
سریال حکم رشد - قسمت 10 | Serial Hokme Roshd - Part 10,https://www.youtube.com/watch?v=WUIFtEyaTss
سریال حکم رشد - قسمت 9 | Serial Hokme Roshd - Part 9,https://www.youtube.com/watch?v=TWxYcU8-Ds8
سریال حکم رشد - قسمت 8 | Serial Hokme Roshd - Part 8,https://www.youtube.com/watch?v=6rOWGDE3NaI
سریال حکم رشد - قسمت 7 | Serial Hokme Roshd - Part 7,https://www.youtube.com/watch?v=_J9M_9qeFyY
سریال حکم رشد - قسمت 6 | Serial Hokme Roshd - Part 6,https://www.youtube.com/watch?v=yHYPIrI3QKE
سریال حکم رشد - قسمت 5 | Serial Hokme Roshd - Part 5,https://www.youtube.com/watch?v=CJgIXAuIj4E
سریال حکم رشد - قسمت 4 | Serial Hokme Roshd - Part 4,https://www.youtube.com/watch?v=HuDD_mCqVCo
سریال حکم رشد - قسمت 3 | Serial Hokme Roshd - Part 3,https://www.youtube.com/watch?v=GnhUTGfjcEc
عملیات دستگیری ارازل و اوباش - سریال حکم رشد,https://www.youtube.com/watch?v=YCYXePYP_Mc
سریال حکم رشد - قسمت 2 | Serial Hokme Roshd - Part 2,https://www.youtube.com/watch?v=lTNTLd4JTNc
سریال حکم رشد - قسمت 1 | Serial Hokme Roshd - Part 1,https://www.youtube.com/watch?v=rQFHmBrt2vk
سریال دردسرهای شیرین - قسمت  13 | Serial Dardesarhaye Shirin - Part 13,https://www.youtube.com/watch?v=pbmDx4Pohq0
سریال دردسرهای شیرین - قسمت  12 | Serial Dardesarhaye Shirin - Part 12,https://www.youtube.com/watch?v=neiUcIsfaoo
سریال دردسرهای شیرین - قسمت  11 | Serial Dardesarhaye Shirin - Part 11,https://www.youtube.com/watch?v=BaYZKYQuKWs
سریال دردسرهای شیرین - قسمت  10 | Serial Dardesarhaye Shirin - Part 10,https://www.youtube.com/watch?v=8jAipHR6Cz0
سریال دردسرهای شیرین - قسمت  9 | Serial Dardesarhaye Shirin - Part 9,https://www.youtube.com/watch?v=PS_zd7r1Irw
سریال دردسرهای شیرین - قسمت 8 | Serial Dardesarhaye Shirin - Part 8,https://www.youtube.com/watch?v=ZctirndKntI
سریال دردسرهای شیرین - قسمت 7 | Serial Dardesarhaye Shirin - Part 7,https://www.youtube.com/watch?v=r6PpoypukNg
سریال دردسرهای شیرین - قسمت 6 | Serial Dardesarhaye Shirin - Part 6,https://www.youtube.com/watch?v=FUkkAsiGoqA
سریال دردسرهای شیرین - قسمت 5 | Serial Dardesarhaye Shirin - Part 5,https://www.youtube.com/watch?v=TnLfcipgVpw
سریال دردسرهای شیرین - قسمت 4 | Serial Dardesarhaye Shirin - Part 4,https://www.youtube.com/watch?v=yHRCC8Q_92w
سریال دردسرهای شیرین - قسمت 3 | Serial Dardesarhaye Shirin - Part 3,https://www.youtube.com/watch?v=PuoMyjvyzgU
سریال دردسرهای شیرین - قسمت 2 | Serial Dardesarhaye Shirin - Part 2,https://www.youtube.com/watch?v=h6JWKR3Xp-0
سریال دردسرهای شیرین - قسمت 1 | Serial Dardesarhaye Shirin - Part 1,https://www.youtube.com/watch?v=JIuTidspERk
سریال نون خ 1 - مرده شور بی تربیتی هستی | Serial Noon Kh 1 - Best Scene,https://www.youtube.com/watch?v=5FItcdR1-wA
سریال نون خ 1 - قسمت 10 | Serial Noon Kh 1 - Part 10,https://www.youtube.com/watch?v=efJddXjeL_A
Serial Noon Kh 2 - Best Scene | سریال نون خ 2 - داغون حجب و حیاتم,https://www.youtube.com/watch?v=B4a_fRSyenM
Serial Noon Kh 2 - Best Scene | سریال نون خ 2 - احساس عشق دارم,https://www.youtube.com/watch?v=MvDPUizwPKU
Serial Noon Kh 2 - Best Scene | سریال نون خ 2 - شبیه عقابی,https://www.youtube.com/watch?v=XWno1ShORNk
Serial Noon Kh 2 - Best Scene | سریال نون خ 2 - کیوان با اون حالش,https://www.youtube.com/watch?v=3GfaOOrQmMg
Serial Noon Kh 2 - Best Scene | سریال نون خ 2 - دارم کلفت بار بابات میکنم,https://www.youtube.com/watch?v=peNQY_PaZq0
Serial Noon Kh 2 - Best Scene | سریال نون خ 2 - وقتی گشنمه زیبایی نمیفهمم,https://www.youtube.com/watch?v=axVGejIB4po
Serial Moje Aval - Backstage | سریال موج اول -  پشت صحنه,https://www.youtube.com/watch?v=Rb7alYbUMJw
Serial Moje Aval - Part 11| سریال موج اول - قسمت 11 (قسمت آخر),https://www.youtube.com/watch?v=yDzaiYfPx68
Serial Moje Aval - Part 10 | سریال موج اول - قسمت 10,https://www.youtube.com/watch?v=p7N7LMzq048
Serial Moje Aval - Part 9 | سریال موج اول - قسمت 9,https://www.youtube.com/watch?v=gk3VkJDksN0
Serial Moje Aval - Part 8 | سریال موج اول - قسمت 8,https://www.youtube.com/watch?v=vsQhOfdcfHE
Serial Moje Aval - Part 7 | سریال موج اول - قسمت 7,https://www.youtube.com/watch?v=i0rM93DGFTQ
Serial Moje Aval - Part 6 | سریال موج اول - قسمت 6,https://www.youtube.com/watch?v=iuByx4MeO_o
Serial Moje Aval - Part 5 | سریال موج اول - قسمت 5,https://www.youtube.com/watch?v=jJBfefuw2Rs
رخ به رخ - منصور ضابطیان | Rokh Be Rokh,https://www.youtube.com/watch?v=CSDCYUtbV0Y
Serial Moje Aval - Part 4 | سریال موج اول - قسمت 4,https://www.youtube.com/watch?v=Q44l-qUgazE
Serial Moje Aval - Part 3 | سریال موج اول - قسمت 3,https://www.youtube.com/watch?v=aVQuGLsZCh8
Serial Moje Aval - Part 2 | سریال موج اول - قسمت 2,https://www.youtube.com/watch?v=nM8vr_QLG0Q
Serial Moje Aval - Part 1 | سریال موج اول - قسمت 1,https://www.youtube.com/watch?v=cTkK_KNUM0I
Serial Moje Aval - Teaser | سریال موج اول - تیزر,https://www.youtube.com/watch?v=Gm4wSYmnDak
رخ به رخ - فریبا متخصص | Rokh Be Rokh,https://www.youtube.com/watch?v=R8rPKM-AcxQ
رخ به رخ - بهروز رضوی | Rokh Be Rokh,https://www.youtube.com/watch?v=fs3EqP86YoM
رخ به رخ - حسین سلیمانی | Rokh Be Rokh,https://www.youtube.com/watch?v=a0s68cXdrBg
رخ به رخ - مسعود شجاعی | Rokh Be Rokh,https://www.youtube.com/watch?v=VXTw1GCbQSY
رخ به رخ - سیاوش طهمورث | Rokh Be Rokh,https://www.youtube.com/watch?v=fdxQI1_28t8
رخ به رخ - مسعود فراستی | Rokh Be Rokh,https://www.youtube.com/watch?v=kC9krI2Wv1A
رخ به رخ - حسن ریوندی | Rokh Be Rokh,https://www.youtube.com/watch?v=4uu0tEqVrow
Serial In Chand Nafar - Part 75 | سریال این چند نفر - قسمت 75,https://www.youtube.com/watch?v=Xpq5vjzsQfg
Serial In Chand Nafar - Part 74 | سریال این چند نفر - قسمت 74,https://www.youtube.com/watch?v=G6SdCbF4eVs
Serial Afra - Backstage | سریال افرا - پشت صحنه,https://www.youtube.com/watch?v=Fw-gHfrcHQg
Serial In Chand Nafar - Part 72 | سریال این چند نفر - قسمت 72,https://www.youtube.com/watch?v=YF2NcE1daP4
Serial In Chand Nafar - Part 71 | سریال این چند نفر - قسمت 71,https://www.youtube.com/watch?v=kHDSlghexes
Serial Afra - Part 38 | سریال افرا - قسمت 38 (قسمت آخر),https://www.youtube.com/watch?v=bmcyIis18XM
Serial In Chand Nafar - Part 70 | سریال این چند نفر - قسمت 70,https://www.youtube.com/watch?v=tRLBNZC2SEI
Serial Afra - Part 37 | سریال افرا - قسمت 37,https://www.youtube.com/watch?v=nhO-79CiMCQ
Serial In Chand Nafar - Part 69 | سریال این چند نفر - قسمت 69,https://www.youtube.com/watch?v=m2-hLnNm2lM
Serial In Chand Nafar - Part 68 | سریال این چند نفر - قسمت 68,https://www.youtube.com/watch?v=u2Vh_-9tBM8
Serial In Chand Nafar - Part 67 | سریال این چند نفر - قسمت 67,https://www.youtube.com/watch?v=mbRZa4f2XZE
Serial Afra - Part 36 | سریال افرا - قسمت 36,https://www.youtube.com/watch?v=OvSdlIz-Ao4
Serial In Chand Nafar - Part 66 | سریال این چند نفر - قسمت 66,https://www.youtube.com/watch?v=tzj-Dil6Izk
Serial Afra - Part 35 | سریال افرا - قسمت 35,https://www.youtube.com/watch?v=TFEeSVOsS_g
Serial In Chand Nafar - Part 65 | سریال این چند نفر - قسمت 65,https://www.youtube.com/watch?v=B_RYou6VCzA
Serial Afra - Part 34 | سریال افرا - قسمت 34,https://www.youtube.com/watch?v=8G_Yy2QUKBI
Serial In Chand Nafar - Part 64 | سریال این چند نفر - قسمت 64,https://www.youtube.com/watch?v=nyN_LYv5tsw
Serial Afra - Part 33 | سریال افرا - قسمت 33,https://www.youtube.com/watch?v=WeXbwOoBq4k
Serial In Chand Nafar - Part 63 | سریال این چند نفر - قسمت 63,https://www.youtube.com/watch?v=3oZ3WEwUudg
Serial Afra - Part 32 | سریال افرا - قسمت 32,https://www.youtube.com/watch?v=bAdndfOF5OI
Serial In Chand Nafar - Part 62 | سریال این چند نفر - قسمت 62,https://www.youtube.com/watch?v=rS2CEc8XPWU
Serial Afra - Part 31 | سریال افرا - قسمت 31,https://www.youtube.com/watch?v=JmXYrsF5DqA
Serial In Chand Nafar - Part 61 | سریال این چند نفر - قسمت 61,https://www.youtube.com/watch?v=XsVCUowvmqM
Serial In Chand Nafar - Part 60 | سریال این چند نفر - قسمت 60,https://www.youtube.com/watch?v=5Pa1TCWpV-4
Serial Afra - Part 30 | سریال افرا - قسمت 30,https://www.youtube.com/watch?v=pv-SQc6NGwA
Serial In Chand Nafar - Part 59 | سریال این چند نفر - قسمت 59,https://www.youtube.com/watch?v=hsJaQ6Ci-9c
Serial Afra - Part 29 | سریال افرا - قسمت 29,https://www.youtube.com/watch?v=KLH3DeA5kqU
Serial In Chand Nafar - Part 58 | سریال این چند نفر - قسمت 58,https://www.youtube.com/watch?v=Bjm7Jabi1SM
Serial Afra - Part 28 | سریال افرا - قسمت 28,https://www.youtube.com/watch?v=dHg8D9h5-Lg
Serial In Chand Nafar - Part 57 | سریال این چند نفر - قسمت 57,https://www.youtube.com/watch?v=TStuVjYo8Ok
Serial Afra - Part 27 | سریال افرا - قسمت 27,https://www.youtube.com/watch?v=BPgxUTEti5k
Serial In Chand Nafar - Part 56 | سریال این چند نفر - قسمت 56,https://www.youtube.com/watch?v=2S9o0HVvE6M
Serial Afra - Part 26 | سریال افرا - قسمت 26,https://www.youtube.com/watch?v=OFOC6D9mjdo
Serial In Chand Nafar - Part 55 | سریال این چند نفر - قسمت 55,https://www.youtube.com/watch?v=Cj7EkpTFgEI
Serial Afra - Part 25 | سریال افرا - قسمت 25,https://www.youtube.com/watch?v=7CK3Api8L34
Serial In Chand Nafar - Part 54 | سریال این چند نفر - قسمت 54,https://www.youtube.com/watch?v=ARBc2OOJDXY
Serial In Chand Nafar - Part 53 | سریال این چند نفر - قسمت 53,https://www.youtube.com/watch?v=A9Vt6l26hYY
Serial Afra - Part 24 | سریال افرا - قسمت 24,https://www.youtube.com/watch?v=hY7lxQ_iSzA
Serial In Chand Nafar - Part 52 | سریال این چند نفر - قسمت 52,https://www.youtube.com/watch?v=3M0SZfj7rzA
Serial Afra - Part 23 | سریال افرا - قسمت 23,https://www.youtube.com/watch?v=FtQWwsENlTs
Serial In Chand Nafar - Part 51 | سریال این چند نفر - قسمت 51,https://www.youtube.com/watch?v=zccQY3EQaOU
Serial Afra - Part 22 | سریال افرا - قسمت 22,https://www.youtube.com/watch?v=ZNL89DBUvHE
Serial In Chand Nafar - Part 50 | سریال این چند نفر - قسمت 50,https://www.youtube.com/watch?v=OqNxtA5sT4Y
Serial Afra - Part 21 | سریال افرا - قسمت 21,https://www.youtube.com/watch?v=kisSPPmyYbU
Serial In Chand Nafar - Part 49 | سریال این چند نفر - قسمت 49,https://www.youtube.com/watch?v=UeEZDTjg-FY
Serial Afra - Part 20 | سریال افرا - قسمت 20,https://www.youtube.com/watch?v=GuD9mK5Fipw
Serial In Chand Nafar - Part 48 | سریال این چند نفر - قسمت 48,https://www.youtube.com/watch?v=yw3mRKXMFpg
Serial Afra - Part 19 | سریال افرا - قسمت 19,https://www.youtube.com/watch?v=BIxcFEhh4QA
Serial In Chand Nafar - Part 47 | سریال این چند نفر - قسمت 47,https://www.youtube.com/watch?v=rHXCgZc4c9Y
Serial In Chand Nafar - Part 46 | سریال این چند نفر - قسمت 46,https://www.youtube.com/watch?v=VXwj7br95Pk
Serial Afra - Part 18 | سریال افرا - قسمت 18,https://www.youtube.com/watch?v=wIahikXKgYU
Serial In Chand Nafar - Part 45 | سریال این چند نفر - قسمت 45,https://www.youtube.com/watch?v=MADDckSvCC0
Serial Afra - Part 17 | سریال افرا - قسمت 17,https://www.youtube.com/watch?v=HflvUrPexAs
Serial In Chand Nafar - Part 44 | سریال این چند نفر - قسمت 44,https://www.youtube.com/watch?v=Mx69D595Im0
Serial Afra - Part 16 | سریال افرا - قسمت 16,https://www.youtube.com/watch?v=mYqU6C7Yln0
Serial In Chand Nafar - Part 43 | سریال این چند نفر - قسمت 43,https://www.youtube.com/watch?v=YC3B1w-w7NI
Serial Afra - Part 15 | سریال افرا - قسمت 15,https://www.youtube.com/watch?v=EJQB0IINlzI
Serial In Chand Nafar - Part 42 | سریال این چند نفر - قسمت 42,https://www.youtube.com/watch?v=_2pafWfDbik
Serial Afra - Part 14 | سریال افرا - قسمت 14,https://www.youtube.com/watch?v=qtbPDwFjp3M
Serial In Chand Nafar - Part 41 | سریال این چند نفر - قسمت 41,https://www.youtube.com/watch?v=v7UMSYqyZyE
Serial Afra - Part 13 | سریال افرا - قسمت 13,https://www.youtube.com/watch?v=UwrmPaMpKLU
Serial In Chand Nafar - Part 40 | سریال این چند نفر - قسمت 40,https://www.youtube.com/watch?v=KvkHwLq5Ay4
Serial In Chand Nafar - Part 39 | سریال این چند نفر - قسمت 39,https://www.youtube.com/watch?v=jqfTJoOVURU
Serial Afra - Part 12 | سریال افرا - قسمت 12,https://www.youtube.com/watch?v=iaj5BUgPVGY
Serial In Chand Nafar - Part 38 | سریال این چند نفر - قسمت 38,https://www.youtube.com/watch?v=KHubR5DQDJ4
Serial Afra - Part 11 | سریال افرا - قسمت 11,https://www.youtube.com/watch?v=z-VqZ0FmxUI
Serial In Chand Nafar - Part 37 | سریال این چند نفر - قسمت 37,https://www.youtube.com/watch?v=sewURFsfHSc
Serial Afra - Part 10 | سریال افرا - قسمت 10,https://www.youtube.com/watch?v=s09EPFD4DU4
Serial In Chand Nafar - Part 36 | سریال این چند نفر - قسمت 36,https://www.youtube.com/watch?v=Mjx_pGk3jXQ
Serial Afra - Part 9 | سریال افرا - قسمت 9,https://www.youtube.com/watch?v=5RyJX848MCk
Serial In Chand Nafar - Part 35 | سریال این چند نفر - قسمت 35,https://www.youtube.com/watch?v=XXX8ws-gmds
Serial Butimar - Part 2 | سریال بوتیمار - قسمت 2,https://www.youtube.com/watch?v=1T3S5751dbE
Serial Butimar - Part 1 | سریال بوتیمار - قسمت 1,https://www.youtube.com/watch?v=WDYDbECZCak
Serial Afra - Part 8 | سریال افرا - قسمت 8,https://www.youtube.com/watch?v=fQWF3RiHmSA
Serial In Chand Nafar - Part 34 | سریال این چند نفر - قسمت 34,https://www.youtube.com/watch?v=zENOfrlazCA
Serial Afra - Part 7 | سریال افرا - قسمت 7,https://www.youtube.com/watch?v=ADhxIsT8Kuc
Serial In Chand Nafar - Part 33 | سریال این چند نفر - قسمت 33,https://www.youtube.com/watch?v=t9-gKUbRSc0
Serial In Chand Nafar - Part 32 | سریال این چند نفر - قسمت 32,https://www.youtube.com/watch?v=MBNJwK-vmcw
Serial Afra - Part 6 | سریال افرا - قسمت 6,https://www.youtube.com/watch?v=ihCTF77UirU
Serial In Chand Nafar - Part 31 | سریال این چند نفر - قسمت 31,https://www.youtube.com/watch?v=YMkM1v-qocQ
Serial Afra - Part 5 | سریال افرا - قسمت 5,https://www.youtube.com/watch?v=1ACaffVAywQ
Serial In Chand Nafar - Part 30 | سریال این چند نفر - قسمت 30,https://www.youtube.com/watch?v=y0M3aVLTL3E
Serial Afra - Part 4 | سریال افرا - قسمت 4,https://www.youtube.com/watch?v=yrnDG3_RVyc
Serial In Chand Nafar - Part 29 | سریال این چند نفر - قسمت 29,https://www.youtube.com/watch?v=f1jnV_cJOiY
Serial Afra - Part 3 | سریال افرا - قسمت 3,https://www.youtube.com/watch?v=XV7sFiAtJNk
Serial In Chand Nafar - Part 28 | سریال این چند نفر - قسمت 28,https://www.youtube.com/watch?v=JIeW0IuMQgY
Serial Afra - Part 2 | سریال افرا - قسمت 2,https://www.youtube.com/watch?v=mtMFjNU6lEI
Serial In Chand Nafar - Part 27 | سریال این چند نفر - قسمت 27,https://www.youtube.com/watch?v=VLv6CcEfpcg
Serial Afra - Part 1 | سریال افرا - قسمت 1,https://www.youtube.com/watch?v=MlzIZCfz0Ug
Serial In Chand Nafar - Part 26 | سریال این چند نفر - قسمت 26,https://www.youtube.com/watch?v=KuTlqPL_khU
Serial In Chand Nafar - Part 21 | سریال این چند نفر - قسمت 21,https://www.youtube.com/watch?v=mYEwHW4FtvQ
Serial In Chand Nafar - Part 25 | سریال این چند نفر - قسمت 25,https://www.youtube.com/watch?v=QWwIbPSC9os
Serial In Chand Nafar - Part 24 | سریال این چند نفر - قسمت 24,https://www.youtube.com/watch?v=aPxaD7AHrSg
Serial In Chand Nafar - Part 23 | سریال این چند نفر - قسمت 23,https://www.youtube.com/watch?v=aV9bQ5TvO7Q
Serial In Chand Nafar - Part 22 | سریال این چند نفر - قسمت 22,https://www.youtube.com/watch?v=cidKeLvRius
Serial In Chand Nafar - Part 20 | سریال این چند نفر - قسمت 20,https://www.youtube.com/watch?v=xy3t7Z0aZkQ
Serial In Chand Nafar - Part 19 | سریال این چند نفر - قسمت 19,https://www.youtube.com/watch?v=9Pp0LcxlD10
Serial In Chand Nafar - Part 17 | سریال این چند نفر - قسمت 17,https://www.youtube.com/watch?v=4soXE5T80zE
Serial In Chand Nafar - Part 16 | سریال این چند نفر - قسمت 16,https://www.youtube.com/watch?v=p6X038zwANI
Serial In Chand Nafar - Part 15 | سریال این چند نفر - قسمت 15,https://www.youtube.com/watch?v=djxbZoaL-4s
Serial In Chand Nafar - Part 14 | سریال این چند نفر - قسمت 14,https://www.youtube.com/watch?v=NVdSY-4Ftww
Serial In Chand Nafar - Part 13 | سریال این چند نفر - قسمت 13,https://www.youtube.com/watch?v=6-Qttq8u8n4
Serial In Chand Nafar - Part 12 | سریال این چند نفر - قسمت 12,https://www.youtube.com/watch?v=gjjagt2w-Po
Serial In Chand Nafar - Part 11 | سریال این چند نفر - قسمت 11,https://www.youtube.com/watch?v=SEF4l9FUA5s
Serial In Chand Nafar - Part 10 | سریال این چند نفر - قسمت 10,https://www.youtube.com/watch?v=fZHqim-cg04
Serial In Chand Nafar - Part 9 | سریال این چند نفر - قسمت 9,https://www.youtube.com/watch?v=LQIyHjPwm-4
Serial In Chand Nafar - Part 8 | سریال این چند نفر - قسمت 8,https://www.youtube.com/watch?v=ssI0lWnUh6w
Serial In Chand Nafar - Part 6 | سریال این چند نفر - قسمت 6,https://www.youtube.com/watch?v=4li__cVawYI
Serial In Chand Nafar - Part 5 | سریال این چند نفر - قسمت 5,https://www.youtube.com/watch?v=GGs8cfOurcY
Serial In Chand Nafar - Part 4 | سریال این چند نفر - قسمت 4,https://www.youtube.com/watch?v=TdN4WBqnmQM
Serial In Chand Nafar - Part 3 | سریال این چند نفر - قسمت 3,https://www.youtube.com/watch?v=Hh58a3I76lY
Serial In Chand Nafar - Part 2 | سریال این چند نفر - قسمت 2,https://www.youtube.com/watch?v=SU0FqlDXuKc
Serial In Chand Nafar - Part 1 | سریال این چند نفر - قسمت 1,https://www.youtube.com/watch?v=TS4Wub4RrIw
Serial Khosh Neshinha - Part 20 | سریال خوش نشین ها - قسمت 20,https://www.youtube.com/watch?v=FUTIF6JclSo
سریال خوش نشین ها - قسمت 7 | Serial Khosh Neshinha - Part 7,https://www.youtube.com/watch?v=4F_KjW8-_Ac
Serial Khosh Neshinha - Part 27 | سریال خوش نشین ها - قسمت 27,https://www.youtube.com/watch?v=4JWHKQaJFwI
سریال خوش نشین ها - قسمت 8 | Serial Khosh Neshinha - Part 8,https://www.youtube.com/watch?v=6-3mW6Xz0RA
سریال خوش نشین ها - قسمت 1 | Serial Khosh Neshinha - Part 1,https://www.youtube.com/watch?v=6D8hAuCmSlQ
Serial Khosh Neshinha - Part 18 | سریال خوش نشین ها - قسمت 18,https://www.youtube.com/watch?v=707q8CPSP14
Serial Khosh Neshinha - Part 24 | سریال خوش نشین ها - قسمت 24,https://www.youtube.com/watch?v=7Bhgnnu9rK4
سریال خوش نشین ها - قسمت 10 | Serial Khosh Neshinha - Part 10,https://www.youtube.com/watch?v=EYLk_1o8hBc
سریال خوش نشین ها - قسمت 4 | Serial Khosh Neshinha - Part 4,https://www.youtube.com/watch?v=GQL7pVGYOa8
سریال خوش نشین ها - قسمت 3 | Serial Khosh Neshinha - Part 3,https://www.youtube.com/watch?v=NLc486SJKOs
سریال خوش نشین ها - قسمت 11 | Serial Khosh Neshinha - Part 11,https://www.youtube.com/watch?v=Z9XoC9-Xubw
سریال خوش نشین ها - قسمت 12 | Serial Khosh Neshinha - Part 12,https://www.youtube.com/watch?v=ebjYTxGnxSc
Serial Khosh Neshinha - Part 21 | سریال خوش نشین ها - قسمت 21,https://www.youtube.com/watch?v=fUFYV58ZICo
Serial Khosh Neshinha - Part 22 | سریال خوش نشین ها - قسمت 22,https://www.youtube.com/watch?v=oOo7T6ncUuY
Serial Khosh Neshinha - Part 14 | سریال خوش نشین ها - قسمت 14,https://www.youtube.com/watch?v=u5m5G9_MF-0
سریال خوش نشین ها - قسمت 2 | Serial Khosh Neshinha - Part 2,https://www.youtube.com/watch?v=3I41kbiZUO0
Serial Khosh Neshinha - Part 28 | سریال خوش نشین ها - قسمت 28,https://www.youtube.com/watch?v=6I8Y2ZbpR1E
Serial Khosh Neshinha - Part 17 | سریال خوش نشین ها - قسمت 17,https://www.youtube.com/watch?v=AdmBHB6S2jI
Serial Khosh Neshinha - Part 26 | سریال خوش نشین ها - قسمت 26,https://www.youtube.com/watch?v=QwEGf6SVmlg
سریال خوش نشین ها - قسمت 6 | Serial Khosh Neshinha - Part 6,https://www.youtube.com/watch?v=UJ3tsCN4A2g
Serial Khosh Neshinha - Part 25 | سریال خوش نشین ها - قسمت 25,https://www.youtube.com/watch?v=Wu2ah7BLh3Y
سریال خوش نشین ها - قسمت 13 | Serial Khosh Neshinha - Part 13,https://www.youtube.com/watch?v=hSx2qaAl1AE
Serial Khosh Neshinha - Part 19 | سریال خوش نشین ها - قسمت 19,https://www.youtube.com/watch?v=qkGK2rfJPEY
سریال خوش نشین ها - قسمت 9 | Serial Khosh Neshinha - Part 9,https://www.youtube.com/watch?v=sIV_1NqNQNg
سریال خوش نشین ها - قسمت 5 | Serial Khosh Neshinha - Part 5,https://www.youtube.com/watch?v=tgL8Tk8hYbE
Serial Khosh Neshinha - Part 23 | سریال خوش نشین ها - قسمت 23,https://www.youtube.com/watch?v=vsMAIx0_7QM
Serial Khosh Neshinha - Part 15 | سریال خوش نشین ها - قسمت 15,https://www.youtube.com/watch?v=ylWFGkfKfNI
Serial Khosh Neshinha - Part 16 | سریال خوش نشین ها - قسمت 16,https://www.youtube.com/watch?v=zE_2Bb73g5g
Serial Butimar - Part 20 | سریال بوتیمار - قسمت 20 (قسمت آخر),https://www.youtube.com/watch?v=k6kpfoXMP7Q
Serial Butimar - Part 19 | سریال بوتیمار - قسمت 19,https://www.youtube.com/watch?v=IDKSdwFoHJY
Serial Butimar - Part 18 | سریال بوتیمار - قسمت 18,https://www.youtube.com/watch?v=IxnK0TCXNJI
Serial Butimar - Part 17 | سریال بوتیمار - قسمت 17,https://www.youtube.com/watch?v=bOb6tEvsHZc
Serial Butimar - Part 16 | سریال بوتیمار - قسمت 16,https://www.youtube.com/watch?v=KrbPSMBmFkA
Serial Butimar - Part 15 | سریال بوتیمار - قسمت 15,https://www.youtube.com/watch?v=sPBs1S-Criw
Serial Butimar - Part 14 | سریال بوتیمار - قسمت 14,https://www.youtube.com/watch?v=cu6hDCnj2PQ
Serial Butimar - Part 13 | سریال بوتیمار - قسمت 13,https://www.youtube.com/watch?v=aiYflO4Py2c
Serial Butimar - Part 12 | سریال بوتیمار - قسمت 12,https://www.youtube.com/watch?v=UZNatm2SVXs
Serial Butimar - Part 11 | سریال بوتیمار - قسمت 11,https://www.youtube.com/watch?v=3iRVaY9X7gI
Serial Torsh o Shirin - Part 15 | سریال ترش و شیرین - قسمت 15,https://www.youtube.com/watch?v=-upndORPNyQ
Serial Torsh o Shirin - Part 11 | سریال ترش و شیرین - قسمت 11,https://www.youtube.com/watch?v=29Z1meNZrHw
Serial Torsh o Shirin - Part 14 | سریال ترش و شیرین - قسمت 14,https://www.youtube.com/watch?v=InB0tIEHbSg
Serial Torsh o Shirin - Part 12 | سریال ترش و شیرین - قسمت 12,https://www.youtube.com/watch?v=J1dBn1NQQ7I
Serial Torsh o Shirin - Part 13 | سریال ترش و شیرین - قسمت 13,https://www.youtube.com/watch?v=QZBETO7J8Ao
Serial Torsh o Shirin - Part 1 | سریال ترش و شیرین - قسمت 1,https://www.youtube.com/watch?v=XsiNTJh-Yxo
Serial Torsh o Shirin - Part 3 | سریال ترش و شیرین - قسمت 3,https://www.youtube.com/watch?v=lMHOpt1ch68
Serial Torsh o Shirin - Part 4 | سریال ترش و شیرین - قسمت 4,https://www.youtube.com/watch?v=lmYuxlHfesw
Serial Torsh o Shirin - Part 16 | سریال ترش و شیرین - قسمت 16,https://www.youtube.com/watch?v=lusm5msYQPE
Serial Torsh o Shirin - Part 6 | سریال ترش و شیرین - قسمت 6,https://www.youtube.com/watch?v=pfRcBxO2cRQ
Serial Torsh o Shirin - Part 8 | سریال ترش و شیرین - قسمت 8,https://www.youtube.com/watch?v=DEdXU4HVc54
Serial Torsh o Shirin - Part 10 | سریال ترش و شیرین - قسمت 10,https://www.youtube.com/watch?v=GXO6L8xtbWI
Serial Torsh o Shirin - Part 5 | سریال ترش و شیرین - قسمت 5,https://www.youtube.com/watch?v=TYS6J_o1jLQ
Serial Torsh o Shirin - Part 2 | سریال ترش و شیرین - قسمت 2,https://www.youtube.com/watch?v=X0-O633X2Uc
Serial Torsh o Shirin - Part 7 | سریال ترش و شیرین - قسمت 7,https://www.youtube.com/watch?v=aqgwvWp9gdE
Serial Torsh o Shirin - Part 9 | سریال ترش و شیرین - قسمت 9,https://www.youtube.com/watch?v=u7edspN4lRw
Serial Butimar - Part 10 | سریال بوتیمار - قسمت 10,https://www.youtube.com/watch?v=RDuFlfHNDZU
Serial Butimar - Part 9 | سریال بوتیمار - قسمت 9,https://www.youtube.com/watch?v=FlXszGm2bJg
Serial Butimar - Part 8 | سریال بوتیمار - قسمت 8,https://www.youtube.com/watch?v=2YFSsdWgYMs
Serial Butimar - Part 7 | سریال بوتیمار - قسمت 7,https://www.youtube.com/watch?v=Z9UNcuzlITk
Serial Butimar - Part 6 | سریال بوتیمار - قسمت 6,https://www.youtube.com/watch?v=xbljNJNrBZM
Serial Butimar - Part 5 | سریال بوتیمار - قسمت 5,https://www.youtube.com/watch?v=YeQtM8uUyj4
Serial Butimar - Part 4 | سریال بوتیمار - قسمت 4,https://www.youtube.com/watch?v=r5wouH_0PvQ
Serial Butimar - Part 3 | سریال بوتیمار - قسمت 3,https://www.youtube.com/watch?v=kKe4_p3CtFU
Serial Butimar - Teaser | سریال بوتیمار - تیزر,https://www.youtube.com/watch?v=jL_w2qnNVKM
Serial Achmaz - Part 4 | سریال آچمز - قسمت 4,https://www.youtube.com/watch?v=7wkBO6vQY4M
Serial Achmaz - Part 16 | سریال آچمز - قسمت 16,https://www.youtube.com/watch?v=O_zsfhINLjU
Serial Achmaz - Part 32 | سریال آچمز - قسمت 32,https://www.youtube.com/watch?v=VCK5Vr7ypv4
Serial Achmaz - Part 1 | سریال آچمز - قسمت 1,https://www.youtube.com/watch?v=VbjOet1tc1g
Serial Achmaz - Part 6 | سریال آچمز - قسمت 6,https://www.youtube.com/watch?v=f72xyzZP-Go
Serial Achmaz - Part 9 | سریال آچمز - قسمت 9,https://www.youtube.com/watch?v=jU-XJfMKMYA
Serial Achmaz - Part 5 | سریال آچمز - قسمت 5,https://www.youtube.com/watch?v=nWC3CObQE0U
Serial Achmaz - Part 13 | سریال آچمز - قسمت 13,https://www.youtube.com/watch?v=ue2RFjzn1vY
Serial Achmaz - Part 3 | سریال آچمز - قسمت 3,https://www.youtube.com/watch?v=67gy1EHO30I
Serial Achmaz - Part 11 | 1سریال آچمز - قسمت 1,https://www.youtube.com/watch?v=A1Rio1UOeJo
Serial Achmaz - Part 14 | سریال آچمز - قسمت 14,https://www.youtube.com/watch?v=AJMD1g5vhv4
Serial Achmaz - Part 2 | سریال آچمز - قسمت 2,https://www.youtube.com/watch?v=FVp126yIm-s
Serial Achmaz - Part 7 | سریال آچمز - قسمت 7,https://www.youtube.com/watch?v=GC4plD7878Y
Serial Achmaz - Part 31 | سریال آچمز - قسمت 31,https://www.youtube.com/watch?v=NgM5_FhstE4
Serial Achmaz - Part 15 | سریال آچمز - قسمت 15,https://www.youtube.com/watch?v=OIffG9z_dnY
Serial Achmaz - Part 30 | سریال آچمز - قسمت 30,https://www.youtube.com/watch?v=QMtO7XuGYQ0
Serial Achmaz - Part 25 | سریال آچمز - قسمت 25,https://www.youtube.com/watch?v=YFwXzgeWGec
Serial Achmaz - Part 21 | سریال آچمز - قسمت 21,https://www.youtube.com/watch?v=ZCSaqdLjYRI
Serial Achmaz - Part 10 | سریال آچمز - قسمت 10,https://www.youtube.com/watch?v=Zc_4hlCdXEI
Serial Achmaz - Part 20 | سریال آچمز - قسمت 20,https://www.youtube.com/watch?v=_Qj0aYAuEqU
Serial Achmaz - Part 12 | سریال آچمز - قسمت 12,https://www.youtube.com/watch?v=eGNCKI6PZT8
Serial Achmaz - Part 18 | سریال آچمز - قسمت 18,https://www.youtube.com/watch?v=ek-x0r0lWjI
Serial Achmaz - Part 19 | سریال آچمز - قسمت 19,https://www.youtube.com/watch?v=hjXdIR-_w6o
Serial Achmaz - Part 8 | سریال آچمز - قسمت 8,https://www.youtube.com/watch?v=qkctc5a2hwg
Serial Achmaz - Part 17 | سریال آچمز - قسمت 17,https://www.youtube.com/watch?v=zWD9NOJ9h5M
سریال شرایط خاص - قسمت 16 | Serial Sharayete Khas - Part 16,https://www.youtube.com/watch?v=0YxyeRNRe80
سریال شرایط خاص - قسمت 12 | Serial Sharayete Khas - Part 12,https://www.youtube.com/watch?v=1K6wCOXNSpE
سریال شرایط خاص - قسمت 6 | Serial Sharayete Khas - Part 6,https://www.youtube.com/watch?v=8SPjMz3r2ek
سریال شرایط خاص - قسمت 1 | Serial Sharayete Khas - Part 1,https://www.youtube.com/watch?v=DCznUhnlQck
سریال شرایط خاص - قسمت 11 | Serial Sharayete Khas - Part 11,https://www.youtube.com/watch?v=MLkcwybKYTg
سریال شرایط خاص - قسمت 8 | Serial Sharayete Khas - Part 8,https://www.youtube.com/watch?v=Modue4dfUDY
سریال شرایط خاص - قسمت 5 | Serial Sharayete Khas - Part 5,https://www.youtube.com/watch?v=Qem7eQHm9xY
سریال شرایط خاص - قسمت 17 | Serial Sharayete Khas - Part 17,https://www.youtube.com/watch?v=bl1nsK3dtSM
سریال شرایط خاص - قسمت 13 | Serial Sharayete Khas - Part 13,https://www.youtube.com/watch?v=kk1mZ6PO_6Y
سریال شرایط خاص - قسمت 9 | Serial Sharayete Khas - Part 9,https://www.youtube.com/watch?v=luyFaPj4z5w
سریال شرایط خاص - قسمت 15 | Serial Sharayete Khas - Part 15,https://www.youtube.com/watch?v=mILyvZF0tz0
سریال شرایط خاص - قسمت 4 | Serial Sharayete Khas - Part 4,https://www.youtube.com/watch?v=owA72xgJgmU
سریال شرایط خاص - قسمت 10 | Serial Sharayete Khas - Part 10,https://www.youtube.com/watch?v=sejt9m9aGgs
سریال شرایط خاص - قسمت 3 | Serial Sharayete Khas - Part 3,https://www.youtube.com/watch?v=shxi73cnILc
سریال شرایط خاص - قسمت 7 | Serial Sharayete Khas - Part 7,https://www.youtube.com/watch?v=yijHy6geOV0
سریال شرایط خاص - قسمت 14 | Serial Sharayete Khas - Part 14,https://www.youtube.com/watch?v=6F7bBJ-D3pA
سریال شرایط خاص - قسمت 2 | Serial Sharayete Khas - Part 2,https://www.youtube.com/watch?v=CRvfuw3vRV0
سریال شرایط خاص - قسمت 18 (قسمت آخر) | Serial Sharayete Khas - Part 18,https://www.youtube.com/watch?v=nAgleLJIFEs
Serial Be Range Khak - Teaser | سریال به رنگ خاک - تیزر,https://www.youtube.com/watch?v=DYzq6Zay3lo
سریال علی البدل - تیزر | Serial Alal Badal - Teaser,https://www.youtube.com/watch?v=tBUnoHDFrFI
Serial Akhare Khat - Teaser | سریال آخر خط - تیزر,https://www.youtube.com/watch?v=25HxlG7rZCI
سریال زیر هم‌کف - تیزر | Serial Zire Hamkaf - Teaesr,https://www.youtube.com/watch?v=GFQdqBQuQcY
Serial Padari - teaser | سریال پادری - تیزر,https://www.youtube.com/watch?v=UtqJLjLn7ZA
Serial Hekayathaye Kamal - Teaser l سریال حکایت‌ های کمال - تیزر,https://www.youtube.com/watch?v=84drKT7gPgM
سریال نون خ 2 - تیزر | Serial Noon Kh 2 - Teaser,https://www.youtube.com/watch?v=auO1_2DIUSM
سریال نون خ 1 - تیزر | Serial Noon Kh 1 - Teaser,https://www.youtube.com/watch?v=SJvXlrvPieg
سریال زیر هم‌کف - قسمت 23 | Serial Zire Hamkaf - Part 23,https://www.youtube.com/watch?v=B_XOP3vmiHE
سریال زیر هم‌کف - قسمت 22 | Serial Zire Hamkaf - Part 22,https://www.youtube.com/watch?v=jG0V45U3yUY
سریال زیر هم‌کف - قسمت 21 | Serial Zire Hamkaf - Part 21,https://www.youtube.com/watch?v=lSX1RYLgar0
سریال زیر هم‌کف - قسمت 20 | Serial Zire Hamkaf - Part 20,https://www.youtube.com/watch?v=oQDpQBsl0nE
سریال زیر هم‌کف - قسمت 19 | Serial Zire Hamkaf - Part 19,https://www.youtube.com/watch?v=qGcvyDGT7b0
سریال زیر هم‌کف - قسمت 18 | Serial Zire Hamkaf - Part 18,https://www.youtube.com/watch?v=gKUSp8ep_zY
سریال زیر هم‌کف - قسمت 17 | Serial Zire Hamkaf - Part 17,https://www.youtube.com/watch?v=lEcJxOs9OL8
سریال زیر هم‌کف - قسمت 16 | Serial Zire Hamkaf - Part 16,https://www.youtube.com/watch?v=E73DPH_vi_Y
سریال زیر هم‌کف - قسمت 15 | Serial Zire Hamkaf - Part 15,https://www.youtube.com/watch?v=hJ6_NzSBwoI
سریال زیر هم‌کف - قسمت 14 | Serial Zire Hamkaf - Part 14,https://www.youtube.com/watch?v=irGcuGZAIDk
سریال زیر هم‌کف - قسمت 13 | Serial Zire Hamkaf - Part 13,https://www.youtube.com/watch?v=Gca2-q6PJmo
سریال زیر هم‌کف - قسمت 12 | Serial Zire Hamkaf - Part 12,https://www.youtube.com/watch?v=xnPkJBBMMYY
سریال زیر هم‌کف - قسمت 11 | Serial Zire Hamkaf - Part 11,https://www.youtube.com/watch?v=wUALZKUXEJU
سریال زیر هم‌کف - قسمت 10 | Serial Zire Hamkaf - Part 10,https://www.youtube.com/watch?v=YfVgshYdRWE
سریال زیر هم‌کف - قسمت 9 | Serial Zire Hamkaf - Part 9,https://www.youtube.com/watch?v=K1bptgOwBC4
سریال زیر هم‌کف - قسمت 8 | Serial Zire Hamkaf - Part 8,https://www.youtube.com/watch?v=KCLF2xyJWLg
سریال زیر هم‌کف - قسمت 7 | Serial Zire Hamkaf - Part 7,https://www.youtube.com/watch?v=MXE2HxekfwI
سریال زیر هم‌کف - قسمت 6 | Serial Zire Hamkaf - Part 6,https://www.youtube.com/watch?v=wHWrtIWBTvM
سریال زیر هم‌کف - قسمت 5 | Serial Zire Hamkaf - Part 5,https://www.youtube.com/watch?v=JpOhynMNAXs
سریال زیر هم‌کف - قسمت 4 | Serial Zire Hamkaf - Part 4,https://www.youtube.com/watch?v=mow9_wt3lxE
سریال زیر هم‌کف - قسمت 3 | Serial Zire Hamkaf - Part 3,https://www.youtube.com/watch?v=0rHwJGRM7Qk
سریال زیر هم‌کف - قسمت 2 | Serial Zire Hamkaf - Part 2,https://www.youtube.com/watch?v=aNDWszThxGU
سریال زیر هم‌کف - قسمت 1 | Serial Zire Hamkaf - Part 1,https://www.youtube.com/watch?v=0yDmYB7dhXA
سریال علی البدل - قسمت 14 | Serial Alal Badal - Part 14,https://www.youtube.com/watch?v=IFXYrYlkCO4
سریال علی البدل - قسمت 13 | Serial Alal Badal - Part 13,https://www.youtube.com/watch?v=AKhU-ipULfU
سریال علی البدل - قسمت 12 | Serial Alal Badal - Part 12,https://www.youtube.com/watch?v=4VybkWAs0PE
سریال علی البدل - قسمت 11 | Serial Alal Badal - Part 11,https://www.youtube.com/watch?v=8_xs3w13z58
سریال علی البدل - قسمت 10 | Serial Alal Badal - Part 10,https://www.youtube.com/watch?v=ySSg2XsHh0g
سریال علی البدل - قسمت 9 | Serial Alal Badal - Part 9,https://www.youtube.com/watch?v=dVL-WvAeMbk
سریال علی البدل - قسمت 8 | Serial Alal Badal - Part 8,https://www.youtube.com/watch?v=JVas49gGS9Q
سریال علی البدل - قسمت 7 | Serial Alal Badal - Part 7,https://www.youtube.com/watch?v=FiH8f49HNP8
سریال علی البدل - قسمت 6 | Serial Alal Badal - Part 6,https://www.youtube.com/watch?v=LyaTkBlUZfs
سریال علی البدل - قسمت 5 | Serial Alal Badal - Part 5,https://www.youtube.com/watch?v=NWaeIQe-6QQ
Serial Padari - Part 20 | سریال پادری - قسمت 20,https://www.youtube.com/watch?v=oObzDvPJdmc
Serial Padari - Part 19 | سریال پادری - قسمت 19,https://www.youtube.com/watch?v=uPzPRXf9paY
سریال علی البدل - قسمت 4 | Serial Alal Badal - Part 4,https://www.youtube.com/watch?v=WShJCTpkw-s
سریال علی البدل - قسمت 3 | Serial Alal Badal - Part 3,https://www.youtube.com/watch?v=3EzAE6N6ysU
سریال علی البدل - قسمت 2 | Serial Alal Badal - Part 2,https://www.youtube.com/watch?v=4lMQPrBas3g
سریال علی البدل - قسمت 1 | Serial Alal Badal - Part 1,https://www.youtube.com/watch?v=yiJtZ9uRgII
Serial Padari - Part 18 | سریال پادری - قسمت 18,https://www.youtube.com/watch?v=kUi2If2k4cc
Serial Padari - Part 17 | سریال پادری - قسمت 17,https://www.youtube.com/watch?v=1qjEzunx0k0
Serial Padari - Part 16 | سریال پادری - قسمت 16,https://www.youtube.com/watch?v=HEj1SZS4HLE
Serial Padari - Part 15 | سریال پادری - قسمت 15,https://www.youtube.com/watch?v=r80s9HRpKBI
Serial Padari - Part 10 | سریال پادری - قسمت 10,https://www.youtube.com/watch?v=UBGEiejtBww
Serial Padari - Part 14 | سریال پادری - قسمت 14,https://www.youtube.com/watch?v=hSvw7iFw2nU
Serial Padari - Part 13 | سریال پادری - قسمت 13,https://www.youtube.com/watch?v=40M9RKcSVCg
Serial Padari - Part 12 | سریال پادری - قسمت 12,https://www.youtube.com/watch?v=KJp33aTG-Ng
Serial Padari - Part 11 | سریال پادری - قسمت 11,https://www.youtube.com/watch?v=AIkO5ZkjK7o
Serial Padari - Part 7 | سریال پادری - قسمت 7,https://www.youtube.com/watch?v=90uz2vD_51g
Serial Padari - Part 8 | سریال پادری - قسمت 8,https://www.youtube.com/watch?v=mNU0TnfFlJI
Serial Padari - Part 6 | سریال پادری - قسمت 6,https://www.youtube.com/watch?v=JGD3jgcp5ao
Serial Padari - Part 9 | سریال پادری - قسمت 9,https://www.youtube.com/watch?v=m6oU_ExlsUw
Serial Padari - Part 4 | سریال پادری - قسمت 4,https://www.youtube.com/watch?v=9ZxWhTBZxFk
Serial Padari - Part 3 | سریال پادری - قسمت 3,https://www.youtube.com/watch?v=xQSULIW9DHk
Serial Padari - Part 2 | سریال پادری - قسمت 2,https://www.youtube.com/watch?v=2rLg7ZiEirw
Serial Padari - Part 1 | سریال پادری - قسمت 1,https://www.youtube.com/watch?v=X-l7MVy3R6w
Serial Padari - Part 5 | سریال پادری - قسمت 5,https://www.youtube.com/watch?v=qVF8U9YIEbU
Serial Be Range Khak - Part 34 | سریال به رنگ خاک - قسمت 34,https://www.youtube.com/watch?v=Xq2X2pHak0k
Serial Be Range Khak - Part 33 | سریال به رنگ خاک - قسمت 33,https://www.youtube.com/watch?v=5YFlP47NGFs
Serial Be Range Khak - Part 32 | سریال به رنگ خاک - قسمت 32,https://www.youtube.com/watch?v=YUVqnlFtUl0
Serial Be Range Khak - Part 31 | سریال به رنگ خاک - قسمت 31,https://www.youtube.com/watch?v=iOn8SSpqDj8
Serial Be Range Khak - Part 30 | سریال به رنگ خاک - قسمت 30,https://www.youtube.com/watch?v=yITiBQ5aCK4
Serial Be Range Khak - Part 29 | سریال به رنگ خاک - قسمت 29,https://www.youtube.com/watch?v=JCU_dthSgAY
Serial Be Range Khak - Part 28 | سریال به رنگ خاک - قسمت 28,https://www.youtube.com/watch?v=wrHhMpFMDag
Serial Be Range Khak - Part 27 | سریال به رنگ خاک - قسمت 27,https://www.youtube.com/watch?v=it9LeNkjnoE
Serial Be Range Khak - Part 26 | سریال به رنگ خاک - قسمت 26,https://www.youtube.com/watch?v=JJ05MLaeo1g
Serial Be Range Khak - Part 25  | سریال به رنگ خاک - قسمت 25,https://www.youtube.com/watch?v=FuTajTH3aYw
Serial Be Range Khak - Part 24  | سریال به رنگ خاک - قسمت 24,https://www.youtube.com/watch?v=jV4brN6XrU4
Serial Be Range Khak - Part 23 | سریال به رنگ خاک - قسمت 23,https://www.youtube.com/watch?v=QaQPicGSYdQ
Serial Be Range Khak - Part 22 | سریال به رنگ خاک - قسمت 22,https://www.youtube.com/watch?v=nLAwKAjg-Uk
Serial Be Range Khak - Part 21 | سریال به رنگ خاک - قسمت 21,https://www.youtube.com/watch?v=pXh25e8QgLQ
Serial Be Range Khak - Part 19 | سریال به رنگ خاک - قسمت 19,https://www.youtube.com/watch?v=A9nOZ-6vDr8
Serial Be Range Khak - Part 18 | سریال به رنگ خاک - قسمت 18,https://www.youtube.com/watch?v=WhAfr7_TBRo
Serial Be Range Khak - Part 17 | سریال به رنگ خاک - قسمت 17,https://www.youtube.com/watch?v=Zl9a4IIk1Po
Serial Be Range Khak - Part 16 | سریال به رنگ خاک - قسمت 16,https://www.youtube.com/watch?v=PD3gACbfO3k
Serial Be Range Khak - Part 20 | سریال به رنگ خاک - قسمت 20,https://www.youtube.com/watch?v=A2Y9lGO7HJA
Serial Be Range Khak - Part 15 | سریال به رنگ خاک - قسمت 15,https://www.youtube.com/watch?v=YmAyi2L8MmQ
Serial Be Range Khak - Part 14 | سریال به رنگ خاک - قسمت 14,https://www.youtube.com/watch?v=lexqCYr7g5o
Serial Be Range Khak - Part 13 | سریال به رنگ خاک - قسمت 13,https://www.youtube.com/watch?v=WKJo2KYWGaM
Serial Be Range Khak - Part 12 | سریال به رنگ خاک - قسمت 12,https://www.youtube.com/watch?v=Gjg9OX38OUo
Serial Be Range Khak - Part 11 | سریال به رنگ خاک - قسمت 11,https://www.youtube.com/watch?v=86XcSxgFep8
Serial Be Range Khak - Part 10 | سریال به رنگ خاک - قسمت 10,https://www.youtube.com/watch?v=czSMoraSY5M
Serial Be Range Khak - Part 9 | سریال به رنگ خاک - قسمت 9,https://www.youtube.com/watch?v=peu_O72YUG0
Serial Be Range Khak - Part 8 | سریال به رنگ خاک - قسمت 8,https://www.youtube.com/watch?v=ye0GEFsZq0c
Serial Be Range Khak - Part 7 | سریال به رنگ خاک - قسمت 7,https://www.youtube.com/watch?v=BdMAcWnwnrg
Serial Be Range Khak - Part 6 | سریال به رنگ خاک - قسمت 6,https://www.youtube.com/watch?v=2VPejzZwJX8
Serial Be Range Khak - Part 5 | سریال به رنگ خاک - قسمت 5,https://www.youtube.com/watch?v=tAXi_ZxMDug
Serial Be Range Khak - Part 4 | سریال به رنگ خاک - قسمت 4,https://www.youtube.com/watch?v=o2S5o7sljfw
Serial Be Range Khak - Part 3 | سریال به رنگ خاک - قسمت 3,https://www.youtube.com/watch?v=5QBX-bjrfAI
Serial Be Range Khak - Part 2 | سریال به رنگ خاک - قسمت 2,https://www.youtube.com/watch?v=VAssXhWUwPI
Serial Be Range Khak - Part 1 | سریال به رنگ خاک - قسمت 1,https://www.youtube.com/watch?v=SmjhZxgcd_I
Serial Hekayathaye Kamal - Part 31 l سریال حکایت‌ های کمال - قسمت 31,https://www.youtube.com/watch?v=2fmlUwc-0dw
Serial Hekayathaye Kamal - Part 32 l سریال حکایت‌ های کمال - قسمت 32,https://www.youtube.com/watch?v=PNiDc1EWWMM
Serial Hekayathaye Kamal - Part 33 l سریال حکایت‌ های کمال - قسمت 33,https://www.youtube.com/watch?v=Sk9_2FTKxis
Serial Hekayathaye Kamal - Part 28 l سریال حکایت‌ های کمال - قسمت 28,https://www.youtube.com/watch?v=c_CAsfqXWLc
Serial Hekayathaye Kamal - Part 27 l سریال حکایت‌ های کمال - قسمت 27,https://www.youtube.com/watch?v=sk8J5sedsXM
Serial Hekayathaye Kamal - Part 26 l سریال حکایت‌ های کمال - قسمت 26,https://www.youtube.com/watch?v=wtiZ3nQj07k
Serial Hekayathaye Kamal   Part 30   نسخه اصلی سریال حکایت‌ های کمال   قسمت 30,https://www.youtube.com/watch?v=-LkSGRGEVoc
Serial Hekayathaye Kamal - Part 29 l سریال حکایت‌ های کمال - قسمت 29,https://www.youtube.com/watch?v=1JB4XNNC3FU
Serial Hekayathaye Kamal - Part 22  l سریال حکایت‌ های کمال - قسمت 22,https://www.youtube.com/watch?v=c6Un3O_rY1Y
Serial Hekayathaye Kamal - Part 21 l سریال حکایت‌ های کمال - قسمت 21,https://www.youtube.com/watch?v=sjG7OuDCTmo
Serial Hekayathaye Kamal - Part 25 l سریال حکایت‌ های کمال - قسمت 25,https://www.youtube.com/watch?v=DXsFS4zjAaQ
Serial Hekayathaye Kamal - Part 24 l سریال حکایت‌ های کمال - قسمت 24,https://www.youtube.com/watch?v=XQRyQcGLAkQ
Serial Hekayathaye Kamal - Part 23 l سریال حکایت‌ های کمال - قسمت 23,https://www.youtube.com/watch?v=tVzag3xhFP8
Serial Hekayathaye Kamal - Part 17  l سریال حکایت‌ های کمال - قسمت 17,https://www.youtube.com/watch?v=gEJfwSw4tIg
Serial Hekayathaye Kamal - Part 16 l سریال حکایت‌ های کمال - قسمت 16,https://www.youtube.com/watch?v=9LGrV4oOQno
Serial Hekayathaye Kamal - Part 20 l سریال حکایت‌ های کمال - قسمت 20,https://www.youtube.com/watch?v=nkhqgsnmhPs
Serial Hekayathaye Kamal - Part 19 l سریال حکایت‌ های کمال - قسمت 19,https://www.youtube.com/watch?v=6F1JJfMutWg
Serial Hekayathaye Kamal - Part 18 l سریال حکایت‌ های کمال - قسمت 18,https://www.youtube.com/watch?v=sKeaTTR4CLc
Serial Hekayathaye Kamal - Part 14 l سریال حکایت‌ های کمال - قسمت 14,https://www.youtube.com/watch?v=gZuba3MnOUs
Serial Hekayathaye Kamal - Part 13 l سریال حکایت‌ های کمال - قسمت 13,https://www.youtube.com/watch?v=LhSDHO1NVRE
Serial Hekayathaye Kamal - Part 12 l سریال حکایت‌ های کمال - قسمت 12,https://www.youtube.com/watch?v=x095zKDA4vY
Serial Hekayathaye Kamal - Part 11 l سریال حکایت‌ های کمال - قسمت 11,https://www.youtube.com/watch?v=wRYpUhjQyIw
Serial Hekayathaye Kamal - Part 15 l سریال حکایت‌ های کمال - قسمت 15,https://www.youtube.com/watch?v=1jlRvctNNjU
Serial Hekayathaye Kamal - Part 10 l سریال حکایت‌ های کمال - قسمت 10,https://www.youtube.com/watch?v=ORxQiKJdmrM
Serial Hekayathaye Kamal - Part 9 l سریال حکایت‌ های کمال - قسمت 9,https://www.youtube.com/watch?v=TLeIBzYdxCg
Serial Hekayathaye Kamal - Part 8 l سریال حکایت‌ های کمال - قسمت 8,https://www.youtube.com/watch?v=ZcWY4CiW6p0
Serial Hekayathaye Kamal - Part 7 l سریال حکایت‌ های کمال - قسمت 7,https://www.youtube.com/watch?v=I2yVQdHgIRM
Serial Hekayathaye Kamal - Part 6 l سریال حکایت‌ های کمال - قسمت 6,https://www.youtube.com/watch?v=2HCbnehRIXo
Serial Hekayathaye Kamal - Part 4 l سریال حکایت‌ های کمال - قسمت 4,https://www.youtube.com/watch?v=WeJIF1POCYU
Serial Hekayathaye Kamal - Part 3 l سریال حکایت‌ های کمال - قسمت 3,https://www.youtube.com/watch?v=sIDIo5aPXmY
Serial Hekayathaye Kamal - Part 2 l سریال حکایت‌ های کمال - قسمت 2,https://www.youtube.com/watch?v=Y6E1bfn8rts
Serial Hekayathaye Kamal - Part 1 l سریال حکایت‌ های کمال - قسمت 1,https://www.youtube.com/watch?v=zWoEmrIhvio
Serial Hekayathaye Kamal - Part 5 l سریال حکایت‌ های کمال - قسمت 5,https://www.youtube.com/watch?v=B3M_DXM0xZc
سریال نون خ 2 - قسمت 14 | Serial Noon Kh 2 - Part 14,https://www.youtube.com/watch?v=yHWjSrCy2y8
سریال نون خ 2 - قسمت 13 | Serial Noon Kh 2 - Part 13,https://www.youtube.com/watch?v=J15Q0RWBG4k
سریال نون خ 2 - قسمت 12 | Serial Noon Kh 2 - Part 12,https://www.youtube.com/watch?v=RqbkoqPLfDE
سریال نون خ 2 - قسمت 11 | Serial Noon Kh 2 - Part 11,https://www.youtube.com/watch?v=EZYwGSN3nIA
سریال نون خ 2 - قسمت 10 | Serial Noon Kh 2 - Part 10,https://www.youtube.com/watch?v=lAeExrBGSmE
سریال نون خ 2 - قسمت 9 | Serial Noon Kh 2 - Part 9,https://www.youtube.com/watch?v=Slvb7BH-TmQ
سریال نون خ 2 - قسمت 8 | Serial Noon Kh 2 - Part 8,https://www.youtube.com/watch?v=WzvbEuzdXeM
سریال نون خ 2 - قسمت 7 | Serial Noon Kh 2 - Part 7,https://www.youtube.com/watch?v=6HpNo6NKDS0
سریال نون خ 2 - قسمت 6 | Serial Noon Kh 2 - Part 6,https://www.youtube.com/watch?v=4EKpc1YiT04
سریال نون خ 2 - قسمت 5 | Serial Noon Kh 2 - Part 5,https://www.youtube.com/watch?v=D-Otp1gpw5E
سریال نون خ 2 - قسمت 4 | Serial Noon Kh 2 - Part 4,https://www.youtube.com/watch?v=ZgeOo2FChik
سریال نون خ 2 - قسمت 3 | Serial Noon Kh 2 - Part 3,https://www.youtube.com/watch?v=38XB4gqiM04
سریال نون خ 2 - قسمت 2 | Serial Noon Kh 2 - Part 2,https://www.youtube.com/watch?v=OR3zBKX-1s0
سریال نون خ 2 - قسمت 1 | Serial Noon Kh 2 - Part 1,https://www.youtube.com/watch?v=uCplImk12Ow
سریال نون خ 1 - قسمت 14 | Serial Noon Kh 1 - Part 14,https://www.youtube.com/watch?v=3CF0tXl7-Vo
سریال نون خ 1 - قسمت 13 | Serial Noon Kh 1 - Part 13,https://www.youtube.com/watch?v=VYI8XAtCaDg
سریال نون خ 1 - قسمت 12 | Serial Noon Kh 1 - Part 12,https://www.youtube.com/watch?v=M2BEYL5kv0s
سریال نون خ 1 - قسمت 15 | Serial Noon Kh 1 - Part 15,https://www.youtube.com/watch?v=ODCeb8uEDy4
سریال نون خ 1 - قسمت 11 | Serial Noon Kh 1 - Part 11,https://www.youtube.com/watch?v=b09CbrBBrvE
سریال نون خ 1 - قسمت 9 | Serial Noon Kh 1 - Part 9,https://www.youtube.com/watch?v=kLH9Yn4iL1o
سریال نون خ 1 - قسمت 8 | Serial Noon Kh 1 - Part 8,https://www.youtube.com/watch?v=loh837P7UV4
سریال نون خ 1 - قسمت 7 | Serial Noon Kh 1 - Part 7,https://www.youtube.com/watch?v=kycYykIRwj4
سریال نون خ 1 - قسمت 6 | Serial Noon Kh 1 - Part 6,https://www.youtube.com/watch?v=Kk2KMFMqP94
سریال نون خ 1 - قسمت 5 | Serial Noon Kh 1 - Part 5,https://www.youtube.com/watch?v=lsIFYNS5I74
سریال نون خ 1 - قسمت 4 | Serial Noon Kh 1 - Part 4,https://www.youtube.com/watch?v=RZH2mfl9mdo
سریال نون خ 1 - قسمت 3 | Serial Noon Kh 1 - Part 3,https://www.youtube.com/watch?v=O09zPOzMHOU
سریال نون خ 1 - قسمت 2 | Serial Noon Kh 1 - Part 2,https://www.youtube.com/watch?v=JCS_yJEJBWA
سریال نون خ 1 - قسمت 1 | Serial Noon Kh 1 - Part 1,https://www.youtube.com/watch?v=Mp0BxEU3rlY
Serial Akhare Khat - Part 26 | سریال آخر خط - قسمت 26,https://www.youtube.com/watch?v=6GISWhOsF90
Serial Akhare Khat - Part 25 | سریال آخر خط - قسمت 25,https://www.youtube.com/watch?v=ZA5VCa_sNEw
Serial Akhare Khat - Part 24 | سریال آخر خط - قسمت 24,https://www.youtube.com/watch?v=1DfvBA3M0zo
Serial Akhare Khat - Part 23 | سریال آخر خط - قسمت 23,https://www.youtube.com/watch?v=y9uE2nt-oJU
Serial Akhare Khat - Part 22 | سریال آخر خط - قسمت 22,https://www.youtube.com/watch?v=Xem1eOHhPGk
Serial Akhare Khat - Part 21 | سریال آخر خط - قسمت 21,https://www.youtube.com/watch?v=qD7e79k-3tU
Serial Akhare Khat - Part 20 | سریال آخر خط - قسمت 20,https://www.youtube.com/watch?v=YCZh4JkrIdk
Serial Akhare Khat - Part 19 | سریال آخر خط - قسمت 19,https://www.youtube.com/watch?v=dVRFeU8eRtQ
Serial Akhare Khat - Part 18 | سریال آخر خط - قسمت 18,https://www.youtube.com/watch?v=1Hg0_n4oHRA
Serial Akhare Khat - Part 17 | سریال آخر خط - قسمت 17,https://www.youtube.com/watch?v=MDnSqdhNtzc
Serial Akhare Khat - Part 16 | سریال آخر خط - قسمت 16,https://www.youtube.com/watch?v=bxu4xMjmnnU
Serial Akhare Khat - Part 15 | سریال آخر خط - قسمت 15,https://www.youtube.com/watch?v=YL05n7lkK9A
Serial Akhare Khat - Part 11 | سریال آخر خط - قسمت 11,https://www.youtube.com/watch?v=WFvx_l9UPuA
Serial Akhare Khat - Part 14 | سریال آخر خط - قسمت 14,https://www.youtube.com/watch?v=WJGB6G8neBQ
Serial Akhare Khat - Part 13 | سریال آخر خط - قسمت 13,https://www.youtube.com/watch?v=lD3K0f_hc2k
Serial Akhare Khat - Part 12 | سریال آخر خط - قسمت 12,https://www.youtube.com/watch?v=6Vxw90AfrPc
Serial Akhare Khat - Part 9 | سریال آخر خط - قسمت 9,https://www.youtube.com/watch?v=D8QRqIauiVQ
Serial Akhare Khat - Part 7 | سریال آخر خط - قسمت 7,https://www.youtube.com/watch?v=7EXEm0jMbZs
Serial Akhare Khat - Part 10 | سریال آخر خط - قسمت 10,https://www.youtube.com/watch?v=8pLSuDVMh0c
Serial Akhare Khat - Part 8 | سریال آخر خط - قسمت 8,https://www.youtube.com/watch?v=grBxMAWRD_Q
Serial Akhare Khat - Part 6 | سریال آخر خط - قسمت 6,https://www.youtube.com/watch?v=lVtiOhNVRsY
Serial Akhare Khat - Part 5 | سریال آخر خط - قسمت 5,https://www.youtube.com/watch?v=O-LbIbE_iUo
Serial Akhare Khat - Part 4 | سریال آخر خط - قسمت 4,https://www.youtube.com/watch?v=nyHaviBh7iQ
Serial Akhare Khat - Part 3 | سریال آخر خط - قسمت 3,https://www.youtube.com/watch?v=5qNCTHT-1Pk
Serial Akhare Khat - Part 2 | سریال آخر خط - قسمت 2,https://www.youtube.com/watch?v=otaNH9Y1IKA
Serial Akhare Khat - Part 1 | سریال آخر خط - قسمت 1,https://www.youtube.com/watch?v=i6mxHZl70DM