title,url
خورشید شب | روایت زندگی شیخ مفید با هنرمندی محمدعلی کشاورز | Khorside Shab - Full Movie,https://www.youtube.com/watch?v=f4uDCHhY1WQ
آنخماهو به یوسف: غیر ممکن است که زلیخا جوان شود,https://www.youtube.com/watch?v=-lOzFy5LGO4
آنخماهو به یوسف: من احمق نیستم که باور کنم,https://www.youtube.com/watch?v=B8yWVYQ23YI
زلیخا به آسنات: تو با یوسف چه نسبتی داری؟,https://www.youtube.com/watch?v=V8JUYOCJWPQ
لاوی: چرا حس می کنم که یوزارسیف را میشناسم؟,https://www.youtube.com/watch?v=lZSicgq0pv8
یوسف: آیا شما آن برادرِ گرگ خورده را دوست میداشتید؟,https://www.youtube.com/watch?v=2w-93xIdiKg
یوزارسیف: پس پدرتان علاقه زیادی به یوسف داشته!,https://www.youtube.com/watch?v=S_Kconfl2aA
فیلم سینمایی پرده‌نشین | ویشکا آسایش، فرهاد آئیش، محسن کیایی و حامد کمیلی | Pardeh Neshin,https://www.youtube.com/watch?v=aeLjuQfPElY
یوسف: دیگر هیچکدام از برادرانم را نمی شناسم,https://www.youtube.com/watch?v=F9SSlaVA-Ak
اجازه ورود و مهمان نوازی عزیز مصر از بنی اسرائیل,https://www.youtube.com/watch?v=OZ6UNlxFgso
باخبر شدنِ یوسف از ورود برادرانش به مصر,https://www.youtube.com/watch?v=AqJUAylrl-I
دعوای بنی اسرائیل در بدو ورود به مصر,https://www.youtube.com/watch?v=HtyZPRiGQmQ
یوسف: آمون به آسمان عروج کرد یا درون چاه سقوط؟,https://www.youtube.com/watch?v=ZhLeh7WoaI0
آمون از شما انتقام خواهد گرفت یوزارسیف!,https://www.youtube.com/watch?v=jAKgfq9_WVw
فرعون وقتٍ مصر: معبد آمون را تسخیر کن!,https://www.youtube.com/watch?v=t4zQDsLVZDU
شورش در معبد آمون و حصر آنخماهو از ترسِ یوسف,https://www.youtube.com/watch?v=FwlVxMn_Chg
فیلم سینمایی بوعلی سینا | روایتی ماندگار از زندگی بزرگ‌ترین دانشمند ایران | Bu Ali Sina Full Movie,https://www.youtube.com/watch?v=kDCnEoWyedo
شکست معبد آمون با ورود یوسف به میدان,https://www.youtube.com/watch?v=8n85v3X5I5A
یوسف و استهزا بت پرستان در ملا عام!,https://www.youtube.com/watch?v=ASpL_mxf098
یوسف: ممکن است مجبور به خاموش کردن فتنه ها شویم,https://www.youtube.com/watch?v=QEwHKl3BmH4
پاسخ یوسف به کاهنان درخصوص یاری به دیگر ملتها,https://www.youtube.com/watch?v=p_VezwnvsNM
همه مرا به اسمِ مصری ام می شناسند نه یوسف!,https://www.youtube.com/watch?v=UEXY7HprHjc
مجبور شدن کاهنان به خرید گندمِ گران از دولت یوسف,https://www.youtube.com/watch?v=0zSIWkn3VRI
فیلم سینمایی هزاردستان | روایت قدرت، خیانت و سیاست در تهران قدیم | محمدعلی کشاورز و علی نصیریان,https://www.youtube.com/watch?v=TRoCb1FrOI4
وقتی یوسف به فرعون وقتِ مصر اجازه صحبت نداد,https://www.youtube.com/watch?v=ran-OT8Nj4g
فرعونِ وقت به یوسف: آرزویم خداپرستی مصر است,https://www.youtube.com/watch?v=CJRzQXR7T34
بوسف و حکمتِ نشناختن چهره ی زلیخا در خواب,https://www.youtube.com/watch?v=vYDlvUzwvvs
ضعیف شدن چشمان یعقوب از گریه به یوسف,https://www.youtube.com/watch?v=J0U_nu33Qf0
راز پرداختِ ماه به ماه گندم توسط دولت یوزارسیف,https://www.youtube.com/watch?v=8rFBYAnvVAM
شما قدرت یوزارسیف و خدایش را تایید می کنید؟,https://www.youtube.com/watch?v=OF3sKwp9KXA
یوسف و خبرِ آغاز قحطی مصر و توصیه به آغاز صرفه جویی,https://www.youtube.com/watch?v=cnwpwXhLgPE
اندوه یوسف از نبودنِ یعقوبِ نبی در مراسم عروسی,https://www.youtube.com/watch?v=iAgdaCMZWQo
سریال تاریخی امام علی (ع) – قسمت 22 (با کیفیت عالی) - قسمت آخر | Serial Emam Ali – Part 22 [4K],https://www.youtube.com/watch?v=7tEzhxZw-Oc
مراسم اردواج یوسف در حضور آخناتون فرعونِ وقتِ مصر,https://www.youtube.com/watch?v=7VZPy5RxFtE
باید همین امروز به دیدن آسنات بروی یوزارسیف!,https://www.youtube.com/watch?v=InaSYkp7ejI
فیلم سینمایی نقش و نقاش | روایتی متفاوت از نگاه یک کودک به تعزیه | Naghsh va Naghash - Full movie,https://www.youtube.com/watch?v=i-oMFSTGePg
سریال تاریخی امام علی (ع) – قسمت 21 (با کیفیت عالی) | Serial Emam Ali – Part 21 [4K],https://www.youtube.com/watch?v=BiGNyfnFfbA
احضار یوسف به قصر توسط آخناتون,https://www.youtube.com/watch?v=Nt7UE1EIfKg
نابودی گندم معبد مطابق با پیش بینی یوسف,https://www.youtube.com/watch?v=y_VyBqg8yj0
سریال تاریخی امام علی (ع) – قسمت 20 (با کیفیت عالی) | Serial Emam Ali – Part 20 [4K],https://www.youtube.com/watch?v=JJs0ovPFAGM
شادی آخناتون از شنیندن پیش بینی یوسف!,https://www.youtube.com/watch?v=kjdtqh3FVg4
یوسف و فرستادن خبرِ نابودی گندمِ معبد به آخناتون,https://www.youtube.com/watch?v=YmtRlKJR90Y
سریال تاریخی امام علی (ع) – قسمت 19 (با کیفیت عالی) | Serial Emam Ali – Part 19 [4K],https://www.youtube.com/watch?v=2JiA3tlaZZQ
تفنگ سرپر | با بازی حمیدرضا پگاه، خسرو شکیبایی و فتحعلی اویسی | فیلم کامل | Tofange Sarpor,https://www.youtube.com/watch?v=ntq1Bwk_t7w
دقت کاشتِ یوسف در طی هفت سالِ فراوانی,https://www.youtube.com/watch?v=L2mK-KFMsh0
یوسف و راز سیلو های هفت گانه,https://www.youtube.com/watch?v=hCF-t162YX8
پیشبینی یوسف از عاقبت معبد بت پرستانِ مصر,https://www.youtube.com/watch?v=K23xjBYlkUc
وجود یوزارسیف برابر است با نابودی معبد آمون,https://www.youtube.com/watch?v=8eeFhMkTe0s
سریال تاریخی امام علی (ع) – قسمت 18 (با کیفیت عالی) | Serial Emam Ali – Part 18 [4K],https://www.youtube.com/watch?v=2o2grxhhNZU
یوسف: مردم با شمشیر هیچ آیینی را نمیپذیرند,https://www.youtube.com/watch?v=Td6Dd4UlhB4
خداوند پیامبرش را نگهداری میکند و ماهم یوزارسیف را,https://www.youtube.com/watch?v=SL4Qe5PxjCs
سریال تاریخی امام علی (ع) – قسمت 17 (با کیفیت عالی) | Serial Emam Ali – Part 17 [4K],https://www.youtube.com/watch?v=XMJSV7rydw4
هشدارِ یوسف به حاکم از تبعات حمله زودهنگام به معبد,https://www.youtube.com/watch?v=TFU23degBxM
پادشاه در پیِ خدایِ یوسف و همسرش در پیِ او,https://www.youtube.com/watch?v=AfsCXxlBZHI
سریال تاریخی امام علی (ع) – قسمت 16 (با کیفیت عالی) | Serial Emam Ali – Part 16 [4K],https://www.youtube.com/watch?v=mDOmC3XZSnU
فیلم سینمایی طفلان مسلم | روایت جانسوز شهادت فرزندان حضرت مسلم | Teflane Moslem Full HD,https://www.youtube.com/watch?v=c5gi564ejak
آخناتنون به یوسف: هیچکس لایق تر از شما نیست,https://www.youtube.com/watch?v=AvRFv5mqBDk
تدبیرِ یوسف در مشورت با مردم برای مخارج قحطی,https://www.youtube.com/watch?v=3L0Jxf3jENc
سریال تاریخی امام علی (ع) – قسمت 15 (با کیفیت عالی) | Serial Emam Ali – Part 15 [4K],https://www.youtube.com/watch?v=uyzV0iMDWIs
یوسف به حاکم: شما صاحب اموال معبد آمون میشوید,https://www.youtube.com/watch?v=Ary4mOulGVg
حاکم مصر: خداوند یگانه یوسف چه کارها که نمیکند!,https://www.youtube.com/watch?v=ks9JbhVfRjU
سریال تاریخی امام علی (ع) – قسمت 14 (با کیفیت عالی) | Serial Emam Ali – Part 14 [4K],https://www.youtube.com/watch?v=nLrAWoqYVTM
مالک به یوسف: نبیِ خدا رهبر من است!,https://www.youtube.com/watch?v=MsfrbsdGZas
ممانعت یوسف از تعظیم دیگران به خود,https://www.youtube.com/watch?v=tWj5bqvvLe0
سریال تاریخی امام علی (ع) – قسمت 13 (با کیفیت عالی) | Serial Emam Ali – Part 13 [4K],https://www.youtube.com/watch?v=L6nxi7596Hk
بانوی سردار | فیلم سینمایی زندگی بی‌بی مریم بختیاری با بازی پانته‌آ سیروس | Banooye Sardar Full HD,https://www.youtube.com/watch?v=zP18Tgs-9NI
یوسف: ظاهرتان در برابر قلب پاکتان اهمیتی ندارد!,https://www.youtube.com/watch?v=XN60ly6Z3Ao
انتصاب یوسف به بالاترین مقام مصرِ باستان,https://www.youtube.com/watch?v=ECn1iUaAUEc
سریال تاریخی امام علی (ع) – قسمت 12 (با کیفیت عالی) | Serial Emam Ali – Part 12 [4K],https://www.youtube.com/watch?v=HgSmYLD9U6A
یوسف و انتقام نگرفتن از زلیخا و پوتیفار,https://www.youtube.com/watch?v=FJQQbGP4Tnw
دانش سرشار یوسف و شکست معبد در تفسیر خواب,https://www.youtube.com/watch?v=PVpozxM6Qx8
سریال تاریخی امام علی (ع) – قسمت 11 (با کیفیت عالی) | Serial Emam Ali – Part 11 [4K],https://www.youtube.com/watch?v=LjiaGImRabo
یوسف: انچه من تاویل کنم بی شک اتفاق می افتد,https://www.youtube.com/watch?v=HxRzZ7voo6A
عجز خوابگزاران از تعبیر خوابِ حاکم در حضور یوسف,https://www.youtube.com/watch?v=MbyfQF5PUfw
سریال تاریخی امام علی (ع) – قسمت 10 (با کیفیت عالی) | Serial Emam Ali – Part 10 [4K],https://www.youtube.com/watch?v=ilz8meg2LLk
درخواست یوسف از حاکم برای بخشش زنان مصری,https://www.youtube.com/watch?v=8IIs9HSlC94
خودداری یوسف از سوار شدن بر تختِ روان,https://www.youtube.com/watch?v=xRWIHpp3gG8
سریال تاریخی امام علی (ع) – قسمت 9 (با کیفیت عالی) | Serial Emam Ali – Part 9 [4K],https://www.youtube.com/watch?v=zlzIloT1EKQ
ستارخان | فیلم کامل | روایت حماسه سردار ملی در روزهای پایانی زندگی | Sattar Khan - Full Movie,https://www.youtube.com/watch?v=2gCiPM77mzQ
اعتراف زلیخا به بیگناهی یوسف!,https://www.youtube.com/watch?v=ZK47IVIHA6U
یوسف: من از زندان خارج نخواهم شد!,https://www.youtube.com/watch?v=A7j4tEyJ9dY
سریال تاریخی امام علی (ع) – قسمت 8 (با کیفیت عالی) | Serial Emam Ali – Part 8 [4K],https://www.youtube.com/watch?v=GJTvkX-PANM
حاکم مصر: یوزارسیف را از زندان پیش من بیاورید!,https://www.youtube.com/watch?v=bDp5HNheZVA
تعبیر خوابِ حاکم مصر توسط یوسفِ زندانی,https://www.youtube.com/watch?v=3tYxihmyaNI
سریال تاریخی امام علی (ع) – قسمت 7 (با کیفیت عالی) | Serial Emam Ali – Part 7 [4K],https://www.youtube.com/watch?v=7kSlqkam2qU
یه یاد آمدنِ یوسف توسط ساقی دربار بعد از هفت سال,https://www.youtube.com/watch?v=Me7G0vXnp3E
یوسف: حاکمِ جدید مصر از دیگران صالح تر است,https://www.youtube.com/watch?v=ctOEKvhe2F8
سریال تاریخی امام علی (ع) – قسمت 6 (با کیفیت عالی) | Serial Emam Ali – Part 6 [4K],https://www.youtube.com/watch?v=BXV42sSL7iQ
حاکم مصر: معبدِ آمون با وجود زنِ من شکست نمیخورد,https://www.youtube.com/watch?v=Ppb1T86-kaY
پیشبینی یوسف از رهایی نینیفر از زندان,https://www.youtube.com/watch?v=HRuczkIZbZY
سریال تاریخی امام علی (ع) – قسمت 5 (با کیفیت عالی) | Serial Emam Ali – Part 5 [4K],https://www.youtube.com/watch?v=AcRK7dlD_Zg
یوسف: گاه انبیا در هدایت مردم موفق نبودند,https://www.youtube.com/watch?v=D1Dqz4WRETA
یوسف: من خواب را تأویل می کنم و نه تعبیر!,https://www.youtube.com/watch?v=kbDeJ-oIMv0
سریال تاریخی امام علی (ع) – قسمت 4 (با کیفیت عالی) | Serial Emam Ali – Part 4 [4K],https://www.youtube.com/watch?v=OKRjcX07aRw
یوسف: من از خداوند پوزش می طلبم,https://www.youtube.com/watch?v=IOgcr6GB0SQ
لحظه غفلت یوسف از یادِ خدا,https://www.youtube.com/watch?v=VkZ5crKMXXk
یعقوب: حس میکنم که آن زندانی یوسفِ من است,https://www.youtube.com/watch?v=RULHGfoRYl0
من به زلیخا حق می دهم که شیفته یوزارسیف شود!,https://www.youtube.com/watch?v=hvLNs2u85_U
سریال تاریخی امام علی (ع) – قسمت 3 (با کیفیت عالی) | Serial Emam Ali – Part 3 [4K],https://www.youtube.com/watch?v=zh4pNXujJ4Q
سریال تاریخی امام علی (ع) – قسمت 2 (با کیفیت عالی) | Serial Emam Ali – Part 2 [4K],https://www.youtube.com/watch?v=jFUX6Tdqz-k
یوسف: به بزرگِ کنعان بگو صبر پیشه کند,https://www.youtube.com/watch?v=bImhymbm4Aw
تعبیرخواب یوسف از سرنوشت ساقی و آشپز,https://www.youtube.com/watch?v=pCLFp1VkL-U
سریال تاریخی امام علی (ع) – قسمت 1 (با کیفیت عالی) | Serial Emam Ali – Part 1 [4K],https://www.youtube.com/watch?v=yazR5smvMEo
بعثت یوسف پیامبر در زندان,https://www.youtube.com/watch?v=xLmm6FTXmfE
یوسف و پیشگویی غذای زندانیان,https://www.youtube.com/watch?v=G8zEDxhKi-Y
یوسف و بخشیدن شکنجه گرِ خود,https://www.youtube.com/watch?v=_wD7jzyCa4A
اصرار زلیخا به آزارِ یوزارسیف در زندان,https://www.youtube.com/watch?v=1pm6oI1dcA4
حسرت پوتیفار از زندانی شدن یوسف,https://www.youtube.com/watch?v=oqp-Gy3bhSY
اعتصاب زندانیان در حمایت از فداکاریِ یوسف,https://www.youtube.com/watch?v=Ku4YVvtjY9U
بخشش غذای یوسف به زندانیانِ زاویرا,https://www.youtube.com/watch?v=Nx_i7a7Siy8
یوسف: برای من قصرِ پوتیفار زندان بود. نه اینجا!,https://www.youtube.com/watch?v=mtEwiVnDwAQ
یوسف: تو همان دزدی هستی که به زندان انداختم,https://www.youtube.com/watch?v=SmJGHgRg-8E
ادب شدن اوباش زندان توسط یوسفِ نیرومند!,https://www.youtube.com/watch?v=qvfn6A2cWWg
یافتن خائن از بین ساقی و آشپزِ حاکم مصر,https://www.youtube.com/watch?v=atY_IiJt9uk
برملا شدن توطئه قتلِ حاکمِ مصر توسط ساقی,https://www.youtube.com/watch?v=sdPATJqZSBE
وصفِ زنان مصر از جمالِ یوسف!,https://www.youtube.com/watch?v=Z5m4LeOIHak
ورود یوسف به مجلسِ زنانِ و بریدن انگشتان,https://www.youtube.com/watch?v=XcR__tzY70I
رازِ مجازات نشدن زلیخا توسط شوهرش پوتیفار,https://www.youtube.com/watch?v=pwYby9asH5w
یوسف: با زندان از دامِ زنان مصر نجات می یابم!,https://www.youtube.com/watch?v=373Vqmwrob8
زندانی کردنِ یوزارسیف دهانِ یاوه گویان را می بندد,https://www.youtube.com/watch?v=gTnXqNfbZxA
انتشارِ داستانِ یوزارسیف و زلیخا در شهر,https://www.youtube.com/watch?v=Os2kb_IMyLE
یوزارسیف: من شاهد دارم!,https://www.youtube.com/watch?v=LgHOsRrqETA
فرار یوسف از دست زلیخا و دیدن پوتیفار,https://www.youtube.com/watch?v=od5bmUHBauw
یوسف و رفتن شیطان به جِلد زلیخا,https://www.youtube.com/watch?v=gbzpdN2so1M
مشکوک شدن پوتیفار به یوسف و زلیخا,https://www.youtube.com/watch?v=8bq0LSWJNto
هدیه مروارید زلیخا به یوزارسیفِ جوان,https://www.youtube.com/watch?v=R7XGX772YS4
من هم جای زلیخا بودم، یوزارسیف را پنهان میکردم,https://www.youtube.com/watch?v=OwZjyIKJmEs
یوسف به زلیخا: به نگاه زنان توجهی نمی کنم,https://www.youtube.com/watch?v=43f4JcovG-0
زلیخا به یوزارسیف: تا به حال عاشق شده ای؟,https://www.youtube.com/watch?v=GCWEei8CuJ0
زلیخا: برای یوزارسیف از دست زنان مصری بیمناک ام,https://www.youtube.com/watch?v=TJdj515HkX0
پیش بینی یوسف درمورد نقشه قتلِ حاکم مصر,https://www.youtube.com/watch?v=t18IhrxR0BY
انتصاب یوزارسیفُ جوان به اداره قصرِ پوتیفار,https://www.youtube.com/watch?v=DzBXA81iFHs
قدرتِ یوزارسیفِ زیبا و جوان در شمشیرزنی,https://www.youtube.com/watch?v=_J2tWEr_3y4
تعظیمِ ناخودآگاه حاکم آینده مصر به یوسف,https://www.youtube.com/watch?v=goJzAuxHkKc
پاسخ زیبای یوزارسیفِ جوان به حاکم مصر,https://www.youtube.com/watch?v=jPBfsaC_Ubs
زلیخا: در برابر یوسف احساس عجز کردم,https://www.youtube.com/watch?v=y8kGk291qd8
یوسف: ما از آمون بی نیازتر هستیم,https://www.youtube.com/watch?v=2JGpzl0xQ8I
عزرائیل به یعقوب: یوسف در دنیای مردگان نیست,https://www.youtube.com/watch?v=FrBlQubobe0
یوسف آمون را لایق دشمنی هم نمیداند,https://www.youtube.com/watch?v=11vjSmfG5d4
حمایت پوتیفار از یوسف: کاهنان میخورند و پروار میشوند,https://www.youtube.com/watch?v=WEbnVRS2-Sc
مهربانی یوسف در دلجویی از خدمتکار,https://www.youtube.com/watch?v=_ohXakAzPFg
یوسف و استهزا کاهنان معبد در آشپزخانه,https://www.youtube.com/watch?v=utufmrmSe8I
حیله یوسف در پیدا کردن دزد جواهر,https://www.youtube.com/watch?v=Ggxb3OwxHw4
یوسف: خدایانتان نیازمند جا و مکان اند؟,https://www.youtube.com/watch?v=QL88HPIbMRQ
خنده ی زلیخا از تعظیم یوسف,https://www.youtube.com/watch?v=W4MVPQzvJz4
من یوسف، از نسل ابراهیم خلیل الله هستم,https://www.youtube.com/watch?v=B_yIyaT5KWk
یوسف و زلیخا | از عشق زمینی تا عشق الهی | فیلم کامل | (4K) Yousuf va Zuleikha Full Movie,https://www.youtube.com/watch?v=J3GhByMhGBE
عشق در نگاهِ اولِ زلیخا به یوسف,https://www.youtube.com/watch?v=dDxcSllmuJ8
لحظه فروش یوسف به پوتیفار، عزیز مصر,https://www.youtube.com/watch?v=7KlpHD-b91U
فرشته وحی: از بردگی غمگین نشو، یوسف!,https://www.youtube.com/watch?v=75dtCZDSHjI
محمد رسول‌الله (4K Ultra HD) | شاهکار تاریخی و مذهبی مجید مجیدی | فیلم کامل | Mohammad Rasulollah,https://www.youtube.com/watch?v=OfSgPncki_A
معرفی مالک، از نوادگان اسماعیل به یوسف,https://www.youtube.com/watch?v=XuZzQGe8-UE
یوسف را جایی ببرید که هیچگاه نتواند بازگردد,https://www.youtube.com/watch?v=agdXDkxiCEA
حیرت کاروانیان از زیبایی یوسف!,https://www.youtube.com/watch?v=5sN5xekr6G0
اینها مأمور نجات تو هستند، یوسف!,https://www.youtube.com/watch?v=BXji5mCxMhs
شیرین شدن آب چاهِ یوسف برای کاروانیان,https://www.youtube.com/watch?v=52DO1pKmGiY
اراده خدا بر خوابیدن یوسف و نشنیدن صدای پدر,https://www.youtube.com/watch?v=aRVUKbwOOh4
بنی اسرائیل چون یوسف به دیگر انبیا ستم خواهند کرد,https://www.youtube.com/watch?v=ELw_IqhjMlQ
فرشتهِ وحی: سلام بر یوسف صدیق!,https://www.youtube.com/watch?v=ovkBJZuQJ5Y
چرا پس پیراهن خونینِ یوسف سالم است؟,https://www.youtube.com/watch?v=NrtN4XFidwY
پشت صحنه باورنکردنی فیلم محمد رسول‌الله | بزرگ‌ترین پروژه تاریخ سینمای ایران,https://www.youtube.com/watch?v=H8xSpyjLDp4
یعقوب به یوسف: این پیراهن از بهشت برای ابراهیم آمده,https://www.youtube.com/watch?v=UqoO_mYPA5w
خشم یعقوب از دسیسه های مادرِ یهودا,https://www.youtube.com/watch?v=evEA3GZU3zE
خشم یهودا از ندانستن خواب یوسف,https://www.youtube.com/watch?v=ROjoa7VA40E
خواب سجده ی خورشید و ماه و ستارگان به یوسف,https://www.youtube.com/watch?v=JDYbGfdhmgM
لحظه ی نفوذ شیطان به دلِ برادران یوسف,https://www.youtube.com/watch?v=OnWF21Ql_3I
سریال یوسف پیامبر | تو بر برادرانت سروری خواهی کرد یوسف!,https://www.youtube.com/watch?v=ZbZ9o0aHjfA
خواب سروریِ یوسف بر برادرانش,https://www.youtube.com/watch?v=TPO7kgwEiCY
بردگیِ یوسف بخاطر دزدی کمربند اسحاق,https://www.youtube.com/watch?v=nGGv--q-25A
اگر یوسف در درون تنور خفه می شد چه می کردی؟,https://www.youtube.com/watch?v=8N4VCcyGM4U
حسادتِ برادران به هوش یوسف در کودکی,https://www.youtube.com/watch?v=RUcOE3bT148
اگر بی مادریِ یوسف خوب است، شما چرا نمی میرید؟,https://www.youtube.com/watch?v=xD_xeKI2wZ4
پیراهن نبوت به یوسف می رسد یا یهودا؟,https://www.youtube.com/watch?v=H6qUIkmzv6U
یعقوب: یوسف فرقی با دیگر برادرانش ندارد!,https://www.youtube.com/watch?v=0mra_I1t-yY
یوسف: چرا مادرِ یهودا به مادرِ من حسادت می کند؟,https://www.youtube.com/watch?v=zfHZDfPxw40
شنیدن خبر رحلت اسحاق نبی توسط یعقوب,https://www.youtube.com/watch?v=Dsx7mEbiKN8
لحظه تولدِ یوسف و عذاب الهی برای معبد ایشتار,https://www.youtube.com/watch?v=wY86p6iNIf8
معجزه شفای راحیل در زمان زایمانِ یوسف,https://www.youtube.com/watch?v=TqfwJUBg99M
آنونس فیلم رستاخیز | شاهکار تاریخی عاشورایی با بازی بابک حمیدیان و پوریا پورسرخ | Rastakhiz,https://www.youtube.com/watch?v=L_JFLsd16y0
احیل، مادر یوسف جز خدای خود به کسی نیاز ندارد,https://www.youtube.com/watch?v=9RrrRumoesM
حال وخیم راحیل مادر یوسف پیش از وضع حمل,https://www.youtube.com/watch?v=Rzutndzfa5E
اورا چون پدربزرگش ابراهیم در آتش افکنید!,https://www.youtube.com/watch?v=Fsny1sPmKL0
از خدایانمان چه خیری دیدیم که از خدای یعقوب ببینیم؟,https://www.youtube.com/watch?v=7Ep4rWgLKaw
آینده بنی اسرائیل را یوسف رقم خواهد زد یا یهودا؟,https://www.youtube.com/watch?v=9n8_8iKBON8
تحقق خواب کودکی یوسف با سجده ی خورشید و ستارگان,https://www.youtube.com/watch?v=OO9yZjM61Es
لحظه ی وصال یوسف و پدرش یعقوب,https://www.youtube.com/watch?v=UimfLmwV2t8
من پدرِ یوزارسیف حکیم هستم!,https://www.youtube.com/watch?v=T1jT4VLfY54
شفای جشمان یعقوب با پیراهن یوسف,https://www.youtube.com/watch?v=eFXdpXYBCFQ
یعقوب: بوی یوسف می آید,https://www.youtube.com/watch?v=e88vLjjnDSw
و آن یوسف اینک عزیز مصر است,https://www.youtube.com/watch?v=-BXkpaFMcmU
یوسف به بنی اسرائیل: هنوز دست از دروغ برنمیدارید!,https://www.youtube.com/watch?v=EmaK1oNlTww
ما بنی اسرائیل یوسف را به ۱۸ درهم فروختیم,https://www.youtube.com/watch?v=yv8y5yZ9Fhc
نامه ی یعقوب به یوزارسیف,https://www.youtube.com/watch?v=gyCUc4OHeEk
خواستگاری یوزارسیف از زلیخا,https://www.youtube.com/watch?v=caUvngZr3kw
فیلم سینمایی مریم مقدس (4K) | داستان تولد معجزه‌آسای حضرت عیسی | Maryam Moghadas Full Movie,https://www.youtube.com/watch?v=GvijFF8rMLU
یوزارسیف که از خدا جدا نیست!,https://www.youtube.com/watch?v=3X_TJKHuWkg
از حال یوسف و حوادث مصر جویا شو,https://www.youtube.com/watch?v=hjew0OcTE6g
سرزنش یعقوب توسط فرشته وحی بر سر یوسف,https://www.youtube.com/watch?v=MzFHmvE_Zv8
یوسف: جمعی می شناسم که توبه نکرده اند,https://www.youtube.com/watch?v=ONj-u2YzlGA
یوزارسیف به بنی اسرائیل: شما مردم بدی هستید,https://www.youtube.com/watch?v=Fz6PV2O1s1U
بنیامین: بگویید یوسف کجاست؟,https://www.youtube.com/watch?v=OMuW4zqsQaA
بنیامین: برای پدر من گریه می‌کنید جناب یوزارسیف؟,https://www.youtube.com/watch?v=ByIiw_8scKU
یوسف: اگر مایلی در کنار من بنشین بنیامین,https://www.youtube.com/watch?v=x8OO4qwnQ_M
یوسف: یعقوب حق داشت تو را از خود جدا نکند,https://www.youtube.com/watch?v=jk2rOSdsDtw
بازدید یوسف از زلیخا پس از جوان شدن,https://www.youtube.com/watch?v=jsV5cUV8d7w
یوزارسیف گفته باید بنیامین را بیاورید پدر!,https://www.youtube.com/watch?v=s1XljWEONX0
از خود دلیل لطفِ عزیزِ مصر را نپرسیدید؟,https://www.youtube.com/watch?v=J6pdazvIkGk
حالا باید یوسف انتظار زلیخا را بکشد,https://www.youtube.com/watch?v=TjsFltyOyTE
معجزه یوسف در جوان شدن زلیخا,https://www.youtube.com/watch?v=RTL2xdztN8Q
معجزه یوسف در بینا شدن زلیخا,https://www.youtube.com/watch?v=QlOwKIlJCWA
شکایت آسنات از یوزارسیف به حاکم مصر,https://www.youtube.com/watch?v=NCX6NwydlaI
وحی الهی به یوسف در مورد ازدواج با زلیخا,https://www.youtube.com/watch?v=GUFf5bgozto
یوسف: در سفر آینده باید بنیامین را بیاورید,https://www.youtube.com/watch?v=y9m1BOloQZM
پدرمان بخاطر گریه برای یوسف نابیناست,https://www.youtube.com/watch?v=APKW1SAOMHE
یوسف: شما ده برادر که هستید؟,https://www.youtube.com/watch?v=C-rCj6aRtDs
تعظیم برادران یوسف به یوزارسیف!,https://www.youtube.com/watch?v=CaSCEnnqMGU
يوسف: لاوی مانع هلاکِ من شد,https://www.youtube.com/watch?v=-XGG6e-JAzk
یوسف: دستِ تقدیر برادرانم را به مصر آورده,https://www.youtube.com/watch?v=o96FCaYkDt8
با خبر شدن یوسف از آمدن برادرانش به مصر,https://www.youtube.com/watch?v=J02YlL-FLzE
برادران یوسف در طلبِ گندمِ یوزارسیف!,https://www.youtube.com/watch?v=pNUXwBX8lp4
یعقوب به پسران: به نزد عزیز مصر بروید,https://www.youtube.com/watch?v=5J5sL3E473Q
کشف حیله بت آمون توسط یوسف,https://www.youtube.com/watch?v=79xs0S8MDAc
یوسف: من بت آمون را خواهم شکست!,https://www.youtube.com/watch?v=QVOTFaOmEx8
مجسمه آمون را بخاطر یوزارسیف از بین ببرید!,https://www.youtube.com/watch?v=7tSNC8giSVc
مهارت یوسف در شمشیر زنی علیه کفار,https://www.youtube.com/watch?v=-aTFUoXd2EQ
فیلم سینمایی ایوب پیامبر (ع) | فیلم تاریخی مذهبی به کارگردانی فرج‌الله سلحشور | کیفیت 4K,https://www.youtube.com/watch?v=Hi1U33lWI5w
یوسف: من بعد، بت‌پرستان حق تبلیغ ندارند,https://www.youtube.com/watch?v=rNezyOz-PfI
یوسف: ازین پس دین رسمی مصر یکتا پرستی است,https://www.youtube.com/watch?v=zrfDyR4lnoE
هرچه معبد داشت را تو گرفتنی یوزارسیف!,https://www.youtube.com/watch?v=rR4SpjM7S1c
توصیه یوسف به حبس خانگی مادر حاکم مصر,https://www.youtube.com/watch?v=MPMAH6RQBoI
یوزاسیف تو و همه ی ما را فریب داده,https://www.youtube.com/watch?v=hpNh2RBCna8
تعجب یوسف از ذکاوت همسر اولش آسنات,https://www.youtube.com/watch?v=MJfnHU6A3lI
گندم بی حاصلِ بنی‌اسرائیل در هفت سال قحطی و دوری یوسف,https://www.youtube.com/watch?v=5efzeQdAXT4
احتیاج حاکم مصر به یوسف در مبارزه با معبد,https://www.youtube.com/watch?v=JwOmgIP1uJs
خوابهای مشوش یوسف و صدای زلیخا,https://www.youtube.com/watch?v=z5Sktgp2vxU
یوزراسیف؟ چقدر شبیه یوسفِ من است,https://www.youtube.com/watch?v=D1k4GfWabxE
فریاد یوسف از بی اعتنایی درشکه‌چی به مردم عادی,https://www.youtube.com/watch?v=X-rr5AVmGgI
وحی آغاز قحطی هفت ساله به یوسف,https://www.youtube.com/watch?v=GmONCOdRGDM
خشم یوسف از تعظیم به او و تهدید به شلاق آنها,https://www.youtube.com/watch?v=3TtqqM84mgY
ذهن مغشوش یوزارسیف در لحظات ازدواج با آثنات,https://www.youtube.com/watch?v=8ZHvnX1dzlE
فیلم سینمایی اصحاب کهف (مردان آنجلس) با کیفیت عالی | راز خواب 300 ساله! | Ashabe Kahf - 4K,https://www.youtube.com/watch?v=_TbCRNqUIg4
ازدواج یوسف باهمسر اولش آثنات,https://www.youtube.com/watch?v=qIwaiHTjlP4
امتناع یوسف از سوار شدن بر دوش بردگان,https://www.youtube.com/watch?v=-20NrX7TG_g
ذکاوت یوسف در افشای راز نگهداری گندم در برابر معبد,https://www.youtube.com/watch?v=q82mo3Vsxx8
حاکم مصر: مردم باید ریختن گندمِ معبد به نیل را ببینند,https://www.youtube.com/watch?v=mc_EUKXgoMk
تحقق پیش‌بینی یوسف و رسوایی گندم‌های معبد,https://www.youtube.com/watch?v=TSaf2p6tpQM
مثَل قحطی مصر، مَثل قیامت است,https://www.youtube.com/watch?v=P0-S7KEMtDM
یوسف: همه این‌ها کار خدای یوزارسیف است,https://www.youtube.com/watch?v=OAGxmvpeBhk
یوسف: بهتر است قصرها برای فرمانروایان بمانند، نه من,https://www.youtube.com/watch?v=emiWWf1nLuk
سوءقصد دوم به جان یوسف و رأفت او با اسیر,https://www.youtube.com/watch?v=14PhXqUmKSM
سوءقصد معبد به جان یوسف,https://www.youtube.com/watch?v=3u0xTa1glkE
ایمان فرمانروا به خدای یکتا و دور انداختن بت آمون در حضور یوسف,https://www.youtube.com/watch?v=QtDb0ag28vY
نام جدید فرمانروای مصر: آخناتون، پرستنده خدای یکتا,https://www.youtube.com/watch?v=lL7F120w0mk
غسل فرمانروای مصر توسط یوسف پس از ایمان به خدای واحد,https://www.youtube.com/watch?v=0nLUHbQ2yMw
یوزارسیف نباید بر مقدرات مصر مسلط شود!,https://www.youtube.com/watch?v=7GrLSAtFf9s
"فیلم ""یوسف پیامبر"" 4K | شاهکار تاریخی با بازی مصطفی زمانی | نسخه کامل | Yousuf Payambar Full Movie",https://www.youtube.com/watch?v=f57wvS4jlF0
یوسف: کاش می‌توانستم پوتیفار را به دین ابراهیم دعوت کنم,https://www.youtube.com/watch?v=6ejoyBxOSiQ
لحظه اعلام یوزارسیف به عنوان عزیز مصر و حیرت بزرگان,https://www.youtube.com/watch?v=XhJUspgHSSo
بغض یوسف از شنیدن خبر مرگ پوتیفار,https://www.youtube.com/watch?v=_hBQquYIwTM
یوسف به یارانش: معبد آمون قصد نابودی ما را کرده,https://www.youtube.com/watch?v=5KecCASBnNE
دیدار یوسف و رئیس کاروان پس از سال‌ها دوری,https://www.youtube.com/watch?v=PPQ1Ykv_KSM
خاطره یوسف از گوسفندچران بیابان‌گرد و خندیدن مردم,https://www.youtube.com/watch?v=ikGvDCj8CuA
انتصاب یوسف به مقام زرین مصر توسط حاکم,https://www.youtube.com/watch?v=R081sbvDiDw
انتصاب یوسف به مقام امین حاکم مصر و کشته شدن خواب‌گزار,https://www.youtube.com/watch?v=7ITQ0EHq82s
آیا زنان مجازند به هر خیانتی دست بزنند؟ زلیخا!,https://www.youtube.com/watch?v=Q5b1ZEGEHNA
مناظره یوسف و کاهن اعظم در مقابل فرمانروای مصر,https://www.youtube.com/watch?v=-xlnD9qrFKg
تمسخر کاهنان معبد توسط فرمانروا در حضور یوسف,https://www.youtube.com/watch?v=t9HOONX2Bro
تعظیم نکردن یوسف به حاکم مصر و استهزای معبد,https://www.youtube.com/watch?v=zL2IXpsWl1o
دیدار یوسف و فرمانروای مصر پس از آزادی,https://www.youtube.com/watch?v=S5t9U9JkFPo
فرمانروای مصر: میان شما زنان و یوزارسیف چه پیش آمد؟,https://www.youtube.com/watch?v=DwF1bBg8h4Q
شرط يوسف براى فرمانروا: از داستان دست بریدن زنان تحقیق کنید,https://www.youtube.com/watch?v=yWbKuFGB7gI
حیرت پوتیفار از شنیدن داستان یوسف در برابر حاکم,https://www.youtube.com/watch?v=07SLxUD45WA
پیدا کردن یوسف در زندان پس از هفت سال فراموشی,https://www.youtube.com/watch?v=55aELJNnyDs
هم بند يوسف: برده اى ميشناسم كه خواب فرمانروا را تعبير كند,https://www.youtube.com/watch?v=EvYgxRIIMgc
به یاد آوردن یوسف توسط ساقی فرمانروا بعداز هفت سال,https://www.youtube.com/watch?v=o1vOg53ntmM
شجاعت آشپز بعد از ایمان به خدای یوسف,https://www.youtube.com/watch?v=7237jTSx5lM
بخاطر او و یوزارسیف کاهنان معبد را بالای دار می فرستم,https://www.youtube.com/watch?v=7FmFlDFpnHs
یوزارسیف و راز پیری زودرس زلیخا,https://www.youtube.com/watch?v=Q1qQPnQvobs
امیدوارم این پیشگویی یوسف به حقیقت نپیوندد!,https://www.youtube.com/watch?v=yeiSLdv9fBw
خشم حاكم مصر از پيروزى كاهنان وحكم آشپز,https://www.youtube.com/watch?v=BADBPy8wQjA
لحظه غفلت یوسف از یاد پروردگار,https://www.youtube.com/watch?v=2BEofkw_jVM
زليخا قمار بازى است كه هستى اش را به يوزار سيف باخته,https://www.youtube.com/watch?v=E9WpmbBLs2k
یوسف: به زلیخا بگو که آزادی را نمی‌خواهم,https://www.youtube.com/watch?v=_A7tbkmVfQ8
لحظه ایمان آوردن زندانیان به خدای یوسف,https://www.youtube.com/watch?v=YvGnLl8Anbs
لحظه اعلام نبوت يوسف در زندان و بشارت محمد,https://www.youtube.com/watch?v=QrZ2EQJPT9Y
منقلب شدن یوسف از تعبیرِ خوابِ بد آشپز,https://www.youtube.com/watch?v=OrAtAN7b-2k
غریبه به یوسف: یعقوب به غم هجران مبتلا شده,https://www.youtube.com/watch?v=vlAUVOLhVLg
زلیخا: اصلا طاقت دوری یوزارسیف را ندارم,https://www.youtube.com/watch?v=5vh6kf8wqt0
پوتیفار به زلیخا: از رهایی یوزارسیف از بندِ تو خوشحالم!,https://www.youtube.com/watch?v=kA6i_OmHzP4
اصرار زلیخا برای دیدن شلاق خوردن یوسف,https://www.youtube.com/watch?v=C1_NhlVg1ng
فداکاری یوسف در کمک به زندانیان ضعیف,https://www.youtube.com/watch?v=9VT-0bmgJR4
شگفتى آشپز و ساقى از حدس يوسف درمورد سؤ قصد به حاكم مصر,https://www.youtube.com/watch?v=6DtBeOnwBLY
یوسف: زندانِ زاویرا از زندانِ زلیخا بهتر است,https://www.youtube.com/watch?v=Rfv3mOhsbn4
دلتنگی یوسف برای یعقوب در زندان,https://www.youtube.com/watch?v=fRY2gqHkogM
قدرت یوسف در دفاع از مظلومین زندان,https://www.youtube.com/watch?v=xOtz4ZyDlWQ
شرافت یوزارسیفِ زندانی از همه ی انسان ها بالاتر است,https://www.youtube.com/watch?v=V-06TXoXqiQ
پی بردن پوتیفار به دسیسه معبد در بازجویی از آشپز,https://www.youtube.com/watch?v=XUN3Rt1ZWmM
ابتکار حاکم مصر در یافتن خائن به روش یوسف,https://www.youtube.com/watch?v=0pVpTjS-t5I
لحظه کشف سؤ قصد به جان حاکم مصر,https://www.youtube.com/watch?v=orVk0A-0Yg8
مکر و اصرار زنان قصر برای همخوابگی با یوسف #یوسف_پیامبر,https://www.youtube.com/watch?v=YbPIbOixb6w
راز دستمال سرخ و اصرار زنان مصر به مراوده با یوسف #یوسف_پیامبر,https://www.youtube.com/watch?v=wmPCE4p2sbo
زليخا به يوسف: در مهمانى فردا خود را بيارا و بهترين جامه ات را بپوش,https://www.youtube.com/watch?v=wLWdL3xAEIw
پوتیفار: یوسف هم دوست منی و هم دشمن #یوسف_پیامبر,https://www.youtube.com/watch?v=V_HKOJ7sAcM
تو نيز مجازى كه خود را تقديم يوزارسيف كنى؟ #یوسف_پیامبر,https://www.youtube.com/watch?v=kVaq0d8yAhs
زلیخا: یوسف آن برده ای است که قصد او را کردم #یوسف_پیامبر,https://www.youtube.com/watch?v=eN5GD4_YP3Y
لحظه گفتن تعبیر خواب فرعون توسط یوسف #یوسف_پیامبر,https://www.youtube.com/watch?v=Uxp2uPk5ZkI
حيله زليا و افتادن يوسف به زندان به امرِ پوتيفار #یوسف_پیامبر,https://www.youtube.com/watch?v=NmiugqipQlI
خواب ديدم هفت گاو لاغر هفت گاو فربه را خوردند #یوسف_پیامبر,https://www.youtube.com/watch?v=TVttK9ZXLPc
زليخا به پوتيفار: يوزارسيف را زندانى كن #یوسف_پیامبر,https://www.youtube.com/watch?v=SYxzxhxnc34
خواب ديدم هفت گاو لاغر هفت گاو فربه را خوردند #یوسف_پیامبر,https://www.youtube.com/watch?v=YLMTKkRDTgk
معجزه سخن كفتن كودك به عنوان شاهد يوسف #یوسف_پیامبر,https://www.youtube.com/watch?v=bIe_lOHGWW0
اشکال نداشت جای عشق یوزارسيف میان کاهنان دست به دست شوم؟ #یوسف_پیامبر,https://www.youtube.com/watch?v=NHvj6_Z9oss
نزول وحی بر یوسف و گشوده شدن درها #یوسف_پیامبر,https://www.youtube.com/watch?v=oPj0JZ_C9lU
یوسف شیطان را در صورت زلیخا می بیند #یوسف_پیامبر,https://www.youtube.com/watch?v=nYgkvxbazRc
تشنج وليعهد وفراموشى سفارشِ يوسف به اذن خدا #یوسف_پیامبر,https://www.youtube.com/watch?v=lNmHxwAsrOg
تو بزرگترین جادوگر مصری، یوزارسیف! #یوسف_پیامبر,https://www.youtube.com/watch?v=r8sZuuwo7hQ
زلیخا: امروز باید از خواسته ام اطاعت کنی یوسف #یوسف_پیامبر,https://www.youtube.com/watch?v=MTDmC1N-VVw
خوابی که تعبیر کردی اتفاق افتاد، یوزارسیف! #یوسف_پیامبر,https://www.youtube.com/watch?v=sKPUBOxiIhQ
دسیسه زلیخا برای کشاندن یوسف به خوابگاه #یوسف_پیامبر,https://www.youtube.com/watch?v=1gYvzz529pM
لحظه صدور حکم ساقی و نانوا طبق تعبیر یوسف #یوسف_پیامبر,https://www.youtube.com/watch?v=awFRk5ZUoyg
زلیخا: اگر یوسف نپذیرد، او را خواهم کشت #یوسف_پیامبر,https://www.youtube.com/watch?v=nwvP5GmZKMo
فرشته وحى: باید هفت سال دیگر در زندان بمانی یوسف,https://www.youtube.com/watch?v=RhhcaE4UeWs
يوسف به فرشته وحى: براى مجازات خطايم آمده اى؟ #یوسف_پیامبر,https://www.youtube.com/watch?v=whhpTDa6Skk
افسوس یوسف از درخواست آزادی ازحاکم بجای خداوند #یوسف_پیامبر,https://www.youtube.com/watch?v=5vS-FyviMVs
خشم زلیخا از رد درخواستش توسط یوسف #یوسف_پیامبر,https://www.youtube.com/watch?v=mqC9ZeMzHhA
شنیده‌ام زلیخا با غلامش یوزارسيف رابطه دارد #یوسف_پیامبر,https://www.youtube.com/watch?v=oLJkLllek2Y
پیغام ناشناس يوسف به پدرش يعقوب #یوسف_پیامبر,https://www.youtube.com/watch?v=nF9JxiHSQTU
لحظه‌ی معجزه گفتن غذای زندانیان توسط یوسف #یوسف_پیامبر,https://www.youtube.com/watch?v=WyYRdRfSXPQ
اصرار زلیخا به دیدن شلاق خوردن یوسف در زندان #یوسف_پیامبر,https://www.youtube.com/watch?v=0tKApei6DNc
تعبیر خواب یوسف از سرنوشت دو زندانی #یوسف_پیامبر,https://www.youtube.com/watch?v=pEDYZ7dVOsQ
خواب هم بند یوسف از فشردن انگور برای شراب #یوسف_پیامبر,https://www.youtube.com/watch?v=UrY3RhQSNSo
بشارت نبوت یوسف از فرشته وحی #یوسف_پیامبر,https://www.youtube.com/watch?v=UKsZjivCTAU
معجزه گفتار نوزاد و برائت یوسف #یوسف_پیامبر,https://www.youtube.com/watch?v=e5Z8C7-RapI
معجزه یوسف در زندان: پیشگویی غذای زندانیان #یوسف_پیامبر,https://www.youtube.com/watch?v=84F3dr7RR0U
پیغام پنهانی یوسف به پدرش یعقوب #یوسف_پیامبر,https://www.youtube.com/watch?v=GtY5Qqmtcd4
نزول وحی بر یوسف و گشوده شدن درهای بسته خلوتگاه زلیخا... #یوسف_پیامبر,https://www.youtube.com/watch?v=jgAdzkQufSI
زلیخا: امروز باید تسلیم خواسته من شوی یوزارسیف... #یوسف_پیامبر,https://www.youtube.com/watch?v=wZoQitL5tm8
دسیسه زليخا براى كشاندن يوسف به خوابگاه #یوسف_پیامبر,https://www.youtube.com/watch?v=Fd2C4I0v-lg
تورا به خاطر زلیخا مجازات کرده اند یوسف؟ #یوسف_پیامبر,https://www.youtube.com/watch?v=N4ijao5Rb3o
زليخا: اين يوسف آن برده اى است كه قصد او را كردم #یوسف_پیامبر,https://www.youtube.com/watch?v=2XwP8A2uT4A
پوتيفار: براى يوزارسيف آرزوها داشتم... نكذاشتند #یوسف_پیامبر,https://www.youtube.com/watch?v=cIbwmzFVTqA
خشم زندانیان از شلاق زدن یوسف در زندان #یوسف_پیامبر,https://www.youtube.com/watch?v=TKoNCpT6d-M
فیلم تاریخی محمد رسول الله | پرهزینه‌ترین فیلم سینمای ایران | Mohammad Rasulollah - Full Movie,https://www.youtube.com/watch?v=UTj20dnxxyA
از یوسف فقط لباسش باقی مانده... 😭 #یوسف_پیامبر #حضرت_یوسف,https://www.youtube.com/watch?v=vaCCOnJIW90
پیراهن یوسف خود به خود اندازه صاحبش می شود #سریال #یوسف_پیامبر #مصطفی_زمانی,https://www.youtube.com/watch?v=Rjuy9hkv1eQ
یهودا می گوید که یوسف را بیشتر دوست دارید #سریال_یوسف_پیامبر #prophet_joseph,https://www.youtube.com/watch?v=WBdqjl1XzH0
فیلم سینمایی شور عاشقی | روایت حماسی کاروان اسرای کربلا و پیام عاشورا | Shoore Asheghi,https://www.youtube.com/watch?v=OimSYF2VRWM
من بدون یوسف نمی توانم زندگی کنم #سریال #یوسف_پیامبر,https://www.youtube.com/watch?v=WfcB7CIXGTA
برادران، اسیر حسادت؛ یوسف، اسیر چاه #serial #yusef,https://www.youtube.com/watch?v=xGBUJM6TrmE
در خوابم، یوسف بر 10 اسب که شما بودید سواری میکرد #یوسف_پیامبر #یوسف,https://www.youtube.com/watch?v=gmxLsY9z1WY
این نوزادِ نکبت باعث مرگ خواهرم شد #یوسف_پیامبر #سریال,https://www.youtube.com/watch?v=XNwuMbGELvQ
یوسف اسم پسر است یا دختر؟ #یوسف_پیامبر,https://www.youtube.com/watch?v=gM_78uN7aCA
از خدایان چه خیری دیدیم که از خدای تو ببینیم؟ #یوسف_پیامبر #یوسف,https://www.youtube.com/watch?v=qkHaMs1NxUs
فیلم کامل حضرت موسی (ع) | داستان گاو بنی‌اسرائیل با بازی پوریا پورسرخ و الناز شاکردوست | Hazrat Musa,https://www.youtube.com/watch?v=-RiaNROvA-o
فیلم کامل آتش در زمستان | درام تاریخی درباره شوکا و جنگلی‌ها | Atash Dar Zemestan Full Movie,https://www.youtube.com/watch?v=n4lRRG2S0L4
فیلم تاریخی جستجوگر | نامزد 6 سیمرغ بلورین | با بازی امین تارخ و محمدعلی کشاورز | Jostejoogar,https://www.youtube.com/watch?v=AX4I37RsIoY
فیلم تاریخی «اینجا شهر دیگری است» با بازی داریوش ارجمند و پژمان بازغی: روایت شهادت امام علی (ع),https://www.youtube.com/watch?v=GueOzou17ck
فیلم سینمایی امام علی (ع): شاهکار داوود میرباقری با حضور بزرگان سینمای ایران | Imam Ali - Full HD,https://www.youtube.com/watch?v=_R6D33HeV5I
فیلم سینمایی ولایت عشق: روایت امام رضا (ع) با حضور مریلا زارعی، رامبد جوان و ستارگان سینمای ایران,https://www.youtube.com/watch?v=pnHqdF8TSsg
فیلم سینمایی تنهاترین سردار - روایت زندگی امام حسن (ع)، با حضور ستارگان سینما | Tanhatarin Sardar,https://www.youtube.com/watch?v=foILYJNTJpg
نکنه مشکل از شماس؟ آخه نمیشه که هر دوتاشون بچه دار نشن! #shorts #مهمان_کشی,https://www.youtube.com/watch?v=oTIMcZLlf-M
نمیخوای دست از این کارات برداری؟ #shorts #مهمان_کشی,https://www.youtube.com/watch?v=sHv2-Y0xr9Q
از رهایی تا خیانت #shorts #مهمان_کشی,https://www.youtube.com/watch?v=XvI_t27MRZo
انتقام سرخ #shorts #مهمان_کشی,https://www.youtube.com/watch?v=FsVs3y8ngc4
به خدا و پیغمبر اعتقاد داری؟ #shorts #مهمان_کشی,https://www.youtube.com/watch?v=ttZxF05R8tA
اون سیاه پوش کیه کنار پنجره؟ #shorts #مهمان_کشی,https://www.youtube.com/watch?v=OOu6k9N9wDg
سریال مهمان کشی - قسمت 32 (قسمت آخر) | Serial Mehman Koshi - Part 32,https://www.youtube.com/watch?v=mqaFIfornxE
اجازه نمیدم بعد از پدرم این حکومت دست چهار تا غریبه بیفته #shorts #مهمان_کشی,https://www.youtube.com/watch?v=i4o-8xTLg30
هرکاری دلم بخواد باهاشون میکنم #shorts #مهمان_کشی,https://www.youtube.com/watch?v=i7jwd8SDexw
سریال مهمان کشی - قسمت 31 | Serial Mehman Koshi - Part 31,https://www.youtube.com/watch?v=kIUn-TkYQWw
من با این خانواده هیچ آینده ای ندارم #shorts #مهمان_کشی,https://www.youtube.com/watch?v=MaGOi5gHbZM
سریال مهمان کشی - قسمت 30 | Serial Mehman Koshi - Part 30,https://www.youtube.com/watch?v=h3NmB0eYCHo
وقتی کسی برای زنده موندن التماس میکنه یعنی چیزی برای معامله نداره #shorts #مهمان_کشی,https://www.youtube.com/watch?v=QGhtzYhs5vc
سریال مهمان کشی - قسمت 29 | Serial Mehman Koshi - Part 29,https://www.youtube.com/watch?v=U9g4C-r3AwA
هرکس که بمیرد و امام زمان خود را نشناسد به مرگ جاهلیت مرده است #shorts #مهمان_کشی,https://www.youtube.com/watch?v=8qY8npK1ejk
سریال مهمان کشی - قسمت 28 | Serial Mehman Koshi - Part 28,https://www.youtube.com/watch?v=3s3nXsVYQ0g
نماز و روزه بسیار، خرد و شعور ناچیز #shorts #مهمان_کشی,https://www.youtube.com/watch?v=--LXtQJu1UM
سریال مهمان کشی - قسمت 27 | Serial Mehman Koshi - Part 27,https://www.youtube.com/watch?v=PA2qMiJHMWw
خیلی تمیز زیر حنجرشو ببرید، میخوام خونش با نفسش قاطی بشه #shorts #مهمان_کشی,https://www.youtube.com/watch?v=Hkt8zkdnIvk
سریال مهمان کشی - قسمت 26 | Serial Mehman Koshi - Part 26,https://www.youtube.com/watch?v=jhNvGymvxO4
این زن رو همین جا بخوابونید، دست و پاشو ببرید #shorts #مهمان_کشی,https://www.youtube.com/watch?v=Qc8SL5ORo78
انتقام در قید زنجیر #shorts #مهمان_کشی,https://www.youtube.com/watch?v=350WbtVZNq8
سریال مهمان کشی - قسمت 25 | Serial Mehman Koshi - Part 25,https://www.youtube.com/watch?v=3oj79avjjb0
سفره‌ی خفت #shorts #مهمان_کشی,https://www.youtube.com/watch?v=KA2NCpFQbyA
سریال مهمان کشی - قسمت 24 | Serial Mehman Koshi - Part 24,https://www.youtube.com/watch?v=PY8ljgv7khM
بی گناهیت معلوم شد یا گناهت معلوم نشد؟  #shorts #مهمان_کشی,https://www.youtube.com/watch?v=SoiqZcgk_ZQ
سریال مهمان کشی - قسمت 23 | Serial Mehman Koshi - Part 23,https://www.youtube.com/watch?v=Qr49I37N1Fw
سگ دربار #shorts,https://www.youtube.com/watch?v=aKeXUiexwOA
سریال مهمان کشی - قسمت 22 | Serial Mehman Koshi - Part 22,https://www.youtube.com/watch?v=M_JsBXMsBcw
من از سگ کمترم، ولی سگ هم بوی وفا را میشنود #shorts,https://www.youtube.com/watch?v=ClCtD4nkdv0
سریال مهمان کشی - قسمت 21 | Serial Mehman Koshi - Part 21,https://www.youtube.com/watch?v=vs273EWfH5E
پناهگاه در طوفان #shorts,https://www.youtube.com/watch?v=Jmy4Re1ipiI
سریال مهمان کشی - قسمت 20 | Serial Mehman Koshi - Part 20,https://www.youtube.com/watch?v=3SsK5BvllGg
داشت برا زنده موندن التماس میکرد #shorts,https://www.youtube.com/watch?v=fAVBHInxM98
بازی پادشاه، جان اسیر #shorts,https://www.youtube.com/watch?v=xavJsXTfjgs
سریال مهمان کشی - قسمت 19 | Serial Mehman Koshi - Part 19,https://www.youtube.com/watch?v=TnvPhnzTJWA
پیروزی با طعم خون دوست #shorts,https://www.youtube.com/watch?v=fBHXvJBGM7g
سریال مهمان کشی - قسمت 18 | Serial Mehman Koshi - Part 18,https://www.youtube.com/watch?v=ZARxsvIefS8
کاش ریش ها علف بودند و اسبان مسلمان آنها را چرا میکردند #shorts,https://www.youtube.com/watch?v=WktJ69qhXb8
سریال مهمان کشی - قسمت 17 | Serial Mehman Koshi - Part 17,https://www.youtube.com/watch?v=zqJe38FMEWg
حقیقتی که با یک جمله آشکار شد #shorts,https://www.youtube.com/watch?v=JVod1FR2LG0
سریال مهمان کشی - قسمت 16 | Serial Mehman Koshi - Part 16,https://www.youtube.com/watch?v=EXm29xnF_Gg
سریال مختارنامه - قسمت 40 (قسمت آخر) | Serial Mokhtarnameh (Full HD) - Part 40,https://www.youtube.com/watch?v=p4LK2qcxQ-U
تب عاشقی مردها زود سرد میشه #shorts,https://www.youtube.com/watch?v=--1sjMi2VPI
سریال مهمان کشی - قسمت 15 | Serial Mehman Koshi - Part 15,https://www.youtube.com/watch?v=gRoXs5qI5_o
سریال مختارنامه - قسمت 39 | Serial Mokhtarnameh (Full HD) - Part 39,https://www.youtube.com/watch?v=ku-sZUwBWUw
من با پدرت وصلت کردم نه تو #shorts,https://www.youtube.com/watch?v=brkiH5mHYEE
سریال مهمان کشی - قسمت 14 | Serial Mehman Koshi - Part 14,https://www.youtube.com/watch?v=KHvaXCK6bL0
سریال مختارنامه - قسمت 38 | Serial Mokhtarnameh (Full HD) - Part 38,https://www.youtube.com/watch?v=1sjmkgRB4aQ
یک زن وقتی زندگیش کامل میشه که بچه دار شه #shorts,https://www.youtube.com/watch?v=Bi0iCMDyVgU
سریال مختارنامه - قسمت 37 | Serial Mokhtarnameh (Full HD) - Part 37,https://www.youtube.com/watch?v=5XLMG4W8n-I
زبونشو مثل گوسفند از ته حلق ببرید #shorts,https://www.youtube.com/watch?v=B-t9oCFxdp4
سریال مهمان کشی - قسمت 13 | Serial Mehman Koshi - Part 13,https://www.youtube.com/watch?v=_HTFPZfFpLA
سریال مختارنامه - قسمت 36 | Serial Mokhtarnameh (Full HD) - Part 36,https://www.youtube.com/watch?v=hMF2fxfi0fw
دشمن من تو خونه پدر تو چیکار میکنه؟ #shorts,https://www.youtube.com/watch?v=SteBdbA9ohA
سریال مهمان کشی - قسمت 12 | Serial Mehman Koshi - Part 12,https://www.youtube.com/watch?v=PlroGUvIqbk
سریال مختارنامه - قسمت 35 | Serial Mokhtarnameh (Full HD) - Part 35,https://www.youtube.com/watch?v=w5btjA5yBJI
یکی از نزدیکان به عمد قصد مسموم کردن آقا رو داشته #shorts,https://www.youtube.com/watch?v=JnOwOwjUx1c
سریال مهمان کشی - قسمت 11 | Serial Mehman Koshi - Part 11,https://www.youtube.com/watch?v=FA3Ege8NaMg
سریال مختارنامه - قسمت 34 | Serial Mokhtarnameh (Full HD) - Part 34,https://www.youtube.com/watch?v=DFklI03_0xQ
مجلس عروسی به عزا تبدیل شد #shorts,https://www.youtube.com/watch?v=Pd_tjugz5D8
سریال مهمان کشی - قسمت 10 | Serial Mehman Koshi - Part 10,https://www.youtube.com/watch?v=vBEErjEJhzA
سریال مختارنامه - قسمت 33 | Serial Mokhtarnameh (Full HD) - Part 33,https://www.youtube.com/watch?v=Xv5tZnBMats
مجبورش کردن برا زنش هوو بیاره #shorts,https://www.youtube.com/watch?v=DUbpIDW_MWQ
سریال مهمان کشی - قسمت 9 | Serial Mehman Koshi - Part 9,https://www.youtube.com/watch?v=Ut5m2VF5sB0
سریال مختارنامه - قسمت 32 | Serial Mokhtarnameh (Full HD) - Part 32,https://www.youtube.com/watch?v=u1XnghfEFNQ
معاویه و بنی هاشم بالاخره درگیر میشن #shorts,https://www.youtube.com/watch?v=xfiJ7fZ79tg
سریال مهمان کشی - قسمت 8 | Serial Mehman Koshi - Part 8,https://www.youtube.com/watch?v=OkTTJCocXFQ
سریال مختارنامه - قسمت 31 | Serial Mokhtarnameh (Full HD) - Part 31,https://www.youtube.com/watch?v=7jikebvdVo8
پدر یزید معلوم نبود کیه #shorts,https://www.youtube.com/watch?v=q8urE8T80r8
سریال مختارنامه - قسمت 30 | Serial Mokhtarnameh (Full HD) - Part 30,https://www.youtube.com/watch?v=nm2jvoRo9Wo
دروغ مسلمانان را بیچاره کرده #shorts,https://www.youtube.com/watch?v=KCupeZvpjv8
سریال مهمان کشی - قسمت 7 | Serial Mehman Koshi - Part 7,https://www.youtube.com/watch?v=cVcRdGSItaM
سریال مختارنامه - قسمت 29 | Serial Mokhtarnameh (Full HD) - Part 29,https://www.youtube.com/watch?v=h7dBvac_HQQ
اجماع مردم با یزید است #shorts,https://www.youtube.com/watch?v=TOpmJ8FUAoU
سریال مهمان کشی - قسمت 6 | Serial Mehman Koshi - Part 6,https://www.youtube.com/watch?v=CkseyrGDhOA
سریال مختارنامه - قسمت 28 | Serial Mokhtarnameh (Full HD) - Part 28,https://www.youtube.com/watch?v=5XgNOQSrjQ0
سنم بالا رفته، باید اجرای این رسم رو ببینم #shorts,https://www.youtube.com/watch?v=oeHZwj0Y81E
سریال مهمان کشی - قسمت 5 | Serial Mehman Koshi - Part 5,https://www.youtube.com/watch?v=xrxXUmmakPg
سریال مختارنامه - قسمت 27 | Serial Mokhtarnameh (Full HD) - Part 27,https://www.youtube.com/watch?v=JcXCa-tr238
میخواد برای پسرش بیعت بگیره #shorts,https://www.youtube.com/watch?v=e_Uewl4Dm-M
سریال مختارنامه - قسمت 25 | Serial Mokhtarnameh (Full HD) - Part 25,https://www.youtube.com/watch?v=CBWESncaHD0
سریال مهمان کشی - قسمت 4 | Serial Mehman Koshi - Part 4,https://www.youtube.com/watch?v=59ZlPHIVd3E
سریال مختارنامه - قسمت 26 | Serial Mokhtarnameh (Full HD) - Part 26,https://www.youtube.com/watch?v=err6bH8OTMU
حتما حرف مهمی داره #shorts,https://www.youtube.com/watch?v=e7YbMAdkEYQ
سریال مهمان کشی - قسمت 3 | Serial Mehman Koshi - Part 3,https://www.youtube.com/watch?v=RTjpsml1hn0
از محتوای سخنرانی کسی خبر داره؟ #shorts,https://www.youtube.com/watch?v=Mt8JdCwggbc
سریال مهمان کشی - قسمت 2 | Serial Mehman Koshi - Part 2,https://www.youtube.com/watch?v=2vN81VuEX_k
سریال مختارنامه - قسمت 24 | Serial Mokhtarnameh (Full HD) - Part 24,https://www.youtube.com/watch?v=wOw8c1ji4qo
سریال مهمان کشی - قسمت 1 | Serial Mehman Koshi - Part 1,https://www.youtube.com/watch?v=p3EJT6IL9LA
سریال مختارنامه - قسمت 23 | Serial Mokhtarnameh (Full HD) - Part 23,https://www.youtube.com/watch?v=He6Qu1Dtfso
سریال مختارنامه - قسمت 22 | Serial Mokhtarnameh (Full HD) - Part 22,https://www.youtube.com/watch?v=F2w16JdNi0c
سریال مختارنامه - قسمت 21 | Serial Mokhtarnameh (Full HD) - Part 21,https://www.youtube.com/watch?v=oGWcb1KEEIo
سریال مختارنامه - قسمت 20 | Serial Mokhtarnameh (Full HD) - Part 20,https://www.youtube.com/watch?v=7yN4IGQO7YY
سریال مختارنامه - قسمت 19 | Serial Mokhtarnameh (Full HD) - Part 19,https://www.youtube.com/watch?v=hsLpdoMaSgs
سریال مختارنامه - قسمت 18 | Serial Mokhtarnameh (Full HD) - Part 18,https://www.youtube.com/watch?v=4lPUeVoXwrA
سریال مختارنامه - قسمت 17 | Serial Mokhtarnameh (Full HD) - Part 17,https://www.youtube.com/watch?v=rZQCQjDWOaQ
سریال مختارنامه - قسمت 16 | Serial Mokhtarnameh (Full HD) - Part 16,https://www.youtube.com/watch?v=Sj9xQSg9an0
سریال مختارنامه - قسمت 15 | Serial Mokhtarnameh (Full HD) - Part 15,https://www.youtube.com/watch?v=aIwvyR7avOk
سریال مختارنامه - قسمت 14 | Serial Mokhtarnameh (Full HD) - Part 14,https://www.youtube.com/watch?v=15JziLCTGmw
سریال مختارنامه - قسمت 13 | Serial Mokhtarnameh (Full HD) - Part 13,https://www.youtube.com/watch?v=1OT6tjp6bQs
سریال مختارنامه - قسمت 12 | Serial Mokhtarnameh (Full HD) - Part 12,https://www.youtube.com/watch?v=jy6dnD206AQ
سریال مختارنامه - قسمت 11 | Serial Mokhtarnameh (Full HD) - Part 11,https://www.youtube.com/watch?v=ZlJqaWTuMFs
سریال مختارنامه - قسمت 10 | Serial Mokhtarnameh (Full HD) - Part 10,https://www.youtube.com/watch?v=I_QmwM-Lhuo
سریال مختارنامه - قسمت 9 | Serial Mokhtarnameh (Full HD) - Part 9,https://www.youtube.com/watch?v=ZXBYFERccWU
سریال مختارنامه - قسمت 8 | Serial Mokhtarnameh (Full HD) - Part 8,https://www.youtube.com/watch?v=KA_wxETFzgw
سریال مختارنامه - قسمت 7 | Serial Mokhtarnameh (Full HD) - Part 7,https://www.youtube.com/watch?v=q7RLHN7b8vs
سریال مختارنامه - قسمت 6 | Serial Mokhtarnameh (Full HD) - Part 6,https://www.youtube.com/watch?v=I9tBK9pIUgU
سریال مهمان کشی - تیزر | Serial Mehman Koshi - Teaser,https://www.youtube.com/watch?v=hzghgE5J9-c
سریال مختارنامه - قسمت 5 | Serial Mokhtarnameh (Full HD) - Part 5,https://www.youtube.com/watch?v=4WkuM3l0_Hw
سریال مختارنامه - قسمت 4 | Serial Mokhtarnameh (Full HD) - Part 4,https://www.youtube.com/watch?v=w6AIpmucJjg
سریال مختارنامه - قسمت 3 | Serial Mokhtarnameh (Full HD) - Part 3,https://www.youtube.com/watch?v=LahOHCdovrk
سریال مختارنامه - قسمت 2 | Serial Mokhtarnameh (Full HD) - Part 2,https://www.youtube.com/watch?v=VJ6Stz3Ut2U
سریال مختارنامه - قسمت 1 | Serial Mokhtarnameh (Full HD) - Part 1,https://www.youtube.com/watch?v=lnAjFWfiRLI
فیلم سینمایی ابراهیم خلیل الله با بازی محمد صادقی و بهزاد فراهانی | Ebrahim Khalilollah [4K],https://www.youtube.com/watch?v=yIa6awsAIik
سریال تاریخی بانوی سردار - قسمت 12 (قسمت آخر) | Serial Banooye Sardar - Part 12,https://www.youtube.com/watch?v=gqaZma3GcOg
سریال تاریخی بانوی سردار - قسمت 11 | Serial Banooye Sardar - Part 11,https://www.youtube.com/watch?v=1AX42Ecooj4
سریال تاریخی بانوی سردار - قسمت 10 | Serial Banooye Sardar - Part 10,https://www.youtube.com/watch?v=bvLe6UBV5-4
سریال تاریخی بانوی سردار - قسمت 9 | Serial Banooye Sardar - Part 9,https://www.youtube.com/watch?v=MGfM-5YURMw
سریال تاریخی بانوی سردار - قسمت 8 | Serial Banooye Sardar - Part 8,https://www.youtube.com/watch?v=wDrEUHilVjA
سریال تاریخی بانوی سردار - قسمت 7 | Serial Banooye Sardar - Part 7,https://www.youtube.com/watch?v=lrvREZLOBhw
سریال تاریخی بانوی سردار - قسمت 6 | Serial Banooye Sardar - Part 6,https://www.youtube.com/watch?v=H59WJ7hArvQ
قلعه را به شما می سپاریم - سریال بانوی سردار,https://www.youtube.com/watch?v=-9UsEWSMj-I
سریال تاریخی بانوی سردار - قسمت 5 | Serial Banooye Sardar - Part 5,https://www.youtube.com/watch?v=Or1QM5NSnKE
سریال تاریخی بانوی سردار - قسمت 4 | Serial Banooye Sardar - Part 4,https://www.youtube.com/watch?v=2VlFxfnhlJo
سریال تاریخی بانوی سردار - قسمت 3 | Serial Banooye Sardar - Part 3,https://www.youtube.com/watch?v=-dwSC-KN3M4
سریال تاریخی بانوی سردار - قسمت 2 | Serial Banooye Sardar - Part 2,https://www.youtube.com/watch?v=ForvO_4Asow
سریال تاریخی بانوی سردار - قسمت 1 | Serial Banooye Sardar - Part 1,https://www.youtube.com/watch?v=XrrG7_2H9yM
سجده بر غاصب گناه است #shorts,https://www.youtube.com/watch?v=E6e5IJ3vwq0
طوری میجنگم که کسی مانندش را ندیده باشد #shorts,https://www.youtube.com/watch?v=7g39AWKWaFA
نباید به مصاف تن به تن رضایت میدادی عمر #shorts,https://www.youtube.com/watch?v=75EYgiNQzxo
مامان عمه رو میشوره بعد کپل خانم رو پهن میکنه رو بند #shorts,https://www.youtube.com/watch?v=R_5XVF7frcw
گند زدی تو روابط محترمانه عروس و خواهرشوهر #shorts,https://www.youtube.com/watch?v=8MVz60WVwn0
این جماعت فکر میکنند حسین کافر است و از دین خارج شده  #shorts,https://www.youtube.com/watch?v=ZgtHib9JoNM
وقت خوبی نبود برای دلبری  #shorts,https://www.youtube.com/watch?v=AfmzR0aor0I
حسین اگر معجزه داشت، خودش را نجات میداد #shorts,https://www.youtube.com/watch?v=RoQy-_x_vv8
بر پدر آدم فقیر لعنت   #shorts,https://www.youtube.com/watch?v=V1eoztjPF0E
آدمها رو به روت میخندن، پشت سرت پاپوش درست میکنن #shorts,https://www.youtube.com/watch?v=ahlIfKy0B3M
حکمت این خواب و بیداری سیصدساله چیست؟ #shorts,https://www.youtube.com/watch?v=w1mPj1fRIKM
من اعتقادی به بچه ندارم #shorts,https://www.youtube.com/watch?v=u79HrMKqSPs
من در کربلا کاره ای نبودم  #shorts,https://www.youtube.com/watch?v=hbOjTeFNn08
وای بر تو که که بر لب های حسین چوب خیزران کوفتی #shorts,https://www.youtube.com/watch?v=KtN5-BFvuFs
خداوند چگوند جسدهایی که نابود شده اند را زنده میکند  #shorts,https://www.youtube.com/watch?v=D_hhikvCyMU
شغال زرد آدم بشو نیست   #shorts,https://www.youtube.com/watch?v=bQB9Q_tDkAY
یعنی بین شماها فقط من عاقل در اومدم  #shorts,https://www.youtube.com/watch?v=Us50aYt4ZZg
پسر پیامبرتان را به پسر زنی بدکاره فروختید #shorts,https://www.youtube.com/watch?v=Cwh5YMR-ULE
آیا زندگی پس از مرگ وجود دارد؟  #shorts,https://www.youtube.com/watch?v=OP1Vl7MffM0
داریوش ارجمند و مهناز افضلی در فیلم زمین آسمانی | Zamine Asemani,https://www.youtube.com/watch?v=iHH1zFQArJI
بفرمایید سکه و طلا میل کنید #shorts,https://www.youtube.com/watch?v=MWdpXW5ekYc
عمودی رفت، افقی برگشت #shorts,https://www.youtube.com/watch?v=lcTbFFxE6OU
اینان که به خود رحم نمیکنند پس با پسرعموی حسین چه میکنند #shorts,https://www.youtube.com/watch?v=W8lDrqgJvUE
میخواهم سر به تن برادر زنم نباشد #shorts,https://www.youtube.com/watch?v=2yMKzkw0Hic
مردم آمده اند تا زنده شدن مردگان را به چشم ببینند #shorts,https://www.youtube.com/watch?v=4o-tajiw37M
تو به دست پسر زنی بدکاره کشته میشوی   #shorts,https://www.youtube.com/watch?v=9F-dirPnLUU
چاییش رو با مربا آلبالو میخوره #shorts,https://www.youtube.com/watch?v=Lqja2N46rIM
این خاصیت حرامزاده است که با تحقیر و توهین دشمنانش را آزار دهد  #shorts,https://www.youtube.com/watch?v=3N96D5oUAQA
عهد کردم که در خوشی و ناخوشی همراه شوهرم باشم   #shorts,https://www.youtube.com/watch?v=kjp8UhwEU2s
از معایب عمر طولانی این است که انسان شاهد مرگ عزیزان خویش خواهد بود #shorts,https://www.youtube.com/watch?v=5m5VXL8ES40
نمیخواهی سری به هوویت بزنی؟ #shorts,https://www.youtube.com/watch?v=g3Wb03Bj98A
مگه از مادر خودمونی تر هم داریم؟  #shorts,https://www.youtube.com/watch?v=HN2NZFNOFx4
ادعای خدایی یزید #shorts,https://www.youtube.com/watch?v=X98O_MhWQYM
زن بی هنری بودی که نتونستی مختار رو کنار خودت داشته باشی #shorts,https://www.youtube.com/watch?v=OutfxdzaeNw
در عرصه قدرت خداوند هیچ چیز غیرممکن نیست  #shorts,https://www.youtube.com/watch?v=_P12AZzUOi0
قرارمان این بود که بی کفن هم را ترک نکنیم  #shorts,https://www.youtube.com/watch?v=UkF1Ro8W_Cg
همیشه اونی که حواسش به همه هست، کسی از حال دلش خبر نداره #shorts,https://www.youtube.com/watch?v=QgfXC0aU7Ko
کمتر عربی هست که در مقابل زن صبور و فروتن باشد  #shorts,https://www.youtube.com/watch?v=Ur_i-QRaXXI
رفت تا شیطان را از جلد زنش بتاراند #shorts,https://www.youtube.com/watch?v=5brdSrTMcLI
خداوند آرزوهای بزرگ بندگانش را چه آسان برآورده میکند #shorts,https://www.youtube.com/watch?v=C8OspHnDnOk
حسین در پناه کعبه امن تر است تا در میان جماعت کوفی  #shorts,https://www.youtube.com/watch?v=wdbq2alkdb8
هیچکس بعد شهادت برادرش عروسی راه نمیندازه  #shorts,https://www.youtube.com/watch?v=Lo8QGd5fc_0
واقعا یزید را شایسته جانشینی پیامبر میدانید؟   #shorts,https://www.youtube.com/watch?v=nJxG2dPRf78
جعفر دهقان و کاظم افرندنیا در فیلم سایه بر خورشید | Sayeh Bar Khorshid,https://www.youtube.com/watch?v=iRujyIlwHvA
علنا دستور کشتن پسر پیامبر را میدهد #shorts,https://www.youtube.com/watch?v=sXdzKZQJX7I
بارها جدش را در خواب دیده بوده  #shorts,https://www.youtube.com/watch?v=bA_nPtJiq3Q
بنظرم تو خانوم ترین عکاس دنیایی  #shorts,https://www.youtube.com/watch?v=ZL8NS2jFh_8
یزید میمون باز خمار #shorts,https://www.youtube.com/watch?v=GSme-y-pRGM
شما سیصد سال در آن غار خوابیده بودید و خود نمیدانستید  #shorts,https://www.youtube.com/watch?v=iIpB9d3GL7E
صحبت عشق برش دارد بانو #shorts,https://www.youtube.com/watch?v=FFn9VApHYLw
من که از تمام مردا بیزارم، مهر تو یکی به دلم نشسته   #shorts,https://www.youtube.com/watch?v=djRpMzi2yiA
این آب دوای جگر پاره پاره حسن است #shorts,https://www.youtube.com/watch?v=svoidR4LG8E
مختار بدون اسب و شمشیرش شوهر نیست، مترسک است   #shorts,https://www.youtube.com/watch?v=fh2wQcBpyLY
پیامبری که میخواست بداند خدا چگونه مردگان را زنده میکند  #shorts,https://www.youtube.com/watch?v=wx8mAu4tlpg
صلح حسن با معاویه ایرانی کشی بود #shorts,https://www.youtube.com/watch?v=Yk25KCJys6Q
سریال مختارنامه - پشت صحنه قسمت 5 | Serial Mokhtarnameh - Backstage Part 5,https://www.youtube.com/watch?v=7wpum8YL2LU
این شغل حرمت داره، باید حرمت این شغل رو حفظ کنی #shorts,https://www.youtube.com/watch?v=qqwvmoR__gc
سریال مختارنامه - پشت صحنه قسمت 4 | Serial Mokhtarnameh - Backstage Part 4,https://www.youtube.com/watch?v=V0PaVfYab5E
سریال مختارنامه - پشت صحنه قسمت 3 | Serial Mokhtarnameh - Backstage Part 3,https://www.youtube.com/watch?v=eP4ERK1kxhs
سریال مختارنامه - پشت صحنه قسمت 2 | Serial Mokhtarnameh - Backstage Part 2,https://www.youtube.com/watch?v=il7GkFoEE9k
سریال مختارنامه - پشت صحنه قسمت 1 | Serial Mokhtarnameh - Backstage Part 1,https://www.youtube.com/watch?v=9ywR9jtVdxc
برخیزید و مرگ خدایان را ببینید #shorts,https://www.youtube.com/watch?v=vTWs71xQPMM
میدونستم دلت یکجا گیره  #shorts,https://www.youtube.com/watch?v=J4RFYmciJpQ
چطور اجازه دادی یک ایرانی بی نام و نشان از یک دختر عرب خواستگاری کند؟ #shorts,https://www.youtube.com/watch?v=-usMxn1OImg
همه این توطئه ها از گور تو بر می خیزد نمک به حرام - سریال مختارنامه,https://www.youtube.com/watch?v=7mSzM5LdaFA
فاتحه این حکومت را خواندم شما هم بخوانید - سریال مختارنامه,https://www.youtube.com/watch?v=8zgrFp1FRtM
عرب را با عجم چه وصلتی است #shorts,https://www.youtube.com/watch?v=b9AAywb0g4o
حسین سخنش وحی منزل نیست، حسین اگر معجزه داشت خودش را نجات می داد - سریال مختارنامه,https://www.youtube.com/watch?v=szFEcPI6Czo
رسوایی یزید توسط عبیدالله - سریال مختارنامه,https://www.youtube.com/watch?v=YxGHx0n27Ew
چرا بعد این همه سال اینهمه داغتان جانسوز است #shorts,https://www.youtube.com/watch?v=utsJb_3-GWU
نکند دوست بی ریای من به طمع خواهرم دور و بر من میپلکد #shorts,https://www.youtube.com/watch?v=1t63TTbAQcs
الیکا عبدالرزاقی و فریبا متخصص در فیلم کتاب | Ketab,https://www.youtube.com/watch?v=bCtVbLCXakc
خواهرت رو میدی عوضش خواهرش رو میگیری #shorts,https://www.youtube.com/watch?v=fraX8eJlAf8
تو به صلابه نیاز نداری، به قلاده نیاز داری #shorts,https://www.youtube.com/watch?v=CUPOdSGBnYs
معاویه دخترش را با جهیزیه ای از طلا بر نیزه کرده  #shorts,https://www.youtube.com/watch?v=AvBsY2yiIgg
آنچه میبینم کابوسی وحشتناک است یا رویایی شیرین؟  #shorts,https://www.youtube.com/watch?v=_iAnxplxm2k
مختار رویای لشکری از دختران سیه چشم عرب بوده و هست #shorts,https://www.youtube.com/watch?v=5j7RhLN5hqU
از یک کیلومتری داد میزنه که عاشقی #shorts,https://www.youtube.com/watch?v=P173F_mJaPY
شکار ماده شیر جوانی مثل تو هنر میخواهد  #shorts,https://www.youtube.com/watch?v=4O9aU6nXyA4
سریال مستوران 2 - قسمت 38 (قسمت آخر) | Serial Mastooran 2 - Part 38,https://www.youtube.com/watch?v=8ZAgUrANcqQ
جنگ ابراهیم اشتر با ابن زیاد و فرار ابن زیاد - سریال مختارنامه,https://www.youtube.com/watch?v=aVIsG73GVuM
به امیرتان بگویید دودمان زبیریان را به آتش می کشم - سریال مختارنامه,https://www.youtube.com/watch?v=gpH6GrB2PJE
چگونه ممکن است اجساد 7 انسان بعد از 300 سال نپوسد #shorts,https://www.youtube.com/watch?v=YzLa3n8nM-w
مختار کم خانه نسوزانده و کم خانه ویران نکرده است - سریال مختارنامه,https://www.youtube.com/watch?v=8CdAc6V5pHw
گریه کن پسرم، گریه کردن در خلوت از خصلت مردان بزرگ اسلام است - سریال مختارنامه,https://www.youtube.com/watch?v=aVFtmJKv1CM
شهادت بن کامل در جنگ با زبیریان منطقه حرورا - سریال مختارنامه,https://www.youtube.com/watch?v=61yvJTHI6Fw
وصیت مختار به اصحاب - سریال مختارنامه,https://www.youtube.com/watch?v=IYovDaSo_aE
از مختار شنیدم فردا گردن تک تک شما را خواهند زد - سریال مختارنامه,https://www.youtube.com/watch?v=p_YleRTnOJk
از جنگ مختار با زبیریان تا شهادت مختار در محراب حضرت علی - سریال مختارنامه,https://www.youtube.com/watch?v=x27MyOD_UUo
یاسمن داره عاشق میشه  #shorts,https://www.youtube.com/watch?v=lO-EUka17RU
سریال مستوران 2 - قسمت 37 | Serial Mastooran 2 - Part 37,https://www.youtube.com/watch?v=m8J4cxNY_N0
سریال مستوران 2 - قسمت 36 | Serial Mastooran 2 - Part 36,https://www.youtube.com/watch?v=yZ7nT_Se7ro
من هذیان نمیگویم، هذیان میبینم، هذیان میشنوم #shorts,https://www.youtube.com/watch?v=yYuzIU56G0U
سریال محاکمه - قسمت 35 (قسمت آخر) | Serial Mohakeme - Part 35,https://www.youtube.com/watch?v=yIFu-gnygJ4
سریال مستوران 2 - قسمت 35 | Serial Mastooran 2 - Part 35,https://www.youtube.com/watch?v=V4DwMPX4yec
حسین محجوب و محمود پاک نیت در فیلم صنوبر | Senobar,https://www.youtube.com/watch?v=8YJAJwec_2E
سریال مستوران 2 - قسمت 34 | Serial Mastooran 2 - Part 34,https://www.youtube.com/watch?v=g-RGFjKx4og
من یقین دارم کسی که مرده و پوسیده هیچوقت زنده نمیشود #shorts,https://www.youtube.com/watch?v=VV12aL1CGAk
سریال محاکمه - قسمت 34 | Serial Mohakeme - Part 34,https://www.youtube.com/watch?v=U2A0BbhtPYg
به جای تو اگه یک کلوخ خواهر من بود بیشتر خاصیت داشت  #shorts,https://www.youtube.com/watch?v=oIIDAait1Fk
سریال مستوران 2 - قسمت 33 | Serial Mastooran 2 - Part 33,https://www.youtube.com/watch?v=8pdsc-6nsmM
سریال مستوران 2 - قسمت 32 | Serial Mastooran 2 - Part 32,https://www.youtube.com/watch?v=SVUy-7TOT10
من اصلا جهان دیگر را قبول ندارم #shorts,https://www.youtube.com/watch?v=PKMKTPhQkII
سریال محاکمه - قسمت 33 | Serial Mohakeme - Part 33,https://www.youtube.com/watch?v=TucFXc05P7g
لوس که بودی، دیوونم شدی ؟ #shorts,https://www.youtube.com/watch?v=qOWs7nSrvR0
سریال مستوران 2 - قسمت 31 | Serial Mastooran 2 - Part 31,https://www.youtube.com/watch?v=XQ-E4U6vicQ
سریال مستوران 2 - قسمت 30 | Serial Mastooran 2 - Part 30,https://www.youtube.com/watch?v=tDX6IaZD8UM
سریال محاکمه - قسمت 32 | Serial Mohakeme - Part 32,https://www.youtube.com/watch?v=n849gvvT5cA
سریال اصحاب کهف - قسمت 18 (قسمت آخر) | Serial Ashabe Kahf - Part 18,https://www.youtube.com/watch?v=Maz7gnLlVkE
سریال اصحاب کهف - قسمت 17 | Serial Ashabe Kahf - Part 17,https://www.youtube.com/watch?v=KYs017noKxI
سریال اصحاب کهف - قسمت 16 | Serial Ashabe Kahf - Part 16,https://www.youtube.com/watch?v=ZTYN653Jjzc
سریال مستوران 2 - قسمت 29 | Serial Mastooran 2 - Part 29,https://www.youtube.com/watch?v=fvg8mWpTjg4
سریال مستوران 2 - قسمت 28 | Serial Mastooran 2 - Part 28,https://www.youtube.com/watch?v=U9gc0ZyQvBA
اینها چطور نام مسیح را بدون ترس به زبان می آورند #shorts,https://www.youtube.com/watch?v=akPgIuyHYYY
سریال محاکمه - قسمت 31 | Serial Mohakeme - Part 31,https://www.youtube.com/watch?v=39Kp7fpcTFo
باید مسیح را شیر بنوشانی #shorts,https://www.youtube.com/watch?v=Y2KyNHrAloU
سریال مستوران 2 - قسمت 27 | Serial Mastooran 2 - Part 27,https://www.youtube.com/watch?v=nkLbxQh_rVU
اسم گراند هتل رو باید بذارین گران هتل #shorts,https://www.youtube.com/watch?v=j7EfoOibyK4
سریال مستوران 2 - قسمت 26 | Serial Mastooran 2 - Part 26,https://www.youtube.com/watch?v=i4Ibf5v3zsE
تعجب و سردرگمی اصحاب کهف از این همه تغییرات #shorts,https://www.youtube.com/watch?v=etR2rhSs-V4
سریال محاکمه - قسمت 30 | Serial Mohakeme - Part 30,https://www.youtube.com/watch?v=kpZYf7P-djk
جاری شدن چشمه آب زیر پای مریم مقدس #shorts,https://www.youtube.com/watch?v=bIWynsU_GaU
سریال مستوران 2 - قسمت 25 | Serial Mastooran 2 - Part 25,https://www.youtube.com/watch?v=s3wQYuf3Jwk
بیدار شدن اصحاب کهف از خواب بعد از سیصد سال  #shorts,https://www.youtube.com/watch?v=6QB5cLb4b2Y
سریال مستوران 2 - قسمت 24 | Serial Mastooran 2 - Part 24,https://www.youtube.com/watch?v=ctQ_zTtxTI8
به جای حاکم شدن باید کشیش میشد #shorts,https://www.youtube.com/watch?v=N_3qbE3L7tQ
سریال محاکمه - قسمت 29 | Serial Mohakeme - Part 29,https://www.youtube.com/watch?v=3BpWL5nfhSo
آیا زنی استثنایی میشناسی که لایق مادر پیامبر بودن باشد #shorts,https://www.youtube.com/watch?v=_R-NIkE13gE
سریال مستوران 2 - قسمت 23 | Serial Mastooran 2 - Part 23,https://www.youtube.com/watch?v=Hi_P_u7L8Mo
امین تارخ و سارا خوئینی ها در فیلم معصومیت از دست رفته 2 | Masoomiat Az Dast Rafte,https://www.youtube.com/watch?v=osydsF6RnvE
راهزن عاشق  #shorts,https://www.youtube.com/watch?v=-CPHy4pdaEY
سریال مستوران 2 - قسمت 22 | Serial Mastooran 2 - Part 22,https://www.youtube.com/watch?v=FVy8cLgpWRU
جنگ بین پیروان خدا و شیطان همیشه بوده  #shorts,https://www.youtube.com/watch?v=-qZwiwB68x0
سریال محاکمه - قسمت 28 | Serial Mohakeme - Part 28,https://www.youtube.com/watch?v=LDZA88ETqoI
سریال هزاردستان - قسمت 15 (قسمت آخر) | Serial Hezar Dastan - Part 15,https://www.youtube.com/watch?v=ygkE7cdIlUI
مگر پیامبر خدا هم کار میکند؟ #shorts,https://www.youtube.com/watch?v=jdq7j4ArcT8
سریال مستوران 2 - قسمت 21 | Serial Mastooran 2 - Part 21,https://www.youtube.com/watch?v=d1tAfruYReI
سریال هزاردستان - قسمت 14 | Serial Hezar Dastan - Part 14,https://www.youtube.com/watch?v=al6jmpKRqbY
سریال هزاردستان - قسمت 13 | Serial Hezar Dastan - Part 13,https://www.youtube.com/watch?v=0E1PKSjIGfA
امین تارخ و فریبا کوثری در فیلم معصومیت از دست رفته 1 | Masoomiat Az Dast Rafte,https://www.youtube.com/watch?v=uwjOorpaLVE
سریال هزاردستان - قسمت 12 | Serial Hezar Dastan - Part 12,https://www.youtube.com/watch?v=w2wEupDYEeM
سریال مستوران 2 - قسمت 20 | Serial Mastooran 2 - Part 20,https://www.youtube.com/watch?v=G7NeR-_vSSE
سریال هزاردستان - قسمت 11 | Serial Hezar Dastan - Part 11,https://www.youtube.com/watch?v=1SoE2590elg
سریال هزاردستان - قسمت 10 | Serial Hezar Dastan - Part 10,https://www.youtube.com/watch?v=7BKxhRKPKtA
از کجا معلوم غیر از این دنیا ، دنیای دیگری هم باشد   #shorts,https://www.youtube.com/watch?v=5TPLqMcRaTc
سریال محاکمه - قسمت 27 | Serial Mohakeme - Part 27,https://www.youtube.com/watch?v=uRroesg4COg
سریال هزاردستان - قسمت 9 | Serial Hezar Dastan - Part 9,https://www.youtube.com/watch?v=A9PR_XkQhjA
سریال هزاردستان - قسمت 8 | Serial Hezar Dastan - Part 8,https://www.youtube.com/watch?v=q4jzI9m4Qfw
ما ایرانیان که اهورا مزدا را ستایش میکنیم در انتظار مسیحای شماییم  #shorts,https://www.youtube.com/watch?v=ijPCzosmTdU
سریال مستوران 2 - قسمت 19 | Serial Mastooran 2 - Part 19,https://www.youtube.com/watch?v=DWbTZlOVwjw
سریال هزاردستان - قسمت 7 | Serial Hezar Dastan - Part 7,https://www.youtube.com/watch?v=iH_512-pUZE
سریال هزاردستان - قسمت 6 | Serial Hezar Dastan - Part 6,https://www.youtube.com/watch?v=9CQp1_TYqt4
سریال هزاردستان - قسمت 5 | Serial Hezar Dastan - Part 5,https://www.youtube.com/watch?v=GjmiuNVa_1A
سریال مستوران 2 - قسمت 18 | Serial Mastooran 2 - Part 18,https://www.youtube.com/watch?v=Qvvz-HqjihU
سریال هزاردستان - قسمت 4 | Serial Hezar Dastan - Part 4,https://www.youtube.com/watch?v=tJwpn2FGJlI
سریال مستوران 2 - قسمت 17 | Serial Mastooran 2 - Part 17,https://www.youtube.com/watch?v=9-XVex-dl-4
سریال هزاردستان - قسمت 3 | Serial Hezar Dastan - Part 3,https://www.youtube.com/watch?v=F2zYi6chcSs
کسانی پدرم را کشتند که سالها به آنها خدمت کرده بود  #shorts,https://www.youtube.com/watch?v=eu3K8fvvgN0
سریال محاکمه - قسمت 26 | Serial Mohakeme - Part 26,https://www.youtube.com/watch?v=hSO1v8rf32Q
سریال مستوران 2 - قسمت 16 | Serial Mastooran 2 - Part 16,https://www.youtube.com/watch?v=tt57Sr_ld08
سریال هزاردستان - قسمت 2 | Serial Hezar Dastan - Part 2,https://www.youtube.com/watch?v=h2mWGm4k8lI
سریال مستوران 2 - قسمت 15 | Serial Mastooran 2 - Part 15,https://www.youtube.com/watch?v=JwB9oGjm5Q0
سریال هزاردستان - قسمت 1 | Serial Hezar Dastan - Part 1,https://www.youtube.com/watch?v=q_zv80Yp4OQ
ایرانیان دشمنان سرسخت رومیان هستند  #shorts,https://www.youtube.com/watch?v=BBzPAAHi77U
سریال مستوران 2 - قسمت 14 | Serial Mastooran 2 - Part 14,https://www.youtube.com/watch?v=tolhDqVzEDY
سریال مستوران 2 - قسمت 13 | Serial Mastooran 2 - Part 13,https://www.youtube.com/watch?v=Na5dNMj1yOw
سریال یوسف پیامبر - قسمت 45 (قسمت آخر) | Serial Yousuf Payambar [4K] - Part 45,https://www.youtube.com/watch?v=nsbMBBRl9v8
سریال مستوران 2 - قسمت 12 | Serial Mastooran 2 - Part 12,https://www.youtube.com/watch?v=l9Khitv1LGI
علم امامت فراتر از حد تصور است  #shorts,https://www.youtube.com/watch?v=OQtso5Jj7HQ
سریال یوسف پیامبر - قسمت 44 | Serial Yousuf Payambar [4K] - Part 44,https://www.youtube.com/watch?v=uuaDw5Mnvcc
سریال مستوران 2 - قسمت 11 | Serial Mastooran 2 - Part 11,https://www.youtube.com/watch?v=JMZMwsSQsgg
سریال یوسف پیامبر - قسمت 43 | Serial Yousuf Payambar [4K] - Part 43,https://www.youtube.com/watch?v=CYS_qbC9FgI
سریال مستوران 2 - قسمت 10 | Serial Mastooran 2 - Part 10,https://www.youtube.com/watch?v=KD9eHQBZ1Ww
پطرس قهرمانانه مرد  #shorts,https://www.youtube.com/watch?v=vjl1nhv0slA
سریال یوسف پیامبر - قسمت 42 | Serial Yousuf Payambar [4K] - Part 42,https://www.youtube.com/watch?v=QqMNZK-_hfA
سریال محاکمه - قسمت 25 | Serial Mohakeme - Part 25,https://www.youtube.com/watch?v=u-Svx3vE-hQ
سریال مستوران 2 - قسمت 9 | Serial Mastooran 2 - Part 9,https://www.youtube.com/watch?v=Tg1LRt3Sq28
سریال یوسف پیامبر - قسمت 41 | Serial Yousuf Payambar [4K] - Part 41,https://www.youtube.com/watch?v=vU4js5doJGU
سریال مستوران 2 - قسمت 8 | Serial Mastooran 2 - Part 8,https://www.youtube.com/watch?v=_5VwP0rDBF4
چطور به زکریا بگویم بچه ای در شکم دارم؟  #shorts,https://www.youtube.com/watch?v=km9JqJCSrNU
سریال یوسف پیامبر - قسمت 40 | Serial Yousuf Payambar [4K] - Part 40,https://www.youtube.com/watch?v=NuKq_ksk9qU
سریال مستوران 2 - قسمت 7 | Serial Mastooran 2 - Part 7,https://www.youtube.com/watch?v=icCFHLY1azM
سریال یوسف پیامبر - قسمت 39 | Serial Yousuf Payambar [4K] - Part 39,https://www.youtube.com/watch?v=UawL_MFnILI
سریال مستوران 2 - قسمت 6 | Serial Mastooran 2 - Part 6,https://www.youtube.com/watch?v=cjc9p4u2Eh0
سریال یوسف پیامبر - قسمت 38 | Serial Yousuf Payambar [4K] - Part 38,https://www.youtube.com/watch?v=9FZNcFJ5MoA
سریال مستوران 2 - قسمت 5 | Serial Mastooran 2 - Part 5,https://www.youtube.com/watch?v=0Grm_Ebu4D8
دزدیدن یک نامه برای یک راهزن کار سختی نیست #shorts,https://www.youtube.com/watch?v=VhSIJkpUZgU
سریال یوسف پیامبر - قسمت 37 | Serial Yousuf Payambar [4K] - Part 37,https://www.youtube.com/watch?v=4Ki4thhtsGo
سریال مستوران 2 - قسمت 4 | Serial Mastooran 2 - Part 4,https://www.youtube.com/watch?v=uYF2xswi2yU
سریال یوسف پیامبر - قسمت 36 | Serial Yousuf Payambar [4K] - Part 36,https://www.youtube.com/watch?v=1qBJbbJ8Dv8
سریال مستوران 2 - قسمت 3 | Serial Mastooran 2 - Part 3,https://www.youtube.com/watch?v=BLopxzJkLZE
صاحب این خانه متهم به پرستش خدای یگانه است #shorts,https://www.youtube.com/watch?v=m5qBTCiXGYA
سریال یوسف پیامبر - قسمت 35 | Serial Yousuf Payambar [4K] - Part 35,https://www.youtube.com/watch?v=PP7GlB5j58I
سریال محاکمه - قسمت 24 | Serial Mohakeme - Part 24,https://www.youtube.com/watch?v=7WebgqUF_S0
سریال مستوران 2 - قسمت 2 | Serial Mastooran 2 - Part 2,https://www.youtube.com/watch?v=n4-RTz6aCjs
سریال یوسف پیامبر - قسمت 34 | Serial Yousuf Payambar [4K] - Part 34,https://www.youtube.com/watch?v=J87fahJmTZ0
سریال مستوران 2 - قسمت 1 | Serial Mastooran 2 - Part 1,https://www.youtube.com/watch?v=JaBt06z1PAU
ترس مریم مقدس از جبرئیل  #shorts,https://www.youtube.com/watch?v=zXYKBWGMHJs
سریال یوسف پیامبر - قسمت 33 | Serial Yousuf Payambar [4K] - Part 33,https://www.youtube.com/watch?v=O12piNTkjEs
سریال یوسف پیامبر - قسمت 32 | Serial Yousuf Payambar [4K] - Part 32,https://www.youtube.com/watch?v=dFlcWPmYrJ4
سریال یوسف پیامبر - قسمت 31 | Serial Yousuf Payambar [4K] - Part 31,https://www.youtube.com/watch?v=X5upTmzzpaQ
امام او را خائن خطاب کرده   #shorts,https://www.youtube.com/watch?v=p-0kAm8A1M8
سریال یوسف پیامبر - قسمت 30 | Serial Yousuf Payambar [4K] - Part 30,https://www.youtube.com/watch?v=5Sgwjmb6q_c
سریال یوسف پیامبر - قسمت 29 | Serial Yousuf Payambar [4K] - Part 29,https://www.youtube.com/watch?v=cQVCP0p7_0I
من از تو و خدای تو متنفرم  #shorts,https://www.youtube.com/watch?v=IuHTQbMEYM0
سریال یوسف پیامبر - قسمت 28 | Serial Yousuf Payambar [4K] - Part 28,https://www.youtube.com/watch?v=NIq12WHMNdI
سریال محاکمه - قسمت 23 | Serial Mohakeme - Part 23,https://www.youtube.com/watch?v=IovSwQ4Skpg
سریال یوسف پیامبر - قسمت 27 | Serial Yousuf Payambar [4K] - Part 27,https://www.youtube.com/watch?v=LLfa0HuQzX8
پرندگان و موجودات همه تسبیح تو را میگویند #shorts,https://www.youtube.com/watch?v=AoQMq6tf2rk
سریال یوسف پیامبر - قسمت 26 | Serial Yousuf Payambar [4K] - Part 26,https://www.youtube.com/watch?v=aIbW1-qqdNk
سریال یوسف پیامبر - قسمت 25 | Serial Yousuf Payambar [4K] - Part 25,https://www.youtube.com/watch?v=R4mTovUBwPg
امین زندگانی و محمود پاک نیت در فیلم ملک سلیمان | Molke Soleyman,https://www.youtube.com/watch?v=HGg4wByKHXI
سریال یوسف پیامبر - قسمت 24 | Serial Yousuf Payambar [4K] - Part 24,https://www.youtube.com/watch?v=9OV82n0FOdk
کاغذ نسوز، کشف جابربن حیان #shorts,https://www.youtube.com/watch?v=V0UJuJxi55k
سریال یوسف پیامبر - قسمت 23 | Serial Yousuf Payambar [4K] - Part 23,https://www.youtube.com/watch?v=XvBd4_l2aew
سریال یوسف پیامبر - قسمت 22 | Serial Yousuf Payambar [4K] - Part 22,https://www.youtube.com/watch?v=mmYrKDGMYYI
آرزوی ازدواج با من را به گور خواهی برد #shorts,https://www.youtube.com/watch?v=I_sQkZ9BCnM
سریال یوسف پیامبر - قسمت 21 | Serial Yousuf Payambar [4K] - Part 21,https://www.youtube.com/watch?v=NkJ5O0aqAbA
سریال محاکمه - قسمت 22 | Serial Mohakeme - Part 22,https://www.youtube.com/watch?v=fjNm02O7-30
سریال یوسف پیامبر - قسمت 20 | Serial Yousuf Payambar [4K] - Part 20,https://www.youtube.com/watch?v=4x6adc6mpto
سریال یوسف پیامبر - قسمت 19 | Serial Yousuf Payambar [4K] - Part 19,https://www.youtube.com/watch?v=x3OX8U00BqY
تولد یحیی فرزند یعقوب #shorts,https://www.youtube.com/watch?v=3MvLWlznAOA
سریال یوسف پیامبر - قسمت 18 | Serial Yousuf Payambar [4K] - Part 18,https://www.youtube.com/watch?v=wIG1vT3-2Mk
سریال یوسف پیامبر - قسمت 17 | Serial Yousuf Payambar [4K] - Part 17,https://www.youtube.com/watch?v=q5apuZejbaU
سرنوشت همه دوستان اهل بیت آوارگی است #shorts,https://www.youtube.com/watch?v=C80UogTgTcs
سریال یوسف پیامبر - قسمت 16 | Serial Yousuf Payambar [4K] - Part 16,https://www.youtube.com/watch?v=-Ybnqsgb02k
سریال یوسف پیامبر - قسمت 15 | Serial Yousuf Payambar [4K] - Part 15,https://www.youtube.com/watch?v=vtwFNjptIVg
به زودی خیانت ها فراموش خواهد شد #shorts,https://www.youtube.com/watch?v=SJCzzW86kEM
سریال یوسف پیامبر - قسمت 14 | Serial Yousuf Payambar [4K] - Part 14,https://www.youtube.com/watch?v=DklmmfjSJrI
سریال محاکمه - قسمت 21 | Serial Mohakeme - Part 21,https://www.youtube.com/watch?v=OhqTgGPeRIU
سریال یوسف پیامبر - قسمت 13 | Serial Yousuf Payambar [4K] - Part 13,https://www.youtube.com/watch?v=5xIDMaKUqCA
قوم یهود برترین نژاد روی زمین است #shorts,https://www.youtube.com/watch?v=0cnjueTwUes
سریال یوسف پیامبر - قسمت 12 | Serial Yousuf Payambar [4K] - Part 12,https://www.youtube.com/watch?v=JEBMTo9YHyk
سریال یوسف پیامبر - قسمت 11 | Serial Yousuf Payambar [4K] - Part 11,https://www.youtube.com/watch?v=Cs4xhpBvdCU
سریال یوسف پیامبر - قسمت 10 | Serial Yousuf Payambar [4K] - Part 10,https://www.youtube.com/watch?v=b1DhgKbAM7c
دل سپردن به خدا کار آسانی نیست #shorts,https://www.youtube.com/watch?v=TZBBapp-3nM
سریال یوسف پیامبر - قسمت 9 | Serial Yousuf Payambar [4K] - Part 9,https://www.youtube.com/watch?v=5WdCpzJ--ao
سریال یوسف پیامبر - قسمت 8 | Serial Yousuf Payambar [4K] - Part 8,https://www.youtube.com/watch?v=GoQc9_DI_vA
اگر ثابت شود مسیحی هستی زنده زنده دفن خواهی شد  #shorts,https://www.youtube.com/watch?v=H2KBXRWPBhY
سریال یوسف پیامبر - قسمت 7 | Serial Yousuf Payambar [4K] - Part 7,https://www.youtube.com/watch?v=hNqSl65RbGw
سریال محاکمه - قسمت 20 | Serial Mohakeme - Part 20,https://www.youtube.com/watch?v=F73zaBDtiOY
سریال یوسف پیامبر - قسمت 6 | Serial Yousuf Payambar [4K] - Part 6,https://www.youtube.com/watch?v=Qg-LkXqg3II
درد تو درد دین نیست، درد هوای نفس است  #shorts,https://www.youtube.com/watch?v=OJ0jkDQYywo
سریال یوسف پیامبر - قسمت 5 | Serial Yousuf Payambar [4K] - Part 5,https://www.youtube.com/watch?v=ejYrRpybU1Q
سریال یوسف پیامبر - قسمت 4 | Serial Yousuf Payambar [4K] - Part 4,https://www.youtube.com/watch?v=xcJg1cvik4M
سریال یوسف پیامبر - قسمت 3 | Serial Yousuf Payambar [4K] - Part 3,https://www.youtube.com/watch?v=ozaVDDiquRw
بهشت را به آدم هایی مثل من نمی دهند #shorts,https://www.youtube.com/watch?v=-hsacU7er64
سریال یوسف پیامبر - قسمت 2 | Serial Yousuf Payambar [4K] - Part 2,https://www.youtube.com/watch?v=liO9SmDcdVE
سریال یوسف پیامبر - قسمت 1 | Serial Yousuf Payambar [4K] - Part 1,https://www.youtube.com/watch?v=rKe2nAxD1Ag
اگر نتوانی یکتاپرستی هلن را ثابت کنی سرت را از دست خواهی داد #shorts,https://www.youtube.com/watch?v=AEq3RgaL4ug
سریال محاکمه - قسمت 19 | Serial Mohakeme - Part 19,https://www.youtube.com/watch?v=xRTCBkNkcy0
او دختر پیامبر آخرالزمان است #shorts,https://www.youtube.com/watch?v=KrPF6SFNljc
بانو هلن مانند شوهرش یکتا پرست است #shorts,https://www.youtube.com/watch?v=sErWL1IO6co
سریال محاکمه - قسمت 18 | Serial Mohakeme - Part 18,https://www.youtube.com/watch?v=BZYeKWehhbQ
شما چهار زن برگزیده عالم هستید#shorts,https://www.youtube.com/watch?v=gtFHR31iakk
سریال عشق کوفی - قسمت 15 (قسمت آخر) | Serial Eshghe Kufi - Part 15,https://www.youtube.com/watch?v=ny1D3V5keJk
این ها کلماتی از نور هستند #shorts,https://www.youtube.com/watch?v=yPnmRoY5yTc
سریال عشق کوفی - قسمت 14 | Serial Eshghe Kufi - Part 14,https://www.youtube.com/watch?v=MH31FT7vEuo
سریال عشق کوفی - قسمت 13 | Serial Eshghe Kufi - Part 13,https://www.youtube.com/watch?v=oRXG9n00rHk
اگر لطف کرده و بمیرید ما بی نهایت خوشحال میشویم  #shorts,https://www.youtube.com/watch?v=qSkz8hbK7FE
سریال محاکمه - قسمت 17 | Serial Mohakeme - Part 17,https://www.youtube.com/watch?v=rpUlG3t9kFQ
سریال عشق کوفی - قسمت 12 | Serial Eshghe Kufi - Part 12,https://www.youtube.com/watch?v=XZdcp64YRB0
سریال عشق کوفی - قسمت 11 | Serial Eshghe Kufi - Part 11,https://www.youtube.com/watch?v=ekmCrf45nmM
فرشتگان در انتظار ورود من بودند #shorts,https://www.youtube.com/watch?v=_yq-_2eN3NI
سریال قاب های خالی - قسمت 13 (قسمت آخر) | Serial Ghabhaye Khali - Part 13,https://www.youtube.com/watch?v=e-5lHv3gE3g
سریال عشق کوفی - قسمت 10 | Serial Eshghe Kufi - Part 10,https://www.youtube.com/watch?v=mmmZsV82ntc
سریال عشق کوفی - قسمت 9 | Serial Eshghe Kufi - Part 9,https://www.youtube.com/watch?v=kmmN-EFpnHI
سریال عشق کوفی - قسمت 8 | Serial Eshghe Kufi - Part 8,https://www.youtube.com/watch?v=z5fMKfvKa1E
سریال عشق کوفی - قسمت 4 | Serial Eshghe Kufi - Part 4,https://www.youtube.com/watch?v=7L06VqkHTEA
سریال عشق کوفی - قسمت 7 | Serial Eshghe Kufi - Part 7,https://www.youtube.com/watch?v=q7WNn252wQs
سریال عشق کوفی - قسمت 6 | Serial Eshghe Kufi - Part 6,https://www.youtube.com/watch?v=ee65lX7rFZk
ظاهرا خدای آنان از خدای ما قوی تر است #shorts,https://www.youtube.com/watch?v=G6Z_Rv5MYVU
سریال محاکمه - قسمت 16 | Serial Mohakeme - Part 16,https://www.youtube.com/watch?v=9-WM4IX9xfc
سریال عشق کوفی - قسمت 5 | Serial Eshghe Kufi - Part 5,https://www.youtube.com/watch?v=vH7IfliTXck
تا کنون خداوند با هیچ زنی سخن نگفته #shorts,https://www.youtube.com/watch?v=W32n1mAmjkc
سریال قاب های خالی - قسمت 12 | Serial Ghabhaye Khali - Part 12,https://www.youtube.com/watch?v=5P8e1ZVhtoY
سریال عشق کوفی - قسمت 3 | Serial Eshghe Kufi - Part 3,https://www.youtube.com/watch?v=FbAxncqvFAI
سریال عشق کوفی - قسمت 2 | Serial Eshghe Kufi - Part 2,https://www.youtube.com/watch?v=woUO66ChK1s
سریال عشق کوفی - قسمت 1 | Serial Eshghe Kufi - Part 1,https://www.youtube.com/watch?v=MuKDmYFJAZs
کسی که نان راهزنی خورده باشد قلبش را به شیطان فروخته است  #shorts,https://www.youtube.com/watch?v=uRjXvB4UupI
آنها باید زنده به گور شوند #shorts,https://www.youtube.com/watch?v=ODD9cKp6QRs
سریال محاکمه - قسمت 15 | Serial Mohakeme - Part 15,https://www.youtube.com/watch?v=qSLcfxRPm84
مرد مجاز است هرچقدر که میخواهد کنیز و همخوابه اختیار کند #shorts,https://www.youtube.com/watch?v=45CU8Bn35D4
سریال قاب های خالی - قسمت 11 | Serial Ghabhaye Khali - Part 11,https://www.youtube.com/watch?v=kOR_qdkUapM
تو چطور میتوانی به جابر خیانت کنی؟ #shorts,https://www.youtube.com/watch?v=I4TnbzfkqtQ
شما دلقک هستید یا سرباز؟ #shorts,https://www.youtube.com/watch?v=Wk6MjRCY4I0
سریال محاکمه - قسمت 14 | Serial Mohakeme - Part 14,https://www.youtube.com/watch?v=Z-fgaJrfEfg
یهود کتاب خدا را تحریف کرده #shorts,https://www.youtube.com/watch?v=rgNKTQcAu1g
سریال قاب های خالی - قسمت 10 | Serial Ghabhaye Khali - Part 10,https://www.youtube.com/watch?v=HvTZvudk8N0
ماکسیمیلیان را از بین ببر و صاحب باغی زیبا بشو #shorts,https://www.youtube.com/watch?v=SxlB0A7OGMM
سریال محاکمه - قسمت 13 | Serial Mohakeme - Part 13,https://www.youtube.com/watch?v=HZKwZwnJQ9Q
پیام پروردگار به مریم #shorts,https://www.youtube.com/watch?v=-1U_5lrfUV8
سریال قاب های خالی - قسمت 9 | Serial Ghabhaye Khali - Part 9,https://www.youtube.com/watch?v=mc6NcVTpTIo
بویی از غیرت نبرده ای #shorts,https://www.youtube.com/watch?v=cETLia58h3g
سریال خاک تابان - قسمت 10 (قسمت آخر) | Serial Khake Taban - Part 10,https://www.youtube.com/watch?v=cFhyHgvRJ0M
خداپرستی روزی فراگیر خواهد شد #shorts,https://www.youtube.com/watch?v=wu8sepr-EAY
سریال محاکمه - قسمت 12 | Serial Mohakeme - Part 12,https://www.youtube.com/watch?v=3VCYyqhBPTE
چرا فکر میکنی از من به خدا نزدیکتری؟ #shorts,https://www.youtube.com/watch?v=YUn-fGc2BW0
سریال قاب های خالی - قسمت 8 | Serial Ghabhaye Khali - Part 8,https://www.youtube.com/watch?v=4OIzjc-gCh8
چنان زیرک است که فریب کسی را نمیخورد #shorts,https://www.youtube.com/watch?v=6WT4RI31cKE
سریال خاک تابان - قسمت 9 | Serial Khake Taban - Part 9,https://www.youtube.com/watch?v=u57z3SKF_AU
من تا بحال این همه تشنه خواب نبودم #shorts,https://www.youtube.com/watch?v=fNqn3P6RcJw
سریال محاکمه - قسمت 11 | Serial Mohakeme - Part 11,https://www.youtube.com/watch?v=81jElii5oos
سریال قاب های خالی - قسمت 7 | Serial Ghabhaye Khali - Part 7,https://www.youtube.com/watch?v=OdYaIOTWAPQ
زبیر شیفته و شیدای دختر شماست  #shorts,https://www.youtube.com/watch?v=DMc8EtXm2l0
سریال خاک تابان - قسمت 8 | Serial Khake Taban - Part 8,https://www.youtube.com/watch?v=NsI2E-v0-hM
خدایان ما توانایی دفاع از خود را ندارند #shorts,https://www.youtube.com/watch?v=tSqu7uGjFW0
سریال محاکمه - قسمت 10 | Serial Mohakeme - Part 10,https://www.youtube.com/watch?v=iMhMmWGrlSI
شیطان را بر پیامبران قدرتی نیست #shorts,https://www.youtube.com/watch?v=vmEJm5y-i-c
سریال قاب های خالی - قسمت 6 | Serial Ghabhaye Khali - Part 6,https://www.youtube.com/watch?v=3iGaq70ek5A
مردی که در مسجد از خدا میگوید ولی در خفا... #shorts,https://www.youtube.com/watch?v=gr81PrDWMSA
سریال خاک تابان - قسمت 7 | Serial Khake Taban - Part 7,https://www.youtube.com/watch?v=pIdXcF0f1zI
اگر اینچنین مملکت داری میکردم روم به باد رفته بود  #shorts,https://www.youtube.com/watch?v=jxKm5E_IPrU
سریال محاکمه - قسمت 9 | Serial Mohakeme - Part 9,https://www.youtube.com/watch?v=agyjoYVGu48
چطور ممکن است پیرمردی به سن زکریا صاحب فرزند شود  #shorts,https://www.youtube.com/watch?v=-nbwD6dk3ug
سریال قاب های خالی - قسمت 5 | Serial Ghabhaye Khali - Part 5,https://www.youtube.com/watch?v=UdJHIilSeww
کوفه پر از جاسوس و خبرچین است #shorts,https://www.youtube.com/watch?v=_6WQakEwVyI
سریال خاک تابان - قسمت 6 | Serial Khake Taban - Part 6,https://www.youtube.com/watch?v=YIAvRGYP3t4
صدای درونم میگوید به کوه آنجلس پناه ببریم #shorts,https://www.youtube.com/watch?v=uWQRr6zezb4
سریال محاکمه - قسمت 8 | Serial Mohakeme - Part 8,https://www.youtube.com/watch?v=tDTbWCl46W4
ای قدیسه ی معبد #shorts,https://www.youtube.com/watch?v=1DJSvG_kKsA
سریال قاب های خالی - قسمت 4 | Serial Ghabhaye Khali - Part 4,https://www.youtube.com/watch?v=QVUieplO1EQ
هرکی تو رو میبینه یاد بدهی هاش میفته #shorts,https://www.youtube.com/watch?v=X5MsMqu2Vg8
سریال خاک تابان - قسمت 5 | Serial Khake Taban - Part 5,https://www.youtube.com/watch?v=bUq-AuVonEc
سریال روزگار قریب - قسمت 36 (قسمت آخر) | Serial Roozegare Gharib - Part 36,https://www.youtube.com/watch?v=74F5D7XswVo
سریال محاکمه - قسمت 7 | Serial Mohakeme - Part 7,https://www.youtube.com/watch?v=6fECzNfe5Kg
سریال روزگار قریب - قسمت 35 | Serial Roozegare Gharib - Part 35,https://www.youtube.com/watch?v=qyVhRblQvtM
سریال قاب های خالی - قسمت 3 | Serial Ghabhaye Khali - Part 3,https://www.youtube.com/watch?v=pTMeq1-ry_4
سریال روزگار قریب - قسمت 34 | Serial Roozegare Gharib - Part 34,https://www.youtube.com/watch?v=Ri2A1UrW6rI
سریال روزگار قریب - قسمت 33 | Serial Roozegare Gharib - Part 33,https://www.youtube.com/watch?v=_DooaQFU4l8
حاکم به دختر شما علاقه مند است #shorts,https://www.youtube.com/watch?v=CPmIYcTWl4I
سریال خاک تابان - قسمت 4 | Serial Khake Taban - Part 4,https://www.youtube.com/watch?v=WcW6PMmXXrg
سریال روزگار قریب - قسمت 32 | Serial Roozegare Gharib - Part 32,https://www.youtube.com/watch?v=DnUMsdjyU5o
هرجا رفتم خواستگاری گفتن ما فقط گوسفندامون رو بهت میدیم #shorts,https://www.youtube.com/watch?v=nHSlPFrJTA8
سریال محاکمه - قسمت 6 | Serial Mohakeme - Part 6,https://www.youtube.com/watch?v=qzHUp2vX9J8
سریال روزگار قریب - قسمت 31 | Serial Roozegare Gharib - Part 31,https://www.youtube.com/watch?v=PSmsOJlI2BE
تحقیر زکریا توسط اقوامش بخاطر نداشتن فرزند #shorts,https://www.youtube.com/watch?v=F2meiEIwQ9M
سریال قاب های خالی - قسمت 2 | Serial Ghabhaye Khali - Part 2,https://www.youtube.com/watch?v=hvEFj4ETeLg
سریال روزگار قریب - قسمت 30 | Serial Roozegare Gharib - Part 30,https://www.youtube.com/watch?v=QOgkoFDkiN4
سریال روزگار قریب - قسمت 29 | Serial Roozegare Gharib - Part 29,https://www.youtube.com/watch?v=yh-isU4KCbs
پادشاه شست پایش رو میکنه تو دماغ زبیر #shorts,https://www.youtube.com/watch?v=Mcld87H_zco
سریال خاک تابان - قسمت 3 | Serial Khake Taban - Part 3,https://www.youtube.com/watch?v=8uWB2lyC9XE
سریال دلیران تنگستان - قسمت 14 (قسمت آخر) | Serial Dalirane Tangestan - Part 14,https://www.youtube.com/watch?v=GaqLc2MT4ZY
ما به جرم اهانت به امپراتور و خدایان روم فراری هستیم #shorts,https://www.youtube.com/watch?v=ZF5Dvlj_Zq8
سریال محاکمه - قسمت 5 | Serial Mohakeme - Part 5,https://www.youtube.com/watch?v=CfnwkYgDepc
سریال روزگار قریب - قسمت 28 | Serial Roozegare Gharib - Part 28,https://www.youtube.com/watch?v=aMUpJTqC0as
تو هیچوقت مادر نشده ای، لذت مادر بودن را نمیدانی #shorts,https://www.youtube.com/watch?v=vA7h5SY4uRw
سریال قاب های خالی - قسمت 1 | Serial Ghabhaye Khali - Part 1,https://www.youtube.com/watch?v=YgGyvGDn4Dg
سریال دروازه ساعات - قسمت 4 (قسمت آخر) | Serial Darvaze Saat - Part 4,https://www.youtube.com/watch?v=pK5xJ3TuAlY
سریال روزگار قریب - قسمت 27 | Serial Roozegare Gharib - Part 27,https://www.youtube.com/watch?v=bogw-AJ7bmI
سریال خاک تابان - قسمت 2 | Serial Khake Taban - Part 2,https://www.youtube.com/watch?v=ijjgktHUC1g
سریال دلیران تنگستان - قسمت 13 | Serial Dalirane Tangestan - Part 13,https://www.youtube.com/watch?v=TYc4LvFy1jo
از راه مخفی خانه ماکسیمیلیان گریختند #shorts,https://www.youtube.com/watch?v=R553LXYBIk8
سریال محاکمه - قسمت 4 | Serial Mohakeme - Part 4,https://www.youtube.com/watch?v=yMHjtKZ2n4s
سریال روزگار قریب - قسمت 26 | Serial Roozegare Gharib - Part 26,https://www.youtube.com/watch?v=lsDxaqrNm9U
زکریا حتی درون خانه اش هم نباید آسایش داشته باشد #shorts,https://www.youtube.com/watch?v=1HwOGiuXiWk
سریال دروازه ساعات - قسمت 3 | Serial Darvaze Saat - Part 3,https://www.youtube.com/watch?v=nJg5iIrj_AM
سریال روزگار قریب - قسمت 25 | Serial Roozegare Gharib - Part 25,https://www.youtube.com/watch?v=fr69z4dAZzA
در مرام ما تاوان خیانت مرگ است  #shorts,https://www.youtube.com/watch?v=_OAeaWu8Tsc
سریال خاک تابان - قسمت 1 | Serial Khake Taban - Part 1,https://www.youtube.com/watch?v=xTUZ5hD4GMo
سریال دلیران تنگستان - قسمت 12 | Serial Dalirane Tangestan - Part 12,https://www.youtube.com/watch?v=u2c3gLWA-hg
همسر شما از زندان گریخته است  #shorts,https://www.youtube.com/watch?v=TqcSFzxTYgI
سریال محاکمه - قسمت 3 | Serial Mohakeme - Part 3,https://www.youtube.com/watch?v=lqtNYzX9fuA
سریال روزگار قریب - قسمت 24 | Serial Roozegare Gharib - Part 24,https://www.youtube.com/watch?v=N9FPa1LW0u4
نیایش مریم با پروردگارش #shorts,https://www.youtube.com/watch?v=dXL-ZcLXqHc
سریال ایراندخت - قسمت 27 (قسمت آخر) | Serial Irandokht - Part 27,https://www.youtube.com/watch?v=FNBCpF-tPk8
سریال دروازه ساعات - قسمت 2 | Serial Darvaze Saat - Part 2,https://www.youtube.com/watch?v=JQ6HLTo6D7Y
سریال روزگار قریب - قسمت 23 | Serial Roozegare Gharib - Part 23,https://www.youtube.com/watch?v=pG01CLwasR0
جادوگری در دین اسلام حرام است #shorts,https://www.youtube.com/watch?v=UxVW6EtiGlI
سریال ستارخان - قسمت 11 (قسمت آخر) | Serial Sattar Khan - Part 11,https://www.youtube.com/watch?v=mpbx19dRPxo
سریال دلیران تنگستان - قسمت 11 | Serial Dalirane Tangestan - Part 11,https://www.youtube.com/watch?v=0VufRInz0tE
شهادت میدهم خدایی جز خالق آسمان و زمین در این عالم وجود ندارد #shorts,https://www.youtube.com/watch?v=mBjL6pfanjc
سریال محاکمه - قسمت 2 | Serial Mohakeme - Part 2,https://www.youtube.com/watch?v=F6I0gWGVmkI
سریال عمارت فرنگی - قسمت 14 (قسمت آخر) | Serial Emarate Farangi - Part 14,https://www.youtube.com/watch?v=5ie2lxDdRXM
سریال روزگار قریب - قسمت 22 | Serial Roozegare Gharib - Part 22,https://www.youtube.com/watch?v=9IXnHuOcr1w
سریال عمارت فرنگی - قسمت 13 | Serial Emarate Farangi - Part 13,https://www.youtube.com/watch?v=g8BpX36hc_U
دوست داشتم مرگ خواهرم را به چشم می دیدم #shorts,https://www.youtube.com/watch?v=rT_-d4ejR9E
سریال ایراندخت - قسمت 26 | Serial Irandokht - Part 26,https://www.youtube.com/watch?v=qRAZVq0cqjM
سریال عمارت فرنگی - قسمت 12 | Serial Emarate Farangi - Part 12,https://www.youtube.com/watch?v=L7sX-C_QoBU
سریال دروازه ساعات - قسمت 1 | Serial Darvaze Saat - Part 1,https://www.youtube.com/watch?v=dJF7Kdh3-0I
سریال عمارت فرنگی - قسمت 11 | Serial Emarate Farangi - Part 11,https://www.youtube.com/watch?v=NLpdpvFigVs
سریال روزگار قریب - قسمت 21 | Serial Roozegare Gharib - Part 21,https://www.youtube.com/watch?v=GfQ8bpPbobI
سریال عمارت فرنگی - قسمت 10 | Serial Emarate Farangi - Part 10,https://www.youtube.com/watch?v=KGh8PX4KdSM
حسادت پادشاه ایران از جایگاه و مرتبه جابربن حیان در نزد رومیان #shorts,https://www.youtube.com/watch?v=_PFzucigvqc
سریال ستارخان - قسمت 10 | Serial Sattar Khan - Part 10,https://www.youtube.com/watch?v=foXEza-2Kjs
سریال عمارت فرنگی - قسمت 9 | Serial Emarate Farangi - Part 9,https://www.youtube.com/watch?v=9fsGCqVSR5g
سریال دلیران تنگستان - قسمت 10 | Serial Dalirane Tangestan - Part 10,https://www.youtube.com/watch?v=WAoXxdh4DXs
سریال عمارت فرنگی - قسمت 8 | Serial Emarate Farangi - Part 8,https://www.youtube.com/watch?v=4dlHlSim1og
اگر خدایم را میشناختی حق میدادی که مشتاق دیدارش باشم #shorts,https://www.youtube.com/watch?v=EBxIC4hsq-8
سریال محاکمه - قسمت 1 | Serial Mohakeme - Part 1,https://www.youtube.com/watch?v=vtE3Js6wcls
سریال عمارت فرنگی - قسمت 7 | Serial Emarate Farangi - Part 7,https://www.youtube.com/watch?v=MUgGnBHy5Ks
سریال روزگار قریب - قسمت 20 | Serial Roozegare Gharib - Part 20,https://www.youtube.com/watch?v=2kKLM1CNIFo
سریال عمارت فرنگی - قسمت 6 | Serial Emarate Farangi - Part 6,https://www.youtube.com/watch?v=rfCQZzcXPEk
سریال ایراندخت - قسمت 25 | Serial Irandokht - Part 25,https://www.youtube.com/watch?v=PvZXgu2EYXI
سریال عمارت فرنگی - قسمت 5 | Serial Emarate Farangi - Part 5,https://www.youtube.com/watch?v=O189rro_Vis
سریال مرغ حق - قسمت 7 (قسمت آخر) | Serial Morghe Hagh - Part 7,https://www.youtube.com/watch?v=hhCAaxLzkiM
سریال عمارت فرنگی - قسمت 4 | Serial Emarate Farangi - Part 4,https://www.youtube.com/watch?v=QLHn2R-ONcQ
سریال روزگار قریب - قسمت 19 | Serial Roozegare Gharib - Part 19,https://www.youtube.com/watch?v=bt410Dq0yy0
سریال عمارت فرنگی - قسمت 3 | Serial Emarate Farangi - Part 3,https://www.youtube.com/watch?v=fnpFgNoQeB4
سریال ستارخان - قسمت 9 | Serial Sattar Khan - Part 9,https://www.youtube.com/watch?v=NG2If61u3hI
سریال عمارت فرنگی - قسمت 2 | Serial Emarate Farangi - Part 2,https://www.youtube.com/watch?v=jLK5_CUC44Y
سریال دلیران تنگستان - قسمت 9 | Serial Dalirane Tangestan - Part 9,https://www.youtube.com/watch?v=E-aJXGlX0Wk
سریال عمارت فرنگی - قسمت 1 | Serial Emarate Farangi - Part 1,https://www.youtube.com/watch?v=dzlUevNEiCM
پدرم مرا فرستاده تا شما را وادار به توبه کنم #shorts,https://www.youtube.com/watch?v=Tx6rfLr_ePI
سریال امام علی - قسمت 22 (قسمت آخر) | Serial Imam Ali - Part 22,https://www.youtube.com/watch?v=R8igeZ9sf04
سریال روزگار قریب - قسمت 18 | Serial Roozegare Gharib - Part 18,https://www.youtube.com/watch?v=N18Iz4ViaaQ
ترس پادشاه از قدرت نگاه زکریا #shorts,https://www.youtube.com/watch?v=fLJquKuYQ2Y
سریال ایراندخت - قسمت 24 | Serial Irandokht - Part 24,https://www.youtube.com/watch?v=0UQwz4Di39M
سریال مرغ حق - قسمت 6 | Serial Morghe Hagh - Part 6,https://www.youtube.com/watch?v=dB81UP60FxA
سریال روزگار قریب - قسمت 17 | Serial Roozegare Gharib - Part 17,https://www.youtube.com/watch?v=OQMS4kxv058
سریال ستارخان - قسمت 8 | Serial Sattar Khan - Part 8,https://www.youtube.com/watch?v=s3amWPDbLiI
سریال دلیران تنگستان - قسمت 8 | Serial Dalirane Tangestan - Part 8,https://www.youtube.com/watch?v=6Ne54Vs4WWI
سریال امام علی - قسمت 21 | Serial Imam Ali - Part 21,https://www.youtube.com/watch?v=AMBpD0SUhE0
سریال روزگار قریب - قسمت 16 | Serial Roozegare Gharib - Part 16,https://www.youtube.com/watch?v=_pSZCE4iwsQ
دوست داشتم من هم مانند تو به دنبال خواسته دلم روانه میشدم #shorts,https://www.youtube.com/watch?v=6nW46opjmkw
سریال ایراندخت - قسمت 23 | Serial Irandokht - Part 23,https://www.youtube.com/watch?v=mHMc5-u6nM8
سریال مرغ حق - قسمت 5 | Serial Morghe Hagh - Part 5,https://www.youtube.com/watch?v=l1ERioKrepk
الناز شاکردوست و پوریا پورسرخ در فیلم ناسپاس | Nasepas,https://www.youtube.com/watch?v=NeLWcPcKdqc
سریال روزگار قریب - قسمت 15 | Serial Roozegare Gharib - Part 15,https://www.youtube.com/watch?v=EB34RxarkJc
دل آن زیبارو را برده #shorts,https://www.youtube.com/watch?v=0MsZWTxPI3E
سریال ستارخان - قسمت 7 | Serial Sattar Khan - Part 7,https://www.youtube.com/watch?v=O1clYY_5tB0
سریال دلیران تنگستان - قسمت 7 | Serial Dalirane Tangestan - Part 7,https://www.youtube.com/watch?v=s0IrDsCvpDQ
اگر شما کشته شوید چه کسی راه ما را ادامه خواهد داد #shorts,https://www.youtube.com/watch?v=i2GDZdYMx78
سریال امام علی - قسمت 20 | Serial Imam Ali - Part 20,https://www.youtube.com/watch?v=NUg50jTn0Ac
سریال روزگار قریب - قسمت 14 | Serial Roozegare Gharib - Part 14,https://www.youtube.com/watch?v=NJ2BmmSlHhc
امروز، روز کفاره است #shorts,https://www.youtube.com/watch?v=SBYQhCf8bN8
سریال ایراندخت - قسمت 22 | Serial Irandokht - Part 22,https://www.youtube.com/watch?v=pxOqb0ntmEg
سریال مرغ حق - قسمت 4 | Serial Morghe Hagh - Part 4,https://www.youtube.com/watch?v=LgbUmOU8RNA
سریال روزگار قریب - قسمت 13 | Serial Roozegare Gharib - Part 13,https://www.youtube.com/watch?v=5BKVh8eiJBo
باید خم شوی و پاهایم را ببوسی #shorts,https://www.youtube.com/watch?v=c3N_xP4iydc
سریال ستارخان - قسمت 6 | Serial Sattar Khan - Part 6,https://www.youtube.com/watch?v=80rFvJaHuBk
سریال دلیران تنگستان - قسمت 6 | Serial Dalirane Tangestan - Part 6,https://www.youtube.com/watch?v=OB0Gf8NvpPM
صحنه ای دردناک از ظلم و ستم به برده ها #shorts,https://www.youtube.com/watch?v=Lx7wH7ZgcRc
سریال امام علی - قسمت 19 | Serial Imam Ali - Part 19,https://www.youtube.com/watch?v=s0rZpe3sn6E
سریال روزگار قریب - قسمت 12 | Serial Roozegare Gharib - Part 12,https://www.youtube.com/watch?v=tFmRqVQ3Jj0
سریال ایراندخت - قسمت 21 | Serial Irandokht - Part 21,https://www.youtube.com/watch?v=npsSWXMbPzs
سریال مرغ حق - قسمت 3 | Serial Morghe Hagh - Part 3,https://www.youtube.com/watch?v=_H71aQfJpsM
سریال روزگار قریب - قسمت 11 | Serial Roozegare Gharib - Part 11,https://www.youtube.com/watch?v=rEhPIJVe74c
سریال ستارخان - قسمت 5 | Serial Sattar Khan - Part 5,https://www.youtube.com/watch?v=5ZRzhLZWXXg
سریال دلیران تنگستان - قسمت 5 | Serial Dalirane Tangestan - Part 5,https://www.youtube.com/watch?v=O1ciyIwdJSs
زبان بازی را خوب یاد گرفته ای #shorts,https://www.youtube.com/watch?v=Qn8cA1CwGoU
سریال امام علی - قسمت 18 | Serial Imam Ali - Part 18,https://www.youtube.com/watch?v=nMBi_hEi_xI
سریال روزگار قریب - قسمت 10 | Serial Roozegare Gharib - Part 10,https://www.youtube.com/watch?v=672DS7g6mR4
سریال ایراندخت - قسمت 20 | Serial Irandokht - Part 20,https://www.youtube.com/watch?v=CN9lHseskOM
سریال مرغ حق - قسمت 2 | Serial Morghe Hagh - Part 2,https://www.youtube.com/watch?v=IshdJlYZFtc
سریال روزگار قریب - قسمت 9 | Serial Roozegare Gharib - Part 9,https://www.youtube.com/watch?v=d1H2DU1INoQ
دل عاشق را نمیتوان با سکه طلا خریداری کرد #shorts,https://www.youtube.com/watch?v=m6qvemvuyek
سریال ستارخان - قسمت 4 | Serial Sattar Khan - Part 4,https://www.youtube.com/watch?v=PENfULB66Mc
سریال دلیران تنگستان - قسمت 4 | Serial Dalirane Tangestan - Part 4,https://www.youtube.com/watch?v=Nq81EXrd7Cg
این تابلو زنده است #shorts,https://www.youtube.com/watch?v=ap_jhtz1gdY
سریال امام علی - قسمت 17 | Serial Imam Ali - Part 17,https://www.youtube.com/watch?v=2eI9433a0Q8
سریال روزگار قریب - قسمت 8 | Serial Roozegare Gharib - Part 8,https://www.youtube.com/watch?v=8Z1Yuqlljxc
سریال ایراندخت - قسمت 19 | Serial Irandokht - Part 19,https://www.youtube.com/watch?v=EnJBrS61ZgQ
فیلم سینمایی ماه معصوم - کامل | Film Mahe Masoum - Full Movie,https://www.youtube.com/watch?v=qQ5jAB4QjfM
سریال مرغ حق - قسمت 1 | Serial Morghe Hagh - Part 1,https://www.youtube.com/watch?v=4UekhWHdcYA
سریال روزگار قریب - قسمت 7 | Serial Roozegare Gharib - Part 7,https://www.youtube.com/watch?v=wkcfu2BHKzQ
پیشنهاد حاکم بصره انقدر بزرگ نیست که بتواند جابر را بخرد #shorts,https://www.youtube.com/watch?v=bZd4iPLOXpE
سریال ستارخان - قسمت 3 | Serial Sattar Khan - Part 3,https://www.youtube.com/watch?v=7uGWrwzqskY
سریال دلیران تنگستان - قسمت 3 | Serial Dalirane Tangestan - Part 3,https://www.youtube.com/watch?v=ks3WzLQ72is
احمد در فاران ظهور خواهد کرد #shorts,https://www.youtube.com/watch?v=OK9TFCgx08o
سریال امام علی - قسمت 16 | Serial Imam Ali - Part 16,https://www.youtube.com/watch?v=Pj-OfU3ESYo
سریال روزگار قریب - قسمت 6 | Serial Roozegare Gharib - Part 6,https://www.youtube.com/watch?v=xYTMNFwuJCs
به مادرم قدرتی بده که دوری من را بپذیرد #shorts,https://www.youtube.com/watch?v=H_YPQIVnEzw
سریال ایراندخت - قسمت 18 | Serial Irandokht - Part 18,https://www.youtube.com/watch?v=A-TKQhzNtJU
سریال امام رضا - قسمت 18 | Serial Imam Reza - Part 18,https://www.youtube.com/watch?v=xSMFi05kqEo
سریال روزگار قریب - قسمت 5 | Serial Roozegare Gharib - Part 5,https://www.youtube.com/watch?v=xO63t3O0tKY
جابربن حیان رایگان طبابت میکند #shorts,https://www.youtube.com/watch?v=F4DGMz5d0WU
سریال ستارخان - قسمت 2 | Serial Sattar Khan - Part 2,https://www.youtube.com/watch?v=xK0dckz-688
سریال دلیران تنگستان - قسمت 2 | Serial Dalirane Tangestan - Part 2,https://www.youtube.com/watch?v=Qrx3-kvRuI4
تا کی تظاهر به بت پرستی کنم؟ #shorts,https://www.youtube.com/watch?v=V57Ncsdho38
سریال امام علی - قسمت 15 | Serial Imam Ali - Part 15,https://www.youtube.com/watch?v=idAttWGbSYw
سریال روزگار قریب - قسمت 4 | Serial Roozegare Gharib - Part 4,https://www.youtube.com/watch?v=Pf9jvIbJ7zA
بیشتر پیامبران در کودکی یتیم شدند #shorts,https://www.youtube.com/watch?v=PYmt66m1DmI
سریال ایراندخت - قسمت 17 | Serial Irandokht - Part 17,https://www.youtube.com/watch?v=7R0PeR_7dMs
سریال امام رضا - قسمت 17 | Serial Imam Reza - Part 17,https://www.youtube.com/watch?v=iTvzppZxlVo
سریال روزگار قریب - قسمت 3 | Serial Roozegare Gharib - Part 3,https://www.youtube.com/watch?v=AEXzOCpOPPw
کفری بالاتر از این وجود دارد؟ #shorts,https://www.youtube.com/watch?v=-QYNkHccobM
سریال ستارخان - قسمت 1 | Serial Sattar Khan - Part 1,https://www.youtube.com/watch?v=lBLZOyKg0cY
سریال دلیران تنگستان - قسمت 1 | Serial Dalirane Tangestan - Part 1,https://www.youtube.com/watch?v=J_gG4ydSa3k
پیامبر دروغی #shorts,https://www.youtube.com/watch?v=E96pJvOZ7BE
سریال امام علی - قسمت 14 | Serial Imam Ali - Part 14,https://www.youtube.com/watch?v=nRALtfu4SE0
سریال روزگار قریب - قسمت 2 | Serial Roozegare Gharib - Part 2,https://www.youtube.com/watch?v=cYws4edK3Vk
او با پدرم دشمنی داشت #shorts,https://www.youtube.com/watch?v=vA3Q9aBm87E
سریال ایراندخت - قسمت 16 | Serial Irandokht - Part 16,https://www.youtube.com/watch?v=M5iEgIeCf4E
سریال امام رضا - قسمت 16 | Serial Imam Reza - Part 16,https://www.youtube.com/watch?v=4TTzEzaDvuQ
سریال روزگار قریب - قسمت 1 | Serial Roozegare Gharib - Part 1,https://www.youtube.com/watch?v=biNk2TlFj4g
جای خالی مادرت را پرکن #shorts,https://www.youtube.com/watch?v=GH9XGC5AmFM
سریال امام حسن - قسمت 11 | Serial Imam Hasan - Part 11,https://www.youtube.com/watch?v=dgkwZYubT8Q
سریال طفلان مسلم - قسمت 12 | Serial Teflane Moslem - Part 12,https://www.youtube.com/watch?v=BpamQNeuXDI
خدایت به تو چه داده است؟ #shorts,https://www.youtube.com/watch?v=4RF8DGyE1Ps
سریال امام علی - قسمت 13 | Serial Imam Ali - Part 13,https://www.youtube.com/watch?v=c7q8KQ126NE
مختار، با وهب نصرانی همسفر شو تا راه و رسم عاشقی بیاموزی - سریال مختارنامه,https://www.youtube.com/watch?v=rdAOp4Xx4fI
سریال طفلان مسلم - قسمت 11 | Serial Teflane Moslem - Part 11,https://www.youtube.com/watch?v=vnROzDQErLE
طاقت من به اندازه ی ایمان شما نیست #shorts,https://www.youtube.com/watch?v=k34gV6Gw6qo
جنگ منظرابن زبیر با حصین بن نمیر - سریال مختارنامه,https://www.youtube.com/watch?v=WhVV_yCJfCs
سریال ایراندخت - قسمت 15 | Serial Irandokht - Part 15,https://www.youtube.com/watch?v=zlJJNnTENFg
غرور ناریه آتش عشق را به جانم افکند، مختار - سریال مختارنامه,https://www.youtube.com/watch?v=E6Tn8rKHpd4
سریال امام رضا - قسمت 15 | Serial Imam Reza - Part 15,https://www.youtube.com/watch?v=3VqoZ2881OM
من زین پس شمشیرم را جایی از نیام می کشم که خودم فریاد کنم، حمله - سریال مختارنامه,https://www.youtube.com/watch?v=FxrJPvrj870
سریال طفلان مسلم - قسمت 10 | Serial Teflane Moslem - Part 10,https://www.youtube.com/watch?v=k5j0EgwihSM
فقیران را به حال خودشان رها کنید #shorts,https://www.youtube.com/watch?v=PvJafgavrWg
مرد جنگ را با مترسک یکی کردن بی انصافی است، مختار - سریال مختارنامه,https://www.youtube.com/watch?v=cqCLa3kall4
سریال امام حسن - قسمت 10 | Serial Imam Hasan - Part 10,https://www.youtube.com/watch?v=Dbv_zZf6Rbc
ظهر عاشورا - سریال مختارنامه,https://www.youtube.com/watch?v=g1PmwBdWF1k
سریال طفلان مسلم - قسمت 9 | Serial Teflane Moslem - Part 9,https://www.youtube.com/watch?v=vKBAhs1mRow
شکنجه حد وسط ندارد #shorts,https://www.youtube.com/watch?v=rWOD7NAiB6U
جنگ مختار با حصین بن نمیر - سریال مختارنامه,https://www.youtube.com/watch?v=WKkiaMQZ9VE
سریال امام علی - قسمت 12 | Serial Imam Ali - Part 12,https://www.youtube.com/watch?v=dd1mw7s6hbY
قول داده بودم در عزایتان رخت عروسی بپوشم و کل کل کنم - سریال مختارنامه,https://www.youtube.com/watch?v=Qd_eelOx8J0
سریال طفلان مسلم - قسمت 8 | Serial Teflane Moslem - Part 8,https://www.youtube.com/watch?v=enL9Vpziznc
این چه پیامبری است که مانند مردم عادی غذا میخورد #shorts,https://www.youtube.com/watch?v=1Lc5W8pqdqk
مختار در رزم جامه دلربا تر است تا در لباس دهقانی - سریال مختارنامه,https://www.youtube.com/watch?v=NX6AW-wPxLk
سریال ایراندخت - قسمت 14 | Serial Irandokht - Part 14,https://www.youtube.com/watch?v=WjQ6myNzq30
کشته شدن شمر به دست کیان - سریال مختارنامه,https://www.youtube.com/watch?v=IZyTUprSyHw
سریال امام رضا - قسمت 14 | Serial Imam Reza - Part 14,https://www.youtube.com/watch?v=vdMbS-_J8AA
تا پسر اشتر هست، نعوذ بالله خدا هم حریفشان نیست یا امیر - سریال مختارنامه,https://www.youtube.com/watch?v=u2EH0GAeUW8
سریال طفلان مسلم - قسمت 7 | Serial Teflane Moslem - Part 7,https://www.youtube.com/watch?v=bkfqFvqF6DE
من تو را به چنگ میاورم #shorts,https://www.youtube.com/watch?v=Q7ohWRAW_ko
دلاوری چون مختار رویای لشکری از دخترکان سیه چشم عرب بوده و هست - سریال مختارنامه,https://www.youtube.com/watch?v=-7jcGRUa0U0
سریال امام حسن - قسمت 9 | Serial Imam Hasan - Part 9,https://www.youtube.com/watch?v=nJm_LpqP1uM
فریبرز عرب نیا و مهدی فخیم زاده در فیلم دلیران ایران 3 | Dalirane Iran 3,https://www.youtube.com/watch?v=YGFtrRBrQ3U
شهادت سفیر امام حسین، مسلم ابن عقیل - سریال مختارنامه,https://www.youtube.com/watch?v=ipSDS-q9Bpk
سریال طفلان مسلم - قسمت 6 | Serial Teflane Moslem - Part 6,https://www.youtube.com/watch?v=jAQ-Rf6pLXs
مرگ بهتر از این زندگی است #shorts,https://www.youtube.com/watch?v=pHwJlBKUEm4
ابومفلس، بگویید تخت را بردارند و به جای آن کرسی ساده بنشانند - سریال مختارنامه,https://www.youtube.com/watch?v=RiKTOjnV_Fo
سریال امام علی - قسمت 11 | Serial Imam Ali - Part 11,https://www.youtube.com/watch?v=BV68P33mBTg
ابراهیم، ابواسحاق محاصره شده، به یاری اش بشتاب - سریال مختارنامه,https://www.youtube.com/watch?v=in3VdrwVNQA
سریال طفلان مسلم - قسمت 5 | Serial Teflane Moslem - Part 5,https://www.youtube.com/watch?v=R9ct2fb_OnY
بیعت مختار با عبدالله زبیر - سریال مختارنامه,https://www.youtube.com/watch?v=VdkTtK2wOYU
سریال ایراندخت - قسمت 13 | Serial Irandokht - Part 13,https://www.youtube.com/watch?v=8LZIY82jiJA
کشتن عمر ابن سعد توسط بن کامل - سریال مختارنامه,https://www.youtube.com/watch?v=aWtYw6ugEpE
سریال امام رضا - قسمت 13 | Serial Imam Reza - Part 13,https://www.youtube.com/watch?v=AFPeTT6tpPA
کشته شدن حرمله توسط مختار ثقفی - سریال مختارنامه,https://www.youtube.com/watch?v=jxlwRhTAGWc
سریال طفلان مسلم - قسمت 4 | Serial Teflane Moslem - Part 4,https://www.youtube.com/watch?v=xKLFUitAbtY
قیام مختار - سریال مختارنامه,https://www.youtube.com/watch?v=uwzmQx1v8bQ
سریال امام حسن - قسمت 8 | Serial Imam Hasan - Part 8,https://www.youtube.com/watch?v=1CABwAjW-qo
نسخه اصلی سریال لحظه گرگ و میش - قسمت 33 | Serial Lahzeye Gorgo Mish - Part 33,https://www.youtube.com/watch?v=PE0cyD0cG84
آشنایی مختار با مصعب توسط عبدالله زبیر و کینه این دو از هم در بدو آشنایی - سریال مختارنامه,https://www.youtube.com/watch?v=jDAarqp1cXE
فریبرز عرب نیا و مهدی فخیم زاده در فیلم دلیران ایران 2 | Dalirane Iran 2,https://www.youtube.com/watch?v=Wp9OEPUWEtk
سریال طفلان مسلم - قسمت 3 | Serial Teflane Moslem - Part 3,https://www.youtube.com/watch?v=DDe2hvfP9Xs
این دنیا همچون پلی است که شما را به آخرت میرساند#shorts,https://www.youtube.com/watch?v=NxQvURakzHU
سریال امام علی - قسمت 10 | Serial Imam Ali - Part 10,https://www.youtube.com/watch?v=nVs6odSE91s
شهادت جناب زهیر بن قین در جنگ با شمر و نماز ظهر عاشورا - سریال مختارنامه,https://www.youtube.com/watch?v=yLDOHMha3ac
سریال طفلان مسلم - قسمت 2 | Serial Teflane Moslem - Part 2,https://www.youtube.com/watch?v=LZjyH2M43E0
شما کاهنان به کاسبان بی تجربه شبیه ترید#shorts,https://www.youtube.com/watch?v=T3Evyj84-x8
سریال ایراندخت - قسمت 12 | Serial Irandokht - Part 12,https://www.youtube.com/watch?v=i7Rh3ygG2Vs
سریال امام رضا - قسمت 12 | Serial Imam Reza - Part 12,https://www.youtube.com/watch?v=Wl3Km_pXGMM
سریال طفلان مسلم - قسمت 1 | Serial Teflane Moslem - Part 1,https://www.youtube.com/watch?v=6mKeveHnQW0
خیلی شلوغ میکنی#shorts,https://www.youtube.com/watch?v=BumbunY5x5U
سریال امام حسن - قسمت 7 | Serial Imam Hasan - Part 7,https://www.youtube.com/watch?v=oRwBE5g-41U
فریبرز عرب نیا و مهدی فخیم زاده در فیلم دلیران ایران 1 | Dalirane Iran 1,https://www.youtube.com/watch?v=kgb05fluVig
این مردان را برای قفس شیر میبریم#shorts,https://www.youtube.com/watch?v=7ABjcrY_7gc
سریال امام علی - قسمت 9 | Serial Imam Ali - Part 9,https://www.youtube.com/watch?v=eutZVlXJmyk
سریال مختارنامه - قسمت 40 | Serial Mokhtarnameh - Part 40,https://www.youtube.com/watch?v=9H0IQfBySYE
سریال مختارنامه - قسمت 39 | Serial Mokhtarnameh - Part 39,https://www.youtube.com/watch?v=_-lQwnxpbas
چرا از فریاد بلند ما زنان میترسید#shorts,https://www.youtube.com/watch?v=Jy-fSxNBwLQ
اکبر عبدی و محمد صادقی در فیلم ‏ستاره خضراء‏ - روایت راهب نصرانی | Setare Khazra,https://www.youtube.com/watch?v=NfM980sya7E
سریال ایراندخت - قسمت 11 | Serial Irandokht - Part 11,https://www.youtube.com/watch?v=rMHKkLa3NVo
سریال مختارنامه - قسمت 38 | Serial Mokhtarnameh - Part 38,https://www.youtube.com/watch?v=9V2tmQXwVZw
سریال امام رضا - قسمت 11 | Serial Imam Reza - Part 11,https://www.youtube.com/watch?v=IqdAOTBGdas
سریال مختارنامه - قسمت 37 | Serial Mokhtarnameh - Part 37,https://www.youtube.com/watch?v=hCrYWnHODaA
سریال مختارنامه - قسمت 36 | Serial Mokhtarnameh - Part 36,https://www.youtube.com/watch?v=F4E8eR2s5bs
تمام قبایل از شنیدن اسم زبیر تنشون به لرزه درمیاد#shorts,https://www.youtube.com/watch?v=lATofroo_Tg
فریبرز عرب نیا و فرهاد اصلانی در فیلم کودکان آب | Koodakane Ab,https://www.youtube.com/watch?v=xG_1dY1CS1M
سریال سرگشته - قسمت 10 | Serial Sargashte - Part 10,https://www.youtube.com/watch?v=MJtVsry3SAU
سریال امام حسن - قسمت 6 | Serial Imam Hasan - Part 6,https://www.youtube.com/watch?v=RmmG5ZwyUdQ
سریال مختارنامه - قسمت 35 | Serial Mokhtarnameh - Part 35,https://www.youtube.com/watch?v=Kq6qKY3qi9Y
سریال سرگشته - قسمت 9 | Serial Sargashte - Part 9,https://www.youtube.com/watch?v=WDUiHsjbG90
سریال مختارنامه - قسمت 34 | Serial Mokhtarnameh - Part 34,https://www.youtube.com/watch?v=0v7GJ2WXmqo
همسر امپراتور زن قدرتمندی است#shorts,https://www.youtube.com/watch?v=TuQJ5734oDY
سریال سرگشته - قسمت 8 | Serial Sargashte - Part 8,https://www.youtube.com/watch?v=4m9RYiTunas
سریال امام علی - قسمت 8 | Serial Imam Ali - Part 8,https://www.youtube.com/watch?v=XSSA1KeeDHM
سریال مختارنامه - قسمت 33 | Serial Mokhtarnameh - Part 33,https://www.youtube.com/watch?v=k26lT3G7O9Y
سریال سرگشته - قسمت 7 | Serial Sargashte - Part 7,https://www.youtube.com/watch?v=JzivTWoJdFM
سریال مختارنامه - قسمت 32 | Serial Mokhtarnameh - Part 32,https://www.youtube.com/watch?v=6TELiV0wsA4
برای رسیدن به ملکوت اعلی گاه باید کودک شد#shorts,https://www.youtube.com/watch?v=NFrVyqweL8w
سریال سرگشته - قسمت 6 | Serial Sargashte - Part 6,https://www.youtube.com/watch?v=5DzIO2PElg8
سریال ایراندخت - قسمت 10 | Serial Irandokht - Part 10,https://www.youtube.com/watch?v=69exglymkzo
سریال مختارنامه - قسمت 31 | Serial Mokhtarnameh - Part 31,https://www.youtube.com/watch?v=JOWmoKn7XVA
سریال سرگشته - قسمت 5 | Serial Sargashte - Part 5,https://www.youtube.com/watch?v=irDazIbfSN0
سریال امام رضا - قسمت 10 | Serial Imam Reza - Part 10,https://www.youtube.com/watch?v=7OJOVJp_xAs
سریال مختارنامه - قسمت 30 | Serial Mokhtarnameh - Part 30,https://www.youtube.com/watch?v=f70OyJnoaF8
سریال سرگشته - قسمت 4 | Serial Sargashte - Part 4,https://www.youtube.com/watch?v=sfbRiALaa_4
سریال مختارنامه - قسمت 29 | Serial Mokhtarnameh - Part 29,https://www.youtube.com/watch?v=xSYtdCUkrRE
اگه چیز با ارزشی داشتیم بخاطرش میجنگیدیم#shorts,https://www.youtube.com/watch?v=FyOjvKnoxM8
فتحعلی اویسی و احمد نجفی در فیلم عیسی بشیر احمد | Isa Bashir Ahmad,https://www.youtube.com/watch?v=4CLLOmf5DJ0
سریال سرگشته - قسمت 3 | Serial Sargashte - Part 3,https://www.youtube.com/watch?v=VXxBMZmhTmg
سریال امام حسن - قسمت 5 | Serial Imam Hasan - Part 5,https://www.youtube.com/watch?v=nGH4NzbCEHc
سریال سرگشته - قسمت 2 | Serial Sargashte - Part 2,https://www.youtube.com/watch?v=1FUxQmg5P4U
سریال مختارنامه - قسمت 28 | Serial Mokhtarnameh - Part 28,https://www.youtube.com/watch?v=Sq3FxqvYBAI
نیاکان ما را قطعه قطعه میکنند#shorts,https://www.youtube.com/watch?v=63BqeoIftxU
سریال سرگشته - قسمت 1 | Serial Sargashte - Part 1,https://www.youtube.com/watch?v=q-JwXhGnmck
سریال امام علی - قسمت 7 | Serial Imam Ali - Part 7,https://www.youtube.com/watch?v=W1NcL_vo9Ng
سریال مختارنامه - قسمت 27 | Serial Mokhtarnameh - Part 27,https://www.youtube.com/watch?v=tWlWGV5wchU
قدم دخترت شوم است#shorts,https://www.youtube.com/watch?v=8ATF8hLjQ4o
سریال ایراندخت - قسمت 9 | Serial Irandokht - Part 9,https://www.youtube.com/watch?v=QRESJkXe-S8
سریال امام رضا - قسمت 9 | Serial Imam Reza - Part 9,https://www.youtube.com/watch?v=K4x57YDrplA
سریال مختارنامه - قسمت 26 | Serial Mokhtarnameh - Part 26,https://www.youtube.com/watch?v=LRA3Jkv-6IU
خون خودتون رو فدای مالتون میکنید#shorts,https://www.youtube.com/watch?v=mAuJ9tqITV8
سریال امام حسن - قسمت 4 | Serial Imam Hasan - Part 4,https://www.youtube.com/watch?v=58UpjI1fe6A
سریال مختارنامه - قسمت 25 | Serial Mokhtarnameh - Part 25,https://www.youtube.com/watch?v=CImH1-Rg_KY
مادرت خیانت کرد#shorts,https://www.youtube.com/watch?v=ialogfsUKM8
سریال امام علی - قسمت 6 | Serial Imam Ali - Part 6,https://www.youtube.com/watch?v=g2COJEN_Loc
سریال مختارنامه - قسمت 24 | Serial Mokhtarnameh - Part 24,https://www.youtube.com/watch?v=bQpDDyqkBIc
سریال ایراندخت - قسمت 8 | Serial Irandokht - Part 8,https://www.youtube.com/watch?v=IjV7DpjeNRc
سریال امام رضا - قسمت 8 | Serial Imam Reza - Part 8,https://www.youtube.com/watch?v=ITlz7pzTQtg
سریال مختارنامه - قسمت 23 | Serial Mokhtarnameh - Part 23,https://www.youtube.com/watch?v=Kz_rboyZhc4
زبونم از تشنگی مثل چوب شده#shorts,https://www.youtube.com/watch?v=5UWCsEMfUI4
سریال امام حسن - قسمت 3 | Serial Imam Hasan - Part 3,https://www.youtube.com/watch?v=AoUZgvx3ctE
سریال مختارنامه - قسمت 22 | Serial Mokhtarnameh - Part 22,https://www.youtube.com/watch?v=S3k7-Mv0pLc
دست روی هرکس میگذارند ، مسیحی از آب در می آید#shorts,https://www.youtube.com/watch?v=oPv7k3jp494
سریال امام علی - قسمت 5 | Serial Imam Ali - Part 5,https://www.youtube.com/watch?v=lUitdZGfoCM
سریال مختارنامه - قسمت 21 | Serial Mokhtarnameh - Part 21,https://www.youtube.com/watch?v=rrrcV71j58w
سریال ایراندخت - قسمت 7 | Serial Irandokht - Part 7,https://www.youtube.com/watch?v=ClCN1A4drE4
سریال امام رضا - قسمت 7 | Serial Imam Reza - Part 7,https://www.youtube.com/watch?v=VDyLhqixkaA
سریال مختارنامه - قسمت 20 | Serial Mokhtarnameh - Part 20,https://www.youtube.com/watch?v=jcgZEat0pWE
اولین جانشین من علی ع است#shorts,https://www.youtube.com/watch?v=pZR9HHQusx8
فیلم سینمایی ابراهیم خلیل‌الله - کامل | Film Ibrahim Khalilollah - Full Movie,https://www.youtube.com/watch?v=LFnon9lj8vE
سریال امام حسن - قسمت 2 | Serial Imam Hasan - Part 2,https://www.youtube.com/watch?v=ZVE2LnBVGhw
سریال مختارنامه - قسمت 19 | Serial Mokhtarnameh - Part 19,https://www.youtube.com/watch?v=mKSL1EuNqv8
مرا از مرگ نترسان#shorts,https://www.youtube.com/watch?v=4OD5_Mix27E
سریال امام علی - قسمت 4 | Serial Imam Ali - Part 4,https://www.youtube.com/watch?v=pcL-Od6dCPQ
سریال مختارنامه - قسمت 18 | Serial Mokhtarnameh - Part 18,https://www.youtube.com/watch?v=OYIOIlR-uv4
پیشنهاد میکنم با سر برهنه کمتر زیر آفتاب بمانید#shorts,https://www.youtube.com/watch?v=SSG5XsquoUg
سریال ایراندخت - قسمت 6 | Serial Irandokht - Part 6,https://www.youtube.com/watch?v=ElOs4rlHWAc
سریال امام رضا - قسمت 6 | Serial Imam Reza - Part 6,https://www.youtube.com/watch?v=QM-FZAA9Kho
سریال مختارنامه - قسمت 17 | Serial Mokhtarnameh - Part 17,https://www.youtube.com/watch?v=I4955nZIqvc
نقره را به جای طلا حساب میکنی مردک؟#shorts,https://www.youtube.com/watch?v=h5FXDl9OcEU
سریال امام حسن - قسمت 1 | Serial Imam Hasan - Part 1,https://www.youtube.com/watch?v=vm_fdIpHZCk
سریال مختارنامه - قسمت 16 | Serial Mokhtarnameh - Part 16,https://www.youtube.com/watch?v=tXZXEsurhEc
از داشتن چنین پدری شرمگینم#shorts,https://www.youtube.com/watch?v=wQTzQkh7DQs
سریال امام علی - قسمت 3 | Serial Imam Ali - Part 3,https://www.youtube.com/watch?v=rqQWS81ubHE
سریال مختارنامه - قسمت 15 | Serial Mokhtarnameh - Part 15,https://www.youtube.com/watch?v=xImwMD6DYNg
خردمندانه می اندیشند ولی ابلهانه عمل میکنند#shorts,https://www.youtube.com/watch?v=haKjX5zbIGE
سریال ایراندخت - قسمت 5 | Serial Irandokht - Part 5,https://www.youtube.com/watch?v=z1ianGWHOYk
سریال امام رضا - قسمت 5 | Serial Imam Reza - Part 5,https://www.youtube.com/watch?v=H32QGIPwNOk
سریال مختارنامه - قسمت 14 | Serial Mokhtarnameh - Part 14,https://www.youtube.com/watch?v=udj7pkw1H2E
سریال پیر وفا - قسمت 5 | Serial Pir Vafa - Part 5,https://www.youtube.com/watch?v=PZ9oh69tR0M
سریال مختارنامه - قسمت 13 | Serial Mokhtarnameh - Part 13,https://www.youtube.com/watch?v=479YT_raFS0
برای جان انسان ها  به قدر حشره ای  ارزش قائل نیستم#shorts,https://www.youtube.com/watch?v=2tAgBIzCRFk
سریال امام علی - قسمت 2 | Serial Imam Ali - Part 2,https://www.youtube.com/watch?v=xEAo6eUmTNo
سریال مختارنامه - قسمت 12 | Serial Mokhtarnameh - Part 12,https://www.youtube.com/watch?v=6hvJeCrC8oM
وای بر کسانی که پیامبران را به تمسخر میگیرند#shorts,https://www.youtube.com/watch?v=_k01uurEBy4
سریال ایراندخت - قسمت 4 | Serial Irandokht - Part 4,https://www.youtube.com/watch?v=-SDuQi3Jr_k
سریال امام رضا - قسمت 4 | Serial Imam Reza - Part 4,https://www.youtube.com/watch?v=V5o33N4KNDk
سریال مختارنامه - قسمت 11 | Serial Mokhtarnameh - Part 11,https://www.youtube.com/watch?v=7w-6jn7cI1g
آمده بودی ما را شکار کنی خودت شکار ما شدی#shorts,https://www.youtube.com/watch?v=RwFWkIoRg-Y
سریال پیر وفا - قسمت 4 | Serial Pir Vafa - Part 4,https://www.youtube.com/watch?v=33lzhfwI9Sk
سریال مختارنامه - قسمت 10 | Serial Mokhtarnameh - Part 10,https://www.youtube.com/watch?v=6un9A_e5w7M
محبت معجزه ای میکند که شمشیر نمیکند#shorts,https://www.youtube.com/watch?v=3-Sbtihaow0
سریال امام علی - قسمت 1 | Serial Imam Ali - Part 1,https://www.youtube.com/watch?v=l2Upi-svzho
سریال مختارنامه - قسمت 9 | Serial Mokhtarnameh - Part 9,https://www.youtube.com/watch?v=qAy1LWhqpwk
این دختر مادر مسیحی است#shorts,https://www.youtube.com/watch?v=vYCc1wPy1z8
سریال ایراندخت - قسمت 3 | Serial Irandokht - Part 3,https://www.youtube.com/watch?v=G9JT3g2LWe0
سریال امام رضا - قسمت 3 | Serial Imam Reza - Part 3,https://www.youtube.com/watch?v=wYu3FZ-hLgQ
سریال مختارنامه - قسمت 8 | Serial Mokhtarnameh - Part 8,https://www.youtube.com/watch?v=tSq06LeYBEo
بالاخره یکی باید پیدا بشه تا شرت رو کم کنه#shorts,https://www.youtube.com/watch?v=_VZWqnpQDSg
سریال پیر وفا - قسمت 3 | Serial Pir Vafa - Part 3,https://www.youtube.com/watch?v=b_Poofhc3as
فیلم سینمایی امام رضا (ولایت عشق) - کامل | Film Imam Reza (Velayate Eshgh) - Full Movie,https://www.youtube.com/watch?v=Xl7YinbQCcY
سریال مختارنامه - قسمت 7 | Serial Mokhtarnameh - Part 7,https://www.youtube.com/watch?v=3XhCWlQHhbc
سوزاندن مردی که به خدایان اهانت کرده بود#shorts,https://www.youtube.com/watch?v=qnUKqpPUGjQ
سریال ستاره سهیل - قسمت 3 (قسمت آخر) | Serial Setareh Soheil - Part 3,https://www.youtube.com/watch?v=UWHCv5_ErUA
سریال مختارنامه - قسمت 6 | Serial Mokhtarnameh - Part 6,https://www.youtube.com/watch?v=5aqCmUx9u3U
گمان نمیکردم که جانشین من یک زن باشد#shorts,https://www.youtube.com/watch?v=-YbgS-qhS9Y
سریال ایراندخت - قسمت 2 | Serial Irandokht - Part 2,https://www.youtube.com/watch?v=wqdmy-WWI2E
سریال امام رضا - قسمت 2 | Serial Imam Reza - Part 2,https://www.youtube.com/watch?v=ohudi1a1emU
سریال مختارنامه - قسمت 5 | Serial Mokhtarnameh - Part 5,https://www.youtube.com/watch?v=MbnLQ1rYdr8
زندگی مشترک آرامشی میخواهد که در تقدیر من نوشته نشده#shorts,https://www.youtube.com/watch?v=AAfGmi5gBUI
سریال پیر وفا - قسمت 2 | Serial Pir Vafa - Part 2,https://www.youtube.com/watch?v=MOwKdhTFksw
سریال مختارنامه - قسمت 4 | Serial Mokhtarnameh - Part 4,https://www.youtube.com/watch?v=nwfb68KOMT0
چه احمق اند فرزندان إسرائيل#shorts,https://www.youtube.com/watch?v=1TKNS6QdNyI
سریال ستاره سهیل - قسمت 2 | Serial Setareh Soheil - Part 2,https://www.youtube.com/watch?v=U7pbxyiM8BM
سریال مختارنامه - قسمت 3 | Serial Mokhtarnameh - Part 3,https://www.youtube.com/watch?v=m1vq5Ijn470
طفلی که قرار بود مسیحی شود دختر است#shorts,https://www.youtube.com/watch?v=VKJW3WXKGgs
سریال ایراندخت - قسمت 1 | Serial Irandokht - Part 1,https://www.youtube.com/watch?v=ksN0Q2BsYrQ
سریال امام رضا - قسمت 1 | Serial Imam Reza - Part 1,https://www.youtube.com/watch?v=eBVg8AAHGNw
سریال مختارنامه - قسمت 2 | Serial Mokhtarnameh - Part 2,https://www.youtube.com/watch?v=sWJZj73bKlo
شیعیان علی کی آرامش داشته اند#shorts,https://www.youtube.com/watch?v=aenqe9fwsnA
سریال پیر وفا - قسمت 1 | Serial Pir Vafa - Part 1,https://www.youtube.com/watch?v=cXdYNtKQZs4
سریال مختارنامه - قسمت 1 | Serial Mokhtarnameh - Part 1,https://www.youtube.com/watch?v=a-B_W06d8A4
من از دوباره زنده شدن میترسم#shorts,https://www.youtube.com/watch?v=4-rsnPasJcU
سریال ستاره سهیل - قسمت 1 | Serial Setareh Soheil - Part 1,https://www.youtube.com/watch?v=hSuUadKiCiQ
به دنیا آمدن دختر برای هر خانواده ای ننگ است#shorts,https://www.youtube.com/watch?v=uFgg2O0DAk8
عشق به ولایت هر دیده ای را بینا میکند#shorts,https://www.youtube.com/watch?v=ePRAPrLxcZw
آن ها با عالم عشق بیگانه اند#shorts,https://www.youtube.com/watch?v=4hEavWChM7A
این پیراهن خونین یوسف است#shorts,https://www.youtube.com/watch?v=47wcFLuGXow
حسین یاری و جعفر دهقان در فیلم فرستاده | Ferestadeh,https://www.youtube.com/watch?v=mcV_5Krf7nA
ستمکارتر از شما هم هست ؟#shorts,https://www.youtube.com/watch?v=AIOfyDWZT5M
بوی یوسف می آید#shorts,https://www.youtube.com/watch?v=aMxOiqWHh8Q
سریال حجر بن عدی - قسمت 12 | Serial Hujr ibn Adi - Part 12,https://www.youtube.com/watch?v=pp4vvYTN1Nk
پدرمان به تازگی اسماعیلش را قربانی کرده#shorts,https://www.youtube.com/watch?v=6iN3R3iX_MA
سریال حجر بن عدی - قسمت 11 | Serial Hujr ibn Adi - Part 11,https://www.youtube.com/watch?v=Mo7mze-rjek
سریال حجر بن عدی - قسمت 10 | Serial Hujr ibn Adi - Part 10,https://www.youtube.com/watch?v=Q309z0g5AxM
اگر توبه کنید پدر شما را میبخشد#shorts,https://www.youtube.com/watch?v=STMmLpwJ7MA
سریال حجر بن عدی - قسمت 9 | Serial Hujr ibn Adi - Part 9,https://www.youtube.com/watch?v=2Uxf3Xt1Qu4
سریال حجر بن عدی - قسمت 8 | Serial Hujr ibn Adi - Part 8,https://www.youtube.com/watch?v=z1IJVYTJIAY
فیلم سینمایی امام علی - کامل | Film Imam Ali - Full Movie,https://www.youtube.com/watch?v=jY-G5plPROg
من شما را درون چاه بخشیدم#shorts,https://www.youtube.com/watch?v=7mvBvMxUoRo
سریال حجر بن عدی - قسمت 7 | Serial Hujr ibn Adi - Part 7,https://www.youtube.com/watch?v=wP4bIYWXHQc
سریال حجر بن عدی - قسمت 6 | Serial Hujr ibn Adi - Part 6,https://www.youtube.com/watch?v=z3clfURdQgg
عزیز مصر یوسف گمگشته ما است#shorts,https://www.youtube.com/watch?v=eXTXbRW-Ze0
سریال حجر بن عدی - قسمت 5 | Serial Hujr ibn Adi - Part 5,https://www.youtube.com/watch?v=Puqwz_N5G6w
سریال حجر بن عدی - قسمت 4 | Serial Hujr ibn Adi - Part 4,https://www.youtube.com/watch?v=7XPys-JTJ98
برادر با برادر جز عفو و مهرورزی چه میکند ؟#short,https://www.youtube.com/watch?v=VGW32y0m2Jg
در یک دل دو دوست نمیگنجد#shorts,https://www.youtube.com/watch?v=2jqexHSMuK4
سریال حجر بن عدی - قسمت 3 | Serial Hujr ibn Adi - Part 3,https://www.youtube.com/watch?v=SWJZ-E8kdaI
سریال حجر بن عدی - قسمت 2 | Serial Hujr ibn Adi - Part 2,https://www.youtube.com/watch?v=OJ81aS2SRVc
در فراق فرزندی که دوازده جانشین دارد اینگونه مویه میکنی ؟#shorts,https://www.youtube.com/watch?v=6ED3QyYvRHA
سریال حجر بن عدی - قسمت 1 | Serial Hujr ibn Adi - Part 1,https://www.youtube.com/watch?v=cwEThIxiSag
بعد از هر شدتی گشایشی است#shorts,https://www.youtube.com/watch?v=7UMnuZZs8-0
سریال ایوب پیامبر - قسمت 5 | Serial Ayyube Payambar - Part 5,https://www.youtube.com/watch?v=ArkKiV89ZGg
سریال ایوب پیامبر - قسمت 4 | Serial Ayyube Payambar - Part 4,https://www.youtube.com/watch?v=O9Z9QUOl-Dk
از کجا دانستی که یوسف بر تو ولایت دارد یعقوب؟#shorts,https://www.youtube.com/watch?v=mphHPzmISPM
سریال ایوب پیامبر - قسمت 3 | Serial Ayyube Payambar - Part 3,https://www.youtube.com/watch?v=VNe3tTCn7sg
پیراهن یوسف را آورده ام - سریال یوسف پیامبر,https://www.youtube.com/watch?v=DccQfrQfQac
وقتی حاضر شد اسماعیل را در راه خدا قربانی کند ، اسماعیل بازگردانده شد#shorts,https://www.youtube.com/watch?v=y-GJ8roHoJU
سریال ایوب پیامبر - قسمت 2 | Serial Ayyube Payambar - Part 2,https://www.youtube.com/watch?v=lmDaojBzSDw
سریال ایوب پیامبر - قسمت 1 | Serial Ayyube Payambar - Part 1,https://www.youtube.com/watch?v=aMwV4Jf0GSY
گله و شکایت یعقوب از فراق یوسف به پیک حق#shorts,https://www.youtube.com/watch?v=IdaOJTQI0Ws
سریال معصومیت از دست رفته - قسمت 16 | Serial Masoomiat Az Dast Rafte - Part 16,https://www.youtube.com/watch?v=9eFyH0HB2ZM
انوشیروان ارجمند و محمود پاک نیت در فیلم ستاره شرق | Setare Shargh,https://www.youtube.com/watch?v=rOd2idoK1t4
سریال معصومیت از دست رفته - قسمت 15 | Serial Masoomiat Az Dast Rafte - Part 15,https://www.youtube.com/watch?v=6hQctwhErp8
قبیله و خاندان ما گرسنه اند#shorts,https://www.youtube.com/watch?v=bQS_jV_BTJ8
سریال معصومیت از دست رفته - قسمت 14 | Serial Masoomiat Az Dast Rafte - Part 14,https://www.youtube.com/watch?v=OKkaqF0NvrU
سریال معصومیت از دست رفته - قسمت 13 | Serial Masoomiat Az Dast Rafte - Part 13,https://www.youtube.com/watch?v=cfyj2NaxBgc
آن ده برادر مهمان عزیز مصر هستند#shorts,https://www.youtube.com/watch?v=FTAC7GWAUzo
سریال معصومیت از دست رفته - قسمت 12 | Serial Masoomiat Az Dast Rafte - Part 12,https://www.youtube.com/watch?v=sR6T7vSMsEY
نفرین یعقوب نبی در حق عزیز مصر - سریال یوسف پیامبر,https://www.youtube.com/watch?v=_Q5VWLoZg9k
جمشید مشایخی و طناز طباطبایی در فیلم ذبیح | Zabih,https://www.youtube.com/watch?v=0n6fKyAQsKg
سریال معصومیت از دست رفته - قسمت 11 | Serial Masoomiat Az Dast Rafte - Part 11,https://www.youtube.com/watch?v=hYoYaiCCoY4
زلیخا شیدا شده#shorts,https://www.youtube.com/watch?v=wZtBaELy6YQ
سریال معصومیت از دست رفته - قسمت 10 | Serial Masoomiat Az Dast Rafte - Part 10,https://www.youtube.com/watch?v=VYsKkmXWOWI
سریال معصومیت از دست رفته - قسمت 9 | Serial Masoomiat Az Dast Rafte - Part 9,https://www.youtube.com/watch?v=cdEzR35mJdQ
من برای دیدن یوزارسیف چشم سر نیاز ندارم#shorts,https://www.youtube.com/watch?v=vZjPHoLup54
سریال معصومیت از دست رفته - قسمت 8 | Serial Masoomiat Az Dast Rafte - Part 8,https://www.youtube.com/watch?v=FMCmdfDd3LU
سریال معصومیت از دست رفته - قسمت 7 | Serial Masoomiat Az Dast Rafte - Part 7,https://www.youtube.com/watch?v=51HzeV9Ck6c
به کسی که مژده یوزارسیف را میدهد باید مژدگانی داد#shorts,https://www.youtube.com/watch?v=oKuT4KCCpnw
سریال معصومیت از دست رفته - قسمت 6 | Serial Masoomiat Az Dast Rafte - Part 6,https://www.youtube.com/watch?v=Kzoot9gACUY
سریال معصومیت از دست رفته - قسمت 5 | Serial Masoomiat Az Dast Rafte - Part 5,https://www.youtube.com/watch?v=UWNVRyH5idU
اوضاع و احوال خدمه ی زلیخا از خودش بهتره#shorts,https://www.youtube.com/watch?v=7O1kL1Payo0
سریال معصومیت از دست رفته - قسمت 4 | Serial Masoomiat Az Dast Rafte - Part 4,https://www.youtube.com/watch?v=GEjY46o4h_c
سریال معصومیت از دست رفته - قسمت 3 | Serial Masoomiat Az Dast Rafte - Part 3,https://www.youtube.com/watch?v=TA_y_21YrFI
سریال معصومیت از دست رفته - قسمت 2 | Serial Masoomiat Az Dast Rafte - Part 2,https://www.youtube.com/watch?v=iXUOtXLCu9o
من جز شما دو نفر کسی را ندارم#shorts,https://www.youtube.com/watch?v=178PMDZKtEw
سریال معصومیت از دست رفته - قسمت 1 | Serial Masoomiat Az Dast Rafte - Part 1,https://www.youtube.com/watch?v=VB_xKu8ogms
آدم که خانه ی خود را ترک نمیکند#shorts,https://www.youtube.com/watch?v=MVzZsvyZo3I
من هنوز از اسماعیل هایم نگذشته ام -  سریال یوسف پیامبر,https://www.youtube.com/watch?v=2wkUpi9wS_g
امین زندگانی و نسرین مقانلو در فیلم راه بهشت | Rahe Behesht,https://www.youtube.com/watch?v=Kt-2VxZNUGM
بلبل زبانی را خوب آموخته اید#shorts,https://www.youtube.com/watch?v=VNKhJcEUsKE
سریال جلال الدین - قسمت 11 | Serial Jalaledin - Part 11,https://www.youtube.com/watch?v=AhFPklcUkCI
سریال جلال الدین - قسمت 10 | Serial Jalaledin - Part 10,https://www.youtube.com/watch?v=5FDM_bZv3_E
سریال جلال الدین - قسمت 9 | Serial Jalaledin - Part 9,https://www.youtube.com/watch?v=FGWele-AAqI
سریال شیخ مفید - قسمت 15 | Serial Sheikh Mofid - Part 15,https://www.youtube.com/watch?v=AsTmt_DuQIY
سریال شیخ مفید - قسمت 14 | Serial Sheikh Mofid - Part 14,https://www.youtube.com/watch?v=q7y9PNaT_UA
ما طاقت دوری یوزارسیف را نداریم#shorts,https://www.youtube.com/watch?v=kM93wS1pU6E
سریال شیخ مفید - قسمت 13 | Serial Sheikh Mofid - Part 13,https://www.youtube.com/watch?v=Edy1zlK7rjw
سریال شیخ مفید - قسمت 12 | Serial Sheikh Mofid - Part 12,https://www.youtube.com/watch?v=UJSoo9zSKm4
سریال شیخ مفید - قسمت 11 | Serial Sheikh Mofid - Part 11,https://www.youtube.com/watch?v=Y-1OpTMJE5Q
سریال شیخ مفید - قسمت 10 | Serial Sheikh Mofid - Part 10,https://www.youtube.com/watch?v=Gz1dvxMzQAM
من از کودکی یوسف را در دامان خود پرورش دادم#shorts,https://www.youtube.com/watch?v=tD44HqamWyg
سریال شیخ مفید - قسمت 9 | Serial Sheikh Mofid - Part 9,https://www.youtube.com/watch?v=i787FXwSV8Y
سریال شیخ مفید - قسمت 8 | Serial Sheikh Mofid - Part 8,https://www.youtube.com/watch?v=XMW2sfnv59E
تو خیلی خوب و مهربانی#shorts,https://www.youtube.com/watch?v=HxhpMQQDsLo
سریال شیخ مفید - قسمت 7 | Serial Sheikh Mofid - Part 7,https://www.youtube.com/watch?v=lMDQKsW82Ow
سریال شیخ مفید - قسمت 6 | Serial Sheikh Mofid - Part 6,https://www.youtube.com/watch?v=hDtZt62hWq0
سریال شیخ مفید - قسمت 5 | Serial Sheikh Mofid - Part 5,https://www.youtube.com/watch?v=CO6X1Zfm36U
سریال شیخ مفید - قسمت 4 | Serial Sheikh Mofid - Part 4,https://www.youtube.com/watch?v=BOFNTMcRovE
سریال شیخ مفید - قسمت 3 | Serial Sheikh Mofid - Part 3,https://www.youtube.com/watch?v=YKOGJtRbw-g
گفتم شاید به گرفتاری عشق آسنات ، عشق زلیخا هم اضافه شده#shorts,https://www.youtube.com/watch?v=Hw1EmK6eOtQ
سریال شیخ مفید - قسمت 2 | Serial Sheikh Mofid - Part 2,https://www.youtube.com/watch?v=hlJ0CNHd-GQ
سریال شیخ مفید - قسمت 1 | Serial Sheikh Mofid - Part 1,https://www.youtube.com/watch?v=P4OrmafruRo
این مایه فخر ما است که یعقوب نبی، مصر را به قدوم خود متبرک کند#shorts,https://www.youtube.com/watch?v=QkhF1KdcrDM
اگر میدانستم به یوزارسیف اجازه ازدواج نمیدادم#shorts,https://www.youtube.com/watch?v=JRYtJeWZf24
اگر او را ببینی، میشناسی؟ - سریال یوسف پیامبر,https://www.youtube.com/watch?v=_LteS9Ge5-c
پدرتان حق دارد شما را از خود جدا نکند#shorts,https://www.youtube.com/watch?v=5ADiz7sAz9I
پنجاه سال مشغول شهوت پرستی بودم#shorts,https://www.youtube.com/watch?v=jBcESw77qFA
همه ی عمرم به خور و خواب گذشت#shorts,https://www.youtube.com/watch?v=nLVz0mifHFw
یوزارسیف تمام برده های مصر را آزاد کرد#shorts,https://www.youtube.com/watch?v=fHVlsX8v2n4
یک کودک برده ، صاحب و مالک مردم مصر است#shorts,https://www.youtube.com/watch?v=HbgOoLH4Kbs
اگر میدانستم یوزارسیف روزی مالک ما میشود ، با دستان خودم خفه اش میکردم#shorts,https://www.youtube.com/watch?v=gEAe4x8KwSA
سکانس سانسور شده جنگ قمر بنی هاشم ابوالفضل در عاشورا - سریال مختارنامه,https://www.youtube.com/watch?v=V8dFTIC7vYI
کتابی میخواندم که آینده ی مصر را پیش بینی کرده بود#shorts,https://www.youtube.com/watch?v=epO_KW3Dp44
میخواهم یوسف من را به بندگی بپذیرد#shorts,https://www.youtube.com/watch?v=jXvGMqVnt9k
اراده ی خدا بر این وصلت نیست#shorts,https://www.youtube.com/watch?v=ophUxURqCLA
از خدا خواستم مهر رسولش را در دلم بیاندازد#shorts,https://www.youtube.com/watch?v=dPd3EuQdWKI
از امروز پرستش آمون گناهی نابخشودنی است#shorts,https://www.youtube.com/watch?v=PotSGW13IWo
سریال پهلوانان نمی میرند - قسمت 25 | Serial Pahlevanan Nemimirand - Part 25,https://www.youtube.com/watch?v=hWgeEXmXovE
سریال پهلوانان نمی میرند - قسمت 24 | Serial Pahlevanan Nemimirand - Part 24,https://www.youtube.com/watch?v=VbpvlOaPUi4
آخرین پیامبر نامش احمد است#shorts,https://www.youtube.com/watch?v=dBpfm1Wh1VU
سریال پهلوانان نمی میرند - قسمت 23 | Serial Pahlevanan Nemimirand - Part 23,https://www.youtube.com/watch?v=mGX1Hlo5I40
سریال پهلوانان نمی میرند - قسمت 22 | Serial Pahlevanan Nemimirand - Part 22,https://www.youtube.com/watch?v=e90PRew8vJ4
انصافا یوسف پرستیدنی است#shorts,https://www.youtube.com/watch?v=hmwRndnmWTg
سریال پهلوانان نمی میرند - قسمت 21 | Serial Pahlevanan Nemimirand - Part 21,https://www.youtube.com/watch?v=zo0-Gvyl7fg
دیدار یوسف با برادرانش - سریال یوسف پیامبر,https://www.youtube.com/watch?v=_traJIkldXg
سریال پهلوانان نمی میرند - قسمت 20 | Serial Pahlevanan Nemimirand - Part 20,https://www.youtube.com/watch?v=MfMg-N8Kp4E
سریال شیخ بهایی - قسمت 15 | Serial Sheikh Bahai - Part 15,https://www.youtube.com/watch?v=-C7jpj_fQ9k
نمیدانی چقدر مشتاق ملاقات بنیامین هستم#shorts,https://www.youtube.com/watch?v=dHcOkbPjhOI
سریال پهلوانان نمی میرند - قسمت 19 | Serial Pahlevanan Nemimirand - Part 19,https://www.youtube.com/watch?v=qQ0-RhIsYII
سریال شیخ بهایی - قسمت 14 | Serial Sheikh Bahai - Part 14,https://www.youtube.com/watch?v=KI8q4fjJzoc
سریال پهلوانان نمی میرند - قسمت 18 | Serial Pahlevanan Nemimirand - Part 18,https://www.youtube.com/watch?v=24BBKsXufNo
اراده ی خدا بر آن است که پاداش سالها هجران را یکجا عنایت کند#shorts,https://www.youtube.com/watch?v=hOTL6BP_-kQ
سریال شیخ بهایی - قسمت 13 | Serial Sheikh Bahai - Part 13,https://www.youtube.com/watch?v=lxFfahy_aY8
سریال پهلوانان نمی میرند - قسمت 17 | Serial Pahlevanan Nemimirand - Part 17,https://www.youtube.com/watch?v=OMNuyh_ml2o
سریال پهلوانان نمی میرند - قسمت 16 | Serial Pahlevanan Nemimirand - Part 16,https://www.youtube.com/watch?v=VT9l2C_XTt4
سریال شیخ بهایی - قسمت 12 | Serial Sheikh Bahai - Part 12,https://www.youtube.com/watch?v=2XlHNsLE3Bs
برای برادرانم نقشه هایی دارم که تصورش را هم نمیتوانند بکنند#shorts,https://www.youtube.com/watch?v=BSH8_M1aZzE
سریال پهلوانان نمی میرند - قسمت 15 | Serial Pahlevanan Nemimirand - Part 15,https://www.youtube.com/watch?v=ix3nrsEcUL0
سریال شیخ بهایی - قسمت 11 | Serial Sheikh Bahai - Part 11,https://www.youtube.com/watch?v=Xm5A3A9TBwc
سریال پهلوانان نمی میرند - قسمت 14 | Serial Pahlevanan Nemimirand - Part 14,https://www.youtube.com/watch?v=-T65T4DN_yc
انتخاب همسر به اجبار نمی شود#shorts,https://www.youtube.com/watch?v=Iw81Z6nWuqU
سریال شیخ بهایی - قسمت 10 | Serial Sheikh Bahai - Part 10,https://www.youtube.com/watch?v=8QkqioGlvl8
سریال پهلوانان نمی میرند - قسمت 13 | Serial Pahlevanan Nemimirand - Part 13,https://www.youtube.com/watch?v=i0FgPdzEwio
سریال پهلوانان نمی میرند - قسمت 12 | Serial Pahlevanan Nemimirand - Part 12,https://www.youtube.com/watch?v=AuMzwr-hWCw
سریال شیخ بهایی - قسمت 9 | Serial Sheikh Bahai - Part 9,https://www.youtube.com/watch?v=axyFsYDGJE4
آنگونه از جنگ سخن بگویید که خاطر خداوندگار را نیازارید#shorts,https://www.youtube.com/watch?v=wvf-tkVi_7A
سریال پهلوانان نمی میرند - قسمت 11 | Serial Pahlevanan Nemimirand - Part 11,https://www.youtube.com/watch?v=Fxlo4mIQm7U
سریال شیخ بهایی - قسمت 8 | Serial Sheikh Bahai - Part 8,https://www.youtube.com/watch?v=lkPslw4U-7Y
سریال پهلوانان نمی میرند - قسمت 10 | Serial Pahlevanan Nemimirand - Part 10,https://www.youtube.com/watch?v=zQ6DCdYgdrM
پادشاه مصر تحمل شنیدن قتل و غارت را ندارد#shorts,https://www.youtube.com/watch?v=nk_CSVRC7Uk
سریال شیخ بهایی - قسمت 7 | Serial Sheikh Bahai - Part 7,https://www.youtube.com/watch?v=BcvVhndNEmo
سریال پهلوانان نمی میرند - قسمت 9 | Serial Pahlevanan Nemimirand - Part 9,https://www.youtube.com/watch?v=O8GFvT6Ero8
سریال پهلوانان نمی میرند - قسمت 8 | Serial Pahlevanan Nemimirand - Part 8,https://www.youtube.com/watch?v=rsNqft3KNYo
سریال شیخ بهایی - قسمت 6 | Serial Sheikh Bahai - Part 6,https://www.youtube.com/watch?v=_Cg3HlKA-O0
اینان برادران من هستند ، اما هیچکدامشان را نمیشناسم#shorts,https://www.youtube.com/watch?v=wWt5oLLkrVU
سریال پهلوانان نمی میرند - قسمت 7 | Serial Pahlevanan Nemimirand - Part 7,https://www.youtube.com/watch?v=yOMxq9IJLYI
سریال شیخ بهایی - قسمت 5 | Serial Sheikh Bahai - Part 5,https://www.youtube.com/watch?v=K9Wi16L2L58
اگر مردگان حیات یافتند، زلیخا هم جوان می شود - سریال یوسف پیامبر,https://www.youtube.com/watch?v=r7GMIdcBzuY
سریال پهلوانان نمی میرند - قسمت 6 | Serial Pahlevanan Nemimirand - Part 6,https://www.youtube.com/watch?v=tmEc8Lsr-JE
آن عشق هنوز پابرجاست#shorts,https://www.youtube.com/watch?v=8mHAYz_jLl8
سریال شیخ بهایی - قسمت 4 | Serial Sheikh Bahai - Part 4,https://www.youtube.com/watch?v=jHZPXQpSP2M
سریال پهلوانان نمی میرند - قسمت 5 | Serial Pahlevanan Nemimirand - Part 5,https://www.youtube.com/watch?v=OGgvaUMOyaM
سریال پهلوانان نمی میرند - قسمت 4 | Serial Pahlevanan Nemimirand - Part 4,https://www.youtube.com/watch?v=kkBjNDgJclY
سریال شیخ بهایی - قسمت 3 | Serial Sheikh Bahai - Part 3,https://www.youtube.com/watch?v=ctkpOcr_w6I
همه ی ثروت ومکنتم در راه یوسف صرف شد#shorts,https://www.youtube.com/watch?v=MgdAjrGLWwY
سریال پهلوانان نمی میرند - قسمت 3 | Serial Pahlevanan Nemimirand - Part 3,https://www.youtube.com/watch?v=jyXI-fLD52U
سریال شیخ بهایی - قسمت 2 | Serial Sheikh Bahai - Part 2,https://www.youtube.com/watch?v=A4X8bjHoE-k
سریال پهلوانان نمی میرند - قسمت 2 | Serial Pahlevanan Nemimirand - Part 2,https://www.youtube.com/watch?v=WBAbSUqpoJs
فراق یوسف مرا به این روز انداخت#shorts,https://www.youtube.com/watch?v=gWKx4OImbME
سریال شیخ بهایی - قسمت 1 | Serial Sheikh Bahai - Part 1,https://www.youtube.com/watch?v=zgvgX2F7N9o
فیلم سینمایی دلیران تنگستان - کامل | Film Dalirane Tangestan - Full Movie,https://www.youtube.com/watch?v=O1jCnPXGFdM
سریال پهلوانان نمی میرند - قسمت 1 | Serial Pahlevanan Nemimirand - Part 1,https://www.youtube.com/watch?v=N-KdXnE1Wxo
با این ظاهر پژمرده و چشمان نابینا یوزارسیف را میخواهید چه کنید بانو ؟#shorts,https://www.youtube.com/watch?v=M7oIL1NIn9g
بازهم امید زلیخا ناامید شد#shorts,https://www.youtube.com/watch?v=FuuGCi-17eM
من حق ندارم به زلیخا حسادت کنم؟#shorts,https://www.youtube.com/watch?v=fD_Obiap2Uw
آنکه به روی زلیخا در گشوده زیباتر و مهربان تر از یوسف بوده#shorts,https://www.youtube.com/watch?v=p6_UyaTvWsw
زلیخا نمیخواهد شما را ببیند#shorts,https://www.youtube.com/watch?v=gIZPkjXPiRc
آمون خدای ثروتمندی است#shorts,https://www.youtube.com/watch?v=IYmFbyAWB38
برای پرکردن شکم های برامده شان بیش از این ها گندم لازم است#shorts,https://www.youtube.com/watch?v=eskR-x05E1o
آمون به آسمان رفته - سریال یوسف پیامبر,https://www.youtube.com/watch?v=QLKl5OS0r_c
یوزارسیف از کودکی برده ها و فقرا را دوست داشت#shorts,https://www.youtube.com/watch?v=N27UHv2sMfE
زلیخا به جای پرستش خدای یوسف ، خود او را میپرستد#shorts,https://www.youtube.com/watch?v=bR3XPUBO8lU
مردم کنعان با قحطی چه میکنند ؟#shorts,https://www.youtube.com/watch?v=2WbhzUWYmEw
فیلم سینمایی حجر بن عدی - کامل | Film Hujr ibn Adi - Full Movie,https://www.youtube.com/watch?v=6zE8yDLni2s
من به سخنان یوزارسیف اعتماد دارم#shorts,https://www.youtube.com/watch?v=YcA2siOhuBk
فیلم سینمایی تنهاترین سردار - کامل | Film Tanhatarin Sardar - Full Movie,https://www.youtube.com/watch?v=ebM2uDqgr98
من از گناه در محضر تو شرم داشتم#shorts,https://www.youtube.com/watch?v=Q148GSVsW9s
میخواستی شاهد گناه من باشی#shorts,https://www.youtube.com/watch?v=qoPtrLZH58g
من جانم را مدیون یوسف هستم#shorts,https://www.youtube.com/watch?v=Fq-wG5ZS3rY
من فرزند چاه هستم#shorts,https://www.youtube.com/watch?v=z7l-siqf5O4
فکر نکردی خدای او از تو انتقام میگیرد ؟#shorts,https://www.youtube.com/watch?v=5khu5am-Xz4
فیلم سینمایی مریم مقدس - کامل | Film Maryam Moghadas - Full Movie,https://www.youtube.com/watch?v=MySTkT1mTSg
مجبور نیستید از ما گندم بخرید - سریال یوسف پیامبر,https://www.youtube.com/watch?v=W7bZWV6q6mk
سریال بوعلی سینا - قسمت 11 | Serial Bu Ali Sina - Part 11,https://www.youtube.com/watch?v=G86RAdu1O8Q
سریال بوعلی سینا - قسمت 10 | Serial Bu Ali Sina - Part 10,https://www.youtube.com/watch?v=7c-LAB7BtUU
فیلم سینمایی مردان آنجلس - کامل | Film Mardane Anjelos - Full Movie,https://www.youtube.com/watch?v=fbo1BqB23yk
سریال بوعلی سینا - قسمت 9 | Serial Bu Ali Sina - Part 9,https://www.youtube.com/watch?v=TlAousbi3xw
یوسف برده ی ماست#shorts,https://www.youtube.com/watch?v=YUdWKttttYY
سریال بوعلی سینا - قسمت 7 | Serial Bu Ali Sina - Part 7,https://www.youtube.com/watch?v=BiwOBY5Zvd0
سریال بوعلی سینا - قسمت 8 | Serial Bu Ali Sina - Part 8,https://www.youtube.com/watch?v=AsyzbkeGfk4
سریال بوعلی سینا - قسمت 4 | Serial Bu Ali Sina - Part 4,https://www.youtube.com/watch?v=jxrpvnLl_8Q
سریال بوعلی سینا - قسمت 5 | Serial Bu Ali Sina - Part 5,https://www.youtube.com/watch?v=cWTrvu8mZvw
سریال بوعلی سینا - قسمت 6 | Serial Bu Ali Sina - Part 6,https://www.youtube.com/watch?v=PIfqTPZ5_GY
سریال بوعلی سینا - قسمت 3 | Serial Bu Ali Sina - Part 3,https://www.youtube.com/watch?v=hk2--KhYTbI
سریال بوعلی سینا - قسمت 2 | Serial Bu Ali Sina - Part 2,https://www.youtube.com/watch?v=EDexwRUOlSU
سریال بوعلی سینا - قسمت 1 | Serial Bu Ali Sina - Part 1,https://www.youtube.com/watch?v=zm7IUMAkEDY
فیلم سینمایی راز عاشقی - کامل | Film Raze Asheghi - Full Movie,https://www.youtube.com/watch?v=CumKbf8BMBI
فیلم سینمایی راه عاشقی - کامل | Film Rahe Asheghi - Full Movie,https://www.youtube.com/watch?v=-o3vergfTpw
فیلم سینمایی ایوب پیامبر - کامل | Film Ayyube Payambar - Full Movie,https://www.youtube.com/watch?v=mD99mOzAI8k
فرمانروا در خواب گرسنه میشود و این آغاز قحطی است - سریال یوسف پیامبر,https://www.youtube.com/watch?v=k9msq2nBzIo
به اذن خدا یوسف به خواب میرود تا صدای پدرش را نشنود#shorts,https://www.youtube.com/watch?v=KEMTySYCOw8
خداوند تو را برای نبوت آفریده#shorts,https://www.youtube.com/watch?v=ADWJtM0WYN4
نزول فرشته خدا بر یوسف برای دلجویی از او#shorts,https://www.youtube.com/watch?v=fflJ0JsPPKg
مراسم آمون کاملا خراب شد - سریال یوسف پیامبر,https://www.youtube.com/watch?v=VohuwNIEy_M
قصر دیگر نیازی به معبد ندارد - سریال یوسف پیامبر,https://www.youtube.com/watch?v=t2HmYEj9Hp0
از این پس میخواهم خود را آخناتون بنامم - سریال یوسف پیامبر,https://www.youtube.com/watch?v=jcokggxORQA
بزودی حکومت برای کسی که گندم بیشتری داشته باشه - سریال یوسف پیامبر,https://www.youtube.com/watch?v=7mkVtJNFLCw
معبد با ذخیره گندم خود را نابود خواهد کرد - سریال یوسف پیامبر,https://www.youtube.com/watch?v=Ok5pDm2bRTs
لحظه حساس انتخاب جانشین پوتیفار - سریال یوسف پیامبر,https://www.youtube.com/watch?v=rcPd-Yx8KR4
خبر مرگ پوتیفار را آورده اند - سریال یوسف پیامبر,https://www.youtube.com/watch?v=C0Jn4_UAxaY
چگونه میخوای اموال معبد را بگیری؟ - سریال یوسف پیامبر,https://www.youtube.com/watch?v=jwB-GmIWgyE
نباید بگذاری این بیگانه در قصر رشد کند - سریال یوسف پیامبر,https://www.youtube.com/watch?v=W5J2qVB0KVA
تدابیر یوسف بی نقص است - سریال یوسف پیامبر,https://www.youtube.com/watch?v=6hJhcmPbdbc
بالاخره مالک رو پیدا کرد - سریال یوسف پیامبر,https://www.youtube.com/watch?v=eJguNWqWGYg
تعبیر و تأویل خواب چه تفاوتی دارد - سریال یوسف پیامبر,https://www.youtube.com/watch?v=mW2HLBAz7B0
بار این مسئولیت را خدا به دوش تو گذاشته است - سریال یوسف پیامبر,https://www.youtube.com/watch?v=-54kS2EAar8
ما در تعبیر خواب شما عاجزیم - سریال یوسف پیامبر,https://www.youtube.com/watch?v=mwhNQebi11w
من تاوان هوس رانی زلیخا را میدهم - سریال یوسف پیامبر,https://www.youtube.com/watch?v=31Wbzi_EBaM
برای جلوگیری از قحطی چاره چیست؟ - سریال یوسف پیامبر,https://www.youtube.com/watch?v=3Ky4jrP4dOA
اختیارات جدید یوزارسیف - سریال یوسف پیامبر,https://www.youtube.com/watch?v=8YbUvesztXU
قلب من با تیر تهمت شکسته است - سریال یوسف پیامبر,https://www.youtube.com/watch?v=4pL4JNpoKks
داستان بریدن دست زنها چیست؟ - سریال یوسف پیامبر,https://www.youtube.com/watch?v=ws2rz_DJZdA
این باعث صیقل روح میشود - سریال یوسف پیامبر,https://www.youtube.com/watch?v=NK0QaGhc4fQ
من در زندان با کسی آشنا شدم که تعبیر خواب میداند - سریال یوسف پیامبر,https://www.youtube.com/watch?v=dLkfe_eqpSs
شاید این زندانی راه چاره را داشته باشد - سریال یوسف پیامبر,https://www.youtube.com/watch?v=eiD9-qF-wqQ
هفت سال فراوانی در پیش است وسپس هفت سال خشکسالی - سریال یوسف پیامبر,https://www.youtube.com/watch?v=ceQI8slAttw
من راهی برای تعبیر خواب عالیجناب دارم - سریال یوسف پیامبر,https://www.youtube.com/watch?v=tHLuGbWNSK4
فرصت خوبیه واسه تحقیر این کائنان - سریال یوسف پیامبر,https://www.youtube.com/watch?v=7u_1UyQUI2Q
آمون را به خدایی قبول ندارد - سریال یوسف پیامبر,https://www.youtube.com/watch?v=d1X-_SdEEN8
تو جادوگری بیش نیستی - سریال یوسف پیامبر,https://www.youtube.com/watch?v=RUUldEUz3sQ
سریال یوسف پیامبر - هر موجودی در پی ماموریتی است | Serial Yusuf Payambar - Part 21,https://www.youtube.com/watch?v=mBvZFGqkfCc
سریال یوسف پیامبر - این غذا مسموم است | Serial Yusuf Payambar - Part 18,https://www.youtube.com/watch?v=7uuVXorz0ZQ
سریال یوسف پیامبر - تو از من اطاعت میخواهی یا خیانت؟ | Serial Yusuf Payambar - Part 16,https://www.youtube.com/watch?v=v8czISWT8jE
Serial Yusuf Payambar - Part 15 | سریال یوسف پیامبر - تا حالا عاشق شدی؟,https://www.youtube.com/watch?v=uzsCPrAxLvY
Serial Yusuf Payambar - Part 15 | سریال یوسف پیامبر - برای جاسوسی آمدی یا میهمانی؟,https://www.youtube.com/watch?v=rjwnPeG6sSI
Serial Yusuf Payambar - Part 15 | سریال یوسف پیامبر - هوس را نباید عشق معنی کرد,https://www.youtube.com/watch?v=SIFsVmDkx-Q
Serial Yusuf Payambar - Part 15 | سریال یوسف پیامبر - خدای تو از همه تواناتر است,https://www.youtube.com/watch?v=eu8qObMQ1_I
Serial Yusuf Payambar - Part 14 | سریال یوسف پیامبر - نگران امور نیستم نگران عمر تلف شده ی خود هستم,https://www.youtube.com/watch?v=TDEvgJ-5ljM
Serial Yusuf Payambar - Part 14 | سریال یوسف پیامبر - یک تکه سنگ بی روح چه نیاز به همسر دارد,https://www.youtube.com/watch?v=JbAh522PHYU
Serial Yusuf Payambar - Part 14 | سریال یوسف پیامبر - مواظب جان آمن هوتب باشید که خطر جدی است,https://www.youtube.com/watch?v=tcHDdUMs7kw
Serial Yusuf Payambar - Part 14 | سریال یوسف پیامبر - باید مواظب زنان بوالهوس باشد,https://www.youtube.com/watch?v=A0H_ljByulg
Serial Yusuf Payambar - Part 14 | سریال یوسف پیامبر - او روز به روز داره بزرگ تر میشه,https://www.youtube.com/watch?v=o2KTciKJmp8
Serial Yusuf Payambar - Part 14 | سریال یوسف پیامبر - تا بهبود هونی فر امور قصر به عهده تو میباشد,https://www.youtube.com/watch?v=rAMpH8tDcmw
Serial Yusuf Payambar - Part 14 | سریال یوسف پیامبر - پسرم را میتونم فراموش کنم ولی خود را نمیتوانم,https://www.youtube.com/watch?v=AkEuA-_rwOE
Serial Yusuf Payambar - Part 11 | سریال یوسف پیامبر - خدای مصر شب ها میخوابد؟,https://www.youtube.com/watch?v=YRYuw2fZTMM
Serial Yusuf Payambar - Part 11 | سریال یوسف پیامبر - من میخواهم پوشالی بودن مردم مصر را نشانت بدهم,https://www.youtube.com/watch?v=I-oES9XzsFU
Serial Yusuf Payambar - Part 11 | سریال یوسف پیامبر - او مرا نسبت به آمون به تردید انداخت,https://www.youtube.com/watch?v=oVUKtRZ04lM
Serial Yusuf Payambar - Part 11 | سریال یوسف پیامبر - خود آمون نیاز به مراقبت داره,https://www.youtube.com/watch?v=uIHWA5UAwcQ
Serial Yusuf Payambar - Part 11 | سریال یوسف پیامبر - این کلبه احزان من است,https://www.youtube.com/watch?v=AEYgjpv-IFg
Serial Yusuf Payambar - Part 11 | سریال یوسف پیامبر - اون اشراف زاده ای مغرور است,https://www.youtube.com/watch?v=BN9drpkDbVI
Serial Yusuf Payambar - Part 11 | سریال یوسف پیامبر - برده های مخصوص حمل کجاوه اند,https://www.youtube.com/watch?v=_jYkqlv7uSE
Serial Yusuf Payambar - Part 11 | سریال یوسف پیامبر - باید یوسف را نجات دهم,https://www.youtube.com/watch?v=L-f0ZgeM55Y
Serial Yusuf Payambar - Part 11 | سریال یوسف پیامبر - او در قضاوت بسیار تواناست,https://www.youtube.com/watch?v=OtLD_V8kVsg
Serial Yusuf Payambar - Part 11 | سریال یوسف پیامبر - اصلا نمیداند برای چی خم شده,https://www.youtube.com/watch?v=apFsvEqFbWM
Serial Yusuf Payambar - Part 10 | سریال یوسف پیامبر - از این پس نام تو یوزارسیف است,https://www.youtube.com/watch?v=ecmrxw9irY0
Serial Yusuf Payambar - Part 10 | سریال یوسف پیامبر - خداوند به تو علم تعبیر خواب را عنایت کرده است,https://www.youtube.com/watch?v=_a-cp-7OliI
Serial Yusuf Payambar - Part 10 | سریال یوسف پیامبر - پوتیفار امروز باید شکست بخوره,https://www.youtube.com/watch?v=SJ3ABq4UUm4
Serial Yusuf Payambar - Part 10 | سریال یوسف پیامبر - بصیرت را هرکسی ندارد,https://www.youtube.com/watch?v=1NAtGrVGTok
Serial Yusuf Payambar - Part 10 | سریال یوسف پیامبر - رسالت من آمدن به مصر بوده است,https://www.youtube.com/watch?v=hG6QMCBLJQk
Serial Yusuf Payambar - Part 10 | سریال یوسف پیامبر - قیمت او بالاتر است,https://www.youtube.com/watch?v=XPGhHnxHVxY
Serial Yusuf Payambar - Part 10 | سریال یوسف پیامبر - من یقین دارم که تو زنده ای,https://www.youtube.com/watch?v=ME75wri1f6A
Serial Yusuf Payambar - Part 9 | سریال یوسف پیامبر - آنها شما را میشناختند,https://www.youtube.com/watch?v=VztjLeI61P0
Serial Yusuf Payambar - Part 9 | سریال یوسف پیامبر - خداوند یاری کنندگان را دوست دارد,https://www.youtube.com/watch?v=y8ekaAr1oZQ
Serial Yusuf Payambar - Part 9 | سریال یوسف پیامبر - خدای من خالق همه ی اینهاست,https://www.youtube.com/watch?v=vCvCpZP1zCo
Serial Yusuf Payambar - Part 9 | سریال یوسف پیامبر - ای کاش میشد یوسف را نکشیم,https://www.youtube.com/watch?v=qj_1SgUTuL4
Serial Yusuf Payambar - Part 9 | سریال یوسف پیامبر - حال یوسف من خوب نیست,https://www.youtube.com/watch?v=OZ_VgRjnZBo
Serial Yusuf Payambar - Part 7 | سریال یوسف پیامبر - من میروم و یوسف را نجات میدهم,https://www.youtube.com/watch?v=UiI8avldpvo
Serial Yusuf Payambar - Part 6 | سریال یوسف پیامبر - این پیراهن از بهشت برای ابراهیم نبی آمده است,https://www.youtube.com/watch?v=4rZDUznhW-M
Serial Yusuf Payambar - Part 5 | سریال یوسف پیامبر - دیشب یعقوب جانشین خود را انتخاب کرد,https://www.youtube.com/watch?v=WnybODghrOY
Serial Yusuf Payambar - Part 9 | سریال یوسف پیامبر - من پسر چاه هستم,https://www.youtube.com/watch?v=gUd9Ea67WvA
Serial Yusuf Payambar - Part 9 | سریال یوسف پیامبر - من جانم را مدیون یوسف هستم,https://www.youtube.com/watch?v=mY6PFnDADBU
Serial Yusuf Payambar - Part 8 | سریال یوسف پیامبر - بهتر است سکوت کنی و تسلیم اراده پروردگار باشی,https://www.youtube.com/watch?v=MSLxVZEX6yI
Serial Yusuf Payambar - Part 8 | سریال یوسف پیامبر - برای تو و برادرانم نگرانم,https://www.youtube.com/watch?v=thZFRc72Z20
Serial Yusuf Payambar - Part 8 | سریال یوسف پیامبر - تو برده ی آنها هستی؟,https://www.youtube.com/watch?v=fxDzVUOWTSU
Serial Yusuf Payambar - Part 8 | سریال یوسف پیامبر - این بی تابی تورو درک نمیکنم,https://www.youtube.com/watch?v=nw6Ot3xXOoM
Serial Yusuf Payambar - Part 8 | سریال یوسف پیامبر - طوفان آغاز شده و ما مجبوریم برویم,https://www.youtube.com/watch?v=hlPyAhKn33E
Serial Yusuf Payambar - Part 8 | سریال یوسف پیامبر - درست نیست در این موقعیت به فکر خویش باشیم,https://www.youtube.com/watch?v=CzA3fkjY2nc
Serial Yusuf Payambar - Part 8 | سریال یوسف پیامبر - جناب مالک آب شیرین است,https://www.youtube.com/watch?v=EWJgNfwBogE
Serial Yusuf Payambar - Part 8 | سریال یوسف پیامبر - چه فایده آب چاه شور است,https://www.youtube.com/watch?v=FtRXMPoaYA4
Serial Yusuf Payambar - Part 8 | سریال یوسف پیامبر - مرا  با خود ببرید,https://www.youtube.com/watch?v=GdEfzJP_3zc
Serial Yusuf Payambar - Part 5 | سریال یوسف پیامبر - خواب او شبیه خواب های یوسف بود,https://www.youtube.com/watch?v=PTtHN0fcgv8
Serial Yusuf Payambar - Part 5 | سریال یوسف پیامبر - دیشب یعقوب جانشین خودرا انتخاب کرد,https://www.youtube.com/watch?v=tcOf4l8Ness
Serial Yusuf Payambar - Part 7 | سریال یوسف پیامبر - یوسف تا به چاه نیوفتد به جلال نخواهد رسد,https://www.youtube.com/watch?v=J4y3M3svoOA
Serial Yusuf Payambar - Part 7 | سریال یوسف پیامبر - یهودا یوسف کوش؟,https://www.youtube.com/watch?v=z3xpb1pwO_o
Serial Yusuf Payambar - Part 7 | سریال یوسف پیامبر - فقط پیراهن خونین او را یافتیم,https://www.youtube.com/watch?v=TzvXZvpMpZo
Serial Yusuf Payambar - Part 7 | سریال یوسف پیامبر - طاقت روبرو شدن با پدر در روز روشن را ندارم,https://www.youtube.com/watch?v=qQsZb2fwrqE
Serial Yusuf Payambar - Part 7 | سریال یوسف پیامبر - چرا پیراهن یوسف سالم است,https://www.youtube.com/watch?v=R6U5WUzq5vw
Serial Yusuf Payambar - Part 6 | سریال یوسف پیامبر - تمام محبت پدر برای تو بوده,https://www.youtube.com/watch?v=usldUco8S9M
Serial Yusuf Payambar - Part 6 | سریال یوسف پیامبر - شما به ما اعتماد ندارین؟,https://www.youtube.com/watch?v=XGQeK4KC-pk
Serial Yusuf Payambar - Part 6 | سریال یوسف پیامبر - اجازه دهید یوسف را به صحرا ببریم,https://www.youtube.com/watch?v=TJ_Tq9NF004
Serial Yusuf Payambar - Part 5 | سریال یوسف پیامبر - چند گرگ کودکی را دنبال میکردند,https://www.youtube.com/watch?v=s-yV6B1Ezzk
Serial Yusuf Payambar - Part 5 | سریال یوسف پیامبر - چه کسی گفته شما صاحب کنعان هستی,https://www.youtube.com/watch?v=jTnvOSqkjGQ
سریال یوسف پیامبر - قسمت 40 | Serial Yusuf Payambar - Part 40,https://www.youtube.com/watch?v=Uv6dE8nLvPQ
سریال یوسف پیامبر - قسمت 39 | Serial Yusuf Payambar - Part 39,https://www.youtube.com/watch?v=-4wuKtVPRVE
سریال یوسف پیامبر - قسمت 38 | Serial Yusuf Payambar - Part 38,https://www.youtube.com/watch?v=910GNvxzxnY
سریال یوسف پیامبر - قسمت 37 | Serial Yusuf Payambar - Part 37,https://www.youtube.com/watch?v=v0IW0Xzc9nc
Serial Yusuf Payambar - Part 5 | سریال یوسف پیامبر - این رفتار شیطانیست,https://www.youtube.com/watch?v=P5np1q7Xi-Q
سریال یوسف پیامبر - قسمت 33 | Serial Yusuf Payambar - Part 33,https://www.youtube.com/watch?v=dHIAaC3WU54
سریال یوسف پیامبر - قسمت 34 | Serial Yusuf Payambar - Part 34,https://www.youtube.com/watch?v=VuUXWmCG_80
سریال یوسف پیامبر - قسمت 36 | Serial Yusuf Payambar - Part 36,https://www.youtube.com/watch?v=DnFu-YiqnrI
سریال یوسف پیامبر - قسمت 35 | Serial Yusuf Payambar - Part 35,https://www.youtube.com/watch?v=auXGF2olvwk
Serial Yusuf Payambar - Part 5 | سریال یوسف پیامبر - خواب او شبیه خواب های یوسف بود,https://www.youtube.com/watch?v=CF2CDnbaehg
سریال یوسف پیامبر - قسمت 31 | Serial Yusuf Payambar - Part 31,https://www.youtube.com/watch?v=_2rEr-6w0IU
سریال یوسف پیامبر - قسمت 32 | Serial Yusuf Payambar - Part 32,https://www.youtube.com/watch?v=OpU8sJpnh_Y
سریال یوسف پیامبر - قسمت 30 | Serial Yusuf Payambar - Part 30,https://www.youtube.com/watch?v=g8GtDk0SRo4
سریال یوسف پیامبر - قسمت 29 | Serial Yusuf Payambar - Part 29,https://www.youtube.com/watch?v=qWaaiWe7OJE
سریال یوسف پیامبر - قسمت 28 | Serial Yusuf Payambar - Part 28,https://www.youtube.com/watch?v=J1MMjbZhaGM
Serial Yusuf Payambar - Part 4 | سریال یوسف پیامبر - کمربند اسحاق نبی گم شده,https://www.youtube.com/watch?v=98cXXn35amE
Serial Yusuf Payambar - Part 4 | سریال یوسف پیامبر - شما تا صبح نخوابیدید,https://www.youtube.com/watch?v=I11Ty4lRga8
سریال یوسف پیامبر - قسمت 27 | Serial Yusuf Payambar - Part 27,https://www.youtube.com/watch?v=j8-lIthCGqQ
سریال یوسف پیامبر - قسمت 26 | Serial Yusuf Payambar - Part 26,https://www.youtube.com/watch?v=ULcjecqeG4w
سریال یوسف پیامبر - قسمت 42 | Serial Yusuf Payambar - Part 42,https://www.youtube.com/watch?v=pt1DwbmOP-s
سریال یوسف پیامبر - قسمت 25 | Serial Yusuf Payambar - Part 25,https://www.youtube.com/watch?v=IQwNtE5gvqg
سریال یوسف پیامبر - قسمت 45 | Serial Yusuf Payambar - Part 45,https://www.youtube.com/watch?v=Dwq-kRVe2qM
سریال یوسف پیامبر - قسمت 44 | Serial Yusuf Payambar - Part 44,https://www.youtube.com/watch?v=fDmuAsrO2TE
سریال یوسف پیامبر - قسمت 43 | Serial Yusuf Payambar - Part 43,https://www.youtube.com/watch?v=g1pjd68taqY
Serial Yusuf Payambar - Part 4 | سریال یوسف پیامبر - یوسف گم شده,https://www.youtube.com/watch?v=aFpUivJy2Yk
سریال یوسف پیامبر - قسمت 24 | Serial Yusuf Payambar - Part 24,https://www.youtube.com/watch?v=SjT9ObruWrA
سریال یوسف پیامبر - قسمت 23 | Serial Yusuf Payambar - Part 23,https://www.youtube.com/watch?v=wDMCm08V3uM
سریال یوسف پیامبر - قسمت 22 | Serial Yusuf Payambar - Part 22,https://www.youtube.com/watch?v=3KmqYRga9pk
سریال یوسف پیامبر - قسمت 21 | Serial Yusuf Payambar - Part 21,https://www.youtube.com/watch?v=b-0_HddLyto
سریال یوسف پیامبر - قسمت 41 | Serial Yusuf Payambar - Part 41,https://www.youtube.com/watch?v=2fdva2-RFGY
Serial Kuchake Jangali - Part 13 | سریال کوچک جنگلی - قسمت 13,https://www.youtube.com/watch?v=PYFnPs9kJ7k
Serial Yusuf Payambar - Part 4 | سریال یوسف پیامبر - طاقت دوری یوسف را ندارم,https://www.youtube.com/watch?v=lRPDtxgEtYU
سریال یوسف پیامبر - قسمت 18 | Serial Yusuf Payambar - Part 18,https://www.youtube.com/watch?v=HTWVVMgqWnY
سریال یوسف پیامبر - قسمت 19 | Serial Yusuf Payambar - Part 19,https://www.youtube.com/watch?v=_ZYD7QU2eA4
سریال یوسف پیامبر - قسمت 20 | Serial Yusuf Payambar - Part 20,https://www.youtube.com/watch?v=F-gd7-kfQFc
Serial Yusuf Payambar - Part 2 | سریال یوسف پیامبر - میروم به خدای یعقوب ایمان بیاورم,https://www.youtube.com/watch?v=N7bl0JZ5cUU
Serial Yusuf Payambar - Part 2 | سریال یوسف پیامبر - یازده سال منتظر اومدن تو بودیم,https://www.youtube.com/watch?v=tUbH5fi19rQ
سریال یوسف پیامبر - قسمت 17 | Serial Yusuf Payambar - Part 17,https://www.youtube.com/watch?v=tDAcrKeWGOo
سریال یوسف پیامبر - قسمت 16 | Serial Yusuf Payambar - Part 16,https://www.youtube.com/watch?v=qref2Jq_S_k
سریال یوسف پیامبر - قسمت 15 | Serial Yusuf Payambar - Part 15,https://www.youtube.com/watch?v=HTH321R1T2Y
سریال یوسف پیامبر - قسمت 14 | Serial Yusuf Payambar - Part 14,https://www.youtube.com/watch?v=ZAeHIMIfxIM
سریال یوسف پیامبر - قسمت 13 | Serial Yusuf Payambar - Part 13,https://www.youtube.com/watch?v=WCInh3moOzo
سریال یوسف پیامبر - قسمت 9 | Serial Yusuf Payambar - Part 9,https://www.youtube.com/watch?v=KHyOFhKagdU
سریال یوسف پیامبر - قسمت 10 | Serial Yusuf Payambar - Part 10,https://www.youtube.com/watch?v=FqU13FPns5E
سریال یوسف پیامبر - قسمت 11 | Serial Yusuf Payambar - Part 11,https://www.youtube.com/watch?v=e_FwpPusTbM
سریال یوسف پیامبر - قسمت 12 | Serial Yusuf Payambar - Part 12,https://www.youtube.com/watch?v=xXqiKhRzmx4
سریال یوسف پیامبر - قسمت 8 | Serial Yusuf Payambar - Part 8,https://www.youtube.com/watch?v=PIHY6viDOss
سریال یوسف پیامبر - قسمت 7 | Serial Yusuf Payambar - Part 7,https://www.youtube.com/watch?v=UVKfFsSLSqs
سریال یوسف پیامبر - قسمت 6 | Serial Yusuf Payambar - Part 6,https://www.youtube.com/watch?v=ieC7yME7iCA
سریال یوسف پیامبر - قسمت 5 | Serial Yusuf Payambar - Part 5,https://www.youtube.com/watch?v=kO5YFqGoaq0
سریال یوسف پیامبر - قسمت 4 | Serial Yusuf Payambar - Part 4,https://www.youtube.com/watch?v=F7gYeA2s1c8
سریال یوسف پیامبر - قسمت 3 | Serial Yusuf Payambar - Part 3,https://www.youtube.com/watch?v=bD7_kU0kWwg
سریال یوسف پیامبر - قسمت 2 | Serial Yusuf Payambar - Part 2,https://www.youtube.com/watch?v=uMypa9h_488
سریال یوسف پیامبر - قسمت 1 | Serial Yusuf Payambar - Part 1,https://www.youtube.com/watch?v=Szd0TsusUE0
سریال مسیح - قسمت 17 | Serial Messiah - Part 17,https://www.youtube.com/watch?v=fiLrAhy4hFc
سریال مسیح - قسمت 16 | Serial Messiah - Part 16,https://www.youtube.com/watch?v=w9BzL3J9QtQ
سریال جلال الدین - قسمت 5 | Serial Jalaledin - Part 5,https://www.youtube.com/watch?v=rivV4JqmKCA
سریال مسیح - قسمت 15 | Serial Messiah - Part 15,https://www.youtube.com/watch?v=z1ekJ8LrFJA
سریال جلال الدین - قسمت 8 | Serial Jalaledin - Part 8,https://www.youtube.com/watch?v=XZ1ItFGrLU8
سریال مسیح - قسمت 14 | Serial Messiah - Part 14,https://www.youtube.com/watch?v=Lw9Rfp-U8wQ
سریال مسیح - قسمت 13 | Serial Messiah - Part 13,https://www.youtube.com/watch?v=O3jptjqbsQ8
سریال مسیح - قسمت 12 | Serial Messiah - Part 12,https://www.youtube.com/watch?v=LRYOeILGmLU
سریال مسیح - قسمت 11 | Serial Messiah - Part 11,https://www.youtube.com/watch?v=FoomX5-vBQM
سریال مسیح - قسمت 10 | Serial Messiah - Part 10,https://www.youtube.com/watch?v=-OJPSmqWD1Q
سریال مسیح - قسمت 9 | Serial Messiah - Part 9,https://www.youtube.com/watch?v=edogCouhhDM
سریال مسیح - قسمت 8 | Serial Messiah - Part 8,https://www.youtube.com/watch?v=hla8AoeD9Qc
سریال مسیح - قسمت 7 | Serial Messiah - Part 7,https://www.youtube.com/watch?v=gl9bKMyC1sA
سریال مسیح - قسمت 6 | Serial Messiah - Part 6,https://www.youtube.com/watch?v=KTKAtT4Qigw
سریال جلال الدین - قسمت 7 | Serial Jalaledin - Part 7,https://www.youtube.com/watch?v=l9rntZnt0Xg
سریال جلال الدین - قسمت 6 | Serial Jalaledin - Part 6,https://www.youtube.com/watch?v=hx0NT2PTEdc
سریال مسیح - قسمت 5 | Serial Messiah - Part 5,https://www.youtube.com/watch?v=SStfbGJItGg
سریال مسیح - قسمت 4 | Serial Messiah - Part 4,https://www.youtube.com/watch?v=6hKp_wT_Ktc
سریال مسیح - قسمت 3 | Serial Messiah - Part 3,https://www.youtube.com/watch?v=Cd1UGiJ2GnE
سریال مسیح - قسمت 2 | Serial Messiah - Part 2,https://www.youtube.com/watch?v=pSWtb0IaMz4
سریال مسیح - قسمت 1 | Serial Messiah - Part 1,https://www.youtube.com/watch?v=uMIx3ae-BqQ
Serial Baradar - Part 29 | سریال برادر - قسمت 29,https://www.youtube.com/watch?v=MZZgMbDoaQo
Serial Baradar - Part 28 | سریال برادر - قسمت 28,https://www.youtube.com/watch?v=qbWn6RIni-4
Serial Baradar - Part 27 | سریال برادر - قسمت 27,https://www.youtube.com/watch?v=EzeYmKn-cno
Serial Baradar - Part 26 | سریال برادر - قسمت 26,https://www.youtube.com/watch?v=9Na2JqPBm8c
Serial Baradar - Part 25 | سریال برادر - قسمت 25,https://www.youtube.com/watch?v=5fk75t1Gp5g
Serial Baradar - Part 24 | سریال برادر - قسمت 24,https://www.youtube.com/watch?v=-wM6C9dr17Y
Serial Baradar - Part 23 | سریال برادر - قسمت 23,https://www.youtube.com/watch?v=Mf3AcjIMQN4
Serial Baradar - Part 22 | سریال برادر - قسمت 22,https://www.youtube.com/watch?v=WuGiKd2Hhiw
Serial Baradar - Part 21 | سریال برادر - قسمت 21,https://www.youtube.com/watch?v=E3rduR_dgrs
Serial Baradar - Part 20 | سریال برادر - قسمت 20,https://www.youtube.com/watch?v=-LK_nxS7Tqk
Serial Baradar - Part 19 | سریال برادر - قسمت 19,https://www.youtube.com/watch?v=UKXZyCB1cNM
Serial Baradar - Part 17 | سریال برادر - قسمت 17,https://www.youtube.com/watch?v=-ilFFmLiu9k
Serial Baradar - Part 18 | سریال برادر - قسمت 18,https://www.youtube.com/watch?v=i96rNyieprk
Serial Baradar - Part 16 | سریال برادر - قسمت 16,https://www.youtube.com/watch?v=Sec4Gw9GCw0
Serial Baradar - Part 15 | سریال برادر - قسمت 15,https://www.youtube.com/watch?v=VA5UCl3LWLA
Serial Baradar - Part 14 | سریال برادر - قسمت 14,https://www.youtube.com/watch?v=bY0OgAtu84A
Serial Baradar - Part 13 | سریال برادر - قسمت 13,https://www.youtube.com/watch?v=rwOAMnCE1ow
Serial Baradar - Part 12 | سریال برادر - قسمت 12,https://www.youtube.com/watch?v=WoA6mZgEqMI
Serial Baradar - Part 11 | سریال برادر - قسمت 11,https://www.youtube.com/watch?v=ZsISefB7h9Y
Serial Baradar - Part 10 | سریال برادر - قسمت 10,https://www.youtube.com/watch?v=v7yQeGgFCyM
Serial Baradar - Part 9 | سریال برادر - قسمت 9,https://www.youtube.com/watch?v=_CTqrMdDwzQ
Serial Baradar - Part 8 | سریال برادر - قسمت 8,https://www.youtube.com/watch?v=mFVkO8TjScg
Serial Baradar - Part 7 | سریال برادر - قسمت 7,https://www.youtube.com/watch?v=HWbqxm6Bq4o
Serial Baradar - Part 6 | سریال برادر - قسمت 6,https://www.youtube.com/watch?v=K4TGzTGoVDA
Serial Baradar - Part 5 | سریال برادر - قسمت 5,https://www.youtube.com/watch?v=mrRb9tFpigc
Serial Baradar Jan - Part 27 | سریال برادر جان - قسمت 27,https://www.youtube.com/watch?v=IaXJCiHwghI
Serial Baradar - Part 4 | سریال برادر - قسمت 4,https://www.youtube.com/watch?v=7tGi8ILAnWQ
Serial Baradar - Part 3 | سریال برادر - قسمت 3,https://www.youtube.com/watch?v=sfoQq3gyciI
Serial Baradar Jan - Part 26 | سریال برادر جان - قسمت 26,https://www.youtube.com/watch?v=44jrLze0gcM
Serial Baradar - Part 2 | سریال برادر - قسمت 2,https://www.youtube.com/watch?v=iDMuQPRAIyI
Serial Baradar - Part 1 | سریال برادر - قسمت 1,https://www.youtube.com/watch?v=KbGWRz3VHd0
Serial Baradar Jan - Part 25 | سریال برادر جان - قسمت 25,https://www.youtube.com/watch?v=AZJ3Za__oR8
Serial Baradar Jan - Part 24 | سریال برادر جان - قسمت 24,https://www.youtube.com/watch?v=CMImPsfZDRE
Serial Baradar Jan - Part 23 | سریال برادر جان - قسمت 23,https://www.youtube.com/watch?v=OQdi8P96i_M
Serial Baradar Jan - Part 22 | سریال برادر جان - قسمت 22,https://www.youtube.com/watch?v=S4Xq8Pc1vEY
Serial Baradar Jan - Part 21 | سریال برادر جان - قسمت 21,https://www.youtube.com/watch?v=9UqB2vAJvq4
Serial Baradar Jan - Part 20 | سریال برادر جان - قسمت 20,https://www.youtube.com/watch?v=buBDuOxdMUE
Serial Baradar Jan - Part 19 | سریال برادر جان - قسمت 19,https://www.youtube.com/watch?v=Y0RvHzD8Mls
Serial Baradar Jan - Part 18 | سریال برادر جان - قسمت 18,https://www.youtube.com/watch?v=3Q9ElxHYQpQ
Serial Baradar Jan - Part 16 | سریال برادر جان - قسمت 16,https://www.youtube.com/watch?v=vjC1z1a8CDg
Serial Baradar Jan - Part 17 | سریال برادر جان - قسمت 17,https://www.youtube.com/watch?v=h3a0wV2ECfk
Serial Baradar Jan - Part 14 | سریال برادر جان - قسمت 14,https://www.youtube.com/watch?v=m2HQ2c8ofwQ
Serial Baradar Jan - Part 15 | سریال برادر جان - قسمت 15,https://www.youtube.com/watch?v=exCJe9wbrsU
سریال جابربن حیان - قسمت 13 | Serial Jaber Ibn Hayyan - Part 13,https://www.youtube.com/watch?v=R4qoX3pqfr4
Serial Baradar Jan - Part 13 | سریال برادر جان - قسمت 13,https://www.youtube.com/watch?v=qHlN5KW52ao
Serial Baradar Jan - Part 12 | سریال برادر جان - قسمت 12,https://www.youtube.com/watch?v=uV_CJJpkN3s
Serial Kuchake Jangali - Part 14 | سریال کوچک جنگلی - قسمت 14,https://www.youtube.com/watch?v=Im0Q4YM6m-c
سریال جابربن حیان - قسمت 14 | Serial Jaber Ibn Hayyan - Part 14,https://www.youtube.com/watch?v=uvCWVFWWkFo
سریال جابربن حیان - قسمت 11 | Serial Jaber Ibn Hayyan - Part 11,https://www.youtube.com/watch?v=RyH9p4gfVoA
سریال جابربن حیان - قسمت 12 | Serial Jaber Ibn Hayyan - Part 12,https://www.youtube.com/watch?v=TamMnbgakgI
Serial Kuchake Jangali - Part 12 | سریال کوچک جنگلی - قسمت 12,https://www.youtube.com/watch?v=52-WGpTpInM
Serial Kuchake Jangali - Part 11 | سریال کوچک جنگلی - قسمت 11,https://www.youtube.com/watch?v=yzsJWNbAA4Y
Serial Baradar Jan - Part 11 | سریال برادر جان - قسمت 11,https://www.youtube.com/watch?v=CX3fUARjj0E
Serial Baradar Jan - Part 10 | سریال برادر جان - قسمت 10,https://www.youtube.com/watch?v=uwnan6oXe8w
Serial Kuchake Jangali - Part 10 | سریال کوچک جنگلی - قسمت 10,https://www.youtube.com/watch?v=YyWI6zGhlf4
Serial Baradar Jan - Part 9 | سریال برادر جان - قسمت 9,https://www.youtube.com/watch?v=dfsPcWbgz1w
سریال جابربن حیان - قسمت 10 | Serial Jaber Ibn Hayyan - Part 10,https://www.youtube.com/watch?v=ZnXY7Z2Ip0k
سریال جابربن حیان - قسمت 9 | Serial Jaber Ibn Hayyan - Part 9,https://www.youtube.com/watch?v=RAcoMEjzCzo
Serial Kuchake Jangali - Part 9 | سریال کوچک جنگلی - قسمت 9,https://www.youtube.com/watch?v=Zuag7sFe3HY
Serial Baradar Jan - Part 8 | سریال برادر جان - قسمت 8,https://www.youtube.com/watch?v=PxDf8uiEEiU
Serial Baradar Jan - Part 7 | سریال برادر جان - قسمت 7,https://www.youtube.com/watch?v=hoG0D2Pvhwg
سریال جابربن حیان - قسمت 8 | Serial Jaber Ibn Hayyan - Part 8,https://www.youtube.com/watch?v=HXXdJXuHFtQ
Serial Kuchake Jangali - Part 8 | سریال کوچک جنگلی - قسمت 8,https://www.youtube.com/watch?v=PgQHm46OsF0
Serial Baradar Jan - Part 6 | سریال برادر جان - قسمت 6,https://www.youtube.com/watch?v=rA34sFzJkPE
سریال جابربن حیان - قسمت 7 | Serial Jaber Ibn Hayyan - Part 7,https://www.youtube.com/watch?v=ZhnU-civZE4
Serial Kuchake Jangali - Part 7 | سریال کوچک جنگلی - قسمت 7,https://www.youtube.com/watch?v=iItKKAkXZRs
Serial Baradar Jan - Part 5 | سریال برادر جان - قسمت 5,https://www.youtube.com/watch?v=7exOnNC2mIM
سریال جابربن حیان - قسمت 6 | Serial Jaber Ibn Hayyan - Part 6,https://www.youtube.com/watch?v=Dpr1XfI4h9s
Serial Kuchake Jangali - Part 6 | سریال کوچک جنگلی - قسمت 6,https://www.youtube.com/watch?v=jgHmgsfN__s
Serial Baradar Jan - Part 4 | سریال برادر جان - قسمت 4,https://www.youtube.com/watch?v=9UBqt_LGkSw
سریال جابربن حیان - قسمت 5 | Serial Jaber Ibn Hayyan - Part 5,https://www.youtube.com/watch?v=GeSbLwR430Y
Serial Kuchake Jangali - Part 5 | سریال کوچک جنگلی - قسمت 5,https://www.youtube.com/watch?v=a4Q6JBdvD6k
Serial Baradar Jan - Part 3 | سریال برادر جان - قسمت 3,https://www.youtube.com/watch?v=luBhzzuNuRQ
سریال جابربن حیان - قسمت 4 | Serial Jaber Ibn Hayyan - Part 4,https://www.youtube.com/watch?v=5qllyWS_dcI
Serial Kuchake Jangali - Part 4 | سریال کوچک جنگلی - قسمت 4,https://www.youtube.com/watch?v=JBz3boml4QI
Serial Kuchake Jangali - Part 3 | سریال کوچک جنگلی - قسمت 3,https://www.youtube.com/watch?v=DGsayZaeuG0
سریال جابربن حیان - قسمت 3 | Serial Jaber Ibn Hayyan - Part 3,https://www.youtube.com/watch?v=JDFhO_TsFOk
Serial Baradar Jan - Part 2 | سریال برادر جان - قسمت 2,https://www.youtube.com/watch?v=PmPqmH4oKO0
Serial Kuchake Jangali - Part 2 | سریال کوچک جنگلی - قسمت 2,https://www.youtube.com/watch?v=tbg71QLQSgQ
سریال جابربن حیان - قسمت 2 | Serial Jaber Ibn Hayyan - Part 2,https://www.youtube.com/watch?v=MoQxp3EWJ2o
Serial Baradar Jan - Part 1 | سریال برادر جان - قسمت 1,https://www.youtube.com/watch?v=i3SbYv6Ubnk
سریال جابربن حیان - قسمت 1 | Serial Jaber Ibn Hayyan - Part 1,https://www.youtube.com/watch?v=fEJaWuiNT9w
Serial Kuchake Jangali - Part 1 | سریال کوچک جنگلی - قسمت 1,https://www.youtube.com/watch?v=k6go-Up5S5c
سریال اصحاب کهف - قسمت 15 | Serial Ashabe Kahf - Part 15,https://www.youtube.com/watch?v=mSaopRJ1rwo
سریال اصحاب کهف - قسمت 14 | Serial Ashabe Kahf - Part 14,https://www.youtube.com/watch?v=VQ_eqq89w8E
سریال اصحاب کهف - قسمت 13 | Serial Ashabe Kahf - Part 13,https://www.youtube.com/watch?v=HnZeoMjMc9A
سریال اصحاب کهف - قسمت 12 | Serial Ashabe Kahf - Part 12,https://www.youtube.com/watch?v=epVH_ruLpf8
سریال اصحاب کهف - قسمت 11 | Serial Ashabe Kahf - Part 11,https://www.youtube.com/watch?v=QefycspZ790
سریال اصحاب کهف - قسمت 10 | Serial Ashabe Kahf - Part 10,https://www.youtube.com/watch?v=JyRlggeOWvA
سریال اصحاب کهف - قسمت 9 | Serial Ashabe Kahf - Part 9,https://www.youtube.com/watch?v=1cAzWRLxwMQ
سریال اصحاب کهف - قسمت 8 | Serial Ashabe Kahf - Part 8,https://www.youtube.com/watch?v=CswjiNCBwSw
سریال اصحاب کهف - قسمت 7 | Serial Ashabe Kahf - Part 7,https://www.youtube.com/watch?v=TwQsepud-7Y
سریال جلال الدین - قسمت 4 | Serial Jalaledin - Part 4,https://www.youtube.com/watch?v=YteqMKABhEc
سریال اصحاب کهف - قسمت 6 | Serial Ashabe Kahf - Part 6,https://www.youtube.com/watch?v=rcs_3TuwgvQ
سریال جلال الدین - قسمت 3 | Serial Jalaledin - Part 3,https://www.youtube.com/watch?v=tmA7KIYL2rY
سریال جلال الدین - قسمت 2 | Serial Jalaledin - Part 2,https://www.youtube.com/watch?v=dJvRCcJpaCE
سریال اصحاب کهف - قسمت 5 | Serial Ashabe Kahf - Part 5,https://www.youtube.com/watch?v=krZxISetlj8
سریال جلال الدین - قسمت 1 | Serial Jalaledin - Part 1,https://www.youtube.com/watch?v=vWavYgInnGc
سریال اصحاب کهف - قسمت 4 | Serial Ashabe Kahf - Part 4,https://www.youtube.com/watch?v=O-Yx01ckSnI
سریال اصحاب کهف - قسمت 3 | Serial Ashabe Kahf - Part 3,https://www.youtube.com/watch?v=ryT1iSei-3g
سریال اصحاب کهف - قسمت 2 | Serial Ashabe Kahf - Part 2,https://www.youtube.com/watch?v=eCdISme9TuU
سریال اصحاب کهف - قسمت 1 | Serial Ashabe Kahf - Part 1,https://www.youtube.com/watch?v=ed_z6DLymQo
سریال مریم مقدس - قسمت 11 | Serial Maryam Moghaddas - Part 11,https://www.youtube.com/watch?v=Iz1hrXqrDCA
سریال مریم مقدس - قسمت 10 | Serial Maryam Moghaddas - Part 10,https://www.youtube.com/watch?v=eTgRp4qwNew
سریال مریم مقدس - قسمت 9 | Serial Maryam Moghaddas - Part 9,https://www.youtube.com/watch?v=_NyCIIDMuiI
سریال مریم مقدس - قسمت 8 | Serial Maryam Moghaddas - Part 8,https://www.youtube.com/watch?v=Njrg_liekx8
سریال مریم مقدس - قسمت 7 | Serial Maryam Moghaddas - Part 7,https://www.youtube.com/watch?v=8_PhtCa3KYA
سریال مریم مقدس - قسمت 6 | Serial Maryam Moghaddas - Part 6,https://www.youtube.com/watch?v=sDT9qBiY7zw
سریال مریم مقدس - قسمت 5 | Serial Maryam Moghaddas - Part 5,https://www.youtube.com/watch?v=iOPsR3BybQQ
سریال مریم مقدس - قسمت 4 | Serial Maryam Moghaddas - Part 4,https://www.youtube.com/watch?v=JGJpU0W46tM
سریال مریم مقدس - قسمت 3 | Serial Maryam Moghaddas - Part 3,https://www.youtube.com/watch?v=Ah1ReY69zmc
سریال مریم مقدس - قسمت 2 | Serial Maryam Moghaddas - Part 2,https://www.youtube.com/watch?v=KpR8cTcMg4k
سریال مریم مقدس - قسمت 1 | Serial Maryam Moghaddas - Part 1,https://www.youtube.com/watch?v=XSIi8cyLcrA
Serial Jalal 2 - Part 26 | سریال جلال 2 - قسمت 26(قسمت آخر),https://www.youtube.com/watch?v=wkAfoerUhZE
Serial Jalal 2 - Part 25 | سریال جلال 2 - قسمت 25,https://www.youtube.com/watch?v=sMF21VB6rKk
Serial Jalal 2 - Part 24 | سریال جلال 2 - قسمت 24,https://www.youtube.com/watch?v=7BsDKvupAEg
Serial Jalal 2 - Part 23 | سریال جلال 2 - قسمت 23,https://www.youtube.com/watch?v=yfkqheX-S9I
Serial Jalal 2 - Part 22 | سریال جلال 2 - قسمت 22,https://www.youtube.com/watch?v=E-0MfvRlnzo
Serial Jalal 2 - Part 21 | سریال جلال 2 - قسمت 21,https://www.youtube.com/watch?v=TULb6DUJOB8
Serial Jalal 2 - Part 20 | سریال جلال 2 - قسمت 20,https://www.youtube.com/watch?v=Oy9ptR9f8Kw
Serial Jalal 2 - Part 19 | سریال جلال 2 - قسمت 19,https://www.youtube.com/watch?v=LWJdRw7qd3Y
Serial Jalal 2 - Part 18 | سریال جلال 2 - قسمت 18,https://www.youtube.com/watch?v=gjo7MXfeXAU
Serial Jalal 2 - Part 17 | سریال جلال 2 - قسمت 17,https://www.youtube.com/watch?v=Wf9JjxiES-E
Serial Jalal 2 - Part 16 | سریال جلال 2 - قسمت 16,https://www.youtube.com/watch?v=pQINFhtnctk
Serial Jalal 2 - Part 15 | سریال جلال 2 - قسمت 15,https://www.youtube.com/watch?v=hXvUIw3byDM
Serial Jalal 2 - Part 14 | سریال جلال 2 - قسمت 14,https://www.youtube.com/watch?v=IWb4jvfhPf0
Serial Jalal 2 - Part 13 | سریال جلال 2 - قسمت 13,https://www.youtube.com/watch?v=Qzrg4SRoXLU
Serial Jalal 2 - Part 12 | سریال جلال 2 - قسمت 12,https://www.youtube.com/watch?v=D91uhHxkT-U
Serial Jalal 2 - Part 11 | سریال جلال 2 - قسمت 11,https://www.youtube.com/watch?v=9UhvIN-pfoI
Serial Jalal 2 - Part 10 | سریال جلال 2 - قسمت 10,https://www.youtube.com/watch?v=di4GDE2gf3s
Serial Jalal 2 - Part 9 | سریال جلال 2 - قسمت 9,https://www.youtube.com/watch?v=CWc_Jq20Px4
Serial Jalal 2 - Part 8 | سریال جلال 2 - قسمت 8,https://www.youtube.com/watch?v=WA_87jkM_TM
Serial Jalal 2 - Part 7 | سریال جلال 2 - قسمت 7,https://www.youtube.com/watch?v=gBk9hMn4_m4
Serial Jalal 2 - Part 6 | سریال جلال 2 - قسمت 6,https://www.youtube.com/watch?v=5HdG1DSVDSQ
Serial Jalal 2 - Part 5 | سریال جلال 2 - قسمت 5,https://www.youtube.com/watch?v=G_lc3jUrkCA
Serial Jalal 2 - Part 4 | سریال جلال 2 - قسمت 4,https://www.youtube.com/watch?v=RPL3kJe1Iug
Serial Jalal 2 - Part 3 | سریال جلال 2 - قسمت 3,https://www.youtube.com/watch?v=kMS8t8BScl0
Serial Jalal 2 - Part 2 | سریال جلال 2 - قسمت 2,https://www.youtube.com/watch?v=BpL6hkVJ9vo
Serial Jalal 1 -  Part 14 | سریال جلال 1 - قسمت 14,https://www.youtube.com/watch?v=uFKaweKX9yc
Serial Jalal 1 -  Part 13 | سریال جلال 1 - قسمت 13,https://www.youtube.com/watch?v=iH3HwcGWwmc
Serial Jalal 1 -  Part 5 | سریال جلال 1 - قسمت 5,https://www.youtube.com/watch?v=mX8FZ04HVc0
Serial Jalal 1 -  Part 12 | سریال جلال 1 - قسمت 12,https://www.youtube.com/watch?v=WVeocEnhNDA
Serial Jalal 1 -  Part 11 | سریال جلال 1 - قسمت 11,https://www.youtube.com/watch?v=3Pr9n-VR81E
Serial Jalal 2 - Part 1 | سریال جلال 2 - قسمت 1,https://www.youtube.com/watch?v=UB8ziiVHmFU
Serial Jalal 1 -  Part 2 | سریال جلال 1 - قسمت 2,https://www.youtube.com/watch?v=-NWMgCQeTRM
Serial Jalal 1 -  Part 1 | سریال جلال 1 - قسمت 1,https://www.youtube.com/watch?v=1IbDvbDpnAA
Serial Jalal 1 -  Part 10 | سریال جلال 1 - قسمت 10,https://www.youtube.com/watch?v=9RF1QqME_aY
Serial Jalal 1 -  Part 9 | سریال جلال 1 - قسمت 9,https://www.youtube.com/watch?v=I1gAixpCH60
Serial Jalal 1 -  Part 3 | سریال جلال 1 - قسمت 3,https://www.youtube.com/watch?v=NrwaJJ3iJ4Y
Serial Jalal 1 -  Part 8 | سریال جلال 1 - قسمت 8,https://www.youtube.com/watch?v=Xi4l0FECRk0
Serial Jalal 1 -  Part 6 | سریال جلال 1 - قسمت 6,https://www.youtube.com/watch?v=_pt21mQTpZI
Serial Jalal 1 -  Part 4 | سریال جلال 1 - قسمت 4,https://www.youtube.com/watch?v=mmlv55WkS3s
Serial Jalal 1 - Part 7 | سریال جلال 1 - قسمت 7,https://www.youtube.com/watch?v=o6IvDhnXGvM
Serial Jalal 2 - Teaser | سریال جلال 2 - تیزر,https://www.youtube.com/watch?v=EklJEmdWrRo
نسخه اصلی سریال بانوی عمارت - تیزر | Serial Banooye Emarat - Teaser,https://www.youtube.com/watch?v=0YTyHWIB-iU
Serial Marzieh - Teaser | سریال مرضیه - تیزر,https://www.youtube.com/watch?v=XJ5jNNCaD9Q
Serial Dokhtaram Narges -Teaser | سریال دخترم نرگس - تیزر,https://www.youtube.com/watch?v=dq0G-i5NHtU
Serial Zamine Garm -Teaser | سریال زمین گرم - تیزر,https://www.youtube.com/watch?v=dUDNdoFX78Q
Serial Zamine Garm - Part 27 | سریال زمین گرم - قسمت 27 ( قسمت آخر ),https://www.youtube.com/watch?v=erDAKcFNh2k
Serial Zamine Garm - Part 26 | سریال زمین گرم - قسمت 26,https://www.youtube.com/watch?v=dl4we8UYzzI
Serial Zamine Garm - Part 25 | سریال زمین گرم - قسمت 25,https://www.youtube.com/watch?v=V_pz9GYjF0w
Serial Zamine Garm - Part 24 | سریال زمین گرم - قسمت 24,https://www.youtube.com/watch?v=SiQb0fFtz7g
Serial Zamine Garm - Part 23 | سریال زمین گرم - قسمت 23,https://www.youtube.com/watch?v=MahVtgVN8mg
Serial Zamine Garm - Part 22 | سریال زمین گرم - قسمت 22,https://www.youtube.com/watch?v=9SubDdResp8
Serial Zamine Garm - Part 21 | سریال زمین گرم - قسمت 21,https://www.youtube.com/watch?v=RuQZBxHXSUs
Serial Zamine Garm - Part 20 | سریال زمین گرم - قسمت 20,https://www.youtube.com/watch?v=BfY-0eUFv8M
Serial Zamine Garm - Part 19 | سریال زمین گرم - قسمت 19,https://www.youtube.com/watch?v=Hq1NQ_lf3wg
Serial Zamine Garm - Part 18 | سریال زمین گرم - قسمت 18,https://www.youtube.com/watch?v=lLEzIqCq_YE
Serial Zamine Garm - Part 17 | سریال زمین گرم - قسمت 17,https://www.youtube.com/watch?v=yz-OcFxUi4Y
Serial Zamine Garm - Part 16 | سریال زمین گرم - قسمت 16,https://www.youtube.com/watch?v=8G-sLfqeFKE
Serial Zamine Garm - Part 15 | سریال زمین گرم - قسمت 15,https://www.youtube.com/watch?v=9_hfRyrIHJg
Serial Zamine Garm - Part 14 | سریال زمین گرم - قسمت 14,https://www.youtube.com/watch?v=-uB_0A7Zmq0
Serial Zamine Garm - Part 13 | سریال زمین گرم - قسمت 13,https://www.youtube.com/watch?v=ILJTPJJdMOU
Serial Zamine Garm - Part 12 | سریال زمین گرم - قسمت 12,https://www.youtube.com/watch?v=8Sbm5wFYKIg
Serial Zamine Garm - Part 11 | سریال زمین گرم - قسمت 11,https://www.youtube.com/watch?v=IlMuEEXSuno
Serial Zamine Garm - Part 10 | سریال زمین گرم - قسمت 10,https://www.youtube.com/watch?v=sySfcu_fJ6s
Serial Zamine Garm - Part 9 | سریال زمین گرم - قسمت 9,https://www.youtube.com/watch?v=JfCx4g04KVQ
Serial Zamine Garm - Part 8 | سریال زمین گرم - قسمت 8,https://www.youtube.com/watch?v=0WHVYdJej8o
Serial Zamine Garm - Part 7 | سریال زمین گرم - قسمت 7,https://www.youtube.com/watch?v=9FdQMjdpmKc
Serial Zamine Garm - Part 6 | سریال زمین گرم - قسمت 6,https://www.youtube.com/watch?v=OSo-z_FRxJw
Serial Zamine Garm - Part 5 | سریال زمین گرم - قسمت 5,https://www.youtube.com/watch?v=BdEfMNhE6pk
Serial Zamine Garm - Part 4 | سریال زمین گرم - قسمت 4,https://www.youtube.com/watch?v=4LYos05GZBg
Serial Zamine Garm - Parts 1-3 | سریال زمین گرم - خلاصه  قسمت های 1-3,https://www.youtube.com/watch?v=KKhEizC1PbQ
Serial Zamine Garm - Part 3 | سریال زمین گرم - قسمت 3,https://www.youtube.com/watch?v=bfJ6i2If-QU
Serial Zamine Garm - Part 2 | سریال زمین گرم - قسمت 2,https://www.youtube.com/watch?v=Fe7A5QpR-4I
Serial Zamine Garm - Part 1 | سریال زمین گرم - قسمت 1,https://www.youtube.com/watch?v=m4jS5oRH2H4
Serial Dokhtaram Narges - Part 27 | سریال دخترم نرگس - قسمت 27 ( قسمت آخر ),https://www.youtube.com/watch?v=ME8wRaBycs0
Serial Dokhtaram Narges - Part 26 | سریال دخترم نرگس - قسمت 26,https://www.youtube.com/watch?v=1utWSUPOj7Q
Serial Dokhtaram Narges - Part 25 | سریال دخترم نرگس - قسمت 25,https://www.youtube.com/watch?v=YzIRW_0mOjg
Serial Dokhtaram Narges - Part 24 | سریال دخترم نرگس - قسمت 24,https://www.youtube.com/watch?v=MLytO0NMzAw
Serial Dokhtaram Narges - Part 23 | سریال دخترم نرگس - قسمت 23,https://www.youtube.com/watch?v=V7j53ImnJMY
Serial Dokhtaram Narges - Part 22 | سریال دخترم نرگس - قسمت 22,https://www.youtube.com/watch?v=MH9QjF5FFSE
Serial Dokhtaram Narges - Part 21 | سریال دخترم نرگس - قسمت 21,https://www.youtube.com/watch?v=GEk6YLQrC10
Serial Dokhtaram Narges - Part 20 | سریال دخترم نرگس - قسمت 20,https://www.youtube.com/watch?v=KXCy5Nmf3CY
Serial Dokhtaram Narges - Part 19 | سریال دخترم نرگس - قسمت 19,https://www.youtube.com/watch?v=WOWGCphIDJM
Serial Dokhtaram Narges - Part 18 | سریال دخترم نرگس - قسمت 18,https://www.youtube.com/watch?v=5Q7NW-mPjdI
Serial Dokhtaram Narges - Part 17 | سریال دخترم نرگس - قسمت 17,https://www.youtube.com/watch?v=Y6rDvrefiWk
Serial Dokhtaram Narges - Part 16 | سریال دخترم نرگس - قسمت 16,https://www.youtube.com/watch?v=6qcCYZUBwbs
Serial Dokhtaram Narges - Part 15 | سریال دخترم نرگس - قسمت 15,https://www.youtube.com/watch?v=i6WLEeURvFs
Serial Dokhtaram Narges - Part 14 | سریال دخترم نرگس - قسمت 14,https://www.youtube.com/watch?v=RWP1vs8ye2s
Serial Dokhtaram Narges - Part 13 | سریال دخترم نرگس - قسمت 13,https://www.youtube.com/watch?v=n_ChA-UD22w
Serial Dokhtaram Narges - Part 12 | سریال دخترم نرگس - قسمت 12,https://www.youtube.com/watch?v=wS82DnSbMIY
Serial Dokhtaram Narges - Part 11 | سریال دخترم نرگس - قسمت 11,https://www.youtube.com/watch?v=c7a_hCn5tQU
Serial Dokhtaram Narges - Part 10 | سریال دخترم نرگس - قسمت 10,https://www.youtube.com/watch?v=mzJhGQ19ftY
Serial Dokhtaram Narges - Part 9 | سریال دخترم نرگس - قسمت 9,https://www.youtube.com/watch?v=2yCDpgqRTOY
Serial Dokhtaram Narges - Part 8 | سریال دخترم نرگس - قسمت 8,https://www.youtube.com/watch?v=pvXqLWjud1g
Serial Dokhtaram Narges - Part 7 | سریال دخترم نرگس - قسمت 7,https://www.youtube.com/watch?v=cpkrnHN5qDA
Serial Dokhtaram Narges - Part 6 | سریال دخترم نرگس - قسمت 6,https://www.youtube.com/watch?v=h4Rq8UvjEik
Serial Dokhtaram Narges - Part 5 | سریال دخترم نرگس - قسمت 5,https://www.youtube.com/watch?v=Ua5sawHBnnY
Serial Dokhtaram Narges - Part 4 | سریال دخترم نرگس - قسمت 4,https://www.youtube.com/watch?v=QpSaCsTUNLM
Serial Dokhtaram Narges - Part 3 | سریال دخترم نرگس - قسمت 3,https://www.youtube.com/watch?v=xh5dvT2PZPA
Serial Dokhtaram Narges - Part 2 | سریال دخترم نرگس - قسمت 2,https://www.youtube.com/watch?v=xK4pwdCOxtQ
Serial Dokhtaram Narges - Part 1 | سریال دخترم نرگس - قسمت 1,https://www.youtube.com/watch?v=G7E_7b91xWw
Serial Roozegar - Part 16 | نسخه اصلی سریال روزگار - قسمت 16,https://www.youtube.com/watch?v=dNCKaSIEqSY
Serial Roozegar - Part 15 | نسخه اصلی سریال روزگار - قسمت 15,https://www.youtube.com/watch?v=zSh8qihOd7Y
Serial Roozegar - Part 14 | نسخه اصلی سریال روزگار - قسمت 14,https://www.youtube.com/watch?v=5FBzZO9marc
Serial Roozegar - Part 7 | نسخه اصلی سریال روزگار - قسمت 7,https://www.youtube.com/watch?v=-oqQqIWnmnk
Serial Roozegar - Part  2 | نسخه اصلی سریال روزگار - قسمت 2,https://www.youtube.com/watch?v=HsbilOe0YC0
Serial Roozegar - Part 1 | نسخه اصلی سریال روزگار - قسمت 1,https://www.youtube.com/watch?v=NP5wMzsGhmI
Serial Roozegar - Part 11 | نسخه اصلی سریال روزگار - قسمت 11,https://www.youtube.com/watch?v=5kiiK7XZnis
Serial Roozegar - Part 5 | نسخه اصلی سریال روزگار - قسمت 5,https://www.youtube.com/watch?v=68tdb987Oas
Serial Roozegar - Part 6 | نسخه اصلی سریال روزگار - قسمت 6,https://www.youtube.com/watch?v=Knz1bbXCtTk
Serial Roozegar - Part 10 | نسخه اصلی سریال روزگار - قسمت 10,https://www.youtube.com/watch?v=XJzM2V5qP-k
Serial Roozegar - Part 9 | نسخه اصلی سریال روزگار - قسمت 9,https://www.youtube.com/watch?v=d3kRRiRj0sk
Serial Roozegar - Part 4 | نسخه اصلی سریال روزگار - قسمت 4,https://www.youtube.com/watch?v=f1qIZVM7HD4
Serial Roozegar - Part 8 | نسخه اصلی سریال روزگار - قسمت 8,https://www.youtube.com/watch?v=gDKbJ2cf6BQ
Serial Roozegar - Part 13 | نسخه اصلی سریال روزگار - قسمت 13,https://www.youtube.com/watch?v=kSuh-iwMPsk
Serial Roozegar - Part 3 | نسخه اصلی سریال روزگار - قسمت 3,https://www.youtube.com/watch?v=nCCf1_r9e7g
Serial Roozegar - Part 12 | نسخه اصلی سریال روزگار - قسمت 12,https://www.youtube.com/watch?v=nuggmXXz4kM
Serial Marziye - Part 16 | نسخه اصلی سریال مرضیه - قسمت 16 - قسمت پایانی,https://www.youtube.com/watch?v=HFg13VCSaRQ
Serial Marziye - Part 15 | نسخه اصلی سریال مرضیه - قسمت 15,https://www.youtube.com/watch?v=4HdeiLFLclo
Serial Marziye - Part 14 | نسخه اصلی سریال مرضیه - قسمت 14,https://www.youtube.com/watch?v=TfDdSSs6JWE
Serial Marziye - Part 13 | نسخه اصلی سریال مرضیه - قسمت 13,https://www.youtube.com/watch?v=ioFUjOWcVfg
Serial Marziye - Part 12 | نسخه اصلی سریال مرضیه - قسمت 12,https://www.youtube.com/watch?v=fNxhywAS9XM
Serial Marziye - Part 11 | نسخه اصلی سریال مرضیه - قسمت 11,https://www.youtube.com/watch?v=QR8TTOpR9-c
Serial Marziye - Part 9 | نسخه اصلی سریال مرضیه - قسمت 9,https://www.youtube.com/watch?v=wk1iRGnh3Yk
Serial Marziye - Part 10 | نسخه اصلی سریال مرضیه - قسمت 10,https://www.youtube.com/watch?v=auOS_rj5j88
Serial Marziye - Part 8 | نسخه اصلی سریال مرضیه - قسمت 8,https://www.youtube.com/watch?v=tt9zxaH7dCQ
Serial Marziye - Part 7 | نسخه اصلی سریال مرضیه - قسمت 7,https://www.youtube.com/watch?v=Ilw2f3aYpJU
Serial Marziye - Part 6 | نسخه اصلی سریال مرضیه - قسمت 6,https://www.youtube.com/watch?v=ttPBg7wACpQ
Serial Marziye - Part 5 | نسخه اصلی سریال مرضیه - قسمت 5,https://www.youtube.com/watch?v=C4NHeIRlqo0
Serial Marziye - Part 4 | نسخه اصلی سریال مرضیه - قسمت 4,https://www.youtube.com/watch?v=eKbezT7cOXY
Serial Marziye - Part 3 | نسخه اصلی سریال مرضیه - قسمت 3,https://www.youtube.com/watch?v=SS3QRff37ZQ
Serial Marziye - Part 1 | نسخه اصلی سریال مرضیه - قسمت 1,https://www.youtube.com/watch?v=zzr1Om1UefM
Serial Marziye - Part 2 | نسخه اصلی سریال مرضیه - قسمت 2,https://www.youtube.com/watch?v=wybjTOQ-1c0
نسخه اصلی سریال لحظه گرگ و میش - قسمت 30 | Serial Lahzeye Gorgo Mish - Part 30,https://www.youtube.com/watch?v=SXy2q02D3TE
نسخه اصلی سریال لحظه گرگ و میش - قسمت 6 | Serial Lahzeye Gorgo Mish - Part 6,https://www.youtube.com/watch?v=0fQFVwRV7HQ
نسخه اصلی سریال لحظه گرگ و میش - قسمت 41 | Serial Lahzeye Gorgo Mish - Part 41,https://www.youtube.com/watch?v=A1u63o86om8
نسخه اصلی سریال لحظه گرگ و میش - قسمت 37 | Serial Lahzeye Gorgo Mish - Part 37,https://www.youtube.com/watch?v=CzYiliSOoZQ
نسخه اصلی سریال لحظه گرگ و میش - قسمت 31 | Serial Lahzeye Gorgo Mish - Part 31,https://www.youtube.com/watch?v=LQGTbQzx0qk
نسخه اصلی سریال لحظه گرگ و میش - قسمت 7 | Serial Lahzeye Gorgo Mish - Part 7,https://www.youtube.com/watch?v=Ru9IK4MZT-I
نسخه اصلی سریال لحظه گرگ و میش - قسمت 29 | Serial Lahzeye Gorgo Mish - Part 29,https://www.youtube.com/watch?v=UDVesoornXs
نسخه اصلی سریال لحظه گرگ و میش - قسمت 35 | Serial Lahzeye Gorgo Mish - Part 35,https://www.youtube.com/watch?v=UhZ12xqYh9Y
نسخه اصلی سریال لحظه گرگ و میش - قسمت 19 | Serial Lahzeye Gorgo Mish - Part 19,https://www.youtube.com/watch?v=X6Hi2oUNEDA
نسخه اصلی سریال لحظه گرگ و میش - قسمت 39 | Serial Lahzeye Gorgo Mish - Part 39,https://www.youtube.com/watch?v=ZUpzRXSPZBM
نسخه اصلی سریال لحظه گرگ و میش - قسمت 38 | Serial Lahzeye Gorgo Mish - Part 38,https://www.youtube.com/watch?v=_FKotQLTPQY
نسخه اصلی سریال لحظه گرگ و میش - قسمت 42 | Serial Lahzeye Gorgo Mish - Part 42,https://www.youtube.com/watch?v=anhNQr_lC-g
نسخه اصلی سریال لحظه گرگ و میش - قسمت 36 | Serial Lahzeye Gorgo Mish - Part 36,https://www.youtube.com/watch?v=cgfwZ5sykig
نسخه اصلی سریال لحظه گرگ و میش - قسمت 5 | Serial Lahzeye Gorgo Mish - Part 5,https://www.youtube.com/watch?v=dauERRCT4HI
نسخه اصلی سریال لحظه گرگ و میش - قسمت 32 | Serial Lahzeye Gorgo Mish - Part 32,https://www.youtube.com/watch?v=l_HHgYqqGtA
نسخه اصلی سریال لحظه گرگ و میش - قسمت 40 | Serial Lahzeye Gorgo Mish - Part 40,https://www.youtube.com/watch?v=mYdXDCuYeN4
نسخه اصلی سریال لحظه گرگ و میش - قسمت 45 | Serial Lahzeye Gorgo Mish - Part 45,https://www.youtube.com/watch?v=0ySlHDdn01E
نسخه اصلی سریال لحظه گرگ و میش - قسمت 46 | Serial Lahzeye Gorgo Mish - Part 46,https://www.youtube.com/watch?v=4BJ-_CY2gHU
نسخه اصلی سریال لحظه گرگ و میش - قسمت 43 | Serial Lahzeye Gorgo Mish - Part 43,https://www.youtube.com/watch?v=Qtq2KVkI56k
نسخه اصلی سریال لحظه گرگ و میش - قسمت 24 | Serial Lahzeye Gorgo Mish - Part 24,https://www.youtube.com/watch?v=CrwXK8YzLi0
نسخه اصلی سریال لحظه گرگ و میش - قسمت 23 | Serial Lahzeye Gorgo Mish - Part 23,https://www.youtube.com/watch?v=o_AKopaNDng
نسخه اصلی سریال لحظه گرگ و میش - قسمت 26 | Serial Lahzeye Gorgo Mish - Part 26,https://www.youtube.com/watch?v=6RXI6qmka2I
نسخه اصلی سریال لحظه گرگ و میش - قسمت 10 | Serial Lahzeye Gorgo Mish - Part 10,https://www.youtube.com/watch?v=GkHtZXfbEHY
نسخه اصلی سریال لحظه گرگ و میش - قسمت 20 | Serial Lahzeye Gorgo Mish - Part 20,https://www.youtube.com/watch?v=M3NSstjbJ48
نسخه اصلی سریال لحظه گرگ و میش - قسمت 3 | Serial Lahzeye Gorgo Mish - Part 3,https://www.youtube.com/watch?v=SPGsTD1BiQU
نسخه اصلی سریال لحظه گرگ و میش - قسمت 28 | Serial Lahzeye Gorgo Mish - Part 28,https://www.youtube.com/watch?v=Z82bUkPqJ0w
نسخه اصلی سریال لحظه گرگ و میش - قسمت 18 | Serial Lahzeye Gorgo Mish - Part 18,https://www.youtube.com/watch?v=_gcS-XnJbno
نسخه اصلی سریال لحظه گرگ و میش - قسمت 44 | Serial Lahzeye Gorgo Mish - Part 44,https://www.youtube.com/watch?v=a1yHYtU_ISQ
نسخه اصلی سریال لحظه گرگ و میش - قسمت 12 | Serial Lahzeye Gorgo Mish - Part 12,https://www.youtube.com/watch?v=aUIdj8Js0mw
نسخه اصلی سریال لحظه گرگ و میش - قسمت 11 | Serial Lahzeye Gorgo Mish - Part 11,https://www.youtube.com/watch?v=bUAp7AAFrc0
نسخه اصلی سریال لحظه گرگ و میش - قسمت 2 | Serial Lahzeye Gorgo Mish - Part 2,https://www.youtube.com/watch?v=eIvqI8x_kJw
نسخه اصلی سریال لحظه گرگ و میش - قسمت 9 | Serial Lahzeye Gorgo Mish - Part 9,https://www.youtube.com/watch?v=gMIMR_4F6k4
Serial Lahzeye Gorgo Mish - Part 6 | نسخه اصلی سریال لحظه گرگ و میش - قسمت 6,https://www.youtube.com/watch?v=gpsKxWBiYaE
نسخه اصلی سریال لحظه گرگ و میش - قسمت 16 | Serial Lahzeye Gorgo Mish - Part 16,https://www.youtube.com/watch?v=kHiHZwz2oQE
نسخه اصلی سریال لحظه گرگ و میش - قسمت 25 | Serial Lahzeye Gorgo Mish - Part 25,https://www.youtube.com/watch?v=nRQluFyrtlk
نسخه اصلی سریال لحظه گرگ و میش - قسمت 8 | Serial Lahzeye Gorgo Mish - Part 8,https://www.youtube.com/watch?v=oHVo8sADB2o
نسخه اصلی سریال لحظه گرگ و میش - قسمت 47 | Serial Lahzeye Gorgo Mish - Part 47,https://www.youtube.com/watch?v=ptXwdMW_W-0
نسخه اصلی سریال لحظه گرگ و میش - قسمت 14 | Serial Lahzeye Gorgo Mish - Part 14,https://www.youtube.com/watch?v=u1-7dAMs-Qo
نسخه اصلی سریال لحظه گرگ و میش - قسمت 34 | Serial Lahzeye Gorgo Mish - Part 34,https://www.youtube.com/watch?v=w9IcGJo7hts
نسخه اصلی سریال لحظه گرگ و میش - قسمت 15 | Serial Lahzeye Gorgo Mish - Part 15,https://www.youtube.com/watch?v=xisubFobZbg
نسخه اصلی سریال لحظه گرگ و میش - قسمت 4 | Serial Lahzeye Gorgo Mish - Part 4,https://www.youtube.com/watch?v=yMqqsjzZT20
نسخه اصلی سریال لحظه گرگ و میش - قسمت 13 | Serial Lahzeye Gorgo Mish - Part 13,https://www.youtube.com/watch?v=zdAMomngoKQ
نسخه اصلی سریال لحظه گرگ و میش - قسمت 21 | Serial Lahzeye Gorgo Mish - Part 21,https://www.youtube.com/watch?v=-0f79iJ5wnE
نسخه اصلی سریال لحظه گرگ و میش - قسمت 1 | Serial Lahzeye Gorgo Mish - Part 1,https://www.youtube.com/watch?v=AyDGmW78LEs
نسخه اصلی سریال لحظه گرگ و میش - قسمت 22 | Serial Lahzeye Gorgo Mish - Part 22,https://www.youtube.com/watch?v=fokcWiTOvUM
نسخه اصلی سریال لحظه گرگ و میش - قسمت 27 | Serial Lahzeye Gorgo Mish - Part 27,https://www.youtube.com/watch?v=h-VZfPRLCz8
نسخه اصلی سریال لحظه گرگ و میش - قسمت 17 | Serial Lahzeye Gorgo Mish - Part 17,https://www.youtube.com/watch?v=ybt1mbML6jw
نسخه اصلی سریال بانوی عمارت - قسمت 20 | Serial Banooye Emarat - Part 20,https://www.youtube.com/watch?v=fKnFQFv9t9A
نسخه اصلی سریال بانوی عمارت - قسمت 34 | Serial Banooye Emarat - Part 34,https://www.youtube.com/watch?v=-E5N6jfk4vQ
نسخه اصلی سریال بانوی عمارت - قسمت 25 | Serial Banooye Emarat - Part 25,https://www.youtube.com/watch?v=2KUoefFTJDo
نسخه اصلی سریال بانوی عمارت - قسمت 28 | Serial Banooye Emarat - Part 28,https://www.youtube.com/watch?v=Caq3_HUbmMc
نسخه اصلی سریال بانوی عمارت - قسمت 29 | Serial Banooye Emarat - Part 29,https://www.youtube.com/watch?v=EJGq4FO6fHM
نسخه اصلی سریال بانوی عمارت - قسمت 21 | Serial Banooye Emarat - Part 21,https://www.youtube.com/watch?v=XuUyh0eGeqI
نسخه اصلی سریال بانوی عمارت - قسمت 31 | Serial Banooye Emarat - Part 31,https://www.youtube.com/watch?v=4JY2Mhno7hg
نسخه اصلی سریال بانوی عمارت - قسمت 32 | Serial Banooye Emarat - Part 32,https://www.youtube.com/watch?v=FSZsxdy5cTI
نسخه اصلی سریال بانوی عمارت - قسمت 33 | Serial Banooye Emarat - Part 33,https://www.youtube.com/watch?v=JxksP0RXv54
نسخه اصلی سریال بانوی عمارت - قسمت 27 | Serial Banooye Emarat - Part 27,https://www.youtube.com/watch?v=VwudqDv4tnM
نسخه اصلی سریال بانوی عمارت - قسمت 24 | Serial Banooye Emarat - Part 24,https://www.youtube.com/watch?v=ZkNiOYo-bhc
نسخه اصلی سریال بانوی عمارت - قسمت 23 | Serial Banooye Emarat - Part 23,https://www.youtube.com/watch?v=dUchVqoncPA
نسخه اصلی سریال بانوی عمارت - قسمت 22 | Serial Banooye Emarat - Part 22,https://www.youtube.com/watch?v=h1674e9eRls
نسخه اصلی سریال بانوی عمارت - قسمت 26 | Serial Banooye Emarat - Part 26,https://www.youtube.com/watch?v=l6QcOimKGMo
نسخه اصلی سریال بانوی عمارت - قسمت 30 | Serial Banooye Emarat - Part 30,https://www.youtube.com/watch?v=mVZ8Edc9UeU
نسخه اصلی سریال لحظه گرگ و میش - قسمت 50 | Serial Lahzeye Gorgo Mish - Part 50,https://www.youtube.com/watch?v=kLk03i0LFR8
نسخه اصلی سریال لحظه گرگ و میش - قسمت 49 | Serial Lahzeye Gorgo Mish - Part 49,https://www.youtube.com/watch?v=QEznTceJwRY
نسخه اصلی سریال لحظه گرگ و میش - قسمت 48 | Serial Lahzeye Gorgo Mish - Part 48,https://www.youtube.com/watch?v=TtIwwsBT8_U
نسخه اصلی سریال بانوی عمارت - قسمت 14 | Serial Banooye Emarat - Part 14,https://www.youtube.com/watch?v=1zuPLkr3NOk
نسخه اصلی سریال بانوی عمارت - قسمت 10 | Serial Banooye Emarat - Part 10,https://www.youtube.com/watch?v=Ap7N8wwpldU
نسخه اصلی سریال بانوی عمارت - قسمت 4 | Serial Banooye Emarat - Part 4,https://www.youtube.com/watch?v=lYR8DXMLrvg
نسخه اصلی سریال بانوی عمارت - قسمت 7 | Serial Banooye Emarat - Part 7,https://www.youtube.com/watch?v=qwxIqjnNfHc
نسخه اصلی سریال بانوی عمارت - قسمت 6 | Serial Banooye Emarat - Part 6,https://www.youtube.com/watch?v=0uNmoNfjQms
نسخه اصلی سریال بانوی عمارت - قسمت 15 | Serial Banooye Emarat - Part 15,https://www.youtube.com/watch?v=5SPvngBiLiA
نسخه اصلی سریال بانوی عمارت - قسمت 3 | Serial Banooye Emarat - Part 3,https://www.youtube.com/watch?v=5TVN007YMSM
نسخه اصلی سریال بانوی عمارت - قسمت 12 | Serial Banooye Emarat - Part 12,https://www.youtube.com/watch?v=9FIayfFrgg4
نسخه اصلی سریال بانوی عمارت - قسمت 1 | Serial Banooye Emarat - Part 1,https://www.youtube.com/watch?v=9NoPZYrBiI8
نسخه اصلی سریال بانوی عمارت - قسمت 9 | Serial Banooye Emarat - Part 9,https://www.youtube.com/watch?v=DBie2538cNI
نسخه اصلی سریال بانوی عمارت - قسمت 13 | Serial Banooye Emarat - Part 13,https://www.youtube.com/watch?v=Pa-bp1lWTM0
نسخه اصلی سریال بانوی عمارت - قسمت 5 | Serial Banooye Emarat - Part 5,https://www.youtube.com/watch?v=WSjHyG6QISo
نسخه اصلی سریال بانوی عمارت - قسمت 2 | Serial Banooye Emarat - Part 2,https://www.youtube.com/watch?v=XLEfL62wiJA
نسخه اصلی سریال بانوی عمارت - قسمت 18 | Serial Banooye Emarat - Part 18,https://www.youtube.com/watch?v=Z92TgLdRaKw
نسخه اصلی سریال بانوی عمارت - قسمت 17 | Serial Banooye Emarat - Part 17,https://www.youtube.com/watch?v=idw2tu7bIWQ
نسخه اصلی سریال بانوی عمارت - قسمت 16 | Serial Banooye Emarat - Part 16,https://www.youtube.com/watch?v=kmpLbEokGH4
نسخه اصلی سریال بانوی عمارت - قسمت 19 | Serial Banooye Emarat - Part 19,https://www.youtube.com/watch?v=kqPc21zWEkk
نسخه اصلی سریال بانوی عمارت - قسمت 8 | Serial Banooye Emarat - Part 8,https://www.youtube.com/watch?v=qKnsDa2YfhI
نسخه اصلی سریال بانوی عمارت - قسمت 11 | Serial Banooye Emarat - Part 11,https://www.youtube.com/watch?v=yc5HNhm-tMY