title,url
سریال نوستالژی آینه عبرت (خواستگاری) - قسمت 3 - قسمت آخر | Serial Ayeneye Ebrat - Episode 3,https://www.youtube.com/watch?v=Bf0_pSfemL0
سریال نوستالژی آینه عبرت (خواستگاری) - قسمت 2 | Serial Ayeneye Ebrat - Episode 2,https://www.youtube.com/watch?v=d3RTfj4xA3Y
تمرین برای اجرا | فیلم متفاوت درباره شاهنامه و داستان سیاوش | Tamrin Baraye Ejra Full Movie,https://www.youtube.com/watch?v=GKXp9Cx7SU4
سریال نوستالژی آینه عبرت (خواستگاری) - قسمت 1 | Serial Ayeneye Ebrat - Episode 1,https://www.youtube.com/watch?v=i4PhIAkscRY
سریال نوستالژی آینه عبرت (برگریزان) - قسمت 18 - قسمت آخر | Serial Ayeneye Ebrat - Episode 18,https://www.youtube.com/watch?v=L-kHfOy4e9Y
نخل‌های سربی | جعفر دهقان در روایتی حماسی از روزهای آغاز جنگ | Nakhlhaye Sorbi - Full Movie,https://www.youtube.com/watch?v=6f0io83bWko
سریال نوستالژی آینه عبرت (برگریزان) - قسمت 17 | Serial Ayeneye Ebrat - Episode 17,https://www.youtube.com/watch?v=P_7iublboo4
سریال نوستالژی آینه عبرت (برگریزان) - قسمت 16 | Serial Ayeneye Ebrat - Episode 16,https://www.youtube.com/watch?v=PNxldbhdb24
سریال نوستالژی آینه عبرت (برگریزان) - قسمت 15 | Serial Ayeneye Ebrat - Episode 15,https://www.youtube.com/watch?v=qw72LqupA0o
تلفن همراه رئیس جمهور | فیلم توقیف شده با بازی اکبر عبدی، آتیلا پسیانی و مهدی هاشمی | Full HD,https://www.youtube.com/watch?v=I_L8Qjve724
سریال نوستالژی آینه عبرت (برگریزان) - قسمت 14 | Serial Ayeneye Ebrat - Episode 14,https://www.youtube.com/watch?v=7eF5KMhaNNE
سریال نوستالژی آینه عبرت (برگریزان) - قسمت 13 | Serial Ayeneye Ebrat - Episode 13,https://www.youtube.com/watch?v=q3Q-8gEA2cY
فیلم سینمایی لارو | اکشن پلیسی ایرانی با داستانی پرهیجان و واقعی | Larv Full Movie,https://www.youtube.com/watch?v=uExk3G-ItNs
سریال نوستالژی آینه عبرت (برگریزان) - قسمت 12 | Serial Ayeneye Ebrat - Episode 12,https://www.youtube.com/watch?v=JWnnEK9KSks
ناتمام | فیلم پلیسی معمایی بر اساس یک ماجرای واقعی | Na Tamam - Full Movie,https://www.youtube.com/watch?v=eQimWA1_Hoo
سریال نوستالژی آینه عبرت (برگریزان) - قسمت 11 | Serial Ayeneye Ebrat - Episode 11,https://www.youtube.com/watch?v=dOfk-7vKFHE
خط آتش | مأموریت مرگبار تکاوران ایرانی در خاک عراق | فیلم جنگی | Khate Atash - Full Movie,https://www.youtube.com/watch?v=IwLGPXkS2v0
سریال نوستالژی آینه عبرت (برگریزان) - قسمت 10 | Serial Ayeneye Ebrat - Episode 10,https://www.youtube.com/watch?v=H33rUVJyF3k
سریال نوستالژی آینه عبرت (برگریزان) - قسمت 9 | Serial Ayeneye Ebrat - Episode 9,https://www.youtube.com/watch?v=i0myF8LqNiQ
سریال نوستالژی آینه عبرت (برگریزان) - قسمت 8 | Serial Ayeneye Ebrat - Episode 8,https://www.youtube.com/watch?v=LMTKQH8iiKM
پاتک | فیلم اکشن جنگی با داستانی پر از هیجان | مأموریت انفجار پل الخلیل | Patak Full Movie,https://www.youtube.com/watch?v=T4gukpIAZ_o
سریال نوستالژی آینه عبرت (برگریزان) - قسمت 7 | Serial Ayeneye Ebrat - Episode 7,https://www.youtube.com/watch?v=hIm-MqA9VOw
نخودی | فیلمی سرگرم‌کننده با بازی صابر ابر، رعنا آزادی‌ور، علیرضا خمسه | Nokhodi - Full Movie,https://www.youtube.com/watch?v=gmLl5DA3kHo
سریال نوستالژی آینه عبرت (برگریزان) - قسمت 6 | Serial Ayeneye Ebrat - Episode 6,https://www.youtube.com/watch?v=m5K0j3Y-V70
ایکس ری | فیلم پلیسی هیجان‌انگیز بر اساس یک داستان واقعی | X-Ray - Full Movie,https://www.youtube.com/watch?v=GMH94ofpBus
سریال نوستالژی آینه عبرت (برگریزان) - قسمت 5 | Serial Ayeneye Ebrat - Episode 5,https://www.youtube.com/watch?v=bYS16g68VmI
سریال نوستالژی آینه عبرت (برگریزان) - قسمت 4 | Serial Ayeneye Ebrat - Episode 4,https://www.youtube.com/watch?v=Z2e__XSmC-Q
مستطیل قرمز | فیلم برنده جشنواره میلان بر اساس یک داستان واقعی | Mostatile Ghermez Movie (EN SUB),https://www.youtube.com/watch?v=F4h4RQt_-fA
سریال نوستالژی آینه عبرت (برگریزان) - قسمت 3 | Serial Ayeneye Ebrat - Episode 3,https://www.youtube.com/watch?v=usuezt0g0v0
سریال نوستالژی آینه عبرت (برگریزان) - قسمت 2 | Serial Ayeneye Ebrat - Episode 2,https://www.youtube.com/watch?v=kbWz5k1ZejA
سریال نوستالژی آینه عبرت (برگریزان) - قسمت 1 | Serial Ayeneye Ebrat - Episode 1,https://www.youtube.com/watch?v=Ev3z8e4ffAs
شوق هنگام | فیلم ایرانی از زندگی مردم جنوب کشور | Shoghe Hengam Full Movie,https://www.youtube.com/watch?v=h3nEKKPRlO8
سریال ماجراهای خانه شماره 13 - سوء ظن (قسمت 6) - قسمت آخر | Serial Majarahaye Khane Shomare 13,https://www.youtube.com/watch?v=XRUyIIueSwg
"نیما شعبان‌نژاد، مهدی هاشمی و شکیب شجره در فیلم جنایی معمایی ""سایه باز"" | Saye Baz Full HD",https://www.youtube.com/watch?v=PXAdvw6zbX4
سریال ماجراهای خانه شماره 13 - سوء ظن (قسمت 5) | Serial Majarahaye Khane Shomare 13,https://www.youtube.com/watch?v=NkabKUEhxI4
فیلم راز خنجر | آتیلا پسیانی و مجید مظفری در یک درام رازآلود و تاریخی | Raze Khanjar Full Movie,https://www.youtube.com/watch?v=9njVZtWMX6A
سریال ماجراهای خانه شماره 13 - سوء ظن (قسمت 4) | Serial Majarahaye Khane Shomare 13,https://www.youtube.com/watch?v=DXZKpfJBV20
سریال ماجراهای خانه شماره 13 - سوء ظن (قسمت 3) | Serial Majarahaye Khane Shomare 13,https://www.youtube.com/watch?v=y-eKLtcy-tU
بازگشت قهرمان | فیلمی ماندگار با بازی حسین خانی‌بیک و مهری ودادیان | Bazgashte Ghahreman Full Movie,https://www.youtube.com/watch?v=kxF2JmJgEMA
سریال ماجراهای خانه شماره 13 - سوء ظن (قسمت 2) | Serial Majarahaye Khane Shomare 13,https://www.youtube.com/watch?v=3JGG4gqJRtg
سریال ماجراهای خانه شماره 13 - سوء ظن (قسمت 1) | Serial Majarahaye Khane Shomare 13,https://www.youtube.com/watch?v=rcH8tlscOtE
سریال ماجراهای خانه شماره 13 - چرا تنها بمانم (قسمت 6) | Serial Majarahaye Khane Shomare 13,https://www.youtube.com/watch?v=E6XspD64uhE
آقای بخشدار | مهدی هاشمی و محمدعلی کشاورز در درامی ماندگار | Aghaye Bakhshdar - Full movie,https://www.youtube.com/watch?v=lfAYUlUGXjg
سریال ماجراهای خانه شماره 13 - چرا تنها بمانم (قسمت 5) | Serial Majarahaye Khane Shomare 13,https://www.youtube.com/watch?v=VfuCbC813j8
سریال ماجراهای خانه شماره 13 - چرا تنها بمانم (قسمت 4) | Serial Majarahaye Khane Shomare 13,https://www.youtube.com/watch?v=nMBu8wrLYqg
سیرک بزرگ | کمدی ماندگار با حضور ستارگان محبوب سینمای ایران | Circe Bozorg Full Movie,https://www.youtube.com/watch?v=4_EY68vlisc
سریال ماجراهای خانه شماره 13 - چرا تنها بمانم (قسمت 3) | Serial Majarahaye Khane Shomare 13,https://www.youtube.com/watch?v=DEMcD6VBK5A
سریال ماجراهای خانه شماره 13 - چرا تنها بمانم (قسمت 2) | Serial Majarahaye Khane Shomare 13,https://www.youtube.com/watch?v=kBGTFkQey8w
حکایت آن مرد خوشبخت | کمدی اجتماعی متفاوت جذاب با حضور ستاره‌های سینمای ایران | Full Movie,https://www.youtube.com/watch?v=79TJ5HObzoY
سریال ماجراهای خانه شماره 13 - چرا تنها بمانم (قسمت 1) | Serial Majarahaye Khane Shomare 13,https://www.youtube.com/watch?v=0rV9YVAvgzY
سریال ماجراهای خانه شماره 13 - آقای دکتر (قسمت 6) | Serial Majarahaye Khane Shomare 13,https://www.youtube.com/watch?v=QWf4CfGGe3U
سریال ماجراهای خانه شماره 13 - آقای دکتر (قسمت 5) | Serial Majarahaye Khane Shomare 13,https://www.youtube.com/watch?v=Klmzt8vNGck
چمدان | عزت‌الله انتظامی و امین تارخ در کمدی خاطره‌انگیز ایرانی | Chamedan - Full Movie,https://www.youtube.com/watch?v=e6yJUkIOak4
سریال ماجراهای خانه شماره 13 - آقای دکتر (قسمت 4) | Serial Majarahaye Khane Shomare 13,https://www.youtube.com/watch?v=RXlW6H2JYaA
سریال ماجراهای خانه شماره 13 - آقای دکتر (قسمت 3) | Serial Majarahaye Khane Shomare 13,https://www.youtube.com/watch?v=tA9FngK7E-w
فیلم یورش | اکشن جنگی نفس‌گیر با بازی جمشید هاشم‌پور | Youresh Full Movie,https://www.youtube.com/watch?v=Sw1SmdrZmCk
سریال ماجراهای خانه شماره 13 - آقای دکتر (قسمت 2) | Serial Majarahaye Khane Shomare 13,https://www.youtube.com/watch?v=xPl-YVbBMic
سریال ماجراهای خانه شماره 13 - آقای دکتر (قسمت 1) | Serial Majarahaye Khane Shomare 13,https://www.youtube.com/watch?v=mMf-FFgfLdo
"فیلم اکشن هیجان‌انگیز ""الف امنیت"" | فیلمی که از لحظه اول میخکوبت می‌کنه! | Full HD",https://www.youtube.com/watch?v=il5AkC5iWGo
سریال ماجراهای خانه شماره 13 - وصال (قسمت 6) | Serial Majarahaye Khane Shomare 13,https://www.youtube.com/watch?v=zCgHeQytyvg
سریال ماجراهای خانه شماره 13 - وصال (قسمت 5) | Serial Majarahaye Khane Shomare 13,https://www.youtube.com/watch?v=BXimCESM2A0
سریال ماجراهای خانه شماره 13 - وصال (قسمت 4) | Serial Majarahaye Khane Shomare 13,https://www.youtube.com/watch?v=uwNJiZ2QaaY
عملیات خرچنگ | اکشن جاسوسی با بازی پوریا پورسرخ و هانیه توسلی | Amaliate Kharchang Full Movie,https://www.youtube.com/watch?v=ixBNUjInfwo
سریال ماجراهای خانه شماره 13 - وصال (قسمت 3) | Serial Majarahaye Khane Shomare 13,https://www.youtube.com/watch?v=pBnQmwgFY8o
سریال ماجراهای خانه شماره 13 - وصال (قسمت 2) | Serial Majarahaye Khane Shomare 13,https://www.youtube.com/watch?v=_1MLx4J94lY
موشک کاغذی | فیلم برنده جوایز جهانی و جشنواره فجر | فیلم کامل | Mooshake Kaghazi,https://www.youtube.com/watch?v=pyLxklMoiOI
سریال ماجراهای خانه شماره 13 - وصال (قسمت 1) | Serial Majarahaye Khane Shomare 13,https://www.youtube.com/watch?v=A7AkB6iIXNE
سریال ماجراهای خانه شماره 13 - ماجرای میهمان ناخوانده (قسمت 6) | Serial Majarahaye Khane Shomare 13,https://www.youtube.com/watch?v=hYm4hdH5yKc
فیلم اکشن و پلیسی «محموله» | فقط 2 ساعت تا فاجعه! | Mahmooleh - Full Movie,https://www.youtube.com/watch?v=nhrVUfWpRDI
سریال ماجراهای خانه شماره 13 - ماجرای میهمان ناخوانده (قسمت 5) | Serial Majarahaye Khane Shomare 13,https://www.youtube.com/watch?v=PYuf9VZeBpk
سریال ماجراهای خانه شماره 13 - ماجرای میهمان ناخوانده (قسمت 4) | Serial Majarahaye Khane Shomare 13,https://www.youtube.com/watch?v=cK9_VFOSC8c
سریال ماجراهای خانه شماره 13 - ماجرای میهمان ناخوانده (قسمت 3) | Serial Majarahaye Khane Shomare 13,https://www.youtube.com/watch?v=csunCrCzS2A
فیلم سینمایی پرواز بادبادک‌ها | داستانی انسانی درباره کودکان و رویاها | Parvaze Badbadakha,https://www.youtube.com/watch?v=66PlhNFUYx4
سریال ماجراهای خانه شماره 13 - ماجرای میهمان ناخوانده (قسمت 2) | Serial Majarahaye Khane Shomare 13,https://www.youtube.com/watch?v=2YFFXiRMcK8
سریال ماجراهای خانه شماره 13 - ماجرای میهمان ناخوانده (قسمت 1) | Serial Majarahaye Khane Shomare 13,https://www.youtube.com/watch?v=6A3F1KK5nnI
بهار نارنج | با بازی گلاره عباسی و سینا مهراد | فیلم ایرانی | Bahar Narenj - Full Movie,https://www.youtube.com/watch?v=z76v5zTMxPk
سریال ماجراهای خانه شماره 13 - ماجرای پسرعمو دخترعمو (قسمت 6) | Serial Majarahaye Khane Shomare 13,https://www.youtube.com/watch?v=l2F-zKVVM1s
سریال ماجراهای خانه شماره 13 - ماجرای پسرعمو دخترعمو (قسمت 5) | Serial Majarahaye Khane Shomare 13,https://www.youtube.com/watch?v=z0uUEWODNLo
فیلم جدید معمایی «سه شنبه شب» | آشا محرابی، بهزاد فراهانی، ایمان صفا، رز رضوی | Seshanbe Shab,https://www.youtube.com/watch?v=CquEuuCAYJM
سریال ماجراهای خانه شماره 13 - ماجرای پسرعمو دخترعمو (قسمت 4) | Serial Majarahaye Khane Shomare 13,https://www.youtube.com/watch?v=UUz4o9FJUvM
سریال ماجراهای خانه شماره 13 - ماجرای پسرعمو دخترعمو (قسمت 3) | Serial Majarahaye Khane Shomare 13,https://www.youtube.com/watch?v=6fohYfw3ieU
سریال ماجراهای خانه شماره 13 - ماجرای پسرعمو دخترعمو (قسمت 2) | Serial Majarahaye Khane Shomare 13,https://www.youtube.com/watch?v=3j9dYENf54w
چشم سوم | فیلم اکشن پلیسی با داستانی پرهیجان و معمایی | Cheshme Sevom - Full Movie,https://www.youtube.com/watch?v=nNo7xHtZNwM
سریال ماجراهای خانه شماره 13 - ماجرای پسرعمو دخترعمو (قسمت 1) | Serial Majarahaye Khane Shomare 13,https://www.youtube.com/watch?v=U4tvsWAetAk
سریال ماجراهای خانه شماره 13 - ماجرای خرافات (قسمت 6) | Serial Majarahaye Khane Shomare 13,https://www.youtube.com/watch?v=FlBBMuJNhRc
قصه داوود و قمری | هومن سیدی در فیلمی متفاوت از آیدا پناهنده | Ghesse Davood va Ghomri Full Movie,https://www.youtube.com/watch?v=pdD61SiR79k
سریال ماجراهای خانه شماره 13 - ماجرای خرافات (قسمت 5) | Serial Majarahaye Khane Shomare 13,https://www.youtube.com/watch?v=V7ZPLsgCPnI
سریال ماجراهای خانه شماره 13 - ماجرای خرافات (قسمت 4) | Serial Majarahaye Khane Shomare 13,https://www.youtube.com/watch?v=riukcnTxtyo
لژیون | درامی رازآلود و جنایی با بازی ستارگان سینمای ایران | فیلم کامل | Legion Full HD,https://www.youtube.com/watch?v=wBM8ueEPFjQ
سریال ماجراهای خانه شماره 13 - ماجرای خرافات (قسمت 3) | Serial Majarahaye Khane Shomare 13,https://www.youtube.com/watch?v=qEdimPi1UVk
سریال ماجراهای خانه شماره 13 - ماجرای خرافات (قسمت 2) | Serial Majarahaye Khane Shomare 13,https://www.youtube.com/watch?v=qs94qV5Hji4
سریال ماجراهای خانه شماره 13 - ماجرای خرافات (قسمت 1) | Serial Majarahaye Khane Shomare 13,https://www.youtube.com/watch?v=pFnhTLlujnY
فیلم سینمایی دو | درامی خانوادگی با بازیگران مطرح | پرویز پرستویی، صابر ابر، مهرانه مهین‌ترابی,https://www.youtube.com/watch?v=xa_H84CmEXc
سریال مهاجران - قسمت 21 (قسمت آخر) | Serial Mohajeran - Part 21,https://www.youtube.com/watch?v=CRPw4DgNn58
سریال مهاجران - قسمت 20 | Serial Mohajeran - Part 20,https://www.youtube.com/watch?v=eTmC7rRgxHk
فیلم سینمایی نفوذ | اکشن و معمایی | نبرد نفس‌گیر نیروهای پلیس با یک خرابکار حرفه‌ای | Nofouz,https://www.youtube.com/watch?v=YpkzutGAiWU
سریال مهاجران - قسمت 19 | Serial Mohajeran - Part 19,https://www.youtube.com/watch?v=D_h-4v6ns6I
سریال مهاجران - قسمت 18 | Serial Mohajeran - Part 18,https://www.youtube.com/watch?v=oCrOoRLdEhY
چنگیز وثوقی و پرویز پورحسینی در فیلم اکشن حرفه ای | Herfei,https://www.youtube.com/watch?v=J5I2P3MiI0M
سریال مهاجران - قسمت 17 | Serial Mohajeran - Part 17,https://www.youtube.com/watch?v=dVZ4cyXMp2E
سریال مهاجران - قسمت 16 | Serial Mohajeran - Part 16,https://www.youtube.com/watch?v=DJuvxg5E1jQ
سریال مهاجران - قسمت 15 | Serial Mohajeran - Part 15,https://www.youtube.com/watch?v=Ty8oWs3N-M4
فیلم آوای زندگی | درامی اجتماعی از علی شاه‌حاتمی | Avaye Zendegi - Full Movie,https://www.youtube.com/watch?v=9tTuOY3ei1A
سریال مهاجران - قسمت 14 | Serial Mohajeran - Part 14,https://www.youtube.com/watch?v=Yqhfv65xhpQ
سریال مهاجران - قسمت 13 | Serial Mohajeran - Part 13,https://www.youtube.com/watch?v=Qe0mLBrjNKQ
فیلم جدید رهام | عملیات سری در تنگه هرمز | Roham - Full Movie,https://www.youtube.com/watch?v=SapwaMNNjQw
سریال مهاجران - قسمت 12 | Serial Mohajeran - Part 12,https://www.youtube.com/watch?v=aaK8HsBO2bg
سریال مهاجران - قسمت 11 | Serial Mohajeran - Part 11,https://www.youtube.com/watch?v=tIElHJS2ews
شکوفه‌های سنگی | درامی انسانی و تاثیرگذار | Shekoufehaye Sangi - Full movie,https://www.youtube.com/watch?v=KoctqbYbNrU
سریال مهاجران - قسمت 10 | Serial Mohajeran - Part 10,https://www.youtube.com/watch?v=h_BwHi-XdyU
سریال مهاجران - قسمت 9 | Serial Mohajeran - Part 9,https://www.youtube.com/watch?v=tpPOUpXVdWM
سریال مهاجران - قسمت 8 | Serial Mohajeran - Part 8,https://www.youtube.com/watch?v=5q3HtAn47NE
سریال مهاجران - قسمت 7 | Serial Mohajeran - Part 7,https://www.youtube.com/watch?v=bP6pIhncLSc
سریال مهاجران - قسمت 6 | Serial Mohajeran - Part 6,https://www.youtube.com/watch?v=nAV4s-agTp8
فیلم دخترک کنار مرداب | شاهکار علی ژکان با حضور جمشید مشایخی، فردوس کاویانی و کمند امیرسلیمانی,https://www.youtube.com/watch?v=FxyWbkwhn4M
سریال مهاجران - قسمت 5 | Serial Mohajeran - Part 5,https://www.youtube.com/watch?v=aKjC3_1ESXE
سریال مهاجران - قسمت 4 | Serial Mohajeran - Part 4,https://www.youtube.com/watch?v=RGNOL597pDA
سریال مهاجران - قسمت 3 | Serial Mohajeran - Part 3,https://www.youtube.com/watch?v=pLHFX1P3TX0
سریال مهاجران - قسمت 2 | Serial Mohajeran - Part 2,https://www.youtube.com/watch?v=U2bSGENl7q4
سریال مهاجران - قسمت 1 | Serial Mohajeran - Part 1,https://www.youtube.com/watch?v=GmSQ4S56ZKE
فیلم بچه‌های پایین شهر | داستان واقعی از زندگی سخت در پایین شهر | Bachehaye Paeine Shahr Full Movie,https://www.youtube.com/watch?v=IVfPJDWxwcI
مستند زندگی سالم (قلب) | راز داشتن قلب سالم | Documentary - Zendegie Salem,https://www.youtube.com/watch?v=aXwAs5VBbuk
مستند زندگی سالم (کمر) | راز کمردرد و دیسک کمر | Documentary - Zendegie Salem,https://www.youtube.com/watch?v=PcU_Qa6v2Rk
فیلم فصل پنجم | با بازی رویا نونهالی – عروسی‌ای که به فاجعه ختم شد! | Fasle Panjom - Full Movie,https://www.youtube.com/watch?v=GjI6CFXAZ7w
افسانه بناسان، غول چراغ جادو (هزار و یک روز) | با حضور پرویز پرستویی | The Miracle of Bonasan,https://www.youtube.com/watch?v=0zchhHonKso
مستند یاقوت سیاه | روایت زندگی سعدی افشار، آخرین بازمانده سیاه‌بازی | Yaghoute Siah,https://www.youtube.com/watch?v=u4IXJ-3zIQw
سینمای خانگی | مستند جنجالی از پشت‌پرده شبکه نمایش خانگی | Cinemaye Khanegi - Documentary,https://www.youtube.com/watch?v=jTerlw__roY
فیلم خاک | اقتباسی از داستان راد سرلینگ | درامی متفاوت با فتحعلی اویسی | Khak - Full Movie,https://www.youtube.com/watch?v=T35QJNnDwvY
فیلم ماه‌پیشونی | قصه‌ای شیرین و خاطره‌انگیز از افسانه ایرانی | نسخه کامل | Mah Pishooni Full Movie,https://www.youtube.com/watch?v=3FXprXnTAmw
مستند گپ | روایتی بی‌پرده از اعتیاد، مهمانی‌های شبانه و سبک زندگی جوانان | Gap,https://www.youtube.com/watch?v=t5m5MHmX0NE
فرش ایرانی | روایت هنری قالی ایران از نگاه بزرگان سینما | Farshe Irani - Full Movie,https://www.youtube.com/watch?v=b1tGziPE0sk
فیلم سینمایی زمانی برای امیرعلی | Zamani Baraye Amirali - Full Movie,https://www.youtube.com/watch?v=Qy3mWtZLG0A
فیلم ماه و مهتاب | با بازی حامد کمیلی و مرضیه برومند | عاشقانه‌ای فلسفی | Mah o Mahtab - Full Movie,https://www.youtube.com/watch?v=JjkRQXdz484
نامزدی - فیلم کامل | درامی تلخ از عشق، اسارت و رسم‌های ناخواسته | Namzadi Full Movie,https://www.youtube.com/watch?v=w27IOwn25rA
فیلم جنجال در عروسی | کمدی خانوادگی با بازی علیرضا خمسه | Janjal Dar Aroosi Full Movie,https://www.youtube.com/watch?v=T7XD161scIA
آزمایشگاه | رامبد جوان و باران کوثری در یک کمدی عاشقانه متفاوت | Azmayeshgah Full Movie,https://www.youtube.com/watch?v=WU9TnDYkl38
لطفاً مزاحم نشوید | فیلم برنده سیمرغ فجر | Lotfan Mozahem Nashavid - Full Movie,https://www.youtube.com/watch?v=zwSNGmTwAtk
فیلم کوتاه سپیدگاه | داستانی تأثیرگذار از یک تماس ناشناس | Sepidgah - Short Movie,https://www.youtube.com/watch?v=zFeE4ccOQr4
فیلم ترسناک حریم | راز قت*ل‌های جنگل شمال فاش می‌شود! | Harim - Full Movie,https://www.youtube.com/watch?v=PALxAV9gBqg
شاعر زباله‌ها | نامزد جشنواره‌های جهانی | لیلا حاتمی و صابر ابر | Shaere Zobaleha - Full Movie,https://www.youtube.com/watch?v=xENeQm4Qi3o
فیلم شب یلدا | درخشان‌ترین نقش محمدرضا فروتن | برنده جایزه بهترین بازیگر | Shabe Yalda - Full Movie,https://www.youtube.com/watch?v=AxTkE-8gWzk
سریال کمدی نوستالژی 39 پله - قسمت 6 (قسمت آخر) | Serial 39 Pelle - Part 6,https://www.youtube.com/watch?v=KCyfW9OpcCM
فیلم حقیقت گمشده | با بازی حمید فرخ‌نژاد و احمد مهران‌فر | Haghighate Gomshodeh - Full Movie,https://www.youtube.com/watch?v=7J79zTJx1TI
سریال کمدی نوستالژی 39 پله - قسمت 5 | Serial 39 Pelle - Part 5,https://www.youtube.com/watch?v=iKWyax36Ny0
سریال کمدی نوستالژی 39 پله - قسمت 4 | Serial 39 Pelle - Part 4,https://www.youtube.com/watch?v=7eY9jDByIiQ
دو ساعت بعد مهرآباد | عاشقانه‌ای پس از سقوط هواپیما… | با بازی پژمان بازغی | Do Saat Bad Mehrabad,https://www.youtube.com/watch?v=s1p6i1fMJJE
سریال کمدی نوستالژی 39 پله - قسمت 3 | Serial 39 Pelle - Part 3,https://www.youtube.com/watch?v=g-FqmzFxjB4
سریال کمدی نوستالژی 39 پله - قسمت 2 | Serial 39 Pelle - Part 2,https://www.youtube.com/watch?v=pQx_YUyKqcY
سریال کمدی نوستالژی 39 پله - قسمت 1 | Serial 39 Pelle - Part 1,https://www.youtube.com/watch?v=jeHa9vnBQck
فیلم سینمایی گریز از شهر | تراژدی یک پزشک خسته | Goriz Az Shahr - Full Movie,https://www.youtube.com/watch?v=2UQ2iOyxPIw
فیلم محبوبه | نقش‌آفرینی ماندگار شهره لرستانی | Mahboubeh - Full Movie,https://www.youtube.com/watch?v=TX6TX04YGto
فیلم گراند سینما | طنز شیرین از تاریخ سینما | عزت‌الله انتظامی و مرتضی احمدی | Grand Cinema,https://www.youtube.com/watch?v=f4TLCVnoDp4
شاخ گاو | ماجراجویی هیجان‌انگیز کودکان در تهران | فیلم کیانوش عیاری | Shakhe Gav - Full Movie,https://www.youtube.com/watch?v=bRK2cMoFBE4
عشق من شهر من | درامی اجتماعی از جنگ با بازی علی نصیریان | Eshghe Man Shahre Man - Full Movie,https://www.youtube.com/watch?v=Tnt9eQ4ZDuw
فیلم گاوخونی | شاهکار هنری بهروز افخمی با بازی عزت‌الله انتظامی و بهرام رادان | Gavkhooni Full Movie,https://www.youtube.com/watch?v=9RZ4Ota6-aw
یاران - فیلم کامل | جمشید هاشم‌پور در یک اکشن انقلابی ماندگار | Yaran - Full Movie,https://www.youtube.com/watch?v=TfBtKzeVOWw
بزرگ خیلی بزرگ | فیلمی خاطره‌انگیز از سینمای دهه 70 | با درخشش داوود رشیدی | Bozorg Kheily Bozorg,https://www.youtube.com/watch?v=J_9wciPFaPg
دوران سربی | درام تلخ اجتماعی با بازی سیروس گرجستانی و مهرانه مهین‌ترابی | Dorane Sorbi - Full Movie,https://www.youtube.com/watch?v=upfp3PqFqqM
جشن ایرانی – فیلم سینمایی | با بازی اسماعیل محرابی و رامین راستاد | Jashne Irani - Full Movie,https://www.youtube.com/watch?v=oQke_uHXh90
فیلم سینمایی پسر زشت | روایتی متفاوت از عشق نوجوانی | Pesare Zesht - Full Movie,https://www.youtube.com/watch?v=A9syDLR6k0w
فیلم سینمایی کاکلی | داستانی انسانی و ماندگار از هوشنگ مرادی کرمانی | Kakoli Full Movie,https://www.youtube.com/watch?v=8iFZXgfcFBs
منا… بی‌برگشت! | روایت تکان‌دهنده فاجعه منا (مستند سینمایی) | Mena Bi Bargasht Documentary,https://www.youtube.com/watch?v=RGtMCzsOVJg
فیلم سینمایی باغ بهشت | اثر تحسین‌شده جشنواره فیلم کودک و نوجوان | Baghe Behesht Full Movie,https://www.youtube.com/watch?v=EalAG-Fjs50
فیلم توقیف‌شده مرگ یزدگرد | شاهکار گمشده بهرام بیضایی | با بازی سوسن تسلیمی، امین تارخ، مهدی هاشمی,https://www.youtube.com/watch?v=LaV7ekKCbJI
فیلم سینمایی فالگیر | کمدی اجتماعی با حضور محمود پاک‌نیت و آناهیتا همتی | Falgir Full Movie,https://www.youtube.com/watch?v=NfwHRYF7QN0
فیلم نامه‌ای به ناشر محترم | مهدی هاشمی، آزیتا حاجیان، سیاوش چراغی‌پور | Nameyi Be Nashere Mohtaram,https://www.youtube.com/watch?v=XdPLE6oJu14
جوجه‌تیغی‌ها | سعید آقاخانی، نسرین مقانلو و هومن برق‌نورد در یک فیلم کمدی | Juje Tighiha,https://www.youtube.com/watch?v=4wz-RlLS3zk
سریال طعم دیگر عشق - قسمت 2 | Serial Taame Digare Eshgh - Part 2,https://www.youtube.com/watch?v=-uskRcBxdAI
سریال طعم دیگر عشق - قسمت 1 | Serial Taame Digare Eshgh - Part 1,https://www.youtube.com/watch?v=oJiKAqcFWaU
فیلم سینمایی آشو - رویای سینما در دل پسرک چوپان | Asho - Full Movie,https://www.youtube.com/watch?v=cZki2HsNFyQ
سریال بازی های سرنوشت - قسمت 5 (قسمت آخر) | Serial Bazihaye Sarnevesht - Part 5,https://www.youtube.com/watch?v=eRtW346NJCs
سریال بازی های سرنوشت - قسمت 4 | Serial Bazihaye Sarnevesht - Part 4,https://www.youtube.com/watch?v=znC6Qq5g1iA
سریال بازی های سرنوشت - قسمت 3 | Serial Bazihaye Sarnevesht - Part 3,https://www.youtube.com/watch?v=jVSSRAm_iP8
فیلم سینمایی دست‌نوشته‌ها | تعقیب و خیانت در یک بازی مرگبار (فیلم کامل) | Dast Neveshteha,https://www.youtube.com/watch?v=N4y_q-_7j7U
سریال بازی های سرنوشت - قسمت 2 | Serial Bazihaye Sarnevesht - Part 2,https://www.youtube.com/watch?v=UeWEFB6c3dk
سریال بازی های سرنوشت - قسمت 1 | Serial Bazihaye Sarnevesht - Part 1,https://www.youtube.com/watch?v=_6HDtRLRWC0
فیلم کامل فانوس خیس | ملودرام اجتماعی ایرانی | Fanoose Khis Full movie,https://www.youtube.com/watch?v=fSNzkyTmLJE
سریال آدمکشها به جهنم میروند - قسمت 5 (قسمت آخر) | Serial Adamkoshha Be Jahanam Miravand - Part 5,https://www.youtube.com/watch?v=yDttQSVlcjA
سریال آدمکشها به جهنم میروند - قسمت 4 | Serial Adamkoshha Be Jahanam Miravand - Part 4,https://www.youtube.com/watch?v=uFS7gp8NLAI
فیلم کامل بلوط‌های تلخ | روایتی تکان‌دهنده از جنگ، آوارگی و عشق | Balouthaye Talkh Full Movie,https://www.youtube.com/watch?v=7V8jNsPHcAk
سریال آدمکشها به جهنم میروند - قسمت 3 | Serial Adamkoshha Be Jahanam Miravand - Part 3,https://www.youtube.com/watch?v=bonvi8ti2zQ
سریال آدمکشها به جهنم میروند - قسمت 2 | Serial Adamkoshha Be Jahanam Miravand - Part 2,https://www.youtube.com/watch?v=clIuBl91uEA
سریال آدمکشها به جهنم میروند - قسمت 1 | Serial Adamkoshha Be Jahanam Miravand - Part 1,https://www.youtube.com/watch?v=z37hSXB96bo
سریال رک و پوست کنده - قسمت 2 (قسمت آخر) | Serial Rok o Poust Kandeh - Part 2,https://www.youtube.com/watch?v=cuhWb2gzb28
سریال رک و پوست کنده - قسمت 1 | Serial Rok o Poust Kandeh - Part 1,https://www.youtube.com/watch?v=1Vl6nXIFEuE
سه مرد عامی | فیلم نوستالژی و ماندگار ایرانی با بازی مجید مظفری و صدرالدین حجازی | Se Marde Aami,https://www.youtube.com/watch?v=SZcPcM9ueF8
فیلم سینمایی هوای تازه | فیلم قدیمی، خاطره‌انگیز و خانوادگی دهه 60 | Havaye Tazeh - Full Movie,https://www.youtube.com/watch?v=GJqRU_bPkWQ
فیلم سینمایی همه یک ملت | حادثه‌ای پرتنش از زندان، جدایی و سال‌های گمشده | نسخه کامل HD,https://www.youtube.com/watch?v=sfaN1N-Pf2k
فیلم درسا | رابطه واقعی یک دختر با پیرمرد بازیگر قدیمی | با بازی شقایق فراهانی | Dorsa,https://www.youtube.com/watch?v=7KXRsborBI8
فیلم کامل شقایق | درام احساسی با بازی امین تارخ و مهشید افشارزاده | Shaghayegh Full Movie,https://www.youtube.com/watch?v=SnNkE_2usoM
فیلم سمفونی تاریک | روایت متفاوت از هنر و انسانیت | با بازی شقایق فراهانی | Symphony Tarik,https://www.youtube.com/watch?v=aEizY79yAgU
"فیلم سینمایی ""شناسایی"" | فیلمی معمایی و هیجان انگیز محصول سینمای ایران | Shenasayi - Full Movie",https://www.youtube.com/watch?v=3XxTaD1gKT8
فیلم تنگنا: درام جذاب با بازی پروانه معصومی و بیوک میرزایی - سرنوشت یک پسر نوجوان | Tangna,https://www.youtube.com/watch?v=VurlPenj5gE
‏رأی باز: در جستجوی انتقام - برنده تندیس چهره‌پردازی جشن خانه سینما - با بازی رضا کیانیان | Ray Baz,https://www.youtube.com/watch?v=NkHSkZJd460
"فیلم سینمایی ""قطع فوری"": آخرین اثر علی انصاریان در یک شب پر از عشق و لرزش! | Ghate Fori",https://www.youtube.com/watch?v=t4QrU6d_zL0
فردوس کاویانی و مهرانه مهین ترابی در فیلم سفر پرماجرا | Safare Por Majara,https://www.youtube.com/watch?v=ggbppdJaupY
علی نصیریان و اسماعیل سلطانیان در فیلم شعله های خشم | Sholehaye Khashm,https://www.youtube.com/watch?v=Zk__86aTotA
مهدی هاشمی و آتیلا پسیانی در فیلم هیجان انگیز دیپلمات | Diplomat,https://www.youtube.com/watch?v=pkplgYch0bg
رضا بهبودی و سودابه بیضایی در فیلم سینمایی جدید تعارض | Taaroz,https://www.youtube.com/watch?v=g_79K39Mog0
امیر آقایی در فیلم یک داستان کوتاه و چند داستان دیگر | Yek Dastan Kutah va Chand Dastan Digar,https://www.youtube.com/watch?v=yvx0TDO3J6s
باران کوثری و سهیل مستجابیان در فیلم احمد به تنهایی | Ahmad Be Tanhayi,https://www.youtube.com/watch?v=58w00ugGwxg
اینستا غلامش میکنم #shorts #ساخت_ایران,https://www.youtube.com/watch?v=PZH4b3QmbMc
رامتین خداپناهی و عاطفه نوری در فیلم کمدی کوچولوی خوش شانس | Kuchuluye Khosh Shans,https://www.youtube.com/watch?v=QpEaxoNBPM0
سریال نوستالژی آینه عبرت (ارثیه پدری) - قسمت 2 - قسمت آخر | Serial Ayeneye Ebrat - Episode 2,https://www.youtube.com/watch?v=Kw-g1_678CY
سریال نوستالژی آینه عبرت (ارثیه پدری) - قسمت 1 | Serial Ayeneye Ebrat - Episode 1,https://www.youtube.com/watch?v=VsC52waDDyw
سریال نوستالژی آینه عبرت (بچه سر راهی) - قسمت 2 - قسمت آخر | Serial Ayeneye Ebrat - Episode 2,https://www.youtube.com/watch?v=CeQvQldQfOI
سریال نوستالژی آینه عبرت (بچه سر راهی) - قسمت 1 | Serial Ayeneye Ebrat - Episode 1,https://www.youtube.com/watch?v=56D1C65N6wA
فیلم رو وار چینان - فیلم کوتاه | Film Ro Var Chinan - Short Movie,https://www.youtube.com/watch?v=UK5J00kICHA
فیلم پسرم مرده - فیلم کوتاه | Film Pesaram Morde - Short Movie,https://www.youtube.com/watch?v=l5LqEkIyU8s
فیلم هاله دیروز - فیلم کوتاه | Film Hale Diruz - Short Movie,https://www.youtube.com/watch?v=jh2cBsBGy_s
فیلم قاب خالی - فیلم کوتاه | Film Ghabe Khali - Short Movie,https://www.youtube.com/watch?v=sWIzGOBs8s0
سریال نوستالژی آینه عبرت (وسوسه شیطانی) - قسمت 4 - قسمت آخر | Serial Ayeneye Ebrat - Episode 4,https://www.youtube.com/watch?v=m5_Gh15gnVQ
سریال نوستالژی آینه عبرت (وسوسه شیطانی) - قسمت 3 | Serial Ayeneye Ebrat - Episode 3,https://www.youtube.com/watch?v=Qx2ZtYZ6M7c
سریال نوستالژی آینه عبرت (وسوسه شیطانی) - قسمت 2 | Serial Ayeneye Ebrat - Episode 2,https://www.youtube.com/watch?v=6jqw1uIL5e0
سریال نوستالژی آینه عبرت (وسوسه شیطانی) - قسمت 1 | Serial Ayeneye Ebrat - Episode 1,https://www.youtube.com/watch?v=2bvjfKbLmFM
فیلم سینمایی شب تردید - کامل | Film Shabe Tardid - Full Movie,https://www.youtube.com/watch?v=ZFYkluq1UuU
فیلم سینمایی راز نیاز با بازی سیروس میمنت و کاظم افرند‌نیا | Raze Niaz,https://www.youtube.com/watch?v=8TNK467mTAc
برنامه تاک شو شب خوش 2 - قسمت 37 با حضور کمال کامیابی نیا | Shab Khosh 2 - Part 37,https://www.youtube.com/watch?v=8f80PMh2f-Q
رامتین خداپناهی و شهرزاد عبدالمجید در فیلم درام خانوادگی سلام لیلی | Salam Leily,https://www.youtube.com/watch?v=lMxIh_spy_U
برنامه تاک شو شب خوش 2 - قسمت 36 با حضور امیرحسین صدیق | Shab Khosh 2 - Part 36,https://www.youtube.com/watch?v=0uZT-PFC6no
برنامه تاک شو شب خوش 2 - قسمت 35 با حضور امیرحسین مدرس | Shab Khosh 2 - Part 35,https://www.youtube.com/watch?v=kRFk2YbldN8
اردلان شجاع کاوه در فیلم درام خانوادگی مرداب تنهاست | Mordab Tanhast,https://www.youtube.com/watch?v=L4ftTFs63Pc
برنامه تاک شو شب خوش 2 - قسمت 34 با حضور محمدرضا شریفی نیا | Shab Khosh 2 - Part 34,https://www.youtube.com/watch?v=6DLbyuMczFk
فیلم سینمایی آخرین حرف - کامل | Film Akharin Harf - Full Movie,https://www.youtube.com/watch?v=COqLRF6tRg4
شهاب عباسی و ژیلا صادقی در فیلم کمدی آتش بس در بیمارستان | Atash Bas Dar Bimarestan,https://www.youtube.com/watch?v=MexjKEPXpuc
سریال نوستالژی آینه عبرت (افعی) - قسمت 5 - قسمت آخر | Serial Ayeneye Ebrat - Episode 5,https://www.youtube.com/watch?v=GbZfk2B3IR4
سریال نوستالژی آینه عبرت (افعی) - قسمت 4 | Serial Ayeneye Ebrat - Episode 4,https://www.youtube.com/watch?v=CbK5b39MzBc
سریال نوستالژی آینه عبرت (افعی) - قسمت 3 | Serial Ayeneye Ebrat - Episode 3,https://www.youtube.com/watch?v=H0P5rOluZis
سریال نوستالژی آینه عبرت (افعی) - قسمت 2 | Serial Ayeneye Ebrat - Episode 2,https://www.youtube.com/watch?v=1902en9vvBE
برنامه تاک شو شب خوش 2 - قسمت 33 با حضور علی صالحی | Shab Khosh 2 - Part 33,https://www.youtube.com/watch?v=Sr2_FJOSNtc
سریال نوستالژی آینه عبرت (افعی) - قسمت 1 | Serial Ayeneye Ebrat - Episode 1,https://www.youtube.com/watch?v=j-mADBZxoiM
برنامه تاک شو شب خوش 2 - قسمت 32 با حضور رضا شفیعی جم | Shab Khosh 2 - Part 32,https://www.youtube.com/watch?v=nKQZdl-kabo
تئاتر عروسی ننه غلامحسین | Theater Aroosie Nane Gholamhosein,https://www.youtube.com/watch?v=lD184CVNhqE
برنامه تاک شو شب خوش 2 - قسمت 31 با حضور مهرداد سلیمی | Shab Khosh 2 - Part 31,https://www.youtube.com/watch?v=hkUo5R4XtjU
فیلم سینمایی ردپا - کامل | Film Radepa - Full Movie,https://www.youtube.com/watch?v=4T1aZb5fPeE
تئاتر تب در مطب | Theater Tab Dar Matab,https://www.youtube.com/watch?v=ApD88_Xm2Tc
فیلم سینمایی فرماندار - کامل | Film Farmandar - Full Movie,https://www.youtube.com/watch?v=tKx6HdpzwKA
برنامه تاک شو شب خوش 2 - قسمت 30 با حضور هادی ساروی | Shab Khosh 2 - Part 30,https://www.youtube.com/watch?v=KZkcYqb86B4
تئاتر آخرش که چه | Theater Akharesh Ke Che,https://www.youtube.com/watch?v=EnUDbeY3YPk
شهلا ریاحی و مرتضی ضرابی در فیلم بی تو هرگز | Bi To Hargez,https://www.youtube.com/watch?v=d2jmdPOiOWE
برنامه تاک شو شب خوش 2 - قسمت 29 با حضور جواد قارایی | Shab Khosh 2 - Part 29,https://www.youtube.com/watch?v=egQFptDzGTo
برنامه تاک شو شب خوش 2 - قسمت 28 با حضور علیرضا اوسیوند | Shab Khosh 2 - Part 28,https://www.youtube.com/watch?v=xGxNirgVITo
برنامه تاک شو شب خوش 2 - قسمت 27 با حضور عیسی آل کثیر | Shab Khosh 2 - Part 27,https://www.youtube.com/watch?v=q485Q5fdnu8
برنامه تاک شو شب خوش 2 - قسمت 26 با حضور امیر کربلایی زاده | Shab Khosh 2 - Part 26,https://www.youtube.com/watch?v=vqp0aJsAEoE
برنامه تاک شو شب خوش 2 - قسمت 25 با حضور سیاوش چراغی پور | Shab Khosh 2 - Part 25,https://www.youtube.com/watch?v=dX_qL0_4HzI
برنامه تاک شو شب خوش 2 - قسمت 24 با حضور حامد حدادی | Shab Khosh 2 - Part 24,https://www.youtube.com/watch?v=AtDI9VRQQ7A
برنامه تاک شو شب خوش 2 - قسمت 23 با حضور محراب فاطمی | Shab Khosh 2 - Part 23,https://www.youtube.com/watch?v=f8VqkV9vnps
برنامه تاک شو شب خوش 2 - قسمت 22 با حضور رحمان عموزاد خلیلی | Shab Khosh 2 - Part 22,https://www.youtube.com/watch?v=8-qwPwluJGE
برنامه تاک شو شب خوش 2 - قسمت 21 با حضور حسین طیبی | Shab Khosh 2 - Part 21,https://www.youtube.com/watch?v=x5E6GYI8ZBw
برنامه تاک شو شب خوش 2 - قسمت 20 با حضور وحید شمسایی | Shab Khosh 2 - Part 20,https://www.youtube.com/watch?v=l5gtBdBuhBQ
برنامه تاک شو شب خوش 2 - قسمت 19 با حضور پوریا پورسرخ | Shab Khosh 2 - Part 19,https://www.youtube.com/watch?v=tqKi1HR2Fno
برنامه تاک شو شب خوش 2 - قسمت 18 با حضور پدرام کریمی | Shab Khosh 2 - Part 18,https://www.youtube.com/watch?v=R39rbdx9_O8
برنامه تاک شو شب خوش 2 - قسمت 17 با حضور امین زندگانی | Shab Khosh 2 - Part 17,https://www.youtube.com/watch?v=bcx5svGSxhk
برنامه تاک شو شب خوش 2 - قسمت 16 با حضور مهران برخورداری | Shab Khosh 2 - Part 16,https://www.youtube.com/watch?v=herY2TOLfpU
برنامه تاک شو شب خوش 2 - قسمت 15 با حضور دکتر سعید عزیزی | Shab Khosh 2 - Part 15,https://www.youtube.com/watch?v=hDwoVDqmO20
برنامه تاک شو شب خوش 2 - قسمت 14 با حضور مرتضی پورعلی گنجی | Shab Khosh 2 - Part 14,https://www.youtube.com/watch?v=nGB_-h1oFOw
برنامه تاک شو شب خوش 2 - قسمت 13 با حضور عبدالله روا | Shab Khosh 2 - Part 13,https://www.youtube.com/watch?v=_k_rCNpJF_M
برنامه تاک شو شب خوش 2 - قسمت 12 با حضور امیر تاجیک | Shab Khosh 2 - Part 12,https://www.youtube.com/watch?v=UXDn51eHlBE
سودابه بیضایی و امیرمحمد زند در فیلم سینمایی ری وار | Ri Var,https://www.youtube.com/watch?v=MO-uqDbV8vc
برنامه تاک شو شب خوش 2 - قسمت 11 با حضور مهدی صبایی | Shab Khosh 2 - Part 11,https://www.youtube.com/watch?v=TohuiesquNE
برنامه تاک شو شب خوش 2 - قسمت 10 با حضور رامین راستاد | Shab Khosh 2 - Part 10,https://www.youtube.com/watch?v=ePMKobqlIrk
کاظم افرندنیا و پرستو صالحی در فیلم گذرگاه مرزی | Gozargahe Marzi,https://www.youtube.com/watch?v=-2-G_QnGQDg
فیلم سینمایی سرگشته - کامل | Film Sargashteh - Full Movie,https://www.youtube.com/watch?v=obUpqELPZqg
برنامه تاک شو شب خوش 2 - قسمت 9 با حضور سالار عقیلی | Shab Khosh 2 - Part 9,https://www.youtube.com/watch?v=Xhmr7NKAYYQ
برنامه تاک شو شب خوش 2 - قسمت 8 با حضور محمدرضا احمدی | Shab Khosh 2 - Part 8,https://www.youtube.com/watch?v=5Zs4btJcrcQ
برنامه تاک شو شب خوش 2 - قسمت 7 با حضور امیرحسین رستمی | Shab Khosh 2 - Part 7,https://www.youtube.com/watch?v=5OKB34NmNHY
ثریا قاسمی در فیلم سینمایی خان خانم | Khan Khanom,https://www.youtube.com/watch?v=InOGzOeR5sw
برنامه تاک شو شب خوش 2 - قسمت 6 با حضور علی صادقی | Shab Khosh 2 - Part 6,https://www.youtube.com/watch?v=PEQ8lgu2Mxg
ساناز سماواتی و مینا نوروزی در فیلم سینمایی دختران جنگ | Dokhtarane Jang,https://www.youtube.com/watch?v=Wi4a26A-91M
آزیتا ترکاشوند و محمد حاتمی در فیلم سینمایی دا آنا مادر | Da Ana Madar,https://www.youtube.com/watch?v=3huF_n-DPDA
لیلا حاتمی و بهرام رادان در فیلم سینمایی حکم | Hokm,https://www.youtube.com/watch?v=r_ZE-eM3oow
برنامه تاک شو شب خوش 2 - قسمت 5 با حضور نیما کرمی | Shab Khosh 2 - Part 5,https://www.youtube.com/watch?v=fyzkb782XcU
برنامه تاک شو شب خوش 2 - قسمت 4 با حضور علیرضا یوسفی | Shab Khosh 2 - Part 4,https://www.youtube.com/watch?v=Xa2wyDGUx3k
برنامه تاک شو شب خوش 2 - قسمت 3 با حضور کامران قاسم پور | Shab Khosh 2 - Part 3,https://www.youtube.com/watch?v=j0XpbjuOHds
برنامه تاک شو شب خوش 2 - قسمت 2 با حضور پژمان بازغی | Shab Khosh 2 - Part 2,https://www.youtube.com/watch?v=d6ikFBM0qJM
برنامه تاک شو شب خوش 2 - قسمت 1 با حضور محمد لقمانیان | Shab Khosh 2 - Part 1,https://www.youtube.com/watch?v=9wv-a3p7c0c
مستند - بی آبی تهران | Documentary - Bi Abie Tehran,https://www.youtube.com/watch?v=khlJdbz2qmM
فیلم سینمایی گل یا پوچ - کامل | Film Gol Ya Pooch - Full Movie,https://www.youtube.com/watch?v=9sp_QhWddPk
فیلم کمدی اختاپوس - با بازی ثریا قاسمی و یوسف صیادی | Okhtapoos,https://www.youtube.com/watch?v=nTCb76nyKKg
فیلم سینمایی یک الف ناقابل با بازی شبنم قلی خانی | Yek Alef Naghabel,https://www.youtube.com/watch?v=nUjl049xvpU
گفتگوی ویژه با محمدرضا عرب تهیه کننده و کارگردان سینما | Interview,https://www.youtube.com/watch?v=aihm7Ft9b1c
سریال ویلای من - قسمت 24 | Serial Vilaye Man - Part 24,https://www.youtube.com/watch?v=KZODXsZbUiA
پرویز فلاحی پور و فرزانه نشاط خواه در تله تئاتر همسایه‌ها | Tele Theater Hamsayeha,https://www.youtube.com/watch?v=jThavv4mr4c
مستند - جنگ یا جنگولک ابریشمی | Documentary - Jang Ya Jangulak Abrishami,https://www.youtube.com/watch?v=hD8ePORyeVk
فیلم دوچرخه - فیلم کوتاه | Film Docharkheh - Short Movie,https://www.youtube.com/watch?v=xHTp3v7wvtg
فیلم برنده - فیلم کوتاه | Film Barandeh - Short Movie,https://www.youtube.com/watch?v=thaG-paZlCQ
فیلم سینمایی قلقلک - پشت صحنه | Film Ghelghelak - Backstage,https://www.youtube.com/watch?v=b3FRxAeKd_w
فیلم ماموریت غیرممکن - فیلم کوتاه | Film Mamouriate Gheyre Momken - Short Movie,https://www.youtube.com/watch?v=fRSFP-kYO1Q
فیلم رویا - فیلم کوتاه | Film Roya - Short Movie,https://www.youtube.com/watch?v=vONuK9FHYoo
فیلم پیچ تاریخی - فیلم کوتاه | Film Piche Tarikhi - Short Movie,https://www.youtube.com/watch?v=g_yzr28GEKg
فیلم آقای بابا - فیلم کوتاه | Film Aghaye Baba - Short Movie,https://www.youtube.com/watch?v=SGhPeAI0ivo
فیلم کیف - فیلم کوتاه | Film Kif - Short Movie,https://www.youtube.com/watch?v=_sVNTYkr-t8
فیلم زمان وصال - فیلم کوتاه | Film Zamane Vesal - Short Movie,https://www.youtube.com/watch?v=kSAlsI8DviU
فیلم مادرانه تر - فیلم کوتاه | Film Madaranehtar - Short Movie,https://www.youtube.com/watch?v=SXIPvg9lYEs
فیلم دختران نقاش - فیلم کوتاه | Film Dokhtarane Naghash - Short Movie,https://www.youtube.com/watch?v=ho3ofyFNOEE
سریال هندی عروس جاسوس (دوبله فارسی) - قسمت 71 - قسمت آخر | Serial Spy Bahu - Part 71,https://www.youtube.com/watch?v=2obxyu1-ll0
سریال هندی عروس جاسوس (دوبله فارسی) - قسمت 70 | Serial Spy Bahu - Part 70,https://www.youtube.com/watch?v=rWHpryKf9OI
سریال هندی عروس جاسوس (دوبله فارسی) - قسمت 69 | Serial Spy Bahu - Part 69,https://www.youtube.com/watch?v=TywN-L5tK40
سریال هندی عروس جاسوس (دوبله فارسی) - قسمت 68 | Serial Spy Bahu - Part 68,https://www.youtube.com/watch?v=eh9oh8nM3cg
سریال هندی عروس جاسوس (دوبله فارسی) - قسمت 67 | Serial Spy Bahu - Part 67,https://www.youtube.com/watch?v=gv-muOI36EU
سریال هندی عروس جاسوس (دوبله فارسی) - قسمت 66 | Serial Spy Bahu - Part 66,https://www.youtube.com/watch?v=lYQfCd08Vzs
سریال هندی عروس جاسوس (دوبله فارسی) - قسمت 65 | Serial Spy Bahu - Part 65,https://www.youtube.com/watch?v=qCsumafw9MA
سریال هندی عروس جاسوس (دوبله فارسی) - قسمت 64 | Serial Spy Bahu - Part 64,https://www.youtube.com/watch?v=0uy9J7iQR1k
سریال هندی عروس جاسوس (دوبله فارسی) - قسمت 63 | Serial Spy Bahu - Part 63,https://www.youtube.com/watch?v=3r5BJnb6NhI
سریال هندی عروس جاسوس (دوبله فارسی) - قسمت 62 | Serial Spy Bahu - Part 62,https://www.youtube.com/watch?v=k_s-F2HbCJ8
سریال هندی عروس جاسوس (دوبله فارسی) - قسمت 61 | Serial Spy Bahu - Part 61,https://www.youtube.com/watch?v=Ag7XKOxTBV4
سریال هندی عروس جاسوس (دوبله فارسی) - قسمت 60 | Serial Spy Bahu - Part 60,https://www.youtube.com/watch?v=Qz809m43M1E
سریال هندی عروس جاسوس (دوبله فارسی) - قسمت 59 | Serial Spy Bahu - Part 59,https://www.youtube.com/watch?v=OZ3ot3Gla2k
سریال هندی عروس جاسوس (دوبله فارسی) - قسمت 58 | Serial Spy Bahu - Part 58,https://www.youtube.com/watch?v=6iCQfR7xPgU
سریال هندی عروس جاسوس (دوبله فارسی) - قسمت 57 | Serial Spy Bahu - Part 57,https://www.youtube.com/watch?v=QXKIQnuw2e4
سریال هندی عروس جاسوس (دوبله فارسی) - قسمت 56 | Serial Spy Bahu - Part 56,https://www.youtube.com/watch?v=lJW-axCT_U8
سریال هندی عروس جاسوس (دوبله فارسی) - قسمت 55 | Serial Spy Bahu - Part 55,https://www.youtube.com/watch?v=TdzM5enBL40
سریال هندی عروس جاسوس (دوبله فارسی) - قسمت 54 | Serial Spy Bahu - Part 54,https://www.youtube.com/watch?v=dCtMk7xJSIk
سریال هندی عروس جاسوس (دوبله فارسی) - قسمت 53 | Serial Spy Bahu - Part 53,https://www.youtube.com/watch?v=CgybrYxfVrw
سریال هندی عروس جاسوس (دوبله فارسی) - قسمت 52 | Serial Spy Bahu - Part 52,https://www.youtube.com/watch?v=gfdAqQwGkLs
سریال هندی عروس جاسوس (دوبله فارسی) - قسمت 51 | Serial Spy Bahu - Part 51,https://www.youtube.com/watch?v=qSqaGwJM1qw
سریال هندی عروس جاسوس (دوبله فارسی) - قسمت 50 | Serial Spy Bahu - Part 50,https://www.youtube.com/watch?v=Sa8AkD8cnQk
سریال هندی عروس جاسوس (دوبله فارسی) - قسمت 49 | Serial Spy Bahu - Part 49,https://www.youtube.com/watch?v=c06uGJcMBCE
سریال هندی عروس جاسوس (دوبله فارسی) - قسمت 48 | Serial Spy Bahu - Part 48,https://www.youtube.com/watch?v=9sfKTZcQAwo
سریال هندی عروس جاسوس (دوبله فارسی) - قسمت 47 | Serial Spy Bahu - Part 47,https://www.youtube.com/watch?v=KUcufXYCgvs
سریال هندی عروس جاسوس (دوبله فارسی) - قسمت 46 | Serial Spy Bahu - Part 46,https://www.youtube.com/watch?v=c70Aa1-FBIA
پگاه آهنگرانی در فیلم سینمایی دختری با کفش های کتانی | Dokhtari Ba kafshhaye Katani,https://www.youtube.com/watch?v=rD8m6oh_3Pw
سریال هندی عروس جاسوس (دوبله فارسی) - قسمت 45 | Serial Spy Bahu - Part 45,https://www.youtube.com/watch?v=0gAl0ZbY0Bs
سریال هندی عروس جاسوس (دوبله فارسی) - قسمت 44 | Serial Spy Bahu - Part 44,https://www.youtube.com/watch?v=oaIxNfqDJPQ
سریال هندی عروس جاسوس (دوبله فارسی) - قسمت 43 | Serial Spy Bahu - Part 43,https://www.youtube.com/watch?v=BfMGB4bChsY
سریال هندی عروس جاسوس (دوبله فارسی) - قسمت 42 | Serial Spy Bahu - Part 42,https://www.youtube.com/watch?v=2UjdIXNdTyo
سریال هندی عروس جاسوس (دوبله فارسی) - قسمت 41 | Serial Spy Bahu - Part 41,https://www.youtube.com/watch?v=mQEIl_eo5vk
سریال هندی عروس جاسوس (دوبله فارسی) - قسمت 40 | Serial Spy Bahu - Part 40,https://www.youtube.com/watch?v=D-_Pjwhjc2k
سریال هندی عروس جاسوس (دوبله فارسی) - قسمت 39 | Serial Spy Bahu - Part 39,https://www.youtube.com/watch?v=sZqV6ZEwiXg
سریال هندی عروس جاسوس (دوبله فارسی) - قسمت 38 | Serial Spy Bahu - Part 38,https://www.youtube.com/watch?v=ho9l_ilPUPs
سریال هندی عروس جاسوس (دوبله فارسی) - قسمت 37 | Serial Spy Bahu - Part 37,https://www.youtube.com/watch?v=h3vbt0yCQAU
سریال هندی عروس جاسوس (دوبله فارسی) - قسمت 36 | Serial Spy Bahu - Part 36,https://www.youtube.com/watch?v=G3OU_XA7Rac
سریال هندی عروس جاسوس (دوبله فارسی) - قسمت 35 | Serial Spy Bahu - Part 35,https://www.youtube.com/watch?v=YAoBb8XZVxs
سریال هندی عروس جاسوس (دوبله فارسی) - قسمت 34 | Serial Spy Bahu - Part 34,https://www.youtube.com/watch?v=Fti0y-Ab1t0
سریال هندی عروس جاسوس (دوبله فارسی) - قسمت 33 | Serial Spy Bahu - Part 33,https://www.youtube.com/watch?v=NW9sE1OLwGw
سریال هندی عروس جاسوس (دوبله فارسی) - قسمت 32 | Serial Spy Bahu - Part 32,https://www.youtube.com/watch?v=ELfQWvOtqLc
سریال هندی عروس جاسوس (دوبله فارسی) - قسمت 31 | Serial Spy Bahu - Part 31,https://www.youtube.com/watch?v=AjjKBn7LGJo
سریال هندی عروس جاسوس (دوبله فارسی) - قسمت 30 | Serial Spy Bahu - Part 30,https://www.youtube.com/watch?v=Tsym1zbQOVQ
سریال هندی عروس جاسوس (دوبله فارسی) - قسمت 29 | Serial Spy Bahu - Part 29,https://www.youtube.com/watch?v=olmyIrfh5G8
سریال هندی عروس جاسوس (دوبله فارسی) - قسمت 28 | Serial Spy Bahu - Part 28,https://www.youtube.com/watch?v=KSbC0NVTQ30
سریال هندی عروس جاسوس (دوبله فارسی) - قسمت 27 | Serial Spy Bahu - Part 27,https://www.youtube.com/watch?v=HCwhpvoKC2A
سریال هندی عروس جاسوس (دوبله فارسی) - قسمت 26 | Serial Spy Bahu - Part 26,https://www.youtube.com/watch?v=LtYdyH7GUAM
سریال هندی عروس جاسوس (دوبله فارسی) - قسمت 25 | Serial Spy Bahu - Part 25,https://www.youtube.com/watch?v=xyOLnO2ZbZI
سریال هندی عروس جاسوس (دوبله فارسی) - قسمت 24 | Serial Spy Bahu - Part 24,https://www.youtube.com/watch?v=Ph84qLtbibA
سریال هندی عروس جاسوس (دوبله فارسی) - قسمت 23 | Serial Spy Bahu - Part 23,https://www.youtube.com/watch?v=xv2Ns0hZLbs
سریال هندی عروس جاسوس (دوبله فارسی) - قسمت 22 | Serial Spy Bahu - Part 22,https://www.youtube.com/watch?v=di3_7x8oXBE
سریال هندی عروس جاسوس (دوبله فارسی) - قسمت 21 | Serial Spy Bahu - Part 21,https://www.youtube.com/watch?v=yXHfYwXpDwQ
سریال هندی عروس جاسوس (دوبله فارسی) - قسمت 20 | Serial Spy Bahu - Part 20,https://www.youtube.com/watch?v=Y69y6lY-IYA
سریال هندی عروس جاسوس (دوبله فارسی) - قسمت 19 | Serial Spy Bahu - Part 19,https://www.youtube.com/watch?v=mBCJpNrUMeU
سریال هندی عروس جاسوس (دوبله فارسی) - قسمت 18 | Serial Spy Bahu - Part 18,https://www.youtube.com/watch?v=v3I3Y9t7U4E
سریال هندی عروس جاسوس (دوبله فارسی) - قسمت 17 | Serial Spy Bahu - Part 17,https://www.youtube.com/watch?v=LffpLX5FQ0I
سریال هندی عروس جاسوس (دوبله فارسی) - قسمت 16 | Serial Spy Bahu - Part 16,https://www.youtube.com/watch?v=SKekJJN5_ME
سریال هندی عروس جاسوس (دوبله فارسی) - قسمت 15 | Serial Spy Bahu - Part 15,https://www.youtube.com/watch?v=z-snbQMjIYE
سریال هندی عروس جاسوس (دوبله فارسی) - قسمت 14 | Serial Spy Bahu - Part 14,https://www.youtube.com/watch?v=zibBXY5oGqM
سریال هندی عروس جاسوس (دوبله فارسی) - قسمت 13 | Serial Spy Bahu - Part 13,https://www.youtube.com/watch?v=1xfgV8cUH8U
سریال هندی عروس جاسوس (دوبله فارسی) - قسمت 12 | Serial Spy Bahu - Part 12,https://www.youtube.com/watch?v=yOG34fWxvDE
سریال هندی عروس جاسوس (دوبله فارسی) - قسمت 11 | Serial Spy Bahu - Part 11,https://www.youtube.com/watch?v=FyD3_EhCHm0
سریال هندی عروس جاسوس (دوبله فارسی) - قسمت 10 | Serial Spy Bahu - Part 10,https://www.youtube.com/watch?v=_6GtzwjmABw
سریال هندی عروس جاسوس (دوبله فارسی) - قسمت 9 | Serial Spy Bahu - Part 9,https://www.youtube.com/watch?v=nkF4LK3DDnc
سریال هندی عروس جاسوس (دوبله فارسی) - قسمت 8 | Serial Spy Bahu - Part 8,https://www.youtube.com/watch?v=omqcuMZ0YX0
سریال هندی عروس جاسوس (دوبله فارسی) - قسمت 7 | Serial Spy Bahu - Part 7,https://www.youtube.com/watch?v=R-3mzc2Ck_o
سریال هندی عروس جاسوس (دوبله فارسی) - قسمت 6 | Serial Spy Bahu - Part 6,https://www.youtube.com/watch?v=dDGiSYT9yDU
سریال هندی عروس جاسوس (دوبله فارسی) - قسمت 5 | Serial Spy Bahu - Part 5,https://www.youtube.com/watch?v=gGz4eSr-ekM
سریال هندی عروس جاسوس (دوبله فارسی) - قسمت 4 | Serial Spy Bahu - Part 4,https://www.youtube.com/watch?v=Gkbj0gvKWww
سریال دادزن - قسمت 10 (قسمت آخر) | Serial Dadzan - Part 10,https://www.youtube.com/watch?v=j-BtIVXXl2o
سریال هندی عروس جاسوس (دوبله فارسی) - قسمت 3 | Serial Spy Bahu - Part 3,https://www.youtube.com/watch?v=XWRgvVQQ3mA
سریال دادزن - قسمت 9 | Serial Dadzan - Part 9,https://www.youtube.com/watch?v=z16JOirgbT8
سریال هندی عروس جاسوس (دوبله فارسی) - قسمت 2 | Serial Spy Bahu - Part 2,https://www.youtube.com/watch?v=KkdrimhlN5g
جلسات تحلیل فیلم اسماعیل میهن دوست - پل های مدیسن کانتی | The Bridges of Madison County,https://www.youtube.com/watch?v=Fid6UaByYvg
سریال دادزن - قسمت 8 | Serial Dadzan - Part 8,https://www.youtube.com/watch?v=7lbNveW-LAo
سریال هندی عروس جاسوس (دوبله فارسی) - قسمت 1 | Serial Spy Bahu - Part 1,https://www.youtube.com/watch?v=QLLGgmXerRQ
سریال دادزن - قسمت 7 | Serial Dadzan - Part 7,https://www.youtube.com/watch?v=zYii99DBpyY
سریال دادزن - قسمت 6 | Serial Dadzan - Part 6,https://www.youtube.com/watch?v=CXTk8oznOZs
سریال دادزن - قسمت 5 | Serial Dadzan - Part 5,https://www.youtube.com/watch?v=iM32Tn9F-g4
سریال دادزن - قسمت 4 | Serial Dadzan - Part 4,https://www.youtube.com/watch?v=6Huub2aSz1A
سریال دادزن - قسمت 3 | Serial Dadzan - Part 3,https://www.youtube.com/watch?v=MVbEXEIsNHw
سریال هندی عروس جاسوس - تیزر | Serial Spy Bahu - Teaser,https://www.youtube.com/watch?v=yD4sZUE8rSg
سریال دادزن - قسمت 2 | Serial Dadzan - Part 2,https://www.youtube.com/watch?v=zKzEsKQZwoE
سریال دادزن - قسمت 1 | Serial Dadzan - Part 1,https://www.youtube.com/watch?v=qF9SFBd6d6k
مستند - رویای بنفشه ها | Documentary - Royaye Banafsheha,https://www.youtube.com/watch?v=Ma4th01B6v0
مستند - نینا | Documentary - Nina,https://www.youtube.com/watch?v=ncIXUYJBeUs
فیلم پیکره معرق - فیلم کوتاه | Film Peykare Moaragh - Short Movie,https://www.youtube.com/watch?v=q19DBSgQZsU
مجید صالحی و زهرا امیر ابراهیمی در فیلم تئاتر شب نشینی در جهنم | Theater Shab Neshini Dar Jahanam,https://www.youtube.com/watch?v=Bvx8Iy-pjAE
مستند ایران زیبای من - بریس و سیراف | Documentary Irane Zibaye Man - Beris & Siraf,https://www.youtube.com/watch?v=W6ogwr1eBug
مستند ایران زیبای من - اصفهان | Documentary Irane Zibaye Man - Esfahan,https://www.youtube.com/watch?v=uAChggHVaL0
مستند ایران زیبای من - کاشان | Documentary Irane Zibaye Man - Kashan,https://www.youtube.com/watch?v=2iBZwJTh9Xg
مستند ایران زیبای من - تخت جمشید | Documentary Irane Zibaye Man - Takhte Jamshid,https://www.youtube.com/watch?v=g0WlCAFS91I
مستند ایران زیبای من - مشهد 2 | Documentary Irane Zibaye Man - Mashhad 2,https://www.youtube.com/watch?v=v8p17Ln1qnE
مستند ایران زیبای من - مشهد 1 | Documentary Irane Zibaye Man - Mashhad 1,https://www.youtube.com/watch?v=vSB8YyKmAKU
مستند ایران زیبای من - قم 2 | Documentary Irane Zibaye Man - Qom 2,https://www.youtube.com/watch?v=oD0OdWWWl88
مستند ایران زیبای من - قم 1 | Documentary Irane Zibaye Man - Qom 1,https://www.youtube.com/watch?v=QSIOKo4c1eg
مستند ایران زیبای من - شیراز 2 | Documentary Irane Zibaye Man - Shiraz 2,https://www.youtube.com/watch?v=tRzGtpyOJWM
مستند ایران زیبای من - شیراز 1 | Documentary Irane Zibaye Man - Shiraz 1,https://www.youtube.com/watch?v=zva4Qhb8ado
مستند - شیوه شاغلام | Documentary - Shiveye Shagholam,https://www.youtube.com/watch?v=RckAXTsgHlY
تئاتر در سوگ کاظم اشتری | Theater Dar Sooge Kazem Ashtari,https://www.youtube.com/watch?v=xGe_SxMmXKk
دردناک ترین شعر فارسی از نظر هوشنگ ابتهاج,https://www.youtube.com/watch?v=x6SH4qSy9AQ
حسین محجوب و لیلا زارع در فیلم حلقه | Halgheh,https://www.youtube.com/watch?v=Z_N2JARmGYU
بهناز جعفری و پرستو گلستانی در فیلم درهمین نزدیکی | Dar Hamin Nazdiki,https://www.youtube.com/watch?v=nBKZDADjCKc
ترسوترین شاه ایران,https://www.youtube.com/watch?v=hKdot9L-B84
چنگیز جلیلوند و امیرمهدی کیا در فیلم عملیات سری | Amaliate Seri,https://www.youtube.com/watch?v=bYBdtzpFPm4
سعید پورصمیمی و حسن رضایی در فیلم آبادانی ها | Abadaniha,https://www.youtube.com/watch?v=bQ4kCvGh4Oo
ترلان پروانه و سروش صحت در فیلم روزهای آخر اسفند | Ruzhaye Akhare Esfand,https://www.youtube.com/watch?v=HhVpjCtqkHQ
ماجرای بزرگترین فرار از زندان ایران,https://www.youtube.com/watch?v=hjDRYfZlHqI
پگاه آهنگرانی و امیرحسین طاهری در فیلم بندر بند | Bandar Band,https://www.youtube.com/watch?v=umXT76Q33mQ
زیگورات چغازنبیل با بیش از سه هزار سال قدمت,https://www.youtube.com/watch?v=1nzw7b0qBbg
ماجرای سرودن شعر ارغوان هوشنگ ابتهاج,https://www.youtube.com/watch?v=XDNH0dgpbsw
Bidet Sprayer for Toilet,https://www.youtube.com/watch?v=BuVAmAJw6GM
Amazon Fire TV Stick,https://www.youtube.com/watch?v=7dYKK8tFcog
فکر می کنید کدام شاه گنجشک باز بوده؟,https://www.youtube.com/watch?v=6dSpezwRjq8
فیلم سینمایی ناهید - پشت صحنه | Film Nahid - Backstage,https://www.youtube.com/watch?v=JXVpW1IPUHY
گلاره عباسی و ساقی زینتی در فیلم اشیا از آنچه در آینه میبینید به شما نزدیکترند | Objects in Mirror,https://www.youtube.com/watch?v=H1_xh-mNAsE
ژاله صامتی و بابک حمیدیان در فیلم جامانده | Ja Mande,https://www.youtube.com/watch?v=b3a59OQxdsU
روایت یک ایرانی که 18 سال در فرودگاه زندگی کرد,https://www.youtube.com/watch?v=9nHBvddqqSQ
عباس محبوب و ساقی زینتی در فیلم سر خونه اول | Sare Khune Aval,https://www.youtube.com/watch?v=TINU_ZIc_go
پیشگویی برای هوشنگ ابتهاج به حقیقت تبدیل شد,https://www.youtube.com/watch?v=uQPG7qVlfuQ
ستاره اسکندری و لیلا اوتادی در فیلم  شیر تو شیر | Shir tu Shir,https://www.youtube.com/watch?v=kECyrfF8IR0
روستای ماخونیک هفتمین روستای عجیب جهان,https://www.youtube.com/watch?v=qqqA72NLk_Q
مجسمه ابوالهول ایران,https://www.youtube.com/watch?v=CxOrsvmcH0Q
روایتی از درگذشت و خاکسپاری فروغ فرخزاد,https://www.youtube.com/watch?v=KDAaNMYBRVU
پزشک احمدی، پزشک قاتل زندان قصر,https://www.youtube.com/watch?v=uGTy1EeK3Lk
داستانی واقعی و وحشتناک,https://www.youtube.com/watch?v=vPjW8NZsTiI
اکبر گلپا و نیم قرن سکوت اجباری,https://www.youtube.com/watch?v=nCgyCB0vwCs
کوچه قرینه تهران,https://www.youtube.com/watch?v=qr_tZpLoOY0
علی صادقی و نگین معتضدی در فیلم راز خانه بهجت | Raze Khaneh Behjat,https://www.youtube.com/watch?v=1fS0fd2VorM
شاعری که دهانش را با نخ و سوزن دوختند,https://www.youtube.com/watch?v=B_Xz-7Z3C60
سریال ماجراهای خانه قدیمی - ماجرا 12 (دستکاری) | Serial Majarahaye Khaneye Ghadimi - Majara 12,https://www.youtube.com/watch?v=j9_qJj754UI
سریال ماجراهای خانه قدیمی - ماجرا 11 (چی فکرمیکردیم) | Serial Majarahaye Khaneye Ghadimi - Majara 11,https://www.youtube.com/watch?v=IiqzJ1-bSs0
تهدید جانی مهرجویی توسط مخملباف,https://www.youtube.com/watch?v=FHsj-HqVjo8
سریال ماجراهای خانه قدیمی - ماجرا 10 (علاءالدین) | Serial Majarahaye Khaneye Ghadimi - Majara 10,https://www.youtube.com/watch?v=PHrm0ElOwfQ
سریال ماجراهای خانه قدیمی - ماجرا 9 (هویت) | Serial Majarahaye Khaneye Ghadimi - Majara 9,https://www.youtube.com/watch?v=3VW6vKp_fjY
سریال ماجراهای خانه قدیمی - ماجرا 8 (بابا بزرگ) | Serial Majarahaye Khaneye Ghadimi - Majara 8,https://www.youtube.com/watch?v=CWpUvemRwHk
سریال ماجراهای خانه قدیمی - ماجرا 7 (قیصریه) | Serial Majarahaye Khaneye Ghadimi - Majara 7,https://www.youtube.com/watch?v=jsakSYKHLGE
5 فیلم از داریوش مهرجویی که باید دید,https://www.youtube.com/watch?v=tJctPOEe4OE
سریال ماجراهای خانه قدیمی - ماجرا 6 (عتیقه ها) | Serial Majarahaye Khaneye Ghadimi - Majara 6,https://www.youtube.com/watch?v=aU3v8kQcKeA
گزارش ویدیویی از مراسم تشییع پیکر استاد داریوش مهرجویی,https://www.youtube.com/watch?v=lg9vIAAFTcg
سریال ماجراهای خانه قدیمی - ماجرا 5 (محاکمه) | Serial Majarahaye Khaneye Ghadimi - Majara 5,https://www.youtube.com/watch?v=e3SV44GKz-E
سریال ماجراهای خانه قدیمی - ماجرا 4 (سمسار) | Serial Majarahaye Khaneye Ghadimi - Majara 4,https://www.youtube.com/watch?v=7JBpbMewNVE
سریال ماجراهای خانه قدیمی - ماجرا 3 (پیک) | Serial Majarahaye Khaneye Ghadimi - Majara 3,https://www.youtube.com/watch?v=pYEpNtq6kU4
سریال ماجراهای خانه قدیمی - ماجرا 2 (عروسی) | Serial Majarahaye Khaneye Ghadimi - Majara 2,https://www.youtube.com/watch?v=mpDOWOCNZc4
سریال ماجراهای خانه قدیمی - ماجرا 1 (اصل مطلب) | Serial Majarahaye Khaneye Ghadimi - Majara 1,https://www.youtube.com/watch?v=L87MQWia4JE
شهره لرستانی و خشایار راد در فیلم زیر یک سقف | Zire Yek Saghf,https://www.youtube.com/watch?v=iggSsl9ajLA
مستند - لسان الحکما | Documentary - Lesan Al Hokama,https://www.youtube.com/watch?v=Tw0XYTrGCKw
رادیو راوی - حیثیت گمشده رو ببینیم؟ | Radio Ravi,https://www.youtube.com/watch?v=F5yqDjh_myc
فیلم در عمق سادگی - فیلم کوتاه | Film Dar Omghe Sadegi - Short Movie,https://www.youtube.com/watch?v=YNhxTTGKziI
فیلم دوست دختر - فیلم کوتاه | Film Doost Dokhtar - Short Movie,https://www.youtube.com/watch?v=e0eOGm1MlgM
رادیو راوی - صداتو ببینیم یا نه؟ | Radio Ravi,https://www.youtube.com/watch?v=5pg9TRCkp7M
فیلم رابطه - فیلم کوتاه | Film Rabete - Short Movie,https://www.youtube.com/watch?v=-jvFe0yN1Hk
امید زندگانی و اتابک نادری در تله تئاتر گوهر | Tele Theater Gohar,https://www.youtube.com/watch?v=_Tk4W8_q0HQ
فیلم خیال - فیلم کوتاه | Film Khial - Short Movie,https://www.youtube.com/watch?v=agk-zF0ziqo
فیلم حکم ذهن - فیلم کوتاه | Film Hokme Zehn - Short Movie,https://www.youtube.com/watch?v=iRwhXR_6CBg
فیلم سکوت سرد - فیلم کوتاه | Film Sokoote Sard - Short Movie,https://www.youtube.com/watch?v=ziwo1-2Uvrw
رادیو راوی - بررسی سریال سایلو (سیلو) | Radio Ravi,https://www.youtube.com/watch?v=2c9CFnJsW8c
رادیو راوی - معرفی 5 فیلم جنایی خیره کننده | Radio Ravi,https://www.youtube.com/watch?v=aycNzRgvPSw
فیلم تجربیات سوبجکتیو آدمی - فیلم کوتاه | Film Tajrobiate Subjective Adami - Short Movie,https://www.youtube.com/watch?v=eBJ3V6-pC3s
فیلم گمشده - فیلم کوتاه | Film Gomshode - Short Movie,https://www.youtube.com/watch?v=Kboj3PcZ9vA
فیلم نقطه ی تسلیم - فیلم کوتاه | Film Noghteye Taslim - Short Movie,https://www.youtube.com/watch?v=o0xZqs9lqjI
فیلم آشوب - فیلم کوتاه | Film Ashoob - Short Movie,https://www.youtube.com/watch?v=Vq3WU-4WPbA
تئاتر عموزاده ای از ناکجا | Theater Amoo Zadei Az Nakoja,https://www.youtube.com/watch?v=wI-FhXJLCOA
فیلم با خود و بی خود - فیلم کوتاه | Film Ba Khod Va Bi Khod - Short Movie,https://www.youtube.com/watch?v=IAcxfIaq8EI
تئاتر اسکرین شات | Theater Screen Shot,https://www.youtube.com/watch?v=8suFVoD9cA4
رادیو راوی - بررسی سریال مگه تموم عمر چندتا بهاره | Radio Ravi,https://www.youtube.com/watch?v=MY9HOD7nUlY
فیلم روی موج طبیعت - فیلم کوتاه | Film Rooye Moje Tabiat - Short Movie,https://www.youtube.com/watch?v=4ajOpPUFaG0
تئاتر ساده با تو با یک ترانه | Theater Sadeh Ba To Ba Yek Tarane,https://www.youtube.com/watch?v=F7MmZIhgwp8
رادیو راوی - معرفی 5 فیلم ترسناک | Radio Ravi,https://www.youtube.com/watch?v=ZoIl2jvsiSg
فیلم خسوف - فیلم کوتاه | Film Khosoof - Short Movie,https://www.youtube.com/watch?v=r2wHoZNiuys
فیلم نان سنگک - فیلم کوتاه | Film Nan Sangak - Short Movie,https://www.youtube.com/watch?v=S_2znH1w1MA
فیلم بر باد رفته - فیلم کوتاه | Film Bar Bad Rafte - Short Movie,https://www.youtube.com/watch?v=PLeD3xQMTRo
فیلم داستان پسرک گل فروش - فیلم کوتاه | Film Dastane Pesarake Gol Foroosh - Short Movie,https://www.youtube.com/watch?v=QK33xbytlGo
رادیو راوی - سینمای وحشت | Radio Ravi,https://www.youtube.com/watch?v=O5SMopuG5no
رادیو راوی - بررسی جنگ جهانی سوم | Radio Ravi,https://www.youtube.com/watch?v=oaxFutPQfTI
رادیو راوی - نخل طلا به کی رسید؟ | Radio Ravi,https://www.youtube.com/watch?v=57BAgJwNQlc
رادیو راوی - شگفتی های جشنواره کن 2023 | Radio Ravi,https://www.youtube.com/watch?v=NWHpNYGHCPY
رادیو راوی - 6 بازیگر ایرانی که دکتر هستند | Radio Ravi,https://www.youtube.com/watch?v=yWtL4_7nZcQ
رادیو راوی - سرنوشت بازیگران ساعت خوش | Radio Ravi,https://www.youtube.com/watch?v=lg8QxtKoTUw
رادیو راوی - ماجرای تغییر جنسیت 3 بازیگر | Radio Ravi,https://www.youtube.com/watch?v=YjV_dXrEkgU
خراطی کاسه سالاد خوری چوبی | Woodturning - Wooden Salad Bowl,https://www.youtube.com/watch?v=_T_H0QwGUrc
خراطی کاسه دکوراتیو چوبی | Woodturning - Wooden Decorative Bowl,https://www.youtube.com/watch?v=vU0d9007GuY
خراطی کاسه چوبی درب دار | Woodturning - Wooden Bowl with Lid,https://www.youtube.com/watch?v=0Co8UALqosE
رادیو راوی - عروس 33 ساله بهروز افخمی | Radio Ravi,https://www.youtube.com/watch?v=iVk7temc-Xs
خراطی کاسه چوبی پایه دار | Woodturning - Wooden Pedestal Bowl,https://www.youtube.com/watch?v=OIlSEum1xkA
رادیو راوی - جیران با 10 سوتی بزرگ | Radio Ravi,https://www.youtube.com/watch?v=iP7mQqQAg9U
رادیو راوی - برادران لیلا از تولید تا توقیف | Radio Ravi,https://www.youtube.com/watch?v=7L6jOFVF000
رادیو راوی - نون خ و سعید آقاخانی | Radio Ravi,https://www.youtube.com/watch?v=6hUkHAXkunU
رادیو راوی - 7 گاف عجیب سریال پوست شیر | Radio Ravi,https://www.youtube.com/watch?v=7TUBuLUqeMg
شلوار پاره مد شده بود - سریال شوخی کردم,https://www.youtube.com/watch?v=YEOvi_E6e1g
"مستند - نیلوفر، بتی، پونه و دیگران | Documentary - Niloofar, Beti, Poone va Digaran",https://www.youtube.com/watch?v=h6m4ZCQkCm8
ببین چقدر پوستم خوبه#shorts,https://www.youtube.com/watch?v=5PD7Z2XBfc0
رادیو راوی - مرگ در کمین اسطوره بدلکاری | Radio Ravi,https://www.youtube.com/watch?v=jhutuVE69b8
بیست سال دزدی#shorts,https://www.youtube.com/watch?v=Xzy6IYunXa4
فیلم من و پنجره عقبی و دیگر هیچ - فیلم کوتاه | Film Mano Panjereh Aghabi va Digar Hich - Short Movie,https://www.youtube.com/watch?v=Z9Xw8QkwbFM
بچه که بودن عین سگ میزدمشون#shorts,https://www.youtube.com/watch?v=h_pZ4gFNYb0
وقتشه یک تکونی به خودت بدی#shorts,https://www.youtube.com/watch?v=TIX1LWX5iuo
فیلم شب خوش - فیلم کوتاه | Film Shab Khosh - Short Movie,https://www.youtube.com/watch?v=RAMKYHcSjks
هرچی تو گاو صندوقه نوش جونتون#shorts,https://www.youtube.com/watch?v=hq1dIJBlweA
وقت دور زدن بحران های اقتصادیه#shorts,https://www.youtube.com/watch?v=5PtMtrYAMWM
کاربرات ماشین داییت یک عمر دغدغه ی خانوادگیتونه#shorts,https://www.youtube.com/watch?v=Ven8wQcTsDc
هفده میلیارد از رفیقت دستی گرفتی ؟#shorts,https://www.youtube.com/watch?v=DNEcMYPiD98
مستند - آبادگران | Documentary - Abadgaran,https://www.youtube.com/watch?v=9U0-DMROdW0
رادیو راوی - حواشی درگذشت علی انصاریان | Radio Ravi,https://www.youtube.com/watch?v=NmEhWG5JczM
عمت کشف حجاب میکنه#shorts,https://www.youtube.com/watch?v=X-SaUpRr6EI
دوستای معتادم همه دکتر مهندسن - سریال شوخی کردم,https://www.youtube.com/watch?v=Hr4WJF4dugI
روز آخر متاع رو کردن ، اوووف#shorts,https://www.youtube.com/watch?v=_SRkvY9GPq8
فیلم جایزه - فیلم کوتاه | Film Jayeze - Short Movie,https://www.youtube.com/watch?v=hwMOJXeOV40
فیلم وصال - فیلم کوتاه | Film Vesal - Short Movie,https://www.youtube.com/watch?v=setcNfzP5hs
رادیو راوی - درگذشت آزاده نامداری: خودکشی یا قتل؟ | Radio Ravi,https://www.youtube.com/watch?v=xxFp3mYAKd4
دارای دکترای پولشویی#shorts,https://www.youtube.com/watch?v=34GqHO-4BbQ
چیشد یهو با ما انقدر رفیق شدی؟#shorts,https://www.youtube.com/watch?v=P-bE8VpO4ps
فیلم امضا - فیلم کوتاه | Film Emza - Short Movie,https://www.youtube.com/watch?v=Vh5gZrHLztU
بابام پررو و وقیح و طلبکاره - سریال شوخی کردم,https://www.youtube.com/watch?v=0n-2pLbkOHU
تو زندگی فقط غذا و بعد غذا مهمه#shorts,https://www.youtube.com/watch?v=t__kgHwHl-E
رادیو راوی - سرگذشت کتایون ریاحی | Radio Ravi,https://www.youtube.com/watch?v=w6GxcUqRia8
پانتومیم گلزار و امین حیایی#shorts,https://www.youtube.com/watch?v=771xI1K9h7c
رفته بودم تایلند ، ماساژ شیطان گرفتم#shorts,https://www.youtube.com/watch?v=xtoJ62O6k7Q
فیلم زندگی در مه - فیلم کوتاه | Film Zendegi Dar Meh - Short Movie,https://www.youtube.com/watch?v=2KFNxzUARCQ
تعریف ماساژورهای تایلند رو زیاد شنیدم#shorts,https://www.youtube.com/watch?v=6ODFbTFc1EM
مستند - سرخ پوستان نجفی | Documentary - Sorkhpoostane Najafi,https://www.youtube.com/watch?v=tLSangyroOo
ما فقط قدم زدیم ، یک موقع فکر بد نکنین#shorts,https://www.youtube.com/watch?v=jsMwouiNrrU
آنا نعمتی در فیلم کوتاه توقف در لاس وگاس | Tavaghof Dar Las Vegas,https://www.youtube.com/watch?v=eff4ufM7CXM
قرنیه چشمش از سه جا سولاخ شد#shorts,https://www.youtube.com/watch?v=eAoORDO8uQE
زنم فکر میکنه من رو بهش انداختن#shorts,https://www.youtube.com/watch?v=KD2DkFT-GzM
چهار بار ازدواج ، پنج بار نامزدی، همه هم رو چشمش جا داشتن#shorts,https://www.youtube.com/watch?v=DTQFtdoy3m4
رادیو راوی - افشاگری کتایون ریاحی علیه سعید پورصمیمی | Radio Ravi,https://www.youtube.com/watch?v=NFVTTq9VCrs
رادیو راوی - تخریب بخش هایی از شهرک سینمایی غزالی | Radio Ravi,https://www.youtube.com/watch?v=UoRod9HH_3w
موقع عمل، قرص جوشان میندازه تو بدن مریض#shorts,https://www.youtube.com/watch?v=v8oPaco2kW0
حالا دیگه برای من زیر و رو میکشی#shorts,https://www.youtube.com/watch?v=WmCKE4qM6ig
رادیو راوی - روایت لحظه به لحظه از درگذشت عارف لرستانی | Radio Ravi,https://www.youtube.com/watch?v=EHsKOsQRhns
با این مبلغ پیوند کلیه نمیکنیم ،فقط رودش رو هواگیری کن#shorts,https://www.youtube.com/watch?v=y6PiEnlJddk
عکس میگیرن که شب بزارن فیسبوک#shorts,https://www.youtube.com/watch?v=G2tWZnlGEFo
رادیو راوی - ماجرای کشف حجاب کتایون ریاحی | Radio Ravi,https://www.youtube.com/watch?v=HipS2z6Sud4
دکتر یک قهرمان واقعیه#shorts,https://www.youtube.com/watch?v=Rk4WTXrJrEE
بعضی ها میرن نمایشگاه که فقط اشانتیون بگیرن#shorts,https://www.youtube.com/watch?v=gBFOk5OgsvM
عرب ها چه بلایی سرتون آوردن ؟#shorts,https://www.youtube.com/watch?v=brkAuM4eBbw
من آزارم به مورچه هم نمیرسه - سریال شوخی کردم,https://www.youtube.com/watch?v=0oyFTdXh4ag
ما خانوادگی مؤدب هستیم#shorts,https://www.youtube.com/watch?v=jMS2yofWSL4
این کتاب به خانم های برنزه خیلی میاد#shorts,https://www.youtube.com/watch?v=iXAgFALVJDM
میکنیم میریم خوزستان ، از آبادان میایم بیرون#shorts,https://www.youtube.com/watch?v=wa8PEvtw8nI
رفت کتاب فروشی ، میگه صورتیش رو ندارین ؟#shorts,https://www.youtube.com/watch?v=MHy4oDE6RNo
رادیو راوی - متن و حاشیه حمید فرخ نژاد | Radio Ravi,https://www.youtube.com/watch?v=B0Hd5J9ckyk
کلا طرف با چوب اسکی به دنیا اومده#shorts,https://www.youtube.com/watch?v=_XQprYbBmG4
میتونم قفل اون در رو براتون آب کنم#shorts,https://www.youtube.com/watch?v=NsMIWd4YNj8
من همه چیز رو شطرنجی میبینم#shorts,https://www.youtube.com/watch?v=NjpOU-1C1vo
تو دیگه امشب میمیری ، روحت شاد#shorts,https://www.youtube.com/watch?v=Ytr90Vmws4s
برای من حقارت داره که دستیار یک دزد باشم#shorts,https://www.youtube.com/watch?v=GB8DQbzjWgk
شما حامله ای عزیزم#shorts,https://www.youtube.com/watch?v=u0yZD7s2WuY
من تا حالا ازین کارا نکردم#shorts,https://www.youtube.com/watch?v=iF1nSwq_UWE
واسه جلب توجه میخوام از خونه فرار کنم#shorts,https://www.youtube.com/watch?v=nXjodPlWXyg
نه من هویت دارم ، نه تو ، نه این#shorts,https://www.youtube.com/watch?v=zqTZ9ht9lSc
تو با سرنوشت من بازی کردی#shorts,https://www.youtube.com/watch?v=6qas7JzQJKI
پارکت رو عوض کن#shorts,https://www.youtube.com/watch?v=unyFDi-YzVw
خود شاسگولشه#shorts,https://www.youtube.com/watch?v=v9prwnO-SaE
زر نزن بابا#shorts,https://www.youtube.com/watch?v=9ZC3ZrwyYIY
اون ناموس چمیدونه چیه#shorts,https://www.youtube.com/watch?v=MFIZZ2ydkQE
من گوارشم خوب کار نمیکنه ، چیکار کنم ؟#shorts,https://www.youtube.com/watch?v=-Ka4Aca2DlM
زدش که دیگه نگه خلیج عرب#shorts,https://www.youtube.com/watch?v=mAp-ioot20U
بچه های  پایین بهش میگن گراس#shorts,https://www.youtube.com/watch?v=NXpQN31yF5w
سریال احضار - قسمت 11 | Serial Ehzar - Part 11,https://www.youtube.com/watch?v=RinUjulS39o
مشکل  ما معتادها اینکه صنف معتادین نداریم#shorts,https://www.youtube.com/watch?v=XhuBK2rBVy0
سریال احضار - قسمت 10 | Serial Ehzar - Part 10,https://www.youtube.com/watch?v=u9lO2mOBwq0
اگه حرف نزنی ، میکشمت#shorts,https://www.youtube.com/watch?v=iiGLYhipskw
سریال احضار - قسمت 9 | Serial Ehzar - Part 9,https://www.youtube.com/watch?v=VuufedLpy-A
دعوای زن و شوهری انسان های اولیه#shorts,https://www.youtube.com/watch?v=qxA6XIvhw7E
سریال احضار - قسمت 8 | Serial Ehzar - Part 8,https://www.youtube.com/watch?v=3d87yBgALw0
استندآپ تیلیت 1 - قسمت 8 | Stand up Tilit 1 - Part 8,https://www.youtube.com/watch?v=ERVmsciTq60
تومبونت رو بکش بالا#shorts,https://www.youtube.com/watch?v=eh3c5ciloJA
سریال احضار - قسمت 7 | Serial Ehzar - Part 7,https://www.youtube.com/watch?v=vpwtSi2ZxsY
آمار اعتیاد در ایران#shorts,https://www.youtube.com/watch?v=AE3eV37i6r4
سریال احضار - قسمت 6 | Serial Ehzar - Part 6,https://www.youtube.com/watch?v=egnSeNm_dj8
آلوده میخوریم ، آلوده مینوشیم و  به خاک آلوده سپرده میشیم#shorts,https://www.youtube.com/watch?v=OqOcPH_psP0
سریال احضار - قسمت 5 | Serial Ehzar - Part 5,https://www.youtube.com/watch?v=rHXk3HN2L_o
جراحی بینی تخصص نمیخواد  اعتماد به نفس میخواد#shorts,https://www.youtube.com/watch?v=5b62r3nDAG8
سریال احضار - قسمت 4 | Serial Ehzar - Part 4,https://www.youtube.com/watch?v=qgLJBqxRwXg
پشت سر هر زن موفقی یک مرد پولداره#shorts,https://www.youtube.com/watch?v=2mplNQEgJwE
تله تئاتر خانه های اجاره ای 4 | Tele Theater Khanehaye Ejarei 4,https://www.youtube.com/watch?v=eV5Lg_3-x3c
سریال احضار - قسمت 3 | Serial Ehzar - Part 3,https://www.youtube.com/watch?v=xYzCIZn7G2M
یارو تکرر ادرار داره#shorts,https://www.youtube.com/watch?v=RdqVdGUCtNg
سریال احضار - قسمت 2 | Serial Ehzar - Part 2,https://www.youtube.com/watch?v=-Q7ib_7WvuA
من زنتم ، سه ساله که شانس آوردم و من رو گرفتی#shorts,https://www.youtube.com/watch?v=k9NUBDz3-dI
تله تئاتر خانه های اجاره ای 3 | Tele Theater Khanehaye Ejarei 3,https://www.youtube.com/watch?v=aV5G0e9i3Jk
سریال احضار - قسمت 1 | Serial Ehzar - Part 1,https://www.youtube.com/watch?v=rLrF8x7GKUM
خرید و فروش کلیه برای من یک کار خیرخواهانه بود#shorts,https://www.youtube.com/watch?v=UNVTT6wsiB4
چشمت به این دختر فرانسوی ها بیفته یادت میره زن داری#shorts,https://www.youtube.com/watch?v=cXS-7M8wfIs
تله تئاتر خانه های اجاره ای 2 | Tele Theater Khanehaye Ejarei 2,https://www.youtube.com/watch?v=jAwM_t8My5w
دوتا کانتینر دارو برای سوغاتی بچه محل ها#shorts,https://www.youtube.com/watch?v=yJgfRjQHa6U
استندآپ تیلیت 1 - قسمت 7 | Stand up Tilit 1 - Part 7,https://www.youtube.com/watch?v=CAkxvbAyuXk
خلافکار میگه من بی زبون و بی پناهم#shorts,https://www.youtube.com/watch?v=jkpu4y7kbnE
استندآپ تیلیت 1 - قسمت 6 | Stand up Tilit 1 - Part 6,https://www.youtube.com/watch?v=QU2-JypZL10
تو هنوز فرق این ور  اون ور رو نمیدونی#shorts,https://www.youtube.com/watch?v=C5A-WAX-GQ8
تله تئاتر خانه های اجاره ای 1 | Tele Theater Khanehaye Ejarei 1,https://www.youtube.com/watch?v=lPbrtqBDxao
نخاعش از سه جا جر خورد#shorts,https://www.youtube.com/watch?v=PufCzNmmj9w
فیلم سینمایی نازنین - پشت صحنه | Film Nazanin - Backstage,https://www.youtube.com/watch?v=rqjlRzzT1tM
مرده شورتون رو ببرن با این مراسم خواستگاریتون - سریال شوخی کردم,https://www.youtube.com/watch?v=vWWzCYBW5eM
استندآپ تیلیت 1 - قسمت 5 | Stand up Tilit 1 - Part 5,https://www.youtube.com/watch?v=xYmFyyBMyJA
دانشمند مملکت برای خروج از کشور رفته سراغ جلال پنجه طلا#shorts,https://www.youtube.com/watch?v=14VjUU9YvCU
تله تئاتر زارع شیکاگو | Tele Theater Zare Chicago,https://www.youtube.com/watch?v=C10n0Jm9ifs
اسید رو تا قطره ی آخر ریختم رو صورتش - سریال شوخی کردم,https://www.youtube.com/watch?v=iYzse2pGE2g
بازیم خوب بود ، بهم میگفتن دکتر کوچولو#shorts,https://www.youtube.com/watch?v=5ogfCABCc3k
تله تئاتر سفر به گمسک | Tele Theater Safar Be Gomsek,https://www.youtube.com/watch?v=QQMmPvJdeBA
استندآپ تیلیت 1 - قسمت 4 | Stand up Tilit 1 - Part 4,https://www.youtube.com/watch?v=DkFmRkKThe4
طبق آخرین نظرات علمی ، یک دانشمند نمیتونه شوت باشه#shorts,https://www.youtube.com/watch?v=FbWBVzcQRng
فیلم سینمایی تکخال - پشت صحنه | Film Takkhal - Backstage,https://www.youtube.com/watch?v=OFOCc2hpous
به محض اینکه زنگ بزنی 8 ثانیه بعد پرستار در خدمت شماست#shorts,https://www.youtube.com/watch?v=fu__GvWx6dw
فیلم سینمایی پا تو کفش من نکن - پشت صحنه | Film Pa Too Kafshe Man Nakon - Backstage,https://www.youtube.com/watch?v=seYQ99rY5wU
استندآپ تیلیت 1 - قسمت 3 | Stand up Tilit 1 - Part 3,https://www.youtube.com/watch?v=dOynhco67G4
روز اول گفت اگه بشنوم رفتی دکتر طلاقت میدم#shorts,https://www.youtube.com/watch?v=sIIIR-jSmfM
استندآپ تیلیت 1 - قسمت 2 | Stand up Tilit 1 - Part 2,https://www.youtube.com/watch?v=RlX1t9fpTe4
مگه داریم یک همچین دکتر منگولی؟#shorts,https://www.youtube.com/watch?v=MiyDFFz5V6U
تله تئاتر مثل آواز خدا | Tele Theater Mesle Avaze Khoda,https://www.youtube.com/watch?v=GoT8K7L73pg
یک دگزا واسم بزن التهابم بخوابه#shorts,https://www.youtube.com/watch?v=LHr5FbAeTTY
فیلم سینمایی آب نبات چوبی - پشت صحنه | Film Ab Nabat Choobi - Backstage,https://www.youtube.com/watch?v=DW44txd3XqI
استندآپ تیلیت 1 - قسمت 1 | Stand up Tilit 1 - Part 1,https://www.youtube.com/watch?v=IROWkqiJV64
خشتکش رو میکشم سرش#shorts,https://www.youtube.com/watch?v=nRYNr327_gs
تله تئاتر شب روباه | Tele Theater Shabe Roobah,https://www.youtube.com/watch?v=aIrJzYoLswg
بهش گفتم برو بمیر ، رفت مرد#shorts,https://www.youtube.com/watch?v=1DW0Rc2_HiY
فیلم سینمایی آس و پاس - پشت صحنه | Film As o Pas - Backstage,https://www.youtube.com/watch?v=H7E6-jf9LFw
مرگ به صرف صبحانه#shorts,https://www.youtube.com/watch?v=dfKOtVLQZpA
تله تئاتر پاتریس لومومبا | Tele Theater Patrice Lumumba,https://www.youtube.com/watch?v=vN5dkJlRJX0
پشت سر هر آمبولانس 280 تا اتومبیل چیک تو چیک دارن میرن#shorts,https://www.youtube.com/watch?v=s6-wkLtGfgs
فیلم سینمایی خالتور - پشت صحنه | Film Khaltour - Backstage,https://www.youtube.com/watch?v=9Uo5ylYxeF0
یک میلیون و دویست بده خالت رو برات بردارم#shorts,https://www.youtube.com/watch?v=l5OouRBPGdw
میخوام قبل از مرگم با ژاکلین خداحافظی کنم#shorts,https://www.youtube.com/watch?v=Xdgy7DxFD2w
پنج میلیون میگیرم ، عروق مغزت رو هواگیری میکنم#shorts,https://www.youtube.com/watch?v=jeRTF-pptDY
فیلم سینمایی عروس فراری - پشت صحنه | Film Aroose Farari - Backstage,https://www.youtube.com/watch?v=Gb1O6VASc0E
میشه فرمول نیمرو رو به من بگین#shorts,https://www.youtube.com/watch?v=61WY6hDuSNM
تله تئاتر خورشید و خاکستر | Tele Theater Khorshido Khakestar,https://www.youtube.com/watch?v=XOG4bhEap3M
رفته داروخانه میگه یک دریچه آئورت سمت چپ میخوام#shorts,https://www.youtube.com/watch?v=_wv6Vx6Eo3U
فیلم سینمایی شارلاتان - پشت صحنه | Film Sharlatan - Backstage,https://www.youtube.com/watch?v=OUlrtcQkUY0
تو یک دانشمند نابغه ای#shorts,https://www.youtube.com/watch?v=UFMxMgcQXJA
تله تئاتر خدا را هجی کن | Tele Theater Khoda Ra Heji Kon,https://www.youtube.com/watch?v=sOqURFjRm4o
ایشالله شادیاتون ویتامین سی بدیم#shorts,https://www.youtube.com/watch?v=qkBf-NzS8eU
برای دوتا کلیه چک سفید امضاء میده#shorts,https://www.youtube.com/watch?v=W3YNiggwwto
فیلم سینمایی رز زرد - پشت صحنه | Film Roze Zard - Backstage,https://www.youtube.com/watch?v=l93CC0ZMuRc
من یک کیس هلو بودم که دخترا خرجم میکردن - سریال شوخی کردم,https://www.youtube.com/watch?v=2auxzRlIlzE
یک دختر خوشگل میشینه جلو من دیگه نمیتونم کارم رو انجام بدم#shorts,https://www.youtube.com/watch?v=cz6DxP8I86o
تله تئاتر طالع عشق | Tele Theater Talee Eshgh,https://www.youtube.com/watch?v=gFvClt_amLE
این دارو دیگه وارد نمیشه ، داخل هم تولید نمیشه#shorts,https://www.youtube.com/watch?v=M99GUL_lGOU
فیلم سینمایی شبهای تهران - پشت صحنه | Film Shabhaye Tehran - Backstage,https://www.youtube.com/watch?v=wwyg--vKLlY
رو آب بخندی#shorts,https://www.youtube.com/watch?v=jkCAlY1mGI8
تله تئاتر زندگی با حفظ سمت | Tele Theater Zendegi Ba Hefze Semat,https://www.youtube.com/watch?v=GZ8iYWfO8XE
داشتم کشکک زانو عمل میکردم که ملودی جدید بهم الهام شد#shorts,https://www.youtube.com/watch?v=Hsx_kOwEC-Q
فیلم سینمایی تکیه بر باد - پشت صحنه | Film Tekye Bar Baad - Backstage,https://www.youtube.com/watch?v=6liFKQF8uas
تو هویجی ،از  خانواده ی صیفی جات#shorts,https://www.youtube.com/watch?v=RgCON6Fn2vo
تله تئاتر حزن و غم | Tele Theater Hozn va Gham,https://www.youtube.com/watch?v=y1coMWGtfVo
کلیه شوهر من سنگ سازه#shorts,https://www.youtube.com/watch?v=AYxbGzO358E
مگه میشه شوهر آدم فیلم بسازه ، آدم توش بازی نکنه#shorts,https://www.youtube.com/watch?v=8swbTVPnBdE
فیلم سینمایی رژیم طلایی - پشت صحنه | Film Rejime Talaei - Backstage,https://www.youtube.com/watch?v=J2dFvLqX7A4
من قصد ازدواج ندارم خانوم#shorts,https://www.youtube.com/watch?v=_y7lQ4l31Fg
شوهرم گفت کدوم نقش رو دوست داری بازی کنی#shorts,https://www.youtube.com/watch?v=YRkA_PxI0zc
شوهرم نمیتونه بچه دار بشه#shorts,https://www.youtube.com/watch?v=yAy1K8aEzAc
تله تئاتر غزل واژه یک قصه | Tele Theater Ghazal Vazhe Yek Gheseh,https://www.youtube.com/watch?v=9mSs4788xyI
شما یکذره بالا پایینت، پایینه - سریال شوخی کردم,https://www.youtube.com/watch?v=7UpKjVyUy1w
دکتر موقع عمل کلیه خودش رو به مریض اهدا میکنه#shorts,https://www.youtube.com/watch?v=4VwkqeWqa9w
فیلم سینمایی تحفه هند - پشت صحنه | Film Tohfe Hend - Backstage,https://www.youtube.com/watch?v=DW4BZ2D1vws
داشتم درباره ی خواستگارای سابقم با شوهرم حرف میزدم#shorts,https://www.youtube.com/watch?v=29ZAi54tN9E
تله تئاتر یک مسافر | Tele Theater Yek Mosafer,https://www.youtube.com/watch?v=jSWcM5cdoxo
دکترها عاشق نمیشوند#shorts,https://www.youtube.com/watch?v=gIB9LbufGf8
به زور حساب بانکی و مدرسه غیر انتفاعی بچشون دکتر میشه#shorts,https://www.youtube.com/watch?v=9pSdaP5ZOjw
فیلم سینمایی نیش - پشت صحنه | Film Nish - Backstage,https://www.youtube.com/watch?v=5ujVPYLn998
تو دیگه حرف نزن هویج#shorts,https://www.youtube.com/watch?v=Qmhx7M3rk78
تله تئاتر مبارزان کازبا | Tele Theater Mobarezane Kazba,https://www.youtube.com/watch?v=Vj6oxqmi50k
زنم میگه من سلامت روان ندارم#shorts,https://www.youtube.com/watch?v=R159i-9m8lM
فیلم سینمایی دو روی سکه - پشت صحنه | Film Do Rouye Sekeh - Backstage,https://www.youtube.com/watch?v=D-uOnY6Z8XM
تله تئاتر شمعدان نقره | Tele Theater Shamdane Noghre,https://www.youtube.com/watch?v=iegd1NGBlqM
بی هوش کردن مریض با گلدون#shorts,https://www.youtube.com/watch?v=PmokeDZg4UU
فیلم سینمایی گروگان - پشت صحنه | Film Gerogan - Backstage,https://www.youtube.com/watch?v=KKw9KsC8378
صدبار بهت گفتم به من نگو بی عرضه#shorts,https://www.youtube.com/watch?v=LYMzhrQkDwE
تله تئاتر تهیدستان | Tele Theater Tohidastan,https://www.youtube.com/watch?v=QCJdT8xL6XE
حجامت با زالو در مترو#shorts,https://www.youtube.com/watch?v=d0q4_1lu9lg
این کفش قدت رو 2 تا 6 سانت بلند میکنه#shorts,https://www.youtube.com/watch?v=AkkIGZZEfEI
فیلم سینمایی دوستان - پشت صحنه | Film Doostan - Backstage,https://www.youtube.com/watch?v=-6OXxnmbhYo
دو دستی بزن تو سر من#shorts,https://www.youtube.com/watch?v=HoFcwrqfz6c
تله تئاتر سفر چونگ لی | Tele Theater Safare Chong Lee,https://www.youtube.com/watch?v=s_9sn3T9QMM
تزریقات سرپایی در مترو#shorts,https://www.youtube.com/watch?v=8uakcVlLjNc
فیلم سینمایی غریبه - پشت صحنه | Film Gharibeh - Backstage,https://www.youtube.com/watch?v=4NdkYZR8ess
ما خودمون یک عمر همه رو میپیچونیم#shorts,https://www.youtube.com/watch?v=rEIOHwJthp4
تله تئاتر کنار شیر آتش نشانی | Tele Theater Kenare Shire Atashneshani,https://www.youtube.com/watch?v=3Lc0l7ikieU
سقط جنین لیزری#shorts,https://www.youtube.com/watch?v=tPp2gjLo6D8
تله تئاتر کارول | Tele Theater Carol,https://www.youtube.com/watch?v=GZ90_vUukgc
من شکمم خوب کار میکنه#shorts,https://www.youtube.com/watch?v=l3ocsRshPsg
بزرگترین دشمن سلامت روان  فقر است#shorts,https://www.youtube.com/watch?v=GCzPfappbrE
به قبر همه ی اجدادش خندیده#shorts,https://www.youtube.com/watch?v=SLPLDcJXK1Y
تله تئاتر وهم عکس | Tele Theater Vahme Ax,https://www.youtube.com/watch?v=7Vx62EPDVLw
زیر پاش پشگل دود میکردن#shorts,https://www.youtube.com/watch?v=DFAljPI9W5w
برادرم و همکارم پای تلفن شوخی زشت میکنن#shorts,https://www.youtube.com/watch?v=5q6yigbYLrw
تله تئاتر وکیل امریکایی | Tele Theater Vakile Americaei,https://www.youtube.com/watch?v=ifcdzb0ZUbk
سس خون#shorts,https://www.youtube.com/watch?v=3JleqoG7j-w
به قبر همه ی اجدادش خندیده#shorts,https://www.youtube.com/watch?v=4kylUVMgVMw
تله تئاتر شبی در مسافرخانه | Tele Theater Shabi Dar Mosaferkhaneh,https://www.youtube.com/watch?v=JHFcTRT6o1Y
تبدیل به کرم های زنده در بدن شما میشوند#shorts,https://www.youtube.com/watch?v=u4Jv4aYXdDE
خوشحالم که به شوهرم سوء قصد شده#shorts,https://www.youtube.com/watch?v=YuOEe0uCOnc
تله تئاتر برادری و برابری | Tele Theater Baradari va Barabari,https://www.youtube.com/watch?v=VeUMKwoFP7c
آفرین به همکاراتون#shorts,https://www.youtube.com/watch?v=U1ByIyoDgz4
این برنامه صحنه هایی دارد که مناسب هیچکس نیست#shorts,https://www.youtube.com/watch?v=6sYofiqSvN0
خوش قیافه هست پدرسگ#shorts,https://www.youtube.com/watch?v=b2-GMWuLzV8
تله تئاتر میزبان | Tele Theater Mizban,https://www.youtube.com/watch?v=sgb3hzM7MYo
پلیس قاطی کرد#shorts,https://www.youtube.com/watch?v=7heyn7MjYtY
فیلم سینمایی سلام بر عشق - پشت صحنه | Film Salam Bar Eshgh - Backstage,https://www.youtube.com/watch?v=DSv-ZiMbgYc
آدم میکشیم ، لبخند میزنیم ، دیه میدیم#shorts,https://www.youtube.com/watch?v=uhxrIEcVS3k
ما خودمون این کاره هستیم ،گوش میبریم#shorts,https://www.youtube.com/watch?v=kvXsoIw_f6w
تله تئاتر نوکرها و ارباب ها | Tele Theater Nokarha va Arbabha,https://www.youtube.com/watch?v=YC2Q3IO6PgE
ما اصلا تو جامعمون خشونت نداریم#shorts,https://www.youtube.com/watch?v=D12_fmX8haM
خارجی جماعت اصلا بدرد رفاقت نمیخوره#shorts,https://www.youtube.com/watch?v=QRA2JS2xQA8
تله تئاتر سقوط  | Tele Theater Soghout,https://www.youtube.com/watch?v=O6E1MMkSKOk
فیلم سینمایی آواز قو - پشت صحنه | Film Avaze Ghoo - Backstage,https://www.youtube.com/watch?v=SfFPuTpmFPE
برای عشق و حال جیگرکی نمیرن که#shorts,https://www.youtube.com/watch?v=nzUWfddCPek
تله تئاتر مردی از دریا  | Tele Theater Mardi Az Darya,https://www.youtube.com/watch?v=qBv9SBGpYsQ
خانوم ها که از هم جدا میشن میگن ای موزمار مارمولک#shorts,https://www.youtube.com/watch?v=Epw7U9lUuUo
فیلم سینمایی بهشت پنهان - پشت صحنه | Film Beheshte Penhan - Backstage,https://www.youtube.com/watch?v=5uERonpKc4M
تله تئاتر تاجر ونیزی 6 | Tele Theater Tajer Venizi 6,https://www.youtube.com/watch?v=FyW7c2jUVY0
به ریال درمیاریم به دلار خرج  میکنیم#shorts,https://www.youtube.com/watch?v=yz4wLapSMVM
تله تئاتر تاجر ونیزی 5 | Tele Theater Tajer Venizi 5,https://www.youtube.com/watch?v=-YRh0xAZpxI
تله تئاتر تاجر ونیزی 4 | Tele Theater Tajer Venizi 4,https://www.youtube.com/watch?v=u0kCUFBXp3U
این چه طرز رفتار با یک تروریسته ؟#shorts,https://www.youtube.com/watch?v=dKpemIV7v08
تله تئاتر تاجر ونیزی 3 | Tele Theater Tajer Venizi 3,https://www.youtube.com/watch?v=bivLSqgbkfo
فیلم سینمایی پاکباخته - پشت صحنه | Film Pakbakhteh - Backstage,https://www.youtube.com/watch?v=ivkNvV4NvO0
تله تئاتر تاجر ونیزی 2 | Tele Theater Tajer Venizi 2,https://www.youtube.com/watch?v=b3Xl_wn7Wes
این دختره تو گلوم گیر کرده#shorts,https://www.youtube.com/watch?v=iKgC4_XOVRM
تله تئاتر تاجر ونیزی 1 | Tele Theater Tajer Venizi 1,https://www.youtube.com/watch?v=_cCi3ypt7cM
ما از دوماهگی با پس گردنی بزرگ شدیم#shorts,https://www.youtube.com/watch?v=iHIBwwCO8QY
فحش بدی ولی معلوم نباشه چه فحشی داری میدی#shorts,https://www.youtube.com/watch?v=vZS_l_7fJTM
فیلم سینمایی سوغات فرنگ - پشت صحنه | Film Soghate Farang - Backstage,https://www.youtube.com/watch?v=7mmCeoZFQAU
هی به خودت بگو فدای سرم#shorts,https://www.youtube.com/watch?v=_JNTzc_hbAo
تله تئاتر خانواده تت | Tele Theater Khanevadeh Toth,https://www.youtube.com/watch?v=3CC4l1YDzw0
دیروز پشت سرم بوق زدی الان باید کتک بخوری#shorts,https://www.youtube.com/watch?v=ew5J84Fmyws
فیلم سینمایی عطش - پشت صحنه | Film Atash - Backstage,https://www.youtube.com/watch?v=0pWlzO00aQY
هویج من که بیمارستان بودم#shorts,https://www.youtube.com/watch?v=jReXVXq8DBw
تله تئاتر اترار نامه | Tele Theater Etrar Nameh,https://www.youtube.com/watch?v=KI3i7KISVDE
هشتاد درصد دعواهای خیابانی سر نگاه بود#shorts,https://www.youtube.com/watch?v=MgORnjoC5_c
ننت گلف باز بود یا آقات ؟#shorts,https://www.youtube.com/watch?v=8-8j40WwJ8c
به ازای هر دعوا کننده ، سه تا سوا کننده وجود داشت#shorts,https://www.youtube.com/watch?v=OGv4ebCBo9k
فیلم سینمایی کلاغ پر - پشت صحنه | Film Kalagh Par - Backstage,https://www.youtube.com/watch?v=hn7_B-Q5I8Y
فیلم سینمایی دردسر بزرگ - پشت صحنه | Film Dardesare Bozorg - Backstage,https://www.youtube.com/watch?v=kUDtaBouoy4
تله تئاتر دفینه گندم 3 | Tele Theater Dafineh Gandom 3,https://www.youtube.com/watch?v=MFo6obOcw54
این شادی 48 کشته و زخمی به جای گذاشت#shorts,https://www.youtube.com/watch?v=BK3hFb-xoho
تله تئاتر دفینه گندم 2 | Tele Theater Dafineh Gandom 2,https://www.youtube.com/watch?v=NA8PLTs0udE
تله تئاتر دفینه گندم 1 | Tele Theater Dafineh Gandom 1,https://www.youtube.com/watch?v=-ib0k-yqWAc
یک پیرزن74 ساله را به جرم سرعت غیر مجاز به سیخ کشید#shorts,https://www.youtube.com/watch?v=gK4dtDKUpqg
فیلم سینمایی پس کوچه های شمرون - پشت صحنه | Film Pas Kouchehaye Shemroun - Backstage,https://www.youtube.com/watch?v=8EKGl42x4Tw
توام عین بابات دیوونه ای#shorts,https://www.youtube.com/watch?v=q0Ofs0ubi20
تله تئاتر حکایت نامه (بکوب بکوب) | Tele Theater Hekayat Nameh (Bekoob Bekoob),https://www.youtube.com/watch?v=LsKaM0O7b74
زنان و کودکان آمریکا کمترین میزان کلیه را دارند#shorts,https://www.youtube.com/watch?v=E9qZM0Wz9Hk
فیلم سینمایی دختر شاه پریون - پشت صحنه | Film Dokhtare Shahe Pariyoon - Backstage,https://www.youtube.com/watch?v=UhUV-IBBhec
چهارصد روده کوچک را طی 4 سال قاچاق کرده است#shorts,https://www.youtube.com/watch?v=1K9TkllLenY
ما به خانم های نامحرم دست نمیدیم#shorts,https://www.youtube.com/watch?v=EUAPCB-q4Ao
تله تئاتر حکایت نامه (مداوای حکیمانه) | Tele Theater Hekayat Nameh (Modavaye Hakimane),https://www.youtube.com/watch?v=9BcuKK5aF24
متاستفانه بین اجساد زن و کودک نیست#shorts,https://www.youtube.com/watch?v=Dx6Zf9Gor9s
فیلم سینمایی آقای هفت رنگ - پشت صحنه | Film Aghaye Haft Rang - Backstage,https://www.youtube.com/watch?v=_3qu4hgSRCE
عشق و عاشقی که سن و سال نمیشناسه#shorts,https://www.youtube.com/watch?v=2ZBAHITPIyA
تله تئاتر حکایت نامه (سلطان بر تخت) | Tele Theater Hekayat Nameh (Soltan bar Takht),https://www.youtube.com/watch?v=ADa0GpnEpcE
فیلم سینمایی زن ها فرشته اند - پشت صحنه | Film Zanha Fereshteand - Backstage,https://www.youtube.com/watch?v=zFovxddGmQ0
قحطی و خشکسالی جان هزاران نفر را در اتحادیه اروپا گرفته است#shorts,https://www.youtube.com/watch?v=ssxJs5zMsYM
این تسبیح به رنگ چشماتون بیشتر میاد#shorts,https://www.youtube.com/watch?v=VJfLmPup7PU
تله تئاتر دو مرغابی در مه | Tele Theater Do Morghabi dar Meh,https://www.youtube.com/watch?v=3m3DwcAYH70
زنده زنده در آتش سوزاند#shorts,https://www.youtube.com/watch?v=1oZhuhQ-uQ8
باید بیای خارج دزدی یاد بگیری بری تو مملکت خودت خرجش کنی#shorts,https://www.youtube.com/watch?v=QhHDoEQUYik
تله تئاتر دست بالای دست | Tele Theater Dast Balaye Dast,https://www.youtube.com/watch?v=aijhQTIkfIk
سد فروریخت چون سوراخ بود#shorts,https://www.youtube.com/watch?v=cTYnTAW4lzk
اومدی پاریس عشق و حال#shorts,https://www.youtube.com/watch?v=EW7-Cwq2004
فیلم سینمایی برگزیده - کامل | Film Bargozideh - Full Movie,https://www.youtube.com/watch?v=x3hFuoc3PUs
شایعه ی وقوع زلزله ی 10 ریشتری در تهران تایید شد#shorts,https://www.youtube.com/watch?v=hI2Qs3xnic0
همه ی مردها از خرید فراری هستن#shorts,https://www.youtube.com/watch?v=J6W960emczA
اگه میخواین قاتل بشین کلاس برین ، دوره هاش رو بگذرونین#shorts,https://www.youtube.com/watch?v=PBlSOPCSCOk
برای دفاع از خویشتن خویش چاقو کشی کردم#shorts,https://www.youtube.com/watch?v=Jr-vVWJbCuA
غلط نکنم پیرزن چشمش تورو گرفته#shorts,https://www.youtube.com/watch?v=_DVffIioBYQ
مهران احمدی در یک فیلم یک داستان | Yek Film Yek Dastan,https://www.youtube.com/watch?v=7GhsXKDv0eg
من عربده کشی نکردم ، ما خانوادگی دیافراگممون بازه#shorts,https://www.youtube.com/watch?v=zKk3KK4CHrU
بوس گرفت اومد فرانسه#shorts,https://www.youtube.com/watch?v=TTwiGGNF0s8
سحر زکریا و شهره سلطانی در فیلم زنی از کوچه پشتی | Zani Az Kooche Poshti,https://www.youtube.com/watch?v=RGvQDpo3WoA
شما نوامیس به من بده ، عین دست گل تحویل بگیر#shorts,https://www.youtube.com/watch?v=cnRYTN-L2kg
مرد ایرانی کره ی ماه هم بره دختر اصیل ایرانی رو انتخاب میکنه#shorts,https://www.youtube.com/watch?v=RJ_YQlV-eHo
تله تئاتر نوانخانه ای ها | Tele Theater Navankhaneiha,https://www.youtube.com/watch?v=hpiJ4hKmQKo
شما جای من باشی مقاومت نمیکنی؟#shorts,https://www.youtube.com/watch?v=5b6guY75sf0
پیچ گوشتی رو برمیداره میکنه تو طحالت#shorts,https://www.youtube.com/watch?v=hnmM6o5GCEA
کسی که وسط ناف پاریس سبزی پلو ماهی سفارش میده اصیله#shorts,https://www.youtube.com/watch?v=GvQHoxM3GJ8
تله تئاتر زمستان 66 | Tele Theater Zemestan 66,https://www.youtube.com/watch?v=DyafmtKA93w
بیشتر هزینه های فیلم صرف دیه ی بازیگران شد#shorts,https://www.youtube.com/watch?v=v_MpiJJ8KtI
شما من رو یاد شوهر خدا بیامرزم انداختین#shorts,https://www.youtube.com/watch?v=BfaivzD7d6s
فیلم سینمایی به رنگ حضور - کامل | Film Be Range Hozour - Full Movie,https://www.youtube.com/watch?v=-cejNHwykYc
حتی اون صحنه ی سوختن بازیگر هم جلوه های ویژه نبود#shorts,https://www.youtube.com/watch?v=CCivI93-pAc
ازدواج قصد نمیخواد ، خواستگار میخواد#shorts,https://www.youtube.com/watch?v=7pn5V_uFuow
محمود پاک نیت و مهوش صبرکن در فیلم گهواره | Gahvareh,https://www.youtube.com/watch?v=42lQvVILIBE
به اسب اصیل ترکمن دینامیت بستیم#shorts,https://www.youtube.com/watch?v=ZXiSn0BTw1w
ما اعتقادی به جلوه های ویژه نداریم#shorts,https://www.youtube.com/watch?v=w3kQ6rpwe70
دست فرمونش مثل دستپختش فوق العادس#shorts,https://www.youtube.com/watch?v=j0vX7mBIK5g
فیلم سینمایی دومین ملاقات - کامل | Film Dovomin Molaghat - Full Movie,https://www.youtube.com/watch?v=T1C7iE1FZiY
فکر کرده هرچی گنده تر باشه  چیزتره#shorts,https://www.youtube.com/watch?v=GI0E-nE4NA0
بخوام تعریف کنم ، میگن از دخترش تعریف کرد#shorts,https://www.youtube.com/watch?v=tmBMz0MHijI
هشتصد میلیون مهرش  رو اجرا گذاشته#shorts,https://www.youtube.com/watch?v=lSn_3tUqIjQ
هیچیم نبود فقط چندتا باد گلو میزدم#shorts,https://www.youtube.com/watch?v=QgJJWDZtJ1M
باید دستش رو از بازو قطع کرد#shorts,https://www.youtube.com/watch?v=SlmIE5AXWuo
با لباس سفید رفتم ، با کفش سفید برمیگردم#shorts,https://www.youtube.com/watch?v=kf42-whXtpk
باید این دانشمند رو شام دعوت کنیم#shorts,https://www.youtube.com/watch?v=MxcCQ_AF4ow
امیر کربلایی زاده در فیلم آقا ممنون | Agha Mamnoon,https://www.youtube.com/watch?v=T16ZB4T3OG4
آقامون کتکم زده#shorts,https://www.youtube.com/watch?v=iX5bSEkjo4M
قرص های این دکتره رو باید ریخت تو توالت#shorts,https://www.youtube.com/watch?v=0I9e9yUpfh8
با این لباس کجا داری میری#shorts,https://www.youtube.com/watch?v=7XZLzMJRhJo
این واسه اون ماجراتم خوبه#shorts,https://www.youtube.com/watch?v=gz3kMMGNR2o
قرص های ضد توهم دکتر همیلا#shorts,https://www.youtube.com/watch?v=5WlfhgBGWxE
من عاشق پایان باز هستم#shorts,https://www.youtube.com/watch?v=CeW3QBOH1x4
پانصد هزار یورو بریزیم تو حساب یک ساقی ؟#shorts,https://www.youtube.com/watch?v=yA_J7vcaTqM
من خجالت میکشم با خانواده فیلم شما رو نگاه کنم#shorts,https://www.youtube.com/watch?v=FxYlfD7WbYs
چه خر و پفی میکنه دکتر#shorts,https://www.youtube.com/watch?v=wllhDZ_d6dE
برنامه ی ما خانواده در سینما و سینما در خانوادست#shorts,https://www.youtube.com/watch?v=458KHuxYMeE
بگیر بخواب گوگولیه ی من#shorts,https://www.youtube.com/watch?v=VKXmtJAjEjs
سیاوش مفیدی و کتایون امیرابراهیمی در فیلم اشک انار | Ashke Anar,https://www.youtube.com/watch?v=S7j4aftUf1g
مردای ایرانی چهل و سه بار عاشق میشن#shorts,https://www.youtube.com/watch?v=BwQk4SMCYeE
کتک زدن برای زن خوبه#shorts,https://www.youtube.com/watch?v=CfSgk5G2rbU
آفتابه لگن هفت دست ، شام و ناهار هیچی#shorts,https://www.youtube.com/watch?v=Axk-4fxGCGM
تا نمیزدمش خوابش نمیبرد#shorts,https://www.youtube.com/watch?v=isADZg7nHN0
زنم رو طلاقش دادم#shorts,https://www.youtube.com/watch?v=Io7vVJQV7x0
مگه تو غیرت نداری ؟#shorts,https://www.youtube.com/watch?v=VKvOv0hmFNg
من نجسی نمیخورم#shorts,https://www.youtube.com/watch?v=RKBA6RkS2Pw
چمدونت رو جمع کن برو خونه ی شوهرت#shorts,https://www.youtube.com/watch?v=f3bWwWHzlg8
باورم نمیشد محل سگ بهم بزاره ، چه برسه عاشقم بشه#shorts,https://www.youtube.com/watch?v=_FWSf2sbLDI
دماغم جوش زده#shorts,https://www.youtube.com/watch?v=jGVrmOyuClo
ابروهام رو یک درجه روشن کردم بیشعور#shorts,https://www.youtube.com/watch?v=QI6Ks2EOp0I
برات متاسفم#shorts,https://www.youtube.com/watch?v=ybRQSLhQo8I
من چه تغییری کردم ؟#shorts,https://www.youtube.com/watch?v=yU7wYhkkooU
همه ی دانشمندها دست و پا چلفتی هستن#shorts,https://www.youtube.com/watch?v=8ybSZVyZ1Z4
بیشترین آمار طلاق مال پنج سال اول زندگی مشترکه#shorts,https://www.youtube.com/watch?v=M8Pt0n9z6z8
اون زن حق منه ، طلاقش نمیدم#shorts,https://www.youtube.com/watch?v=2nqVQqBoIjk
چه بلایی سرمریض بیچاره آوردن#shorts,https://www.youtube.com/watch?v=gnSvatIVVxM
مادرزنش رو با ماشین زیر گرفته#shorts,https://www.youtube.com/watch?v=4z0gKvUZkAg
اونقدری هست که  بچه و نوه و نتیجتون در راحتی کامل به سر ببرن#shorts,https://www.youtube.com/watch?v=LwvvEfD3q1o
دوستام معتاد نیستن ، تفریح کار هستن#shorts,https://www.youtube.com/watch?v=MtiJSqwghh4
من بچگیام خیلی کوچیک بودم#shorts,https://www.youtube.com/watch?v=TN-643OJD6M
یکی از من خورد ، یکی از دیوار#shorts,https://www.youtube.com/watch?v=QouaAK81YQM
مردی که زنش رو بزنه از زن کمتره#shorts,https://www.youtube.com/watch?v=oEYpWWxdZPM
ببند دهنت رو#shorts,https://www.youtube.com/watch?v=qxsDFRlb6Vk
خانمم هروقت میخواد دلبری کنه میره ازم شکایت میکنه#shorts,https://www.youtube.com/watch?v=WwxOc030qfY
مگه تو گاندی هستی که میگی من متعلق به شما هستم#shorts,https://www.youtube.com/watch?v=4y4858NUQ14
میخواد از زندان مرخصی بگیره بره سواحل مدیترانه#shorts,https://www.youtube.com/watch?v=PHynCmciGew
ماچ میفرستی برای مردم ؟#shorts,https://www.youtube.com/watch?v=zilSRg181og
سفره ی عقد متری یک و دویست#shorts,https://www.youtube.com/watch?v=Kn9WlJxaNws
هفته ای یکبار مکان در اختیار جوون ها قرار بگیره#shorts,https://www.youtube.com/watch?v=cQEdBd0aepU
مگه من سیگاری هستم فندک داشته باشم#shorts,https://www.youtube.com/watch?v=I1iaWJCw8ug
الان از جیب باقری یک خرگوش درمیاد#shorts,https://www.youtube.com/watch?v=Gq0xlD20h0Y
دعوای جراح و همسرش در اتاق عمل#shorts,https://www.youtube.com/watch?v=OdzqSQPOFLs
این آزمایشه یا شعبده بازی ؟#shorts,https://www.youtube.com/watch?v=x0iPzgktnhY
فرهاد اصلانی و عباس جمشیدی فر در فیلم شاخ به شاخ | Shakh Be Shakh,https://www.youtube.com/watch?v=SjluGsUGV8I
خواهرت دیپلم گلدوزی داره،بهش میگن مهندس#shorts,https://www.youtube.com/watch?v=TqIV26HMvD8
بهش میگن مسیر اختراعت رو بگو ادرس مسیر خونشون رو میده#shorts,https://www.youtube.com/watch?v=-DEIxFCh8ps
خواهرت میترکه یک شب دیگه بیاد خونمون؟#shorts,https://www.youtube.com/watch?v=gBHe2lqq_Co
من برای کی دارم حرف میزنم ؟ اینا که دارن آهنگ گوش میدن#shorts,https://www.youtube.com/watch?v=vKfgA-JV2jA
تبریک میگم مثل اینکه پدرتون فوت کردن#shorts,https://www.youtube.com/watch?v=Pp6bExlYGCM
مشکل فنی خانومتون حل شد ؟#shorts,https://www.youtube.com/watch?v=O-Jgze64AOc
بهش آب کله پاچه میدن که زودتر بمیره#shorts,https://www.youtube.com/watch?v=BbMKFq8XsKI
دو جنسه هستش#shorts,https://www.youtube.com/watch?v=RF4XsvqRM_A
پدر آقای داماد قرار فوت کنن بتونیم وام بگیریم#shorts,https://www.youtube.com/watch?v=EaFg9XccSzg
کاش همسرتون تو این لحظه ی غرورآمیز اینجا بودن#shorts,https://www.youtube.com/watch?v=EPlBo9q_49A
ایشون تا ده دقیقه ی دیگه فوت میکنن#shorts,https://www.youtube.com/watch?v=-IQt1DxRP20
همه ی دانشمندها دیوونه هستن#shorts,https://www.youtube.com/watch?v=4V9kYlScAKM
از بابات قرض کن مهریه من رو بده#shorts,https://www.youtube.com/watch?v=J6V8pWP3JzE
باهم رفتن دستشویی#shorts,https://www.youtube.com/watch?v=XfplWdEx9Dg
بیا مهریه من رو بده آزاد شی باهم زندگی کنیم دیگه#shorts,https://www.youtube.com/watch?v=eckDoGXqKbc
ما از اوناش نیستیم#shorts,https://www.youtube.com/watch?v=ciJVdbybk8Q
شل کنین خواهشا#shorts,https://www.youtube.com/watch?v=dIm3Y7srrWM
همه ی دانشگاه های پاریس از شما استقبال میکنن#shorts,https://www.youtube.com/watch?v=4NAwWHjXbAY
مهریه مانور قدرته، پیش خاله اشرف اینا#shorts,https://www.youtube.com/watch?v=wCIYRqMhKso
پول ازش بگیریم بزنیم به چاک#shorts,https://www.youtube.com/watch?v=30ek9Gw9YNo
کی اشک هات رو پاک میکنه شبها که غصه داری ؟#shorts,https://www.youtube.com/watch?v=vqtXN-89d88
دوتا کلمه نتونستی حفظ کنی#shorts,https://www.youtube.com/watch?v=aOSaNtfRjlQ
دوره ی ما بهتر خودکشی میکردیم#shorts,https://www.youtube.com/watch?v=Vn9AX6gCMBw
من به بچه های ایرانی افتخار میکنم#shorts,https://www.youtube.com/watch?v=kosdJM4t79A
تو توی پارک زندگی میکنی#shorts,https://www.youtube.com/watch?v=XRPuzffS5X4
بزن روشن شی#shorts,https://www.youtube.com/watch?v=n0hj4A83l18
این عربده بود یا صدای سوسک ماده ؟#shorts,https://www.youtube.com/watch?v=wqWR_cjICNw
بادیگاردی که به من دادین خیلی اسکله#shorts,https://www.youtube.com/watch?v=Co3_4izxWAo
خاک تو سرت کنن میترسی#shorts,https://www.youtube.com/watch?v=pKDR_zsVNL8
من مدیربرنامت هستم ، نوکر بابات که نیستم#shorts,https://www.youtube.com/watch?v=G9KTFADsnGc
میترسی زن بگیری#shorts,https://www.youtube.com/watch?v=BR60eOCc1l0
به جای من دستشویی هم میری ؟#shorts,https://www.youtube.com/watch?v=xSopgcsKUx0
زن بگیر بدبخت#shorts,https://www.youtube.com/watch?v=MccHtlT5G4k
من دیگه جمشید نیستم ، جیمی صدام کن#shorts,https://www.youtube.com/watch?v=uiBO0lEY0hg
با ورود اینترنت به کشور ارتباط دختر پسرها راحت شده#shorts,https://www.youtube.com/watch?v=IhD7XW_a9yA
تا نوبتش بشه برای آزمایش خودش را خیس کرد#shorts,https://www.youtube.com/watch?v=hW4zifW97gE
اون رو چیز کن رو این#shorts,https://www.youtube.com/watch?v=1_xpZHiZPWM
من الان از گور بابای کی آبغوره بکشم بیرون#shorts,https://www.youtube.com/watch?v=mm-d_YPMpEs
خالی بسته محافظ صدام حسینه که بتونه پناهندگی بگیره#shorts,https://www.youtube.com/watch?v=jnzGNh26AqM
من با شغلم ازدواج کردم#shorts,https://www.youtube.com/watch?v=w4d9hXQh39w
مواد فروش شدن گلزار#shorts,https://www.youtube.com/watch?v=p_u3lzKFke4
فیلم کلاغ - فیلم کوتاه | Film Kalagh - Short Movie,https://www.youtube.com/watch?v=zHMFGTzYV9A
من دستشویی دارم ، از چشمام داره میزنه بیرون#shorts,https://www.youtube.com/watch?v=IbJryYtMtz0
هرچی بشم بهتر ازاینکه موادفروش بشم#shorts,https://www.youtube.com/watch?v=GEl8m2vMoao
من رو از پرقو کشیدی بیرون علف بفروشیم ؟#shorts,https://www.youtube.com/watch?v=JGvyP02PFiU
فیلم سورپرایز - فیلم کوتاه | Film Surprise - Short Movie,https://www.youtube.com/watch?v=2E17WdvAq40
من نمیتونم دیگه خودم رو نگه دارم#shorts,https://www.youtube.com/watch?v=ob7yfdiWve4
داشت شلوارش رو میکشید پایین مهمون اومد#shorts,https://www.youtube.com/watch?v=GHPcevOVOdA
این ها گیاه محترم شاهدونه هست#shorts,https://www.youtube.com/watch?v=JumrWFJZuds
فیلم مصیب - تیزر | Film Mosayeb - Teaser,https://www.youtube.com/watch?v=ipOVmjad0lc
ازدواج موجب کاهش چربی میشود#shorts,https://www.youtube.com/watch?v=F-OdMjx7M-8
ایران و ایرانی عین ناموسم میمونه#shorts,https://www.youtube.com/watch?v=IAhRryyAm0Y
فیلم واکنش - فیلم کوتاه | Film Vakonesh - Short Movie,https://www.youtube.com/watch?v=u1BzXjc824Q
در این عروسی هجده هزار موز حیف و میل شده است#shorts,https://www.youtube.com/watch?v=TNMCUjDjQ_k
چون به ایرانیها توهین کرد ، گلزار زدش#shorts,https://www.youtube.com/watch?v=H1hYYJZwMLg
فیلم من کیمیا نیستم - فیلم کوتاه | Film Man Kimia Nistam - Short Movie,https://www.youtube.com/watch?v=BTup84ygqKI
اعتراض مردم به هزینه ی عروسی پرنس ویلیام#shorts,https://www.youtube.com/watch?v=VVwAKYT67D4
بچه ی تهرون رو دست کم گرفتی#shorts,https://www.youtube.com/watch?v=A00DYjE7-mk
فیلم زیباتر از هدیه - فیلم کوتاه | Film Zibatar Az Hedieh - Short Movie,https://www.youtube.com/watch?v=jXRJbNQlYYU
لنگی ها همه جمع هستن#shorts,https://www.youtube.com/watch?v=89mJupU27E0
فیلم مسافری از بهشت - فیلم کوتاه | Film Mosaferi Az Behesht - Short Movie,https://www.youtube.com/watch?v=xoLd1Zj2e4c
مهمترین عامل طلاق ، ازدواج است#shorts,https://www.youtube.com/watch?v=D3E0TdZDPLY
داشت کنار خیابون دست به آب میکرد#shorts,https://www.youtube.com/watch?v=mcZ1rq1Yikg
احمق تو الان خارجی محسوب میشی#shorts,https://www.youtube.com/watch?v=0Z_0pDG0k20
فیلم رو به آسمان - فیلم کوتاه | Film Ru Be Aseman - Short Movie,https://www.youtube.com/watch?v=HEHFjWH5seA
این عروسی موجب رانش زمین، قطع برق و وزش باد شده است#shorts,https://www.youtube.com/watch?v=UFMX21v1F34
من از هشت تا کشور دیپورت شدم#shorts,https://www.youtube.com/watch?v=Bm67-jBNP5c
فیلم قدمهای استوار - فیلم کوتاه | Film Ghadamhaye Ostovar - Short Movie,https://www.youtube.com/watch?v=EaGUWqMiNsc
افزایش قیمت سکه باعث استحکام بنیاد خانواده میشود#shorts,https://www.youtube.com/watch?v=b1TX0cMQXtw
کمپ یک پله از زندان بهتره#shorts,https://www.youtube.com/watch?v=nb65nbFf50A
فیلم سینمایی کلم پلو - کامل | Film Kalam Polo - Full Movie,https://www.youtube.com/watch?v=I09HJLP6uP4
سوزان عاشق سالوادور میشه#shorts,https://www.youtube.com/watch?v=yeS0hQoakI0
میخواد پناهنده بشه#shorts,https://www.youtube.com/watch?v=AClgIHKhDA8
فیلم اشک مادر - فیلم کوتاه | Film Ashke Madar - Short Movie,https://www.youtube.com/watch?v=r7kFt-Up1vY
ماجرای فیلم های ترکیه ای#shorts,https://www.youtube.com/watch?v=x95mZ-6Wfoc
کار نیروهای جاسوسی هست#shorts,https://www.youtube.com/watch?v=0OY6ND8sFm8
فیلم نگاه - فیلم کوتاه | Film Negah - Short Movie,https://www.youtube.com/watch?v=U8KtlGHsZRE
بچه که کلا تو مهدکودک بزرگ میشه#shorts,https://www.youtube.com/watch?v=bbtmvNzdAYo
بادیگاردش رو بخوری کرده#shorts,https://www.youtube.com/watch?v=71MCTlajw_s
آقا سرکاره ، خانوم تو پاساژا مشغول خرید#shorts,https://www.youtube.com/watch?v=YE9bdzDc8z4
گولاخ اون تو چیکار میکنه؟#shorts,https://www.youtube.com/watch?v=SVeLX0IL9cI
فیلم نذر - فیلم کوتاه | Film Nazr - Short Movie,https://www.youtube.com/watch?v=5P9fTOniT1A
از طلاق نترسید#shorts,https://www.youtube.com/watch?v=igyolodc6Bc
حاصل ازدواج فامیلی هستی که انقدر منگلی#shorts,https://www.youtube.com/watch?v=oHgp1SHZ3gM
فیلم کاکوی شیرازی - فیلم کوتاه | Film Kakoye Shirazi - Short Movie,https://www.youtube.com/watch?v=GBDrkg5CSu4
دکتر از مریضش خوشش اومده ، میگه باید حضوری بیای#shorts,https://www.youtube.com/watch?v=5vuwS743loI
اینجا خارجه ، یکم باهم صمیمی باشیم فکر میکنن از اوناش هستیم#shorts,https://www.youtube.com/watch?v=a5I32FR6TXo
سیروس گرجستانی و مریم امیر جلالی در فیلم ماشین مشدی ممدلی | Mashin Mashdi Mamdali,https://www.youtube.com/watch?v=-XaeYpNd_Mg
ما مردها وقتی انقدر باج میدیم داریم یک غلطی میکنیم#shorts,https://www.youtube.com/watch?v=nYM55uVJizg
رفتن یک رستوران ایرانی ، تو قلب پاریس#shorts,https://www.youtube.com/watch?v=60DRi43glRQ
فیلم آوای سکوت - فیلم کوتاه | Film Avaye Sokout - Short Movie,https://www.youtube.com/watch?v=Svy0oDw5O2k
شوهرم میگه رو در رو با من حرف نزن ، اس ام اس بده#shorts,https://www.youtube.com/watch?v=F-TAiq9tLFI
وسط رستوران بالا آورد#shorts,https://www.youtube.com/watch?v=jXrpbLg_U7E
فیلم سینمایی آیژ - پشت صحنه | Film Aizh - Backstage,https://www.youtube.com/watch?v=tonUQGHb5rQ
لنز سبز بذار شوهرت نگه زشتی#shorts,https://www.youtube.com/watch?v=QoGXojzIUYg
این قرار نیست تورو بخوره ، تو قراره این رو بخوری#shorts,https://www.youtube.com/watch?v=aB2HciHGs_s
شوهرت فحش میده ، توام بهش فحش بده#shorts,https://www.youtube.com/watch?v=yeQ8mmba-hM
مزرعه دارم واسه خودم#shorts,https://www.youtube.com/watch?v=4gN9RwkNnhg
اومدن خواستگاری ، دختر که نگرفتن هیچ  شام هم میخوان#shorts,https://www.youtube.com/watch?v=uzT_DjDj-IE
غلام کله خر رو با لیموزین آوردن اینجا#shorts,https://www.youtube.com/watch?v=ueOCkW5GZyQ
ازبس بی شعور هستن میخوان ازدواج کنن#shorts,https://www.youtube.com/watch?v=7n5vSuplHiM
اوه اوه بی ناموس#shorts,https://www.youtube.com/watch?v=HHfhp5oxpqc
فیلم سینمایی جهت مخالف - پشت صحنه | Film Jahate Mokhalef - Backstage,https://www.youtube.com/watch?v=H24By_AJKC0
دختر من تو کل روز هفت جمله حرف نمیزنه#shorts,https://www.youtube.com/watch?v=R6ErA46Y73k
ما اینجا دکتریم برای خودمون#shorts,https://www.youtube.com/watch?v=YQL6pg9FxBM
یوسف تیموری و رز رضوی در فیلم جهت مخالف | Film Jahate Mokhalef,https://www.youtube.com/watch?v=22D0MsS4LZU
آسیب پذیرترین قشر جامعه پدران دختران هستند#shorts,https://www.youtube.com/watch?v=ivQ9q7f0yD4
فیلم رابطه - تیزر | Film Rabeteh - Teaser,https://www.youtube.com/watch?v=U4Motd_lqY4
داره از ترس سکته میکنه#shorts,https://www.youtube.com/watch?v=AStDs7zDIXw
فیلم طبقه سوم واحد یک - فیلم کوتاه | Film Tabaghe Sevom Vahede Yek - Short Movie,https://www.youtube.com/watch?v=q-KN6cqG0VA
رنگ مایوشون به رنگ بند دماغ گیرشون بیاد#shorts,https://www.youtube.com/watch?v=H6Sq8KTqEHI
گوشیش رو ازش گرفت#shorts,https://www.youtube.com/watch?v=vxfww8_zQlY
فیلم رابطه - فیلم کوتاه | Film Rabeteh - Short Movie,https://www.youtube.com/watch?v=lnQknUWwaLQ
با این حقوق ها پاستیل خرسی هم تو صورتت نمیندازن#shorts,https://www.youtube.com/watch?v=LZQ8HauMsbQ
اینجا عین یافت آباده ، پر مبله#shorts,https://www.youtube.com/watch?v=W-DSOgOWz6U
من یک جغدم#shorts,https://www.youtube.com/watch?v=jkJluNv1w-k
دونفری میرن موال#shorts,https://www.youtube.com/watch?v=2XOB4y-J8eY
کامران تفتی و عزت الله مهرآوران در فیلم آیژ | Aizh,https://www.youtube.com/watch?v=2fmQngFH1WM
چرا ایراد میذاری رو پسر من#shorts,https://www.youtube.com/watch?v=EW2B-ijfWk4
فیلم سینمایی آیژ - تیزر 1 | Film Aizh - Teaser 1,https://www.youtube.com/watch?v=_z0WOnTTGn4
فیلم سینمایی آیژ - تیزر 2 | Film Aizh - Teaser 2,https://www.youtube.com/watch?v=nT5mEpqmgzU
مگه تو اسبی تا سوت میزنم میای#shorts,https://www.youtube.com/watch?v=Cwv9t71ZGM4
فیلم ناشناخته - فیلم کوتاه | Film Nashenakhteh - Short Movie,https://www.youtube.com/watch?v=w0GvmsnLAq4
همسایه ها از خواهر برادر به آدم نزدیک تر هستن#shorts,https://www.youtube.com/watch?v=rVwBjffP4zA
خاک برسرت  اون وی آی پی هست نه اچ آی وی#shorts,https://www.youtube.com/watch?v=eLIlTYnu0DY
شوهر کردن از چاله به چاه رفتنه#shorts,https://www.youtube.com/watch?v=ruKUZJ0re_Y
به لپ تاپ میگه کامپیوتر دستی#shorts,https://www.youtube.com/watch?v=fzbz1WGhwgE
آدم دیوانه هست مگه ازدواج کنه حرف مادرشوهر بشنوه#shorts,https://www.youtube.com/watch?v=gDVX3E7L-ag
خاک تو سرت سبیل رو کی زدی#shorts,https://www.youtube.com/watch?v=A7NEy-1tSng
دختره زر میزنه#shorts,https://www.youtube.com/watch?v=skNMr4od6zk
برو بابا اسکل کردی ما رو#shorts,https://www.youtube.com/watch?v=tb1yBYGTs-M
چرا هرچی سوت میزنم نمیای تو#shorts,https://www.youtube.com/watch?v=t1J0XxR7zO8
رفتیم خواستگاری گفتن بردار برو#shorts,https://www.youtube.com/watch?v=i4X_NWGq5pM
اسکل ها یخچال رو گذاشتن تو کمد#shorts,https://www.youtube.com/watch?v=s9DMmtQF0lo
مردم به من احتیاج دارن#shorts,https://www.youtube.com/watch?v=BiL-RolMAWk
لابد تو مبالم میخوای بیای دنبال من#shorts,https://www.youtube.com/watch?v=1EmXVk0QtM8
مردها حق دارن هفته ای یکبار زنشون رو کتک بزنن#shorts,https://www.youtube.com/watch?v=-ioUk8o6IZk
زکی به خودت#shorts,https://www.youtube.com/watch?v=wZhiE7_T3sw
با خانواده ی همسرتون مشکل دارین ؟#shorts,https://www.youtube.com/watch?v=ZooCG_3hk6I
غلام علم و صنعتتم#shorts,https://www.youtube.com/watch?v=2bgOyoKBIVA
اگه پسر ویلا و خونه و ماشین داشته باشه دخترم رو میدم#shorts,https://www.youtube.com/watch?v=IsIPyeVZ-0s
اینا اسم رمزه ؟#shorts,https://www.youtube.com/watch?v=UM_3j92GECk
خلوت باشه خودمون باشیم بهتره#shorts,https://www.youtube.com/watch?v=pzjxWeE98j8
تو سن چهل و دو سالگی باید ببینی بهت زن میدن یا نه#shorts,https://www.youtube.com/watch?v=ZLHoZ5u3sA8
اینجا متل قو هم داره پس#shorts,https://www.youtube.com/watch?v=qb-oc2nE7NQ
برادر من یک فلامینگو هست#shorts,https://www.youtube.com/watch?v=3A-AZQ5Kdq0
ژاکلین دیگه کم کم داره از دست غلام عصبانی میشه#shorts,https://www.youtube.com/watch?v=gzh7j8CwaTg
جهیزیه رو با هواپیما فرستادن#shorts,https://www.youtube.com/watch?v=tc84XVOKMKg
هم فارسی بلده هم انگلیسی هم خارجی#shorts,https://www.youtube.com/watch?v=OL1boQTfrmY
همه من رو دوست دارن#shorts,https://www.youtube.com/watch?v=Gb-6sBz0l8I
اسم هتل آب دوغه#shorts,https://www.youtube.com/watch?v=ST7mObNKqUg
تهران درحال سقوط هست#shorts,https://www.youtube.com/watch?v=k_HuBbuaUv8
کشته ی این مرام ایرونیتونم#shorts,https://www.youtube.com/watch?v=bJ58N_y8sGE
تو فیسبوک همه ملکه ی زیبایی هستن#shorts,https://www.youtube.com/watch?v=9sdaUCcxOdQ
اینجا همه زبون نفهمن ، یکی رو آوردم زبونم رو بفهمونه#shorts,https://www.youtube.com/watch?v=4r7b36dqggw
جوانان برن پادگان عشرت آباد رو تصرف کنن#shorts,https://www.youtube.com/watch?v=OzT18NeiVOo
این لیفه ؟ این که مثل قیفه#shorts,https://www.youtube.com/watch?v=ezC-WBYlC-A
فکر میکنند جوان های ایرانی از تانک میترسند#shorts,https://www.youtube.com/watch?v=WC_YMuj2Eao
به ایفل میگه برج میلاد#shorts,https://www.youtube.com/watch?v=XNaNeI7Xueo
ایران آتشی است زیر خاکستر#shorts,https://www.youtube.com/watch?v=jVVoEpzDWvI
اکبر عبدی در فیلم کمدی خسیس | Film Khasis,https://www.youtube.com/watch?v=b8Cooesj8lQ
فقط با خودت قرار میزارم ژاکلین جون#shorts,https://www.youtube.com/watch?v=vOxINzvj6YU
اینجوری آرزوها به خاطرات تبدیل میشن#shorts,https://www.youtube.com/watch?v=emhbzKgJejc
شماره زیاد به من میدن ولی من زیر بار نمیرم#shorts,https://www.youtube.com/watch?v=7k2kgB64o3Y
با کفش های استپ بای استپ متاهل شوید#shorts,https://www.youtube.com/watch?v=1k7ltDIvFVw
این لیموزینه نش کش نیستا#shorts,https://www.youtube.com/watch?v=Xvon_Lj6qpE
حباب سکه میشکنه، دلار میکشه پایین#shorts,https://www.youtube.com/watch?v=NX4fuBdb8gQ
یک تیتاب بهمون دادن ، دست بچه میدادی قهر میکرد#shorts,https://www.youtube.com/watch?v=839RYPVwf7Y
با کفش های استپ بای استپ راحتی و آینده خود را تضمین کنید#shorts,https://www.youtube.com/watch?v=kL6JBRjokSM
لیموزین رو با اتوبوس اشتباه گرفته#shorts,https://www.youtube.com/watch?v=p1cEdLG60Qg
سالی تاک دوست داریم#shorts,https://www.youtube.com/watch?v=EWmqe0st41I
قربون قدت برم دکتر#shorts,https://www.youtube.com/watch?v=X7JXFGmHv_I
چرا مسئولین به دروغ های شوهرم رسیدگی نمیکنن؟#shorts,https://www.youtube.com/watch?v=JoYjbLKEzTs
دختره لره ؟#shorts,https://www.youtube.com/watch?v=oeGmYdDDI78
بعد پانزده سال طلاق گرفتم#shorts,https://www.youtube.com/watch?v=u3hL8C5qBQM
تیپ لاتی گلزار رو ببین فقط#shorts,https://www.youtube.com/watch?v=1Q_bKI8QkPc
قشنگ داره چرت و پرت میگه#shorts,https://www.youtube.com/watch?v=5OYBfEoPmYU
دنیا تا چند روز دیگه منفجر میشه#shorts,https://www.youtube.com/watch?v=15pmu2EAIl0
فقط ببین چجوری شعر تفسیر میکنه#shorts,https://www.youtube.com/watch?v=SrdH_uYqWks
تو ایران کتکم زدن#shorts,https://www.youtube.com/watch?v=qHs0aVaPyX4
من خودم این شایعه رو درست کردم#shorts,https://www.youtube.com/watch?v=Ojs7JvFzAqM
کل بچه های کمپانی عاشق شما شدن#shorts,https://www.youtube.com/watch?v=EddIqJxNty0
روز پرش مبارک#shorts,https://www.youtube.com/watch?v=HXbjpikXe-A
آی ام سیاسی ، آی ام پناهنده#shorts,https://www.youtube.com/watch?v=VF3damKiBDo
برای ازدواج با فریده هشیار با شماره های زیر تماس بگیرید#shorts,https://www.youtube.com/watch?v=qiPfwfrZPOg
مگه میخوای بری دستشویی خفه بشی#shorts,https://www.youtube.com/watch?v=mHmBrIGBFYQ
اگه قصد بچه دار شدن دارید با فریده ازدواج کنید#shorts,https://www.youtube.com/watch?v=Cl9t_AC1XgA
من رو تنها نذار#shorts,https://www.youtube.com/watch?v=bmU7myMeZv0
من این رو دارم#shorts,https://www.youtube.com/watch?v=qffCXLFy71g
آره ارواح عمش#shorts,https://www.youtube.com/watch?v=oo4Ry7P2Bwc
تا صبح داشتیم مواد میزدیم#shorts,https://www.youtube.com/watch?v=83Bcd9rX9ko
دلار به پاش ریختم#shorts,https://www.youtube.com/watch?v=DpiB7YF4qrY
پناهنده هارو کجا میبرن ؟#shorts,https://www.youtube.com/watch?v=SzCLSAwDRBA
مادر ایرانی نماد مقاومته#shorts,https://www.youtube.com/watch?v=19vvTpvynUE
بلد نیست کمربند هواپیما رو ببنده#shorts,https://www.youtube.com/watch?v=SBogHNsRfOc
مامان تو زشتی دوستت ندارم#shorts,https://www.youtube.com/watch?v=fBwAQLdneks
شما کمربند من رو از کجا دیدی که بازه ؟#shorts,https://www.youtube.com/watch?v=ZfzsFAuZGOU
نفر سومی هم هست که  کم کم داره عزیز میشه#shorts,https://www.youtube.com/watch?v=u6ke0WvQ5hk
مگه هواپیما دست به آبم داره ؟#shorts,https://www.youtube.com/watch?v=pTp62yaSZAI
ما صادر کننده ی جشنواره به کشورهای دیگه هستیم#shorts,https://www.youtube.com/watch?v=QT4BSmRnzaE
بقالیه مگه چونه میزنی#shorts,https://www.youtube.com/watch?v=Ht_1yaqVJbo
فرهادی رو به اسم کوچیک صدا میزنه ، اصغر#shorts,https://www.youtube.com/watch?v=51iNWomCwCs
شما که نمیخوای بار رو ببری گیر دادی ، هواپیما میخواد ببره#shorts,https://www.youtube.com/watch?v=MIKDvkVf3Ec
اولین روز واردات پشمک به ایران رو یادشه#shorts,https://www.youtube.com/watch?v=S5TgviRwocY
عین اسکل ها داریم دور خودمون میچرخیم#shorts,https://www.youtube.com/watch?v=gFahwu2vIGM
مهر بانک مرکزی رو از بازار خریدی ؟#shorts,https://www.youtube.com/watch?v=TgXaYIEcEC4
اسفناج زیاد میخورم آهن بدنم زیاده#shorts,https://www.youtube.com/watch?v=tVK6oi8uZR8
بانک مرکزی ازت شکایت کرده#shorts,https://www.youtube.com/watch?v=gGYRbHEFZHA
کیوسک پاریس کجاست؟#shorts,https://www.youtube.com/watch?v=vJjTFNYxfbo
دختر پسرها رو باهم دیدم قلبم درد گرفت#shorts,https://www.youtube.com/watch?v=rHMbn6m8FTA
فقط کتم رو در بیارم؟چیزه دیگه ای رو درنیارم؟#shorts,https://www.youtube.com/watch?v=PFB7BYngrPo
به دختره گفتی کانادا خونه داری#shorts,https://www.youtube.com/watch?v=IGJmXy3ljRc
فهمید دختره متاهله حالش گرفته شد#shorts,https://www.youtube.com/watch?v=ySL59U88xH4
به دختره گفته بودی دکتری#shorts,https://www.youtube.com/watch?v=tlACIPaktm0
یا حسین ایست بازرسیه که#shorts,https://www.youtube.com/watch?v=MXlooSO0r3g
به جرم اغفال و فریب ازت شکایت کردن#shorts,https://www.youtube.com/watch?v=teTQublvL_k
دوتامون داریم میریم پاریس#shorts,https://www.youtube.com/watch?v=yhOoBHah-P8
شعور داشتم که تا الان بهت دروغ میگفتم#shorts,https://www.youtube.com/watch?v=GcKh2mpePxI
من حاج خانم نیستم#shorts,https://www.youtube.com/watch?v=UoInjXXTF8A
خیلی پستی بهرام#shorts,https://www.youtube.com/watch?v=ZjNVj6S1g78
فقط ببین چه سوتی ای میده تو صف پرواز#shorts,https://www.youtube.com/watch?v=hGO0YLcPmIA
اون خانومه هنوزم زنمه#shorts,https://www.youtube.com/watch?v=NZvlKsYhsSk
مگه صف نونه که یک دونه ای داشته باشه#shorts,https://www.youtube.com/watch?v=fPnmVNVeYrg
مستند - دروازه کازرون | Documentary - Darvazeh Kazeroon,https://www.youtube.com/watch?v=jnONi880aSE
من از ازدواج قبلیم یک بچه دارم#shorts,https://www.youtube.com/watch?v=ryamQNw6iAY
پول چیه، من تو رو میخوام#shorts,https://www.youtube.com/watch?v=Uxpgx8D2Ma0
من قبل تو ازدواج کرده بودم#shorts,https://www.youtube.com/watch?v=-ChbjFNnQGQ
فیلم سینمایی سهولان - تیزر | Film Saholan - Teaser,https://www.youtube.com/watch?v=sHKaMheTuME
مرتیکه سیبیلش رو زده#shorts,https://www.youtube.com/watch?v=ZY81bu3_a84
پژمان بازغی و مریم کاویانی در فیلم فکر بد نکن | Fekre Bad Nakon,https://www.youtube.com/watch?v=nmcBWA21hE0
دروغگویی عرضه میخواد که تو نداری#shorts,https://www.youtube.com/watch?v=DqMF1opru4w
باباش بهش سیلی زد بخاطر اینکه سیبیلاش رو زده#shorts,https://www.youtube.com/watch?v=DVWeW2Hu1Go
این زوج به ظاهر عاشق ادعا دارن که به هم دروغ نمیگن#shorts,https://www.youtube.com/watch?v=vnxAegSl97Q
ننت گفت پاریسی#shorts,https://www.youtube.com/watch?v=avetCpUvx_Q
فیلم بوی پدر - فیلم کوتاه | Film Booye Pedar - Short Movie,https://www.youtube.com/watch?v=2YSZg6Xb-sY
توریست های خارجی به ایران هجوم آوردند#shorts,https://www.youtube.com/watch?v=fhNHGblv7mE
دیروزم دیر بوده#shorts,https://www.youtube.com/watch?v=Ur3T-5TQFyg
فیلم عروسک - فیلم کوتاه | Film Aroosak - Short Movie,https://www.youtube.com/watch?v=5-eK3EqM7DE
ایران سالهاست که از پذیرش پناهجویان کانادایی سرباز میزند#shorts,https://www.youtube.com/watch?v=BRCzDzSbfwI
سریال شوخی کردم - ما افتادیم به شادی بعد گل | Serial Shookhi Kardam - Part 9,https://www.youtube.com/watch?v=4TEcxCx7I2A
چطوری گلابی ؟#shorts,https://www.youtube.com/watch?v=n0J3U7NfYvU
سحر قریشی و نیما شاهرخ شاهی در فیلم بچه های لواسان | Film Bachehaye Lavasan,https://www.youtube.com/watch?v=AU5Iifsb-OM
بانک مرکزی ایران با اعطای وام به بانک جهانی موافقت  کرد#shorts,https://www.youtube.com/watch?v=SpVWI7smUEU
شاید رفته قم توبه کنه#shorts,https://www.youtube.com/watch?v=S2tMfEUIsVk
فیلم وصول با دو امضا - فیلم کوتاه | Film Vosoul Ba Do Emza - Short Movie,https://www.youtube.com/watch?v=RQNckEQi3Ds
مردم اروپا علیه غرب زدگی راه پیمایی کردند#shorts,https://www.youtube.com/watch?v=mUywEwRBack
بعد از استاد فرشچیان من هنرمندم#shorts,https://www.youtube.com/watch?v=fH7PI0Nlihk
فیلم جهت - فیلم کوتاه | Film Jahat - Short Movie,https://www.youtube.com/watch?v=Ca7RGHdy0NQ
شوخی کردم#shorts,https://www.youtube.com/watch?v=DJhI_WSf1mc
غلام سیبیلات کو ؟#shorts,https://www.youtube.com/watch?v=elSqH50Xi_w
فیلم هجده - فیلم کوتاه | Film Hejdah - Short Movie,https://www.youtube.com/watch?v=RR1eYd1M8LI
دکتره همه اعضای داخلی مریض رو درآورد#shorts,https://www.youtube.com/watch?v=nvexF2INj3c
من میخوام پناهنده بشم#shorts,https://www.youtube.com/watch?v=NbiqUdcbaX0
انرژی هسته ای، دویست تومن بسته ای#shorts,https://www.youtube.com/watch?v=GI1XRntM4H8
دروغ دون تو هشتاد درصد انسانها فعاله#shorts,https://www.youtube.com/watch?v=BcfOxOg5pjE
نانو همون انرژی هسته ای هست منتهی قسمت مسالمت آمیزش#shorts,https://www.youtube.com/watch?v=YR0AKtNsdkQ
فیلم سینمایی همه چیز در پایان - کامل | Film Hame Chiz Dar Payan,https://www.youtube.com/watch?v=C0OFVZMmpwc
از رو سه تا شوهر من با ماشین رد شدی#shorts,https://www.youtube.com/watch?v=tVOV6LmaCtU
سیبیلام رو بزنم جواب آقام رو چی بدم ؟#shorts,https://www.youtube.com/watch?v=ol-tWUpGMnM
اول طلاقم دادن بعد مردن#shorts,https://www.youtube.com/watch?v=amLTNyZyGXM
اسکلی یا ما رو عبدلی گیر آوردی ؟#shorts,https://www.youtube.com/watch?v=NfmqBs2XYIY
نگفته بودی بچه ی خفاش شب هستی#shorts,https://www.youtube.com/watch?v=hTHUuEQS0oI
نگران هزینش هستین؟#shorts,https://www.youtube.com/watch?v=LW_v2X9g0Jg
فیلم سینمایی تلنگر - کامل | Film Talangor - Full Movie,https://www.youtube.com/watch?v=znqFy3gcP0g
چرا میخواین از هم جدا بشین ؟#shorts,https://www.youtube.com/watch?v=649528eIuOQ
من پول نمیخوام،امنیت میخوام#shorts,https://www.youtube.com/watch?v=m9elvgSL3AY
به رحمت  مسئولین هرگز دروغ نگفتم#shorts,https://www.youtube.com/watch?v=mjUpz0yEqDc
من شاسی بلندترین ماشین دنیا رو برات میگیرم#shorts,https://www.youtube.com/watch?v=bSD9BKLlOnc
همه ی ما وظیفه داریم دامن رو از پاش بزداییم#shorts,https://www.youtube.com/watch?v=synxcp9q7BI
برم اونور بلکه یک گهی بشم#shorts,https://www.youtube.com/watch?v=Uu15UwOm_OE
میگه راجع به دروغ حرف بزن ،از بچه هاش میگه#shorts,https://www.youtube.com/watch?v=FWUKFQcg8F4
تئاتر خانواده آقای کمال | Theater Khanevadeye Aghaye Kamal,https://www.youtube.com/watch?v=OimuXs0FTd4
میخوای این پاسپورت رو بفروشی ؟#shorts,https://www.youtube.com/watch?v=oQqJHSd4vsY
بابای بچه های من همیشه دروغ میگه#shorts,https://www.youtube.com/watch?v=CesepAHWGbk
این شینگنه اونم یک ساله#shorts,https://www.youtube.com/watch?v=Mmu8g5PqUw0
دیوونه کی خواست ازدواج کنه#shorts,https://www.youtube.com/watch?v=aAdebFnhNmg
آقات وارده#shorts,https://www.youtube.com/watch?v=CvUudWPQDj4
من یک اسب آبی هستم#shorts,https://www.youtube.com/watch?v=XQ4DOCWtS9I
سریال پلاک 13 - پشت صحنه | Serial Pelak 13 - Backstage,https://www.youtube.com/watch?v=0mvbM_xbQsU
از زورگیر جماعت بدم میاد#shorts,https://www.youtube.com/watch?v=7jIuUwkaw_o
اولین دروغ بشر آنی و بدون دلیل بود#shorts,https://www.youtube.com/watch?v=ZQfkIJSxPoY
فیلم مادر - فیلم کوتاه | Film Mother (2017) - Short Movie,https://www.youtube.com/watch?v=WeotnDA5isQ
مثل قرقی گرخید و در رفت#shorts,https://www.youtube.com/watch?v=SZ91U1h1czY
چشمها را باید شست#shorts,https://www.youtube.com/watch?v=tZx9dNx5gQg
اونجا خفتت میکنن#shorts,https://www.youtube.com/watch?v=GiMpqGD-uqg
آدم خلاق میدونه ماست سیاهه#shorts,https://www.youtube.com/watch?v=cQ-ZKywA3WE
رو پیشونیمون ننوشته که دزد#shorts,https://www.youtube.com/watch?v=Kq-1s64-2Ws
با جفت پای نقد میریم تو طحال سوژه#shorts,https://www.youtube.com/watch?v=75dkKmabO9I
سریال پلاک 13 - قسمت 90 (قسمت آخر) | Serial Pelak 13 - Part 90,https://www.youtube.com/watch?v=akiJcMlXj0o
سریال شوخی کردم - پیتزا خالی | Serial Shookhi Kardam - Part 6,https://www.youtube.com/watch?v=2sP6aewDTBs
گفتی عدسی شدم مگسی#shorts,https://www.youtube.com/watch?v=QdHvN-Mh7lM
سریال ریکاوری 1 - قسمت 8 | Serial Recovery 1 - Part 8,https://www.youtube.com/watch?v=dq1MwbL0Uao
هدیه تهرانی و هانیه توسلی در فیلم جایی برای زندگی | Film Jayi Baraye Zendegi,https://www.youtube.com/watch?v=0ULUIP28m2c
سریال پلاک 13 - قسمت 89 | Serial Pelak 13 - Part 89,https://www.youtube.com/watch?v=pEUcE5ELW5Y
اون الان سره یا بدن#shorts,https://www.youtube.com/watch?v=tDW906_CZvQ
سریال پلاک 13 - قسمت 88 | Serial Pelak 13 - Part 88,https://www.youtube.com/watch?v=KBM-dGwm_kg
مادرت خوبه#shorts,https://www.youtube.com/watch?v=GUFZ87nqGwE
سریال ریکاوری 1 - قسمت 7 | Serial Recovery 1 - Part 7,https://www.youtube.com/watch?v=3nA8Cl-moN4
سریال پلاک 13 - قسمت 87 | Serial Pelak 13 - Part 87,https://www.youtube.com/watch?v=I5ZJcL67tHc
من طاقت اعدام همسرم رو ندارم#shorts,https://www.youtube.com/watch?v=lbCEtmv9WbQ
سریال پلاک 13 - قسمت 86 | Serial Pelak 13 - Part 86,https://www.youtube.com/watch?v=z4QF9whgmAE
سریال شوخی کردم - تو میخوای چرخ اقتصاد رو بچرخونی؟ | Serial Shookhi Kardam - Part 6,https://www.youtube.com/watch?v=33p1KpjB8ls
جناب سروان تو اینجا چیکار میکنی#shorts,https://www.youtube.com/watch?v=0bSVozrVnGw
سریال ریکاوری 1 - قسمت 6 | Serial Recovery 1 - Part 6,https://www.youtube.com/watch?v=WmeqtCyqMVc
سریال پلاک 13 - قسمت 85 | Serial Pelak 13 - Part 85,https://www.youtube.com/watch?v=tUaroyHHgnE
جمله حلال زاده به داییش میره رو کی گفته#shorts,https://www.youtube.com/watch?v=KKDgYDVs6vg
سریال پلاک 13 - قسمت 84 | Serial Pelak 13 - Part 84,https://www.youtube.com/watch?v=88BsUs7qua8
این پایین مغازش کروکوندیل داره#shorts,https://www.youtube.com/watch?v=VriTlQRA7oo
سریال ریکاوری 1 - قسمت 5 | Serial Recovery 1 - Part 5,https://www.youtube.com/watch?v=9Z-YST8Ll1o
سریال پلاک 13 - قسمت 83 | Serial Pelak 13 - Part 83,https://www.youtube.com/watch?v=cUuQOHs6qnE
اینا تو جوب بزرگ شدن#shorts,https://www.youtube.com/watch?v=kP3222I-26w
سریال ریکاوری 1 - قسمت 4 | Serial Recovery 1 - Part 4,https://www.youtube.com/watch?v=vxw-F1I2e78
سریال پلاک 13 - قسمت 82 | Serial Pelak 13 - Part 82,https://www.youtube.com/watch?v=1MXeRFjygog
سریال پلاک 13 - قسمت 81| Serial Pelak 13 - Part 81,https://www.youtube.com/watch?v=CjCVrMjjw0c
سریال شوخی کردم - اختلاس که اصلا چیز مهمی نیست | Serial Shookhi Kardam - Part 6,https://www.youtube.com/watch?v=68fjaAkiSkU
سریال ریکاوری 1 - قسمت 3 | Serial Recovery 1 - Part 3,https://www.youtube.com/watch?v=9UTtabZmju0
سریال پلاک 13 - قسمت 80 | Serial Pelak 13 - Part 80,https://www.youtube.com/watch?v=zOBxXxv-5sc
سریال پلاک 13 - قسمت 79 | Serial Pelak 13 - Part 79,https://www.youtube.com/watch?v=zcjmvMxu1zg
سریال ریکاوری 1 - قسمت 2 | Serial Recovery 1 - Part 2,https://www.youtube.com/watch?v=og4XuJhxJcM
سریال پلاک 13 - قسمت 78 | Serial Pelak 13 - Part 78,https://www.youtube.com/watch?v=dS0d69wRADk
سریال ریکاوری 1 - قسمت 1 | Serial Recovery 1 - Part 1,https://www.youtube.com/watch?v=N82Lem6IeO8
نیما شاهرخ شاهی و بهاره افشاری در فیلم شمال شهر جنوب شهر | Shomale Shahr Jonube Shahr,https://www.youtube.com/watch?v=cyW6Gi0-Rjg
سریال پلاک 13 - قسمت 77 | Serial Pelak 13 - Part 77,https://www.youtube.com/watch?v=9V1hPotm7ng
سریال پلاک 13 - قسمت 76 | Serial Pelak 13 - Part 76,https://www.youtube.com/watch?v=d-PQvzw4p0s
سریال پلاک 13 - قسمت 75 | Serial Pelak 13 - Part 75,https://www.youtube.com/watch?v=pvlfGrclLzE
سریال پلاک 13 - قسمت 74 | Serial Pelak 13 - Part 74,https://www.youtube.com/watch?v=bM3YzhikK74
سریال پلاک 13 - قسمت 73 |  Serial Pelak 13 - Part 73,https://www.youtube.com/watch?v=61Xmp5gZNbw
امیر آقایی و لیلا اوتادی در فیلم خواب بد | Film Khabe Bad,https://www.youtube.com/watch?v=pGXV0HfWNv0
Serial Shookhi Kardam - Part 4 | سریال شوخی کردم - ایشون مالک برج های زعفرانیه هستن,https://www.youtube.com/watch?v=93qmg5Do26A
سریال پلاک 13 - قسمت 72 |  Serial Pelak 13 - Part 72,https://www.youtube.com/watch?v=nD1_8NWmjD8
سریال پلاک 13 - قسمت 71 |  Serial Pelak 13 - Part 71,https://www.youtube.com/watch?v=2Q2cvQQO6N8
سریال پلاک 13 - قسمت 70 |  Serial Pelak 13 - Part 70,https://www.youtube.com/watch?v=Di8lCFc0kk0
Serial Pelak 13 - Part 69 | سریال پلاک 13 - قسمت 69,https://www.youtube.com/watch?v=IeG7zOL_XIA
یوسف صیادی و ارژنگ امیرفضلی در فیلم کمدی فرار از کمپ | Film Farar Az Camp,https://www.youtube.com/watch?v=DZmEswf2BFY
Serial Pelak 13 - Part 68 | سریال پلاک 13 - قسمت 68,https://www.youtube.com/watch?v=WitVnCn7GtM
Serial Pelak 13 - Part 67 | سریال پلاک 13 - قسمت 67,https://www.youtube.com/watch?v=C0dLbkQEaYM
Serial Pelak 13 - Part 66 | سریال پلاک 13 - قسمت 66,https://www.youtube.com/watch?v=BFB_PoyT3F4
خسرو شکیبایی، عزت الله انتظامی و امین حیایی در فیلم سینمایی شب | Film Shab,https://www.youtube.com/watch?v=03qeqOjfUkw
Serial Pelak 13 - Part 65 | سریال پلاک 13 - قسمت 65,https://www.youtube.com/watch?v=4aHKsoN-3i0
Serial Pelak 13 - Part 64 | سریال پلاک 13 - قسمت 64,https://www.youtube.com/watch?v=Pidm38i7odk
Serial Pelak 13 - Part 63 | سریال پلاک 13 - قسمت 63,https://www.youtube.com/watch?v=YkGgUqmUo-o
صابر ابر، سروش صحت و مهران رجبی در فیلم تابستان عزیز | Film Tabestane Aziz,https://www.youtube.com/watch?v=grrSbHdC7Og
Serial Pelak 13 - Part 62 | سریال پلاک 13 - قسمت 62,https://www.youtube.com/watch?v=NkE3lWdgyCM
Serial Pelak 13 - Part 61 | سریال پلاک 13 - قسمت 61,https://www.youtube.com/watch?v=bjXVI4YK-G4
Film Totol va Raze Sandoghcheh - Full Movie | فیلم سینمایی تتل و راز صندوقچه - کامل,https://www.youtube.com/watch?v=ozq69fQ4hk0
Serial Pelak 13 - Part 60 | سریال پلاک 13 - قسمت 60,https://www.youtube.com/watch?v=PKLTnDwx16Y
Serial Pelak 13 - Part 59 | سریال پلاک 13 - قسمت 59,https://www.youtube.com/watch?v=aUC2FrvAXNA
Serial Pelak 13 - Part 58 | سریال پلاک 13 - قسمت 58,https://www.youtube.com/watch?v=NpGsT1D8M8c
Serial Pelak 13 - Part 57 | سریال پلاک 13 - قسمت 57,https://www.youtube.com/watch?v=d_vPhps2J1E
Serial Pelak 13 - Part 56 | سریال پلاک 13 - قسمت 56,https://www.youtube.com/watch?v=RrY2hdQUoiw
Serial Pelak 13 - Part 55 | سریال پلاک 13 - قسمت 55,https://www.youtube.com/watch?v=3qXzeKyv2Z8
Serial Pelak 13 - Part 54 | سریال پلاک 13 - قسمت 54,https://www.youtube.com/watch?v=aLpp8uPl2Ec
Serial Pelak 13 - Part 53 | سریال پلاک 13 - قسمت 53,https://www.youtube.com/watch?v=Ir0ljU0VpII
هومن سیدی و رضا رویگری در فیلم خان هشتم | Khane Hashtom,https://www.youtube.com/watch?v=ZeeHMfxij4s
Serial Pelak 13 - Part 52 | سریال پلاک 13 - قسمت 52,https://www.youtube.com/watch?v=W6NFwL3mQuQ
Serial Pelak 13 - Part 51 | سریال پلاک 13 - قسمت 51,https://www.youtube.com/watch?v=ohZ6AxQGmr8
Serial Pelak 13 - Part 50 | سریال پلاک 13 - قسمت 50,https://www.youtube.com/watch?v=kqcAtGyUZOg
پژمان بازغی و لادن طباطبایی در فیلم خیابان یک طرفه | Khiabane Yek Tarafe,https://www.youtube.com/watch?v=yB-mMnspHrA
Serial Pelak 13 - Part 46 | سریال پلاک 13 - قسمت 46,https://www.youtube.com/watch?v=BVQvCJDb5co
Serial Pelak 13 - Part 49 | سریال پلاک 13 - قسمت 49,https://www.youtube.com/watch?v=oAv3pl375kE
Serial Pelak 13 - Part 48 | سریال پلاک 13 - قسمت 48,https://www.youtube.com/watch?v=rf9QPfereiU
Serial Pelak 13 - Part 47 | سریال پلاک 13 - قسمت 47,https://www.youtube.com/watch?v=RmVFWT74LWA
Serial Pelak 13 - Part 45 | سریال پلاک 13 - قسمت 45,https://www.youtube.com/watch?v=srQKDRSLcWQ
Serial Pelak 13 - Part 44 | سریال پلاک 13 - قسمت 44,https://www.youtube.com/watch?v=pp6Sq5LZbv4
Serial Pelak 13 - Part 43 | سریال پلاک 13 - قسمت 43,https://www.youtube.com/watch?v=MtQNFkRcRlw
Serial Pelak 13 - Part 42 | سریال پلاک 13 - قسمت 42,https://www.youtube.com/watch?v=x60LUISj028
Serial Pelak 13 - Part 41 | سریال پلاک 13 - قسمت 41,https://www.youtube.com/watch?v=RZ4hZjquEzA
Serial Pelak 13 - Part 40 | سریال پلاک 13 - قسمت 40,https://www.youtube.com/watch?v=FT4D25kuId4
Film Maman Behrouz Mano Zad - Full Movie | فیلم سینمایی مامان بهروز منو زد - کامل,https://www.youtube.com/watch?v=4W-IRW7z6S8
Serial Pelak 13 - Part 39 | سریال پلاک 13 - قسمت 39,https://www.youtube.com/watch?v=2MuohUbbi-Q
Serial Pelak 13 - Part 38 | سریال پلاک 13 - قسمت 38,https://www.youtube.com/watch?v=wucJYg8s0b0
Serial Pelak 13 - Part 37 | سریال پلاک 13 - قسمت 37,https://www.youtube.com/watch?v=zxB8vMZOWAI
Serial Pelak 13 - Part 36 | سریال پلاک 13 - قسمت 36,https://www.youtube.com/watch?v=3i_Kob9HKeE
Serial Pelak 13 - Part 35 | سریال پلاک 13 - قسمت 35,https://www.youtube.com/watch?v=Dd4OFT2wYXk
Film Taghsir Astinam Bood - Full Movie | فیلم سینمایی تقصیر آستینم بود - کامل,https://www.youtube.com/watch?v=bDN61LADZ80
خراطی کاسه چوبی | Woodturning - Wooden Bowl,https://www.youtube.com/watch?v=8lIF4LaXE3Q
Serial Pelak 13 - Part 34 | سریال پلاک 13 - قسمت 34,https://www.youtube.com/watch?v=XO8BWTRPYAk
خراطی گلدان چوبی | Woodturning - Wooden Vase,https://www.youtube.com/watch?v=sMTTdz_pQYw
Film Ertebate Khanevadegi - Full Movie | فیلم سینمایی ارتباط خانوادگی - کامل,https://www.youtube.com/watch?v=AYyoB_B8NDY
خراطی جا قاشقی چوبی | Woodturning - Wooden Kitchen Tool Holder,https://www.youtube.com/watch?v=fRCICnbYExY
Serial Pelak 13 - Part 33 | سریال پلاک 13 - قسمت 33,https://www.youtube.com/watch?v=OUZZ9DabhCs
خراطی جا شکلاتی چوبی | Woodturning - Wooden Decorative Candy Dish,https://www.youtube.com/watch?v=WtrZBUtz9UI
Serial Pelak 13 - Part 32 | سریال پلاک 13 - قسمت 32,https://www.youtube.com/watch?v=-fmVfzsqFY8
خراطی بشقاب چوبی | Woodturning - Wooden Plate,https://www.youtube.com/watch?v=p6d01IhFzgE
Serial Pelak 13 - Part 31 | سریال پلاک 13 - قسمت 31,https://www.youtube.com/watch?v=UV8LdpkgleU
Film Sanaye Akhar - Short Movie | فیلم سینمایی ثنای آخر - فیلم کوتاه,https://www.youtube.com/watch?v=wVLPy6Dp_Ts
Serial Pelak 13 - Part 30 | سریال پلاک 13 - قسمت 30,https://www.youtube.com/watch?v=IT220VfJ4rU
خراطی شمعدانی توپی چوبی | Wooden Ball Candlestick,https://www.youtube.com/watch?v=gsYH8DgNAI0
Serial Pelak 13 - Part 29 | سریال پلاک 13 - قسمت 29,https://www.youtube.com/watch?v=Ob0IeTjTSfg
Film Maghsade Noor - Short Movie | فیلم سینمایی مقصد نور - فیلم کوتاه,https://www.youtube.com/watch?v=znP4NWot9Ew
خراطی زیرسیگاری چوبی | Woodturning - Wooden Ashtray,https://www.youtube.com/watch?v=leo9lbHiEZI
Serial Pelak 13 - Part 28 | سریال پلاک 13 - قسمت 28,https://www.youtube.com/watch?v=8sbzdO_q_2U
خراطی جام چوبی | Woodturning - Wooden Goblet,https://www.youtube.com/watch?v=rvL0iNEbjc8
خراطی پیمانه چوبی | Woodturning - Wooden Measuring Cup,https://www.youtube.com/watch?v=BZyAx3W7YxU
(خرابکاری) خراطی شمعدان چوبی | Woodturning - Wooden Candlestick (Destruction),https://www.youtube.com/watch?v=q9cofYkvAzU
جواد رضویان و شهرام قائدی در فیلم معتاد اجباری | Motad Ejbari,https://www.youtube.com/watch?v=z-POND46Pmg
خراطی شمعدان چوبی | Woodturning - Wooden Candlestick,https://www.youtube.com/watch?v=HA6pDZadL0A
خراطی استند ساعت چوبی | Woodturning - Wooden Watch Stand,https://www.youtube.com/watch?v=_QYKsYaaPNI
رضا شفیعی جم و حمید لولایی در فیلم آواز در خواب | Avaz Dar Khab,https://www.youtube.com/watch?v=3VLRZsVu8sM
خراطی شیرینی خوری چوبی | Woodturning - Wooden Candy Dish,https://www.youtube.com/watch?v=M8i3qvbKPv8
خراطی کاسه کوچک چوبی | Woodturning - Little Wooden Bowl,https://www.youtube.com/watch?v=pu9l4f6AC28
Serial Pelak 13 - Part 27 | سریال پلاک 13 - قسمت 27,https://www.youtube.com/watch?v=ExVocbCRWHg
Serial Pelak 13 - Part 26 | سریال پلاک 13 - قسمت 26,https://www.youtube.com/watch?v=r8oc43ltHnU
Serial Pelak 13 - Part 25 | سریال پلاک 13 - قسمت 25,https://www.youtube.com/watch?v=eOqUmnPYfmU
Film Be Fasele Yek Nafas - Full Movie | فیلم سینمایی به فاصله یک نفس - کامل,https://www.youtube.com/watch?v=qW7cutsLxdY
پولیش زدن محصولات چوبی - قسمت 5 | Woodturning - How to Polish Wood Products,https://www.youtube.com/watch?v=XAfhd8RTzLI
Serial Pelak 13 - Part 24 | سریال پلاک 13 - قسمت 24,https://www.youtube.com/watch?v=JUIMS4-OD_w
پولیش زدن محصولات چوبی - قسمت 4 | Woodturning - How to Polish Wood Products,https://www.youtube.com/watch?v=I-ZMT2DXy5Q
پولیش زدن محصولات چوبی - قسمت 3 | Woodturning - How to Polish Wood Products,https://www.youtube.com/watch?v=EGG5bjcYG2o
Serial Pelak 13 - Part 23 | سریال پلاک 13 - قسمت 23,https://www.youtube.com/watch?v=xAfLcc9OtnM
پولیش زدن محصولات چوبی - قسمت 2 | Woodturning - How to Polish Wood Products,https://www.youtube.com/watch?v=ABcHfiEYiug
Serial Pelak 13 - Part 22 | سریال پلاک 13 - قسمت 22,https://www.youtube.com/watch?v=TrEGZ1SlnmY
خراطی استند مخروطی چوبی - در یک نگاه | Woodturning - Conical Wooden Stand,https://www.youtube.com/watch?v=uzZhE6qF2K8
Film Mozde Eshgh - Full Movie | فیلم سینمایی مزد عشق - کامل,https://www.youtube.com/watch?v=dlz1LHvdMeM
Serial Pelak 13 - Part 21 | سریال پلاک 13 - قسمت 21,https://www.youtube.com/watch?v=_gr0dSiC53A
خراطی قندون چوبی | Woodturning - Wooden sugar bowl,https://www.youtube.com/watch?v=z6XQi-hvKtw
خراطی استند چوبی (خرابکاری) | Woodturning - Wooden Stand (Destruction),https://www.youtube.com/watch?v=v1s8iaCT8qs
Serial Pelak 13 - Part 20 | سریال پلاک 13 - قسمت 20,https://www.youtube.com/watch?v=heJ4gqSpMO8
خراطی کاسه دکوراتیو چوبی - در یک نگاه | Woodturning - Wooden Decorative Bowl,https://www.youtube.com/watch?v=mCoeyxTR99I
Serial Pelak 13 - Part 19 | سریال پلاک 13 - قسمت 19,https://www.youtube.com/watch?v=NrRRyMs5T9Q
خراطی گلدان پایه دار چوبی - در یک نگاه | Woodturning - Decorative Footed Vase,https://www.youtube.com/watch?v=vWYQOUShiMM
Serial Pelak 13 - Part 18 | سریال پلاک 13 - قسمت 18,https://www.youtube.com/watch?v=mSdiJQwQf2E
خراطی گیلاس چوبی | Woodturning - Wooden Glass,https://www.youtube.com/watch?v=8DyFCTXKwn0
خراطی قندون چوبی پایه دار - در یک نگاه | Woodturning - Wooden Footed Candy Pot,https://www.youtube.com/watch?v=7mTSY-Pqow4
Serial Pelak 13 - Part 17 | سریال پلاک 13 - قسمت 17,https://www.youtube.com/watch?v=SYPIy91Y_mU
خراطی گلدان پایه دار تزیینی چوبی | Woodturning - Wooden Decorative Footed Vase,https://www.youtube.com/watch?v=pWy5Ek0cJLI
Serial Pelak 13 - Part 16 | سریال پلاک 13 - قسمت 16,https://www.youtube.com/watch?v=Ybl_pOObWmM
Serial Pelak 13 - Part 15 | سریال پلاک 13 - قسمت 15,https://www.youtube.com/watch?v=EjrbwoRL5V4
خراطی قاشق عسل چوبی - در یک نگاه | Woodturning - Wooden Honey Spoon,https://www.youtube.com/watch?v=_XYg3dJFlhQ
Serial Pelak 13 - Part 14 | سریال پلاک 13 - قسمت 14,https://www.youtube.com/watch?v=JH2s-lDupLY
Serial Pelak 13 - Part 13 | سریال پلاک 13 - قسمت 13,https://www.youtube.com/watch?v=-ues-IWmF7k
خراطی قندون چوبی - در یک نگاه | Woodturning - Wooden Candy Pot,https://www.youtube.com/watch?v=sjMCfIolLfU
Serial Pelak 13 - Part 12 | سریال پلاک 13 - قسمت 12,https://www.youtube.com/watch?v=D1PLSI-ZS4Y
Serial Pelak 13 - Part 10 | سریال پلاک 13 - قسمت 10,https://www.youtube.com/watch?v=t5qsQqdo8ls
Serial Pelak 13 - Part 11 | سریال پلاک 13 - قسمت 11,https://www.youtube.com/watch?v=9q8MFXW1oPw
خراطی بشقاب دکوراتیو چوبی - در یک نگاه | Wooden Decorative Plate,https://www.youtube.com/watch?v=ks7bFWXRIV0
Serial Pelak 13 - Part 9 | سریال پلاک 13 - قسمت 9,https://www.youtube.com/watch?v=lNYxjIVNf-M
Serial Pelak 13 - Part 8 | سریال پلاک 13 - قسمت 8,https://www.youtube.com/watch?v=QTZHkYkd-xg
Serial Pelak 13 - Part  7 | سریال پلاک 13 - قسمت 7,https://www.youtube.com/watch?v=9a1j4mXx9Qw
Serial Pelak 13 - Part  6 | سریال پلاک 13 - قسمت 6,https://www.youtube.com/watch?v=ssOPMsuX6cg
خراطی بشقاب دکوراتیو چوبی | Wooden Decorative Plate,https://www.youtube.com/watch?v=ji4MHThpQEs
Serial Pelak 13 - Part 5 | سریال پلاک 13 - قسمت 5,https://www.youtube.com/watch?v=GuXOSCk6SpY
Serial Pelak 13 - Part 4 | سریال پلاک 13 - قسمت 4,https://www.youtube.com/watch?v=JN3sX_XhmkQ
مشکل خیاری علی صادقی و زنش #shorts,https://www.youtube.com/watch?v=f_qN79wxqMw
خراطی جای عود چوبی | Woodturning - Wooden Incense Holder,https://www.youtube.com/watch?v=QYc708jhKBo
Serial Pelak 13 - Part 3 | سریال پلاک 13 - دندون خرابو بکن بره,https://www.youtube.com/watch?v=EzESrRNHM9I
Serial Pelak 13 - Part 3 | سریال پلاک 13 - قسمت 3,https://www.youtube.com/watch?v=R1FFqOCaXsU
خراطی استند مخروطی چوبی | Woodturning - Conical Wooden Stand,https://www.youtube.com/watch?v=jP_uN8EV5mc
Serial Pelak 13 - Part 2 | سریال پلاک 13 - قسمت 2,https://www.youtube.com/watch?v=oWjCDv7vFSs
Serial Pelak 13 - Part 1 | سریال پلاک 13 - قسمت 1,https://www.youtube.com/watch?v=KhUx8pT003o
پولیش زدن محصولات چوبی - قسمت 1 | Woodturning - How to Polish Wood Products,https://www.youtube.com/watch?v=9Tb0MXqUmSo
خراطی قاشق عسل چوبی | Woodturning - Wooden Honey Spoon,https://www.youtube.com/watch?v=-bih5AKtfG8
Serial Shookhi Kardam - Part 16 | سریال شوخی کردم - قسمت 16,https://www.youtube.com/watch?v=JUlJXkOoF5A
Ghabe Cinema - Teaser | قاب سینما - تیزر,https://www.youtube.com/watch?v=khp7wJFRi5o
Film Yek Dozdie Asheghane - Backstage | فیلم سینمایی یک دزدی عاشقانه - پشت صحنه,https://www.youtube.com/watch?v=UkySsrCRZ9w
Film Nardoon - Backstage | فیلم سینمایی ناردون - پشت صحنه,https://www.youtube.com/watch?v=pElimNGLuac
Dokhtare Ghaleh | فیلم سینمایی دختر قلعه - کامل,https://www.youtube.com/watch?v=wE244wImjMw
Mosbat Dot Manfi | فیلم سینمایی مثبت دات منفی - کامل,https://www.youtube.com/watch?v=_G2y3_PSkVg
Film Choice (2020) - Short Movie | فیلم انتخاب - فیلم کوتاه,https://www.youtube.com/watch?v=DtQKfWIkxrs
Film Line (2017) - Short Movie | فیلم خط - فیلم کوتاه,https://www.youtube.com/watch?v=nDINwxV8n9Y
امیر جعفری، ریما رامین فر و احمد مهران فر در فیلم زاپاس | Zapas,https://www.youtube.com/watch?v=Wfw8VYY-kzI
Film Stranger (2016) - Short Movie | فیلم بیگانه - فیلم کوتاه,https://www.youtube.com/watch?v=XyyMg9LHi-k
Film Cute Hands (2012) - Short Movie | فیلم ناز دست - فیلم کوتاه,https://www.youtube.com/watch?v=bk5Wf9tRDrk
Film Between Us (2018) - Short Movie | فیلم بین ما - فیلم کوتاه,https://www.youtube.com/watch?v=L_pJCeCWIY4
Film Ashura (2014) - Short Movie | فیلم عاشورا - فیلم کوتاه,https://www.youtube.com/watch?v=xhq6a7-PbiE
Film Iron Vessels (2018) - Short Movie | فیلم رگهای آهنین - فیلم کوتاه,https://www.youtube.com/watch?v=DkrYoB0Avao
Film Searching for Signal (2019) - Short Movie | فیلم در جستجوی سیگنال - فیلم کوتاه,https://www.youtube.com/watch?v=j7sOIkBy8Ek
Film Color and Sound (2019) - Short Movie | فیلم رنگ و صدا - فیلم کوتاه,https://www.youtube.com/watch?v=07ESTBmJiCo
"Film Shoes, Mountain (2019) - Short Movie | فیلم کفش ها، کوهستان - فیلم کوتاه",https://www.youtube.com/watch?v=GIiCIf5OojA
The Best Backstage Moments | برگزیده پشت صحنه های فیلم های سینمایی,https://www.youtube.com/watch?v=V74FmuKpsOg
Yek Dozdie Asheghane | فیلم سینمایی یک دزدی عاشقانه - کامل,https://www.youtube.com/watch?v=bP6atARtzHQ
Film Police Security 5 - Short Movie | فیلم امنیت پلیس 5 - فیلم کوتاه,https://www.youtube.com/watch?v=BdTG5GMwN3E
Film Police Security 4 - Short Movie | فیلم امنیت پلیس 4 - فیلم کوتاه,https://www.youtube.com/watch?v=h6dZHt-d_hk
Film Khejalat Nakesh - Full Movie | فیلم سینمایی خجالت نکش - کامل,https://www.youtube.com/watch?v=-0bto0vj0w4
Film Nardoon - Full Movie | فیلم سینمایی ناردون - کامل,https://www.youtube.com/watch?v=ugvAYlhYumw
Film Police Security 3 - Short Movie | فیلم امنیت پلیس 3 - فیلم کوتاه,https://www.youtube.com/watch?v=c19UL4dy52w
Film Police Security 2 - Short Movie | فیلم امنیت پلیس 2 - فیلم کوتاه,https://www.youtube.com/watch?v=VeuWV-IeAeM
Film Police Security 1 - Short Movie | فیلم امنیت پلیس 1 - فیلم کوتاه,https://www.youtube.com/watch?v=mpp5kaSV85s
Film Date (2021) - Short Movie | فیلم قرار - فیلم کوتاه,https://www.youtube.com/watch?v=bQCtS1atQ9g
Film Dance70 (2021) - Short Movie | فیلم رقص هفتاد - فیلم کوتاه,https://www.youtube.com/watch?v=VHblmRzj5_A
Film Future Memories (2012) - Short Movie | فیلم خاطرات آینده - فیلم کوتاه,https://www.youtube.com/watch?v=CbOmvDWgTfo
Film Tighe Aftab - Backstage | فیلم سینمایی تیغ آفتاب - پشت صحنه,https://www.youtube.com/watch?v=YERzSXjLnbY
Film Everything's the Same (2017) - Short Movie | فیلم همه چی همونه - فیلم کوتاه,https://www.youtube.com/watch?v=zM5KJzul3xo
Film Footmark (2013) - Short Movie | فیلم رد پا - فیلم کوتاه,https://www.youtube.com/watch?v=tYcJbTxYhdE
Film Atash - Backstage | فیلم سینمایی عطش - پشت صحنه,https://www.youtube.com/watch?v=bOCn-J8w9tc
Film Aghrab - Backstage | فیلم سینمایی عقرب - پشت صحنه,https://www.youtube.com/watch?v=Ol8s57C_NN4
Film Girl (2016) - Short Movie | فیلم دختر - فیلم کوتاه,https://www.youtube.com/watch?v=sgZgmWkGNKM
Film Mehman - Backstage | فیلم سینمایی مهمان - پشت صحنه,https://www.youtube.com/watch?v=i5yZsnCvl8o
Film Hope (2021) - Short Movie | فیلم روزنه امید - فیلم کوتاه,https://www.youtube.com/watch?v=Lehk3pN4Z-A
Film Mastaneh - Backstage | فیلم سینمایی مستانه - پشت صحنه,https://www.youtube.com/watch?v=x452tKGlE8c
Film Gargle (2020) - Short Movie | فیلم خرخره - فیلم کوتاه,https://www.youtube.com/watch?v=AC1rU1HDrnw
Film Zakhmi - Backstage | فیلم سینمایی زخمی - پشت صحنه,https://www.youtube.com/watch?v=cwV1HayjUhM
Film Shabe Hadeseh - Backstage | فیلم سینمایی شب حادثه - پشت صحنه,https://www.youtube.com/watch?v=qBg6esZt_Uk
Film Lioness (2020) - Short Movie | فیلم ماده شیر - فیلم کوتاه,https://www.youtube.com/watch?v=hSdz4j5n4H0
Film Beheshte Penhan - Backstage | فیلم سینمایی بهشت پنهان - پشت صحنه,https://www.youtube.com/watch?v=1ZQHjBZx_Ak
Film Ruler (2015) - Short Movie | فیلم خط کش - فیلم کوتاه,https://www.youtube.com/watch?v=-7k21A04m_U
Film Reveal (2019) - Short Movie | فیلم فاش - فیلم کوتاه,https://www.youtube.com/watch?v=3msMuEHngJc
Film Avaze Ghoo - Backstage | فیلم سینمایی آواز قو - پشت صحنه,https://www.youtube.com/watch?v=khkZCkTGmH0
فیلم مصیب - فیلم کوتاه | Film Mosayeb - Short Movie,https://www.youtube.com/watch?v=D-Z7615vmlo
فیلم پژوهشی عظیم الجثه من باب ساخت قفس های خوشگل - فیلم کوتاه | Film The Cage - Short Movie,https://www.youtube.com/watch?v=l7By3Bu4yZ0
Film Koma - Backstage | فیلم سینمایی کما - پشت صحنه,https://www.youtube.com/watch?v=Cx_gF8HFdZg
Film Withering (2021) - Short Movie | فیلم پژمردگی - فیلم کوتاه,https://www.youtube.com/watch?v=uo6Snbc_4nU
Film The Night Shift (2016) - Short Movie | فیلم شیفت شب - فیلم کوتاه,https://www.youtube.com/watch?v=M6HKFMv5Ewk
Film Man Salvador Nistam - Full Movie | فیلم سینمایی من سالوادور نیستم - کامل,https://www.youtube.com/watch?v=OMvRXXYZ_aE
Film The Fall of Dead Birds (2021) - Short Movie | فیلم سقوط پرندگان مرده - فیلم کوتاه,https://www.youtube.com/watch?v=5r8_TIbhTYA
Film They (2021) - Short Movie | فیلم آنها - فیلم کوتاه,https://www.youtube.com/watch?v=jhQ8SOYooMw
Film Safare Jaduei - Full Movie | فیلم سینمایی سفر جادویی - کامل,https://www.youtube.com/watch?v=JOppJf8jTTE
Film Divaneh Var - Full Movie | فیلم سینمایی دیوانه وار - کامل,https://www.youtube.com/watch?v=SqNMmlrAjGo
Film Khofash - Full Movie | فیلم سینمایی خفاش - کامل,https://www.youtube.com/watch?v=mJ-vNGiR_U0
Film Shabe Hadeseh - Full Movie | فیلم سینمایی شب حادثه - کامل,https://www.youtube.com/watch?v=1M7jYWPwTzs
Film Sooud - Full Movie | فیلم سینمایی صعود - کامل,https://www.youtube.com/watch?v=PKwbmCEG1yo
Film Putin - Full Movie | فیلم سینمایی پوتین - کامل,https://www.youtube.com/watch?v=5GF22JU_EY0
Film Dabirestan - Full Movie | فیلم سینمایی دبیرستان - کامل,https://www.youtube.com/watch?v=arFVje5Ug08
Serial Shookhi Kardam - Part 17 | سریال شوخی کردم - قسمت 17,https://www.youtube.com/watch?v=00ZC_VT7rH0
Serial Shookhi Kardam - Part 9 | سریال شوخی کردم - قسمت 9,https://www.youtube.com/watch?v=02eDjr6TZiw
Serial Shookhi Kardam - Part 11 | سریال شوخی کردم - قسمت 11,https://www.youtube.com/watch?v=2mn5Bc39R9g
Serial Shookhi Kardam - Part 20 | سریال شوخی کردم - قسمت 20,https://www.youtube.com/watch?v=3bJYXj2xyqI
Serial Shookhi Kardam - Part 7 | سریال شوخی کردم - قسمت 7,https://www.youtube.com/watch?v=N45LA0Fw0Os
Serial Shookhi Kardam - Part 24 | سریال شوخی کردم - قسمت 24,https://www.youtube.com/watch?v=QI0CUNM99Ic
Serial Shookhi Kardam - Part 21 | سریال شوخی کردم - قسمت 21,https://www.youtube.com/watch?v=Rwa_oT3ETw0
Serial Shookhi Kardam - Part 14 | سریال شوخی کردم - قسمت 14,https://www.youtube.com/watch?v=Ssv1Dgsu0pw
Serial Shookhi Kardam - Part 18 | سریال شوخی کردم - قسمت 18,https://www.youtube.com/watch?v=_Smw27kwwdI
Serial Shookhi Kardam - Part 15 | سریال شوخی کردم - قسمت 15,https://www.youtube.com/watch?v=f4e2oheWCDE
Serial Shookhi Kardam - Part 10 | سریال شوخی کردم - قسمت 10,https://www.youtube.com/watch?v=hCaqWmAdRHE
Serial Shookhi Kardam - Part 22 | سریال شوخی کردم - قسمت 22,https://www.youtube.com/watch?v=idfUutbj9ek
Serial Shookhi Kardam - Part 8 | سریال شوخی کردم - قسمت 8,https://www.youtube.com/watch?v=pOLiYowTnAQ
Serial Shookhi Kardam - Part 13 | سریال شوخی کردم - قسمت 13,https://www.youtube.com/watch?v=sdqh3PW41NY
Serial Shookhi Kardam - Part 12 | سریال شوخی کردم - قسمت 12,https://www.youtube.com/watch?v=t8rqb7XSJf8
Serial Shookhi Kardam - Part 23 | سریال شوخی کردم - قسمت 23,https://www.youtube.com/watch?v=uJ-3-kzB49M
Serial Shookhi Kardam - Part 19 | سریال شوخی کردم - قسمت 19,https://www.youtube.com/watch?v=vDC99poUTpk
Serial Shookhi Kardam - Part 6 | سریال شوخی کردم - قسمت 6,https://www.youtube.com/watch?v=aae2xxUQZGY
Serial Shookhi Kardam - Part 5 | سریال شوخی کردم - قسمت 5,https://www.youtube.com/watch?v=KwX5xhanh9c
Serial Shookhi Kardam - Part 4 | سریال شوخی کردم - قسمت 4,https://www.youtube.com/watch?v=wAZagtV5U5Q
Serial Shookhi Kardam - Part 3 | سریال شوخی کردم - قسمت 3,https://www.youtube.com/watch?v=J59Cf1EFT1I
Serial Shookhi Kardam - Part 2 | سریال شوخی کردم - قسمت 2,https://www.youtube.com/watch?v=ND08TPiGolU
Serial Shookhi Kardam - Part 1 | سریال شوخی کردم - قسمت 1,https://www.youtube.com/watch?v=mqeEJ42TA-Y
Film Ghelghelak - Full Movie | فیلم سینمایی قلقلک - کامل,https://www.youtube.com/watch?v=Fj_lW3TRFm0
Film Golhaye Davoodi - Full Movie | پروانه معصومی در فیلم سینمایی گلهای داوودی - کامل,https://www.youtube.com/watch?v=JQWnANtsu1A
Film Aghaye Haft Rang - Full Movie | فیلم سینمایی آقای هفت رنگ - کامل,https://www.youtube.com/watch?v=0KAGQmx8gjk
الناز شاکردوست و حمید گودرزی در فیلم بی وفا | Bi Vafa,https://www.youtube.com/watch?v=NDkUYR4RmEE
Film Soghate Farang - Full Movie | فیلم سینمایی سوغات فرنگ - کامل,https://www.youtube.com/watch?v=orxjsFqGfqQ
Film Sayeh - Full Movie | فیلم سینمایی سایه - کامل,https://www.youtube.com/watch?v=--GncnTRbXo
سریال گنج مظفر - قسمت 2 | Serial Ganje Mozafar - Part 2,https://www.youtube.com/watch?v=G5yi5W81gdA
Serial Vilaye Man - Backstage Part 24 | سریال ویلای من - پشت صحنه قسمت 24,https://www.youtube.com/watch?v=WagA9U3gkOk
Serial Vilaye Man - Backstage Part 38 | سریال ویلای من - پشت صحنه قسمت 38,https://www.youtube.com/watch?v=beDNZh6uh4U
Serial Vilaye Man - Backstage Part 40 | سریال ویلای من - پشت صحنه قسمت 40,https://www.youtube.com/watch?v=Ud5xyThYlwk
Serial Vilaye Man - Backstage Part 22 | سریال ویلای من - پشت صحنه قسمت 22,https://www.youtube.com/watch?v=Ofusj_4k6QM
Serial Vilaye Man - Backstage Part 26 | سریال ویلای من - پشت صحنه قسمت 26,https://www.youtube.com/watch?v=gNBxn6JYuWM
Serial Vilaye Man - Backstage Part 28 | سریال ویلای من - پشت صحنه قسمت 28,https://www.youtube.com/watch?v=ye21bVe5LTI
Serial Vilaye Man - Backstage Part 30 | سریال ویلای من - پشت صحنه قسمت 30,https://www.youtube.com/watch?v=epXvxGKTFIY
Serial Vilaye Man - Backstage Part 32 | سریال ویلای من - پشت صحنه قسمت 32,https://www.youtube.com/watch?v=82zopQl_4yA
Serial Vilaye Man - Backstage Part 34 | سریال ویلای من - پشت صحنه قسمت 34,https://www.youtube.com/watch?v=PU6Gnh2tyF4
Serial Vilaye Man - Backstage Part 36 | سریال ویلای من - پشت صحنه قسمت 36,https://www.youtube.com/watch?v=tbUoFIE_RR4
Serial Vilaye Man - Backstage Part 20 | سریال ویلای من - پشت صحنه قسمت 20,https://www.youtube.com/watch?v=Mm-BuuPS9HI
Serial Vilaye Man - Backstage Part 10 | سریال ویلای من - پشت صحنه قسمت 10,https://www.youtube.com/watch?v=pZ2pIv1sapU
Serial Vilaye Man - Backstage Part 12 | سریال ویلای من - پشت صحنه قسمت 12,https://www.youtube.com/watch?v=wjgqpAdQlc8
Serial Vilaye Man - Backstage Part 8 | سریال ویلای من - پشت صحنه قسمت 8,https://www.youtube.com/watch?v=-2lXyOTG5XM
Serial Vilaye Man - Backstage Part 16 | سریال ویلای من - پشت صحنه قسمت 16,https://www.youtube.com/watch?v=RNqNN80hPyQ
Serial Vilaye Man - Backstage Part 4 | سریال ویلای من - پشت صحنه قسمت 4,https://www.youtube.com/watch?v=Tu5r282oB6Y
Serial Vilaye Man - Backstage Part 6 | سریال ویلای من - پشت صحنه قسمت 6,https://www.youtube.com/watch?v=W7uOc3zjVqo
Serial Vilaye Man - Backstage Part 14 | سریال ویلای من - پشت صحنه قسمت 14,https://www.youtube.com/watch?v=clxuZg7SkvQ
Serial Vilaye Man - Backstage Part 18 | سریال ویلای من - پشت صحنه قسمت 18,https://www.youtube.com/watch?v=mBdFaqp4qkY
سریال گنج مظفر - قسمت 7 | Serial Ganje Mozafar - Part 7,https://www.youtube.com/watch?v=GrRP1Zz0c0w
سریال ویلای من - قسمت 37 | Serial Vilaye Man - Part 37,https://www.youtube.com/watch?v=wuEriXs1NDo
سریال ویلای من - قسمت 36 | Serial Vilaye Man - Part 36,https://www.youtube.com/watch?v=Bvh5PmzQxVk
سریال ویلای من - قسمت 35 | Serial Vilaye Man - Part 35,https://www.youtube.com/watch?v=pwPUUWWF8t4
سریال ویلای من - قسمت 34 | Serial Vilaye Man - Part 34,https://www.youtube.com/watch?v=iLEwhaxfWC4
سریال ویلای من - قسمت 33 | Serial Vilaye Man - Part 33,https://www.youtube.com/watch?v=dQzXRh-qRUY
سریال ویلای من - قسمت 32 | Serial Vilaye Man - Part 32,https://www.youtube.com/watch?v=tj_FUNkwc_A
سریال ویلای من - قسمت 40 (قسمت آخر) | Serial Vilaye Man - Part 40,https://www.youtube.com/watch?v=nSH-nPwBV84
سریال ویلای من - قسمت 39 | Serial Vilaye Man - Part 39,https://www.youtube.com/watch?v=dYvhAvnGP2k
سریال ویلای من - قسمت 38 | Serial Vilaye Man - Part 38,https://www.youtube.com/watch?v=VraF3z9mLSY
سریال ویلای من - قسمت 30 | Serial Vilaye Man - Part 30,https://www.youtube.com/watch?v=qMjh2qjK8Oc
سریال ویلای من - قسمت 31 | Serial Vilaye Man - Part 31,https://www.youtube.com/watch?v=gNdm0-lk2sI
سریال ویلای من - قسمت 28 | Serial Vilaye Man - Part 28,https://www.youtube.com/watch?v=Ag-Sq7tpWzo
سریال ویلای من - قسمت 29 | Serial Vilaye Man - Part 29,https://www.youtube.com/watch?v=WePgMUabcLE
سریال ویلای من - قسمت 25 | Serial Vilaye Man - Part 25,https://www.youtube.com/watch?v=RCP7prG9dCc
سریال ویلای من - قسمت 26 | Serial Vilaye Man - Part 26,https://www.youtube.com/watch?v=JnYTZSCXcfM
سریال ویلای من - قسمت 27 | Serial Vilaye Man - Part 27,https://www.youtube.com/watch?v=G1ouJkfleVE
Film Khaneh Kaghazi - Full Movie | فیلم سینمایی خانه کاغذی - کامل,https://www.youtube.com/watch?v=S_ogrG2VmNs
سریال ویلای من - قسمت 4 | Serial Vilaye Man - Part 4,https://www.youtube.com/watch?v=YdKe0M-2O9o
سریال ویلای من - قسمت 2 | Serial Vilaye Man - Part 2,https://www.youtube.com/watch?v=wQu5tOm6byU
سریال ویلای من - قسمت 12 | Serial Vilaye Man - Part 12,https://www.youtube.com/watch?v=pdDS16jXOeQ
سریال ویلای من - قسمت 20 | Serial Vilaye Man - Part 20,https://www.youtube.com/watch?v=Ozg0JeZ9Vys
سریال ویلای من - قسمت 16 | Serial Vilaye Man - Part 16,https://www.youtube.com/watch?v=ACB5z7-pEg0
سریال ویلای من - قسمت 13 | Serial Vilaye Man - Part 13,https://www.youtube.com/watch?v=RZNG4tm4-fo
سریال ویلای من - قسمت 23 | Serial Vilaye Man - Part 23,https://www.youtube.com/watch?v=Bjh-NMWYU_A
سریال ویلای من - قسمت 22 | Serial Vilaye Man - Part 22,https://www.youtube.com/watch?v=S_FrPDBGzvs
سریال ویلای من - قسمت 21 | Serial Vilaye Man - Part 21,https://www.youtube.com/watch?v=qvtNFj13ZUA
سریال ویلای من - قسمت 11 | Serial Vilaye Man - Part 11,https://www.youtube.com/watch?v=PCltd7SBP2U
سریال ویلای من - قسمت 19 | Serial Vilaye Man - Part 19,https://www.youtube.com/watch?v=9fIEYzOkoqA
سریال ویلای من - قسمت 14 | Serial Vilaye Man - Part 14,https://www.youtube.com/watch?v=P0DLdfX8cxs
سریال ویلای من - قسمت 18 | Serial Vilaye Man - Part 18,https://www.youtube.com/watch?v=mTsEvmTaYBM
سریال ویلای من - قسمت 17 | Serial Vilaye Man - Part 17,https://www.youtube.com/watch?v=_w6ItdYQIwE
سریال ویلای من - قسمت 15 | Serial Vilaye Man - Part 15,https://www.youtube.com/watch?v=aU0Gkj6WqGk
سریال ویلای من - قسمت 7 | Serial Vilaye Man - Part 7,https://www.youtube.com/watch?v=kLM3_GUyrV8
سریال ویلای من - قسمت 8 | Serial Vilaye Man - Part 8,https://www.youtube.com/watch?v=0BnflQF22q4
سریال ویلای من - قسمت 9 | Serial Vilaye Man - Part 9,https://www.youtube.com/watch?v=12yyDp5CoUQ
سریال ویلای من - قسمت 10 | Serial Vilaye Man - Part 10,https://www.youtube.com/watch?v=TVXsIJ0aZQA
سریال ویلای من - قسمت 1 | Serial Vilaye Man - Part 1,https://www.youtube.com/watch?v=WxOZeOh4OQw
سریال ویلای من - قسمت 3 | Serial Vilaye Man - Part 3,https://www.youtube.com/watch?v=bKwEIGmJ6dg
سریال ویلای من - قسمت 5 | Serial Vilaye Man - Part 5,https://www.youtube.com/watch?v=JcNWymSPSvw
سریال ویلای من - قسمت 6 | Serial Vilaye Man - Part 6,https://www.youtube.com/watch?v=y88qYeBJspk
سریال گنج مظفر - قسمت 5 | Serial Ganje Mozafar - Part 5,https://www.youtube.com/watch?v=QCiMzkNe2tM
سریال گنج مظفر - قسمت 6 | Serial Ganje Mozafar - Part 6,https://www.youtube.com/watch?v=pOuV_NRcYKA
سریال گنج مظفر - قسمت 8 | Serial Ganje Mozafar - Part 8,https://www.youtube.com/watch?v=sk74ZtOp0hs
سریال گنج مظفر - قسمت 9 | Serial Ganje Mozafar - Part 9,https://www.youtube.com/watch?v=i3r0LPWdlOk
سریال گنج مظفر - قسمت 1 | Serial Ganje Mozafar - Part 1,https://www.youtube.com/watch?v=wRkCJjKfZXY
سریال گنج مظفر - قسمت 3 | Serial Ganje Mozafar - Part 3,https://www.youtube.com/watch?v=X7GlXcKWSjs
سریال گنج مظفر - قسمت 4 | Serial Ganje Mozafar - Part 4,https://www.youtube.com/watch?v=Un7NYCL4yfo
سریال گنج مظفر - قسمت 11 | Serial Ganje Mozafar - Part 11,https://www.youtube.com/watch?v=ZfODywEaA9g
سریال گنج مظفر - قسمت 12 | Serial Ganje Mozafar - Part 12,https://www.youtube.com/watch?v=GdmxVJHF0tc
سریال گنج مظفر - قسمت 10 | Serial Ganje Mozafar - Part 10,https://www.youtube.com/watch?v=WVEqFB4nkoo
Film Motel Ghoo - Full Movie | فیلم سینمایی متل قو - کامل,https://www.youtube.com/watch?v=2vaSwE6jLdU
Film Nahid - Full Movie | فیلم سینمایی ناهید - کامل,https://www.youtube.com/watch?v=AdoKXfA0Euw
Film Dokhtar Irooni - Full Movie | فیلم سینمایی دختر ایرونی - کامل,https://www.youtube.com/watch?v=JJyBgqXcI7Q
Film Mojaradha - Full Movie | فیلم سینمایی مجردها - کامل,https://www.youtube.com/watch?v=zFirIluDzxw
سریال ساخت ایران 2 - قسمت 10 | Serial Sakhte Iran 2 - Part 10,https://www.youtube.com/watch?v=ixLEsbW7MzY
سریال ساخت ایران 1 - قسمت 16 | Serial Sakhte Iran 1 - Part 16,https://www.youtube.com/watch?v=0iDjesnTi1c
سریال ساخت ایران 2 - قسمت 18 | Serial Sakhte Iran 2 - Part 18,https://www.youtube.com/watch?v=2Xp8avLE2lg
سریال ساخت ایران 2 - قسمت 19 | Serial Sakhte Iran 2 - Part 19,https://www.youtube.com/watch?v=7Z4D2Z5bRYM
سریال ساخت ایران 2 - قسمت 14 | Serial Sakhte Iran 2 - Part 14,https://www.youtube.com/watch?v=8sql7RMGlSI
سریال ساخت ایران 2 - قسمت 11 | Serial Sakhte Iran 2 - Part 11,https://www.youtube.com/watch?v=HHV4DwbBmOo
سریال ساخت ایران 2 - قسمت 8 | Serial Sakhte Iran 2 - Part 8,https://www.youtube.com/watch?v=R2xnIcH1Wks
سریال ساخت ایران 1 - قسمت 9 | Serial Sakhte Iran 1 - Part 9,https://www.youtube.com/watch?v=S5hvz5AAw7s
سریال ساخت ایران 2 - قسمت 7 | Serial Sakhte Iran 2 - Part 7,https://www.youtube.com/watch?v=_NRzm6qG-o0
سریال ساخت ایران 2 - قسمت 5 | Serial Sakhte Iran 2 - Part 5,https://www.youtube.com/watch?v=ftfUED5UMlo
سریال ساخت ایران 1 - قسمت 17 | Serial Sakhte Iran 1 - Part 17,https://www.youtube.com/watch?v=wqDdFSX2rqk
سریال ساخت ایران 1 - قسمت 6 | Serial Sakhte Iran 1 - Part 6,https://www.youtube.com/watch?v=G7cLvYnMLaQ
سریال ساخت ایران 1 - قسمت 7 | Serial Sakhte Iran 1 - Part 7,https://www.youtube.com/watch?v=2WODM7Dr8fM
سریال ساخت ایران 2 - قسمت 4 | Serial Sakhte Iran 2 - Part 4,https://www.youtube.com/watch?v=2e8ec-1ozTY
سریال ساخت ایران 1 - قسمت 12 | Serial Sakhte Iran 1 - Part 12,https://www.youtube.com/watch?v=4uHiVk0en_k
سریال ساخت ایران 1 - قسمت 14 | Serial Sakhte Iran 1 - Part 14,https://www.youtube.com/watch?v=AX46YezM9Zo
سریال ساخت ایران 1 - قسمت 18 | Serial Sakhte Iran 1 - Part 18,https://www.youtube.com/watch?v=G5FKYU_8MEg
سریال ساخت ایران 1 - قسمت 11 | Serial Sakhte Iran 1 - Part 11,https://www.youtube.com/watch?v=L2ZnGLEIEXo
سریال ساخت ایران 1 - قسمت 2 | Serial Sakhte Iran 1 - Part 2,https://www.youtube.com/watch?v=LwxLDhMkAYk
سریال ساخت ایران 2 - قسمت 6 | Serial Sakhte Iran 2 - Part 6,https://www.youtube.com/watch?v=TMw2FA08SjA
سریال ساخت ایران 1 - قسمت 15 | Serial Sakhte Iran 1 - Part 15,https://www.youtube.com/watch?v=e8QZ46xeHcE
سریال ساخت ایران 1 - قسمت 1 | Serial Sakhte Iran 1 - Part 1,https://www.youtube.com/watch?v=wydM5-c6xkY
سریال ساخت ایران 2 - قسمت 20 | Serial Sakhte Iran 2 - Part 20,https://www.youtube.com/watch?v=-Vzx2-nxT4w
سریال ساخت ایران 2 - قسمت 21 | Serial Sakhte Iran 2 - Part 21,https://www.youtube.com/watch?v=249dF603Xis
سریال ساخت ایران 2 - قسمت 9 | Serial Sakhte Iran 2 - Part 9,https://www.youtube.com/watch?v=4nhCaM0UFkw
سریال ساخت ایران 1 - قسمت 5 | Serial Sakhte Iran 1 - Part 5,https://www.youtube.com/watch?v=7fHhrCYRDAo
سریال ساخت ایران 2 - قسمت 3 | Serial Sakhte Iran 2 - Part 3,https://www.youtube.com/watch?v=BjKgIHQd_ac
سریال ساخت ایران 1 - قسمت 13 | Serial Sakhte Iran 1 - Part 13,https://www.youtube.com/watch?v=DKhlkwEVGuw
سریال ساخت ایران 2 - قسمت 15 | Serial Sakhte Iran 2 - Part 15,https://www.youtube.com/watch?v=F4ou9B0kOPg
سریال ساخت ایران 2 - قسمت 16 | Serial Sakhte Iran 2 - Part 16,https://www.youtube.com/watch?v=RpRZNLnpTAA
سریال ساخت ایران 2 - قسمت 17 | Serial Sakhte Iran 2 - Part 17,https://www.youtube.com/watch?v=TpaHRp_ZVRE
سریال ساخت ایران 2 - قسمت 1 | Serial Sakhte Iran 2 - Part 1,https://www.youtube.com/watch?v=W1TbUlA8X6Q
سریال ساخت ایران 1 - قسمت 3 | Serial Sakhte Iran 1 - Part 3,https://www.youtube.com/watch?v=qV5Yx42VDjU
سریال ساخت ایران 2 - قسمت 13 | Serial Sakhte Iran 2 - Part 13,https://www.youtube.com/watch?v=wIR5pDpWyw0
سریال ساخت ایران 2 - قسمت 12 | Serial Sakhte Iran 2 - Part 12,https://www.youtube.com/watch?v=yTZuFh8hfME
Film Shame Akhar - Full Movie | فیلم سینمایی شام آخر - کامل,https://www.youtube.com/watch?v=KLgYvAjPHas
Film Barkhorde Kheili Nazdik - Full Movie | فیلم سینمایی برخورد خیلی نزدیک - کامل,https://www.youtube.com/watch?v=oJVVNqv7_dM
Film Chahar Angosht - Full Movie | فیلم سینمایی چهار انگشت,https://www.youtube.com/watch?v=gW-ZDjJQJ-E
Film Ghasre Shirin  - Full Movie |  فیلم سینمایی قصر شیرین - کامل,https://www.youtube.com/watch?v=mh52t4gFT-o
Film Gerdbaad - Full Movie | فیلم سینمایی گردباد - کامل,https://www.youtube.com/watch?v=1M_xy-5pIYE
Film Afsaneye Ah - Full Movie | فیلم سینمایی افسانه آه - کامل,https://www.youtube.com/watch?v=01iEnfmfK1I
Film Avaze Tehran - Full Movie | فیلم سینمایی آواز تهران - کامل,https://www.youtube.com/watch?v=1RpPNrSik-g
Film Senator - Full Movie | فیلم سینمایی سناتور - کامل,https://www.youtube.com/watch?v=xyYLEQCiM3E
Film Tofangdar - Full Movie | فیلم سینمایی تفنگدار - کامل,https://www.youtube.com/watch?v=IaBVJOkNXOk
Film Ghafeleh - Full Movie | فیلم سینمایی قافله - کامل,https://www.youtube.com/watch?v=3QJBt0iEFUQ
Film Tohfeye Hend - Full Movie | فیلم سینمایی تحفه هند - کامل,https://www.youtube.com/watch?v=jxW_3huZl_Q
Film Shanse Zendegi - Full Movie | فیلم سینمایی شانس زندگی - کامل,https://www.youtube.com/watch?v=HZbrb-Yo5q4
Film Nish - Full Movie | فیلم سینمایی نیش - با کیفیت اصلی,https://www.youtube.com/watch?v=1BTLUpXLRXU
Film Gomshodegan - Full Movie | فیلم سینمایی گمشدگان - کامل,https://www.youtube.com/watch?v=skyw02_OD0k
Film Mamouriat - Full Movie | فیلم سینمایی ماموریت - کامل,https://www.youtube.com/watch?v=4Uts-jUV1oU
Film Gharibeh - Full Movie | فیلم سینمایی غریبه - کیفیت اصلی,https://www.youtube.com/watch?v=1448-i0V_m8
Film Shab Shekan - Full Movie | فیلم سینمایی شب شکن - کامل,https://www.youtube.com/watch?v=a17RogE-u38
Film Tighe Aftab - Full Movie | فیلم سینمایی تیغ آفتاب,https://www.youtube.com/watch?v=i7j-f5gvgiY
Film Mowje Toufan - Full Movie | فیلم سینمایی موج طوفان - کامل,https://www.youtube.com/watch?v=whgi6XlvzAA
Film Tashkilat - Full Movie | فیلم سینمایی تشکیلات - کامل,https://www.youtube.com/watch?v=UBr_VWEOO0A
Film Do Film Ba Yek Belit | فیلم سینمایی دو فیلم با یک بلیت - کامل,https://www.youtube.com/watch?v=Wfai7AME7Nk
Film Touba - Full Movie | فیلم سینمایی طوبی  - کامل,https://www.youtube.com/watch?v=MMyF2foqVGo
Film Jedal Dar Tasooki - Full Movie | فیلم سینمایی جدال در تاسوکی,https://www.youtube.com/watch?v=xIRTYmybPO8
Film Do Rouye Sekeh | فیلم سینمایی دو روی سکه - کامل,https://www.youtube.com/watch?v=j897ybmokb8
Film Bachehaye Talagh - Full Movie | فیلم سینمایی بچه های طلاق,https://www.youtube.com/watch?v=dz5plVBjc4E
Film Aghrab - Full Movie | فیلم سینمایی عقرب,https://www.youtube.com/watch?v=kKEeEZhQqbg
Film Doostan - Full Movie | فیلم سینمایی دوستان,https://www.youtube.com/watch?v=2OYdxX1t3qg
Film Rishe Dar Khoon - Full Movie | فیلم سینمایی ریشه در خون,https://www.youtube.com/watch?v=upI4r4DXKfM
فیلم اکشن گروگان با بازی جمشید هاشم پور | Gerogan,https://www.youtube.com/watch?v=ZMCg8BcFqxg
Film Dastmozd - Full Movie | فیلم سینمایی دستمزد - کامل,https://www.youtube.com/watch?v=evXTtJQ45o0
Film Obur Az Ghobar - Full Movie | فیلم سینمایی عبور از غبار - کامل,https://www.youtube.com/watch?v=hrrbjox3s7k
Film Dige Che Khabar - Full Movie | فیلم سینمایی دیگه چه خبر,https://www.youtube.com/watch?v=kod_mJAjbkc
Film Shabhaye Tehran - Full Movie | فیلم سینمایی شب های تهران - کامل,https://www.youtube.com/watch?v=-BIhSrmlGBc
Film Aroose Farari - Full Movie | فیلم سینمایی عروس فراری,https://www.youtube.com/watch?v=jfZajeHwwFw
Film Shans Eshgh Tasadof - Full Movie | فیلم سینمایی شانس عشق تصادف,https://www.youtube.com/watch?v=6xBVXi7u76g
Film Zakhmi - Full Movie | فیلم سینمایی زخمی - کامل,https://www.youtube.com/watch?v=skEg64jbykQ
Film Pas Kouchehaye Shemroun - Full Movie | فیلم سینمایی پس کوچه های شمرون - کامل,https://www.youtube.com/watch?v=gFw02qNjz5o
Film Atash - Full Movie | فیلم سینمایی عطش,https://www.youtube.com/watch?v=8qO0zpVD4OE
Film No. 17 Soheila - Full Movie | فیلم سینمایی شماره 17 سهیلا,https://www.youtube.com/watch?v=mrsv9QbOAdA
Film Dardesare Bozorg - Full Movie | فیلم سینمایی دردسر بزرگ,https://www.youtube.com/watch?v=P44K4R4zTeY
Film Mehman - Full Movie | فیلم سینمایی مهمان - کیفیت اصلی,https://www.youtube.com/watch?v=oOPTOAQJIYs
Film Zanha Fereshteand - Full Movie | فیلم سینمایی زن ها فرشته اند,https://www.youtube.com/watch?v=N11MaZtT81M
Film Avaze Ghoo - Full Movie | فیلم سینمایی آواز قو - کیفیت اصلی,https://www.youtube.com/watch?v=C3wsC5KdoRs
Film Ab Nabat Choobi - Full Movie | فیلم سینمایی آب نبات چوبی - کامل,https://www.youtube.com/watch?v=vbxonqvTdlk
Film Beheshte Penhan - Full Movie | فیلم سینمایی بهشت پنهان - کیفیت اصلی,https://www.youtube.com/watch?v=j89oc_Etd9Y
Film Barf - Full Movie | فیلم سینمایی برف - کیفیت اصلی,https://www.youtube.com/watch?v=ku0dmoMNcRw
Film Zendegi Khosousi | پشت پرده و ناگفته های فیلم سینمایی توقیف شده و جنجالی زندگی خصوصی,https://www.youtube.com/watch?v=S-vw3qY95CY
فیلم سینمایی جنجالی و توقیف شده زندگی خصوصی - بدون سانسور | Zendegi Khosousi,https://www.youtube.com/watch?v=4MvjeKcb3f8
Film Roze Zard - Full Movie | فیلم سینمایی رز زرد - کامل,https://www.youtube.com/watch?v=2gkp4pN0hmE
Film Pa Too Kafshe Man Nakon - Full Movie | فیلم سینمایی پا تو کفش من نکن - کامل,https://www.youtube.com/watch?v=gjB74iMg7SM
Film Nazanin - Full Movie | فیلم سینمایی نازنین,https://www.youtube.com/watch?v=pdk-QgE9c8Y
Film Rejime Talaei - Full Movie | فیلم سینمایی رژیم طلایی - کامل,https://www.youtube.com/watch?v=Q6q2I8lqEwE
Film Mastaneh - Full Movie | فیلم سینمایی مستانه - کامل,https://www.youtube.com/watch?v=9N_9O5vaXyg
Film Pakbakhte - Full Movie | فیلم سینمایی پاکباخته,https://www.youtube.com/watch?v=hqO3xPg8G_o
Film Haari - Full Movie ( +18 ) | فیلم سینمایی هاری - کامل و با کیفیت اصلی,https://www.youtube.com/watch?v=lPp-xWPaD50
Film Zarde Ghanari - Full Movie | فیلم سینمایی زرد قناری,https://www.youtube.com/watch?v=-VOWlZjgRqg
Film Noghteye Koor - Full Movie | فیلم سینمایی نقطه کور,https://www.youtube.com/watch?v=AlZp8nI_b9w
Film Khaltour - Full Movie | فیلم سینمایی خالتور - کیفیت اصلی,https://www.youtube.com/watch?v=Q-tNyee7smw
فیلم کمدی آس و پاس با بازی مهران غفوریان و سحر قریشی | As o Pas,https://www.youtube.com/watch?v=b5H_S9FHVo4
محمدرضا گلزار و امین حیایی در فیلم کما | Coma,https://www.youtube.com/watch?v=gSSHkIRV2TM
Film Tekye Bar Baad - Full Movie | فیلم سینمایی تکیه بر باد,https://www.youtube.com/watch?v=_n6eEyJg5Rs
محمدرضا گلزار و مهناز افشار در فیلم کلاغ پر | Kalagh Par,https://www.youtube.com/watch?v=Ro1-eJYFF5U
Film Dokhtare Shah Pariyoon - Full Movie | فیلم سینمایی دختر شاه پریون,https://www.youtube.com/watch?v=C0-9R8YwLPo