title,url
آموزش بهداشت در دهه ۳۰ | مبارزه با مالاریا و بیماری‌ها | اصفهان,https://www.youtube.com/watch?v=BJC6hT1dBVg
در کنار مردم ایران | سفر شهبانو فرح پهلوی به بندر پهلوی و لرستان,https://www.youtube.com/watch?v=h9r2WZ5eO6g
شاپور بختیار | صدایی از تبعید برای بازگشت مشروطیت,https://www.youtube.com/watch?v=RX9JkRolg-w
شاپور بختیار، لندن ۱۳۵۸ | «تا آخرین نفس برای آزادی ایران خواهم جنگید»,https://www.youtube.com/watch?v=HfWocjVzO9U
«قمار اتمی»؛ هشداری درباره خزر که ۱۵ سال بعد دوباره مطرح شد,https://www.youtube.com/watch?v=3ZJ1Z7JeFw8
خزر؛ میراث ملت ایران نه سرمایه بقای حکومت,https://www.youtube.com/watch?v=Sg1jxGJ2X88
پادشاهی که ایران را به قدرت ترجیح داد,https://www.youtube.com/watch?v=phBQU8rLQ4M
افتتاح ورزشگاه آریامهر در جشن‌های ۲۵۰۰ ساله | سال ۱۳۵۰,https://www.youtube.com/watch?v=k0bq_mkolK4
جبار باغچه‌بان | مردی که به ناشنوایان صدای زندگی بخشید,https://www.youtube.com/watch?v=hbkmyO0Yuf0
Babak Bayat | بهترین‌های بابک بیات,https://www.youtube.com/watch?v=qwzjMmHZo4M
افتتاح بزرگ‌ترین هتل خاورمیانه | هتل هیلتون تهران ۱۳۴۱,https://www.youtube.com/watch?v=-aPFIx0_NKQ
روابط ایران و آمریکا در دهه ۴۰ | سفر لیندون جانسون معاون رئیس‌جمهور آمریکا به ایران,https://www.youtube.com/watch?v=cgQdd3o81vE
چرا نقد جبهه خودی، بخشی از مسیر پیروزی است,https://www.youtube.com/watch?v=U8_7KBE6qn8
نخستین فارغ‌التحصیلان پرستاری ایران |آموزشگاه عالی پرستاری نمازی | ۱۳۳۵,https://www.youtube.com/watch?v=jf4k0RcYi9s
افتتاح ذوب‌آهن آریامهر | پیام تاریخی شاه درباره صنعت نفت | ۱۳۵۱,https://www.youtube.com/watch?v=Zoj09rhELe0
افتتاح راه‌آهن تهران–مشهد توسط شاه و ملکه ثریا | اردیبهشت ۱۳۳۶,https://www.youtube.com/watch?v=fVcBTCkhjBg
اولین جلسه کابینه دکتر اقبال | سال ۱۳۳۶,https://www.youtube.com/watch?v=KNtnIbOiUTA
پادکست زیرکمیته | قانون اساسی مشروطه,https://www.youtube.com/watch?v=Yi8jFvd89No
کارنامه اردشیر بابکان,https://www.youtube.com/watch?v=B0rg2_zV588
شش ماهی که می‌توانست تاریخ ایران را تغییر دهد,https://www.youtube.com/watch?v=EClMx09kBDE
شاه پس از سفر تاریخی به اروپای شرقی | گزارش تلویزیون ملی ایران,https://www.youtube.com/watch?v=YDbeZtLCT_A
بناهای باشکوه اصفهان صفوی | مستندی از دهه ۵۰,https://www.youtube.com/watch?v=ptPtJnjFmPs
گشایش مجلسین سنا و شورای ملی توسط شاه و شهبانو | سال ۱۳۵۵,https://www.youtube.com/watch?v=uBua7y7VTTY
ترامپ بر سر دوراهی ایران,https://www.youtube.com/watch?v=RePIfoOr-YE
مراسم اهدای «نشان لبخند» به شهبانو فرح پهلوی | لهستان ۱۳۴۵,https://www.youtube.com/watch?v=ADCQ2lxyyEI
نادرشاه، نجات‌دهنده ایران,https://www.youtube.com/watch?v=wqV2BSkIdig
Iran Air - Homa | National Airline of Iran (English Dub),https://www.youtube.com/watch?v=cwjmsdNV9_Q
بازگشت شاه از سفری که روابط خارجی ایران را متحول کرد | ۱۳۴۶,https://www.youtube.com/watch?v=9lzaR17ay4s
انجمن آثار ملی، معماری حافظه ایران,https://www.youtube.com/watch?v=J2g-Nl66b60
آیا میراث خامنه‌ای اجازه پوست‌اندازی به جمهوری اسلامی می‌دهد؟,https://www.youtube.com/watch?v=Mh8BlDszMhA
دیدار شاه با والتر شیل | آخرین سفر رسمی رئیس‌جمهور آلمان غربی به ایران | تهران، ۱۳۵۷,https://www.youtube.com/watch?v=Fu9iWspugYI
من‌و‌تو پادکست | پرسش و پاسخ با اعضای کانال یوتیوب منوتو,https://www.youtube.com/watch?v=plhxumAY6-8
چرا اپوزیسیون ایران در سازماندهی داخل کشور ناتوان است؟,https://www.youtube.com/watch?v=_L9fXjjMFyY
انیمیشن «امیر حمزه دلدار و گور دلگی» | اثر کانون پرورش فکری کودکان و نوجوانان | ۱۳۵۵,https://www.youtube.com/watch?v=xLvQV8bcIvo
اگر مجتبی خامنه‌ای زنده مانده باشد، چه خواهد شد؟,https://www.youtube.com/watch?v=V6fki3h4cuo
اگر مجتبی خامنه‌ای مرده باشد، چه خواهد شد؟,https://www.youtube.com/watch?v=bGo-r8f563w
استقبال شاه از سران جهان در تخت جمشید | جشن‌های ۲۵۰۰ ساله,https://www.youtube.com/watch?v=38eE-MFZRTc
گارد جاویدان: از آجرهای لعاب‌دار شوش تا سیاه‌پوشان لندن و گلاسکو,https://www.youtube.com/watch?v=Q2lait4lacw
قوام: شاه فراتر از قانون اساسی نیست,https://www.youtube.com/watch?v=ZnRjXMHOrVc
مراسم خاکسپاری محمدرضا شاه پهلوی | قاهره ۱۳۵۹,https://www.youtube.com/watch?v=Aof8qVslem0
سفر گروه باله سان‌فرانسیسکو به ایران | دهه ۵۰,https://www.youtube.com/watch?v=FxfzQJJA0jA
چرا امروز رجل سیاسی نداریم؟,https://www.youtube.com/watch?v=JQCs2v8SB7U
آئین سان و رژه دانشجویان دانشکده افسری در حضور شاهنشاه آریامهر | ۱۳۵۰ خورشیدی,https://www.youtube.com/watch?v=--_h_p89aXo
See You in Tehran | The 1974 Asian Games (English Dub),https://www.youtube.com/watch?v=L7mk-vFdn6c
جشن ۴ آبان در استادیوم آریامهر | پنجاه‌وششمین سالروز تولد محمدرضا شاه پهلوی | آبان ۱۳۵۴,https://www.youtube.com/watch?v=wESDcN-GoKk
آئین ادای سوگند دانشجویان دانشکده افسری در مقابل شاهنشاه آریامهر | ۱۳۴۹ خورشیدی,https://www.youtube.com/watch?v=e1_B4WQAaJw
ضربه‌ای که حکومت را از پای نینداخت,https://www.youtube.com/watch?v=JbUPDiyLD7w
پزشک ایرانی که لندن را به مرکز سقط جنین جهان تبدیل کرد | دهه ۷۰ میلادی,https://www.youtube.com/watch?v=ranZYOD4oJw
چهارصد سال صعود و افول آخوند در سیاست ایران,https://www.youtube.com/watch?v=mvT01atx6Qs
آیا تجربه برجام دوباره برای مردم ایران تکرار می‌شود؟,https://www.youtube.com/watch?v=sIWJZqsNCRY
The Story of Iran vs Israel | Asian Cup Final 1968 (English Dub),https://www.youtube.com/watch?v=0BGExPbkgWY
چگونه می‌توان رژیمی را بدون اسلحه ضعیف کرد؟,https://www.youtube.com/watch?v=3A27bNYNNLY
وقتی منافع کوتاه‌مدت نمادهای ملی را مصرف می‌کنند,https://www.youtube.com/watch?v=BCPGgbLR_F0
میراث پدرخوانده‌ها | چه کسی ایران را به ارث می‌برد؟,https://www.youtube.com/watch?v=UjReD7-iuMY
برنامه سازمان سنجش آموزش کشور برای ورود به دانشگاه | سال ۱۳۵۵,https://www.youtube.com/watch?v=4Ba73cCWMkc
جهان راه خودش را می‌رود، ملت ایران چه کند؟,https://www.youtube.com/watch?v=3ZAXKDV1-V8
سخنرانی محمدرضا شاه پهلوی در دهمین سالگرد انقلاب | ششم بهمن ۱۳۵۱,https://www.youtube.com/watch?v=j6Khs1VGlqU
وقتی منافع از اتحاد مهم‌تر می‌شود,https://www.youtube.com/watch?v=1qqKdHO6uUY
تله‌تیاتر «تخت جمشید» | تلویزیون ملی ایران | بهمن ۱۳۵۶,https://www.youtube.com/watch?v=SmMnQG-WY1k
شهبانو فرح در جشن فارغ‌التحصیلی دانشگاه ملی ایران | دهه ۱۳۵۰,https://www.youtube.com/watch?v=6LZGXmeXTUU
گفتگوی اختصاصی خبرنگار رادیو و تلویزیون ملی ایران در لندن با رئیس اداره اطلاعات و سخنگوی سفارت شوروی,https://www.youtube.com/watch?v=1QKW-cNZyf4
تعطیلات خصوصی خانواده پهلوی در شمال ایران | دهه ۴۰,https://www.youtube.com/watch?v=f4Apltu0_wg
بازدید محمدرضا شاه پهلوی از ژاندارمری کل کشور | سال ۱۳۵۶,https://www.youtube.com/watch?v=ti7kFzyk78E
یک روز از زندگی ولیعهد کوچک | سال ۱۳۴۲,https://www.youtube.com/watch?v=ryZx1hBifXo
شهبانو فرح در اردوگاه پیشاهنگی منظریه | دهه ۴۰,https://www.youtube.com/watch?v=PHsP52ljBYM
Reza Shah: The Untold Story of the Man Who Built Modern Iran (English Dub),https://www.youtube.com/watch?v=eIvty0TN5Sk
بازدید محمدرضا شاه از پروژه‌های عظیم صنعتی ایران | خوزستان ۱۳۵۵,https://www.youtube.com/watch?v=fiRI9W8QE5Q
افتتاح پروژه‌های بزرگ آذربایجان | ۱۳۵۰,https://www.youtube.com/watch?v=HWUExgeVhCA
دیدار شاه از دانشکده فرماندهی و ستاد ارتش شاهنشاهی | دهه ۵۰,https://www.youtube.com/watch?v=9Us2JSNhzRo
Iran Crisis of 1946: How Stalin Tried to Divide Iran (English Dub),https://www.youtube.com/watch?v=0m63X16XjTQ
دوران شکوفایی اقتصادی ایران | دهه ۵۰,https://www.youtube.com/watch?v=1sTJ8udksho
سفر رئیس‌جمهور آمریکا، ریچارد نیکسون، به ایران | ۱۳۵۱,https://www.youtube.com/watch?v=yrdepczzzBc
دانیال مقدم | هنرمندی در کنار مردم,https://www.youtube.com/watch?v=9Kd9Xf5zkWo
مرکز کامپیوتر تهران | سال ۱۳۵۵,https://www.youtube.com/watch?v=HVCz4y1dCiY
مصاحبه شهبانو فرح پهلوی با خبرنگاران | سال ۱۳۵۱,https://www.youtube.com/watch?v=zRAVeMjnsxM
Watch the full Khomeini documentary on Manoto's YouTube channel,https://www.youtube.com/watch?v=_3BLtHLDmlc
Khomeini Documentary,https://www.youtube.com/watch?v=M022o-6Fxmw
ویدیو کامل مستند خمینی را در یوتیوب منوتو تماشا کنید,https://www.youtube.com/watch?v=8t0OkKnWa_0
"Stage manoto, S1, Stage Extra 11 | استیج منوتو، سری ۱، پشت صحنه ۱۱",https://www.youtube.com/watch?v=ev_2o1Aac_0
"Stage manoto, S1, Stage Extra 10 | استیج منوتو، سری ۱، پشت صحنه ۱۰",https://www.youtube.com/watch?v=HbNfXhLbNTM
"Stage manoto, S1, Stage Extra 9 | استیج منوتو، سری ۱، پشت صحنه ۹",https://www.youtube.com/watch?v=4DQJgJyMbrQ
"Stage manoto, S1, Stage Extra 8 | استیج منوتو، سری ۱، پشت صحنه ۸",https://www.youtube.com/watch?v=oULvgsd2ips
"Stage manoto, S1, Stage Extra 7 | استیج منوتو، سری ۱، پشت صحنه ۷",https://www.youtube.com/watch?v=yl68WrQxJDY
"Stage manoto, S1, Stage Extra 5 | استیج منوتو، سری ۱، پشت صحنه ۵",https://www.youtube.com/watch?v=fQjvvtnJM34
"Stage manoto, S1, Stage Extra 4 | استیج منوتو، سری ۱، پشت صحنه ۴",https://www.youtube.com/watch?v=oApcw-p-Vbg
"Stage manoto, S1, Stage Extra 3 | استیج منوتو، سری ۱، پشت صحنه ۳",https://www.youtube.com/watch?v=ZdFUEWE_pRM
"Stage manoto, S1, Stage Extra 2 | استیج منوتو، سری ۱، پشت صحنه ۲",https://www.youtube.com/watch?v=Qtb-O3hBLn0
"Stage manoto, S1, Stage Extra 1 | استیج منوتو، سری ۱، پشت صحنه ۱",https://www.youtube.com/watch?v=wo7HZ8yubBk
"Stage manoto, S1, Live Performance FINAL | استیج منوتو، سری ۱، اجرا زنده فینال",https://www.youtube.com/watch?v=WweinuIGsBE
"Stage manoto, S1, Result 8 | استیج منوتو، سری ۱، نتیجه اجرا ۸",https://www.youtube.com/watch?v=pCLxKeq8nqs
"Stage manoto, S1, Live Performance 8 | استیج منوتو، سری ۱، اجرا زنده ۸",https://www.youtube.com/watch?v=eW7IzDUF9Ao
"Stage manoto, S1, Result 7 | استیج منوتو، سری ۱، نتیجه اجرا ۷",https://www.youtube.com/watch?v=y84mGPbWJjY
"Stage manoto, S1, Live Performance 7 | استیج منوتو، سری ۱، اجرا زنده ۷",https://www.youtube.com/watch?v=saJd7AjcXB0
از ایران چه خبر | ۳ خرداد ۱۴۰۵,https://www.youtube.com/watch?v=JbIUwzoSmT4
صدای شما | ۲ خرداد ۱۴۰۵,https://www.youtube.com/watch?v=zqkLhtay_Ps
بخش پایانی با کیوان عباسی | ۳ خرداد ۱۴۰۵,https://www.youtube.com/watch?v=Js_CLz6ONuw
از ایران چه خبر | ۲ خرداد ۱۴۰۵,https://www.youtube.com/watch?v=iT1DRnyEyms
از ایران چه خبر | ۳۱ اردیبهشت ۱۴۰۵,https://www.youtube.com/watch?v=nccHfjrEvx8
آخرین من‌‌و‌تو پادکست | تا درودی دیگر,https://www.youtube.com/watch?v=bQJFCVV8hCg
من‌‌و‌تو پادکست | روز هشتاد و پنجم|  آیا ترامپ واقعاً آماده جنگ است؟,https://www.youtube.com/watch?v=4_JWqBUU8VI
من‌و‌تو پادکست | پرسش و پاسخ با اعضای کانال یوتیوب من‌و‌تو,https://www.youtube.com/watch?v=7v9PkHu3qZ0
من‌‌و‌تو پادکست | روز هشتاد و سوم | اسلام‌آباد به شاه‌راه مذاکرات تبدیل شده است,https://www.youtube.com/watch?v=K3FslA2ftUY
جاویدنام فواد صفایی,https://www.youtube.com/watch?v=rSbwB4AUtLE
جاویدنام کامیاب احمدی,https://www.youtube.com/watch?v=TCYVgj02LIU
«خبر و فراتر از خبر» ۳۱ اردیبهشت ۱۴۰۵ |  سنتکام: تفنگداران آمریکایی وارد نفتکش ایرانی شدند,https://www.youtube.com/watch?v=Y5ihD7U8xn0
از ایران چه خبر | ۳۰ اردیبهشت ۱۴۰۵,https://www.youtube.com/watch?v=mc5pXSy6POU
من‌‌و‌تو پادکست | روز هشتاد و دوم | هرمز؛ نفتکش‌های کره‌ای و چینی از آبراه بحرانی عبور کردند,https://www.youtube.com/watch?v=pj3BbBoxbTg
«خبر و فراتر از خبر» ۳۰ اردیبهشت ۱۴۰۵,https://www.youtube.com/watch?v=fG8D2zd5a78
از ایران چه خبر | ۲۹ اردیبهشت ۱۴۰۵,https://www.youtube.com/watch?v=KjK98aQho4g
من‌‌و‌تو پادکست | روز هشتاد و یکم | توقف جنگ یا مکث پیش از ضربه بعدی؟  سه پیام در تصمیم ترامپ,https://www.youtube.com/watch?v=Xw5pPkXSII8
محمد بهمن‌بیگی | مردی که مدرسه را به دل ایل برد,https://www.youtube.com/watch?v=KjUJOTaled0
«خبر و فراتر از خبر» | ۲۹ اردیبهشت ۱۴۰۵,https://www.youtube.com/watch?v=dpvkL75UPqE
از ایران چه خبر | ۲۸ اردیبهشت ۱۴۰۵,https://www.youtube.com/watch?v=AP_nwG1zi8A
من‌‌و‌تو پادکست | روز هشتادم | چرا لحن ترامپ ناگهان تهاجمی‌تر شده؟,https://www.youtube.com/watch?v=9eGdrtlJJ8w
«خبر و فراتر از خبر» ۲۸ اردیبهشت ۱۴۰۵ | هشدار پاکستان «وقت زیادی باقی نمانده»,https://www.youtube.com/watch?v=QKlSUbl8Nd0
از ایران چه خبر | ۲۷ اردیبهشت ۱۴۰۵,https://www.youtube.com/watch?v=EB8eALKZyB8
من‌‌و‌تو پادکست | روز هفتاد و نهم | دادگاه ساعدی‌نیا؛ پرونده‌ای نمادین برای ارعاب اجتماعی,https://www.youtube.com/watch?v=HnJHCgyy-68
«خبر و فراتر از خبر» ۲۷ اردیبهشت ۱۴۰۵ | آماده‌باش اسرائیل، تهدید تهران و پیام‌های عجیب ترامپ,https://www.youtube.com/watch?v=t1ggwP0NH7A
از ایران چه خبر | ۲۶ اردیبهشت ۱۴۰۵,https://www.youtube.com/watch?v=wi1rLeeEv78
من‌‌و‌تو پادکست | روز هفتاد و هشتم | مذاکراتی که پنج بار تا آستانه توافق رفت,https://www.youtube.com/watch?v=5W2Myt7hJyY
«خبر و فراتر از خبر» ۲۶ اردیبهشت ۱۴۰۵,https://www.youtube.com/watch?v=W1GwSPDomTI
از ایران چه خبر | ۲۴ اردیبهشت ۱۴۰۵,https://www.youtube.com/watch?v=AijhCG3VOls
از ایران چه خبر | ۲۳ اردیبهشت ۱۴۰۵,https://www.youtube.com/watch?v=W7LbJ75EtyA
من‌و‌تو پادکست | روز هفتاد و ششم|  بحران هرمز و کشتی ربوده‌شده در نزدیکی فجیره,https://www.youtube.com/watch?v=46Z5aWzSYIc
«خبر و فراتر از خبر» ۲۴ اردیبهشت ۱۴۰۵,https://www.youtube.com/watch?v=EGON1Z3SLf0
من‌و‌تو پادکست | روز هفتاد و پنجم |  پرونده جمهوری اسلامی در قلب گفت‌وگو با شی جین‌پینگ,https://www.youtube.com/watch?v=t4NhE9ZTpNQ
«خبر و فراتر از خبر» ۲۳ اردیبهشت ۱۴۰۵,https://www.youtube.com/watch?v=KxgpwPZq8fI
از ایران چه خبر | ۲۲ اردیبهشت ۱۴۰۵,https://www.youtube.com/watch?v=IShp-JW0R5Q
من‌و‌تو پادکست | روز هفتاد و چهارم | امارات مخفیانه به اهدافی در ایران حمله کرده است,https://www.youtube.com/watch?v=_k5Bi-kRrrI
جاویدنام امیرعلی زارعی,https://www.youtube.com/watch?v=jmKgz2etK2w
جاویدنام علی استخر,https://www.youtube.com/watch?v=c6CrowWgU78
دروغ ۱۲ | وخی وقته جنگه,https://www.youtube.com/watch?v=HWYdMcmN3Yk
«خبر و فراتر از خبر» ۲۲ اردیبهشت ۱۴۰۵ | ترامپ: پاسخ تهران غیرقابل قبول است,https://www.youtube.com/watch?v=BWMwY7jN9Iw
دروغ ۱۲,https://www.youtube.com/watch?v=_y9PsFKWQH8
دروغ ۱۲ | عروسی,https://www.youtube.com/watch?v=tvh0OvmOleQ
دروغ ۱۲ | مجنون,https://www.youtube.com/watch?v=nvZ4Day6a0I
از ایران چه خبر | ۲۱ اردیبهشت ۱۴۰۵,https://www.youtube.com/watch?v=MFcngnaubGY
دروغ ۱۲ | یکیشون,https://www.youtube.com/watch?v=3rSQhHQRacU
دروغ ۱۲ | نه نه نرو,https://www.youtube.com/watch?v=n_oI3NhlU9o
من‌و‌تو پادکست | روز هفتاد و سوم | ترامپ: ۴۷ سال خندیدند، دیگر نخواهند خندید,https://www.youtube.com/watch?v=YoQxGd6F3n8
دروغ ۱۲ | بی مجنون,https://www.youtube.com/watch?v=No9L9r14IQI
دروغ ۱۲ | بلا‌ کده,https://www.youtube.com/watch?v=D1MuqhuwHfQ
«خبر و فراتر از خبر» دوشنبه ۲۱ اردیبهشت ۱۴۰۵,https://www.youtube.com/watch?v=BRF2Wx2loHM
از ایران چه خبر | ۲۰ اردیبهشت ۱۴۰۵,https://www.youtube.com/watch?v=8mElhL4guQ8
من‌و‌تو پادکست | روز هفتاد و دوم | ادامه حملات جمهوری اسلامیبه کشورهای همسایه,https://www.youtube.com/watch?v=x8ogoH6dNjo
از ایران چه خبر | ۱۹ اردیبشهت ۱۴۰۵,https://www.youtube.com/watch?v=JaB4rcn3y5s
گفتگو با کیوان عباسی مدیر و بنیانگذار تلویزیون منوتو,https://www.youtube.com/watch?v=IdwcTkWfdzU
«خبر و فراتر از خبر» ۲۰ اردیبهشت ۱۴۰۵,https://www.youtube.com/watch?v=O_mGsRzbH04
Manouchehr Cheshmazar | بهترین‌های منوچهر چشم‌آذر,https://www.youtube.com/watch?v=rP6xF8n7_8Q
GREATEST HITS BABAK AFSHAR - E02 |  بهترین‌های بابک افشار - قسمت دوم,https://www.youtube.com/watch?v=xr4qZrsK8Ag
Masoud Fardmanesh | بهترین‌های مسعود فردمنش,https://www.youtube.com/watch?v=RHALcZpHtRo
بهرام بیضایی در نشستی از سلسه‌ نشست‌های چهارمین جشن هنر شیراز؛ ۱۳۴۹ خورشیدی,https://www.youtube.com/watch?v=l5pt3ekwuIw
آیا این جنبش به سرانجام می‌رسد؟ | گفت‌وگو با ناصر اعتمادی درباره آینده اعتراضات ایران,https://www.youtube.com/watch?v=gNMzKNs4eqM
آخرین هشدار آمریکا به جمهوری اسلامی؛ آیا جنگ دیگری در راه است؟,https://www.youtube.com/watch?v=gs53YS2y4DU
ادعاهای امارات و همسویی چین٬روسیه و اتحادیه اروپا چه خطراتی برای جزایر ایرانی خلیج فارس  دارد؟,https://www.youtube.com/watch?v=j1F3rJYnaXE
«خبر و فراتر از خبر» چهارشنبه ۹ اردیبهشت | سفر پادشاه بریتانیا به آمریکا,https://www.youtube.com/watch?v=NuYyhJJq-OU
«قرار نبود تبعیدی بشم…»,https://www.youtube.com/watch?v=ZAkoo79rAT4
این اعتراضات چگونه به سرنگونی حکومت منجر می‌شود؟,https://www.youtube.com/watch?v=MfIjeSbfNTY
«خبر و فراتر از خبر» سه‌شنبه ۸ اردیبهشت ۱۴۰۵,https://www.youtube.com/watch?v=0pMB5GRWQoQ
من‌و‌تو پادکست | روز هفتاد و یکم | چشم‌انداز پایان جنگ آمریکا و جمهوری اسلامی تیره‌تر شده است,https://www.youtube.com/watch?v=PGFVLQVhQ-4
«خبر و فراتر از خبر» ۱۰ اردیبهشت ۱۴۰۵ | جمهوری اسلامی تا کجا دوام می‌آورد؟,https://www.youtube.com/watch?v=nAM8IBEbglY
«خبر و فراتر از خبر» ۱۴ اردیبهشت ۱۴۰۵ | افشاگری لندن؛ فراخوان سفارت برای «فدا کردن جان»,https://www.youtube.com/watch?v=HCkvPCsU3S4
«خبر و فراتر از خبر» سه‌شنبه ۱۵ اردیبهشت ۱۴۰۵ | حمله به امارات و ثبیت جایگاه اسرائیل,https://www.youtube.com/watch?v=pTZFhxdx8a4
«خبر و فراتر از خبر» چهارشنبه ۱۶ اردیبهشت ۱۴۰۵,https://www.youtube.com/watch?v=rhVWPeiqL7g
«خبر و فراتر ار خبر» ۱۷ اردیبهشت ۱۴۰۵,https://www.youtube.com/watch?v=oSlAnwocLEo
من‌و‌تو پادکست | روز پنجاه و هشتم | این حادثه من را از پیروزی در جنگ ایران باز نخواهد داشت,https://www.youtube.com/watch?v=hAIvjfa_HBg
من‌و‌تو پادکست | روز شصت و چهارم | مرتضی براتی،  قاضی شعبه اول دادگاه انقلاب اصفهان کیست؟,https://www.youtube.com/watch?v=ycU7NPG7i2s
من‌و‌تو پادکست | روز شصت و دوم | ترامپ: جمهوری اسلامی باید تسلیم شود,https://www.youtube.com/watch?v=Ug-E2GYqBxk
من‌و‌تو پادکست | روز شصت و هفتم | اسرائیل برای موج تازه حملات جمهوری اسلامی آماده می‌شود,https://www.youtube.com/watch?v=dL0RGod0fKU
من‌و‌تو پادکست | روز شصت و هشتم | آیا جمهوری اسلامی و آمریکا به توافق نزدیک شده اند؟,https://www.youtube.com/watch?v=yCkHz-lYseE
«خبر و فراتر از خبر» شنبه ۱۹ اردیبهشت ۱۴۰۵,https://www.youtube.com/watch?v=xcRluIJy4sM
من‌و‌تو پادکست | روز شصت و نهم | پزشکیان مدعی دیدار با مجتبی خامنه‌ای شد,https://www.youtube.com/watch?v=cPjJ1JkeQaw
جاویدنام مرتضی حسینی جوزانی,https://www.youtube.com/watch?v=nqBFKSPrO0I
جاویدنام محمد جباری,https://www.youtube.com/watch?v=fyDowR2kPM8
جاویدنام سودا اکرمی‌فرد,https://www.youtube.com/watch?v=jzgJrgXg9HA
جاویدنام آیدا عقیلی,https://www.youtube.com/watch?v=vmdunwfgGdw
جاویدنام شکوفه عبدی,https://www.youtube.com/watch?v=F-EIaykqOTM
جاویدنام صالحه اکبری,https://www.youtube.com/watch?v=FicJKP3ICq4
جاویدنام علی صادقی,https://www.youtube.com/watch?v=oJXJy0QbMVQ
جاویدنام رهام برجسته,https://www.youtube.com/watch?v=7U9-wCRcYAU
جاویدنام محمدباقر مهرعلیزاده,https://www.youtube.com/watch?v=v7pVsNcs8uU
جاویدنام محمد حسین ساریخانی,https://www.youtube.com/watch?v=ENoMr0C6Jbs
جاویدنام رضا وزیری,https://www.youtube.com/watch?v=0N3PWTe5UmI
جاویدنام یسنا اسکندری,https://www.youtube.com/watch?v=DGKsTqvyNO0
جاویدنام وحید محمدلو,https://www.youtube.com/watch?v=7Ls163LTm0g
جاویدنام ماهان رستمی,https://www.youtube.com/watch?v=x9dNx4LgVl4
جاویدنام طاها صادقی,https://www.youtube.com/watch?v=LAlW8-IHeew
جاویدنام رضا اسماعیلی,https://www.youtube.com/watch?v=JKqY_zYED2M
جاویدنام پژمان نوروزی,https://www.youtube.com/watch?v=PL34aFN9qMU
جاویدنام پارسا اصلانی,https://www.youtube.com/watch?v=xwm_AQ-Kmcg
جاویدنام محسن رشیدی,https://www.youtube.com/watch?v=Gtr3rdrCfKo
جاویدنام محمدرضا قربانی,https://www.youtube.com/watch?v=bn0sue0JLKs
جاویدنام  محمد پایمرد,https://www.youtube.com/watch?v=fQ3Le1SORVM
جاویدنام محمدمهدی سیف‌الله‌ پور,https://www.youtube.com/watch?v=NdvshyafNCU
جاویدنام مهرزاد نظری,https://www.youtube.com/watch?v=jQC5pR4djQQ
جاویدنام متین قربانی,https://www.youtube.com/watch?v=C7DeuXJASZU
جاویدنامان وطن - قسمت ششم,https://www.youtube.com/watch?v=LUzgftbEMXY
جاویدنامان وطن - قسمت پنجم,https://www.youtube.com/watch?v=Bui3Ydd-myk
جاویدنامان وطن - قسمت چهارم,https://www.youtube.com/watch?v=oYWqn7gFIpI
جاویدنامان وطن - قسمت سوم,https://www.youtube.com/watch?v=UOzU8McjXZ0
جاویدنامان وطن - قسمت دوم,https://www.youtube.com/watch?v=CJphOkhrgK8
جاویدنامان وطن - قسمت اول,https://www.youtube.com/watch?v=3XHM6JeCmmw
جاویدنام جواد کاظمی,https://www.youtube.com/watch?v=5IebD0uHGG0
جاویدنام حمید کوشنده,https://www.youtube.com/watch?v=9ELAn7Pki_k
جاویدنام داوود آبی,https://www.youtube.com/watch?v=EO8_8igmCvA
جاویدنام بابک صادقی محسنی,https://www.youtube.com/watch?v=KumeSzAZ3zU
جاویدنام آیدا حیدری,https://www.youtube.com/watch?v=lUlLKsDV8Ww
جاویدنام آرش عسگری,https://www.youtube.com/watch?v=qaTPEFVZZOE
جاویدنام امیرحسین سعیدی,https://www.youtube.com/watch?v=0n2C_UgROi0
جاویدنام امیرمسعود احمدی,https://www.youtube.com/watch?v=D5WlhZXNuP8
جاوبدنام علیرضا سلمانی,https://www.youtube.com/watch?v=AxoW4rCme20
جاویدنام علی اباذری,https://www.youtube.com/watch?v=U5SMkQgxWHg
جاویدنام ابوالفضل طاووسی,https://www.youtube.com/watch?v=2chGkEYMwkE
جاویدنام ابوالفضل مسیح میرآئیز,https://www.youtube.com/watch?v=GZeIbvBn3Vk
جاویدنام سینا کاظمی,https://www.youtube.com/watch?v=EzW_ubwjLoE
جاویدنام حمید محمدی,https://www.youtube.com/watch?v=VKLYk9EpSEc
جاویدنام فرهاد محدودی,https://www.youtube.com/watch?v=bnFa9xa_EXM
جاویدنام میلاد عبداللهی,https://www.youtube.com/watch?v=A08hhvCK1f4
جاویدنام علی محمدی,https://www.youtube.com/watch?v=SvvAnhlfWH8
جاویدنام محمدرضا احمدپرست,https://www.youtube.com/watch?v=vhuvqnBGbhI
من‌و‌تو پادکست | روز شصت و ششم | وزارت خارجه جمهوری اسلامی: فقط درباره توقف کامل جنگ صحبت می‌کنیم,https://www.youtube.com/watch?v=tv_-noxpc40
جاویدنام مهدی کبوک؛ صدای مادری که خاموش نماند,https://www.youtube.com/watch?v=ioHD-CBrX2U
«۱۶ نفر به پسر بیست و یک ساله من تجاوز کردند»,https://www.youtube.com/watch?v=pj3Z5hhVMyQ
من‌و‌تو پادکست | روز شصت و یکم |  تحریم‌های تازه آمریکا و حمله مستقیم به بانکداری سایه جمهوری اسلامی,https://www.youtube.com/watch?v=duMkiM30Nz8
من‌و‌تو پادکست | روز شصتم | شکاف درون جمهوری اسلامی از نگاه مارکو روبیو٬ همه تندرو هستند,https://www.youtube.com/watch?v=ONAAN3qbMQA
در ساختار رژیم اسلامی، قدرت در دست چه کسانی است؟,https://www.youtube.com/watch?v=Y1FBWmK-iQA
«خبر و فراتر از خبر» دوشنبه ۷ اردیبهشت ۱۴۰۵ | جنایتکاری که گریان به اولین جلسه دادگاه رفت,https://www.youtube.com/watch?v=dp-sn110_1Q
«خبر و فراتر از خبر» یکشنبه ۶ اردیبهشت ۱۴۰۵ | سفرهای عراقچی و مذاکراتی که هنوز شکل نگرفته,https://www.youtube.com/watch?v=j_6imiO1lWA
من‌و‌تو پادکست | روز پنجاه و هفتم | جنگ اقتصادی آمریکا، تحریم چین، ناوگان سایه، رمزارزها,https://www.youtube.com/watch?v=Cy47IeX9pj4
«خبر و فراتر از خبر» شنبه ۵ اردیبهشت ۱۴۰۵ | توقیف ۳۴۴ میلیون رمزارز جمهوری اسلامی به چه معنا است؟,https://www.youtube.com/watch?v=Da-2kLuPKhE
من‌و‌تو پادکست | روز پنجاه و پنچم | ادامه آتش بس و محاصره دریایی,https://www.youtube.com/watch?v=fdOCJfjWnaw
«خبر و فراتر از خبر» پنجشنبه ۳ فروردین ۱۴۰۵ | ماجرای جام جهانی و پیشنهاد جایگزینی ایران با ایتالیا,https://www.youtube.com/watch?v=y9srAnYYF24
من‌و‌تو پادکست | روز پنجاه و چهارم | تمدید آتش‌بس و ادامه محاصره دریایی,https://www.youtube.com/watch?v=NG0QKmpi90o
«خبر و فراتر از خبر» چهارشنبه ۲ اردیبهشت ۱۴۰۵ | اقتصاد جمهوری اسلامی در حال فروپاشی است,https://www.youtube.com/watch?v=TM6snaNLhiE
من‌و‌تو پادکست | روز پنجاه وسوم | توقیف کشتی دیگری مرتبط با جمهوری اسلامی,https://www.youtube.com/watch?v=DeMGLx4OCUI
«خبر و فراتر از خبر» سه‌شنبه ۱ اردیبهشت ۱۴۰۵,https://www.youtube.com/watch?v=PA2qzvgpfvg
من‌و‌تو پادکست | روز پنجاه و دوم | جمهوری اسلامی فعلاً از دور دوم مذاکرات فاصله گرفته,https://www.youtube.com/watch?v=63thLeqj9-E
«خبر و فراتر از خبر» دوشنبه ۳۱ فروردین ۱۴۰۵,https://www.youtube.com/watch?v=Z9E73mejEWs
من‌و‌تو پادکست | روز پنجاه و یکم | ترامپ: دیگر خبری از آقای مهربان نیست,https://www.youtube.com/watch?v=yWApj5aqFR8
فرزندان ایران,https://www.youtube.com/watch?v=HD89wdtZ3f8
«خبر و فراتر از خبر» یکشنبه ۳۰ فروردین ۱۴۰۵ | ونس، ویتکاف و کوشنر در اسلام آباد خواهند بود,https://www.youtube.com/watch?v=uXLKhRP97JQ
من‌و‌تو پادکست | روز پنجاهم | واشینگتن از عقب‌نشینی می‌گوید، تهران از انکار,https://www.youtube.com/watch?v=6IIPDxiNR5I
«خبر و فراتر از خبر» شنبه ۲۹ فروردین ۱۴۰۵ | چه کسی به واشنگتن خواهد رفت؟,https://www.youtube.com/watch?v=pKfVLvdIy3U
من‌و‌تو پادکست | روز چهل و هشتم | هگست: می‌دانیم چه تجهیزات نظامی را جابه‌جا و به کجا منتقل می‌کنید,https://www.youtube.com/watch?v=n8fKNczyIfE
جهان در آستانه کمبود واقعی نفت,https://www.youtube.com/watch?v=GkQviro7tEM
«خبر و فراتر از خبر» پنجشنبه ۲۷ فروردین ۱۴۰۵ | آمریکا چه شبکه‌ای را هدف گرفت؟ افشای شبکه مالی شمخانی,https://www.youtube.com/watch?v=KwsG9O2HhLc
من‌و‌تو پادکست | روز چهل و هفتم | مسیر پیش رو کدام است؟,https://www.youtube.com/watch?v=TbNrF6MHnAU
«خبر و فراتر از خبر» چهارشنبه ۲۶ فروردین ۱۴۰۵,https://www.youtube.com/watch?v=AkhM7u7EMiA
من‌و‌تو پادکست| روز چهل و ششم | آیا دور دوم مذاکرات برگزار خواهد شد؟,https://www.youtube.com/watch?v=6L1tRCuidUM
«خبر و فراتر از خبر» سه‌شنبه ۲۵ فروردین ۱۴۰۵,https://www.youtube.com/watch?v=IHOZ_CNHsMM
من‌و‌تو پادکست| روز چهل و پنجم | سخنرانی شاهزاده رضا پهلوی به دعوت احزاب سوئدی,https://www.youtube.com/watch?v=g2wCf4ddUPU
«خبر و فراتر از خبر» دوشنبه ۲۴ فروردین ۱۴۰۵ | محاصره دریایی و انسداد تنگه هرمز,https://www.youtube.com/watch?v=FP-BjI08zzQ
من‌و‌تو پادکست| روز چهل و چهارم | بازنشر تصویر گردهمایی ایرانیان توسط ترامپ,https://www.youtube.com/watch?v=QIHnMi8nHoI
«خبر و فراتر از خبر» یکشنبه ۲۳ فروردین ۱۴۰۵,https://www.youtube.com/watch?v=9TK5JUnmBBc
من‌و‌تو پادکست| روز چهل و سوم | فضای روانی مذاکرات بی‌اعتمادی در بالاترین سطح,https://www.youtube.com/watch?v=nYb6ROjXSfg
من‌و‌تو پادکست| روز چهل و دوم | آیا هیات جمهوری اسلامی به پاکستان می‌رود؟,https://www.youtube.com/watch?v=chjgdUviM-Q
من‌و‌تو پادکست| روز چهل و یکم | تنگه هرمز در واقعیت نیمه‌بسته و پرریسک,https://www.youtube.com/watch?v=zyQP2UYl1YM
من‌و‌تو پادکست| روز چهلم | جمهوری اسلامی راهی برای بقا ندارد و به دست ملت بزرگ ایران سرنگون خواهد شد,https://www.youtube.com/watch?v=BMo9sDW0w-w
من‌و‌تو پادکست | روز سی‌ و نهم جنگ | ۴۷ سال باج‌گیری، فساد و مرگ، سرانجام پایان خواهد یافت,https://www.youtube.com/watch?v=t9IVZNG7N_0
من‌و‌تو پادکست | روز سی‌ و هشتم جنگ | مجید خادمی، مسئول حفاظت اطلاعات سپاه که بود؟,https://www.youtube.com/watch?v=ijoR3i4-ZSA
من‌و‌تو پادکست | روز سی‌ و هفتم جنگ | سه‌شنبه روز نیروگاهها و پل‌ها خواهد بود,https://www.youtube.com/watch?v=V2r4-3fyuUY
روایت خواهر جاویدنام «بابک صادقی محسنی» از آنچه گذشت,https://www.youtube.com/watch?v=jTPSrBkO60c
من‌و‌تو پادکست | روز سی‌ و ششم جنگ | تغییر الگوی حملات؛ تمرکز بر مرزهای عراق و پتروشیمی خوزستان,https://www.youtube.com/watch?v=3-xbQ2Cdo5E
من‌و‌تو پادکست | روز سی‌ و پنجم جنگ  | هلیکوپترهای آمریکایی در آسمان ایران؟,https://www.youtube.com/watch?v=Q_8mGyM2624
من‌و‌تو پادکست | روز سی‌ و چهارم جنگ  | ترامپ: اگر توافقی نشود نیروگاه‌ها را می‌زنیم,https://www.youtube.com/watch?v=j4C8iEParhY
من‌و‌تو پادکست | روز سی‌ و سوم جنگ  | سخنرانی شاهزاده رضا پهلوی در دانشگاه لیبرتی آمریکا,https://www.youtube.com/watch?v=fO-2tJbIw6Y
من‌و‌تو پادکست | روز سی‌ و دوم جنگ  | آمریکا دیگر کمک نمی‌کند، تنگه هرمز را خودتان تصاحب کنید,https://www.youtube.com/watch?v=9wDtIfLDpbM
من‌و‌تو پادکست | روز سی‌ و یکم جنگ | در صورت عدم توافق، زیرساخت‌های حیاتی ایران هدف قرار می‌گیرد,https://www.youtube.com/watch?v=YDc2sa664iw
من‌و‌تو پادکست | روز سی‌ام جنگ | آیا آمریکا نیروی زمینی به ایران می‌فرستد؟,https://www.youtube.com/watch?v=mBIuPdjAZ9Q
من‌و‌تو پادکست | روز بیست و نهم جنگ | ورود حوثی‌ها به جنگ؛ شلیک موشک بالستیک به اسرائیل,https://www.youtube.com/watch?v=9V4LL4ux38k
شاهزاده رضا پهلوی: من قصد دارم شکوه را دوباره به ایران بازگردانم,https://www.youtube.com/watch?v=8pDjO1mA93E
من‌و‌تو پادکست | روز بیست و هشتم جنگ | بررسی طرح اعزام شمار بیشتری از نیروهای زمینی به خاورمیانه,https://www.youtube.com/watch?v=cyeWx0lUgWo
من‌و‌تو پادکست | روز بیست و هفتم جنگ | تصمیم بزرگ واشینگتن٬ جنگ وارد مرحله سرنوشت‌ساز شد,https://www.youtube.com/watch?v=gB9h0QhSjR4
من‌و‌تو پادکست | روز بیست و ششم جنگ |  طرح ۱۵ بندی آمریکا؛ آتش‌بس یا صورت‌حساب تسلیم؟,https://www.youtube.com/watch?v=oJCZDCRSZfw
من‌و‌تو پادکست | روز بیست و پنجم جنگ | سفیر جمهوری اسلامی در لبنان «عنصر نامطلوب» اعلام شد,https://www.youtube.com/watch?v=j3xVi8zzoBg
من‌و‌تو پادکست | روز بیست و چهارم جنگ | رولت روسیِ جنگ ٬ بازی ویتکاف و قالیباف,https://www.youtube.com/watch?v=gp9JlHN6_pE
من‌و‌تو پادکست | روز بیست و سوم جنگ | اولتیماتوم ۴۸ ساعته ترامپ به جمهوری اسلامی,https://www.youtube.com/watch?v=-Ufph4c61rI
من‌و‌تو پادکست | روز بیست و دوم جنگ | حمله سپاه به دیه‌گو گارسیا؛ زنگ خطر برای اروپا,https://www.youtube.com/watch?v=8xgjKzGgW4Q
بهار کی از راه رسید؟,https://www.youtube.com/watch?v=B1mpv9vQTNU
من‌و‌تو پادکست | برنامه ویژه نوروز ۲۵۸۵ شاهنشاهی,https://www.youtube.com/watch?v=VG5_e3hcuGg
با من برقص,https://www.youtube.com/watch?v=S2LD6D_suSA
من‌و‌تو پادکست | روز نوزدهم جنگ | اسماعیل خطیب کشته شد,https://www.youtube.com/watch?v=PCNIgdbClEE
شاهزاده رضا پهلوی: بر مزار جاویدنامان انقلاب شیروخورشید و همه قهرمانان راه آزادی ایران حاضر شوید,https://www.youtube.com/watch?v=kkBpF0Og2Jk
من‌و تو خبر | ۲۷ اسفند ۱۴۰۴ | پوشش ویژه اخبار جنگ,https://www.youtube.com/watch?v=CJdzrtzCFbQ
من‌و‌تو پادکست | روز هجدهم جنگ | علی لاریجانی کشته شد,https://www.youtube.com/watch?v=nCWsu-RrWIc
من‌و تو خبر | ۲۶ اسفند ۱۴۰۴ | پوشش ویژه اخبار جنگ,https://www.youtube.com/watch?v=ja1EVqYy3TU
شاهزاده رضا پهلوی: در چهارشنبه‌سوری٬ از درگیری با مزدوران رژیم خودداری کنید,https://www.youtube.com/watch?v=OXnuvR7ARvY
من‌و‌تو پادکست | روز هفدهم جنگ | ترامپ: اوباش مسلح مردم را می‌کشند,https://www.youtube.com/watch?v=5nQ-7joVjks
حکم تاسیس «کمیته‌ تدوین مقررات عدالت انتقالی» را صادر کرده‌ام,https://www.youtube.com/watch?v=P-yPsu_XKyA
من‌و تو خبر | ۲۵ اسفند ۱۴۰۴ | پوشش ویژه اخبار جنگ,https://www.youtube.com/watch?v=o8hZIeKqLS8
من‌و‌تو پادکست | روز شانزدهم جنگ | ترامپ؛ پس از پایان ماجرا با مشکل بزرگی رو به رو خواهید شد,https://www.youtube.com/watch?v=WsjdUd9PKYA
پیام شاهزاده رضا پهلوی؛ چهارشنبه‌سوری را با شور ملی برگزار می‌کنیم,https://www.youtube.com/watch?v=v94TxMrlflo
من‌و تو خبر | ۲۴ اسفند ۱۴۰۴ | پوشش ویژه اخبار جنگ,https://www.youtube.com/watch?v=-156dJGYRMc
پنج هدف اقتصادی سامانه گذار,https://www.youtube.com/watch?v=koIuQbjxcMQ
من‌و‌تو پادکست | روز پانزدهم جنگ| شاهزاده و پاسخ به پرسش فردای پس از جمهوری اسلامی,https://www.youtube.com/watch?v=qvUHYOsC13s
من‌و‌تو پادکست | روز چهاردهم جنگ | ترامپ از حملات شدیدتر علیه ایران خبر داد,https://www.youtube.com/watch?v=-lfoRgdUTg8
من‌و‌تو پادکست | روز سیزدهم جنگ | فاز دوم جنگ؛ شکار نیروهای سرکوب با پهپاد,https://www.youtube.com/watch?v=_gk5xLszLO4
پیام ویژه به کارمندان دولت؛ به هیچ‌وجه در محل کار خود حاضر نشوید,https://www.youtube.com/watch?v=F3qq5XA8vr0
من‌و تو خبر | ۲۱ اسفند ۱۴۰۴ | پوشش ویژه اخبار جنگ,https://www.youtube.com/watch?v=WcgcBztTdh8
من‌و‌تو پادکست | روز دوازدهم جنگ | در انتظار فراخوان نهایی من باشید,https://www.youtube.com/watch?v=eVK9WwLr6cg
شاهزاده رضا پهلوی:  نیازهای ضروری تهیه کنید و منتظر بمانید,https://www.youtube.com/watch?v=qMkCK0V0s7I
من‌و‌تو پادکست | روز یازدهم جنگ | وزیر جنگ آمریکا: امروز شدیدترین روز حملات ما خواهد بود,https://www.youtube.com/watch?v=32RIg-5Jw7M
من‌و تو خبر | ۱۹ اسفند ۱۴۰۴ | پوشش ویژه اخبار جنگ,https://www.youtube.com/watch?v=cbH37DgMJi4
من‌و‌تو پادکست | روز دهم جنگ | انتخاب مجتبی؛ واکنش ترامپ,https://www.youtube.com/watch?v=CRx73dNc7MA
من‌و تو خبر | ۱۸ اسفند ۱۴۰۴ | پوشش ویژه اخبار جنگ,https://www.youtube.com/watch?v=DqSAT8wkjbc
پانزده سال روایت ایران از نگاه شما | گزارشگر منوتو,https://www.youtube.com/watch?v=YkGscnppnJ4
من‌و‌تو پادکست | روز نهم جنگ | افزایش انفجارهای شبانه و هدف قرار دادن انبارهای نفت,https://www.youtube.com/watch?v=uNplXsKjwe4
مادران ایران,https://www.youtube.com/watch?v=3Dl3Y148-Bo
من‌و تو خبر | ۱۷ اسفند ۱۴۰۴ | پوشش ویژه اخبار جنگ,https://www.youtube.com/watch?v=V7NAHkIdfx0
منوتو پادکست | روز هشتم جنگ | آیا آمریکا نیروی زمینی به ایران می‌فرستد؟,https://www.youtube.com/watch?v=oKuLnWm5fyM
من‌و تو خبر | ۱۶ اسفند ۱۴۰۴ | پوشش ویژه اخبار جنگ,https://www.youtube.com/watch?v=6hhXW0qOrSw
منوتو پادکست | روز هفتم جنگ | یکی از شدیدترین موج‌های بمباران تهران,https://www.youtube.com/watch?v=fBgwXeyVU_Y
من‌و تو خبر | ۱۵ اسفند ۱۴۰۴ | پوشش ویژه اخبار جنگ,https://www.youtube.com/watch?v=IfTlvnP-E1s
من‌و‌تو پادکست | شاهزاده رضا پهلوی : هرگونه جانشین‌سازی از پیش شکست‌خورده است. چه مجتبی چه حسن,https://www.youtube.com/watch?v=_MS07M5PMAI
من‌و تو خبر | ۱۴ اسفند ۱۴۰۴ | پوشش ویژه اخبار جنگ,https://www.youtube.com/watch?v=h0W492huqlo
هرگونه جانشین‌سازی از پیش شکست‌خورده است. چه مجتبی چه حسن,https://www.youtube.com/watch?v=AfVUuGX0duA
من‌و‌تو پادکست | شاهزاده رضا پهلوی خطاب به ایرانیان خارج از کشور درباره اقداماتی که باید انجام شود,https://www.youtube.com/watch?v=XrZM7jqPaMU
من‌و تو خبر | ۱۳ اسفند ۱۴۰۴ |  پوشش ویژه اخبار جنگ,https://www.youtube.com/watch?v=74QKgMmzJTM
من‌و‌تو پادکست | ترامپ: موج اصلی حملات هنوز آغاز نشده است,https://www.youtube.com/watch?v=RAck7UMXWXY
من‌و‌تو پادکست |  جلسه توجیهی پنتاگون درباره حملات به جمهوری اسلامی,https://www.youtube.com/watch?v=_alxRyYiqk0
جنگ؛ سرنگونی رژیم چطور اتفاق می‌افتد؟,https://www.youtube.com/watch?v=0aYSYS0H450
من‌و‌تو پادکست | یکی از ساختمان‌های صدا و سیما هدف حمله قرار گرفت,https://www.youtube.com/watch?v=4rPOw3Ux450
من‌و‌تو پادکست | احمدی‌نژاد کشته شد,https://www.youtube.com/watch?v=f2ra46w7eOg
«پیام من به مقامات باقی‌مانده این جمهوری وحشت این است: تسلیم ملت ایران شوید.»,https://www.youtube.com/watch?v=I10PTtac0Tw
شادی ایرانیان به دنبال کشته شدن خامنه‌ای,https://www.youtube.com/watch?v=n026aL2kco8
من‌و‌تو پادکست | خامنه‌ای کشته شد,https://www.youtube.com/watch?v=sW3qQgWD4o0
من‌و‌تو خبر | حمله آمریکا و آسرائیل به ایران,https://www.youtube.com/watch?v=TdOyOUBFolw
«روایت تیر خوردن از نگاه یک شاهد عینی»,https://www.youtube.com/watch?v=VElPbaKjxnk
من‌و‌تو پادکست | روز سرنوشت‌ساز برای ایران,https://www.youtube.com/watch?v=O_XF-XjYBAY
اجرای سرود جان‌نثاران توسط دانشجویان دختر و پسر دانشگاه ملی,https://www.youtube.com/watch?v=EJx44CfZ-1o
پیام شاهزاده رضا پهلوی: دانشجویان پاسخ تاریخ را دادند,https://www.youtube.com/watch?v=12qBKCf7lho
لایو ویژه با اعضای کانال یوتیوب با حضور کیوان عباسی،  بنیانگذار و مدیر تلویزیون منوتو,https://www.youtube.com/watch?v=UXnkwZJN9DE
پیام شاهزاده رضا پهلوی: ایران در آستانه گذار تاریخی,https://www.youtube.com/watch?v=y5Q_eZZ8Peo
نوای تنبور؛ عهدی با ایران,https://www.youtube.com/watch?v=f4pOhyjxNYs
اطلاعیه فوری,https://www.youtube.com/watch?v=esOOC_gN8So
بازگشت شعارهای انقلاب ملی به دانشگاه‌ها,https://www.youtube.com/watch?v=-RD9uBkQT0Y
«آمادگی جنگ یا فشار دیپلماتیک؟ بررسی تنش‌ها با جمهوری اسلامی»,https://www.youtube.com/watch?v=q3VPjXx3bRs
من‌و‌تو پادکست | روز پنجاه و هفتم | روز ملی شدن دانشگاه,https://www.youtube.com/watch?v=UVH-ChgBT4k
بازگشت دانشگاه به ملت؛ سوم اسفند و تغییر پارادایم در قلب دانشگاه,https://www.youtube.com/watch?v=q-Xfg4xplqg
من‌و تو خبر | ۳ اسفند ۱۴۰۴ | پوشش ویژه اخبار,https://www.youtube.com/watch?v=MGV4VqQe05I
من‌و‌تو پادکست | روز پنجاه و ششم | دانشگاه شریف دوباره آریامهر شد,https://www.youtube.com/watch?v=FcfeNMdkDJ0
من‌و تو خبر | ۲ اسفند ۱۴۰۴ | پوشش ویژه اخبار,https://www.youtube.com/watch?v=J8MJ7-gLe3s
من‌و‌تو پادکست | روز پنجاه و پنجم |  ترامپ: حداکثر ۱۰ تا ۱۵ روز,https://www.youtube.com/watch?v=JGnQqKeTGAE
من‌و تو خبر | ۱ اسفند ۱۴۰۴ | پوشش ویژه اخبار,https://www.youtube.com/watch?v=J5M4I9Oq2Y4
من‌و‌تو پادکست | روز پنجاه و چهارم | درخواست فوری خروج شهروندان لهستانی از ایران,https://www.youtube.com/watch?v=ubMZ-1Vf15k
من‌و تو خبر | ۳۰ بهمن‌ماه ۱۴۰۴ | پوشش ویژه اخبار,https://www.youtube.com/watch?v=pHcoYaLNNUs
من‌و‌تو پادکست | روز پنجاه و سوم | ترامپ در یک قدمی جنگ بزرگ با جمهوری اسلامی,https://www.youtube.com/watch?v=8qSL_z5GVwI
من‌و تو خبر | ۲۹ بهمن‌ماه ۱۴۰۴ | پوشش ویژه اخبار,https://www.youtube.com/watch?v=VbB2ombJkwg
من‌و‌تو پادکست | روز پنجاه و دوم | شاهزاده رضا پهلوی: در آیین‌های گرامیداشت جاویدنامان شرکت کنید,https://www.youtube.com/watch?v=FHJDQQfE35c
Time Tunnel Special - Reza Shah Funeral | مراسم خاکسپاری رضا شاه پهلوی,https://www.youtube.com/watch?v=roY9rowBV9c
The Shahbanou of Iran: A Portrait | مستند پرتره شهبانوی ایران,https://www.youtube.com/watch?v=zsV713Tu43s
جو سنگین امنیتی و ادامه اعتراضات مردم,https://www.youtube.com/watch?v=DRV9rBvxX3w
من‌و تو خبر | ۲۸ بهمن‌ماه ۱۴۰۴ | پوشش ویژه اخبار,https://www.youtube.com/watch?v=VfNMf9TJc6E
من‌و‌تو پادکست | روز پنجاه و یکم | تاکنون هیچ‌کس به توافقی موفق با ایران دست نیافته است,https://www.youtube.com/watch?v=BrLM_yvmeHI
۲۵ بهمن٬ یک روز تاریخی برای ایران,https://www.youtube.com/watch?v=8mNxOQ_t-eE
من‌و تو خبر | ۲۷ بهمن‌ماه ۱۴۰۴ | پوشش ویژه اخبار,https://www.youtube.com/watch?v=kQHo4HGQkms
من‌و‌تو پادکست | روز پنجاهم | میلیونها ایرانی در خیابانهای کشورهای جهان,https://www.youtube.com/watch?v=aSDek11LWAw
من‌و تو خبر | ۲۶ بهمن‌ماه ۱۴۰۴ | پوشش ویژه اخبار,https://www.youtube.com/watch?v=8ae7vVuJzqU
من‌و‌تو پادکست | روز چهل و نهم : پوشش زنده و اختصاصی روز جهانی «اقدام برای همبستگی»,https://www.youtube.com/watch?v=3ysKpi2cefE
قضاوت تاریخ از تبعید تا جاوید شاه,https://www.youtube.com/watch?v=lWfKXzGHsRQ
سخنرانی شاهزاده رضا پهلوی در گردهمایی همبستگی با انقلاب شیر و خورشید,https://www.youtube.com/watch?v=lSi6DF0HM-g
من‌و‌تو پادکست | روز چهل و هشتم : پوشش نشست شاهزاده  در کنفرانس مونیخ,https://www.youtube.com/watch?v=AnIgR98aY5w
من‌و‌تو پادکست | روز چهل و هفتم | آنچه جمهوری اسلامی می‌فهمد قدرت قهری است,https://www.youtube.com/watch?v=Q9DNf0G_5F8
من‌و تو خبر | ۲۳ بهمن‌ماه ۱۴۰۴ | پوشش ویژه اخبار,https://www.youtube.com/watch?v=ZmoBOaHvd2k
من‌و‌تو پادکست | روز چهل و ششم | «مرگ بر خامنه‌ای» از تریبونهای حکومت,https://www.youtube.com/watch?v=RoZrfq2jl4M
من‌و تو خبر | ۲۲ بهمن‌ماه ۱۴۰۴ | پوشش ویژه اخبار,https://www.youtube.com/watch?v=D2ZzBT5g7B8
من‌و‌تو پادکست | روز چهل و پنجم | شاهزاده رضا پهلوی نباید رژیم را تنها زخمی‌ کرد، باید کارش را ساخت,https://www.youtube.com/watch?v=3WnOZkfP6to
من‌و تو خبر | ۲۱ بهمن‌ماه ۱۴۰۴ | پوشش ویژه اخبار,https://www.youtube.com/watch?v=Ag8lTYVrjM4
من‌و‌تو پادکست | روز چهل و چهارم | مونیخ در آستانه یک رویداد تاریخی,https://www.youtube.com/watch?v=1_NQ8TV-RkA
من‌و تو خبر | ۲۰ بهمن‌ماه ۱۴۰۴ | پوشش ویژه اخبار,https://www.youtube.com/watch?v=sBYlUKSUfs8
من‌و‌تو پادکست | روز چهل و سوم | عراقچی: قدم عقب بذاری، معلوم نیست تا کجا باید عقب بری,https://www.youtube.com/watch?v=BL2nVrtnDRA
من‌و تو خبر | ۱۹ بهمن‌ماه ۱۴۰۴ | پوشش ویژه اخبار,https://www.youtube.com/watch?v=h8Kby9wanQM
من‌و‌تو پادکست | روز چهل و دوم,https://www.youtube.com/watch?v=I4S1S3LaIEI
من‌و‌تو پادکست | روز چهل و یکم | مذاکره حکومت با آمریکا در سایه کشتار معترضان,https://www.youtube.com/watch?v=xLaq8i0YskM
manotoHUB |پیش برنامه چهارشنبه ۲۴ اردیبهشت ۱۴۰۴,https://www.youtube.com/watch?v=_sigceREACU
من‌و‌تو پادکست | روز چهلم | تردید‌ها درباره مذاکرات,https://www.youtube.com/watch?v=4Cas-7Y0i5s
من‌و تو خبر | ۱۶ بهمن‌ماه ۱۴۰۴ | پوشش ویژه اخبار,https://www.youtube.com/watch?v=Yr5caC9JGRw
بدان: تو تنها نیستی,https://www.youtube.com/watch?v=OzeoNhlecLQ
من‌و‌تو پادکست | روز سی‌ و نهم |  شاهزاده رضا پهلوی به کنفرانس امنیتی مونیخ می‌رود,https://www.youtube.com/watch?v=yRuI3hrZ0LI
من‌و تو خبر | ۱۵ بهمن‌ماه ۱۴۰۴ | پوشش ویژه اخبار,https://www.youtube.com/watch?v=WWBWcYzaNmo
بدان: تو تنها نیستی,https://www.youtube.com/watch?v=jgh8UjkSBjo
من‌و‌تو پادکست | روز سی‌ و هشتم | آمریکا یک پهپاد رژیم را سرنگون کرد,https://www.youtube.com/watch?v=wETCK3NesV8
بدان: تو تنها نیستی,https://www.youtube.com/watch?v=lhskDRt2c4A
من‌و تو خبر | ۱۴ بهمن‌ماه ۱۴۰۴ | پوشش ویژه اخبار,https://www.youtube.com/watch?v=8kDQZII7oLM
دروغ‌سازی رژیم پس از قتل‌عامِ مردم ایران,https://www.youtube.com/watch?v=uVVOuMAYkKI
ادای احترام به پهلوانان ایران,https://www.youtube.com/watch?v=en2rX10ah7U
من‌و‌تو پادکست | روز سی‌ و هفتم | آمریکا در حال تقویت سامانه‌های دفاعی,https://www.youtube.com/watch?v=38duG1YRhUQ
مصاحبه اختصاصی با علی کریمی اسطوره فوتبال ایران,https://www.youtube.com/watch?v=3biyNkxKHtE
ایرانیِ خارج از کشور: خریدِ آگاهانه، حمایتِ واقعی,https://www.youtube.com/watch?v=VH0dFTQDLfw
من‌و تو خبر | ۱۳ بهمن‌ماه ۱۴۰۴ | پوشش ویژه اخبار,https://www.youtube.com/watch?v=1ztC3240_Ho
من‌و‌تو پادکست | روز سی‌ و ششم | ایرانیان در سراسر جهان همصدا با انقلاب ملی ایران,https://www.youtube.com/watch?v=GWslVtJznHg
من‌و تو خبر | ۱۲ بهمن‌ماه ۱۴۰۴ | پوشش ویژه اخبار,https://www.youtube.com/watch?v=YHqsJlJGvKM
Khomeini Documentary | مستند خمینی,https://www.youtube.com/watch?v=BZCmEOC7W2c
من‌و‌تو پادکست | روز سی‌ و پنجم | انفجار گاز در شهرهای اهواز و بندرعباس,https://www.youtube.com/watch?v=Koi4sTlCvBs
من‌و تو خبر | ۱۱ بهمن‌ماه ۱۴۰۴ | پوشش ویژه اخبار,https://www.youtube.com/watch?v=KVUiDWobXDk
من‌و‌تو پادکست | روز سی‌ و چهارم | ترامپ از عملیات بزرگ گفت,https://www.youtube.com/watch?v=JqT5VEXHVHM
من‌و‌تو پادکست | روز سی‌ و سوم | سپاه پاسداران تروریستی می‌شود,https://www.youtube.com/watch?v=kwbv36TsicY
من‌و تو خبر | ۹ بهمن‌ماه ۱۴۰۴ | پوشش ویژه اخبار,https://www.youtube.com/watch?v=yKKsSGxAlXM
من‌و‌تو پادکست | روز سی‌ و دوم | یک ناوگان زیبا‌ی دیگر به زیبابی به سمت ایران حرکت می‌کند,https://www.youtube.com/watch?v=bNMyyZH07Lg
من‌و تو خبر | ۸ بهمن‌ماه ۱۴۰۴ | پوشش ویژه اخبار,https://www.youtube.com/watch?v=fxARbZVjKiM
من‌و‌تو پادکست | روز سی‌ و یکم | گزارش گاردین از دفن‌های دسته‌جمعی برای پنهان‌سازی آمار جان‌باختگان,https://www.youtube.com/watch?v=UCC8YLyo4fI
من‌و تو خبر | ۷ بهمن‌ماه ۱۴۰۴ | پوشش ویژه اخبار,https://www.youtube.com/watch?v=DEG3bfGemeA
تنهایی یک ملت، و نفاق جهانی که عریان شد,https://www.youtube.com/watch?v=MosHdhzFfbI
من‌و‌تو پادکست | روز سی‌ام | از دوشکا تا دراگانوف؛ مستندات استفاده از سلاح‌های جنگی علیه ایرانیان,https://www.youtube.com/watch?v=-gXwhw84o7E
از دوشکا تا دراگانوف، سلاح‌هایی که به قلب جوانان ایران شلیک کردند,https://www.youtube.com/watch?v=b-aet4K36p8
من‌و تو خبر | ۶  بهمن‌ماه ۱۴۰۴ | پوشش ویژه اخبار,https://www.youtube.com/watch?v=le-t1T6DPh8
بترسید از مادرانی که در سوگ فرزند می‌رقصند,https://www.youtube.com/watch?v=sWzHK6zN3Lc
من‌و‌تو پادکست | روز بیست و نهم | رقص بر مرگ، وداع حماسی با فرزندان ایران,https://www.youtube.com/watch?v=kOhIHcr_XDE
من‌و تو خبر | ۵ بهمن‌ماه ۱۴۰۴ | پوشش ویژه اخبار,https://www.youtube.com/watch?v=g65bI70g3Bc
یک نام، شاهزاده رضا پهلوی I پایان افسانه «اپوزیسیون متفرق»,https://www.youtube.com/watch?v=Qis26Gva404
«آنچه در تهرانپارس رخ داد/ روایتی مستند از کشتار»,https://www.youtube.com/watch?v=XW1N1NG8gyg
من‌و‌تو پادکست | روز بیست و هشتم | ایرانیان در سراسر جهان همصدا با انقلاب ملی ایران,https://www.youtube.com/watch?v=2qqkKWI5qIs
من‌و تو خبر | ۴ بهمن‌ماه ۱۴۰۴ | پوشش ویژه اخبار,https://www.youtube.com/watch?v=LiiysqYogLg
من‌و‌تو پادکست | روز بیست و هفتم | ناوگان دریایی آمریکا به سمت ایران,https://www.youtube.com/watch?v=to3bt5u9xEI
به زودی برنامه‌های مرتبط با روز جهانی همبستگی با انقلاب ملی ایران اعلام می‌شود,https://www.youtube.com/watch?v=FeZYt1X7geA
من‌و تو خبر | ۳ بهمن‌ماه ۱۴۰۴ | پوشش ویژه اخبار,https://www.youtube.com/watch?v=NrT2VqRwT48
من‌و‌تو پادکست | روز بیست و ششم | صدور قطعنامه پارلمان اروپا علیه جمهوری اسلامی,https://www.youtube.com/watch?v=r8I2-YQGcxE
من‌و تو خبر | ۲ بهمن‌ماه ۱۴۰۴ | پوشش ویژه اخبار,https://www.youtube.com/watch?v=0cbGbcgyrQk
تصاویر جنایت | آنچه آرام‌آرام از ایران می‌رسد,https://www.youtube.com/watch?v=c0zhDotvlF4
من‌و‌تو پادکست | روز بیست و پنجم | اعلام سوگ ملی توسط شهبانو فرح پهلوی٬ یک دقیقه سکوت جمعه سوم بهمن,https://www.youtube.com/watch?v=UAqwMjImpc8
پیام منوتو به ملت ایران | ما  کنار شمائیم,https://www.youtube.com/watch?v=Tjo1YruoPv4
من‌و تو خبر | ۱ بهمن‌ماه ۱۴۰۴ | پوشش ویژه اخبار,https://www.youtube.com/watch?v=Bi_v1zvnVy4
گزارشگران منوتو، گزارشگران حقیقت,https://www.youtube.com/watch?v=H9kpdi59HYY
من‌و‌تو پادکست | روز بیست و چهارم | فرزندان شجاعم؛  برای بازپس‌گیری ایران آماده باشید,https://www.youtube.com/watch?v=wgw0dHRtP34
من‌و تو خبر | ۳۰ دی‌ماه ۱۴۰۴ | پوشش ویژه اخبار | بخش دوم,https://www.youtube.com/watch?v=lkdqN75LBbg
من‌و تو خبر | ۳۰ دی‌ماه ۱۴۰۴ | پوشش ویژه اخبار,https://www.youtube.com/watch?v=RK8wxtO-Y0Q
ادامه این نبرد عهدی است با جانباختگان راه آزادی و خون پاکشان,https://www.youtube.com/watch?v=YTUulJwWx8M
«تنها نیستید» | خروش ایرانیان مهاجر برای هموطنانشان,https://www.youtube.com/watch?v=NxMWH7P8sgM
۳ سناریوی سقوط | پایان رژیم,https://www.youtube.com/watch?v=Z5sVzYnORWE
من‌و‌تو پادکست | روز بیست و سوم | فشار جامعه ایرانی،لغو دعوت عراقچی به نشست داووس,https://www.youtube.com/watch?v=MK04IBQ8FLs
من‌و تو خبر | ۲۹ دی‌ماه ۱۴۰۴ | پوشش ویژه اخبار,https://www.youtube.com/watch?v=hP1yYOeQto8
روایتی از جنایت کهریزک,https://www.youtube.com/watch?v=-vOAfKUhOs4
من‌و‌تو پادکست | روز بیست و دوم | نمایش پرچم‌های شیر و خورشید در سراسر جهان,https://www.youtube.com/watch?v=_pQ3uQJqjos
وقتی مسجد پایگاه سرکوب می‌شود,https://www.youtube.com/watch?v=Wzoajim0XJM
من‌و تو خبر | ۲۸ دی‌ماه ۱۴۰۴ | پوشش ویژه اخبار (بخش دوم),https://www.youtube.com/watch?v=Xe4Hm_zFaP4
یک هفته از خاموشی اینترنت در ایران گذشته,https://www.youtube.com/watch?v=28Mcb-Agdog
من‌و تو خبر | ۲۸ دی‌ماه ۱۴۰۴ | پوشش ویژه اخبار,https://www.youtube.com/watch?v=btu1Nwwbm9Y
من‌و‌تو پادکست | روز بیست و یکم | خانه‌های ما سنگر مبارزه و ایستادگی است,https://www.youtube.com/watch?v=WFs_t1MVNLo
پیام شاهزاده رضا پهلوی به جهان چه بود؟,https://www.youtube.com/watch?v=ZG_zyqyefuk
من‌و تو خبر | ۲۷ دی‌ماه ۱۴۰۴ | پوشش ویژه اخبار,https://www.youtube.com/watch?v=xByVusjefpk
من‌و‌تو پادکست | روز بیستم | نشست خبری شاهزاده رضا پهلوی درباره خیزش ملی ایران,https://www.youtube.com/watch?v=v_2SaciMQ9k
کنفرانس خبری شاهزاده رضا پهلوی | به ایران باز خواهم گشت، این حکم مردم است.,https://www.youtube.com/watch?v=b3oH2nrq_RM
من‌و تو خبر | ۲۶ دی‌ماه ۱۴۰۴ | پوشش ویژه اخبار,https://www.youtube.com/watch?v=2bjLAZCsyIM
من‌و‌تو پادکست | روز نوزدهم | خزانه‌داری آمریکا: خروج میلیون‌ها دلار توسط رهبران جمهوری اسلامی,https://www.youtube.com/watch?v=K8sEoTkDJeA
ایران در لحظه‌ای تاریخی؛ چرا جهان از خیزش ملت ایران نگران است؟,https://www.youtube.com/watch?v=bH3MBdb3EFc
من‌و تو خبر | ۲۵ دی‌ماه ۱۴۰۴ | پوشش ویژه اخبار,https://www.youtube.com/watch?v=h-uS5iNpwR4
من‌و‌تو پادکست | روز هجدهم | جنایات جمهوری اسلامی زیر نگاه جهان,https://www.youtube.com/watch?v=bAJtcO-jBPw
بازگشت جانی به صحنه جرم٬ آخرین تقلای رژیم,https://www.youtube.com/watch?v=J38DNhLT2cU
من‌و تو خبر | ۲۴ دی‌ماه ۱۴۰۴ | پوشش ویژه اخبار,https://www.youtube.com/watch?v=n-ILi3zAC6k
من‌و‌تو پادکست | روز هفدهم | این تصاویر سند جنایت‌اند | ایرانِ غرق خون، در آستانه آزادی,https://www.youtube.com/watch?v=MFgxPuQLM4I
جنایت علیه بشریت در ایران,https://www.youtube.com/watch?v=QQsbuUEIuac
من‌و تو خبر | ۲۳ دی‌ماه ۱۴۰۴ | پوشش ویژه اخبار,https://www.youtube.com/watch?v=hPtSFB-Fzjk
من‌و‌تو پادکست | روز شانزدهم | شاهزاده رضا پهلوی:سفارت‌خانه‌ها و کنسولگری‌ها، متعلق به ملت ایران است,https://www.youtube.com/watch?v=eAFivL35fYY
من‌و تو خبر | ۲۲ دی‌ماه ۱۴۰۴ | پوشش ویژه اخبار,https://www.youtube.com/watch?v=7QhOjwjNtRg
من‌و‌تو پادکست | روز پانزدهم | دومین روز از فراخوان تازه شاهزاده رضا پهلوی,https://www.youtube.com/watch?v=T8pfoKPpYXk
تامی رابینسون؛ شکست آیت‌الله‌ها توسط ایرانیان، پیروزی همه ما خواهد بود,https://www.youtube.com/watch?v=XZTPia1zVpI
من‌و‌تو پادکست | روز چهاردهم | اعلام فراخوان تازه از سوی شاهزاده رضا پهلوی,https://www.youtube.com/watch?v=H9-iyxbu-kI
من‌و‌تو پادکست | روز سیزدهم | دومین روز از فراخوان شاهزاده رضا پهلوی,https://www.youtube.com/watch?v=1GG5fAjIQT4
مصاحبه اختصاصی با شاهزاده رضا پهلوی در دومین روز از فراخوان,https://www.youtube.com/watch?v=4Td16ZNbvCI
من‌و‌تو پادکست | روز دوازدهم | اولین روز از فراخوان شاهزاده رضا پهلوی,https://www.youtube.com/watch?v=PqaozX4bAfU
من‌و‌تو پادکست | روز یازدهم | خبر فوری: سیل جمعیت در سراسر ایران,https://www.youtube.com/watch?v=31W7JJOfBd8
روز یازدهم… ایران یکپارچه برخاسته,https://www.youtube.com/watch?v=8UBTs5w0JBE
من‌و‌تو پادکست | روز دهم | بازار به خط اول اعتراضات بازگشت,https://www.youtube.com/watch?v=9Gi1CazqkQ0
وقتی نسل جوان، سیاست را از نو تعریف می‌کند,https://www.youtube.com/watch?v=KZeXiXVtaBw
من‌و‌تو پادکست | روز نهم | ایرانِ جوان در خیابان؛نسلی که میخواهد ایران را پس بگیرد,https://www.youtube.com/watch?v=8qUEfPrYBG8
چطور در لحظه های تنش، عدم خشونت را حفظ کنیم؟,https://www.youtube.com/watch?v=hLOl03sP928
من‌و‌تو خبر | ۱۵ دی ۱۴۰۴ | تایمز: خامنه‌ای قصد دارد به مسکو فرار کند,https://www.youtube.com/watch?v=QIzwQx-6Xec
وقتی خشم به خشونت تبدیل نمی‌شود,https://www.youtube.com/watch?v=lhSgzyvuLXE
جنبش‌ها با فریاد قوی نمی‌شوند,https://www.youtube.com/watch?v=6AsRIqW-2ZU
من‌و‌تو پادکست | روز هشتم | فضای متشنج در اطراف بازار تهران,https://www.youtube.com/watch?v=u3BFdB1AOHA
من‌و‌تو خبر | ۱۴ دی ۱۴۰۴ | اعتراضات سراسری در ایران وارد هشتمین روز شد,https://www.youtube.com/watch?v=KfNr8Ihxw-8
من‌و‌تو پادکست | ۱۳ دی ۱۴۰۴ | روز هفتم: چند ساعت پس از حمایت از خامنه‌ای، مادورو را بردند,https://www.youtube.com/watch?v=ArqJk0sZ2RU
نافرمانی مدنی | وقتی مقاومت وارد زندگی روزمره می‌شود,https://www.youtube.com/watch?v=MBlPpUjdAII
من‌و‌تو پادکست | روز ششم: ۱۲ دی ۱۴۰۴ | ترامپ جمهوری اسلامی را تهدید به حمله نظامی کرد,https://www.youtube.com/watch?v=NQtZPUSN2aU
اگر نبودم ...,https://www.youtube.com/watch?v=ihk0jV0mre8
دروغ ۱۲,https://www.youtube.com/watch?v=o5uGshX0pQY
باید به یاد داشته باشیم: ایران وطن ماست و تنها خود ما می‌توانیم آینده‌اش را شکل بدهیم.⁩,https://www.youtube.com/watch?v=62vnUdxVk5A
من‌و‌تو پادکست | ۱۱ دی ۱۴۰۴ | روز پنجم: ادامه اعتراضات مردمی در ایران,https://www.youtube.com/watch?v=OGi0xXsM21Y
من‌و‌تو خبر | روز چهارم٬ ده‌ها شهر به اعتراضات پیوستند,https://www.youtube.com/watch?v=NeOEqNoLvns
همبستگی | جنبش‌ها با آدم‌ها زنده می‌مانند,https://www.youtube.com/watch?v=t4BA2LeSnfY
من‌و‌تو خبر | پوشش ویژه اعتراضات مردمی,https://www.youtube.com/watch?v=aEyLCjRmm8w
مثل آب باش | وقتی مردم از هم مراقبت می‌کنند,https://www.youtube.com/watch?v=vzuDL5RRdMc
من‌و‌تو پادکست | خبر فوری: ادامه اعتراضات٬ ماموران از دست معترضان فرار کردند,https://www.youtube.com/watch?v=5ByQnc-EtLM
بازار نام پهلوی را فریاد زد,https://www.youtube.com/watch?v=bYlXOVFUycA
من‌و‌تو پادکست | خبر فوری: گسترش اعتصابات در ایران؛ پیوستن بازاریان و مردم,https://www.youtube.com/watch?v=7C6Pc27Sojo
اخبار| ۹ دی ۱۴۰۴| خبر فوری: ادامه اعتراضات سراسری در ایران,https://www.youtube.com/watch?v=U4KklIuTqiU
من‌و‌تو پادکست | گسترش اعتراضات شبانه در سراسر ایران,https://www.youtube.com/watch?v=K_hvNXLhZ-E
من‌و‌تو پادکست | اعتصاب کسبه تهران؛ «شرف داری ببندش»,https://www.youtube.com/watch?v=aYDOOJXwCSk
برای تماشای کامل این قسمت از من‌‌و‌تو پادکست بر روی لینکی که در زیر آن قرار گرفته کلیک کنید,https://www.youtube.com/watch?v=1xxaxxZLJ7A
اخبار | ۷ دی ۱۴۰۴ | خبر فوری: اعتراضات به افزایش قیمت دلار,https://www.youtube.com/watch?v=ObW9GoUMn8M
برای تماشای این ویدیو بر روی لینکی که در زیر آن قرار گرفته کلیک کنید,https://www.youtube.com/watch?v=s18Ng_Ia-48
من‌و‌تو پادکست | چهلم فرزاد خوش‌برش؛ حاضران «پهلوی بر‌می‌گردد» سر دادند,https://www.youtube.com/watch?v=Y-yX_HBQvFY
برای تماشای کامل این قسمت از من‌‌و‌تو پادکست بر روی لینکی که در زیر آن قرار گرفته کلیک کنید,https://www.youtube.com/watch?v=uTJ4xllGC2g
اخبار | ۶ دی ۱۴۰۴ | بیتا شفیعی آزاد شد,https://www.youtube.com/watch?v=_3csTFv552A
برای تماشای این برنامه می‌توانید بر روی لینکی که در زیر آن قرار گرفته کلیک کنید,https://www.youtube.com/watch?v=U-6ztRlbDNM
مزرعه حیوانات,https://www.youtube.com/watch?v=Joi2IsYlDm0
از همین قدم‌های کوچک شروع کن,https://www.youtube.com/watch?v=NXNt0zbEBG0
«زیرکمیته» | گفت‌وگوهایی برای دیدن پشت روایت‌ها,https://www.youtube.com/watch?v=MUdSmPO5H5U
برنامه «باب جان» داستان زندگی پرویز ظفری، نماینده سابق مجلس ایران را روایت می کند,https://www.youtube.com/watch?v=CmNdyQQq2Is
«دروغ ۱۲» داستانی که فراموش نشده,https://www.youtube.com/watch?v=-GLmqUkPOBo
از همین قدم‌های کوچک شروع کن,https://www.youtube.com/watch?v=nQmdEF99dYM
اخبار | ۳ دی ۱۴۰۴ | مشاجره شدید نماینده آمریکا و جمهوری اسلامی در سازمان ملل؛ «با آتش بازی نکنید»,https://www.youtube.com/watch?v=5F2VF7Fhmfk
پادکست زیرکمیته با موضوع جزایر ایرانی خلیج فارس,https://www.youtube.com/watch?v=V-AlZxTO0tU
نبرد ذهنیت‌ها؛ ذهنیت مبارزه یا دلخوشی‌های کاذب,https://www.youtube.com/watch?v=7bALJwcA-ao
من‌و‌تو پادکست | راز شکستن دیوار ترس؛ راه‌ عبور از سرکوب عمومی در جمهوری اسلامی,https://www.youtube.com/watch?v=5YDw4AVqwR8
شیوع بیماری‌های مسری در مناطق سیل زده ایران,https://www.youtube.com/watch?v=OwVWkN1CPOw
وقتی امید دیگه نمیتونه تحمل کنه 🤯😡 «دو تا پا مگه اینقدر بحث و کامنت داره»,https://www.youtube.com/watch?v=VcknpmgMgxY
از همین قدم‌های کوچک شروع کن,https://www.youtube.com/watch?v=FR0-FguQGPs
اخبار | ۲ دی ۱۴۰۴ | بالا رفتن قیمت دلار همزمان با افزایش احتمال حمله اسرائیل به جمهوری اسلامی,https://www.youtube.com/watch?v=UMS9KXPxKfo
من‌و‌تو پادکست | قدرت، مردم و مصرف سیاسی,https://www.youtube.com/watch?v=j1aANWc1K0s
جزئیات تازه از قتل امید سرلک؛ «او با کلت کمری حکومت کشته شده»,https://www.youtube.com/watch?v=ezM4ah9ZA6M
اخبار | ۱ دی ۱۴۰۴ | احتمال حمله دوباره اسرائیل به جمهوری اسلامی,https://www.youtube.com/watch?v=t2cvGelO7f0
عراقچی: رابطه با ویتکاف را قطع کردم,https://www.youtube.com/watch?v=bieh-9CJQn4
من‌و‌تو پادکست |ویژه یلدا,https://www.youtube.com/watch?v=gAOj7oimQps
اخبار | ۳۰ آذر ۱۴۰۴ | چله‌نشینی زیر سایه گرانی,https://www.youtube.com/watch?v=4YMueXVNRHg
ویژه شب یلدا؛ گلچین یلداهای منوتو,https://www.youtube.com/watch?v=0Idf9_DpFw0
آيا فحش ابزار مبارزه است؟,https://www.youtube.com/watch?v=A2hwvGLAXok
برای تماشای کامل این قسمت از من‌‌و‌تو پادکست بر روی لینکی که در زیر آن قرار گرفته کلیک کنید,https://www.youtube.com/watch?v=4hIkTDKZJnQ
من‌و‌تو پادکست | پیرو کدام حضرتی؟,https://www.youtube.com/watch?v=QfbGTs3LhVc
اظهارات اخیر مارکو روبیو درباره مردم ایران و رژیم اسلامی نشانه چیست؟,https://www.youtube.com/watch?v=99P7W2SBOvo
اخبار | ۲۹ آذر ۱۴۰۴ | اعدام‌های بیشتر در ایران؛ یک دانشجو اعدام شد,https://www.youtube.com/watch?v=Xb_bxEiiX2s
تغییرات جدید یوتوب و تاثیر آن بر یوتوب فارسی در گفتگو با پویش عزیزالدین,https://www.youtube.com/watch?v=O8kRwLFFO-I
صدای فاطمه سپهری باشیم,https://www.youtube.com/watch?v=21cfAISHBaw
اخبار | ۲۷ آذر ۱۴۰۴ | وزیر خارجه اسرائیل: جمهوری اسلامی دنبال سلاح هسته‌ای است,https://www.youtube.com/watch?v=TuGyEZFLDyI
سیل درایران؛ بحران خشکسالی حل نمی‌شود,https://www.youtube.com/watch?v=5S3DO8CEbAc
من‌و‌تو پادکست | دعواهای اپوزیسیون؛ تهدید یا تمرین برای ایران آینده؟,https://www.youtube.com/watch?v=oSG3uzOFEOY
گفتگو اختصاصی با برادر فاطمه سپهری: وضع جسمی او وخیم است.,https://www.youtube.com/watch?v=wrLG9_rKw-c
اخبار | ۲۶ آذر ۱۴۰۴ | رئیس موساد: اسرائیل باید از نبود برنامه هسته‌ای ایران مطمئن باشد,https://www.youtube.com/watch?v=ZCJ3kzYHI8k
برای تماشای کامل این قسمت از من‌‌و‌تو پادکست بر روی لینکی که در زیر آن قرار گرفته کلیک کنید,https://www.youtube.com/watch?v=Jv44jwXulAE
من‌و‌تو پادکست | نافرمانی مدنی در عمل؛ نه به کالاهای حکومتی,https://www.youtube.com/watch?v=nthfDnyvmLI
برای تماشای کامل این قسمت از من‌‌و‌تو پادکست بر روی لینکی که در زیر آن قرار گرفته کلیک کنید,https://www.youtube.com/watch?v=eB_Avw7cLAk
اخبار | ۲۵ آذر ۱۴۰۴ | سیل در چندین استان ایران؛ «تلفات بالا خواهد بود»,https://www.youtube.com/watch?v=VKFJUqJIPC8
برای تماشای کامل این قسمت از من‌‌و‌تو پادکست بر روی لینکی که در زیر آن قرار گرفته کلیک کنید,https://www.youtube.com/watch?v=FgiN14VcmJ0
برای تماشای کامل این قسمت از من‌‌و‌تو پادکست بر روی لینکی که در زیر آن قرار گرفته کلیک کنید,https://www.youtube.com/watch?v=M1mqHJlJMuo
من‌و‌تو پادکست | ۲۴ آذر ۱۴۰۴ | نوع نظام ایران آینده و جایگاه احزاب,https://www.youtube.com/watch?v=nbuYgBIs9gg
احتمال دست داشتن جمهوری اسلامی در حملات استرالیا,https://www.youtube.com/watch?v=57DvWbaLm1Y
برای تماشای کامل این قسمت از من‌‌و‌تو پادکست بر روی لینکی که در زیر آن قرار گرفته کلیک کنید,https://www.youtube.com/watch?v=YCy21kRGDP4
اخبار | ۲۴ آذر ۱۴۰۴ | حملات استرالیا؛ انگشت اتهام به سوی جمهوری اسلامی,https://www.youtube.com/watch?v=CS9KVB-VdI0
مراسم یادبود یا میدان رقابت سیاسی؟ بررسی یک مناقشه با محسن بنایی,https://www.youtube.com/watch?v=8qVHmy3ES70
برای تماشای کامل این قسمت از من‌‌و‌تو پادکست بر روی لینکی که در زیر آن قرار گرفته کلیک کنید,https://www.youtube.com/watch?v=ClZ461w_XDc
من‌و‌تو پادکست | ۲۳ آذر ۱۴۰۴ | مصادره مراسم یادبود علی کردی؛ واقعیت چیست؟,https://www.youtube.com/watch?v=99t13h9AyUo
برای تماشای کامل این قسمت از من‌‌و‌تو پادکست بر روی لینکی که در زیر آن قرار گرفته کلیک کنید,https://www.youtube.com/watch?v=ynL90HNdtu8
اخبار | ۲۳ آذر ۱۴۰۴ | بی‌خبری از وضعیت جواد علی‌کردی و دیگر بازداشت‌شدگان,https://www.youtube.com/watch?v=VQ5DSRr9hyA
برای تماشای کامل این قسمت از من‌‌و‌تو پادکست بر روی لینکی که در زیر آن قرار گرفته کلیک کنید,https://www.youtube.com/watch?v=LSasHgNiqe4
مشاور سیاسی شاهزاده: اعتراضات مشهد نقطه عطف است,https://www.youtube.com/watch?v=mpJ4IizmEQI
آیا دلار ۲۰۰ هزار تومان می‌شود؟,https://www.youtube.com/watch?v=e_VZjpUeKXY
من‌و‌تو پادکست | گفتگوی اختصاصی با مشاور سیاسی شاهزاده رضا پهلوی درباره رویدادهای مشهد,https://www.youtube.com/watch?v=HxFFC2sc9m4
برای تماشای کامل این قسمت از من‌‌و‌تو پادکست بر روی لینکی که در زیر آن قرار گرفته کلیک کنید,https://www.youtube.com/watch?v=rdGTdNE5I8w
اخبار | ۲۲ آذر ۱۴۰۴ | ادامه واکنش‌ها به مراسم یادبود علیکردی؛ پادشاهی‌خواهان در صدر خبرها,https://www.youtube.com/watch?v=u1Ea3sAja1U
«مردم ما را به آرزوها و امیدهایشان برسان و به قلب‌های اندوهگین نور امید و شادی بیافشان»,https://www.youtube.com/watch?v=x1Q-0RMdgyE
اخبار ویژه | مراسم هفتم خسرو علیکردی؛ مردم شعار «پهلوی برمی‌گردد» سر دادند,https://www.youtube.com/watch?v=9QG4Nsp-iBs
اختصاصی؛ مراسم هفتم خسرو علیکردی,https://www.youtube.com/watch?v=XgU5fR20ZGg
اخبار | ۲۰ آذر ۱۴۰۴ | واکنش‌ها به سخنرانی امروز خامنه‌ای؛ «پریشان و ناتوان»,https://www.youtube.com/watch?v=eZL-pDOBlS0
برای تماشای کامل این قسمت از من‌‌و‌تو پادکست بر روی لینکی که در زیر آن قرار گرفته کلیک کنید,https://www.youtube.com/watch?v=QhEhVy84b2Y
برای تماشای کامل این قسمت از من‌‌و‌تو پادکست بر روی لینکی که در زیر آن قرار گرفته کلیک کنید,https://www.youtube.com/watch?v=AO3dgt9-yDk
من‌و‌تو پادکست | چرا مراسم یادبود خسرو علیکردی مهم است؟,https://www.youtube.com/watch?v=JzvJskS58Zc
گفتگو با دکتر اسماعیل کهرم درباره اعلام جرم علیه او؛ «قدری از پول موشک‌ها را خرج محیط زیست کنید»,https://www.youtube.com/watch?v=4EenO7zWDU8
اخبار | ۱۹ آذر ۱۴۰۴ | «نه» وزیر خارجه لبنان به جمهوری اسلامی: تهران نمی‌آیم,https://www.youtube.com/watch?v=lUzWP6Wumq0
برای تماشای کامل این قسمت از من‌‌و‌تو پادکست بر روی لینکی که در زیر آن قرار گرفته کلیک کنید,https://www.youtube.com/watch?v=Z6dZiHzZRew
برای تماشای کامل این قسمت از من‌‌و‌تو پادکست بر روی لینکی که در زیر آن قرار گرفته کلیک کنید,https://www.youtube.com/watch?v=nqDCaDFXScE
برای تماشای کامل این قسمت از من‌‌و‌تو پادکست بر روی لینکی که در زیر آن قرار گرفته کلیک کنید,https://www.youtube.com/watch?v=85hi89jZJac
من‌و‌تو پادکست | «هر اتفاقی که متضاد با آزاده‌زیستن باشد را قبول نمی کنم»,https://www.youtube.com/watch?v=SoXRgbL3j5w
اخبار | ۱۸ آذر ۱۴۰۴ | تیم فوتبال جمهوری اسلامی: جام جهانی بدون ویزا با پرچم رنگین‌کمانی,https://www.youtube.com/watch?v=I9PIygo29gI
برای تماشای کامل این قسمت از من‌‌و‌تو پادکست بر روی لینکی که در زیر آن قرار گرفته کلیک کنید,https://www.youtube.com/watch?v=dmmwjisusqE
برای تماشای کامل این قسمت از من‌‌و‌تو پادکست بر روی لینکی که در زیر آن قرار گرفته کلیک کنید,https://www.youtube.com/watch?v=qQAj4HK377w
من‌و‌تو پادکست |  قتل خسرو علیکردی٬ مرگ، «نقطه‌ی پایان» نیست,https://www.youtube.com/watch?v=nYpswx0wjM4
برای تماشای کامل این قسمت از من‌‌و‌تو پادکست بر روی لینکی که در زیر آن قرار گرفته کلیک کنید,https://www.youtube.com/watch?v=6mnwaTEAK_I
تماس یک هم‌وطن با نکاتی جالب و شنیدنی؛ نگاهی از زوایای مختلف به موضوعات مطرح‌شده در برنامه,https://www.youtube.com/watch?v=XIjITkyF77w
اخبار | ۱۷ آذر ۱۴۰۴ | ظریف: ما برای آرمان فلسطین، بیشتر از اعراب هزینه دادیم,https://www.youtube.com/watch?v=dNDWVWUvg48
برای تماشای کامل این قسمت از من‌‌و‌تو پادکست بر روی لینکی که در زیر آن قرار گرفته کلیک کنید,https://www.youtube.com/watch?v=gvVffpS4WXE
در گفتگو با دکتر شادمان تمجیدی افشار نویسنده و پژوهشگر تاریخ روابط اجتماعی ایرانیان,https://www.youtube.com/watch?v=aHPMirfizIE
من‌و‌تو پادکست | از شهریار شفیق تا خسرو علیکردی٬ چهار‌دهه مبارزه,https://www.youtube.com/watch?v=uyjYtnVO_nE
برای تماشای کامل این قسمت از من‌‌و‌تو پادکست بر روی لینکی که در زیر آن قرار گرفته کلیک کنید,https://www.youtube.com/watch?v=zV7Ouvbl-SA
اخبار | ۱۶ آذر ۱۴۰۴ | مراسم خاکسپاری خسرو علیکردی؛ حاضران شعار جاوید شاه دادند,https://www.youtube.com/watch?v=bYpIXNdSkgE
«ما هستیم تا صدای مردم ایران خاموش نشود»,https://www.youtube.com/watch?v=DelV-nlSYRQ
""" قتل خسرو علیکردی ناقوس مرگ جمهوری اسلامی است""",https://www.youtube.com/watch?v=VhTKbWvf7zU
برای تماشای کامل این قسمت از من‌‌و‌تو پادکست بر روی لینکی که در زیر آن قرار گرفته کلیک کنید,https://www.youtube.com/watch?v=JS_yOI_c91w
من‌و‌تو پادکست | آیا جمهوری اسلامی در مرگ وکیل فاطمه سپهری نقش داشته؟,https://www.youtube.com/watch?v=R85Rhuj62_4
آیا آمریکا به دنبال تغییر رژیم در ایران است؟,https://www.youtube.com/watch?v=sb0EU506jhs
مرگ مشکوک «خسرو علی کردی» وکیل فاطمه سپهری,https://www.youtube.com/watch?v=bE8vZUPZPq0
برای تماشای کامل این قسمت از من‌‌و‌تو پادکست بر روی لینکی که در زیر آن قرار گرفته کلیک کنید,https://www.youtube.com/watch?v=04ifj4LjC58
اخبار | ۱۵ آذر ۱۴۰۴ | مقام آمریکایی: داستان اسرائیل با حکومت اسلامی تمام نشده,https://www.youtube.com/watch?v=knSBYWcoYDs
برای تماشای کامل این قسمت از من‌‌و‌تو پادکست بر روی لینکی که در زیر آن قرار گرفته کلیک کنید,https://www.youtube.com/watch?v=7_PiGmakICA
اخبار | ۱۳ آذر ۱۴۰۴ | تحریم حزب‌االه و حوثی‌ها در عراق؟,https://www.youtube.com/watch?v=KiMtCT-Y7Qc
برای تماشای کامل این قسمت از من‌‌و‌تو پادکست به لینکی که در زیر آن قرار گرفته مراجعه کنید,https://www.youtube.com/watch?v=mqFwGteTxmU
من‌و‌تو پادکست | بسته شدن پنجره مهاجرت ایرانیان؟,https://www.youtube.com/watch?v=mL_H1yXFUTg
همه چیز درباره ممنوعیت‌های مهاجرتی آمریکا برای ایرانی‌ها,https://www.youtube.com/watch?v=hVBcdb6uev4
شروین حاجی‌پور؛ از اعتراض ۱۴۰۱ تا مجوز ارشاد,https://www.youtube.com/watch?v=ADscKUCWlg4
اخبار | ۱۲ آذر ۱۴۰۴| ایران در کنار سومالی، اریتره و سودان؛ محدودیت مهاجرت به آمریکا,https://www.youtube.com/watch?v=fKHPutiWmRs
ماجرای تصاویر ساختگی از جنگ ۱۲ روزه,https://www.youtube.com/watch?v=J_RJtu2IwkY
برای تماشای کامل این قسمت از من‌‌و‌تو پادکست به لینکی که در زیر آن قرار گرفته مراجعه کنید,https://www.youtube.com/watch?v=o1Vq4A9Xu5g
برای تماشای کامل این قسمت از من‌‌و‌تو پادکست به لینکی که در زیر آن قرار گرفته مراجعه کنید,https://www.youtube.com/watch?v=1DQ-4mg3em4
من‌و‌تو پادکست | آلبوم شروین مجوز گرفت!,https://www.youtube.com/watch?v=HBVahH-kGVI
دیاسپورای ایرانی و امکان سازماندهی آن,https://www.youtube.com/watch?v=NNh_9TbCDOY
اخبار | ۱۱ آذر ۱۴۰۴ | ماجرای ویدیوهای حمله اسرائیل که سپاه جعلی خواند چیست؟,https://www.youtube.com/watch?v=BSCdBy0ksSc
برای تماشای کامل این قسمت از من‌‌و‌تو پادکست به لینکی که در زیر آن قرار گرفته مراجعه کنید,https://www.youtube.com/watch?v=EU7kCrkTWvE
برای تماشای کامل این قسمت از من‌‌و‌تو پادکست به لینکی که در زیر آن قرار گرفته مراجعه کنید,https://www.youtube.com/watch?v=HyJ5iDnq934
برای تماشای کامل این قسمت از من‌‌و‌تو پادکست به لینکی که در زیر آن قرار گرفته مراجعه کنید,https://www.youtube.com/watch?v=AS6L6EH4wHA
راستی آزمایی صحبت های «اسفندیار منفردزاده» در ارتباط با شبکه من و تو,https://www.youtube.com/watch?v=nclnLo2JlTw
مقابله کانادا با پولشویی جمهوری اسلامی در این کشور,https://www.youtube.com/watch?v=EaykJQx82wI
برای تماشای کامل این قسمت از من‌‌و‌تو پادکست به لینکی که در زیر آن قرار گرفته مراجعه کنید,https://www.youtube.com/watch?v=cI5AM3kEDbI
برای تماشای کامل این قسمت از من‌‌و‌تو پادکست به لینکی که در زیر آن قرار گرفته مراجعه کنید,https://www.youtube.com/watch?v=8JCYgJrB7rA
من‌و‌تو پادکست | چالش‌های ایران و صدای دیاسپورای ایرانی,https://www.youtube.com/watch?v=L8TQTPcPEas
«کشورمون داره از دست میره»,https://www.youtube.com/watch?v=OkldPPJsjf4
اخبار | ۱۰ آذر ۱۴۰۴ | خبر فوری: تجمع اعتراضی مردم در حمایت از بیتا شفیعی,https://www.youtube.com/watch?v=Fz2yMzZ9f_k
چرا بعضی از همکاران شما به تلویزیون دیگری می‌روند؟,https://www.youtube.com/watch?v=1o1Pnjf2Pjc
برای تماشای کامل این قسمت از من‌‌و‌تو پادکست به لینکی که در زیر آن قرار گرفته مراجعه کنید,https://www.youtube.com/watch?v=jR3LCV56B58
من‌و‌تو پادکست | پشت مزد بگیران حکومت نماز نخوانید,https://www.youtube.com/watch?v=BP_ZUtp-mcU
اخبار | ۹ آذر ۱۴۰۴ | شیوع گسترده آنفلونزا در ایران؛ بحران تا نوروز ادامه دارد,https://www.youtube.com/watch?v=Vuq_Zx_TT-Q
برای تماشای کامل این قسمت از من‌‌و‌تو پادکست به لینکی که در زیر آن قرار گرفته مراجعه کنید,https://www.youtube.com/watch?v=3X_XXjWSpr0
برای تماشای کامل این قسمت از من‌‌و‌تو پادکست به لینکی که در زیر آن قرار گرفته مراجعه کنید,https://www.youtube.com/watch?v=TSIGHleYY1E
من‌و‌تو پادکست | توهین برنامه «بازمانده» سیامک انصاری به نمادهای ملی ایران,https://www.youtube.com/watch?v=EMQbDRGZ_f4
اخبار | ۸ آذر ۱۴۰۴ | سالگرد سقوط اسد؛ دمشق بدون دیکتاتوری به کدام سو می‌رود؟,https://www.youtube.com/watch?v=LE32JA9w7ZE
گفتگوی اختصاصی با نخست وزیر پیشین اسرائیل: ما حتی آدرس اتاق خواب فرماندهان نظام را داریم,https://www.youtube.com/watch?v=GWiGShmcxc4
برای تماشای کامل این قسمت از من‌‌و‌تو پادکست به لینکی که در زیر آن قرار گرفته مراجعه کنید,https://www.youtube.com/watch?v=FRY0KRAoI24
«ماچا خوردن به معنای طرفداری از حکومت نیست»,https://www.youtube.com/watch?v=PoBz5hUGS30
برای تماشای کامل این قسمت از من‌‌و‌تو پادکست به لینکی که در زیر آن قرار گرفته مراجعه کنید,https://www.youtube.com/watch?v=FvAX8Lu3esU
برای تماشای کامل این قسمت از من‌‌و‌تو پادکست به لینکی که در زیر آن قرار گرفته مراجعه کنید,https://www.youtube.com/watch?v=MjT7jwWyTic
تماس تلفنی یک هموطن از درون ایران و پاسخ کیوان عباسی,https://www.youtube.com/watch?v=r0DF9lVX-Zc
برای تماشای کامل این قسمت از من‌‌و‌تو پادکست به لینکی که در زیر آن قرار گرفته مراجعه کنید,https://www.youtube.com/watch?v=FJpUmWm5Ddg
برای تماشای کامل این قسمت از من‌‌و‌تو پادکست به لینکی که در زیر آن قرار گرفته مراجعه کنید,https://www.youtube.com/watch?v=EKOkyVfVkYA
برای تماشای کامل این قسمت از من‌‌و‌تو پادکست به لینکی که در زیر آن قرار گرفته مراجعه کنید,https://www.youtube.com/watch?v=OmYRT5f97ug
۱۱۴ میلیارد دلار صادرات؛ چرا جیب مردم خالی است؟,https://www.youtube.com/watch?v=j3MiXr4Z41o
اخبار | ۶ آذر ۱۴۰۴ | حوثی‌ها هم از دست تهران پریدند,https://www.youtube.com/watch?v=-xEPAfdeh2s
برای تماشای کامل این قسمت از من‌‌و‌تو پادکست به لینکی که در زیر آن قرار گرفته مراجعه کنید,https://www.youtube.com/watch?v=-C8FGQvO7Sc
من‌و‌تو پادکست | ایران به کدام سو؟ مذاکره یا جنگ؟,https://www.youtube.com/watch?v=nPIx7vNqROA
دادخواهی یا کینه‌جویی؟سالگرد دادگاه نورنبرگ,https://www.youtube.com/watch?v=yi4F_yAz50M
اخبار | ۵ آذر ۱۴۰۴ | پیام تازه شاهزاده رضا پهلوی به مردم ایران,https://www.youtube.com/watch?v=jVzXBnykQlw
برای تماشای کامل این قسمت از من‌‌و‌تو پادکست به لینکی که در زیر آن قرار گرفته مراجعه کنید,https://www.youtube.com/watch?v=bo9VcCmGbRw
ترامپ و تروریستی خواندن اخوان‌المسلمین، ربطش به نهضت آزادی؟,https://www.youtube.com/watch?v=QyPYUbNpsPA
من‌و‌تو پادکست | آیا برای ایرانی‌ها، الگوی جدید در منطقه بن‌سلمان است؟,https://www.youtube.com/watch?v=9YhuNKeDQ2A
اخبار | ۴ آذر ۱۴۰۴ | آلودگی هوای تهران مشکوک است,https://www.youtube.com/watch?v=0MphlE5QV_E
برای تماشای کامل این قسمت از من‌‌و‌تو پادکست به لینکی که در زیر آن قرار گرفته مراجعه کنید,https://www.youtube.com/watch?v=hJkygRGSM6s
ترور فرمانده ارشد حزب‌الله توسط اسراییل در بیروت,https://www.youtube.com/watch?v=nquRBC0MGVw
برای تماشای کامل این قسمت از من‌‌و‌تو پادکست به لینکی که در زیر آن قرار گرفته مراجعه کنید,https://www.youtube.com/watch?v=XK2vpi9Er3k
من‌و‌تو پادکست | آیا منطقه وارد یک جنگ تازه می‌شود؟,https://www.youtube.com/watch?v=ukmLQ1aU-0w
برای تماشای کامل این قسمت از من‌‌و‌تو پادکست به لینکی که در زیر آن قرار گرفته مراجعه کنید,https://www.youtube.com/watch?v=E0UKxKQyVd8
اخبار | ۳ آذر ۱۴۰۴ | هشدار جدید: تهران به‌زودی غیرقابل‌تنفس می‌شود,https://www.youtube.com/watch?v=nYldWA-7oDQ
برای تماشای کامل این قسمت از من‌‌و‌تو پادکست به لینکی که در زیر آن قرار گرفته مراجعه کنید,https://www.youtube.com/watch?v=fO0zvkHsnT8
من‌و‌تو پادکست | اکس کاربران اینترنت ویژه و رانتی را لو داد,https://www.youtube.com/watch?v=7ND_F3TtFk4
«ما زندگی نمی کنیم، فقط زنده ایم»,https://www.youtube.com/watch?v=7Sgql4htFHw
اخبار | ۲ آذر ۱۴۰۴ | اسرائیل نفر دوم حزب‌الله را کشت,https://www.youtube.com/watch?v=-qFLPr9DVrM
گولاگ‌های جمهوری اسلامی٬ نمایشی برای رسانه‌های غربی,https://www.youtube.com/watch?v=9TeblpVLayM
برای تماشای کامل این قسمت از من‌‌و‌تو پادکست به لینکی که در زیر آن قرار گرفته مراجعه کنید,https://www.youtube.com/watch?v=zbr2yrSJY_4
برای تماشای کامل این قسمت از من‌‌و‌تو پادکست به لینکی که در زیر آن قرار گرفته مراجعه کنید,https://www.youtube.com/watch?v=y31VcHUq4qw
من‌و‌تو پادکست | فریب تازه حکومت برای  بقا,https://www.youtube.com/watch?v=RpRII9JJC44
اخبار | ۱ آذر ۱۴۰۴ | جنگل‌های هیرکانی در آتش,https://www.youtube.com/watch?v=RdosAE-EN-A
تماس تلفنی یکی از بیننده‌های برنامه درباره ملی شدن صنعت نفت و ۲۸ مرداد و پاسخ علی حمید,https://www.youtube.com/watch?v=RX6ywC0-yfI
برای تماشای کامل این قسمت از من‌‌و‌تو پادکست به لینکی که در زیر آن قرار گرفته مراجعه کنید,https://www.youtube.com/watch?v=QtuTmH9H5oA
برای تماشای کامل این قسمت از من‌‌و‌تو پادکست به لینکی که در زیر آن قرار گرفته مراجعه کنید,https://www.youtube.com/watch?v=sK0RBhdvZ6g
برای تماشای کامل قسمت اول پادکست «زیرکمیته» به لینکی که در زیر آن قرار گرفته مراجعه کنید,https://www.youtube.com/watch?v=Hffo8eYzqeE
پادکست زیرکمیته – قسمت اول | پان‌ترکیسم,https://www.youtube.com/watch?v=8zQNbvbbd-g
«فروپاشی ایران؛ کابوس منطقه یا فرصت تازه؟»,https://www.youtube.com/watch?v=AyJkW0_avV0
از استقبال بن‌سلمان تا سرنوشت ایران,https://www.youtube.com/watch?v=wfYvAvbNYGU
برای تماشای کامل این قسمت از من‌‌و‌تو پادکست به لینکی که در زیر آن قرار گرفته مراجعه کنید,https://www.youtube.com/watch?v=fxs95Asrezw
برای تماشای کامل این قسمت از من‌‌و‌تو پادکست به لینکی که در زیر آن قرار گرفته مراجعه کنید,https://www.youtube.com/watch?v=0THSfe0raAk
برای تماشای کامل این قسمت از من‌‌و‌تو پادکست به لینکی که در زیر آن قرار گرفته مراجعه کنید,https://www.youtube.com/watch?v=s0Vq5I0DtyE
برای تماشای کامل این قسمت از من‌‌و‌تو پادکست به لینکی که در زیر آن قرار گرفته مراجعه کنید,https://www.youtube.com/watch?v=nFidfhRJabY
من‌و‌تو پادکست | ترجیح بن‌سلمان؛ ایران آزاد یا ایران ضعیف؟,https://www.youtube.com/watch?v=GAjGj3hrxjg
نقشه ترامپ برای غزه,https://www.youtube.com/watch?v=yHtJpsl3UXg
برای تماشای کامل این قسمت از من‌‌و‌تو پادکست به لینکی که در زیر آن قرار گرفته مراجعه کنید,https://www.youtube.com/watch?v=An8MmkXnckI
برای تماشای کامل این قسمت از من‌‌و‌تو پادکست به لینکی که در زیر آن قرار گرفته مراجعه کنید,https://www.youtube.com/watch?v=wS2Oz01wtiw
برای تماشای کامل این قسمت از من‌‌و‌تو پادکست به لینکی که در زیر آن قرار گرفته مراجعه کنید,https://www.youtube.com/watch?v=P-MmHh1V6dg
چرا ترامپ با فروش اف-۳۵ به عربستان موافقت کرد؟,https://www.youtube.com/watch?v=iiLehwKY3v8
برای تماشای کامل این قسمت از من‌‌و‌تو پادکست به لینکی که در زیر آن قرار گرفته مراجعه کنید,https://www.youtube.com/watch?v=LFU6eq13dyY
من‌و‌تو پادکست | تیم‌ملی یا تیم جمهوری اسلامی؟,https://www.youtube.com/watch?v=3ceYgiSOI8g
برای تماشای کامل این قسمت از من‌‌و‌تو پادکست به لینکی که در زیر آن قرار گرفته مراجعه کنید,https://www.youtube.com/watch?v=NNLRPQCuK9o
چرا عربستان به انرژی هسته ای می رسد اما ایران نه؟,https://www.youtube.com/watch?v=PMmaLV4i8qg
اخبار | ۲۷ آبان ۱۴۰۴ | جمهوری اسلامی: دیگر توانایی غنی‌سازی نداریم,https://www.youtube.com/watch?v=JG5b8kl7JjM
برای تماشای کامل این قسمت از من‌‌و‌تو پادکست به لینکی که در زیر آن قرار گرفته مراجعه کنید,https://www.youtube.com/watch?v=GtUFSkhTbUw
چرا در ایران مانند مکزیک به خیابان نمی‌آیند؟,https://www.youtube.com/watch?v=5DC9vMXZm6k
من‌و‌تو پادکست | عربستان هم اتمی می‌شود؟,https://www.youtube.com/watch?v=btmbNPmlqws
یکی از احساسی‌ترین تماس‌های من‌و‌تو پادکست,https://www.youtube.com/watch?v=DznKGWZUGuA
مشروعیت زدایی از حکومت؛ با ماچا یا مبارزه؟,https://www.youtube.com/watch?v=9OvnYCNXqaE
اخبار | ۲۶ آبان ۱۴۰۴ | خیابان‌های مکزیک در اشغال، نسل زد,https://www.youtube.com/watch?v=hSCEnbOfgXw
برای تماشای کامل این قسمت از من‌‌و‌تو پادکست به لینکی که در زیر آن قرار گرفته مراجعه کنید,https://www.youtube.com/watch?v=mJahFDY5s1w
برای تماشای کامل این قسمت از من‌‌و‌تو پادکست به لینکی که در زیر آن قرار گرفته مراجعه کنید,https://www.youtube.com/watch?v=QitarYPU-eY
برای تماشای کامل این قسمت از من‌‌و‌تو پادکست به لینکی که در زیر آن قرار گرفته مراجعه کنید,https://www.youtube.com/watch?v=D8NwvVzVkcg
برای تماشای کامل این قسمت از من‌‌و‌تو پادکست به لینکی که در زیر آن قرار گرفته مراجعه کنید,https://www.youtube.com/watch?v=Ba3LbxobGbQ
وقتی بحث ایران می‌شود: سکوت، ترس یا فرصت‌طلبی؟,https://www.youtube.com/watch?v=iV4zOfze3Gk
برای تماشای کامل این قسمت از من‌‌و‌تو پادکست به لینکی که در زیر آن قرار گرفته مراجعه کنید,https://www.youtube.com/watch?v=Y8GrdmN7LcM
طرح جدید مهاجرت در بریتانیا,https://www.youtube.com/watch?v=h8tRvfjOyzw
من‌و‌تو پادکست | مهاجرت به بریتانیا٬ به شدت سخت می‌شود,https://www.youtube.com/watch?v=2b-pi5vJq94
مشاجره و چاقوکشی راننده اتوبوس با مسافر خانم,https://www.youtube.com/watch?v=UTolqQRhVXI
اخبار | ۲۵ آبان ۱۴۰۴ | تهدید دوگانه عراقچی؛ برجام یا جنگ,https://www.youtube.com/watch?v=cZx-J9ZhmyI
چرا آمریکا از فروش اف-۳۵ به عربستان می‌ترسد؟,https://www.youtube.com/watch?v=WynlxtyRTf8
برای تماشای کامل این قسمت از من‌‌و‌تو پادکست به لینکی که در زیر آن قرار گرفته مراجعه کنید,https://www.youtube.com/watch?v=X1SN0z0Io7U
برای تماشای کامل این قسمت از من‌‌و‌تو پادکست به لینکی که در زیر آن قرار گرفته مراجعه کنید,https://www.youtube.com/watch?v=LjEYR9UFcbU
اختلاف‌نظر علی حمید با امید در من‌و‌تو پادکست,https://www.youtube.com/watch?v=u80lPmxMf0M
برای تماشای کامل این قسمت از من‌‌و‌تو پادکست به لینکی که در زیر آن قرار گرفته مراجعه کنید,https://www.youtube.com/watch?v=qWY20DroTe4
من‌و‌تو پادکست | همه نگاهها به ترامپ؛ بی‌بی‌سی، ونزوئلا، عربستان سعودی,https://www.youtube.com/watch?v=6XcQP7NbzPo
بحران آلودگی هوا در خوزستان | ۲۴ آبان ۱۴۰۴,https://www.youtube.com/watch?v=2HpqTVHKxUY
بزرگ‌ترین خطای اپوزیسیون؟ ورود به بازی قومی!,https://www.youtube.com/watch?v=1151xKsngaE
«ما شهید ندادیم که کفتارها حکومت کنند»,https://www.youtube.com/watch?v=xo721Mql_vk
ما شاید چشممون تر بشه اما هرگز خشممون خاموش نمی‌شه,https://www.youtube.com/watch?v=DVDRKjos2ks
«آزادی‌های اجتماعی»٬ اسم رمز سرکوب؟,https://www.youtube.com/watch?v=2jxuAzBneek
چرا مشاغل ملی را به چند استان می‌خواهند محدود کنند؟,https://www.youtube.com/watch?v=W5zB5PZL2mg
تحریم‌‌های بیشتر علیه جمهوری اسلامی و نهادهای وابسته,https://www.youtube.com/watch?v=azxiP3O9Bng
تشییع پیکر احمد بالدی تحت جوِ شدیدِ امنیتی,https://www.youtube.com/watch?v=9BV1dEqmqc0
حضور جمهوری اسلامی در COP30,https://www.youtube.com/watch?v=NYTjMzREX2Y
از تونس تا اهواز: آیا خودسوزی دوباره جرقه‌ی یک انقلاب است؟,https://www.youtube.com/watch?v=LL9NeGeAxgE
استعفای شهردار اهواز٬ در پی کشته شدن احمد بالدی,https://www.youtube.com/watch?v=tVL07pC3glY
با ۱۲۰ میلیارد دلار نفتی، مردم فقیرترند؟,https://www.youtube.com/watch?v=3cdurPaJJuA
اگر خامنه‌ای را می‌کشتند٬ رژیم سرنگون می‌شد,https://www.youtube.com/watch?v=zJVyEsJcDNU
نقش همه ایرانیان در این برحه حساس زمانی,https://www.youtube.com/watch?v=59Tavcvq_U4
پزشکیان: نظرسنجی‌ها می‌گویند مردم از دولت ناراضیند,https://www.youtube.com/watch?v=CI7zgB9BQ2M
پزشکیان: اگر خامنه‌ای را می‌کشتند، رژیم سرنگون می‌شد,https://www.youtube.com/watch?v=DQJk8NNze1U
مهدی چمران: برای جنگ پناهگاه ساختیم اما مکانش را افشا نمی‌کنیم,https://www.youtube.com/watch?v=yJF-SHCDudE
آماده‌باش اسرائیل برای جنگ طولانی با جمهوری اسلامی,https://www.youtube.com/watch?v=CzV2ND2JA_c
چرا شاه از بی‌بی‌سی شکایت کرد؟,https://www.youtube.com/watch?v=A25tF7LRpFs
بی‌طرفی؟ میراث بی‌بی‌سی در ایران,https://www.youtube.com/watch?v=sgL-tIOvxrQ
نقش بی‌بی‌سی٬ در انقلاب ۵۷,https://www.youtube.com/watch?v=XpB5GVgHq1g
احمدالشرع در واشنگتن٬ خاورمیانه در آستانه تعییر بزرگ,https://www.youtube.com/watch?v=uB0ryNGZXRY
خاورمیانه نوین و پایان دروغ «سوریه‌ای شدن ایران»,https://www.youtube.com/watch?v=qpoH12uNHlQ
فساد شماست که دامن ملت ایران را گرفته است,https://www.youtube.com/watch?v=3_m1H6PJyvQ
«آویزان شدن به نیروی خارجی خطاست»,https://www.youtube.com/watch?v=8SrArClTk_4
استعفای مدیر عامل و مدیر اخبار بی‌بی‌سی به دنبال رسوایی,https://www.youtube.com/watch?v=Qlt41i75ZeQ
سقوط نظام بدون دخالت خارجی ممکن نیست!,https://www.youtube.com/watch?v=wJuaTYfoHvQ
مجلس خبرگان رهبری: بی‌حجابی علت خشکسالی است,https://www.youtube.com/watch?v=vZx7ay012-c
قتل های زنجیره‌ای پادشاهی‌خواهان و سکوت سازمان‌های حقوق بشری,https://www.youtube.com/watch?v=aGbYZNHlB8w
آغاز رسمی جیره‌بندی آب در تهران,https://www.youtube.com/watch?v=t4597Uj0Ktc
پشت پرده پروپاگاندای جمهوری اسلامی در زندگی ایرانی‌ها,https://www.youtube.com/watch?v=IsMSg7zKO1k
بودجه بنزین دولت تمام شد؛ گران شدن سوخت در هفته‌های آینده,https://www.youtube.com/watch?v=_UFusEENlg0
فروپاشی هویتی حکومت و بازسازی جعلی نمادها,https://www.youtube.com/watch?v=W1OZeUa3OtE
قتل پادشاهی‌خواهان در ایران؛ چرا؟,https://www.youtube.com/watch?v=0EAiXUMtJIY
تمام شدن آب تهران؛ جیره‌بندی آغاز شد,https://www.youtube.com/watch?v=9xfkKKjZcrQ
خنثی شدن طرح سپاه برای ترور سفیر اسرائیل,https://www.youtube.com/watch?v=-kF2jmEI94g
مصاحبه اختصاصی با کامبیز آتابای رئیس پیشین فدراسیون فوتبال ایران  (بخش اول),https://www.youtube.com/watch?v=_Pt4Hd7L_sE
مصاحبه اختصاصی با کامبیز آتابای رئیس پیشین فدراسیون فوتبال ایران (بخش دوم),https://www.youtube.com/watch?v=KdWJ5VLoq1k
نقش پادکست در زندگی روزمره,https://www.youtube.com/watch?v=XkC4OKIibyw
خانه علی انصاری٬ گران‌تر از خانه ایلان ماسک؟,https://www.youtube.com/watch?v=vnKvdC8TF9w
از دهلی تا بورلی‌هیلز٬ راز موفقیت «مو» در چیست؟,https://www.youtube.com/watch?v=WrcgF1Bf0b4
پشت پرده عمارت ۳۴ میلیون پوندی رییس بانک آینده در لندن,https://www.youtube.com/watch?v=E0SXzY3hKoQ
روز معرکه ما هم فرا می‌رسه!,https://www.youtube.com/watch?v=s6LHSKJEkKg
دوگانگی نظام در برخورد با مخالفان؛ پادشاهی‌خواهان و دیگران,https://www.youtube.com/watch?v=Qk9jFOQJp50
خانه پنجاه میلیون دلاری رئیس بانک آینده در لندن,https://www.youtube.com/watch?v=GZgU8KCxUXw
آیا شهردار مسلمان سوسیالیست نیویورک خطرناک است؟,https://www.youtube.com/watch?v=hL38KtW8oZw
آیا ممدانی آمریکا را سوسیالیستی می‌کند؟,https://www.youtube.com/watch?v=5I4dXZya9y4
اپوزوسیون «خوش‌خیم» چیست؟,https://www.youtube.com/watch?v=8Dszw2HkaaA
شهردار شیعه نیویورک: از عاشورا الهام گرفتم,https://www.youtube.com/watch?v=4ow0nb77XFQ
از عاشورا تا وال‌استریت: مارکسیسم فرهنگی چگونه عمل می‌کند؟,https://www.youtube.com/watch?v=wBLQNX6NNHA
از «شهردار مسلمان نیویورک» تا «نفوذ سفارت بریتانیا در مدافعان حجاب»,https://www.youtube.com/watch?v=qHoADDLXi4g
چرا پادشاهی‌خواهان حذف می‌شوند؟,https://www.youtube.com/watch?v=lxyI_AoK_J0
بی‌طرفی رسانه‌ها؛ از افسانه تا واقعیت,https://www.youtube.com/watch?v=fCEecya1SPU
درخواست بازگشت اپوزیسیون خوش‌خیم,https://www.youtube.com/watch?v=TmKzQ1M6Tnw
احمد خاتمی: خامنه‌ای را تهدید کنید٬ اعدام می‌شوید,https://www.youtube.com/watch?v=r6TxA7NbJIk
رسوایی بی‌بی‌سی و ادعای بی‌طرفی؛دستکاری در سخنرانی ترامپ,https://www.youtube.com/watch?v=N6MT9zjLyo0
کامبیز آتابای٬ پیروزترین مدیر تاریخ فوتبال ایران,https://www.youtube.com/watch?v=hqVoQXabPkk
خامنه‌ای: رابطه با آمریکا قطع خواهد ماند,https://www.youtube.com/watch?v=kh9BvU-phik
چرا پادشاهی‌خواهان تهدید معتبر برای جمهوری اسلامی هستند؟,https://www.youtube.com/watch?v=311j2dw-bBw
خامنه‌ای: دشمنی ما با آمریکا از کودتای ۲۸ مرداد آغاز شد,https://www.youtube.com/watch?v=wzlTlC812Uw
کامبیز آتابای پیروزترین مدیر تاریخ فوتبال ایران,https://www.youtube.com/watch?v=Li7RvMIeLg0
شعار علیه خامنه‌ای در مراسم خاکسپاری امید سرلک,https://www.youtube.com/watch?v=TnQ81PcXbOE
ترامپ: ایرانی می‌خواهد توافق کند هر چند به زبان نمی‌آورد | صبح بخیر منوتو,https://www.youtube.com/watch?v=22iO1WR6nsQ
انتخابات شهرداری نیویورک؛ «تیر سوسیالیسم» در «قلب سرمایه‌داری»؟,https://www.youtube.com/watch?v=Pc6dYmirWes
انتخابات شهرداری نیویورک؛ آیا نیویورک کمونیستی می‌شود؟,https://www.youtube.com/watch?v=Hqo9dt8qadU
محمد‌جواد لاریجانی: به هر «ننه قمری» اجازه دخالت در برنامه هسته‌ای را نمی‌دهیم,https://www.youtube.com/watch?v=gkjQtW8wNfk
چگونه ایران با وجود تنوع فرهنگی و زبانی، متحد مانده است؟,https://www.youtube.com/watch?v=jPpmaKfMYwU
کوروش کبیر باعث یکدست تر شدن فرهنگ ما شد,https://www.youtube.com/watch?v=_jLpIleI4to
سردار سپاه: مجازات بی‌حجابی اعدام است | صبح بخیر منوتو,https://www.youtube.com/watch?v=bWHS4-_aMY8
اهداف یک حمله احتمالی چه خواهد بود؟,https://www.youtube.com/watch?v=ENCs7F0iqSI
عراقچی: احتمال حمله مجدد وجود دارد,https://www.youtube.com/watch?v=4zZYf59C8C8
سوسیالیسم و  همکاری با جمهوری اسلامی چگونه ونزوئلا را ویران کرد؟,https://www.youtube.com/watch?v=V95v0fj2kdQ
ونزوئلا دست به دامان جمهوری اسلامی,https://www.youtube.com/watch?v=JOHasNFo8nM
در این برحه تاریخی فقط مردم ایران اهمیت دارند و براندازی جمهوری اسلامی,https://www.youtube.com/watch?v=hsnCVzW_ilQ
همکاری با پادکسترها,https://www.youtube.com/watch?v=PNORG47Qqwg
۲۵ هزار دلار جایزه برای نفر اول در جدیدترین مسابقه رقص محمد خردادیان,https://www.youtube.com/watch?v=OWM4vR42wQo
بدنه روحانیت شیعه یعنی جمهوری اسلامی,https://www.youtube.com/watch?v=kaJAbfiytnI
جزئیات عملیات موساد در ایران از زبان رئیس پیشین | صبح بخیر منوتو,https://www.youtube.com/watch?v=rUGWySoaDgg
Aref In Exile | در تبعید - عارف,https://www.youtube.com/watch?v=li_flsSLN_w
خداحافظی با امیر‌علی,https://www.youtube.com/watch?v=4OCDrX9ilaU
سودان و غزه؛ حقوق بشر برای چپ گزینشی است؟,https://www.youtube.com/watch?v=nXvxzHRz9rQ
چرا دفترچه «گارد جاویدان» منتشر شد؟ اهداف، ساختار و واکنش‌ها,https://www.youtube.com/watch?v=_FK5kXgEOLQ
دفترچه گارد جاویدان؛ راهنمایی برای خیزش بزرگ ملی,https://www.youtube.com/watch?v=7CrOiMMwRtE
دستور ترامپ برای ازسرگیری آزمایش سلاح‌های هسته‌ای | خبر ویژه منوت,https://www.youtube.com/watch?v=dfjocjGBR_g
شما در دوران گذار از جمهوری اسلامی چه مسئولیتی را می‌پذیرید؟,https://www.youtube.com/watch?v=PexEDhlvXSs
آزمایش سلاح‌های هسته‌ای توسط آمریکا؟ واکنش‌ها و پیامدها | صبح بخیر منوتو,https://www.youtube.com/watch?v=m5idF-lq2xU
پنج ماه بعد از جنگ، چه کسی جلوست؟ غرب، جمهوری اسلامی یا اپوزیسیون؟,https://www.youtube.com/watch?v=Hwnd5QgNDlY
اخبار چهارشنبه ۷ آبان ۱۴۰۴ | گزارش اطلاعات غربی: جمهوری اسلامی٬ در حال تسلیح مجدد,https://www.youtube.com/watch?v=1duzKv4HPHw
اخبار چهارشنبه ۷ آبان ۱۴۰۴ | استقرار نیروهای سرکوب در مقبره کوروش در روز بزرگداشت او,https://www.youtube.com/watch?v=yp2o1nKewKs
جشن ها و مناسبت های حکومتی همزمان با سالروز اعتراضات آبان ۹۸,https://www.youtube.com/watch?v=c8Vzidw_yOA
از حمیرا تا شهریاری٬ ابتذال به جای آزادی؟,https://www.youtube.com/watch?v=Q_9wtsw4054
صبح بخیر منوتو | چهارشنبه ۷ آبان ۱۴۰۴ | ترامپ: حماس در صورتی که درست رفتار نکند نابود خواهد شد,https://www.youtube.com/watch?v=xIQg0CiWm9I
کوروش هنوز زنده است؟ تقابل هویت ایرانی و اسلام سیاسی,https://www.youtube.com/watch?v=h2zu-82zef8
اخبار سه‌شنبه ۶ آبان ۱۴۰۴ | استحاله به سبک جمهوری اسلامی: قر شهریاری با ترانه ممنوعه حمیرا,https://www.youtube.com/watch?v=aIiw9CqG5g4
اخبار سه‌شنبه ۶ آبان ۱۴۰۴ | بانک آینده مسئول ٪۷ از تورم ایران,https://www.youtube.com/watch?v=c333l-Nl6w8
ترومای تاریخی ایرانیان و پس زدن رفاه پهلوی,https://www.youtube.com/watch?v=Gj-IuFeNwrc
ترامپ در سفر به آسیا به‌دنبال چیست؟,https://www.youtube.com/watch?v=UPfUD6gw_qs
صبح بخیر منوتو | سه‌شنبه ۶ آبان ۱۴۰۴ | یک مقام حکومت: قانون حجاب اجباری کار خاتمی و روحانی بود,https://www.youtube.com/watch?v=FAWoRbjE8Tk
گفتگوی ویژه شاهدخت اشرف پهلوی پس از درگذشت برادرش محمدرضاشاه پهلوی,https://www.youtube.com/watch?v=l-ECR81UL_o
اخبار دوشنبه ۵ آبان ۱۴۰۴ | ترامپ به خامنه‌ای هشدار داده بود: مذاکره یا جنگ!,https://www.youtube.com/watch?v=x5ouU6vbKbY
اخبار دوشنبه ۵ آبان ۱۴۰۴ | شمارش معکوس برای افزایش قیمت سوخت در ایران,https://www.youtube.com/watch?v=YFN5kkoE_WA
خطر موفقیت روحانی,https://www.youtube.com/watch?v=lPRMiu7MBug
چالش های پیش روی روحانی,https://www.youtube.com/watch?v=-Ika4Ra4M3M
افشای روابط تهران و مسکو,https://www.youtube.com/watch?v=LQcxw-oLHds
شاهدخت اشرف پهلوی: «پادشاهی به پهلوی باز‌می‌گردد»,https://www.youtube.com/watch?v=AzHyMQjhXB4
صبح بخیر منوتو | دوشنبه ۵ آبان ۱۴۰۴ | نقدی از معاونت سپاه برکنار شد؛ شائبه نفود موساد,https://www.youtube.com/watch?v=HKRZE0dfjKY
انتقام روحانی از شمخانی؟,https://www.youtube.com/watch?v=XpdRU8T8UqE
اخبار یکشنبه ۴ آبان ۱۴۰۴ | سالروز تولد محمد رضا شاه و شاهدخت اشرف پهلوی,https://www.youtube.com/watch?v=p9rbWaO2-Rk
نام کوروش یادآور شکوه ایران است,https://www.youtube.com/watch?v=gvTljpCSKP0
اخبار یکشنبه ۴ آبان ۱۴۰۴ | تنش در جلسه امروز مجلس حکومت,https://www.youtube.com/watch?v=BYr2AVw2D4Y
قالیباف و پزشکیان؛ آغاز جنگ قدرت در استان‌ها؟,https://www.youtube.com/watch?v=vCAaoSZRou8
سرنوشت‌مان را با دستان خودمان رقم خواهیم زد,https://www.youtube.com/watch?v=ZUCZn5zEl2o
ایدئولوژی جمهوری اسلامی شلخته است,https://www.youtube.com/watch?v=sZYRr7cvVw8
جمهوری اسلامی چگونه ما را می‌خرد؟,https://www.youtube.com/watch?v=w7JzG4nXHN8
صبح بخیر منوتو | یکشنبه ۴ آبان ۱۴۰۴ | فرمانده پیشین سپاه: ممکن است تنگه هرمز را ببندیم,https://www.youtube.com/watch?v=JAVz7jJFpgU
آیا روسیه و چین می‌توانند جمهوری اسلامی را نجات بدهند؟,https://www.youtube.com/watch?v=3IbvTekE6p4
اخبار شنبه ۳ آبان ۱۴۰۴ | جمهوری اسلامی به دنبال تجزیه٬ پشت پرده واگذاری اختیارات به استان‌ها چیست؟,https://www.youtube.com/watch?v=C1bW19HLelA
سلام شاهنشاهی و احساسات جمعیت,https://www.youtube.com/watch?v=2m7HFz7FSPY
اخبار شنبه ۳ آبان ۱۴۰۴ | در هتل‌های لاکچری حماس چه ‌می‌گذرد؟,https://www.youtube.com/watch?v=oZ6p1CP-R74
چهارم آبان٬ جشن تولد محمدرضا شاه پهلوی,https://www.youtube.com/watch?v=34mBeBUxvy8
ارتقا روزافزون ملت ایران تنها هدف شاهنشاه آریامهر,https://www.youtube.com/watch?v=cVXBeWj58tc
سخنرانی شاهزاده رضا پهلوی در مراسم پاسداشت کوروش بزرگ,https://www.youtube.com/watch?v=8IZoEjr5UYY
احساس ناامیدی از همکاری با بعضی از خوانندگان,https://www.youtube.com/watch?v=IOoSYLrHk5E
«راز سخنان خامنه‌ای درباره نائینی»,https://www.youtube.com/watch?v=DhaqpNsqPgc
«دوستان، ما امروز بیش از یک شعار نداریم، و آن شعار آزادی و ایران است.»,https://www.youtube.com/watch?v=FBHn0BSLOT4
صبح بخیر منوتو | شنبه ۳ آبان ۱۴۰۴ | شاهزاده رضا پهلوی: زمان تشکیل گروه‌های کوچک مبارزه فرا رسیده,https://www.youtube.com/watch?v=tz5Kyedt2xs
Ardalan Sarfaraz - بهترین‌های اردلان سرفراز,https://www.youtube.com/watch?v=KgFvILHBzkE
جمهوری اسلامی و مالیات‌ستانی غارتگرانه؛ داروغه ناتینگهام، مشغول کار است,https://www.youtube.com/watch?v=xda4Ncd1Viw
Shamaeizadeh In Exile | در تبعید - حسن شماعی‌زاده,https://www.youtube.com/watch?v=7NzlMWf6TZc
چرا حزب مشروطه در نشست اسلو شرکت کرد؟,https://www.youtube.com/watch?v=RaEPpMN9nWg
تورم، راه بقای جمهوری اسلامی٬چرا سفره ایرانی ۳۳ برابر کوچک‌تر شد؟,https://www.youtube.com/watch?v=-RbZTSFzkm8
اخبار پنجشنبه ۱ آبان ۱۴۰۴ | «کار٬ کار انگلیس‌هاست»٬ نظر خامنه‌ای درباره مشروطیت,https://www.youtube.com/watch?v=LGkFD-ifKo4
بحران اقتصادی و اجتماعی,https://www.youtube.com/watch?v=wjTTxRDC__o
انقلابی در بینایی انسان؛ تراشه‌ای که به نابینایان امکان دیدن دوباره می‌دهد,https://www.youtube.com/watch?v=CdzYKogqkcw
اخبار پنجشنبه ۱ آبان ۱۴۰۴ | پزشکیان: بنزین باید گران بشود,https://www.youtube.com/watch?v=ktVez7zW-uk
افشاگری تازه درباره سقوط هواپیمای اوکراینی,https://www.youtube.com/watch?v=r1QCIjseYr4
صدای شما,https://www.youtube.com/watch?v=IIZRAi96FIs
ابعاد پشت‌پرده‌ی عروسی دختر شمخانی,https://www.youtube.com/watch?v=BESNBq4rRJ4
جنگ گرگ‌ها| پشت پرده عروسی دختر شمخانی,https://www.youtube.com/watch?v=MMzde6Prn6Y
صبح بخیر منوتو | اخبار بامدادی ۱ آبان ۱۴۰۴ | وزارت خارجه: مانع بازگرداندن قطعنامه‌های لغو‌شده شدیم,https://www.youtube.com/watch?v=iogYpwmkuP4
جنگ گرگ‌ها٬ پشت پرده عروسی دختر شمخانی,https://www.youtube.com/watch?v=AXu98zjt-1Y
اخبار چهارشنبه ۳۰ مهر ۱۴۰۴ | شعله‌ور شدن جنگ قدرت با فیلم عروسی شمخانی,https://www.youtube.com/watch?v=ba0ngIiTUnM
اخبار چهارشنبه ۳۰ مهر ۱۴۰۴ | عراقچی: مذاکره نمی‌کنیم,https://www.youtube.com/watch?v=YMhOreL9piw
لاتاری خرید خودرو: شانس یک‌‌درصدی برای ۶.۷ میلیون نفر,https://www.youtube.com/watch?v=RWYG_MYJvKM
صبح بخیر منوتو | اخبار بامدادی ۳۰ مهر ۱۴۰۴ | نتانیاهو: هنوز چند کار نیمه تمام دارم,https://www.youtube.com/watch?v=LvyI8yg4yps
چرا اروپایی‌ها دوباره می‌خواهند پرونده جمهوری اسلامی را به شورای امنیت ببرند؟,https://www.youtube.com/watch?v=uYJYEjtt2sk
اخبار سه‌شنبه ۲۹ مهر ۱۴۰۴ | دونالد ترامپ: متحدان آمریکا برای «پایان بی‌رحمانه حماس» آماده‌اند,https://www.youtube.com/watch?v=O59DLzDfLNo
اخبار سه‌شنبه ۲۹ مهر ۱۴۰۴ | معترضان در تهران٬ شعار جاوید‌شاه سر دادند,https://www.youtube.com/watch?v=XWwhs5AqmL4
نفوذ موساد در تختخواب مقامات,https://www.youtube.com/watch?v=wrKkOiRC5X0
صبح بخیر منوتو | اخبار بامدادی ۲۹ مهر ۱۴۰۴ | جمهوری اسلامی: توافق ما با آژانس از اعتبار ساقط است,https://www.youtube.com/watch?v=xEOkffRraCM
برفِ ریال زیر آفتاب تورم | با سرمایه‌مان چه کنیم؟,https://www.youtube.com/watch?v=oFSVNa-kpNY
اخبار دوشنبه ۲۸ مهر ۱۴۰۴ | افشای روابط غیر اخلاقی مقامات جمهوری اسلامی با ماموران موساد,https://www.youtube.com/watch?v=0u2V9EoAfpM
اخبار دوشنبه ۲۸ مهر ۱۴۰۴ | خامنه‌ای: اگر لازم باشد باز‌هم موشک می‌زنیم,https://www.youtube.com/watch?v=S04KpOmXUrk
صبح بخیر منوتو | اخبار بامدادی ۲۸ مهر ۱۴۰۴ | نقدی: ما با ناتو درگیر بودیم نه با اسرائیل,https://www.youtube.com/watch?v=GtD0v1_sOAc
کنفرانس اسلو؛ «دغدغه حقوق بشر» یا «قوم‌گرایی»,https://www.youtube.com/watch?v=vtZhmlRdy0A
افشای «بدن‌نمایی» شمخانی‌ها کار که بود؟,https://www.youtube.com/watch?v=UUtvYIOzhog
اخبار یکشنبه ۲۷ مهر ۱۴۰۴ | انتشار فیلم عروسی دختر شمخانی، جنگ قدرت میان گروه‌های رقیب,https://www.youtube.com/watch?v=bf9k5EOp_-k
نشست قبایل در اسلو,https://www.youtube.com/watch?v=xBRhRtTe5Zo
اخبار یکشنبه ۲۷ مهر ۱۴۰۴ |  جنجال بر سر ویدیو افشا شده از مراسم عروسی دختر شمخانی,https://www.youtube.com/watch?v=uu4Km0KRgC0
1970s Iran - ایران دهه ۵۰,https://www.youtube.com/watch?v=utkyE5YZ6L4
صبح بخیر منوتو | اخبار بامدادی ۲۷ مهر ۱۴۰۴ | نتانیاهو: رویارویی با جمهوری اسلامی پایان نخواهد یافت,https://www.youtube.com/watch?v=X5fW9e9s9kY
اخبار شنبه ۲۶ مهر ۱۴۰۴ | ساعت ١۸:٠٠ | آیا پیمان صلح ترامپ درغزه شکست خورد؟,https://www.youtube.com/watch?v=SCVV5sVtUhQ
وقتی یوگا و قصه‌گویی با هم ترکیب می‌شوند,https://www.youtube.com/watch?v=ZtPRMsR2dMQ
اخبار شنبه ۲۶ مهر ۱۴۰۴ | ساعت ۱۵:۰۰ |  جمهوری اسلامی: تحریم‌ها تمام شد!,https://www.youtube.com/watch?v=3m4LcHSlttY
صبح بخیر منوتو | اخبار بامدادی ۲۶ مهر ۱۴۰۴ | هشدار نتانیاهو به حماس: زمان در حال پایان است,https://www.youtube.com/watch?v=JPmlSYFxYIs
اخبار پنجشنبه ۲۴ مهر ۱۴۰۴ | ساعت ١٧:٠٠,https://www.youtube.com/watch?v=LJR9JyvXijU
«دزدی شبانه از جیب مردم»,https://www.youtube.com/watch?v=R1t8PSjHQtg
اخبار پنجشنبه ۲۴ مهر ۱۴۰۴ | ساعت ٢٠:٣٠,https://www.youtube.com/watch?v=nAcpICapNVw
“فرصتی برای همکاری با منوتو – دعوت از خبرنگاران و پادکسترها”,https://www.youtube.com/watch?v=7XDwtexL0PQ
اخبار بامدادی ۲۴ مهر ۱۴۰۴,https://www.youtube.com/watch?v=j36pd0vY7gs
اخبار چهارشنبه ۲۳ مهر ۱۴۰۴ | ساعت ١٧:٣٠,https://www.youtube.com/watch?v=M0pGt0sVs5M
اخبار چهارشنبه ۲۳ مهر ۱۴۰۴ | نتانیاهو: اگر حماس خلع سلاح نشود٬ جهنم به پا می‌کنیم,https://www.youtube.com/watch?v=N0F-s9-B3Uw
صبح بخیر منوتو | اخبار بامدادی ۲۳ مهر ۱۴۰۴ | حمله وزیر خارجه روسیه به ظریف: مکانیسم ماشه کار او بود,https://www.youtube.com/watch?v=9Uwb-UsHh0A
اخبار سه‌شنبه ۲۲ مهر ۱۴۰۴ | بالا گرفتن دعواهای جناحی حکومت ٬ به‌دنبال توافق صلح غزه,https://www.youtube.com/watch?v=Ukvwfes0-J4
وداع با ناصر تقوایی | خالق «دایی‌جان ناپلئون» در ۸۴ سالگی درگذشت | گفت‌وگو با مارال تقوایی,https://www.youtube.com/watch?v=cnTW3GqKVIQ
اخبار سه‌شنبه ۲۲ مهر ۱۴۰۴ | حذف رقبای سیاسی توسط حماس:‌ گزارش‌ها از سرکوب گسترده در غزه,https://www.youtube.com/watch?v=oUHRm4WZLao
صبح بخیر منوتو | اخبار بامدادی ۲۲ مهر ۱۴۰۴ | جمهوری اسلامی درخواست ترامپ برای مذاکره را رد کرد,https://www.youtube.com/watch?v=_8qU9t-RcDA
اخبار دوشنبه ۲۱ مهر ۱۴۰۴ | ترامپ: توافق صلح بدون بمباران ایران امکان‌پذیر نبود,https://www.youtube.com/watch?v=1k36f_4cafI
دعوت از خبرنگاران و پادکستر‌ها برای همکاری با من‌و‌تو,https://www.youtube.com/watch?v=qlMBeZiSrEY
اخبار دوشنبه ۲۱ مهر ۱۴۰۴ | ترامپ: جمهوری اسلامی تنها به دنبال بقاست,https://www.youtube.com/watch?v=Owzqq9--7E4
صبح بخیر منوتو | اخبار بامدادی ۲۱ مهر ۱۴۰۴ | خبر فوری: آزادی گروگان‌های اسرائیلی از دست حماس,https://www.youtube.com/watch?v=YoQsFB3Q9k4
اخبار یکشنبه ۲۰ مهر ۱۴۰۴ | شمخانی: باید بمب اتم می‌ساختیم,https://www.youtube.com/watch?v=swgtcovVgks
چرا جمهوری اسلامی از دشمنی با اسرائیل دست برنمی‌دارد؟ | گفت‌وگوی علی همدانی با دکتر مهدی امیری,https://www.youtube.com/watch?v=ppbv7EGbuZA
اخبار یکشنبه ۲۰ مهر ۱۴۰۴ | تصویر ترامپ با شعار «کوروش کبیر زنده است» در تل‌آویو,https://www.youtube.com/watch?v=lvBJigSaMds
صبح بخیر منوتو | اخبار بامدادی ۲۰ مهر ۱۴۰۴ | عراقچی: اسرائیل به روسیه گفته قصد حمله ندارد,https://www.youtube.com/watch?v=fNPcp0v1nbg
اخبار شنبه ۱۹ مهر ۱۴۰۴ | خبر فوری: آماده‌باش نیروهای سرکوب در همدان,https://www.youtube.com/watch?v=W-UxjCbNCUQ
بحث روز:  ورشکستگی بانک‌ها و ضرورت متنوع‌سازی دارایی‌ها توسط شهروندان,https://www.youtube.com/watch?v=dtBhgRlcIHo
اخبار شنبه ۱۹ مهر ۱۴۰۴ | روسیه، کوری که عصاکش کوری دیگر نشد٬ متحدی راهبردی با کمترین تجارت با ایران,https://www.youtube.com/watch?v=SYUMJTbdupg
صبح بخیر منوتو | اخبار بامدادی ۱۹ مهر ۱۴۰۴ | رهبران اروپایی: تهران به میز مذاکرات بازگردد,https://www.youtube.com/watch?v=DbRjg7zra8k
manotoHUB | ثروتمندان ایرانی حکومتی‌اند یا در زمین حکومت بازی می‌کنند؟ | سه ‌شنبه ۱۶ بهمن ۱۴۰۳,https://www.youtube.com/watch?v=Y8UL-4vU2Bw
اخبار پنجشنبه ۱۷ مهر ۱۴۰۴ | آیا جمهوری اسلامی از دوران ترامپ جان سالم به در می برد؟,https://www.youtube.com/watch?v=uCH-E3mChq0
اخبار پنجشنبه ۱۷ مهر ۱۴۰۴ | پیروزی طرح صلح ترامپ٬ شکست طرح جنگ خامنه‌ای,https://www.youtube.com/watch?v=LZUXLsJSrLU
اخبار چهارشنبه ۱۶ مهر ۱۴۰۴ | ورشکستگی بانک‌‌های ایران؛ دلالی به‌جای بانکداری,https://www.youtube.com/watch?v=9lRzwjGnr2A
جاسوس‌سازی برای پنهان‌کردن ناکامی اطلاعاتی/روایت امیرحسین موسوی از اوین|گفت‌وگو با ابراهیم الله‌بخشی,https://www.youtube.com/watch?v=2bkvBM6wIDM
دانشجویان عراقی و پیشنهاد صیغه به دانشجویان دختر دانشگاه همدان| گفت‌وگو با راضیه شاهوردی,https://www.youtube.com/watch?v=mFWOYvvU5mY
ورشکستگی پنهان بانک‌های ایران,https://www.youtube.com/watch?v=9IwZ1Dkz35E
اخبار چهارشنبه ۱۶ مهر ۱۴۰۴ | پتاس به قیمت جان ایرانی‌ها؛ فاجعه در گاوخونی,https://www.youtube.com/watch?v=2OXMMA-5pCk
هفتم اکتبر؛ پیش زمینه ها، علت غافلگیری٬ تاب آوری ملی و اقتصادی اسراییل,https://www.youtube.com/watch?v=viMAHdOEdcI
دوستی شاه و سادات,https://www.youtube.com/watch?v=L2n5-PRTABA
اخبار سه‌شنبه ۱۵ مهر ۱۴۰۴ | سالگرد عملیات تروریستی ۷ اکتبر٬ بزنگاه تاریخی منطقه و جهان,https://www.youtube.com/watch?v=jAojOsAQ_8c
هفتم اکتبر، خاورمیانه‌ای که دیگر همان نیست,https://www.youtube.com/watch?v=e5mXBk19F-I
اخبار سه‌شنبه ۱۵ مهر ۱۴۰۴ | میامی٬ نیویورک و  مارالاگو در تیررس؟,https://www.youtube.com/watch?v=M5uht8C_NDc
اخبار دوشنبه ۱۴ مهر ۱۴۰۴ | اعتراض مردم همدان به حضور دانشجویان عراقی,https://www.youtube.com/watch?v=5bV-dbV4IF0
اخبار دوشنبه ۱۴ مهر ۱۴۰۴ | ساختمان شرکت ملی نفت ایران در لندن به نفع اماراتی‌ها مصادره شد,https://www.youtube.com/watch?v=r7vCJpiu7jg
روایت نادر نوری کهن از شکنجه با کابل و اعترافات اجباری,https://www.youtube.com/watch?v=r4V_GX5e50k
دیپلمات دولت شاهنشاهی: با مصادره ساختمان شرکت نفت در لندن دلم شکست,https://www.youtube.com/watch?v=Nt_8D0hfQqw
اخبار یکشنبه ۱۳ مهر ۱۴۰۴ | پشت‌پرده مقاله «هاآرتص» درباره ایران,https://www.youtube.com/watch?v=Bp_pqkq8ir8
تعطیلی دولت نقطه قوت آمریکا,https://www.youtube.com/watch?v=lvbcWe6DdoA
تلاش حکومت برای پوست‌اندازی؛ ادامه بقا یا آغاز فروپاشی؟,https://www.youtube.com/watch?v=ZeRmCFAmjyc
«وقتی دعوای داخلی اسرائیل پای ایرانیها را وسط می‌کشد | گفت‌وگو با مهدی صارمی‌فر»,https://www.youtube.com/watch?v=95f2nZCUpTo
خامنه‌ای «سلطان صاحب قِران» شد,https://www.youtube.com/watch?v=rJYFDId_rGI
اخبار یکشنبه ۱۳ مهر ۱۴۰۴ | تعلیق توافق تازه حکومت٬ با آژانس بین‌المللی انرژی اتمی,https://www.youtube.com/watch?v=3DJZGpuGD2E
اخبار شنبه ۱۲ مهر ۱۴۰۴ | آیا پس از حماس، هدف جمهوری اسلامی است؟,https://www.youtube.com/watch?v=HntD0_YGoV0
پذیرش طرح صلح ترامپ از سوی حماس و تاثیر آن بر جمهوری اسلامی,https://www.youtube.com/watch?v=OsfZZ4Ml2IQ
خروج هند از چابهار پس از اولتیماتوم ترامپ,https://www.youtube.com/watch?v=Rodz3-evTq8
اخبار شنبه ۱۲ مهر ۱۴۰۴ | اولتیماتوم ۴۵‌ روزه آمریکا؛ خروج هند از چابهار,https://www.youtube.com/watch?v=8TYT4tkaeg4
ایران خودرو | از خیامی تا کروز: هر محصول ایران خودرو چقدر زیان می‌دهد؟,https://www.youtube.com/watch?v=VIJbkF3IW-A
اخبار پنجشنبه ۱۰ مهر ۱۴۰۴ | تحریم جمهوری اسلامی؛ با امضای اردوغان بعد از سفر آمریکا,https://www.youtube.com/watch?v=kmPX85RqKoc
بحث روز: آیا تحریم‌ها باعث سقوط نظام می‌شوند؟,https://www.youtube.com/watch?v=tSs6j3koArQ
اخبار پنجشنبه ۱۰ مهر ۱۴۰۴ | راه‌اندازی سامانه «ایران را پس می‌گیریم» توسط شاهزاده رضا پهلوی,https://www.youtube.com/watch?v=ltn0PV5UrrM
شاهزاده رضا پهلوی | ایران را پس می‌گیریم,https://www.youtube.com/watch?v=Re0CDxW4QlM
صبح بخیر منوتو | اخبار بامدادی ۱۰ مهر ۱۴۰۴ | لاریجانی: با تحریم‌ها می‌خواهند در ایران آشوب درست کنند,https://www.youtube.com/watch?v=iiEXbniUy8Y
اخبار چهارشنبه ۹ مهر ۱۴۰۴ | دلار ۱۲۵ هزار تومان خواهد شد,https://www.youtube.com/watch?v=m8nRQl0tqbU
اختصاصی: چطور مقامات جمهوری اسلامی از تحریم‌ها، سود می‌برند؟,https://www.youtube.com/watch?v=uWwwoTrQBJM
شغلی جدید؛ دلالان تخصیص ارز چه می‌کنند؟,https://www.youtube.com/watch?v=ORUcFfmxj8g
اخبار چهارشنبه ۹ مهر ۱۴۰۴ | استیو ویتکاف حکومت را سر کار گذاشت,https://www.youtube.com/watch?v=GoZzy37wh7Y
صبح بخیر منوتو | اخبار بامدادی ۹ مهر ۱۴۰۴ | عزیمت هواپیماهای سوخت‌رسان‌ آمریکا به خاورمیانه,https://www.youtube.com/watch?v=W-qu3ojEy2A
سرمایه‌ها در حال خروج از ایران,https://www.youtube.com/watch?v=Giq4t952jOE
اخبار سه‌شنبه ۸ مهر ۱۴۰۴ | خبر فوری: تحریم‌های گسترده بریتانیا علیه جمهوری اسلامی,https://www.youtube.com/watch?v=4mztR8xajvA
پروژه ققنوس پایان یافت؛ همه توان برای بازسازی ایران در قالب پروژه شکوفایی,https://www.youtube.com/watch?v=lR66y_QV-1M
اخبار سه شنبه ۸ مهر ۱۴۰۴ | طرح صلح ترامپ برای غزه و فشار بیشتر بر جمهوری اسلامی,https://www.youtube.com/watch?v=eS13x1qUIMQ
تیم ملی از حضور در جام‌جهانی محروم می‌شود؟,https://www.youtube.com/watch?v=J1AI18pLl8o
تحلیل‌گر سیاسی از ایران: «مردم آماده تغییرند، اما حکومت بی‌تصمیم و رانتی‌ها، شوکه شده‌اند»,https://www.youtube.com/watch?v=hTTMriSuXjQ
صبح بخیر منوتو | اخبار بامدادی ۸ مهر ۱۴۰۴ | احمد خاتمی: ما خواستار محو اسرائیل هستیم,https://www.youtube.com/watch?v=pnD29hntV60
کهنه‌سربازان: شاهزاده رضا پهلوی تنها راه گذار از جمهوری اسلامی است,https://www.youtube.com/watch?v=YncbYguDtxg
اخبار دوشنبه ۷ مهر ۱۴۰۴ | بیانیه جمعی از رزمندگان جنگ ایران و عراق؛ شاهزاده تنها آلترناتیو ما هستند,https://www.youtube.com/watch?v=T7U6047IPPQ
خبرنگار من و تو از تهران - «یا ما تمام می‌شویم یا جمهوری اسلامی.»,https://www.youtube.com/watch?v=X4YFX6Xtfc8
اخبار دوشنبه ۷ مهر ۱۴۰۴ | آغاز تحریم‌های اتحادیه اروپا علیه جمهوری اسلامی,https://www.youtube.com/watch?v=81FC3IRAoqs
صبح بخیر منوتو | اخبار بامدادی ۷ مهر ۱۴۰۴ | شاهزاده رضا پهلوی: دنیا فهمید رژیم اصلاح پذیر نیست,https://www.youtube.com/watch?v=CPn7B6s_WTc
اخبار یکشنبه ۶ مهر ۱۴۰۴ | خبر فوری: می‌دانیم جمهوری اسلامی٬ اورانیوم را کجا پنهان کرده,https://www.youtube.com/watch?v=V5fbxufkWdA
حمله  فرا مرزی به خبرنگاران؛ وقتی حتی خانواده‌ها در امان نیستند,https://www.youtube.com/watch?v=RJPtntZEX9Q
شهناز تهرانی در گفت‌وگویی بی‌پرده؛ از اوج شهرت تا دلتنگی وطن,https://www.youtube.com/watch?v=nERq-6AL5GA
اخبار یکشنبه ۶ مهر ۱۴۰۴ | خبر فوری: صلح تاریخی در خاورمیانه,https://www.youtube.com/watch?v=Jn5k03_H6rQ
صبح بخیر منوتو | اخبار بامدادی ۶ مهر ۱۴۰۴ | همه تحریم‌های سازمان ملل علیه جمهوری اسلامی بازگشتند,https://www.youtube.com/watch?v=94PW4hrr5mc
اخبار شنبه ۵ مهر ۱۴۰۴ | خبر فوری: بازار ارز در تلاطم ٬ گزارش اختصاصی از تهران,https://www.youtube.com/watch?v=IEUEvTwaV90
بحث روز: پشت پرده تصمیم خامنه‌ای در تقابل با جهان؛ در ذهن خامنه‌ای چه می‌گذرد؟,https://www.youtube.com/watch?v=gbm4HhWtjtA
اخبار شنبه ۵ مهر ۱۴۰۴ | پزشکیان: بازگشت تحریم‌ها را به مصالحه با آمریکا ترجیح دادیم,https://www.youtube.com/watch?v=AtzLq7PpnVg
Ferdowsi and the Sacred Pit of Heroes | فردوسی و گود مقدس,https://www.youtube.com/watch?v=ozkFvYsUlPo
صبح بخیر منوتو | اخبار بامدادی ۵ مهر ۱۴۰۴ | بازگشت همه تحریم‌های شورای امنیت تا ساعاتی دیگر,https://www.youtube.com/watch?v=pWvBAAkCHYA
GREATEST HITS BABAK AFSHAR - E01 |  بهترین‌های بابک افشار - قسمت اول,https://www.youtube.com/watch?v=F5C0pnYm1Bs
اخبار پنجشنبه ۳ مهر ۱۴۰۴ | خبر فوری:  آمریکا از بازگشت تحریم‌ها استقبال می‌کند,https://www.youtube.com/watch?v=GyBFLttmzdI
احتمال جنگ در صورت فعال شدن مکانیسم ماشه چقدر است؟,https://www.youtube.com/watch?v=mxFFN47226w
منوتوهاب | اخبار پنجشنبه ۳ مهر ۱۴۰۴ | خبر فوری: رد پیشنهاد ویتکاف «مذاکره نمی‌کنیم»,https://www.youtube.com/watch?v=MrTED4fNF4o
خبر فوری: واکنش آمریکا به رد پیشنهاد مذاکره از جانب جمهوری اسلامی,https://www.youtube.com/watch?v=QnegLRJZohc
صبح بخیر منوتو | اخبار بامدادی ۳ مهر ۱۴۰۴ | آخرین تلاش‌های حکومت برای جلوگیری از بازگشت تحریم‌ها,https://www.youtube.com/watch?v=j--gPUqXMtM
منوتوهاب | اخبار چهارشنبه ۲ مهر ۱۴۰۴ | اروپا: جمهوری اسلامی فقط چند ساعت وقت دارد,https://www.youtube.com/watch?v=a9HLy04p2zc
منوتوهاب | چهارشنبه ۲ مهر ۱۴۰۴ | کمبود مدرسه، وعده ساخت مسجد,https://www.youtube.com/watch?v=OeedeKJcZsM
منوتوهاب | اخبار چهارشنبه ۲ مهر ۱۴۰۴ | فوری: پخش زنده سخنرانی پزشکیان در سازمان ملل,https://www.youtube.com/watch?v=U_gQHK-ZPaU
صبح بخیر منوتو | اخبار چهارشنبه ۲ مهر ۱۴۰۴ | پاسخ کشورهای گروه هفت به خامنه‌ای: با آمریکا مذاکره کن,https://www.youtube.com/watch?v=JqUmc457cRk
منوتوهاب | اخبار سه‌شنبه ۱ مهر ۱۴۰۴ | خامنه‌ای: می‌خواستند نظام را سرنگون کنند,https://www.youtube.com/watch?v=os62ZXYVWBw
آواز جنگ، قادسیه صدام و روضه‌های خمینی,https://www.youtube.com/watch?v=TOWnMfb905o
منوتوهاب | اخبار سه‌شنبه ۱ مهر ۱۴۰۴ | اعمال محدودیت‌های شدید٬ برای مقامات حکومت در نیویورک,https://www.youtube.com/watch?v=mXGij-aT_k0
صبح بخیر منوتو | اخبار  سه‌شنبه ۱ مهر ۱۴۰۴ | پیام  شاهزاده رضا پهلوی درباره بازگشت تحریم‌های,https://www.youtube.com/watch?v=HlhGgONeXqQ
منوتوهاب | اخبار دوشنبه ۳۱ شهریور ۱۴۰۴ | لغو رژه نظامی حکومتی به دلیل احتمال حمله اسرائیل,https://www.youtube.com/watch?v=Fww-bxos78I
Manoto News Desk | میز خبر منوتو | دوشنبه ۳۱ شهریور ۱۴۰۴ | ساعت ۲۰:۳۰,https://www.youtube.com/watch?v=U-Zyr4Ejd8A
Voices of Iran | صداهای ایران | سیاه‌جامه تا روشنایی,https://www.youtube.com/watch?v=uGbbN0703N0
جنگی بر دوش ملت، برای جاه‌طلبی دو مرد,https://www.youtube.com/watch?v=1gqXabI9lsE
۴۵ سال بعد؛ روایتِ بزرگ‌مردانِ کوچک,https://www.youtube.com/watch?v=Aw3FKeH5QDE
منوتوهاب | اخبار دوشنبه ۳۱ شهریور ۱۴۰۴ | هفتاد و یک نماینده مجلس خواستار تولید بمب اتم شدند,https://www.youtube.com/watch?v=7dfFz4YRi_M
Manoto News Desk | میز خبر منوتو | دوشنبه ۳۱ شهریور ۱۴۰۴ | ساعت ۱۷:۰۰,https://www.youtube.com/watch?v=2yUh7qYXtpc
صبح بخیر منوتو | اخبار دوشنبه ۳۱ شهریور ۱۴۰۴ | رییس سابق موساد: تغییر رژیم در ایران ضروری است,https://www.youtube.com/watch?v=U9ue-JrWUT4
منوتوهاب |  اخبار یکشنبه ۳۰ شهریور ۱۴۰۴ | سفر مقامات جمهوری اسلامی به آمریکا,https://www.youtube.com/watch?v=GmAeCHWwsAY
نماینده مجلس: باید فوری بمب اتم بسازیم,https://www.youtube.com/watch?v=nBvJd_O8U64
با بازگشت تحریم‌ها دلار چقدر گران می‌شود؟,https://www.youtube.com/watch?v=95Z6NZ-xXjE
Voices of Iran | صداهای ایران | سیاه‌جامه تا روشنی- فراخوان ۳۰ و ۳۱، روایت مردم و نبرد برای ایران,https://www.youtube.com/watch?v=T_S08C7QucU
سیاه‌جامه تا سپیده: سالگرد ۳۰ و ۳۱ شهریور، نبض خیابان؛ فریاد جنگل؛ جست‌وجوی «دَنی»؛بازگشت به شاهنامه,https://www.youtube.com/watch?v=yrsGgDVMtdk
منوتوهاب |  اخبار یکشنبه ۳۰ شهریور ۱۴۰۴ | نماینده مجلس: باید هرچه سریعتر بمب اتمی بسازیم,https://www.youtube.com/watch?v=cNEEMwfGeNk
«دَنی» ۹ ساله گم نیست؛ گروگانِ بی‌رحمی‌ست!,https://www.youtube.com/watch?v=EmIpJsBzENg
Manoto News Desk | میز خبر منوتو | یکشنبه ۳۰ شهریور ۱۴۰۴ | ساعت ۱۷:۰۰,https://www.youtube.com/watch?v=aeuyAPhbdPs
فراخوان ۳۰ و ۳۱ شهریور,https://www.youtube.com/watch?v=CEJHzh0fxVY
صبح بخیر منوتو | اخبار یکشنبه ۳۰ شهریور ۱۴۰۴ | ترامپ:‌ آرزوهای هسته‌ای  جمهوری اسلامی را نابود کردیم,https://www.youtube.com/watch?v=0BuDGGbasqU
Voices of Iran | گفتگو با کیوان عباسی و آینده منوتو,https://www.youtube.com/watch?v=7-MLn5p26sA
منوتوهاب | اخبار شنبه ۲۹ شهریور ۱۴۰۴ | گفتگو با کیوان عباسی مدیریت منوتو,https://www.youtube.com/watch?v=Oxh9Qh0vs-g
بحث روز: نجات ایران با سرنگونی حکومت یا اصلاح جمهوری اسلامی؟,https://www.youtube.com/watch?v=Ko5KBD_3DQ0
میز خبر منوتو | شنبه ۲۹ شهریور ۱۴۰۴ | ساعت ۱۴:۳۰,https://www.youtube.com/watch?v=DfAstgKQiX4
روانشناسی زرد؛ سیاست زنانه یا دغل‌کاری؟,https://www.youtube.com/watch?v=C98rmsICy8A
منوتوهاب |  اخبار شنبه ۲۹ شهریور ۱۴۰۴ | واکنش بازار به بازگشت تحریم‌های سازمان ملل,https://www.youtube.com/watch?v=1oRYrzmt8Mk
آیا باید در‌ زندگی زناشویی سیاست داشت؟,https://www.youtube.com/watch?v=686LqGllZXs
صبح بخیر منوتو | اخبار شنبه ۲۹ شهریور ۱۴۰۴ | بازگشت تحریم‌های شورای امنیت علیه جمهوری اسلامی,https://www.youtube.com/watch?v=ZPa-HtFw0kI
دیدار دو هم وطن بر مزار حمیدرضا رهنورد و تاثیر آن,https://www.youtube.com/watch?v=AK-pxNVCVq0
منوتوهاب |  اخبار پنجشنبه ۲۷ شهریور ۱۴۰۴ | تحریم‌های سازمان ملل باز می‌گردد,https://www.youtube.com/watch?v=pyr64JlPcuA
خبر فوری: بازگشت تحریم‌های جهانی؛ هدف سرنگونی رژیم,https://www.youtube.com/watch?v=lUXeGU2G6H0
Voices of Iran | صداهای ایران | سکوتِ سیاه، روشناییِ فردا- فراخوان ۳۰ و ۳۱ شهریور,https://www.youtube.com/watch?v=K8ocgB40iZs
افشاگری عجیب نماینده مجلس درباره مولانا! او حتی یک بیت فارسی ندارد!,https://www.youtube.com/watch?v=jOOUv14SggA
از مازندران تا مشهد: گفت‌وگوی دیدنی بر مزار مجیدرضا رهنورد (با شهروندخبرنگار),https://www.youtube.com/watch?v=ejz6qDTpjJg
منوتوهاب | اخبار پنجشنبه ۲۷ شهریور ۱۴۰۴ | تحریم بنادر چین به دلیل دریافت نفت ایران,https://www.youtube.com/watch?v=RzWl4X2Y9s0
رفاقت تا آخر: محسا موگویی و سه دوست ۱۸ساله‌ای که کنار هم ایستادند,https://www.youtube.com/watch?v=a8YrKIJEpA4
Manoto News Desk | میز خبر منوتو | پنجشنبه ۲۷ شهریور ۱۴۰۴ | ساعت ۱۷:۰۰,https://www.youtube.com/watch?v=Iv9B2PLNxns
صبح بخیر منوتو | اخبار پنجشنبه ۲۷ شهریور ۱۴۰۴ | جو امنیتی در شهرهای مختلف ایران به دنبال اعتراضات,https://www.youtube.com/watch?v=EIiOZAJDems
منوتوهاب | اخبار چهارشنبه ۲۶ شهریور ۱۴۰۴ | آخرین هشدار اروپایی‌ها به جمهوری اسلامی,https://www.youtube.com/watch?v=36ENnca_rIY
Voices of Iran | صداهای ایران | بیانیه نسلِ ضد و بازگشت همبستگی به خیابان‌های ایران,https://www.youtube.com/watch?v=h8wmH42ag9U
صدای خانواده‌های کشته‌شدگان، آیدا رستمی، نسرین قادری و  بابک شهبازی,https://www.youtube.com/watch?v=EVibXDWT7wo
منوتوهاب | اخبار چهارشنبه ۲۶ شهریور ۱۴۰۴ | جزئیات تازه از اعتراضات در ایران,https://www.youtube.com/watch?v=tIjyrK6_46Y
Manoto News Desk | میز خبر منوتو | چهارشنبه ۲۶ شهریور ۱۴۰۴ | ساعت ۱۷:۰۰,https://www.youtube.com/watch?v=OX0DN58E7jQ
صبح بخیر منوتو | اخبار چهارشنبه ۲۶ شهریور ۱۴۰۴ | خبر فوری: آخرین گزارش‌ها از اعتراضات شبانه در ایران,https://www.youtube.com/watch?v=ZiVbiDfvq6M
اپوزیسیون ایران و انقلاب مهسا؛ درسی که باید گرفت,https://www.youtube.com/watch?v=-WZ9w9jgLas
منوتوهاب | اخبار سه‌شنبه ۲۵ شهریور ۱۴۰۴ | آغاز اعتراضات شبانه در تهران,https://www.youtube.com/watch?v=-eQ7ilY6jyw
منوتوهاب | اخبار سه‌شنبه ۲۵ شهریور ۱۴۰۴ | آخرین گزارش‌ها از سالگرد قتل مهسا امینی,https://www.youtube.com/watch?v=O9OGA-pKH2U
به یاد کشته‌شدگان میهن، در سالگرد قتل حکومتی مهسا امینی,https://www.youtube.com/watch?v=sP3L7fg2Suo
Manoto News Desk | میز خبر منوتو | سه‌شنبه ۲۵ شهریور ۱۴۰۴ | ساعت ۱۷:۰۰,https://www.youtube.com/watch?v=SvS6mvNLOlk
صبح بخیر منوتو | اخبار سه‌شنبه ۲۵ شهریور ۱۴۰۴ | ایران در آستانه سالگرد قتل حکومتی مهسا امینی,https://www.youtube.com/watch?v=ZDUxwKR9hM8
صداهای ایران | اخبار دوشنبه ۲۴ شهریور ۱۴۰۴ | برای سالگرد قتل حکومتی مهسا امینی چه برنامه ای دارید؟,https://www.youtube.com/watch?v=kk1nNj5PT0k
منوتوهاب | اخبار دوشنبه ۲۴ شهریور ۱۴۰۴| اسرائیل: جنگ دیگری با ایران در راه خواهد بود,https://www.youtube.com/watch?v=rhcArQlCEgc
منوتوهاب | اخبار دوشنبه ۲۴ شهریور ۱۴۰۴ | به یاد جانباختگان ۱۴۰۱ همراه با تماس‌های تلفنی شما,https://www.youtube.com/watch?v=3U8fjlJ7RQg
منوتوهاب | اخبار دوشنبه ۲۴ شهریور ۱۴۰۴ |  برای سالگرد قتل حکومتی مهسا امینی چه برنامه ای دارید؟,https://www.youtube.com/watch?v=9wNEkYsXSys
منوتوهاب | اخبار دوشنبه ۲۴ شهریور ۱۴۰۴ | گفتگوی زنده با خانواده‌های جانباختگان ۱۴۰۱,https://www.youtube.com/watch?v=ndd2EU_MDBM
خبر پنج عصر | اخبار دوشنبه ۲۴ شهریور ۱۴۰۴ | هشدار آمریکا: برنامه موشکی حکومت باید برچیده شود,https://www.youtube.com/watch?v=dfvhZzksYsw
صبح بخیر منوتو | اخبار دوشنبه ۲۴ شهریور ۱۴۰۴ | جزییات ورود ده‌ها مامور زن موساد به ایران,https://www.youtube.com/watch?v=6UlDrI_3U00
خانه دوست کجاست - روایت رحیم کلیج، «ققنوس ایران»,https://www.youtube.com/watch?v=dH05fY3rUaY
منوتوهاب | اخبار یکشنبه ۲۳ شهریور ۱۴۰۴ | چرا وزیر خارجه آمریکا به اسرائیل سفر کرده؟,https://www.youtube.com/watch?v=gShHAVbTU2k
فریاد نسلی در خیابان‌های ایران برای آزادی، عدالت و آینده‌ای بهتر,https://www.youtube.com/watch?v=jx4myd6e7Ic
گردنبند میخک؛ گنجینه‌ای زنده از سنت‌های ایرانی و میراث زاگرس,https://www.youtube.com/watch?v=XxN_tLj896Q
Manoto News Desk | میز خبر منوتو | شنبه ۲۳ شهریور ۱۴۰۴ | ساعت ۱۷:۰۰,https://www.youtube.com/watch?v=9l-8OrQ-X_c
منوتوهاب | اخبار یکشنبه ۲۳ شهریور ۱۴۰۴ | تحریم‌های سازمان ملل٬ آیا جمهوری اسلامی عقب‌نشینی می‌کند؟,https://www.youtube.com/watch?v=PY369Dy7D4g
در منوتوهاب امروز با شیدا و میدیا,https://www.youtube.com/watch?v=YQzR4r8uw2c
صبح بخیر منوتو | اخبار یکشنبه ۲۳ شهریور ۱۴۰۴ | عراقچی اروپاییـی‌ها را تهدید کرد,https://www.youtube.com/watch?v=R4P8a26saMs
منوتوهاب | اخبار شنبه ۲۲ شهریور ۱۴۰۴  | قطر میانجی یا حامی افراط‌ گرایی,https://www.youtube.com/watch?v=WEuBhYJjGjM
بحث روز: پس چرا انقلاب نمی‌شود؟,https://www.youtube.com/watch?v=CcvBT2XoAUE
منوتوهاب | اخبار شنبه ۲۲ شهریور | بررسی توافق با آژانس در مجلس,https://www.youtube.com/watch?v=_B32sg9wKvk
دایی جان ناپلئون و مش قاسم‌های خامنه‌ای,https://www.youtube.com/watch?v=QyEeIb5doz8
صبح بخیر منوتو | اخبار شنبه ۲۲ شهریور ۱۴۰۴ | رسانه اسراییلی: همه می‌دانند جنگ دیگری در راه است,https://www.youtube.com/watch?v=zL8lF-qWYEg
منوتوهاب | اخبار پنجشنبه ۲۰ شهریور ۱۴۰۴ | نماینده مجلس: گروسی جاسوس موساد است,https://www.youtube.com/watch?v=UdptcrvoarI
Voices of Iran | صداهای ایران | «سیاه‌جامه تا روشنایی» و تماس‌های اینترنتی از ایران,https://www.youtube.com/watch?v=zlSFIecEJF4
Manoto News Desk | میز خبر منوتو | پنج‌شنبه ۲۰ شهریور ۱۴۰۴ | ساعت ۲۰:۳۰,https://www.youtube.com/watch?v=3tywU9NNF1I
Voices of Iran | صداهای ایران |  فراخوان مردمی «سیاه‌جامه تا روشنایی» برای همبستگی ملی,https://www.youtube.com/watch?v=A1TIQYmq-Rw
ترور چارلی کرک، طلاق خاکستری در ایران، بحران جمعیت و یاد مهسا امینی,https://www.youtube.com/watch?v=KbMVE4oWRNY
منوتوهاب | اخبار پنجشنبه ۲۰ شهریور ۱۴۰۴ | بعد از حمله به قطر٬ مذاکره با آمریکا خیانت است,https://www.youtube.com/watch?v=XO7UWWtS3Qg
Manoto News Desk | میز خبر منوتو | پنجشنبه ۲۰ شهریور ۱۴۰۴ | ساعت ۵ عصر,https://www.youtube.com/watch?v=TnRvZZ_1Mxg
سیاه‌جامه به سوی روشنـی می‌رویم,https://www.youtube.com/watch?v=6uHouYBTWeo
داستان‌هایی که هرگز خاموش نمیشن,https://www.youtube.com/watch?v=GYzwOID97WA
سخنرانی «شاهزاده رضا پهلوی» در چهارمین کنفرانس سالانه ایران,https://www.youtube.com/watch?v=-38Ly7ceWR8
Voices of Iran | صداهای ایران | مهسا امینی و جان‌باختگان ۱۴۰۱: خانه دوست کجاست؟,https://www.youtube.com/watch?v=83WzDe6waMk
ایران پس از جمهوری اسلامی؛ کدام قانون در دوران گذار؟,https://www.youtube.com/watch?v=aRcmuK9mq34
منوتوهاب | اخبار چهارشنبه ۱۹ شهریور ۱۴۰۴ | چالش‌های ساختار حقوقی دوران اضطرار,https://www.youtube.com/watch?v=PNfJdF1pIuQ
منوتوهاب | اخبار چهارشنبه ۱۹ شهریور ۱۴۰۴ | ترامپ: از حمله به دوحه ناخشنود و مُصر بر نابودی حماس,https://www.youtube.com/watch?v=kRhI7CxBoQ4
Voices of Iran | صداهای ایران | سالگرد مهسا امینی و جان‌باختگان ۱۴۰۱: خانه دوست کجاست؟,https://www.youtube.com/watch?v=BEw9sZxVBNs
Manoto News Desk | میز خبر منوتو | چهارشنبه ۱۹شهریور ۱۴۰۴ | ساعت ۵ عصر,https://www.youtube.com/watch?v=ii4wGSronRM
Voices of Iran | صداهای ایران | نزدیک‌شدن به سالگرد قتل حکومتی مهسا امینی و همه جان‌باختگان ۱۴۰۱,https://www.youtube.com/watch?v=NzdZq7mroFE
منوتوهاب | اخبار سه‌شنبه ۱۸ شهریور ۱۴۰۴ | آیا قطر از حمله اسرائیل به مقر حماس در دوحه اطلاع داشت؟,https://www.youtube.com/watch?v=AAg3c49c4cU
Manoto News Desk | میز خبر منوتو | سه‌شنبه ۱۸ شهریور ۱۴۰۴ | ساعت ۲۰:۳۰,https://www.youtube.com/watch?v=XdfR6jZ9NeE
منوتوهاب | اخبار سه‌شنبه ۱۸ شهریور ۱۴۰۴ | حمله اسرائیل به رهبران حماس در قطر,https://www.youtube.com/watch?v=eXHqpmmGoI8
Manoto News Desk | میز خبر منوتو | سه‌شنبه ۱۸ شهریور ۱۴۰۴ | ساعت ۵ عصر,https://www.youtube.com/watch?v=6gNIl4eAcVo
Greatest Hits | ژاکلین ویگن,https://www.youtube.com/watch?v=Hus8fV0OA0Q
از حربهٔ ملی‌گراییِ جمهوری اسلامی تا نقش و تأثیر اپوزیسیون,https://www.youtube.com/watch?v=p4hFU5wMfWk
منوتوهاب | اخبار دوشنبه ۱۷ شهریور ۱۴۰۴ | پیشرفت در مذاکرات تهران و آژانس؛ آیا توافق نزدیک است؟,https://www.youtube.com/watch?v=-0gQDIdlL_I
به یاد ژاکلین ویگن | برنامه گِریتِست هیتز منوتو تولید سال ۲۰۱۳,https://www.youtube.com/watch?v=3haIeReNxek
Manoto News Desk | میز خبر منوتو | دوشنبه ۱۷ شهریور ۱۴۰۴ | ساعت ۵ عصر,https://www.youtube.com/watch?v=MvFawCErFiU
منوتوهاب | اخبار دوشنبه ۱۷ شهریور ۱۴۰۴ | فرصتِ چندروزه‌ی گروسی به جمهوری اسلامی,https://www.youtube.com/watch?v=iZRLEUGGXPw
منوتوهاب | اخبار یکشنبه ۱۶ شهریور ۱۴۰۴ | خامنه‌ای: حالت نه جنگ نه صلح,https://www.youtube.com/watch?v=gfV31qIxr3Y
Manoto News Desk | میز خبر منوتو | یکشنبه ۱۶ شهریور ۱۴۰۴ | ساعت ۵ عصر,https://www.youtube.com/watch?v=gWPqulABqho
منوتوهاب | اخبار یکشنبه ۱۶ شهریور ۱۴۰۴ | جمهوری اسلامی از ان‌پی‌تی خارج می‌شود؟,https://www.youtube.com/watch?v=ONNtOiKUH14
منوتوهاب | اخبار شنبه ۱۵ شهریور ۱۴۰۴ | آیا بریتانیا سپاه را در فهرست تروریستی قرار می‌دهد؟,https://www.youtube.com/watch?v=HuCkIqeGlKk
اجرای خاطره انگیز هوشمند عقیلی | ترانه آرامش (دعایت می‌کنم),https://www.youtube.com/watch?v=FyXHoqXiwNE
Manoto News Desk | میز خبر منوتو | شنبه ۱۵ شهریور ۱۴۰۴ | ساعت ۵ عصر,https://www.youtube.com/watch?v=OYOKxEmfwPg
منوتوهاب | اخبار شنبه ۱۵ شهریور ۱۴۰۴ | تلاش سپاه برای جذب نیرو در بریتانیا,https://www.youtube.com/watch?v=53Wv3syRTtc
صبح بخیر منوتو | اخبار شنبه ۱۵ شهریور ۱۴۰۴ | دیدار بی نتیجه مقام ارشد اروپایی با عراقچی,https://www.youtube.com/watch?v=LSa640YEuSs
بعد از سرنگونی جمهوری اسلامی، آموزش و پرورش به چه شکل خواهد بود؟,https://www.youtube.com/watch?v=es9PPzIReaU
لغو کنسرت شجریان؛ «گلپا ممنوع الصدا شد اما تو می‌توانی بخوانی»,https://www.youtube.com/watch?v=ztsTHQiqTiA
منوتوهاب | اخبار پنج‌شنبه ۱۳ شهریور ۱۴۰۴ | بریتانیا سپاه پاسداران را تروریستی اعلام می کند,https://www.youtube.com/watch?v=Hcp0vR-UoDc
بحث روز: حکومت با کنسرت همایون شجریان دنبال چه بود؟,https://www.youtube.com/watch?v=s62cX88ucKY
منوتوهاب |  اخبار پنچ‌شنبه ۱۳ شهریور ۱۴۰۴ | گزارش‌ها از آمادگی اسرائیل برای یک جنگ دیگر,https://www.youtube.com/watch?v=d8uJF_1L-rI
صبح بخیر منوتو | اخبار پنجشنبه ۱۳ شهریور ۱۴۰۴ | عراقچی: جمهوری اسلامی از جنگ نمی‌ترسد,https://www.youtube.com/watch?v=__FqWNHSnEg
مهلت یک‌هفته‌ای گروسی و توسل جمهوری اسلامی به چین و روسیه,https://www.youtube.com/watch?v=fdOwzvScdH0
منوتوهاب | اخبار چهارشنبه ۱۲ شهریور ۱۴۰۴ | هشدار مدیر کل آژانس هسته‌ای به حکومت:‌ وقت ندارید,https://www.youtube.com/watch?v=EcPP8Y8gggI
منوتوهاب | اخبار چهارشنبه ۱۲ شهریور ۱۴۰۴ | لغو کنسرت همایون شجریان به دنبال فشار افکار عمومی,https://www.youtube.com/watch?v=vcn4F6onkt8
Manoto News Desk | میز خبر منوتو | چهارشنبه ۱۲ شهریور ۱۴۰۴ | ساعت ۵ عصر,https://www.youtube.com/watch?v=E5PMp9jCBPw
صبح بخیر منوتو | اخبار چهارشنبه ۱۲ شهریور ۱۴۰۴ | دیدار تیم شاهزاده رضا پهلوی با رئیس‌جمهوری اسرائیل,https://www.youtube.com/watch?v=VqqH_6xZNjg
اقتصاد پس از سرنگونی جمهوری اسلامی به روایت دفترچه اضطرار,https://www.youtube.com/watch?v=16kNl1SX9pw
منوتوهاب | اخبار سه‌شنبه ۱۱ شهریور ۱۴۰۴ | خبر فوری: تحریم‌های تازه آمریکا علیه جمهوری اسلامی,https://www.youtube.com/watch?v=HAtNIF9Kla0
Manoto News Desk | میز خبر منوتو | سه‌شنبه ۱۱ شهریور ۱۴۰۴ | ساعت ۵ عصر,https://www.youtube.com/watch?v=_aPWH6BvQPA
مردم ایران و یک تصمیم سرنوشت‌ساز!,https://www.youtube.com/watch?v=-e8JG4H7ep4
شما مارو از شاید به باید رسوندید,https://www.youtube.com/watch?v=exfzRx24hcc
منوتوهاب | اخبار سه‌شنبه ۱۱ شهریور ۱۴۰۴ | وزیر نیرو: بی‌برقی‌ها تقصیر چین است,https://www.youtube.com/watch?v=1uSUYPgYuNc
صبح بخیر منوتو | اخبار سه‌شنبه ۱۱ شهریور ۱۴۰۴ | قالیباف: کاری کنیم که برای اروپا هزینه داشته باشد,https://www.youtube.com/watch?v=gXnzzVaPTYA
منوتوهاب | اخبار دوشنبه ۱۰ شهریور ۱۴۰۴ | جزییات تازه از شکار فرماندهان سپاه پاسداران توسط اسرائیل,https://www.youtube.com/watch?v=zRv7X-Edw1c
Manoto News Desk | میز خبر منوتو | دوشنبه ۱۰ شهریور ۱۴۰۴ | ساعت ۵ عصر,https://www.youtube.com/watch?v=efkCijj4kiA
منوتوهاب | اخبار دوشنبه ۱۰ شهریور ۱۴۰۴ | همزمان با اجلاس شانگهای٬ دلار رکورد زد,https://www.youtube.com/watch?v=IKfxdloaLno
صبح بخیر منوتو | اخبار دوشنبه ۱۰ شهریور ۱۴۰۴ | سخنگوی وزارت خارجه: در برابر اروپا کوتاه نمی‌آییم,https://www.youtube.com/watch?v=2MQTJI3j-tQ
منوتوهاب | اخبار یکشنبه ۹ شهریور ۱۴۰۴ | آغاز عملیات منطقه‌ای اسرائیل,https://www.youtube.com/watch?v=EBML3o3uMVE
Manoto News Desk | میز خبر منوتو | یکشنبه ۹ شهریور ۱۴۰۴ | ساعت ۵ عصر,https://www.youtube.com/watch?v=xI1YAOJvQ_k
منوتوهاب | اخبار یکشنبه ۹ شهریور ۱۴۰۴ | سفر پزشکیان به چین,https://www.youtube.com/watch?v=jsQ84PRhym4
فواد پاشایی، دبیرکل حزب مشروطه ایران: قانون اساسی مشروطه بخش کوچک اما بنیادین دفترچه اضطرار است.,https://www.youtube.com/watch?v=iJJHEi1SpaI
صبح بخیر منوتو | اخبار یکشنبه ۹ شهریور ۱۴۰۴ | در صورت جنگ، خامنه‌ای باید کشته شود,https://www.youtube.com/watch?v=-2jyoEGOkP8
قانون مشروطه باید در دوران اضطرار اجرا شود,https://www.youtube.com/watch?v=o8XCFoWkad4
منوتوهاب | اخبار شنبه ۸ شهریور ۱۴۰۴ | افزایش بی‌سابقه قیمت دلار و ارز,https://www.youtube.com/watch?v=vbj0RPn9pO8
حزب مشروطه ایران و دفترچه دوران اضطرار,https://www.youtube.com/watch?v=NuBeBgM1fBk
دفترچه دوران اضطرار گامی بزرگ رو به جلوست,https://www.youtube.com/watch?v=VGrJD7me9QU
⁨ مکانیسم ماشه و واکنش مسئولین جمهوری اسلامی چیه؟,https://www.youtube.com/watch?v=Qo-LQXt7gus
منوتوهاب | اخبار شنبه ۸ شهریور ۱۴۰۴ | قالیباف: ممکن است دوباره جنگ شود,https://www.youtube.com/watch?v=t5y83_7psGY
Manoto News Desk | میز خبر منوتو | شنبه ۸ شهریور ۱۴۰۴ | ساعت ۵ عصر,https://www.youtube.com/watch?v=pAzeMvTN6wc
صبح بخیر منوتو | اخبار شنبه ۸ شهریور ۱۴۰۴ | پزشکیان: بیش از مکانیسم ماشه نگران اختلافات داخلی هستم,https://www.youtube.com/watch?v=mNkRwNcJCTY
مهاجرت حکومتی‌ها به خارج؛ تفاوت میان ولایی‌ها و ریزشی‌ها,https://www.youtube.com/watch?v=M4StqyJhrK4
منوتوهاب | اخبار پنجشنبه ۶ شهریور ۱۴۰۴ | عراقچی: به اقدام اروپایی ها پاسخ مقتضی خواهیم داد,https://www.youtube.com/watch?v=zkRXPxSJDQ8
نسل ۵۷، شما آینده ما را نابود کردید؛ ما تنهایی نمی‌توانیم، باید کنار ما بیایید,https://www.youtube.com/watch?v=7KFf3eSCG8g
منوتوهاب | اخبار پنجشنبه ۶ شهریور ۱۴۰۴ | جمهوری اسلامی می‌گوید: آماده جنگ است,https://www.youtube.com/watch?v=qDrrJyFuv9w
Manoto News Desk | میز خبر منوتو | پنجشنبه ۶ شهریور ۱۴۰۴ | ساعت ۵ عصر,https://www.youtube.com/watch?v=0S8kiFpPVUc
صبح بخیر منوتو | اخبار پنجشنبه ۶ شهریور ۱۴۰۴ | مکانیسم ماشه امروز فعال می‌شود,https://www.youtube.com/watch?v=eQycITczwXk
منوتوهاب | اخبار چهارشنبه ۵ شهریور ۱۴۰۴ | خبر فوری: مکانیسم ماشه فعال می‌شود,https://www.youtube.com/watch?v=806TT7WKCp8
رضا قطبی؛ معمار رسانه ملی | Reza Ghotbi: Architect of Iran’s National Television,https://www.youtube.com/watch?v=Q_KtS6SgGLw
خبر فوری: فعال شدن مکانیسم ماشه؛ سرنوشت جمهوری اسلامی چیست؟,https://www.youtube.com/watch?v=vNFv53k3BNQ
Manoto News Desk | میز خبر منوتو | چهارشنبه ۵ شهریور ۱۴۰۴ | ساعت ۵ عصر,https://www.youtube.com/watch?v=7Hpht0_ai7w
منوتوهاب | اخبار چهارشنبه ۵ شهریور ۱۴۰۴ | درگیری در مجلس حکومت درباره ورود بازرسان آژانس,https://www.youtube.com/watch?v=pl_-zibgSFs
صبح بخیر منوتو | اخبار چهارشنبه ۵ شهریور ۱۴۰۴ | شکست مذاکرات با اروپا؛ بازرسان آژانس در ایران,https://www.youtube.com/watch?v=mYh7QECDPdk
منوتوهاب | اخبار سه‌شنبه ۴ شهریور ۱۴۰۴ | خبرنگار حکومتی: تکرار ترسناک تاریخ,https://www.youtube.com/watch?v=FXVqSm9NMJI
منوتوهاب | اخبار سه‌شنبه ۴ شهریور ۱۴۰۴ | شکست مذاکرات با اروپا؛ پیش از آعاز؟,https://www.youtube.com/watch?v=HyiPHDKmruY
صبح بخیر منوتو | اخبار سه‌شنبه ۴ شهریور ۱۴۰۴ | مذاکره امروز جمهوری اسلامی با اروپا: آخرین فرصت تهران,https://www.youtube.com/watch?v=pSxeTHsBP-c
منوتوهاب | اخبار دوشنبه ۳ شهریور ۱۴۰۴ | دیپلمات فرانسوی: مذاکرات با اروپایی‌ها شکست می‌خورد,https://www.youtube.com/watch?v=bmn9hy8GXno
قانون دوران گذار در گفتگو با شیرین عبادی حقوق‌دان و برنده جایزه صلح نوبل,https://www.youtube.com/watch?v=24XqNza7onw
منوتوهاب | اخبار دوشنبه ۳ شهریور ۱۴۰۴ ساعت ۱۷:۰۰ | بازنشر پست علی مطهری توسط ترامپ درباره بمب اتمی,https://www.youtube.com/watch?v=XN6G3vjT9Cg
صبح بخیر منوتو | اخبار دوشنبه ۳ شهریور ۱۴۰۴ | نتانیاهو: به هر کسی که ما را تهدید کند حمله می‌کنیم,https://www.youtube.com/watch?v=ShIODZWv7J8
منوتوهاب | اخبار یکشنبه ۲ شهریور ۱۴۰۴ ساعت ۲۰:۳۰ | خبر فوری: حمله به حوثی‌ها بعد از سخنرانی خامنه‌ای,https://www.youtube.com/watch?v=g6JA8Y3RrQg
منوتوهاب | اخبار یکشنبه ۲ شهریور ۱۴۰۴ ساعت ۱۷:۰۰ | خامنه‌ای: با شروع جنگ پادشاه انتخاب کردند,https://www.youtube.com/watch?v=RKw9JrWbgN4
خبر فوری: افشای جزئیات تازه از حمله اسرائیل به جمهوری اسلامی,https://www.youtube.com/watch?v=0lUY4aiAGCI
صبح بخیر منوتو | اخبار یکشنبه ۲ شهریور ۱۴۰۴ | جزئیات تازه از عملیات نظامی اسرائیل علیه جمهوری اسلامی,https://www.youtube.com/watch?v=98bbxHPibgw
جمهوری اسلامی چگونه احتمال درگیری داخلی در ایران را افزایش داده است؟,https://www.youtube.com/watch?v=Kg9SXoWHZso
منوتوهاب | اخبار شنبه ۱ شهریور ۱۴۰۴ | آیا خامنه‌ای تسلیم ترامپ خواهد شد؟,https://www.youtube.com/watch?v=LYn6Ys3NyjI
فعال شدن مکانیسم ماشه، یک گام دیگر به سمت سقوط حکومت؟,https://www.youtube.com/watch?v=3jPZN0lsdfQ
منوتوهاب | اخبار شنبه ۱ شهریور ۱۴۰۴ | نشانه‌های بروز یک جنگ دیگر و شکست مذاکرات,https://www.youtube.com/watch?v=gbjaxoWZR_E
صبح بخیر منوتو | اخبار شنبه ۱ شهریور ۱۴۰۴ | لاریجانی: جنگ تمام نشده است,https://www.youtube.com/watch?v=hql9nUGcm7k
آیا جمهوری اسلامی به سرنوشت صدام دچار می‌شود؟,https://www.youtube.com/watch?v=nCEblDeoNp8
منوتوهاب | اخبار  پنجشنبه ۳۰ مرداد ۱۴۰۴ | افزایش فشار بر حکومت: آقازاده شمخانی در بریتانیا تحریم شد,https://www.youtube.com/watch?v=OaKKn9hZm7U
صبح بخیر منوتو | اخبار پنجشنبه ۳۰ مرداد ۱۴۰۴ | جمهوری اسلامی نباید به سلاح هسته‌ای دست‌ یابد,https://www.youtube.com/watch?v=eTYsfObdN5g
ایران – اسرائیل ۱۹۶۸ | Iran vs Israel – Asian Cup Final,https://www.youtube.com/watch?v=l8-iCF-DLck
منوتوهاب | اخبار چهارشنبه ۲۹ مرداد ۱۴۰۴ | نفوذی اعظم کیست؟ اصلاح‌طلب یا اصول‌گرا,https://www.youtube.com/watch?v=KmcAFCB1-Hc
دلیل اصلی قطع ارتباط تلفن همراه در ایران: فرسودگی باتری‌ دکل‌های,https://www.youtube.com/watch?v=knv9cBwBnRM
واکسن اچ‌پی‌وی و زگیل تناسلی | بحران بزرگ سلامت در ایران,https://www.youtube.com/watch?v=xBBMuOr7gOw
منوتوهاب | اخبار چهارشنبه ۲۹ مرداد ۱۴۰۴ | عراقچی: با چین و روسیه برای مکانیزم ماشه برنامه داریم,https://www.youtube.com/watch?v=C3OyvV1UqiI
Manoto News Desk | میز خبر منوتو | چهارشنبه ۲۹ مرداد ۱۴۰۴ | ساعت ۵ عصر,https://www.youtube.com/watch?v=dBbglhJCqg8
صبح بخیر منوتو | اخبار چهارشنبه ۲۹ مرداد ۱۴۰۴ | ترامپ: من و نتانیاهو قهرمانان جنگیم,https://www.youtube.com/watch?v=q1dyiLOsqT8
واکنش حمید فرخ‌نژاد به حملات اخیر به او: بازنده شمایید,https://www.youtube.com/watch?v=OJDEZGnww98
منوتوهاب | اخبار سه‌شنبه ۲۸ مرداد ۱۴۰۴ | خبر فوری: مجموعه گزارش‌ها از احتمال جنگ دوباره,https://www.youtube.com/watch?v=bNsvKbnqKE0
فرهنگ و هویت ملی | محمدعلی فروغی؛ پلی میان حکمت شرق و فلسفه غرب,https://www.youtube.com/watch?v=0xpqTi6T35w
Manoto News Desk | میز خبر منوتو | سه‌شنبه ۲۸ مرداد ۱۴۰۴ | ساعت ۵ عصر,https://www.youtube.com/watch?v=KtDZXb2rLiw
منوتوهاب | اخبار سه‌شنبه ۲۸ مرداد ۱۴۰۴ | احتمال استفاده جمهوری اسلامی از سلاح هسته‌ای علیه اسرائیل,https://www.youtube.com/watch?v=t4xJ9LWX5sU
صبح بخیر منوتو | اخبار سه‌شنبه ۲۸ مرداد ۱۴۰۴ | نشست اوکراین در کاخ سفید؛ رهبران جهان: صلح نزدیکه,https://www.youtube.com/watch?v=y78cEgqU4wY
جمهوری اسلامی آماده جنگ دوباره می‌شود,https://www.youtube.com/watch?v=RW0Nsj2v4WE
منوتوهاب | اخبار دوشنبه ۲۷ مرداد ۱۴۰۴ | جنگ بعدی٬ چه زمانی رخ می‌دهد؟,https://www.youtube.com/watch?v=pXRG7KcrqhM
منوتوهاب | اخبار دوشنبه ۲۷ مرداد ۱۴۰۴ | دفاتر خامنه‌ای و پزشکیان: یک جنگ دیگر با اسراییل محتمل است,https://www.youtube.com/watch?v=Du5DkeQhhjs
بهره‌گیری حکومت از زنان با پوشش اختیاری,https://www.youtube.com/watch?v=cQLmDuoz42g
Manoto News Desk |  میز خبر منوتو | دوشنبه ۲۷ مرداد ۱۴۰۴ | ساعت ۵ عصر,https://www.youtube.com/watch?v=kPyi_xsz64k
صبح بخیر منوتو | اخبار دوشنبه ۲۷ مرداد ۱۴۰۴ | رحیم صفوی: احتمال می‌دهم جنگ مجددی رخ بدهد,https://www.youtube.com/watch?v=ycc100YgJLU
سوپاپ اطمینان یا تغییر واقعی؟ پشت پرده «اکلیلی شدن» جمهوری اسلامی,https://www.youtube.com/watch?v=0eAdH4MQt6k
منوتوهاب | اخبار یکشنبه ۲۶ مرداد ۱۴۰۴ | خبر فوری: جزئیات آتش‌سوزی در تهران,https://www.youtube.com/watch?v=QUlC7aAR1eM
منوتوهاب | اخبار یکشنبه ۲۶ مرداد ۱۴۰۴ | نتانیاهو: با هفت چشم٬ جمهوری اسلامی را زیر نظر دارم,https://www.youtube.com/watch?v=kMj9VGatPr8
Kousha Mousavi | هنر قرن ۲۱ - قسمت ۱ کوشا موسوی,https://www.youtube.com/watch?v=xJD-CiFvR_w
Nader Sadighi | مستند سلام من نادر صدیقی,https://www.youtube.com/watch?v=t1pguA1y8y8
Farewell to Touraj Negahban | آخرین دیدار با تورج نگهبان,https://www.youtube.com/watch?v=we8qPRYecVY
Henry’s Salon | EP 05,https://www.youtube.com/watch?v=c04O03zC0UE
پشت صحنه مرحله صداگذاری بفرمایید شام لس‌ آنجلس با طغرل و مهران,https://www.youtube.com/watch?v=o1natPVyHD4
BOOM - Ep04 | بوم - قسمت ۴,https://www.youtube.com/watch?v=SBAl0JVJH-M
The Shah And The Workers | شاه و کارگران,https://www.youtube.com/watch?v=XrcUvflT3EQ
آرشیو منوتو - برنامه ارتباط مستقیم با جواد شهرستانی، شهردار وقت تهران,https://www.youtube.com/watch?v=FO9eI9cDd_0
Sahar Moslemian | هنر قرن ۲۱ - قسمت ۲ سحر مسلمیان,https://www.youtube.com/watch?v=B4dfv-MoTNY
دونالد ترامپ در گفت‌وگو با فاکس نیوز: احتمال حمله نظامی به جمهوری اسلامی,https://www.youtube.com/watch?v=F3n5fkpNaMs
صبح بخیر منوتو | اخبار یکشنبه ۲۶مرداد ۱۴۰۴ | توافق امنیتی جمهوری اسلامی وعراق؛جلوگیری ازحمله اسرائیل,https://www.youtube.com/watch?v=bm1sJi3rJSY
دیدار ترامپ و پوتین؛ آیا پوتین آیت‌الله‌ها را قربانی می‌کند؟,https://www.youtube.com/watch?v=jQxRHX5zOwY
منوتوهاب | اخبار شنبه ۲۵ مرداد ۱۴۰۴ | هشدارجمهوری اسلامی به اسرائیل:حمله کنید با شگفتی روبرو می‌شوید,https://www.youtube.com/watch?v=bAhr2iThpOk
مصرف بیش از حد و خودسرانه آنتی‌بیوتیک,https://www.youtube.com/watch?v=h0cSVikDHdk
منوتوهاب | اخبار شنبه ۲۵ مرداد ۱۴۰۴ | زلنسکی در راه واشنگتن؛ آیا جنگ تمام می‌شود؟,https://www.youtube.com/watch?v=itrtergA2jg
ساختار جمهوری اسلامی اصلاح‌پذیر نیست و بحران کنونی حاصل همان قانون اساسی است,https://www.youtube.com/watch?v=TlG7wsYrMCc
فقط از این راه می‌توانم پیامم را به پادشاه برسانم,https://www.youtube.com/watch?v=V-A49SGu06Y
صبح بخیر منوتو | اخبار شنبه ۲۵ مرداد ۱۴۰۴ | دیدار ترامپ و پوتین در آلاسکا؛ توافقی حاصل نشد,https://www.youtube.com/watch?v=EtAES6nSQUw
ایران آینده؛ اصلاح جمهوری اسلامی یا سرنگونی,https://www.youtube.com/watch?v=xgHjyK6yjoQ
منوتوهاب | اخبار پنجشنبه ۲۳ مرداد ۱۴۰۴ | احتمال سرنگونی حکومت؛ اصلاح‌طلبان می‌توانند نجاتش دهند؟,https://www.youtube.com/watch?v=t4SxQSJboIY
منوتوهاب | اخبار پنجشنبه ۲۳ مرداد ۱۴۰۴ | وزیر خارجه بریتانیا: جمهوری اسلامی تهدیدی برای جهان است,https://www.youtube.com/watch?v=c3cfp-o0eys
صبح بخیر منوتو | اخبار  پنجشنبه ۲۳ مرداد ۱۴۰۴ | نتانیاهو: اسرائیل تنها کشور که با ج.ا درگیر شد,https://www.youtube.com/watch?v=VT5y2BXUwvg
منوتوهاب | اخبار چهارشنبه ۲۲ مرداد ۱۴۰۴ | آیا جمهوری اسلامی با غرب کنار می‌آید؟,https://www.youtube.com/watch?v=oPwpH3fnRqM
دعوت نتانیاهو به خیزش علیه جمهوری اسلامی؛ حمایت یا مداخله؟,https://www.youtube.com/watch?v=TuYU8t6SNTs
منوتوهاب | اخبار چهارشنبه ۲۲ مرداد ۱۴۰۴ | حزب‌الله خلع سلاح می‌شود و به ایران مربوط نیست,https://www.youtube.com/watch?v=jK8OIABcOBU
صبح بخیر منوتو | اخبار چهارشنبه ۲۲ مرداد ۱۴۰۴ | نتانیاهو از مردم ایران خواست علیه رژیم قیام کنند,https://www.youtube.com/watch?v=GImI9COE6WA
سالروز تولد شانزده سالگی ولیعهد | The Crown Prince’s 16th Birthday Anniversary (1976),https://www.youtube.com/watch?v=TCSmR5nAXww
منوتوهاب | اخبار سه‌شنبه ۲۱ مرداد ۱۴۰۴ | نتانیاهو خطاب به مردم ایران: حالا زمان مبارزه برای آزادی ست,https://www.youtube.com/watch?v=-vMpOD6rpus
خبرفوری: پیام مقامات ارشد اسرائیلی به مردم ایران: به خیابان‌ها بریزید,https://www.youtube.com/watch?v=rVXF4DeiIts
منوتوهاب | اخبار سه‌شنبه ۲۱ مرداد ۱۴۰۴ | خبر فوری: تعطیلی گسترده دوباره در ایران,https://www.youtube.com/watch?v=eGfMlckPuxE
صبح بخیر منوتو | اخبار سه‌شنبه ۲۱ مرداد ۱۴۰۴ | خلبان اسرائیلی: در جنگ آسمان ایران برای ما امن بود,https://www.youtube.com/watch?v=quClxrMdrAY
منوتوهاب | اخبار دوشنبه ۲۰مرداد ۱۴۰۴ | اسرائیل خطاب به خامنه‌ای:از پناهگاه بیرون شدی به بالا نگاه کن,https://www.youtube.com/watch?v=T87dVV8yMJE
منوتوهاب | اخبار دوشنبه ۲۰ مرداد ۱۴۰۴ | لاریجانی در عراق و لبنان به دنبال چیست؟,https://www.youtube.com/watch?v=ReUhVqBZIxU
روایت جنبش مهسا به قلم یک دیپلمات اسرائیلی,https://www.youtube.com/watch?v=nTNzvyeZJDI
کریدور ترامپ؛ تهدیدی برای منافع ملی؟,https://www.youtube.com/watch?v=EErAvnMYOSg
آیا جمهوری اسلامی در آستانه سقوط است؟,https://www.youtube.com/watch?v=cnDa2UAH9u0
منوتوهاب | اخبار یکشنبه ۱۹ مرداد ۱۴۰۴ | پایان جمهوری اسلامی درغزه، لبنان و عراق؛ در داخل چطور؟,https://www.youtube.com/watch?v=OaSCZKUIHmM
کریدور ترامپ؛ مسیر خفگی ژئوپلیتیک ایران,https://www.youtube.com/watch?v=v-WkANrdnLg
منوتوهاب | اخبار یکشنبه ۱۹ مرداد ۱۴۰۴ | پزشکیان: بدون اجازه رهبر آب نمی‌خورم,https://www.youtube.com/watch?v=KaDj8U1RNGo
بررسی بخش ۱۴ (بهداشت و درمان) از دفترچه مرحله اظطراری دوران گذار,https://www.youtube.com/watch?v=P0T2BV9IfOc
صبح بخیر منوتو | اخبار یکشنبه ۱۹مرداد ۱۴۰۴ |نگرانی جمهوری اسلامی از حمایت جهانی از شاهزاده رضا پهلوی,https://www.youtube.com/watch?v=t5e_fjmxe9Q
منوتوهاب | اخبار شنبه ۱۸مرداد ۱۴۰۴ | جمهوری اسلامی مقام‌های ارشد هسته‌ای را از ترس اسرائیل قایم کرده,https://www.youtube.com/watch?v=GiNBBB7LFF0
انحلال سازمان منابع طبیعی,https://www.youtube.com/watch?v=nUCpW_7NUAk
منوتوهاب | اخبار شنبه ۱۸ مرداد ۱۴۰۴ | جمهوری اسلامی: ما آماده دفاع مجدد هستیم,https://www.youtube.com/watch?v=tytsg6w9nZ8
صبح بخیر منوتو | اخبار شنبه ۱۸ مرداد ۱۴۰۴ | پزشکیان: دختران بی‌حجاب هم می‌گویند جانم فدای رهبر,https://www.youtube.com/watch?v=a9cmYYj1LjM
پشت‌پرده حضور حکومتی‌ها در کانادا,https://www.youtube.com/watch?v=aLMXEw55xKg
منوتوهاب | اخبار پنجشنبه ۱۶ مرداد ۱۴۰۴ | شرط تازه ترامپ؛ جمهوری اسلامی اسرائیل را به رسمیت بشناسد؟,https://www.youtube.com/watch?v=b25haw1qunk
منوتوهاب | اخبار پنجشنبه ۱۶ مرداد ۱۴۰۴ | خبر فوری: غرب تهران لرزید,https://www.youtube.com/watch?v=exkB8JRZQlU
صبح بخیر منوتو | اخبار پنجشنبه ۱۶ مرداد ۱۴۰۴ | ترامپ: احتمال حمله مجدد به جمهوری اسلامی وجود دارد,https://www.youtube.com/watch?v=-Ls-M4oImRE
منوتوهاب | اخبار چهارشنبه ۱۵ مرداد ۱۴۰۴ | خبر فوری: گسترش اعتراضات در چند شهر ایران به قطع آب و برق,https://www.youtube.com/watch?v=RsFjJHBYtKQ
Shapour Bakhtiar - 37 Days | شاپور بختیار - ۳۷ روز,https://www.youtube.com/watch?v=_SK9U9niKJ0
منوتوهاب | چهارشنبه ۱۵ مرداد ۱۴۰۴ | اعدام تعداد بیشتری از شهروندان به جرم جاسوسی,https://www.youtube.com/watch?v=1eb0ij3ozUI
صبح بخیر منوتو | اخبار چهارشنبه ۱۵ مرداد ۱۴۰۴ | ترامپ: ایران می‌تواند دو ماهه به سلاح اتمی برسد,https://www.youtube.com/watch?v=XeSg52ASYeg
آیا بازار، می‌تواند جمهوری اسلامی را سرنگون کند؟,https://www.youtube.com/watch?v=yarbfSC6J7w
منوتوهاب | اخبار سه‌شنبه ۱۴ مرداد ۱۴۰۴ | سالگرد صدور فرمان مشروطیت؛ ریشه‌های قانون در ایران,https://www.youtube.com/watch?v=tbGoxW10ogQ
از انقلاب مشروطه چه درسی باید بگیریم؟,https://www.youtube.com/watch?v=5OX2chdt7OY
انقلاب مشروطه ایران:  روایت مقاومت تبریز | Iran’s Constitutional Revolution: The  Tabriz Resistance,https://www.youtube.com/watch?v=IQdUQtVBm-4
منوتوهاب | اخبار سه‌شنبه ۱۴ مرداد ۱۴۰۴ | تعطیلی ایران؛ در آستانه خشکی مطلق,https://www.youtube.com/watch?v=hiDxuz6NrTk
سرباز معلمان، خدمت کردند و مجازات شدند؟,https://www.youtube.com/watch?v=ov0bTJWtpio
صبح بخیر منوتو | اخبار سه‌شنبه ۱۴ مرداد ۱۴۰۴ | خبر فوری: تعطیلی گسترده در ایران؛ تهران هم تعطیل شد,https://www.youtube.com/watch?v=S905jt0-Xcs
منوتوهاب | اخبار دوشنبه ۱۳ مرداد ۱۴۰۴ | خبر فوری: از فردا، تعطیلی گسترده در ایران,https://www.youtube.com/watch?v=lxkUxyigBdw
منوتوهاب | اخبار دوشنبه ۱۳ مرداد ۱۴۰۴ | جمهوری اسلامی: با آمریکا مذاکره نمی‌کنیم,https://www.youtube.com/watch?v=curYU8VeXz0
صبح بخیر منوتو | اخبار دوشنبه ۱۳ مرداد ۱۴۰۴ | تشکیل شورای دفاع؛ جمهوری اسلامی اماده جنگ می‌شود,https://www.youtube.com/watch?v=3Cbz0CcKaU8
منوتوهاب | اخبار یکشنبه ۱۲ مرداد ۱۴۰۴ | آیا جنگ اجتناب‌ناپذیر است؟,https://www.youtube.com/watch?v=hPoXmXjwS90
اعتصاب بازار چقدر موثر است؟,https://www.youtube.com/watch?v=vsQ81fiGG5I
اعتصاب بازار چقدر موثر است؟,https://www.youtube.com/watch?v=GKnurRnpCTA
منوتوهاب | اخبار یکشنبه ۱۲ مرداد ۱۴۰۴ | فرمانده کل ارتش: باید آماده جنگ دیگر باشیم,https://www.youtube.com/watch?v=81k4F8yitjU
گذار از جمهوری اسلامی؛ مدیریت دوران اضطرار بر چه اساسی است؟,https://www.youtube.com/watch?v=vmVxtX4nRmI
manotoHUB | Levalicious | لوا و محبوبیت کلمپه و شیرینی‌های کرمانی در ملبورن ⁩,https://www.youtube.com/watch?v=t0fUpaFZGo4
صبح بخیر منوتو | اخبار یکشنبه ۱۲مرداد ۱۴۰۴ | جمهوری اسلامی برای مذاکره عجله ندارد؛ آیا کار تمام است؟,https://www.youtube.com/watch?v=B4-OpEkhg1s
منوتوهاب | اخبار شنبه ۱۱ مرداد ۱۴۰۴ |  وزیر خارجه آلمان: به نتیجه‌بخش بودن مذاکرات امید ندارم,https://www.youtube.com/watch?v=SSrattp3SIY
منوتوهاب | اخبار شنبه ۱۱ مرداد ۱۴۰۴ | تردید بریتانیا در حسن نیت ج.ا ؛ آیا جنگ دیگری در راه است؟,https://www.youtube.com/watch?v=k13e63Myzxc
صبح بخیر منوتو | اخبار شنبه ۱۱ مرداد ۱۴۰۴ | تغییرات در شورای عالی امنیت در واکنش به «نفوذ اسرائیل»,https://www.youtube.com/watch?v=Y0RXkcKWpgE
سالگرد فریدون فرخزاد در گفتگو با آلاله بهمن، خواهرزاده و مدیر بنیاد فرخزاد,https://www.youtube.com/watch?v=iKThe0ggLKA
جمهوری اسلامی از ایرانیان خارج از کشور چه می‌خواهد؟ گفتگو با شهرام شب‌پره,https://www.youtube.com/watch?v=HsZPaRzgrbw
«پیشنهاد رسانه جمهوری اسلامی را رد کردم»,https://www.youtube.com/watch?v=rbvRGca1JSM
Voices of Iran | صداهای ایران - واکنش‌ها به گفتگوی شهرام شب‌پره و گرانی‌ها بعد از جنگ ۱۲ روزه,https://www.youtube.com/watch?v=1gZ2iG6TGfM
⁨ پشت‌پرده گفتگوی شهرام شب‌پره با علی ضیا,https://www.youtube.com/watch?v=O0_38IPrxxo
پشت پرده گفتگوی جنجالی شهرام شب‌پره با چهره صدا و سیما,https://www.youtube.com/watch?v=r3r90R9tdBs
منوتوهاب | اخبار پنجشنبه ۹ مرداد ۱۴۰۴ | اصرار تهران بر غنی‌سازی؛ شماره معکوس برای جنگی دیگر؟,https://www.youtube.com/watch?v=gqEpdL4xTqA
صبح بخیر منوتو | اخبار پنجشنبه ۹مرداد ۱۴۰۴ | حکومت در آستانه ورشکستگی؛ شدیدترین تحریم‌ها از سال ۲۰۱۸,https://www.youtube.com/watch?v=-GJw0EqFejU
سرنگونی جمهوری اسلامی؛ جنگ، اعتصاب یا انقلاب؟,https://www.youtube.com/watch?v=wMesRe-flHk
منوتوهاب | اخبار چهارشنبه ۸ مرداد ۱۴۰۴ | آیا اعتصاب رژیم را سرنگون می‌کند؟,https://www.youtube.com/watch?v=GCzaZIb_UaU
چگونه می‌توان کمر حکومت را شکست؟,https://www.youtube.com/watch?v=lrRdYC9QvjU
منوتوهاب | اخبار چهارشنبه ۸ مرداد ۱۴۰۴ |  تلاش پزشکیان برای کسب محبوبیت: پس گرفتن لایحه جنجالی,https://www.youtube.com/watch?v=xK_EDqrHihA
صبح بخیر منوتو | اخبار چهارشنبه ۸ مرداد ۱۴۰۴ | شمارش معکوس خامنه‌ای برای یک جنگ دیگر,https://www.youtube.com/watch?v=tqCT0ryixOM
کنفرانس مونیخ؛ موافقان و مخالفان چه می‌گویند؟,https://www.youtube.com/watch?v=V_xA8QrVy2M
منوتوهاب | اخبار سه‌شنبه ۷ مرداد ۱۴۰۴ |  همایش شاهزاده رضا پهلوی در مونیخ؛ دستاوردها و انتقادها,https://www.youtube.com/watch?v=9IAdBkR0C_k
خمینی چطور رهبر انقلاب «چپ و راست» شد؟,https://www.youtube.com/watch?v=KgtiN-bUeDw
منوتوهاب | اخبار سه‌شنبه ۷ مرداد ۱۴۰۴ |  خامنه‌ای: غنی‌سازی بهانه‌ است، هدف اصل نظام است,https://www.youtube.com/watch?v=8qJeEtEMJXo
پنل ویژه: پروژه شکوفایی ایران در همایش همکاری ملی برای نجات ایران,https://www.youtube.com/watch?v=09Zg5ppcNBA
حمید فرخ‌نژاد از نقش هنرمند در دوران گذار می‌گوید,https://www.youtube.com/watch?v=njykCjRJb9M
منوتوهاب | اخبار دوشنبه ۶ مرداد ۱۴۰۴ |  هشدار ترامپ به حکومت: لازم باشد دوباره بمباران می‌کنیم,https://www.youtube.com/watch?v=v6os04UFnZc
منوتوهاب | اخبار دوشنبه ۶ مرداد ۱۴۰۴ |  ترامپ: مقامات جمهوری اسلامی احمقند,https://www.youtube.com/watch?v=Q4XitNFuh0A
Fereidoon Izadseta | فریدون - داستان زندگی فریدون ایزدستا,https://www.youtube.com/watch?v=qqG-gUf2YAI
منوتوهاب | اخبار یکشنبه ۵ مرداد ۱۴۰۴ |  بحران آب در ایران و مکانیسم ماشه,https://www.youtube.com/watch?v=B-M1j0rXMso
جایگاه نهاد پادشاهی در تاریخ ایران | The Place of the Monarchy in Iran’s History,https://www.youtube.com/watch?v=TZFabfUasBA
منوتوهاب | اخبار یکشنبه ۵ مرداد ۱۴۰۴ |  بازتاب همایش همکاری ملی برای نجات ایران در مونیخ,https://www.youtube.com/watch?v=kS9TfSvP-LY
سخنرانی شاهزاده رضا پهلوی در همایش همکاری ملی برای نجات ایران,https://www.youtube.com/watch?v=ydsJyHzwm-o
منوتوهاب | اخبار شنبه ۴ مرداد ۱۴۰۴ |  تماس‌ تلفنی و پیام شما درباره همایش همکاری ملی برای نجات ایران,https://www.youtube.com/watch?v=3QF_-w-YDjM
منوتوهاب | اخبار شنبه ۴ مرداد ۱۴۰۴ |  پوشش ویژه همایش همکاری ملی برای نجات ایران,https://www.youtube.com/watch?v=9eFEIF1batk
منوتوهاب | اخبار پنجشنبه ۲ مرداد ۱۴۰۴ |  دیو خمینی چطور فرشته شد؟,https://www.youtube.com/watch?v=nf7nfNHcBTg
چه چیزی اپوزیسیون را در سال ۵۷ کنار هم قرار داد؟,https://www.youtube.com/watch?v=kuB_1e_E8Hk
منوتوهاب | اخبار پنجشنبه ۲ مرداد ۱۴۰۴ |  وقت‌کشی به سبک تهران؛ مذاکرات فردا به چه معناست؟,https://www.youtube.com/watch?v=9gDHpE8xmGg
صبح بخیر منوتو | اخبار پنجشنبه ۲ مرداد ۱۴۰۴ | جزییات عملیات «نشت گاز» اسرائیل در ایران,https://www.youtube.com/watch?v=NACfIX0GvFs
ایرانِ تشنه؛ اوضاع چقدر خراب است؟,https://www.youtube.com/watch?v=8nbbBcbKK1A
منوتوهاب | اخبار چهارشنبه ۱مرداد ۱۴۰۴ |  سفر تیم فنی آژانس به ایران؛ بدون بازدید از سایت‌های هسته‌ای,https://www.youtube.com/watch?v=tbLi6le4jjc
ایرانِ تشنه | حکمرانی فاجعه‌بار,https://www.youtube.com/watch?v=l6PLIfH04jE
منوتوهاب | اخبار چهارشنبه ۱ مرداد ۱۴۰۴ | جواد لاریجانی: حالا نوبت ماست که سر ترامپ را بخواهیم,https://www.youtube.com/watch?v=ySVz4wir5-A
صبح بخیر منوتو | اخبار چهارشنبه ۱مرداد ۱۴۰۴ | پزشکیان: آماده‌‌ایم تا دوباره به عمق اسرائیل حمله کنیم,https://www.youtube.com/watch?v=NgZgG3Ff7lY
منوتوهاب | اخبار سه‌شنبه ۳۱ تیر۱۴۰۴ | وزرات خارجه اسرائیل: جمهوری اسلامی به غلط کردن افتاده,https://www.youtube.com/watch?v=gylf6X0gESg
منوتوهاب | اخبار سه‌شنبه ۳۱ تیر۱۴۰۴ | آغاز اعتراضات شبانه به قطعی آب و برق,https://www.youtube.com/watch?v=zmEIUi3CO5U
صبح بخیر منوتو | اخبار سه‌شنبه ۳۱ تیر۱۴۰۴ | عراقچی: غنی‌سازی را ادامه می‌دهیم,https://www.youtube.com/watch?v=_V9KOt-VTuQ
بیانیه تازه رجوی در حمایت از میرحسین موسوی؛ انقلابیون ۵۷ در برابر شاهزاده رضا پهلوی,https://www.youtube.com/watch?v=OEkNSJ9Ffpc
منوتوهاب | اخبار دوشنبه ۳۰ تیر۱۴۰۴ | حمایت مسعود رجوی از میرحسین موسوی و حمله به شاهزاده,https://www.youtube.com/watch?v=sHg9D8NlhBw
منوتوهاب | اخبار دوشنبه ۳۰ تیر۱۴۰۴ | سفیر سابق جمهوری اسلامی: روسیه ما را به اسرائیل می‌فروشد,https://www.youtube.com/watch?v=I-UY4moVaTw
شاهزاده تمام تلاشش رو کرد که به منوتو کمک کنه,https://www.youtube.com/watch?v=vFsbF22FUGE
صبح بخیر منوتو | اخبار دوشنبه ۳۰ تیر۱۴۰۴ | انفجار مشکوک در رشت؛ «نشت گاز بود»,https://www.youtube.com/watch?v=oWx_w6PyJ3M
منوتوهاب | اخبار یکشنبه ۲۹ تیر۱۴۰۴ | نماینده خامنه‌ای در مسکو؛ آیا پوتین حکومت را نجات می‌دهد؟,https://www.youtube.com/watch?v=9VIvF5V1Yn0
منوتوهاب | اخبار یکشنبه ۲۹ تیر۱۴۰۴ | «مقامات ارشد حکومت در یک قدمی مرگ بودند»,https://www.youtube.com/watch?v=SqqSdvntkHU
manotoHUB | چقدر پایان منوتو جدی‌ست؟,https://www.youtube.com/watch?v=_QCnc6SF564
چقدر پایان منوتو جدی‌ست؟,https://www.youtube.com/watch?v=ZaY4x-OvAbI
صبح بخیر منوتو | اخبار یکشنبه ۲۹ تیر۱۴۰۴ | قتل شهروندان عادی به ظن جاسوسی برای اسرائیل,https://www.youtube.com/watch?v=j3CTKmUgYe8
منوتوهاب |  اخبار شنبه ۲۸ تیر ۱۴۰۴ | رفراندم «نخست وزیر امام»؛ عبور از نظام یا ابقای آن؟»,https://www.youtube.com/watch?v=cIQrgDxb_SQ
manotoHUB| ماموران امنیتی چهار شهروند را در خمین کشتند | اخبار شنبه ۲۸ تیر ۱۴۰۴ | ساعت ۱۷:۰۰,https://www.youtube.com/watch?v=xS9TeBChVpI
صبح بخیر منوتو | اخبار شنبه ۲۸ تیر۱۴۰۴ | آغاز شمارش معکوس؛ دیدار وزرای دفاع اسرائیل و آمریکا,https://www.youtube.com/watch?v=ywAswA168os
آیا جهان عرب از سرنگونی جمهوری اسلامی استقبال می‌کند؟,https://www.youtube.com/watch?v=rxVQY421fCw
manotoHUB | چرا جمهوری اسلامی همیشه جام زهر را دیر می‌نوشد؟ | اخبار پنجشنبه ۲۶ تیر ۱۴۰۴ | ساعت ۲۰:۳۰,https://www.youtube.com/watch?v=0M6rxc3orZI
قطعنامه ۵۹۸ | جمهوری اسلامی و سنتِ تسلیمِ دیر هنگام | جام زهر، رسم ماندگار,https://www.youtube.com/watch?v=Kxo3GuxV9yU
عجله نداشتن ترامپ  برای مذاکره و اخراج مهاجران افغان | اخبار پنجشنبه ۲۶ تیر ۱۴۰۴ | ساعت ۱۷:۰۰,https://www.youtube.com/watch?v=fmf_gWTjUnM
صبح بخیر منوتو | اخبار پنجشنبه ۲۶ تیر۱۴۰۴ | نتانیاهو: اسرائیل موجب آزادی مردم ایران خواهد شد,https://www.youtube.com/watch?v=qKMNrwLBpEI
مرگ ناگهانی فرمانده ارشد سپاه در روز سخنرانی خامنه‌ای | اخبار  چهارشنبه ۲۵ تیر ۱۴۰۴ | ساعت ۲۰:۳۰,https://www.youtube.com/watch?v=8acztzogXD8
manotoHUB | خامنه‌ای: می‌خواستند سلطنت‌طلبان را بیاورند | اخبار چهارشنبه ۲۵ تیر ۱۴۰۴ | ساعت ۱۷:۰۰,https://www.youtube.com/watch?v=tYBcAgdV-0A
صبح بخیر منوتو | اخبار چهارشنبه ۲۵ تیر۱۴۰۴ | مرگ «ناگهانی» فرمانده ارشد سپاه مسئول سرکوب‌ معترضان,https://www.youtube.com/watch?v=ITruMfgfrSY
آیا سرنوشت جمهوری اسلامی این تابستان معلوم می‌شود؟ | اخبار سه‌شنبه ۲۴ تیر ۱۴۰۴ | ساعت ۲۰:۳۰,https://www.youtube.com/watch?v=N0RkQiytXEA
نبرد دروزی‌ها برای بقا در سوریه,https://www.youtube.com/watch?v=5SOPXyNP_wA
The Snapback Mechanism | مکانیسم ماشه چیست؟,https://www.youtube.com/watch?v=G3ydyqWZlow
مردم چطور به خیابان‌ها می‌آیند؟,https://www.youtube.com/watch?v=pTPPHHS2y_w
اروپا به جمهوری اسلامی شش هفته وقت داد تا مذاکره کند | اخبار  سه‌شنبه ۲۴ تیر ۱۴۰۴ | ساعت ۱۷:۰۰,https://www.youtube.com/watch?v=x-EQ_GmZs24
صبح بخیر منوتو | اخبار سه‌شنبه ۲۴تیر۱۴۰۴ | آتش سوزی شبانه در مشهد؛ آتش سوزی های زنجیره ای ادامه دارد,https://www.youtube.com/watch?v=vpa734Houfs
manotoHUB |آیا مردم به خیابان می‌آیند؟ | اخبار دوشنبه ۲۳ تیر ۱۴۰۴ | ساعت ۲۰:۳۰,https://www.youtube.com/watch?v=dEEKEOVqp8k
شلیک به مغز اتاق جنگ: شب اول، روز آخر,https://www.youtube.com/watch?v=T_gr_OccaJ4
نبرد اسرائیل و جمهوری اسلامی؛ مردم چطور حکومت را سرنگون کنند؟,https://www.youtube.com/watch?v=Cl4Iw2qUst8
manotoHUB |انفجارهای مشکوک امروز؛ دوباره گاز نشت کرد! | اخبار دوشنبه ۲۳ تیر ۱۴۰۴ | ساعت ۱۷:۰۰,https://www.youtube.com/watch?v=OUs_g-qLOsQ
صبح بخیر منوتو | اخبار دوشنبه ۲۳تیر۱۴۰۴|مدال ترامپ بر گردن فغانی؛ جمهوری اسلامی باز از ترامپ گل خورد,https://www.youtube.com/watch?v=eVwfFhsPl80
manotoHUB | پوتین با اسرائیل است یا جمهوری اسلامی؟ | اخبار یکشنبه ۲۲ تیر ۱۴۰۴ | ساعت ۲۰:۳۰,https://www.youtube.com/watch?v=WCyDKoVUzWY
نتانیاهو: جمهوری اسلامی باید به زباله‌دان تاریخ سپرده شود| اخبار  یکشنبه ۲۲ تیر ۱۴۰۴ |ساعت ۱۷:۰۰,https://www.youtube.com/watch?v=Ny9so0OMl5Y
روسیه نمی‌خواهد یک رژیم غیرنرمالِ مجهز به سلاح هسته‌ای در همسایگی‌اش داشته باشد,https://www.youtube.com/watch?v=YaYTPZlMis4
آیا اسرائیل جمهوری اسلامی را سرنگون می‌کند؟,https://www.youtube.com/watch?v=OTWn97yLKzo
صبح بخیر منوتو | اخبار یکشنبه ۲۲ تیر۱۴۰۴ | جزییات تازه از حمله اسرائیل به جلسه شورای عالی امنیت ملی,https://www.youtube.com/watch?v=FP0YhXKreGM
manotoHUB | نتانیاهو: این هیولا را شکست خواهیم داد | اخبار شنبه ۲۱ تیر ۱۴۰۴ | ساعت ۲۰:۳۰,https://www.youtube.com/watch?v=2iEAtKTXbms
Henry's Salon S2 | Ep05,https://www.youtube.com/watch?v=hmh0zjdeqko
manotoHUB | جمهوری اسلامی: مکانیسم ماشه پایان رابطه با اروپاست | اخبار شنبه ۲۱ تیر ۱۴۰۴ | ساعت ۱۷:۰۰,https://www.youtube.com/watch?v=D8YlAQD66zE
صبح بخیر منوتو | اخبار شنبه ۲۱ تیر۱۴۰۴ | نتانیاهو: تغییر رژیم در ایران ممکن شده,https://www.youtube.com/watch?v=hXg6aWlpPfI
آیا غرب می‌خواهد ایران را تجزیه کند؟,https://www.youtube.com/watch?v=01b1UCQboj4
کارزار همکاری ملی شاهزاده رضا پهلوی؛ پاسخ به حاشیه‌سازی‌ها,https://www.youtube.com/watch?v=CjYT0mOE0-M
صبح بخیر منوتو | اخبار جمعه ۲۰ تیر۱۴۰۴ | مقام حکومتی: جاسوس اسرائیل با ۱۲۰ مقام حکومت همخوابگی داشت,https://www.youtube.com/watch?v=unaKa-aZ66E
manotoHUB | انفجار در واحد مسکونی سازمان قضایی نیروهای مسلح| اخبار پنجشنبه ۱۹ تیر ۱۴۰۴ | ساعت ۲۰:۳۰,https://www.youtube.com/watch?v=ijy_y2Xj438
انفجار در چیتگر و اختلال سامانه موقعیت‌یابی جی‌پی‌اس | اخبار  پنجشنبه ۱۹ تیر ۱۴۰۴ | ساعت ۱۷:۰۰,https://www.youtube.com/watch?v=Ui3K1c7Xfag
صبح بخیر منوتو | اخبار پنجشنبه ۱۹تی۱۴۰۴ | نماینده مجلس: ما باید همیشه در آستانه تولید بمب اتمی باشیم,https://www.youtube.com/watch?v=DpBFjj4RAuA
سالگرد قیام شاهرخی | قیامی که می‌توانست سرنوشت ایران را تغییر دهد,https://www.youtube.com/watch?v=f_b8pUPZ1jk
manotoHUB | تحریم‌های بیشتر در راهند | اخبار چهارشنبه ۱۸ تیر ۱۴۰۴ | ساعت ۲۰:۳۰,https://www.youtube.com/watch?v=P2t-b_tfkFw
اقتصاد ایران مانند اقتصاد «کشور اشغال شده» است,https://www.youtube.com/watch?v=uNGj-oaS0Rw
manotoHUB | نتانیاهو:‌ آینده ایران در دست مردم ایران است | اخبار چهارشنبه ۱۸ تیر ۱۴۰۴ | ساعت ۱۷:۰۰,https://www.youtube.com/watch?v=e6J_TdrN8f8
صبح بخیر منوتو | اخبار چهارشنبه ۱۸ تیر۱۴۰۴ | احتمال جنگ دوباره؛‌ «دست ما روی ماشه است»,https://www.youtube.com/watch?v=_bU8rQciQYo
manotoHUB | عراقچی: مذاکره می‌کنیم | اخبار سه شنبه ۱۷ تیر ۱۴۰۴ | ساعت ۲۰:۳۰,https://www.youtube.com/watch?v=VHM95JiwVUI
مجتبی واحدی | نام این مذاکره نیست، تسلیم شدن است,https://www.youtube.com/watch?v=ykTq4ZJCkzI
manotoHUB | نتانیاهو:‌ آینده ایران در دست مردم ایران است | اخبار سه شنبه ۱۷ تیر ۱۴۰۴ | ساعت ۱۷:۰۰,https://www.youtube.com/watch?v=QDOh7wKWpCc
صبح بخیر منوتو | اخبار سه‌شنبه ۱۷ تیر۱۴۰۴ | آینده جمهوری اسلامی محور گفتگوهای ترامپ و نتانیاهو,https://www.youtube.com/watch?v=GgwyD_SutcA
manotoHUB | آیا جمهوری اسلامی در «خاورمیانه جدید» جایی دارد؟ | اخبار دوشنبه ۱۶ تیر ۱۴۰۴ | ساعت ۲۰:۳۰,https://www.youtube.com/watch?v=BWYZQZFd_4s
جنگی که ایران را تکاند | هزینه‌های ۱۲ روز جنگ,https://www.youtube.com/watch?v=fhiu58pFKlg
manotoHUB | ایران و دیدار ترامپ و نتانیاهو | اخبار دوشنبه ۱۶ تیر ۱۴۰۴ | ساعت ۱۷:۰۰,https://www.youtube.com/watch?v=MsCFuSSVCsc
صبح بخیر منوتو | اخبار دوشنبه ۱۶ تیر۱۴۰۴ | ترامپ: جمهوری اسلامی باید تسلیم بشود,https://www.youtube.com/watch?v=gs4a3obB-nw
manotoHUB | توسل خامنه‌ای به ملی‌گرایی | اخبار یکشنبه ۱۵ تیر ۱۴۰۴ | ساعت ۲۰:۳۰,https://www.youtube.com/watch?v=8sYRQ1eMAYg
حمله اسرائیل به جمهوری اسلامی به نفع اپوزیسیون بود؟,https://www.youtube.com/watch?v=Aps06l7fb1o
ای ایران، از گلوی بدگهران,https://www.youtube.com/watch?v=bdH-fSpdRz8
manotoHUB | آیا خامنه‌ای دوباره به مخفیگاه باز می‌گردد؟ | اخبار یکشنبه ۱۵ تیر ۱۴۰۴ | ساعت ۱۷:۰۰,https://www.youtube.com/watch?v=4PVga7MEaso
آینده حزب‌الله لبنان در سایه شکست خامنه‌ای,https://www.youtube.com/watch?v=tKtMQCIbSmc
صبح بخیر منوتو | اخبار یکشنبه ۱۵ تیر۱۴۰۴ | ظهور دوباره خامنه‌ای به چه معناست؟,https://www.youtube.com/watch?v=OsJx33oueoY
manotoHUB | ظهور خامنه‌ای پس از ۲۲ روز در مخفیگاه | اخبار شنبه ۱۴ تیر ۱۴۰۴ | ساعت ۲۰:۳۰,https://www.youtube.com/watch?v=7zTn9rjqXz0
تجریش؛ یک ویدیو، یک حمله، یک حقیقت,https://www.youtube.com/watch?v=M-ucT1T-mXs
manotoHUB | جمهوری اسلامی: مذاکره نمی‌کنیم | اخبار شنبه ۱۴ تیر ۱۴۰۴ | ساعت ۱۷:۰۰,https://www.youtube.com/watch?v=T5lQMAU4ek8
دکتر نهضت فرنودی: وطن یعنی ...,https://www.youtube.com/watch?v=AKIEm19YmXI
صبح بخیر منوتو | اخبار شنبه ۱۴ تیر۱۴۰۴ | تهدید مجدد جمهوری اسلامی به قتل ترامپ و نتانیاهو,https://www.youtube.com/watch?v=1egVSTsRD7o
صبح بخیر منوتو | اخبار جمعه ۱۳ تیر۱۴۰۴ | بمب اتمی در مشت ماست,https://www.youtube.com/watch?v=iskd9r5FTMY
manotoHUB | خامنه‌ای کجاست؟ | اخبار پنجشنبه ۱۲ تیر ۱۴۰۴ | ساعت ۲۰:۳۰,https://www.youtube.com/watch?v=EGXIC22CQzE
بازی مرکب در سپاه | نبرد باندهای مافیایی: باند خوزستان؟ باند اصفهان؟ یا باند مشهد؟,https://www.youtube.com/watch?v=or4C8TQoohc
شاهنامه | شناسنامه فرهنگی ما | دکتر مازیار قوی‌دل,https://www.youtube.com/watch?v=B320ZelxZew
manotoHUB | مذاکرات احتمالی جمهوری اسلامی و آمریکا | اخبار پنجشنبه ۱۲ تیر ۱۴۰۴ | ساعت ۱۷:۰۰,https://www.youtube.com/watch?v=wSpVGfWB7IQ
اهمیت و نتیجه دیدار شاهزاده رضا پهلوی با رهبران سیاسی بریتانیا,https://www.youtube.com/watch?v=6vGP1n6CQiY
صبح بخیر منوتو | اخبار پنجشنبه ۱۲ تیر۱۴۰۴ | غیبت خامنه‌ای در روضه‌خوانی‌های محرم,https://www.youtube.com/watch?v=CfBUXpHyzAw
خامنه‌ای چطور تصمیم می‌گیرد؟ این تصمیم‌ها جمهوری اسلامی را به کجا می‌برد؟,https://www.youtube.com/watch?v=ZriRCVj4LXM
manotoHUB | تعلیق همکاری جمهوری اسلامی با آژانس اتمی | اخبار چهارشنبه ۱۱ تیر ۱۴۰۴ | ساعت ۲۰:۳۰,https://www.youtube.com/watch?v=two2jzMhDYw
انرژی هسته‌ای؛ از رویای توسعه تا آوار بمباران,https://www.youtube.com/watch?v=epzOyJAoH5M
manotoHUB | تعلیق همکاری جمهوری اسلامی با آژانس اتمی | اخبار چهارشنبه ۱۱ تیر ۱۴۰۴ | ساعت ۱۷:۰۰,https://www.youtube.com/watch?v=enuXIfLnsPA
صبح بخیر منوتو | اخبار چهارشنبه ۱۱ تیر۱۴۰۴ | مین‌گذاری تنگه هرمز توسط سپاه و غنی‌سازی نود درصد,https://www.youtube.com/watch?v=dohdYAKPfLM
manotoHUB | جشن پیروزی آمریکا و اسرائیل | اخبار سه‌شنبه ۱۰ تیر ۱۴۰۴ | ساعت ۲۰:۳۰,https://www.youtube.com/watch?v=0EU-0v5RSUU
چه بلایی بر سر نیروی هوایی ایران آوردند؟,https://www.youtube.com/watch?v=-yVGiXMFx68
manotoHUB | دیدار نتانیاهو و ترامپ | اخبار سه‌شنبه ۱۰ تیر ۱۴۰۴ | ساعت ۱۷:۰۰,https://www.youtube.com/watch?v=AAQDTz_LreY
صبح بخیر منوتو | اخبار سه شنبه ۱۰ تیر۱۴۰۴ | جمهوری اسلامی ‌میگوید مذاکره نمی‌کند,https://www.youtube.com/watch?v=QQs6N8B0Rs4
manotoHUB | جنگ دوباره آغاز می‌شود؟ | اخبار دوشنبه ۹ تیر ۱۴۰۴ | ساعت ۲۰:۳۰,https://www.youtube.com/watch?v=2weZ1KoBpOI
manotoHUB | جنگ دوباره آغاز می‌شود؟ | اخبار دوشنبه ۹ تیر ۱۴۰۴ | ساعت ۱۷:۰۰,https://www.youtube.com/watch?v=K9xwTHrgBWU
صبح بخیر منوتو | اخبار دوشنبه ۹ تیر۱۴۰۴ | تا کمتر از یک هفته دیگر جنگ دوباره آغاز می‌شود,https://www.youtube.com/watch?v=iAXjba896kg
manotoHUB | ملی‌گرایی و سوءاستفاده حکومت از نمادهای ملی | اخبار یکشنبه ۸ تیر ۱۴۰۴ | ساعت ۲۰:۳۰,https://www.youtube.com/watch?v=JKDd0_QXmFU
شبکه پدافند یکپارچه ایران چگونه در کمتر از ۴۸ ساعت نابود شد,https://www.youtube.com/watch?v=EMnszcSvcpA
manotoHUB | آیا حکومت برای یک جنگ جدید آماده می‌شود؟ | اخبار  یکشنبه ۸ تیر ۱۴۰۴ | ساعت ۱۷:۰۰,https://www.youtube.com/watch?v=xI4jZddXWIo
امیدوارم خامنه‌ای را زنده دستگیر و محاکمه کنند | گفتگوی ویژه با مهدی نصیری,https://www.youtube.com/watch?v=NEnQt0xAesw
به ابزار پروپاگاندای جمهوری اسلامی تبدیل نشویم,https://www.youtube.com/watch?v=AOl0JKtyVZ4
صبح بخیر منوتو | اخبار یکشنبه ۸ تیر۱۴۰۴ | آغاز احتمالی جنگ؛ تهدید به قتل ترامپ و نتانیاهو توسط حکومت,https://www.youtube.com/watch?v=urKxwXSM4Jo
manotoHUB | جمهوری اسلامی: آتش‌بس موقتی‌ست  | اخبار شنبه ۷ تیر ۱۴۰۴ | ساعت ۲۰:۳۰,https://www.youtube.com/watch?v=IIq4ocSXE08
جاسوس کیست؟ شمخانی، قاآنی، سعید محمد یا....؟,https://www.youtube.com/watch?v=aWyivAh0AS0
مخالف جنگم اما رژیم با جنگ تضعیف شده که به نفع ماست,https://www.youtube.com/watch?v=WCC4lT88g1U
manotoHUB | هشدار موساد به ایرانی‌ها، آیا آتش‌بس، پایدار است؟ | اخبار شنبه ۷ تیر ۱۴۰۴ | ساعت ۱۷:۰۰,https://www.youtube.com/watch?v=_nNBWUazCXQ
صبح بخیر منوتو | اخبار شنبه ۷تیر۱۴۰۴ | ترامپ ادای خامنه‌ای را در آورد؛ «تحریم‌ها لغو نمی‌شوند»,https://www.youtube.com/watch?v=4XfHyc8OMN8
خامنه‌ای توسط نزدیکانش کشته خواهد شد | گفتگوی ویژه با مجتبی واحدی درباره آتش‌بس,https://www.youtube.com/watch?v=KPtmtpR6QEg
صبح بخیر منوتو | اخبار جمعه ۶ تیر۱۴۰۴ | آیا تهران و واشنگتن هفته آینده مذاکره می‌کنند؟,https://www.youtube.com/watch?v=bP-Olk4dE7M
گفتگوی ویژه | سناریوهای پیشِ‌ رو پس از آتش‌بس چیست؟,https://www.youtube.com/watch?v=MZY_7CmVx6s
تحلیل اظهارات علی خامنه‌ای در گفتگو با مجتبی واحدی  | اخبار پنجشنبه ۵ تیر ۱۴۰۴ |ساعت ۲۰:۳۰,https://www.youtube.com/watch?v=erfynIxouyw
از قاهره تا تهران؛ تکرار تاریخ، بدون گرفتن درس,https://www.youtube.com/watch?v=UJFOB-8-bd8
۴ نکته مهم وتحلیل اظهارات علی خامنه‌ای در گفتگو با مجتبی واحدی,https://www.youtube.com/watch?v=CdxNeiWdXzM
manotoHUB | ترامپ: توافق هسته‌ای با تهران دیگر ضرورتی ندارد | اخبار پنجشنبه ۵ تیر ۱۴۰۴ | ساعت ۱۷:۰۰,https://www.youtube.com/watch?v=zpwlS_hGQ1w
صبح بخیر منوتو | اخبار پنجشنبه ۵ تیر ۱۴۰۴ | ترامپ می‌گوید ماموران موساد وارد تاسیسات فردو شدند,https://www.youtube.com/watch?v=EZCGEnomWXM
manotoHUB | یک روز پس از آتش‌بس | اخبار چهارشنبه ۴ تیر ۱۴۰۴ | ساعت ۲۱:۰۰,https://www.youtube.com/watch?v=ojZRjChB3C4
حمله آمریکا به تأسیسات هسته‌ای ایران | آینده تنش‌ها به کجا می‌رود؟,https://www.youtube.com/watch?v=28zRmeqZ5Xw
manotoHUB | یک روز پس از آتش‌بس | اخبار چهارشنبه ۴ تیر ۱۴۰۴ | ساعت ۱۷:۰۰,https://www.youtube.com/watch?v=6cxknV27EHM
صبح بخیر منوتو | اخبار چهارشنبه ۴ تیر ۱۴۰۴ | آیا برنامه هسته‌ای حکومت نابود شده؟,https://www.youtube.com/watch?v=LE6NHbX2q_I
manotoHUB | اخبار سه‌شنبه ۳ تیر ۱۴۰۴ | ساعت ۲۰:۳۰ | پوشش زنده حمله اسراییل به ایران,https://www.youtube.com/watch?v=JUegYMHpBLs
جنگ دوازده روزه؛ آیا جمهوری اسلامی تسلیم شد؟,https://www.youtube.com/watch?v=rJENqiJ9fQw
manotoHUB | حملات بیشتر اسرائیل و موضع تازه ترامپ | اخبار سه‌شنبه ۳ تیر ۱۴۰۴ | ساعت ۱۸:۰۰,https://www.youtube.com/watch?v=RKbTWIlZPww
manotoHUB | آیا آتش‌بس نقض شده؟ | اخبار سه‌شنبه ۳ تیر ۱۴۰۴ | ساعت ۱۳:۴۵,https://www.youtube.com/watch?v=jO4jdQk8CTU
صبح بخیر منوتو | اخبار سه‌شنبه ۳ تیر ۱۴۰۴ | آتش‌بس؛ حملات تا لحظات آخر ادامه داشت,https://www.youtube.com/watch?v=xaICm-rTwVE
manotoHUB | گفتگو با مهدی نصیری | در ذهن خامنه‌ای چه می‌گذرد؟ | اخبار,https://www.youtube.com/watch?v=WeTy455qTXA
Shahzadeh Reza Pahlavi Press Conference | نشست خبری شاهزاده رضا پهلوی,https://www.youtube.com/watch?v=zfFr-aJY2-U
The Strait of Hormuz | تنگه هرمز در آستانه بحران؛ آیا مسیر حیاتی انرژی جهان بسته خواهد شد؟,https://www.youtube.com/watch?v=aAGaz1mhfiY
manotoHUB | روانکاوی جنگ | پرسش و پاسخ با دکتر نهضت فرنودی  | اخبار دوشنبه ۲ تیر ۱۴۰۴ | ساعت ۱۷:۳۰,https://www.youtube.com/watch?v=o6ytKfglALQ
جنگ اسرائیل با جمهوری اسلامی | گفتگوی ویژه با امیر طاهری,https://www.youtube.com/watch?v=PWLkbs6zAjw
manotoHUB | پخش زنده نشست خبری شاهزاده رضا پهلوی | اخبار دوشنبه ۲ تیر ۱۴۰۴ | ساعت ۱۳:۳۰,https://www.youtube.com/watch?v=QQH94bMLpgo
صبح بخیر منوتو |اخبار دوشنبه ۲ تیر ۱۴۰۴ | حمایت ترامپ از تغییر رژیم در ایران,https://www.youtube.com/watch?v=OdxImshYFgg
manotoHUB | آخرین خبرها از حمله آمریکا به فردو، نطنز و اصفهان | اخبار یکشنبه ۱ تیر ۱۴۰۴ | ساعت ۲۱:۰۰,https://www.youtube.com/watch?v=oRWaCii2d5Q
manotoHUB | آخرین خبرها از حمله آمریکا به فردو، نطنز و اصفهان | اخبار یکشنبه ۱ تیر ۱۴۰۴ | ساعت ۱۸:۰۰,https://www.youtube.com/watch?v=ynVXWwLUk2U
manotoHUB | حمله شبانه آمریکا به تاسیسات فردو، نطنز و اصفهان | اخبار یکشنبه ۱ تیر ۱۴۰۴ | ساعت ۱۴:۰۰,https://www.youtube.com/watch?v=2-zQXLL39ao
manotoHUB | حمله شبانه آمریکا به تاسیسات فردو، نطنز و اصفهان | اخبار یکشنبه ۱ تیر ۱۴۰۴ | ساعت ۱۰:۳۰,https://www.youtube.com/watch?v=5EdarJINFQc
صبح بخیر منوتو | اخبار یکشنبه ۱ تیر ۱۴۰۴ | حمله شبانه آمریکا به تاسیسات فردو، نطنز و اصفهان,https://www.youtube.com/watch?v=8FfIL8kPwTg
manotoHUB | خبر فوری: موج تازه حملات شبانه به تهران | اخبار شنبه ۳۱ خرداد ۱۴۰۴ | ساعت ۲۱:۰۰,https://www.youtube.com/watch?v=wYpsTetsBdk
گفت‌وگوی ویژه شاهزاده رضا پهلوی  با تلویزیون منوتو,https://www.youtube.com/watch?v=KHRE62np_Ro
آیا انفجار فردو، خطرناک است؟,https://www.youtube.com/watch?v=F_Mb9kDpeLA
رسانه‌های جمهوری اسلامی و فاز سنگین پروپاگاندای جنگی,https://www.youtube.com/watch?v=vjTDYWKp2jc
manotoHUB | آخرین خبرها از حملات اسرائیل | اخبار شنبه ۳۱ خرداد ۱۴۰۴ | ساعت ۱۸:۳۰,https://www.youtube.com/watch?v=uGIkV18DrRw
manotoHUB | آخرین خبرها از حملات اسرائیل اخبار ایران | اخبار شنبه ۳۱ خرداد ۱۴۰۴ | ساعت ۱۳:۳۰,https://www.youtube.com/watch?v=dxGHndxI8q8
صبح بخیر منوتو | اخبار شنبه ۳۱ خرداد ۱۴۰۴ | حملات گسترده به مناطق مرکزی و غربی ایران,https://www.youtube.com/watch?v=vQfzx13ObMY
manotoHUB | آخرین خبرها از حملات اسرائیل | اخبار جمعه ۳۰ خرداد ۱۴۰۴ | ساعت ۲۲:۰۰,https://www.youtube.com/watch?v=IHy7zkKghPg
manotoHUB | آخرین خبرها از حملات اسرائیل | اخبار جمعه ۳۰ خرداد ۱۴۰۴ | ساعت ۱۸:۳۰,https://www.youtube.com/watch?v=04Ai6wR45os
manotoHUB | آخرین خبرها از حملات اسرائیل | اخبار جمعه ۳۰ خرداد ۱۴۰۴ | ساعت ۱۳:۳۰,https://www.youtube.com/watch?v=MkK0sFlMUPE
صبح بخیر منوتو | اخبار جمعه ۳۰ خرداد ۱۴۰۴ | حمله شبانه به ده‌ها هدف نظامی در ایران,https://www.youtube.com/watch?v=areWA2Zb0CQ
manotoHUB | گفتگوی اختصاصی با شاهزاده رضا پهلوی | ساعت ۲۰:۳۰,https://www.youtube.com/watch?v=v3PQuYbMN6Y
manotoHUB | آخرین خبرها از حملات اسرائیل | اخبار پنج‌شنبه ۲۹ خرداد ۱۴۰۴ | ساعت ۱۸:۱۵,https://www.youtube.com/watch?v=es2OARRF3Tk
manotoHUB | آخرین خبرها از حملات اسرائیل | اخبار پنج‌شنبه ۲۹ خرداد ۱۴۰۴ | ساعت ۱۳:۳۰,https://www.youtube.com/watch?v=MCdEFj3h90s
صبح بخیر منوتو | اخبار پنج‌شنبه ۲۹ خرداد ۱۴۰۴ | ترامپ: امکان سقوط رژیم وجود دارد,https://www.youtube.com/watch?v=a1muMUmt6yk
manotoHUB | آخرین خبرها از حملات اسرائیل | اخبار چهارشنبه ۲۸ خرداد ۱۴۰۴ | ساعت ۲۱:۱۰,https://www.youtube.com/watch?v=IMijp6BhRJg
manotoHUB | آخرین خبرها از حملات اسرائیل | اخبار چهارشنبه ۲۸ خرداد ۱۴۰۴ | ساعت ۱۷:۳۰,https://www.youtube.com/watch?v=TyK0y4ZZsDc
manotoHUB | آخرین خبرها از حملات اسرائیل | اخبار چهارشنبه ۲۸ خرداد ۱۴۰۴ | ساعت ۱۳:۰۰,https://www.youtube.com/watch?v=E4eQM84u3pk
صبح بخیر منوتو | اخبار چهارشنبه ۲۸ خرداد ۱۴۰۴ | انفجار قارچی شکل در شرق تهران,https://www.youtube.com/watch?v=m8fkhUjXYz8
manotoHUB | آخرین خبرها از حملات اسرائیل | اخبار سه‌شنبه ۲۷ خرداد ۱۴۰۴ | ساعت ۱۸:۰۰,https://www.youtube.com/watch?v=t6fYNd3ZPHQ
پیام شاهزاده رضا پهلوی به ملت ایران,https://www.youtube.com/watch?v=iFUsALxeiQ8
manotoHUB | آخرین خبرها از حملات اسرائیل | اخبار  سه‌شنبه ۲۷ خرداد ۱۴۰۴ | ساعت ۱۲:۳۰,https://www.youtube.com/watch?v=rVhRLoi5y7A
صبح بخیر منوتو | اخبار سه شنبه ۲۷ خرداد ۱۴۰۴ | ترامپ: همه باید فورا تهران را تخلیه کنند,https://www.youtube.com/watch?v=VP9e19cnUiI
manotoHUB |  خبر فوری | نتانیاهو: تهران را خالی کنید | اخبار ایران ساعت ۱۷:۰۰,https://www.youtube.com/watch?v=1TInwxC1ufM
manotoHUB | آخرین خبرها از حملات اسرائیل | اخبار ایران ساعت ۱۲:۳۰,https://www.youtube.com/watch?v=ZEBPuXi0p9k
صبح بخیر منوتو | اخباردوشنبه ۲۶خرداد۱۴۰۴ | هشدار فوری اسرائیل به ایرانی‌‌ها: از مراکز نظامی دور شوید,https://www.youtube.com/watch?v=Iy6mV6bVyjs
manotoHUB | آخرین خبرها از حملات اسرائیل |  اخبار ساعت ۲۱:۰۰,https://www.youtube.com/watch?v=u0hesqlMXFo
manotoHUB | آخرین خبرها از حملات اسرائیل |  اخبار ساعت ۱۷:۰۰,https://www.youtube.com/watch?v=5ZWJU0wlbhw
manotoHUB | آخرین خبرها از حملات اسرائیل | اخبار ساعت ۱۰:۳۰ صبح,https://www.youtube.com/watch?v=lpp5jUQaWcI
صبح بخیر منوتو |  اخبار یکشنبه ۲۵ خرداد ۱۴۰۴ | آخرین‌ها از  حمله اسرائیل به ایران,https://www.youtube.com/watch?v=MrnfFxoENgI
manotoHUB | اخبار ایران | خبر فوری | حملات شبانه اسرائیل، احتمال کشته شدن وزیر دفاع جمهوری اسلامی,https://www.youtube.com/watch?v=oBblyovrwDo
manotoHUB | اخبار ایران |  نتانیاهو: مقام‌های ایرانی در حال بستن چمدان هستند,https://www.youtube.com/watch?v=xcSI35uRxvI
manotoHUB | اخبار ایران | خبر فوری: ادامه حملات اسرائیل در سراسر ایران,https://www.youtube.com/watch?v=gcT1RAxocz8
ManotoLive |  اخبار ایران | خبر فوری:  حملات اسرائیل در سراسر ایران,https://www.youtube.com/watch?v=MCpwgxxA6pM
صبح بخیر منوتو | اخبار شنبه ۲۴ خرداد ۱۴۰۴ | آخرین‌ها از حملات شبانه اسرائیل,https://www.youtube.com/watch?v=yybuxN5lBkw
ManotoLive | اخبار ایران | خبر فوری: موج تازه ای از حملات اسرائیل در سراسر ایران,https://www.youtube.com/watch?v=YeHj1hKdeQk
ManotoLive |  اخبار ایران|  پوشش زنده ی حمله اسراییل به ایران,https://www.youtube.com/watch?v=299fz1-3OaM
ManotoLive |   اخبار ایران | پوشش زنده ی حمله اسراییل به ایران,https://www.youtube.com/watch?v=5g4ZMCaXkRc
Manoto Breaking News | اخبار ایران | حمله اسرائیل به ایران,https://www.youtube.com/watch?v=nhWP48mKfuY
Voices Of Iran | چشم انداز شما از فعال شدن مکانیزم ماشه چیست؟,https://www.youtube.com/watch?v=ysgaf2jT90g
manotoHUB | حرف جنجالی بر علیه نسل جدید در صدا و سیما، اسپرم ناقل بیماری ژنتیکی و سگ خانه نشین,https://www.youtube.com/watch?v=eeX-gLAPZtM
manotoHUB | ماشه چکانده شود، چه می‌شود؟  | اخبار پنجشنبه ۲۲ خرداد ۱۴۰۴,https://www.youtube.com/watch?v=Miwp37Tsuxw
Manoto News Desk | ماشه چکانده شود، چه می‌شود؟,https://www.youtube.com/watch?v=JemrT6wUz34
Manoto Archive | گفتگو با تیمسار شهرستانی رییس راهنمایی و رانندگی تهران,https://www.youtube.com/watch?v=KZj-6ublPfg
"Shabe Jomeh, S2, Ep10 | Badri & Reza | شب جمعه، سری دوم، قسمت ۱۰ | بدری و رضا",https://www.youtube.com/watch?v=Vj1pJkDpJAM
صبح بخیر منوتو | اخبار ۲ خرداد۱۴۰۴|آمریکا و بریتانیا در حالت آماده‌باش در خاورمیانه؛ جنگ در راه است؟,https://www.youtube.com/watch?v=HrYBt1uiy2M
manotoHUB | Namito |  دی‌جی نامیتو,https://www.youtube.com/watch?v=rg6xc0Mu9IQ
Voices Of Iran | مجاهد کورکور، بررسی یک هفته پر بحران,https://www.youtube.com/watch?v=pI5on1AZKC0
manotoHUB | تجربه بازیگر ایرانی از خشونت خیابانی، هفته فرهنگی روسیه در ایران,https://www.youtube.com/watch?v=AtSwhGPPkPI
Manoto News Desk | ترامپ از توافق با تهران ناامید شده,https://www.youtube.com/watch?v=OG2BH1LVEGg
ناامیدی ترامپ از توافق، دی‌جی‌نامیتو و بررسی هفته پر بحران | اخبار چهارشنبه۲۱خرداد ۱۴۰۴ |  manotoHUB,https://www.youtube.com/watch?v=JG0goVcOceA
از اعدام مجاهد کور کور تا دیدار طویله مجلس با طویله رهبری!,https://www.youtube.com/watch?v=qfRMAd5MnO4
"Shabe Jomeh, S2, Ep9 | Eddie Attar & Morvarid | شب جمعه، سری دوم، قسمت ۹ | ادی عطار و مروارید",https://www.youtube.com/watch?v=RptCpiBKr3s
صبح بخیر منوتو | اخبارچهارشنبه ۲۱ خرداد ۱۴۰۴ | اعدام مجاهد کورکور، صدور قطعنامه علیه برنامه هسته‌ای,https://www.youtube.com/watch?v=rzN8bfZZsos
Voices Of Iran | اسلام برای مردم، لذت برای خواص,https://www.youtube.com/watch?v=V5JwM-kcAyY
Manoto Archive | شوی تلویزیونی پرویز قریب‌افشار و گروه ناصر چشم‌آذر,https://www.youtube.com/watch?v=FyepYIpuihE
manotoHUB |سرقت اسناد هسته‌ای، صنایع دستی فراموش شده، سرو مشروب در ایران | اخبار سه شنبه۲ خرداد ۱۴۰۴,https://www.youtube.com/watch?v=57M1tSFEx_U
Manoto News Desk | سرقت اسناد هسته‌ای از اسرائیل یا آژانس!؟,https://www.youtube.com/watch?v=tQtXW7Ug3UY
حاشیه های مذاکرات و دزدی های انگل زاده ها!,https://www.youtube.com/watch?v=YNGpwe86Wgk
Steel of a Nation: The AriaMehr Steelworks Story | فولاد یک ملت؛ روایت ذوب‌آهن آریامهر,https://www.youtube.com/watch?v=cirKfJ7B2vU
"Shabe Jomeh, S2, Ep8 | Rana Mansour & Nikita | شب جمعه، سری دوم، قسمت ۸ | رعنا منصور و نیکیتا",https://www.youtube.com/watch?v=miVZlygjWj8
صبح بخیر منوتو | اخبار سه شنبه ۲۰ خرداد ۱۴۰۴ | تهدید جمهوری اسلامی به تولید بمب,https://www.youtube.com/watch?v=d4jA_kWAQlA
Voices Of Iran | زندگی روزمره و چالش شما با آن,https://www.youtube.com/watch?v=3lvDE7Y2cO8
manotoHUB | افسردگی تحصیلی دانش‌ آموزان در ایران,https://www.youtube.com/watch?v=RsWnP26aIEM
manotoHUB |دنبال رد پای سلاح هسته‌ای و افسردگی تحصیلی در ایران |‌ اخبار دوشنبه ۹ خرداد ۱۴۰۴,https://www.youtube.com/watch?v=SQvsEtmy5gQ
Manoto News Desk | آژانس به دنبال شواهد تولید سلاح هسته‌ای توسط جمهوری اسلامی,https://www.youtube.com/watch?v=JbjHbpnUP3I
نامه ترامپ ریشه خامنه ای رو انگار زده!,https://www.youtube.com/watch?v=g-JPMXEaeCM
"Shabe Jomeh, S2, Ep7 | Ferial & Amir  | شب جمعه، سری دوم، قسمت ۷ | فریال و امیر",https://www.youtube.com/watch?v=cACjg2veKCQ
صبح بخیر منوتو | اخبار دوشنبه ۱۹ خرداد ۱۴۰۴ | روزی حساس برای پرونده هسته‌ای جمهوری اسلامی,https://www.youtube.com/watch?v=P4qRcB6yEJY
Voices Of Iran |  تاکسی‌های اینترنتی,https://www.youtube.com/watch?v=9EVNSilW6B8
manotoHUB | زن‌کشی در ایران؛ گفتگو با زنانی که جان سالم به در بردند,https://www.youtube.com/watch?v=iux4g0J2pbY
manotoHUB | زن‌کشی در ایران و تاکسی‌های اینترنتی | اخبار یکشنبه ۱۸ خرداد ۱۴۰۴,https://www.youtube.com/watch?v=dztO2NKQDKE
Manoto News Desk | ادعای هالیوودی وزیر اطلاعات,https://www.youtube.com/watch?v=5I9WgoY7wTo
حجت الاسلام سبزی به دنبال حل مشکل سیب زمینی!,https://www.youtube.com/watch?v=dyvpfPvMJxo
"Shabe Jomeh, S2, Ep6 | Esi & Farzi Loko | شب جمعه، سری دوم، قسمت ۶ | اسی و فرزی لوکو",https://www.youtube.com/watch?v=BngZGP6Ykio
صبح بخیر منوتو | اخبار یکشنبه ۱۸ خرداد ۱۴۰۴ | پرونده هسته‌ای روی میز شورای حکام,https://www.youtube.com/watch?v=5M8Pl4aw6dM
Voices Of Iran | تجربه شما از تاکسی‌های اینترنتی,https://www.youtube.com/watch?v=70naItNfC3Q
manotoHUB | جدال بین ایلان و ترامپ، سگ خانه نشین، ماریا طراح لباس و کنسل کالچر,https://www.youtube.com/watch?v=A_UP8fGZ_Ss
قتل الهه حسین‌نژاد، کنسل کالچر و تجربه شما از تاکسی‌های اینترنتی | اخبار شنبه ۱۷ خرداد ۱۴۰۴,https://www.youtube.com/watch?v=aJFrLZQpuAw
Manoto News Desk | تناقض‌گویی در قتل الهه حسین‌نژاد,https://www.youtube.com/watch?v=j4GQHrftF2M
باگ های قتل الهه حسین نژاد!,https://www.youtube.com/watch?v=_pcAgG_pmUw
صبح بخیر منوتو | اخبار شنبه ۱۷ خرداد ۱۴۰۴ | واکنش ترامپ به اظهارات خامنه‌ای,https://www.youtube.com/watch?v=7xZfHrm56HQ
دعوای ترامپ و ماسک؛ امروز چه می‌شود؟,https://www.youtube.com/watch?v=4ooPGQbBYzI
manotoHUB | مروری بر رویداد ۱۵ خرداد و واکاوی هماهنگی اعتصابات در شورش ۵۷,https://www.youtube.com/watch?v=vU8pJ9aE-Eo
پوتین از مذاکرات چه می‌خواهد؟، واکاوی هماهنگی اعتصابات در شورش ۵۷ | اخبار پنجشنبه ۱۵ خرداد ۱۴۰۴,https://www.youtube.com/watch?v=n8LKqQE3ecI
manotoHUB | احتمال بارداری نوجوانان، پدر و مادرها چه کنند؟,https://www.youtube.com/watch?v=znDTMjPAhiE
Manoto News Desk | پوتین می‌خواهد وارد مذاکرات آمریکا و حکومت شود؛ اینبار چه می‌خواهد؟,https://www.youtube.com/watch?v=4n9yWfZ0QIg
"Shabe Jomeh, S2, Ep3 | Sandy & Hamid | شب جمعه، سری دوم، قسمت ۳ | سندی و حمید",https://www.youtube.com/watch?v=EoVJ6unYXWY
manotoHUb | داستان هدایت‌الله دیده‌بان، محیط‌‌‌‌‌‌‌بان کشته شده,https://www.youtube.com/watch?v=xu3thbF9mxI
Voices Of Iran | میراث خمینی,https://www.youtube.com/watch?v=1uwEGYk_FD4
|نگرانی خامنه‌ای از بازگشت پادشاهی در ایران؟، میراث خمینی | اخبار چهارشنبه ۱۴ خرداد ۱۴۰۴,https://www.youtube.com/watch?v=5h3zr0OQSek
Manoto News Desk | نگرانی خامنه‌ای از بازگشت پادشاهی در ایران؟,https://www.youtube.com/watch?v=F4e9-qqkEqU
روابط مشکوک عمام با باجناقش!,https://www.youtube.com/watch?v=yBK4O58oCYM
"Befarmaeed Sham Vancouver, G13, EP04 | بفرمایید شام، ونکوور - گروه ۱۳ شب چهارم",https://www.youtube.com/watch?v=IPwMiMXLdGs
manotoHUB | نه خامنه‌ای به پیشنهاد آمریکا؛ پایان مذاکرات؟,https://www.youtube.com/watch?v=dS8caQU2LcA
"Befarmaeed Sham Vancouver, G13, EP03 | بفرمایید شام، ونکوور - گروه ۱۳ شب سوم",https://www.youtube.com/watch?v=ltMoamZ7Juc
"Befarmaeed Sham Vancouver, G13, EP02 | بفرمایید شام، ونکوور - گروه ۱۳ شب دوم",https://www.youtube.com/watch?v=GgYtoav8fwM
"Befarmaeed Sham Vancouver, G13, EP01 | بفرمایید شام، ونکوور - گروه ۱۳ شب اول",https://www.youtube.com/watch?v=4yLe22WmDhM
"Stage manoto, S1, Live Performance 6 | استیج منوتو، سری ۱، اجرا زنده ۶",https://www.youtube.com/watch?v=mDwhlU95xto
کدام مواد مخدر بین جوانان ایرانی محبوب‌تره؟,https://www.youtube.com/watch?v=qltyWKqOFgw
Voices Of Iran | نقطه جوش شما کجاست؟,https://www.youtube.com/watch?v=CXLJRlKMKwU
manotoHUB | ایرانی‌ها در صدر مصرف‌کنندگان تریاک جهان، شهرداری تهران ۱۱۸ ساله شد,https://www.youtube.com/watch?v=w_v8F8dq_eQ
غنی‌سازی بی غنی‌سازی، ایران خانه بیشترین «تریاکی‌های» جهان |  اخبار  سه‌شنبه ۱۳ خرداد ۱۴۰۴,https://www.youtube.com/watch?v=f0EgIA2qHkg
Manoto News Desk | مذاکره در ابهام: غنی‌سازی بی غنی‌سازی,https://www.youtube.com/watch?v=_Q1eMVtVGBQ
لطفات عمام تو حلق فاطمه مهاجرانی!,https://www.youtube.com/watch?v=NaJnVemg678
"Befarmaeed Sham Vancouver, G12, EP04 | بفرمایید شام، ونکوور - گروه ۱۲ شب چهارم",https://www.youtube.com/watch?v=rNjXVYcyfBk
"Befarmaeed Sham Vancouver, G12, EP03 | بفرمایید شام، ونکوور - گروه ۱۲ شب سوم",https://www.youtube.com/watch?v=zyp17cz7hMU
"Stage manoto, S1, Result 5 | استیج منوتو، سری ۱، نتیجه اجرا ۵",https://www.youtube.com/watch?v=SweItTcgaqQ
"Befarmaeed Sham Vancouver, G12, EP02 | بفرمایید شام، ونکوور - گروه ۱۲ شب دوم",https://www.youtube.com/watch?v=fHMQidKHWks
"Befarmaeed Sham Vancouver, G12, EP01 | بفرمایید شام، ونکوور - گروه ۱۲ شب اول",https://www.youtube.com/watch?v=rI3hJvgZttQ
manotoHUB | گفتگو با یک کارگر جنسی؛ من تنم را می‌فروشم,https://www.youtube.com/watch?v=of39Z_GImkI
"Stage manoto, S1, Live Performance 5 | استیج منوتو، سری ۱، اجرا زنده ۵",https://www.youtube.com/watch?v=v9ag6psnl6g
Voices Of Iran | از جاده‌های خسته و خالی تا چرخ‌های سانتریفیوژها,https://www.youtube.com/watch?v=5VCU7zZwmzQ
Manoto News Desk | پشت‌پرده تنش جدید هسته‌ای,https://www.youtube.com/watch?v=VsRdLHHQDiQ
manotoHUB |  رد رسمی پیشنهاد آمریکا؟ پشت‌پرده تنش جدید هسته‌ای | اخبار دوشنبه ۱۲ خرداد ۱۴۰۴,https://www.youtube.com/watch?v=IouW_ch-sd0
manotoHUB | تخریب میراث هزاران ساله برای ساختن ورزشگاه، گفتگو با کارگر جنسی,https://www.youtube.com/watch?v=yGdrFDx1rY8
درسته عمام رو ندیدیم اما تاثیراتش رو دیدیم!,https://www.youtube.com/watch?v=F7sYWlOTwqQ
Voices Of Iran | یازدهمین روز اعتصابات و تماس‌های مردمی,https://www.youtube.com/watch?v=-Yqv6nZ3Nlw
صحبت‌های راننده کامیون از شیراز با منوتو,https://www.youtube.com/watch?v=5Jhdg0lJ-KA
صحبت‌های فعال صنفی حوزه حمل و نقل با منوتو,https://www.youtube.com/watch?v=RusNHilXkiQ
manotoHUB | بحران هسته‌ای، ماجرای خرس گم شده‌ و تهران بدون قبر | اخبار یکشنبه ۱۱ خرداد ۱۴۰۴,https://www.youtube.com/watch?v=dvu9HvtkogY
manotoHUB | ناپدید شدن توله خرس در تهران؛ گم شد یا قاچاق؟,https://www.youtube.com/watch?v=EYI_JQ0HWhU
"Befarmaeed Sham Vancouver, G11, EP04 | بفرمایید شام، ونکوور - گروه ۱۱ شب چهارم",https://www.youtube.com/watch?v=HyH_2_zMUqU
تهدید اتمی جمهوری‌اسلامی؛ جنگ یا زمان خریدن؟,https://www.youtube.com/watch?v=Xi10jCS3_To
احمد الشرع و اسرائیل؛ ترکیه کجای ماجرا ایستاده؟,https://www.youtube.com/watch?v=sG-wFZY3tBI
Manoto News Desk | مذاکرات هسته‌ای در وضعیت قرمز,https://www.youtube.com/watch?v=Y24tcA5GJmo
"Befarmaeed Sham Vancouver, G11, EP03 | بفرمایید شام، ونکوور - گروه ۱۱ شب سوم",https://www.youtube.com/watch?v=uwiVXQNLX4s
تاثیرات مصرف بالای تریاک بر سران مملکت!,https://www.youtube.com/watch?v=hpAWN3i2-nA
"Befarmaeed Sham Vancouver, G11, EP02 | بفرمایید شام، ونکوور - گروه ۱۱ شب دوم",https://www.youtube.com/watch?v=27iDW5xOjFg
"Befarmaeed Sham Vancouver, G11, EP01 | بفرمایید شام، ونکوور - گروه ۱۱ شب اول",https://www.youtube.com/watch?v=aLwbUZfd140
"Befarmaeed Sham Vancouver, G10, EP04 | بفرمایید شام، ونکوور - گروه ۱۰ شب چهارم",https://www.youtube.com/watch?v=PZRD10NeiVA
"Befarmaeed Sham Vancouver, G10, EP03 | بفرمایید شام، ونکوور - گروه ۱۰ شب سوم",https://www.youtube.com/watch?v=zV4DsXzOF_c
"Befarmaeed Sham Vancouver, G10, EP02 | بفرمایید شام، ونکوور - گروه ۱۰ شب دوم",https://www.youtube.com/watch?v=6GWf8fPdYG0
"Befarmaeed Sham Vancouver, G10, EP01 | بفرمایید شام، ونکوور - گروه ۱۰ شب اول",https://www.youtube.com/watch?v=RRQIdx2jlwg
اینم از غیرت راننده‌ها,https://www.youtube.com/watch?v=BHy2V1hiQEs
باید همه اصناف با هم متحد شویم,https://www.youtube.com/watch?v=7Q38vhpjhOI
من هم به اعتصابات پیوستم,https://www.youtube.com/watch?v=gh1_imcsPVg
جاده بندر عباس یک تریلی هم تردد نمی‌کند,https://www.youtube.com/watch?v=4WzHSXgMFpA
"Let’s Imagine Together, Manoto | با هم‌ تصور کنیم، منوتو",https://www.youtube.com/watch?v=pttg0eHJQcU
Voices Of Iran | تماس‌های تلفنی و حمایت مردم از کامیون‌داران,https://www.youtube.com/watch?v=MxBxESDsZ2M
manotoHUB | دهمین روز اعتصاب؛ چه خواهد شد؟ | اخبار شنبه ۱۰ خرداد ۱۴۰۴,https://www.youtube.com/watch?v=5bZ_CmaT-BI
Manoto News Desk | دهمین روز اعتصاب کامیون‌داران با فرشاد متقی,https://www.youtube.com/watch?v=jsZZLolkRMU
از شیرخوارگی تا گور اختلاس جوی!,https://www.youtube.com/watch?v=xcJqk0V5Vys
پخش شیرینی بین رانندگان اعتصاب کننده,https://www.youtube.com/watch?v=bX-GDy2Xgzs
«جمهوری اسلامی آینده ای برای نسل من باقی نمی گذارد»,https://www.youtube.com/watch?v=GAk1UnoWsnk
«با صدای بلند اعتراض کردن، شجاعت جمعی رو تقویت میکنه»,https://www.youtube.com/watch?v=iU3V0tcTfRA
"Befarmaeed Sham Vancouver, G9, EP04 | بفرمایید شام، ونکوور - گروه ۹ شب چهارم",https://www.youtube.com/watch?v=zaCpNT9u3nc
اعتصابات رانندگان؛ اسکله کلانتری چابهار,https://www.youtube.com/watch?v=kB0e4Co9ces
"Befarmaeed Sham Vancouver, G9, EP03 | بفرمایید شام، ونکوور - گروه ۹ شب سوم",https://www.youtube.com/watch?v=Kqd11bNF54c
"Befarmaeed Sham Vancouver, G9, EP02 | بفرمایید شام، ونکوور - گروه ۹ شب دوم",https://www.youtube.com/watch?v=gzzXtmSfsHg
"Befarmaeed Sham Vancouver, G9, EP01 | بفرمایید شام، ونکوور - گروه ۹ شب اول",https://www.youtube.com/watch?v=cCy2CU60qRI
"Befarmaeed Sham Vancouver, G8, EP04 | بفرمایید شام، ونکوور - گروه ۸ شب چهارم",https://www.youtube.com/watch?v=8l08b_w8vvQ
Voices Of Iran | چگونه میتوان اقشار گوناگون جامعه را برای پیوستن به اعتصابات همراه کرد؟,https://www.youtube.com/watch?v=X8u8TdJ_-Fs
"Befarmaeed Sham Vancouver, G8, EP03 | بفرمایید شام، ونکوور - گروه ۸ شب سوم",https://www.youtube.com/watch?v=ULlDGj-mp0I
"Befarmaeed Sham Vancouver, G8, EP02 | بفرمایید شام، ونکوور - گروه ۸ شب دوم",https://www.youtube.com/watch?v=ncd_usq-S0U
manotoHUB |چرا شکستن اعتصاب برای جمهوری اسلامی مشکل است | پنجشنبه ۸ خرداد ۱۴۰۴,https://www.youtube.com/watch?v=dB2Nv6Bk3vU
"Befarmaeed Sham Vancouver, G8, EP01 | بفرمایید شام، ونکوور - گروه ۸ شب اول",https://www.youtube.com/watch?v=0EkNSwUjPLk
روزی که کامیون‌های ما بیاستند، ایران می‌ایسته,https://www.youtube.com/watch?v=MK1YS6RPHXE
Manoto News Desk | هشتمین روز اعتصاب کامیون‌داران با فرشاد متقی,https://www.youtube.com/watch?v=dzP6ILg4Tl4
اعتصاب کامیون‌داران در روز هشتم؛ جاده‌ها حرف می‌زنند,https://www.youtube.com/watch?v=GOhxxnPcIdY
من‌هم به عنوان راننده در حمایت از کامیون‌داران اعتصاب کردم,https://www.youtube.com/watch?v=0As6SZwZbIo
نیشابور؛ اعتصاب نیسان‌سواران - ۷ خرداد ۱۴۰۴,https://www.youtube.com/watch?v=ajhcHsLKw5s
من‌هم به عنوان راننده در حمایت از کامیون‌داران اعتصاب کردم - ۸ خرداد ۱۴۰۴,https://www.youtube.com/watch?v=zSA8lQiO_v0
من کاسب به خاطر شما هیچ کاری انجام نمی‌دم,https://www.youtube.com/watch?v=rpIw2IpbMiI
از قشر رنگ‌کاران داریم به اعتصاب می‌پیوندیم - ۸ خرداد ۱۴۰۴,https://www.youtube.com/watch?v=gJqZwoq-IWw
«پشت کامیون‌داران رو خالی نکنیم»,https://www.youtube.com/watch?v=q5l7nQgiIl0
«خرم آباد، پل زال؛ بدون یه ماشین»,https://www.youtube.com/watch?v=MiAB3p_vc5M
این توقف نیست یه فریاده از دل رانندگان - ۷ خرداد ۱۴۰۴,https://www.youtube.com/watch?v=utkoU6UlXjQ
از اول اتوبان رودهن یک ماشین سنگین ندیدم. اگه همت کنن کمر اینا شکسته - ۸ خرداد۱۴۰۴,https://www.youtube.com/watch?v=uCmogMa7nzc
درود بر رانندگان با شرف و با وجود,https://www.youtube.com/watch?v=uFJCKuHdfSU
یکی از خیابان‌های مهم صنعتی تهران هیچ کامیونی نیست - ۷ خرداد۱۴۰۴,https://www.youtube.com/watch?v=iRvGEk8hB98
«منم راننده اسنپم و اعتصاب کردم» حمایت از کامیون‌داران,https://www.youtube.com/watch?v=3fMijPCxjWw
برای حمایت از کامیون‌داران حداقل سه‌روز خرید نکنیم,https://www.youtube.com/watch?v=t9rV73_JQZk
گزارشگر منوتو از محور ملایر-همدان؛ «جاده بدون ماشین سنگین»,https://www.youtube.com/watch?v=wQ0l3wZLR20
شهرستان چناران اعتصاب رانندگان نیسان - ۸ خرداد۱۴۰۴,https://www.youtube.com/watch?v=r1mgUaf23dI
«اعتصابات کمر حکومت را می‌شکند»,https://www.youtube.com/watch?v=AP2DUcR-4vc
اعتصاب رانندگان کامیون نجف آباد اصفهان «هیچ کس بار نزده»,https://www.youtube.com/watch?v=kojZwrVz4DI
کامیون‌داران باشرف ادامه بدید تا ما ملحق شویم,https://www.youtube.com/watch?v=uwkJxugaTto
بیایید از کامیونداران حمایت کنید - ۷ خرداد۱۴۰۴,https://www.youtube.com/watch?v=IxGSLfuG1m4
Voices Of Iran | کامیون‌داران در هفتمین روز اعتصابات,https://www.youtube.com/watch?v=eLbeQ4GO68s
manotoHUB | پیوستن اقشار دیگر به اعتصاب کامیون‌داران | چهارشنبه ۷ خرداد ۱۴۰۴,https://www.youtube.com/watch?v=y2xF23sUtkc
Manoto News Desk | هفتمین روز اعتصاب کامیون‌داران,https://www.youtube.com/watch?v=Bf9V0BBpfYg
چرا کامیون‌داران به مهم‌ترین بازیگران میدان تبدیل شده‌اند؟,https://www.youtube.com/watch?v=CxFVB2orGZ0
آخوند قاسمیان رو مثل پشمک فروختن!,https://www.youtube.com/watch?v=wUptxi6fQ4E
من‌وتو - بازتاب صدای حقیقی جامعه,https://www.youtube.com/watch?v=LmDJPK11H2s
به صدای بی‌سانسور مردم ایران بپیوندید,https://www.youtube.com/watch?v=qPOZ750qRgE
Bewildered | سرگشته,https://www.youtube.com/watch?v=l4vDlzrvyEM
Voices Of Iran | حمایت مردمی از کامیون‌داران در ششمین روز اعتصابات,https://www.youtube.com/watch?v=60wGbZogavA
manotoHUB | آیا جمهوری اسلامی می‌تواند اعتصابات سراسری را سرکوب کند؟ | سه‌شنبه ۶ خرداد ۱۴۰۴,https://www.youtube.com/watch?v=wKk4uAvEcV0
Manoto News Desk | جمهوری اسلامی و سرکوب اعتصابات؟,https://www.youtube.com/watch?v=rY69GOFxd1Y
آخوند به چه دردی میخوره با رسم شکل!,https://www.youtube.com/watch?v=v73huhwRhuI
از رانندگان شریف کشورمون حمایت کنیم,https://www.youtube.com/watch?v=TUt0-nzPP0k
قیمت لاستیک و بیمه کامیون در سال ۱۴۰۴ شوکه‌ات می‌کنه!,https://www.youtube.com/watch?v=wUGFXqa9hlI
Voices Of Iran | گفتگوی زنده با کامیون‌داران ایران,https://www.youtube.com/watch?v=YxRYWhiWF4U
manotoHUB |گسترش اعتصابات؛ کدام صنف‌ها به کامیون‌داران پیوسته‌اند؟ | دوشنبه ۵ خرداد ۱۴۰۴,https://www.youtube.com/watch?v=8l51iIVc4zQ
Manoto News Desk | این صدای مردمی است که ۴۶ ساله زیر فشار و شکنجه‌اند,https://www.youtube.com/watch?v=aEnl6yr_v-A
Manoto News Desk | کدام صنف‌ها به کامیون‌داران پیوسته‌اند؟,https://www.youtube.com/watch?v=Tje9qvb5ziM
آیا پزشکیان واقعا آدم حساب می‌شه؟,https://www.youtube.com/watch?v=cQILut67FXQ
"Stage manoto, S1, Result 4 | استیج منوتو، سری ۱، نتیجه اجرا ۴",https://www.youtube.com/watch?v=B2LXNKQFkAw
"Stage manoto, S1, Live Performance 4 | استیج منوتو، سری ۱، اجرا زنده ۴",https://www.youtube.com/watch?v=l342mS2BOdA
اعتصاب سراسری کامیون‌داران و وظیفه مردم در همراهی با اعتصاب کنندگان چیست؟,https://www.youtube.com/watch?v=Ya35eWahhHM
به عنوان یک بازاری میگم: پول مالیاتمون رو بذاریم برای اعتصاب کنندگان,https://www.youtube.com/watch?v=wVhXMMDB5sM
Voices Of Iran | روز چهارم اعتصابات و تماس‌های کامیون‌داران به برنامه,https://www.youtube.com/watch?v=HlY56S82m0E
Manoto News Desk | چهارمین روز اعتصاب کامیون داران,https://www.youtube.com/watch?v=OxX1-xfxyFk
manotoHUB |اعتصاب سراسری کامیون‌داران؛ گفتگوی ویژه با شاهزاده رضا پهلوی | یکشنبه ۴ خرداد ۱۴۰۴,https://www.youtube.com/watch?v=C-yv_kVw3_A
Shahzadeh Reza Pahlavi | اعتصاب سراسری کامیون‌داران؛ گفتگوی ویژه با شاهزاده رضا پهلوی,https://www.youtube.com/watch?v=t0Q1myRg6QY
Manoto News Desk | آتش زیر خاکستر؛ ایران در آستانه جنبش سراسری؟,https://www.youtube.com/watch?v=IHhfUGLK6z0
در طویله مجلس امروز چه گذشت!,https://www.youtube.com/watch?v=etOErGOgeb4
"Stage manoto, S1, Result 3 | استیج منوتو، سری ۱، نتیجه اجرا ۳",https://www.youtube.com/watch?v=ZeD05wmu5kI
"Stage manoto, S1, Live Performance 3 | استیج منوتو، سری ۱، اجرا زنده ۳",https://www.youtube.com/watch?v=Gt7pG2tdv1g
Voices Of Iran | سیل تلفن‌های کامیون‌داران اعتصابی به منوتو: تا آخر خط هستیم,https://www.youtube.com/watch?v=2FhyZjnoKcM
برای حمایت از ما کامیون‌دارها، چک‌ها را نقد نکنید,https://www.youtube.com/watch?v=l-MG2I9ngHk
manotoHUB |اعتصاب سراسری کامیون‌داران و دور تکراری مذاکرات | شنبه ۳ خرداد ۱۴۰۴,https://www.youtube.com/watch?v=vOiA9fuENNg
Manoto News Desk | اعتصاب کامیونداران در سراسر کشور,https://www.youtube.com/watch?v=OtWnd_ORpgs
Manoto News Desk | !گزارش جدید درباره سوریه همه را شوکه کرد,https://www.youtube.com/watch?v=-UlBGQrAitc
Manoto News Desk | بیانیه شوکه کننده سپاه,https://www.youtube.com/watch?v=jYXviUKCI1c
چپ‌ها واقعا کی هستن؟ جواب ساده و جالب!,https://www.youtube.com/watch?v=aYpNts4piJc
"Befarmaeed Sham Vancouver, G7, EP04 | بفرمایید شام، ونکوور - گروه ۷ شب چهارم",https://www.youtube.com/watch?v=eg1-iC0bR4A
"Befarmaeed Sham Vancouver, G7, EP03 | بفرمایید شام، ونکوور - گروه ۷ شب سوم",https://www.youtube.com/watch?v=wWLZ6by-GtA
"Befarmaeed Sham Vancouver, G7, EP02 | بفرمایید شام، ونکوور - گروه ۷ شب دوم",https://www.youtube.com/watch?v=ZtNhjatgZCk
"Befarmaeed Sham Vancouver, G7, EP01 | بفرمایید شام، ونکوور - گروه ۷ شب اول",https://www.youtube.com/watch?v=SSzCwR9f6ss
"Stage manoto, S1, Result 2 | استیج منوتو، سری ۱، نتیجه اجرا ۲",https://www.youtube.com/watch?v=FrwThc2JBI4
Manoto News Desk | آخرین خبرهای مذاکرات؛ اختلافات باقی است,https://www.youtube.com/watch?v=mx1Bz4eP1Kw
"Stage manoto, S1, Live Performance 2 | استیج منوتو، سری ۱، اجرا زنده ۲",https://www.youtube.com/watch?v=d101OIikaZA
"Stage manoto, S1, Result 1 | استیج منوتو، سری ۱، نتیجه اجرا ۱",https://www.youtube.com/watch?v=GsTGZr6mbVE
"Stage manoto, S1, Live Performance 1 | استیج منوتو، سری ۱، اجرا زنده ۱",https://www.youtube.com/watch?v=Wijwwsw5CxU
Voices of Iran | صداهای ایران - بن بست مذاکرات و رجز خوانی,https://www.youtube.com/watch?v=2rdgX2LXm6A
Manoto News Desk | مذاکرات پر ابهام و ترور در واشنگتن,https://www.youtube.com/watch?v=dIEDdRzLPqE
manotoHUB | !پنجشنبه ۱ خرداد ۱۴۰۴  | مذاکرات پر ابهام فردا، ترور در واشنگتن و «عشق ابدی» در دهه چهل,https://www.youtube.com/watch?v=5vYUPDGXlUM
Manoto News Desk | تدارک حمله؛ اسرائیل از دیدگاه خودش زمان کافی به آمریکا داده,https://www.youtube.com/watch?v=VhmBdxp-R80
Manoto News Desk | «جمهوری‌اسلامی تلاش دارد چراغ مذاکرات را روشن کند»,https://www.youtube.com/watch?v=k_9ZofBwOgs
Asoodeh’s Adventures - Episode 0۵ | سفرهای آسوده - قسمت ۵,https://www.youtube.com/watch?v=E7MOlMLCD1g
Asoodeh’s Adventures - Episode 04 | سفرهای آسوده - قسمت ۴,https://www.youtube.com/watch?v=m_C67AbAOxs
"Befarmaeed Sham Vancouver, G6, EP04 | بفرمایید شام، ونکوور - گروه ۶ شب چهارم",https://www.youtube.com/watch?v=fOAkbGv3YPg
"Befarmaeed Sham Vancouver, G6, EP03 | بفرمایید شام، ونکوور - گروه ۶ شب سوم",https://www.youtube.com/watch?v=tGcKydmwpKU
"Befarmaeed Sham Vancouver, G6, EP02 | بفرمایید شام، ونکوور - گروه ۶ شب دوم",https://www.youtube.com/watch?v=B7AwvPTawfA
"Befarmaeed Sham Vancouver, G6, EP01 | بفرمایید شام، ونکوور - گروه ۶ شب اول",https://www.youtube.com/watch?v=t4BFrDA4AcM
Voices of Iran | صداهای ایران - سرنوشت مذاکره به کدام طرف می‌رود؟,https://www.youtube.com/watch?v=3b2ZH15xlfo
manotoHUB | سرنوشت مذاکرات،آخوند ربایی و آموزش جنسی | چهارشنبه ۳۱ اردیبهشت ۱۴۰۴,https://www.youtube.com/watch?v=IwIV0wpDWmY
Manoto News Desk | دور تازه مذاکرات؛ آیا آخرین بار است؟,https://www.youtube.com/watch?v=NI01_tgWwSQ
"Salitalk S27, Ep68 | سالی تاک، سری ۲۷، قسمت ۶۸: خدایی آخوند دزدیدین چی کار کنین باهاش؟",https://www.youtube.com/watch?v=V5GY_VEJHfw
Manoto News Desk | تهران بدون گزینه در مقابل شکست مذاکرات,https://www.youtube.com/watch?v=9Au-8fW-HJM
"Befarmaeed Sham Vancouver, G5, EP04 | بفرمایید شام، ونکوور - گروه ۵ شب چهارم",https://www.youtube.com/watch?v=4KwiBII6upc
"Befarmaeed Sham Vancouver, G5, EP03 | بفرمایید شام، ونکوور - گروه ۵ شب سوم",https://www.youtube.com/watch?v=8P9KASS71jU
"Befarmaeed Sham Vancouver, G5, EP02 | بفرمایید شام، ونکوور - گروه ۵ شب دوم",https://www.youtube.com/watch?v=1ZRm8Kw_4Ys
"Befarmaeed Sham Vancouver, G5, EP01 | بفرمایید شام، ونکوور - گروه ۵ شب اول",https://www.youtube.com/watch?v=6OXmR7xPiPA
نکات شگفت انگیز درباره پروژه ذوب‌آهن آریامهر ایران که نمی‌دانید!,https://www.youtube.com/watch?v=cO2Q_1MzaDY
چطور برای بچه‌های بی‌دارو کمک کنیم؟!,https://www.youtube.com/watch?v=wXy1oDinJmo
پاسخ این هموطن رو کی باید بده؟ احزاب چه وظیفه‌ای دارند؟,https://www.youtube.com/watch?v=ywjmqKZUpyA
Voices of Iran - Statements by Khamenei | صداهای ایران - عجیب‌ترین حرف‌های خامنه‌ای درباره مذاکرات,https://www.youtube.com/watch?v=lupw_L_Me80
manotoHUB | خامنه‌ای به درخواست آمریکا نه گفت | سه‌شنبه ۳۰ اردیبهشت ۱۴۰۴,https://www.youtube.com/watch?v=oxkK4uDw9DQ
"Shab Jomeh, S1, Episode 08 | Saloomeh&Behzad | شب جمعه، سری اول، قسمت۸ | سالومه و بهزاد",https://www.youtube.com/watch?v=eNLaEsEu6lA
Manoto News Desk | «فشار حداکثری، برخورد نظامی و معامله موقت مشابه ۲۰۱۳»,https://www.youtube.com/watch?v=fjcgb9uvp2c
"Salitalk S27, Ep67 | سالی تاک، سری ۲۷، قسمت ۶۷:مجیز خوانی برای نکرده های رییسی",https://www.youtube.com/watch?v=lFpApXJUcI4
Manoto News Desk | «نظام، حمله نظامی را به برچیدن برنامه اتمی ترجیح می‌دهد»,https://www.youtube.com/watch?v=mNYrTfIZyz8
"Befarmaeed Sham Vancouver, G4, EP04 | بفرمایید شام، ونکوور - گروه ۴ شب چهارم",https://www.youtube.com/watch?v=W3fsdfEUhjE
"Befarmaeed Sham Vancouver, G4, EP03 | بفرمایید شام، ونکوور - گروه ۴ شب سوم",https://www.youtube.com/watch?v=zIpW58r8AtM
"Befarmaeed Sham Vancouver, G4, EP02 | بفرمایید شام، ونکوور - گروه ۴ شب دوم",https://www.youtube.com/watch?v=jB1GwY--6EY
"Befarmaeed Sham Vancouver, G4, EP01 | بفرمایید شام، ونکوور - گروه ۴ شب اول",https://www.youtube.com/watch?v=U9Ikz7mn5zE
Voices of Iran - The collapse of healthcare system in Iran | صداهای ایران - فروپاشی سیستم درمان,https://www.youtube.com/watch?v=Dzt78hT0uvs
manotoHUB |بستن تنگه هرمز در برابر مکانیسم ماشه | دوشنبه ۲۹ اردیبهشت ۱۴۰۴,https://www.youtube.com/watch?v=QeiFiF9VTtw
«خط امنیتی و خوشامد خامنه‌ای»,https://www.youtube.com/watch?v=qvJaz5Vwd9U
«مشخص بود جمهوری‌اسلامی به غنی‌سازی صفر درصد رضایت نمی‌دهد»,https://www.youtube.com/watch?v=DJMv7ir-4BU
"Befarmaeed Sham Vancouver, G3, EP04 | بفرمایید شام، ونکوور - گروه ۳ شب چهارم",https://www.youtube.com/watch?v=pVJx8AXx6PE
"Befarmaeed Sham Vancouver, G3, EP03 | بفرمایید شام، ونکوور - گروه ۳ شب سوم",https://www.youtube.com/watch?v=4WzDcMzgvOQ
"Befarmaeed Sham Vancouver, G3, EP02 | بفرمایید شام، ونکوور - گروه ۳ شب دوم",https://www.youtube.com/watch?v=YZRdSG1r7BE
"Befarmaeed Sham Vancouver, G3, EP01 | بفرمایید شام، ونکوور - گروه ۳ شب اول",https://www.youtube.com/watch?v=8utBfbzvIkU
Voices of Iran - Methods of Civil Disobedience | صداهای ایران -  راه کارهای نافرمانی مدنی,https://www.youtube.com/watch?v=DdWLCUoDvg8
News Desk - 18 May 2025 | میز خبر - ۲۸ اردیبهشت ۱۴۰۴ - تاکید آمریکا بر برچیده شدن غنی‌سازی,https://www.youtube.com/watch?v=jiiNQ6drrhw
"Befarmaeed Sham Vancouver, G2, EP04 | بفرمایید شام، ونکوور - گروه ۲ شب چهارم",https://www.youtube.com/watch?v=g_Dl2xn45ZA
manotoHUB |تاکید آمریکا بر برچیده شدن غنی‌سازی؛ مذاکرات بی‌معنا می‌شود؟ | یکشنبه ۲۸ اردیبهشت ۱۴۰۴,https://www.youtube.com/watch?v=cKbSkWfDUyA
"Befarmaeed Sham Vancouver, G2, EP03 | بفرمایید شام، ونکوور - گروه ۲ شب سوم",https://www.youtube.com/watch?v=4WDx9Ycr8h4
"Befarmaeed Sham Vancouver, G2, EP02 | بفرمایید شام، ونکوور - گروه ۲ شب دوم",https://www.youtube.com/watch?v=odDYOP42_yI
"Befarmaeed Sham Vancouver, G2, EP01 | بفرمایید شام، ونکوور - گروه ۲ شب اول",https://www.youtube.com/watch?v=boQsViNHpjE
manotoHUB |پیش برنامه یکشنبه ۲۸ اردیبهشت ۱۴۰۴,https://www.youtube.com/watch?v=xitNA8YmrX4
پیام علی‌پور: راه حل بازنشستگی برای افراد کم درآمد,https://www.youtube.com/watch?v=avZu4xixcXQ
نجات بهرامی: ساخت مجتمع‌های آموزشی با خوابگاه برای جلوگیری از ترک تحصیل,https://www.youtube.com/watch?v=vMJmpYyUNic
کامران خوانساری‌نیا: سوالی که پیش می‌یاد؛ اینها برن کی میاد؟,https://www.youtube.com/watch?v=iIpGKySV1Zs
Voices of Iran-Reactions to the Iran Prosperity Project | صداهای ایران - بازتاب پروژه شکوفایی ایران,https://www.youtube.com/watch?v=8n2BT8pXuZo
manotoHUB | حمله خامنه‌ای به اسرائیل و آمریکا؛ مذاکره چه می‌شود؟ | شنبه ۲۷ اردیبهشت ۱۴۰۴,https://www.youtube.com/watch?v=clkipqY8F-k
«از پوزیده تا خود خامنه‌ای وارد میدان برای پاسخ به ترامپ»,https://www.youtube.com/watch?v=3E2pQ6MJTNA
«مسئولیت این لکه ننگ بر عهده  شخص خامنه‌ای است»,https://www.youtube.com/watch?v=hRUTvB0-_cE
News Desk - 17 May 2025 | میز خبر - ۲۷ اردیبهشت ۱۴۰۴ - حمله خامنه‌ای به اسرائیل و آمریکا,https://www.youtube.com/watch?v=-1j046btm-g
نافرمانی‌های مدنی -  سوتلانا تیخانوفسکایا,https://www.youtube.com/watch?v=MLGBirxL_98
Iran Prosperity Project - Episode 2 | پروژه شکوفایی ایران - قسمت ۲: آموزش، بهداشت، خدمات اجتماعی,https://www.youtube.com/watch?v=6Gi0IOTMJ24
Iran Prosperity Project - Episode 1: Economy | پروژه شکوفایی ایران - قسمت ۱: اقتصاد,https://www.youtube.com/watch?v=_odoXCXwqcA
"Stage manoto, S1, Episode 04 | استیج منوتو، سری ۱، قسمت ۴",https://www.youtube.com/watch?v=bKQ6XSijdqk
"Stage manoto, S1, Episode 03 | استیج منوتو، سری ۱، قسمت ۳",https://www.youtube.com/watch?v=t3koYduamCk
Voices of Iran - Ferdowsi Day Commemoration | صداهای ایران - بزرگداشت روز فردوسی,https://www.youtube.com/watch?v=iDpuN21x9p0
Iran Prosperity Project  | پروژه شکوفایی ایران,https://www.youtube.com/watch?v=CxqtPxa13F8
Iran Prosperity Project | پروژه شکوفایی ایران,https://www.youtube.com/watch?v=KUgu3rY6S3c
Iran Prosperity Project | پروژه شکوفایی ایران,https://www.youtube.com/watch?v=RO_YrkpCVVY
News Desk - 15 May 2025 |  میز خبر - ۲۵ اردیبهشت ۱۴۰۴ - پایان سفر ترامپ در خلیج فارس,https://www.youtube.com/watch?v=5tCHjX3c7Bc
Iran Prosperity Project - Economy | پروژه شکوفایی ایران - اقتصاد,https://www.youtube.com/watch?v=3pgPcFHHExI
manotoHUB | بزرگداشت فردوسی و پروژه شکوفایی ایران | پنج‌شنبه ۲۵ اردیبهشت ۱۴۰۴,https://www.youtube.com/watch?v=LD9MNT4m9Gc
Ferdowsi and the Sacred Pit of Heroes | فردوسی و گود مقدس,https://www.youtube.com/watch?v=xqEMtlnZReo
Asoodeh’s Adventures - Episode 03 | سفرهای آسوده - قسمت ۳,https://www.youtube.com/watch?v=KmhWPc9tb9E
Asoodeh’s Adventures - Episode 02 | سفرهای آسوده - قسمت ۲,https://www.youtube.com/watch?v=SBjqJH2PK9k
Voices of Iran - United States’ new policy in the region | صداهای ایران - سیاست جدید آمریکا در منطقه,https://www.youtube.com/watch?v=8SE3rJ4qYUg
News Desk - 14 May 2025 | میز خبر - ۲۴ اردیبهشت ۱۴۰۴,https://www.youtube.com/watch?v=wJPLuPev7j0
manotoHUB |ترامپ در خاورمیانه؛ اعراب راضی، جمهوری اسلامی ناراضی | چهارشنبه ۲۴ اردیبهشت ۱۴۰۴,https://www.youtube.com/watch?v=RrWplysdKEc
"Befarmaeed Sham Vancouver, G1, EP04 | بفرمایید شام، ونکوور - گروه ۱ شب چهارم",https://www.youtube.com/watch?v=PSwe5ZcNauU
"Befarmaeed Sham Vancouver, G1, EP03 | بفرمایید شام، ونکوور - گروه ۱ شب سوم",https://www.youtube.com/watch?v=P9ApD1zXOkg
"Befarmaeed Sham Vancouver, G1, EP02 | بفرمایید شام، ونکوور - گروه ۱ شب دوم",https://www.youtube.com/watch?v=TQ8orEL4sWE
"Befarmaeed Sham Vancouver, G1, EP01 | بفرمایید شام، ونکوور - گروه ۱ شب اول",https://www.youtube.com/watch?v=RDLcLNm16Fc
Voices of Iran - Trump’s $600B Deal with Saudis | صداهای ایران - توافق ۶۰۰ میلیاردی ترامپ با عربستان,https://www.youtube.com/watch?v=XNrOSI5WJZQ
News Desk - 13 May 2025 | میز خبر - ۲۳ اردیبهشت ۱۴۰۴,https://www.youtube.com/watch?v=zVrlnKPk828
manotoHUB | ترامپ در ریاض؛ بده‌بستان به امید نظم نوین؟ | سه‌شنبه ۲۳ اردیبهشت ۱۴۰۴,https://www.youtube.com/watch?v=YT3Dtlo71Ok
Voices of Iran | صداهای ایران - تشکلات صنفی چه حمایتی از اصناف میکنند؟,https://www.youtube.com/watch?v=57nzHSO14DA
manotoHUB |ترامپ در خاورمیانه؛ جمهوری اسلامی کجای معامله است؟ | دوشنبه ۲۲ اردیبهشت ۱۴۰۴,https://www.youtube.com/watch?v=qn3yrOPCDdk
برنامه «پروژه شکوفایی ایران» | ۲۶ اردیبهشت (۱۵ و ۱۶ مه) ساعت ۲۲:۳۰ به وقت ایران,https://www.youtube.com/watch?v=NXrHJ56lMOo
انحلال پ‌ک‌ک؛ آموزه‌های لنینی، فروپاشی عثمانی و تیر خلاص بر یک ایده کذایی,https://www.youtube.com/watch?v=Wf1I3n3Ubtk
گفتگو‌های دشوار ترامپ با اعراب حاشیه خلیج فارس,https://www.youtube.com/watch?v=9BvWINxvjnE
تصمیم نهایی با خامنه‌ای است؛ تسلیم یا…؟,https://www.youtube.com/watch?v=3dvmkLQxhwg
News Desk - 12 May 2025 | میز خبر - ۲۲ اردیبهشت ۱۴۰۴,https://www.youtube.com/watch?v=DRhSqFmgt2M
نارضایتی از عملکرد ترامپ در اسرائیل,https://www.youtube.com/watch?v=JnIfNHcGqFo
"Salitalk S27, Ep66 | سالی تاک، سری ۲۷، قسمت ۶۶: بعد از یک سال یه قسمت از رییسی جا مونده تو کوه!",https://www.youtube.com/watch?v=vEwi0dkZps4
Kolbar | كولبه‌ر,https://www.youtube.com/watch?v=XEeOsTzGC8E
Asoodeh’s Adventures - Episode 01 | سفرهای آسوده - قسمت ۱,https://www.youtube.com/watch?v=4KkpNMVDgdw
"Stage manoto, S1, Episode 02 | استیج منوتو، سری ۱، قسمت ۲",https://www.youtube.com/watch?v=JLDA1pZhWFk
Voices of Iran-Reactions to the Iran–U.S. Talks | صداهای ایران-واکنش‌ها به مذاکرات ایران و آمریکا,https://www.youtube.com/watch?v=PANiivgf97Y
News Desk - 11 May 2025 | میز خبر - ۲۱ اردیبهشت ۱۴۰۴,https://www.youtube.com/watch?v=B3dtqKcHvAs
"Salitalk S27, Ep65 | سالی تاک، سری ۲۷، قسمت ۶۵:عشق به سفر به ایم مذاکره و توهین به آبادانی ها",https://www.youtube.com/watch?v=vQJW7_2hQ4E
"Stage manoto, S1, Episode 01 | استیج منوتو، سری ۱، قسمت ۱",https://www.youtube.com/watch?v=vh-2HYJjRMU
چهارمین دور مذاکرات هسته‌ای؛ آخرین شانس پیش از انفجار,https://www.youtube.com/watch?v=tXVxpzribi0
جزییات مذاکرات هسته‌ای امروز؛ احتمال شکست بالاست,https://www.youtube.com/watch?v=zm6jlyJ3PQY
News Desk - 10 May 2025 | میز خبر - ۲۰ اردیبهشت ۱۴۰۴,https://www.youtube.com/watch?v=QCbqwNw1UEQ
"Voices of Iran, Change in Working Hours | صداهای ایران, تغییر ساعت کاری",https://www.youtube.com/watch?v=tY-G5yx6kmk
manotoHUB |بازگشت به نقطه صفر؛ مذاکرات با آمریکا در آستانه شکست؟ | شنبه ۲۰ اردیبهشت ۱۴۰۴,https://www.youtube.com/watch?v=Cv2kTwCqvkU
«بعید است جمهوری‌اسلامی بتواند امتیاز بگیرد»,https://www.youtube.com/watch?v=8ytarKhq6JY
«ترور برای جمهوری‌اسلامی مرغ عزا و عروسی‌ است»,https://www.youtube.com/watch?v=6sD1edkqoC0
«تامین اورانیوم از عربستان از هزار فحش ناموسی برای خامنه‌ای بدتر است»,https://www.youtube.com/watch?v=pDpc_iRc6vc
چه سناریویی به نفع اعراب حاشیه خلیج فارس است؟,https://www.youtube.com/watch?v=6gNtKxyY_EA
سه جام زهر در سینی در حال ارائه به جمهوری‌اسلامی,https://www.youtube.com/watch?v=RBfMuwfueRA
"Salitalk S27, Ep64 | سالی تاک، سری ۲۷، قسمت ۶۴: رهبر بی عار و بیخیال ج.ا همه اش به مهمونی",https://www.youtube.com/watch?v=Nkd7gy2Ztzk
"Voices of Iran, Persian Gulf | صداهای ایران, خلیج فارس",https://www.youtube.com/watch?v=Mw8ASw-XJCU
"Voices of Iran, Power Cuts | صداهای ایران, قطع برق",https://www.youtube.com/watch?v=vlymWTn8kvM
ترک موقت جهاد خامنه‌ای و تهدید ترامپ,https://www.youtube.com/watch?v=4fQ3VFc05Ww
manotoHUB | ۱۴۰۴ واکنش شاهزاده رضا پهلوی به احتمال جعل نام خلیج فارس | پنچ‌شنبه ۱۸ اردیبهشت,https://www.youtube.com/watch?v=i_lRWz83OQw
تلاش چین برای کاهش نیاز انرژی از خاورمیانه,https://www.youtube.com/watch?v=WhuGkOz5KFs
«دولت بار مشکلات را روی دوش مردم می‌گذارد»,https://www.youtube.com/watch?v=iRQVsYpHhZQ
جان‌باختن برزان محمدی فعال سیاسی مشروطه‌ خواه,https://www.youtube.com/watch?v=81afYt4tKnQ
"manotoHUB - News Desk, 8 May 2025 | منوتوهاب - میز خبر، ۱۸ اردیبهشت ۱۴۰۴",https://www.youtube.com/watch?v=EgWJ0ojneZQ
Sara Ashrafi | هنر قرن ۲۱ -  قسمت ۳ سارا اشرفی,https://www.youtube.com/watch?v=c74_bks0RsY
Iran Man Va To | Dr. Ezzatollah Homayounfar | دکتر عزت‌الله همایونفر – ایران، سرزمین خرد و شرافت,https://www.youtube.com/watch?v=p0YvdYss3o0
Iranian Artist Hamoon Alipour–A Journey Through Art | هنرمند ایرانی هامون علی‌پور– سفری در دنیای هنر,https://www.youtube.com/watch?v=wm2S-rJOJOg
Alaleh Amini | هنر قرن ۲۱ -  قسمت ۵ آلاله امینی,https://www.youtube.com/watch?v=vzjq8hdNvfc
Iran Man Va To | Amir-Abbas Hoveyda | ایران من و تو | امیرعباس هویدا – صدای دولت‌مردی برای ایران,https://www.youtube.com/watch?v=5318qDkcYnE
Iran Javid | ایران جاوید,https://www.youtube.com/watch?v=TFzqMDLFSa4
Iran Man Va To | Amir-Abbas Hoveyda | ایران من و تو | امیرعباس هویدا,https://www.youtube.com/watch?v=yoIqlS8CikA
The Persian Gulf Through the Eyes of Historians | خلیج فارس از نگاه مورخان,https://www.youtube.com/watch?v=P8nFeePizBA
manotoHUB - Dr Arash Khademi | دکتر خادمی - استفاده چند باره از اقلام یک‌بار مصرف پزشکی در بیمارستان,https://www.youtube.com/watch?v=Hj70mJYRK1U
manotoHUB | ۱۴۰۴ ترامپ به‌دنبال نام جعلی برای خلیج فارس! وظیفه ما چیست؟ | چهارشنبه ۱۷ اردیبهشت,https://www.youtube.com/watch?v=CPQTEs-MH84
The Shah's funeral ceremony | مراسم تشييع جنازه شاه,https://www.youtube.com/watch?v=_HG8UlFplXM
رضاشاه؛ بنیان‌گذار ایران نوین,https://www.youtube.com/watch?v=EUJPZhIGR0w
تمایل چین به فعال‌سازی پاکستان در مقابل هند,https://www.youtube.com/watch?v=luncknqHRSI
«حوثی‌ها روغن ریخته را نذر امام‌زاده‌ کرده‌اند»,https://www.youtube.com/watch?v=a7JqkehsHrY
«عدم توقف ترامپ می‌تواند باعث نگرانی اسرائیل باشد»,https://www.youtube.com/watch?v=TIFx8JBhiIw
"Salitalk S27, Ep63 | سالی تاک، سری ۲۷، قسمت ۶۳: در ماه های آینده شاهد لخت شدن پزشکیان هستیم",https://www.youtube.com/watch?v=Tb03krPEkF0
manotoHUB | پیش برنامه ۱۷ اردیبهشت ۱۴۰۴,https://www.youtube.com/watch?v=A9yowl_T91I
"Salitalk S27, Ep62 | سالی تاک، سری ۲۷، قسمت ۶۲: بی مصرف ترین رییس جمهور جمهوری اسلامی!",https://www.youtube.com/watch?v=1qmoU7bg43c
manotoHUB |آتش سوزی‌های سریالی در شهرها، ماجرا چیست؟ | سه‌شنبه ۱۶ اردیبهشت ۱۴۰۴,https://www.youtube.com/watch?v=KsErK5lTjuY
«حکومت برای واکنش منتظر اطلاعات رسانه‌های بریتانیاست»,https://www.youtube.com/watch?v=aYgSgX1ZXCg
«وحشت نظام؛ جمهوری‌اسلامی به شدت می‌خواهد سرپوش بگذارد»,https://www.youtube.com/watch?v=-wRDlkx8gHM
manotoHUB Short News|خبر کوتاه: حمله قریب‌الوقوع اسراییل به یمن، تازه‌ها از توطئه ترور در بریتانیا,https://www.youtube.com/watch?v=uVj6r_0wEGc
manotoHUB | ۱۴۰۴ انفجار دوباره بندر رجایی، حواشی قهرمانی تراکتور و قطعی برق | دوشنبه ۱۵ اردیبهشت,https://www.youtube.com/watch?v=R5HmvobdrMw
«آرمان‌های شورشیان ۵۷ رشد و توسعه نبود»,https://www.youtube.com/watch?v=3GYDZpzIKBM
«یک کلمه اشتباه کل منطقه را شعله‌ور می‌کند»,https://www.youtube.com/watch?v=UZM74XLZQcE
غرب؛ جمهوری‌اسلامی و سه‌گانه نیابتی، موشکی و هسته‌ای,https://www.youtube.com/watch?v=x8fFHyeb91U
طرح تصرف کامل غزه توسط اسرائیل,https://www.youtube.com/watch?v=mRFNbeTC8yc
"Salitalk S27, Ep11 | سالی تاک، سری ۲۷، قسمت ۶۱: پول هست بودجه هست برای شما نیست",https://www.youtube.com/watch?v=eENSIhT27_U
manotoHUB Breaking News | انفجار دوباره بندر رجایی و آخرین‌ها از بازداشت متهمان ایرانی در بریتانیا,https://www.youtube.com/watch?v=VDK0TH4dld8
manotoHUB | بازداشت هفت ایرانی در بریتانیا؛ حمله به عبادتگاه‌ یهودیان,https://www.youtube.com/watch?v=avauhMbZHLs
Reportage - Tragedy of the Plasco Collapse | رپرتاژ - فاجعه سقوط پلاسکو,https://www.youtube.com/watch?v=nfxysQGnvj4
manotoHUB | ۱۴۰۴ آیا جمهوری اسلامی ترورهای برون‌مرزی را از سر گرفته؟ | یکشنبه ۱۴ اردیبهشت,https://www.youtube.com/watch?v=2kjnlrPfSZY
لاپوشانی سیستماتیک رویه جمهوری‌اسلامی,https://www.youtube.com/watch?v=SzE-9P9Stn4
«شکست روسیه در اوکراین پیروزی برای ملت ایران است»,https://www.youtube.com/watch?v=xAIKz-YN-Mk
فاجعه بندرعباس اعلام پایان عملیات,https://www.youtube.com/watch?v=iAG_ZNxbYoU
"Salitalk S27, Ep60 | سالی تاک، سری ۲۷، قسمت ۶۰: اتفاقات کرج و جبران عموود خیمه",https://www.youtube.com/watch?v=Fve7w0pZa6w
manotoHUB | خبر فوری: بازداشت هفت ایرانی توسط پلیس ضد تروریسم بریتانیا,https://www.youtube.com/watch?v=9QIQPDKL-0o
ابرقدرت منطقه آمریکا گرفت و اعمال قانون کردش!,https://www.youtube.com/watch?v=Nbc6IJRJKJE
Iran Man Va To | Abdollah Riazi | ایران من و تو | دکتر عبدالله ریاضی – صدای عقلانیت ایرانی,https://www.youtube.com/watch?v=JLsyvYuo7lA
Reportage - Sanchi Oil Tanker Disaster | رپرتاژ - فاجعه نفت‌کش سانچی,https://www.youtube.com/watch?v=lwEezHb-N7w
manotoHUB |۱۴۰۴ آیا مذاکرات جمهوری اسلامی و آمریکا شکست خورد؟ | شنبه ۱۳ اردیبهشت,https://www.youtube.com/watch?v=1yT9FQi10LI
"Salitalk S27, Ep59 | سالی تاک، سری ۲۷، قسمت۵۹:از نظر ج.ا مردم ایران همه نامحرم هستند",https://www.youtube.com/watch?v=CXc0VX_toro
«اظهارات روبیو به معنای پایان مذاکرات است»,https://www.youtube.com/watch?v=-Hc96fOgfDI
«ترکیه از جمهوری‌اسلامی در سوریه درس گرفته»,https://www.youtube.com/watch?v=mDAE01DScPg
Iran Man Va To | Asadollah Alam | ایران من و تو | اسدالله علم – صدای وفاداری، صدای ایرانِ بی‌مصلحت,https://www.youtube.com/watch?v=waFIhPhicMI
Iran Man Va To | MohammadReza Shah Pahlavi | ایران من‌وتو | محمدرضا شاه پهلوی,https://www.youtube.com/watch?v=xs14oCX86x4
Shervin Pishevar | شروین پیشه‌ور - کارآفرین و سرمایه‌گذار اوبر و ایر‌بی‌اند‌بی,https://www.youtube.com/watch?v=iMe9mMlZ50Q
من به طلسم و جادو اعتقاد ندارم ولی باور دارم ما رو طلسم کردن!,https://www.youtube.com/watch?v=x5F6H0E9FxE
Shahzadeh Reza Pahlavi - Iran Prosperity Project | شاهزاده رضا پهلوی - پروژه شکوفایی ایران,https://www.youtube.com/watch?v=Mce0TmuymD8
«توافقی در سطح برجام امتیازی بزرگ‌تر برای جمهوری‌اسلامی است»,https://www.youtube.com/watch?v=0c3-6Wks118
manotoHUB |گزارش اختصاصی از بندر رجایی و گفتگوی اختصاصی با شاهزاده رضا پهلوی | پنج‌شنبه ۱۱ اردیبهشت,https://www.youtube.com/watch?v=b7ZwrfTAWU8
The Shiraz Arts Festival | Jashn Honar Shiraz | جشن هنر شیراز,https://www.youtube.com/watch?v=BZOTDeuJqYI
جان کارگران بازیچه سوء مدیریت جمهوری‌اسلامی,https://www.youtube.com/watch?v=jvAjcn5p6WQ
مناقشه یمن؛ آمریکا و نزدیکی عربستان سعودی به چین,https://www.youtube.com/watch?v=s0sn8hHVmSs
جلوگیری از شفافیت برای مدیریت اطلاعات,https://www.youtube.com/watch?v=dz0Vmcs7nr0
Iran Man Va To | سخنرانی محمدرضا شاه پهلوی در روز کارگر سال ۱۳۵۵,https://www.youtube.com/watch?v=on7dZVaLpeM
حجت کلاشی: جهوری اسلامی به اعضا برجام پیشنهاد اقتصادی داده,https://www.youtube.com/watch?v=I2ub3V1aPmo
برای آینده ایران، هر شهروند وظیفه‌‌ای دارد,https://www.youtube.com/watch?v=cWgTg1WVSMs
manotoHUB | Shahzadeh Reza Pahlavi | سخنرانی کامل  شاهزاده رضا پهلوی درهمایش پروژه شکوفایی ایران,https://www.youtube.com/watch?v=GieCQRT_y1M
manotoHUB | پخش‌ زنده سخنرانی شاهزاده رضا پهلوی درهمایش«پروژه شکوفایی ایران» | چهارشنبه ۱۰ اردیبهشت,https://www.youtube.com/watch?v=AOZ0Q38Sr1g
Iran Man Va To | Mohammad Reza Ameli Tehrani |ایران من و تو |محمدرضا عاملی تهرانی - آخرین وزیر آزادی,https://www.youtube.com/watch?v=YFGm4FwuGzU
"Salitalk S27, Ep58 | سالی تاک، سری ۲۷، قسمت ۵۸:از نظر جمهوری اسلامی مردم ایران همه متهم هستند!",https://www.youtube.com/watch?v=yHuIPujYJ-4
Forgotten History | تاریخ فراموش شده,https://www.youtube.com/watch?v=0rlMO9O_IpA
شما چطور آیا با وجود جمهوری اسلامی احساس خوشبختی می‌کنید؟,https://www.youtube.com/watch?v=VX24TvJma_E
بابک شکرابی: نخست‌ وزیر جدید کانادا، مارک کارنی و اقامت دائم برای مهاجران با ویزا موقت,https://www.youtube.com/watch?v=nxNPfhD-aWQ
امین سوفیامهر: جمهوری اسلامی با «نمایش توافق» می‌کوشد، فعال‌سازی مکانیزم ماشه را به تعویق بیندازد,https://www.youtube.com/watch?v=H9vFMbwvLiY
اردوان خوشنود: یک پنهان‌کاری در کار است که هم سیستماتیک است و هم سیستمیک,https://www.youtube.com/watch?v=GhtuEQSKbkI
manotoHUB |احتمال وقوع فاجعه در بنادر دیگر؛ پنهان‌کاری ادامه دارد | سه‌شنبه ۹ اردیبهشت ۱۴۰۴,https://www.youtube.com/watch?v=lje9b-kn1mc
Iran Man Va To | MohammadReza Shah Pahlavi | ایران من‌وتو | محمدرضا شاه پهلوی، پادشاه رویای ایرانیان,https://www.youtube.com/watch?v=953VND21J1g
"Salitalk S27, Ep57 | سالی تاک، سری ۲۷، قسمت ۵۷: ایران عزادار، صداوسیمای در حال جشن!",https://www.youtube.com/watch?v=_F7q36tUJkg
Iran Man Va To | Mahmoud Jafarian |ایران من و تو | محمود جعفریان - صدای خاموش‌نشده‌ی ایران,https://www.youtube.com/watch?v=lG2iT3GfZ0Q
Iran Man Va To | The Lovers' Wind | ایران من و تو | مستند باد صبا,https://www.youtube.com/watch?v=_a8JxuQajjs
manotoHUB |پیش برنامه سه‌شنبه ۹ اردیبهشت ۱۴۰۴,https://www.youtube.com/watch?v=bQWjVFwmevo
گزارشگرمنوتو: «کی جوابگو کامیونداران و خانواده‌هاشونه؟»,https://www.youtube.com/watch?v=k7Ikhcy_JvI
شهروند تحلیلگر منوتو: «چهل و شش ساله داریم تسلیت میگیم»,https://www.youtube.com/watch?v=txr7eaOfToA
The Holocaust | پیشوای آلمان,https://www.youtube.com/watch?v=IbBXEsk0OQ4
جمهوری‌اسلامی و بورس برای حماس,https://www.youtube.com/watch?v=sp8c7nzL-sY
Iran Man Va To | Fereydoun Farrokhzad | ایران من و تو | فریدون فرخزاد – صدایی که آزادی را فریاد زد,https://www.youtube.com/watch?v=azQgTaScP1Q
ترامپ می‌خواهد با شرایطی که تعیین می‌کند توافق کند,https://www.youtube.com/watch?v=9ujph5Cl92c
گرد و غبار؛ بحرانی در حکمرانی سرزمینی ایران,https://www.youtube.com/watch?v=fJU97-RQbHk
خشم مردم و تلاش حکومت برای قهرمان نشان دادن خود,https://www.youtube.com/watch?v=UQobx0vqmvo
manotoHUB |محموله خطرناک عامل انفجار؛ انتشار تعداد کشته‌ها ممنوع شد | دوشنبه ۸ اردیبهشت ۱۴۰۴,https://www.youtube.com/watch?v=Yl7ndYP4p-Y
تقلای حکومت برای همدلی به جهت سرکوب خشم مردم,https://www.youtube.com/watch?v=vn2qaO7jPp8
manotoHUB |پیش برنامه دوشنبه ۸ اردیبهشت ۱۴۰۴,https://www.youtube.com/watch?v=5Lu-xivgsY0
جلال احسانی راد، کنشگر سیاسی: دلیل انتشار قطره چکانی اخبار توسط حکومت چیست؟,https://www.youtube.com/watch?v=_t6bAv0zdFo
فکر نکردیم شاید یک روز برای خودمون  اتفاق بیفته و همیشه نگاه کردیم,https://www.youtube.com/watch?v=5MRa-dXqMG8
Henry’s Salon S2 | EP 01,https://www.youtube.com/watch?v=Lf7Wa66p1tE
Henry’s Salon S2 | EP 04,https://www.youtube.com/watch?v=ctsDN5UbKaY
Henry’s Salon S2 | EP 03,https://www.youtube.com/watch?v=gPVoFnvvbXk
Henry’s Salon S2 | EP 02,https://www.youtube.com/watch?v=iltC632PNQo
manotoHUB | فاجعه بندرعباس؛ استفاده از مردم به عنوان سپر انسانی؟ | یکشنبه ۷ اردیبهشت ۱۴۰۴,https://www.youtube.com/watch?v=Q1rezqmhPN4
manotoHUB | پیش برنامه یکشنبه ۷ اردیبهشت ۱۴۰۴,https://www.youtube.com/watch?v=bcfkQYg-iq4
مژگان از بندرعباس: دم مردم گرم. فقط خودشون دارن به خودشون میرسن,https://www.youtube.com/watch?v=OYUQlK63Dko
مریم از بندرعباس: خیلی‌ها زیر آوار موندن. خیلی‌ها هنوز پیدا نشدن و آمار نقص عضویها به شدت بالاست,https://www.youtube.com/watch?v=83e0SF7XdSk
manotoHUB |انفجار مشکوک در روز مذاکرات؛ حکومت چه چیزی را مخفی‌ می‌کند؟ | شنبه ۶ اردیبهشت ۱۴۰۴,https://www.youtube.com/watch?v=VYDjJpPJ77g
«مذاکرات پیچیده‌تر و سخت‌تر خواهد شد»,https://www.youtube.com/watch?v=efZarGrnilk
«آنتون دشمن اصلی آمریکا را دولت چین می‌داند»,https://www.youtube.com/watch?v=8Hlj1Tb8By0
«جمهوری‌اسلامی ذره‌ای برای جان ایرانیان ارزش قائل نیست»,https://www.youtube.com/watch?v=76rb4MWs4f8
«انفجار بندر رجایی؛ مقدمات ظهور و اسرائیل»,https://www.youtube.com/watch?v=thjFAEn7EgY
"Salitalk S27, Ep56 | سالی تاک، سری ۲۷، قسمت ۵۶: بندر رجایی در آتش و صداو سیمای ساکت",https://www.youtube.com/watch?v=_ic5SXkQaE8
manotoHUB | پیش برنامه شنبه ۶ اردیبهشت ۱۴۰۴,https://www.youtube.com/watch?v=ncn-kj55xYs
"مصاحبه با دارا و شوبرت آواکیان در ارتباط با موزیک ویدئو ""آدمها""",https://www.youtube.com/watch?v=zjp5kzG5FIU
«آنتون؛ شاهین ترازوی ترامپ میان تیم فنی و سیاسی»,https://www.youtube.com/watch?v=03j9CEM2iiY
«روسیه؛ بهای ترامپ برای مقابله با چین»,https://www.youtube.com/watch?v=wfqWAzTy8cM
manotoHUB |پیش برنامه پنجشنبه ۴ اردیبهشت ۱۴۰۴,https://www.youtube.com/watch?v=fAvZQW4WR1c
Iran Javid - Teaser | ایران جاوید - تیزر,https://www.youtube.com/watch?v=DWtnECWxcr4
گیج کردن نظام با تنگنای تسلیم یا تقابل نظامی,https://www.youtube.com/watch?v=DSTOw5dJ-t0
کشته‌شدن ۶۰۰۰ نفر در تهران به دلیل آلودگی هوا,https://www.youtube.com/watch?v=9PbSapgDKEk
خط قرمز جمهوری‌اسلامی برای بهره‌گیری از کلید برنامه هسته‌ای نظامی,https://www.youtube.com/watch?v=k6rOBZ2_daw
"Salitalk S27, Ep55 | سالی تاک، سری ۲۷، قسمت ۵۵: بالاخره بعد از ۴۶ سال یه عرزشی فهمید",https://www.youtube.com/watch?v=xrLxnDIMBCA
اندی و همکاری با «اِد شیرِن» برای ترانه «عزیزم»,https://www.youtube.com/watch?v=6dsE-gzC3_c
«خلع سلاح حزب‌الله؛ اولویت بازسازی ملی لبنان»,https://www.youtube.com/watch?v=suFJR0VCUGI
manotoHUB | پیش برنامه چهارشنبه ۳ اردیبهشت ۱۴۰۴,https://www.youtube.com/watch?v=ZIs3UmaU0kQ
JOIN KON | چرا باید به یوتیوب منوتو JOIN بشیم؟,https://www.youtube.com/watch?v=xiJBiqpK6lQ
manotoHUB | گفتگو با نسرین؛ ستاره برنامه رنگارنگ تلویزیون,https://www.youtube.com/watch?v=Rm6rG8E1IjA
"Salitalk S27, Ep54 | سالی تاک، سری ۲۷، قسمت ۵۴: مدعی شدن که ۴۶ سال فقط با تقوا بردن جلو مملکت رو",https://www.youtube.com/watch?v=-ufLVXVKkRw
manotoHUB | پیش برنامه سه‌شنبه ۲ اردیبهشت ۱۴۰۴,https://www.youtube.com/watch?v=K343Yr3OHKA
«چین ایران را از دست بدهد، خاورمیانه‌ را از دست خواهد داد»,https://www.youtube.com/watch?v=EbB1dEbEnQw
«شانس این‌که مذاکرات به نتیجه نرسد بیش‌تر است»,https://www.youtube.com/watch?v=tbUmqbMs_7U
«نفوذ امنیتی به اسم فرهنگ‌سازی»,https://www.youtube.com/watch?v=bfGww-AHGrg
"Salitalk S27, Ep53 | سالی تاک، سری ۲۷، قسمت ۵۳: از نظر صداوسیما هنوز مذاکره نشده ایران سوییس شده",https://www.youtube.com/watch?v=Be8C-W2nRXY
چرا آزادی بر دموکراسی مقدم است,https://www.youtube.com/watch?v=HbDqzw1V8_E
حسادت بنیان سوسیالیسم است,https://www.youtube.com/watch?v=F_-5ad5uRm8
manotoHUB | پیش برنامه دوشنبه ۱ اردیبهشت ۱۴۰۴,https://www.youtube.com/watch?v=EN_T11FLgxQ
manotoHUB | خیالبافی حکومتی: دلار ارزان شد، هواپیما وارد شد | یکشنبه ۳۱ فروردین۱۴۰۴,https://www.youtube.com/watch?v=OHOcEc5P3Fg
"Salitalk S27, Ep52 | سالی تاک، سری ۲۷، قسمت ۵۲:طلبکاری  مسئولین از مردم برای بی کفایتی خودشون",https://www.youtube.com/watch?v=Y5HYnzhPEI0
manotoHUB | پیش برنامه یکشنبه ۳۱ فروردین۱۴۰۴,https://www.youtube.com/watch?v=xc5fZWT95OU
مفهوم ملی‌گرایی مثل یک چراغ برای من روشن شد,https://www.youtube.com/watch?v=ma_hjtsU-2w
تاثیر و نقش منوتو در شناخت ملی‌گرایی به مردم ایران,https://www.youtube.com/watch?v=OthPTN_irVc
manotoHUB | آنچه درباره دور دوم مذاکرات باید بدانیم | شنبه ۳۰ فروردین۱۴۰۴,https://www.youtube.com/watch?v=LMtOB1WhqVo
«ارسال تجهیزات به اسرائیل با هدف حمله واقعی»,https://www.youtube.com/watch?v=ZNZF_SyOw_o
چرا آمریکا شمار نیروهایش را در سوریه کاهش می‌دهد؟,https://www.youtube.com/watch?v=F0JqcHv59Ic
مانور جمهوری‌اسلامی در بحث‌های فنی و زمان‌ خریدن,https://www.youtube.com/watch?v=hsq18uWdsNE
manotoHUB | پایان گفتگو‌های تهران واشنگتن در رم,https://www.youtube.com/watch?v=UWjbRLa8fkc
"Salitalk S27, Ep51 | سالی تاک، سری ۲۷، قسمت ۵۱: عراقچی تا کرولاین لیویت رو نبینه میره مرحله بعدی!",https://www.youtube.com/watch?v=LeYF4PscnE0
BOOM - Ep05 | بوم - قسمت ۵,https://www.youtube.com/watch?v=FzDQC72o0CE
"Befarmaeed Shaam LA, G5, EP04  | بفرمایید شام، لس آنجلس - گروه ۵ شب چهارم",https://www.youtube.com/watch?v=xLwMeKRecCk
manotoHUB | جنگ زرگری؛ تاکتیک مذاکراتی حکومت,https://www.youtube.com/watch?v=ouj2adi01iE
manotoHUB | گروسی وارد مذاکرات تهران-واشنگتن می‌شود؟,https://www.youtube.com/watch?v=G0DWdql4dqM
manotoHUB |گفتگوی اختصاصی با کارگردان موزیک ویدیوی «عزیزم» | پنجشنبه ۲۸ فروردین۱۴۰۴,https://www.youtube.com/watch?v=Nz5bdjcbJC0
manotoHUB | شاهزاده سعودی در برابر خامنه‌ای,https://www.youtube.com/watch?v=DmTeXOOc4AY
"Befarmaeed Shaam LA, G5, EP03  | بفرمایید شام، لس آنجلس - گروه ۵ شب سوم",https://www.youtube.com/watch?v=VfEpcw_l0mE
manotoHUB | سناریوهای پیش روی تهران: «چماق، هویج و اَره»,https://www.youtube.com/watch?v=BLowEBcn8DU
manotoHUB | IR9؛ دلیل عجله آمریکا برای توقف برنامه هسته‌ای تهران,https://www.youtube.com/watch?v=4xKR_ea4vVw
manotoHUB |مصاحبه پخش نشده از تتلو پس از ۱۸ سال و احتمال شکست مذاکرات | چهارشنبه ۲۷ فروردین۱۴۰۴,https://www.youtube.com/watch?v=EXY3KnmA1IU
manotoHUB | سفر ویتکاف و روبیو به فرانسه؛ تصمیم جدیدی در راه است؟,https://www.youtube.com/watch?v=HVOa2XiRfSw
"Salitalk S27, Ep50 | سالی تاک، سری ۲۷، قسمت ۵۰:خامنه ای همه سخنرانی های سال ۱۴۰۳ رو پاک کرد",https://www.youtube.com/watch?v=pC-Bn7ZlHrw
manotoHUB - Rastak | گروه رستاک  «از خاک و  آفتاب» می‌گوید,https://www.youtube.com/watch?v=gMtuawOkL_0
manotoHUB | دوراهی «برق خانگی» یا «برق صنعتی» روی میز دولت,https://www.youtube.com/watch?v=D_bvciZhw_w
manotoHUB | رودخانه‌ها دیگر مال مردم نیستند,https://www.youtube.com/watch?v=GasYgxhcvk0
manotoHUB | تصمیم سخت خامنه‌ای: امکان راستی آزمایی موشک و بمب,https://www.youtube.com/watch?v=ezDi73wBohU
manotoHUB | تصمیم سخت خامنه‌ای: امکان راستی آزمایی موشک و بمب | سه‌شنبه ۲۶ فروردین۱۴۰۴,https://www.youtube.com/watch?v=2TvQcFOjt2c
"Salitalk S27, Ep49 | سالی تاک، سری ۲۷، قسمت ۴۹: بالاخره عمووود خیمه درباره مذاکره دهنش رو باز کرد",https://www.youtube.com/watch?v=Cr5vwQKWJpk
manotoHUB | اصولگراها نگران پیش‌خوری اصلاح‌طلبان,https://www.youtube.com/watch?v=Rm_cxNbev4c
manotoHUB | سوء‌استفاده ترامپ از پوتین در مناقشه اوکراین,https://www.youtube.com/watch?v=X1bO5rlO7nU
manotoHUB | ترس سپاه از اعتراضات مردمی: «توهم فروشی» نکنید |  دوشنبه ۲۵ فروردین۱۴۰۴,https://www.youtube.com/watch?v=EYeNqjrsiHg
manotoHUB | منافع روسیه در منطقه در تضاد با منافع آمریکا,https://www.youtube.com/watch?v=aXvlKXGf1Ec
manotoHUB | چرا اسرائیل نسبت به مذاکرات بدبین است؟,https://www.youtube.com/watch?v=bzG5jmzrHk0
"Salitalk S27, Ep 48 | سالی تاک، سری ۲۷، قسمت ۴۸: پورازغدی: رییس جمهورهامون عشق آمریکا دارن",https://www.youtube.com/watch?v=uua7Gm_-hwk
manotoHUB | ترامپ، تسلیم می‌خواهد: هم اتمی، هم موشکی و هم نیابتی,https://www.youtube.com/watch?v=X_NoWvsp3qc
manotoHUB | کابوس در نمازخانه:آزارجنسی پسران به نام «تنبیه سربازی»,https://www.youtube.com/watch?v=xWRe_-pLpHg
manotoHUB | سکوت خامنه‌ای و خبر درمانی پس از مذاکرات,https://www.youtube.com/watch?v=n47tmBI-ykE
manotoHUB | خبر درمانی به سبک جمهوری‌اسلامی برای کنترل بازار,https://www.youtube.com/watch?v=9jZFPJLtrNA
manotoHUB | سکوت خامنه‌ای و خبر درمانی پس از مذاکرات | یکشنبه ۲۴ فروردین۱۴۰۴,https://www.youtube.com/watch?v=JWMC39Rb2lg
"Salitalk S27, Ep 47| سالی تاک، سری ۲۷، قسمت ۴۷:خفت و خواری خامنه ای بعد از سر خم کردن جلو قاتل قاسم",https://www.youtube.com/watch?v=yscTPK1I3gE
manotoHUB | چرا برخی به جای براندازی، حذف خامنه‌ای را تجویز می‌کنند؟,https://www.youtube.com/watch?v=VmGPKfg067k
manotoHUB | مرد در سایه آمریکایی‌ها در عمان,https://www.youtube.com/watch?v=weF3Fal45TE
manotoHUB | آنچه درباره مذاکرات امروز در عمان نمی‌دانید | شنبه ۲۳ فروردین۱۴۰۴,https://www.youtube.com/watch?v=jBE26JJRS5Y
"Befarmaeed Shaam LA, G5, EP02  | بفرمایید شام، لس آنجلس - گروه ۵ شب دوم",https://www.youtube.com/watch?v=WRwkEAv5uag
"Salitalk S27, Ep46 | سالی تاک، سری ۲۷، قسمت ۴۶:عرزشی گنده گوی غزه نرو عمان برو",https://www.youtube.com/watch?v=BjIFMwgn-Bg
Welcome To My Life - Atena Shah Moradi | به زندگی من خوش آمدید - آتنا شاه‌ مرادی، طراح پارچه و لباس,https://www.youtube.com/watch?v=DimZ8B_4zy8
"Befarmaeed Shaam LA, G5, EP01  | بفرمایید شام، لس آنجلس - گروه ۵ شب اول",https://www.youtube.com/watch?v=hrsZqM9WAHw
manotoHUB |هشدار رسانه‌های حکومت درباره احتمال بالاگرفتن اعتراضات | پنجشنبه ۲۱ فروردین۱۴۰۴,https://www.youtube.com/watch?v=tPYj61zB5PQ
manotoHUB | گپ و گفت خودمانی شهرام آذر با منوتوهاب,https://www.youtube.com/watch?v=JspKZUl0DaM
manotoHUB | مخالفت ارزشی‌ها با تصمیم خامنه‌ای برای مذاکراه با قاتل سلیمانی,https://www.youtube.com/watch?v=vToOW4ksYuc
manotoHUB |مخالفت ارزشی‌ها با تصمیم خامنه‌ای برای مذاکراه با قاتل سلیمانی | چهارشنبه ۲۰ فروردین۱۴۰۴,https://www.youtube.com/watch?v=zvf2OiE0lKY
manotoHUB | در سایه فشار، چراغ سبز تهران به سرمایه‌گذاران آمریکایی,https://www.youtube.com/watch?v=oim_bQX7yTg
"Salitalk S27, Ep45 | سالی تاک، سری ۲۷، قسمت ۴۵: معنی مذاکره غیر مستقیم چیست",https://www.youtube.com/watch?v=bpWx-7OFzFg
manotoHUB | تاریخچه مذاکرات جمهوری اسلامی با آمریکا؛ اینبار چه فرقی دارد؟,https://www.youtube.com/watch?v=jFk7HmAyv0A
manotoHUB |آیا خامنه‌ای، «آبنبات ترشِ» ترامپ را می‌بلعد؟ | سه‌شنبه ۱۹ فروردین۱۴۰۴,https://www.youtube.com/watch?v=ZJI9-hC6OSU
manotoHUB | یک جام زهر دیگر؛ آیا خامنه‌ای مدل لیبی را می‌پذیرد؟,https://www.youtube.com/watch?v=vkdeeQVTgOo
manotoHUB | دانش‌آموزان ایرانی جزو ضعیف‌ترین‌ها در جهان!,https://www.youtube.com/watch?v=AFS9IRJ4EG8
"Salitalk S27, Ep 44 | سالی تاک، سری ۲۷، قسمت ۴۴:چرخش غیرشرافتمندانه عمووود خیمه",https://www.youtube.com/watch?v=NR3K4PLtS_c
manotoHUB | نیابتی‌ها و ضد اطلاعات جمهوری‌اسلامی برای وقت خریدن,https://www.youtube.com/watch?v=JSp8nU4VZbI
manotoHUB | نشست «حمایت حداکثری» با حضور شاهزاده رضا پهلوی,https://www.youtube.com/watch?v=MgeAPw8QOKk
manotoHUB | قطعی گسترده اینترنت در راه است,https://www.youtube.com/watch?v=gXaK9ZvssdY
manotoHUB | نشست زنده با شاهزاده رضا پهلوی | دوشنبه ۱۸ فروردین۱۴۰۴,https://www.youtube.com/watch?v=GWNBwEtPhiE
MANOTOHUB | نامه سرگشاده به پزشکیان: به جای قوم‌گرایی بر شایستگی و وطن‌پرستی تاکید کنید,https://www.youtube.com/watch?v=25qNfTHFEOE
"Salitalk S27, Ep43 | سالی تاک، سری ۲۷، قسمت ۴۳: سفیر سابق کمدین جدید",https://www.youtube.com/watch?v=sE6JfUAVj_4
manotoHUB | توهم آب، واقعیت بحران؛ ریشه درگیری‌های آبی در اصفهان کجاست؟,https://www.youtube.com/watch?v=Suky1SBB9-M
manotoHUB | آیا جمهوری اسلامی توان پاسخ به حمله نظامی احتمالی را دارد؟,https://www.youtube.com/watch?v=CKs0vfWZilU
manotoHUB | «تلاش برای تاثیر‌گذاری روی ذهن ترامپ با شل‌کن سفت کن»,https://www.youtube.com/watch?v=8hGb5owyQGY
manotoHUB | سیب زمینی گران‌تر از آووکادو,https://www.youtube.com/watch?v=3pl_wlN8-tU
manotoHUB   آیا جمهوری اسلامی توان مقابله با حمله نظامی را دارد؟ | یکشنبه ۱۷ فروردین۱۴۰۴,https://www.youtube.com/watch?v=HEaSq3h07sY
"Salitalk S27, Ep42 | سالی تاک، سری ۲۷، قسمت ۴۲:بانک جهانی چرا به این بدبخت های تروریست پول نمیدی؟",https://www.youtube.com/watch?v=f6EWxSLO3FM
"Befarmaeed Shaam LA, G4, EP04  | بفرمایید شام، لس آنجلس - گروه ۴ شب چهارم",https://www.youtube.com/watch?v=ADhIiHsvNmA
manotoHUB | آیا خامنه‌ای مانند قذافی در برابر غرب زانو خواهد زد؟ |  شنبه ۱۶ فروردین۱۴۰۴,https://www.youtube.com/watch?v=xBFRFu4iJLk
manotoHAB | ابهامات مرگ ابوالفضل عابدینی‌نصر چیست؟,https://www.youtube.com/watch?v=7GESfDAi8CI
manotoHUB |  آیا خامنه‌ای مانند قذافی در برابر غرب زانو خواهد زد؟,https://www.youtube.com/watch?v=zwS_RAv5D-k
"Salitalk S27, Ep41 | سالی تاک، سری ۲۷، قسمت ۴۱:زجرهای دختر ابراهیم رییسی از پدرش در خانه!",https://www.youtube.com/watch?v=S-iXIC9fai8
manotoHUB | تئوری‌های مطرح شده درباره مرگ حسینعلی نیری,https://www.youtube.com/watch?v=_YXQ86dd44k
manotoHUB | نقش روسیه در تنش‌های جمهوری‌اسلامی و آمریکا,https://www.youtube.com/watch?v=657IMzlVGIE
manotoHUB | آینده مردم در صورت توافق حکومت با آمریکا | پنجشنبه ۱۴ فروردین۱۴۰۴,https://www.youtube.com/watch?v=1JNyh63RNTQ
manotoHUB | خودمانی و بی‌پرده با حمید فرخ‌نژاد,https://www.youtube.com/watch?v=Lsbb6gxHNlY
manotoHUB | «نه پول و نه سرباز آمریکایی‌ها را می‌خواهیم»,https://www.youtube.com/watch?v=aYl5aDzjFuA
از حمید فرخ نژاد سوال بپرسید,https://www.youtube.com/watch?v=xjjI53__DhU
manotoHUB | تشکیل جلسه «نادر» کابینه دولت فرانسه درباره ایران,https://www.youtube.com/watch?v=s6xYWXDSQZ4
manotoHUB | محاصره نظامی رژیم؛ جنگنده‌‌های آمریکا به منطقه رسیدند,https://www.youtube.com/watch?v=VTnTVRdISkE
Norouz Greeting from Amir-Abbas Hoveyda | شادباش نوروزی امیرعباس هویدا,https://www.youtube.com/watch?v=Hlg-KOQll7g
manotoHUB | محاصره نظامی رژیم؛ جنگنده‌‌های آمریکا به منطقه رسیدند | چهارشنبه ۱۳ فروردین۱۴۰۴,https://www.youtube.com/watch?v=TAHi6IpBvVg
"The Banquet Of History, Episode 5  - The Great Civilization | میهمانی تاریخ - قسمت ۵ تمدن بزرگ",https://www.youtube.com/watch?v=azXKoUpkPJs
"Salitalk S27, Ep40 | سالی تاک، سری ۲۷، قسمت ۴۰: سیزده به در و شروط برای مذاکره با آمریکا",https://www.youtube.com/watch?v=Vqz030kdIpU
"Befarmaeed Shaam LA, G4, EP02  | بفرمایید شام، لس آنجلس - گروه ۴ شب دوم",https://www.youtube.com/watch?v=CSDNZCMV_NQ
حضور گسترده مردم در تخت‌جمشید به مناسبت سیزده به‌در,https://www.youtube.com/watch?v=Kf4RE_BEw90
بازخوانی سرود ملی «ای ایران»؛ پل ورسک,https://www.youtube.com/watch?v=YRstYB1YbeE
آوازخوانی در پل خواجو,https://www.youtube.com/watch?v=fa0F8aUjqpU
سیزده به‌در در نهاوند؛ همخوانی خانوادگی سرود «ای ایران»,https://www.youtube.com/watch?v=S_5YnZSyeVM
گزارشگر منوتو: سیزده‌به‌در ۱۴۰۴؛ «جاوید شاه».,https://www.youtube.com/watch?v=UIosNZeHXTY
manotoHUB | محمدرضا شاه چطور یک پادشاه ساسانی را دوباره زنده کرد؟,https://www.youtube.com/watch?v=hehkf7BfpXc
manotoHUB | «با مطرح کردن بمب اتمی می‌خواهند به سرکوبگران در داخل قوت قلب دهند»,https://www.youtube.com/watch?v=YvSaHot3A94
manotoHUB | آیا حمله نظامی منجر به سقوط جمهوری اسلامی می‌شود؟ | سه‌شنبه ۱۲ فروردین۱۴۰۴,https://www.youtube.com/watch?v=Lsbqx1ifmjc
"The Banquet Of History, Episode 4  - Parade of History | میهمانی تاریخ - قسمت ۴ رژه تاریخ",https://www.youtube.com/watch?v=NDk-OAX-r-s
manotoHUB | ترور مقام ارشد حزب‌الله و سپاه قدس در بیروت؛ تنش‌ها بیشتر می‌شود؟,https://www.youtube.com/watch?v=vt-ncfV_s1s
manotoHUB | «سه هراس خامنه‌ای؛ درگیری نظامی، انقلاب ملی و ترورهای اسرائيل»,https://www.youtube.com/watch?v=OmV4dAeTzmY
امروز در خبرها ۱۲ فروردین ۱۴۰۴,https://www.youtube.com/watch?v=c92CzKS89uQ
"Salitalk S27, Ep39 | سالی تاک، سری ۲۷، قسمت ۳۹: صبحانه میلیونی لاغری آخوندی",https://www.youtube.com/watch?v=W85qsZ-Q3lg
Iran | مرز پر گوهر,https://www.youtube.com/watch?v=S52tLcsRR30
"manotoHUB | سرود ""ای ایران"" برای کیست؟ | دوشنبه ۱۱ فروردین۱۴۰۴",https://www.youtube.com/watch?v=RBbZWFJ9tfY
"The Banquet Of History, Episode 3  - Royal Banquet | میهمانی تاریخ - قسمت ۳ ضیافت سلطنتی",https://www.youtube.com/watch?v=J10qbj_r1q4
امروز در خبرها ۱۱ فروردین ۱۴۰۴,https://www.youtube.com/watch?v=kf46XIf201U
manotoHUB | «ملت خیالی خامنه‌ای و صدور فرمان سرکوب»,https://www.youtube.com/watch?v=E7DWrWJRNrI
manotoHUB | کمپ انقلاب اسلامی و نیابتی‌هایش در مقابل کمپ ثبات در منطقه,https://www.youtube.com/watch?v=27rrZlZgnk8
امروز در خبرها ۱۱ فروردین ۱۴۰۴,https://www.youtube.com/watch?v=oBkhYeqYLzw
"Salitalk S27, Ep38 | سالی تاک، سری ۲۷، قسمت ۳۸:چرا زباله ها رو ریختین رو زباله ها؟",https://www.youtube.com/watch?v=plKYN7HaDIs
اعتراضات مردمی علیه حماس,https://www.youtube.com/watch?v=21AwpFZ9jQE
ادامه این روند می‌تواند به ناامیدی «هسته سخت نظام» منجر شود,https://www.youtube.com/watch?v=91YhHCjKA4s
manotoHUB | ماجرای حضور اعضای خانواده خامنه‌ای در مذاکرات,https://www.youtube.com/watch?v=ZBqpmDks-sA
manotoHUB | چهار نگاه به ایران در میز خبر| یکشنبه  ۱۰ فروردین ۱۴۰۴,https://www.youtube.com/watch?v=PN5vMFc33wI
manotoHUB | افشای حساب‌های نجومی خودی‌ها توسط هکرهای «کدبرکرز»,https://www.youtube.com/watch?v=KAp0iCZXdNk
"The Banquet Of History, Episode 2 - The Institution of Monarchy | میهمانی تاریخ - قسمت ۲ نهاد سلطنت",https://www.youtube.com/watch?v=MIrPkqGsjKM
دیدگاه محمدرضا شاه پهلوی، درباره نقش ایران در جهان در مراسم میهمانی تاریخ,https://www.youtube.com/watch?v=HaNTWn5np_E
"Befarmaeed Shaam LA, G6, EP01 | بفرمایید شام، لس آنجلس - گروه ۶ شب اول",https://www.youtube.com/watch?v=5zdqcMcGkzo
"Befarmaeed Shaam LA, G6, EP02 | بفرمایید شام، لس آنجلس - گروه ۶ شب دوم",https://www.youtube.com/watch?v=C5kC7Eg3i5o
"Befarmaeed Shaam LA, G6, EP04 | بفرمایید شام، لس آنجلس - گروه ۶ شب چهارم",https://www.youtube.com/watch?v=HpCx6u2vcbU
"Befarmaeed Shaam LA, G6, EP03 | بفرمایید شام، لس آنجلس - گروه ۶ شب سوم",https://www.youtube.com/watch?v=Sbyee_r5jfU
"Befarmaeed Shaam LA, G4, EP01  | بفرمایید شام، لس آنجلس - گروه ۴ شب اول",https://www.youtube.com/watch?v=EGCOVJOci7Q
"Salitalk S27, Ep37 | سالی تاک، سری۲۷، قسمت ۳۷: سانسور شعار مرگ بر آمریکا در روز قدس",https://www.youtube.com/watch?v=-E6D2LP6g5I
manotoHUB | حامیان دستگاه سرکوب هم طعم چماق حکومت را چشیدند | شنبه  ۹ فروردین ۱۴۰۴,https://www.youtube.com/watch?v=gFJe2sURrZw
"The Banquet Of History, Episode 1 - National Identity |  میهمانی تاریخ - قسمت ۱ هویت ملی",https://www.youtube.com/watch?v=r-14u7rA5ug
نامه خامه‌ای به ترامپ، از آیت‌الله خامنه‌ای گرامی تا تهدید به پاسخ ویرانگر و مرگبار,https://www.youtube.com/watch?v=8p63qUzcOQ8
کتک زدن طرفداران اجاره‌ای حکومت توسط حکومت,https://www.youtube.com/watch?v=qto-jT6-plI
فردای ایران با استایل جیبلی استودیو,https://www.youtube.com/watch?v=HUvilHNmmTI
Manoto Archive | سخنرانی دکتر عزت‌الله همایون‌فر: راز بقای ملت بزرگ ایران در طول قرون,https://www.youtube.com/watch?v=_AvEwVB75LY
Ey Iran | ای ایران,https://www.youtube.com/watch?v=gliChbSwtY4
"Salitalk S27, Ep21 | سالی تاک، سری ۲۷، قسمت ۲۱: آخوندا هم دیگه پکیج دارن ارائه میدن",https://www.youtube.com/watch?v=id4OZJn-kjw
"Salitalk S27, Ep20 | سالی تاک، سری ۲۷، قسمت ۲۰:دزد ها در ایران با ایمان هستند",https://www.youtube.com/watch?v=59pQKm_slV8
manotoHUB | شکایت آمریکا برای مصادره ۴۷ میلیون دلار فروش نفت ایران,https://www.youtube.com/watch?v=6JQbKPynbFY
manotoHUB | «ابوالفضل عابدینی برای ایران نفس می‌کشید»,https://www.youtube.com/watch?v=aPqgvGtuSFA
manotoHUB | نفت سپاه در کرواسی؛ آمریکا وارد عمل شد | پنجشنبه ۷ فروردین ۱۴۰۴,https://www.youtube.com/watch?v=5-1k3dqFTUw
manotoHUB | گفتگو نوروزی با شهناز تهرانی,https://www.youtube.com/watch?v=m7mdrJ3LOI8
"Let’s Imagine Together, Manoto | با هم‌ تصور کنیم، منوتو",https://www.youtube.com/watch?v=a2bsE0SxR7g
manotoHUB | «هدف حماس لبنانیزه کردن باریکه غزه است»,https://www.youtube.com/watch?v=kwDJNQUyaQY
"Salitalk S27, Ep18 | سالی تاک، سری ۲۷، قسمت ۱۸:عراقچی اینجا،عراقچی اونجا، عراقچی همه جا",https://www.youtube.com/watch?v=Xta3Q1cJjWI
manotoHUB | شیر یا خط خامنه‌ای؛ تسلیم یا تقابل,https://www.youtube.com/watch?v=fD7fD57Ku5k
manotoHUB | زادروز زرتشت؛ پیام او برای ایرانِ امروز چیست؟ | چهارشنبه ۶ فروردین ۱۴۰۴,https://www.youtube.com/watch?v=5MZF3Y5FgTI
manotoHUB | سمت درست تاریخ ؛ زرتشت به ما چه می‌گوید؟,https://www.youtube.com/watch?v=1qQEDUIFeF4
manotoHUB I عربستان؛ بازیگر پنهان در مناقشه آمریکا و حوثی‌ها؟,https://www.youtube.com/watch?v=RDJxVXK_aI0
"Salitalk S27, Ep19 | سالی تاک، سری ۲۷، قسمت ۱۹:میرسلیم: کی گفته نفت مال مردمه؟!",https://www.youtube.com/watch?v=lqzTGOg_bRo
manotoHUB | شیر و خورشید؛ نمادی با ریشه‌های تاریخی در هویت ایرانی و نه مذهب اسلام,https://www.youtube.com/watch?v=oaCQeXMchmE
"Befarmaeed Shaam LA, G6 | جنجالی‌ترین قسمت بفرمایید شام لس‌آنجلس",https://www.youtube.com/watch?v=ehCKiB5Zwek
manotoHUB | بزرگترین گردهمایی ایرانیان برای به رسمیت شناختن رهبری شاهزاده رضا پهلوی,https://www.youtube.com/watch?v=EF-v8zxyjy0
manotoHUB | تبریز در «جغرافیای معنوی ترکیه»؛ جاه‌طلبی‌های عثمانی‌گرایانه اردوغان؟,https://www.youtube.com/watch?v=uMK9UrZ60Eg
manotoHUB | از تبریز تا غزه؛ جاه‌طلبی‌های عثمانی‌گرایانه اردوغان | سه‌شنبه ۵ فروردین ۱۴۰۴,https://www.youtube.com/watch?v=Zgpa2Hh-KXk
manotoHUB | «دنیای جدید» برای جمهوری اسلامی چگونه است؟,https://www.youtube.com/watch?v=sJVRy30l2so
manotoHUB | وقتی هنر با شاهنامه پیوند می‌خورد | گفت‌وگو با بنفشه خاتمی,https://www.youtube.com/watch?v=NErgpdYmmdg
manotoHUB | ترکیه در روز پنجم اعتراضات: «یا همه یا هیچ‌کس!»,https://www.youtube.com/watch?v=MIsvL0kwyyk
manotoHUB | دروغ عراقچی؛ ترس نظام از ریزش‌‌ها یا جنگ با آمریکا؟,https://www.youtube.com/watch?v=aEqaASEfWOs
manotoHUB | ای ایران، سرود اتحاد ملی | دوشنبه ۴ فروردین ۱۴۰۴,https://www.youtube.com/watch?v=Aq5mpcu61hE
بازی جمهوری اسلامی با آتش قوم‌گرایی,https://www.youtube.com/watch?v=cnUiNPd64kg
manotoHUB |تحریم نخستین «پالایشگاه کتری» چین؛ جمهوری اسلامی به سقوط نزدیک‌تر شد؟,https://www.youtube.com/watch?v=91iWMXJrJtU
manotoHUB | با تداوم اعتراضات،‌ آیا ترکیه در مسیر یک تغییر بزرگ است؟,https://www.youtube.com/watch?v=HvTXbqX_IQg
manotoHUB | آیا ترکیه در مسیر یک تغییر بزرگ است؟ | یکشنبه ۳ فروردین ۱۴۰۴,https://www.youtube.com/watch?v=22k3LYlAjXs
"Salitalk S27, Ep36 | سالی تاک، سری ۲۷، قسمت ۳۶:حاج آقا انصاریان واقعا نشادر لازمه",https://www.youtube.com/watch?v=NkrDby0Fr0Y
جوین شدن حرام است!,https://www.youtube.com/watch?v=_r3oSMZZVTQ
بوی سوختگی خانم محمودی,https://www.youtube.com/watch?v=HKsSich_XVQ
"1970s Iran - EP5, Shah and Nixon | ایران دهه ۵۰ - قسمت پنجم، شاه و نیکسون",https://www.youtube.com/watch?v=egLpSmhkfkg
"1970s Iran - EP6, Iran and Israel | ایران دهه ۵۰ - قسمت ششم، ایران و اسرائیل",https://www.youtube.com/watch?v=qNMeTxBPReE
"1970s Iran - EP8, Nuclear Program | ایران دهه ۵۰ - قسمت هشتم، برنامه اتمی",https://www.youtube.com/watch?v=TFteoj6UIR4
"Befarmaeed Shaam LA, G3, EP04  | بفرمایید شام، لس آنجلس - گروه ۳ شب چهارم",https://www.youtube.com/watch?v=MfdQ5ttBugI
"Befarmaeed Shaam LA, G3, EP03  | بفرمایید شام، لس آنجلس - گروه ۳ شب سوم",https://www.youtube.com/watch?v=cEgFZklM9A4
"Salitalk S27, Ep17 | سالی تاک، سری ۲۷، قسمت ۱۷:بالاخره پهن الله از تو یخچال رفت تو خاک",https://www.youtube.com/watch?v=PXbwNGzQp2U
BOOM - Ep03 | بوم - قسمت ۳,https://www.youtube.com/watch?v=9jeW748pWjg
manotoHUB | توهم مذاکره؛ خامنه‌ای گوشه رینگ ترامپ,https://www.youtube.com/watch?v=LZ2BiFCLCL8
manotoHUB | مهندسی و دستکاری حکومت در ارومیه؛ جنگ جمهوری‌اسلامی با هویت ملی,https://www.youtube.com/watch?v=xyyrCiZsOPU
"Salitalk S27, Ep35 | سالی تاک، سری ۲۷، قسمت ۳۵: ترجمه صحبت های عموود خیمه",https://www.youtube.com/watch?v=NRaX1-ORj60
manotoHUB |دلیل ترس جمهوری اسلامی از همدلی مردم چیست؟ | شنبه ۲ فروردین ۱۴۰۴,https://www.youtube.com/watch?v=2HnHCaC7Gi4
گزارشگرمنوتو: «با افتخار گزارشگرمنوتو از مشهد هستم»,https://www.youtube.com/watch?v=PeNHvxjjyIc
«مایی که میلیونی هستیم چطور گیر کردیم تو تنهایی...»,https://www.youtube.com/watch?v=oEQtAG3E9q0
«کیست دم از مرگ وطن می‌زند؟» سروده مصطفی بادکوبه‌ای توسط یکی از حاضرین در آرامگاه فردوسی بازخوانی شد,https://www.youtube.com/watch?v=E6KjDG7op5w
manotoHUB | نوروز متفاوت ایران، با صدای بلند ملت | نوروز ۱۴۰۴,https://www.youtube.com/watch?v=PLwyrtCQeeU
«رضا شاه» روحت شاد شعار مردم در تخت جمشید,https://www.youtube.com/watch?v=0_Gt8P0qId8
جاوید شاه در تحت جمشید,https://www.youtube.com/watch?v=zpD3dlzwhAE
طنین نوای ای ایران در حافظیه,https://www.youtube.com/watch?v=4bji9OTRxKc
فریاد مردم در مقبره فردوسی؛ «رضا شاه روحت شاد»,https://www.youtube.com/watch?v=dAFnrixC-s0
manotoHUB | ترامپ به خامنه‌ای؛ فقط دو ماه وقت داری | چهارشنبه ۲۹ اسفند ۱۴۰۳,https://www.youtube.com/watch?v=XGjHbdemqnU
"Salitalk S27, Ep34 | سالی تاک، سری ۲۷، قسمت ۳۴: ذکر جدید برای دستشویی رفتن",https://www.youtube.com/watch?v=cjBNuufw94M
manotoHUB - Norouz Manoto | پریسا و توضیح درباره ویژه برنامه نوروزهای منوتو,https://www.youtube.com/watch?v=p2T9e5f5Dwg
manotoHUB | دلار ۱۰۰ هزار تومانی؛ فروپاشی اقتصادی؟,https://www.youtube.com/watch?v=J9RCExXGnBE
manotoHUB | حمله حوثی‌ها به اسرائیل؛ هشدار ترامپ به خامنه‌ای عملی می‌شود؟,https://www.youtube.com/watch?v=enU0sdsM4do
manotoHUB | حمله حوثی‌ها به اسرائیل؛ آیا این آغاز جنگ با خامنه‌ای است؟ | سه‌شنبه ۲۸ اسفند ۱۴۰۳,https://www.youtube.com/watch?v=7Owtrdm92cs
"Salitalk S27, Ep33 | سالی تاک، سری ۲۷، قسمت ۳۳: این حکومت به دلار که هیچ به قرمه سبزی هم رحم نکرد",https://www.youtube.com/watch?v=6sHVyQF38GY
با هم‌تصور‌کنیم 🙏,https://www.youtube.com/watch?v=9Xw4xkFzAlQ
اگر نمی‌توانید به کانال یوتوب منوتو جوین شوید #JOIN_KON,https://www.youtube.com/watch?v=U63U4CRLJyM
manottoHUB | رفع حصر کروبی؛ معامله باخت‌ باخت خامنه‌ای,https://www.youtube.com/watch?v=LEDJ3NaA_z8
18 March 2025,https://www.youtube.com/watch?v=wtmupedw7G8
manotoHUB | پیامد‌های کشیده‌شدن تنش‌های تهران واشنگتن به جنگ آمریکا با یمن,https://www.youtube.com/watch?v=IFlTjex2TVI
manottoHUB | در جامعه امروز مردم الیت هستند,https://www.youtube.com/watch?v=nuBw2w8ud8g
manotoHUB | جمهوری اسلامی سیب زمینی را به عراق صادر کرد، بعد همان را وارد کرد,https://www.youtube.com/watch?v=UCP1272WC24
manotoHUB | ترامپ: حمله حوثی‌ها به ما حمله ایران است | دوشنبه ۲۷ اسفند ۱۴۰۳,https://www.youtube.com/watch?v=73b6UA669nQ
"Salitalk S27, Ep32 | سالی تاک، سری ۲۷، قسمت ۳۲:حوثی ها هم پیروز شدند",https://www.youtube.com/watch?v=JvHlUAdwBn0
manotoHUB | جیره بندی و احتمال ورود آلودگی به شبکه آب,https://www.youtube.com/watch?v=tKaXedARDjI
manotoHUB | تعطیلی در تیررس رسانه‌های دولتی آمریکا و بریتانیا,https://www.youtube.com/watch?v=HqZqVe-Aihw
manotoHUB | پس از حوثی‌ها نوبت سر اختاپوس است؟,https://www.youtube.com/watch?v=9zj9EB7p5Sw
manotoHUB | چرا ترامپ صدای آمریکا را تعطیل کرد؟ | یکشنبه ۲۶ اسفند ۱۴۰۳,https://www.youtube.com/watch?v=s_uhEDOnk0Y
"Salitalk S27, Ep31 | سالی تاک، سری ۲۷، قسمت پزشکیان دو دقیقه حرف نزن ببینیم چی شده!",https://www.youtube.com/watch?v=2npuyCJ4bWs
manotoHUB | «خامنه‌ای می‌خواهد سپر انسانی هسته‌ای ایجاد کند»,https://www.youtube.com/watch?v=93mlqeZAfVk
manotoHUB | بازی جدید خامنه‌ای؛ حسن روحانی وارد می‌شود | شنبه ۲۵ اسفند ۱۴۰۳,https://www.youtube.com/watch?v=7WUWUP-Ztac
"Salitalk S27, Ep30 | سالی تاک، سری ۲۷، قسمت ۳۰: مادر زن جلو داماد چی باید بپوشه؟!",https://www.youtube.com/watch?v=mGCc_Ew0HPw
BOOM - Ep02 | بوم - قسمت ۲,https://www.youtube.com/watch?v=8t9oW25obBQ
"Salitalk S27, Ep16 | سالی تاک، سری ۲۷، قسمت ۱۶:پزشکیان با قدم زدن در مجلس شد رییس جمهور",https://www.youtube.com/watch?v=xBZOXq7hJA4
"Befarmaeed Shaam LA, G3, EP02  | بفرمایید شام، لس آنجلس - گروه ۳ شب دوم",https://www.youtube.com/watch?v=DQu9-eIYEvo
manotoHUB | پزشکیان: نمی‌دانم برای گرانی‌، یقه چه کسی را بگیرم,https://www.youtube.com/watch?v=qzxIYOF9IMY
manotoHUB | اسرائیل به حمله محدود قانع می‌شود؟,https://www.youtube.com/watch?v=5xqghRfxzUc
1975 Algiers Agreement | قرارداد الجزایر؛ وقتی ایران اروند را پس گرفت,https://www.youtube.com/watch?v=O6xoA7vLUSU
manotoHUB | جنگ؛ تنها گزینه روی میز؟ | پنجشنبه ۲۳ اسفند ۱۴۰۳,https://www.youtube.com/watch?v=G9h4CoCLFk0
مجانی دیدن اخلاقی نیست!,https://www.youtube.com/watch?v=qidi-44Mq-U
"Befarmaeed Shaam LA, G3, EP01  | بفرمایید شام، لس آنجلس - گروه ۳ شب اول",https://www.youtube.com/watch?v=66ROZVXAJo4
Henry’s Salon | EP 04,https://www.youtube.com/watch?v=WlKIxtZptRY
manotoHUB | حمله نظامی در یک قدمی ایران,https://www.youtube.com/watch?v=zYhWQkYVOxQ
manotoHUB | سدهای کلیدی در وضعیت قرمز؛ هشدار کم آبی در بهار,https://www.youtube.com/watch?v=VLqEoBoinPw
manotoHUB | سحر ناظمیان دختر زنده یاد مهستی در منوتوهاب,https://www.youtube.com/watch?v=lB53GJPuZAQ
"Salitalk S27, Ep29 | سالی تاک، سری ۲۷، قسمت ۲۹:مچ پای کلفت ترامپ رسید",https://www.youtube.com/watch?v=5jloEEJZk-o
ماموریت جدید خانم محمودی در منوتو,https://www.youtube.com/watch?v=v1NKEftU1UQ
manotoHUB | جلسه غیرعلنی شورای امنیت؛ فعال سازی مکانیزم ماشه,https://www.youtube.com/watch?v=fuvPDoUF50I
"Salitalk S27, Ep15 | سالی تاک، سری ۲۷، قسمت ۱۵:تجزیه آمریکا و نابودی اسراییل و دلار ۲۰ هزارتومنی",https://www.youtube.com/watch?v=rLH78QE80A8
manotoHUB | درگیری در فضای مجازی؛ توفان کلامی یا خشم,https://www.youtube.com/watch?v=HMElJ2BtIeM
"Salitalk S27, Ep28 | سالی تاک، سری ۲۷، قسمت ۲۸:چند هزار اس ام اس فحش به نماینده مجلس",https://www.youtube.com/watch?v=FUs6qRiFBuI
manotoHUB | آیا ترامپ فریب خامنه‌ای را می خورد؟,https://www.youtube.com/watch?v=Mess5m02ddo
manotoHUB | تراژدی خونین در سواحل سوریه. جولانی؛ چهره‌ای که هرگز تغییر نکرد,https://www.youtube.com/watch?v=M-pjZF_1-mE
manotoHUB | کارگران ایرانی در افغانستان | دوشنبه ۲۰ اسفند ۱۴۰۳,https://www.youtube.com/watch?v=7slZHAY91LI
manotoHUB | کارگر ایرانی در افغانستان به دنبال یک لقمه نان,https://www.youtube.com/watch?v=UqkQ6wIVVR8
manotoHUB | از تهران تا لندن؛ چرا رسانه‌ها به ایذه توجه نمی‌کنند؟,https://www.youtube.com/watch?v=guQ8aQl-x8Y
"Salitalk S27, Ep27 | سالی تاک، سری ۲۷، قسمت ۲۷:چه خبرتونه؟! جوجه کشیه؟",https://www.youtube.com/watch?v=QaLMU5pZ_Nc
manotoHUB | چرا رسانه‌های دیگر از ابول کورکور و ایذه نمی‌گویند؟ ,https://www.youtube.com/watch?v=q8ac2Oez3zM
"Salitalk S27, Ep14 | سالی تاک، سری ۲۷، قسمت ۱۴: نماینده مجلش پته آقای علیپور و همسرش رو ریخت رو آب",https://www.youtube.com/watch?v=xse0U94Jxnk
manotoHUB | دولت تا کجا دست در جیب مردم می‌برد؟,https://www.youtube.com/watch?v=R6kXfxd29T0
manotoHUB | بازاریان اعتصابی در سال ۵۷؛ چرا کسبه و بازاریان امروز در کنار مردم نمی‌ایستند؟,https://www.youtube.com/watch?v=iXPB3rFGDII
manotoHUB - Trump vs Khamenei | ضربه اقتصادی تازه ترامپ به خامنه‌ای؛ لغو معافیت‌های بغداد,https://www.youtube.com/watch?v=qE4x9bZC0pU
manotoHUB | چرا رژیم‌های تمامیت‌خواه کرامت انسانی را هدف می‌گیرند؟,https://www.youtube.com/watch?v=UO_A51QgCEQ
manotoHUB | ابهامات دو سال زندگی مخفیانه ابول کورکور,https://www.youtube.com/watch?v=PKwcO4gFZ-Q
"Salitalk S27, Ep11 | سالی تاک، سری ۲۷، قسمت ۲۶:کی قلدره؟ اروپایی ها یا عمود خیمه؟",https://www.youtube.com/watch?v=hlLAgVogciA
"manotoHUB - Collapse, Attack or Revolution? | سقوط حکومت؛ فروپاشی، حمله یا انقلاب؟",https://www.youtube.com/watch?v=0PAjSLg0VgM
manotoHUB | افتادن ماسک دروغین دموکراسی جولانی,https://www.youtube.com/watch?v=WFQCFLRxwvQ
مستند «ایذه» روایتی از اتفاقات ۲۵ آبان ۱۴۰۱,https://www.youtube.com/watch?v=9xH1kK1RCuo
manotoHUB | در صورت اقدام نظامی چه عواقبی در پیش است؟,https://www.youtube.com/watch?v=Rd0WNdFB3cg
manotoHUB | اعتراف رفیق‌دوست به قتل بختیار، فرخزاد،اویسی,https://www.youtube.com/watch?v=0Iw56p6zDUo
manotoHUB | روز جهانی زن جشن گرفتن ندارد,https://www.youtube.com/watch?v=KMp144aUEPU
"Salitalk S27, Ep25 | سالی تاک، سری ۲۷، قسمت ۲۵:نامه ترامپ و پاره شدن خامنه ای",https://www.youtube.com/watch?v=zDu_FYXHmNM
"Salitalk S27, Ep11 | سالی تاک، سری ۲۷، قسمت ۱۱:تظاهرات میلیونی اصلاح طلبان و حزب اللهی ها",https://www.youtube.com/watch?v=bIjOdc1hxF0
"Salitalk S27, Ep13 | سالی تاک، سری ۲۷، قسمت ۱۳:فتوای عموود خیمه برای صلی علی سترکه",https://www.youtube.com/watch?v=-HtC1iIe7A4
جشن نوروز در ایام ماه رمضان ممنوعه,https://www.youtube.com/watch?v=ZHJLmi-7H7E
manotoHUB - Moscow: Tehran's nuclear broker? | مسکو، دلال هسته‌ای تهران؟,https://www.youtube.com/watch?v=in0Cn_XxVWc
manotoHUB,https://www.youtube.com/watch?v=dIvrFkI_a0k
"Salitalk S27, Ep10 | سالی تاک، سری ۲۷، قسمت ۱۰:در ج.ا آلودگی هواشفابخشه!",https://www.youtube.com/watch?v=5FTkABhDw-Q
manotoHUB | چهارشنبه ۱۰ بهمن ۱۴۰۳,https://www.youtube.com/watch?v=uXdjEwcXtuY
"Befarmaeed Shaam LA, G4, EP03  | بفرمایید شام، لس آنجلس - گروه ۴ شب سوم",https://www.youtube.com/watch?v=T8bVmCAGmkM
"1970s Iran - EP4, Iran and the Soviet Union | ایران دهه ۵۰ - قسمت چهارم ، ایران و شوروی",https://www.youtube.com/watch?v=3X54MO4oPKU
سازمان کارگران ایران؛ نهادی برای حقوق کارگران در عصر پهلوی,https://www.youtube.com/watch?v=XS_sMVVLIUA
"Salitalk S27, Ep24 | !سالی تاک، سری ۲۷، قسمت ۲۴:اژه ای: برگردید به ایران",https://www.youtube.com/watch?v=Cdd95jkdPow
manotoHUB;Shohreh Aghdashloo's Memorable Meeting With The Shah | خاطره شهره آغداشلو از ملاقات با شاه,https://www.youtube.com/watch?v=wlAEg4ij9ww
ManotoHUB; Shohreh Aghdashloo | شهره آغداشلو در استودیو منوتوهاب و توضیح  درباره سریال جدید,https://www.youtube.com/watch?v=7MDqh9CekEE
50th Anniversary Of The Rastakhiz Party | پنجاهمین سالروز تاسیس حزب رستاخیز,https://www.youtube.com/watch?v=CgW0aCOmsNc
سوت زنی‌هایی که باعث براندازی حکومت‌ها و رو شدن فسادها می‌شود!,https://www.youtube.com/watch?v=WjRloe1NYBs
manotoHUB | کارشناسان موشکی روسیه در ایران چه می‌کنند؟ | سه‌شنبه ۱۴ اسفند ۱۴۰۳,https://www.youtube.com/watch?v=2oSNSYnvXNw
منوتوهاب: ۶۱ تن طلا در جمهوری اسلامی گم شده یا برای فرار ذخیره کردند؟,https://www.youtube.com/watch?v=CxbQsjZR4g4
Will Melica Moshiri Win The Apprentice 2025? | ملیکا مشیری و جایزه ۲۵۰ هزار پوندی کار آفرینی ؟,https://www.youtube.com/watch?v=qy496vL7B1s
معرفی تخت جمشید به سبک نسل شیک پاسارگادی,https://www.youtube.com/watch?v=MydBpKp2YBw
"Befarmaeed Shaam LA, G2, EP03  | بفرمایید شام، لس آنجلس - گروه ۲ شب سوم",https://www.youtube.com/watch?v=wIabyz4PCVM
"Salitalk S27, Ep23 | سالی تاک، سری ۲۷، قسمت ۲۳: معرفی سایت های خاکبرسری در جمهوری اسلامی",https://www.youtube.com/watch?v=eTAEQvSe50g
"تقابل خامنه‌ای و ترامپ؛ معنای ""آرایش جنگی” حکومت چیست؟",https://www.youtube.com/watch?v=byuOezD5ITs
Taje Talayi | مستند تاج طلایی,https://www.youtube.com/watch?v=1umNa1gHjb4
Befarmaeed Shaam London | بفرمایید شام گروه آقا مجید، سمیرا، علیرضا و فیروزه - شب چهارم,https://www.youtube.com/watch?v=CE-j3hORjTw
حکایت پسر مقام حماس که رسانه‌های غربی راسر کار گذاشت,https://www.youtube.com/watch?v=022_yFB_MyM
آیا روزه‌خواری در زمان شاه جرم بود؟,https://www.youtube.com/watch?v=pj-M4Dbgnr0
آیا مارکسیسم فرهنگی اسکار را بی‌اعتبار کرده است؟,https://www.youtube.com/watch?v=F6SVKXkyyAA
"Salitalk S27, Ep22 | سالی تاک، سری ۲۷، قسمت ۲۲:زلنسکی پلو با خورش ترامپ",https://www.youtube.com/watch?v=pzBtdsghFuk
شهروند تحلیل‌گر منوتو: شاهزاده رضا پهلوی دردتو میفهمه,https://www.youtube.com/watch?v=Kz1VbmrytaA
راهکار من برای ایران؛ روایت یک تاکسی‌ران از مشهد,https://www.youtube.com/watch?v=qabrImbjevQ
"Befarmaeed Shaam LA, G2, EP04  | بفرمایید شام، لس آنجلس - گروه ۲ شب چهارم",https://www.youtube.com/watch?v=QC0tacjj1Jg
Henry’s Salon | EP 03,https://www.youtube.com/watch?v=WgTwOysTEzA
"1970s Iran - EP3, Consortium | ایران دهه ۵۰ - قسمت سوم، کنسرسیوم",https://www.youtube.com/watch?v=KUeMJE2fFUo
"Salitalk S27, Ep12 |  سالی تاک، سری ۲۷، قسمت ۱۲: صلی علی سترکه چشما ترامپ بترکه",https://www.youtube.com/watch?v=Qj-HHwF-8B8
Befarmaeed Shaam London | بفرمایید شام گروه آقا مجید، سمیرا، علیرضا و فیروزه - شب سوم,https://www.youtube.com/watch?v=dzSaAhLZMw0
"Befarmaeed Shaam LA, G1, EP04 | بفرمایید شام، لس آنجلس٬ گروه ۱٬ شب چهارم",https://www.youtube.com/watch?v=sJd4wVxQqsE
"1970s Iran - EP7, Human Rights | ایران دهه ۵۰ - قسمت هفتم، حقوق بشر",https://www.youtube.com/watch?v=AKovMAJLay8
Befarmaeed Shaam London | بفرمایید شام گروه آقا مجید، سمیرا، علیرضا و فیروزه - شب دوم,https://www.youtube.com/watch?v=iIiHkgi5xws
گفتگوی اختصاصی با شاهزاده رضا پهلوی,https://www.youtube.com/watch?v=NkxRqQ6IxOI
BOOM - Ep01 | بوم - قسمت ۱,https://www.youtube.com/watch?v=qvZaSxIaB9s
چمدان‌ها بسته شد. مقصد اروپا و آمریکاست! زمانی‌که ایرانیان کافی بود فقط اراده کنند برای سفر,https://www.youtube.com/watch?v=NipKhdaOKko
manotoHUB | منوتوهاب,https://www.youtube.com/watch?v=AK-euUr0HWA
"Salitalk S27, Ep09 | سالی تاک، سری ۲۷، قسمت ۹:چرا جناب کنیایی رییسی نزاییده؟",https://www.youtube.com/watch?v=wqIDL6Ei368
Befarmaeed Shaam London | بفرمایید شام گروه آقا مجید، سمیرا، علیرضا و فیروزه - شب اول,https://www.youtube.com/watch?v=6-8KGGsdwKQ
Parviz Sabeti | شکایت سه فرد ناشناس علیه پرویز ثابتی در آمریکا؛ بررسی اهداف و سناریوها,https://www.youtube.com/watch?v=FOQbhKWPFwA
manotoHUB | جمهوری اسلامی در مسیر فروپاشی؛حکومت رسما تعطیل است | سه‌شنبه ۷ اسفند ۱۴۰۳,https://www.youtube.com/watch?v=lBKqz_pfP_U
"Salitalk S27, Ep08 | سالی تاک، سری ۲۷، قسمت ۸:اعلام جوایز لاشخور بلورین در ۲۲ بهمن",https://www.youtube.com/watch?v=AmDVVYalksY
مگر شاهزاده نگفتند که این شبکه ملی ماست و باید حمایت بشه؟,https://www.youtube.com/watch?v=XBg-UGRLZFA
منوتوهاب شنبه تا پنج‌شنبه ساعت ۸شب به وقت ایران,https://www.youtube.com/watch?v=cpr9jCv1v9I
manotoHUB | پیش برنامه | دوشنبه ۶ اسفند ۱۴۰۳,https://www.youtube.com/watch?v=2o9bnE5vJSI
"Salitalk S27, Ep07 | سالی تاک، سری ۲۷، قسمت ۷:پزشکیان: قادر منم، قادر تویی!",https://www.youtube.com/watch?v=X_Hs0VKWtO8
manotoHUB | پیش برنامه | یکشنبه ۵ اسفند ۱۴۰۳,https://www.youtube.com/watch?v=cMgTJ0yMUJs
Manoto Archive - 1921 Persian coup d'état |  آرشیو منوتو - کودتای سوم اسفند,https://www.youtube.com/watch?v=xfrG_zbOmbE
manotoHUB | پیش برنامه | شنبه ۴ اسفند ۱۴۰۳,https://www.youtube.com/watch?v=PqwrAZ7-Hls
"Salitalk S27, Ep06 | سالی تاک، سری ۲۷، قسمت ۶:به قد قد افتادن چیز چیز گفتن مسئولین",https://www.youtube.com/watch?v=DdFNvZFLT1Y
"Befarmaeed Shaam LA, G2, EP02  | بفرمایید شام، لس آنجلس - گروه ۲ شب دوم",https://www.youtube.com/watch?v=CcsoVEcCaak
"Salitalk S27, Ep05 | سالی تاک، سری ۲۷، قسمت ۵:کفش های الهام چرخنده",https://www.youtube.com/watch?v=kOWhJ9JSo00
manotoHUB | پیش برنامه | پنج‌شنبه ۲ اسفند ۱۴۰۳,https://www.youtube.com/watch?v=vuGS-_xY5Q0
Henry’s Salon | EP 02,https://www.youtube.com/watch?v=qVXji6Vs5Iw
"Salitalk S27, Ep04 | سالی تاک، سری ۲۷، قسمت ۴: کاسه لیسان نظام",https://www.youtube.com/watch?v=7d41G_KB9kc
Welcome to Manoto's YouTube | به یوتیوب منوتو خوش آمدید,https://www.youtube.com/watch?v=hJALxXMYVoU
"Salitalk S27, Ep03 | سالی تاک، سری ۲۷، قسمت ۳",https://www.youtube.com/watch?v=oxwC3WG0DGE
manotoHUB | پیش برنامه | چهارشنبه ۱ اسفند ۱۴۰۳,https://www.youtube.com/watch?v=keUW0b5AWrU
آزادی بیان، مسئولیت هواداران، و ضرورت رهبری در مبارزات ملی,https://www.youtube.com/watch?v=GjlD-j5og2U
manotoHUB | پیش برنامه | سه‌شنبه ۳۰ بهمن ۱۴۰۳,https://www.youtube.com/watch?v=F4AZYYF-EkI
گفتگو با شما درباره سخنرانی شاهزاده رضا پهلوی در نشست حقوق بشر و دموکراسی در ژنو,https://www.youtube.com/watch?v=0qo58it8Xcc
سخنرانی شاهزاده رضا پهلوی در نشست حقوق بشر و دموکراسی در ژنو,https://www.youtube.com/watch?v=fR0ODmzVdaw
"Befarmaeed Shaam LA, G1, EP03 | بفرمایید شام، لس آنجلس٬ گروه ۱٬ شب سوم",https://www.youtube.com/watch?v=boXefPhhPGU
"SaliTalk, S27, Ep02 | سالی تاک، سری ۲۷، قسمت ۲",https://www.youtube.com/watch?v=D4xDah9-WFk
manotoHUB | پیش برنامه | دوشنبه ۲۹ بهمن ۱۴۰۳,https://www.youtube.com/watch?v=8VR5DZcPQBM
نشست هم گرایی مونیخ و حواشی آن با وحید بهمن و علی حمید,https://www.youtube.com/watch?v=UPxDCpa5hzE
چرا یک گپ ساده می‌تواند طبیعت را نجات دهد؟,https://www.youtube.com/watch?v=3h6McSkGhfs
manotoHUB | پیش برنامه | یکشنبه ۲۸ بهمن  ۱۴۰۳,https://www.youtube.com/watch?v=4mQCN4uGyUA
با ظهیر طهرانی، مهمان برنامه، راه‌های کسب درآمد از طریق حفاظت از جنگل‌ها را بررسی می‌کنیم.,https://www.youtube.com/watch?v=yQ2y2ca1_pw
Crown Prince Reza Pahlavi | سخنرانی تاریخی شاهزاده رضا پهلوی در لندن – پیام براندازی در اوج توهم ۵۷,https://www.youtube.com/watch?v=oFcJMGwwp2s
"1970s Iran - EP2, Dhofar | ایران دهه ۵۰ - قسمت دوم،  ظفار",https://www.youtube.com/watch?v=dYgvvBt7BZc
"SaliTalk, S27, Ep01 | سالی تاک، سری ۲۷، قسمت ۱",https://www.youtube.com/watch?v=gpsZhpFx9xU
JOIN KON,https://www.youtube.com/watch?v=27qWQtzWJZc
کوی دانشگاه,https://www.youtube.com/watch?v=2A2Z4QRlDH0
"Befarmaeed Shaam LA, G2, EP01 |  بفرمایید شام، لس آنجلس - گروه ۲شب اول",https://www.youtube.com/watch?v=iu8MSgQLyyY
manotoHUB | طرح پنج‌گانه شاهزاده  برای پیروزی؛ گفتگوی اختصاصی با منوتو | سه‌شنبه ۲۳ بهمن ۱۴۰۳,https://www.youtube.com/watch?v=2_JJ-6SHsYQ
Manoto Archive | آرشیو منوتو - برنامه ارتباط مستقیم با تیمسار علی‌محمد خادمی,https://www.youtube.com/watch?v=h4SreOzp364
manotoHUB | پیش برنامه | پنجشنبه ۲۵ بهمن ۱۴۰۳,https://www.youtube.com/watch?v=LddPiF9y2OI
manotoHUB | پیش برنامه | چهارشنبه ۲۴ بهمن ۱۴۰۳,https://www.youtube.com/watch?v=xtzeXqD-Gxg
manotoHUB | پیش برنامه سه‌شنبه ۲۳ بهمن ۱۴۰۳,https://www.youtube.com/watch?v=eYJ1TkpPq2Y
شف مژده از حضورش در برنامه بفرمایید شام می‌گوید.,https://www.youtube.com/watch?v=Vofwhn_zrBg
manotoHUB | پیش برنامه | دوشنبه ۲۲ بهمن ۱۴۰۳,https://www.youtube.com/watch?v=ofvdMOjpGVA
تهران از حضورش در برنامه بفرمایید شام می گوید.,https://www.youtube.com/watch?v=v8-tLwRup1E
manotoHUB | پیش برنامه یکشنبه ۲۱ بهمن ۱۴۰۳,https://www.youtube.com/watch?v=9XDxg6WutNA
Henry’s Salon | EP 01,https://www.youtube.com/watch?v=CR3duQ2G8uk
بفرمایید شام لس آنجلس از شنبه تا سه شنبه ساعت ۲۲:۰۰,https://www.youtube.com/watch?v=cizOqKYGtwQ
"1970s Iran - EP1, Bahrain | ایران دهه ۵۰ - قسمت اول، بحرین",https://www.youtube.com/watch?v=HkDTszziOdU
manotoHUB | پیش برنامه ۲۰ بهمن ۱۴۰۳,https://www.youtube.com/watch?v=QaCXCMXpM8o
پیام ایرایی از حضورش در برنامه بفرمایید شام می گوید,https://www.youtube.com/watch?v=6iQtkZuI9Qk
تأسیس اولین کارخانه ذوب آهن در ایران با نام آریامهر,https://www.youtube.com/watch?v=_YbETiZlCOs
لایو اختصاصی کیوان عباسی برای منوتوفنز,https://www.youtube.com/watch?v=5o4wjEZRCew
"Befarmaeed Shaam LA, G1, EP01 | بفرمایید شام، لس آنجلس٬ گروه ۱٬ شب اول",https://www.youtube.com/watch?v=wdIIlQO78Z0
قسمت چهارم ایران دهه پنجاه، ایران و شوروی | پنجشنبه ۱۸ بهمن | ساعت ۲۲:۰۰,https://www.youtube.com/watch?v=Vcyx-VbAQBQ
manotoHUB | پیش برنامه ۱۶ بهمن ۱۴۰۳,https://www.youtube.com/watch?v=uaPIDgmlBsk
manotoHUB |بالا و پایین شهر؛ کدام شهروندان آزادترند؟ | دوشنبه ۱۵ بهمن ۱۴۰۳,https://www.youtube.com/watch?v=5u8aFGaPeWY
1970s Iran: A Decade of Transformation | Watch Exclusively On Manototv Youtube,https://www.youtube.com/watch?v=VlvmnGz5jQ4
قسمت سوم ایران دهه پنجاه را از لینک گذاشته در اینجا تماشا کنید,https://www.youtube.com/watch?v=FdhxFx-KeWc
منوتوهاب شنبه تا پنجشنبه ساعت ۱۹:۳۰ به وقت ایران,https://www.youtube.com/watch?v=6NhpKswTp7Q
manotoHUB | پیش برنامه ۱۱ بهمن ۱۴۰۳,https://www.youtube.com/watch?v=K-ffsr1JeA8
تعلیق ۹۰ روزه کمک‌های خارجی آمریکا,https://www.youtube.com/watch?v=ux8j9_ZLRew
وضعیت جشن سده بعد از بر سر کار آمدن جمهوری اسلامی,https://www.youtube.com/watch?v=rB9_KHwmES8
بخش کوتاهی از صحبت‌های شاهین نجفی در ارتباط با برند جدیدش به نام “شاه”,https://www.youtube.com/watch?v=I3n-9a3J4yE
manotoHUB | جمهوری اسلامی از اتحاد مردم هراس دارد,https://www.youtube.com/watch?v=8AGEarbM7pI
پشت صحنه گروه دوم بفرمایید شام لس آنجلس,https://www.youtube.com/watch?v=c8oEVfmSiuM
چه چیزی ترامپ را راضی خواهد کرد؟,https://www.youtube.com/watch?v=yoczGDmNuAQ
دلایل کمبود های مقطعی و گرانی ناگهانی محصولات کشاورزی,https://www.youtube.com/watch?v=fPB-l7ehRc8
قسمت سوم ایران دهه پنجاه، کنسرسیوم، پنجشنبه ۱۱ بهمن پخش خواهد شد.,https://www.youtube.com/watch?v=FzU7ocO3NFo
manotoHUB | سه شنبه ۹ بهمن ۱۴۰۳ | پخش زنده سخنرانی شاهزاده رضا پهلوی,https://www.youtube.com/watch?v=xzqOVSzbYoo
عرفان پایدار: چرا در برنامه بفرمایید شام شرکت کردم.,https://www.youtube.com/watch?v=Vnim57S7w4I
چالش‌های هانری برای سالن آرایشی خودش,https://www.youtube.com/watch?v=_pGRISYxv4k
نیروی دریایی شاهنشاهی ایران,https://www.youtube.com/watch?v=B3Hv05HrNPs
manotoHUB | پیش برنامه دوشنبه ۸ بهمن,https://www.youtube.com/watch?v=phxS28IcMTE
اعظم علی: چرا در برنامه بفرمایید شام شرکت کردم.,https://www.youtube.com/watch?v=wr3QvuEMsEY
منوتوهاب شنبه تا پنجشنبه ساعت 20:00,https://www.youtube.com/watch?v=eCbRH12MCMI
بخش کوتاهی از صحبت‌های محمد تنگستانی در ارتباط با پروژه جدیدی که در دست اجرا دارد.,https://www.youtube.com/watch?v=Nk4Mk0niANU
منوتوهاب شنبه تا پنجشنبه ساعت ۲۰:۰۰,https://www.youtube.com/watch?v=sXFM5IDbq7M
manotoHUB | پیش برنامه یکشنبه ۷ بهمن,https://www.youtube.com/watch?v=oU0fr-_fPgY
بخش کوتاهی از صحبت‌های بهزاد بلور در ارتباط با جشن سده,https://www.youtube.com/watch?v=mDk54vmlUXY
تماس تلفنی یکی از سربازان جنگ ظفار با منوتوهاب,https://www.youtube.com/watch?v=QJ3M2n0UGp4
منوتوهاب شنبه تا پنجشنبه ساعت 20:00,https://www.youtube.com/watch?v=bAXyBexVAxc
بفرمایید شام ویژه لس‌آنجلس٬ گروه دوم,https://www.youtube.com/watch?v=UxlbK62pvkY
بفرمایید شام لس‌آنجلس از شنبه تا سه‌شنبه ساعت ۲۲:۰۰,https://www.youtube.com/watch?v=DR9OcpfEypk
شاهزاده رضا پهلوی: «افراد تحصیلکرده عکس خمینی را در ماه دیدند»,https://www.youtube.com/watch?v=HbJqGJp9buc
manotoHUB | پیش برنامه شنبه ۶ بهمن,https://www.youtube.com/watch?v=yv-_yTfWfAw
شاهزاده رضا پهلوی: «دوست داشتم با پدرم ارتباط مستقیم‌تری داشتم»,https://www.youtube.com/watch?v=DKXqSBmXHXU
شاهزاده رضا پهلوی: «هدفم حفظ هویت‌مان به عنوان یک ملت است»,https://www.youtube.com/watch?v=arSpAkG_FvE
شاهزاده رضا پهلوی: «اگر به گذشته باز می‌گشتم این سوال را از پدرم می‌پرسیدم»,https://www.youtube.com/watch?v=pKbsz5IpkKg
شاهین نجفی: چرا در برنامه بفرمایید شام شرکت کردم.,https://www.youtube.com/watch?v=Q7m7ukiDnqM
چریک‌های سازمان مجاهدین خلق و فداییان خلق برای حمایت از کمونیست‌های ظفار وارد میدان شدند,https://www.youtube.com/watch?v=cH1apHMz3iU
(هر کسی که می خواهد سالن بزنه من به جای اون تنم میلرزه) رئالیتی شو Henry’s Salon,https://www.youtube.com/watch?v=cYVSWYToBGA
صحبت‌های دکتر محمود کویر در ارتباط با جشن باستانی نوسره,https://www.youtube.com/watch?v=0JmZbQkU2yM
منوتوهاب شنبه تا پنجشنبه ساعت ۲۰:۰۰,https://www.youtube.com/watch?v=wKtFiPJ5wCk
افزایش تخریب و سهل‌انگاری در نگهداری بناهای تاریخی,https://www.youtube.com/watch?v=x9ZbdEu6P7I
"1970s Iran - EP2, Dhofar | Short Clip | ایران دهه ۵۰ - کلیپ کوتاه از قسمت دوم، ظفار",https://www.youtube.com/watch?v=OGr7Z35B9g4
آیا شما هم تجربه‌ای در ارتباط با هزینه‌های گزافی که دولت به اجبار از دانشجویان می‌گیرد٬ دارید؟,https://www.youtube.com/watch?v=rcq9aYTK6uU
پیوند انسان و طبیعت در فرهنگ ما,https://www.youtube.com/watch?v=a_GPm6hmBjw
manotoHUB | شنبه تا پنجشنبه ساعت 20:00,https://www.youtube.com/watch?v=jP0rfThpgQM
لایو با بچه‌های منوتو هاب,https://www.youtube.com/watch?v=816L7mjFYfE
بخش کوتاهی از گفتگو با آریا٬ تولید کننده محتوا در یوتیوب و بازی‌های کامپیوتری,https://www.youtube.com/watch?v=Em3OPrAeH_Q
manotoHUB | شنبه تا پنجشنبه ساعت 20:00,https://www.youtube.com/watch?v=6L-d8ikWdIg
«آخوندها همه رو ضد هم کردن»,https://www.youtube.com/watch?v=2SoEhsjr730
Befarmaeed Shaam LA | بفرمایید شام لس آنجلس - گروه شاهین، اعظم، عرفان و فرشید,https://www.youtube.com/watch?v=m76ySAMi2to
یک هفته سری جدید بفرمایید شام ویژه لس‌انجلس، و یک هفته بهترین‌های این برنامه محبوب‌,https://www.youtube.com/watch?v=KuuWV_2cBHk
حمایت شاهزاده رضا پهلوی از تلویزیون منوتو,https://www.youtube.com/watch?v=3VLnEsnwfrw
دهه پنجاه را همین حالا از☝️یوتیوب منوتو تماشا کنید,https://www.youtube.com/watch?v=mloaRKd538U
مستند تاج طلایی,https://www.youtube.com/watch?v=2nuTY2-D7a8
راه‌ عضو (JOIN) شدن در یوتیوب منوتو,https://www.youtube.com/watch?v=HX3wBLtTBsg
خامنه‌ای مرداد ۱۳۹۷: مذاکره با آمریکا را ممنوع اعلام کردم,https://www.youtube.com/watch?v=W3_yIeNcmI8
انگار نه انگااار...,https://www.youtube.com/watch?v=kV8FgF2qT8s
آرشیو منوتو - برنامه ارتباط مستقیم با تیمسار علی‌محمد خادمی,https://www.youtube.com/watch?v=W3YaeiszvsM
manotHUB - اختصاصی منوتو - جمهوری اسلامی قصد دارد تا جان «عباس واحدیان شاهرودی» را در زندان بگیرد,https://www.youtube.com/watch?v=9Q6fVhW9HpU
manotoHUB | گفتگو با رضا مهرگان از امضا کنندگان بیانیه چهارده,https://www.youtube.com/watch?v=rmth1xWVq68
1970s Iran: A Decade of Transformation | ایران دهه ۵۰,https://www.youtube.com/watch?v=1Abbao1cANY
بفرمایید شام ویژه لس آنجلس - شب سوم از گروه اول به میزبانی منصور,https://www.youtube.com/watch?v=MpIlq52KtWY
ایران دهه پنجاه، به زودی از منوتو,https://www.youtube.com/watch?v=RZqq8MBMLrU
manotoHUB -  بخشی کوتاه از صحبت های علی حمید در ارتباط با سازمان مجاهدین خلق,https://www.youtube.com/watch?v=4grWkM_Iprg
وقتی میزبان تم لباس را برای شب خودش رعایت نمیکنه!!!,https://www.youtube.com/watch?v=N9s9n1Ksw28
طغرل و چالش‌های رامین زمانی در آشپزخانه خودش,https://www.youtube.com/watch?v=7noeOfJj1bI
«اگه جنسیت‌تون برای یک روز عوض بشه، چی کار می‌کنید؟»,https://www.youtube.com/watch?v=84a3P4B9ItA
منوتو -  پروازی با شما,https://www.youtube.com/watch?v=1H6SghZwktQ
«نه زرشک پلوش، زرشک پلو بود، نه مرغش، مرغه زرشک پلو بود!!!:»,https://www.youtube.com/watch?v=V-vCLledb94
"Befarmaeed Shaam LA, G1, EP02 | بفرمایید شام، لس آنجلس٬ گروه ۱٬ شب دوم",https://www.youtube.com/watch?v=bK3Be5Hz8K0
رامین زمانی: چگونه می‌توان یک آرتیست خواننده را به بهترین شکل ممکن به مارکت موسیقی معرفی کرد؟,https://www.youtube.com/watch?v=yQwUp2rugzM
پانتومیم رامین زمانی برای هم گروهی‌هایش در برنامه بفرمایید شام,https://www.youtube.com/watch?v=FQaLfFyxX78
مایکل: چرا هنرمندان ما همدیگر رو حمایت نکردن؟,https://www.youtube.com/watch?v=H3osQD5kK9U
بفرمایید شام ویژه لس‌آنجلس,https://www.youtube.com/watch?v=__PWfup7z4I
راه‌ عضو (JOIN) شدن در یوتیوب منوتو,https://www.youtube.com/watch?v=s9uaNnGTkz0
"Befarmaeed Shaam, Los Angeles | بفرمایید شام، لس آنجلس",https://www.youtube.com/watch?v=v-hUUjz94YI
بهترین راه برای پرداخت اشتراک ماهانه به یوتیوب منوتو به خصوص برای کاربران آیفون,https://www.youtube.com/watch?v=aAeCyeTPjug
منوتو، فراتر از سرگرمی,https://www.youtube.com/watch?v=J_iCZeQAnKs
«فراهم‌ شدن فرصت برای داشتن رسانه‌ای ملی»,https://www.youtube.com/watch?v=Hlw7nxWXJn8
مروری مختصر بر زندگی ژاله علو,https://www.youtube.com/watch?v=DmU9ExAQuCA
گفتگو با بهنام امینی درباره مقاله بی‌بی‌سی درباره شهبانو فرح پهلوی,https://www.youtube.com/watch?v=4rq7W1dQ6jo
«رسانه‌هایی که با بودجه کشورهای بیگانه راه‌اندازی شدند، سعادت و خوشبختی ملت ایران را نمی‌خواهند»,https://www.youtube.com/watch?v=SXIQopkb-bQ
«بنیاد بی‌بی‌سی فارسی اساسا و از ابتدا در جهت تخریب و مخالفت با پهلوی بنا نهاده شد»,https://www.youtube.com/watch?v=YvEmiac6Eno
گفتگو با بهزاد مهرانی درباره مقاله بی‌بی‌سی درباره شهبانو فرح پهلوی,https://www.youtube.com/watch?v=xuW2v7S-o-w
همین یلدا -  ویژه برنامه شب چله سال ۱۴۰۳ منوتو | Hamin Yalda - Manototv,https://www.youtube.com/watch?v=bnCTFOrGzIQ
منوتو - پیش درآمد,https://www.youtube.com/watch?v=PEnqGsRUnwE
"منوتو، آغاز دوباره - پارت ۲ | Manoto, A New Beginning - Part 2",https://www.youtube.com/watch?v=4CZvbK8B6vQ
"Befarmaeed Shaam, Los Angeles | بفرمایید شام، لس آنجلس - از ایده تا اجرا",https://www.youtube.com/watch?v=do-VF8G_bf8
"Manoto, A New Beginning - Part 1 | منوتو، آغاز دوباره - پارت ۱",https://www.youtube.com/watch?v=qZJY8IR4FZ4
Iranian means... /... ایرانی یعنی,https://www.youtube.com/watch?v=F6YUmxYK_HE
رسانه شمایید / You Are The Media,https://www.youtube.com/watch?v=ooNkCPDXd_4
به نظر میاد مسئولین از ترکیدن خوششون میاد😬,https://www.youtube.com/watch?v=0Z7COtmhAIg
در کلینیک بی حجابی چه تجهیزاتی وجود دارد😬,https://www.youtube.com/watch?v=BRI3EtZlZRE
دلیل تکرار زیاد سریال مختارنامه مشخص شد😬,https://www.youtube.com/watch?v=kUkabYUGYxU
سخنرانی کامل شاهزاده رضا پهلوی در بنیاد ریچارد نیکسون پیش از دریافت جایزه سالانه «معمار صلح»,https://www.youtube.com/watch?v=tYZMooI_Gj0
خوشحالی ایرانیان در استان خوزستان به دنبال بازگشت حاکمیت ملی ایران به جزایر سه‌گانه‌,https://www.youtube.com/watch?v=7k9wkFIN3Kg
«برای گذار مسالمت‌آمیز قدم به پیش خواهم گذشت»,https://www.youtube.com/watch?v=HoMMg3bjm7w
ویدئوی کامل سخنرانی شاهزاده رضا پهلوی در سومین «کنفرانس ایران»,https://www.youtube.com/watch?v=v_DEUzPTM9A
بالا گرفتن تنش‌ها بصورت گسترده بین اسراییل و حزب‌الله,https://www.youtube.com/watch?v=RlsfQX-86nI
علی خامنه‌ای عامل سرکوب و کشتار معترضان در سال ۱۴۰۱ و حمله هفتم اکتبر,https://www.youtube.com/watch?v=7B6hZbY6rRM
مردم ایران موضع خود را روشن کرده‌اند!,https://www.youtube.com/watch?v=O2FpQHoAVNw
یعنی کافیه عموود خیمه دستش رو بکنه توی جیبش ده تا جاسوس میتونه بکشه بیرون 😂 ابرقدرت منطقه!,https://www.youtube.com/watch?v=I36XbJiggWI
آدرس غلط به مردم ندیم,https://www.youtube.com/watch?v=tM3Sor_jXUQ
Iran Daheh Panjah | ایران دهه پنجاه,https://www.youtube.com/watch?v=bhDSXzTchks
با پزشکیان مهمونی نرید که آبرو براتون نمیذاره😂,https://www.youtube.com/watch?v=TgumKCfyewg
فضای معنوی و مذهبی در تایلند 😂,https://www.youtube.com/watch?v=E84MFAGkOb0
National Iranian Radio and Television | تلویزیون ملی ایران,https://www.youtube.com/watch?v=9hARHwxdcHg
اولویت وزیر آموزش و پرورش دولت پزشکیان دغدغه تمام دانش آموزان و معلمان است! 🙃,https://www.youtube.com/watch?v=nmuD0bjAe9s
ضریب جمهور، هرکولیان، از قد کوتاه بدش میاد!,https://www.youtube.com/watch?v=2LJ0m22vuOk
Befarmaeed Shaam | آقا ایرج و معرفی خود به ۳ شرکت کننده دیگر,https://www.youtube.com/watch?v=TSdhGaEmO1o
اولین واکنش حسن نصرالله به حمله پیش‌دستانه اسرائیل,https://www.youtube.com/watch?v=OntLtEHrkkM
Hargez Nakhab Koroush | هرگز نخواب کوروش,https://www.youtube.com/watch?v=MGZwfc7TDdU
Be Omid Didar Dar Tehran |  مستند به امید دیدار در تهران - ویدیو کامل,https://www.youtube.com/watch?v=8Yqv_qiCfz8
چرا به مشکلات داکتر پزشکیان اضافه می‌کنید؟!,https://www.youtube.com/watch?v=dz3OGG3HZPY
خوب شد پزشکیان رو از تخت باز کردم.,https://www.youtube.com/watch?v=QNoNNzBQwUs
گفتگوی علی پیرهادی با امیر مقدم درباره کابینه پیشنهادی دولت چهاردهم,https://www.youtube.com/watch?v=g8yew2LjQEg
پشت صحنه، قبل از لایو یوتیوب 😅,https://www.youtube.com/watch?v=kBFgVujv-Bo
Balvaye Tabriz | مستند «بلوای تبریز» محصول تلویزیون ملی ایران,https://www.youtube.com/watch?v=uNfldNgffdc
تیزر مستند «بلوای تبریز» محصول تلویزیون ملی ایران,https://www.youtube.com/watch?v=VeT9hvuhW1U
مستند «به امید دیدار در تهران» را از این لینک ⬆️ تماشا کنید,https://www.youtube.com/watch?v=b_Ya7OLnWx0
مستند «به امید دیدار در تهران» را از این لینک ⬆️ تماشا کنید,https://www.youtube.com/watch?v=Aw7n06Zt0KU
مستند «سردار سپه» را از این لینک ☝️تماشا کنید,https://www.youtube.com/watch?v=oCsMvztThr4
در جستجوی استودیو جدید,https://www.youtube.com/watch?v=G0TOfRyrwfM
هی بازیگر گریه نکن، ما هممون مثل همیم  - Sher Yadet Nareh,https://www.youtube.com/watch?v=vfL4Z6UQoNQ
Iran Air - Homa | هواپیمایی ملی ایران - هما,https://www.youtube.com/watch?v=D6x8N-VhXF4
Cheshm Andaz - Iran va Tahrimha / چشم انداز - ایران و تحریم‌ها,https://www.youtube.com/watch?v=TUVPWtE-n0c
Befarmaeed Shaam - Vali | بفرمایید شام لندن - میزبانی ولی، شب چهارم,https://www.youtube.com/watch?v=QRrYBjv5cJo
لایو امید در یوتیوب دوشنبه ۲۵ تیر,https://www.youtube.com/watch?v=negm-kj-_ZE
دو قسمت کامل «جنگ برای اروند» از این لینک ☝️قابل تماشا است,https://www.youtube.com/watch?v=Q22rs3n8sxA
Befarmaeed Shaam - Shahla | بفرمایید شام لندن - میزبانی شهلا، شب سوم,https://www.youtube.com/watch?v=xRE9oQG7DCg
سخنرانی کامل شاهزاده رضا پهلوی در همایش «محافظه‌کاری ملی»,https://www.youtube.com/watch?v=-n9-Lot_efo
Befarmaeed Shaam - Ali | بفرمایید شام لندن - میزبانی علی، شب دوم,https://www.youtube.com/watch?v=98mCnG48xIg
Befarmaeed Shaam - Farahnaz | بفرمایید شام لندن - میزبانی فرحناز، شب اول,https://www.youtube.com/watch?v=AGBtoaoCrTc
مستند دو قسمتی «آریامهر» را از این لینک ⬆️ تماشا کنید,https://www.youtube.com/watch?v=VR3Q--A4sM4
بزودی مستندی با حضور زنده یاد سرهنگ بنی‌عامری، طراح و فرمانده قیام نوژه از منوتو پخش خواهد شد,https://www.youtube.com/watch?v=ZXLY22BCGWM
Befarmaeed Shaam - Sanaz / بفرمایید شام لندن - میزبانی ساناز، شب چهارم,https://www.youtube.com/watch?v=jbKjSP1MMsk
Befarmaeed Shaam - Sara | بفرمایید شام لندن - میزبانی سارا، شب سوم,https://www.youtube.com/watch?v=GUcbpDTcNFM
Befarmaeed Shaam - Amir / بفرمایید شام لندن - میزبانی امیر، شب دوم,https://www.youtube.com/watch?v=WV6HaPXS1bw
کلاس بازیگری که ظریف می‌ره باید پلمب بشه! #سیرک_انتخابات,https://www.youtube.com/watch?v=xeQMCwa37ng
Befarmaeed Shaam - Iraj / بفرمایید شام لندن - میزبانی ایرج، شب اول,https://www.youtube.com/watch?v=sMBG2BH3bTg
Befarmaeed Shaam - Hadi / بفرمایید شام لندن - میزبانی هادی، شب چهارم,https://www.youtube.com/watch?v=pD4Lij2ZpH8
«تا زمان از بین رفتن این رژیم، این مبارزه باید ادامه داشته باشد»,https://www.youtube.com/watch?v=KBclrwbDmnw
ضرورت تداوم تحریم انتخابات؛ گفتگو با شاهزاده رضا پهلوی,https://www.youtube.com/watch?v=EuXH3U-k2QE
محمد خردادیان، مثلث عشقی نافرجام رو از اینجا ☝️ ببین🥃😎,https://www.youtube.com/watch?v=bmXPTMpOcpw
Befarmaeed Shaam - Abbas / بفرمایید شام لندن - میزبانی عباس، شب سوم,https://www.youtube.com/watch?v=Sm96tGaXGiU
دروغ ۱۲ - نفسم / Dorogh 12 - Nafasam,https://www.youtube.com/watch?v=X36gf-IfH68
میهمانی تاریخ را از این‌جا ☝️ تماشا کنید 😎,https://www.youtube.com/watch?v=Ac-HQaMb9Ac
Befarmaeed Shaam - Asra / بفرمایید شام لندن - میزبانی اسرا، شب دوم,https://www.youtube.com/watch?v=aLGsjGssDsQ
دروغ ۱۲ - بی‌مجنون/ Dorogh 12 - Bi Majnoon,https://www.youtube.com/watch?v=Y4pBoLHG3YI
از معجزات #سیرک_انتخابات این بود که جیره‌خورها صاحب پدر شدن,https://www.youtube.com/watch?v=e5wN75SxWI8
Befarmaeed Shaam - Negar / بفرمایید شام لندن - میزبانی نگار، شب اول,https://www.youtube.com/watch?v=3yoOTHwAzvo
واقعا جا داره از خبرگزاری‌های داخلی برای نوشتن این اخبار مفید و علمی تشکر کنیم 🟤🔵🔴,https://www.youtube.com/watch?v=lTNugX4kUn4
Befarmaeed Shaam - Azam / بفرمایید شام لندن - میزبانی اعظم، شب چهارم,https://www.youtube.com/watch?v=JYKQNd7T6U4
Befarmaeed Shaam - Omid / بفرمایید شام لندن - میزبانی امید، شب سوم,https://www.youtube.com/watch?v=jPsihb35IKw
Sirk Entekhabat - Conclusion / سیرک انتخابات با رسم شکل -  جمع‌بندی نهایی,https://www.youtube.com/watch?v=seyKfnBjXRY
Sirk Entekhabat - Saeed Jalili/سیرک انتخابات با رسم شکل - سعید جلیلی,https://www.youtube.com/watch?v=L4YdASp_ToI
Befarmaeed Shaam - Hamid / بفرمایید شام لندن - میزبانی حمید، شب دوم,https://www.youtube.com/watch?v=knwBlcGGkpI
دروغ ۱۲ - ننه نرو/ Dorogh 12 - Nane Naro,https://www.youtube.com/watch?v=PL_NQ1VQRiI
Befarmaeed Shaam - Ali / بفرمایید شام لندن - میزبانی علی، شب اول,https://www.youtube.com/watch?v=9mjkTteW6h0
Sirk Entekhabat - Ghazizadeh Hashemi / سیرک انتخابات با رسم شکل -  امیرحسین قاضی‌زاده هاشمی,https://www.youtube.com/watch?v=LwXUJV87oCg
مناظره آخر، زدن به سیم آخر! #سیرک_انتخابات,https://www.youtube.com/watch?v=1EdW6hUAMVU
دروغ ۱۲ - عروسی / Dorogh 12 - Aroosi,https://www.youtube.com/watch?v=YYUgv8zm0YU
Befarmaeed Shaam - Sima / بفرمایید شام لندن - میزبانی سیما، شب چهارم,https://www.youtube.com/watch?v=NiiMNDN3VRg
مناظره‌های آخر #سیرک_انتخابات 🙄,https://www.youtube.com/watch?v=XniTJWxgHSg
دروغ ۱۲ - مجنون / Dorogh 12 - Majnoon,https://www.youtube.com/watch?v=o8nmKQa0Knw
Sirk Entekhabat - Alireza Zakani /سیرک انتخابات با رسم شکل -  علیرضا زاکانی,https://www.youtube.com/watch?v=awZn70Ittzk
Befarmaeed Shaam - Ali / بفرمایید شام لندن - میزبانی علی، شب سوم,https://www.youtube.com/watch?v=iHPfPTdrGZ4
واقعا ما چه گناهی کردیم عکس عرقو #ظریف رو باید ببینیم!,https://www.youtube.com/watch?v=VZvHRnzIDYE
#سیرک_انتخابات,https://www.youtube.com/watch?v=7Svu9pJleL8
Sirk Entekhabat - Mostafa Pourmohammadi /سیرک انتخابات با رسم شکل - مصطفی پورمحمدی,https://www.youtube.com/watch?v=iVC0JWzfSgc
Befarmaeed Shaam - Laleh / بفرمایید شام لندن - میزبانی لاله، شب دوم,https://www.youtube.com/watch?v=gjJm_I9BUxo
Sirk Entekhabat - Bagher Ghalibaaf /سیرک انتخابات با رسم شکل - محمدباقر قالیباف,https://www.youtube.com/watch?v=3T69GA7d2PY
Befarmaeed Shaam - Pouria / بفرمایید شام لندن - میزبانی پوریا، شب اول,https://www.youtube.com/watch?v=GCO_F46P6Q4
Sirk Entekhabat - Masoud Pezeshkian / سیرک انتخابات با رسم شکل - مسعود پزشکیان,https://www.youtube.com/watch?v=S48v0chqpo0
پوریا علیپور: اگر کشته می‌شدم، دلم می‌خواست به خانواده‌ام سر بزنند,https://www.youtube.com/watch?v=-uCBXnBjjns
نوژه، طراح و فرمانده کودتا. به زودی,https://www.youtube.com/watch?v=y3QapXP01NY
بابا خانوماش کافور بریزید تو غذاش! #زاکانی #سیرک_انتخابات,https://www.youtube.com/watch?v=6ykOZz41giI
Befarmaeed Shaam - Pouria / بفرمایید شام لندن - میزبانی پوریا، شب چهارم,https://www.youtube.com/watch?v=vMdXCnIDQCU
Befarmaeed Shaam - Sareh / بفرمایید شام لندن - میزبانی ساره، شب سوم,https://www.youtube.com/watch?v=G3NXa97qgPw
اولین سوپرایز در بفرمایید شام,https://www.youtube.com/watch?v=lZFnsU2fF0k
بچه های نظام گرگن شغل تو رو می‌دزدن.,https://www.youtube.com/watch?v=ONVCIokWJKY
دروغ ۱۲ - میخرم برات یه کشتی / Dorogh 12 - Mikharam Barat Ye Keshti,https://www.youtube.com/watch?v=atp_hkv0agc
Befarmaeed Shaam - LiLi / بفرمایید شام لندن - میزبانی لی‌لی، شب دوم,https://www.youtube.com/watch?v=N_XYG4zwSlE
من ضارب خودم را می‌بخشم به شرطی که ...,https://www.youtube.com/watch?v=mVfPfXh02YY
پس از حمله ماموران بر پوریا علیپور چه گذشت؟,https://www.youtube.com/watch?v=w_Q2uPz3QN4
اولین مصاحبه پوریا علیپور پس از خروج از ایران,https://www.youtube.com/watch?v=l3alcIILCY0
Befarmaeed Shaam - Mehrdad / بفرمایید شام لندن - میزبانی مهرداد، شب اول,https://www.youtube.com/watch?v=2pTJ6RFQ-Mo
Befarmaeed Shaam - Mitra / بفرمایید شام لندن - میزبانی میترا، شب چهارم,https://www.youtube.com/watch?v=dB7e5yNb-4U
مصطفی پورمحمدی نارنجک سر خود نظام! #سیرک_انتخابات,https://www.youtube.com/watch?v=93X7C6EXF0Y
دروغ ۱۲: وقتی حاجی‌ت مثلش نیست / Dorogh 12 -Vaghti Hajit Meslesh Nist,https://www.youtube.com/watch?v=sQcb9Oyc6UA
عمق راهبردی انتخابات #سیرک_انتخابات,https://www.youtube.com/watch?v=t2oDIVdVsrw
Befarmaeed Shaam - Elli / بفرمایید شام لندن - میزبانی الی، شب سوم,https://www.youtube.com/watch?v=9vk5QE1hJm4
Befarmaeed Shaam - Alireza / بفرمایید شام لندن - میزبانی علیرضا، شب دوم,https://www.youtube.com/watch?v=42ttllgFBSo
Befarmaeed Shaam - Mehdi / بفرمایید شام لندن - میزبانی مهدی، شب اول,https://www.youtube.com/watch?v=_NyCPRmVP1A
آقای پزشکیان دو‌ دقیقه جلوی خبرهای خرابکاری‌ت رو بگیر که خدمت بقیه کاندیداها هم برسیم!#سیرک_انتخابات,https://www.youtube.com/watch?v=hHRhfxu0YKk
Befarmaeed Shaam - Reza / بفرمایید شام لندن - میزبانی رضا، شب چهارم,https://www.youtube.com/watch?v=q1L_1Sm7-t8
هانا، آیدا و ندا؛ فینالیست‌های میس پرشیا ۲۰۲۴,https://www.youtube.com/watch?v=r2pRUnqXNGY
Befarmaeed Shaam - Shahrokh / بفرمایید شام لندن - میزبانی شاهرخ، شب سوم,https://www.youtube.com/watch?v=wMW1-rzELwE
پزشکیان کاندیدای قوم گرای بیت رهبری! #سیرک_انتخابات,https://www.youtube.com/watch?v=IKIlDZj2nnw
Befarmaeed Shaam - Daniel / بفرمایید شام لندن - میزبانی دنیل، شب دوم,https://www.youtube.com/watch?v=CYvSNmK5gpY
بیچاره این قالیباف هیچی نداره 😔 اگر عموود خیمه انتخابش نکرد براش گلریزون کنیم#سیرک_انتخابات,https://www.youtube.com/watch?v=dTV8wAnDtRY
Befarmaeed Shaam - Mahboobeh / بفرمایید شام لندن - میزبانی محبوبه، شب اول,https://www.youtube.com/watch?v=FdRr0bZsz-Y
آشنایی ویروس اچ پی وی؛ ساغر کثیری,https://www.youtube.com/watch?v=X8Q1aUhINvM
Befarmaeed Shaam - Reza / بفرمایید شام لندن - میزبانی رضا، شب چهارم,https://www.youtube.com/watch?v=yEo_VB2rdNw
Befarmaeed Shaam - Tiva / بفرمایید شام لندن - میزبانی تیوا، شب سوم,https://www.youtube.com/watch?v=EL4mr5Dc3A4
شیما، نینا و الی: نمایندگان الهام بخش در میس پرشیا,https://www.youtube.com/watch?v=lb_o_A3P0jo
طالبان با مدل جمهوری‌اسلامی در سنت پترزبورگ,https://www.youtube.com/watch?v=FZlZX9J5BPY
Befarmaeed Shaam - Ashkan / بفرمایید شام لندن - میزبانی اشکان، شب دوم,https://www.youtube.com/watch?v=hxU4RkNW3qo
Parviz Sabeti | مستند پرویز ثابتی,https://www.youtube.com/watch?v=SFsPGy2ctLM
مستند پنج قسمتی «پرویز ثابتی» را از اینجا ☝️ تماشا کنید,https://www.youtube.com/watch?v=Tv9Z5ScCVxo
Befarmaeed Shaam - Sepideh / بفرمایید شام لندن - میزبانی سپیده، شب اول,https://www.youtube.com/watch?v=UngJFj71yTA
جمیله جون چی میزنی که رییسی رو هالک میبینی؟,https://www.youtube.com/watch?v=sGYB7lT_raM
انتخاباتی که توش محسن رضایی میرقائد نباشد انتخابات نیست!,https://www.youtube.com/watch?v=aK5NpfVkIkk
دروغ ۱۲ - میخرم برات یه کشتی / Dorogh 12 - Mikharam Barat Ye Keshti,https://www.youtube.com/watch?v=VPkHa6M25p4
Befarmaeed Shaam - Leila / بفرمایید شام لندن - میزبانی لیلا، شب چهارم,https://www.youtube.com/watch?v=BtZSxQO8DD8
Befarmaeed Shaam - Ali / بفرمایید شام لندن - میزبانی علی، شب سوم,https://www.youtube.com/watch?v=nsniRSumdfM
به سلامتی هلی‌کوپتر 🚁🍻,https://www.youtube.com/watch?v=EPXigAx2I4k
Befarmaeed Shaam - Alireza / بفرمایید شام لندن - میزبانی علیرضا، شب دوم,https://www.youtube.com/watch?v=OfhaRc764Qc
گنده‌گوی منطقه باز تابستون شد، نه آب داره نه برق! #سیرک_انتخابات,https://www.youtube.com/watch?v=mfnOPEcrrs4
ویدیو کامل مستند خمینی را، از اینجا ☝️ تماشا کنید.,https://www.youtube.com/watch?v=-agotopMrA0
Befarmaeed Shaam - Parisa / بفرمایید شام لندن - میزبانی پریسا، شب اول,https://www.youtube.com/watch?v=-i5jHAXkE1M
Befarmaeed Shaam - Mohammad / بفرمایید شام لندن - میزبانی محمد، شب چهارم,https://www.youtube.com/watch?v=sG408WG9zPg
گزارش تلویزیون ملی ایران در لندن,https://www.youtube.com/watch?v=fli61rsbWrk
Befarmaeed Shaam - Sheida / بفرمایید شام لندن - میزبانی شیدا، شب سوم,https://www.youtube.com/watch?v=hPmnnNXN4Hc
رییسی آی رییسی ببین جمیله رو بردن 😳,https://www.youtube.com/watch?v=1Quvqo9ZChw
Befarmaeed Shaam - Mo / بفرمایید شام لندن - میزبانی مُو، شب دوم,https://www.youtube.com/watch?v=f6xwnhpRakg
خاک بر سر ما ملت 😔,https://www.youtube.com/watch?v=--y1B6TPYHE
تو غلط می‌کنی 😤,https://www.youtube.com/watch?v=bjvesy0hZsU
من دلم پیش غریبی‌ست که نامش وطن است,https://www.youtube.com/watch?v=3T_lKJg6Buk
Befarmaeed Shaam - Samira / بفرمایید شام لندن - میزبانی سمیرا، شب اول,https://www.youtube.com/watch?v=oVqXgZcyL1Q
یعنی آنگوزمان شون زود تند فوری سریع پرپکانی شد رفت توی لوکوموتیر! 😄,https://www.youtube.com/watch?v=R1Fzc_T11ns
«همه با هم سر سفره فساد انقلاب نشسته‌اند»,https://www.youtube.com/watch?v=gGSdpk7o_Cc
«محمدباقر قالیباف: ابرفاسد فراجناحی»,https://www.youtube.com/watch?v=nA2XCLCKN2c
پشت پرده انتخاب رئیس مجلس,https://www.youtube.com/watch?v=BnUGKu46m2I
بچه‌ها یک دست بزنین برا خاله نرگس 👏👏👏,https://www.youtube.com/watch?v=Yx6Xzzn_Rws
خسته نباشی دلاور، خدا قوت پهلوان!,https://www.youtube.com/watch?v=AWN1UZ5XQvQ
مَهان فینالیست‌ «دختر شایسته پرشیا»,https://www.youtube.com/watch?v=HZduR7eAt2s
بابا بذارید خاکش کنن بعد چیتان پیتان کنین برای ریاست جمهوری!!,https://www.youtube.com/watch?v=wTdFn8K0gl0
تلاش برای گرفتن کرسی ریاست جمهوری,https://www.youtube.com/watch?v=OZ_bW3Nsy0o
دلیل غیبت روسای جمهور پیشین در تشییع ابراهیم رئیسی,https://www.youtube.com/watch?v=9dIsCNHC2VI
«سکه‌پاشی حکومت برای آوردن مردم به مراسم‌های خود»,https://www.youtube.com/watch?v=Jn2e8KuNXVw
آمنه آمنه عکاس محمود کیه؟,https://www.youtube.com/watch?v=Cnhu9VHaVBU
حواشی مراسم تشیع ابراهیم رئیسی,https://www.youtube.com/watch?v=a3gHuUcUHIU
لایو اینستاگرام / دوم خرداد ۱۴۰۳  - حواشی تشییع ابراهیم رئیسی,https://www.youtube.com/watch?v=Blxx1EgmaoU
سالومه: خدایی نرگس سلیمانی رو چه حسابی سمت گرفته؟,https://www.youtube.com/watch?v=oNIiYOisf5c
امیر مقدم: رئیسی استانداردهای  یک رهبر کاریزماتیک رو از نظر جمهوری اسلامی نداشت,https://www.youtube.com/watch?v=EmIkBGjm8Ck
بررسی حادثه هلی‌کوپتر ابراهیم رئیسی,https://www.youtube.com/watch?v=mWPEM9v1Rbk
سخنرانی شاهزاده رضا پهلوی در جمعی از فعالان بریتانیا,https://www.youtube.com/watch?v=S5zjV_ewXko
صدمین سالروز تاسیس نیروی هوایی شاهنشاهی ایران,https://www.youtube.com/watch?v=IDNDnwLMZXs
اجرای آهنگ «ای ایران» در تفلیس گرجستان,https://www.youtube.com/watch?v=PZ7CUS9msTE
به مناسبت صدمین سالروز تاسیس نیروی هوایی شاهنشاهی ایران در سه قسمت اختصاصی کانال یوتیوب منوتو,https://www.youtube.com/watch?v=TQBV_AOnV_M
بعدا خواهند گفت، رودی ۱۷۰۰ ساله را از بین بردند,https://www.youtube.com/watch?v=ZOvC3sc3avY
کتک زدن یک زن توسط یک آخوند,https://www.youtube.com/watch?v=pE1gTCxK7-E
به مناسبت صدمین سالروز تاسیس نیروی هوایی شاهنشاهی ایران در سه قسمت اختصاصی کانال یوتیوب منوتو,https://www.youtube.com/watch?v=jOj2Tlj6RZA
سخنرانی محمدرضا شاه پهلوی در روز کارگر سال ۱۳۵۵,https://www.youtube.com/watch?v=DfOn1wH4zus
دیدار محمدرضا شاه پهلوی با کارگران در روز کارگر سال ۱۳۵۵,https://www.youtube.com/watch?v=VTc3ZY-MvB4
«جدی می‌فرمایید؟ دزدی فساد نیست؟»,https://www.youtube.com/watch?v=OlTpj9WgQHc
به مناسبت صدمین سالروز تاسیس نیروی هوایی شاهنشاهی ایران به زودی در کانال یوتیوب منوتو . #تاج‌طلایی,https://www.youtube.com/watch?v=0uUSomo6cRI
به مناسبت صدمین سالروز تاسیس نیروی هوایی شاهنشاهی ایران به زودی در کانال یوتیوب منوتو . #تاج‌طلایی,https://www.youtube.com/watch?v=drRYdFSBXj4
به مناسبت صدمین سالروز تاسیس نیروی هوایی شاهنشاهی ایران به زودی در کانال یوتیوب منوتو . #تاج‌طلایی,https://www.youtube.com/watch?v=lS7AceTZwuA
گزارشگر منوتو - تنها پل ارتباطی بین من و تو,https://www.youtube.com/watch?v=Jmv2M39nbnU
#شعر_یادت_نره 🎙#اوج_منوتو,https://www.youtube.com/watch?v=k3mrHN3xi4s
#شعر_یادت_نره 🎙#اوج_منوتو,https://www.youtube.com/watch?v=ZZzCekFUKOs
آلودگی محیط زیست شهری,https://www.youtube.com/watch?v=8EiGyfqw78E
انباشت زباله در بستر رودخانه,https://www.youtube.com/watch?v=7p--hujUvAY
تجارت نیست، صنعت نیست، ره نیستامیدی جز به سردار سپه نیست,https://www.youtube.com/watch?v=9eAAiYg3w4U
#شعر_یادت_نره 🎙#اوج_منوتو,https://www.youtube.com/watch?v=UN45rJ4MGNE
“تمدن آنها این است، آنها از آزادی این را می‌خواهند”,https://www.youtube.com/watch?v=QX6Yo5Q7EU0
اگر ایران کشور دموکراتیک بود، ده‌ها من‌ و‌ تو داشتیم.,https://www.youtube.com/watch?v=mjTGkrfPx-A
‎تکه‌هایی از آرشیو منوتو - دیدگاه خمینی درباره افراد ملی,https://www.youtube.com/watch?v=ra-dTKoAQXo
تکه‌هایی از آرشیو منوتو - اظهارات خمینی درباره اشغال سفارت آمریکا,https://www.youtube.com/watch?v=l0JKgOmeTwE
تکه‌هایی از آرشیو منوتو - ملاقات خمینی با گروهی از نابینایان قم,https://www.youtube.com/watch?v=q7m4EDjjCtE
به تصویر کشیدن تاریخ، آداب و رسوم و هنر ایرانی,https://www.youtube.com/watch?v=GU_nld4rH5Y
ویدیو موزیکال عید یعنی ...,https://www.youtube.com/watch?v=52_NxCtwzE8
من و تو پلاس ۱۱ بهمن ۱۴۰۲ - لحظه خداحافظی - بخش چهارم,https://www.youtube.com/watch?v=bEykh1eb3so
من و تو پلاس ۱۱ بهمن ۱۴۰۲ - لحظه خداحافظی - بخش سوم,https://www.youtube.com/watch?v=kThbhrXeiqk
من و تو پلاس ۱۱ بهمن ۱۴۰۲ - لحظه خداحافظی - بخش دوم,https://www.youtube.com/watch?v=ZnHtiGBoaT4
من و تو پلاس ۱۱ بهمن ۱۴۰۲ - لحظه خداحافظی - بخش اول,https://www.youtube.com/watch?v=761QnWbWgpk
#شعر_یادت_نره 🎙#اوج_منوتو,https://www.youtube.com/watch?v=4_xUg3lcoJc
آخرین مصاحبه تینا، پتکین و سام در منوتو,https://www.youtube.com/watch?v=lFZ-o-A-D-M
آخرین خداحافظی در قاب زنده منوتو,https://www.youtube.com/watch?v=rL6wZyuBM2M
منوتو، هنوز هم من و و تو,https://www.youtube.com/watch?v=DsxM9oyUaeg
سکانس آخر، آخرین برنامه تلویزیون من و تو / Manoto,https://www.youtube.com/watch?v=HjYnb2XGn6k
پشت صحنه تولد ۱۰ سالگی منوتو,https://www.youtube.com/watch?v=byA0Z9ZqMx4
آخرین مصاحبه آزاده و شایان در منوتو,https://www.youtube.com/watch?v=k1pEtS_86E0
بهترین‌های آکادمی گوگوش,https://www.youtube.com/watch?v=2H3pCn3INwg
آخرین مصاحبه فرناز با منوتو,https://www.youtube.com/watch?v=-6V0rexpL0k
آخرین مصاحبه سارا و امیر در منوتو,https://www.youtube.com/watch?v=EDBuM9oLeSY
ویژه برنامه زن امروز؛ زنان افغانستان,https://www.youtube.com/watch?v=ZaxSWk5lWIA
آخرین مصاحبه هدیه و آریا در منوتو,https://www.youtube.com/watch?v=uY_S3FR8NME
صحبت‌های کیوان عباسی با بهزاد بلور درباره رسانه  ( سال ۲۰۰۶ ),https://www.youtube.com/watch?v=w22z7SC4HMA
آخرین مصاحبه شوکا و بهاره در منوتو,https://www.youtube.com/watch?v=vmWlIPjWC18
آخرین مصاحبه سحر و شاهو در منوتو,https://www.youtube.com/watch?v=LU48vI9UjVc
آخرین مصاحبه تارا و ساره در منوتو,https://www.youtube.com/watch?v=9RQAxA_HIcE
آخرین مصاحبه پریسا و کسری در منوتو,https://www.youtube.com/watch?v=flLfDgzr9z4
«تیام در جستجوی «کی,https://www.youtube.com/watch?v=fSlCcDkNEuk
آخرین مصاحبه علیرضا، فرزین، وحید و مهدی در منوتو,https://www.youtube.com/watch?v=bSGBiv96LIs
آخرین مصاحبه رضا، شز و باران در منوتو,https://www.youtube.com/watch?v=Sy34i-l39rs
ویژه برنامه زن امروز ۱۴۰۱؛ بنگ بنگ,https://www.youtube.com/watch?v=Y3CoBW2Z2n0
آخرین مصاحبه علی حمید، مازیار و امین در منوتو,https://www.youtube.com/watch?v=okaW-Krsnwc
آخرین مصاحبه مدیا، آناهیتا، مرضیه و دانیال در منوتو,https://www.youtube.com/watch?v=bkqf3CFk5WI
ویژه برنامه زن امروز ۱۴۰۱,https://www.youtube.com/watch?v=EfEjiosH60U
آخرین مصاحبه آرزو، شیدا و روناک در منوتو,https://www.youtube.com/watch?v=50vzlCoSZK0
آخرین مصاحبه مهشید، فرشاد و علی در منوتو,https://www.youtube.com/watch?v=8-absD7kID8
شبکه نیم؛ « یه فیلمایی»,https://www.youtube.com/watch?v=Wbo1G8EAGl8
موزیک ویدیو ۱۰ سالگی منوتو,https://www.youtube.com/watch?v=-Ow73JMGXWY
بازدید از استودیو خبر منوتو همراه با تینا قاضی‌مراد,https://www.youtube.com/watch?v=pkXRj_olVNk
پیام اسماعیل خوئی برای ۱۰ سالگی منوتو,https://www.youtube.com/watch?v=x-K6WjEARas
آخرین مصاحبه شروین و کارن در منوتو,https://www.youtube.com/watch?v=HrNt8uDlH9M
نظر «شما» درباره منوتو,https://www.youtube.com/watch?v=U6IqeORSYA0
آرشیو منوتو همراه با علی حمید,https://www.youtube.com/watch?v=X9O9UGBpePA
آخرین مصاحبه هیدا، شروین و پدرام در منوتو,https://www.youtube.com/watch?v=vDkIA3woHjA
آخرین مصاحبه شبنم و نوید در منوتو,https://www.youtube.com/watch?v=9BEuFsiC9cg
آخرین مصاحبه فریدون و سام در منوتو,https://www.youtube.com/watch?v=1xO14wUMOPY
سیزده سال با شما,https://www.youtube.com/watch?v=5UGzR-qJlLg
آخرین مصاحبه الهه و محمد,https://www.youtube.com/watch?v=vs8rtpsFyoM
آخرین مصاحبه مژده و آرزو در منوتو,https://www.youtube.com/watch?v=eAooDe_fsAQ
من و تو پلاس سه شنبه ۱۰ بهمن ۱۴۰۲ - تیم من و تو پلاس,https://www.youtube.com/watch?v=ggZYe_zIGCc
Time Tunnel (The Best) | بهترین‌های تونل زمان,https://www.youtube.com/watch?v=IxHTNG0Pays
من و تو پلاس دوشنبه ۹ بهمن ۱۴۰۲ - امیرعلی، شهریار، علیرضا و کارن صباغی,https://www.youtube.com/watch?v=9lHIdky12GA
Shabake Nim (The Best) | بهترین‌های شبکه نیم,https://www.youtube.com/watch?v=BzcYNsaMa0U
امید ای ام - یکشنبه ۸ بهمن ۱۴۰۲ / Omid A.M,https://www.youtube.com/watch?v=d8rCthn80w4
در جستجوی یک رویا - قسمت سوم,https://www.youtube.com/watch?v=SoK_77y-J9s
من و تو پلاس یکشنبه ۸ بهمن ۱۴۰۲ - سام٬ آریا٬آزاده٬شکیلا,https://www.youtube.com/watch?v=qoZhYIwa5Ww
من و تو پلاس شنبه ۷ بهمن ۱۴۰۲ - امیرعلی، پریسا، امید، شهرام و شایان,https://www.youtube.com/watch?v=M5TKeiIpSmQ
در جستجوی یک رویا - قسمت دوم,https://www.youtube.com/watch?v=FIpPYIJR8a8
در جستجوی یک رویا - قسمت اول,https://www.youtube.com/watch?v=-Bz-Y0CDKr4
من و تو پلاس جمعه ۶ بهمن ۱۴۰۲ - پتکین، امیرعلی و انیمیشن دکتر کپی,https://www.youtube.com/watch?v=WZOclr6KYmk
بهترین‌های سالی تاک / SaliTalk,https://www.youtube.com/watch?v=4T_TnaXMQvU
من و تو پلاس پنجشنبه ۵ بهمن ۱۴۰۲ - نوشین، رضا، حمید، خاطرات ببین تی وی و شبکه نیم و مرتضی برجسته,https://www.youtube.com/watch?v=2HZwiV82SMA
در جست‌ و جوی یک رویا,https://www.youtube.com/watch?v=R5oeHEhuA3U
در جست‌ و جوی یک رویا,https://www.youtube.com/watch?v=hjmWhdCDeq8
در جست‌ و جوی یک رویا,https://www.youtube.com/watch?v=D_K7PLMgKbg
من و تو پلاس چهارشنبه ۴ بهمن ۱۴۰۲ - رضا روحانی، علیرضا صارمی، پانیدا، سالومه,https://www.youtube.com/watch?v=h4vRDJ1i-cs
سالی تاک - سه شنبه ۳ بهمن ۱۴۰۲ / SaliTalk,https://www.youtube.com/watch?v=TswyCI9EVvI
#دروغ۱۲,https://www.youtube.com/watch?v=4SW1wUASfzo
در طول این ۱۴ سال، من و تو برای شما چه معنی دارد؟,https://www.youtube.com/watch?v=gdBH3TFQFqw
من و تو پلاس سه شنبه ۳ بهمن ۱۴۰۲ - دکتر کویر٬ مازیار مکفی٬ رضا طبسی٬ سحر,https://www.youtube.com/watch?v=VEhy42PwxBs
لیپ‌سینک سالومه با ترانه‌ای ازشهرام کاشانی,https://www.youtube.com/watch?v=mfkUPFMrX-4
#شعر_یادت_نره 🎙#اوج_منوتو,https://www.youtube.com/watch?v=8v9hth1UZ68
اتاق خبر - دوشنبه ۲ بهمن ۱۴۰۲ ساعت ۲۱,https://www.youtube.com/watch?v=443AI6jcxqU
من و تو پلاس دوشنبه ۲ بهمن ۱۴۰۲ - خاطرات برنامه تک شو با امیر و سارا و گل آذین,https://www.youtube.com/watch?v=Bl14CCuAz4M
#دروغ۱۲,https://www.youtube.com/watch?v=9prL4KaCgp8
#دروغ۱۲,https://www.youtube.com/watch?v=j5P7d4LbGTU
مستند #هویدا,https://www.youtube.com/watch?v=qji1k1olarU
#شعر_یادت_نره 🎙#اوج_منوتو,https://www.youtube.com/watch?v=3n9ActZuMdE
من و تو پلاس یکشنبه ۱ بهمن ۱۴۰۲ - مرور خاطرات گپ‌تایم و کیک میک,https://www.youtube.com/watch?v=6o5u8YL-6rU
#شعر_یادت_نره 🎙#اوج_منوتو,https://www.youtube.com/watch?v=_jntZ0Q3abQ
من و تو پلاس شنبه ۳۰ دی ۱۴۰۲ - سالومه، الهه،‌ الی و دانیال,https://www.youtube.com/watch?v=nGgczWfGfKM
اتاق خبر - ۳ رویداد ۳۰ دی ۱۴۰۲,https://www.youtube.com/watch?v=aDxXWg7cMNg
اتاق خبر - ۵ خبری که در ۳۰ دی ۱۴۰۲ باید بدانید,https://www.youtube.com/watch?v=sJUHRU98_wI
#شعر_یادت_نره 🎙#اوج_منوتو,https://www.youtube.com/watch?v=c8UGTUth268
من و تو پلاس جمعه ۲۹ دی ۱۴۰۲ - هدیه، امید و هومن (مسافر منوتوپلاس),https://www.youtube.com/watch?v=jgtrRjMJjaI
"3 Fazo Nim, S4, EP02 | سه فاز و نیم - سری ۴، قسمت ۲",https://www.youtube.com/watch?v=J3oeXpyLMTk
#شعر_یادت_نره 🎙#اوج_منوتو,https://www.youtube.com/watch?v=MyMpeZcVhCY
من و تو پلاس پنجشنبه ۲۸ دی ۱۴۰۲ - آریا، محمد، آرزو، شروین، آریانا، گلناز و آرام,https://www.youtube.com/watch?v=eFqymgH_wZI
"3 Fazo Nim, S4, EP01 |سه فاز و نیم - سری ۴، قسمت ۱",https://www.youtube.com/watch?v=TwSQjAH4nLU
اتاق خبر - ۳ رویداد ۲۸ دی ۱۴۰۲,https://www.youtube.com/watch?v=queeCXBhGjc
اتاق خبر - ۵ خبری که در ۲۸ دی ۱۴۰۲ باید بدانید,https://www.youtube.com/watch?v=ovQXxamWR44
من و تو پلاس چهارشنبه ۲۷ دی ۱۴۰۲ - منوتو در دوران کرونا، سلبریتی نیوز، شوبیز و دکتر پوریا ثابتیان,https://www.youtube.com/watch?v=uwht7FNdebI
#شعر_یادت_نره 🎙#اوج_منوتو,https://www.youtube.com/watch?v=VBuQz46e0hk
اتاق خبر - چهارشنبه ۲۷ دی ۱۴۰۲ ساعت ۲۱,https://www.youtube.com/watch?v=0fi4N6lES8U
اتاق خبر - ۳ رویداد ۲۷ دی ۱۴۰۲,https://www.youtube.com/watch?v=97PGz0FeKyo
اتاق خبر - ۵ خبری که در ۲۷ دی ۱۴۰۲ باید بدانید,https://www.youtube.com/watch?v=slvJPGlvldU
#شعر_یادت_نره 🎙#اوج_منوتو,https://www.youtube.com/watch?v=Uu66XPv17oA
من و تو پلاس سه شنبه ۲۶ دی ۱۴۰۲ - ندا، امید و سالومه,https://www.youtube.com/watch?v=qOrsKCa7kKw
اتاق خبر - ۳ رویداد ۲۶ دی ۱۴۰۲,https://www.youtube.com/watch?v=FSGVPRHe5cA
اتاق خبر - ۵ خبری که در ۲۶ دی ۱۴۰۲ باید بدانید,https://www.youtube.com/watch?v=vym1uI0nZMI
قصه های هزار و یک شب - قسمت ۳۰,https://www.youtube.com/watch?v=liiQmHe7qKA
قصه های هزار و یک شب - قسمت ۲۹,https://www.youtube.com/watch?v=xZZ3OoQYIDI
قصه های هزار و یک شب - قسمت ۲۸,https://www.youtube.com/watch?v=0VW0jQfpavk
قصه های هزار و یک شب - قسمت ۲۷,https://www.youtube.com/watch?v=7v4m8Iq76Ec
قصه های هزار و یک شب - قسمت ۲۶,https://www.youtube.com/watch?v=OVXmOuhYT0o
قصه های هزار و یک شب - قسمت ۲۵,https://www.youtube.com/watch?v=Wdo43DTLO5E
قصه های هزار و یک شب - قسمت ۲۴,https://www.youtube.com/watch?v=A36pAq07DC8
قصه های هزار و یک شب - قسمت ۲۳,https://www.youtube.com/watch?v=hustWP80WXM
قصه های هزار و یک شب - قسمت ۲۲,https://www.youtube.com/watch?v=k7yXItFGwUA
قصه های هزار و یک شب - قسمت ۲۱,https://www.youtube.com/watch?v=BGuCq-yK0SA
قصه های هزار و یک شب - قسمت ۲۰,https://www.youtube.com/watch?v=xO6Hr5lZRC8
قصه های هزار و یک شب - قسمت ۱۹,https://www.youtube.com/watch?v=L4vNzOtookY
قصه های هزار و یک شب - قسمت ۱۸,https://www.youtube.com/watch?v=ksD8OffmD-o
#شعر_یادت_نره 🎙#اوج_منوتو,https://www.youtube.com/watch?v=Gb0WXkLzvnE
من و تو پلاس دوشنبه ۲۵ دی ۱۴۰۲ - ابوالفضل رفیعی پور و آریا صالحی,https://www.youtube.com/watch?v=-SUALubPFZQ
تمرین بچه‌ها، چند ساعت قبل از شروع سال تحویل سال ۱۴۰۱,https://www.youtube.com/watch?v=erbBXpMzUps
#شعر_یادت_نره 🎙#اوج_منوتو,https://www.youtube.com/watch?v=CyrzOdsI3A0
من و تو پلاس یکشنبه ۲۳ دی ۱۴۰۲ - وداع من و تو با کاوه میرطهماسبی و ساغر کثیری,https://www.youtube.com/watch?v=Mz2jqNcP-dg
اتاق خبر - ۳ رویداد ۲۴ دی ۱۴۰۲,https://www.youtube.com/watch?v=Qwf7qIgRRxc
اتاق خبر - ۵ خبری که در ۲۴ دی ۱۴۰۲ باید بدانید,https://www.youtube.com/watch?v=otFHRq8GMHg
#شعر_یادت_نره 🎙#اوج_منوتو,https://www.youtube.com/watch?v=5DL4PGySO30
من و تو پلاس شنبه ۲۳ دی ۱۴۰۲ - دکتر سارا سفری و الهه طراح برند دختر چوبی,https://www.youtube.com/watch?v=4_tXWpyBmFY
اتاق خبر - ۳ رویداد ۲۳ دی ۱۴۰۲,https://www.youtube.com/watch?v=kaYeDABO2iE
اتاق خبر - ۵ خبری که در ۲۳ دی ۱۴۰۲ باید بدانید,https://www.youtube.com/watch?v=yV_VfcHrHrk
.در طول این ۱۳ سال، من و تو برای شما چه معنی دارد؟,https://www.youtube.com/watch?v=dmJahBnTl7I
#شعر_یادت_نره 🎙#اوج_منوتو,https://www.youtube.com/watch?v=6iDF-Xx-ldM
منوتو، قابی برای من و تو,https://www.youtube.com/watch?v=26B-gmdvPe0
من و تو پلاس جمعه ۲۲ دی ۱۴۰۲ - سعید رفیعی منفرد و بنیامین رضایی,https://www.youtube.com/watch?v=QLXAQxjZaE0
#شعر_یادت_نره 🎙#اوج_منوتو,https://www.youtube.com/watch?v=wccpW-D1sm4
اتاق خبر - پنجشنبه ۲۱ دی ۱۴۰۲ ساعت ۲۱,https://www.youtube.com/watch?v=dbvfyGYuHxw
من و تو پلاس پنجشنبه ۲۱ دی ۱۴۰۲ - دکتر حسام طور، کاپیتان بهنام,https://www.youtube.com/watch?v=DojuXGbeMxY
منوتو، قابی برای من و تو,https://www.youtube.com/watch?v=Vz_ZptW53LM
سمت نو - پنجشنبه ۲۱ دی ۱۴۰۲,https://www.youtube.com/watch?v=-vr7Kg3A4p4
سالی تاک - پنجشنبه ۲۱ دی ۱۴۰۲ / SaliTalk,https://www.youtube.com/watch?v=czQQwKT0Dl0
امید ای ام - چهارشنبه ۲۰ دی ۱۴۰۲ / Omid A.M,https://www.youtube.com/watch?v=5dv3NZDfAdE
من و تو پلاس چهارشنبه ۲۰ دی ۱۴۰۲,https://www.youtube.com/watch?v=fhEJSljS1Uk
اتاق خبر - ۳ رویداد ۲۰ دی ۱۴۰۲,https://www.youtube.com/watch?v=JJjC7cpW7vw
اتاق خبر - ۵ خبری که در ۲۰ دی ۱۴۰۲ باید بدانید,https://www.youtube.com/watch?v=IK5UyBI4sGM
من و تو پلاس سه شنبه ۱۹ دی ۱۴۰۲ - الهه، طراح عروسک و وفادار، خواننده رپ,https://www.youtube.com/watch?v=N8F2ic1rJRU
سمت نو - سه شنبه ۱۹ دی ۱۴۰۲,https://www.youtube.com/watch?v=TKzehPqSAZQ
من و تو پلاس دوشنبه ۱۸ دی ۱۴۰۲ - فیروز فرمانفرمائیان و غزاله,https://www.youtube.com/watch?v=dAke7uuxqas
اتاق خبر - ۳ رویداد ۱۸ دی ۱۴۰۲,https://www.youtube.com/watch?v=1lU3AWQ7i30
اتاق خبر - ۵ خبری که در ۱۸ دی ۱۴۰۲ باید بدانید,https://www.youtube.com/watch?v=ClIT79mB8Ew
قصه های هزار و یک شب - قسمت ۱۷,https://www.youtube.com/watch?v=wVV137Km0Nk
قصه های هزار و یک شب - قسمت ۱۶,https://www.youtube.com/watch?v=JMyRJJoOXro
قصه های هزار و یک شب - قسمت ۱۵,https://www.youtube.com/watch?v=nSjZdYqjJU0
قصه های هزار و یک شب - قسمت ۱۴,https://www.youtube.com/watch?v=UrerK1ji938
One Thousand and One Nights - EP13 | قصه های هزار و یک شب - قسمت ۱۳,https://www.youtube.com/watch?v=It1E4yBNIrQ
One Thousand and One Nights - EP12 | قصه های هزار و یک شب - قسمت ۱۲,https://www.youtube.com/watch?v=Sbfx5BsMw-c
One Thousand and One Nights - EP11 | قصه های هزار و یک شب - قسمت ۱۱,https://www.youtube.com/watch?v=VBYtE4Je28Q
One Thousand and One Nights - EP10 | قصه های هزار و یک شب - قسمت ۱۰,https://www.youtube.com/watch?v=C5BjmsDOcYs
One Thousand and One Nights - EP9 | قصه های هزار و یک شب - قسمت ۹,https://www.youtube.com/watch?v=r9YfgA88i_M
One Thousand and One Nights - EP8 | قصه های هزار و یک شب - قسمت ۸,https://www.youtube.com/watch?v=wCSHxzDKasE
One Thousand and One Nights - EP7 | قصه های هزار و یک شب - قسمت ۷,https://www.youtube.com/watch?v=HqzNyLLpaAE
One Thousand and One Nights - EP6 | قصه های هزار و یک شب - قسمت ۶,https://www.youtube.com/watch?v=OMKysr-x92k
One Thousand and One Nights - EP5 | قصه های هزار و یک شب - قسمت ۵,https://www.youtube.com/watch?v=xYkyr0ix8lw
One Thousand and One Nights - EP4 | قصه های هزار و یک شب - قسمت ۴,https://www.youtube.com/watch?v=TL2YGqDq1EY
One Thousand and One Nights - EP3 | قصه های هزار و یک شب - قسمت ۳‌,https://www.youtube.com/watch?v=sT_VeQRLZl8
One Thousand and One Nights - EP2  | قصه های هزار و یک شب - قسمت ۲,https://www.youtube.com/watch?v=R3iAcSfMpQI
One Thousand and One Nights - EP1 | قصه های هزار و یک شب - قسمت ۱,https://www.youtube.com/watch?v=4iSXBtEckX4
PS۷۵۲ ناگفته‌های,https://www.youtube.com/watch?v=PrS6CnwR-9Q
من و تو پلاس یکشنبه، ۱۷ دی ۱۴۰۲,https://www.youtube.com/watch?v=bjLSpov5Y0Q
من و تو پلاس شنبه ۱۶ دی ۱۴۰۲ - دکتر پیمان رئوفی و دکتر آرش زارع,https://www.youtube.com/watch?v=wnRYyt2Z-s8
خانه دوست کجاست - ستایش شریفی‌نیا,https://www.youtube.com/watch?v=H0098ZORYBg
من و تو پلاس جمعه ۱۵ دی ۱۴۰۲ - دکتر ساینا نوروزی، فرینوش و پشت صحنه گروه ۴ بفرمایید شام,https://www.youtube.com/watch?v=2tvxYzxULLU
اتاق خبر - ۳ رویداد ۱۵ دی ۱۴۰۲,https://www.youtube.com/watch?v=FJeF2cDysfk
اتاق خبر - ۵ خبری که در ۱۵ دی ۱۴۰۲ باید بدانید,https://www.youtube.com/watch?v=XzjRIDOhL54
من و تو پلاس پنجشنبه ۱۴ دی ۱۴۰۲ - نازنین، امیر رشیدی و دکتر لی لی صدر میرحسینی,https://www.youtube.com/watch?v=HNVA0k0FKb0
اتاق خبر - ۳ رویداد ۱۴ دی ۱۴۰۲,https://www.youtube.com/watch?v=d3w0iFHk-7s
اتاق خبر - ۵ خبری که در ۱۴ دی ۱۴۰۲ باید بدانید,https://www.youtube.com/watch?v=sG4gugmWN1I
من و تو پلاس چهارشنبه ۱۳ دی ۱۴۰۲ - ناصر کرمی و المیرا فرنوش,https://www.youtube.com/watch?v=3DXZoB87p1o
اتاق خبر - ۳ رویداد ۱۳ دی ۱۴۰۲,https://www.youtube.com/watch?v=3s3nMdlvm8k
اتاق خبر - ۵ خبری که در ۱۳ دی ۱۴۰۲ باید بدانید,https://www.youtube.com/watch?v=hiJsZmeIAhs
سالی تاک - سه شنبه ۱۲ دی ۱۴۰۲ / SaliTalk,https://www.youtube.com/watch?v=2h5Fo7dJwdA
سمت نو - سه شنبه ۱۲ دی ۱۴۰۲,https://www.youtube.com/watch?v=RJOLXAA3FkU
اتاق خبر - ۳ رویداد ۱۲ دی ۱۴۰۲,https://www.youtube.com/watch?v=pDQy5ezbOhk
اتاق خبر - ۵ خبری که در ۱۲ دی ۱۴۰۲ باید بدانید,https://www.youtube.com/watch?v=QOxq8cPiup0
The History Of Music - Ep03 | سرگذشت موسیقی ایران - قسمت سوم، از شاه تا خمینی,https://www.youtube.com/watch?v=Z6VtpBGNKt4
بفرمایید شام لندن - گروه۴ شب چهارم / Befarmaeed Sham London G4 N4,https://www.youtube.com/watch?v=fWOyn-kXWoo
من و تو پلاس یکشنبه ۱۰ دی ۱۴۰۲ - خرافات مربوط به سال نو و زهرا کُهرام,https://www.youtube.com/watch?v=GhgWueWP8nc
Befarmaeed Sham London G4 N3 | بفرمایید شام لندن - گروه۴ شب سوم,https://www.youtube.com/watch?v=RxdD-E6O44M
من و تو پلاس شنبه ۹ دی ۱۴۰۲ - دکتر گیو حیدری و کارن صباغی,https://www.youtube.com/watch?v=VkQKmMdn7XY
اتاق خبر - ۳ رویداد ۹ دی ۱۴۰۲,https://www.youtube.com/watch?v=4ZkggmGhFhg
اتاق خبر - ۵ خبری که در ۹ دی ۱۴۰۲ باید بدانید,https://www.youtube.com/watch?v=37AIVVGif_c
Befarmaeed Sham London G4 N2 | بفرمایید شام لندن - گروه۴ شب دوم,https://www.youtube.com/watch?v=cfFYWBiuXus
من و تو پلاس جمعه ۸ دی ۱۴۰۲ - هستی پود فروش، پریا و پرستو قجر,https://www.youtube.com/watch?v=NHRWliGxYxQ
اتاق خبر - ۳ رویداد ۸ دی ۱۴۰۲,https://www.youtube.com/watch?v=04WxShh7LOg
اتاق خبر - ۵ خبری که در ۸ دی ۱۴۰۲ باید بدانید,https://www.youtube.com/watch?v=OwYv8zNx_oE
من و تو پلاس پنجشنبه ۷ دی ۱۴۰۲ - ساغر کثیری و دکتر ساینا نوروزی,https://www.youtube.com/watch?v=5N91lsiHhZg
Befarmaeed Sham London G4 N1 | بفرمایید شام لندن - گروه۴ شب اول,https://www.youtube.com/watch?v=fpW255WtMBk
اتاق خبر - ۵ خبری که در ۷ دی ۱۴۰۲ باید بدانید,https://www.youtube.com/watch?v=S5s-fGpT8O8
Befarmaeed Sham London G3 N4 | بفرمایید شام لندن - گروه۳ شب چهارم,https://www.youtube.com/watch?v=W58kqCi6knU
من و تو پلاس چهارشنبه ۶ دی ۱۴۰۲,https://www.youtube.com/watch?v=fNeAOp31yGY
Befarmaeed Sham London G3 N3 | بفرمایید شام لندن - گروه۳ شب سوم,https://www.youtube.com/watch?v=6To3rvvwmR4
من و تو پلاس سه شنبه ۵ دی ۱۴۰۲,https://www.youtube.com/watch?v=g10O_TpVU9Q
سمت نو - سه شنبه ۵ دی ۱۴۰۲,https://www.youtube.com/watch?v=i6tgjIFXjFo
Befarmaeed Sham London G3 N2 | بفرمایید شام لندن - گروه۳ شب دوم,https://www.youtube.com/watch?v=yMTmf38gftg
امید ای ام - یکشنبه ۳ دی ۱۴۰۲ / Omid A.M,https://www.youtube.com/watch?v=swyptyxfZhA
اتاق خبر - یکشنبه ۳ دی ۱۴۰۲ ساعت ۲۱,https://www.youtube.com/watch?v=3gtdcRtTpcA
Befarmaeed Sham London G3 N1 | بفرمایید شام لندن - گروه۳ شب اول,https://www.youtube.com/watch?v=a68YSQC76lk
من و تو پلاس یکشنبه ۳ دی ۱۴۰۲,https://www.youtube.com/watch?v=oay0NaAwgmo
من و تو پلاس شنبه ۲ دی ۱۴۰۲ - مهنوش اینانلو و منوچهر دقتی,https://www.youtube.com/watch?v=GtNrzNfB85w
Befarmaeed Sham London G2 N4 | بفرمایید شام لندن - گروه۲ شب چهارم,https://www.youtube.com/watch?v=d-fvas6SFZU
Befarmaeed Sham London G2 N3 | بفرمایید شام لندن - گروه۲ شب سوم,https://www.youtube.com/watch?v=Aw-6Lue3uPQ
من و تو پلاس جمعه ۱ دی ۱۴۰۲ - سعید رفیعی‌منفرد و آرش باریکانی,https://www.youtube.com/watch?v=ebJX9GLU9xM
اتاق خبر - ۳ رویداد ۱ دی ۱۴۰۲,https://www.youtube.com/watch?v=JoTvP8i8jLw
اتاق خبر - ۵ خبری که در ۱ دی ۱۴۰۲ باید بدانید,https://www.youtube.com/watch?v=QAP-oCsAYfA
Befarmaeed Sham London G2 N2 | بفرمایید شام لندن - گروه۲ شب دوم,https://www.youtube.com/watch?v=-28ueBAJA3o
اتاق خبر - ۳ رویداد ۳۰ آذر ۱۴۰۲,https://www.youtube.com/watch?v=Vxhuxmr9nNo
اتاق خبر - ۵ خبری که در ۳۰ آذر ۱۴۰۲ باید بدانید,https://www.youtube.com/watch?v=TwFBhtO6nvk
Befarmaeed Sham London G2 N1 | بفرمایید شام لندن - گروه۲ شب اول,https://www.youtube.com/watch?v=634huz9KgAY
من و تو پلاس چهارشنبه ۲۹ آذر ۱۴۰۲ - ابوالفضل رفیعی‌پور و رودابه نژاد,https://www.youtube.com/watch?v=U7fAEHXj6WQ
اتاق خبر - ۵ خبری که در ۲۹ آذر ۱۴۰۲ باید بدانید,https://www.youtube.com/watch?v=zQ3bL1Y_gqQ
Befarmaeed Sham London G1 N4 | بفرمایید شام لندن - گروه۱ شب چهارم,https://www.youtube.com/watch?v=cPcVUy9st88
من و تو پلاس سه شنبه ۲۸ آذر ۱۴۰۲ - دکتر ساینا نوروزی و حواشی بازی استقلال خوزستان و پرسپولیس,https://www.youtube.com/watch?v=xZfxGF3LjUA
اتاق خبر - ۳ رویداد ۲۸ آذر ۱۴۰۲,https://www.youtube.com/watch?v=AO3udZFeHZE
اتاق خبر - ۵ خبری که در ۲۸ آذر ۱۴۰۲ باید بدانید,https://www.youtube.com/watch?v=x8yv8-ECfrE
Befarmaeed Sham London G1 N3 | بفرمایید شام لندن - گروه۱ شب سوم,https://www.youtube.com/watch?v=dBoED5WVONk
من و تو پلاس دوشنبه ۲۷ آذر ۱۴۰۲ - عارف قربانی، پریا تدین و فاطمه کوچک پور,https://www.youtube.com/watch?v=1cdiP5OsYNE
اتاق خبر - ۳ رویداد ۲۷ آذر ۱۴۰۲,https://www.youtube.com/watch?v=hEnq50fhH0E
اتاق خبر - ۵ خبری که در ۲۷ آذر ۱۴۰۲ باید بدانید,https://www.youtube.com/watch?v=0mDubxpOMNI
Befarmaeed Sham London G1 N2 | بفرمایید شام لندن - گروه۱ شب دوم,https://www.youtube.com/watch?v=01RfLRGj-Kw
من و تو پلاس یکشنبه ۲۶ آذر ۱۴۰۲,https://www.youtube.com/watch?v=o6gVlPgP458
Befarmaeed Sham London G1 N1 | بفرمایید شام لندن - گروه۱ شب اول,https://www.youtube.com/watch?v=_Q4AC6F3cQQ
من و تو پلاس شنبه ۲۵ آذر ۱۴۰۲,https://www.youtube.com/watch?v=8LZTT1JQoJc
اتاق خبر - ۳ رویداد ۲۵ آذر ۱۴۰۲,https://www.youtube.com/watch?v=6TX4TC6_mV4
اتاق خبر - ۵ خبری که در ۲۵ آذر ۱۴۰۲ باید بدانید,https://www.youtube.com/watch?v=X99-kNOBuoA
Mohammad Khordadian; The Unfulfilled Love Triangle | محمد خردادیان؛ مثلث عشقی نافرجام,https://www.youtube.com/watch?v=SgFOUZ-jR4M
من و تو پلاس جمعه ۲۴ آذر ۱۴۰۲ - دکتر ویش و هامره مرادی,https://www.youtube.com/watch?v=geAXTLW1_9U
اتاق خبر - ۳ رویداد ۲۴ آذر ۱۴۰۲,https://www.youtube.com/watch?v=3yvcO8goDbo
اتاق خبر - ۵ خبری که در ۲۴ آذر ۱۴۰۲ باید بدانید,https://www.youtube.com/watch?v=B92PYJrH9DQ
من و تو پلاس پنجشنبه ۲۳ آذر ۱۴۰۲ - دکتر احمد شاهرودی و سعید رفیعی منفرد,https://www.youtube.com/watch?v=pXk6PsBXIHE
اتاق خبر - ۳ رویداد ۲۳ آذر ۱۴۰۲,https://www.youtube.com/watch?v=Nkrk6OvPxXU
اتاق خبر - ۵ خبری که در ۲۳ آذر ۱۴۰۲ باید بدانید,https://www.youtube.com/watch?v=VtVNlS-H6v0
امید ای ام - چهارشنبه ۲۲ آذر ۱۴۰۲ / Omid A.M,https://www.youtube.com/watch?v=3SQkpKCJrZA
خانه دوست کجاست - امیرجواد اسعدزاده,https://www.youtube.com/watch?v=wv5VTMDbvCU
Parviz Sabeti - Part Five: The Great Chaos | مستند پرویز ثابتی - قسمت پنجم، بلوای بزرگ,https://www.youtube.com/watch?v=Y5TujmB2aPg
Parviz Sabeti - Part Four: The Security Organization | مستند پرویز ثابتی - قسمت چهارم، سازمان امنیت,https://www.youtube.com/watch?v=X6N7HCRDZGM
«از سال ۱۳۴۳ تا ۱۳۴۹ هیچ مخالفی اعدام نشد»⁣,https://www.youtube.com/watch?v=_HIpcmd9Ba4
Parviz Sabeti - Part Three: Guerrilla Groups | مستند پرویز ثابتی - قسمت سوم، گروه‌های چریکی,https://www.youtube.com/watch?v=z9HPkmNjfIA
Parviz Sabeti - Part Two: The Security Official | پرویز ثابتی - قسمت دوم، مقام امنیتی,https://www.youtube.com/watch?v=NOuyAmm8gzQ
داستان ساواک به روایت پرویز ثابتی,https://www.youtube.com/watch?v=YXUi_FB09Qc
Parviz Sabeti - Part 1: SAVAK | مستند پرویز ثابتی - قسمت اول، ساواک,https://www.youtube.com/watch?v=YcNc4IBLI1A
پرویز ثابتی,https://www.youtube.com/watch?v=jsskUtZZgnU
پرویز ثابتی: مدیر امنیت داخلی سازمان اطلاعات و امنیت کشور,https://www.youtube.com/watch?v=EpK7ircr6Tk
IZEH 25 Aban 1401 | مستند ایذه ۲۵ آبان ۱۴۰۱,https://www.youtube.com/watch?v=1YmDr7zlsqg
داستان ساواک به روایت پرویز ثابتی,https://www.youtube.com/watch?v=pP1cXBwcij4
مستند ایذه,https://www.youtube.com/watch?v=iTtCckk4res
خانه دوست کجاست - علی عراقی,https://www.youtube.com/watch?v=jbVozp2YcC4
خانه دوست کجاست - امید مویدی زارع,https://www.youtube.com/watch?v=na1pkzfUFz4
یه جوری رخ گرفته که آرنولد تا حالا نگرفته!,https://www.youtube.com/watch?v=ZAlXjZ6HTj8
13 Years With Manoto - سیزده سال با منوتو,https://www.youtube.com/watch?v=3jFsBDeBmD0
خانه دوست کجاست - نگین عبدالملکی,https://www.youtube.com/watch?v=I7q5Zuxz33A
نسل هم صدا,https://www.youtube.com/watch?v=qKifppn6lfY
من و تو پلاس شنبه ۱ آبان ۱۴۰۲ - نجات بهرامی و مشکلات مدارس در ایران، تکنولوژی با آرمان,https://www.youtube.com/watch?v=IxespDngId4
مستند نسل ‌هم‌صدا پنجشنبه، ۴ آبان ساعت ۲۲:۰۰,https://www.youtube.com/watch?v=p2obaZ_xcUs
من و تو پلاس یکشنبه ۳۰ مهر ۱۴۰۲ - زهرا رهگذر و دستگاه تقویت حافظه,https://www.youtube.com/watch?v=tfa_aO0Seto
من و تو پلاس شنبه ۲۹ مهر ۱۴۰۲ - ونوس، نوجوان موج‌سوار و مریم نفری,https://www.youtube.com/watch?v=OxPR7kUZPc4
خانه دوست کجاست - عرفان ساریخانی دشتی,https://www.youtube.com/watch?v=ybrGBI0_Pow
من و تو پلاس جمعه ۲۸ مهر ۱۴۰۲ - دکتر سیمین صادقی، فریدون فربد و ابولفضل رفیعی پور,https://www.youtube.com/watch?v=46fNQ4ML8Os
من و تو پلاس پنجشنبه ۲۷ مهر ۱۴۰۲ - شیوا موفقیان، دکتر احمد شاهرودی و مینا رابرتسون,https://www.youtube.com/watch?v=_EjXw1AmQck
من و تو پلاس چهارشنبه ۲۶ مهر ۱۴۰۲ - سینا قنبرپور و ابهامات پرونده قتل مهرجویی و همسرش,https://www.youtube.com/watch?v=LbDkX5c-_Vc
مهدی یراحی؛ کابوس این قاضی,https://www.youtube.com/watch?v=1Rh2RDXgOiI
من و تو پلاس سه شنبه ۲۵ مهر ۱۴۰۲ - بهار، مونا و احمد,https://www.youtube.com/watch?v=l89OXr3SvVc
من و تو پلاس دوشنبه ۲۴ مهر ۱۴۰۲ - روز جهانی غذا، دکتر مجتبی صادق و دکتر نازی اکبری,https://www.youtube.com/watch?v=tqU3fO7Vdm0
من و تو پلاس یکشنبه ۲۳ مهر ۱۴۰۲ - روز جهانی عصای سفید، سعید میرزا زاده و یاشار ملفوظی,https://www.youtube.com/watch?v=kE_hPCz_P4U
امید ای ام - شنبه ۲۲ مهر ۱۴۰۲ / Omid A.M,https://www.youtube.com/watch?v=Cd1Xrq5a2GQ
مهدی یراحی؛ کابوس این قاضی,https://www.youtube.com/watch?v=-4CboTXr6r0
من و تو پلاس شنبه ۲۲ مهر ۱۴۰۲ - زادروز شهبانو، نرگس دادخواه و دلارام ضیایی,https://www.youtube.com/watch?v=-iyHsEQVWG8
من و تو پلاس جمعه ۲۱ مهر ۱۴۰۲- دکتر ثمره موسی‌وند و افزایش افسردگی در ایران,https://www.youtube.com/watch?v=rsXPl-L2Dt0
وقتی نفاب ها می افته!,https://www.youtube.com/watch?v=VXV9ufJnzTs
ویدیوهای تونل زمان قابل تماشا در اپ و وب سایت منوتو,https://www.youtube.com/watch?v=V4dAfE7HYZs
چیزی که سال ها در رسانه ها دیدیم.,https://www.youtube.com/watch?v=gqtAtMLWfbw
من و تو پلاس پنجشنبه ۲۰ مهر ۱۴۰۲ - دکتر کویر و روز بزرگداشت حافظ,https://www.youtube.com/watch?v=WBvZXIWo_ms
مهدی یراحی؛ کابوس این قاضی     این شنبه ۲۲ مهر در برنامه “امید ای‌ام” پخش خواهد شد.,https://www.youtube.com/watch?v=dXmqZubPlpA
مسائلی که جمهوری اسلامی نمیخواهد شما بدانید.,https://www.youtube.com/watch?v=tJc_JTZk5oU
ویدیوهای #تونل_زمان قابل تماشا در اپ و وب سایت منوتو,https://www.youtube.com/watch?v=D1FpoBQCpNc
من و تو پلاس چهارشنبه ۱۹ مهر ۱۴۰۲- پریا متخصص تغذیه,https://www.youtube.com/watch?v=Gj0kFOJ1nBQ
من و تو پلاس سه شنبه ۱۸ مهر ۱۴۰۲- روز جهانی سلامت روان و دکتر نسیبه امیری,https://www.youtube.com/watch?v=u03vXk4OmiU
"من و تو پلاس دوشنبه ۱۷ مهر ۱۴۰۲- روز جهانی پست و نمایشگاه اتومبیل ""ژنو"" در قطر",https://www.youtube.com/watch?v=HQzG5sWay3M
من و تو پلاس یکشنبه ۱۶ مهر ۱۴۰۲- احسان پاکزاد و محبوبه فتح آبادی,https://www.youtube.com/watch?v=4v_XcuVHuFw
من و تو پلاس شنبه ۱۵ مهر ۱۴۰۲- عطیه و یلدا,https://www.youtube.com/watch?v=1exOPLmis74
من و تو پلاس جمعه ۱۴ مهر ۱۴۰۲- دکتر گیو حیدری، دکتر مینا طاهری و امیر رشیدی,https://www.youtube.com/watch?v=W_opSIjEDTE
من و تو پلاس پنجشنبه ۱۳ مهر ۱۴۰۲- روز جهانی معلم و سپیده صفاریان,https://www.youtube.com/watch?v=BseVyExRXHM
خانه دوست کجاست - عرفان خزائی,https://www.youtube.com/watch?v=-ieqRqKbn4w
من و تو پلاس چهارشنبه ۱۲ مهر ۱۴۰۲- شوکا فعال محیط زیست ودکتر ساینا نوروزی متخصص داخلی,https://www.youtube.com/watch?v=GUrUQPE4Ypc
من و تو پلاس دوشنبه ۱۰ مهر ۱۴۰۲- اهمیت جشن مهرگان و دکتر سیمین صادقی,https://www.youtube.com/watch?v=XqupTFp7Vpc
من و تو پلاس سه شنبه ۱۱ مهر ۱۴۰۲- شهرزاد پور عبدالله و دکتر مهتاب حنا,https://www.youtube.com/watch?v=1MExpJhD3QE
من و تو پلاس یکشنبه ۹ مهر ۱۴۰۲- روز جهانی سالمند و وضعیت ورزشگاه آزادی,https://www.youtube.com/watch?v=WP3hEH4jThM
من و تو پلاس شنبه ۸ مهر ۱۴۰۲- ندا آقاجری و دکتر پیمان رئوفی,https://www.youtube.com/watch?v=FfoO71ggRXI
من و تو پلاس جمعه ۷ مهر ۱۴۰۲- شیدا قرچه داغی,https://www.youtube.com/watch?v=1fWFaUomIqs
من و تو پلاس پنجشنبه ۶ مهر ۱۴۰۲- امیر رشیدی و سعید رفیعی منفرد,https://www.youtube.com/watch?v=_XqBL1_TxIY
من و تو پلاس چهارشنبه ۵ مهر ۱۴۰۲- کاوه یغمایی,https://www.youtube.com/watch?v=0rTQXMKEeq4
من و تو پلاس سه شنبه ۴ مهر ۱۴۰۲- شبنم فرشادجو و نگین نیک‌نام,https://www.youtube.com/watch?v=-og5ZceYZ3Y
من و تو پلاس دوشنبه ۳ مهر ۱۴۰۲- هلن و شغل بارتندری، مستانه طبیعت گرد و کمپردار,https://www.youtube.com/watch?v=exIBOEgWVXA
من و تو پلاس یکشنبه ۲ مهر ۱۴۰۲- فریدون فربود و مهدی کتابچی,https://www.youtube.com/watch?v=pBcsg3Tma4U
من و تو پلاس شنبه ۱ مهر ۱۴۰۲- سپیده صفاریان و یدالله غلامی,https://www.youtube.com/watch?v=W5H6PtQuiO4
من و تو پلاس جمعه ۳۱ شهریور ۱۴۰۲- هومان پورمهدی,https://www.youtube.com/watch?v=7zpWfLVAYJA
هدف همه شکنجه‌ها این بود که تلاش مردم را در جهت به چالش کشیدن قوانین، متوقف کند,https://www.youtube.com/watch?v=5b6QfZDfCGM
من و تو پلاس پنجشنبه ۳۰ شهریور ۱۴۰۲- یادی از مهسا پیرایی,https://www.youtube.com/watch?v=nSo5_nQ-LNs
خانه دوست کجاست - پدرام آذرنوش,https://www.youtube.com/watch?v=O83ky4W4ILQ
من و تو پلاس چهارشنبه ۲۹ شهریور ۱۴۰۲,https://www.youtube.com/watch?v=yXl8iWn2k08
من و تو پلاس سه شنبه ۲۸ شهریور ۱۴۰۲- مصطفی فدایی‌فر و حواشی باشگاه النصر,https://www.youtube.com/watch?v=iVCml-WI_C4
"Civil Disobedience, Serbia | نافرمانی‌های مدنی  - صربستان",https://www.youtube.com/watch?v=nttmTQBRlxI
من و تو پلاس دوشنبه ۲۷ شهریور ۱۴۰۲- کتی امیری یونسی، حقوقدان و فریدون فربد,https://www.youtube.com/watch?v=e5rPQ3vRVaU
خانه دوست کجاست - محمد جامه بزرگ,https://www.youtube.com/watch?v=GeMGhlidG-k
من و تو پلاس شنبه ۲۵ شهریور ۱۴۰۲ سالگرد درگذشت مهسا امینی,https://www.youtube.com/watch?v=pMjuxs2juDk
"Civil Disobedience, Belarus | نافرمانی‌های مدنی  - بلاروس، مصاحبه با سوتلانا تیخانوفسکایا",https://www.youtube.com/watch?v=N-K7olVCEsw
خانه دوست کجاست؟,https://www.youtube.com/watch?v=aGX-cCE9-ys
من و تو پلاس جمعه ۲۴ شهریور ۱۴۰۲ کمپین خانه دوست کجاست و آنوشا نظری,https://www.youtube.com/watch?v=Kf0hv-8a0UI
خانه دوست کجاست - زانیار ابوبکری,https://www.youtube.com/watch?v=81ZmmOF5MOE
مستند خانه‌ی دوست کجاست,https://www.youtube.com/watch?v=zdnkXm4ZHqc
من و تو پلاس پنجشنبه ۲۳ شهریور ۱۴۰۲ سالگرد کشته شدن مهسا امینی,https://www.youtube.com/watch?v=dPpp3F3YJgM
خانه دوست کجاست - سارینا ساعدی,https://www.youtube.com/watch?v=g-iM7EEtnGI
Civil Disobedience | نافرمانی‌های مدنی  - صربستان,https://www.youtube.com/watch?v=UuuI09pZWkg
من و تو پلاس چهارشنبه ۲۲ شهریور ۱۴۰۲ لیلی ناز فیلم ساز و کوثر,https://www.youtube.com/watch?v=vVy3-lztA64
"Civil Disobedience, Argentina, E2 | نافرمانی‌های مدنی  - آرژانتین قسمت دوم",https://www.youtube.com/watch?v=VP3VtYjCsvY
من و تو پلاس سه شنبه ۲۱ شهریور ۱۴۰۲,https://www.youtube.com/watch?v=fWvpOOgbloc
خانه دوست کجاست - آیلار حقی ملکی,https://www.youtube.com/watch?v=CcRdX3ifzdU
"Civil Disobedience, Argentina, E1 | نافرمانی‌های مدنی  - آرژانتین قسمت اول",https://www.youtube.com/watch?v=JFs48g1tStM
من و تو پلاس دوشنبه ۲۰ شهریور ۱۴۰۲ - دیسلکسیا با مریم کشاورز، نازی و شکست بیماری سرطان پستان,https://www.youtube.com/watch?v=lEw4Zf2NHW8
خانه دوست کجاست - نیما نوری، پسر ایران,https://www.youtube.com/watch?v=0CmxU2KeZlY
من و تو پلاس یکشنبه ۱۹ شهریور ۱۴۰۲ -  آریوش خواننده و آهنگساز، دکتر پیمان رئوفی,https://www.youtube.com/watch?v=51FqS91UVxM
"Civil Disobedience - South Africa, E2 | نافرمانی‌های مدنی  - آفریقای جنوبی قسمت دوم",https://www.youtube.com/watch?v=ce6vzVGO58w
خانه دوست کجاست - حدیث نجفی,https://www.youtube.com/watch?v=WzlJnYiH4QE
"Civil Disobedience - South Africa, E1 | نافرمانی‌های مدنی  - آفریقای جنوبی قسمت اول",https://www.youtube.com/watch?v=r5i5lPlbYTI
من و تو پلاس شنبه ۱۸ شهریور ۱۴۰۲ - شیدا، عروسک ساز و فریماه، دختر اکواریومی,https://www.youtube.com/watch?v=heUf3yFNDYc
خانه دوست کجاست - علیرضا فیلی,https://www.youtube.com/watch?v=dr56STUhfq4
ایران آینده؛ امکان‌ها و فرصت‌ها (با حضور شاهزاده رضا پهلوی),https://www.youtube.com/watch?v=HUvi4GekEiY
من و تو پلاس جمعه ۱۷ شهریور ۱۴۰۲ - پروفسور امیر آقا کوچک,https://www.youtube.com/watch?v=SOXS3rya7wc
خانه دوست کجاست - بهار خورشیدی,https://www.youtube.com/watch?v=HLZJC-Efc2I
خانه دوست کجاست - سپهر اعظمی,https://www.youtube.com/watch?v=8baqaSrYEOw
خانه دوست کجاست - دایه کبری,https://www.youtube.com/watch?v=IzzX4joDRcs
خانه دوست کجاست - پارسا رضادوست,https://www.youtube.com/watch?v=TSJlqgdYzdE
خانه دوست کجاست - شهریار محمدی، شیر بوکان,https://www.youtube.com/watch?v=ANcmA430FyU
Conversation with Prince Reza Pahlavi | امید ای ام جمعه ۱۰ شهریور ۱۴۰۲ - گفتگو با شاهزاده رضا پهلوی,https://www.youtube.com/watch?v=NLhHMvUFHzo
من و تو پلاس پنجشنبه ۲ شهریور ۱۴۰۲ - دکتر پیمان رئوفی و صدف,https://www.youtube.com/watch?v=euB_2A8PX5Y
من و تو پلاس چهارشنبه ۱ شهریور ۱۴۰۲ - دکتر امین مقدم و بهار اسلامی,https://www.youtube.com/watch?v=toCm_-HKzUQ
من و تو پلاس سه شنبه ۳۱ مرداد ۱۴۰۲ - سلام ریاضی و روش‌های صحیح دوچرخه‌سواری,https://www.youtube.com/watch?v=TMcTsD69lNM
من و تو پلاس دوشنبه ۳۰ مرداد ۱۴۰۲ - دکتر بهار امین و خانواده عاروان,https://www.youtube.com/watch?v=_D5SzkBgUr8
من و تو پلاس یکشنبه ۲۹ مرداد ۱۴۰۲ - محبوبه فتح آبادی و روزفا,https://www.youtube.com/watch?v=_moXeY31spg
سمت نو - یکشنبه ۲۹ مرداد ۱۴۰۲,https://www.youtube.com/watch?v=N_ga6obRB0c
من و تو پلاس شنبه ۲۸ مرداد ۱۴۰۲ - دکتر احمد شاهرودی و منوچهر دقتی,https://www.youtube.com/watch?v=-zoIF8u-QOM
سمت نو - شنبه ۲۸ مرداد ۱۴۰۲,https://www.youtube.com/watch?v=2hM9yCe9atg
من و تو پلاس جمعه ۲۷ مرداد ۱۴۰۲ - فروغ فضلی و سیامک کریم پور,https://www.youtube.com/watch?v=oGKKRO7Rf1A
سمت نو - جمعه ۲۷ مرداد ۱۴۰۲,https://www.youtube.com/watch?v=L82vuL92uOA
من و تو پلاس پنجشنبه ۲۶ مرداد ۱۴۰۲ - دکتر امین مقدم و دانش سارویی,https://www.youtube.com/watch?v=PE3S8Qo9QpI
سمت نو - پنجشنبه ۲۶ مرداد ۱۴۰۲,https://www.youtube.com/watch?v=9snh0LCDYbM
رکس - کمیسیون تحقیق,https://www.youtube.com/watch?v=zn8HEXhNTDA
من و تو پلاس چهارشنبه ۲۵ مرداد ۱۴۰۲ خشایار شاهسون و دکتر ساینا نوروزی,https://www.youtube.com/watch?v=IH6z7k0XqeI
سمت نو - چهارشنبه ۲۵ مرداد ۱۴۰۲,https://www.youtube.com/watch?v=Av1qvuEZFlE
من و تو پلاس سه شنبه ۲۴ مرداد ۱۴۰۲ دکتر احمد شاهرودی و پریا,https://www.youtube.com/watch?v=L_PdFh781QQ
سمت نو - سه شنبه ۲۴ مرداد ۱۴۰۲,https://www.youtube.com/watch?v=bOdtpqj0Wy0
مستند «بیدار در بند» روایتی است دست اول از ارس امیری، همبند زندانیان محیط زیستی,https://www.youtube.com/watch?v=lo48wu6oALY
من و تو پلاس دوشنبه ۲۳ مرداد ۱۴۰۲,https://www.youtube.com/watch?v=z9GBP0loTu4
سمت نو - دوشنبه ۲۳ مرداد ۱۴۰۲,https://www.youtube.com/watch?v=u954pkNK2Cc
من و تو پلاس یکشنبه ۲۲ مرداد ۱۴۰۲ - بهار امین و سمانه هلالی,https://www.youtube.com/watch?v=_GurSyO54NU
سمت نو - یکشنبه ۲۲ مرداد ۱۴۰۲,https://www.youtube.com/watch?v=3rrjmJjluL0
من و تو پلاس شنبه ۲۱ مرداد ۱۴۰۲ - دکتر رضا محقق و پریا,https://www.youtube.com/watch?v=ohimL3dxdAc
مستند بیدار در بند,https://www.youtube.com/watch?v=Wv8L3RxvL4M
سمت نو - شنبه ۲۱ مرداد ۱۴۰۲,https://www.youtube.com/watch?v=vF6ghBCKECY
من و تو پلاس جمعه ۲۰ مرداد ۱۴۰۲ - الهام دانای و ماندانا خضرایی,https://www.youtube.com/watch?v=vy9PZlZsNvo
سمت نو - جمعه ۲۰ مرداد ۱۴۰۲,https://www.youtube.com/watch?v=tRQCcKTS8a8
من و تو پلاس پنجشنبه ۱۹ مرداد ۱۴۰۲ - دکتر کاوه آیت و ابوالفضل رفیعی پور,https://www.youtube.com/watch?v=CPvJSx9Tv5s
سمت نو - پنجشنبه ۱۹ مرداد ۱۴۰۲,https://www.youtube.com/watch?v=Pzyh4Suj2xc
من و تو پلاس چهارشنبه ۱۸ مرداد ۱۴۰۲ - مرسده مربی فیتنس و دکتر امین مقدم,https://www.youtube.com/watch?v=pa9oMjNDVIY
سمت نو - چهارشنبه ۱۸ مرداد ۱۴۰۲,https://www.youtube.com/watch?v=Wskauyv0A2s
من و تو پلاس سه شنبه ۱۷ مرداد ۱۴۰۲ - سینا قنبرپور، کاوه میرطهمسبی و سارا یوسفی,https://www.youtube.com/watch?v=3vf9eUqFBCI
سمت نو - سه شنبه ۱۷ مرداد ۱۴۰۲,https://www.youtube.com/watch?v=6-7lcRg2uz0
من و تو پلاس دوشنبه ۱۶ مرداد ۱۴۰۲ - دکتر ماریا شارع و آرش باریکانی,https://www.youtube.com/watch?v=SPR1Vbg_ZMo
سمت نو - دوشنبه ۱۶ مرداد ۱۴۰۲,https://www.youtube.com/watch?v=FWE9yw3CbLg
من و تو پلاس یکشنبه ۱۵ مرداد ۱۴۰۲ - لی‌لی  صدر میرحسینی و مرضیه,https://www.youtube.com/watch?v=TZMQQc4YtDE
سمت نو - یکشنبه ۱۵ مرداد ۱۴۰۲,https://www.youtube.com/watch?v=xGxAU9np2Lw
من و تو پلاس شنبه ۱۴ مرداد ۱۴۰۲ - دکتر امین مقدم و الی برهان,https://www.youtube.com/watch?v=fGxMzJeYCjQ
سمت نو - شنبه ۱۴ مرداد ۱۴۰۲,https://www.youtube.com/watch?v=0qZs3BCdmiU
سمت نو - جمعه ۱۳ مرداد ۱۴۰۲,https://www.youtube.com/watch?v=O1nv8BCMiwA
مستند ۳۷ روز,https://www.youtube.com/watch?v=MKp8I8E3gNM
من و تو پلاس پنجشنبه ۱۲ مرداد ۱۴۰۲ - فاطمه کوچک‌پور و دکتر سیمین صادقی,https://www.youtube.com/watch?v=qrFGtj_UhR0
سمت نو - پنجشنبه ۱۲ مرداد ۱۴۰۲,https://www.youtube.com/watch?v=wtvbse6I9x4
من و تو پلاس چهارشنبه ۱۱ مرداد ۱۴۰۲ - المیرا فرنوش و پریا,https://www.youtube.com/watch?v=3qjX3JuB7CQ
سمت نو - چهارشنبه ۱۱ مرداد ۱۴۰۲,https://www.youtube.com/watch?v=k0_uq-Tirxo
من و تو پلاس سه شنبه ۱۰ مرداد ۱۴۰۲ - مگی سبحانی و  شهبال شب پره,https://www.youtube.com/watch?v=1YJqved6Wf0
سمت نو - سه شنبه ۱۰ مرداد ۱۴۰۲,https://www.youtube.com/watch?v=OieLHVvqOjo
عرفان: کینه ای تر میشدم به این جمهوری اسلامی,https://www.youtube.com/watch?v=eTwYRXl8ois
من و تو پلاس دوشنبه ۹ مرداد ۱۴۰۲ - محسن اسفندیاری و مریم کشاورز,https://www.youtube.com/watch?v=oN8tnLTTLl4
سمت نو - دوشنبه ۹ مرداد ۱۴۰۲,https://www.youtube.com/watch?v=UFtlD639HbY
من و تو پلاس یکشنبه ۸ مرداد ۱۴۰۲ - دکتر سیمین صادقی و منصور,https://www.youtube.com/watch?v=W5sacUI3u7o
سمت نو - یکشنبه ۸ مرداد ۱۴۰۲,https://www.youtube.com/watch?v=wnvr8eeCwKU
من و تو پلاس شنبه ۷ مرداد ۱۴۰۲ - ابوالفضل  رفیعی پور و محمد,https://www.youtube.com/watch?v=4w9ejcyN5x8
سمت نو - شنبه ۷ مرداد ۱۴۰۲,https://www.youtube.com/watch?v=5zKU9P0Gj8Y
من و تو پلاس جمعه ۶ مرداد ۱۴۰۲ - دكتر بهنام حاجى حسينلو، آرزو و رامک کریمی,https://www.youtube.com/watch?v=Et5Q6VFfocE
سمت نو - جمعه ۶ مرداد ۱۴۰۲,https://www.youtube.com/watch?v=KuZaE_wfasA
من و تو پلاس پنجشنبه ۵ مرداد ۱۴۰۲ - محبوبه فتح‌آبادی و چهل و سومین سال درگذشت محمدرضا شاه پهلوی,https://www.youtube.com/watch?v=TfYG5fgxW4w
خشونت نیروی حکومتی با مردم طی اعتراضات در ایران,https://www.youtube.com/watch?v=wmM2XGic3_4
سمت نو - پنجشنبه ۵ مرداد ۱۴۰۲,https://www.youtube.com/watch?v=u87EEUk_Lj8
من و تو پلاس چهارشنبه ۴ مرداد ۱۴۰۲ - پژمان صفایی و فاطمه کوچک پور,https://www.youtube.com/watch?v=XA5lbvqEXQE
سمت نو - چهارشنبه ۴ مرداد ۱۴۰۲,https://www.youtube.com/watch?v=wlgxxnOb2ZE
من و تو پلاس سه شنبه ۳ مرداد ۱۴۰۲ - دکتر زهرا آزادبادی و اخبار دنیای هنرمندان با هیدا,https://www.youtube.com/watch?v=7yuIByU2Hlc
سمت نو - سه شنبه ۳ مرداد ۱۴۰۲,https://www.youtube.com/watch?v=BdeaPaRrqh8
من و تو پلاس دوشنبه ۲ مرداد ۱۴۰۲ - الهام دانای و شمس الدین مرادی,https://www.youtube.com/watch?v=IhnaCslaZHQ
سمت نو - دوشنبه ۲ مرداد ۱۴۰۲,https://www.youtube.com/watch?v=FEBNnnEP5Ek
من و تو پلاس یکشنبه ۱ مرداد ۱۴۰۲ - مریم کشاورز و دکتر کویر,https://www.youtube.com/watch?v=FdGsDQtpGKA
سمت نو - یکشنبه ۱ مرداد ۱۴۰۲,https://www.youtube.com/watch?v=8gtQrlb-mL0
مستند چشم برای آزادی,https://www.youtube.com/watch?v=gNc5McNqfiM
من و تو پلاس شنبه ۳۱ تیر ۱۴۰۲ - دایون ربیعی، دایون ربیعی و دکتر لیلی صدرمیرحسینی,https://www.youtube.com/watch?v=13DcmCg6EnY
من و تو پلاس جمعه ۳۰ تیر ۱۴۰۲ - پریا، کارشناس تغذیه و رژیم درمانی و فریدون فربود,https://www.youtube.com/watch?v=46om-6O1ZoI
من و تو پلاس پنجشنبه ۲۹ تیر ۱۴۰۲ - هدیه و آریا و دکتر ساینا نوروزی,https://www.youtube.com/watch?v=jh6nAhXTQ-M
من و تو پلاس چهارشنبه ۲۸ تیر ۱۴۰۲ - دکتر پیمان رئوفی و فاطمه کوچک‌پور,https://www.youtube.com/watch?v=Z3-POm88N2c
من و تو پلاس سه شنبه ۲۷ تیر ۱۴۰۲ - راکسی و دکتر رضا مرادی,https://www.youtube.com/watch?v=khPIf-3caNk
من و تو پلاس دوشنبه ۲۶ تیر ۱۴۰۲ - دکتر ساینا نوروزی و آزاده,https://www.youtube.com/watch?v=qy7uGjciI94
من و تو پلاس یکشنبه ۲۵ تیر ۱۴۰۲ - سولماز برقگیر و ستیوال گودوود,https://www.youtube.com/watch?v=Sc2OkJPwndQ
من و تو پلاس شنبه ۲۴ تیر ۱۴۰۲ - آیدا پوریانسبر و وازیستا,https://www.youtube.com/watch?v=jK6t1UmyExQ
من و تو پلاس جمعه ۲۳ تیر ۱۴۰۲ - حامد ثانی پور و دکتر لیلی صدر میرحسینی,https://www.youtube.com/watch?v=48IDFnjuYAU
من و تو پلاس پنجشنبه ۲۲ تیر ۱۴۰۲ - پرفوسور آرمین منیری و حامد شاهو,https://www.youtube.com/watch?v=KCfT7HuTAeQ
"Small Steps, Big Impact | از همین قدم‌های کوچک شروع کن - به کارت پایان بده",https://www.youtube.com/watch?v=cQgeE1uq2T8
من و تو پلاس چهارشنبه ۲۱ تیر ۱۴۰۲ - دکتر فرناز نجم آبادی و جدیدترین‌های دنیای تکنولوژی,https://www.youtube.com/watch?v=rYar1Y2YwmQ
من و تو پلاس سه شنبه ۲۰ تیر ۱۴۰۲ - دکتر رضا مرادی و سایا,https://www.youtube.com/watch?v=3oRiQI25q10
من و تو پلاس دوشنبه ۱۹ تیر ۱۴۰۲ - جوانه جناب و ذک,https://www.youtube.com/watch?v=DYkxulgZL6M
"Small Steps, Big Impact | از همین قدم‌های کوچک شروع کن - ظلم",https://www.youtube.com/watch?v=j84X0vNGBxQ
من و تو پلاس یکشنبه ۱۸ تیر ۱۴۰۲ - شوبرت آواکیان، علی تبریزی و 25Band,https://www.youtube.com/watch?v=IrYjPv_C6z0
من و تو پلاس شنبه ۱۷ تیر ۱۴۰۲ - دکتر گیو حیدری، دکتر پوریا ثابتیان، پژمان وزیری و شقایق محمدی,https://www.youtube.com/watch?v=8Nqsl4zz90g
من و تو پلاس جمعه ۱۶ تیر ۱۴۰۲ - سپیده سعیدی نژاد، گل آذین و آهنگ رقص آگاهی,https://www.youtube.com/watch?v=1C13TTXLk5I
همش به فکر عشق و حالید,https://www.youtube.com/watch?v=YQEfkLP3m6U
من و تو پلاس پنجشنبه ۱۵ تیر ۱۴۰۲ - دکتر لیلی صدر میرحسینی و علی عزیزیان,https://www.youtube.com/watch?v=3bCILrkIWvE
من و تو پلاس چهارشنبه ۱۴ تیر ۱۴۰۲ - دکتر پیمان رئوفی و پانیدا,https://www.youtube.com/watch?v=jlwQdGfpXn4
"Small Steps, Big Impact | از همین قدم‌های کوچک شروع کن - رسانه‌های جدید",https://www.youtube.com/watch?v=NUfAwwVG1NM
من و تو پلاس سه شنبه ۱۳ تیر ۱۴۰۲ - نسیم و جعفر ادریسی و دکتر کویر,https://www.youtube.com/watch?v=KsgHx9itQkw
تجارت نیست، صنعت نیست، ره نیست امیدی جز به سردار سپه نیست,https://www.youtube.com/watch?v=iLu2YcbOW8I
من و تو پلاس دوشنبه ۱۲ تیر ۱۴۰۲ - دکتر امین مقدم، محبوبه فتح آبادی و دکتر زهرا آزادبادی,https://www.youtube.com/watch?v=PG87nJyWVzk
من و تو پلاس یکشنبه ۱۱ تیر ۱۴۰۲ - مهسا علیمردانی و یاسمن,https://www.youtube.com/watch?v=wKs7tYgoTug
من و تو پلاس شنبه ۱۰ تیر ۱۴۰۲ - دکتر محمود کویر و عارف محمدی,https://www.youtube.com/watch?v=lAhdGhyBGkY
امید ای ام جمعه ۹ تیر ۱۴۰۲ / Omid A.M,https://www.youtube.com/watch?v=5UQ9fcrGqF4
من و تو پلاس جمعه ۹ تیر ۱۴۰۲ - احسان کرمی و دکتر پوریا ثابتیان,https://www.youtube.com/watch?v=NvCpQz2yTs0
من و تو پلاس پنجشنبه ۸ تیر ۱۴۰۲ - محبوبه فتح آبادی و پریا,https://www.youtube.com/watch?v=3eCOvYLL4Is
من و تو پلاس چهارشنبه ۷ تیر ۱۴۰۲ - علی شادلو و نوشین (خاله نجار),https://www.youtube.com/watch?v=z1i3mJFOPRQ
من و تو پلاس سه شنبه ۶ تیر ۱۴۰۲ - مینا طاهری و مهران صانعی,https://www.youtube.com/watch?v=CglwHbwnl4s
در این‌ خاک‌ یک‌ قطعه‌ سنگ‌ به‌دست‌ نمی‌آید و همه‌ جا اثر دست‌ خلاق‌ رودخانه‌ها پیداست‌,https://www.youtube.com/watch?v=zbybCsNRSQE
من و تو پلاس دوشنبه ۵ تیر ۱۴۰۲ - دکتر امین مقدم و پریا,https://www.youtube.com/watch?v=DErC85NInOM
من و تو پلاس یکشنبه ۴ تیر ۱۴۰۲ - شوکا بیداریان و ملیسا برنده مسابقات پرورش اندام,https://www.youtube.com/watch?v=bnbUJ0B_dNs
من و تو پلاس شنبه ۳ تیر ۱۴۰۲ - شوکا بیداریان و ملیسا برنده مسابقات پرورش اندام,https://www.youtube.com/watch?v=FJUCXAAeUWA
"Small Steps, Big Impact | از همین قدم‌های کوچک شروع کن - شوخی",https://www.youtube.com/watch?v=bbia83ZvPlk
«هویت ملی ایرانیان داخل و خارج کشور را به هم نزدیک می‌کند»,https://www.youtube.com/watch?v=giWqb9qqU8k
رزا پرتو: وقتی ایرانیان ساکن اسرائیل فارسی را به کودکانشان یاد می دهند این یعنی هویت ملی,https://www.youtube.com/watch?v=9ojf6CYlLMQ
هویت ملی,https://www.youtube.com/watch?v=h2apEFim2wg
من و تو پلاس جمعه ۲ تیر ۱۴۰۲ - شوکا بیداریان، مریم حبیبی و بهار,https://www.youtube.com/watch?v=NbVEq7R2ddI
Sardar Sepah | مستند سردار سپه,https://www.youtube.com/watch?v=i8-BoWnuCgY
من و تو پلاس پنجشنبه ۱ تیر ۱۴۰۲ - آرش نیکخو، فریدون فربد و دکتر سیمین صادقی,https://www.youtube.com/watch?v=wc3lP_XjPL4
من و تو پلاس چهارشنبه ۳۱ خرداد ۱۴۰۲ - روز جهانی موسیقی، مژگان عظیمی و جاشوا کیان عالم پور,https://www.youtube.com/watch?v=CPRl0XlbiLo
من و تو پلاس سه شنبه ۳۰ خرداد ۱۴۰۲ - مهشید هادی و بابا ناصر,https://www.youtube.com/watch?v=me5jla8gAWY
سردار سپه، ۱ تیر,https://www.youtube.com/watch?v=U4vV7ETuBcM
"Small Steps, Big Impact | از همین قدم‌های کوچک شروع کن - تبلیغات",https://www.youtube.com/watch?v=OzFIvkt5qBA
من و تو پلاس دوشنبه ۲۹ خرداد ۱۴۰۲ - داوود سجادی و دکتر پیمان رئوفی,https://www.youtube.com/watch?v=CWl0fczLnkM
من و تو پلاس یکشنبه ۲۸ خرداد ۱۴۰۲ - دکتر لیلی صدر حسینی,https://www.youtube.com/watch?v=Nfj6FCPdSsE
من و تو پلاس شنبه ۲۷ خرداد ۱۴۰۲ - روز جهانی مقابله با بیابان زایی و پرهام علیزاده,https://www.youtube.com/watch?v=gFcBhmGn4Yg
"Small Steps, Big Impact | از همین قدم‌های کوچک شروع کن - برنامه ریزی",https://www.youtube.com/watch?v=Jzf-9S4jGU0
من و تو پلاس جمعه ۲۶ خرداد ۱۴۰۲ - دکتر ساینا نوروزی و دکتر نازی اکبری,https://www.youtube.com/watch?v=9QhAZngXHvY
من و تو پلاس پنجشنبه ۲۵ خرداد ۱۴۰۲ - پوران ناظمی و دکتر مینا طاهری,https://www.youtube.com/watch?v=bGXqni0THB4
سالی تاک - سری ۲۵ قسمت ۸ / SaliTalk,https://www.youtube.com/watch?v=DLhZLn9T-IU
من و تو پلاس چهارشنبه ۲۴ خرداد ۱۴۰۲ - گفتگو با پروفسور امیر آقا کوچک درباره قطعی آب در تهران,https://www.youtube.com/watch?v=IB6LNpsZRqk
من و تو پلاس سه شنبه ۲۳ خرداد ۱۴۰۲ - خانم ماندانا حجاریان و دکتر ساینا نوروزی,https://www.youtube.com/watch?v=V_cWq_OFdrQ
"Small Steps, Big Impact | از همین قدم‌های کوچک شروع کن - فرمانبرداری",https://www.youtube.com/watch?v=5crm_5KgPEQ
من و تو پلاس دوشنبه ۲۲ خرداد ۱۴۰۲ - ژوزف هوسپیانو و گفتگو درباره فیلم بازگشت,https://www.youtube.com/watch?v=URkPUn1ZRPA
من و تو پلاس یکشنبه ۲۱ خرداد ۱۴۰۲ - تولد کیان پیرفلک، پانیدا واجرای آهنگ دیگه بسه,https://www.youtube.com/watch?v=a5nAJNd7Ai0
من و تو پلاس شنبه ۲۰ خرداد ۱۴۰۲ - دکتر لیلی صدر میر حسینی و ارسیا روزگار / Manoto Plus,https://www.youtube.com/watch?v=IO7zek0jeHI
"Small Steps, Big Impact | از همین قدم‌های کوچک شروع کن - قدرت و ستون‌های حمایت",https://www.youtube.com/watch?v=XdK3cVcwXiE
من و تو پلاس جمعه ۱۹ خرداد ۱۴۰۲ - شیلی، مربی بدنسازی و هیما ذاکر / Manoto Plus,https://www.youtube.com/watch?v=LBWDsPOxI20
من و تو پلاس پنجشنبه ۱۸ خرداد ۱۴۰۲ - پادینا بندار طراح مد پایدار / Manoto Plus,https://www.youtube.com/watch?v=oRmr5GsZRpc
"Small Steps, Big Impact | از همین قدم‌های کوچک شروع کن - اتحاد",https://www.youtube.com/watch?v=BoKXHJFTCJg
من و تو پلاس چهارشنبه ۱۷ خرداد ۱۴۰۲ -  جهانی ایمنی غذا و مریم حبیبی / Manoto Plus,https://www.youtube.com/watch?v=T73HN4i4egE
من و تو پلاس سه شنبه ۱۶ خرداد ۱۴۰۲ - نگار اشتری و مریم ابراهیم وند / Manoto Plus,https://www.youtube.com/watch?v=voFNljkuitg
من و تو پلاس دوشنبه ۱۵ خرداد ۱۴۰۲ - آرش نیکخو و بهار فرج‌نژاد / Manoto Plus,https://www.youtube.com/watch?v=eiBfGzwtuCY
من و تو پلاس یکشنبه ۱۴ خرداد ۱۴۰۲ - دکتر سارینا نوروزی، هیدا و آرمان / Manoto Plus,https://www.youtube.com/watch?v=nSpp86JJeKU
من و تو پلاس شنبه ۱۳ خرداد ۱۴۰۲ - انسیه مربی دوچرخه سواری و دکتر سیمین صادقی / Manoto Plus,https://www.youtube.com/watch?v=xydiOGTkcpQ
"Small Steps, Big Impact | از همین قدم‌های کوچک شروع کن - چشم انداز آینده",https://www.youtube.com/watch?v=SF-0d9Z--D0
من و تو پلاس جمعه ۱۲ خرداد ۱۴۰۲ - شیلی، مربی بدنساز و  یاسمن، طراح لباس / Manoto Plus,https://www.youtube.com/watch?v=Iz6mfpmNSmU
تیکه‌ای از دیوار برلین در جیب امیر طاهری,https://www.youtube.com/watch?v=MyJcC3gsnNQ
من و تو پلاس پنجشنبه ۱۱ خرداد ۱۴۰۲ - دکتر زهرا آزاد بادی و فریدون فربد / Manoto Plus,https://www.youtube.com/watch?v=u9X9uVmLUkw
من و تو پلاس چهارشنبه ۱۰ خرداد ۱۴۰۲ - دکتر ساینا نوروزی و محبوبه فتح آبادی / Manoto Plus,https://www.youtube.com/watch?v=KVqIQUf83TI
سالی‌تاک؛ این فرش‌ها رو کی برده؟!!!,https://www.youtube.com/watch?v=VcSt9GaE3h0
من و تو پلاس سه شنبه ۹ خرداد ۱۴۰۲ - جهانی بیماری ام اس و مهشید عزیزی و بهارک صالح نیا / Manoto Plus,https://www.youtube.com/watch?v=lvZWXS2oemY
من و تو پلاس دوشنبه ۸ خرداد ۱۴۰۲ - سعید رفیعی منفرد و پریا / Manoto Plus,https://www.youtube.com/watch?v=6DuAhA_HFMw
سالی‌تاک؛ حیوانات خانگی ممنوعه!!!,https://www.youtube.com/watch?v=Eku1zo3Lay0
چرا آخوندها نمیرن از مرز دفاع کنن,https://www.youtube.com/watch?v=OrpE-_XAjQE
من و تو پلاس یکشنبه ۷ خرداد ۱۴۰۲ - ژیلا صابر و دکتر لیلی صدر / Manoto Plus,https://www.youtube.com/watch?v=RKs2lVtS8Rc
من و تو پلاس شنبه ۶ خرداد ۱۴۰۲ - علیرضا درویش و آتوسا گودرزی / Manoto Plus,https://www.youtube.com/watch?v=cf25fo-6a20
من و تو پلاس جمعه ۵ خرداد ۱۴۰۲ - دکتر پژمان صفایی و الهام / Manoto Plus,https://www.youtube.com/watch?v=Ua0lQskoXXk
من و تو پلاس پنجشنبه ۴ خرداد ۱۴۰۲ - دکتر ساینا نوروزی و دکتر پیمان رئوفی / Manoto Plus,https://www.youtube.com/watch?v=D0FtLJ349A8
من و تو پلاس چهارشنبه ۳ خرداد ۱۴۰۲ - حسین فاطمی و دکتر پوریاثابتیان / Manoto Plus,https://www.youtube.com/watch?v=Un0aJOihIA8
اردوان حاتمی ترانه “بیزار”,https://www.youtube.com/watch?v=WmaqnzGdNPE
"""کدوم آقازاده داره میخوره""",https://www.youtube.com/watch?v=-4CZMlu_vWI
من و تو پلاس سه شنبه ۲ خرداد ۱۴۰۲ - دکتر احمد شاهرودی و شوکا بیداریان / Manoto Plus,https://www.youtube.com/watch?v=cz-KVxWITxA
هوشنگ توزیع: در تداوم حکومت سیاه مغز جوان‌ها خطرناک است.,https://www.youtube.com/watch?v=z09eOaGcjmA
حجاب برداشتن برای همه باشه,https://www.youtube.com/watch?v=-6Dq8hlydyw
من و تو پلاس دوشنبه ۱ خرداد ۱۴۰۲ - سوزان روشن و سپیده / Manoto Plus,https://www.youtube.com/watch?v=9yXaDatRUW8
اجرای زنده آهنگ “خدانور” از اردوان حاتمی,https://www.youtube.com/watch?v=WDGkJHn6suM
من و تو پلاس یکشنبه ۳۱ اردیبهشت ۱۴۰۲ - دکتر پیمان رئوفی و پریا / Manoto Plus,https://www.youtube.com/watch?v=_oIVX2oNmFg
من و تو پلاس شنبه ۳۰ اردیبهشت ۱۴۰۲ - آرش نیک خو و دکتر شهاب محبوبیان / Manoto Plus,https://www.youtube.com/watch?v=vxJIAolqyCw
من و تو پلاس جمعه ۲۹ اردیبهشت ۱۴۰۲ - اردوان حاتمی و واکنش سلبریتی‌ها به اعدام امروز / Manoto Plus,https://www.youtube.com/watch?v=lR9UytxGSeE
من و تو پلاس پنجشنبه ۲۸ اردیبهشت ۱۴۰۲ - خشایار غلامی و کی سی تی / Manoto Plus,https://www.youtube.com/watch?v=VoyLDI9Cb2s
من و تو پلاس چهارشنبه ۲۷ اردیبهشت ۱۴۰۲ - دکتر پوریا ثابتیان و دکتر پیمان رئوفی / Manoto Plus,https://www.youtube.com/watch?v=xXPKJMNyats
FREE TOOMAJ,https://www.youtube.com/watch?v=cIcCDznre88
من و تو پلاس سه شنبه ۲۶ اردیبهشت ۱۴۰۲ - داوود سجادی و مدیا مصور / Manoto Plus,https://www.youtube.com/watch?v=Rp9LkR8IDOM
من و تو پلاس دوشنبه ۲۵ اردیبهشت ۱۴۰۲ - دکتر محمود کویر و حمید رحمانیان / Manoto Plus,https://www.youtube.com/watch?v=6XmL2_qYRn4
من و تو پلاس یکشنبه ۲۴ اردیبهشت ۱۴۰۲ - امیر آقاکوچک، آرمان و هیدا / Manoto Plus,https://www.youtube.com/watch?v=ELxfdWOP8kc
من و تو پلاس شنبه ۲۳ اردیبهشت ۱۴۰۲ - محبوبه فتح آبادی و جوانه جناب / Manoto Plus,https://www.youtube.com/watch?v=qLOyv7spl4U
من و تو پلاس جمعه ۲۲ اردیبهشت ۱۴۰۲ - دکتر آزاده عباس زاده و سعیده گیلانی / Manoto Plus,https://www.youtube.com/watch?v=s7irFSP0ckU
کارمندان صدا و سیما خودرو شاسی بلند دوست دارند,https://www.youtube.com/watch?v=ZosEhMq9keA
امید ای ام پنجشنبه ۲۱ اردیبهشت ۱۴۰۲ / Omid A.M,https://www.youtube.com/watch?v=BDmDaanEnBI
من و تو پلاس پنجشنبه ۲۱ اردیبهشت ۱۴۰۲ - ساغر کثیری، رویا خواجوی و فریدون فربود / Manoto Plus,https://www.youtube.com/watch?v=z9jfXQRID7o
من و تو پلاس چهارشنبه ۲۰ اردیبهشت ۱۴۰۲ - دکتر پیمان رئوفی و بحران تنهایی / Manoto Plus,https://www.youtube.com/watch?v=YhPxmEdyBGo
من و تو پلاس سه شنبه ۱۹ اردیبهشت ۱۴۰۲ - دکتر شهره بسکی و شوکا بیداریان  / Manoto Plus,https://www.youtube.com/watch?v=BwuO3Xr9iQQ
من و تو پلاس دوشنبه ۱۸ اردیبهشت ۱۴۰۲ - دکتر رضا مرادی و فعالیت فرزندان در فضای مجازی  / Manoto Plus,https://www.youtube.com/watch?v=9VTjudbZnao
در واکنش به مزایده گذاشتن آثار تاریخی ایران توماج از شیراز اینگونه گفت...,https://www.youtube.com/watch?v=S85erBOFIUk
رکورد جدید سوتی در سه جمله⁣,https://www.youtube.com/watch?v=unMixoau8R4
من و تو پلاس یکشنبه ۱۷ اردیبهشت ۱۴۰۲ - دکتر ساینا نوروزی / Manoto Plus,https://www.youtube.com/watch?v=5kRvu7sDG0I
من و تو پلاس شنبه ۱۶ اردیبهشت ۱۴۰۲ - دکتر پژمان صفایی و مراسم تاجگذاری چارلز سوم / Manoto Plus,https://www.youtube.com/watch?v=lb7gACLApSg
من و تو پلاس جمعه ۱۵ اردیبهشت ۱۴۰۲ - منصور زندی نهاد و دکتر پیمان رئوفی / Manoto Plus,https://www.youtube.com/watch?v=BRpDJB83KMs
من و تو پلاس پنجشنبه ۱۴ اردیبهشت ۱۴۰۲ - عطیه و دکتر احمد شاهرودی / Manoto Plus,https://www.youtube.com/watch?v=I7lNsEX7VI4
ریشه در خاک,https://www.youtube.com/watch?v=PP29M7QTJT0
من و تو پلاس چهارشنبه ۱۳ اردیبهشت ۱۴۰۲ - دکتر پویا ثابتیان و سیگار الکترونیکی / Manoto Plus,https://www.youtube.com/watch?v=tsTQEm-eAg0
من و تو پلاس سه شنبه ۱۲ اردیبهشت ۱۴۰۲ - دکتر آرمین منیری و مریم حبیبی / Manoto Plus,https://www.youtube.com/watch?v=ewe6otrHGIA
نافرمانی مدنی,https://www.youtube.com/watch?v=AovHC7p-w1A
من و تو پلاس دوشنبه ۱۱ اردیبهشت ۱۴۰۲ - سعیده لوورز، هیدا و آرمان / Manoto Plus,https://www.youtube.com/watch?v=r8q7VFuhhYM
تفاوت مزاحمین با دوربین صدا و سیما با مزاحمین بدون دوربین صدا و سیما,https://www.youtube.com/watch?v=W4gLRuG0esQ
من و تو پلاس یکشنبه ۱۰ اردیبهشت ۱۴۰۲ - محبوبه فتح آبادی، آرمان و هیدا / Manoto Plus,https://www.youtube.com/watch?v=oTxrOi--qsQ
رژه سالانه نوروزی ایرانیان آمریکا در شهر نیویورک با شعار زن، زندگی، آزادی برگزار شد,https://www.youtube.com/watch?v=Yhm9VuuWeLY
من و تو پلاس شنبه ۹ اردیبهشت ۱۴۰۲ - هیما ذاکر و ثمین مربی یوگ / Manoto Plus,https://www.youtube.com/watch?v=p-VFHKGjtwQ
ببین تی وی و گزارشگر,https://www.youtube.com/watch?v=pCKh7966JpQ
من و تو پلاس جمعه ۸ اردیبهشت ۱۴۰۲ - دکتر شهره بسکی و شایان شمس / Manoto Plus,https://www.youtube.com/watch?v=7W7XKaNN4TE
هر آنچه برای شما مهم است,https://www.youtube.com/watch?v=wwa3iOlQxf4
مستندهای من و تو,https://www.youtube.com/watch?v=P_7gSGSFqUI
من سرمايه‌ای ندارم که بهتون بدهم، ولی چشم سالم دارم که بهتون هدیه کنم,https://www.youtube.com/watch?v=suZH5GIKZ0E
امید ای ام پنجشنبه ۷ اردیبهشت ۱۴۰۲ / Omid A.M,https://www.youtube.com/watch?v=pWNd5scEEFM
من و تو پلاس پنجشنبه ۷ اردیبهشت ۱۴۰۲ - دکتر پیمان رئوفی، هدیه تازه و مصطفی ادیبان / Manoto Plus,https://www.youtube.com/watch?v=MjcJ-GEmx4g
نافرمانی مدنی,https://www.youtube.com/watch?v=w_dDSVMCyG8
فروش موز دست دوم,https://www.youtube.com/watch?v=QdkjjHo0ZQI
.شاهزاده رضا پهلوی: در این چهل سال اهمیت سکولاریسم  را یاد گرفتیم,https://www.youtube.com/watch?v=gxtHx4bIxbg
دیدار شاهزاده رضا پهلوی با ایرانیان ایتالیا,https://www.youtube.com/watch?v=GXMRBj0V2DI
من و تو پلاس چهارشنبه ۶ اردیبهشت ۱۴۰۲ - سما قربانی مربی بدنسازی و کارشناس تغذیه / Manoto Plus,https://www.youtube.com/watch?v=gRuoSvlbAUc
من و تو پلاس سه شنبه ۵ اردیبهشت ۱۴۰۲ - دکتر امین مقدم و مجتبی صادق / Manoto Plus,https://www.youtube.com/watch?v=fDRlqD9BxZw
من و تو پلاس دوشنبه ۴ اردیبهشت ۱۴۰۲ - دکتر کاوه آیت و مریم حبیبی / Manoto Plus,https://www.youtube.com/watch?v=BGlLLHLfL4U
من و تو پلاس یکشنبه ۳ اردیبهشت ۱۴۰۲ - ساغر کثیری و دکتر مریم زمانی / Manoto Plus,https://www.youtube.com/watch?v=HeD7Dn8GEkc
من و تو پلاس شنبه ۲ اردیبهشت ۱۴۰۲ - الهام عطایی آذری و شوکا بیداریان / Manoto Plus,https://www.youtube.com/watch?v=_y7RnwJmN1A
من و تو پلاس جمعه ۱ اردیبهشت ۱۴۰۲ - پروفسور امیر مبارز پرستا و نیلوفر فرهمند / Manoto Plus,https://www.youtube.com/watch?v=mjNHPxXq7oA
من و تو پلاس پنجشنبه ۳۱ فروردین ۱۴۰۲ - دکتر جلال ایجادی و شوکا بیداریان / Manoto Plus,https://www.youtube.com/watch?v=OWZR9CxBtpI
من و تو پلاس چهارشنبه ۳۰ فروردین ۱۴۰۲ - سپیده سعیدی نژاد، یاسمن و نسترن رضایی / Manoto Plus,https://www.youtube.com/watch?v=Tpm0QtEeZQw
امید ای ام سه شنبه ۲۹ فروردین ۱۴۰۲ / Omid A.M,https://www.youtube.com/watch?v=jB_FmBGUCE0
مستند الهه، دختر ایران,https://www.youtube.com/watch?v=Gz1ctI0FpCo
من و تو پلاس سه شنبه ۲۹ فروردین ۱۴۰۲ - شهرزاد پورعبدالله و شوکا بیداریان / Manoto Plus,https://www.youtube.com/watch?v=PQTLGuAFvR4
من و تو پلاس دوشنبه ۲۸ فروردین ۱۴۰۲ - دکتر پیمان رئوفی و آیلار بهزادی / Manoto Plus,https://www.youtube.com/watch?v=vjEULvWxvKU
من و تو پلاس یکشنبه ۲۷ فروردین ۱۴۰۲ - مدیا مصور و آرمان / Manoto Plus,https://www.youtube.com/watch?v=ji_v915_Oho
من و تو پلاس شنبه ۲۶ فروردین ۱۴۰۲ - شوکا بیداریان و سعید رفیعی منفرد / Manoto Plus,https://www.youtube.com/watch?v=V2yN36xGWd0
من و تو پلاس جمعه ۲۵ فروردین ۱۴۰۲ - دکتر محمود کویر، یاسمن محسانی و دکتر لاله تنگسیری / Manoto Plus,https://www.youtube.com/watch?v=kI6Pakpn91o
من و تو پلاس پنجشنبه ۲۴ فروردین ۱۴۰۲ - دکتر گیو حیدری و دکتر احمد شاهرودی / Manoto Plus,https://www.youtube.com/watch?v=P_sS6i1aG9I
من و تو پلاس چهارشنبه ۲۳ فروردین ۱۴۰۲ - دکتر امین مقدم و دکتر پیمان رئوفی / Manoto Plus,https://www.youtube.com/watch?v=1W2cHDt2TeU
من و تو پلاس سه شنبه ۲۲ فروردین ۱۴۰۲ - دکتر ساینا نوروزی و دکتر جلال ایجادی / Manoto Plus,https://www.youtube.com/watch?v=HAZap6XiLAQ
شاهزاده رضا پهلوی گامی برای آینده,https://www.youtube.com/watch?v=pmXBKT1m0oU
من و تو پلاس دوشنبه ۲۱ فروردین ۱۴۰۲ - دکتر پویا ثابتیان و مصطفی ادیبان / Manoto Plus,https://www.youtube.com/watch?v=c0Y2dA4ixKg
شاهزاده رضا پهلوی گامی برای آینده,https://www.youtube.com/watch?v=M_EdAz-rxlg
من و تو پلاس یکشنبه ۲۰ فروردین ۱۴۰۲ - مریم حبیبی و داوود سجادی / Manoto Plus,https://www.youtube.com/watch?v=F5ox27vZ-6g
من و تو پلاس شنبه ۱۹ فروردین ۱۴۰۲ - بهار قندهاری و دکتر نازی اکبری / Manoto Plus,https://www.youtube.com/watch?v=2cIILI8wJbA
من و تو پلاس جمعه ۱۸ فروردین ۱۴۰۲ - ساغر کثیری و شوکا بیداریان / Manoto Plus,https://www.youtube.com/watch?v=1DmEBEsyUTI
شاهزاده رضا پهلوی گامی برای آینده,https://www.youtube.com/watch?v=ykywndWovvI
من و تو پلاس پنجشنبه ۱۷ فروردین ۱۴۰۲ - دکتر محمود کویر و دکتر رضا مرادی / Manoto Plus,https://www.youtube.com/watch?v=vv6w-w6R-ZE
من و تو پلاس چهارشنبه ۱۶ فروردین ۱۴۰۲ - مریم کشاورز، پژمان صفایی و سعید رفیعی منفرد / Manoto Plus,https://www.youtube.com/watch?v=ysHChhlKOv4
من و تو پلاس سه شنبه ۱۵ فروردین ۱۴۰۲ - دکتر پیمان رئوفی و مریم حبیبی / Manoto Plus,https://www.youtube.com/watch?v=CqUJ5lhAQI0
"Time Tunnel Special, Googoosh | ویژه برنامه تونل زمان - غریب آشنا: بهترین‌های گوگوش",https://www.youtube.com/watch?v=IgmdjCgbXkM
من و تو پلاس دوشنبه ۱۴ فروردین ۱۴۰۲ - محبوبه فتح آبادی و امیر رشیدی / Manoto Plus,https://www.youtube.com/watch?v=Scui_ed-KHA
من و تو پلاس یکشنبه ۱۳ فروردین ۱۴۰۲ - دکتر محمود کویر و سونیتا علیزاده / Manoto Plus,https://www.youtube.com/watch?v=AMw7LXS26_4
من و تو پلاس شنبه ۱۲ فروردین ۱۴۰۲ - آرش نیکخو و صبا ترابیان / Manoto Plus,https://www.youtube.com/watch?v=rOgdHrr7gMI
The History Of Music - Ep02 | سرگذشت موسیقی ایران - قسمت دوم، از شاه سلیمان تا رضا شاه,https://www.youtube.com/watch?v=nuk04nTzIys
من و تو پلاس جمعه ۱۱ فروردین ۱۴۰۲ - سمیه، علی و دکتر جلال ایجادی / Manoto Plus,https://www.youtube.com/watch?v=Uvu-P_MEM_4
شاهزاده رضا پهلوی؛ گامی برای آینده,https://www.youtube.com/watch?v=KqcoiN4B4Wc
من و تو پلاس پنجشنبه ۱۰ فروردین ۱۴۰۲ - پوریا افضلی، لبلا صادقی و تینا قاضی مراد / Manoto Plus,https://www.youtube.com/watch?v=zsjlZWtFCaY
من و تو پلاس چهارشنبه ۹ فروردین ۱۴۰۲ - شوکا بیداریان، ماهی و داوود سجادی / Manoto Plus,https://www.youtube.com/watch?v=0rPz7QH1LA8
من و تو پلاس سه شنبه ۸ فروردین ۱۴۰۲ - شعله پاکروان و سپیده سعیدی نژاد / Manoto Plus,https://www.youtube.com/watch?v=VLOsWou6VsM
آمریکن آیدل از ۱۸ فروردین هر جمعه ساعت ۱۸,https://www.youtube.com/watch?v=ivnP4yrBdn0
من و تو پلاس دوشنبه ۷ فروردین ۱۴۰۲ - وحید بهشتی، دنیا و روزبه اسکندری / Manoto Plus,https://www.youtube.com/watch?v=3Bj4ePbVyfs
من و تو پلاس یکشنبه ۶ فروردین ۱۴۰۲ - دکتر امین مقدم و شبنم ادیبان / Manoto Plus,https://www.youtube.com/watch?v=hT3judHaGFY
من و تو پلاس شنبه ۵ فروردین ۱۴۰۲ - شوکا بیداریان و افشین خائف / Manoto Plus,https://www.youtube.com/watch?v=9wXtlv4UG-k
من و تو پلاس جمعه ۴ فروردین ۱۴۰۲ - دکتر علی ناظمی، شیرین دقوقی و نغمه پور / Manoto Plus,https://www.youtube.com/watch?v=rgNuBTm-ea8
آهنگ سفر برای وطن با اجرای سارا حمیدی #سفر_برای_وطن,https://www.youtube.com/watch?v=Ez4YgmtaSG8
من و تو پلاس پنجشنبه ۳ فروردین ۱۴۰۲ - مهران صانعی و محمد کهران / Manoto Plus,https://www.youtube.com/watch?v=Q4ne7akfZzY
من و تو پلاس چهارشنبه ۲ فروردین ۱۴۰۲ - دکتر کویر و ناکتا پهلوان / Manoto Plus,https://www.youtube.com/watch?v=DMhMWdOKn-I
تجسم از رها اعتمادی #سفر_برای_وطن,https://www.youtube.com/watch?v=4P8h8dlhmmU
آهنگ باهم با اجرای پانیدا #سفر_برای_وطن,https://www.youtube.com/watch?v=XIcnQ8aE8fM
تصمیم از امید خلیلی #سفر_برای_وطن,https://www.youtube.com/watch?v=zB11SAh7Ick
آهنگ شیر زن با اجرای رضا پهلوانی  #سفر_برای_وطن,https://www.youtube.com/watch?v=b-v6ebLakZ0
آهنگ پیله با اجرای امین    #سفر_برای_وطن,https://www.youtube.com/watch?v=k9lwlGVUZLg
آهنگ حال مردم با اجرای سحر زیبایی,https://www.youtube.com/watch?v=FMw5sK19t9o
من و تو پلاس دوشنبه ۲۹ اسفند ۱۴۰۱ - ویژه نوروز ۱۴۰۲ / Manoto Plus,https://www.youtube.com/watch?v=tZGl0-bnRvo
"Time Tunnel, Norouz special | تونل زمان - ویژه برنامه نوروز سال ۱۳۵۳",https://www.youtube.com/watch?v=oLvOYZpiHmk
من و تو پلاس یکشنبه ۲۸ اسفند ۱۴۰۱ - سعید پیوندی، علی عباسی و دکتر فاطمه رضایی / Manoto Plus,https://www.youtube.com/watch?v=Spyg_3SXQVQ
من و تو پلاس شنبه ۲۷ اسفند ۱۴۰۱ - ساغر کثیری و وحید بهشتی / Manoto Plus,https://www.youtube.com/watch?v=AMvdCH2IuEU
من و تو پلاس جمعه ۲۶ اسفند ۱۴۰۱ - یونس فقیهی و مریم سیدین / Manoto Plus,https://www.youtube.com/watch?v=JqTMw_xWaUg
سفر برای وطن      سه‌شنبه | اول فروردین | بامداد 00:00,https://www.youtube.com/watch?v=w9KJUsDHzuo
سفر برای وطن      سه‌شنبه | اول فروردین | بامداد 00:00,https://www.youtube.com/watch?v=ljDCAbmzymE
سفر برای وطن      سه‌شنبه | اول فروردین | بامداد 00:00,https://www.youtube.com/watch?v=toiPIs_wKvY
من و تو پلاس پنجشنبه ۲۵ اسفند ۱۴۰۱ - دکتر زهرا آزادبادی، کیمیا معتمدی / Manoto Plus,https://www.youtube.com/watch?v=s3RfVB7RuEk
من و تو پلاس چهارشنبه ۲۴ اسفند ۱۴۰۱ - آرزو کریمی، دکتر احمد شاهرودی و دکتر کاوه آیت / Manoto Plus,https://www.youtube.com/watch?v=5lu0ATrhT6g
من و تو پلاس سه شنبه ۲۳ اسفند ۱۴۰۱ - دکتر محمود کویر و فریادی برای آزادی / Manoto Plus,https://www.youtube.com/watch?v=YOMK4Dgx4IU
من و تو پلاس دوشنبه ۲۲ اسفند ۱۴۰۱ - دکتر پیمان رئوفی و روزبه اسکندری / Manoto Plus,https://www.youtube.com/watch?v=uV_bI8DHFB8
من و تو پلاس یکشنبه ۲۱ اسفند ۱۴۰۱ - دکتر ژاله علیپور، مهرداد زارعی ودکتر پوریا ثابتیان / Manoto Plus,https://www.youtube.com/watch?v=hmwGSdFHt6c
من و تو پلاس شنبه ۲۰ اسفند ۱۴۰۱ - ایمان رضایی، دکتر امین مقدم و امید عطائی فرد / Manoto Plus,https://www.youtube.com/watch?v=BUOsksIQOaI
من و تو پلاس جمعه ۱۹ اسفند ۱۴۰۱ - رضا دوست، ارشان رحیمی و دکتر پیمان رئوفی / Manoto Plus,https://www.youtube.com/watch?v=zxWk-iUSu8s
من و تو پلاس پنجشنبه ۱۸ اسفند ۱۴۰۱ - شهره بیات، محبوبه فتح آبادی و آرش نیکخو / Manoto Plus,https://www.youtube.com/watch?v=K4anBYeruqQ
من و تو پلاس چهارشنبه ۱۷ اسفند ۱۴۰۱ - روز جهانی زن، هدیه تازه و پریا وطن خواه / Manoto Plus,https://www.youtube.com/watch?v=0AxmqW49nLY
من و تو پلاس سه شنبه ۱۶ اسفند ۱۴۰۱ - دکتر ساینا نوروزی و شهاب اناری / Manoto Plus,https://www.youtube.com/watch?v=bVX8G6UjFOE
من هویدا را اینجوری خلاصه میکنمگل ارکیده: وفادار بودنعصا: محتاط بودنپیپ: عشق به زندگی داشتن,https://www.youtube.com/watch?v=EOFB_HNL8dk
من و تو پلاس دوشنبه ۱۵ اسفند ۱۴۰۱ - مازیار مکفی، فریدون فربد و دکتر گیو حیدری / Manoto Plus,https://www.youtube.com/watch?v=CIqsta2RxfA
دعای امیر عباس هویدا برای مردم ایران,https://www.youtube.com/watch?v=5CE8T-_8ldE
من و تو پلاس یکشنبه ۱۴ اسفند ۱۴۰۱ - پیمان رئوفی، امیر آقاکوچک و سما قربانی / Manoto Plus,https://www.youtube.com/watch?v=dwW3y1GRmZs
من و تو پلاس شنبه ۱۳ اسفند ۱۴۰۱ - دکتر سیمین صادقی و کتایون بهرامی / Manoto Plus,https://www.youtube.com/watch?v=lEP2DhYIacA
من و تو پلاس جمعه ۱۲ اسفند ۱۴۰۱ - دکتر محمود کویر و کوروش عدالت / Manoto Plus,https://www.youtube.com/watch?v=yrJW-0jCmSU
من و تو پلاس پنجشنبه ۱۱ اسفند ۱۴۰۱ - دکتر بهنوش رهاورد، مازیار مکفی و امیر رشیدی / Manoto Plus,https://www.youtube.com/watch?v=KgnaRk4s9ZA
من و تو پلاس چهارشنبه ۱۰ اسفند ۱۴۰۱ - دکتر پیمان رئوفی و دکتر احمد شاهرودی / Manoto Plus,https://www.youtube.com/watch?v=3WomDqze_eQ
لحظه ورود شاهزاده رضا پهلوی به پارلمان اروپا,https://www.youtube.com/watch?v=TZMkSLfVjkY
چارلی وایمرز: راه های توقیف اموال سپاه پاسداران در خارج از کشور را بررسی  کنیم,https://www.youtube.com/watch?v=nBRmc_Zrb9g
چارلی وایمرز : با عضویت در سپاه، درهای اروپا به روی شما و خانواده شما بسته خواهد شد,https://www.youtube.com/watch?v=cpPG7sIGYU0
گفتگوی اختصاصی اتاق خبر شبکه منوتو با چارلی وایمرز، سیاست‌مدار و عضو پارلمان اروپا,https://www.youtube.com/watch?v=O15k3I-41Ss
شاهزاده رضا پهلوی، در جریان سفر خود به پارلمان اروپا ، هدیه ویژه روسای دولت را دریافت کرد,https://www.youtube.com/watch?v=azkmq4dkejs
هدیه روسای دولت، به شاهزاده رضا پهلوی تقدیم شد,https://www.youtube.com/watch?v=FNmaErXdVKI
شاهزاده رضا پهلوی در پارلمان اتحادیه اروپا,https://www.youtube.com/watch?v=Qgkb1BaDRNw
لحظه ورود شاهزاده رضا پهلوی به پارلمان اروپا,https://www.youtube.com/watch?v=yntvMqTbdXA
من و تو پلاس سه شنبه ۹ اسفند ۱۴۰۱ - دکتر امین مقدم و فرهاد / Manoto Plus,https://www.youtube.com/watch?v=e6SDJOPEMoI
شاهزاده هنگام ورود به فرودگاه بلژیک مورد استقبال چارلی وایمرز قرار گرفت,https://www.youtube.com/watch?v=zMvxhMDrD7g
زن زندگی آزادی | زن امروز | ۱۷ اسفند,https://www.youtube.com/watch?v=uJOyl7-PORk
شب‌های اصفهان در کنار زاینده رود برای توریست‌ها با رقص و موزیک شاد همراه بود,https://www.youtube.com/watch?v=zesvUktZmgo
سرگذشت موسیقی ایران,https://www.youtube.com/watch?v=f2Om1OjgNHo
زن زندگی آزادی | زن امروز | ۱۷ اسفند,https://www.youtube.com/watch?v=8NQiugJu2NQ
هدایت هواپیمای مافوق صوت کنکورد توسط محمدرضا شاه پهلوی در پرواز تبلیغاتی این هواپیما در آسمان,https://www.youtube.com/watch?v=MVRKv7AYv0I
استقبال محمدرضا شاه پهلوی و شهبانو از مهمانان دعوت شده به ضیافت سلطنتی جشن‌های ۲۵۰۰ ساله‌ی شاهنشاهی,https://www.youtube.com/watch?v=Ok4hn4L4T68
زن زندگی آزادی | زن امروز | ۱۷ اسفند,https://www.youtube.com/watch?v=MdLqsyxOgDE
رهام الوندی، نویسنده و مورخ: هویدا سمبل دهه ۶۰ و ۷۰ میلادی,https://www.youtube.com/watch?v=Fo6p49KilG8
نظر مردم در مورد دادگا‌ه‌های انقلابی,https://www.youtube.com/watch?v=3tuLR7zogR8
"توماج صالحی, هنرمندی که در آهنگهایش و تظاهرات خیابانی اعتراض خودش را به جمهوری اسلامی فریاد زد",https://www.youtube.com/watch?v=bQWdJ9Sjelw
زن زندگی آزادی | زن امروز | ۱۷ اسفند,https://www.youtube.com/watch?v=zDyUcLHAr_U
شاهزاده رضا پهلوی در میان تشویق گسترده حضار در دانشگاه آکسفورد,https://www.youtube.com/watch?v=SwhUUmr95rI
مستند نسل پیروز- استفان ایلنبرگر: چاپ عکس یوز بروی لباس تیم فوتبال، تظاهری بیش نیست,https://www.youtube.com/watch?v=GKwCCg6JscI
زن زندگی آزادی | زن امروز | ۱۷ اسفند,https://www.youtube.com/watch?v=nTSaLE9g6UE
من و تو پلاس دوشنبه ۸ اسفند ۱۴۰۱ - هوشنگ توزیع و آزاده افصحی / Manoto Plus,https://www.youtube.com/watch?v=h-KucX10JDc
امید ای ام یکشنبه ۷ اسفند ۱۴۰۱ / Omid A.M,https://www.youtube.com/watch?v=2dxsUAAaUs0
FreeToomaj#,https://www.youtube.com/watch?v=3mr78GFdSA0
من و تو پلاس یکشنبه ۷ اسفند ۱۴۰۱ - دکتر شهره بسکی و سپیده سعیدی نژاد / Manoto Plus,https://www.youtube.com/watch?v=A2WUrSX-grg
Omid A.M with Prince Reza Pahlavi | امید ای ام شنبه ۶ اسفند ۱۴۰۱ شاهزاده رضا پهلوی,https://www.youtube.com/watch?v=oiEUb6M3epw
من و تو پلاس شنبه ۶ اسفند ۱۴۰۱ - دکتر کویر و باربد بیات / Manoto Plus,https://www.youtube.com/watch?v=CGxmWvDHkDI
من و تو پلاس جمعه ۵ اسفند ۱۴۰۱ - دکتر کویر و باربد بیات / Manoto Plus,https://www.youtube.com/watch?v=aMN4THnDIP0
من و تو پلاس پنجشنبه ۴ اسفند ۱۴۰۱ - کامیار مهین سا و محبوبه فتح آبادی / Manoto Plus,https://www.youtube.com/watch?v=g25taVO02BE
من و تو پلاس چهارشنبه ۳ اسفند ۱۴۰۱ -  شهرزاد پورعبدالله و دکتر آرمین منیری / Manoto Plus,https://www.youtube.com/watch?v=UzhLIbHG96w
گفتگوی اختصاصی با شاهزاده رضا پهلوی,https://www.youtube.com/watch?v=kgnT54_dr78
من و تو پلاس سه شنبه ۲ اسفند ۱۴۰۱ - بیژن مرتضوی و محمد سمیع‌زاده نیکو / Manoto Plus,https://www.youtube.com/watch?v=mRAzgWnMDQw
تکنیک‌ تنفس‌ مربعی به کاهش استرس و افزایش تمرکز کمک می‌کند,https://www.youtube.com/watch?v=kK55QcFvWms
به نظر شما #آزادی یعنی چه؟,https://www.youtube.com/watch?v=uEY9w6vV5qM
من و تو پلاس دوشنبه ۱ اسفند ۱۴۰۱ - مدیا مصور، امیر رشیدی و پیمان رئوفی / Manoto Plus,https://www.youtube.com/watch?v=zkt4ri4h8R8
چه دست اوردی بزرگتر از اینکه اپوزیسیون ما را دعوت میکنن به مونیخ,https://www.youtube.com/watch?v=8ePCYbiaZ4U
چقدر صحبت‌های شاهزاده در نشست مونیخ امیدبخش بود,https://www.youtube.com/watch?v=oAKq-zfZZd8
هزارو چهارصد سال است که یکسری خرافات دینی پدر ما را در آورده است,https://www.youtube.com/watch?v=5VgDlmh7Vzg
هویدا در زندان قصر,https://www.youtube.com/watch?v=qhy-4c1OIoU
هویدا با نخست وزیران پیشین ایران تفاوت داشت.,https://www.youtube.com/watch?v=braZwxQM7ZI
من و تو پلاس یکشنبه ۳- بهمن ۱۴۰۱ - مازیار مکفی و دکتر احمد شاهرودی / Manoto Plus,https://www.youtube.com/watch?v=O-wvGH5-CLU
من و تو پلاس شنبه ۲۹ بهمن ۱۴۰۱ - زینب‌ کبری موسوی و دکتر ساینا نوروزی / Manoto Plus,https://www.youtube.com/watch?v=KaByQ_KGC9w
من و تو پلاس جمعه ۲۸ بهمن ۱۴۰۱ - ژوزف هوسپیان و دکتر احمد شاهرودی / Manoto Plus,https://www.youtube.com/watch?v=RDzmQ1wshro
من و تو پلاس پنجشنبه ۲۷ بهمن ۱۴۰۱ - دکتر محمود کویر و فرزاد خلیلی / Manoto Plus,https://www.youtube.com/watch?v=8A6XIQwv0EU
دلایل افزایش آمار مبتلایان به سرطان,https://www.youtube.com/watch?v=LpfhreuWC6k
علیرضا نوری‌زاده: از قم به هادی غفاری گفته بودن کار هویدا رو بساز…,https://www.youtube.com/watch?v=ucr1VkpC0Rg
Daei Jan Napoleon Ep06 | دایی جان ناپلئون - قسمت ۶,https://www.youtube.com/watch?v=dio2tXVco98
Daei Jan Napoleon Ep05 | دایی جان ناپلئون - قسمت ۵,https://www.youtube.com/watch?v=F1oCpd_qzlc
Daei Jan Napoleon Ep04 | دایی جان ناپلئون - قسمت ۴,https://www.youtube.com/watch?v=OdYfuMhoCGQ
ضبط تم اصلی موسیقی متن مستند هویدا، ساخته باربد بیات توسط ارکستر سمفونی متروپولیتن پراگ,https://www.youtube.com/watch?v=MrxiEuTmmLc
من و تو پلاس چهارشنبه ۲۶ بهمن ۱۴۰۱ - دکتر علی ناظمی و دکتر پردیس ایران نژاد / Manoto Plus,https://www.youtube.com/watch?v=Tp_kdii7ry8
من و تو پلاس سه شنبه ۲۵ بهمن ۱۴۰۱ - نگار اشتری و هدی عطا / Manoto Plus,https://www.youtube.com/watch?v=hK4zBOXP0rw
من و تو پلاس دوشنبه ۲۴ بهمن ۱۴۰۱ - مازیار مکفی، هم آوا و دلارام ضیایی / Manoto Plus,https://www.youtube.com/watch?v=TLr68wb9qQQ
من و تو پلاس یکشنبه ۲۳ بهمن ۱۴۰۱ - مریم کشاورز و دیانا پرهیزگار / Manoto Plus,https://www.youtube.com/watch?v=BRhR2MsANcw
من و تو پلاس شنبه ۲۲ بهمن ۱۴۰۱ - گزارش زنده از تجمع ایرانیان در لندن و بهار قندهاری / Manoto Plus,https://www.youtube.com/watch?v=SpLJefE1SCI
من و تو پلاس جمعه ۲۱ بهمن ۱۴۰۱ - مهران صانعی و گزارش در مورد پاولا اسلایتر / Manoto Plus,https://www.youtube.com/watch?v=CuOcwBbqS9Y
من و تو پلاس پنجشنبه ۲۰ بهمن ۱۴۰۱ - احمد شاهرودی و هادی قائمی / Manoto Plus,https://www.youtube.com/watch?v=xb9R-Ihs7pk
من و تو پلاس چهارشنبه ۱۹ بهمن ۱۴۰۱ - عاطفه احمدی و دکتر سیمین صادقی / Manoto Plus,https://www.youtube.com/watch?v=bQR8DjfSYMA
Hoveyda Documentary Ep05 | مستند هویدا - قسمت پنجم,https://www.youtube.com/watch?v=xkW4eC2HVjc
Hoveyda Documentary Ep04 | مستند هویدا - قسمت چهارم,https://www.youtube.com/watch?v=_JV6VZlbnp4
من و تو پلاس سه شنبه ۱۸ بهمن ۱۴۰۱ - منتره توکلی و اعتراضات هنگ کنگ / Manoto Plus,https://www.youtube.com/watch?v=jkJHf26IT-E
Hoveyda Documentary Ep03 | مستند هویدا - قسمت سوم,https://www.youtube.com/watch?v=JxxhLUKnT-4
من و تو پلاس دوشنبه ۱۷ بهمن ۱۴۰۱ - سما قربانی و امیر سلطان زاده / Manoto Plus,https://www.youtube.com/watch?v=GZ7o5wR7woA
من و تو پلاس یکشنبه ۱۶ بهمن ۱۴۰۱ - پیمان رئوفی و گیسو نیا / Manoto Plus,https://www.youtube.com/watch?v=IF__g3NH_AA
Hoveyda Documentary Ep02 | مستند هویدا - قسمت دوم,https://www.youtube.com/watch?v=qj8iTdlfq00
Hoveyda Documentary Ep01 | مستند هویدا - قسمت اول,https://www.youtube.com/watch?v=NJK7MxzdxqY
من و تو پلاس شنبه ۱۵ بهمن ۱۴۰۱ - شیوا آزادی، کسری احمدی و علی حمید / Manoto Plus,https://www.youtube.com/watch?v=a_TLb-iJAc0
من و تو پلاس جمعه ۱۴ بهمن ۱۴۰۱ - روناک یونسی و اِما / Manoto Plus,https://www.youtube.com/watch?v=VXmcDswH7BI
من و تو پلاس پنجشنبه ۱۳ بهمن ۱۴۰۱ - نسیم وارسته و هدیه تازه / Manoto Plus,https://www.youtube.com/watch?v=Hr-YwJEYqqI
من و تو پلاس چهارشنبه ۱۲ بهمن ۱۴۰۱ - تینا قاضی مراد، احمد شاهرودی و بیتا میلانیان / Manoto Plus,https://www.youtube.com/watch?v=MAqaaBkNrtM
من و تو پلاس سه شنبه ۱۱ بهمن ۱۴۰۱ - دکتر ساینا نوروزی و مونا احمدی / Manoto Plus,https://www.youtube.com/watch?v=APlObBGs6Vc
من و تو پلاس دوشنبه ۱۰ بهمن ۱۴۰۱ - دکتر محمود کویر و ابوالفضل رفیعی پور / Manoto Plus,https://www.youtube.com/watch?v=LnwbhaRNiO0
من و تو پلاس یکشنبه ۹ بهمن ۱۴۰۱ - محبوبه فتح آبادی و پروفسور نامور عباسیان / Manoto Plus,https://www.youtube.com/watch?v=APr6MFu4Prw
مستند سلام من نادر صدیقی,https://www.youtube.com/watch?v=6MhuGt_T_fg
من و تو پلاس شنبه ۸ بهمن ۱۴۰۱ - مدیا مصور و پروفسور امیر آقاکوچک / Manoto Plus,https://www.youtube.com/watch?v=WNXnscTYqQI
من و تو پلاس جمعه ۷ بهمن ۱۴۰۱ - معین نجفی و ایلیا اربابی / Manoto Plus,https://www.youtube.com/watch?v=AnWXVEpwpQA
من و تو پلاس پنجشنبه ۶ بهمن ۱۴۰۱ - داوود سجادی و نگاه امینی / Manoto Plus,https://www.youtube.com/watch?v=MWrWq1lYzTs
من و تو پلاس چهارشنبه ۵ بهمن ۱۴۰۱ - دکتر گیو حیدری و دکتر پیمان رئوفی / Manoto Plus,https://www.youtube.com/watch?v=_-RkCs2SbQ8
من و تو پلاس سه شنبه ۴ بهمن ۱۴۰۱ - دکترعلی ناظمی و فریدون فربد / Manoto Plus,https://www.youtube.com/watch?v=tzX7DOoYC1w
من و تو پلاس دوشنبه ۳ بهمن ۱۴۰۱ - مریم کشاورز و علیرضا آخوندی / Manoto Plus,https://www.youtube.com/watch?v=QNAAV-EL0f0
من و تو پلاس یکشنبه ۲ بهمن ۱۴۰۱ - شاهین میلانی و حامد ثانی پور / Manoto Plus,https://www.youtube.com/watch?v=o_v5FgVBmDI
من و تو پلاس شنبه ۱ بهمن ۱۴۰۱ - دکتر محمود کویر و آراد حقی / Manoto Plus,https://www.youtube.com/watch?v=X58RoBHs8F0
من و تو پلاس جمعه ۳۰ دی ۱۴۰۱ - احسان کرمی و مجتبی چنانی / Manoto Plus,https://www.youtube.com/watch?v=CSwuI4dq4r4
من و تو پلاس پنجشنبه ۲۹ دی ۱۴۰۱ - ماهور و تینا قاضی مراد / Manoto Plus,https://www.youtube.com/watch?v=Vlzq3hkqqMs
من و تو پلاس چهارشنبه ۲۸ دی ۱۴۰۱ - لادن همایون صفت و اشکان مستی / Manoto Plus,https://www.youtube.com/watch?v=XGqqbBwVdNs
من و تو پلاس سه شنبه ۲۷ دی ۱۴۰۱ - تهمینه و عادل از گروه ۲۵ باند و محبوبه فتح آبادی / Manoto Plus,https://www.youtube.com/watch?v=jdmmRPVbWs4
گفتگوی ویژه اتاق خبر با شاهزاده رضا پهلوی,https://www.youtube.com/watch?v=_Te59UAOnzE
من و تو پلاس دوشنبه ۲۶ دی ۱۴۰۱ - فریدون فربد و مهسا / Manoto Plus,https://www.youtube.com/watch?v=u-OKwsuN6OQ
من و تو پلاس یکشنبه ۲۵ دی ۱۴۰۱ - امیر تقی و علیرضا آخوندی / Manoto Plus,https://www.youtube.com/watch?v=9I_axnFVc-w
من و تو پلاس شنبه ۲۴ دی ۱۴۰۱ - مسعود حمیدی فر و دکتر لاله تنگسیری / Manoto Plus,https://www.youtube.com/watch?v=gyqkVfmRHD8
من و تو پلاس جمعه ۲۳ دی ۱۴۰۱ - کیا و شوکا بیداریان / Manoto Plus,https://www.youtube.com/watch?v=ojCf_20ge2s
من و تو پلاس پنجشنبه ۲۲ دی ۱۴۰۱ - ثمین مربی یوگا و نیما با ترانه شلیک نکن / Manoto Plus,https://www.youtube.com/watch?v=2mK1EZs1RHA
من و تو پلاس چهارشنبه ۲۱ دی ۱۴۰۱ - دکتر زهرا آزاد بادی و مدیا مصور / Manoto Plus,https://www.youtube.com/watch?v=Xbn3ycVMeNE
من و تو پلاس سه شنبه ۲۰ دی ۱۴۰۱ - دکتر امین مقدم و پویش عزیزالدین / Manoto Plus,https://www.youtube.com/watch?v=0UQEEJbX4kE
من و تو پلاس دوشنبه ۱۹ دی ۱۴۰۱ - ساناز باقری و مصطفی ادیبان / Manoto Plus,https://www.youtube.com/watch?v=5_DjuQVMqDs
من و تو پلاس یکشنبه ۱۸ دی ۱۴۰۱ - مسعود حمیدفر و امیر آقاکوچک / Manoto Plus,https://www.youtube.com/watch?v=tfMHInPNOjc
من و تو پلاس شنبه ۱۷ دی ۱۴۰۱ - کیانوش رمضانی، سوده لشکری و داوود سجادی / Manoto Plus,https://www.youtube.com/watch?v=84saXickehg
من و تو پلاس جمعه ۱۶ دی ۱۴۰۱ - دکتر پیمان رئوفی و دکتر پوریا ثابتیان / Manoto Plus,https://www.youtube.com/watch?v=ZU_849GhcWM
من و تو پلاس پنجشنبه ۱۵ دی ۱۴۰۱ - لیلا یارجانی و شوکا بیداریان / Manoto Plus,https://www.youtube.com/watch?v=BeQFL1yToRw
من و تو پلاس چهارشنبه ۱۴ دی ۱۴۰۱ - داوود سجادی و جاوید طباطبایی / Manoto Plus,https://www.youtube.com/watch?v=kYeSA32MrBA
من و تو پلاس سه شنبه ۱۳ دی ۱۴۰۱ - دکتر آزاده کرمی و محبوبه فتح آبادی / Manoto Plus,https://www.youtube.com/watch?v=Gf06aD-mtTo
من و تو پلاس دوشنبه ۱۲ دی ۱۴۰۱ - پیمان رئوفی و امیر رشیدی / Manoto Plus,https://www.youtube.com/watch?v=wj-7a3np9yw
من و تو پلاس - سال نو میلادی و نگاهی به اتفاقات ۱۰۰ روز اخیر در ۱۵ دقیقه / Manoto Plus,https://www.youtube.com/watch?v=LxnrOxTOurU
من و تو پلاس یکشنبه ۱۱ دی ۱۴۰۱ - اولین من و تو پلاس سال نومیلادی / Manoto Plus,https://www.youtube.com/watch?v=a8Ewe5ZU2XM
من و تو پلاس شنبه ۱۰ دی ۱۴۰۱ - شهره بیات و تاریخ جنبش های مدنی در آمریکا / Manoto Plus,https://www.youtube.com/watch?v=xF_ZlheSQS8
من و تو پلاس جمعه ۹ دی ۱۴۰۱ - کیان و دکتر پوریا ثابتیان / Manoto Plus,https://www.youtube.com/watch?v=-86kmOVTeqQ
من و تو پلاس پنجشنبه ۸ دی ۱۴۰۱ - ژوزف هوسپیان و خشایار نژاد / Manoto Plus,https://www.youtube.com/watch?v=vHivytK5gmI
من و تو پلاس چهارشنبه ۷ دی ۱۴۰۱ - محبوبه فتح آبادی و نرمال جلوه دادن اعتراضات / Manoto Plus,https://www.youtube.com/watch?v=PZW1EKUfGDc
من و تو پلاس سه شنبه ۶ دی ۱۴۰۱ - مینا نمازی و سهیل توکلی / Manoto Plus,https://www.youtube.com/watch?v=uIJRI_o_JC4
من و تو پلاس دوشنبه ۵ دی ۱۴۰۱ - دکتر پوریا ثابتیان / Manoto Plus,https://www.youtube.com/watch?v=aZJBYsvnseY
من و تو پلاس شنبه ۳ دی ۱۴۰۱ - شیرین امانی آذری، امیر رشیدی / Manoto Plus,https://www.youtube.com/watch?v=2Pabx1xk0UY
من و تو پلاس جمعه ۲ دی ۱۴۰۱ - سالومه، الهه و آرزو / Manoto Plus,https://www.youtube.com/watch?v=of0K2Zm8E1M
من و تو پلاس پنجشنبه ۱ دی ۱۴۰۱ - اردلان شکر آبی و کتایون شاهنده / Manoto Plus,https://www.youtube.com/watch?v=-OoREjqLNxs
من و تو پلاس ویژه شب یلدا - دکتر محمود کویر، مازیار فلاحی و دکتر پوریا ثابتیان / Manoto Plus,https://www.youtube.com/watch?v=QgIzO9vaq5Y
من و تو پلاس سه شنبه ۲۹ آذر ۱۴۰۱ -  شهره آغداشلو / Manoto Plus,https://www.youtube.com/watch?v=Pz5ZvSUe4lw
من و تو پلاس دوشنبه ۲۸ آذر ۱۴۰۱ -  امیرمبارز پرستا و الناز نوروزی / Manoto Plus,https://www.youtube.com/watch?v=zdVrx1nAi7w
من و تو پلاس یکشنبه ۲۷ آذر ۱۴۰۱ -  مکابیز و آهنگ زن زندگی آزادی / Manoto Plus,https://www.youtube.com/watch?v=XwAlCJziy2s
من و تو پلاس شنبه ۲۶ آذر ۱۴۰۱ -  کاوه شهروز و آفتا هیل / Manoto Plus,https://www.youtube.com/watch?v=tIG3YUX7Yds
من و تو پلاس جمعه ۲۵ آذر ۱۴۰۱ - پارسا گرت و دکتر پیمان رئوفی / Manoto Plus,https://www.youtube.com/watch?v=t49O5P6ivDo
من و تو پلاس پنجشنبه ۲۴ آذر ۱۴۰۱ - گیسو نیا و هادی قائمی / Manoto Plus,https://www.youtube.com/watch?v=LPSnygIR3CY
من و تو پلاس چهارشنبه ۲۳ آذر ۱۴۰۱ - شیوا نگار و فرزین / Manoto Plus,https://www.youtube.com/watch?v=MiA0tkIwgQc
من و تو پلاس سه شنبه ۲۲ آذر ۱۴۰۱ - حسین حق‌مه و نیکول انصاری / Manoto Plus,https://www.youtube.com/watch?v=AXnBiUYjoG4
من و تو پلاس دوشنبه ۲۱ آذر ۱۴۰۱ - رضا بهرامی و علیرضا درویش / Manoto Plus,https://www.youtube.com/watch?v=5Jsw_dMfPUQ
من و تو پلاس یکشنبه ۲۰ آذر ۱۴۰۱ - داوود سجادی و آراد / Manoto Plus,https://www.youtube.com/watch?v=nFl3Oi_Nwzw
من و تو پلاس شنبه ۱۹ آذر ۱۴۰۱ - باران و رامتین قضوی / Manoto Plus,https://www.youtube.com/watch?v=_n0njqw-RuY
من و تو پلاس جمعه ۱۸ آذر ۱۴۰۱ - مسعود حمیدی‌فر و مصطفی ادیبان / Manoto Plus,https://www.youtube.com/watch?v=FYMIPybMOyc
من و تو پلاس پنجشنبه ۱۷ آذر ۱۴۰۱ - دکتر پیمان رئوفی و فهیمه علوی / Manoto Plus,https://www.youtube.com/watch?v=y3n-IEmluZY
من و تو پلاس چهارشنبه ۱۶ آذر ۱۴۰۱ - برزو ارجمند، منصور و ترانه لالایی / Manoto Plus,https://www.youtube.com/watch?v=KPjMkLStZio
من و تو پلاس سه شنبه ۱۵ آذر ۱۴۰۱ - دکتر پیمان رئوفی و شوکا بیداریان / Manoto Plus,https://www.youtube.com/watch?v=ZL554UTvJv4
من و تو پلاس دوشنبه ۱۴ آذر ۱۴۰۱ - گابریل، تهیه‌کننده و فیلمساز، مصطفی ادیبان / Manoto Plus,https://www.youtube.com/watch?v=mbniIxa2Bok
من و تو پلاس یکشنبه ۱۳ آذر ۱۴۰۱ - کیانوش رمضانی و پوریا ثابتیان / Manoto Plus,https://www.youtube.com/watch?v=Eq4nyFFhyJc
من و تو پلاس شنبه ۱۲ آذر ۱۴۰۱ - دکتر پیمان رئوفی و تولد توماج صالحی / Manoto Plus,https://www.youtube.com/watch?v=B5zs4KSDxbM
من و تو پلاس جمعه ۱۱ آذر ۱۴۰۱ - سارا شمس و پروفسور امیر آقاکوچک / Manoto Plus,https://www.youtube.com/watch?v=ThXvhDPz3Vw
من و تو پلاس پنجشنبه ۱۰ آذر ۱۴۰۱ - احسان عباسی و اعتراضات سراسری و بازداشتی ها / Manoto Plus,https://www.youtube.com/watch?v=GTHbJYGvtzQ
من و تو پلاس چهارشنبه ۹ آذر ۱۴۰۱ - شهرزاد پورعبدالله و حس دوگانگی / Manoto Plus,https://www.youtube.com/watch?v=WPaWtqRBiTw
من و تو پلاس سه شنبه ۸ آذر ۱۴۰۱ - بهار ارجمند / Manoto Plus,https://www.youtube.com/watch?v=lkZFQe2LX5s
من و تو پلاس دوشنبه ۷ آذر ۱۴۰۱ - پیمان رئوفی / Manoto Plus,https://www.youtube.com/watch?v=a9U5EmF1n0A
من و تو پلاس یکشنبه ۶ آذر ۱۴۰۱ - پوریا ثابتیان و حامد منفرد / Manoto Plus,https://www.youtube.com/watch?v=LzwMbKAWhk4
من و تو پلاس شنبه ۵ آذر ۱۴۰۱ - ایلیا اربابی و آرش رهبری / Manoto Plus,https://www.youtube.com/watch?v=ngrZ9gzO6vE
من و تو پلاس جمعه ۴ آذر ۱۴۰۱ - تینا قاضی مراد و نشست شورای حقوق بشر / Manoto Plus,https://www.youtube.com/watch?v=GutPpQ7_l0Y
من و تو پلاس پنجشنبه ۳ آذر ۱۴۰۱ - دکتر سام پور نژاد و سالومه / Manoto Plus,https://www.youtube.com/watch?v=a0IzcKQ6M5Y
من و تو پلاس چهارشنبه ۲ آذر ۱۴۰۱ - شاهین میلانی و پتکین آذرمهر / Manoto Plus,https://www.youtube.com/watch?v=p8IEAVf9AQY
من و تو پلاس سه شنبه ۱ آذر ۱۴۰۱ -  هنگامه و ترانه زن زندگی آزادی / Manoto Plus,https://www.youtube.com/watch?v=qUEbPYMB-MQ
من و تو پلاس دوشنبه ۳۰ آبان ۱۴۰۱ -  یولن مدنی، واکنش هنرمندان به اعتراضات مردمی / Manoto Plus,https://www.youtube.com/watch?v=DbAQiJb9xv4
من و تو پلاس یکشنبه ۲۹ آبان ۱۴۰۱ - مجتبی چنانیی و خطرات اینترنت ملی / Manoto Plus,https://www.youtube.com/watch?v=5Mx0LHPE4PU
مستند نسل پیروز,https://www.youtube.com/watch?v=aRPfLoOVoT0
من و تو پلاس شنبه ۲۸ آبان ۱۴۰۱ - الکساندر سبحانی و قطع کامل اینترنت / Manoto Plus,https://www.youtube.com/watch?v=md6HnJ1fiWU
من و تو پلاس جمعه ۲۷ آبان ۱۴۰۱ - دنیا مدنی و خیزش انقلابی / Manoto Plus,https://www.youtube.com/watch?v=ZJp23hf4nTQ
من و تو پلاس  پنجشنبه ۲۶ آبان ۱۴۰۱ - داوود سجادی و تحریم های اتحادیه اروپا / Manoto Plus,https://www.youtube.com/watch?v=uwRQh-0JQ-A
من و تو پلاس  چهارشنبه ۲۵ آبان ۱۴۰۱ - نگار و هیدا / Manoto Plus,https://www.youtube.com/watch?v=NLYjs1tDW8k
من و تو پلاس  سه شنبه ۲۴ آبان ۱۴۰۱ - علی باقری / Manoto Plus,https://www.youtube.com/watch?v=XsX6i-8WF0s
من و تو پلاس دوشنبه ۲۳ آبان ۱۴۰۱ - دکتر پیمان رئوفی / Manoto Plus,https://www.youtube.com/watch?v=AOmlrKR7QhI
من و تو پلاس یکشنبه ۲۲ آبان ۱۴۰۱ - داوود سجادی، هیدا و واکنش هنرمندان به خیزش سراسری / Manoto Plus,https://www.youtube.com/watch?v=Cufb7aStBZk
من و تو پلاس شنبه ۲۱ آبان ۱۴۰۱ - الکساندر سبحانی و محمد بررنگی / Manoto Plus,https://www.youtube.com/watch?v=QUL9XvRuR-k
من و تو پلاس جمعه ۲۰ آبان ۱۴۰۱ - دکتر لاله مهراد و شیدا گنجی / Manoto Plus,https://www.youtube.com/watch?v=D84W3WzokPs
من و تو پلاس پنجشنبه ۱۹ آبان ۱۴۰۱ - مریم فرحزادی و مجتبی چنانی / Manoto Plus,https://www.youtube.com/watch?v=xwOcUq0JiEA
من و تو پلاس چهارشنبه ۱۸ آبان ۱۴۰۱ - صبا آلاله و دکتر هیوا فیضی / Manoto Plus,https://www.youtube.com/watch?v=GISYEFel8Ow
من و تو پلاس سه شنبه ۱۷ آبان ۱۴۰۱ - هیلا صدیقی و لیلا / Manoto Plus,https://www.youtube.com/watch?v=3tYUZA1JaXc
من و تو پلاس یکشنبه ۱۵ آبان ۱۴۰۱ - رضا دقتی / Manoto Plus,https://www.youtube.com/watch?v=FtVGQ_7r9bA
من و تو پلاس شنبه ۱۴ آبان ۱۴۰۱ - بهار قندهاری و داوود سجادی / Manoto Plus,https://www.youtube.com/watch?v=9HOuhjPFuDU
من و تو پلاس جمعه ۱۳ آبان ۱۴۰۱ - بهار الماسی و ایتای بندا / Manoto Plus,https://www.youtube.com/watch?v=OguRvwx3UqE
من و تو پلاس پنجشنبه ۱۲ آبان ۱۴۰۱ - مجتبی چنانی و مامک خادمی / Manoto Plus,https://www.youtube.com/watch?v=7C9-gJLmTEc
من و تو پلاس چهارشنبه ۱۱ آبان ۱۴۰۱ - دکتر پوریا ثابتیان و هشتگ‌های داغ / Manoto Plus,https://www.youtube.com/watch?v=fWmFXeA7SGo
من و تو پلاس سه شنبه ۱۰ آبان ۱۴۰۱ - ارغوان از آکادمی موسیقی گوگوش و شبنم ادیبان / Manoto Plus,https://www.youtube.com/watch?v=uhy3csPk1tk
من و تو پلاس دوشنبه ۹ آبان ۱۴۰۱ - رخساره و نوشین / Manoto Plus,https://www.youtube.com/watch?v=cINj_d3qK2A
"Cyrus the Great - S2, Ep06 | منم کوروش - سری ۲، قسمت ۶",https://www.youtube.com/watch?v=ZC1QDWqusAA
"Cyrus the Great - S2, Ep05 | منم کوروش - سری ۲، قسمت ۵",https://www.youtube.com/watch?v=Fy2vyosxfMg
"Cyrus the Great - S2, Ep04 | منم کوروش - سری ۲، قسمت ۴",https://www.youtube.com/watch?v=tT5HbJTVIUY
"Cyrus the Great - S2, Ep03 | منم کوروش - سری ۲، قسمت ۳",https://www.youtube.com/watch?v=twRiE98w7sk
من و تو پلاس یکشنبه ۸ آبان ۱۴۰۱ - ایمان طاهری، الکساندر سبحانی و شهیاد / Manoto Plus,https://www.youtube.com/watch?v=4eHez8y89Os
"Cyrus the Great - S2, Ep02 | منم کوروش - سری ۲، قسمت ۲",https://www.youtube.com/watch?v=1V9_goNMJw4
"Cyrus the Great - S2, Ep01 | منم کوروش - سری ۲، قسمت ۱",https://www.youtube.com/watch?v=xskqd8HZuOs
من و تو پلاس شنبه ۷ آبان ۱۴۰۱ - پارمیدا بارز و آرمان و گزارش از مرکز لندن / Manoto Plus,https://www.youtube.com/watch?v=yGolTObnZlY
من و تو پلاس جمعه ۶ آبان ۱۴۰۱ - مازیار فلاحی و اجرای ترانه قسم به تو / Manoto Plus,https://www.youtube.com/watch?v=Bpw-0RZFIM8
من و تو پلاس پنج‌شنبه ۵ آبان ۱۴۰۱ - سارا شوقی، ماهواره استارلینک و اخبار سلبریتی‌ها / Manoto Plus,https://www.youtube.com/watch?v=lQNAmJAbOaI
من و تو پلاس چهارشنبه ۴ آبان ۱۴۰۱ - سعید محمدی، هیدا و اخبار سلبریتی‌ها / Manoto Plus,https://www.youtube.com/watch?v=rXF7BIZTn1k
من و تو پلاس سه شنبه ۳ آبان ۱۴۰۱ - آرش فولادوند و فروزان صفری / Manoto Plus,https://www.youtube.com/watch?v=oxvztzRRHXE
من و تو پلاس دوشنبه ۲ آبان ۱۴۰۱ - آیدا راستگو، آرمان و وی‌پی‌ان کاربردی / Manoto Plus,https://www.youtube.com/watch?v=ib44BlQWbPA
من و تو پلاس یکشنبه ۱ آبان ۱۴۰۱ - محمد خدادادی و الکساندر سبحانی / Manoto Plus,https://www.youtube.com/watch?v=41syAvi3R1A
من و تو پلاس شنبه ۳۰ مهر ۱۴۰۱ - سیامک طهماسبی، نرگس رشیدی و تجمع ایرانیان در برلین / Manoto Plus,https://www.youtube.com/watch?v=d_v-99JUxds
من و تو پلاس جمعه ۲۹ مهر ۱۴۰۱ - نسرین شیخی، الکساندر سبحانی و واکنش به  آهنگ برای / Manoto Plus,https://www.youtube.com/watch?v=bx_rMM8hxRg
من و تو پلاس پنجشنبه ۲۸ مهر ۱۴۰۱ - داوود سجادی و غزال نعیمی / Manoto Plus,https://www.youtube.com/watch?v=jWqU_Dfpajk
من و تو پلاس چهارشنبه ۲۷ مهر ۱۴۰۱ - مجید کاظمی، دکتر لاله مهراد و اعتراضات سراسری / Manoto Plus,https://www.youtube.com/watch?v=qpUGMrNxSco
مستند اسم رمز آزادی,https://www.youtube.com/watch?v=IvrAJISi_eE
من و تو پلاس سه شنبه ۲۶ مهر ۱۴۰۱ - هاتف، ونداد و اعتراضات سراسری در فضای مجازی / Manoto Plus,https://www.youtube.com/watch?v=0lyaX637KhI
من و تو پلاس دوشنبه ۲۵ مهر ۱۴۰۱ - مصطفی هروی و الکساندر سبحانی / Manoto Plus,https://www.youtube.com/watch?v=ro9StAJhKrE
من و تو پلاس یکشنبه ۲۴ مهر ۱۴۰۱ - صبا آلاله / Manoto Plus,https://www.youtube.com/watch?v=NQ1p20rg_Hk
من و تو پلاس شنبه ۲۳ مهر ۱۴۰۱ - کلویی حکاکیان و سیاوش صبا / Manoto Plus,https://www.youtube.com/watch?v=JJZ74CbxvHk
من و تو پلاس جمعه ۲۲ مهر ۱۴۰۱ - دکتر لاله تنگسیری و فیلترشکن‌های قابل دسترس در ایران / Manoto Plus,https://www.youtube.com/watch?v=K3LBwghR2ls
من و تو پلاس پنجشنبه ۲۱ مهر ۱۴۰۱ - تینا قاضی مراد و دکتر پوریا ثابتیان / Manoto Plus,https://www.youtube.com/watch?v=f1j1xwNyRiE
من و تو پلاس چهارشنبه ۲۰ مهر ۱۴۰۱ - شروین حسن پور، آخرین واکنشهای هنرمندان به اعتراضات / Manoto Plus,https://www.youtube.com/watch?v=P6OrLg5GcHs
من و تو پلاس سه شنبه ۱۹ مهر ۱۴۰۱ - احسان کرمی، میثاق و الکساندر سبحانی / Manoto Plus,https://www.youtube.com/watch?v=yEEayU0meCU
من و تو پلاس دوشنبه ۱۸ مهر ۱۴۰۱ - لیزا دفتری، آرمان و معرفی چند فیلترشکن / Manoto Plus,https://www.youtube.com/watch?v=D94al2HvTDU
من و تو پلاس یکشنبه ۱۷ مهر ۱۴۰۱ - سودا لیزا و آرمان همراه ما بود با معرفی چند فیلترشکن / Manoto Plus,https://www.youtube.com/watch?v=7TzZwFpzZd0
من و تو پلاس شنبه ۱۶ مهر ۱۴۰۱ - مصطفی ادیبان، دکتر پیمان رئوفی و دریافت فیلترشکن / Manoto Plus,https://www.youtube.com/watch?v=7Bs3J5sbRNs
من و تو پلاس جمعه ۱۵ مهر ۱۴۰۱ - پانیدا، مراد عثمان ومعرفی فیلترشکن جدید / Manoto Plus,https://www.youtube.com/watch?v=gxVAssDwSPQ
من و تو پلاس پنجشنبه ۱۴ مهر ۱۴۰۱ - بیژن مرتضوی وسلبریتی‌ها در حمایت از اعتراضات مردمی / Manoto Plus,https://www.youtube.com/watch?v=x6mtP5x8keI
من و تو پلاس چهارشنبه ۱۳ مهر ۱۴۰۱ - بردیا، الکساندر سبحانی، فیلترشکن های کاربردی / Manoto Plus,https://www.youtube.com/watch?v=BFfFRp66NwY
من و تو پلاس سه شنبه ۱۲ مهر ۱۴۰۱ - شیرین نشاط، مدگل، معرفی وی پی ان‌ / Manoto Plus,https://www.youtube.com/watch?v=BhEWjYgNR40
من و تو پلاس دوشنبه ۱۱ مهر ۱۴۰۱ - آنا کاوه مهر، ماندانا خضرایی، اجرای کی‌تی‌اس و یکی / Manoto Plus,https://www.youtube.com/watch?v=pXp1FSgrD9E
من و تو پلاس یکشنبه ۱۰ مهر ۱۴۰۱- مارکو ملگراتی،  شهاب تیام و رشید فریور/ Manoto Plus,https://www.youtube.com/watch?v=wIF32zijHgg
من و تو پلاس شنبه ۹ مهر ۱۴۰۱- گردهمایی ایرانیان مقیم لندن، الکساندر سُبحانی و راستین / Manoto Plus,https://www.youtube.com/watch?v=iED0G63VI-0
من و تو پلاس جمعه ۸ مهر ۱۴۰۱- بهار، فرشته و معرفی وی پی ان / Manoto Plus,https://www.youtube.com/watch?v=TncWDX4hZA0
من و تو پلاس پنجشنبه ۷ مهر ۱۴۰۱- امین و معرفی فیلترشکن / Manoto Plus,https://www.youtube.com/watch?v=vmjfkeubmKs
من و تو پلاس چهارشنبه ۶ مهر ۱۴۰۱- علیرضا صارمی، معرفی فیلترشکن و حمید طالب‌زاده / Manoto Plus,https://www.youtube.com/watch?v=4euTalKcLNs
من و تو پلاس سه شنبه ۵ مهر ۱۴۰۱- علیرضا درویش، الکساندر صبحانی و اعتراضات سراسری / Manoto Plus,https://www.youtube.com/watch?v=M6jJ8Zowgio
من و تو پلاس دوشنبه ۴ مهر ۱۴۰۱- داود سجادی، الهه و آرمان / Manoto Plus,https://www.youtube.com/watch?v=e4umGfVACHQ
من و تو پلاس یکشنبه ۳ مهر ۱۴۰۱- آکیانوش رمضانی و شالی زمردی / Manoto Plus,https://www.youtube.com/watch?v=rgbGew-c_ww
من و تو پلاس شنبه ۲ مهر ۱۴۰۱- آلکساندر سبحانی، سحر قریشی و دنیا دادرسان / Manoto Plus,https://www.youtube.com/watch?v=dsvA5N30xKA
Mahsa Amini | مستند زن، زندگی‌، آزادی (مهسا امینی),https://www.youtube.com/watch?v=td-n6-DBgbU
من و تو پلاس جمعه ۱ مهر ۱۴۰۱- سحر زیبایی و گل آذین / Manoto Plus,https://www.youtube.com/watch?v=Oi3DSS8k6LQ
من و تو پلاس چهارشنبه ۳۰ شهریور ۱۴۰۱- دکتر ایمان سمیع زاده و کرج کالکتیو / Manoto Plus,https://www.youtube.com/watch?v=IYKme1et01Q
من و تو پلاس سه شنبه ۲۹ شهریور ۱۴۰۱- صبا آلاله، اعتراضات مردمی در ایران  / Manoto Plus,https://www.youtube.com/watch?v=lQwFIvlgLlg
من و تو پلاس دوشنبه ۲۸ شهریور ۱۴۰۱- دکتر صفایی و علی افشار نویسنده و تهیه کننده / Manoto Plus,https://www.youtube.com/watch?v=KcB5Z1NFWnA
من و تو پلاس یکشنبه ۲۷ شهریور ۱۴۰۱- دکتر ژاله علیپور و آلکساندر سبحانی / Manoto Plus,https://www.youtube.com/watch?v=jv_L884UBiI
من و تو پلاس شنبه ۲۶ شهریور ۱۴۰۱- مریم کشاورز، دکتر ساینا نوروزی، ساسان و مریم حبیبی / Manoto Plus,https://www.youtube.com/watch?v=8-TgxnNm1SY
گپ تایم - سری ۱۹ قسمت ۱۱ وحید، ندا در چالش رقص و زارا در بخش معرفی برنامه‌ها / Gaptime,https://www.youtube.com/watch?v=WtfrnbHUa4g
من و تو پلاس چهارشنبه ۲۳ شهریور ۱۴۰۱- دکتر رضا مرادی و شهرزاد پورعبدالله / Manoto Plus,https://www.youtube.com/watch?v=6lLMgA9r23I
من و تو پلاس سه شنبه ۲۲ شهریور ۱۴۰۱- امیر پژهان، جوانه جناب و مریم کشاورز / Manoto Plus,https://www.youtube.com/watch?v=keAyd7duOKg
من و تو پلاس دوشنبه ۲۱ شهریور ۱۴۰۱- دکتر کاوه آیت، کارشناس تغذیه پریا و  دکتر آرش زارع / Manoto Plus,https://www.youtube.com/watch?v=uolLuVRNNsg
من و تو پلاس یکشنبه ۲۰ شهریور ۱۴۰۱- دکتر پیمان رئوفی، سامره  و علیرضا / Manoto Plus,https://www.youtube.com/watch?v=OqGotdBQo5U
من و تو پلاس شنبه ۱۹ شهریور ۱۴۰۱- دکتر پوریا ثابتیان، دکتر آرش زارع و محصولات اپل / Manoto Plus,https://www.youtube.com/watch?v=CPQ_JhTpO0U
گپ تایم - سری ۱۹ قسمت ۱۰ تینا، کسری و شوکا / Gaptime,https://www.youtube.com/watch?v=U0KDctBj81c
من و تو پلاس چهارشنبه ۱۶ شهریور ۱۴۰۱- فناوری پهپادها، آزاده متولی زاده و سایه رفیعی / Manoto Plus,https://www.youtube.com/watch?v=S77Lz9EJFyk
من و تو پلاس سه شنبه ۱۵ شهریور ۱۴۰۱- محمد سمیع‌زاده نیکو، سحر و شوکا / Manoto Plus,https://www.youtube.com/watch?v=i6iH9fp31fA
من و تو پلاس دوشنبه ۱۴ شهریور ۱۴۰۱- سما قربانی و سپیده سعیدی نژاد / Manoto Plus,https://www.youtube.com/watch?v=ZgCGxqJ4vXk
من و تو پلاس یکشنبه ۱۳ شهریور ۱۴۰۱- دکتر مریم بهنام،  خلیفه قند و شوکا  / Manoto Plus,https://www.youtube.com/watch?v=wCkSKKP7WCQ
من و تو پلاس شنبه ۱۲ شهریور ۱۴۰۱- هنری زادو و مهندس پیمان شفیقی و دیوید راوندی / Manoto Plus,https://www.youtube.com/watch?v=I7XNfY78GKQ
Time Tunnel | تونل زمان - سفر رئیس جمهور آلمان و همسرش به ایران,https://www.youtube.com/watch?v=GpSWNdAJwuE
گپ تایم - سری ۱۹ قسمت ۹ سحر، تیم مارکتینگ و پدرام و برنامه‌های جدید / Gaptime,https://www.youtube.com/watch?v=_kvunYL6uz0
من و تو پلاس چهارشنبه ۹ شهریور ۱۴۰۱-  بابک انوری، کنسرت مازیار فلاحی و شوکا بیداریان / Manoto Plus,https://www.youtube.com/watch?v=DWoe1is2ksQ
من و تو پلاس سه شنبه ۸ شهریور ۱۴۰۱-  کیمیا، پریا و مسافر منوتو پلاس / Manoto Plus,https://www.youtube.com/watch?v=EfozHOWzbmQ
من و تو پلاس دوشنبه ۷ شهریور ۱۴۰۱-  دکتر آرش خادمی، آرمان و دکتر پیمان رئوفی / Manoto Plus,https://www.youtube.com/watch?v=Y3P9JogNDm4
من و تو پلاس یکشنبه ۶ شهریور ۱۴۰۱- دکتر گیو حیدری، نیما و آرش دلشاد / Manoto Plus,https://www.youtube.com/watch?v=iyy2Fy2N8fc
من و تو پلاس شنبه ۵ شهریور ۱۴۰۱- پروفسور امیر آقاکوچک، آرزو کیوان فر و دکتر لاله مهراد / Manoto Plus,https://www.youtube.com/watch?v=pHwMXDu_cnQ
Time Tunnel | تونل زمان - طرح متروی تهران در اواسط دهه ۵۰,https://www.youtube.com/watch?v=lOh63X9znYo
گپ تایم - سری ۱۹ قسمت ۸ فرزین و کنسرت مازیار فلاحی، سالومه و زارا / Gaptime,https://www.youtube.com/watch?v=bafOgRO9Gdk
The History Of Music - Ep01 | سرگذشت موسیقی ایران - قسمت اول، از چغامیش تا چهل ستون,https://www.youtube.com/watch?v=GI79GQmMZNA
من و تو پلاس چهارشنبه ۲ شهریور ۱۴۰۱- مریم کشاورز، دکتر زهرا آزادبادی و کارن صباغی / Manoto Plus,https://www.youtube.com/watch?v=_JAH2958m3I
من و تو پلاس سه شنبه ۱ شهریور ۱۴۰۱- الی شجاع، دکتر بهنام حاجی حسینلو و کیمیا کامجوفر / Manoto Plus,https://www.youtube.com/watch?v=WnnlicDezgk
من و تو پلاس دوشنبه ۳۱ مرداد ۱۴۰۱- رضا دوست، هیدا، طناز و آرمان / Manoto Plus,https://www.youtube.com/watch?v=WJ4W33tDWSQ
من و تو پلاس یکشنبه ۳۰ مرداد ۱۴۰۱- سلماز فولادی، ایمان سمیعی و شوکا / Manoto Plus,https://www.youtube.com/watch?v=uDciVou8gJ8
من و تو پلاس شنبه ۲۹ مرداد ۱۴۰۱- مریم کلیشمی، دکتر پیمان رئوفی و دکتر پژمان صفایی / Manoto Plus,https://www.youtube.com/watch?v=8dIloQwYtwQ
Time Tunnel | تونل زمان - درآمد خوانندگان برای اجرا در کاباره‌ها,https://www.youtube.com/watch?v=BlHIu9_GtSE
گپ تایم - سری ۱۹ قسمت ۷ کارن و مستند سرگذشت موسیقی ایران، مصطفی و شکیلا / Gaptime,https://www.youtube.com/watch?v=eszOuiSyozs
من و تو پلاس چهارشنبه ۲۶ مرداد ۱۴۰۱- منصور، شوکا و مریم کشاورز / Manoto Plus,https://www.youtube.com/watch?v=APSWUCyeoI4
من و تو پلاس سه شنبه ۲۵ مرداد ۱۴۰۱- سامره مربی یوگا و مسافر من و تو پلاس / Manoto Plus,https://www.youtube.com/watch?v=_oP9XfTEmWE
من و تو پلاس دوشنبه ۲۴ مرداد ۱۴۰۱- پریا، نارگل و آرمان / Manoto Plus,https://www.youtube.com/watch?v=bJ3cnPRlHIY
من و تو پلاس یکشنبه ۲۳ مرداد ۱۴۰۱- سپیده سعیدی نژاد، رضا کریمیان و شوکا / Manoto Plus,https://www.youtube.com/watch?v=t8HtxmjGqlU
من و تو پلاس شنبه ۲۲ مرداد ۱۴۰۱- علیرضا، دکتر لاله مهراد و دکتر ایمان سمیع زاده / Manoto Plus,https://www.youtube.com/watch?v=LuFzwkmJGog
Time Tunnel | تونل زمان - ورود سران کشورها برای جشن ۲۵۰۰ ساله شاهنشاهی,https://www.youtube.com/watch?v=tKpaEDY9mdE
گپ تایم - سری ۱۹ قسمت ۶ برنامه سوژه، نیما / Gaptime,https://www.youtube.com/watch?v=Bknds_JN3Yg
من و تو پلاس چهارشنبه ۱۹ مرداد ۱۴۰۱- دکتر کاوه آیت، رزا و شهاب تیام / Manoto Plus,https://www.youtube.com/watch?v=Q9CvtdzC0I4
من و تو پلاس سه شنبه ۱۸ مرداد ۱۴۰۱- امیر کمالی و شوکا بیداریان / Manoto Plus,https://www.youtube.com/watch?v=_eO3TTxuVkY
من و تو پلاس دوشنبه ۱۷ مرداد ۱۴۰۱- سما قربانی و دکتر پیمان رئوفی / Manoto Plus,https://www.youtube.com/watch?v=d-f4003HTiA
من و تو پلاس یکشنبه ۱۶ مرداد ۱۴۰۱- سپیده سعیدی نژاد، آرش دلشاد و دکتر آرش زارع / Manoto Plus,https://www.youtube.com/watch?v=lLPsqAadJHc
من و تو پلاس شنبه ۱۵ مرداد ۱۴۰۱- نیما انصاری، تیارا سحر و مرجان قاری زاده / Manoto Plus,https://www.youtube.com/watch?v=jt0kNSb6LVk
Time Tunnel | تونل زمان - اعدام سران نظام شاهنشاهی، ذوب آهن اصفهان,https://www.youtube.com/watch?v=mHILgKyG5H8
گپ تایم - سری ۱۹ قسمت ۵ مهمانی تابستانه من و تو، آزاده، سه فاز و نیم و زارا / Gaptime,https://www.youtube.com/watch?v=zOp-exriHE8
من و تو پلاس چهارشنبه ۱۲ مرداد ۱۴۰۱- دکتر لاله مهراد و آزاده رفیعی / Manoto Plus,https://www.youtube.com/watch?v=mH90VVHNsuI
من و تو پلاس سه شنبه ۱۱ مرداد ۱۴۰۱- شهره بسکی، مسافر من و تو پلاس و پردیس کیانی / Manoto Plus,https://www.youtube.com/watch?v=tXShph8BkhA
من و تو پلاس دوشنبه ۱۰ مرداد ۱۴۰۱- دکتر زهرا آزاد بادی، آرمان و رضا کشاورزی / Manoto Plus,https://www.youtube.com/watch?v=GhzH2aq5e44
من و تو پلاس یکشنبه ۹ مرداد ۱۴۰۱- دکتر پوریا ، سحر مدرس آشپزی و دکتر ژاله علیپور / Manoto Plus,https://www.youtube.com/watch?v=uG0L9VTrfl0
من و تو پلاس شنبه ۸ مرداد ۱۴۰۱- دکتر پیمان رئوفی، دکتر ساینا نوروزی وسالومه مسچیان / Manoto Plus,https://www.youtube.com/watch?v=WI6FWyEo98I
Time Tunnel | تونل زمان - سالگرد درگذشت شاه در قاهره,https://www.youtube.com/watch?v=GINCiKetqWQ
گپ تایم - سری ۱۹ قسمت ۴ پشت صحنه گپ تایم، امیر و پدرام / Gaptime,https://www.youtube.com/watch?v=RwYZVKjiTQ0
من و تو پلاس چهارشنبه ۵ مرداد ۱۴۰۱- سارا لتچرت، دکتر آرش زارع و شوکا بیداریان / Manoto Plus,https://www.youtube.com/watch?v=wieWh5So8w8
من و تو پلاس سه شنبه ۴ مرداد ۱۴۰۱- دکتر لاله مهراد، خلیفه قناد و پریا کارشناس تغذیه / Manoto Plus,https://www.youtube.com/watch?v=k6SfBuOsKtc
من و تو پلاس دوشنبه ۳ مرداد ۱۴۰۱- دکتر پوریا ثابتیان، مریم کشاورز و آزاده شمس / Manoto Plus,https://www.youtube.com/watch?v=Ct-A5iE0iOc
من و تو پلاس یکشنبه ۲ مرداد ۱۴۰۱- ساغر کثیری، مهدیس سبزی زار و آرش دلشاد / Manoto Plus,https://www.youtube.com/watch?v=BmLT0U0e1Bo
من و تو پلاس شنبه ۱ مرداد ۱۴۰۱- دکتر بهنام حاجی حسینلو، پردیس کیانی و هیوا پاشایی / Manoto Plus,https://www.youtube.com/watch?v=Fv5z39n-2Oc
Time Tunnel | تونل زمان - حرمسرای ناصرالدین شاه، شهبانو در تاجیکستان,https://www.youtube.com/watch?v=IQMU5HVbua8
گپ تایم - سری ۱۹ قسمت ۳ امین و مستند مهمان قاهره، سحر ونیما / Gaptime,https://www.youtube.com/watch?v=Jcs2Fy3X9hI
من و تو پلاس چهارشنبه ۲۹ تیر ۱۴۰۱- آرش سبحانی، شراره سیادت و شهره بیات / Manoto Plus,https://www.youtube.com/watch?v=e2C_VVw2r38
من و تو پلاس سه شنبه ۲۸ تیر ۱۴۰۱- سما قربانی، دکتر کوروش مجیدی و مهسا / Manoto Plus,https://www.youtube.com/watch?v=H7P6RDA_hZE
من و تو پلاس دوشنبه ۲۷ تیر ۱۴۰۱- دکتر رئوفی، مریم حبیبی و دکتر صفایی / Manoto Plus,https://www.youtube.com/watch?v=RzUF0An3INE
من و تو پلاس یکشنبه ۲۶ تیر ۱۴۰۱- دکتر ثابتیان، مهدیه خاکی و کیمیا با مرغ نارگیلی / Manoto Plus,https://www.youtube.com/watch?v=v6h6G2C0LYM
من و تو پلاس شنبه ۲۵ تیر ۱۴۰۱- آریا رحیمی، سینا و دکتر بهنام حاجی حسینلو / Manoto Plus,https://www.youtube.com/watch?v=L0-LRJ58Wkg
Time Tunnel | تونل زمان - شهبانو و فرحناز پهلوی در اردوگاه پیشاهنگی منظریه,https://www.youtube.com/watch?v=Dmxx90a7tgw
گپ تایم - سری ۱۹ قسمت ۲ تورنومنت والیبال، سینا، زارا و شز / Gaptime,https://www.youtube.com/watch?v=0VgeiVXU0n4
من و تو پلاس سه شنبه ۲۲ تیر ۱۴۰۱- ابولفضل رفیعی پور، مهردادآرین نژاد و دکتر آرش زارع / Manoto Plus,https://www.youtube.com/watch?v=NJspBSGx_X4
من و تو پلاس سه شنبه ۲۱ تیر ۱۴۰۱- دکتر ساینا نوروزی، شوکا بیداریان و مازیار فلاحی / Manoto Plus,https://www.youtube.com/watch?v=1fTqRniDavo
من و تو پلاس دوشنبه ۲۰ تیر ۱۴۰۱- سما قربانی، دکتر آزاده کرمی و زهرا عاقلی / Manoto Plus,https://www.youtube.com/watch?v=hrikAU--2Fw
من و تو پلاس یکشنبه ۱۹ تیر ۱۴۰۱- علی عباسی و فرشید ساور / Manoto Plus,https://www.youtube.com/watch?v=UkcWQ5RqLcU
من و تو پلاس شنبه ۱۸ تیر ۱۴۰۱- دکتر خشایار آزاد، خشایار وآرش دلشاد / Manoto Plus,https://www.youtube.com/watch?v=vdK59_5Pqrg
Time Tunnel | تونل زمان - ماجرای ملیجک و ناصرالدین شاه,https://www.youtube.com/watch?v=enkcTANIRus
The Last flight | مستند آخرین پرواز,https://www.youtube.com/watch?v=xg7lxiNgbhY
گپ تایم - سری ۱۹ قسمت ۱ مدیا و مستند آخرین پرواز، سالومه ، سالومه و پشت صحنه تیزر سری۱۹ / Gaptime,https://www.youtube.com/watch?v=HWNK1RTLnN8
من و تو پلاس چهارشنبه ۱۵ تیر ۱۴۰۱- سپیده سعیدی نژاد، دکتر سام پورنژاد و الی / Manoto Plus,https://www.youtube.com/watch?v=pD43RmzDfMY
من و تو پلاس سه شنبه ۱۴ تیر ۱۴۰۱- سایه رفیعی، یلدا عظیمی منفرد و سنا / Manoto Plus,https://www.youtube.com/watch?v=jkJAr-rcMgQ
من و تو پلاس دوشنبه ۱۳ تیر ۱۴۰۱- شوکا، پادینا بندار و دکتر لاله مهراد / Manoto Plus,https://www.youtube.com/watch?v=EanMKzc-ERw
من و تو پلاس یکشنبه ۱۲ تیر ۱۴۰۱- شوکا، پادینا بندار و دکتر لاله مهراد / Manoto Plus,https://www.youtube.com/watch?v=EU2k-AjlH4g
من و تو پلاس شنبه ۱۱ تیر ۱۴۰۱- ابوالفضل رفیعی پور، نیلوفر نوربخش و نگین / Manoto Plus,https://www.youtube.com/watch?v=YlRBoTOq9CE
Time Tunnel | تونل زمان - مصاحبه‌ای رک و متفاوت با شهبانو,https://www.youtube.com/watch?v=qWbqYj_a3t8
من و تو پلاس چهارشنبه ۸ تیر ۱۴۰۱- دکتر پوریا ثابتان وحسین کویار خواننده / Manoto Plus,https://www.youtube.com/watch?v=7SNrTJ0j-Y0
من و تو پلاس سه شنبه ۷ تیر ۱۴۰۱- سپیده سعیدی نژاد و شهریار رومی / Manoto Plus,https://www.youtube.com/watch?v=ZRiLrJ2oMoY
من و تو پلاس دوشنبه ۶ تیر ۱۴۰۱- کوروش مجیدی و سام یاری / Manoto Plus,https://www.youtube.com/watch?v=pSBNkkb-Nec
من و تو پلاس یکشنبه ۵ تیر ۱۴۰۱- فستیوال سرعت، سحر مدرس آشپزی و غزاله رحیمی، پا پزشک / Manoto Plus,https://www.youtube.com/watch?v=oOB8zGX-Yk0
من و تو پلاس شنبه ۴ تیر ۱۴۰۱- احسان هزاوه، نازگل رشیدآذری و دکتر فاطمه رضایی / Manoto Plus,https://www.youtube.com/watch?v=7N2A07awFLk
Time Tunnel | تونل زمان - یک روز در زندگی ولیعهد ایران، رضا پهلوی,https://www.youtube.com/watch?v=abMLThB5ETU
دایی جان ناپلئون - قسمت ۱۶ / Daei Jan Napoleon Ep16,https://www.youtube.com/watch?v=pn8AlvvO6vc
من و تو پلاس چهارشنبه ۱ تیر ۱۴۰۱- آرش نیکخو، امین جلیلیان و عطر گوگوش  / Manoto Plus,https://www.youtube.com/watch?v=5muG0A_9I-M
Daei Jan Napoleon Ep15 | دایی جان ناپلئون - قسمت ۱۵,https://www.youtube.com/watch?v=XUWcXdBT4Yg
Daei Jan Napoleon Ep14 | دایی جان ناپلئون - قسمت ۱۴,https://www.youtube.com/watch?v=tLHP2kcj_EA
Daei Jan Napoleon Ep13 | دایی جان ناپلئون - قسمت ۱۳,https://www.youtube.com/watch?v=pHaN6n3KQoc
من و تو پلاس سه شنبه ۳۱ خرداد ۱۴۰۱- گلشید مولا و خلیفه قناد / Manoto Plus,https://www.youtube.com/watch?v=TrCUHzdGs4I
Daei Jan Napoleon Ep12 | دایی جان ناپلئون - قسمت ۱۲,https://www.youtube.com/watch?v=WOy4Aj-I2DY
Daei Jan Napoleon Ep11 | دایی جان ناپلئون - قسمت ۱۱,https://www.youtube.com/watch?v=o9VFF3hEhGA
Daei Jan Napoleon Ep10 | دایی جان ناپلئون - قسمت ۱۰,https://www.youtube.com/watch?v=gjGBapBw12Q
من و تو پلاس دوشنبه ۳۰ خرداد ۱۴۰۱- حسین وثوق، سودا لیزا و مریم کشاورز / Manoto Plus,https://www.youtube.com/watch?v=n4eFgDdENBY
Daei Jan Napoleon EP09 | دایی جان ناپلئون - قسمت ۹,https://www.youtube.com/watch?v=lmfUZrM2jpo
Daei Jan Napoleon Ep08 | دایی جان ناپلئون - قسمت ۸,https://www.youtube.com/watch?v=bw0wCb4pvyc
Daei Jan Napoleon Ep07 | دایی جان ناپلئون - قسمت ۷,https://www.youtube.com/watch?v=6stltukUr9Y
من و تو پلاس یکشنبه ۲۹ خرداد ۱۴۰۱-  آزاده کرمی، علیرضا شجاعیان و اندی برغانی/ Manoto Plus,https://www.youtube.com/watch?v=uwTBSaFr2jg
من و تو پلاس شنبه ۲۸ خرداد ۱۴۰۱- دکتر گیو حیدری، مهرنوش و پگاه / Manoto Plus,https://www.youtube.com/watch?v=WGUdm0Ipz9w
Daei Jan Napoleon Ep03 | دایی جان ناپلئون - قسمت ۳,https://www.youtube.com/watch?v=yFKDqlt3fvM
Time Tunnel | تونل زمان - خیابان‌های تهران در ایام جشن تاجگذاری,https://www.youtube.com/watch?v=9hvwd27v70k
Daei Jan Napoleon Ep02 | دایی جان ناپلئون - قسمت ۲,https://www.youtube.com/watch?v=YuH5_6KpiRY
Daei Jan Napoleon Ep01 | دایی جان ناپلئون - قسمت ۱,https://www.youtube.com/watch?v=wqslxgk1xUE
من و تو پلاس چهارشنبه ۲۵ خرداد - نمایشگاه وسایل ورزشی، ثمین و دکتر شهرام کردستی / Manoto Plus,https://www.youtube.com/watch?v=wUY2xv_EUSw
من و تو پلاس سه شنبه ۲۴ خرداد - دکتر پوریا ثابتیان، ابوالفضل رفیعی پور و کیمیا / Manoto Plus,https://www.youtube.com/watch?v=jVB2GdBGGzU
من و تو پلاس دوشنبه ۲۳ خرداد - دکتر پانيا و دکتر لاله مهراد / Manoto Plus,https://www.youtube.com/watch?v=l4Q-bJWQAQo
من و تو پلاس یکشنبه ۲۲ خرداد - امیر مشهدی زاده و سحر مدرس آشپزی / Manoto Plus,https://www.youtube.com/watch?v=gJpklgWykgw
من و تو پلاس شنبه ۲۱ خرداد - فریمان و مونا، پریا و نازی اکبری / Manoto Plus,https://www.youtube.com/watch?v=Xu0_0VImTvQ
Time Tunnel | تونل زمان - برده‌داری در ایران، اقتصاد درخشان عصر پهلوی,https://www.youtube.com/watch?v=QNkL2OgbEVs
من و تو پلاس چهارشنبه ۱۸ خرداد - پیمان رئوفی و علیرضا پاینده / Manoto Plus,https://www.youtube.com/watch?v=lHsTYHGNmlg
من و تو پلاس سه شنبه ۱۷ خرداد - سپیده، حامد ولی و هومن / Manoto Plus,https://www.youtube.com/watch?v=HWux5NlPYC4
من و تو پلاس دوشنبه ۱۶ خرداد - مهرشاد خلیلی، مسعود اصفهانی و نوید سل / Manoto Plus,https://www.youtube.com/watch?v=bKi5z4FIdwk
من و تو پلاس یکشنبه ۱۵ خرداد - تارا سیگاری، شیوا مشیری و روز جهانی محیط زیست با شوکا / Manoto Plus,https://www.youtube.com/watch?v=tTgPPkq-1yY
من و تو پلاس شنبه ۱۴ خرداد - دکتر لاله مهراد و سما قربانی / Manoto Plus,https://www.youtube.com/watch?v=OloVRp2J0No
من و تو پلاس چهارشنبه ۱۱ خرداد - دکتر لاله مهراد و سما قربانی / Manoto Plus,https://www.youtube.com/watch?v=inP3rZ5pJ_k
من و تو پلاس سه شنبه ۱۰ خرداد - مرجان، شوکا و رزا / Manoto Plus,https://www.youtube.com/watch?v=27NXshTjgd4
من و تو پلاس دوشنبه ۹ خرداد - نجمه تن ساز مربی بوکس و محسن معصومی و فرید شیک / Manoto Plus,https://www.youtube.com/watch?v=OR-8ZPFZuIc
من و تو پلاس یکشنبه ۸ خرداد - دکتر پوریا ثابتیان و رضا مددی / Manoto Plus,https://www.youtube.com/watch?v=MjPnM744DYI
من و تو پلاس شنبه ۷ خرداد - مهسان ماز، رئال مادرید و لیورپول و شیرین ولی‌پور / Manoto Plus,https://www.youtube.com/watch?v=TIIlMEM7mxw
من و تو پلاس چهارشنبه ۴ خرداد - ابوالفضل صابر مختاری رکورد دار گینس و هیوا فیضی / Manoto Plus,https://www.youtube.com/watch?v=IJZany_KNoQ
من و تو پلاس سه شنبه ۳ خرداد - آرش خادمی، مریم کشاورز و آرش پوردانا / Manoto Plus,https://www.youtube.com/watch?v=4WkvzW5MIIE
من و تو پلاس دوشنبه ۲ خرداد - آرمان، علیرضا و دکتر پویا اخباری / Manoto Plus,https://www.youtube.com/watch?v=n-rPca4wzwQ
من و تو پلاس یکشنبه ۱ خرداد - آرمان، علیرضا و دکتر پویا اخباری / Manoto Plus,https://www.youtube.com/watch?v=_7XVrxEy_DY
من و تو پلاس شنبه ۳۱ اردیبهشت - شهره آغداشلو و الیانا و مژگان / Manoto Plus,https://www.youtube.com/watch?v=OI3Rv9HeQao
من و تو پلاس چهارشنبه ۲۸ اردیبهشت -  نیما جواهری و کوروش مجیدی / Manoto Plus,https://www.youtube.com/watch?v=cE4kHYDIQTw
من و تو پلاس سه شنبه ۲۷ اردیبهشت -  داوود صلواتی، دکتر ساینا نوروزی و مهدیس کاوه مهر / Manoto Plus,https://www.youtube.com/watch?v=O7Eum2Y1SNk
من و تو پلاس دوشنبه ۲۶ اردیبهشت -  بچه‌های تیم سه فاز، سما قربانی و الی / Manoto Plus,https://www.youtube.com/watch?v=ne6qCoRH8GY
من و تو پلاس یکشنبه ۲۵ اردیبهشت - نوید، سحر مدرس و نارگل / Manoto Plus,https://www.youtube.com/watch?v=vGE8TVrkH0o
من و تو پلاس شنبه ۲۴ اردیبهشت - دکتر نازی اکبری، مگی سبحانی و ماندانا هورتون / Manoto Plus,https://www.youtube.com/watch?v=_cdauoZnG7A
"Iran Revolution, S2, EP05 | انقلاب ۵۷ - سری۲، قسمت۵ شیطان بزرگ",https://www.youtube.com/watch?v=ChXlfwcVDkw
"Iran Revolution, S2, EP04 | انقلاب ۵۷ - سری۲، قسمت۴ اعلام آخر",https://www.youtube.com/watch?v=NZMoveEpM_A
"Iran Revolution, S2, EP03 | انقلاب ۵۷ - سری۲، قسمت۳ اتهام",https://www.youtube.com/watch?v=kKtCj9gUlTs
"Iran Revolution, S2, EP02 | انقلاب ۵۷ - سری۲، قسمت۲ سبز یا قرمز",https://www.youtube.com/watch?v=mCWnEaZAczI
من و تو پلاس چهارشنبه ۲۱ اردیبهشت - سپیده سعیدی نژاد، متین متینی و جوانه مشاور / Manoto Plus,https://www.youtube.com/watch?v=h8B43BFuFls
"Iran Revolution, S2, EP01 | انقلاب ۵۷ - سری۲، قسمت۱ مدرسه اعدام",https://www.youtube.com/watch?v=yaeIknEe4qY
من و تو پلاس سه شنبه ۲۰ اردیبهشت - دکتر پوریا ثابتیان و خلیفه قناد / Manoto Plus,https://www.youtube.com/watch?v=9A6c_DZ4QV0
من و تو پلاس دوشنبه ۱۹ اردیبهشت - نسیم و جعفر زوج جهانگرد، و الی مربی فیتنس / Manoto Plus,https://www.youtube.com/watch?v=fZb7D45x8Z0
من و تو پلاس یکشنبه ۱۸ اردیبهشت - دکتر لاله تنگسیری، سالومه نوروزی و سیده مهتاب نبوی / Manoto Plus,https://www.youtube.com/watch?v=XSvPVrneUP4
من و تو پلاس شنبه ۱۷ اردیبهشت - بهاره، ساغر کثیری و خاله نجاری / Manoto Plus,https://www.youtube.com/watch?v=WdditwPRW6Q
من و تو پلاس چهارشنبه ۱۴ اردیبهشت - آرش زارع، دانیال و محمد برزویی / Manoto Plus,https://www.youtube.com/watch?v=dqM14_loFPQ
من و تو پلاس سه شنبه ۱۳ اردیبهشت - ذَک، مجید دارک بوی وسحر / Manoto Plus,https://www.youtube.com/watch?v=fZeVW9BdblI
من و تو پلاس دوشنبه ۱۲اردیبهشت - ریحان اردکانیان،علیرضا رزاقیان وعلی محمدرضایی / Manoto Plus,https://www.youtube.com/watch?v=UeX9ur_sR9E
من و تو پلاس یکشنبه ۱۱ اردیبهشت - دکتر ساینا نوروزی، مریم کشاورز و سالومه نوروزی / Manoto Plus,https://www.youtube.com/watch?v=zDuwmPRYD5s
"Iran Revolution, S1, EP05 | انقلاب ۵۷ - سری۱، قسمت۵",https://www.youtube.com/watch?v=ohtOl16FJlM
من و تو پلاس شنبه ۱۰ اردیبهشت - کوروش کنعانی، دکتر پوریا ثابتیان و فرزاد خلیلی / Manoto Plus,https://www.youtube.com/watch?v=ai4PRYefPpk
"Iran Revolution, S1, EP04 | انقلاب ۵۷ - سری۱، قسمت۴",https://www.youtube.com/watch?v=h6q7xEket94
"Iran Revolution, S1, EP03 | انقلاب ۵۷ - سری۱، قسمت۳",https://www.youtube.com/watch?v=Xekn9SVPRmY
"Iran Revolution, S1, EP02 | انقلاب ۵۷ - سری۱، قسمت۲",https://www.youtube.com/watch?v=vICZV1bq1NA
گپ تایم - سری ۱۸ قسمت ۱۱ تینا، پدرام، سالومه و سبا / Gaptime,https://www.youtube.com/watch?v=mg5I4p2maGo
من و تو پلاس چهارشنبه ۷ اردیبهشت - امیر کمالی، رضا دوست و نفس كاكاوند / Manoto Plus,https://www.youtube.com/watch?v=GLDRfqJkkiI
من و تو پلاس سه شنبه ۶ اردیبهشت - دانیال میرزاپور، و مهسان ماز / Manoto Plus,https://www.youtube.com/watch?v=fK6GvIdmbxc
من و تو پلاس دوشنبه ۵ اردیبهشت - دانیال میرزاپور، و مهسان ماز / Manoto Plus,https://www.youtube.com/watch?v=Nuj_QV1kpUs
من و تو پلاس یکشنبه ۴ اردیبهشت - دکتر لاله مهراد، و مهتاب حقیقی موزیسین / Manoto Plus,https://www.youtube.com/watch?v=QO7mFy1pF24
من و تو پلاس شنبه ۳ اردیبهشت - دکتر رایان شهروز علیمو، سپیدار ولیان و آرش باریکانی / Manoto Plus,https://www.youtube.com/watch?v=Lqjy01wbDm8
گپ تایم - سری ۱۸ قسمت ۱۰ تیم شوبیز، زارا و پویان / Gaptime,https://www.youtube.com/watch?v=GQItoSBmhV8
من و تو پلاس چهارشنبه ۳۱ فروردین - نویان، آزاده شمس و فشن در پیکی بلایندرز / Manoto Plus,https://www.youtube.com/watch?v=NaAs3hxDrzY
من و تو پلاس سه شنبه ۳۰ فروردین - سما قربانی، شبنم ریبو و مسافر من و تو پلاس / Manoto Plus,https://www.youtube.com/watch?v=mfG4ftNWogU
من و تو پلاس دوشنبه ۲۹ فروردین - دکتر پوریاثابتیان، تیام و هدیه / Manoto Plus,https://www.youtube.com/watch?v=1FS-rsbrVPM
من و تو پلاس یکشنبه ۲۸ فروردین - رویا کاربخش و دکتر زهرا آزاد بادی / Manoto Plus,https://www.youtube.com/watch?v=VZ61Zb_Grt8
من و تو پلاس شنبه ۲۷ فروردین - الناز عابدینی و بهاره صالح نیا / Manoto Plus,https://www.youtube.com/watch?v=gsJRIxWcJ60
"3 Fazo Nim, S4, EP04 | سه فاز و نیم - سری ۳، قسمت ۴",https://www.youtube.com/watch?v=nj_2GkZoE84
گپ تایم - سری ۱۸ قسمت ۹ پشت صحنه سه فاز و نیم و پانیدا / Gaptime,https://www.youtube.com/watch?v=jAbJ0HqHc_E
من و تو پلاس چهارشنبه ۲۴ فروردین - دکتر کاوه آیت، مریم و آنوهه / Manoto Plus,https://www.youtube.com/watch?v=SojMEY7tlIU
من و تو پلاس سه شنبه ۲۳ فروردین - تیم سمت نو، گل آذین و رزا / Manoto Plus,https://www.youtube.com/watch?v=SGSC5yNaeLk
من و تو پلاس دوشنبه ۲۲ فروردین - روز جهانی پارکینسون، آزاده شمس و سعید عاشری / Manoto Plus,https://www.youtube.com/watch?v=DlkwCAX9UCg
من و تو پلاس یکشنبه ۲۱ فروردین -  مهسان ماز، خورشت سبز تایلندی و مازیار فلاحی / Manoto Plus,https://www.youtube.com/watch?v=5EBrsd-5Vug
من و تو پلاس شنبه ۲۰ فروردین ۱۴۰۱- شبنم رضایی،  دکتر لاله نایب و دکتر آرش زارع / Manoto Plus,https://www.youtube.com/watch?v=vshg8DxxDa8
"3 Fazo Nim, S3, EP03 | سه فاز و نیم - سری ۳، قسمت ۳",https://www.youtube.com/watch?v=GMkj9cJPJFQ
من و تو پلاس چهارشنبه ۱۶ فروردین ۱۴۰۱- دکتر زهرا آزادبادی و دکتر پوریا ثابتیان / Manoto Plus,https://www.youtube.com/watch?v=hRsZO5d9LYY
من و تو پلاس سه شنبه ۱۶ فروردین ۱۴۰۱- فریال عبداله زاده، دکتر ساینا نوروزی و هدیه تازه / Manoto Plus,https://www.youtube.com/watch?v=5QpxPws1Ruw
من و تو پلاس دوشنبه ۱۵ فروردین ۱۴۰۱- دکتر پژمان صفایی و سپیده سعیدی نژاد / Manoto Plus,https://www.youtube.com/watch?v=BssdJ-l-t_I
من و تو پلاس یکشنبه ۱۴ فروردین ۱۴۰۱- نگین شیرآقایی و ماندانا هورتون / Manoto Plus,https://www.youtube.com/watch?v=SjuWYuIY-IY
من و تو پلاس شنبه ۱۳ فروردین ۱۴۰۱- روز جهانی اوتیسم وسیزده بدر / Manoto Plus,https://www.youtube.com/watch?v=e7Iwz22Z8EA
Time Tunnel | تونل زمان - شاه در تبریز، سیزده بدر قدیم,https://www.youtube.com/watch?v=V3keTCueu-M
"3 Fazo Nim, S3, EP02 | سه فاز و نیم - سری ۳، قسمت ۲",https://www.youtube.com/watch?v=9y8U5Pkl-38
گپ تایم - سری ۱۸ قسمت ۷ پشت صحنه گروه اول بفرمایید شام نوروزی، پدرام و علیرضا  / Gaptime,https://www.youtube.com/watch?v=qZRE8fe2HwA
"Cyrus the Great - S1, Ep06 | منم کوروش - سری ۱، قسمت ۶",https://www.youtube.com/watch?v=nC_KiQahi88
"Cyrus the Great - S1, Ep05 | منم کوروش - سری ۱، قسمت ۵",https://www.youtube.com/watch?v=iCE9TT8VRdA
بفرمایید شام نوروز ۱۴۰۱ - گروه۲ شب چهارم / Befarmaeed Sham Nouroz 1401 G2 N4,https://www.youtube.com/watch?v=0fIFTozAChk
"Cyrus the Great - S1, Ep04 | منم کوروش - سری ۱، قسمت ۴",https://www.youtube.com/watch?v=9ODrngFo4m4
"Cyrus the Great - S1, Ep03 | منم کوروش - سری ۱، قسمت ۳",https://www.youtube.com/watch?v=RGUpatTrvXM
بفرمایید شام نوروز ۱۴۰۱ - گروه۲ شب سوم / Befarmaeed Sham Nouroz 1401 G2 N3,https://www.youtube.com/watch?v=jjydwlDl9CA
"Cyrus the Great - S1, Ep02 | منم کوروش - سری ۱، قسمت ۲",https://www.youtube.com/watch?v=e11hyWvAw-o
"Cyrus the Great - S1, Ep01 | منم کوروش - سری ۱، قسمت ۱",https://www.youtube.com/watch?v=BF0OjIfypmU
بفرمایید شام نوروز ۱۴۰۱ - گروه۲ شب دوم / Befarmaeed Sham Nouroz 1401 G2 N2,https://www.youtube.com/watch?v=CrTa07H46ok
بفرمایید شام نوروز ۱۴۰۱ - گروه۲ شب اول / Befarmaeed Sham Nouroz 1401 G2 N1,https://www.youtube.com/watch?v=7D3vo1M6VSs
اتاق خبر - مصاحبه اختصاصی با شاهزاده رضا پهلوی,https://www.youtube.com/watch?v=o16MyMljds4
Time Tunnel | تونل زمان - بازدید هویدا از آپارتمان های جدید تهران,https://www.youtube.com/watch?v=96SPQAEJ1z4
"3 Fazo Nim, S3, EP03 | سه فاز و نیم - سری ۳، قسمت ۱",https://www.youtube.com/watch?v=0L9P4My18p4
گپ تایم - سری ۱۸ قسمت ۶ پشت صحنه برنامه نوروز و شبکه نیم  / Gaptime,https://www.youtube.com/watch?v=DkrEHdtIZDw
بفرمایید شام نوروز ۱۴۰۱ - گروه۱ شب چهارم / Befarmaeed Sham Nouroz 1401 G1 N4,https://www.youtube.com/watch?v=OsY3aII4g8s
من و تو پلاس دوشنبه ۱ فروردین ۱۴۰۱- جمشید، آوا وهنشان و زیبا تبریزی / Manoto Plus,https://www.youtube.com/watch?v=kOGMen5vGDI
بفرمایید شام نوروز ۱۴۰۱ - گروه۱ شب سوم / Befarmaeed Sham Nouroz 1401 G1 N3,https://www.youtube.com/watch?v=pQe5idWR7Ew
بفرمایید شام نوروز ۱۴۰۱ - گروه۱ شب دوم / Befarmaeed Sham Nouroz 1401 G1 N2,https://www.youtube.com/watch?v=zbLvtbiu_DU
گپ تایم - سری ۱۸ قسمت ۵ ویژه نوروز ۱۴۰۱ / Gaptime,https://www.youtube.com/watch?v=yq8Vw5VlZgc
"Time Tunnel Special, The Best Of Behrouz Vosoughi | ویژه برنامه تونل زمان -  فیلم های بهروز وثوقی",https://www.youtube.com/watch?v=OsECJuGsG5Q
بفرمایید شام نوروز ۱۴۰۱ - گروه۱ شب اول / Befarmaeed Sham Nouroz 1401 G1 N1,https://www.youtube.com/watch?v=tzXSNz1D3Mk
Time Tunnel Special | ویژه برنامه تونل زمان - در یک قاب؛ شیراز، اصفهان و مشهد,https://www.youtube.com/watch?v=ovyJ7Q-ZFNE
ُTime Tunnel Special | ویژه برنامه تونل زمان - از آلاشت تا تهران,https://www.youtube.com/watch?v=HTEjXXntCyk
Time Tunnel | تونل زمان - ویژه برنامه نوروز ۱۴۰۱,https://www.youtube.com/watch?v=rXEvdtTbnZ4
Time Tunnel Special- Reza Shah | ویژه برنامه تونل زمان - رضا شاه بزرگ,https://www.youtube.com/watch?v=42ekhUS8JPk
Time Tunnel | تونل زمان - زادروز رضا شاه، برف سنگین تهران,https://www.youtube.com/watch?v=8AvDonrvW14
گپ تایم - سری ۱۸ قسمت ۴ تیم سه فازونیم و برنامه های نوروزی / Gaptime,https://www.youtube.com/watch?v=wxklMK4QpKs
Time Tunnel Special | تونل زمان - زنان پیشروی ایران,https://www.youtube.com/watch?v=m1bavHtjs3k
Time Tunnel | تونل زمان - افتتاح استادیوم آریامهر در حضور شاه و سران کشورها,https://www.youtube.com/watch?v=dKiykhwVyAg
گپ تایم - سری ۱۸ قسمت ۳ گپ با سحرو حسین و ویژه برنامه تونل زمان / Gaptime,https://www.youtube.com/watch?v=nLwBpHVLFrA
گپ تایم - سری ۱۸ قسمت ۲ امید و برنامه جدیدش و ویژه برنامه روز زن / Gaptime,https://www.youtube.com/watch?v=gCWyHpnJ-DM
Time Tunnel | تونل زمان - هتل هیلتون تهران قبل و بعد از بهمن ۵۷,https://www.youtube.com/watch?v=5xnu6fUNCc0
گپ تایم - سری ۱۸ قسمت ۱ سالومه و پشت صحنه تیزر گپ تایم / Gaptime,https://www.youtube.com/watch?v=1F751jd5YZA
Time Tunnel | تونل زمان - جبار باغچه بان، فوتبال تیم های ایران و آمریکا,https://www.youtube.com/watch?v=GGDKiJ75bpg
"Iran Revolution, S1, EP01 | انقلاب ۵۷ - سری۱، قسمت۱",https://www.youtube.com/watch?v=lGdSQZSIpi4
AryaMehr | مستند آریامهر - قسمت دوم,https://www.youtube.com/watch?v=byXa9QU5FRo
AryaMehr | مستند آریامهر - قسمت اول,https://www.youtube.com/watch?v=NgqiTstAgdc
Time Tunnel | تونل زمان - سفر جانسون و گروه باله آمریکا به ایران,https://www.youtube.com/watch?v=Y0Wb3JFDWQg
روزگار پس از پرواز ۷۵۲ - حسین رضایی و رحیمه کاتبی,https://www.youtube.com/watch?v=7d3chZAzw-Q
روزگار پس از پرواز ۷۵۲ - امیر مرادی,https://www.youtube.com/watch?v=-L2TjfB1AzM
روزگار پس از پرواز ۷۵۲ - مایا زیبایی و شهرزاد هاشمی,https://www.youtube.com/watch?v=NxIIPgcHZG0
روزگار پس از پرواز ۷۵۲ - شهرام تاجیک,https://www.youtube.com/watch?v=FpEtH0abepE
روزگار پس از پرواز ۷۵۲ - روجا آزادیان,https://www.youtube.com/watch?v=Fxkro8rB9Q0
روزگار پس از پرواز ۷۵۲ - سحرناز حق‌جو و السا جدیدی,https://www.youtube.com/watch?v=vnDZxpnSxhE
روزگار پس از پرواز ۷۵۲ - راستسن مقدم و شکیبا فقاهتی,https://www.youtube.com/watch?v=-bCgtZSGwYY
Time Tunnel | تونل زمان - رامسر قدیم، سفر شاه و شهبانو به اروپای شرقی,https://www.youtube.com/watch?v=Lojz67WjOHM
سالی تاک - سری ۲۲ قسمت ۲ زن در جمهوری اسلامی و رئیسی و‌ پوتین / SaliTalk S22 Ep 02,https://www.youtube.com/watch?v=hzFkI_hc2mM
Sali Talk E38,https://www.youtube.com/watch?v=7MUR5U77QYM
Sali Talk E39,https://www.youtube.com/watch?v=EP69YjMSmoI
Sali Talk E26/P2,https://www.youtube.com/watch?v=Ya2LQK9I4dc
Sali Talk E26/P1,https://www.youtube.com/watch?v=gZ_ril5HERI
Sali Talk E 16,https://www.youtube.com/watch?v=Ic8fGf0sRH8
تونل زمان - بهترین‌های مورچه داره / Time Tunnel,https://www.youtube.com/watch?v=IhFQuSqQgDY
Time Tunnel | تونل زمان - اصفهان قدیم، شاه در استادیوم آریامهر,https://www.youtube.com/watch?v=O-ZQVZCy_Yk
Time Tunnel | تونل زمان - افتتاح مجلس توسط شاه و شهبانو,https://www.youtube.com/watch?v=9h2gxJXuJaw
۲۱ آذر؛ روز نجات آذربایجان,https://www.youtube.com/watch?v=t5kRXgKUr8o
شب جمعه - سری ۴ - قسمت ۷ زبل و چغر با دلسا و شروین,https://www.youtube.com/watch?v=M8LG3p53pUw
شب جمعه - سری ۴ - قسمت ۷ بخوریم و تعریف کنیم با شروین و دلسا,https://www.youtube.com/watch?v=-Qm4KE9mu04
سالی تاک - سری ۲۱ قسمت ۱۲ کارهای مرغی و تخم مرغی آقای رئیسی / SaliTalk S21 Ep 12,https://www.youtube.com/watch?v=uvjb3LXsBow
گپ تایم - سری ۱۷ قسمت ۱۱ علی پیرهادی، علی حمید و مستند نجات آذربایجان و کارن / Gaptime,https://www.youtube.com/watch?v=O_VLwfiQT5Y
گپ تایم - سری ۱۷ قسمت ۱۰ امیرحسین افتخاری، پشت صحنه فیلم نقاشی ۲۵ سالگی / Gaptime,https://www.youtube.com/watch?v=0tE_DYvpP4Q
مستند کولبه‌ر (کولبر),https://www.youtube.com/watch?v=B9dQ-3m-uv0
گپ تایم - سری ۱۷ قسمت ۹ شوکا، پدرام، باران و مدیا  / Gaptime,https://www.youtube.com/watch?v=P5Q2TCLJX8I
شب جمعه - سری ۴ - قسمت ۵ برعکس و سر و ته با گل آذین و آریا,https://www.youtube.com/watch?v=FBAIw3LQAPY
گپ تایم - سری ۱۷ قسمت ۸ خانم محمودی از صدا و سیما و پشت صحنه قسمت ۳ شب جمعه  / Gaptime,https://www.youtube.com/watch?v=-ttLw1NhdpU
گپ تایم - سری ۱۷ قسمت ۷ مستند آبان ۹۸، یاسین و یگانه و نگار از تیم اتاق خبر  / Gaptime,https://www.youtube.com/watch?v=44arj47yGYk
سریال بلگریویا جمعه ها ساعت ۲۲:۰۰,https://www.youtube.com/watch?v=0xtuTNNTV3Q
Time Tunnel | تونل زمان - جواهرات سلطنتی، لحظاتی با جوانان قدیم,https://www.youtube.com/watch?v=UpQOv8zX_pM
گپ تایم - سری ۱۷ قسمت ۶ پشت صحنه اولین قسمت شب جمعه  / Gaptime,https://www.youtube.com/watch?v=x_BIaZbOIsQ
Time Tunnel | تونل زمان - محمد بهمن‌بیگی و آموزش عشایری,https://www.youtube.com/watch?v=YS8bt8KqZ3I
سالی تاک - سری ۲۱ قسمت ۶ مسابقات چک جهانی و چلمن اول مملکت  / SaliTalk S21 Ep 06,https://www.youtube.com/watch?v=M5MrtmiVeAA
گپ تایم - سری ۱۷ قسمت ۵ مهشید و امیر، شهریار رومی و شوکا  / Gaptime,https://www.youtube.com/watch?v=BfWZ55oj98w
Time Tunnel | تونل زمان - سازمان ملی پیشاهنگی، مصاحبه با هویدا,https://www.youtube.com/watch?v=IzLPjt-aN_I
گپ تایم - سری ۱۷ قسمت ۴ تیم شب جمعه، بازگشت امید و بتی  / Gaptime,https://www.youtube.com/watch?v=lub9iCU3d4k
Time Tunnel | تونل زمان - سفرنامه شاه و شهبانو، نظر مردم در مورد نفت,https://www.youtube.com/watch?v=E8oh0f05RNU
گپ تایم - سری ۱۷ قسمت ۳ مجری های منوتوپلاس، فرهاد زمانی، مژده و سه فاز و نیم  / Gaptime,https://www.youtube.com/watch?v=T_Nqewh5aCQ
Time Tunnel | ویژه برنامه تونل زمان - سفرنامه شهبانو,https://www.youtube.com/watch?v=kfU-s9iLHiU
Time Tunnel | تونل زمان - خاطرات مانوس وفایی، سوپرمارکت‌های قدیم,https://www.youtube.com/watch?v=LB4H4tj1ZQM
گپ تایم - سری ۱۷ قسمت ۲ علی حمید، سبا و تیم سمت نو  / Gaptime,https://www.youtube.com/watch?v=5FoNBy9CHI4
Time Tunnel | تونل زمان - فیلم جشن عروسی از سال ۱۳۳۲,https://www.youtube.com/watch?v=t_WFqAx1Y_w
گپ تایم - سری ۱۷ قسمت ۱ اندی و شینی، تینا، نوشین، بابک، سالومه و پتکین  / Gaptime,https://www.youtube.com/watch?v=Q7x5drUNtao
Time Tunnel | تونل زمان - مشدی گـَلین‌ خانم، اشرف پهلوی و آموزشگاه پرستاری,https://www.youtube.com/watch?v=lBaYtB3_Am4
Time Tunnel | تونل زمان - به یاد مهوش، جزیره خارک قدیم,https://www.youtube.com/watch?v=wWQU1S0stnc
Time Tunnel | تونل زمان - بوسه‌های سینمای ایران، همدان دوران قاجار,https://www.youtube.com/watch?v=smWg_DccnxE
Time Tunnel | تونل زمان - کنسرت سیناترا در تهران، باباکرم در آلمان,https://www.youtube.com/watch?v=2ZU9Sx2lJd8
Time Tunnel | تونل زمان - اتو توکل، شب‌نشینی روزنامه اطلاعات,https://www.youtube.com/watch?v=4FlNfX-crzU
Time Tunnel | تونل زمان - مستند افق، سیمین غانم,https://www.youtube.com/watch?v=jXpA-_y_pNs
Time Tunnel | تونل زمان - سفرنامه برادران امیدوار، شاه و شهبانو در آلمان,https://www.youtube.com/watch?v=GA0rCHlC_XY
Time Tunnel Special | ویژه برنامه تونل زمان - ناصر ملک مطیعی؛ محبوب ممنوع,https://www.youtube.com/watch?v=29EFZsEJ1TI
گپ تایم - سری ۱۶ قسمت ۱۴ سحر و فصل جدید تونل زمان، صبا و شوکا و آریانا  / Gaptime,https://www.youtube.com/watch?v=HSaORwgIKKw
گپ تایم - سری ۱۶ قسمت ۱۳ راکسی و شب جمعه، امیر، نگار و پتکین و الی  / Gaptime,https://www.youtube.com/watch?v=Qr8hJYCeWp0
گپ تایم - سری ۱۶ قسمت ۱۲ گپ با یگانه، سارا، پدرام و تیم خبر سوشیال مدیا / Gaptime,https://www.youtube.com/watch?v=1zwG1CgfVhA
گپ تایم - سری ۱۶ قسمت ۱۲ گپ با تیام، آمنه و چند سوالی آناهیتا / Gaptime,https://www.youtube.com/watch?v=Gq7mBvAQ6cY
اصلاحات، آغاز تا پایان - قسمت ۳,https://www.youtube.com/watch?v=yCADj3ycZbM
"3 Fazo Nim, S2, EP06 | سه فاز و نیم - سری ۲، قسمت ۶",https://www.youtube.com/watch?v=D-t519U99qU
گپ تایم - سری ۱۶ قسمت ۱۱ گپ با پتکین، مازیار و شز / Gaptime,https://www.youtube.com/watch?v=c6xl2-gGGwo
"3 Fazo Nim, S2, EP05 | سه فاز و نیم - سری ۲، قسمت ۵",https://www.youtube.com/watch?v=IP_CwSlCdac
گپ تایم - سری ۱۶ قسمت ۱۰ گپ با سورنا، شروین و مهدی / Gaptime,https://www.youtube.com/watch?v=dZvg6G3keEM
اصلاحات، آغاز تا پایان - قسمت ۲,https://www.youtube.com/watch?v=ta4ifbOIM0g
اصلاحات، آغاز تا پایان - قسمت ۱,https://www.youtube.com/watch?v=9DZJ0YCfhBQ
"3 Fazo Nim,S2, EP04 | سه فاز و نیم - سری ۲، قسمت ۴",https://www.youtube.com/watch?v=7h6wXzGUZM4
Gaptime / گپ تایم - سری ۱۶ قسمت ۹ گپ با سورنا، شروین و مهدی,https://www.youtube.com/watch?v=BSjqW-982lU
"3 Fazo Nim,S2, EP03 |سه فاز و نیم - سری ۲، قسمت ۳",https://www.youtube.com/watch?v=OAvC8PpfKp0
Gaptime / گپ تایم - سری ۱۶ قسمت ۸,https://www.youtube.com/watch?v=6jrZAGK9UqM
"3 Fazo Nim,S2, EP02 |سه فاز و نیم - سری ۲، قسمت ۲",https://www.youtube.com/watch?v=oC_XX1lLPyQ
Gaptime / گپ تایم - سری ۱۶ قسمت ۷,https://www.youtube.com/watch?v=38mPecy5KPs
"3 Fazo Nim,S2, EP01 |سه فاز و نیم - سری ۲، قسمت ۱",https://www.youtube.com/watch?v=2TK6ctoL6AA
Gaptime / گپ تایم - سری ۱۶ قسمت ۶,https://www.youtube.com/watch?v=inXdqDUil34
Time Tunnel | ویژه برنامه تونل زمان - گفت و گو با امیر عباس هویدا,https://www.youtube.com/watch?v=PH5uCsRXkIw
Time Tunnel | تونل زمان - سفر هویدا به عربستان و زیارت مکه,https://www.youtube.com/watch?v=WH-43Vvexzw
Gaptime / گپ تایم - سری ۱۶ قسمت ۵,https://www.youtube.com/watch?v=G2pMlv3vkgw
Befarmaeed Sham Norouz 1390 N4 | بفرمایید شام نوروز ۱۳۹۰ - شب چهارم,https://www.youtube.com/watch?v=bvP0y1OMB7Y
Befarmaeed Sham Norouz 1390 N3 | بفرمایید شام نوروز ۱۳۹۰ - شب سوم,https://www.youtube.com/watch?v=Lliq3kr-vR8
Befarmaeed Sham Norouz 1390 N2 | بفرمایید شام نوروز ۱۳۹۰ - شب دوم,https://www.youtube.com/watch?v=DDJk0Eiz25M
Befarmaeed Sham S4 G20 N1 | بفرمایید شام نوروز ۱۳۹۰ -  شب اول,https://www.youtube.com/watch?v=aBBJGs27f7E
Time Tunnel | تونل زمان - گزارش سفر شهبانو به انگلستان,https://www.youtube.com/watch?v=3I9tD6yg0Zo
Gaptime / گپ تایم - سری ۱۶ قسمت ۴,https://www.youtube.com/watch?v=egNIKC3uO58
Time Tunnel | تونل زمان - تنها سند تصویری از قمر و دلکش,https://www.youtube.com/watch?v=IOtfXM6WvMw
Gaptime / گپ تایم - سری ۱۶ قسمت ۳,https://www.youtube.com/watch?v=nPzNefluDW8
Time Tunnel | تونل زمان - کیوان خسروانی، طراح لباسهای شهبانو,https://www.youtube.com/watch?v=-4bWOpGUrss
Gaptime / گپ تایم - سری ۱۶ قسمت ۲,https://www.youtube.com/watch?v=riPD_nTjxWI
Time Tunnel | تونل زمان - نخستین خلبانان زن، آیلین ویگن و مهستی,https://www.youtube.com/watch?v=BRfrWoANH-U
Time Tunnel | تونل زمان - چهره ماندگار ورزش بانوان، فرخزاد و پسرش,https://www.youtube.com/watch?v=C_hdBRXM3Ms
Time Tunnel | تونل زمان - سفر آخرین پادشاه عراق به ایران,https://www.youtube.com/watch?v=CMAzP6tDyik
Time Tunnel | تونل زمان - نیروی هوایی شاهنشاهی، جشن اتحادیه هتل‌داران,https://www.youtube.com/watch?v=564Ze5smTNE
Gaptime / گپ تایم - سری ۱۵ قسمت ۱۳,https://www.youtube.com/watch?v=9sVPKGqNBE4
در خانه بمانیم,https://www.youtube.com/watch?v=vSgP48onoMo
Time Tunnel | تونل زمان - تئاتر شهر، فریدون مشیری، زلزله بزرگ,https://www.youtube.com/watch?v=hp29DDO2f4o
Gaptime / گپ تایم - سری ۱۵ قسمت ۱۲,https://www.youtube.com/watch?v=Kh5oNy01BNQ
Time Tunnel | تونل زمان - سفر هویدا و همسرش به آمریکا، مشکل سانسور,https://www.youtube.com/watch?v=OqAM6VTnv0E
Gaptime / گپ تایم - سری ۱۵ قسمت ۱۱,https://www.youtube.com/watch?v=xz00rQRE7c8
Time Tunnel | تونل زمان - رقص جمیله، سفر شاه و ملکه ثریا به لبنان,https://www.youtube.com/watch?v=aG1ljVU8pY4
نوروز ۱۴۰۰ - مصاحبه با بشری,https://www.youtube.com/watch?v=DTs3YKaC3XA
Time Tunnel Special | تونل زمان - بهترین‌های کاف شو,https://www.youtube.com/watch?v=UbJacivYuVo
"3 Fazo Nim, 1400 Norouz Special |سه فاز و نیم - ویژه نوروز ۱۴۰۰",https://www.youtube.com/watch?v=BK4qiqNSyPg
Time Tunnel Special - Norouz 1400 | تونل زمان - ویژه برنامه نوروز ۱۴۰۰,https://www.youtube.com/watch?v=kmVwMqZxt30
من و تو پلاس شنبه ۲۳ اسفند ۱۳۹۹ / Manoto Plus,https://www.youtube.com/watch?v=Gv_DtnOyD28
Time Tunnel | تونل زمان - کتاب های درسی، شاه و شهبانو در کانادا,https://www.youtube.com/watch?v=gzL2yJ6Xu40
Gaptime / گپ تایم - سری ۱۵ قسمت ۸,https://www.youtube.com/watch?v=F9Vr-4_N7Fc
Gaptime / گپ تایم - سری ۱۵ قسمت ۷,https://www.youtube.com/watch?v=Nz6G4shmMzM
Gaptime / گپ تایم - سری ۱۵ قسمت ۵,https://www.youtube.com/watch?v=e-CdDQ14bnE
Gaptime / گپ تایم - سری ۱۵ قسمت ۴,https://www.youtube.com/watch?v=R99k0t64DCg
Gaptime / گپ تایم - سری ۱۵ قسمت ۳,https://www.youtube.com/watch?v=mAxRrISsjWM
Gaptime / گپ تایم - سری ۱۵ قسمت ۲,https://www.youtube.com/watch?v=9wuj8p041bE
Reportage - Flight 752 | رپرتاژ - پرواز ۷۵۲,https://www.youtube.com/watch?v=F14a8UJXL00
مستند ۱۲۴,https://www.youtube.com/watch?v=UqlPkz8kUVY
Gaptime / گپ تایم - سری ۱۴ قسمت ۱۶,https://www.youtube.com/watch?v=F7Ka9ezRPkc
Time Tunnel | تونل زمان - ایران دهه ۳۰، آهوی فراری تهران,https://www.youtube.com/watch?v=ZlmsHNUimjQ
"3 Fazo Nim,S1, EP06 |سه فاز و نیم - سری ۱، قسمت ۶",https://www.youtube.com/watch?v=XkbrcKEcIyk
Gaptime / گپ تایم - سری ۱۴ قسمت ۱۵,https://www.youtube.com/watch?v=hujln8029Xw
Time Tunnel | تونل زمان - فرقه دموکرات آذربایجان، سفر شاه به آذربایجان,https://www.youtube.com/watch?v=ogIjPNTfw3o
"3 Fazo Nim,S1, EP05 |سه فاز و نیم - سری ۱، قسمت ۵",https://www.youtube.com/watch?v=tUQyZPWvCwY
Time Tunnel | تونل زمان - مهستی در شوی فریدون فرخزاد,https://www.youtube.com/watch?v=knHRarTzTeM
"3 Fazo Nim,S1, EP04 |سه فاز و نیم - سری ۱، قسمت ۴",https://www.youtube.com/watch?v=dYkygAMdJQE
Gaptime / گپ تایم - سری ۱۴ قسمت ۱۴,https://www.youtube.com/watch?v=-mxvQZw2Edc
Time Tunnel | تونل زمان - شاه و شهبانو در کاخ سعدآباد,https://www.youtube.com/watch?v=lnUWhid0QRA
"3 Fazo Nim,S1, EP03 | سه فاز و نیم - سری ۱، قسمت ۳",https://www.youtube.com/watch?v=yrBFT3aUurQ
Time Tunnel | تونل زمان - جشن تولد رضا پهلوی با حضور گوگوش,https://www.youtube.com/watch?v=m6CbMxhC0is
"3 Fazo Nim,S1, EP02 |سه فاز و نیم - سری ۱، قسمت ۲",https://www.youtube.com/watch?v=3p1g_NKMTeY
"3 Fazo Nim,S1, EP01 |سه فاز و نیم - سری ۱، قسمت ۱",https://www.youtube.com/watch?v=MzTLqeZJD-U
Time Tunnel | تونل زمان - هشتمین تولد پیشاهنگی، یک روز در کاخ مرمر,https://www.youtube.com/watch?v=xEEjEzffunw
پشت صحنه موزیکال تولد ۱۰ سالگی من و تو,https://www.youtube.com/watch?v=Lz3uV4F68iw
موزیکال تولد ۱۰ سالگی من و تو,https://www.youtube.com/watch?v=4jQ48xN4ysA
Time Tunnel | تونل زمان - مصاحبه با شهبانو، نلی، خردادیان,https://www.youtube.com/watch?v=fvNF-RdpcWI
"The Battle For River Arvand, EP02  | جنگ براى اروند_قسمت ۲",https://www.youtube.com/watch?v=ASWF9RZsi5M
Reportage - Reportage – Extraterritorial Assassinations | رپرتاژ - ترورهای برون مرزی,https://www.youtube.com/watch?v=2Wq4VZHeMMs
Time Tunnel | تونل زمان - استاد ابوالحسن صبا، تنش میان ایران و شوروی,https://www.youtube.com/watch?v=WFuVRcwqo0o
Gaptime / گپ تایم - سری ۱۴ قسمت ۱۰,https://www.youtube.com/watch?v=BaRCmb77xkY
"The Battle For River Arvand, EP01 | جنگ براى اروند_قسمت ۱",https://www.youtube.com/watch?v=oHlKHxXrrdY
Time Tunnel | تونل زمان - امل ساین، نمایش لباس سنتی در حضور شهبانو,https://www.youtube.com/watch?v=h_ufaI53s-4
Time Tunnel Special - Fereydoun Farrokhzad | فرخزاد، مردی فراتر از زمان خود,https://www.youtube.com/watch?v=hSWA1v7fWiY
Time Tunnel | تونل زمان - جشن عروسی، گوگوش در فستیوال آواز ایتالیا,https://www.youtube.com/watch?v=H_zEi7kiT8s
Gaptime / گپ تایم - سری ۱۴ قسمت ۹,https://www.youtube.com/watch?v=SkVOmMx7Nww
Time Tunnel | تونل زمان - مبارزه با آبله، تاریخ خط، ویگن,https://www.youtube.com/watch?v=3bw7q5XcsA8
Time Tunnel | تونل زمان - فیلم شگفت انگیز از دراویش قادری,https://www.youtube.com/watch?v=DbrwZi8KUGs
Time Tunnel Special | تونل زمان - منصور سپهرنیا,https://www.youtube.com/watch?v=8yozYpxl2ks
Time Tunnel | تونل زمان - مصاحبه با شاه، تاریخچه حزب توده,https://www.youtube.com/watch?v=6PNtpubf3Hw
Gaptime / گپ تایم - سری ۱۴ قسمت ۴,https://www.youtube.com/watch?v=Al6B_VUTbD0
Time Tunnel Special | تونل زمان - نمایشنامه شهر آفتاب مهتاب,https://www.youtube.com/watch?v=ictU3_J0wZg
Time Tunnel Special | تونل زمان - نمایشنامه عروسکها,https://www.youtube.com/watch?v=o23x4G56aAE
Gaptime / گپ تایم - سری ۱۴ قسمت ۳,https://www.youtube.com/watch?v=P1MVBbDRe0c
من و تو را در اینستاگرام دنبال کنید,https://www.youtube.com/watch?v=zsIfdauIl-w
من و تو، دنیا در خانه شما,https://www.youtube.com/watch?v=HJOX2zY29tI
Gaptime / گپ تایم - سری ۱۴ قسمت ۱,https://www.youtube.com/watch?v=RAnf2rgjLmY
گزارش فاجعه‌ی سرنگونی پرواز پی اس ۷۵۲ به روایت سازمان هواپیمایی کشوری,https://www.youtube.com/watch?v=eBOlUfzUWbc
پنج فقره انفجار و آتش‌سوزی در ایران ظرف کمتر از ده روز,https://www.youtube.com/watch?v=Ypf9Z8u8TXs
دلار ۲۲ هزار تومانی.,https://www.youtube.com/watch?v=luVjzFYU9oA
کرونا دیگر سن و سال نمی‌شناسد!,https://www.youtube.com/watch?v=mcXP4Tu7pZ8
راهکار حکومت برای فرار از مخمصه‌های موجود,https://www.youtube.com/watch?v=IEoCi73-El0
مقایسه میزان تست های کرونای گرفته شده در ایران و کشورهای دیگر,https://www.youtube.com/watch?v=iq-3xj4hizs
محمد جواد مختاری؛ عاشق محیط زیستی که طعمه‌ی آتش شد,https://www.youtube.com/watch?v=NZNXknPCYT4
چشم انتظاری ۱۵ ماهه سیل زدگان گلستان,https://www.youtube.com/watch?v=z3w2MMsGq0Q
روز محیط بان؛ فرشتگانی که برای حفظ آرامش و امنیت طبیعت ایران جان می دهند,https://www.youtube.com/watch?v=gH5Gt1ouULg
تشدید شیوع کرونا در کشور,https://www.youtube.com/watch?v=GTjfwCCkHDk
برجام: «مکانیسم حل اختلاف» برای جمهوری اسلامی,https://www.youtube.com/watch?v=ruttFaDMdG0
دلار همچنان رکورد می زند.,https://www.youtube.com/watch?v=ma_yntASZAs
حکم دیگری برای آتنا دائمی,https://www.youtube.com/watch?v=i-FV0VjmDUo
کولبران؛ بار پشتشان سنگین تر است یا بار دلشان؟,https://www.youtube.com/watch?v=iSUIqSDw9nA
زاگرس این روزها ۵ برابر بیشتر می سوزد,https://www.youtube.com/watch?v=HAMiKZIWJzg
استفاده از ماسک اجباری می شود!,https://www.youtube.com/watch?v=hfk2tKJeMLo
پرواز۷۵۲: «آسمان تهران باز ماند تا حمله موشکی لو نرود»,https://www.youtube.com/watch?v=3vKVuFYeDLY
پیدا و پنهان در حادثه نطنز,https://www.youtube.com/watch?v=PUx5CwInrfM
Time Tunnel | تونل زمان - سفر شاه به ایتالیا، مسابقات قهرمانی شنا,https://www.youtube.com/watch?v=sdUd_iqVbt0
سالمرگ قربانیان پرواز شماره ۶۵۵,https://www.youtube.com/watch?v=C1F2DL_KHik
نشست آستانه: تهران و آنکارا کجای محاسبات مسکو ایستاده‌اند؟,https://www.youtube.com/watch?v=nwRQTGBcswo
کرونا با کسی شوخی ندارد!,https://www.youtube.com/watch?v=Qe0cUZe6lyk
فاجعه‌ی کلینیک سینا اطهر,https://www.youtube.com/watch?v=sK7CTcqeUVk
انفجار در کلینیک سینا اطهر؛ ۱۹ کشته,https://www.youtube.com/watch?v=QKBfeAcRZOg
روسیه: رای نسلی که پوتین پرورش داد,https://www.youtube.com/watch?v=Fjs-8tAxy-M
هنگ‌کنگ:اولین حکم بازداشت مخالفان بر اساس قانون جدید,https://www.youtube.com/watch?v=KdjkHTL5n7o
«اتحاد جامعه جهانی در مقابله با جمهوری اسلامی»,https://www.youtube.com/watch?v=X40l1nNl0CI
مردم به مسوولان: خودتان در خانه‌ی ۲۵متری زندگی می‌کنید؟,https://www.youtube.com/watch?v=JKyJrfr8nAs
نوسان در بازار ارز,https://www.youtube.com/watch?v=MvfBy00zmF8
ایران: شیوع دوباره‌ی پاندمی در اکثر استان‌ها,https://www.youtube.com/watch?v=G1Y3V_lYcq0
تاثیر رعایت پروتکل های بهداشتی بر میزان مرگ و میر ناشی از کرونا,https://www.youtube.com/watch?v=nzv9l0crTsc
قانون امنیت ملی؛,https://www.youtube.com/watch?v=BhXxSQuPAEo
اعتراض کارمندان سیستم درمان اسپانیا به کمبودها,https://www.youtube.com/watch?v=3I_lO7QnXJc
برایان هوک در منطقه,https://www.youtube.com/watch?v=p3fHtRoke5c
کرونا: هر ۹ دقیقه یک قربانی,https://www.youtube.com/watch?v=1UyLr0bgstc
بفرمایید شام سری ۱۳ اوتاوا - گروه ۱۶ شب چهارم/ Befarmaeed Sham S13 Ottawa G16 N4,https://www.youtube.com/watch?v=c58lh3Uw2Kc
ازسرگیری جذاب‌ترین مسابقه‌ی اتومبیل‌رانی جهان:,https://www.youtube.com/watch?v=BkvvzAkkjJA
بفرمایید شام سری ۱۳ اوتاوا - گروه ۱۶ شب سوم/ Befarmaeed Sham S13 Ottawa G16 N3,https://www.youtube.com/watch?v=ko8VbMvn7tA
برایان هوک:اجازه نمی دهیم تهران آزادانه سلاح خرید و فروش کند.,https://www.youtube.com/watch?v=cauIS4I2ehU
پاوه :خداحافظی تلخ با سه فعال محیط زیست,https://www.youtube.com/watch?v=WK2HmifuFGU
بازارمسکن: بهای اجاره با دستور روحانی مدیریت می‌شود؟,https://www.youtube.com/watch?v=_v3jGIJ0QhM
بفرمایید شام سری ۱۳ اوتاوا - گروه ۱۶ شب دوم/ Befarmaeed Sham S13 Ottawa G16 N2,https://www.youtube.com/watch?v=nIOfYntrS6k
«قاآنی در البوکمال»؛ پایگاه نیروهای قدس که بمباران شد,https://www.youtube.com/watch?v=NR2qdUD8TaM
سی و سه سال پس از یک فاجعه,https://www.youtube.com/watch?v=chpnqI60-To
«تیرباران در ماه رمضان»,https://www.youtube.com/watch?v=eO8OQmcQD3w
ایران:رشد اعتیاد بالاتر از رشد جمعیت,https://www.youtube.com/watch?v=ETEfLV7qXxA
سی و سه سال پس از یک فاجعه,https://www.youtube.com/watch?v=4DIYD6VoujQ
بفرمایید شام سری ۱۳ اوتاوا - گروه ۱۶ شب اول/ Befarmaeed Sham S13 Ottawa G16 N1,https://www.youtube.com/watch?v=-7YENDuUUBk
از رویایشان چه باقی مانده ؟,https://www.youtube.com/watch?v=No1M3M3Fx-M
Time Tunnel | تونل زمان - مسابقات آسیایی توکیو، روز پیشاهنگ، تهران از آسمان,https://www.youtube.com/watch?v=bxH3kcMMWys
اعتراضات کارگری؛ آتشی زیر خاکستر,https://www.youtube.com/watch?v=5t70D8JvHH4
جعبه سیاه پرواز ۷۵۲ اوکراین: ابزاری برای باج خواهی دیپلماتیک؟,https://www.youtube.com/watch?v=tAQG2FpcVxc
حکایت افزایش ۲۰ درصدی درآمد,https://www.youtube.com/watch?v=BWZqnxu24QI
اعتراضات کارگری؛ آتشی زیر خاکستر,https://www.youtube.com/watch?v=wpXByT2L6Gg
«بازگشت تمامی تحریم‌ها»,https://www.youtube.com/watch?v=tZTZHhBESIs
لوداب، مظلوم در آتش,https://www.youtube.com/watch?v=0dsUctbjhmU
اقتصاد ایران در سایه تحریم و کرونا,https://www.youtube.com/watch?v=-qYZzCktzvI
روحانی: ارز «مال» دولت است,https://www.youtube.com/watch?v=yRcGOmcje6U
اقتصاد ایران: گرانی اقلام اساسی,https://www.youtube.com/watch?v=nr-EX-FHUjw
«تعدیل نیروی ۳۰ درصد از کسب و کارها»,https://www.youtube.com/watch?v=Y7H20PuZK20
دهمین روز اعتصاب کارکنان هفت تپه,https://www.youtube.com/watch?v=qNHKTBqWKvw
«تمدید نامحدود تحریم‌های تسلیحاتی جمهوری اسلامی»,https://www.youtube.com/watch?v=ckzGq6dQwTQ
چهارسالگی یک تصمیم,https://www.youtube.com/watch?v=GCM1ScSNLi8
بحران در شیلی,https://www.youtube.com/watch?v=t2HFlRjAy-c
بفرمایید شام سری ۱۳ اوتاوا - گروه ۱۵ شب چهارم/ Befarmaeed Sham S13 Ottawa G15 N4,https://www.youtube.com/watch?v=QRMEQe0L1jw
بازار مسکن:,https://www.youtube.com/watch?v=iz7LV1m_-sM
رشد افسارگسیخته‌ی قیمت دلار,https://www.youtube.com/watch?v=4sSlKosvnEU
ایران: ادامه‌ی سقوط ارزش ریال,https://www.youtube.com/watch?v=hlrRsFaHquU
برزیل:تظاهرات همزمان مخالفان و موافقان دولت,https://www.youtube.com/watch?v=bWLJVxnVr3k
بفرمایید شام سری ۱۳ اوتاوا - گروه ۱۵ شب سوم/ Befarmaeed Sham S13 Ottawa G15 N3,https://www.youtube.com/watch?v=oR7Qdq0svzQ
جهش دوباره آمار مبتلایان به کرونا,https://www.youtube.com/watch?v=ilyiLDwrS1g
مرز اسپانیا و فرانسه: صف سیگار!,https://www.youtube.com/watch?v=-5L0-q0W7OU
آخرین خورشید گرفتگی قرن؛ سایه‌‌ی ماه در ایران,https://www.youtube.com/watch?v=k5l0vZmRu1c
«حادثه تروریستی» در ردینگ بریتانیا,https://www.youtube.com/watch?v=3h-mYe9Gm04
وزیر بهداشت: کرونا یک ویروس صد هزار چهره است,https://www.youtube.com/watch?v=UI_rdcvgwPg
بررسی فضای مجازی در مجلس,https://www.youtube.com/watch?v=aK26Zn1a0Ms
اقتصاد ایران:افزایش نرخ دلار آمریکا,https://www.youtube.com/watch?v=6qOgeB5n2m0
هشدار ترامپ به مقامات در تهران:,https://www.youtube.com/watch?v=vkCH0gu_its
بفرمایید شام سری ۱۳ اوتاوا - گروه ۱۵ شب دوم/ Befarmaeed Sham S13 Ottawa G15 N2,https://www.youtube.com/watch?v=8SMuHAXCmkY
روز جهانی پناهندگان؛ فرصتی برای شنیدن صدایشان,https://www.youtube.com/watch?v=WxkDG7fn9pk
سی سال پس از زلزله رودبار,https://www.youtube.com/watch?v=pYC7bqj1mJI
آمار سه رقمی جان باختگان کرونا,https://www.youtube.com/watch?v=s1ygbmKD4kA
وضعیت بحرانی قطعه سازان: بیکاری و تعدیل نیروی کارگران,https://www.youtube.com/watch?v=oAtXW083mjw
بفرمایید شام سری ۱۳ اوتاوا - گروه ۱۵ شب اول/ Befarmaeed Sham S13 Ottawa G15 N1,https://www.youtube.com/watch?v=VHrtAXdZSFk
مرگ مشکوک «غلامرضا منصوری»: اما و اگرها,https://www.youtube.com/watch?v=wJj3r81m-AE
ایرج مصداقی از سناریوهای محتمل در کشته‌شدن قاضی منصوری می‌گوید,https://www.youtube.com/watch?v=gmZtRinI-N0
«البرز» سوخت تا زاگرس نسوزد…,https://www.youtube.com/watch?v=Yp7sHcrdwEc
بفرمایید شام سری ۱۳ اوتاوا - گروه۱۴ شب چهارم/ Befarmaeed Sham S13 Ottawa G14 N4,https://www.youtube.com/watch?v=lNPNU4MVg-Q
بفرمایید شام سری ۱۳ اوتاوا - گروه۱۴ شب سوم/ Befarmaeed Sham S13 Ottawa G14 N3,https://www.youtube.com/watch?v=Us_zTxkRHgY
بفرمایید شام سری ۱۳ اوتاوا - گروه۱۴ شب دوم/ Befarmaeed Sham S13 Ottawa G14 N2,https://www.youtube.com/watch?v=TPVPnk1sSxc
غیزانیه همچنان تشنه و در انتظار آب,https://www.youtube.com/watch?v=Czvmm_RL3L4
وعده دولت برای کاهش نرخ اجاره بها,https://www.youtube.com/watch?v=wDwG55vnUxQ
موج دوم در پکن: هشدار به جهانیان برای بازگشت کرونا,https://www.youtube.com/watch?v=jZDuY_8lMk8
زنگ خطر مجددا به صدا در آمد,https://www.youtube.com/watch?v=Y0z5cXVn-_Q
جمهوری اسلامی :نمایش دوباره خاطرات موشکی، حالا چرا؟,https://www.youtube.com/watch?v=B4zyR_iu0ZE
ماهان: یک خاطره یک جنجال تازه!,https://www.youtube.com/watch?v=Ns1G-M7DsbI
Time Tunnel | تونل زمان - سفر شاه به انگلستان، مسابقات پرش با اسب,https://www.youtube.com/watch?v=lKUzlzyngEg
Time Tunnel Special | تونل زمان - نمایشنامه عزیزم تولدت مبارک,https://www.youtube.com/watch?v=tI6aZmCC6pc
Time Tunnel Special - The Narrow-Minded Man | تونل زمان - نمایشنامه مرد کوته فکر,https://www.youtube.com/watch?v=VXESLCtsmDI
ایفل زیبا آماده‌ی بازگشایی,https://www.youtube.com/watch?v=J8Eh5sN_C00
سهام عدالت: مهلت آزادسازی تا ساعت ۲۴ ۲۹ خرداد.,https://www.youtube.com/watch?v=KqDL1URU4p0
جان دوباره کرونا در چین,https://www.youtube.com/watch?v=10DoWtpMVJQ
صدور انقلاب به قفقاز؟,https://www.youtube.com/watch?v=yWktIHitbMI
قانون سزار؛ حلقه تنگ تحریم واشنگتن بر گردن اسد,https://www.youtube.com/watch?v=HAl2a_96pfo
برگشت به زندگی عادی به زودی امکان پذیر نیست!,https://www.youtube.com/watch?v=tisnRHKYAtA
چهار حادثه‌ی ناگوار برای شهروندان افغانستانی در ایران,https://www.youtube.com/watch?v=jGTv8Q4Am-Y
دلار،مسئولین نظاره گر، بازار طوفانی.,https://www.youtube.com/watch?v=b2b5AFjxzMY
روز جهانی مبارزه با بیابان‌زایی,https://www.youtube.com/watch?v=kYUeq2Kgp44
بررسی سفر محمدجواد ظریف، وزیر خارجه جمهوری اسلامی به ترکیه و روسیه,https://www.youtube.com/watch?v=hVlp0ic_Zoo
بفرمایید شام سری ۱۳ اوتاوا - گروه۱۴ شب چهارم/ Befarmaeed Sham S13 Ottawa G14 N4,https://www.youtube.com/watch?v=9Y_94gTJVHc
ایران: کرونا همچنان در مسیر صعود,https://www.youtube.com/watch?v=OwcdnvoLHoo
دستگیری «الکس ساب»: بازیگران پشت پرده دور زدن تحریم‌ها,https://www.youtube.com/watch?v=VS8fry_ZrTY
بفرمایید شام سری ۱۳ اوتاوا - گروه۱۴ شب سوم/ Befarmaeed Sham S13 Ottawa G14 N3,https://www.youtube.com/watch?v=TlorZJrwjy0
سودای ابرقدرتی: از رویا تا واقعیت!,https://www.youtube.com/watch?v=VLH3nOHm4wo
سند تحول بنیادین: طرحی مقاومتی یا تربیتی؟,https://www.youtube.com/watch?v=xnM0eKl9K8Q
ترس مردم از کرونا ریخته,https://www.youtube.com/watch?v=Ff_LwuXgUhA
بفرمایید شام سری ۱۳ اوتاوا - گروه۱۴ شب دوم/ Befarmaeed Sham S13 Ottawa G14 N2,https://www.youtube.com/watch?v=rDCE8Wpbu_Q
فلوید؛ جمهوری‌اسلامی و ارتباط فعال با دنیای غرب,https://www.youtube.com/watch?v=qnMS4kEBbfk
لبنان: پایان صبر معترضان,https://www.youtube.com/watch?v=huXF1dnhW5I
بفرمایید شام سری ۱۳ اوتاوا - گروه۱۴ شب اول/ Befarmaeed Sham S13 Ottawa G14 N1,https://www.youtube.com/watch?v=seSWAhp4WoI
آخرین‌ها از وضعیت غلامرضا منصوری,https://www.youtube.com/watch?v=m6I2YVLyaRA
نمی‌خواهم نفس بکشم!,https://www.youtube.com/watch?v=RMIzsGjQ8wI
Time Tunnel | تونل زمان - سفر شاه و شهبانو به نیوزیلند، تهران مدرن,https://www.youtube.com/watch?v=p0Pi2b8WdN8
قضاوت تاریخ با معیار امروز؟,https://www.youtube.com/watch?v=Ub0QqSGsQ9w
مادر تحریم‌ها در انتظار جمهوری اسلامی,https://www.youtube.com/watch?v=-KLoaMVfYWc
سلبریتی نیوز-- ۲۱ خرداد ۱۳۹۹,https://www.youtube.com/watch?v=bBJpQsfegKE
بفرمایید شام سری ۱۳ مونترال - گروه۱۳ شب چهارم/ Befarmaeed Sham S13 Montreal G13 N4,https://www.youtube.com/watch?v=fOjyI-cMCNw
پشت پرده گرانی موبایل؛ کرونا یا کاهش واردات؟,https://www.youtube.com/watch?v=i3bGPcYBcXs
کرونا و نبود سقف حمایتی برای کارگران ساختمانی,https://www.youtube.com/watch?v=5-7QPBhv0I8
سلبریتی نیوز- ۲۰ خرداد ۱۳۹۹,https://www.youtube.com/watch?v=9ZYNz7vpMog
قانون جنجالی ۱۹۹۴ آمریکا,https://www.youtube.com/watch?v=1yq2Ai6z9cA
سلبریتی نیوز- ۱۹ خرداد ۱۳۹۹,https://www.youtube.com/watch?v=13-MAF5RJ08
بفرمایید شام سری ۱۳ مونترال - گروه۱۳ شب سوم/ Befarmaeed Sham S13 Montreal G13 N3,https://www.youtube.com/watch?v=rFWt_AZBtBw
پیش‌لرزه های موج دوم کرونا آغاز شده؟,https://www.youtube.com/watch?v=46-1DYdeoNE
پرواز ۷۵۲ :تعلل ایران در ارسال جعبه سیاه,https://www.youtube.com/watch?v=GNhEZy6oCYg
بفرمایید شام سری ۱۳ مونترال - گروه۱۳ شب دوم/ Befarmaeed Sham S13 Montreal G13 N2,https://www.youtube.com/watch?v=aewq_n6X20U
سلبریتی نیوز - ۱۸ خرداد ۱۳۹۹,https://www.youtube.com/watch?v=bwjV3DiofvA
«خودروی مهاجران افغانستانی پس از شلیک پلیس ایران به تایر آن آتش گرفته»,https://www.youtube.com/watch?v=lO9mz_XsoXc
بفرمایید شام سری ۱۳ مونترال - گروه۱۳ شب اول/ Befarmaeed Sham S13 Montreal G13 N1,https://www.youtube.com/watch?v=0w8PeCwT7wk
ادامه‌ی هشدارهای مقامات استانی در خصوص موج دوم همه‌گیری,https://www.youtube.com/watch?v=C9GW0M6O49k
Time Tunnel | تونل زمان - مسابقات بین المللی تنیس کاپ آریامهر,https://www.youtube.com/watch?v=1w4EPI4eKVM
اهمیت بزرگ ‌ترین زیست بوم ایران,https://www.youtube.com/watch?v=ywCBY2c3oyc
فرودگاه طرابلس در تصرف ارتش لیبی,https://www.youtube.com/watch?v=nCaPLNjmX3Q
هواوی تحریم‌ها علیه تهران را دور می‌زند,https://www.youtube.com/watch?v=58hk9lJvBRM
ادامه‌ی اعتراضات در شهرهای مختلف آمریکا شب گذشته هم ادامه داشت.,https://www.youtube.com/watch?v=yOzUK7GrV0s
ترافیک سنگین در جاده‌ها به سمت شمال,https://www.youtube.com/watch?v=uSBS4AQ7AFA
فوتبال ایران تعلیق می شود؟,https://www.youtube.com/watch?v=GmF1HNIAvfs
بفرمایید شام سری ۱۳ مونترال - گروه۱۲ شب چهارم/ Befarmaeed Sham S13 Montreal G12 N4,https://www.youtube.com/watch?v=ptWd5Ly0jSQ
خشونت علیه زنان را پایان دهید!,https://www.youtube.com/watch?v=uRnGz_P798k
فاز جدید بازگشایی‌ها در بریتانیا: مدارس ابتدایی شروع به کار کردند.,https://www.youtube.com/watch?v=YdHsvVrjQKc
اعتراضات آمریکا شب گذشته هم ادامه یافت.وضعیت در واشنگتن و نیویورک بحرانی گزارش شده,https://www.youtube.com/watch?v=RFh1qt7s8Is
اخبار سلبریتی ۱۳ خرداد ۱۳۹۹,https://www.youtube.com/watch?v=lPi79zgpKo4
بفرمایید شام سری ۱۳ مونترال - گروه۱۲ شب سوم/ Befarmaeed Sham S13 Montreal G12 N3,https://www.youtube.com/watch?v=ZczgP4cvdMo
سومین شب تظاهرات گسترده همراه با خشونت در ایالات مختلف آمریکا,https://www.youtube.com/watch?v=JRhYbnLeo6k
اخبار سلبریتی ۱۲ خرداد ۱۳۹۹,https://www.youtube.com/watch?v=REJ6ZkmZwyo
ایدز: گامی کوچک، اما مایه امید,https://www.youtube.com/watch?v=ge3kJCU2Ako
بفرمایید شام سری ۱۳ مونترال - گروه۱۲ شب دوم/ Befarmaeed Sham S13 Montreal G121 N2,https://www.youtube.com/watch?v=DCXCBKiCSn8
گامهای سنگین کرونا و نفسهایی به شمار افتاده,https://www.youtube.com/watch?v=5qZ7saX1v1w
جنگل های سیاه پوش شدی بلوط ایران,https://www.youtube.com/watch?v=6iD7FTS5Oug
سلبریتی نیوز- ۱۱ خرداد ۱۳۹۹,https://www.youtube.com/watch?v=d3cGezLC2X8
بفرمایید شام سری ۱۳ مونترال - گروه۱۲ شب اول/ Befarmaeed Sham S13 Montreal G12 N1,https://www.youtube.com/watch?v=7Gz92VsQt7s
هشدار بی سر و صدا کاخ سفید به سراسر جهان,https://www.youtube.com/watch?v=PvmZrHXm8-Q
تمهیدات جدید دولت در مبارزه با شیوع کرونا و موج جدید بازگشایی ها,https://www.youtube.com/watch?v=NRlKnNYGJpI
غذا بازی با شایان / Manoto Plus,https://www.youtube.com/watch?v=NLP3SeWkItg
سلبریتی نیوز  - ۱۰ خرداد ۱۳۹۹,https://www.youtube.com/watch?v=jBeLuAQd65M
انکار، جنگ، کرونا,https://www.youtube.com/watch?v=NU5g1_yX4us
تانگو با کاراکاس؛ خیز بلند تهران زیر نگاه واشنگتن,https://www.youtube.com/watch?v=2Wx_WY1jraA
مینیاپولیس در آتش خشم معترضان,https://www.youtube.com/watch?v=7mOXOTd4qiw
Time Tunnel | تونل زمان - مراسم تحویل ناوهای جنگی، جشن پرستاری,https://www.youtube.com/watch?v=n1M7cVz6uDo
ایران: چرا اصرار بر بازگشایی اماکن مذهبی؟,https://www.youtube.com/watch?v=dKuCnz5c5EQ
محمدباقر قالیباف در صدر قوه‌ی مقننه‌ی نظام اسلامی نشست,https://www.youtube.com/watch?v=OPJg9QkYL4U
جان کارگران: بهای یک لقمه نان با تورم ۲۱درصدی,https://www.youtube.com/watch?v=Kv7MPeWFHyI
داس قوانین پوسیده بر گلوی «رومینا»ی ۱۴ ساله,https://www.youtube.com/watch?v=5SfODH4yrlo
«تدابیر بسیار قوی آمریکا علیه چین»,https://www.youtube.com/watch?v=Z-YQJjHkag8
یک مجلس دربست اصولگرا,https://www.youtube.com/watch?v=mhldFT17lYw
سلبریتی نیوز - ۷ خرداد ۱۳۹۹,https://www.youtube.com/watch?v=geFPkW7uf48
گلوله در جواب آب!,https://www.youtube.com/watch?v=KwEcpGsVbrk
بفرمایید شام سری ۱۳ مونترال - گروه۱۱ شب چهارم / Befarmaeed Sham S13 Montreal G11 N4,https://www.youtube.com/watch?v=Ta5xxCYlAHk
ترم تمام شد، اینترنت رایگان نشد!,https://www.youtube.com/watch?v=JEWIEzgfxTE
سلبریتی نیوز- ۶ خرداد ۱۳۹۹,https://www.youtube.com/watch?v=tBc7w8YJIWQ
آخرین دستاوردها در مبارزه با کرونا,https://www.youtube.com/watch?v=F2mS1YDSL5s
زندگی با کرونا، درسی که جهان مجبور به آموختن‌ آن شد,https://www.youtube.com/watch?v=VjYWnxRxMIE
تظاهرات مخالفان و موافقان بنیامین نتانیاهو همزمان با نخستین جلسه دادگاه آقای نخست‌وزیر,https://www.youtube.com/watch?v=UjSMyIUWej4
چراغ سبز به فعالیت اصناف پرخطر: اما و اگرها,https://www.youtube.com/watch?v=xMeexqmYLCA
بفرمایید شام سری ۱۳ مونترال - گروه۱۱ شب سوم / Befarmaeed Sham S13 Montreal G11 N3,https://www.youtube.com/watch?v=KvLqcy1CDMc
سلبریتی نیوز - ۵ خرداد ۱۳۹۹,https://www.youtube.com/watch?v=JBaGFbrz-cY
بفرمایید شام سری ۱۳ مونترال - گروه۱۱ شب دوم / Befarmaeed Sham S13 Montreal G11 N2,https://www.youtube.com/watch?v=LS8mrutHJmM
آتش‌بس سه روزه‌ی طالبان و دولت افغانستان,https://www.youtube.com/watch?v=taITvlPdEGQ
اعتراضات پساکرونایی,https://www.youtube.com/watch?v=nNzUBgGdpNs
کیم جونگ اون: دستور تقویت فعالیت‌های هسته‌ای,https://www.youtube.com/watch?v=z8Kxg8rN3-w
سلبریتی نیوز  - ۴ خرداد ۱۳۹۹,https://www.youtube.com/watch?v=ua5EPmmZUxU
دولت آرامش را به بازار خودرو باز می گرداند؟,https://www.youtube.com/watch?v=-_SMFuo0BAc
گسترده تر شدن ابهام های یه فاجعه,https://www.youtube.com/watch?v=iQ26E_UEu4k
بفرمایید شام سری ۱۳ مونترال - گروه۱۱ شب اول / Befarmaeed Sham S13 Montreal G11 N1,https://www.youtube.com/watch?v=13xyV7oXT3c
برنامه‌های تازه‌ی دولت برای بازگشایی ها,https://www.youtube.com/watch?v=ZL1ZtNtefiA
سلبریتی نیوز  - ۳ خرداد ۱۳۹۹,https://www.youtube.com/watch?v=yjLujCjDN1A
محو اسرائیل: از رویا تا واقعیت,https://www.youtube.com/watch?v=EWlNLSmKQqM
روزهای سخت در افغانستان,https://www.youtube.com/watch?v=KmXvEeS1fgI
کرونا در جهان: از چین تا برزیل,https://www.youtube.com/watch?v=LfYIQAD8ugk
اعتراض پرستاران به تبعیض و وعده های توخالی استخدامی,https://www.youtube.com/watch?v=DjifOPEJsAU
سلبریتی نیوز _ ۲ خرداد ۱۳۹۹,https://www.youtube.com/watch?v=JkgyjuSDUhA
Time Tunnel | تونل زمان - انیمیشن رخ، اختلافات ایران و عراق,https://www.youtube.com/watch?v=gd7do8gCsgc
Manoto Plus / من و تو پلاس - آموزش روتین رقص ایرانی کلاسیک با شیرین,https://www.youtube.com/watch?v=tz5GyHckZdU
تصمیم ترامپ در برابر تهران و کاراکاس,https://www.youtube.com/watch?v=QaoWNE6uAK0
ایران و ایالات متحده: از خلیج فارس تا اقیانوس اطلس,https://www.youtube.com/watch?v=NhCeZSCeL4k
آخرین روز کاری مجلس دهم,https://www.youtube.com/watch?v=8d-5NrW87ZY
جنگجویان کرونا به فروش می‌رسند!,https://www.youtube.com/watch?v=9sgcfOpCRQk
بازار داغ شایعات کرونا ادامه دارد.,https://www.youtube.com/watch?v=A0jcaiyncgY
"manoto plus/منوتوپلاس /""ما"" ی جدید",https://www.youtube.com/watch?v=K5ODNXb5HRo
رد پای فساد؛ جاده مخصوص تا بهارستان,https://www.youtube.com/watch?v=0lmtZIyg-Wo
برزیل بزرگترین کانون همه‌گیری کرونا در آمریکای جنوبی,https://www.youtube.com/watch?v=r-3Vb9PamWE
بفرمایید شام سری ۱۳ مونترال - گروه۱۰ شب چهارم / Befarmaeed Sham S13 Montreal G10 N4,https://www.youtube.com/watch?v=fEtc0ssftpc
سلبریتی نیوز - ۳۰ اردیبهشت ۱۳۹۹,https://www.youtube.com/watch?v=cVW2jYbHUEY
بریتانیا، یک هفته پس از تسهیل مقررات: کاهش نرخ مرگ و میر,https://www.youtube.com/watch?v=R3QrA5WbQt4
بازگشت آرام رومن‌ها به جریان عادی زندگی,https://www.youtube.com/watch?v=PJTVuxGOWhU
نبرد و سازش هم‌زمان!,https://www.youtube.com/watch?v=bSIgSh-4VRA
هشدار فائو: شیوع کرونا در یمن، فاجعه ی جدی برای دنیا,https://www.youtube.com/watch?v=UUwviq33Li0
بفرمایید شام سری ۱۳ مونترال - گروه۱۰ شب سوم / Befarmaeed Sham S13 Montreal G10 N3,https://www.youtube.com/watch?v=hxCVAASeeXc
سلبریتی نیوز _ ۲۹ اردیبهشت ۱۳۹۹,https://www.youtube.com/watch?v=4Tfq-4g5PZg
پیک بیماری در هشت استان: موج دوم در راه است؟,https://www.youtube.com/watch?v=OiqypWAffCE
هراس از کرونا یا ترس از گرسنگی و بیکاری؟,https://www.youtube.com/watch?v=SB4-MZJCL78
یونان؛ بازگشت گردشگران به سواحل,https://www.youtube.com/watch?v=UImp-AUhFB8
بفرمایید شام سری ۱۳ مونترال - گروه۱۰ شب دوم / Befarmaeed Sham S13 Montreal G10 N2,https://www.youtube.com/watch?v=bu2ADnpuqEc
سلبریتی نیوز- ۲۸ اردیبهشت ۱۳۹۹,https://www.youtube.com/watch?v=9SGeMMNH5TI
بفرمایید شام سری ۱۳ مونترال - گروه۱۰ شب اول / Befarmaeed Sham S13 Montreal G10 N1,https://www.youtube.com/watch?v=zqtKKPca0f0
سازمان بهداشت جهانی بررسی می کند: «احتمال ارتباط کرونا ویروس با سندرم التهابی در کودکان»,https://www.youtube.com/watch?v=5fZpfwtKPFQ
بازگشایی اماکن مذهبی و تجمعات دینیپروتکل های بهداشتی در اینگونه مراسم  تا چه اندازه  قابل اجراست؟,https://www.youtube.com/watch?v=MKjKcY0pZJk
گزارشگر ۲۶ اردیبهشت ۹۹,https://www.youtube.com/watch?v=lGHUwsyV3NI
کارگران معدن زغال سنگ کرمان و لبه تیغ خصوصی سازی,https://www.youtube.com/watch?v=1Ty7Iz59LRk
راهکارهای سرپرست جدید صمت برای بازار ملتهب خودرو,https://www.youtube.com/watch?v=B5HIYCVR_bc
طغیان کرونا در خوزستان و اعلام وضعیت قرمز از پشت بلندگو,https://www.youtube.com/watch?v=q1ktIky_f9E
قسمت دهم - مونتاژ ویدئوهای ارسالی چالش ۲۳ / ۲۶ اردیبهشت ۹۹,https://www.youtube.com/watch?v=IFcXfKtyLNg
سلبریتی نیوز- ۲۶ اردیبهشت ۱۳۹۹,https://www.youtube.com/watch?v=5tm9izyxXTE
Time Tunnel | تونل زمان - امجدیه، تحویل جت آمریکا به نیروی هوایی,https://www.youtube.com/watch?v=6htl-FZ8CW4
گسل بیکاری زیر پای مدافعان سلامت,https://www.youtube.com/watch?v=MfLCdKuS-8E
قسمت نهم - مونتاژ ویدئوهای ارسالی چالش ۲۳ / ۲۵ اردیبهشت ۹۹,https://www.youtube.com/watch?v=j5wkmAOqS30
خطر حذف جنگل‌های هیرکانی از نقشه‌ی ایران!,https://www.youtube.com/watch?v=gqahVb7YKmQ
کرونا و کام تلخ قنادان,https://www.youtube.com/watch?v=QknBYPgtA3o
وزیر خارجه آمریکا در اسرائیل,https://www.youtube.com/watch?v=yaUpf4TynUo
سلبریتی نیوز - ۲۴ اردیبهشت ۱۳۹۹,https://www.youtube.com/watch?v=5m8t0WfkOTQ
بفرمایید شام سری ۱۳ مونترال - گروه۹ شب چهارم / Befarmaeed Sham S13 Montreal G9 N4,https://www.youtube.com/watch?v=Gfi357guK5U
نفت مجانی جمهوری اسلامی در خدمت اسد و مادورو,https://www.youtube.com/watch?v=Nx_dXsaMAwk
آنها مرگ را عادی می‌کنند!,https://www.youtube.com/watch?v=zBBXkg1bDrg
سلبریتی نیوز- ۲۳ اردیبهشت ۱۳۹۹,https://www.youtube.com/watch?v=_fCB-y8IVHo
بفرمایید شام سری ۱۳ مونترال - گروه۹ شب دوم / Befarmaeed Sham S13 Montreal G9 N2,https://www.youtube.com/watch?v=rPi4gOFjAR0
اختصاصی از دزاشیب، تهران خانه نیما یوشیج,https://www.youtube.com/watch?v=IPLlGcEx6BE
تظاهرات بغداد,https://www.youtube.com/watch?v=p4fQV8GaRpo
«هوشیار باشید! وضع بهتر شده اما هنوز عادی نیست»,https://www.youtube.com/watch?v=-ZXjGqVI16M
بفرمایید شام سری ۱۳ مونترال - گروه۹ شب سوم / Befarmaeed Sham S13 Montreal G9 N3,https://www.youtube.com/watch?v=t43ePrGoQZM
سلبریتی نیوز- ۲۲ اردیبهشت ۱۳۹۹,https://www.youtube.com/watch?v=2BE7bKVCKxw
جمهوری‌اسلامی؛ از شور حسینی تا صلح حسنی,https://www.youtube.com/watch?v=Cdwy5xTdcoc
کرونا: مقررات منع آمد و شد و پیامدهای اقتصادی و اجتماعی آن,https://www.youtube.com/watch?v=v50AUEKmU2E
«آماری که ما اعلام می‌کنیم دقیق‌ترین، منظم‌ترین و عالمانه‌ترین در دنیاست»,https://www.youtube.com/watch?v=M6D9Uvfwn30
بازگشت زندگی به شرق افغانستان,https://www.youtube.com/watch?v=c4MLmsUfCI0
عراق: دستور آزادی کلیه زندانیان اعتراضات,https://www.youtube.com/watch?v=TjB0c2x-A5I
سلبریتی نیوز - ۲۱ اردیبهشت ۱۳۹۹,https://www.youtube.com/watch?v=RsDwBxu4i2A
رشد منفی گردشگری در ایران در ۲۰۲۰,https://www.youtube.com/watch?v=o-rUY8igADI
آیا کووید-۱۹ دست ساز بشر است؟,https://www.youtube.com/watch?v=L7wdJbaOpsE
کووید-۱۹، سرکش و نافرمان در جهان,https://www.youtube.com/watch?v=B5N4IXXwbhM
بفرمایید شام سری ۱۳ مونترال - گروه۹ شب اول / Befarmaeed Sham S13 Montreal G9 N1,https://www.youtube.com/watch?v=p5ymbq8DvHQ
نامه ظریف به گوترش: تلاشی در حفظ جنازه برجام، مصالحه یا عذرخواهی؟,https://www.youtube.com/watch?v=92nb9vUv9ns
سلبریتی نیوز- ۲۰ اردیبهشت ۱۳۹۹,https://www.youtube.com/watch?v=OIAUaW5Nqgg
قطع درختان در کلاردشت,https://www.youtube.com/watch?v=hFbxztWKjGs
قسمت هشتم - مونتاژ ویدئوهای ارسالی چالش ۲۳ / ۱۹ اردیبهشت ۹۹,https://www.youtube.com/watch?v=VWhpP_dJiJ0
اختصاصی: زلزله در تهران، البرز و دماوند به روایت شما,https://www.youtube.com/watch?v=d3F2rZWt8gA
مونتاژ ویدئوهای ارسالی چالش ۲۳ - قسمت هشتم,https://www.youtube.com/watch?v=s6ia0tD35dA
اصلاح طلب،اصول گرا دیگه تمومه ماجرا!,https://www.youtube.com/watch?v=NLo2WaHGxFI
جامعه رنگین پوستان در مقابل کرونا آسیب پذیرترند,https://www.youtube.com/watch?v=kOizyCSygjA
زندگی در ایتالیا بعد از کاهش منع آمد و شد,https://www.youtube.com/watch?v=Sxl1tyUV_m4
Time Tunnel | تونل زمان - اردوی رامسر، شاه و ثریا در اسپانیا,https://www.youtube.com/watch?v=rfbzGX2oE7c
ترامپ مصوبه‌ی کنگره‌ی آمریکا را وتو کرد,https://www.youtube.com/watch?v=I1bKiH27jZU
افکارعمومی نگران سرنوشت دو نخبه‌ی بازداشتی دانشگاه شریف,https://www.youtube.com/watch?v=UcqNfOreSh0
نخست وزیر جدید عراق و عرصه چالش‌های تهران - واشنگتن,https://www.youtube.com/watch?v=Sh85zuhUw4U
قسمت هفتم - مونتاژ ویدئوهای ارسالی چالش ۲۳ / ۱۸ اردیبهشت ۹۹,https://www.youtube.com/watch?v=YcEXeKfZVoM
اختصاصی: گرانی در بازار لوازم خانگی,https://www.youtube.com/watch?v=vvP6jvjKjiQ
عقب نشینی بی سر و صدا از سوریه,https://www.youtube.com/watch?v=IAT0xBCGN98
Time Tunnel Special - Reza Shah Funeral | مراسم خاکسپاری رضا شاه پهلوی,https://www.youtube.com/watch?v=JFV-PYFchTw
سلبریتی نیوز - ۱۷ اردیبهشت ۱۳۹۹,https://www.youtube.com/watch?v=ggcsXtyCfug
اختصاصی: تولد دریاچه ی به نام زواره در دل کویر مرکزی ایران,https://www.youtube.com/watch?v=F2LBM5RXCOY
بفرمایید شام سری ۱۳ مونترال - گروه۸ شب چهارم / Befarmaeed Sham S13 Montreal G8 N4,https://www.youtube.com/watch?v=t1l2EACed7g
خرید تسلیحات، از رویا تا واقعیت,https://www.youtube.com/watch?v=eIi8-DT924M
خیز کرونا در برخی استانها,https://www.youtube.com/watch?v=fQpD--OmGZg
حذف چهار صفر از پول ملی: اصلاح اقتصاد یا بازی با اعداد؟,https://www.youtube.com/watch?v=E2iLrF0Hbfg
روشی عجیب برای حفظ آمادگی جسمی در دوران کرونا,https://www.youtube.com/watch?v=V2yP_6hdGRY
سلبریتی نیوز- ۱۶ اردیبهشت ۱۳۹۹,https://www.youtube.com/watch?v=Pxn2jfMJ37o
اتهامات سنگین متوجه‌ی مرزبانی جمهوری‌اسلامی,https://www.youtube.com/watch?v=c7iMNUhrir4
نابودی جنگل‌های هیرکانی,https://www.youtube.com/watch?v=EOyFdRQa4mM
جزیره‌ای از پلاستیک در مدیترانه!,https://www.youtube.com/watch?v=6s7ecDMZJyw
قرنطینه‌ی چهل روزه، در هند تمدید شد,https://www.youtube.com/watch?v=xOJBHh9F0mk
سریال اتهامات واشنگتن علیه پکن,https://www.youtube.com/watch?v=v10X6TiiL0k
بفرمایید شام سری ۱۳ مونترال - گروه۸ شب سوم / Befarmaeed Sham S13 Montreal G8 N3,https://www.youtube.com/watch?v=1WAtnfeVFQA
انگ اجتماعی و انزوای مبتلایان به کرونا,https://www.youtube.com/watch?v=mlfvQhIfrUQ
سلبریتی نیوز - ۱۵ اردیبهشت ۱۳۹۹,https://www.youtube.com/watch?v=Hc0MrjB4QNU
قمار بزرگ دولت با ویروس کشنده ی کرونا؟,https://www.youtube.com/watch?v=_4so833o-G8
گزارش ویژه: کووید-۱۹ و تاثیر آن بر روابط زوج ها,https://www.youtube.com/watch?v=SBLdL-yG7E4
یمن در میانه دو نبرد: کرونا و جنگ. آیا کووید ۱۹ میتواند بهانه‌ای برای کاهش تنش‌ها بشه؟,https://www.youtube.com/watch?v=LJjyD0SuCBA
تزار هزاره‌ی سوم روسیه و مدیریت دموکراسی,https://www.youtube.com/watch?v=_Y2v68VeTu8
برزیل، از گورهای آماده برای جانباختگان کرونا تا لجاجت یک سیاستمدار,https://www.youtube.com/watch?v=uQ1bUefL5uU
سلبریتی نیوز - ۱۴ اردیبهشت ۱۳۹۹,https://www.youtube.com/watch?v=GJEfJUkBUzU
بفرمایید شام سری ۱۳ مونترال - گروه۸ شب دوم / Befarmaeed Sham S13 Montreal G8 N2,https://www.youtube.com/watch?v=dZUNUE7WqSA
«محمد نوری زاد فریاد ظلم بزرگی خواهد شد که بر همه‌ی ملت ایران می رود»,https://www.youtube.com/watch?v=Y36bSuU3epI
گزارش ویژه : نگاهی به شرایط کارکنان  مراکز کفن و دفن,https://www.youtube.com/watch?v=TS8Eqm3POLI
کیم جونگ اون پیدا شد,https://www.youtube.com/watch?v=xiiluQ-new4
بفرمایید شام سری ۱۳ مونترال - گروه۸ شب اول / Befarmaeed Sham S13 Montreal G8 N1,https://www.youtube.com/watch?v=KXm8-CRBMP8
روند نزولی اما شکننده ویروس در کشور,https://www.youtube.com/watch?v=4PdDmdxUJgY
سلبریتی نیوز  - ۱۳ اردیبهشت ۱۳۹۹,https://www.youtube.com/watch?v=jmN-YgxboEk
دختران کوبانی، دیروز علیه داعش، امروز مقابل کرونا,https://www.youtube.com/watch?v=wiY_vUYygUU
تصویر متفاوتی از زندگی کادر درمان,https://www.youtube.com/watch?v=-F6IewzaKis
کاهش  ۹۰ درصدی سفرهای هوایی بحرانی بی سابقه به وجود آورده,https://www.youtube.com/watch?v=pgMuzvAlWK8
روز آموزگار,https://www.youtube.com/watch?v=5YdiDxMtNhs
برپایی اعتراضات با وجود کرونا,https://www.youtube.com/watch?v=GTOFDCFTG9g
قسمت ششم - مونتاژ ویدئوهای ارسالی چالش ۲۳ / ۱۲ اردیبهشت ۹۹,https://www.youtube.com/watch?v=YRTI9ycQjmA
Time Tunnel | تونل زمان - عروس فرنگی، شاه و ثریا، تولد گوگوش,https://www.youtube.com/watch?v=4326E2PFSiE
منوتوپلاس / ۱۲ اردیبهشت: اخبار سلبریتی,https://www.youtube.com/watch?v=ePph54GCdbY
پمپئو: نخواهیم گذاشت ایران اسلحه بخرد.,https://www.youtube.com/watch?v=K2u-BFxolsE
سوریه؛ جنگ یا کرونا‌؟ «سهم مرگ از ویروس اما جهانی‌ست»,https://www.youtube.com/watch?v=kzDOAasybsY
اختصاصی: کار طاقت فرسا شالیکاران و سودی که به جیب دلالان سرازیر می‌شه,https://www.youtube.com/watch?v=Z58LJhvImJE
۱۰ درصد شهرهای ایران در وضعیت سفید,https://www.youtube.com/watch?v=t-0mcK5viFY
کرونا، از قصه‌های تلخ تا امیدهای تازه.,https://www.youtube.com/watch?v=HXMH4tklmQo
قسمت پنجم - مونتاژ ویدئوهای ارسالی چالش ۲۳ / ۱۱ اردیبهشت ۹۹,https://www.youtube.com/watch?v=85ETHEbTigA
سلبریتی نیوز - ۱۱ اردیبهشت ۹۹,https://www.youtube.com/watch?v=dZs7UkS80rg
سلبریتی نیوز - ۱۰ اردیبهشت ۱۳۹۹,https://www.youtube.com/watch?v=EPiedPxpsDE
شطرنج سوریه: بازگشت دوباره ایالات متحده,https://www.youtube.com/watch?v=EKR2jr62TiI
بفرمایید شام سری ۱۳ مونترال - گروه۷ شب چهارم / Befarmaeed Sham S13 Montreal G7 N4,https://www.youtube.com/watch?v=gDfY8zbTB7o
کووید-۱۹: چالشی جهانی در سایه تدبیر دولتها,https://www.youtube.com/watch?v=NdZR55d_aHc
پراید دوشادوش کرونا می تازد,https://www.youtube.com/watch?v=cqb3AvWTsqI
سلبریتی نیوز - ۹ اردیبهشت ۱۳۹۹,https://www.youtube.com/watch?v=h0UkClm7KBs
نجات یافته دیگری از کویید-۱۹ در فرانسه,https://www.youtube.com/watch?v=QDCr9z59Rgk
بفرمایید شام سری ۱۳ مونترال - گروه۷ شب سوم / Befarmaeed Sham S13 Montreal G7 N3,https://www.youtube.com/watch?v=W4rWtIcVg4s
آیا تاکید دولت بر ادامه اجرای فاصله گذاری هوشمند، با استانداردهای بین‌المللی همخوانی دارد؟,https://www.youtube.com/watch?v=DrgMmpJri5g
سلبریتی نیوز- ۷ اردیبهشت ۱۳۹۹,https://www.youtube.com/watch?v=60UMRtD262s
بفرمایید شام سری ۱۳ مونترال - گروه۷ شب دوم / Befarmaeed Sham S13 Montreal G7 N2,https://www.youtube.com/watch?v=KUTzCYziM9A
بفرمایید شام سری ۱۳ مونترال - گروه۷ شب اول / Befarmaeed Sham S13 Montreal G7 N1,https://www.youtube.com/watch?v=t9jk4PEEGxU
بحران کرونا: آزمون مسئولان یا مردم؟,https://www.youtube.com/watch?v=s6TnywYUcSM
اختصاصی: روستاهای لرستان یک سال پس از سیل,https://www.youtube.com/watch?v=T9IB2CbiA9Q
دستگاه های کمک تنفسی، چه وقت و چگونه؟,https://www.youtube.com/watch?v=h78oAbZjdvI
کووید ۱۹ که برخی را پولدارتر کرده.,https://www.youtube.com/watch?v=n5M82Q2Mur0
قسمت چهارم - مونتاژ ویدئوهای ارسالی چالش ۲۳ / ۵ اردیبهشت ۹۹,https://www.youtube.com/watch?v=W1f0NHeknC4
Time Tunnel | تونل زمان - ازدواج اردشیر زاهدی و شهناز پهلوی,https://www.youtube.com/watch?v=0EwAmOUqQdM
انگشت اتهام جهان به سمت چین کمونیست,https://www.youtube.com/watch?v=SxWa4c4ZwEQ
آلمان: تایید اولین آزمایش واکسن بر روی انسان,https://www.youtube.com/watch?v=OSj1vGqbat8
آنگلا مرکل، صدر اعظمی که محبوب قلب آلمان ها شد!,https://www.youtube.com/watch?v=ak_o26V1jG0
مصاحبه با یک بیمار نجات یافته از کووید-۱۹,https://www.youtube.com/watch?v=k1pgac95B4o
از هر پانزده ایرانی دو نفر بیکار می شود، چرا؟,https://www.youtube.com/watch?v=LWvZZt-H4qY
دولت برای دوران پسا کرونا چه برنامه ای دارد؟,https://www.youtube.com/watch?v=vQq3hRAbJkQ
ماهواره نظامی نور؛ «موتور جنگ‌های سایبری و جاسوسی»,https://www.youtube.com/watch?v=MC_OcttOPrg
روحانی: بازگشایی تدریجی ضرورت کشور بود,https://www.youtube.com/watch?v=ifgzLnlRa6Q
سلبریتی نیوز- ۳ اردیبهشت ۱۳۹۹,https://www.youtube.com/watch?v=zurRBl1cHAE
«احتمال اتهامات جدید پرونده‌ی سهیل عربی»,https://www.youtube.com/watch?v=QlMZMY5u-A0
شوک بزرگ به بازار جهانی نفت و جیب خالی رهبران تهران.,https://www.youtube.com/watch?v=AUH9kvJ38gk
بفرمایید شام سری ۱۳ مونترال - گروه۶ شب چهارم / Befarmaeed Sham S13 Montreal G6 N4,https://www.youtube.com/watch?v=anxJawFv4uE
سلبریتی نیوز- ۲ اردیبهشت ۱۳۹۹,https://www.youtube.com/watch?v=5nj5sITSACQ
درست کردن غذا برای نیازمندان,https://www.youtube.com/watch?v=jidzB92FTNk
ایران- آمریکا: تنش در سایه کرونا,https://www.youtube.com/watch?v=m0hfigJgyuw
بفرمایید شام سری ۱۳ مونترال - گروه۶ شب سوم / Befarmaeed Sham S13 Montreal G6 N3,https://www.youtube.com/watch?v=I4pmt5ihBVw
پرداخت ۱۲ میلیون تومان وام به ازاء هر شاغل,https://www.youtube.com/watch?v=omdcwcFEpJw
سلبریتی نیوز - ۱ اردیبهشت ۱۳۹۹,https://www.youtube.com/watch?v=Vud8tv0JWgw
انبوه هواپیماهای جت بدون سرنشین رزمی - چرا در شرایط حاضر؟,https://www.youtube.com/watch?v=ZidaR5ZugAE
شروع یک زندگی جدید برای کودکان گرفتار در کمپ‌های پناهجویان.,https://www.youtube.com/watch?v=KD2uyG3QIUY
فاز دوم بازگشت به کارمشاغلی که دولت آنها را پر ریسک نمی داند,https://www.youtube.com/watch?v=hhpW1kiQMRI
بفرمایید شام سری ۱۳ مونترال - گروه۶ شب دوم / Befarmaeed Sham S13 Montreal G6 N2,https://www.youtube.com/watch?v=hgtHvF3nccc
آیا چین برنده نهایی بحران همه گیری خواهد بود؟,https://www.youtube.com/watch?v=i4sDrkHm6dU
سلبریتی نیوز-۳۱ فروردین ۱۳۹۹,https://www.youtube.com/watch?v=usa2W0o6xDE
⁣برخورد فیزیکی با گزارشگر به‌علت فیلم‌برداری,https://www.youtube.com/watch?v=jqVEkLFWO2U
Manoto Plus/ منوتوپلاس - همبستگی مردم در دوران کرونا,https://www.youtube.com/watch?v=Z3HLJ0LWIMU
بفرمایید شام سری ۱۳ مونترال - گروه۶ شب اول / Befarmaeed Sham S13 Montreal G6 N1,https://www.youtube.com/watch?v=XyXe0shiF0Y
جوجه های یکروزه قربانیان کوچک بی تدبیری,https://www.youtube.com/watch?v=FXPOvRjglwQ
گفتگو با یکی از فعالان مدنی در مریوان,https://www.youtube.com/watch?v=tIbl_0nH0dE
تلاش برای اجرایی شدن  فاز دوم بازگشت به کار,https://www.youtube.com/watch?v=lEDgeorm2Go
کرونا و کادر درمان؛ دیگر تنها دست زدن کافی نیست,https://www.youtube.com/watch?v=MZasKfKPSWA
سلبریتی نیوز- ۳۰ فروردین ۱۳۹۹,https://www.youtube.com/watch?v=T5tcExlqFCM
تجمع مردم برای خرید سیمکارت و ثبت نام جهت وام یک میلیون تومانی,https://www.youtube.com/watch?v=EqdTc9x_Bbc
قسمت دوم - مونتاژ ویدئوهای ارسالی چالش ۲۳ / ۲۹ فروردین ۹۹,https://www.youtube.com/watch?v=-0s0w3IYxYI
روز ارتش :از کرونا یاب تا کرونا کش,https://www.youtube.com/watch?v=vWfXDhPZiuc
افزایش ۵۰ درصدی آمار فوتی‌ها در ووهان؛,https://www.youtube.com/watch?v=3cG-I8gjFs8
فقر و نبود امکانات، معضلات پیش‌روی آموزش مجازی در ایران,https://www.youtube.com/watch?v=zQpcyPZhWaU
۲۹ فروردین / آوریل، ماه اطلاع‌رسانی در مورد اختلال اوتیسم / شادی بیضایی,https://www.youtube.com/watch?v=T6c7HhzbNmo
قسمت اول - مونتاژ ویدئوهای ارسالی چالش ۲۳ / ۲۸ فروردین ۹۹,https://www.youtube.com/watch?v=YuwCnPj3J5Q
جهان در کوران کرونا و مردد در شکست قرنطینه,https://www.youtube.com/watch?v=F6NIKR786Ac
«آتش بس جهانی: اتحاد برای مبارزه علیه ویروس کرونا»,https://www.youtube.com/watch?v=QaSwSlO_0DY
Jaye Sher Khali EP13 | جای شعر خالی - قسمت ۱۳,https://www.youtube.com/watch?v=GDLaHPDsnfc
چالش ۲۳ چیست؟ و چگونه در این چالش شرکت کنیم؟,https://www.youtube.com/watch?v=f6ua59d_A4c
ساخت ماسک صورت در خانه برای روزهای کورونایی,https://www.youtube.com/watch?v=zWwG6DFrVJw
منوتوپلاس آخرهفته / طرز تهیه نون موز و قهوه‌ی دالگونا با شایان,https://www.youtube.com/watch?v=tFvtpkkEudY
⁣پناه دادن به گربه‌ها,https://www.youtube.com/watch?v=A_CnVkke-Bc
یک جوان بیمار در لاهیجان منتظر رسیدن آمبولانس,https://www.youtube.com/watch?v=pvtTuJeDFzs
⁣تهیه بسته‌های حمایتی برای نیازمندان,https://www.youtube.com/watch?v=E4bccfTIYZg
⁣وضعیت گمرک پرویزخان در مرز ایران و عراق,https://www.youtube.com/watch?v=uSJRDE7ncJg
هشدار صندوق بین‌المللی پول نسبت به «رکود بزرگ»,https://www.youtube.com/watch?v=ex-kGY4SwiA
نبض زندگی در ایتالیا,https://www.youtube.com/watch?v=EdA2KUq-ELc
سلبریتی نیوز-- ۲۷ فروردین ۱۳۹۹,https://www.youtube.com/watch?v=zG41Cz6Jy8c
تاخیر در پرداخت حقوق کارمندان شرکت واحد,https://www.youtube.com/watch?v=GX3z31W3zmQ
جدال دولت و کارشناسان حوزه سلامت بر سر بازگشایی مراکز اقتصادی,https://www.youtube.com/watch?v=LQ5wdUM2jRc
⁣تشکر یک پدر از مردم برای کمک به خانواده‌اش,https://www.youtube.com/watch?v=Fg7lmmDrQbw
تخریب محل زندگی سگ‌ها در تهران,https://www.youtube.com/watch?v=QC5zHIVy8VE
اختصاصی: مسکن در رکود مطلق؛ نه معامله و نه ساخت و ساز,https://www.youtube.com/watch?v=k7Hqfc1QVjY
بفرمایید شام سری ۱۳ مونترال - گروه۵ شب چهارم / Befarmaeed Sham S13 Montreal G5 N4,https://www.youtube.com/watch?v=yKq_8q-lG90
تورم ۴۱ درصد، افزایش حقوق  ۲۱ درصد,https://www.youtube.com/watch?v=frHIIgAlOs4
سلبریتی نیوز- ۲۶ فروردین ۱۳۹۹,https://www.youtube.com/watch?v=aWlo99mwb_I
صاحب یک رستوران: دریغ از یک ریال کمک دولت,https://www.youtube.com/watch?v=5Fge-XrhhQA
⁣آلودگی آب آشامیدنی در گیلان,https://www.youtube.com/watch?v=n5fK_hsV-lo
⁣عدم رعایت فاصله‌گذاری اجتماعی در دادسرا در بحران کرونا,https://www.youtube.com/watch?v=0z30kGeIWbE
manoto plus/ منوتوپلاس _ پشت صحنه آزادی درقرنطینه,https://www.youtube.com/watch?v=qGdTWOfIBT0
manoto plus/ منوتوپلاس _  آزادی درقرنطینه,https://www.youtube.com/watch?v=Owyc8kx8IUY
بفرمایید شام سری ۱۳ مونترال - گروه۵ شب سوم / Befarmaeed Sham S13 Montreal G5 N3,https://www.youtube.com/watch?v=AqFl1uJxcBQ
اقدامات ویژه امارات متحده عربی در نبرد با کووید-۱۹,https://www.youtube.com/watch?v=GUiXLGxIlxw
سلبریتی نیوز- ۲۵ فروردین ۱۳۹۹,https://www.youtube.com/watch?v=R_5-fAoUQVA
Time Tunnel | تونل زمان - دیدار شاه و غلامرضا تختی، شیراز قدیم,https://www.youtube.com/watch?v=rC5Mwcg9_hw
⁣مراحل بهداشتی یک شرکت ایرانی برای ورود کارمندان,https://www.youtube.com/watch?v=SMUXNzZFem4
بیمارستان ترکیه,https://www.youtube.com/watch?v=C-HWBXhzNGk
جهان و بحران کرونا، آغشته به مرگ اما پایدار و مقاوم در نبرد,https://www.youtube.com/watch?v=VsYK0k4Q7ys
اختصاصی: تصویب مقرراتی که ضمانت اجرایی ندارند!,https://www.youtube.com/watch?v=MU3ZXzBz5cw
بفرمایید شام سری ۱۳ مونترال - گروه۵ شب دوم / Befarmaeed Sham S13 Montreal G5 N2,https://www.youtube.com/watch?v=QzyVMuSOakY
سلبریتی نیوز- ۲۴ فروردین ۱۳۹۹,https://www.youtube.com/watch?v=dQB3tpkU9Z4
بفرمایید شام سری ۱۳ مونترال - گروه۵ شب اول / Befarmaeed Sham S13 Montreal G5 N1,https://www.youtube.com/watch?v=wu4hTW_osrA
اما و اگرهای طرح دوم فاصله گذاری اجتماعی,https://www.youtube.com/watch?v=11hvDJxamQk
سلبریتی نیوز- ۲۳ فروردین ۱۳۹۹,https://www.youtube.com/watch?v=Mv_VuvX4z9k
اولین کاری که پس از اتمام قرنطینه انجام میدهید چیست؟,https://www.youtube.com/watch?v=EBnvynvYRco
Time Tunnel | تونل زمان - سفر شاه و ملکه ثریا به مشهد,https://www.youtube.com/watch?v=usyLKDLZ7cw
آتش‌بس در یمن: شاید تنها دست‌آورد مثبت کرونا,https://www.youtube.com/watch?v=-LH6FiisqPg
Jaye Sher Khali EP12 |جای شعر خالی - قسمت ۱۲,https://www.youtube.com/watch?v=mrtSOGweqJM
کرونا و نفتتلاش جی بیست برای کنترل بازار انرژی,https://www.youtube.com/watch?v=MsQTzNMgxLc
سلبریتی نیوز- ۲۰ فروردین ۱۳۹۹,https://www.youtube.com/watch?v=Qw5awVETTws
شلوغی خیابان‌های ارومیه با وجود بحران #ویروس_کرونا,https://www.youtube.com/watch?v=iu7KiY9CCS8
ترافیک سنگین در تهران,https://www.youtube.com/watch?v=o3BdJBbovHI
بفرمایید شام سری ۱۳ مونترال - گروه۴ شب چهارم / Befarmaeed Sham S13 Montreal G4 N4,https://www.youtube.com/watch?v=V1BoVuSrXAA
سلبریتی نیوز- ۱۹ فروردین ۱۳۹۹,https://www.youtube.com/watch?v=UaTZ02jliao
افزایش قیمت اجناس در دوران ویروس کرونا,https://www.youtube.com/watch?v=1qHgu0smuR4
خرید از قصابی برای غذا دادن به گربه در مشهد,https://www.youtube.com/watch?v=ekLNovSMYjM
بفرمایید شام سری ۱۳ مونترال - گروه۴ شب سوم / Befarmaeed Sham S13 Montreal G4 N3,https://www.youtube.com/watch?v=G6Bcn8r_q2g
سلبریتی نیوز- ۱۸ فروردین ۱۳۹۹,https://www.youtube.com/watch?v=dV61Pr1PaYw
کرونا در غرب کره‌ زمین,https://www.youtube.com/watch?v=yJJ9wMC_pPg
روزنه هایی از امید در ایتالیای بحران زده,https://www.youtube.com/watch?v=2J79E6z8Dak
گفتگو با امیرکریمی، فعال حقوق پناهجویان,https://www.youtube.com/watch?v=etszALKF5tI
بفرمایید شام سری ۱۳ مونترال - گروه۴ شب دوم / Befarmaeed Sham S13 Montreal G4 N2,https://www.youtube.com/watch?v=tBUYaRWzErE
⁣عملیات ضدعفونی توسط آتش‌نشانی تهران برای مقابله با ویروس کرونا,https://www.youtube.com/watch?v=HBv2STsFsSs
کدام شیوه برای مهار کرونا بهتر عمل خواهد کرد؟ مصونیت جمعی سوئد یا قرنطینه بریتانیا؟,https://www.youtube.com/watch?v=Wp6X3wk1j0c
گزارشگر ۱۶ فروردین ۹۹,https://www.youtube.com/watch?v=SpNTVasWk9Y
اخبار سلبریتی شنبه ۱۶ فروردین,https://www.youtube.com/watch?v=SHUedYjI8ZU
بفرمایید شام سری ۱۳ مونترال - گروه۴ شب اول / Befarmaeed Sham S13 Montreal G4 N1,https://www.youtube.com/watch?v=30cpolubPg0
منوتوپلاس ۱۵ فروردین - کنسرت خانگی شری ام,https://www.youtube.com/watch?v=hsR15pqPYnE
گزارشگر ۱۵ فروردین ۹۹,https://www.youtube.com/watch?v=Aj4wkoCczlc
عراق: صدای طبل مقابله‌ی واشنگتن و تهران بلندتر از همیشه,https://www.youtube.com/watch?v=VFGu7zoyE2E
کرونا و رویه‌ی نظام در عدم شفافیت و بهره‌برداری سیاسی از بحران‌ها,https://www.youtube.com/watch?v=Gb7ZhK_-Gms
حیوانات و تاثیر درمانی آنها روی انسان‌ها,https://www.youtube.com/watch?v=lQN3dRKCtW4
اپلیکیشن تیک تاک چیست؟,https://www.youtube.com/watch?v=PKrGzaJkNqg
عدم توجه به هشدارها و درخواست قرنطینه در هرات,https://www.youtube.com/watch?v=q-O2cm8U9eU
تهیه ساندویچ برای زباله‌گردها,https://www.youtube.com/watch?v=wyru0ZfFcwg
گزارشگر: اگه به حیوانات غذا نمی‌دید حداقل بهشون صدمه نزنید,https://www.youtube.com/watch?v=41Eh4K88XRw
منوتوپلاس ۱۴ فروردین: حسم ابهام و ترس در این روزها - نازنین طیبی,https://www.youtube.com/watch?v=0ynBinCZMW8
آموزش پخت کوکو با محتویات داخل یخچال به همراه شایان,https://www.youtube.com/watch?v=61gWhiztcX0
قدردانی مردم ایران از کادر درمانی در روزهای کرونایی,https://www.youtube.com/watch?v=znbUIp6E1BQ
مشکلات آژانس هواپیمایی در دوران ویروس کرونا,https://www.youtube.com/watch?v=Gb4whjnuIsc
Jaye Sher Khali EP11 | جای شعر خالی - قسمت ۱۱,https://www.youtube.com/watch?v=gdRtbAkkkFE
سال ۱۳۹۹ با منوتو,https://www.youtube.com/watch?v=JyIcjJwTlPc
درگیری یک مرد با یک خانم به دلیل حجاب در تهران,https://www.youtube.com/watch?v=ETLeJSUHs5M
⁣سیزده به‌در در یکی از بیمارستان‌های  ساری,https://www.youtube.com/watch?v=7aWEbsHHL0s
«هزینه‌ی در خانه ماندن مردم باید توسط دولت تامین شود»,https://www.youtube.com/watch?v=w98s2WI5-CQ
آتش به انبار باروت رسید,https://www.youtube.com/watch?v=zsDJeBCTFAc
از ایران بازگشته‌ها؛ تهدید بالقوه برای سیستم درمانی افغانستان,https://www.youtube.com/watch?v=cdMGL6dYfIY
گزارشگر ۱۳ فروردین ۹۹,https://www.youtube.com/watch?v=vI-h3mNTb7I
ویروس کرونا ریه های ایران را آلوده کرده,https://www.youtube.com/watch?v=87_NwzeX608
⁣دیدار مادربزرگ از پشت پنجره در تهران در دوران قرنطینه به دلیل ویروس کرونا,https://www.youtube.com/watch?v=zJn-ARKrl5I
ضد عفونی کردن خیابان در شیراز,https://www.youtube.com/watch?v=Y1LhxnZMIyg
چه جانی، چه مالی بار سنگین بیماری کووید ۱۹ بر دوش بازنشستگان کشور,https://www.youtube.com/watch?v=qWteaDrXKWE
ایران و ایالات متحده، جدال در خاک همسایه,https://www.youtube.com/watch?v=rZXsXiAvFpg
آن ۱۲ فروردینی که به نام ایران، پیش‌وند جمهوری‌اسلامی رو تحمیل کرد,https://www.youtube.com/watch?v=JX7wf4A63Pw
بفرمایید شام سری ۱۳ مونترال - گروه۳ شب چهارم / Befarmaeed Sham S13 Montreal G3 N4,https://www.youtube.com/watch?v=D0MOnm3giiU
سلبریتی نیوز - ۱۲ فروردین ۱۳۹۹,https://www.youtube.com/watch?v=u4IXOwnRG0g
⁣ساندویچ برای کودکان کار,https://www.youtube.com/watch?v=LlIgLEyowbA
⁣نصب حفاظ برای رعایت فاصله در فروشگاهی در گرجستان برای مقابله با ویروس کرونا,https://www.youtube.com/watch?v=c_elZ1kb_tM
⁣فرار کردن زندانیان از زندان سپیدار اهواز,https://www.youtube.com/watch?v=DdGxExZPF2U
هند و کرونا,https://www.youtube.com/watch?v=88ba8ip-sUY
ناآرامی ادامه دارداینبار در زندان عادل آباد شیراز,https://www.youtube.com/watch?v=0WTsqJQr-2c
بفرمایید شام سری ۱۳ مونترال - گروه۳ شب سوم / Befarmaeed Sham S13 Montreal G3 N3,https://www.youtube.com/watch?v=cz3xckYd2XI
⁣فقر و زباله گردی در دوران شیوع,https://www.youtube.com/watch?v=nZVNPnh1-f0
⁣بارش برف در کردستان,https://www.youtube.com/watch?v=J7a_JAFSzGc
⁣عملیات ضد عفونی در #شیراز برای مقابله با کرونا,https://www.youtube.com/watch?v=-x8Latdi0og
«سفره خالی پرسنل بیمارستان»,https://www.youtube.com/watch?v=q7cqGPqquZc
گزارشگر: می‌گن می‌خوان به مستضعفین آمریکا کمک کنند، لطفا به معلولین ایران کمک کنید,https://www.youtube.com/watch?v=vUIPmtF2ui4
عدم رعایت قرنطینه در قزوین در دوران شیوع کرونا,https://www.youtube.com/watch?v=Y-NSEeoW2iU
بفرمایید شام سری ۱۳ مونترال - گروه۳ شب دوم / Befarmaeed Sham S13 Montreal G3 N2,https://www.youtube.com/watch?v=Y5A5XFCD9Tc
گزارشگر ۱۰ فروردین ۹۹,https://www.youtube.com/watch?v=TQvIRVhuBl0
سلبریتی نیوز-۱۰ فروردین ۱۳۹۹,https://www.youtube.com/watch?v=eLv2Y_XGJPU
بفرمایید شام سری ۱۳ مونترال - گروه۳ شب اول / Befarmaeed Sham S13 Montreal G3 N1,https://www.youtube.com/watch?v=koW7lF0qAvQ
گزارشگر ۹ فروردین ۹۹,https://www.youtube.com/watch?v=VPrpO2qyIHc
رویترز: قتل مسعود مولوی توسط اطلاعات,https://www.youtube.com/watch?v=QPZHwrAuAXE
آیا باید به آمار کرونایی چین شک کنیم؟,https://www.youtube.com/watch?v=MIXLZ_3hqrg
سلبریتی نیوز- ۹ فروردین ۱۳۹۹,https://www.youtube.com/watch?v=v9TqrPINWXU
آلودگی آب در آبادان,https://www.youtube.com/watch?v=vRt_gHgZPCY
رعایت کردن فاصله در صف نانوایی در تهران,https://www.youtube.com/watch?v=jEYxiD8WvgA
ورزش دسته جمعی در تهران,https://www.youtube.com/watch?v=6HB9y5xjGwU
نصب بنر اطلاع رسانی ویروس کرونا,https://www.youtube.com/watch?v=0vUAobONs-Y
تونل ضد عفونی خودروها در شیراز,https://www.youtube.com/watch?v=lkza2GJXM3w
منوتوپلاس ۸ فروردین: دکتر محمد بختیار,https://www.youtube.com/watch?v=nj-c2kUDIss
چگونگی و پشت صحنه ساخت هولوگرام هایده,https://www.youtube.com/watch?v=uZAvsDG1QlU
آمریکا رسما پایگاه هوایی نظامی قیاره را به نیروهای عراقی  پس داد,https://www.youtube.com/watch?v=8zcSa2vkHHc
چرا ایران جعبه‌های سیاه هواپیمای اوکراینی را هنوز نفرستاده؟,https://www.youtube.com/watch?v=WgbqD2Ar9tA
ضد عفونی کردن پول,https://www.youtube.com/watch?v=bF0KroQJD0Y
نقاشی دیواری در مورد ویروس کرونا,https://www.youtube.com/watch?v=ad6vwDiycLs
«موزیک ویدئوی آهنگ  «کرونا برو خونتون,https://www.youtube.com/watch?v=uVMNPO6pwRQ
تهیه نبات در قرنطینه خانگی,https://www.youtube.com/watch?v=T4WOFBs8ZWc
صدای قرنطینه,https://www.youtube.com/watch?v=0TWXG61ZpnM
تقدیم آهنگ به پزشکان و پرستاران ایران,https://www.youtube.com/watch?v=udJndbve8AY
بازی کردن پینگ پنگ در قرنطینه خانگی,https://www.youtube.com/watch?v=CN21HqhTQgQ
سلبریتی نیوز - ۷ فروردین ۱۳۹۹,https://www.youtube.com/watch?v=zKd9lVomp2g
گروگانی که عاقبت به خیر نشد,https://www.youtube.com/watch?v=21mtCA5npdE
گزارشگر ۷ فروردین ۹۹,https://www.youtube.com/watch?v=td_7msJaRuU
Jaye Sher Khali EP10 | جای شعر خالی - قسمت ۱۰,https://www.youtube.com/watch?v=5BdhH1lgg3s
⁣فقر و زباله گردی کودکان در مشهد,https://www.youtube.com/watch?v=M000ZIncTyw
⁣گرانی مواد غذایی در دوران شیوع ویروس کرونا,https://www.youtube.com/watch?v=HMvr1OY9kFY
⁣عملیات ضد عفونی شیراز برای مقابله با ویروس کرونا,https://www.youtube.com/watch?v=Ud6baRI1lz8
رعایت کردن فاصله در صف نانوایی - شیراز,https://www.youtube.com/watch?v=KsuctF4jjlU
نه به حجاب اجباری,https://www.youtube.com/watch?v=cVVqs3zlf9E
سلبریتی نیوز - ۶ فروردین ۱۳۹۹,https://www.youtube.com/watch?v=WLcPCCh6wYU
ترخیص بیمار کرونایی پس از هفت روز بستری در بیمارستانی در آبادان,https://www.youtube.com/watch?v=bZgM5cqUur4
رقص و موسیقی در بیمارستان,https://www.youtube.com/watch?v=QEjbQBi6QUE
پک سلامتی برای مقابله با  کرونا در اصفهان,https://www.youtube.com/watch?v=vUnBq7I_zeE
#صدای_قرنطینه,https://www.youtube.com/watch?v=TmDgEkcgrCE
نمایش نوروزی برای مردم قرنطینه در کرمان,https://www.youtube.com/watch?v=_S7zoAyGSJU
شلوغی در دریاچه چیتگر تهران در دوران شیوع  ویروس کرونا,https://www.youtube.com/watch?v=Bb8OdZvw1bc
وضعیت نظافت و بهداشت عابر بانک در دوران شیوع  ویروس کرونا,https://www.youtube.com/watch?v=tYsrue4X3QA
بستن ورودی پارک جنگلی دورود لرستان,https://www.youtube.com/watch?v=a4dscfHVhmc
بفرمایید شام سری ۱۳ مونترال - گروه۲ شب چهارم / Befarmaeed Sham S13 Montreal G2 N4,https://www.youtube.com/watch?v=QqBdVE5k6q8
سلبریتی نیوز - ۵ فروردین ۱۳۹۹,https://www.youtube.com/watch?v=Rtt2S5RuAug
اهدای ماسک به پرستاران و دکتران بیمارستان شهید صدوقی,https://www.youtube.com/watch?v=3Yzpv5amtGo
پخت شیرینی نخودچی در قرنطینه خانگی,https://www.youtube.com/watch?v=jgwbrPzRIUw
مرگ گوسفندان بر اثر سیل,https://www.youtube.com/watch?v=p64wNY0AK4E
ریزش دیوار در یک مجتمع مسکونی در مشهد,https://www.youtube.com/watch?v=LNWuGdfMgyU
بفرمایید شام سری ۱۳ مونترال - گروه۲ شب سوم / Befarmaeed Sham S13 Montreal G2 N3,https://www.youtube.com/watch?v=KS-p43jQKTQ
سیل ایلام,https://www.youtube.com/watch?v=zJSL0XoFzec
کرونا و نفس تنگ اروپا,https://www.youtube.com/watch?v=M4cyZYI4VNM
سلبریتی نیوز- ۴ فروردین ۱۳۹۹,https://www.youtube.com/watch?v=HniwJo3mv3o
اثر کرونا بر اقتصاد ایران: بسیار بیشتر از تحریم‌ها,https://www.youtube.com/watch?v=CHTynlC83Hg
سخنرانی نوروزی علی خامنه ای رهبر جمهوری اسلامی,https://www.youtube.com/watch?v=AaLyexbjeBM
بفرمایید شام سری ۱۳ مونترال - گروه۲ شب دوم / Befarmaeed Sham S13 Montreal G2 N2,https://www.youtube.com/watch?v=BEOOm6EH1Ao
سلبریتی نیوز- ۳ فروردین ۱۳۹۹,https://www.youtube.com/watch?v=w7nUZ7sOjp8
بفرمایید شام سری ۱۳ مونترال - گروه۲ شب اول / Befarmaeed Sham S13 Montreal G2 N1,https://www.youtube.com/watch?v=kKW59nIty2I
اقدامات کلان دولت بریتانیا برای کاستن از فشار اقتصادی همه‌گیری کرونا,https://www.youtube.com/watch?v=-3w_blK9Drk
کووید-۱۹ بیماری یاغی قرن ۲۱,https://www.youtube.com/watch?v=FPJeOSZ7XFA
رفتن مردم به محله دربند با وجود #ویروس_کرونا,https://www.youtube.com/watch?v=pmcU0JgI1sw
شادی مردم از موسیقی خیابانی در قزوین,https://www.youtube.com/watch?v=y4WMAcCXiIQ
گذاشتن اسپری ضد عفونی و دستمال در دستگاه‌های خودپرداز,https://www.youtube.com/watch?v=RyYtk5unxPU
نواختن موسیقی برای مردم در قرنطینه خانگی دزفول,https://www.youtube.com/watch?v=hnUTdiR2Ado
به زندگی من خوش آمدید - امین فخاری,https://www.youtube.com/watch?v=G78OcgjooWA
پخت نان برگر در قرنطینه خانگی,https://www.youtube.com/watch?v=bPv9eixMNIE
ایست بازرسی برای ویروس کرونا در ورودی شهرستان تفت,https://www.youtube.com/watch?v=GrQziqQYZ7I
دسته عزاداری در اولین روز سال جدید,https://www.youtube.com/watch?v=3TXY6qai_sI
صدای قرنطینه,https://www.youtube.com/watch?v=VLKoV9h9c98
خیابان‌های خلوت شیراز به دلیل قرنطینه خانگی,https://www.youtube.com/watch?v=rv1lfiFl93Y
ترافیک سنگین جاده شمال,https://www.youtube.com/watch?v=Q7wFzJo0YIE
عید دیدنی نرفتن به دلیل ویروس کرونا,https://www.youtube.com/watch?v=zuHsQjBZp3I
Gaptime | گپ تایم -  پشت صحنه جای شعر خالی,https://www.youtube.com/watch?v=ueyMpYoqZWk
Gaptime / گپ تایم -  گپی با نوشین,https://www.youtube.com/watch?v=f6qSMxHiHIg
Gaptime / گپ تایم - چند سوالی با مهدی,https://www.youtube.com/watch?v=Gm8QKEYQhN0
Gaptime / گپ تایم - پشت صحنه هولوگرام نوروز,https://www.youtube.com/watch?v=R0yQO0YrQ44
Gaptime / گپ تایم - دابسمش سمنو آی سمنو,https://www.youtube.com/watch?v=p47BVeBvT9g
Gaptime / گپ تایم -   پشت صحنه چهارشنبه سوری منوتوپلاس,https://www.youtube.com/watch?v=Gat_xPoulLg
Gaptime / گپ تایم -  پشت صحنه به زندگی من خوش آمدید امین فخاری,https://www.youtube.com/watch?v=B9ED_EY2iRk
Gaptime / گپ تایم -  پشت صحنه پروموی نوروز,https://www.youtube.com/watch?v=08mTX3X8xCo
کووید نوزده دشمن نامرئی جهان، بالاخره قربانی اش را از روسیه و مکزیک هم گرفت,https://www.youtube.com/watch?v=GwoZQ3SzMo0
Jaye Sher Khali EP09 | جای شعر خالی - قسمت ۹,https://www.youtube.com/watch?v=pzK1HX7Kz3k
اختصاصی: صحبت‌های معصومه نعمتی، مادر آتنا دائمی,https://www.youtube.com/watch?v=fI-npil_Xbk
مقایسه آماری ایتالیا و کره جنوبی,https://www.youtube.com/watch?v=nEfRUoJqCVg
بحران کرونا، واقعا چند نفر مبتلا شده اند؟,https://www.youtube.com/watch?v=pVCPc7zdltg
چرا با وجود شیوع کرونا و هشدارهای مسئولین، چهارشنبه سوری باز هم قربانی گرفت؟,https://www.youtube.com/watch?v=bft4I6Yav78
سلبریتی نیوز - ۲۸ اسفند ۱۳۹۸,https://www.youtube.com/watch?v=yttZtAfk8EQ
دل نگرانی فرنگیس مظلوم مادر سهیل عربی از شیوع ویروس کرونا در بازداشتگاه,https://www.youtube.com/watch?v=rc2D_GZSl0k
دل نگرانی خانواده های زندانیان از شیوع ویروس کرونا در بازداشتگاه,https://www.youtube.com/watch?v=r1tSOX0PrE0
اولین تست واکسن کرونا بر روی انسان,https://www.youtube.com/watch?v=VKk5okCIKKk
دلیل مخالفت با تعطیلی اماکن مذهبی در پی شیوع کرونا چیست؟,https://www.youtube.com/watch?v=NHSIcRrxEyA
بفرمایید شام سری ۱۳ مونترال - گروه۱ شب چهارم / Befarmaeed Sham S13 Montreal G1 N4,https://www.youtube.com/watch?v=ygpsteIpDDY
ایتالیا و اسپانیا در قرنطینه,https://www.youtube.com/watch?v=X6txQKM_Eps
بحران در پایتخت، استقلال و پرسپولیس به کدام سو میروند؟,https://www.youtube.com/watch?v=UTqeVEOmL_g
بفرمایید شام سری ۱۳ مونترال - گروه۱ شب سوم / Befarmaeed Sham S13 Montreal G1 N3,https://www.youtube.com/watch?v=au-UqYVtG9A
تجربه چهارشنبه سوری آرزو,https://www.youtube.com/watch?v=b440eCRoqss
بفرمایید شام سری ۱۳ مونترال - گروه۱ شب دوم / Befarmaeed Sham S13 Montreal G1 N2,https://www.youtube.com/watch?v=uwaxp-r_SEA
سلبریتی نیوز- ۲۵ اسفند ۱۳۹۸,https://www.youtube.com/watch?v=iMpixjWtgPA
فوتی‌های کرونا و ماجرای خندق‌های بهشت معصومه‌ی قم,https://www.youtube.com/watch?v=A0ZdOaLljro
مناقشه تهران و واشنگتن در عراق - حمله دوباره به پایگاه تاجی,https://www.youtube.com/watch?v=UaURmL_GqY0
بفرمایید شام سری ۱۳ مونترال - گروه۱ شب اول / Befarmaeed Sham S13 Montreal G1 N1,https://www.youtube.com/watch?v=eehsV8mA4ds
«کیت تشخیص کرونا فقط در اختیار مسئولین قرار می گیرد»,https://www.youtube.com/watch?v=GAsbe0UhsIs
رها کردن دستکش استفاده شده در چرخ خرید,https://www.youtube.com/watch?v=jLYkkvnAQME
فوت یک جوان شیرازی در اثر مسمومیت با الکل,https://www.youtube.com/watch?v=F5o6ABDS46U
پخت نان خانگی در بهارستان,https://www.youtube.com/watch?v=DWCrncDnmT4
سلبریتی نیوز- ۲۴ اسفند ۱۳۹۸,https://www.youtube.com/watch?v=Cj09mnVR5ZY
قرنطینه خودجوش مردم الشتر,https://www.youtube.com/watch?v=9R_j9yEQ-1k
اعلام قرنطینه در کرمانشاه,https://www.youtube.com/watch?v=Rpcnh7KGrIw
صف کنسل کردن بلیط در ایستگاه راه آهن تهران,https://www.youtube.com/watch?v=m9tgnNQO8Tc
بستن ورودی روستای ابرده، استان خراسان رضوی,https://www.youtube.com/watch?v=tkxpJooB808
وضعیت بهشت معصومه قم,https://www.youtube.com/watch?v=R-bV0Vp4gnc
کسادی بازار در تهران و سیرجان,https://www.youtube.com/watch?v=_vyCExs6lMQ
تولید و توزیع ماسک رایگان توسط یک خانواده برای مقابله با #ویروس_کرونا,https://www.youtube.com/watch?v=W4585JWN_D8
نگرانی برای تهیه هزینه زندگی در شرایط قرنطینه,https://www.youtube.com/watch?v=UH7pr7tnjvw
پخت نان در خانه برای مقابله با ویروس کرونا,https://www.youtube.com/watch?v=_kfzSzriWmE
Jaye Sher Khali EP08 | جای شعر خالی - قسمت ۸,https://www.youtube.com/watch?v=XUfyvmGERqQ
کووید-۱۹ویروس سرکشی که درخانه اول خود،چین تقریبا به سازگاری رسیده وفقط ۱۸نفررابه مبتلایان افزوده است,https://www.youtube.com/watch?v=IYTkczClFy8
Gaptime / گپ تایم - چند سوالی با امیرعلی,https://www.youtube.com/watch?v=QcAB7rgRKUA
Gaptime / گپ تایم - پشت صحنه زن امروز,https://www.youtube.com/watch?v=Pkq3aCNneRQ
سلبریتی نیوز- ۲۱ اسفند ۱۳۹۸,https://www.youtube.com/watch?v=AFnGb6v5kiY
سلبریتی نیوز- ۲۰ اسفند ۱۳۹۸,https://www.youtube.com/watch?v=t8JQNutUBjo
سلبریتی نیوز- ۱۹ اسفند ۱۳۹۸,https://www.youtube.com/watch?v=suLo_kJO4_s
زن امروز - ویژه برنامه ۱۳۹۸,https://www.youtube.com/watch?v=veSMgFLghBs
سلبریتی نیوز- ۱۸ اسفند ۱۳۹۸,https://www.youtube.com/watch?v=feaJZX_N2l0
سلبریتی نیوز- ۱۷ اسفند ۱۳۹۸ 1080,https://www.youtube.com/watch?v=DWF8SAIcnoM
Gaptime / گپ تایم - چند سوالی با آمنه,https://www.youtube.com/watch?v=TaXTOtxuYXs
Gaptime / گپ تایم - دابسمش سمنو آی سمنو,https://www.youtube.com/watch?v=TVSWu7U9YaY
Jaye Sher Khali EP07 | جای شعر خالی - قسمت ۷,https://www.youtube.com/watch?v=p2HpoULThmI
تیراندازی پلیس یونان به سمت پناهجویان در مرز یونان - ترکیه,https://www.youtube.com/watch?v=Q1aCQY7vBHA
کرونا محک دیگری برای بی اعتمادی به نظام,https://www.youtube.com/watch?v=MMUhZExaMDs
سلبریتی نیوز- ۱۳ اسفند ۱۳۹۸,https://www.youtube.com/watch?v=MngXSmKY8_o
مشکلات صف گاز در زاهدان,https://www.youtube.com/watch?v=-AzZ6m5LjvU
آخرین آمار بیماری کرونا در جهان,https://www.youtube.com/watch?v=M3uNU7cX6uU
سلبریتی نیوز-۱۲ اسفند ۱۳۹۸,https://www.youtube.com/watch?v=bZhQj7xS0B8
مناقشه سوریه: طلبه ایرانی در جمع کشته‌شدگان حمله هوایی ترکیه,https://www.youtube.com/watch?v=6q_AF8Mas54
منوتو پلاس ـ خرافات و باور های سال کبیسه,https://www.youtube.com/watch?v=F-OmH3uccvU
توافق‌نامه‌ی صلح طالبان و آمریکا؛ فرصت یا تهدید؟,https://www.youtube.com/watch?v=2E7u8lcrApE
بحران پناهجویان در مرزهای اروپایی ترکیه,https://www.youtube.com/watch?v=utbn5Zr5jhM
آخرین اخبار کرونا در ایران,https://www.youtube.com/watch?v=3PrBYnQnic0
صف ماسک و ژل ضد عفونی در قزوین و رشت,https://www.youtube.com/watch?v=Ax1TQylXjkc
کسادی بازار در شهرهای مختلف در پی شیوع ویروس کرونا,https://www.youtube.com/watch?v=X-cX99P7F4U
خلوت شدن مترو در پی شیوع ویروس کرونا,https://www.youtube.com/watch?v=IcbMkqcF-4Y
آلودگی هوا در تهران,https://www.youtube.com/watch?v=-MnlfUnjE3A
کمبود ماسک در داروخانه‌های بریتانیا,https://www.youtube.com/watch?v=h-_HrMpiDck
کسادی بازار در تهران,https://www.youtube.com/watch?v=1q0WPGa8klM
Gaptime / گپ تایم - ویژه برنامه روز جهانی زن,https://www.youtube.com/watch?v=eMNe_YQKOJc
Gaptime / گپ تایم - چند سوالی با شهرام آذر,https://www.youtube.com/watch?v=lhhNdbCW-Dg
هجوم پناهجویان به مرز ترکیه با یونان,https://www.youtube.com/watch?v=e_U_YozNp1w
گفتگو با راحله احمدی، مادر صبا کرد افشاری پیش از انتقال به زندان اوین,https://www.youtube.com/watch?v=JG05VQBz8j8
سایه سیاه کرونا برسرکودکان کار,https://www.youtube.com/watch?v=_miMlKuyqTw
افزایش شمار قربانیان ومبتلایان به ویروس کرونا در ایران,https://www.youtube.com/watch?v=JeYRDocNY5Y
کووید - نوزده در حال کشورگشایی,https://www.youtube.com/watch?v=l0n0LFI7TkQ
Jaye Sher Khali EP06 | جای شعر خالی - قسمت ۶,https://www.youtube.com/watch?v=PD2_ixPB1Bc
Gaptime / گپ تایم - کارکنان غیر ایرانی من و تو,https://www.youtube.com/watch?v=bCBV7_yt7l0
Gaptime / گپ تایم - دابسمش,https://www.youtube.com/watch?v=mv-CzfzCWos
⁣تست ویروس کرونا در جاده هراز به سوی مازندران,https://www.youtube.com/watch?v=NcKzZYGgam0
⁣ترس یک مادر از فرستادن فرزندانش به مدرسه,https://www.youtube.com/watch?v=CXx4WzdJMJQ
اعتراض یونانی ها به ساخت اردوگاه های جدید برای مهاجران,https://www.youtube.com/watch?v=m8xgwL1n4Hk
روسیه هم جمهوری اسلامی را ترک کرد,https://www.youtube.com/watch?v=nt-5oMarMH0
سیل لرستان: رانش ۳۰ روستا و قطعی گاز بیش از دو هزار مشترک,https://www.youtube.com/watch?v=JyGT_jUycug
بحث درباره قرنطینه مسافران ایرانی در فرودگاه ازمیر ترکیه در روز ۴ اسفند,https://www.youtube.com/watch?v=z9iwqdMXLGA
گزارشگر: به دلیل احتمال داشتن کرونا ما رو داخل هواپیما نگه داشتند و اجازه ورود نمی‌دادند,https://www.youtube.com/watch?v=HITxP3UhfMk
کرونا، ویروسی که مرز نمی‌شناسد,https://www.youtube.com/watch?v=lWlJfrzFQ5c
⁣نشست زمین وسط یکی از دبیرستان‌های تهران,https://www.youtube.com/watch?v=K45O5PoODJ8
افزایش آمار مبتلایان به کرونا در ایران,https://www.youtube.com/watch?v=arBi755ij-o
سلبریتی نیوز  ۷ اسفند ۱۳۹۸,https://www.youtube.com/watch?v=blZFY0VSUGg
⁣بارش برف در کرج,https://www.youtube.com/watch?v=WkK7IwyASBM
بارش برف در کرج,https://www.youtube.com/watch?v=16Z7Q8gO-jc
اف ای تی اف: تیر خلاص بر پیکر بی جان اقتصاد ایران؟,https://www.youtube.com/watch?v=bpjXK_NkoLg
وحشت کرونا این بار در خاورمیانه,https://www.youtube.com/watch?v=bJd4csh5QnY
افزایش ۷ برابری قربانیان کرونا,https://www.youtube.com/watch?v=d9RhpHgF02I
بالا آمدن آب فاضلاب در سنندج,https://www.youtube.com/watch?v=h3fFvrb2dEU
گزارشگر: ۱۵ روز است که ۲۰۰۰ کامیون در گمرک پیرانشهر خوابیده‌اند,https://www.youtube.com/watch?v=6QyQJarbKRs
اعتراض رانندگان به بستن مرز ایران - پاکستان در پی شیوع ویروس کرونا,https://www.youtube.com/watch?v=BtP_49zH1XQ
کمبود ماسک و مایع ضد عفونی,https://www.youtube.com/watch?v=CCWUIo53_vw
شیوع بیشتر کرونا در شهرهای ایران,https://www.youtube.com/watch?v=-hXx3fYbsf0
ماهان ایر پروازی برای بیماری,https://www.youtube.com/watch?v=uWwIbJPhZ-4
توزیع ماسک رایگان,https://www.youtube.com/watch?v=WIFc5UUUQB8
اختصاصی - مهاجران افغانستانی؛ بیش از سه دهه کار سخت و دستمزد کم,https://www.youtube.com/watch?v=Db2OngrW43E
سلبریتی نیوز - ۵ اسفند ۱۳۹۸,https://www.youtube.com/watch?v=qrUeAa9gRNs
غیبت معلمان به علت ویروس کرونا، رقص دانش آموزان,https://www.youtube.com/watch?v=MhWNp0yvIWs
آشفته بازار ماسک و مواد ضدعفونی,https://www.youtube.com/watch?v=CSf5xttRjbk
گرانی و کمبود ماسک و لوازم بهداشتی,https://www.youtube.com/watch?v=FlsbOX-2Fng
«دیر اقدام کردند ... پزشک به ما گفت کار از قرنطینه گذشته»,https://www.youtube.com/watch?v=FOZjTndIy8o
تظاهرات ضد دولتی در بوگوتا به خشونت کشیده شد.,https://www.youtube.com/watch?v=mClhOtIb5EI
اختصاصی:چنارمحمودی پس از شش ماه به روایت ساکنین,https://www.youtube.com/watch?v=KSDNGaOMpzU
توزیع رایگان ماسک و توقف خرید و فروش اون در داروخانه‌ها، قول وزارت بهداشت,https://www.youtube.com/watch?v=58Z0DTtJGyg
مراسم خاکسپاری سعید طهماسبی و همسرش نیلوفر ابراهیم,https://www.youtube.com/watch?v=-j8185o34os
اختصاصی؛ افزایش ۲۰هزار تومانی قیمت گوشت طی دو هفته,https://www.youtube.com/watch?v=O_as1KxFFJ0
⁣ارسال تعدادی شناسنامه با اسنپ به یکی از شعبه‌های اخذ رای,https://www.youtube.com/watch?v=_P3LJTL9BQY
گزارشگر: پرسنل کلینیک از ترس ویروس کرونا سر کار نیومدن,https://www.youtube.com/watch?v=S6CEA_x9_co
سلبریتی نیوز- ۴ اسفند ۱۳۹۸,https://www.youtube.com/watch?v=oFJf0hLAyO4
گزارشگر: از عدم حضور مردم در پای صندوق های رای در شهرهای مختلف برای ما گزارشارسال می‌کند,https://www.youtube.com/watch?v=lO9CYmi7Y1s
گزارشگر: تو چین برای مقابله با ویروس کرونا ماسک رو رایگان به مردم میدن,https://www.youtube.com/watch?v=eJ8F-aE5nTM
هجوم ملخ هابه استان های جنوبی,https://www.youtube.com/watch?v=BCS8UUgNDwE
چهلم هایی که پایانی نداره,https://www.youtube.com/watch?v=tw7BqBVPYpg
ایران؛ تازه وارد لیست سیاه اف ای تی اف,https://www.youtube.com/watch?v=tUorShLTuNU
ویروس کرونا و راهکار جهان در جلوگیری از انتشار آن,https://www.youtube.com/watch?v=F8vA4AEt2XU
ALI 720انتخابات مجلس یازدهم: تحریم مردم، صحنه سازی حکومت,https://www.youtube.com/watch?v=PGLSJxFBRvY
سلبریتی نیوز- ۳ اسفند ۱۳۹۸,https://www.youtube.com/watch?v=P_5AWiK8qE0
گپ تایم _ پشت صحنه ببین‌ ‌TV,https://www.youtube.com/watch?v=fIXiXDDCc9k
‍گزارشگر: صف سنگکی از صف رای دادن بلندتره,https://www.youtube.com/watch?v=nmqcHx7o7UA
گزارشگر:‌ از تمام مردم ممنونم که رای ندادند,https://www.youtube.com/watch?v=kTgYB3Ehdvc
Gaptime / گپ تایم - گپی با ندا,https://www.youtube.com/watch?v=TJoe9qOey4M
ساخت دیوار نیم کیلومتری در احمدآباد هند،برای پوشاندن زاغه نشینان کنار اتوبان,https://www.youtube.com/watch?v=VuRGu-prFbc
هیچ نقطه امنی در ادلب وجود ندارد,https://www.youtube.com/watch?v=7FZX1mfR6W8
Jaye Sher Khali EP05 | جای شعر خالی - قسمت ۵,https://www.youtube.com/watch?v=sgcEe7JJjFc
گزارشگر: توی این سرما پشت اتوبوس دست‌هایش را گرم می‌کند,https://www.youtube.com/watch?v=mwg8rqCaxzY
⁣گرانی ماسک فیلتر دار و مواد ضد عفونی کننده,https://www.youtube.com/watch?v=5sJTKC9NvMA
افزایش ۱۵ درصدی حقوق بازنشسته ها: راهکار یا راه فرار,https://www.youtube.com/watch?v=FFTZbGwg8WU
جعبه سیاه اعتراضات آبان ماه را چه کسی باز می کند؟,https://www.youtube.com/watch?v=3HEEbBLwEyI
سلبریتی نیوز-۳۰ بهمن ۱۳۹۸,https://www.youtube.com/watch?v=_PA2JOcngww
اعتصاب کارگران شهرداری بندر عباس,https://www.youtube.com/watch?v=2-7ctsSaYa0
یک پزشک متخصص و یک حقوقدان قربانیان جدید کرونا,https://www.youtube.com/watch?v=r8gp0QOzc9M
افزایش آمار قصور پزشکی در ایران,https://www.youtube.com/watch?v=HpNgauE5CwY
ادلب، مردم شهری که قربانی دیگران شده اند,https://www.youtube.com/watch?v=TMdSl9B9jNc
سلبریتی نیوز-۲۹ بهمن ۱۳۹۸,https://www.youtube.com/watch?v=MSLzSmVN59M
«من و خانواده‌ام در انتخابات امسال شرکت نمی‌کنیم»,https://www.youtube.com/watch?v=ErDRsLzCjxQ
چهل روز بی‌قراری و داغ یک مادر,https://www.youtube.com/watch?v=J4MScHKUB4M
نوعروس و تازه‌ دامادی که پیکرهایشان هنوز به خاک سپرده نشده,https://www.youtube.com/watch?v=og84jVEO7CE
جهش دوباره ارز,https://www.youtube.com/watch?v=BmRoea4vCks
اختصاصی: چهل روز پس از فاجعه ی سقوط هواپیمای اوکراین,https://www.youtube.com/watch?v=eQZAz51lMHk
چهل روز پس از یک شلیک,https://www.youtube.com/watch?v=I0ln1MdDAVg
سایه شوم کرونا بر سر جهان,https://www.youtube.com/watch?v=NmDplXNkEw0
سلبریتی نیوز- ۲۸ بهمن ۱۳۹۸,https://www.youtube.com/watch?v=cRleYv6Gv4M
سقوط خودرو در کانال کشاورزی در شوشتر,https://www.youtube.com/watch?v=oPL8zIPj7f8
طوفان دنیس در بریتانیا,https://www.youtube.com/watch?v=SPvplsVj5O4
سوریه، زمانی برای سهم خواهی - آنکارا مقابل مسکو و تهران,https://www.youtube.com/watch?v=r-Za6Ozl0-8
سلبریتی نیوز- ۲۷ بهمن ۱۳۹۸,https://www.youtube.com/watch?v=O81F0DWxSbM
ناو کره ای دلیل خروج سامسونگ و ال جی از ایران,https://www.youtube.com/watch?v=PjurMEvS_28
حملات سایبری: جنگ خاموش میان دولتها,https://www.youtube.com/watch?v=jou97Azv0ow
آیا ظریف همان ظریف دوره‌ی اوباماست و دیپلماسی جمهوری اسلامی همان دیپلماسی؟,https://www.youtube.com/watch?v=wePmEkAyJq8
ایرانیان کمترین دستمزد را در جهان می گیرند,https://www.youtube.com/watch?v=t8Ik4cFJ8ow
سلبریتی نیوز-۲۶ بهمن ۱۳۹۸,https://www.youtube.com/watch?v=Fw_5cCF58Nc
گزارشگر: با این شام و صبحانه چه جوری با صندوق رای قهر نکنم,https://www.youtube.com/watch?v=Ot_d_DH-6T4
روز ولنتاین در تهران,https://www.youtube.com/watch?v=Xg3aEMKvFNQ
آتش سوزی در رشت,https://www.youtube.com/watch?v=SBNnXLgo0m4
Gaptime / گپ تایم - چند سوالی با آزاده,https://www.youtube.com/watch?v=ZLP_35-_N5U
Gaptime / گپ تایم - گپی با سروش,https://www.youtube.com/watch?v=mhukIXq-Ox4
Jaye Sher Khali EP04 | جای شعر خالی - قسمت ۴,https://www.youtube.com/watch?v=Dy4yKsPNuhI
طرح محدودیت اختیارات جنگی کاخ سفید در تقابل با ایران,https://www.youtube.com/watch?v=VItXOUARLKA
گوایدو رهبر مخالفان ونزوئلا بعد از سه هفته سفر و دیدار با رهبران اروپایی و آمریکا،‌به کاراکاس برگشت.,https://www.youtube.com/watch?v=A4gU4QmApZ4
Gaptime / گپ تایم - ویژه برنامه عراق در سایه ایران,https://www.youtube.com/watch?v=6vOBt8acQ1k
مراسم چهلم سه تن از جان‌باختگان هواپیمای اوکراینی,https://www.youtube.com/watch?v=I7D-FPiKRbU
گزارشگر: پس از گذشت ۱۲ روز جاده‌ی روستای ما هنوز بسته است,https://www.youtube.com/watch?v=rSmjTEuGKKI
گزارشگر: اولین روز تبلیغات ببینید اینجا را چجوری سد معبر کردند,https://www.youtube.com/watch?v=lHWvKu_uE5Q
Gaptime / گپ تایم - ویژه برنامه انتخابات مجلس یازدهم,https://www.youtube.com/watch?v=xUXJuiM1GbU
گزارشگر:‌ برای ستاد انتخاباتی‌شان دارند درخت را می‌برند,https://www.youtube.com/watch?v=_Lgc0SQ9QfQ
کمک مالی تهران به دمشق: چاهی که خشک نمی شود,https://www.youtube.com/watch?v=OGYqn2osZJI
شرایط بحرانی گیلان در پی بارش برف,https://www.youtube.com/watch?v=ULbuUdDoOWk
سلبریتی نیوز- ۲۳ بهمن ۱۳۹۸,https://www.youtube.com/watch?v=pRmmRPpy28Q
ترک خوردن سقف و دیوارها پس از زلزله در رشت,https://www.youtube.com/watch?v=TrTyrcoVTP0
حواشی جشنواره فیلم فجر,https://www.youtube.com/watch?v=GUH7OursTl8
انتخابات اسفند ماه مجلس و تلاش بی‌سابقه مسئولان برای بالا بردن میزان مشارکت مردم,https://www.youtube.com/watch?v=Q7hsIoCgl9U
تظاهرات حکومتی هر ساله نظام جمهوری اسلامی,https://www.youtube.com/watch?v=IgkHU1xZAbY
سلبریتی نیوز- ۲۲ بهمن ۱۳۹۸,https://www.youtube.com/watch?v=EloLA01KRPE
رها کردن زباله در خیابان توسط شرکت‌کنندگان مراسم ۲۲ بهمن,https://www.youtube.com/watch?v=EEy9UunX3tw
رختکن - دختر ایرانی برترین فوتسالیست سوئد,https://www.youtube.com/watch?v=IjorAHfTP28
پارک دوبل در بزرگراه شیخ فضل الله تهران برای شرکت در راهپیمایی ۲۲ بهمن,https://www.youtube.com/watch?v=_bpJm_KYw28
حواشی مراسم ۲۲ بهمن در تهران,https://www.youtube.com/watch?v=7czaeor-yyE
دست های پشت پرده  سرمربی جدید تیم ملی,https://www.youtube.com/watch?v=9ylgiCyflwM
موج تخریب شاه‌کلید آبهای گرم جنوب، جزیره هرمز,https://www.youtube.com/watch?v=fciZlofKPOc
برنامه هسته ای از رویا تا واقعیت,https://www.youtube.com/watch?v=Y0DqlHAX3Yo
سلبریتی نیوز- ۲۱ بهمن ۱۳۹۸,https://www.youtube.com/watch?v=NoiRqeexbCg
صف طولانی گاز در اهواز,https://www.youtube.com/watch?v=Zvi3qbdBBKo
فقر و زباله گردی,https://www.youtube.com/watch?v=SVpRkQVzqpc
رویارویی با کرونا از نگاه پزشکان معالج چین,https://www.youtube.com/watch?v=ehSy9LrBfb4
غافلگیری مردم ۲۰ استان کشور در برف و کولاک,https://www.youtube.com/watch?v=tWXDZEfUdMo
کرونای جدید همچنان قربانی می‌گیرد,https://www.youtube.com/watch?v=o-DKRuGZcMA
پرتاب ناموفق «ظفر ۱»,https://www.youtube.com/watch?v=fOy2PWYd_2U
عوامل تاثیر گذار در گرانی خودرو,https://www.youtube.com/watch?v=UDeddUIAj4Y
تعداد کشته‌های تیراندازی تایلند  به ۲۶ نفر رسید,https://www.youtube.com/watch?v=pGA-n58yU-o
دکتر عمار ملکی استادیار دانشگاه تیلبرگ,https://www.youtube.com/watch?v=Z1pXHDIhB_U
شاخص‌های بازار میزان تاب‌آوری اقتصاد کشور را چطور ارزیابی می کنه؟,https://www.youtube.com/watch?v=TKZqTqhZ88I
سلبریتی نیوز- ۲۰ بهمن ۱۳۹۸,https://www.youtube.com/watch?v=ljl6y3H5fxw
دیوارنگاری یا گرافیتی، هنری به وسعت دیوارهای شهر,https://www.youtube.com/watch?v=sHL7lvL6q7s
سلبریتی نیوز- ۱۹ بهمن ۱۳۹۸,https://www.youtube.com/watch?v=5VJC_9bpLzY
خشک کردن دریاچه و مردن دسته جمعی ماهی در مشهد,https://www.youtube.com/watch?v=nFl5BCKnpr0
آتش سوزی در جنگل‌های گیلان,https://www.youtube.com/watch?v=2ysrZ7wNnhg
گزارشگر: این حیوان بی‌گناه را در نزدیک جنگل لویزان کشته‌اند,https://www.youtube.com/watch?v=w5SUX_TSGPY
Jaye Sher Khali EP03 | جای شعر خالی - قسمت ۳,https://www.youtube.com/watch?v=nHQTT99qZ7g
پایان استیضاح ترامپ: امید نقش بر آب شده جمهوری اسلامی,https://www.youtube.com/watch?v=b2U2cszErX0
Gaptime / گپ تایم - گپی با یگانه,https://www.youtube.com/watch?v=rajKJJPSXpE
Gaptime / گپ تایم - گپی با خانم حوری سدلر,https://www.youtube.com/watch?v=gUKCquKZlTg
Gaptime / گپ تایم - گپی با شاهو,https://www.youtube.com/watch?v=nX-jA1TCn9M
پهن کردن پرچم‌های آمریکا و اسرائیل روی زمین,https://www.youtube.com/watch?v=cFkpAPOJWBw
«آقای خامنه‌ای خودت میدونی که ۹۰ در صد مردم ایران مخالف تو هستند»,https://www.youtube.com/watch?v=j5D6os0gh20
صف کپسول گاز در اهواز,https://www.youtube.com/watch?v=ceI1qKwgc7Y
شمار قربانیان کرونا به ۵۰۰ نفر نزدیک شد,https://www.youtube.com/watch?v=1PGbQA_M-iE
خودروهای دپو شده در انتظار تصمیم مسئولین,https://www.youtube.com/watch?v=mZZuADDdXu0
نطق سالیانه ترامپ در مجلس نمایندگان آمریکا,https://www.youtube.com/watch?v=oSfoBGZ-djs
یک سخنرانی یک دوجین حاشیه,https://www.youtube.com/watch?v=QJ1IsagznuU
فاجعه‌ای با ابعاد تاریک  اما هنوز بدون پاسخ,https://www.youtube.com/watch?v=4r6V20dF5_s
انباشت زباله در جزیره هرمز,https://www.youtube.com/watch?v=BHGOkHNtKtM
سلبریتی نیوز- ۱۶ بهمن ۱۳۹۸,https://www.youtube.com/watch?v=bkU_bQiKYBw
«این ماسک‌ها توی بازار ۶۰۰ تومان بودند، الان شدند ۱۰ هزار تومان»,https://www.youtube.com/watch?v=Bag8Fz0WEAM
در آستانه ۳۰ مین سالگرد آزادی نلسون ماندلا پس از نزدیک به سه دهه زندان,https://www.youtube.com/watch?v=2exLMwdvWx0
باغ وحش درنا یا گوانتاناموی حیوانات,https://www.youtube.com/watch?v=ZFtd8YTPS1o
«من هستم و خواهم بود»,https://www.youtube.com/watch?v=JJ1S7mV2Dwk
سلبریتی نیوز-۱۵ بهمن ۱۳۹۸,https://www.youtube.com/watch?v=97PY_il8Qp8
«من نفر پانزدهم هستم و رای نمی‌دهم»,https://www.youtube.com/watch?v=b4PRTRFsxzE
اعتراض نوجوان به یک مرثیه‌خوان,https://www.youtube.com/watch?v=E2w6-95SwHA
گزارشگر: به زور دارند ما دانش‌آموزان را می‌برند مرقد خمینی,https://www.youtube.com/watch?v=Xu7SqmS6B6M
گزارشگر: رای دادن یعنی خیانت به خون کشته شدگان آبان ماه,https://www.youtube.com/watch?v=90YcWUD_01U
واکنشها به صدور حکم ۷۲ سال زندان برای هشت تن از امضاء کنندگان بیانیه ی گروه چهارده,https://www.youtube.com/watch?v=S5g1qA6KFQA
مرگ و میر مرموز پرندگان  مهاجر به مرکز استان خراسان شمالی رسید,https://www.youtube.com/watch?v=yvB3q-EIkYY
ویروس کشنده  کرونا :٣٦١ قربانی,https://www.youtube.com/watch?v=WowHmVwXYFY
فقر و زباله‌گردی,https://www.youtube.com/watch?v=S8X_s_kMJsM
کشتن سگ‌ها توسط شهرداری طغرود,https://www.youtube.com/watch?v=RHCpUJHI1Ko
سلبریتی نیوز-  ۱۴ بهمن ۱۳۹۸,https://www.youtube.com/watch?v=_9Q9mg0tSi8
انداختن پول در صندوق پیشنهادات,https://www.youtube.com/watch?v=DuZRldY8Y_s
تعهدات نجومی دولت دلیل بحران بیمه,https://www.youtube.com/watch?v=_WQ8_I4DMKo
عراق نخست وزیر جدیدی دارد: محمد توفیق علاوی,https://www.youtube.com/watch?v=kBDxO8UUPsE
تجمع اعتراضی کارگران مخابرات راه دور شیراز,https://www.youtube.com/watch?v=Cvp41_hp7PQ
«این خرج کجا و اون خرج کجا!»,https://www.youtube.com/watch?v=2zZ13p1LY_w
تجمع اعتراضی ثبت‌نام کنندگان شرکت سایپادیزل,https://www.youtube.com/watch?v=Zh_-VAsAyQE
وضعیت بد جاده‌ها پس از بارش برف,https://www.youtube.com/watch?v=TrHzLu-V7Aw
نقص فنی، زخم تحریم‌ها در ناوگان فرسوده هوایی,https://www.youtube.com/watch?v=WPGd2rWxH2A
ادامه اعتراضات مردم فلسطین به معامله قرن ترامپ,https://www.youtube.com/watch?v=dUV8rH3mMN8
انتخابات ایران: دور باطل؟,https://www.youtube.com/watch?v=EK7iIO9lsDE
میراث آیت الله پس از چهل ویک سال,https://www.youtube.com/watch?v=aemodxhEM2k
بارش برف در شهرهای مختلف ایران,https://www.youtube.com/watch?v=MHcsRXQTFdI
saf gaz صف کپسول گاز در اهواز 0102,https://www.youtube.com/watch?v=KTcxESlSZgg
سلبریتی نیوز-  ۱۲ بهمن ۱۳۹۸,https://www.youtube.com/watch?v=CU1igAgMM7E
گزارشگر:‌ اینجا استاندارد رعایت نمی‌شود,https://www.youtube.com/watch?v=M5ZSGAkkDPI
بارش برف در سقز,https://www.youtube.com/watch?v=2rQKXshTn2s
بارش برف در کرج,https://www.youtube.com/watch?v=6rtvJr3Gpmk
پا نگذاشتن روی پرچم آمریکا در لاهیجان,https://www.youtube.com/watch?v=oI_tSCtcieY
آزمایش ساده در چین برای تشخیص ابتلا به ویروس کرونا,https://www.youtube.com/watch?v=gEC5jBgLsUA
برگزاری جشن سده در تهران پارس,https://www.youtube.com/watch?v=es3LDRh9Ldg
قطع درختان در شهرستان گچساران، استان کهگیلویه و بویراحمد,https://www.youtube.com/watch?v=w9rRKRl28do
اعتراض مردم به روحانی و دولت پس از نماز جمعه تهران,https://www.youtube.com/watch?v=p8Q7ViK4Syw
تجمع اعتراضی پناهجویان افغانستانی در یونان,https://www.youtube.com/watch?v=SL-WIqXK2VM
صف کپسول گاز در نیکشهر، استان سیستان و بلوچستان,https://www.youtube.com/watch?v=IaYTnCEIj5g
نصب بنر‌های ضد آمریکایی در مشهد,https://www.youtube.com/watch?v=jtG5XoqjDB4
اخبار ضد و نقیض درباره آخرین وضعیت امیر تتلو.,https://www.youtube.com/watch?v=ZWhT4ADL0yw
رکود ۲ تا ۳ ساله در انتظار بازار مسکن,https://www.youtube.com/watch?v=LHxNE8WgVqY
ویروس کرونا پشت مرزهای ایران,https://www.youtube.com/watch?v=lmXZzHI7o7s
Jaye Sher Khali EP02 | جای شعر خالی - قسمت ۲,https://www.youtube.com/watch?v=YRGRr-84jE4
طالبان: جنگ با افغانستان برای صلح یا قدرت؟,https://www.youtube.com/watch?v=brsNoVkAnck
آلودگی هوا در تهران,https://www.youtube.com/watch?v=uha_fJolfWQ
صف کپسول گاز در ماهشهر,https://www.youtube.com/watch?v=26U1ysKZjXg
هرس درختان در گوهردشت کرج,https://www.youtube.com/watch?v=hj2IbDpJA_4
«مطمئن باش که ما رای نمیدیم»,https://www.youtube.com/watch?v=tf6V5uxYUc0
سوزاندن زباله در ساحل محمود‌آباد,https://www.youtube.com/watch?v=9H3WRIy6b4A
ایران: سقوط ٨ پله ای در زمینه شفافیت,https://www.youtube.com/watch?v=p6MbUSYTxfY
چوب لای چرخ صنعت,https://www.youtube.com/watch?v=yTS1Uj6oypE
مصاحبه اختصاصی با تتلو در بازداشتگاه ترکیه,https://www.youtube.com/watch?v=aYGN8CZGGK8
عراق همچنان در تب اعتراضات,https://www.youtube.com/watch?v=FxBT_ZeFIAs
معامله قرن، «هزار بار می گوییم نه ، نه، نه»,https://www.youtube.com/watch?v=BF4pewfuqxg
ایران به دنبال وصول پول گاز، عراق به دنبال جایگزین,https://www.youtube.com/watch?v=yewT3Yeh2tk
اختصاصی: معافیت تحریم ها، مذاکره با آمریکا و نگاه شما,https://www.youtube.com/watch?v=2dFCJC6yBjs
سلبریتی نیوز- ۹ بهمن ۱۳۹۸,https://www.youtube.com/watch?v=rwvh5g_0vWY
گزارشگر: پرچم اسرائیل و آمریکا را کشیدن وسط خیابان,https://www.youtube.com/watch?v=YWdyKyauw64
گزارشگر: نذر سال بعد سمنو دو برابر اگر این آخوندها مملکت را ترک کنند,https://www.youtube.com/watch?v=YA7HRB_VaqQ
شعله اختلافات داخلی بالا گرفته است؟,https://www.youtube.com/watch?v=M-pe2uIkzfM
«در آن جنایتی که به ملت ما هر چهار سال میشه، شرکت نکنید»,https://www.youtube.com/watch?v=UbCToOXfD5c
«بعد از رای گیری ببینید چه کاری با ما می‌کنند»,https://www.youtube.com/watch?v=am3DYqxs0f0
سلبریتی نیوز- ۸  بهمن ۱۳۹۸,https://www.youtube.com/watch?v=4WiTYwEX680
تجمع مردم قشم در اعتراض به تخریب غار نمکی و ایجاد پروژه پرورش میگو,https://www.youtube.com/watch?v=f9MGif_CrQE
«ما رای نمیدیم، ما نفر پانزدهم هستیم»,https://www.youtube.com/watch?v=FbKNOtebUjs
تخریب ساختمان‌های محله آب‌زنگی شیراز,https://www.youtube.com/watch?v=uOL6DWmAToM
دنیای ورزش در سوگ مرگ ناگهانی ستاره پرآوازه بسکتبال آمریکا,https://www.youtube.com/watch?v=EXP-go3AX_Q
اقتصاد چین در سایه شیوع ویروس کرونا,https://www.youtube.com/watch?v=4CZIJltm1wo
تردد ماشین‌های عراقی در سطح شهر,https://www.youtube.com/watch?v=w_LHFN2cIYM
روش‌های تربیتی در یک دبستان دخترانه,https://www.youtube.com/watch?v=I2244bthXtg
سلبریتی نیوز-۷ بهمن ۱۳۹۸,https://www.youtube.com/watch?v=AmOWMy8Y_bI
حداقل دستمزد در سال ۹۹ چقدر باید افزایش داشته باشد؟,https://www.youtube.com/watch?v=Xxr3ldLwlUA
«درحالی که در شهر ما علائمی از ویروس دیده نشده ولی مردم برای خرید به فروشگاه‌ها هجوم آوردند»,https://www.youtube.com/watch?v=2ycyEGMxxa0
فقر و زباله‌گردی,https://www.youtube.com/watch?v=O3wAxxRJJkY
ازدحام جمعیت در سالن بسکتبال گرگان,https://www.youtube.com/watch?v=nhDgwP0EVVU
نمایشگاه کیک تجسمی,https://www.youtube.com/watch?v=S7JOXHIljMA
گرانی و تورم,https://www.youtube.com/watch?v=kubJQ12mius
هواپیمای تهران ماهشهر پس از خروج از باند، وسط اوتوبان متوقف شد,https://www.youtube.com/watch?v=7r0tVStOm-4
تجمع گروهی از معترضان به سخنان جواد ظریف، مقابل وزارت خارجه,https://www.youtube.com/watch?v=XHQtzaarjBs
تشکیل دوباره «شیروخورشید سرخ ایران» با دنیایی از امید,https://www.youtube.com/watch?v=fpn5JKPJPoI
اعتراضات عراق: بازی مقتدی صدر,https://www.youtube.com/watch?v=xltGcL5fNGs
گفتگو با همن سیدی، تحلیل گر سیاسی,https://www.youtube.com/watch?v=iuC0JOhF8l8
درمان ایدز و دیگر امراض,https://www.youtube.com/watch?v=-3APZhLk1wI
سلبریتی نیوز- ۶ بهمن ۱۳۹۸,https://www.youtube.com/watch?v=fBSE6R2DcIk
انفجار حوالی یک پمپ بنزین,https://www.youtube.com/watch?v=NolAlKQpIgA
ترس از قرنطینه,https://www.youtube.com/watch?v=CTD5LiucRu8
سلبریتی نیوز- ۵ بهمن ۱۳۹۸,https://www.youtube.com/watch?v=-J-awMjFhGc
آبگرفتگی معابر پس از بارندگی در اهواز,https://www.youtube.com/watch?v=AdxFg1oyhg0
صف نفت در تبریز,https://www.youtube.com/watch?v=9TD-PGw1xSM
آلودگی محیط زیست,https://www.youtube.com/watch?v=hXL9IMEmORI
اعتصاب اتوبوس‌های سرویس پتروشیمی بندرامام,https://www.youtube.com/watch?v=YjBF0dVshCI
صف گاز در ماهشهر,https://www.youtube.com/watch?v=F0NYe8n-MKk
Time Tunnel | تونل زمان - پارک‌های قدیم، خانهٔ قمر خانوم,https://www.youtube.com/watch?v=vM6vmCw63D0
گزارشگر: پرچم اسرائیل و آمریکا را گذاشتند روی زمین و من می‌کنمشون,https://www.youtube.com/watch?v=WziSypsboaU
کمک مردم و امداد برای بیرون کشیدن خودروهای زیر برف در پیرانشهر,https://www.youtube.com/watch?v=4DObkVQsc8w
«در قضیه انهدام هواپیما اوکراینیی شخص اول مملکت باید بیاد توضیح بده»,https://www.youtube.com/watch?v=ucL1jOIQB1I
جاری شدن مجدد سیل در دلگان سیستان و بلوچستان,https://www.youtube.com/watch?v=G2BpCQjK-jY
Jaye Sher Khali EP01 | جای شعر خالی - قسمت ۱,https://www.youtube.com/watch?v=rL_dGAPE3xs
نبرد پنهان قدرت، پس از سلیمانی,https://www.youtube.com/watch?v=9PQHLz8ArK8
اروپا بر دوراهی برجام,https://www.youtube.com/watch?v=j7N0GP2X1jo
جمع آوری زباله در قلعه رودخان,https://www.youtube.com/watch?v=HrwLH2Utnbo
«به هر پلیس راهداری که زنگ میزنیم میکن بمون همونجا و الان شب شده»,https://www.youtube.com/watch?v=aBN8Ad5bFwQ
تجمع اعتراضی کشاورزان مقابل نیروگاه اسلام‌آ‌باد,https://www.youtube.com/watch?v=fh1HHNqfZbw
عکس قاسم سلیمانی در مجله‌ی بچه‌ها,https://www.youtube.com/watch?v=3xQMnUW5anQ
آبگرفتگی معابر پس از بارندگی در بندر عباس,https://www.youtube.com/watch?v=FelzC21FGF8
ویروس جدید کرونا در چین آمار قربانیان را به  هفده نفر رساند,https://www.youtube.com/watch?v=bdz2_UoodFw
ارتباط محمد حجازی و موشک‌های نقطه‌زن حزب‌الله,https://www.youtube.com/watch?v=zOsqMF2ah24
آکو ویسی؛ کولبر مدال‌آور کنگ‌فو,https://www.youtube.com/watch?v=VbGBryvLqKY
رشد صنعت توریسم در سایه قوانین جمهوری اسلامی؟,https://www.youtube.com/watch?v=VPf2dsEdXaI
خطر ورشکستگی در کمین تامین اجتماعی,https://www.youtube.com/watch?v=k3njp2wxDEY
مشکلات تردد در برف,https://www.youtube.com/watch?v=BZuFJrtQyo4
سلبریتی نیوز- ۲ بهمن ۱۳۹۸,https://www.youtube.com/watch?v=RjovehNwYbE
بارش برف در کنگاور,https://www.youtube.com/watch?v=Nq-y_jhQ11o
بارش برف در دورود لرستان,https://www.youtube.com/watch?v=zQDK_BqHbz8
لغو میزبانی تیم‌های فوتبال ایران,https://www.youtube.com/watch?v=nzDd_ei5VaA
آغاز دور جدید خشونت و درگیری در خیابان‌ها عراق,https://www.youtube.com/watch?v=clbOU7KXZDw
تاثیر تحریم های ایالات متحده بر صادرات صنعت فولاد ایران.,https://www.youtube.com/watch?v=ErdWbRkhGrQ
تبعات تهدید تهران به خروج از ان پی تی,https://www.youtube.com/watch?v=H0g7BsPUJPo
گزارشگر:‌ در بیشتر کشورهای دنیا این کامیون حق تردد ندارد,https://www.youtube.com/watch?v=9qAn8o0narA
سلبریتی نیوز-  ۱ بهمن ۱۳۹۸,https://www.youtube.com/watch?v=oNO3mS7UDPE
آلودگی هوا در اصفهان,https://www.youtube.com/watch?v=bWBkrK8C5w8
گرانی دارو و ویزیت دکتر,https://www.youtube.com/watch?v=1jR1lUG6ego
کمبود انسولین برای کنترل بیماری دیابت,https://www.youtube.com/watch?v=bo-s8Qifn1w
درمان یک سگ زخمی توسط یک شهروند,https://www.youtube.com/watch?v=Hw9ebwMih-4
اعتصاب کارکنان پتروشیمی بندر امام,https://www.youtube.com/watch?v=DKkAOzN5QvI
چین : شیوع ویروس جدید ؟,https://www.youtube.com/watch?v=kupDBqc46GM
پرواز ۷۵۲ و سرنوشت مبهم جعبه سیاه؛ بحران پشت بحران,https://www.youtube.com/watch?v=JJvJkAzqAoU
سلبریتی نیوز- ۳۰ دی ۱۳۹۸,https://www.youtube.com/watch?v=9s6dTod1lto
⁣مراسم یادبود جان‌باختگان حادثه پلاسکو,https://www.youtube.com/watch?v=ePjy7NiYOb8
پرتاب ماهواره های ظفر ۱ و ۲ به زودی؟,https://www.youtube.com/watch?v=XmDZSulxsno
برگزاری دادگاه محمدحسین و فاطمه‌ی سپهری,https://www.youtube.com/watch?v=judZWsO2LOc
تشدید فضای امنیتی برای  خانواده‌های کشته شدگان هواپیمای اوکراین,https://www.youtube.com/watch?v=toooBJLW02g
بارش برف در بیش از ۲۱ استان کشور,https://www.youtube.com/watch?v=iatzEUaQe2Y
⁣⁣مراسم یادبود کشته‌شدگان حادثه هواپیمای اوکراینی در وین,https://www.youtube.com/watch?v=TdeGEKNrwBI
⁣⁣تجمع اعتراضی مالکین شهرک زیتون مقابل فرمانداری,https://www.youtube.com/watch?v=cyecOcP8I9c
⁣تجمع اعتراضی مالکین شهرک زیتون مقابل فرمانداری,https://www.youtube.com/watch?v=3_GosnKvpZA
مراسم تشییع پیکر مجتبی عباس‌نژاد,https://www.youtube.com/watch?v=l7IfY7iBeJk
سلبریتی نیوز- ۲۹ دی ۱۳۹۸,https://www.youtube.com/watch?v=Ve6oKwTWZGs
مراسم تشییع پیکر مجتبی عباس‌نژاد,https://www.youtube.com/watch?v=oM66w_hUSt4
گرامیداشت یاد کشته‌شدگان هواپیمای اوکراینی,https://www.youtube.com/watch?v=Bw79va-HXCU
یک دقیقه سکوت در کنسرت بابک جهانبخش,https://www.youtube.com/watch?v=1m1E17LlLz4
مراسم تشییع پیکر امیرحسین سعیدی نیا,https://www.youtube.com/watch?v=A0_FjFR97lU
⁣برف سنگین در تهران,https://www.youtube.com/watch?v=l5bKLuFY2BQ
⁣برف سنگین در کرج,https://www.youtube.com/watch?v=xcovnr5BloE
ROUHANI WEB,https://www.youtube.com/watch?v=mRujsPNkJzU
خیابان های الجزیره برای هفتمین جمعه‌ مهمان تظاهر کنندگان,https://www.youtube.com/watch?v=t6O-ZcbAH8s
پرچم آمریکا؛ ابزار تبلیغاتی مراسم و مناسبت‌های جمهوری اسلامی,https://www.youtube.com/watch?v=0tSnzvAFm60
اولین جلسه‌ی دادگاه هاشم خواستار و محمد نوری ‌زاد,https://www.youtube.com/watch?v=HnueZvjBSCQ
اختصاصی:  بیش از یک هفته پس از سیل استان های جنوبی و شرقی کشور,https://www.youtube.com/watch?v=jzOWa_qP9ss
سلبریتی نیوز- ۲۸ دی ۱۳۹۸,https://www.youtube.com/watch?v=nwQczL0rqNM
گزارشگر: ما کجا بودیم و به کجا رسیدیم؟,https://www.youtube.com/watch?v=sbGBbd0sGpA
کشیدن پرچم‌های آمریکا، اسرائیل و بریتانیا جلوی درب ورودی دانشگاه سوره تهران,https://www.youtube.com/watch?v=eaKR-3kH_6E
گله گزارشگر از خاموش نکردن آتش در جنگل,https://www.youtube.com/watch?v=UxaOoTwhNuU
"Shabake Nim, S8, EP12 | شبکه نیم - سری ۸ قسمت ۱۲",https://www.youtube.com/watch?v=AQ4yNBzACXc
Time Tunnel | تونل زمان - شاهزاده و آهو، اصفهان و تهران قدیم,https://www.youtube.com/watch?v=WyP1VHcrSEc
واکنش گزارشگران به صحبت‌های خامنه‌ای در نماز جمعه امروز,https://www.youtube.com/watch?v=7LwhmkILAzU
واکنش گزارشگر به صحبت‌های خامنه‌ای در نماز جمعه امروز,https://www.youtube.com/watch?v=I2VWKE2e-K4
گزارشگر: ۴۰ سال این حرف‌ها را زدین,https://www.youtube.com/watch?v=WQTwS-jXmHs
گزارشگر: خامنه‌ای برای چی و کی داره عربی حرف میزنه؟,https://www.youtube.com/watch?v=iZk6c6ZH8MI
آتش سوزی در مجتمع تجاری الماس شرق مشهد,https://www.youtube.com/watch?v=FkXSsp3pggI
پارک دوبله‌ی نمازگزاران در اتوبان,https://www.youtube.com/watch?v=lKjsBdPXaKw
ترافیک سنگین در اتوبان حکیم به سمت مصلی,https://www.youtube.com/watch?v=BM2724WcDBU
سازمان هواپیمایی کشور یا نهادهای نظامی؟,https://www.youtube.com/watch?v=zBseVivBhXs
تحولات جدید در ساختار سیاسی روسیه,https://www.youtube.com/watch?v=X2cIqcqZIhc
«غنی سازی بیش از دوران قبل از برجام»,https://www.youtube.com/watch?v=r-soaE1U1LE
مراسم گرامیداشت جانباختگان سرنگونی هواپیمای اوکراینی در تهران,https://www.youtube.com/watch?v=b2vDlv1vwgk
مراسم خاکسپاری جانباختگان سانحه سرنگونی هواپیمای اوکراینی در تهران,https://www.youtube.com/watch?v=v5AZkpOmXr4
مراسم خاکسپاری بهاره حاج‌اسفندیاری، آنیسا صادقی، میترا احمدی، زهرا نقیبی و میلاد نهاوندی,https://www.youtube.com/watch?v=d-Jixc8j3cI
مراسم خاکسپاری سید مهران ابطحی، از کشته شدگان سانحه سرنگونی هواپیمای اوکراینی، در اصفهان,https://www.youtube.com/watch?v=n8YLlUts5Ck
شعار مردم سنندج در خاکسپاری آیدا فرزانه و آروین مرتب,https://www.youtube.com/watch?v=Kk-m09nST68
شعار مردم سنندج در خاکسپاری جانباختگان سانحه سرنگونی هواپیمای اوکراینی,https://www.youtube.com/watch?v=5KNTJJyQOs8
امیرعلی حاجی زاده در نقش سلبریتی حکومت؟,https://www.youtube.com/watch?v=jOu0-fjoCZs
«ساخت بمب اتم در ایران در کمتر از یک سال»,https://www.youtube.com/watch?v=7tOliOxWjQI
ابعاد تازه ای از فاجعه سرنگونی پرواز هواپیمایی اوکراین,https://www.youtube.com/watch?v=QrJBfDDSN8U
مراسم خاکسپاری سیاوش و پریا مقصودلو و آزاده کاوه,https://www.youtube.com/watch?v=xlZ4LF0N0HU
سلبریتی نیوز-  ۲۵ دی ۱۳۹۸,https://www.youtube.com/watch?v=ZKMaJbDB0Z4
مراسم خاکسپاری دکتر امیرحسین قاسمی در کرمان,https://www.youtube.com/watch?v=whLa7TxtWm4
مراسم خاکسپاری شهاب رعنا و فاطمه کازرانی، جانباختگان هواپیمای اوکراین,https://www.youtube.com/watch?v=rE7FpUt48nw
تیراندازی در تجمعات اعتراضی مردم در تهران,https://www.youtube.com/watch?v=g26SitYSgqE
داغی بر پیشانی یک ملت,https://www.youtube.com/watch?v=9G_5xQG_mBQ
سیستان بلوچستان و هرمزگان؛ چهار روز پس از سیل ویرانگر,https://www.youtube.com/watch?v=AlPdq23Yo4Q
تجمع دانشجویان دانشگاه هنر اصفهان,https://www.youtube.com/watch?v=stJLQ0SAWKA
سلبریتی نیوز-  ۲۴ دی ۱۳۹۸,https://www.youtube.com/watch?v=sCGXVHgdSlA
تصادف روی پل روحانی در کرج,https://www.youtube.com/watch?v=p9NxAqOLZBc
درد دل‌های مادر کیانا قاسمی، یکی از جانباخته‌گان حادثه هواپیمای اوکراینی,https://www.youtube.com/watch?v=CHVFnrdoj_4
صف گاز در سرمای شدید در زاهدان,https://www.youtube.com/watch?v=k3BqgYk3Spc
پرواز ۷۵۲ و مسئولیت غرامت تهران,https://www.youtube.com/watch?v=4aXLvEIk4Cg
پرونده یک پروژه مشترک,https://www.youtube.com/watch?v=xPBTA03iVXs
«حریم هوایی ایران امن نیست»,https://www.youtube.com/watch?v=SwTcfTIJmaY
خواندن شعر یار دبستانی در تجمع امروز دانشجویان دانشگاه صنعتی شریف تهران,https://www.youtube.com/watch?v=_NBBTR8MZNM
کشته شدن حداقل سه نفر در استان های شرقی و جنوبی کشور,https://www.youtube.com/watch?v=FlyBaUaN_So
گفتگوی اختصاصی با خانواده ها و بستگان کشته شدگان پرواز 752,https://www.youtube.com/watch?v=EQTn4o-ZSww
موج استعفا و تحریم: اعتراض به یک فاجعه,https://www.youtube.com/watch?v=OybTz-dSuYE
سلبریتی نیوز-  ۲۲ دی ۱۳۹۸,https://www.youtube.com/watch?v=dV6K_p-XMrk
«توپ تانک فشفشه آخوند باید گم بشه»,https://www.youtube.com/watch?v=qsMRQtSXfXY
راه پیمایی گروهی از طرفداران جمهوری اسلامی,https://www.youtube.com/watch?v=XA6QTH5b_i4
جو امنیتی تهران,https://www.youtube.com/watch?v=I4PZlCM87oE
آبگرفتگی مدرسه در قشم پس از بارندگی روزهای گذشته,https://www.youtube.com/watch?v=g2pNYkx7eu8
تجمع دانشجویان دانشگاه خواجه‌نصیر تهران,https://www.youtube.com/watch?v=oFKWNQ577yU
جو امنیتی شدید اطراف دانشگاه تهران,https://www.youtube.com/watch?v=2Dlt03_YlfE
شعار دانشجویان دانشگاه دامغان: فرمانده کل‌قوا استعفا استعفا,https://www.youtube.com/watch?v=a7FNMt0bdlA
«سپاه بی‌کفایت عامل قتل ملت»,https://www.youtube.com/watch?v=08MGMUbHNac
شعار دانشجویان: ننگ ما ننگ ما صدا و سیمای ما,https://www.youtube.com/watch?v=B0j7y42U-c0
بوئینگ ۷۳۷؛ پروازی ابدی، هواپیمایی که هرگز به مقصد نرسید,https://www.youtube.com/watch?v=v5wC55uHP8Q
مصاحبه با علی هریسچی ، وکیل دادگاه فدرال از واشنگتن,https://www.youtube.com/watch?v=UOzpLhKtxRQ
سلبریتی نیوز-  ۲۱ دی ۱۳۹۸,https://www.youtube.com/watch?v=6v_4CxM2lIo
گزارشگر: صدا و سیما هیچ واکنشی نشان نمیده,https://www.youtube.com/watch?v=VlBRxz4aou0
"Shabake Nim, S8, EP11 | شبکه نیم - سری ۸ قسمت ۱۱",https://www.youtube.com/watch?v=MZBIv7lEVTI
بارش باران و جاری شدن سیل در بندرعباس,https://www.youtube.com/watch?v=U6poe4fAGYI
بارش باران و آبگرفتگی معابر در جزیره قشم,https://www.youtube.com/watch?v=hHohjywWOW4
تصاویری از محل سقوط هواپیمای اوکراین,https://www.youtube.com/watch?v=cSII6b76goA
تصاویری از لحظات اولیه سقوط هواپیمای اوکراین,https://www.youtube.com/watch?v=M0BeNmApoTc
برد پوتین در تنش‌های تاریخی ایران با آمریکا,https://www.youtube.com/watch?v=CaJNPuAeGBo
یک حمله موشکی با اما اگر های بسیار,https://www.youtube.com/watch?v=-WelVeB28FI
نمایش ضد ترامپ به وسیله دانش آموزان در نیشابور,https://www.youtube.com/watch?v=-vYCtWsydTw
جمع آوری امضای دانشجویان دانشگاه آزاد تهران شمالی برای تغییر اسم این دانشگاه به اسم قاسم سلیمانی,https://www.youtube.com/watch?v=PRoijGuNABE
گزارشگر: مردم مجبور شدند کیسه شن‌ها را خودشون زیر ماشین‌هایشان بریزند,https://www.youtube.com/watch?v=d1_KxSzpXHs
موتور سواری با شعار انتقام سخت,https://www.youtube.com/watch?v=kZ5zNDSadO0
«برف آمده و هیچ ماشینی نمی‌تواند خارج بشود»,https://www.youtube.com/watch?v=HdNGEYw59QY
واکنش جامعه بین الملل به حملات موشکی ایران,https://www.youtube.com/watch?v=MRRF8jMSaK4
یک انتقام با دو روایت,https://www.youtube.com/watch?v=-pQ80GnPoLw
"""این تنها یک سیلی بود، انتقام مونده""",https://www.youtube.com/watch?v=Clfuy3zPeGY
گزارشگر: این هم جنگ، از این بدبخت‌تر میشیم,https://www.youtube.com/watch?v=m9hPkq9nKdM
آتش سوزی در سقز,https://www.youtube.com/watch?v=OX4XhR3U2EI
گزارشگر: ما ملت ایران واقعا جنگ نمی‌خواهیم,https://www.youtube.com/watch?v=dju0fAVTcxs
تصاویری از پرتاب موشک از ایران به سمت پایگاه‌های آمریکایی در عراق,https://www.youtube.com/watch?v=vsc2coTO0U0
صف‌های طولانی بنزین در تهران,https://www.youtube.com/watch?v=yb5by95unkc
ازدحام جمعیت؛ لغو خاکسپاری قاسم سلیمانی,https://www.youtube.com/watch?v=vVMqPJK1Ltw
"ظریف: ""حرفم رو از تهران می‌زنم""",https://www.youtube.com/watch?v=VZlOsZnBfEo
اعتراض به افزایش بودجه نیروی قدس در پی گرانی و فقر مردم,https://www.youtube.com/watch?v=ZD3k_hP2c7k
هفدهم دی ماه سالگرد کشف حجاب، زنان از آن روز تا امروز,https://www.youtube.com/watch?v=CXKJSIfDdVA
سلبریتی نیوز -۱۷ دی ۱۳۹۸,https://www.youtube.com/watch?v=bLdMLH3Lahk
تصاویری از جان باختگان و مصدومان بر اثر ازدحام جمعیت در مراسم تشییع قاسم سلیمانی در کرمان,https://www.youtube.com/watch?v=7h-gmOav-SQ
نظرات متفاوت گزارشگران درباره شرایط کنونی,https://www.youtube.com/watch?v=0MBpDqfXSw0
شعار مردم علیه دولت بر ضد جهانگیری در مراسم تشییع قاسم سلیمانی,https://www.youtube.com/watch?v=obCxNgTrAlA
اشک‌های خامنه‌ای: وادع با نورچشمی بیت رهبری,https://www.youtube.com/watch?v=PVGzidnQDyg
خودروها: علت ۷۰٪  آلودگی هوای شهرهای کشور,https://www.youtube.com/watch?v=pm_NJJ8RpXM
سلبریتی نیوز -  ۱۶ دی ۱۳۹۸,https://www.youtube.com/watch?v=uw-8nGp7xBg
نظرات شما,https://www.youtube.com/watch?v=fbltmrgCOMs
آلودگی امروز هوای تهران,https://www.youtube.com/watch?v=FSt1_utVIOY
گرانی دارو درمان و خدمات پزشکی,https://www.youtube.com/watch?v=pMgIjDQAyqM
ترافیک امروز تهران تحت تاثیر مراسم تشییع قاسم سلیمانی,https://www.youtube.com/watch?v=Fpoo9yBuMCI
نظر دو شهروند افغانستانی درمورد قاسم سلیمانی,https://www.youtube.com/watch?v=PHn9OZlanS4
نظرات شما درمورد قاسم سلیمانی,https://www.youtube.com/watch?v=ADh103-lg5s
مراسم عزاداری در دبستان برای قاسم سلیمانی,https://www.youtube.com/watch?v=B0SilD9VaEM
نظرات متفاوت شما درمورد قاسم سلیمانی,https://www.youtube.com/watch?v=vSrFub8dLvU
«بحران اقتصادی جهانی، متاثر از وقوع جنگ در خلیج فارس»,https://www.youtube.com/watch?v=G-nSW4BeVGc
گزارش سالانه‌ی حقوق بشر در ایران,https://www.youtube.com/watch?v=jj9dmq2f0Hk
سلبریتی نیوز -  ۱۵ دی ۱۳۹۸,https://www.youtube.com/watch?v=VZ0b3I5z-yI
«همگام با مردم هستید یا همراه با مسئولین؟»,https://www.youtube.com/watch?v=wn903F0GkSU
«جمهوری‌اسلامی باید بره تا ایران بمونه»,https://www.youtube.com/watch?v=4ilaYG43nnQ
«ما با دنیا جنگ نداریم»,https://www.youtube.com/watch?v=HavzW7sZVos
«رای بی رای»,https://www.youtube.com/watch?v=Ck1Z8wltDjU
بارش برف زمستانی,https://www.youtube.com/watch?v=G-An_Cp9vz8
نظرات متفاوت شما,https://www.youtube.com/watch?v=2tsSZdvbGtQ
«تمام مسیر سیدنی به ملبورن به‌خاطر آتش‌سوزی پر از دود است»,https://www.youtube.com/watch?v=k54rU9rmU_c
واکنش های ضد و نقیض مردم کشورهای مختلف منطقه به کشته شدن قاسم سلیمانی,https://www.youtube.com/watch?v=_o3uWX4drOA
سلبریتی نیوز - ۱۴ دی ۱۳۹۸,https://www.youtube.com/watch?v=Gc2felBUyoo
بارش برف در اصفهان,https://www.youtube.com/watch?v=0nQzOidN_3w
تجمعات برای قاسم سلیمانی در تهران و مشهد,https://www.youtube.com/watch?v=4CMQJkbTAOQ
واکنش گزارشگران به کشته شدن قاسم سلیمانی,https://www.youtube.com/watch?v=MPXvJazoVp0
گزارشگر: از اماکن و تعزیرات ریختند همه مغازه‌ها را به زور بستند,https://www.youtube.com/watch?v=GzkFm58RC0M
گزارشگر: مغازه‌های تربت حیدریه را مجبور کردند ببندند اگر نه پلمپ می‌شوند,https://www.youtube.com/watch?v=wnfgofebDj0
Time Tunnel | تونل زمان - ادیان ایران، رقص در کاخ گلستان,https://www.youtube.com/watch?v=1SUQZ9tv-Bg
واکنش گزارشگران به کشته شدن قاسم سلیمانی,https://www.youtube.com/watch?v=0NlVd7Y17OI
برگزاری مراسم عزاداری برای قاسم سلیمانی,https://www.youtube.com/watch?v=pJsWapWzG6o
واکنش گزارشگران منوتو به کشته شدن قاسم سلیمانی,https://www.youtube.com/watch?v=uERm5Auh6Sk
گزارشگر: تجمع مردم مقابل منزل قاسم سلیمانی,https://www.youtube.com/watch?v=0MskIELFhuI
نظر گزارشگران منوتو درباره کشته شدن قاسم سلیمانی,https://www.youtube.com/watch?v=DfLDj0R__UA
وداع با نخستین کارگردان زن ایران: شهلا ریاحی,https://www.youtube.com/watch?v=P47Ivxaq9S0
گزارش سالانه وضعیت کولبران؛ سال ۲۰۱۹ میلادی,https://www.youtube.com/watch?v=KA9m9jqEkMM
ورود آب فاضلاب به رودخانه کارون,https://www.youtube.com/watch?v=Nf2j66P_RUM
صف کپسول گاز در اصفهان,https://www.youtube.com/watch?v=LpIyAmDMDZs
آلودگی ساحل نور,https://www.youtube.com/watch?v=UDkXhzM9FHE
«بنزین را گران کردند، که به چه کسی کمک شود؟»,https://www.youtube.com/watch?v=eJ17TDGWEOg
«صحنه‌هایی که مادران زندانی‌ها که ضجه می‌زنند، خیلی ناراحت کننده است»,https://www.youtube.com/watch?v=By8bV_Iv1Fc
تهران - واشنگتن: دور دیگر رویارویی؟,https://www.youtube.com/watch?v=AWJCAnC4U7k
امیدی که شاید در سال ۲۰۲۰ به بار بنشیند,https://www.youtube.com/watch?v=rLl37pAdwwQ
واکنش گزارشگران به راهپیمایی حکومتی ۹ دی,https://www.youtube.com/watch?v=lJuMzAgkxls
تشکر گزارشگر از حامیان حیوانات,https://www.youtube.com/watch?v=SId1N6Kyp1M
آلودگی هوا در فضای ایستگاه مترو,https://www.youtube.com/watch?v=5lWcNX9Hj2g
سرگردانی پرندگان مهاجر به دلیل خشک شدن رودخانه زاینده‌رود,https://www.youtube.com/watch?v=-i3wWoamX4Y
لبنان در انتظار چیدمان کابینه جدید,https://www.youtube.com/watch?v=2rITZOqpLgc
نه دی: سناریویی نخ نما یا نشانی از اقتدار نظام؟,https://www.youtube.com/watch?v=poztkAx2ne8
اعتراضات عراق : دانشجویان و مردم,https://www.youtube.com/watch?v=PwPiPU7COdw
سلبریتی نیوز  - ۹ دی ۱۳۹۸,https://www.youtube.com/watch?v=2opFE6g3Ru8
چرا مرگ بر آمریکا می‌گوییم ولی بچه‌های مسئولین اونجا زندگی می‌کنند؟,https://www.youtube.com/watch?v=fV34cma-S68
«هوای تهران دوباره آلوده شد!»,https://www.youtube.com/watch?v=efxDI69cAGI
مادر علی ستوده:او تنها سرمایه‌ی من است,https://www.youtube.com/watch?v=chFrT8dnJOg
مطالبات پرستاران و دوازده سال تعلیق اجرای یک مصوبه,https://www.youtube.com/watch?v=C0xKQf_iquY
ماحصل اعتراضات سراسری؛ وثیقه های میلیاردی,https://www.youtube.com/watch?v=xKhmvYaT9AM
ایرباس‌های اجاره‌ای: تحریم‌ها چگونه دور زده شد؟,https://www.youtube.com/watch?v=0Xf4uacLYl0
تجمع دانشجویان دانشگاه شهید بهشتی,https://www.youtube.com/watch?v=I-OMSwrreY0
وضعیت معابر کیان‌شهر اهواز,https://www.youtube.com/watch?v=O6QWEAHK024
دستفروشان مترو تهران,https://www.youtube.com/watch?v=Sc9a8Rg5mro
«توی کشور ما همه چیز با پول حل می‌شود!»,https://www.youtube.com/watch?v=RzcLaNULUfI
«بالاخره آسمان تهران آبی شد»,https://www.youtube.com/watch?v=SGREKv7YCrg
تشدید فضای امنیتی در اغلب شهرهای کشور,https://www.youtube.com/watch?v=L-c-e2A9GcM
بمباران ادلب: پاکسازی‌ به روش بشار اسد,https://www.youtube.com/watch?v=HifX-taqhRg
مانور دریایی مشترک ایران، روسیه و چین,https://www.youtube.com/watch?v=wO29i1Hvit0
سلبریتی نیوز -۷ دی ۱۳۹۸,https://www.youtube.com/watch?v=-YCLvBFnQdo
تجمع اعتراضی هواداران استقلال,https://www.youtube.com/watch?v=izBFrtbQcCE
فضای امنیتی در مشهد,https://www.youtube.com/watch?v=Y9LavL0ZlC8
Time Tunnel | تونل زمان - مدل‌های آلمانی‌ در ایران، عمو فوتبالی,https://www.youtube.com/watch?v=PD1gMj3-o28
گزارشگر: امیدوارم کنسرت گوگوش در ایران برگزار شود,https://www.youtube.com/watch?v=g8A_5BmXtcY
گلایه گزارشگر از کشتن روباه در روستای ترکمن ده، تهران,https://www.youtube.com/watch?v=pQOycUHKjjs
ادامه حضور نیروهای امنیتی در شهرک اندیشه،‌۶ دی,https://www.youtube.com/watch?v=oyGbuBBBndk
حضور نیروهای امنیتی در بهشت سکینه، ۶ دی,https://www.youtube.com/watch?v=eB72jHJemJU
مراسم چهلم نوید بهبودی از کشته‌شدگان اعتراضات آبان ماه,https://www.youtube.com/watch?v=3PkkmBWK-t0
گزارشگر منوتو از بهشت سکینه,https://www.youtube.com/watch?v=qJ8-cwlQUc4
رقص شیرین در هند - قسمت دوم Series 02 - Episode 02,https://www.youtube.com/watch?v=YwlfudddYRs
پنج دیماه: روز شلوغ بی‌بی سکینه,https://www.youtube.com/watch?v=MS8XnaJ6uGM
چرنوبیل : اولین درخت کریسمس پس از ۳۳ سال,https://www.youtube.com/watch?v=Lw0DnfaVo-8
تشابهات اعتراضات ۹۶ با تظاهرات ۹۸,https://www.youtube.com/watch?v=O4PS1W119VY
حمله اسرائیل علیه مواضع منتسب به سپاه قدس در سوریه,https://www.youtube.com/watch?v=vmbngO_L1hA
«حق نفس کشیدن نداریم!»,https://www.youtube.com/watch?v=_JFsVWIAzBs
صلح برای افغانستان، اما اول آتش بس,https://www.youtube.com/watch?v=kKE297gXL3I
ضرب و شتم یک شهروند به‌خاطر حجاب,https://www.youtube.com/watch?v=ntG7nOgZPUQ
«این همه سال جنایت مرگ بر این ولایت»,https://www.youtube.com/watch?v=rDdt1SzSGzY
مراسم چهلم سجاد رضایی,https://www.youtube.com/watch?v=8K0NCZNlw20
«نیروها دارن مردم رو میزنن»,https://www.youtube.com/watch?v=gz93dhdHkms
«این هم از اولین خونریزی در کرج»,https://www.youtube.com/watch?v=4cFOeOf2730
مراسم چهلم ساسان عیدیوندی از کشته‌شدگان آبان‌ماه,https://www.youtube.com/watch?v=Lts9UhwwSOA
بهشت سکینه امروز,https://www.youtube.com/watch?v=KBMv84dU0kA
جو امنیتی در اصفهان,https://www.youtube.com/watch?v=RX90s8DqbDU
جو شدید امنیتی در شهرهای مختلف ایران,https://www.youtube.com/watch?v=0WP-9QyXoi4
«همه راه‌ها به قطعه ۲۶ رو بستن»,https://www.youtube.com/watch?v=ykQG0Mvel7w
حضور نیروهای امنیتی در کرج ۵ دی,https://www.youtube.com/watch?v=ni5FopC0BQw
جو امنیتی شدید در بهشت‌سکینه کرج,https://www.youtube.com/watch?v=agvbl2bQmuc
جو امنیتی در شهرهای مختلف,https://www.youtube.com/watch?v=HokoPq5WMzU
سلبریتی نیوز - ۴ دی ۱۳۹۸,https://www.youtube.com/watch?v=P8KkoNyaP-U
ارسال پارازیت روی برنامه‌های شبکه منوتو,https://www.youtube.com/watch?v=Mr_pj6KLTHM
«مامورای یگان‌ویژه ریختن بیرون برای ایجاد رعب و وحشت»,https://www.youtube.com/watch?v=yEYWI8TPOYU
آلودگی هوای تهران,https://www.youtube.com/watch?v=abjaEDmOI_o
حکم چهل و پنج سال زندان برای ۹ نوکیش مسیحی,https://www.youtube.com/watch?v=Nos1r5AjlZY
سلبریتی نیوز - ۳ دی ۱۳۹۸,https://www.youtube.com/watch?v=q90AZc6zNBA
کنسرت گوگوش و مارتیک در پاریس - سرود ای ایران,https://www.youtube.com/watch?v=zIWZYH74BDA
کنسرت گوگوش و مارتیک در پاریس - یه حرفایی,https://www.youtube.com/watch?v=XdPPqaAJRPI
کنسرت گوگوش و مارتیک در پاریس - من همون ایرانم,https://www.youtube.com/watch?v=9n0ZUFmO0kg
گزارشگر:‌ اگر خواهان هوای پاک هستید، از دوچرخه برای تردد استفاده کنید,https://www.youtube.com/watch?v=Nx7PsixRANA
آلودگی هوا تهران,https://www.youtube.com/watch?v=llXBnFNy4F4
آسمان تهران کی آبی می‌شود؟,https://www.youtube.com/watch?v=jGtrJ0DOn1k
تجمع پرسنل بازنشسته بیمارستان امام‌خمینی,https://www.youtube.com/watch?v=1Bo1m2aHh-w
حال و هوای شما هنگام پخش کنسرت گوگوش و مارتیک,https://www.youtube.com/watch?v=1rkhDyFO12Q
انتخابات افغانستان: اشرف غنی در صدر,https://www.youtube.com/watch?v=1gTQ63R7ARI
سلبریتی نیوز -  ۱ دی ۱۳۹۸,https://www.youtube.com/watch?v=1CdnuOZpwWg
«لعنت به‌کسانی که باعث شدن هنرمندامون از کشور خارج بشن»,https://www.youtube.com/watch?v=Cd1Uca9BR6o
اهواز یک هفته بعد از بارندگی,https://www.youtube.com/watch?v=muC8aWUeVVU
«از خدمات شما ممنونیم، دیگه بسه»,https://www.youtube.com/watch?v=HqkptOcB3og
جانی که در میان برف و کولاک جای ماند,https://www.youtube.com/watch?v=XhohCqN1r7U
شب یلدا به یاد کشته‌شدگان آبان۹۸,https://www.youtube.com/watch?v=YqIJKf0ISVY
مصاحبه اختصاصی از کنسرت گوگوش و مارتیک در پاریس,https://www.youtube.com/watch?v=dWvuMUZj9OU
حال و هوای شب یلدا,https://www.youtube.com/watch?v=nN3MOpq7cdY
آلودگی هوا در نقاط مختلف کشور,https://www.youtube.com/watch?v=qtqdWszjqy8
«ممنون که به‌جای صداوسیما ما رو خوشحال می‌کنید»,https://www.youtube.com/watch?v=DQ1yx2RcQdM
«جمهوری اسلامی اصرار داره هر لحظه منفورتر از قبل بشه»,https://www.youtube.com/watch?v=PbnVgRMuA2g
کنسرت گوگوش و مارتیک در پاریس - یه حرفایی,https://www.youtube.com/watch?v=02t-E-Xm8js
کنسرت گوگوش و مارتیک در پاریس - من همون ایرانم,https://www.youtube.com/watch?v=wW_AngZ_rBE
"Shabake Nim, S8, EP10 | شبکه نیم - سری ۸ قسمت ۱۰",https://www.youtube.com/watch?v=RIkNKhvin9c
شبکه نیم - خداحافظی بازی,https://www.youtube.com/watch?v=nUb4r20hei0
شبکه نیم - مدلی دولت,https://www.youtube.com/watch?v=Z8PkNChKxL8
رها کردن زباله در ساحل رویان,https://www.youtube.com/watch?v=vghldF_eWVY
آلودگی هوا در ارومیه,https://www.youtube.com/watch?v=9lMeAOyuHkI
کودک کار: خرج مدرسه‌ام رو خودم میدم,https://www.youtube.com/watch?v=cZRmTB_EoMc
ادامه آبگرفتگی معابر در اهواز,https://www.youtube.com/watch?v=1KjBuIe7vUE
آلودگی هوا در تهران,https://www.youtube.com/watch?v=_9sMnB4F5oQ
تلاطم روابط جمهوری اسلامی همزمان با تهدید های اسراییل؟,https://www.youtube.com/watch?v=xaeAIFtC4Ps
قطعنامه حقوق بشری سازمان ملل علیه جمهوری اسلامی,https://www.youtube.com/watch?v=pNc_S8PClCs
آلودگی هوا در تهران,https://www.youtube.com/watch?v=_uCiSaov3Sw
انباشت زباله در کویر مرنجاب,https://www.youtube.com/watch?v=nymCq69n7Dk
شکایت یک مادر از بی‌توجهی مسئولین به آبگرفتگی معابر در اهواز,https://www.youtube.com/watch?v=wXWqi0mwFl8
جان سپردن برای یک لقمه نان، رنج‌نامه کولبران,https://www.youtube.com/watch?v=MKao6dhyRwA
بارش تگرگ در اصفهان,https://www.youtube.com/watch?v=20JozUr01SI
خوزستان: سیل همراه با فاضلاب,https://www.youtube.com/watch?v=ATbMOgDMVEs
«ما مسالمت آمیز اعتراض کردیم، آن‌ها جواب ما را با گلوله دادند»,https://www.youtube.com/watch?v=j4whaH4ROl8
«سیب‌زمینی خریدم کیلویی ۶ هزار تومان»,https://www.youtube.com/watch?v=E14VSjvMRZU
بارش برف در شهر بلداجی,https://www.youtube.com/watch?v=bKbZxvE2Tqc
طغیان رودخانه بر اثر بارندگی در کمشک، استان هرمزگان,https://www.youtube.com/watch?v=qcH3rs-fwF8
آبگرفتگی معابر در خرمشهر,https://www.youtube.com/watch?v=ULDFeUW3ldo
سلبریتی نیوز - ۲۵ آذر ۱۳۹۸,https://www.youtube.com/watch?v=FRCPr4ZDncQ
فشار اقتصادی بر مردم,https://www.youtube.com/watch?v=mKjzO_Dwl34
چکه کردن سقف پراید صفر,https://www.youtube.com/watch?v=7LiXlvnx4GM
پایان دیکتاتوری عمرالبشیر,https://www.youtube.com/watch?v=imtj9MQQMzc
بودجه ۹۹ آموزش و پرورش,https://www.youtube.com/watch?v=mT937ZgRd-4
گزارشگر: به جرم بدحجابی دختر ۱۱ ساله‌ام، پلیس خودرو ما را گرفت و من و دخترم را در اتوبان رها کرد.,https://www.youtube.com/watch?v=KaH1MrYR5f4
سلبریتی نیوز - ۲۴ آذر ۱۳۹۸,https://www.youtube.com/watch?v=3oS0HC72Hdc
بی‌توجهی کادر درمانی بیمارستان به بیماران,https://www.youtube.com/watch?v=gLDNQ9IcnVY
قرص داخل کیک,https://www.youtube.com/watch?v=81PUn9go56I
سلبریتی نیوز - ۲۳ آذر ۱۳۹۸,https://www.youtube.com/watch?v=VYjVYjpXRNs
برخورد ماموران شهرداری با یک بستنی‌فروش,https://www.youtube.com/watch?v=9je1QSIv_QI
آلودگی هوای تهران,https://www.youtube.com/watch?v=1-RKJycshL0
«از اسم کسبه  بازار تهران سواستفاده می‌کنند»,https://www.youtube.com/watch?v=yejOax8F7qI
"Shabake Nim, S8, EP09 | شبکه نیم - سری ۸ قسمت ۹",https://www.youtube.com/watch?v=LnyvcBSnPg0
شبکه نیم - سکوت شبانه,https://www.youtube.com/watch?v=zKr-Jqbx8ZM
Time Tunnel | تونل زمان - استقبال سه هزار روحانی از شاه، ارومیه قدیم,https://www.youtube.com/watch?v=G2-CptzSddg
شبکه نیم - رای که نمیدید,https://www.youtube.com/watch?v=nybC5r-0L2w
آلودگی هوا در تهران,https://www.youtube.com/watch?v=gcDfS5tDuWM
افزایش قیمت خیارشور,https://www.youtube.com/watch?v=UxvaJnh5u2Y
خطرناک‌تر از بمب خوشه‌ای و ریشه‌ی همه‌ی فسادها؛ دانشگاه از منظر آیت‌الله خمینی,https://www.youtube.com/watch?v=BV11KbPh41M
شب جمعه - سری سوم - قسمت ۱۰ / بازی سه سوت با مهسا نوی و حمید طالب‌زاده,https://www.youtube.com/watch?v=pr9w92ZjvfY
شب جمعه - سری سوم - قسمت ۱۰ / اجرای ترانه نزدیک میشم از مهسا نوی,https://www.youtube.com/watch?v=w28D6BYva2s
شب جمعه - سری سوم - قسمت ۱۰ / بازی برعکس و سروته با مهسا نوی و حمید طالب زاده,https://www.youtube.com/watch?v=Z4rbSDoavjI
شب جمعه - سری سوم - قسمت ۱۰ / اجرای ترانه یارجون  از حمید طالب‌زاده,https://www.youtube.com/watch?v=ZdY3BtUrpNE
بیمه‌ی تکمیلی و اعتراضات بازنشستگان,https://www.youtube.com/watch?v=hlq-jS_VKG4
نقش و خواسته حکام تهران در یمن,https://www.youtube.com/watch?v=qmwoK4ie1zU
Gaptime / گپ تایم - گپی‌ با کامیار,https://www.youtube.com/watch?v=KP7WE4iRTlQ
نارضایتی یک راننده تاکسی اینترنتی از گرانی بنزین,https://www.youtube.com/watch?v=L2w-Y40voNo
صف کپسول گاز برای خودروهای دوگانه‌ سوز در ملارد,https://www.youtube.com/watch?v=nlhTeCVmrvM
افزایش قیمت گوجه فرنگی,https://www.youtube.com/watch?v=Qi7VZaG67Bg
سرقت اطلاعات بانکی میلیونها ایرانی,https://www.youtube.com/watch?v=iAEnpywg28o
اعتراضات مردمی در میدان تحریر بغداد,https://www.youtube.com/watch?v=-rN3lfthbFE
حال تخت جمشید خیلی وقت است که خوب نیست!,https://www.youtube.com/watch?v=SFTx7hK90Bk
حفر تونل های حمل موشک در مرز عراق و سوریه,https://www.youtube.com/watch?v=b0nctVaNozY
مادران داغدار، نماد غم اعتراضات آبان,https://www.youtube.com/watch?v=JZ5wzMgOtPE
بارش باران و تگرگ در زاهدان,https://www.youtube.com/watch?v=Y87qiFlpUmY
صف کپسول گاز در زاهدان,https://www.youtube.com/watch?v=Toxa_fLcpmQ
صحبت‌های یک مجروح اعتراضات اخیر,https://www.youtube.com/watch?v=MJGg49G0h1o
سلبریتی نیوز - ۱۹ آذر ۱۳۹۸,https://www.youtube.com/watch?v=JVDmoQ4Euiw
شلیک ماموران به سمت معترضان در اسلامشهر,https://www.youtube.com/watch?v=Uppvo2Gkusw
صف کپسول گاز در زاهدان,https://www.youtube.com/watch?v=OvWxSwcsoww
تیر خوردن یک شهروند معترض در بومهن در اعتراضات اخیر,https://www.youtube.com/watch?v=ZgCTvWTqKVc
برخورد با یک شهروند دستفروش در تهران,https://www.youtube.com/watch?v=xu127TxBeLI
افزایش قیمت گوجه فرنگی,https://www.youtube.com/watch?v=Ubsi-CDRsYc
تجمع دانشجویان دانشگاه علم وصنعت به مناسبت روز دانشجو,https://www.youtube.com/watch?v=p--2Za878E4
سلبریتی نیوز - ۱۸ آذر ۱۳۹۸,https://www.youtube.com/watch?v=xOe_AjCIaks
تجمع کارکنان بیمارستان الزهرای اصفهان,https://www.youtube.com/watch?v=yc4EBIwZhOo
عفونت دست معترض تیرخورده و ترس مراجعه به بیمارستان,https://www.youtube.com/watch?v=1L8BcUllIFk
آبان ۹۸ - Aban 98,https://www.youtube.com/watch?v=rFRiivYn2yY
سهم نهادهای مذهبی و تبلیغاتی از بودجه ۹۹,https://www.youtube.com/watch?v=_htMjJoktOI
بودجه سال ۹۹,https://www.youtube.com/watch?v=-h-SHE8qIRE
پاییز ۹۸: افزایش  ۱۰۰ تا ۳۰۰ درصدی قیمت کالاهای اساسی,https://www.youtube.com/watch?v=cuMqLGI332s
«هیتلر هم ساده زیست بود»,https://www.youtube.com/watch?v=Zo79S7z2eHY
رای بی رای,https://www.youtube.com/watch?v=Pr6g9ShROBk
«پویا مظلوم بود، چیزی نگفت، فقط اعتراض داشت»,https://www.youtube.com/watch?v=0EX59ftnyV0
آبگرفتگی جاده در بوشهر,https://www.youtube.com/watch?v=oPJzYCl4jH8
⁣تجمع گروهی از ایرانیان مقابل پارلمان اروپا,https://www.youtube.com/watch?v=SmNVq53bsXM
تیراندازی یک دانشجوی عربستانی در پایگاه نظامی آمریکا,https://www.youtube.com/watch?v=PuUrVxTvGUQ
عراق و اعتراضات ادامه دار,https://www.youtube.com/watch?v=3SEWPoHUlac
گرانی کتاب‌های کنکور,https://www.youtube.com/watch?v=FIixO3kuCSg
تجمع اعتراضی دانشجویان دانشگاه پلی‌تکنیک,https://www.youtube.com/watch?v=Sibp8KTMDSU
«بیکاری بیگاری حجاب زن اجباری»,https://www.youtube.com/watch?v=Ui4JPk5XTVM
«یار دبستانی من با من و همراه منی»,https://www.youtube.com/watch?v=xe7XEDajbQI
«ما همه متحد هستیم»,https://www.youtube.com/watch?v=6Yl3kaQi3tA
«حراست دانشگاه شعبه اطلاعات»,https://www.youtube.com/watch?v=kfL0BI9S56E
"Shabake Nim, S8, EP08 | شبکه نیم - سری ۸ قسمت ۸",https://www.youtube.com/watch?v=fyr8GZt9OBM
شبکه نیم - رویای شیرین,https://www.youtube.com/watch?v=1MApVRfWIg0
شبکه نیم - خاطرات امام,https://www.youtube.com/watch?v=O0KCgmYhVVk
Time Tunnel | تونل زمان - مستند گمش تپه، مهمانان مهرآباد,https://www.youtube.com/watch?v=83sKdeePw6M
مراسم سومین روز درگذشت ابراهیم منصوری,https://www.youtube.com/watch?v=GhmQK4EsRDE
خاموش کردن چراغ‌ها به یاد کشته شدگان اعتراضات اخیر,https://www.youtube.com/watch?v=zY6mSPbq_mo
جمع آوری فیلترهای سیگار به مناسبت هفته کار داوطلبانه,https://www.youtube.com/watch?v=XXXb4dFyReY
قطع درختان یک مجموعه ورزشی در شهریار,https://www.youtube.com/watch?v=vL9O5W9F4gc
شب جمعه - سری سوم - قسمت ۹ / بازی هزارچهره با سعید محمدی و جزمین کارا,https://www.youtube.com/watch?v=UULmQ27xkHg
شب جمعه - سری سوم - قسمت ۹ / اجرای ترانه بردی از یادم با صدای جزمین کارا,https://www.youtube.com/watch?v=VTjLxMhHKUM
اختصاصی: واگن های شلوغ متروی تهران,https://www.youtube.com/watch?v=ml1CI4bI7dg
اکبر لنگری، «رهگذری» که با شلیک مستقیم کشته شد,https://www.youtube.com/watch?v=DQfrwHxTnKw
شب جمعه - سری سوم - قسمت ۹ / اجرای لیپسینک جزمین کارا با آهنگ نفرین از مکابیز,https://www.youtube.com/watch?v=zGftDLxiqWA
ابعاد جدید اعتراضات سراسری,https://www.youtube.com/watch?v=p4rMUZwRxoY
چهل سال بحران و حالا چه؟,https://www.youtube.com/watch?v=9sYAzeNtTsE
مزار کشته ‌شدگان آبان ۹۸ در فردوسیه شهریار,https://www.youtube.com/watch?v=4Bfrqnpj5AE
اثرات گرانی بنزین بر روی قیمت دارو,https://www.youtube.com/watch?v=GEsLezx7Dxc
اعتراض متفاوت یک شهروند اصفهانی به سه برابر شدن قیمت بنزین,https://www.youtube.com/watch?v=y5GZFxMjCkA
تلاش یک شهروند برای بستن خیابان در اعتراض به گرانی بنزین در تهران,https://www.youtube.com/watch?v=vhPBQgqnybk
آلودگی هوا در تهران,https://www.youtube.com/watch?v=uuvRQZJC5s8
سقوط پل عابر در مشهد,https://www.youtube.com/watch?v=JqMLrS_lLpU
ناتو در جستجوی یک هوای تازه!,https://www.youtube.com/watch?v=oDex0s1-NFg
زندان‌ها کوچک‌اند یا زندانیان زیاد؟!,https://www.youtube.com/watch?v=4LAEebX2bi8
«روزنه مذاکرات بسته نیست»,https://www.youtube.com/watch?v=PQiZLSIOzZI
پسر نماینده ولی‌فقیه در منچستر، کاندید انتخابات بریتانیا,https://www.youtube.com/watch?v=lOOU1_Y6TqQ
اعتراض یک شهروند به گرانی بنزین در نیشابور,https://www.youtube.com/watch?v=WPlFm4pvJSg
رها کردن زباله در ساحل سیترا نوشهر,https://www.youtube.com/watch?v=zHemMhvMXLE
تیر خوردن یک معترض در سرآسیاب ملارد,https://www.youtube.com/watch?v=n3TITGxOKdE
انباشت زباله مقابل دبستان شایستگان در خرم‌آباد,https://www.youtube.com/watch?v=tQkq5vZ93LY
کشته شدن یک معترض در فردیس کرج - ۲۶ آبان ۹۸,https://www.youtube.com/watch?v=8eKgKe2T6qE
گرانی گوجه فرنگی,https://www.youtube.com/watch?v=C9sKY6WdSmY
سلبریتی نیوز -  ۱۲ آذر ۱۳۹۸,https://www.youtube.com/watch?v=rEQ2yTldBg4
درگیری نیروهای انتظامی و مردم معترض در ماهشهر,https://www.youtube.com/watch?v=o93D-gQaiBY
تیر خوردن یک معترض در اعتراضات اخیر در گلشهر کرج,https://www.youtube.com/watch?v=PigGXChpPuA
آبگرفتگی معابر بوشهر پس از بارندگی,https://www.youtube.com/watch?v=9gM126QaS9U
وضعیت غیراستاندارد و آلوده اورژانس بیمارستان گلستان اهواز,https://www.youtube.com/watch?v=KE5eO1IWxa0
«مرگ بر دیکتاتور»,https://www.youtube.com/watch?v=BfA981ZVu0w
گرانی و تورم پس از افزایش قیمت بنزین,https://www.youtube.com/watch?v=G7dGtGQp0HI
سلبریتی نیوز - ۱۱ آذر ۱۳۹۸,https://www.youtube.com/watch?v=q1yuGfJlGWo
آلودگی هوا,https://www.youtube.com/watch?v=vWVYEXGgeoc
گرانی و کمبود دارو,https://www.youtube.com/watch?v=5MhTO_diANg
سال ۲۰۱۹ جهان در زمینه‌ی مقابله با ایدز کجا ایستادن؟,https://www.youtube.com/watch?v=J1QPpg_MydQ
سلبریتی نیوز -۱۰ آذر ۱۳۹۸,https://www.youtube.com/watch?v=GWd4KLmZdhU
تجمع ایرانیان انگلستان در لندن علیه جمهوری اسلامی,https://www.youtube.com/watch?v=kxbKcNNj9U0
مراسم به مناسبت روز دانشجو,https://www.youtube.com/watch?v=-oRrZV_njPI
من نفر پانزدهم هستم,https://www.youtube.com/watch?v=toG3ZLXwuKc
«جواب ۴۰ سال سکوت و صبوری مردم»,https://www.youtube.com/watch?v=idk2WRQuV_E
امر به معروف در مترو,https://www.youtube.com/watch?v=03aKuVc8mMM
شلیک به سمت معترضین در کرج، ۲۶ آبان,https://www.youtube.com/watch?v=WwTqEGiAkC0
گرانی و تورم,https://www.youtube.com/watch?v=KlCUgBz-tyU
کشته شدن غریبانه‌ی بهزاد معینی‌فر با گلوله جنگی,https://www.youtube.com/watch?v=TYV6wOR0BHg
سلبریتی نیوز - ۹ آذر ۱۳۹۸,https://www.youtube.com/watch?v=zt_9Qu9-nzs
آلودگی هوا در بابل,https://www.youtube.com/watch?v=UUZxcMt04m8
جو امنیتی در حوالی بازار بزرگ تهران,https://www.youtube.com/watch?v=summxkWu-MA
کشته شدن یک معترض در جاده ساوه گلستان - ۲۶ آبان ۹۸,https://www.youtube.com/watch?v=VXFsYLyiNpU
تیر خوردن یک معترض در فردیس کرج - ۲۶ آبان ۹۸,https://www.youtube.com/watch?v=GBh2PEKRyxM
«هوای تهران آلوده است»,https://www.youtube.com/watch?v=oRSWRClNDQM
Shabake Nim S8 Ep7 | شبکه نیم - سری ۸ قسمت ۷,https://www.youtube.com/watch?v=gig-lCrIp_8
گرانی دارو و درمان,https://www.youtube.com/watch?v=TgL6DqTPDV0
شبکه نیم- اعتراض,https://www.youtube.com/watch?v=Z9s6VCjE7ZY
شبکه نیم -  مطیع رهبری,https://www.youtube.com/watch?v=T3fY2Vapyxk
«بزار برو آقای خوش‌تیپ»,https://www.youtube.com/watch?v=bJfcN8BGDT4
شلیک ماموران به‌سمت معترضین در فولادشهر,https://www.youtube.com/watch?v=DTr6jvPrreQ
«بدبختی هامون همه از ترسه»,https://www.youtube.com/watch?v=MxnYHpxLnng
«ای شاه ایران برگرد به ایران»,https://www.youtube.com/watch?v=IToWrHhouFE
Gaptime / گپ تایم - آشنایی با نیلوفر از تیم سوشال مدیا,https://www.youtube.com/watch?v=BOKoQAiO10c
گرانی جگر مرغ به علت افزایش قیمت بنزین,https://www.youtube.com/watch?v=6RXcDOGB1-k
Gaptime / فریبرز قریب از تیم رختکن,https://www.youtube.com/watch?v=qvnVJEEIGTE
آلودگی هوا در تهران,https://www.youtube.com/watch?v=0qxMOGuKbcA
کشته شدن یک معترض در اعتراضات اخیر در شهر صدرا شیراز,https://www.youtube.com/watch?v=CDSqQvHpcPY
پاسخ گزارشگر به صحبت‌های اخیر ابوالفضل بهرام پور در مورد قطعه قطعه کردن معترضان,https://www.youtube.com/watch?v=ErD17DQbDfg
صحنه کشته شدن یکی از معترضین در گلستان تهران,https://www.youtube.com/watch?v=5yUjS7kzmUQ
اتهام جاسوسی به نماینده کنگره آمریکا,https://www.youtube.com/watch?v=S5kBdiDDF7s
صحنه کشته شدن یکی از معترضین,https://www.youtube.com/watch?v=c81UqZvVnnM
چه کسی به داد بزرگترین دریاچه جهان خواهد رسید؟,https://www.youtube.com/watch?v=KWs3jAJfPRE
تیر خوردن یک معترض در اعتراضات اخیر در تهران,https://www.youtube.com/watch?v=MkVa13Zygpw
راه‌حل مقامات برای برخورد با معترضان بازداشتی آبان ۹۸,https://www.youtube.com/watch?v=qJWAIVtxQps
پلاسکو بعد از سه سال,https://www.youtube.com/watch?v=Nz6-1B9pEsI
سلبریتی نیوز -۶ آذر ۱۳۹۸,https://www.youtube.com/watch?v=H6GIi3Z-Jtg
تیراندازی به یک معترض در شهریار,https://www.youtube.com/watch?v=0lHxtB9rxvA
بستن دستبند سیاه در حمایت از کشته شدگان اعتراضات اخیر,https://www.youtube.com/watch?v=w-WoPKMAHG4
«خامنه‌ای از زبان من جوان بشنو، به پایان سلام کن»,https://www.youtube.com/watch?v=m9nlseKirdE
سلبریتی نیوز - ۵ آذر ۱۳۹۸,https://www.youtube.com/watch?v=ulI-wwvnxpo
رضا مددی: رهایی در قفس / Reza Madadi,https://www.youtube.com/watch?v=LDqZbf7fA9I
اختصاصی: صدا وسیما و مردم بدون تریبون,https://www.youtube.com/watch?v=X94kSRhMBr8
روز جهانی منع خشونت علیه زنان,https://www.youtube.com/watch?v=2sOEODsClrE
سلبریتی نیوز - ۴ آذر ۱۳۹۸,https://www.youtube.com/watch?v=KIyqOhe2apc
سلبریتی نیوز - ۳ آذر ۱۳۹۸,https://www.youtube.com/watch?v=G1L-cxsRRIw
"Shabake Nim, S8, EP06 | شبکه نیم - سری ۸ قسمت ۶",https://www.youtube.com/watch?v=FrB2KHj7B_4
شبکه نیم - از وقتی یادمه,https://www.youtube.com/watch?v=_bIGyqNHE64
بازگشت دوباره اینترنت؟,https://www.youtube.com/watch?v=HpW0yIrQ5-U
روحانی: از بیانات حکیمانه مقام رهبری تشکر می کنم,https://www.youtube.com/watch?v=XVjTmJbmVGY
بمباران سوریه - پیغام تل‌آویو به تهران,https://www.youtube.com/watch?v=hEl-BWdigK4
سلبریتی نیوز -  ۲۹ آبان ۱۳۹۸,https://www.youtube.com/watch?v=AhJuIFfiAX4
پنجمین روز اعتراضات سراسری: گردش آزاد اطلاعات بسته است,https://www.youtube.com/watch?v=bBa1XCLP20E
سلبریتی نیوز- ۲۸ آبان ۱۳۹۸,https://www.youtube.com/watch?v=5exX2K3d-QQ
سلبریتی نیوز- ۲۷ آبان ۱۳۹۸,https://www.youtube.com/watch?v=QochcYJ1YuE
بررسی صحبت های آیت الله خامنه ای در واکنش به اعتراضات,https://www.youtube.com/watch?v=cH54kSqzlQo
قطع اینترنت: ترس حکومت؟,https://www.youtube.com/watch?v=f1xDIfA3Djw
خامنه‌ای: این کار مردم نیست، کار اشرار است,https://www.youtube.com/watch?v=TK9hWs9j59E
سلبریتی نیوز- ۲۶ آبان ۱۳۹۸,https://www.youtube.com/watch?v=Y8QQCivMdb0
آتش اعتراضات به گرانی بنزین سراسری شد,https://www.youtube.com/watch?v=X55thnKcfxs
سلبریتی نیوز- ۲۵ آبان ۱۳۹۸,https://www.youtube.com/watch?v=6vvJ577vcJM
شبکه نیم - دوستامون چی میگن؟,https://www.youtube.com/watch?v=h8Jqd4pfUyc
Time Tunnel | تونل زمان - آبادان قدیم، حاکم امارات در تهران,https://www.youtube.com/watch?v=mLcCKJAMPVk
"Shabake Nim, S8, EP05 | شبکه نیم - سری ۸ قسمت ۵",https://www.youtube.com/watch?v=qVFpDh7MLb0
دستگیری یکی از عاملان اعدام‌های۶۷؛,https://www.youtube.com/watch?v=oD2B3LNNDzw
Gaptime / گپ‌تایم - آشنایی با ادیتور‌های من‌و‌تو,https://www.youtube.com/watch?v=BAi1tIhf52Y
شب جمعه - سری سوم - قسمت ۷ / اجرای نیما ناظری با آهنگ نوروزخوانی از عجم باند,https://www.youtube.com/watch?v=6Wi2nYMRNKk
احتمال بازگشت تحریم های سازمان ملل,https://www.youtube.com/watch?v=bEp92I3VfME
مستند آریامهر - سیاست مستقل ملی محمد رضا شاه پهلوی,https://www.youtube.com/watch?v=V3RjFwQPiiw
سلبریتی نیوز- ۲۲ آبان ۱۳۹۸,https://www.youtube.com/watch?v=6nQxqtTnc9U
مستند آریامهر - انقلاب سفید,https://www.youtube.com/watch?v=XZ5m0ERRGjc
سلبریتی نیوز - ۲۱ آبان ۱۳۹۸,https://www.youtube.com/watch?v=HOXfKfqniAc
مستند آریامهر - اقامت در جزیره کونتادورا یادآور نامه شاه به پدرش,https://www.youtube.com/watch?v=TsAKkXc6waY
سلبریتی نیوز - ۲۰ آبان ۱۳۹۸,https://www.youtube.com/watch?v=9-5lwfwRf2k
مستند آریامهر - اشغال سفارت آمریکا توسط دانشجویان,https://www.youtube.com/watch?v=2bMS44mh58s
مستند آریامهر - تجمع دانشجویان ایرانی در آمریکا مقابل بیمارستان کرنل,https://www.youtube.com/watch?v=ypJUEaz_bfw
مستند آریامهر- تقابل محمدرضا شاه پهلوی و محمد مصدق,https://www.youtube.com/watch?v=vLw0qe7Uqww
سلبریتی نیوز - ۱۹ آبان ۱۳۹۸,https://www.youtube.com/watch?v=oRP18rJ6I8w
Gaptime / گپی‌ با افشین، تهیه کننده روزانه من‌و‌تو‌پلاس,https://www.youtube.com/watch?v=aJn_MBBDx68
مستند آریامهر -  دکترین نیکسون,https://www.youtube.com/watch?v=ie0k7YGb0mM
مستند آریامهر - پیشینه دوستی محمدرضا شاه پهلوی با انور سادات رئیس جمهور مصر,https://www.youtube.com/watch?v=FVoeve-2X2c
مستند آریامهر - دیدار مارگارت تاچر با محمدرضا شاه پهلوی در ایران,https://www.youtube.com/watch?v=UEeWwbSmflY
سلبریتی نیوز - ۱۸ آبان ۱۳۹۸,https://www.youtube.com/watch?v=YrGrhuvuWoo
رو به رو - قسمت ۱۵۴ / ROO BE ROO EP 154,https://www.youtube.com/watch?v=jRJDtWpKWTc
"Shabake Nim, S8, EP04 | شبکه نیم - سری ۸ قسمت ۴",https://www.youtube.com/watch?v=fdLLsoX5s94
Time Tunnel | تونل زمان - خاطرات جنگ ظفار، جمیله و پوران، آقای قاطبه,https://www.youtube.com/watch?v=avlpGdYdZww
شبکه نیم - آقامون,https://www.youtube.com/watch?v=GHp0foRAg1Y
شبکه نیم - تراژدی,https://www.youtube.com/watch?v=5x5_szV0loA
شب جمعه - سری سوم - قسمت ۶ / اجرای مدلی  شبنم ژاله از دو آهنگ رد شو و همه چی عالیه,https://www.youtube.com/watch?v=kaJ8DBIxx-M
شب جمعه - سری سوم - قسمت ۶ / بازی هزارچهره با شاهین جامه‌ای و شبنم ژاله,https://www.youtube.com/watch?v=hIZ0puoNXb0
شب جمعه - سری سوم - قسمت ۶ / بازی حدس بزن چیه با شبنم ژاله و شاهین جامه‌ای,https://www.youtube.com/watch?v=P6FaerRjT6A
شب جمعه - سری سوم - قسمت ۶ /اجرای لیپسینک شبنم ژاله با آهنگ کیش از سپیده,https://www.youtube.com/watch?v=vcbV7v3C6zk
"Shabake Nim, S8, EP03 | شبکه نیم - سری ۸ قسمت ۳",https://www.youtube.com/watch?v=O-jHf920EE0
سلبریتی نیوز-  ۱۵ آبان ۱۳۹۸,https://www.youtube.com/watch?v=iMhxdt3fo7s
سلبریتی نیوز- ۱۴ آبان ۱۳۹۸,https://www.youtube.com/watch?v=FEzRMADogIs
سلبریتی نیوز-۱۳ آبان ۱۳۹۸,https://www.youtube.com/watch?v=TENwQ5uPLfk
سلبریتی نیوز- ۱۲ آبان ۱۳۹۸,https://www.youtube.com/watch?v=kO3lRbcAHM4
Gaptime / گپ‌تایم - دابسمش آهنگ شب جمعه,https://www.youtube.com/watch?v=Z5NiDS36dnE
سلبریتی نیوز -۱۱ آبان ۱۳۹۸,https://www.youtube.com/watch?v=sTZaz3y3taU
شبکه نیم - جهرمی ریزه میزه,https://www.youtube.com/watch?v=gpIOSWOXhOA
Time Tunnel | تونل زمان - عمران کیش، روز ژاندارمری، پاییز شاهرخ,https://www.youtube.com/watch?v=IozEnDVokAM
Gaptime / ویژه برنامه هالووینی من‌و‌تو‌پلاس,https://www.youtube.com/watch?v=WkCzo5EzQOY
شب جمعه - سری سوم - قسمت ۵ / بازی تکون بده با هانری زادور و یگانه,https://www.youtube.com/watch?v=z1JsTCsZgSA
شب جمعه - سری سوم - قسمت ۵ / بازی پانتودیسکو با هانری زادور و یگانه,https://www.youtube.com/watch?v=RT8t_82F_xc
شب جمعه - سری سوم - قسمت ۵ / اجرای لیپسینک هانری و ساسان /آهنگ پنجره ها از شهرام و شهره صولتی,https://www.youtube.com/watch?v=8KXraH87NJc
شب جمعه - سری سوم - قسمت ۵ / اجرای ترانه «تولد» از هانری زادور,https://www.youtube.com/watch?v=Czg4A9wmTpA
سلبریتی نیوز - ۹ آبان ۱۳۹۸,https://www.youtube.com/watch?v=EsrD-MQaRsk
سلبریتی نیوز - ۸ آبان ۱۳۹۸,https://www.youtube.com/watch?v=N1SilSs--4Y
سلبریتی نیوز - ۷ آبان ۱۳۹۸,https://www.youtube.com/watch?v=EnMlSR6YKLk
Gaptime / گپ تایم - یک روز کاری من‌و‌تو‌پلاس,https://www.youtube.com/watch?v=ulqLk9I6ifY
خاطرات کپیتال استدیو,https://www.youtube.com/watch?v=6bf4dHT7mfo
سلبریتی نیوز - ۶ آبان ۱۳۹۸,https://www.youtube.com/watch?v=CyqpEy259Ys
سلبریتی نیوز - ۵ آبان ۱۳۹۸,https://www.youtube.com/watch?v=O18AaLfAdLs
سلبریتی نیوز - ۴ آبان ۱۳۹۸,https://www.youtube.com/watch?v=9UEfm0CGvrY
Time Tunnel | تونل زمان - خاطرات لشگرک و کرج، مهرآباد، داش آکل,https://www.youtube.com/watch?v=55XPAQG4UTQ
شبکه نیم - تحریم رو برداشتن تحریم رو گذاشتن,https://www.youtube.com/watch?v=k3-9pAeWQhM
شبکه نیم - دزدی هم درد مارو دیگه دوا نمیکنه,https://www.youtube.com/watch?v=Yze7NsLK-Mo
"Shabake Nim. S8, EP02 | شبکه نیم - سری ۸ قسمت ۲",https://www.youtube.com/watch?v=F2UH2SUZYWQ
Gaptime / گپ‌تایم - شروع ساخت سری جدید شعر یادت نره,https://www.youtube.com/watch?v=Lxi9fjYJIn8
شب جمعه - سری سوم - قسمت ۴ / بازی رپش کن با ایمانمون و آیدا,https://www.youtube.com/watch?v=kOgrMSdYz5E
شب جمعه - سری سوم - قسمت ۴ / بازی سه سوت با ایمانمون و آیدا,https://www.youtube.com/watch?v=lUE457V0GU4
شب جمعه - سری سوم - قسمت ۴ / اجرای لیپسینک آیدا و ساسان با آهنگ نمره بیست از کامران و هومن,https://www.youtube.com/watch?v=4xRIIzlxv-E
شب جمعه - سری سوم - قسمت ۴ / اجرای آهنگ «یانگ پاچینو» از ایمانمون - Young Pacino by Imanemun,https://www.youtube.com/watch?v=61NOSduRtEE
شب جمعه - سری سوم - قسمت ۴ / اجرای آهنگ «سنکرون» از آیدا Senkron by Ayda,https://www.youtube.com/watch?v=Ico-sJ_uuL0
روایت نادر نوری کهن از شکنجه با کابل و اعترافات اجباری,https://www.youtube.com/watch?v=X4MNO6tOCIw
سلبریتی نیوز - ۳۰ مهر ۱۳۹۸,https://www.youtube.com/watch?v=vuGzDz_JItg
Time Tunnel | تونل زمان - افتتاح نخستين بناهای بلند مسكونی توسط شاه,https://www.youtube.com/watch?v=OO36hwvAM3E
سلبریتی نیوز -۲۹ مهر ۱۳۹۸,https://www.youtube.com/watch?v=A6IeJ3aXb_w
سلبریتی نیوز - ۲۸ مهر ۱۳۹۸,https://www.youtube.com/watch?v=DqOOp0X6HoA
سلبریتی نیوز -۲۷ مهر ۱۳۹۸,https://www.youtube.com/watch?v=ck7At_XZyaw
Gaptime / گپ تایم - ویژه برنامه رپرتاژ «طلای سیاه»,https://www.youtube.com/watch?v=-0wOyc8UGSk
Gaptime / گپ تایم - پشت صحنه قسمت دوم شب جمعه,https://www.youtube.com/watch?v=LRonmvjJWHs
"Shabake Nim, S8, EP01 | شبکه نیم - سری ۸ قسمت ۱",https://www.youtube.com/watch?v=34mtfI9Rag8
شبکه نیم - حقمونه,https://www.youtube.com/watch?v=508tQAsRi1w
شبکه نیم - رای بده اینبار,https://www.youtube.com/watch?v=HIyFLXV4SWo
شب جمعه - سری سوم - قسمت ۳ /  اجرای لیپسینک سارا با آهنگ روح شیطون از سوزان روشن,https://www.youtube.com/watch?v=SDy6GL3MgjU
شب جمعه - سری سوم - قسمت ۳ / اجرای لیپسینک گلناز با آهنگ بلدی از لیلا فروهر,https://www.youtube.com/watch?v=RZMBRzDI9mE
شب جمعه - سری سوم - قسمت ۳ / بخش زبل و چغر با سارا محدثی و محمد یاری,https://www.youtube.com/watch?v=fFgAn5yhl6Q
شب جمعه - سری سوم - قسمت ۳ / بخش رپش کن با سارا محدثی و محمد یاری,https://www.youtube.com/watch?v=rCrTmGBopkc
Gaptime / گپ تایم - پشت صحنه سری جدید شبکه نیم,https://www.youtube.com/watch?v=fdNs_PcD2jw
سلبریتی نیوز - ۲۴ مهر ۱۳۹۸,https://www.youtube.com/watch?v=tQV33Nbku9E
سلبریتی نیوز - ۲۳ مهر ۱۳۹۸,https://www.youtube.com/watch?v=s1J9JUivNUM
سلبریتی نیوز - ۲۲ مهر ۱۳۹۸,https://www.youtube.com/watch?v=X3ZqxUyt3rk
Donbale Man - Panida and Amin Big A شب جمعه - سری سوم - قسمت ۲ / اجرای آهنگ «دنبال من» از,https://www.youtube.com/watch?v=4HUQ725wljw
سلبریتی نیوز - ۲۱ مهر ۱۳۹۸,https://www.youtube.com/watch?v=TV_qlva5rNM
سلبریتی نیوز - ۲۰ مهر ۱۳۹۸,https://www.youtube.com/watch?v=BWrVmzCoTlo
"Time Tunnel | تونل زمان - تولد ""تولدت مبارک""، فیلم فرخزاد، مانور ارتش",https://www.youtube.com/watch?v=QoI_FGxacww
Gaptime / گپ تایم - استودیو جدید تونل زمان,https://www.youtube.com/watch?v=tz7mOPcItjc
شب جمعه - سری سوم - قسمت ۲ / بخش تیک تاک با فرانک عمیدی و امین بیگ ای,https://www.youtube.com/watch?v=ZbJA4faAp2w
شب جمعه - سری سوم - قسمت ۲ / بخش رپش کن با فرانک عمیدی و امین بیگ ای,https://www.youtube.com/watch?v=4JHpo-XQ3EE
شب جمعه - سری سوم قسمت ۲ / بخش لیپسینک بتل با اجرای فرانک عمیدی و شیرین - آهنگ خاطره شد از گروه بویز,https://www.youtube.com/watch?v=rVbPnpr7nBc
Gaptime / گپ‌تایم - دابسمش آهنگ شب جمعه,https://www.youtube.com/watch?v=KBn3Ks8nbMw
سلبریتی نیوز - ۱۷ مهر ۱۳۹۸,https://www.youtube.com/watch?v=lUMLWymq6cM
شب جمعه - سری سوم قسمت ۱ - بخش رپش کن با تهی و هدیه,https://www.youtube.com/watch?v=XabsL0Zf_V8
شب جمعه سری سوم | بازی برعکس و سرته با تهی و هدیه,https://www.youtube.com/watch?v=In8hygOx73c
سلبریتی نیوز- ۱۵ مهر ۱۳۹۸,https://www.youtube.com/watch?v=47IN6wdM1Js
سلبریتی نیوز- ۱۳ مهر ۱۳۹۸,https://www.youtube.com/watch?v=WktpgLJpWWQ
سلبریتی نیوز - ۱۰ مهر ۱۳۹۸,https://www.youtube.com/watch?v=exTZRoyoOKI
سلبریتی نیوز - ۹ مهر ۱۳۹۸,https://www.youtube.com/watch?v=CeFJQW0cJ-4
سلبریتی نیوز-۸ مهر ۱۳۹۸,https://www.youtube.com/watch?v=qi-HmMcdz44
سلبریتی نیوز-۷ مهر ۱۳۹۸,https://www.youtube.com/watch?v=6YYcjGmJZHU
سلبریتی نیوز- ۶ مهر ۱۳۹۸,https://www.youtube.com/watch?v=_rNkNfXegmI
سلبریتی نیوز -۳ مهر ۱۳۹۸,https://www.youtube.com/watch?v=GVC2cSDb288
سلبریتی نیوز - ۲ مهر ۱۳۹۸,https://www.youtube.com/watch?v=DuQbylDu-eE
سلبریتی نیوز - ۱ مهر ۱۳۹۸,https://www.youtube.com/watch?v=8FhGXEOnKf0
سلبریتی نیوز - ۳۱ شهریور ۱۳۹۸,https://www.youtube.com/watch?v=GgHGZT96gfc
سلبریتی نیوز -۳۰ شهریور ۱۳۹۸,https://www.youtube.com/watch?v=2QyrdjA8c70
سلبریتی نیوز - ۲۷ شهریور ۱۳۹۸,https://www.youtube.com/watch?v=w9GpV6BdgTc
سلبریتی نیوز - ۲۶ شهریور ۱۳۹۸,https://www.youtube.com/watch?v=hByY749-EvI
منوتوفشن - هفته مد لندن ۲۰۱۹ - دوشنبه ۲۵ شهریور۹۸,https://www.youtube.com/watch?v=Ix2tfKA-12o
سلبریتی نیوز - ۲۵ شهریور ۱۳۹۸,https://www.youtube.com/watch?v=D3dNNk4Gz2w
منوتوفشن - هفته مد نیویورک/لندن ۲۰۱۹ - شنبه ۲۳ شهریور۹۸,https://www.youtube.com/watch?v=Dr6Y1iZEZlM
سلبریتی نیوز - ۲۳ شهریور ۱۳۹۸,https://www.youtube.com/watch?v=Vo47avxv1EM
Cake Make S01 EP09 |کیک میک - سری اول قسمت ۹,https://www.youtube.com/watch?v=uOGpqXiTp3Y
سلبریتی نیوز - ۲۰ شهریور ۱۳۹۸,https://www.youtube.com/watch?v=BX4WiVbhoZM
سلبریتی نیوز - ۱۹ شهریور ۱۳۹۸,https://www.youtube.com/watch?v=VlVjl6cfUw4
منوتوفشن - هفته مد نیویورک ۲۰۱۹ - یکشنبه ۱۹ شهریور۹۸,https://www.youtube.com/watch?v=9cTvXjp2fVc
سلبریتی نیوز - ۱۸ شهریور ۱۳۹۸,https://www.youtube.com/watch?v=UGWwUv9zuOY
منوتوفشن - هفته مد نیویورک ۲۰۱۹ - یکشنبه ۱۷ شهریور۹۸,https://www.youtube.com/watch?v=Lp01kegfFwk
سلبریتی نیوز - ۱۷ شهریور ۱۳۹۸,https://www.youtube.com/watch?v=-yOR4lcp8as
سلبریتی نیوز - ۱۶ شهریور ۱۳۹۸,https://www.youtube.com/watch?v=TICh4V2J0X8
Cake Make S01 EP08 | کیک میک - سری اول قسمت ۸,https://www.youtube.com/watch?v=flDX0iXzUJ0
سلبریتی نیوز - ۱۲ شهریور ۱۳۹۸,https://www.youtube.com/watch?v=Ba2UeoMely8
سلبریتی نیوز - ۱۱ شهریور ۱۳۹۸,https://www.youtube.com/watch?v=xmWfPTK68q4
سلبریتی نیوز - ۱۰ شهریور ۱۳۹۸,https://www.youtube.com/watch?v=ld_BxOdmBRo
سلبریتی نیوز -۹ شهریور ۱۳۹۸,https://www.youtube.com/watch?v=Am3eaiJZ4hE
Cake Make S01 EP07 | کیک میک - سری اول قسمت ۷,https://www.youtube.com/watch?v=cddx76Xx35E
سلبریتی نیوز - ۶ شهریور ۱۳۹۸,https://www.youtube.com/watch?v=krcykTMKoi0
سلبریتی نیوز - ۵ شهریور ۱۳۹۸,https://www.youtube.com/watch?v=Oc_PuFOcATk
طالب زاده,https://www.youtube.com/watch?v=lO4_NxRRM60
سلبریتی نیوز -۴ شهریور ۱۳۹۸,https://www.youtube.com/watch?v=j3o68sb15cQ
سلبریتی نیوز - ۳ شهریور ۱۳۹۸,https://www.youtube.com/watch?v=ZQwafgR67v4
سلبریتی نیوز-۲ شهریور ۱۳۹۸,https://www.youtube.com/watch?v=nSBzxMNUzsc
Cake Make S01 EP06 | کیک میک - سری اول قسمت ۶,https://www.youtube.com/watch?v=VECbSz94AME
سلبریتی نیوز- ۳۰ مرداد ۱۳۹۸,https://www.youtube.com/watch?v=U_I_9whRxzw
سلبریتی نیوز -۲۹ مرداد ۱۳۹۸,https://www.youtube.com/watch?v=uhKbajMg25M
سلبریتی نیوز - ۲۸ مرداد ۱۳۹۸,https://www.youtube.com/watch?v=3hW1mgz1crg
سلبریتی نیوز - ۲۷ مرداد ۱۳۹۸,https://www.youtube.com/watch?v=NgcsnjI8NEQ
سلبریتی نیوز -۲۶ مرداد ۱۳۹۸,https://www.youtube.com/watch?v=cqo98MN2U2s
Gaptime / گپ تایم - پشت صحنه کیک میک,https://www.youtube.com/watch?v=DlP08jw9FtY
Cake Make S01 EP05 | کیک میک - سری اول قسمت ۵,https://www.youtube.com/watch?v=q2461Y9QMnU
Gaptime / گپ تایم - هوشنگ توزیع,https://www.youtube.com/watch?v=9La6h_jTNRc
سلبریتی نیوز -۲۳ مرداد ۱۳۹۸,https://www.youtube.com/watch?v=ZMn4FgMP6oE
سلبریتی نیوز - ۲۲ مرداد ۱۳۹۸,https://www.youtube.com/watch?v=SQD3RYDcIDI
سلبریتی نیوز -۲۱ مرداد ۱۳۹۸,https://www.youtube.com/watch?v=zGBG2C6gxNI
سلبریتی نیوز -۲۰ مرداد ۱۳۹۸,https://www.youtube.com/watch?v=Ywd_XyY6qII
سلبریتی نیوز -۱۹ مرداد ۱۳۹۸,https://www.youtube.com/watch?v=quTu7WUsZGM
Cake Make S01 EP04 | کیک میک - سری اول قسمت ۴,https://www.youtube.com/watch?v=yo4s46oFk3A
Gaptime / گپ تایم - شهره آغداشلو,https://www.youtube.com/watch?v=nPpmXkT4_Z4
"Gaptime / گپ تایم - پشت صحنه ""دیگه چه خبر"" با رضا روحانی و سحر زند",https://www.youtube.com/watch?v=e4V_wxSO_k0
سلبریتی نیوز - ۱۵ مرداد ۱۳۹۸,https://www.youtube.com/watch?v=EmOT_mhRj9Y
منوتو فشن - ۱۵ مرداد ۱۳۹۸,https://www.youtube.com/watch?v=teN5_giK7Rc
سلبریتی نیوز - ۱۴ مرداد ۱۳۹۸,https://www.youtube.com/watch?v=QhihsEOmUT8
سلبریتی نیوز -۱۳ مرداد ۱۳۹۸,https://www.youtube.com/watch?v=DJyy5qItJqs
سلبریتی نیوز - ۱۲ مرداد ۱۳۹۸,https://www.youtube.com/watch?v=5_rs844GiWA
پشت صحنه دروغ ۱۲,https://www.youtube.com/watch?v=jS66HFwl69o
Cake Make S01 EP03 | کیک میک - سری اول قسمت ۳,https://www.youtube.com/watch?v=_ehpE1FJmyI
سلبریتی نیوز - ۹ مرداد ۱۳۹۸,https://www.youtube.com/watch?v=5467PXgioSk
سلبریتی نیوز - ۸ مرداد ۱۳۹۸,https://www.youtube.com/watch?v=OYsUxm8YMJ8
سلبریتی نیوز-۷ مرداد ۱۳۹۸,https://www.youtube.com/watch?v=ZYVkM0brMuM
سلبریتی نیوز- ۶ مرداد ۱۳۹۸,https://www.youtube.com/watch?v=hsrv6Yc1cDA
سلبریتی نیوز -۵ مرداد ۱۳۹۸,https://www.youtube.com/watch?v=6FAZNvSuFWk
Cake Make S01 EP02 | کیک میک - سری اول قسمت ۲,https://www.youtube.com/watch?v=j2qvIXaEjB0
Gaptime / گپ تایم - پشت صحنه اولین قسمت کیک‌ میک,https://www.youtube.com/watch?v=ScSDo1H3FjA
به زندگی من خوش آمدید - امین قاسم‌زاده,https://www.youtube.com/watch?v=znsEMKcaHzM
ترند‌های تابستانی,https://www.youtube.com/watch?v=C7IIdIBMiWM
سلبریتی نیوز -۲ مرداد ۱۳۹۸,https://www.youtube.com/watch?v=7xFGSZmHR24
اصرار عجیب تهران بر افزودن تنش در منطقه,https://www.youtube.com/watch?v=mj_ERNv1HpQ
سلبریتی نیوز - ۱ مرداد ۱۳۹۸,https://www.youtube.com/watch?v=h5rTmBTDXFQ
سلبریتی نیوز - ۳۱ تیر ۱۳۹۸,https://www.youtube.com/watch?v=HnTmKnf6O08
سلبریتی نیوز - ۳۰ تیر ۱۳۹۸,https://www.youtube.com/watch?v=N1ui6WGRwB0
دو روی متفاوت مدارس غیردولتی,https://www.youtube.com/watch?v=iMDpPwHndtU
سلبریتی نیوز - ۲۹ تیر ۱۳۹۸,https://www.youtube.com/watch?v=JQE00rvZXpc
Cake Make S01 EP01 | کیک میک - سری اول قسمت ۱,https://www.youtube.com/watch?v=AGAwEWgddwU
Time Tunnel -Kish | تونل زمان - کیش:‌ آرزوهای یک پادشاه،رویاهای یک معمار,https://www.youtube.com/watch?v=vdW-zbRyoNM
بی پولی: هلالی که کمرنگ می شود,https://www.youtube.com/watch?v=MBdjOdctukY
آتش سوزی در میدان حسن آباد,https://www.youtube.com/watch?v=yIVcs2SL50g
بازماندگان آمیا؛ جویندگان عدالت,https://www.youtube.com/watch?v=GLjtVPRaKLs
آمریکا جنگده‌های اف ۳۵ را به ترکیه نمی‌فروشد,https://www.youtube.com/watch?v=2ycKRS87rlo
خلیج فارس: آبستن تنش ها,https://www.youtube.com/watch?v=-5Jz7vK_o2A
سال رونق تولید:سال خاموشی صنعت,https://www.youtube.com/watch?v=YjguZXo5TPE
ورود نیروهای نظامی به صنعت خودروسازی,https://www.youtube.com/watch?v=KHczjMNMi10
سلبریتی نیوز - ۲۶ تیر ۱۳۹۸,https://www.youtube.com/watch?v=5N-gDiyxVz8
سیاست یک بام و دو هوای جمهوری اسلامی در آزادی مطبوعات,https://www.youtube.com/watch?v=SG-E3EHOFdY
شگرد جمهوری اسلامی در کنترل رسانه‌ها,https://www.youtube.com/watch?v=4gNgPwiyJJA
سلبریتی نیوز - ۲۵ تیر ۱۳۹۸,https://www.youtube.com/watch?v=S7K57g6Vh84
کار برای یک لقمه نان،  بدون بیمه و مستمری,https://www.youtube.com/watch?v=euU3LHk7uEo
آب مجازی؛ چاره بی آبی کشور؟,https://www.youtube.com/watch?v=lWUaaDj-T4w
نبرد شادی,https://www.youtube.com/watch?v=urk1bv5ET1g
سلبریتی نیوز - دوشنبه - ۲۴ تیر ۱۳۹۸,https://www.youtube.com/watch?v=TdWjgSxCa-A
چهارسالگی یک توافق: برجام در کما,https://www.youtube.com/watch?v=0SpzzYQkI7k
ضلع سوم تنش: حزب‌الله لبنان,https://www.youtube.com/watch?v=sHc1WHcpx6o
سلبریتی نیوز - یکشنبه - ۲۳ تیر ۱۳۹۸,https://www.youtube.com/watch?v=NHR7GQMZ3i4
سلبریتی نیوز - شنبه - ۲۲ تیر ۱۳۹۸,https://www.youtube.com/watch?v=Vy4iIIVvg5M
بازگشت به دوران ناصرخسرو,https://www.youtube.com/watch?v=BR0O0sZP3e8
فشار حداکثری واشنگتن بر تهران؛ تقویت وزنه پکن,https://www.youtube.com/watch?v=aeQapq564g8
اساسنامه - قسمت ۱ / Asasnameh - Ep01,https://www.youtube.com/watch?v=VVCC-Soqf7E
لندن؛ سفر به واشنگتن از مسیر تهران,https://www.youtube.com/watch?v=Hz4eVgBrUsw
Time Tunnel | تونل زمان - رضا شاه و آتاترک در استانبول,https://www.youtube.com/watch?v=FaLtJ4tvDe0
معمای دکل گم شده: چی شد از دور بیرون افتادید؟,https://www.youtube.com/watch?v=s6fTYKHg2Po
نگرانی پیرامون وضعیت پنج زندانی عقیدتی-سیاسی,https://www.youtube.com/watch?v=Whkg1B9yBH0
تنش در شاهراه استراتژیک,https://www.youtube.com/watch?v=Vr2r4nlk4PY
پنجاه سالگی فرود انسان روی ماه,https://www.youtube.com/watch?v=TtM1O81PdDU
گزارشگر ۲۰ تیر ۱۳۹۸,https://www.youtube.com/watch?v=E9qgivN1n5o
بستن تنگه هرمز: اقدام متقابل؟,https://www.youtube.com/watch?v=shMMje15gGQ
آزادی نزار زکا : «سیگنال حسن نیت» تهران؟,https://www.youtube.com/watch?v=M_D3oksLOG0
آیا سیستم عامل اندروید همیشه امن است؟,https://www.youtube.com/watch?v=IOew90iDkpQ
تهران،عملیات به قصد چانه زنی,https://www.youtube.com/watch?v=C_pw8-LT5n8
تهران، تل آویو؛ برخورد از نوع دیگر,https://www.youtube.com/watch?v=SBGAdDYpOh8
ادغام حشد الشعبی: بازی دوسویه بغداد با تهران و واشنگتن؟,https://www.youtube.com/watch?v=ccpRrYxdTOg
ارابه مرگ نتیجه انحصار بازار خودروی ایران,https://www.youtube.com/watch?v=igIscyE7f2k
سلبریتی نیوز - چهار شنبه ۱۹ تیر ۱۳۹۸,https://www.youtube.com/watch?v=B6fq-KCLY6I
Time Tunnel | تونل زمان - اهواز قدیم، معدل تحصیلی فرزندان شاه,https://www.youtube.com/watch?v=OmaJLDPZGSQ
سلبریتی نیوز - سه شنبه - ۱۸ تیر ۱۳۹۸,https://www.youtube.com/watch?v=ne_P_-EP51M
اهدای عضو زندانیان محکوم به اعدام,https://www.youtube.com/watch?v=-snYleuoSR0
کوه پسماند در ساحل مازندران,https://www.youtube.com/watch?v=rMCYZeqA4Xc
حواشی یازدهمین دوره‌ی حراج تهران,https://www.youtube.com/watch?v=VFH_dV7YSsw
برجام؛ یک گام دیگر تا پایان,https://www.youtube.com/watch?v=hmGmgGSgjLg
سلبریتی نیوز - دوشنبه - ۱۷ تیر ۱۳۹۸,https://www.youtube.com/watch?v=6VIG7Iz-Yg4
تهران: اعلام گام دوم کاهش تعهدات برجامی,https://www.youtube.com/watch?v=6mw1L79anOU
ایران: چرا کاهش تعهدات برجام؟,https://www.youtube.com/watch?v=-Z5g7AcTMjY
خط قرمزی در میان بحران,https://www.youtube.com/watch?v=kqyOfx8lrso
سلبریتی نیوز - یکشنبه - ۱۶ تیر ۱۳۹۸,https://www.youtube.com/watch?v=Hk7peyXak-4
تهدید، پاسخ تهران به توقیف نفتکش گریس,https://www.youtube.com/watch?v=6W3B4HX7Cds
گرانی سیب زمینی تا کجا؟,https://www.youtube.com/watch?v=cZ7b0SJpxvE
جنگل‌های زیبای هیرکانی به فهرست میراث جهانی پیوست,https://www.youtube.com/watch?v=fa6vltYsAhM
سلبریتی نیوز - شنبه - ۱۵ تیر ۱۳۹۸,https://www.youtube.com/watch?v=3SjO5zTq160
رو به رو - قسمت ۱۳۶ / Roo Be Roo Ep136,https://www.youtube.com/watch?v=uh0fhMtSzQM
کودکان کار، یتیم‌های جنگ سوریه، رها شده در خیابان,https://www.youtube.com/watch?v=f70DCgmNRBI
تساوی دیه زن و مرد؟,https://www.youtube.com/watch?v=GKu2lR4oZco
جوزف بورل کیست؟,https://www.youtube.com/watch?v=R9GI3CzAkG0
«انرژی اتمی: دلیل ایران برای برنامه های هسته ای؟»,https://www.youtube.com/watch?v=lRn6eMbf6ZI
گزارشگر ۱۲ تیر ۱۳۹۸,https://www.youtube.com/watch?v=GQnpjnXLdak
اینستکس؛ راهی برای حفظ برجام؟,https://www.youtube.com/watch?v=6273DV2AxqY
تهدید تهران؛ افزایش خلوص اورانیوم غنی شده,https://www.youtube.com/watch?v=_k_UnbzWFmg
سلبریتی نیوز - چهارشنبه - ۱۲ تیر ۱۳۹۸,https://www.youtube.com/watch?v=OEx6nMugfCI
گرانی دارو و کالاهای ضروری,https://www.youtube.com/watch?v=mCBIxCDOQN4
وضعیت بخش درمانی این روزهای,https://www.youtube.com/watch?v=Vpmvh9eYFh4
رتبه ۱۷ در تولید گل و ۱۱۷ در صادرات,https://www.youtube.com/watch?v=968NtwsUjIw
کاهش تعهدات هسته‌ای ایران؛ بازی با آتش,https://www.youtube.com/watch?v=AbmUsCMiheE
آیا دیدار رهبران تهران و واشنگتن ممکن است؟,https://www.youtube.com/watch?v=moYhaDTDsQI
آخرین وضعیت محمد حبیبی,https://www.youtube.com/watch?v=DsdPLRdeHmc
رویای شیرین دلارهای نفتی,https://www.youtube.com/watch?v=Im0Zney58DY
اواسط جولای: دور سوم مذاکرات ترامپ و کیم,https://www.youtube.com/watch?v=yTXUc96_-mw
سلبریتی نیوز - دوشنبه - ۱۰ تیر ۱۳۹۸,https://www.youtube.com/watch?v=869HJy8MkW8
فشار بیش از حد به شبکه برق کشور,https://www.youtube.com/watch?v=jFSwNrMbft4
سلبریتی نیوز - یکشنبه - ۹ تیر ۱۳۹۸,https://www.youtube.com/watch?v=xmyhydnZBC4
سلبریتی نیوز - شنبه - ۸ تیر ۱۳۹۸,https://www.youtube.com/watch?v=nfbMljqolyc
اینستکس؛ پایان یا آب حیات برجام؟,https://www.youtube.com/watch?v=xiwifgjynOA
بحران کمبود دارو ادامه دارد,https://www.youtube.com/watch?v=31bejrfMmDY
«تحریم تهران: انتقام واشنگتن از پکن»,https://www.youtube.com/watch?v=Pxag6Oisfxg
گرانی دارو و کالاهای ضروری,https://www.youtube.com/watch?v=gSEts7oepIE
"تکیه حکام تهران به ""ملت""؛",https://www.youtube.com/watch?v=ZllzXRiRFNU
آیا اروپا می‌تواند توافق هسته‌ای را نجات دهد؟,https://www.youtube.com/watch?v=g9Y0gqG-b1o
آینده توافق هسته ای چه خواهد بود؟,https://www.youtube.com/watch?v=ehCoEohDKM4
اثر واقعی این تحریم‌ها چه خواهد بود؟,https://www.youtube.com/watch?v=1BHsyNzlyJU
مسکو در دوراهی تهران و تل‌آویو,https://www.youtube.com/watch?v=cQ-AxarQesg
روسیه در تنش میان ایران و آمریکا چه موضعی دارد؟,https://www.youtube.com/watch?v=Aw6vZZwNjyM
تحریم، ضربه‌ای سنگین تر از حمله نظامی به ایران,https://www.youtube.com/watch?v=mfhPVLFELHk
ترامپ: جنگ با ایران طولانی نخواهد بود,https://www.youtube.com/watch?v=GwdzhGyL5Hw
سلبریتی نیوز - چهارشنبه - ۵ تیر ۱۳۹۸,https://www.youtube.com/watch?v=BdmOfOpZTns
مزرعه حیوانات / Animal Farm,https://www.youtube.com/watch?v=sZ-TiUe-g74
تحریم رهبر جمهوری اسلامی از سوی کاخ سفید,https://www.youtube.com/watch?v=PwRY8AEKSpI
هدف ترامپ از وضع تحریم‌های جدید چیست؟,https://www.youtube.com/watch?v=K44lO0Ynao8
پیام سمبلیک تحریم نهاد رهبری از سوی کاخ سفید چیست؟,https://www.youtube.com/watch?v=CkFV96liVmo
جزئیات تحریم‌های جدید,https://www.youtube.com/watch?v=2CutsBoKZoA
انزوای جهانی جمهوری اسلامی اینبار در سازمان ملل.,https://www.youtube.com/watch?v=rCcF5A9d-Jg
تحریم کاخ سفید: امپراتوری اقتصادی نهاد رهبری,https://www.youtube.com/watch?v=pY5EVJSVMqk
سلبریتی نیوز - سه شنبه - ۴ تیر ۱۳۹۸,https://www.youtube.com/watch?v=uRUacheGkaI
تهران به دنبال مانور نظامی با بغداد,https://www.youtube.com/watch?v=NR1zhw3SHoY
تلاش آمریکا برای اجماع جهانی علیه ایران,https://www.youtube.com/watch?v=kMlgdXW_VbU
ساحل دریای مازندران؛ مسیری که آزاد نمی‌شود,https://www.youtube.com/watch?v=LeOhQ6q-4-o
پیروزی دموکراسی در استانبول، پایان قدرت اردوغان؟!,https://www.youtube.com/watch?v=Op_Lt2qCM5Q
تهران به دنبال مانور نظامی با بغداد,https://www.youtube.com/watch?v=mbDN18ihz1M
سلبریتی نیوز - دوشنبه - ۳ تیر ۱۳۹۸,https://www.youtube.com/watch?v=OhICUQWvO7w
سلبریتی نیوز - یکشنبه - ۲ تیر ۱۳۹۸,https://www.youtube.com/watch?v=fQNCIW2Wg8g
تصمیم برجامی ایران در سایه تورم پنجاه درصدی,https://www.youtube.com/watch?v=DLU7J2SbCkc
"""نه"" به مذاکره از طرف جمهوری اسلامی ریشه در کجا دارد؟",https://www.youtube.com/watch?v=70_I2lYo-yA
«تغییر معادلات نظامی و دیپلماتیک در منطقه»,https://www.youtube.com/watch?v=p_E1wPahsJA
صیادی زنان، در جزیره هنگام آری یا نه؟,https://www.youtube.com/watch?v=avIs77Hqw3M
صنعت مادر: بلاتکلیف و بدهکار,https://www.youtube.com/watch?v=efpSLw7CZSc
رو به رو - خروج از برجام,https://www.youtube.com/watch?v=95T1nQruvVA
رو به رو - زندانیان سیاسی,https://www.youtube.com/watch?v=z5f5ageedmo
اختلاس جدید نفتی؛ ادامه نسل بابک زنجانی‌,https://www.youtube.com/watch?v=yDk3lVKvNpE
فشار بر گلوی ساز و آواز,https://www.youtube.com/watch?v=lKVeRmXw83Q
رو به رو - اعتراضات وسیع مردمی,https://www.youtube.com/watch?v=tD0xgwl9TMA
رو به رو - حیوان آزاری,https://www.youtube.com/watch?v=nMFmg2Mm4P0
رو به رو - هزینه های سیاسی ریاکاری,https://www.youtube.com/watch?v=7d9Ms9aHo0c
Time Tunnel | تونل زمان - پیست آبعلی، شاه در قوچان,https://www.youtube.com/watch?v=Q98o3A12fwA
«هم قدم با پناهجو»,https://www.youtube.com/watch?v=JQYVKRjOYHU
«مذاکره‌ی دیگری در کار نیست»,https://www.youtube.com/watch?v=35BKEA3gp1g
پرسپولیس بدون برانکو,https://www.youtube.com/watch?v=wXSLYPdxmGk
رویای خانه دار شدن,https://www.youtube.com/watch?v=pi4st8VxzfM
زنگنه: نمیتوان به اسم ایران نفت صادر کرد,https://www.youtube.com/watch?v=9dhStEY8UN0
درگذشت محمد مرسی رئیس جمهور پیشین مصر در روز محاکمه‌اش,https://www.youtube.com/watch?v=4tJxZG_nOns
دانشگاه آزاد علوم تحقیقات مقصر حادثه واژگونی اتوبوس,https://www.youtube.com/watch?v=Z4SfpE2CBGo
کوه ۱۵۰ متری زباله در دل جنگل,https://www.youtube.com/watch?v=kKbKxNgpRJ4
شمارش معکوسی برای پایان برجام,https://www.youtube.com/watch?v=my53K9ibF20
Befarmaeed Sham Vancouver G13 N4 | بفرمایید شام ونکوور - گروه۱۳ شب چهارم,https://www.youtube.com/watch?v=INrJ0xWHNrs
کشف سومین شهر زیرزمینی در همدان,https://www.youtube.com/watch?v=VL54NJEaPi0
Befarmaeed Sham Vancouver G13 N3 | بفرمایید شام ونکوور - گروه۱۳ شب سوم,https://www.youtube.com/watch?v=DOvuVA8lDzo
سلبریتی نیوز - دوشنبه - ۲۷ خرداد ۱۳۹۸,https://www.youtube.com/watch?v=B4vTatF-OyQ
«بی مهری دولتمردان به مرزنشینان»,https://www.youtube.com/watch?v=tQQXvkNpgoM
Befarmaeed Sham Vancouver G13 N2 | بفرمایید شام ونکوور - گروه۱۳ شب دوم,https://www.youtube.com/watch?v=xYGOHVuVlJM
سلبریتی نیوز - یکشنبه - ۲۶ خرداد ۱۳۹۸,https://www.youtube.com/watch?v=JQCONa3tAmA
رو به رو - سرنوشت نسل‌های آینده,https://www.youtube.com/watch?v=VdHVdMrcRE4
رو به رو - راهکار وزیر نیرو,https://www.youtube.com/watch?v=1m0vqeUSJkE
اجماع جهانی علیه جمهوری اسلامی,https://www.youtube.com/watch?v=1LQ9uIM6zcI
Befarmaeed Sham Vancouver G13 N1 | بفرمایید شام ونکوور - گروه۱۳ شب اول,https://www.youtube.com/watch?v=wkqgVsFk5fU
سلبریتی نیوز - شنبه - ۲۵ خرداد ۱۳۹۸,https://www.youtube.com/watch?v=BynSyicqnTw
رو به رو - علیه منافع ملی,https://www.youtube.com/watch?v=3Itg32Gqdzo
رو به رو - مذاکره جمهوری اسلامی با آمریکا,https://www.youtube.com/watch?v=CiStJkbdcls
رو به رو - دهمین سالگرد جنبش سبز,https://www.youtube.com/watch?v=WOpr4U6WFSU
Time Tunnel | تونل زمان - دیدار شهبانو از بازار، موتورسواران قیطریه,https://www.youtube.com/watch?v=9ilVAwr2L90
شیر خام و لبنیات گران شد,https://www.youtube.com/watch?v=A7z0UlRNMp8
انفجار۲ نفتکش در دریای عمان,https://www.youtube.com/watch?v=wZYWKmpjOAM
Gaptime / گپ تایم با آزاده و امیرعلی - سری جدید بفرمایید شام در مونترال و اوتاوا,https://www.youtube.com/watch?v=-ho6Qh0rfSU
یک زن آمریکایی متهم به دور زدن تحریم های علیه ایران,https://www.youtube.com/watch?v=Mh_bQ77skig
روز جهانی مبارزه با کار کودکان,https://www.youtube.com/watch?v=jz9WLTUvy3o
سلبریتی نیوز - چهارشنبه - ۲۲ خرداد ۱۳۹۸,https://www.youtube.com/watch?v=UJ6lusFCX_g
«تبلیغات برای رئیس قوه قضائیه»,https://www.youtube.com/watch?v=noeTe5opGq0
بفرمایید شام ونکوور - گروه۱۲ شب چهارم / Befarmaeed Sham Vancouver G12 N4,https://www.youtube.com/watch?v=iEU-QPutTCY
سلبریتی نیوز - سه شنبه - ۲۱ خرداد ۱۳۹۸,https://www.youtube.com/watch?v=6XpVEiRB1kY
بفرمایید شام ونکوور - گروه۱۲ شب سوم / Befarmaeed Sham Vancouver G12 N3,https://www.youtube.com/watch?v=n-mO90pCLbI
سلبریتی نیوز - دوشنبه - ۲۰ خرداد ۱۳۹۸,https://www.youtube.com/watch?v=QD6ASihs_J8
«ما هم می‌گوییم تلاش کردیم نشد»,https://www.youtube.com/watch?v=aU4JLzSDoPU
نگهبان آزادی سوریه کشته شد,https://www.youtube.com/watch?v=71aKTIkkwok
سیستان و بلوچستان؛ استانی با تنوع گیاهی اما محروم,https://www.youtube.com/watch?v=OaVs8fMOb5M
بفرمایید شام ونکوور - گروه۱۲ شب دوم / Befarmaeed Sham Vancouver G12 N2,https://www.youtube.com/watch?v=xBAZOeIrFYY
سالانه حدود ۳۰۰هزار تن کاغذ کجا می رود؟,https://www.youtube.com/watch?v=jxElqzQTHF0
سلبریتی نیوز - یکشنبه - ۱۹ خرداد ۱۳۹۸,https://www.youtube.com/watch?v=sezXsuuV6bU
رو به رو - میراث آیت الله خمینی,https://www.youtube.com/watch?v=gGCABa2EEP8
سلبریتی نیوز - شنبه - ۱۵ خرداد ۱۳۹۸,https://www.youtube.com/watch?v=alg8cg6WHV0
رو به رو - ماجرای مک فارلین,https://www.youtube.com/watch?v=PGT87t-Dc64
مختلط بودن، جرم زنان و مردان گردشگر سد لفور,https://www.youtube.com/watch?v=w5WPJJt9rUE
بفرمایید شام ونکوور - گروه۱۲ شب اول / Befarmaeed Sham Vancouver G12 N1,https://www.youtube.com/watch?v=cx1f8xYcLw0
رو به رو - شروط دوازده گانه,https://www.youtube.com/watch?v=UCWth719Mws
رو به رو -  سیاست تغییر رژیم,https://www.youtube.com/watch?v=iwrYBg8rsQs
رو به رو - شهروندان ایرانی درجه بندی شده,https://www.youtube.com/watch?v=4T0U-0Zy8JU
Time Tunnel | تونل زمان - بر باد ندهیم، پرندگان مهاجر بندر پهلوی,https://www.youtube.com/watch?v=xxIlvOJxaNQ
پرستو ها و نقش آن ها در سرویس های امنیتی-اطلاعاتی,https://www.youtube.com/watch?v=knRjUZNueSU
یک سند و چند مالک,https://www.youtube.com/watch?v=hLPDaxTQMR8
سودان در گذار به دموکراسی,https://www.youtube.com/watch?v=6hoov0EQWac
گپ تایم با آزاده و امیرعلی - گپی با آمنه,https://www.youtube.com/watch?v=axpmhhWDiUA
پکن، مسکو، نزدیکی شرق، درسایه شکاف در غرب,https://www.youtube.com/watch?v=bn2PT_zkh4s
خروج از سوریه، تقویت در عراق,https://www.youtube.com/watch?v=JuJ0IeqKL8s
جهان امروز و دسته‌بندی‌های نوین,https://www.youtube.com/watch?v=zT9CzQIGmGo
جنگ برای یک لقمه نان,https://www.youtube.com/watch?v=KInZmzMRDZg
مطالبه گری در درون جامعه,https://www.youtube.com/watch?v=316bb8BL7-g
دستاورد صحبت های آیت الله خامنه ای در خصوص «معامله قرن»,https://www.youtube.com/watch?v=bPX70-kHlM0
بحران سودان ، لغو دوران گذار از سوی نظامیان,https://www.youtube.com/watch?v=tWskVoSmaMY
نگرانی عفو بین الملل از شرایط سپیده قلیان و اسماعیل بخشی,https://www.youtube.com/watch?v=bT_MOUZTwHY
بفرمایید شام ونکوور - گروه۱۱ شب چهارم / Befarmaeed Sham Vancouver G11 N4,https://www.youtube.com/watch?v=cGr2pFeSs98
سلبریتی نیوز - سه شنبه - ۱۴ خرداد ۱۳۹۸,https://www.youtube.com/watch?v=-QjHmBopa1k
ورود ماده شیر ایرانی به کشور,https://www.youtube.com/watch?v=mcYN95jjpSM
بفرمایید شام ونکوور - گروه۱۱ شب سوم / Befarmaeed Sham Vancouver G11 N3,https://www.youtube.com/watch?v=PcK45SbJE94
گفتگو با همن سیدی تحلیل گر مسائل خاورمیانه,https://www.youtube.com/watch?v=Tg4CpFsfmJw
سلبریتی نیوز - دوشنبه - ۱۳ خرداد ۱۳۹۸,https://www.youtube.com/watch?v=Bh52FoweEgk
رو به رو - چه کسی مسئول بحران های کشور است؟,https://www.youtube.com/watch?v=bPRVU0w6g9E
پانزده سال حبس برای امیرسالار داوودی,https://www.youtube.com/watch?v=Sla0usc0W34
تایوان ، شطرنج چین و آمریکا در خاور دور,https://www.youtube.com/watch?v=DX6ocY-2x3I
اختراع جالب ژاپنی ها ،ماسک حیوانات,https://www.youtube.com/watch?v=zj1vTh281KE
اولین مسجد سبز در قاره اروپا,https://www.youtube.com/watch?v=jjP9P4cikvA
بفرمایید شام ونکوور - گروه۱۱ شب دوم / Befarmaeed Sham Vancouver G11 N2,https://www.youtube.com/watch?v=XfEd5v6Jsyw
پیام نخست وزیر ژاپن برای مقامات تهران چه خواهد بود؟,https://www.youtube.com/watch?v=wWGotEohnPY
سلبریتی نیوز - یکشنبه - ۱۲ خرداد ۱۳۹۸,https://www.youtube.com/watch?v=xCh-Q2Bf8vc
رو به رو -  گرم کردن تنور انتخابات چه هدفی را دنبال میکند؟,https://www.youtube.com/watch?v=aFUaW6HWuBI
رو به رو -  منجی و پشتیبان مردم ایران کیست؟,https://www.youtube.com/watch?v=dBwR9E4RiCY
دشمنی با آمریکا؛ دوستی با روسیه,https://www.youtube.com/watch?v=-Y6Zz8Euo-w
تیراندازی در ویرجینیا,https://www.youtube.com/watch?v=Hc9DSYjJQHs
حدود ۳۰ هزار نفر در لیست انتظار پیوند اعضا,https://www.youtube.com/watch?v=Q9rWrkSrNRk
بفرمایید شام ونکوور - گروه۱۱ شب اول / Befarmaeed Sham Vancouver G11 N1,https://www.youtube.com/watch?v=p1bGvdNHGMQ
رشد ۱۱۲ درصدی مسکن، حتی در روزهای کسادی بازار,https://www.youtube.com/watch?v=Xzt4iYY1nCg
نصرالله ، حزب الله ، شاید وقتی دیگر,https://www.youtube.com/watch?v=odXb7PO0pb0
درخواست به جریان افتادن پرونده سعید طوسی,https://www.youtube.com/watch?v=znbgqVuA0DM
سلبریتی نیوز - شنبه - ۱۱ خرداد ۱۳۹۸,https://www.youtube.com/watch?v=3BcsL4kRnRU
دریا صفایی کیست؟,https://www.youtube.com/watch?v=2cj3JfuwQJY
رو به رو - مردم می دانند چه می خواهند ادامه از سال ۵۷ به سوی آینده؟,https://www.youtube.com/watch?v=xMLR6ZaCRew
رو به رو - کوچک شدن سفره مردم روحانی میگوید مهم نیست,https://www.youtube.com/watch?v=3Umgq2nAkyw
Time Tunnel | تونل زمان - ساحل و دریا، خاطرات شمال,https://www.youtube.com/watch?v=dzkl2oQ65nM
کودک همسری و اهرم قانون,https://www.youtube.com/watch?v=9PSD2kVl9SE
عربستان:سه نشست با محوریت ایران,https://www.youtube.com/watch?v=XQyjEzhPRpM
گوشت ،مرغ ؛صفهای طولانی با جیبهای خالی,https://www.youtube.com/watch?v=Fn5suzgEJY0
Gaptime / گپ تایم - آبتین و معرفی‌ بخشی جدید در برنامه,https://www.youtube.com/watch?v=DaofoFkIXGY
Gaptime / گپ تایم - آشنایی با آریانا,https://www.youtube.com/watch?v=vip65whZypc
نمره زیر صفر برای سیاست خارجی ایران,https://www.youtube.com/watch?v=iOAQzWLaw-E
نهضت سبز زنان آرژانتینی,https://www.youtube.com/watch?v=BClbZ8QkWPg
مسابقه مرگ در بلندترین نقطه دنیا,https://www.youtube.com/watch?v=ljqV4RNhKCA
سلبریتی نیوز - چهارشنبه - ۸ خرداد ۱۳۹۸,https://www.youtube.com/watch?v=zbEKK0fYuvQ
اختصاصی: یک سال و نیم بعد از زلزله سرپل ذهاب,https://www.youtube.com/watch?v=YImSv8DJA08
ژاپن حمله به دانش اموزان با سلاح سرد,https://www.youtube.com/watch?v=EgeE6NtEafs
کابوسی به نام اجاره نشینی,https://www.youtube.com/watch?v=JwdfKIppxUg
آیا مذاکره مردم را به بهتر شدن اوضاع امیدوار می‌کند؟,https://www.youtube.com/watch?v=xPZfRTBO94E
سلبریتی نیوز - سه شنبه - ۷ خرداد ۱۳۹۸,https://www.youtube.com/watch?v=aPJ1d-1kOgg
سیل در چین,https://www.youtube.com/watch?v=K88yDKpH0jE
انتخابات پارلمان اروپا، بیم ها و امیدها,https://www.youtube.com/watch?v=tbXFoWSPZZE
گفتگو با امیر طاهری روزنامه نگار ارشد,https://www.youtube.com/watch?v=Xf5iV4GT6KI
اصرار از واشنگتن، انکار از تهران,https://www.youtube.com/watch?v=LXu6SjTjohw
اختصاصی: شهروندان خسته از بی‌ثباتی اقتصادی و گرانی,https://www.youtube.com/watch?v=OWnftbclAUM
سلبریتی نیوز - دوشنبه - ۶ خرداد ۱۳۹۸,https://www.youtube.com/watch?v=2kZHPUoJ7-I
جشنواره فیلم کن,https://www.youtube.com/watch?v=5WRRNxgLTxk
بزرگترین تمرین دموکراسی در جهان بعد از انتخابات هند,https://www.youtube.com/watch?v=WCVy0N-ZCgc
بازگشایی سامانه رجیستری گوشی همراه مسافر,https://www.youtube.com/watch?v=jbMBwoTNvAE
دوازدهمین سال ریاست بر مجلس,https://www.youtube.com/watch?v=tWQ05MU4PZI
سلبریتی نیوز - یکشنبه - ۵ خرداد ۱۳۹۸,https://www.youtube.com/watch?v=gnL3Pa8H8OQ
رو به رو - استقلال جمهوری اسلامی,https://www.youtube.com/watch?v=z-eB0uxKrck
رو به رو - قهرمان داستان ما کیست,https://www.youtube.com/watch?v=2iEIEgvsRNE
«سپاه مسئول عملیات تخریبی فجیره»,https://www.youtube.com/watch?v=ppk2GSie89c
سلبریتی نیوز - شنبه - ۴ خرداد ۱۳۹۸,https://www.youtube.com/watch?v=Gfgfxkt2NGM
رو به رو - ظریف و ملی گرایی,https://www.youtube.com/watch?v=EIsFAz2fiGg
رو به رو - غارت‌سالاری و دزدسالاری,https://www.youtube.com/watch?v=-CdBIzMv1Vc
رو به رو - ممنوعیت دوچرخه سواری زنان,https://www.youtube.com/watch?v=ScFHNDa0SY8
Time Tunnel | تونل زمان - اصلاحات ارضی شاه، سریال خانهٔ حمید آقا,https://www.youtube.com/watch?v=4sMQE3N2GNg
ژاپن,https://www.youtube.com/watch?v=aXoWwtiCIeI
«حضور در خلیج فارس برای پیشگیری، نه جنگ»,https://www.youtube.com/watch?v=MwNtzs0QQTw
ایتالیا: اعتراضات ضد فاشیستی به سبک زورو,https://www.youtube.com/watch?v=9PwtloOm-8E
جلسه محرمانه مقامات ارشد آمریکا با نمایندگان کنگره,https://www.youtube.com/watch?v=21oaW1lF9cQ
جزییات جلسه مقامات ارشد دولت ترامپ با نمایندگان کنگره,https://www.youtube.com/watch?v=faNvog4LX9w
بررسی نقش روسیه در تنش میان ایران و آمریکا,https://www.youtube.com/watch?v=jqSRHFE_k5Q
تلخی کام مردم از نبود شکر,https://www.youtube.com/watch?v=sXiK_uxrmX4
اقتصاد ایران به بن‌بست رسیده؟,https://www.youtube.com/watch?v=zTjt4QX5VKg
سلبریتی نیوز - سه شنبه - ۳۱ اردیبهشت ۱۳۹۸,https://www.youtube.com/watch?v=hnvUYKGX4ck
اختصاصی: ریه‌های ایران در حال نابودیست,https://www.youtube.com/watch?v=ioW5NdEzceg
هشدار جرمی هانت، وزیر امور خارجه بریتانیا,https://www.youtube.com/watch?v=1tldIRaWeXs
بیمه‌ها عمل تغییر جنسیت را پوشش نمی‌دهند,https://www.youtube.com/watch?v=0HNk74jaR0w
انتخابات هند پس از هفت مرحله به پایان رسید,https://www.youtube.com/watch?v=qiITMegUlCI
سلبریتی نیوز - دوشنبه - ۳۰ اردیبهشت ۱۳۹۸,https://www.youtube.com/watch?v=3mJ3CDptKEk
اتریش: استعفای معاون صدراعظم,https://www.youtube.com/watch?v=ALTzzdLKWEU
«خواهان جنگ نیستیم و از آن پرهیز می‌کنیم»,https://www.youtube.com/watch?v=frQm-SZhDbQ
جدالی نابرابر میان درآمد و هزینه های جاری زندگی,https://www.youtube.com/watch?v=OEi8_U7sZU8
تغییرات ساختاری در آموزش و  پرورش موفقیت یا شکست؟,https://www.youtube.com/watch?v=2oItlY177f8
سلبریتی نیوز - یکشنبه - ۲۹ اردیبهشت ۱۳۹۸,https://www.youtube.com/watch?v=q9DNNtqmG3U
رو به رو - انتخابات,https://www.youtube.com/watch?v=U_6BaJXQrH4
رو به رو - یوروویژن در ایران,https://www.youtube.com/watch?v=tTTn72upLMU
رو به رو - نه به جنگ,https://www.youtube.com/watch?v=gIJ5ejX1V7k
«هواپیماهای تجاری آمریکا هوشیار باشید»,https://www.youtube.com/watch?v=ZZP7NQqOJvE
«معتقدم جنگی صورت نخواهد گرفت»,https://www.youtube.com/watch?v=YntveGjlc4M
«خطر در کمین دو تابعیتی‌های ایرانی»,https://www.youtube.com/watch?v=ekcyysC6YVY
کشتی های ترال بلای جان صیادان جنوبی,https://www.youtube.com/watch?v=IKlgyDU-v3w
سرانجام تنش بین آمریکا و جمهوری اسلامی چه خواهد شد؟,https://www.youtube.com/watch?v=cf_NPSM2imA
احتمال تعویق انتخابات ریاست جمهوری در الجزایر,https://www.youtube.com/watch?v=erViVHwaU90
لوور در سوگ درگذشت خالق هرم شیشه ای,https://www.youtube.com/watch?v=YHQiMjRItB0
سلبریتی نیوز - شنبه - ۲۸ اردیبهشت ۱۳۹۸,https://www.youtube.com/watch?v=m6y2UtxJifM
رو به رو - جنگ در خلیج فارس,https://www.youtube.com/watch?v=GR_qCpg2h0M
رو به رو - سود بازار سیگار ایران,https://www.youtube.com/watch?v=uaK0bviQ7Hc
Time Tunnel | تونل زمان - شاه در یوگسلاوی، شاعر خشتمال نیشابوری,https://www.youtube.com/watch?v=kL3qOh8KtUo
دو سال پس از انتخابات دوازدهم:جایگاه ایران کجاست؟,https://www.youtube.com/watch?v=g8GbevyeaYw
بحران در خلیج فارس: هشدار به اتباع بریتانیا,https://www.youtube.com/watch?v=WMEcDcFUW9s
سوئیس: میانجیگری بین تهران و واشنگتن؟,https://www.youtube.com/watch?v=JOZlzcIACa4
هواوی وارد لیست سیاه آمریکا شد,https://www.youtube.com/watch?v=oT47M3TxqUM
واشنگتن: ایران مشوق حملات فجیره است,https://www.youtube.com/watch?v=VCbQcLQlAU4
ببین TV سری ۵ قسمت ۱۳ / BebinTV S05 Ep13,https://www.youtube.com/watch?v=oSiwbwFVUKY
بازداشت و آزادی به قید وثیقه کارگران هفت تپه,https://www.youtube.com/watch?v=YUYfvSiP-g8
برجام پس از اجرایی شدن توقف برخی تعهدات هسته ای,https://www.youtube.com/watch?v=9TxfE7UjvM8
اختصاصی: مراسم تشییع و خاکسپاری بهنام صفوی,https://www.youtube.com/watch?v=ePSDoNSAatQ
مارک ویلموتس؛ سرمربی جدید تیم ملی ایران,https://www.youtube.com/watch?v=A8J3TiCovvM
اقدام ایران برای تولید غنی سازی بیشتر چه تبعاتی دارد؟,https://www.youtube.com/watch?v=gKmp96BM-QI
سلبریتی نیوز - چهارشنبه - ۲۵ اردیبهشت ۱۳۹۸,https://www.youtube.com/watch?v=AlU87n-fqx0
افزایش ۱۰ تا ۴۰ درصدی نرخ‌ اجاره بها,https://www.youtube.com/watch?v=WHOb-0e6nXk
«آمریکا جنگ نخواهد کرد چون به آنچه خواسته رسیده»,https://www.youtube.com/watch?v=Jmy9opaB_CY
سلبریتی نیوز - سه شنبه - ۲۴ اردیبهشت ۱۳۹۸,https://www.youtube.com/watch?v=nTKFnJK7B-M
سلبریتی نیوز - دو شنبه - ۲۳ اردیبهشت ۱۳۹۸,https://www.youtube.com/watch?v=ecGktSz0MTs
تصویب لایحه‌ی اعطای تابعیت به فرزندان زنان ایرانی,https://www.youtube.com/watch?v=mQ_b0M7t4xY
"""دیدارهای مشکوک قاسم سلیمانی""",https://www.youtube.com/watch?v=uzphVrXs6lA
عراق:«پایلوت الگوی موفق صادرات نفت»,https://www.youtube.com/watch?v=1uZvDFoJV0Q
دو گزارش: بحران ونزوئلا، اعتراض جلیقه زردها در فرانسه,https://www.youtube.com/watch?v=VcKTMmpvTxs
"""پایگاهی در نزدیکی تکریت"" محل آغاز تنش ایران و آمریکا؟",https://www.youtube.com/watch?v=DWTblffPP3Q
وضعیت این روزهای نماد هزار ساله ملی,https://www.youtube.com/watch?v=fRNvaj2GDqw
سلبریتی نیوز - یکشنبه - ۲۲ اردیبهشت ۱۳۹۸,https://www.youtube.com/watch?v=-UBIS3axc_A
رو به رو - تنش‌های ناشی از برجام,https://www.youtube.com/watch?v=Of3awB3T_Dw
رو به رو - برخورد با شادی کودکان,https://www.youtube.com/watch?v=B5X-FwLjC1Y
آتش به جان، بزرگترین بازار سرپوشیده‌ی آجری جهان,https://www.youtube.com/watch?v=ExF3GEWazwg
آرایش نظامی آمریکا - مقابله با تحرکات نظامی تهران در منطقه,https://www.youtube.com/watch?v=FMDwtPZDN68
تصمیم درست چیست؟,https://www.youtube.com/watch?v=tEnfwBEqybM
مناقشات تهران و واشنگتن؛ تیتر مطبوعات ایران,https://www.youtube.com/watch?v=P7qB9LdOvrg
ضرورت اعطای تابعیت به فرزندان مادر ایرانی,https://www.youtube.com/watch?v=xXx9_CV-7aw
تشدید حملات ارتش سوریه در ادلب,https://www.youtube.com/watch?v=QZCSsY6rWjk
آغاز خروج نیروهای حوثی از سه بندر عمده در یمن,https://www.youtube.com/watch?v=mf9NbxXxRnY
سلبریتی نیوز - شنبه - ۲۱ اردیبهشت ۱۳۹۸,https://www.youtube.com/watch?v=_YUi8Ms9QcI
رو به رو - مخالفت با افزایش سهم زنان,https://www.youtube.com/watch?v=ckyzvf4oXGs
رو به رو - مبادله زندانیان آمریکایی و ایرانی,https://www.youtube.com/watch?v=OjQ3_dRJJ_k
رو به رو - بسته پیشنهادی مخالفان,https://www.youtube.com/watch?v=V5v-o5QLVV0
Time Tunnel | تونل زمان - پیکان در مسکو، تغذیه در مدارس,https://www.youtube.com/watch?v=f4pG1bqf0ik
قیمت نان و سفره کوچک کارگر نانوایی,https://www.youtube.com/watch?v=ive62Z1k6lM
استقامت اتحادیه اروپا برای حفظ برجام در احتضار,https://www.youtube.com/watch?v=BiZWvb2lHco
مهلت ۶۰ روزه تهران؛ دلار و معیشت مردم,https://www.youtube.com/watch?v=BSBU4I5Awn8
جنجال «جنتلمن» در مدارس ایران,https://www.youtube.com/watch?v=Wa1zGK5JA9U
ونزوئلا، شرط واشنگتن در بخشش تحریم شدگان,https://www.youtube.com/watch?v=HNCVAPkBOMo
تیراندازی بلای جان دانش آموزان در آمریکا,https://www.youtube.com/watch?v=S7AfJL2iJ10
اعلام کاهش تعهدات تهران راه حل بن بست برجام؟,https://www.youtube.com/watch?v=M54_-sPYM2o
نرخ تورم رکورد زد,https://www.youtube.com/watch?v=5ZFayminst8
تاثیر تقابل تهران و واشنگتن بر اقتصاد ایران,https://www.youtube.com/watch?v=LQftn5PetPw
سلبریتی نیوز - چهارشنبه - ۱۸ اردیبهشت ۱۳۹۸,https://www.youtube.com/watch?v=Yo7EGYJnJc4
تلاطم در بازار ارز: واکنش به احتمال مقابله‌ی تهران و واشنگتن,https://www.youtube.com/watch?v=I_knzIMAruQ
اتهامات مطروحه علیه آتنا دائمی و گلرخ ایرایی,https://www.youtube.com/watch?v=xxh_qSSJVcQ
«مدیران این مدارس برکنار شوند»,https://www.youtube.com/watch?v=_Ny9nnfxWXA
هما،داستان یک فراز وفرود,https://www.youtube.com/watch?v=8h-eWuQLabM
«جمهوری اسلامی با خروج از برجام خودکشی می‌کند»,https://www.youtube.com/watch?v=KbDdbP9Yk8o
بلای خصوصی سازی بر سر کارخانه ها,https://www.youtube.com/watch?v=i8L2sMdZEOg
سلبریتی نیوز - سه شنبه - ۱۷ اردیبهشت ۱۳۹۸,https://www.youtube.com/watch?v=1XslSnom84w
سلبریتی نیوز - دوشنبه - ۱۴ اردیبهشت ۱۳۹۸,https://www.youtube.com/watch?v=hVCoGuPKRKQ
سوخوی روسی، تابوت آتشین,https://www.youtube.com/watch?v=n1vsY86RDzQ
خوزستان: زندگی در چادر و اردوگاه,https://www.youtube.com/watch?v=SlfGcx4du2A
بررسی عملکرد شش ساله طرح تحول نظام سلامت,https://www.youtube.com/watch?v=y8vTqrheTMk
ارزش یوآن چین در دستان ترامپ,https://www.youtube.com/watch?v=71BLDTEYrtE
آتش بس در غزه,https://www.youtube.com/watch?v=pvMB36Jhh9M
پهپاد سپاه؛ از فریب تا واقعیت,https://www.youtube.com/watch?v=trank0T-qvU
انسان بلای جان زمین,https://www.youtube.com/watch?v=bFXAzCd-wr4
وضعیت سیستم درمانی درایران شش سال پس از اجرای طرح سلامت,https://www.youtube.com/watch?v=bNSmR5AYHFU
کولبری؛ جنگ برای یک لقمه نان,https://www.youtube.com/watch?v=d1Apdzuur-Y
افزایش قیمت خودرو، حباب یا کمبود عرضه؟,https://www.youtube.com/watch?v=BI0-5TsSSLc
سند ۲۰۳۰ موضوع سوال و جواب در صحن علنی مجلس,https://www.youtube.com/watch?v=ueLnKWExu08
مجلس رودرو با بانک مرکزی,https://www.youtube.com/watch?v=KuGlP683Ras
سلبریتی نیوز - یکشنبه - ۱۵ اردیبهشت ۱۳۹۸,https://www.youtube.com/watch?v=6C5adnzv60o
رو به رو - جایگاه کارگران,https://www.youtube.com/watch?v=4Wl-0CpxOQc
رو به رو - دو راهی تسلیم,https://www.youtube.com/watch?v=dqrF9av0dpw
رختکن - باند بازی در تیم استقلال,https://www.youtube.com/watch?v=umo04JTwYhI
ونزوئلا، دموکراسی در کف خیابان,https://www.youtube.com/watch?v=5ez9uUaSz-8
سرانجام بازداشت شدگان روز معلم و کارگر,https://www.youtube.com/watch?v=1Op3mvDEwoM
آیا واشنگتن تهران را مجبور به تغییر رفتارش خواهد کرد؟,https://www.youtube.com/watch?v=8SJqDdFbAx4
سلبریتی نیوز - شنبه - ۱۴ اردیبهشت ۱۳۹۸,https://www.youtube.com/watch?v=9kh4wnqGYgM
رو به رو - قتل روحانی همدانی,https://www.youtube.com/watch?v=vzk_lLKf8kI
رو به رو - اعدام مخفیانه دو نوجوان,https://www.youtube.com/watch?v=2-Vepv_6sEE
رو به رو - خشم در جامعه ايران,https://www.youtube.com/watch?v=6I95WFcKLjA
Time Tunnel |  تونل زمان - نیل آرمسترانگ فضانورد در کاخ نیاوران,https://www.youtube.com/watch?v=-IFEHQf-jiU
رختکن - داربی شهر منچستر,https://www.youtube.com/watch?v=x677UvrDnZ4
اختصاصی: سرویس ایران همچنان معلق,https://www.youtube.com/watch?v=S6FY5rFyY2E
کارگران آمریکا ، اول می در سایه اعترض به ترامپ,https://www.youtube.com/watch?v=uo04_We1QR4
تقلید کورکورانه از ایران در سیاست‌های ضد بهایی یمن,https://www.youtube.com/watch?v=_jY3L40-_kU
آخرین وضعیت کارگران بازداشت شده در روز کارگر,https://www.youtube.com/watch?v=Zcr9JIEScgA
اختصاصی:خون تازه در رگهای ارومیه,https://www.youtube.com/watch?v=_Y_v65DL304
آخرین دادگاه موسسات اعتباری,https://www.youtube.com/watch?v=r8aDJjTq9VU
دستگیری فعالان کارگری در روز جهانی کارگر ۱۳۹۸,https://www.youtube.com/watch?v=MRJyl6wcjz8
ونزوئلا ،یک قدم تا آزادی,https://www.youtube.com/watch?v=Hic8gdqkFBY
سلبریتی نیوز - چهارشنبه - ۱۱ اردیبهشت ۱۳۹۸,https://www.youtube.com/watch?v=oO5bMKv8dtY
سلبریتی نیوز -  سه شنبه - ۱۰ اردیبهشت ۱۳۹۸,https://www.youtube.com/watch?v=QG2kyEgz9Oc
مخرب‌تر از جنگ نظامی,https://www.youtube.com/watch?v=ywvMl6QTbSw
تروریسم ،تاریکی در سایه بهشت,https://www.youtube.com/watch?v=GWM8tuJQcEM
هفته کارگر؛ دولت حامی کارگران؟,https://www.youtube.com/watch?v=LfyQfSnZ6V4
تلاش آمریکا برای به صفر رساندن صادرات نفت تهران,https://www.youtube.com/watch?v=2NdomvUKS0I
خونه الان متری چنده؟,https://www.youtube.com/watch?v=aYW_6dQaQ-k
برکناری سرمربی استقلال,https://www.youtube.com/watch?v=X5zKotmOJ5Y
سلبریتی نیوز - دوشنبه - ۹ اردیبهشت ۱۳۹۸,https://www.youtube.com/watch?v=93LPIIPDUBM
سریلانکا: اولین یکشنبه پس از آن انفجارهای زنجیره ای,https://www.youtube.com/watch?v=fqzkdofjQOE
فرانسه: بیست و چهارمین هفته اعتراض جلیقه زردها,https://www.youtube.com/watch?v=XSwpiWRJp7M
سلبریتی نیوز - یکشنبه - ۸ اردیبهشت ۱۳۹۸,https://www.youtube.com/watch?v=gurVfkTq-oY
رو به رو - راه حل آیت الله خامنه‌ای در مقابل بحرانها,https://www.youtube.com/watch?v=fkt7PIFOqJM
رو به رو - تمدن ایران باستان,https://www.youtube.com/watch?v=-jBCFBn3fxc
رو به رو - افزایش نرخ بیکاری,https://www.youtube.com/watch?v=2Fq8wttsB_4
دستگیری ۱۳ فعال کارگری,https://www.youtube.com/watch?v=dzRBUnZJqCo
آیا تهران به میز مذاکره با واشنگتن و متحدانش برمیگردد؟,https://www.youtube.com/watch?v=hMwh2DYKXZw
رو به رو - افزایش تولید نفت عراق,https://www.youtube.com/watch?v=jHYu84j-4wQ
رو به رو -  اپوزیسیون و تحریم کامل نفتی ایران,https://www.youtube.com/watch?v=XxPnTKr00J0
Time Tunnel |  تونل زمان - تجلیل از تیم ملی‌ فوتبال، قطار سلطنتی,https://www.youtube.com/watch?v=4Fr_EiUKMwo
رپرتاژ | کویر سبز، مدیریت آب در اسراییل,https://www.youtube.com/watch?v=1lfS2xaIdJs
نشست ولادی وستوک - کیم جونگ اون به دنبال آنچه ترامپ تامین نکرد,https://www.youtube.com/watch?v=ljBfhABiO2o
رئیس کیم درسرزمین تزار,https://www.youtube.com/watch?v=JeSaigRZeow
پایان معافیت نفتی: گزینه روی میز تهران چه خواهد بود؟,https://www.youtube.com/watch?v=kGl90k_mR5w
سلبریتی نیوز - چهارشنبه - ۴ اردیبهشت ۱۳۹۸,https://www.youtube.com/watch?v=KK7rXMD57vY
تهدید تکراری؛ «تنگه هرمز را می‌بندیم»,https://www.youtube.com/watch?v=lT7fk5CadkA
اختصاصی: زندگی به گل نشسته‌ در معمولان,https://www.youtube.com/watch?v=44Nfxkxt7k4
انتقال پایتخت؛ از حرف تا عمل,https://www.youtube.com/watch?v=uswZmZtIyPc
سلبریتی نیوز - سه شنبه - ۳ اردیبهشت ۱۳۹۸,https://www.youtube.com/watch?v=Uj5EALg6CNA
سلبریتی نیوز - شنبه - ۳۱ فروردین ۱۳۹۸,https://www.youtube.com/watch?v=B0GPi-Ev6lY
سلبریتی نیوز - یکشنبه - ۱ اردیبهشت ۱۳۹۸,https://www.youtube.com/watch?v=W_gJ1pjRw5M
سلبریتی نیوز - سه شنبه - ۲۷ فروردین ۱۳۹۸,https://www.youtube.com/watch?v=SdBD2GyCrm0
حسین سلامی؛ فرمانده کل سپاه پاسداران انقلاب اسلامی,https://www.youtube.com/watch?v=SL1Fc2sOqsU
سوریه به ایران پشت خواهد کرد؟,https://www.youtube.com/watch?v=oat87ZbLxTQ
رانش زمین در جنوب غربی کلمبیا,https://www.youtube.com/watch?v=xnBjsKG2ymY
فشارهای واشنگتن تهران را به پای میز مذاکره خواهد آورد؟,https://www.youtube.com/watch?v=qSXUdUunLK8
در پس پرده تفکیک وزارت صمت,https://www.youtube.com/watch?v=Tq2JwRy0rXA
رو به رو - تفتیش عقیده,https://www.youtube.com/watch?v=qHYEC21oYUk
عمران خان در ایران: امنیت مرزها یا میانجی‌ تهران و ریاض,https://www.youtube.com/watch?v=kcRDR8xq0vg
بیست و سومین هفته اعتراضات جلیقه زردها,https://www.youtube.com/watch?v=QwThU0XcC9I
تغییر فرمانده سپاه و نبردی غافلگیرانه,https://www.youtube.com/watch?v=n0tF7Wk04IY
بازسازی کلیسای نوتردام,https://www.youtube.com/watch?v=2iR1SOg8Sgg
سیل نه تنها دفتر مشق‌ها که امید را با خود برد,https://www.youtube.com/watch?v=dptIqcSnin0
احتمال رکود در بازار مسکن,https://www.youtube.com/watch?v=X-M79sHKmc8
خرید پایان نامه با ارسال یک کد,https://www.youtube.com/watch?v=vlvEDZkCJxo
رو به رو - دموکراسی در سودان,https://www.youtube.com/watch?v=RGFHUYMIf98
رو به رو - حشد الشعبی در ایران,https://www.youtube.com/watch?v=FewsQKrO_7k
مصائب سیل: از زاغه‌ نشینی تا همزیستی با خفاش‌ها,https://www.youtube.com/watch?v=b54WZ4h7nWQ
بحران سوخت سوریه تلاطم «قطع خطوط اعتباری» تهران,https://www.youtube.com/watch?v=w_W_dNGqsJs
گزارش اختصاصی؛ جهنمی به نام عسلویه,https://www.youtube.com/watch?v=RLIIGZVpv-o
افزایش دستمزدها,https://www.youtube.com/watch?v=7APOCd0coYg
رو به رو - نوشداروى حجاريان,https://www.youtube.com/watch?v=Iaht-znSPgg
Time Tunnel |  تونل زمان - آخرین روزهای رضا شاه در ژوهانسبورگ,https://www.youtube.com/watch?v=XTJJRw4M3ew
رو به رو - برداشت فوری از صندوق توسعه ملی,https://www.youtube.com/watch?v=PGPzUzF-zbc
ببین TV - استاد حسین انصاریان,https://www.youtube.com/watch?v=DnXJPPzsFzs
اعتراضات فعالان محیط زیست در لندن,https://www.youtube.com/watch?v=UdYf0ePJcCs
ببین TV - سپاه پاسداران در لیست سازمانهای تروریستی,https://www.youtube.com/watch?v=oXmjdFoQTSI
مهلت معافیت‌ها به آخر نرسیده، خریدها متوقف شد,https://www.youtube.com/watch?v=tNYNH4VF9NA
کاخ سفید و گزارشات آژانس بین‌المللی انرژی اتمی,https://www.youtube.com/watch?v=ivZRUPM021c
هجوم ملخ ها؛ آفت خانمان سوز,https://www.youtube.com/watch?v=4E3veM0GlWE
ببین TV - زنده باد زندگی,https://www.youtube.com/watch?v=XqxeSTKxrmw
گزارشگر، صدای شما,https://www.youtube.com/watch?v=1RUXcm-PViQ
بازسازی کلیسای نوتردام در پنج سال,https://www.youtube.com/watch?v=X5fsUrvm-iE
شکایت کارلوس کیروش از فدراسیون فوتبال,https://www.youtube.com/watch?v=nCLahZGiscg
کلیسای نوتردام؛ سیاهی بر دامان بانوی ما,https://www.youtube.com/watch?v=HLlc2c7YtoA
اعلام اسامی برندگان جوایز پولیتزر,https://www.youtube.com/watch?v=c7YcSo-uf48
ادامه تظاهرات مردمی در خارطوم,https://www.youtube.com/watch?v=4NIK0c43TTE
نابودی هکتارها زمین کشاورزی,https://www.youtube.com/watch?v=K98RCuw5gBY
سلبریتی نیوز - سه شنبه - ۲۷ فروردین ۱۳۹۸,https://www.youtube.com/watch?v=5RwJDUFkgd0
گزارشگر، صدای شما,https://www.youtube.com/watch?v=B4F-cYaJIB4
خسارات ناشی از سیل,https://www.youtube.com/watch?v=EemjpWekSFw
تفاوت ها؛ مهر و امید,https://www.youtube.com/watch?v=HTmqbbp4m5k
ترسالی در ایران؟,https://www.youtube.com/watch?v=z2eTRCJJ07U
واکنشها به توئیت ترامپ درباره نماینده زن مسلمان کنگره,https://www.youtube.com/watch?v=GDYJvJ1fJcg
سودان ، تلاش نظامیان برای حفظ قدرت,https://www.youtube.com/watch?v=ulA8hdxFQGo
سلبریتی نیوز - دوشنبه - ۲۶ فروردین ۱۳۹۸,https://www.youtube.com/watch?v=-1S6SnYlWp0
پر فروش‌ترین فیلم نوروزی توقیف شد,https://www.youtube.com/watch?v=S6VXH_Evzxc
سیل و توضیح وزرا در صحن علنی مجلس,https://www.youtube.com/watch?v=Cszn2zcLShI
دخترانی که به حجاب اجباری نه گفتند,https://www.youtube.com/watch?v=UfiLdg6dclA
سلبریتی نیوز - شنبه - ۲۴ فروردین ۱۳۹۸,https://www.youtube.com/watch?v=v4mhNzoEjp8
رو به رو - برنامه موشکی جمهوری اسلامی,https://www.youtube.com/watch?v=dpzaamaK99o
رو به رو - آیا هدف، وسیله را توجیه میکند,https://www.youtube.com/watch?v=d7PLptIA_3U
قیمت نفت رو به بالا - معافیت‌ها تکرار می‌شوند؟,https://www.youtube.com/watch?v=9SauDLfJTno
رو به رو - منفعت‌طلبی شخصی,https://www.youtube.com/watch?v=ejsieevs7Kc
آخرین فرصت کره شمالی به آمریکا,https://www.youtube.com/watch?v=0aOH-Kd1V4Q
آسیب های روانی و جسمی سیل به کودکان,https://www.youtube.com/watch?v=bt-oQiZzvFg
رو به رو - منافع ملی و ملت ایران,https://www.youtube.com/watch?v=nkAp9qf4PM8
رو به رو - سپاه پاسداران در لیست سازمانهای تروریستی,https://www.youtube.com/watch?v=6N99qYsXNko
Time Tunnel Special - A foreign family’s memories in Iran | تونل زمان - یک خانواده کانادایی در ایران,https://www.youtube.com/watch?v=1UJvWWkeFC0
ببین TV - میان برنامه رهبر از شبکه ۳,https://www.youtube.com/watch?v=qHph1LP7MeA
گفتگو با دکتر جک واتلینگ,https://www.youtube.com/watch?v=cCzR9QKS-KM
جولیان آسانژ؛ از سفارت تا اسارت,https://www.youtube.com/watch?v=D4NvzyoW96I
ارتش قدرت را در سودان به دست گرفت,https://www.youtube.com/watch?v=R7eI7GRmIDU
Gaptime / گپ تایم - آشنایی با مهشید و صدف,https://www.youtube.com/watch?v=_SdseleL-GI
افزایش فشار ایالات متحده علیه ایران,https://www.youtube.com/watch?v=cRNWw3VVHJc
ببین TV - سرود در فرودگاه,https://www.youtube.com/watch?v=G_aBPliSsP0
نرخ بالای بیکاری در زنان,https://www.youtube.com/watch?v=ZLBMuIwhzB0
انتخابات پارلمانی اسرائیل,https://www.youtube.com/watch?v=6rWta5flfd8
بحران خاموشی در ونزوئلا,https://www.youtube.com/watch?v=m27IOCjcYGg
سلبریتی نیوز - چهارشنبه - ۲۱ فروردین ۱۳۹۸,https://www.youtube.com/watch?v=1edIiyG00Ag
سلبریتی نیوز - سه شنبه - ۲۰ فروردین ۱۳۹۸,https://www.youtube.com/watch?v=pbwnAMRvj9s
تظاهرات در سودان ادامه دارد,https://www.youtube.com/watch?v=uVTYdr0lhEU
آغاز رأی‌گیری در اسرائیل,https://www.youtube.com/watch?v=VvxzVfShUtc
لب کلام - کتک خور ملس!,https://www.youtube.com/watch?v=mLNGns_nh5E
قرار گرفتن سپاه در لیست حامیان تروریست واشنگتن,https://www.youtube.com/watch?v=2k24dPWBCCI
آبگیری ۹۰ درصد از تالاب‌های کشور,https://www.youtube.com/watch?v=vZ1dvG71tgI
رو به رو - سیل در ایران,https://www.youtube.com/watch?v=YUh6LWmQXnM
رو به رو - نسرین ستوده,https://www.youtube.com/watch?v=FtkayUltaeQ
رو به رو -  تجلیل شجریان,https://www.youtube.com/watch?v=Jxjs4moRYXE
رو به رو - بازتوليد استبداد,https://www.youtube.com/watch?v=ZaFY2WrEOA0
رو به رو - رفراندوم دوباره,https://www.youtube.com/watch?v=Ty-Wrul7j1o
لیبی: مقابله ارتش و دولت یا شرق و غرب,https://www.youtube.com/watch?v=YOO2uD62xTQ
بحران فاضلاب در برخی قسمت‌های کناره‌ی کارون,https://www.youtube.com/watch?v=afJbbcu0l-Q
قلب نفتی اقتصاد ایران در محاصره سیل,https://www.youtube.com/watch?v=T2jbLilnOmg
خوزستان زخمی از جنگ، در محاصره‌ی سیل,https://www.youtube.com/watch?v=36UDqN6Y9Vg
سلبریتی نیوز - شنبه - ۱۷ فروردین ۱۳۹۸,https://www.youtube.com/watch?v=UdI4CH7PbNo
ریاض ۱ میلیارد دلار به بغداد هدیه داد، تهران چقدر؟,https://www.youtube.com/watch?v=ahdF4sSfsAc
گزارش اختصاصی: پلدختر دفن شده در گل,https://www.youtube.com/watch?v=zl7uuz6zK2Y
Gaptime / گپ تایم - پشت صحنه فیلم دروغ ۱۲، بخش ۳,https://www.youtube.com/watch?v=O2iDCctbDyQ
Gaptime / گپ تایم - پشت صحنه فیلم دروغ ۱۲، بخش ۲,https://www.youtube.com/watch?v=PHnZp8ZuDdU
Gaptime / گپ تایم - پشت صحنه فیلم دروغ ۱۲، بخش ۱,https://www.youtube.com/watch?v=eVdheJglvDY
رویارویی تهران و تل آویو در آرایش سیاسی در خاورمیانه,https://www.youtube.com/watch?v=B3QNubHqPXc
معضل پارکینگ؟ «بچینید روی هم»,https://www.youtube.com/watch?v=_6Kani1g2ak
مه دود: روزگار تیره و تار تایلند,https://www.youtube.com/watch?v=h-fvHtd9pKY
سد هکرهای سپاه پاسداران - مقررات حفاظت از داده‌ها,https://www.youtube.com/watch?v=eO1u0kMGZ8M
خطر فرونشست و فروچاله در تهران جدی ست؟,https://www.youtube.com/watch?v=qjspVhv48Gs
انتقادها به نحوه مدیریت بحران در سیل های اخیر,https://www.youtube.com/watch?v=APBSfBu70PE
گزارش ويژه: هفتاد سالگی ناتو,https://www.youtube.com/watch?v=kt1tVWhASDo
ببین TV - خاطرات آیت الله خامنه‌ای از سیل,https://www.youtube.com/watch?v=5DCQKyrsMJo
ببین TV - عصر جدید,https://www.youtube.com/watch?v=tTcyEYmZDfc
سیل آق_قلا، ارزیابی از دلایل سیل و کاهش احتمالی خسارات,https://www.youtube.com/watch?v=ml_2KRVvotw
توقف خرید نفت ایران,https://www.youtube.com/watch?v=2klHNEntnr0
ونزوئلا؛ تشدید تقابل بین دولت و مخالفان,https://www.youtube.com/watch?v=WjnLl79pKJM
لرستان:اعلام وضعیت قرمز پس از سیل,https://www.youtube.com/watch?v=6J8Vve5LeWE
شادی مردم الجزایر از کناره گیری رئیس جمهور,https://www.youtube.com/watch?v=G71gKQx_Ews
کمک های جهانی به سیل زدگان شدنی است؟,https://www.youtube.com/watch?v=ftd2f5_baeo
سلبریتی نیوز -چهارشنبه - ۱۴ فروردین ۱۳۹۸,https://www.youtube.com/watch?v=MckBbnW3Ptc
رو به رو - اهمیت تعامل,https://www.youtube.com/watch?v=PW0XDQBQ2JU
رو به رو - کشورهای منطقه و جمهوری اسلامی,https://www.youtube.com/watch?v=s1kiVJ0_OKI
آق قلا و گمیشان؛ شهرهای غرق شده,https://www.youtube.com/watch?v=5j5JSUE1eYE
وضع تحریم های بیشتر یا تمدید مهلت معافیتهاست,https://www.youtube.com/watch?v=m38Ab2k4BYU
رو به رو - امدادرسانی سریع,https://www.youtube.com/watch?v=z1OFuvTVkEQ
سلبریتی نیوز -سه شنبه - ۱۳ فروردین ۱۳۹۸,https://www.youtube.com/watch?v=sMXwocO0YAY
راهکارهای شوکا - ویژه سیزده به در,https://www.youtube.com/watch?v=_J50CZcR9e4
رو به رو - مدیریت بحران,https://www.youtube.com/watch?v=NEjZwfs63uY
رو به رو - سیل های اخیر در ایران,https://www.youtube.com/watch?v=PUG7hqra9o4
Dorough 12 | دروغ ۱۲,https://www.youtube.com/watch?v=pG6nLdg4lmo
»طرح بزرگ ترین پروژه مسکن»,https://www.youtube.com/watch?v=grAvDREUZAs
انتخابات شوراها و شهرداری ها در ترکیه,https://www.youtube.com/watch?v=t1DFBN8xgD0
اوکراین,https://www.youtube.com/watch?v=7aE-Qr8rQJ8
سلبریتی نیوز -دوشنبه - ۱۲ فروردین ۱۳۹۸,https://www.youtube.com/watch?v=V97i-z8pXBM
سلبریتی نیوز - یکشنبه - ۱۱ فروردین ۱۳۹۸,https://www.youtube.com/watch?v=wSDZac5G_VI
بنیامین نتانیاهو، بی رقیب,https://www.youtube.com/watch?v=Zgz4xcNGXe8
تشدید تنش در غزه در آستانه انتخابات اسرائیل,https://www.youtube.com/watch?v=YWNlbu-NYF8
انتخابات محلی ترکیه: آزمون محبوبیت اردوغان,https://www.youtube.com/watch?v=6RivBCgY_30
حواشی تقابل لفظی دولت و سپاه پاسداران,https://www.youtube.com/watch?v=BMc2iSXH9io
برگزیت بدون توافق - بلاتکلیفی قربانی دموکراسی,https://www.youtube.com/watch?v=T2FTGTJIctE
«اجازه دهید قضات دادگاه انقلاب تک نفره بازی کنند»,https://www.youtube.com/watch?v=QLLgdwhSSzM
ادامه کاشت مین در مناطق مرزی,https://www.youtube.com/watch?v=gdl7GYj3W7k
پنجه‌های سپاه پاسداران بر گردن نهادهای اجرائی کشور,https://www.youtube.com/watch?v=rqlI-kecTo8
سیلابی تازه در راه است؟,https://www.youtube.com/watch?v=jRXVwjZqBio
سلبریتی نیوز - شنبه - ۱۰ فروردین ۱۳۹۸,https://www.youtube.com/watch?v=X8BYI61f64w
اصل_مطلب,https://www.youtube.com/watch?v=H9D-PdCaypk
🌨🌧🌊🌧🌧 لب_کلام - خیس شدیم رفت,https://www.youtube.com/watch?v=9fsc7fC7KlY
رو به رو - قسمت ۱۲۲ / Roo Be Roo Ep122,https://www.youtube.com/watch?v=Z3CaxezYT3w
ببین TV - همیشه بهار,https://www.youtube.com/watch?v=a7puoqL-HAc
ببین TV - صحبت‌های نادر قاضی‌پور درباره ازدواج کودکان,https://www.youtube.com/watch?v=pXB2tGZldQ8
آخرین ها از وضعیت سیل در ایران,https://www.youtube.com/watch?v=0SVbLq1V3q8
آیا جاده صلح در سوریه از پیچ و خم تهران می‌گذرد؟,https://www.youtube.com/watch?v=3sCADqNsh4I
الجزایر:پنجمین هفته اعتراض های مردمی,https://www.youtube.com/watch?v=ifslXFfonb4
Gaptime / گپ تایم - پریسا، ساغر، اشکان و فیلم دروغ ۱۲,https://www.youtube.com/watch?v=N0CTIJqOajc
تقابل حماس و اسرائیل؛ تنش در نوار غزه,https://www.youtube.com/watch?v=RYNqyw8q0cc
Gaptime / گپ تایم - پشت صحنه پخش اختصاصی فیلم دروغ ۱۲,https://www.youtube.com/watch?v=rrpfbMaJg3w
ببین TV - شعر یادت نره نوروزی,https://www.youtube.com/watch?v=1TCblREGorQ
تقابل قدرت در ونزوئلا,https://www.youtube.com/watch?v=uatd-tkDiPg
ایران: ادامه بارش و رانش زمین,https://www.youtube.com/watch?v=l4RO6tQdJHU
سلبریتی نیوز - چهارشنبه - ۷ فروردین ۱۳۹۸,https://www.youtube.com/watch?v=UfmlFyhkqMM
سلبریتی نیوز - سه شنبه - ۶ فروردین ۱۳۹۸,https://www.youtube.com/watch?v=t4LBkjoCrig
بلندی‌های جولان: «تهدید ایران»، توجیه «بی‌بی»,https://www.youtube.com/watch?v=WYR3zFgimw0
جمهوری اسلامی: شرایط در صنعت گاز رو به بهبودی است,https://www.youtube.com/watch?v=XRCUmWtQtZ0
دلایل اهمیت بلندی‌های جولان برای اسرائیل,https://www.youtube.com/watch?v=_lMV4Mlwb5Q
درد و دل های نورزی  پرویز صیاد,https://www.youtube.com/watch?v=JXx4jdv6rfY
سلبریتی نیوز - دوشنبه - ۵ فروردین ۱۳۹۸,https://www.youtube.com/watch?v=nI25qbgF7h8
رو به رو - فراکسیون امام زادگان,https://www.youtube.com/watch?v=GOUoksLdQdc
تایلند: کلاب‌های تعطیل در انتخابات زیر سایه چکمه,https://www.youtube.com/watch?v=ALm3GKC0TPY
دغدغه نتانیاهو در واشنگتن: پایگاه سازی‌ تهران در سوریه,https://www.youtube.com/watch?v=OnIEO0CDFbE
هفتمین روز از گلستان درآب,https://www.youtube.com/watch?v=65ouECIkSoM
سلبریتی نیوز -یکشنبه - ۴ فروردین ۱۳۹۷,https://www.youtube.com/watch?v=U7tGEFHafGE
رو به رو - حذف عادل فردوسی پور,https://www.youtube.com/watch?v=sRPYRlvxlEc
«پادشاه ایران تنها خارجی در تورات که [منجی] خوانده شده»,https://www.youtube.com/watch?v=yf1ws84smqk
رو به رو - نشست نظامی سه جانبه,https://www.youtube.com/watch?v=XTcWmXbu0yA
سلبریتی نیوز - شنبه - ۳ فروردین ۱۳۹۸,https://www.youtube.com/watch?v=Nl_5g-c694k
مهمان ویژه منوتوپلاس بیژن مرتضوی هستند,https://www.youtube.com/watch?v=GOksr32libs
رو به رو - صلح نوبل به نسرین ستوده,https://www.youtube.com/watch?v=e6SEQaZmA3s
Gaptime / گپ تایم - پشت صحنه برنامه نوروز ۹۸,https://www.youtube.com/watch?v=AFEQFVM-HQY
رو به رو - نقش نوروز در هویت ملی ایرانیان,https://www.youtube.com/watch?v=4FRiDr1BN8I
Time Tunnel Special | تونل زمان - بهترین های شبکه صفر قسمت دوم,https://www.youtube.com/watch?v=pznKccGiqss
Gaptime / گپ تایم - پشت صحنه آهنگ نوروزی ۹۸,https://www.youtube.com/watch?v=0lCSpUSPTBI
Gaptime / گپ تایم - پشت صحنه برنامه افسانه‌های من و تو,https://www.youtube.com/watch?v=QmNNlg4_ERc
Gaptime / گپ تایم - پشت صحنه چهارشنبه سوری استکهلم سوئد,https://www.youtube.com/watch?v=M3134ubvNag
Time Tunnel Special | تونل زمان - بهترین های شبکه صفر قسمت اول,https://www.youtube.com/watch?v=JcW4Q7h5KXQ
Time Tunnel Special - Norouz 1398 |  تونل زمان - ویژه برنامه نوروز۱۳۹۸,https://www.youtube.com/watch?v=YplCQlaYvuE
"Time Tunnel Special, The best of Sattar | تونل زمان - بهترین های ستار",https://www.youtube.com/watch?v=2rHsh5dSamo
دروغ ۱۲ - نظر تیم تهیه و تولید,https://www.youtube.com/watch?v=gwBBOxHFvc0
ویژه برنامه نوروز ۱۳۹۸ - پیام رییس جمهور,https://www.youtube.com/watch?v=HYAaF2Mldtk
نوروز ۱۳۹۸ - یاد رفتگان / Norouz 1398 - Memoriam,https://www.youtube.com/watch?v=whvPxABpNnM
ویژه ‌برنامه چهارشنبه‌سوری ۹۷,https://www.youtube.com/watch?v=_oqWrl_Bks0
افزایش قربانیان گردباد ایدای به بیش از هزار نفر,https://www.youtube.com/watch?v=hgEpwFfJvzM
"بفرمایید شام سری ۱۲ ویژه نوروز ۱۳۹۸، شب ۴ / Befarmaeed Sham S12 Norouz 98, N4",https://www.youtube.com/watch?v=ZhgUXgyfqlI
چهارشنبه سوری: جشن آتش و روشنایی,https://www.youtube.com/watch?v=OYlFVkbgR-8
سلبریتی نیوز - سه شنبه - ۲۸ اسفند ۱۳۹۷,https://www.youtube.com/watch?v=E5CmJFyAyEI
سالی تاک - سری ۱۵ قسمت ۱۱ / SaliTalk S15 Ep11,https://www.youtube.com/watch?v=ps3JeB_CTnk
رو به رو - حجت‌الاسلام غضنفرآبادی,https://www.youtube.com/watch?v=h1Rm7Jp4GhA
نوروز باستانی: پیام‌آور بهار و شادی و امید,https://www.youtube.com/watch?v=58VQzZY671I
"بفرمایید شام سری ۱۲ ویژه نوروز ۱۳۹۸، شب ۳ / Befarmaeed Sham S12 Norouz 98, N3",https://www.youtube.com/watch?v=U9LjKks5LZE
سلبریتی نیوز - دوشنبه - ۲۷ اسفند ۱۳۹۷,https://www.youtube.com/watch?v=xN_vtEIabOY
رو به رو - سیاستهای نمایشی,https://www.youtube.com/watch?v=A4zvTTBgbNI
رو به رو - مردم الجزایر,https://www.youtube.com/watch?v=pW8GmocWvdI
رو به رو - محکومیت نسرین ستوده,https://www.youtube.com/watch?v=2Uc_MRNGK4I
رو به رو - حمایت دیپلماتیک نازنین زاغری,https://www.youtube.com/watch?v=cLWImA2HTXE
بررسی بازار مسکن در سال جدید,https://www.youtube.com/watch?v=q623XhbTq20
"بفرمایید شام سری ۱۲ ویژه نوروز ۱۳۹۸، شب ۲ / Befarmaeed Sham S12 Norouz 98, N2",https://www.youtube.com/watch?v=UdLne5u1OPc
رختکن - فوتبال ایران و آسیا با فریبرز قریب,https://www.youtube.com/watch?v=qkXgj1z-SV8
"بفرمایید شام سری ۱۲ ویژه نوروز ۱۳۹۸، شب ۱ / Befarmaeed Sham S12 Norouz 98, N1",https://www.youtube.com/watch?v=niAh6PzLnRE
سلبریتی نیوز - شنبه ۲۵ اسفند ۱۳۹۷,https://www.youtube.com/watch?v=ryws5Uns_DI
ببین TV - صحبتهای رهبر در مورد حقوق بشر,https://www.youtube.com/watch?v=8WeEyoD4cFg
ببین TV - اردوی راهیان نور دریایی,https://www.youtube.com/watch?v=rq-qvSHEmzI
ببین TV - اشکال سیستم توزیع کالا,https://www.youtube.com/watch?v=ygrG-H0ht6A
اکو - مبل و موزیک با Assadi,https://www.youtube.com/watch?v=nRlfZIus27w
اکو - آهنگ goldie از Assadi,https://www.youtube.com/watch?v=UrECS1il7l0
اکو - آهنگ Persian Trap از Assadi,https://www.youtube.com/watch?v=TVgOQO3cMz8
اکو - آهنگ رویا از Assadi,https://www.youtube.com/watch?v=OBSHd53ItAE
Gaptime / گپ تایم - توضیح ندا و سالومه درباره ویژه برنامه نوروز ۹۸,https://www.youtube.com/watch?v=ZGRmXcJudZo
Gaptime / گپ تایم - کسرا و توضیح درباره ویژه برنامه نوروز ۹۸,https://www.youtube.com/watch?v=ywMtMNnwrA0
برگزیت در یک قدمی تعویق,https://www.youtube.com/watch?v=sTlSbHBDdfY
قاچاق سوخت؛ راز مگو در سیستان و بلوچستان,https://www.youtube.com/watch?v=2cdFwfSZsew
Gaptime / گپ تایم - سری جدید بفرمایید شام,https://www.youtube.com/watch?v=_2697bbAMKg
Gaptime / گپ تایم - تونل زمان نوروزی,https://www.youtube.com/watch?v=NTS8E-ffq3A
Gaptime / گپ تایم - فلش بک با سارا,https://www.youtube.com/watch?v=frFRI-db_1o
Gaptime / گپ تایم - آشنایی با رضا,https://www.youtube.com/watch?v=LwprFlK1vZo
Gaptime / گپ تایم - آشنایی با سحر پرنیان,https://www.youtube.com/watch?v=ZIwDjXS3s1A
لب کلام - نسرین تبهکار,https://www.youtube.com/watch?v=jnEmcSZff7g
سلبریتی نیوز - چهارشنبه - ۲۲ اسفند ۱۳۹۷,https://www.youtube.com/watch?v=l7pYxrm3Obg
ثبت چند شرکت و یک تخلف:اخلال عمده در نظام اقتصادی کشور,https://www.youtube.com/watch?v=auE2GZZyjCo
روز سوم سفر رئیس جمهور ایران به عراق,https://www.youtube.com/watch?v=WabT_H3gQbA
«ما دنبال رقابت با آمریکایی‌ها درعراق نیستیم»,https://www.youtube.com/watch?v=MbVoduL-nTY
سلبریتی نیوز - سه شنبه - ۲۱ اسفند ۱۳۹۷,https://www.youtube.com/watch?v=zLUb3ey1s7c
اختصاصی: سفر روحانی به عراق: نظر افکار عمومی و سیاسیون,https://www.youtube.com/watch?v=y6Y_J0rySeY
گزارش اختصاصی: تهران، ترویج عقیده در عراق,https://www.youtube.com/watch?v=dTFRoNGuHqA
سلبریتی نیوز - دوشنبه - ۲۰ اسفند ۱۳۹۷,https://www.youtube.com/watch?v=Dfp_xdYwCcY
رو به رو - کودک همسری,https://www.youtube.com/watch?v=F1I_3p-0Gxk
رو به رو - عفو سعید مرتضوی,https://www.youtube.com/watch?v=pxthH0F9uSc
سلبریتی نیوز - یکشنبه - ۱۹ اسفند ۱۳۹۷,https://www.youtube.com/watch?v=ix7OURUsyv0
رو به رو - ریاست قوه قضاییه,https://www.youtube.com/watch?v=uPxMjbwHao4
رو به رو -  بازتاب رسانه ای اخبار دروغ,https://www.youtube.com/watch?v=l283IfFJHlI
معمای مرگی در هیاهوی اعتراض,https://www.youtube.com/watch?v=TkthrmfXTzw
مین‌های سرگردان، یادگار جنگ,https://www.youtube.com/watch?v=9EEqzMZqW6g
سلبریتی نیوز - شنبه - ۱۸ اسفند ۱۳۹۷,https://www.youtube.com/watch?v=mtS4Z0fwLis
رو به رو - سخنان عبدالکریم سروش,https://www.youtube.com/watch?v=yElNISfjLSA
اصل-مطلب,https://www.youtube.com/watch?v=KfEhxF36d_s
سالی تاک - سری ۱۵ قسمت ۱۰ / SaliTalk S15 Ep10,https://www.youtube.com/watch?v=ibIRxTjiMq4
لب کلام - سوپر زن 💪💪💪,https://www.youtube.com/watch?v=op--EHrLN84
آیا همکاری نظامی آنکارا و تهران تحقق می‌یابد؟,https://www.youtube.com/watch?v=z89eSY_mmUw
ببین TV - طراحی‌های استثنایی,https://www.youtube.com/watch?v=5-2z1mvOWmw
ببین TV - غذاهای تراریخته,https://www.youtube.com/watch?v=9oqei3l36YU
ببین TV - خط امام,https://www.youtube.com/watch?v=lqlIC71t4jA
تقابل سپاه با دولت و دستگاه دیپلماسی کشور؟,https://www.youtube.com/watch?v=kejLFyuu9g4
اکو - مبل و موزیک با پیمان سلیمی / Echo,https://www.youtube.com/watch?v=dtCkiO10eGE
اکو - مصاحبه با پیمان سلیمی / Echo,https://www.youtube.com/watch?v=70MRZWpoin8
اکو - ده هزار فرسنگ دورتر، با صدای پیمان سلیمی / Echo,https://www.youtube.com/watch?v=F-ilCrOfsuA
اکو - رج، با صدای پیمان سلیمی / Echo,https://www.youtube.com/watch?v=iZL-C_Pb7w8
سلبریتی نیوز - چهارشنبه - ۱۵ اسفند ۱۳۹۷,https://www.youtube.com/watch?v=bbdtMh6ULVI
منوتوپلاس - منوتوفشن - هفته مد پاریس - چهارشنبه ،۱۵ اسفند ۱۳۹۷,https://www.youtube.com/watch?v=67W2XFn_dfc
سلبریتی نیوز - سه شنبه - ۱۴ اسفند ۱۳۹۷,https://www.youtube.com/watch?v=i-uszNiAr3E
تحصن سراسری ازمعلمان تا کارکنان وزارت جهاد کشاورزی,https://www.youtube.com/watch?v=QXEntpbgwzQ
سومین روز تحصن سراسری معلمان,https://www.youtube.com/watch?v=kF0VaBYdVBs
اعتراضات سراسری کارکنان وزارت جهاد کشاورزی,https://www.youtube.com/watch?v=IoUH_J6UPfM
دومین روز تحصن سراسری معلمان,https://www.youtube.com/watch?v=rw228amyqxM
افزایش قیمت آجیل و حذف آن از سفرهای نوروزی مردم,https://www.youtube.com/watch?v=cADJaaKZN-s
اعتراض های مردمی  الجزیره,https://www.youtube.com/watch?v=kOg3DuITnPU
لب کلام - چطوری پولدار شیم,https://www.youtube.com/watch?v=5r1vX3a17zI
سلبریتی نیوز - دوشنبه - ۱۳ اسفند ۱۳۹۷,https://www.youtube.com/watch?v=sOaSOKw06SA
شرایط بحرانی یوزپلنگ ایرانی,https://www.youtube.com/watch?v=kCXWlTSxnZc
رو به رو - ائتلاف عربی ضد ایرانی,https://www.youtube.com/watch?v=dlTtqjKhbIE
رو به رو - حجاب زنان,https://www.youtube.com/watch?v=UsrRpHddmII
اولین روز از تحصن سراسری معلمان,https://www.youtube.com/watch?v=PWQT1iWzV9w
حاشیه نشینی دراستان کرمان,https://www.youtube.com/watch?v=gf2-TzHWyRQ
اعتصاب سراسری معلمان، به وضعیت بد معیشتی,https://www.youtube.com/watch?v=Wtuz0dzgPHQ
بازگشت به دهه شصت؛ عصر کوپن و صف‌های طولانی,https://www.youtube.com/watch?v=kW9JnAoxC9w
نشست وزرای خارجه سازمان‌ همکاری اسلامی,https://www.youtube.com/watch?v=Qd4Ya926M3A
سلبریتی نیوز -یکشنبه - ۱۲ اسفند ۱۳۹۷,https://www.youtube.com/watch?v=qgvT4OeGp1Y
رو به رو - پروپاگاندا,https://www.youtube.com/watch?v=yMEdfqYNw18
رختکن - حواشی فوتبال با فریبرز غریب و بهترین گزارشگر فوتبال,https://www.youtube.com/watch?v=KvoDSPzrY9w
رو به رو - سفر بشار اسد به ایران,https://www.youtube.com/watch?v=qV7Jqg7bTNY
کاربرد سلاح سمی کلرین در حمله به دومای سوریه,https://www.youtube.com/watch?v=8E8Wi3VrHHU
صادرات نفت ایران پس از معافیتها در گفتگو با احمدی نیا,https://www.youtube.com/watch?v=kIAxOJUppxI
ببین TV - شرک در جامعه,https://www.youtube.com/watch?v=6HBOw3Yz92Q
Gaptime / گپ تایم - فلش بک با ندا,https://www.youtube.com/watch?v=nAwgXRJ7C8k
رو به رو - استعفای محمدجواد ظریف,https://www.youtube.com/watch?v=8qGjJvi3p9I
ببین TV - موشک‌های فراز چهلم,https://www.youtube.com/watch?v=ks0DvsnjQc4
ببین TV - پلیس خواننده,https://www.youtube.com/watch?v=xFaYVcBMmtA
سالی تاک - سری ۱۵ قسمت ۹ / SaliTalk S15 Ep09,https://www.youtube.com/watch?v=abeFdldJBwY
ببین TV - جشن ۴۰ سالگی,https://www.youtube.com/watch?v=D5BLmoXR9Eo
بحران در کاراکاس ، تردیدها در شورای امنیت,https://www.youtube.com/watch?v=Co8zcszvV28
Gaptime / گپ تایم - معرفی‌ آلیسا,https://www.youtube.com/watch?v=fzG9lU04lIo
ارز نیروگاه اتمی بوشهر را هم خاموش کرد,https://www.youtube.com/watch?v=0dzXvL_UwfQ
Gaptime / گپ تایم - هدیه و سلبریتی نیوز ویژه نوروز,https://www.youtube.com/watch?v=VQVIvbBobbk
Gaptime / گپ تایم - رضا طبسی و پروژه انیمیشنی جدید,https://www.youtube.com/watch?v=YLGQDqmS9Dk
ملاقات ترامپ با اون؛ دشمنان دیروز دوستان امروز,https://www.youtube.com/watch?v=RKZgyEBqjIs
چرا بانک های نیروهای مسلح ادغام می شود؟,https://www.youtube.com/watch?v=Wb1f1UFgZ8E
بررسی بحران کشمیر,https://www.youtube.com/watch?v=VSrGH3EuKds
از استعفای جنجالی ظریف تا بازگشت به مراسم رسمی و امضای تفاهم نامه,https://www.youtube.com/watch?v=mZhmlQnrM_8
رو به رو - هدف اصلاح طلبان,https://www.youtube.com/watch?v=Y0F_BGYJDAc
سلبریتی نیوز - چهار شنبه ۸ اسفند ۱۳۹۷,https://www.youtube.com/watch?v=pyes27FVres
آینده‌ای که بیشتر به سراب می‌ماند تا واقعیت,https://www.youtube.com/watch?v=iQBgekuqnXk
استعفای اینستاگرامی ظریف - پایان اعتبار یا زخمی کهنه,https://www.youtube.com/watch?v=A3T4giAaWOk
داستان یک وزیر :از تحریم تا تحریم,https://www.youtube.com/watch?v=aDSxFGsyh6M
مسیری که ظریف پس از خروج آمریکا از برجام پیمود,https://www.youtube.com/watch?v=gfnszyRi22s
رو به رو - آموزش به زبان مادری,https://www.youtube.com/watch?v=I_g5kIm14rc
تایید ناموفق بودن پرتاب ماهواره های دوستی و پیام,https://www.youtube.com/watch?v=IeTIalx7NlM
از فرش قرمز تا جایزه طلایی,https://www.youtube.com/watch?v=XryD3zqW2PU
سلبریتی نیوز - دوشنبه - ۶ اسفند ۱۳۹۷,https://www.youtube.com/watch?v=P2zK-_nKTx8
رو به رو - جنگ نعمت بود!,https://www.youtube.com/watch?v=kuJBn6dwb20
رو به رو - منشا قوای حکومت,https://www.youtube.com/watch?v=ItRVZD39F10
رو به رو - دلیل پرخاشگری ظریف,https://www.youtube.com/watch?v=ycZ3SsmIF9Q
صندوق بازنشستگی؛ نگرانی امروز، بیم فردا,https://www.youtube.com/watch?v=oII4Fi5Zbuw
مقاومت در ونزوئلا: وفاداران به مادورو در مقابل مردم خسته,https://www.youtube.com/watch?v=7VFKmgsNmgE
هدف از لایحه جامع انتخابات چیست؟,https://www.youtube.com/watch?v=WNkgwix3x30
یکشنبه - ۵ اسفند ۱۳۹۷,https://www.youtube.com/watch?v=vklX6XagN3k
سلبریتی نیوز -شنبه - ۴ اسفند ۱۳۹۷,https://www.youtube.com/watch?v=n7jYiQMpK5A
سالی تاک - سری ۱۵ قسمت ۸ / SaliTalk S15 Ep08,https://www.youtube.com/watch?v=P4TyVhCmKJA
Gaptime / گپ تایم - فلش بک سالومه,https://www.youtube.com/watch?v=XsQkGsxFdWo
ببین TV - انقراض پلنگهای ایرانی,https://www.youtube.com/watch?v=QSgq9mPUi0o
Gaptime / گپ تایم - مارال، سمت نو و ویژه برنامه روز جهانی زن,https://www.youtube.com/watch?v=bagWNiJNLBs
Gaptime / گپ تایم - پشت صحنه برنامه کارنامه,https://www.youtube.com/watch?v=eJMoCdOQRFc
شعر یادت نره - قسمت ۱۴/ Sher Yadet Nare Ep14,https://www.youtube.com/watch?v=wFjwdt2Ua4s
در گفتگو با دکتر مجید محمدی، تحلیلگر سیاسی,https://www.youtube.com/watch?v=D4WYSVApMHI
ببین TV - کارنامه,https://www.youtube.com/watch?v=x_OwOosp67Q
اکو - مبل و موزیک سحر,https://www.youtube.com/watch?v=JqSwUHBzeLM
در گفتگو با همن سیدی تحلیل‌گر مسائل خاورمیانه,https://www.youtube.com/watch?v=53_4Pe5M8pg
اکو - چه حالیه، با صدای سحر / Echo,https://www.youtube.com/watch?v=X_i7_6b9bG0
سلبریتی نیوز - ۱ اسفند ۱۳۹۷,https://www.youtube.com/watch?v=1FNaE-6T2nQ
تیزر برنامه‌های من و تو / Manoto promo,https://www.youtube.com/watch?v=5tzUo38O87A
اکو - شام رمانتیک، با صدای سحر / Echo,https://www.youtube.com/watch?v=huzZNJhYLjM
موج تازه از فروش خودرو و گرانی آنها,https://www.youtube.com/watch?v=PVXNmZgIrLM
غروب داعش در بغوز - ایدئولوژی خلافت کجا؟,https://www.youtube.com/watch?v=hAG3r5acmQM
مناسبات تهران و پکن ،تجارت در سایه تحریم,https://www.youtube.com/watch?v=ri2ub7Ic3dk
سلبریتی نیوز - سه شنبه - ۳۰ بهمن ۱۳۹۷,https://www.youtube.com/watch?v=uwqsgUVd3hA
تشدید فشارها بر خانواده اسماعیل بخشی,https://www.youtube.com/watch?v=kTO7mCSOXlo
حسن روحانی:مشکلی نیست که مردم را به زانو دربیاورد,https://www.youtube.com/watch?v=6AADK3J0j5k
موقعیت ضعیف ایران در بازار نفت و انرژي,https://www.youtube.com/watch?v=XiK6t_0lmfs
دنیای پلاستیکی,https://www.youtube.com/watch?v=OLCO43mDCZw
سلبریتی نیوز - دوشنبه - ۲۹ بهمن ۱۳۹۷,https://www.youtube.com/watch?v=a_QXVprAsk4
سلبریتی نیوز-یکشنبه - ۲۸ بهمن ۱۳۹۷,https://www.youtube.com/watch?v=jqbWdtjjlZg
سلبریتی نیوز- شنبه - ۲۷ بهمن ۱۳۹۷,https://www.youtube.com/watch?v=TXGfbmNCvEc
سالی تاک - سری ۱۵ قسمت ۷ / SaliTalk S15 Ep07,https://www.youtube.com/watch?v=JAJiRFroBWU
Gaptime / گپ تایم - توضیح  کسرا درباره آرشیو مستند انقلاب ۵۷,https://www.youtube.com/watch?v=5nCgomKZE_0
تجمع اعتراضی معلمان,https://www.youtube.com/watch?v=Zj0NMcqgesc
شعر یادت نره - قسمت ۱۳ ویژه والنتاین/ Sher Yadet Nare Ep13 Valentines Day,https://www.youtube.com/watch?v=ph6Hx99R_XU
سلبریتی نیوز-چهارشنبه - ۲۴ بهمن ۱۳۹۷,https://www.youtube.com/watch?v=PVPN2rPU3ic
سلبریتی نیوز- سه شنبه - ۲۳ بهمن ۱۳۹۷,https://www.youtube.com/watch?v=ZxUVrdQBywk
سلبریتی نیوز-دوشنبه - ۲۲ بهمن ۱۳۹۷,https://www.youtube.com/watch?v=BhDJiAxUf-s
سلبریتی نیوز- یکشنبه - ۲۱ بهمن ۱۳۹۷,https://www.youtube.com/watch?v=JKNyZ5jN4Pg
Gaptime / گپ تایم - دلیل نامگذاری متفاوت در مستند انقلاب ۵۷,https://www.youtube.com/watch?v=fQ26KNb9aVM
سالی تاک - سری ۱۵ قسمت ۶ / SaliTalk S15 Ep06,https://www.youtube.com/watch?v=URMdrTYiKBs
Gaptime / گپ تایم - معرفی برنامه جدید کارنامه با پوریا و تینا,https://www.youtube.com/watch?v=0WZUXrcXAe8
اکو - گپ خودمونی با معین,https://www.youtube.com/watch?v=zJppivd_aR4
اکو - ساقی ساقی از حامد نیک‌پی,https://www.youtube.com/watch?v=-oV0kzte3dE
محصولات تراریخته؛ تخریب یا ترمیم محیط زیست,https://www.youtube.com/watch?v=7OCu2wxKZOE
جو سنگین امنیتی در مجتمع کشت و صنعت هفت تپه,https://www.youtube.com/watch?v=0gXFLjITrrU
سلبریتی نیوز- سه شنبه - ۱۶ بهمن ۱۳۹۷,https://www.youtube.com/watch?v=sozkwdEUks0
مستندهای من و تو - ولایت مطلقه فقیه,https://www.youtube.com/watch?v=0oF_evGLAek
Gaptime / گپ تایم - معرفی سری جدید مستند انقلاب ۵۷,https://www.youtube.com/watch?v=3SeAxjbn9Tc
دخل و خرج ها؛ شکافی که کم نمی شود,https://www.youtube.com/watch?v=EYpZpCaKKRM
میدان پارس جنوبی و بدهی میلیاردی شرکت نفت,https://www.youtube.com/watch?v=QTPB_eDYt1U
هدیه تازه - سلبریتی نیوز- دوشنبه  ۱۵ بهمن ۱۳۹۷,https://www.youtube.com/watch?v=5Ay9oApMDD0
طرح استانی شدن انتخابات آری یا نه؟,https://www.youtube.com/watch?v=h_x1fSzB918
مسیر «اینستکس» از اف‌ای‌تی‌اف می‌گذرد؟,https://www.youtube.com/watch?v=iFrD2isaTzk
رو به رو - بحران سوریه,https://www.youtube.com/watch?v=6A5oPBNo_04
رو به رو - داوری درباره آیت الله خمینی,https://www.youtube.com/watch?v=ANW1qL7G08g
دستمزد کارگران در گفتگو با آرش آزرمی,https://www.youtube.com/watch?v=DgXfRazZYfU
.حادثه تروریستی نیک شهر در گفتگو با همن سیدی,https://www.youtube.com/watch?v=3Oe10-Qg9JY
رو به رو - ۱۲ بهمن,https://www.youtube.com/watch?v=ZpHqL2c5CYs
سلبریتی نیوز- شنبه - ۱۳ بهمن ۱۳۹۷,https://www.youtube.com/watch?v=N3d71_6l0BA
رو به رو - کی دیگر انقلاب نمی شود؟,https://www.youtube.com/watch?v=D3OkjISILQI
Time Tunnel | تونل زمان - فیلم دیده نشده از تعطیلات خانواده پهلوی,https://www.youtube.com/watch?v=VI9_aqS0baI
Gaptime / گپ تایم - آشنایی با رکسی تهیه کننده استیج و شب جمعه,https://www.youtube.com/watch?v=JEJziAiJYaI
Gaptime / گپ تایم - آشنایی با آرزو و امیر از تیم لب کلام,https://www.youtube.com/watch?v=T6TIoa25sa0
سقوط صادرات نفت به سطح سه سال پیش,https://www.youtube.com/watch?v=6LsZ-3UgicM
طرح جمع آوری معتادان متجاهر و زباله گردها,https://www.youtube.com/watch?v=EMAPI9tF7_g
Gaptime / گپ تایم - پتکین آذرمهر و توضیح درباره مستند ولایت مطلقه فقیه,https://www.youtube.com/watch?v=h7wZLaxfD50
خوان گوایدو: اتحاد مردمی برای پایان دیکتاتوری,https://www.youtube.com/watch?v=Nf2TA3G9xhY
Gaptime / گپ تایم - برنامه جدید رقص شیرین,https://www.youtube.com/watch?v=57Yofoa9iP4
شعر یادت نره - قسمت ۱۲/ Sher Yadet Nare Ep12,https://www.youtube.com/watch?v=w6TA4sqNVgM
Gaptime / گپ تایم - آشنایی با شوکا از تیم لب کلام,https://www.youtube.com/watch?v=bS5VBrCW8gY
سالی تاک - سری ۱۵ قسمت ۵ / SaliTalk S15 Ep05,https://www.youtube.com/watch?v=4KSZ444O1fs
مصاحبه‌های آیت الله خمینی در نوفل لو شاتو,https://www.youtube.com/watch?v=ll8Eug3cc2c
بلایای طبیعی در خوزستان؛ دیروز کم آبی امروز سیل,https://www.youtube.com/watch?v=TWB0H2KWYio
اکو - مبل و موزیک زخمی,https://www.youtube.com/watch?v=RQLwv-54tZk
سلبریتی نیوز- چهارشنبه - ۱۰ بهمن ۱۳۹۷,https://www.youtube.com/watch?v=to_A6cVHkvs
اکو - زندگی میگذره از زخمی / Echo,https://www.youtube.com/watch?v=TQrW1FInvDQ
اکو - راضی‌ام از زخمی / Echo,https://www.youtube.com/watch?v=Tj58FhUWQIk
اکو - صدامو داری از زخمی / Echo,https://www.youtube.com/watch?v=BpUCQE_WnMA
تحریم نفتی ونزوئلا توسط آمریکا,https://www.youtube.com/watch?v=CA0hbHGex6k
پایان کار داعش,https://www.youtube.com/watch?v=RsFxW84DbB8
آینده مبهم دیکتاتور چپ‌گرای ونزوئلا,https://www.youtube.com/watch?v=aQQBcBdT77U
کلاف سردرگم ترافیک و آلودگی هوای تهران,https://www.youtube.com/watch?v=ByXLaf0Ryso
لب کلام - یه توپ و کلی‌ داستان,https://www.youtube.com/watch?v=MasMNMlXBB8
رو به رو - تنش ميان ايران و اسرائيل,https://www.youtube.com/watch?v=bESGe2_MPq4
رو به رو - کنفرانس لهستان,https://www.youtube.com/watch?v=sqSLu9LWH_s
رو به رو - دوستدار راستین میهن,https://www.youtube.com/watch?v=oBV1sheZEvA
رو به رو - اعتراف حسن روحانی,https://www.youtube.com/watch?v=zSyAHiGrc5c
رو به رو - مصاحبه های اجباری زندانیان,https://www.youtube.com/watch?v=YZuaclppqfg
رپرتاژ - اعدام در ملاء عام‎,https://www.youtube.com/watch?v=_KYekc6DLaQ
ونزوئلا: کشمکش مادورو و گوایدو,https://www.youtube.com/watch?v=DDqMakFA26A
عاقبت طرح سهمیه‌ی روزانه  بنزین,https://www.youtube.com/watch?v=E_rwkopPlTU
گفتگو با دکتر مجید محمدی,https://www.youtube.com/watch?v=7nvxANa9NW8
آیا فضا برای مشارکت نخبگان در حل مسائل کشور فراهم است؟,https://www.youtube.com/watch?v=KxDwfYAOsCw
چرا صنعت خودروسازی با چنین شرایط مواجه شد؟,https://www.youtube.com/watch?v=0OoqE4MiqII
استانهای شرقی در وضعیت قرمز زیست محیطی,https://www.youtube.com/watch?v=fXipew46mzk
بحران ونزوئلا؛ مارودو می رود یا می ماند,https://www.youtube.com/watch?v=g2qy6-1KdRQ
Gaptime / گپ تایم - فلش بک با شیرین,https://www.youtube.com/watch?v=3kC7FF0mJMI
گرانی گوشت,https://www.youtube.com/watch?v=HX2gC7PfA-w
تجمع کارگران شهرداری بروجرد,https://www.youtube.com/watch?v=jvokDIQ6vvw
تجمع ثبت‌نام کنندگان ایران خودرو و سایپا,https://www.youtube.com/watch?v=u2pF27huK0Q
کسادی بازار در مجتمع ستاره فارس شیراز,https://www.youtube.com/watch?v=Ev6MO6dQ3P8
Tunnel Zaman / تونل زمان - دستاوردهای اقتصادی واجتماعی در عصر پهلوی,https://www.youtube.com/watch?v=TjAGF-sc50E
شعر یادت نره - قسمت ۱۱/ Sher Yadet Nare Ep11,https://www.youtube.com/watch?v=jsI6OBUR6mc
ونزوئلا: خوان گوایدو، رئیس جمهورموقت,https://www.youtube.com/watch?v=mb-0UUUaPoU
سالی تاک - سری ۱۵ قسمت ۴ / SaliTalk S15 Ep04,https://www.youtube.com/watch?v=5IdCVX0XGNY
اعتراض معلمان؛ کلاس درس شجاعت,https://www.youtube.com/watch?v=H4ORpnLPBNY
عرق شرم بر پیشانی حقوق بشر در ایران,https://www.youtube.com/watch?v=pQxtGb3qLEE
گفتگو با امید معماریان تحلیلگر سیاسی,https://www.youtube.com/watch?v=EU6uLEbgTOk
آمریکا و ائتلاف جهانی علیه ایران,https://www.youtube.com/watch?v=tNaulXq2_Oo
سلبریتی نیوز - چهارشنبه - ۳ بهمن ۱۳۹۷,https://www.youtube.com/watch?v=UFf2VqTL6Tc
شکست بورس انرژی - نفت بدون مشتری,https://www.youtube.com/watch?v=z9uAqiy1Z10
طرح ساماندهی بازار خودرو,https://www.youtube.com/watch?v=yzPAbFrvELE
بسته‌ حمایت معیشتی دولت؛ شوخی تلخ با کارگران,https://www.youtube.com/watch?v=k5OEcvfGL4c
سلبریتی نیوز- سه شنبه - ۲ بهمن ۱۳۹۷,https://www.youtube.com/watch?v=l-FY7pIUCrM
برجام منهای واشنگتن و استراتژی تهران,https://www.youtube.com/watch?v=-k6izf-tz48
کاهش رشد اقتصادی اژدهای زرد,https://www.youtube.com/watch?v=DxZnCGK535k
رو به رو -  بازداشت فعالین محیط زیست,https://www.youtube.com/watch?v=YIv-jnlF6p4
رو به رو - اصلاحات حقيقی,https://www.youtube.com/watch?v=aj_TU9MYJpM
زمستان ۹۷ با من و تو,https://www.youtube.com/watch?v=Ypf-xaNBLKc
رو به رو - روابط لهستان و ایران,https://www.youtube.com/watch?v=I69pZNtUmNY
رو به رو - رسوایی نمایندگان,https://www.youtube.com/watch?v=OXwo7ygkvVk
رو به رو - لایحه بودجه,https://www.youtube.com/watch?v=POcaDXRJyoc
وضعیت قرمز زیست محیطی استانهای مرزی شرق کشور,https://www.youtube.com/watch?v=rmTdT3Jllzo
حمله هوایی ائتلاف به شبکه عملیاتی پهپادهای حوثی‌ها,https://www.youtube.com/watch?v=QYp169i-ybw
گفتگوی اختصاصی با پدر سپیده قلیان,https://www.youtube.com/watch?v=eYUcHjRq-YI
استانهای شرقی در وضعیت قرمز زیست محیطی,https://www.youtube.com/watch?v=vJHz55MWwZQ
پلاسکو پس از دوسال,https://www.youtube.com/watch?v=lu3m9J-0HGU
سازمان ملل: نفت ایران در کوره جنگ یمن,https://www.youtube.com/watch?v=Lt81vyXCUsU
چالش عکس ده سالگی و تغییرات محیط زیست,https://www.youtube.com/watch?v=g3hXVWk61OE
اصل _مطلب,https://www.youtube.com/watch?v=VJrfSa1Y1ec
Time Tunnel | تونل زمان - بحث بحرین در مجلس، شوی پنجره ها,https://www.youtube.com/watch?v=VdZphJNnhi4
پدافند دفاعی موشکی جدید آمریکا؛ از فضا با لیزر,https://www.youtube.com/watch?v=0CaJukIJnz0
«عزم جزم واشنگتن در مقابله با جمهوری اسلامی»,https://www.youtube.com/watch?v=7b7fX7AjdE8
پناهجویان ایرانی بدنبال قایق,https://www.youtube.com/watch?v=3QYZLILyKeQ
مقایسه شرایط نازنین زاغری با مرضیه هاشمی,https://www.youtube.com/watch?v=vgndl9v50tU
شعر یادت نره - قسمت ۱۰/ Sher Yadet Nare Ep10,https://www.youtube.com/watch?v=eR8tQq_8B0o
تهران-واشنگتن، جدال بی‌پایان,https://www.youtube.com/watch?v=DlqHB92mC2c
شرایط سخت تحصیل کودکان منطقه «آونگان قروه» کردستان,https://www.youtube.com/watch?v=0TX0IQAo_ks
سالی تاک - سری ۱۵ قسمت ۳ / SaliTalk S15 Ep03,https://www.youtube.com/watch?v=D8OL7Ww3LaY
واکنش ها به اعتراض خریداران خودرو,https://www.youtube.com/watch?v=WxKhdu_vIEE
پایان تروریست‌های الشباب در هتل نایروبی,https://www.youtube.com/watch?v=BbCeAcYJAHM
سلبریتی نیوز- سه شنبه ۲۶ دی ۱۳۹۷,https://www.youtube.com/watch?v=VFRTNyybBh4
سلبریتی نیوز- سه شنبه ۲۵ دی ۱۳۹۷,https://www.youtube.com/watch?v=0ylx99tQz4U
سوغات خاورمیانه‌ای پمپئو: اتحاد علیه تهران؟,https://www.youtube.com/watch?v=AZ8vfRWNP3w
«حال نیروهای مسلح، حال شب حمله‌‌ست»,https://www.youtube.com/watch?v=TA4JXkYRskU
برگزیت در ایستگاه پارلمان,https://www.youtube.com/watch?v=IR2x6CrvsbM
سوریه: رویارویی دو عضو ناتو,https://www.youtube.com/watch?v=3KyZLWTHVao
افشای طرح حمله ایالات متحده علیه ایران در سپتامبرگذشته,https://www.youtube.com/watch?v=Y5Z89SyRfek
« صدها حمله به پایگاه‌های نظامی ایران در سوریه»,https://www.youtube.com/watch?v=iBR9ol5CXv8
پسماندها؛ بحران محیط زیست,https://www.youtube.com/watch?v=rI5MAOmvWZk
آغاز طراحی سوخت مدرن 20 درصدی برای راکتور تهران,https://www.youtube.com/watch?v=cljDgSVF5ZY
لب کلام - زن نگیریا، زوده!,https://www.youtube.com/watch?v=k6XJRAM5IPI
زنجیره ی نارضایتی: خودروساز، قطعه ساز و خریدار,https://www.youtube.com/watch?v=VftukdG0tdo
پمپئو در راه ترکیه,https://www.youtube.com/watch?v=F9FoHxqv2Dc
عزم واشنگتن: تشکیل ائتلاف جهانی علیه جمهوری اسلامی,https://www.youtube.com/watch?v=j3lNEMm4Cho
دستگیری مایکل وایت ملوان ۴۶ ساله آمریکایی در ایران,https://www.youtube.com/watch?v=Yzp6tQw7bEk
آینده بازار نفت ایران,https://www.youtube.com/watch?v=2EpB5Gr3yxg
سلبریتی نیوز- شنبه ۲۲ دی ۱۳۹۷,https://www.youtube.com/watch?v=Z3SV6okDYGA
رو به رو - وزارت اطلاعات ایران در لیست تروریستی,https://www.youtube.com/watch?v=0EvB3drwCug
رو به رو - شکنجه اسماعیل بخشی,https://www.youtube.com/watch?v=wAwwSPenO4Q
رو به رو - تحمل کیفر,https://www.youtube.com/watch?v=CiMwRErSDjo
رو به رو - یکسالگی اعتراضات دی ماه,https://www.youtube.com/watch?v=aqbW0azaZDw
رو به رو - دولت بختیار,https://www.youtube.com/watch?v=DHh0AUkxvk8
Time Tunnel | تونل زمان - دومین جشن تولد رضا پهلوی،خانه‌های انصاف,https://www.youtube.com/watch?v=mu5mWiARIVY
شعر یادت نره - قسمت ۹/ Sher Yadet Nare Ep09,https://www.youtube.com/watch?v=iGAiQj7LvLw
لب کلام - یه خبر سبز,https://www.youtube.com/watch?v=eQPSK2RJg2k
رنگ و بوی تازه اعتراضات در سودان,https://www.youtube.com/watch?v=36au9XJNJ2Y
سالی تاک - سری ۱۵ قسمت ۲ / SaliTalk S15 Ep02,https://www.youtube.com/watch?v=WApNg-aKhP4
آمریکا: فشار دو چندان خواهد شد,https://www.youtube.com/watch?v=VAVyM_DtV10
تعویق مذاکرات واشنگتن با طالبان,https://www.youtube.com/watch?v=f84miQEonHI
لب کلام - گازهای بی تربیت,https://www.youtube.com/watch?v=pkRut4JFEIs
اصل مطلب - پیشنهاد آمریکا به شمخانی,https://www.youtube.com/watch?v=cwFM68OnLsg
زعفران، طلای سرخ سازگار با اقلیم ایران,https://www.youtube.com/watch?v=NP-B9CkXTdI
کیم جونگ در چین، کانون دیپلماسی بین‌المللی کره شمالی,https://www.youtube.com/watch?v=_nn8wexd8oM
سلبریتی نیوز- سه شنبه ۱۸ دی ۱۳۹۷,https://www.youtube.com/watch?v=7Q0qWAg89hc
رو به رو - عملیات کربلای ۴,https://www.youtube.com/watch?v=35qJwSjA3XY
رو به رو - سیاستهای غلط یک دیکتاتور,https://www.youtube.com/watch?v=RG_xkCrvAZU
رو به رو - ریاست مجمع تشخیص مصلحت نظام,https://www.youtube.com/watch?v=5xl75WABul0
لب کلام-عروسی با اعمال شاقه,https://www.youtube.com/watch?v=3ET8qkBsjqo
سلبریتی نیوز- دوشنبه ۱۷ دی ۱۳۹۷,https://www.youtube.com/watch?v=QTOMjN5rtEE
رو به رو - فتنه ٩٨,https://www.youtube.com/watch?v=owm_Ou0GD6E
رو به رو - تهدید اسرائیل علیه ایران,https://www.youtube.com/watch?v=7kqemIe_b5I
ابهامات سانحه سانچی - پرونده‌‌ی بلاتکلیف,https://www.youtube.com/watch?v=Pz5O3fcYly4
آخرین ها از جلسه مجلس,https://www.youtube.com/watch?v=hWsTLc-Lni4
مصاحبه با مجید محمدی,https://www.youtube.com/watch?v=aHFqmKnpcHI
طرح حمایت از کالای داخلی، به رونق بازار کمک می کند؟,https://www.youtube.com/watch?v=tFxhJcoh1T0
مصاحبه با نیک‌آهنگ کوثر,https://www.youtube.com/watch?v=T3Yj4cp8z_Y
مصاحبه با آرش آذرمی,https://www.youtube.com/watch?v=HZ_pA9oKSXk
سلبریتی نیوز- چهارشنبه ۱۶ دی ۱۳۹۷,https://www.youtube.com/watch?v=BhYIG152veY
سلبریتی نیوز - شنبه ۱۵ دی ۱۳۹۷,https://www.youtube.com/watch?v=-UxQurdrdmw
شکنجه و تعلل در درمان زندانیان,https://www.youtube.com/watch?v=ivcltxyJLnw
Time Tunnel | تونل زمان - سفر شاه به گیلان و مازندران,https://www.youtube.com/watch?v=a9_lupZ3FfM
پرتاب ماهواره پیام به فضا؛ آمریکا واکنش نشان داد,https://www.youtube.com/watch?v=PPpC33ju7Qs
بریتانیا، فرانسه، بحران پناهجویان,https://www.youtube.com/watch?v=KZw48qPG2dY
شعر یادت نره - قسمت ۸/ Sher Yadet Nare Ep08,https://www.youtube.com/watch?v=brPz6m4JXH8
نیما یوشیج,https://www.youtube.com/watch?v=UySctpyq9E4
چرخش محسوس ترامپ,https://www.youtube.com/watch?v=mprK5pVt1N4
سالی تاک - سری ۱۵ قسمت ۱ / SaliTalk S15 Ep01,https://www.youtube.com/watch?v=zB-x6LgNhik
‌اصل مطلب - نازنین زاغری,https://www.youtube.com/watch?v=aJTIWFUQKv4
گفتگو با همن سیدی,https://www.youtube.com/watch?v=gOA2rTqw6-o
گفتگو با امید معماریان,https://www.youtube.com/watch?v=HGASvtjYRBA
اینستاگرام فیلتر می شود,https://www.youtube.com/watch?v=3Ivh0JzH-3U
رو به رو - جنگ های خاورمیانه,https://www.youtube.com/watch?v=xhW3CJvEpuI
رو به رو - آیا این مجلس عصاره فضائل ملت است؟,https://www.youtube.com/watch?v=GtK8o-RkZf8
رو به رو - سخنان شاهزاده رضا پهلوی در انستیتو واشنگتن,https://www.youtube.com/watch?v=nnSKcZ_RmDU
رو به رو - اعتراضات مدنی درایران,https://www.youtube.com/watch?v=_bGvuCKjWt0
تجمع اعتراضی و جو امنیتی مقابل دانشگاه تهران,https://www.youtube.com/watch?v=pLQhQLAdUKE
رو به رو - نابودی اسرائیل,https://www.youtube.com/watch?v=-jk1vA7_xEs
فرمان مهاجرتی ترامپ تحت تاثیر مرگ کودک یمنی,https://www.youtube.com/watch?v=JEvAgN4qtpQ
بازداشت دو معلم و فعال صنفی معلمان در چند روز گذشته,https://www.youtube.com/watch?v=FEMxKdLBrfA
ابتلا زنان به ویروس ایدز در ایران بیشتر از پیش,https://www.youtube.com/watch?v=mAYMlhquyQg
دومین روز تجمع دانشجویان علوم و تحقیقات,https://www.youtube.com/watch?v=gnIEXM_brKo
گفتگو با امید معماریان، تحلیلگر سیاسی,https://www.youtube.com/watch?v=tQrVXHZb8qg
«ادامه گرانی کالا دلیل رانت در اقتصاد کشور»,https://www.youtube.com/watch?v=L36MWTsEuFQ
شعار هزاران معترض سودانی به فساد: بشیر باید بره,https://www.youtube.com/watch?v=dTirNlESrLQ
Time Tunnel | تونل زمان -  شب ژانویه در تهران،بزم هایده،رقص بندری,https://www.youtube.com/watch?v=GvAOFHOGcPg
"Shabake Nim, S7, EP13 | شبکه نیم - سری ۷ قسمت ۱۳",https://www.youtube.com/watch?v=6O0qcviN_JI
شعر یادت نره - قسمت ۷/ Sher Yadet Nare Ep07,https://www.youtube.com/watch?v=ugc-Xbd54bE
سلبریتی نیوز- سه شنبه ۵ دی ۱۳۹۷,https://www.youtube.com/watch?v=LMKvaBaipxg
رو به رو - قوانین بهداشت و ایمنی,https://www.youtube.com/watch?v=oUqFIqFy2M4
سلبریتی نیوز- سه شنبه ۴ دی ۱۳۹۷,https://www.youtube.com/watch?v=eyWS72MXM7E
رو به رو -   آیا ایران هنوز برای دموکراسی آماده نیست,https://www.youtube.com/watch?v=HrIN23eK588
رو به رو -  نقض حقوق بشر در ایران,https://www.youtube.com/watch?v=a_edh9WggHQ
رو به رو -  بازداشت کارگران فولاد اهواز,https://www.youtube.com/watch?v=Ia4ap5Elf2w
شرایط تازه خاورمیانه و رقابت قدرتهای منطقه,https://www.youtube.com/watch?v=5lgBu5TkWpg
رو به رو -  وضعیت زندانیان سیاسی و عقیدتی,https://www.youtube.com/watch?v=d-kli8u4oGA
سلبریتی نیوز- دوشنبه ۳ دی ۱۳۹۷,https://www.youtube.com/watch?v=CJNT-RO31Jk
فرونشست زمین,https://www.youtube.com/watch?v=nX1q3WwQemY
«نه به انتقال آب دریای مازندران»,https://www.youtube.com/watch?v=VAgMgN9PR90
معادله آینده سوریه پس از خروج نیروهای نظامی آمریکا,https://www.youtube.com/watch?v=ISBzNjKpt2s
وضعیت بغرنج منطقه پس از خروج نیروهای آمریکایی از سوریه,https://www.youtube.com/watch?v=yEUurIzl_8Y
باقری درمنی معروف به سلطان قیر اعدام شد,https://www.youtube.com/watch?v=GKj0z7YvhwA
"Shabake Nim, S7, EP12 | شبکه نیم - سری ۷ قسمت ۱۲",https://www.youtube.com/watch?v=r9XZJPAESJM
Time Tunnel | تونل زمان - نایب رئیس امارات در ایران، کارخانهٔ پیکان,https://www.youtube.com/watch?v=71izPsghXug
شعر یادت نره - قسمت ۶/ Sher Yadet Nare Ep06,https://www.youtube.com/watch?v=OcKfbwFn3b0
شب یلدا؛ کابوس گرانی و سفره های خالی,https://www.youtube.com/watch?v=YAYGa1Wp22o
لب کلام - معضل مهاجرت,https://www.youtube.com/watch?v=Mc5N0hWbeqs
گفتگو با همن سیدی,https://www.youtube.com/watch?v=6jik835lZM8
نقش #تهران در کابینه دولت جدید #بغداد,https://www.youtube.com/watch?v=0u_1psu8Xng
خصوصی سازی سرخابی ها,https://www.youtube.com/watch?v=15NQWhLVoVU
وضعیت ناامن مدارس ایران,https://www.youtube.com/watch?v=wUuHqUkuWOc
آینده سوریه و پیش‌نویس قانون اساسی,https://www.youtube.com/watch?v=LJgvyLS_04M
تنگنای تامین معاش,https://www.youtube.com/watch?v=V9un17AW7E4
دلایل دستگیری کارگران گروه ملی فولاد اهواز,https://www.youtube.com/watch?v=9fDOWSq9cT4
سقوط نرخ پول خارجی و توقف گرانی؟,https://www.youtube.com/watch?v=myQhNtvO2lg
«این کاهش نرخ ارز نیست»,https://www.youtube.com/watch?v=84Y_e5lIDpU
خطر نابودی آبخوان‌های کشور، تا ۱۵ سال آینده,https://www.youtube.com/watch?v=oX1vTsSF_qQ
سوریه: سرزمین دوئل قدرت ها,https://www.youtube.com/watch?v=P27JruUWhDc
سلبریتی نیوز - شنبه ۲۴ آذر۱۳۹۷,https://www.youtube.com/watch?v=gRbwwWa82XI
رو به رو - سخنان حسن روحانی  مبنی بر نبود مشکل آب در ایران,https://www.youtube.com/watch?v=q693LBBCB5s
رو به رو -  آیا می توان حکومت دینی را حفظ و همزمان مشکلات کشور را حل کرد,https://www.youtube.com/watch?v=1L8uS2hSPM8
رو به رو -  معضل کودک همسری در ایران,https://www.youtube.com/watch?v=cj1xK_22kXc
رو به رو -  ابتکارات جنبش های مختلف در اعتراضات,https://www.youtube.com/watch?v=fJYmPJUcTOE
رو به رو - آیا اعتراض‌های فرانسه واقعا ادامه موج بیداری اسلامیست؟,https://www.youtube.com/watch?v=PwMxlSBGvQY
"Shabake Nim, S7, EP11 | شبکه نیم - سری ۷ قسمت ۱۱",https://www.youtube.com/watch?v=XRwexdoK9j0
لب کلام - چای لب سوز، تن سوز,https://www.youtube.com/watch?v=1tDK25gFK4M
شبکه نیم - شبکه نیم,https://www.youtube.com/watch?v=w-x54cgiOII
شبکه نیم - بهشت گانگسترها,https://www.youtube.com/watch?v=65FK-uSlniw
Time Tunnel | تونل زمان - یادگار کودکی، ارحام صدر,https://www.youtube.com/watch?v=0x8Hgy2ZS9A
با فشار واشنگتن، عقب نشینی چینی‌ها از پارس جنوبی,https://www.youtube.com/watch?v=20ehIrKAIyc
اعتراض معلمان در همدان,https://www.youtube.com/watch?v=J2OxsHQIPAM
شعر یادت نره - قسمت ۵/ Sher Yadet Nare Ep05,https://www.youtube.com/watch?v=bI-O6hZSB1g
اقدام نظامی در خاک ایران تهدید یا یک احتمال؟,https://www.youtube.com/watch?v=PgefripOXlk
سی و سومین روز از تجمعات گروه‌ ملی‌ فولاد اهواز,https://www.youtube.com/watch?v=AZ4obkiZ2zk
فناوری جاسوسی هوآوِی یا جنگ تجاری واشنگتن و پکن؟,https://www.youtube.com/watch?v=WvNb7OwHZL4
سلبریتی نیوز-چهارشنبه ۲۱ آذر۱۳۹۷,https://www.youtube.com/watch?v=xUD9AxagM5E
ترزا می و هزارتوی طلاق بریتانیا,https://www.youtube.com/watch?v=Tk5sUogMcwY
تلاش امارات و سعودی‌ها برای نزدیکی به اسد,https://www.youtube.com/watch?v=7w5Lv46TQaw
وعده امتیازات جلیقه زردها را به خانه باز خواهد گرداند؟,https://www.youtube.com/watch?v=dexFYv4_wIY
صحبت های اعتراضی یکی از کارگران گروه ملی فولاد اهواز,https://www.youtube.com/watch?v=cmVZ9t2YGR8
افول آمریکا و پیش‌بینی فرمانده سپاه,https://www.youtube.com/watch?v=YVVgWcWMxbQ
سلبریتی نیوز-سه شنبه ۲۰ آذر ۱۳۹۷,https://www.youtube.com/watch?v=zQqwRXlbZ4Q
لب کلام - نمره انضباط دولتی,https://www.youtube.com/watch?v=5TKrAD3J8wk
ایران: تنش آبی گسترده,https://www.youtube.com/watch?v=g4YVrrJ8CAM
سلبریتی نیوز- دوشنبه ۱۹ آذر ۱۳۹۷,https://www.youtube.com/watch?v=iemfSxTVFEs
رو به رو - جمعیت شناسی,https://www.youtube.com/watch?v=hn3zC3BeP_s
«در آینده یمن جایی برای تهران وجود ندارد»,https://www.youtube.com/watch?v=25Ip6rKYWu8
چرا صحبتهای سعید حجاریان حالا جنجالی شده؟,https://www.youtube.com/watch?v=Ocm9Z0yio68
آیا اتحاد میان اعضای GCC شکافته شده است؟,https://www.youtube.com/watch?v=yFydM5TmZuY
انتقال آب از خزر به سمنان,https://www.youtube.com/watch?v=vZfvMsqoqI4
سلبریتی نیوز- یکشنبه ۱۸ آذر ۱۳۹۷,https://www.youtube.com/watch?v=qdwanwykRrY
رو به رو - لغو ویزای فرزندان مقامات,https://www.youtube.com/watch?v=qZ9SFCSMUNU
رو به رو - برخورد دوگانه آمریکا درقبال تروریسم,https://www.youtube.com/watch?v=YnalcpcZ0kA
روز دانشجو,https://www.youtube.com/watch?v=en6a3rENCWA
تقابل از نوع شیمایی بین اسد و مخالفانش,https://www.youtube.com/watch?v=eIr2p0XTij0
مدیر مالی «هووآیی» همچنان در بازداشت,https://www.youtube.com/watch?v=eXs7HUiLijs
تجمع کارگران شیر پگاه تهران,https://www.youtube.com/watch?v=XKfPwtAvnDA
حسن روحانی: منطقه ای قوی تر در دنیای پسا آمریکایی,https://www.youtube.com/watch?v=N-mZHVZ3kh8
کاهش تولید اوپک نردبان قیمت نفت,https://www.youtube.com/watch?v=D_jqpWH0WYU
«روش تهدید روشی ست که جمهوری اسلامی در پیش گرفته»,https://www.youtube.com/watch?v=-_GuAnhVxsw
رو به رو - حقوق جامع بشری,https://www.youtube.com/watch?v=t7Hm1k_lPL0
رو به رو - ابر بحران در ایران,https://www.youtube.com/watch?v=anJE5U6YGPM
"Shabake Nim, S7, EP10 | شبکه نیم - سری ۷ قسمت ۱۰",https://www.youtube.com/watch?v=r-lX_sI2moQ
شبکه نیم - مانی مانی مانی,https://www.youtube.com/watch?v=0AEWoQUaCc8
شبکه نیم - قرارداد,https://www.youtube.com/watch?v=pGGD5ZS7E-k
Time Tunnel | تونل زمان - سفر صدام به ایران، زلزلهٔ بوئین زهرا,https://www.youtube.com/watch?v=Cbr_MmxOH9g
اکو - مصاحبه با آریانا سعید / ECHO,https://www.youtube.com/watch?v=fnkMxhr4pfA
- اکو - آریانا سعید، کم کمک / ECHO,https://www.youtube.com/watch?v=BAuPLmGZdRw
اکو - آریانا سعید، لحظه ها / ECHO,https://www.youtube.com/watch?v=OrE4p1vGehI
اوپک خواستار کاهش تولید - تهران خواهان معافیت,https://www.youtube.com/watch?v=9nPKtVCZj6E
عقب نشینی دولت فرانسه در برابر زردپوشان,https://www.youtube.com/watch?v=F5Ga49YZxhU
حادثه تروریستی چابهار,https://www.youtube.com/watch?v=K1hNrHmHVyo
بررسی لایحه بودجه سال ۹۸,https://www.youtube.com/watch?v=ZshnLoUAb0s
بالارفتن شاخص آلودگی هوای تهران و کرج,https://www.youtube.com/watch?v=AbNU1sc57jc
پوتین؛ مقابله به مثل جواب اولتیماتوم آمریکا,https://www.youtube.com/watch?v=5fhQkhazPeQ
تنش بین آمریکا و روسیه آیا به جنگ جهانی خواهد انجامید؟,https://www.youtube.com/watch?v=FKFfhgr9ZCg
استیضاح و استعفا، موقعیت روحانی چه خواهد بود ؟,https://www.youtube.com/watch?v=H2OMrMtZGgw
رو به رو - بازداشت به اتهام نفوذ,https://www.youtube.com/watch?v=0z78M8Sa2LI
آزمایش موشکی تهران در شورای امنیت,https://www.youtube.com/watch?v=HjchZw2wI8k
دردسرهای طلاقی که پایان ندارد,https://www.youtube.com/watch?v=DKmV_-r1dvg
عقب نشینی کاخ الیزه در برابر جلیقه زردها,https://www.youtube.com/watch?v=S0TlyFv5F18
جنایت ادامه‌دار علیه بشریت,https://www.youtube.com/watch?v=RRJOn0CHqFI
واکنش شورای امنیت به برنامه موشکی ایران,https://www.youtube.com/watch?v=BrnXYbFU02M
سلبریتی نیوز- سه شنبه ۱۳ آذر ۱۳۹۷,https://www.youtube.com/watch?v=tZqotcij7Eo
رو به رو - آیا روسیه قابل اعتماد است,https://www.youtube.com/watch?v=97sMyun4Bm4
رو به رو - تحريم هاى ترامپ,https://www.youtube.com/watch?v=I-Ah5aTeIRo
نشست پیش رو و اضطراری پمپئو و نتانیاهو,https://www.youtube.com/watch?v=iRugyYni7Go
دیداری مجدد در مرز آمریکا و کانادا,https://www.youtube.com/watch?v=RXoAc5aTSwI
تجاوز به دانش آموزان دبستانی در ناحیه ۴ اصفهان,https://www.youtube.com/watch?v=hkIzmxr6WZo
‌ظریف و ادامه واکنشها به بحث پولشویی,https://www.youtube.com/watch?v=RMQRdLkt1mY
رو به رو - جنبش گرسنگی,https://www.youtube.com/watch?v=ZpZH1q0z-yE
نشست زمین در تهران,https://www.youtube.com/watch?v=djibNBT8bco
‌رابطه اعتیاد و ایدز,https://www.youtube.com/watch?v=TGlKkEgdNi4
سلبریتی نیوز- شنبه ۱۲ آذر ۱۳۹۷,https://www.youtube.com/watch?v=7O2NECkzHtg
نقض قطعنامه شورای امنیت,https://www.youtube.com/watch?v=FigWohIlvzU
سلبریتی نیوز- یکشنبه ۱۱  آذر ۱۳۹۷,https://www.youtube.com/watch?v=a1ct_XUgFwY
اقدام جمهوری اسلامی در حذف مخالفانش در عراق,https://www.youtube.com/watch?v=Yd31aFGSvUs
آخرین وضعیت مبتلایان به ویروس اچ آی وی مثبت در ایران,https://www.youtube.com/watch?v=vOTJt45fjo4
"Shabake Nim, S7, EP09 | شبکه نیم - سری ۷ قسمت ۹",https://www.youtube.com/watch?v=LgbxEOKrL-c
ادامه ی درگیری جلیقه زردها با پلیس,https://www.youtube.com/watch?v=9zQn3KMYEGs
بازداشت فعالان مدنی و سیاسی,https://www.youtube.com/watch?v=0HyOxyYeQQI
شبکه نیم - نامهربونن,https://www.youtube.com/watch?v=eXw3tqfc-VM
سالی تاک - سری ۱۴ قسمت ۱۳ / SaliTalk S14 Ep13,https://www.youtube.com/watch?v=DcewBe17xcs
شعر یادت نره - قسمت ۳/ Sher Yadet Nare Ep03,https://www.youtube.com/watch?v=UG1l1o-AJKQ
مشکلات ناتمام سیستان و بلوچستان,https://www.youtube.com/watch?v=9oEcKPuhNI4
دلیل به بن بست رسیدن نشست سوریه در آستانه چیست؟,https://www.youtube.com/watch?v=1QkdkKkO98Q
قیمت کنونی نفت؛ به نفع یا ضرر ایران؟,https://www.youtube.com/watch?v=xlI565X1MH8
تهران؛ شهری که  7 تا 12 هزار معتاد متجاهر دارد,https://www.youtube.com/watch?v=1MgL_D2GyN0
سلبریتی نیوز- سه شنبه ۶ آذر ۱۳۹۷,https://www.youtube.com/watch?v=qG5ZovPBtwE
سلبریتی نیوز- چهارشنبه ۷ آذر ۱۳۹۷,https://www.youtube.com/watch?v=pl6ICwu4qYU
زنان در ایران و سقف‌های شیشه ای,https://www.youtube.com/watch?v=ITMoTkYpuds
معافیت‌های نفتی ترامپ به سود یا ضرر ایران ؟,https://www.youtube.com/watch?v=cKmfws9SJqM
«محاکمه ملوانان اوکراینی به جرم ورود غیرمجاز»,https://www.youtube.com/watch?v=L4ugu4Xhk1A
استیضاح ظریف چقدر محتمل است ؟,https://www.youtube.com/watch?v=2jzX43fcvNE
Gaptime / گپ تایم - آشنایی با آناهیتا از اتاق خبر,https://www.youtube.com/watch?v=EnbaZNwUaN0
اکو - رضا پهلوانی، کازابلانکا / ECHO,https://www.youtube.com/watch?v=EfDcpHoh0Xk
ادامه اعتراض کارگران مجتمع کشت و صنعت نیشکر هفت‌تپه,https://www.youtube.com/watch?v=DT2pzs_DN9c
جو شدید امنیتی در اهواز,https://www.youtube.com/watch?v=BEoqc2lQUdk
شهرداری تهران,https://www.youtube.com/watch?v=wKCqUjrq0L4
اسرائیل در روابط با سودان و بحرین به دنبال چیست ؟,https://www.youtube.com/watch?v=MqCfFj6-mmI
رو به رو - قتل‌های سیاسی,https://www.youtube.com/watch?v=a3qytsn6vgQ
رو به رو - مشکلات کارگران,https://www.youtube.com/watch?v=Wp0RpcE_h_Q
رو به رو - کارگران نیشکر هفت تپه,https://www.youtube.com/watch?v=uRPIP-n4AWU
رو به رو - حجاب اجباری,https://www.youtube.com/watch?v=XzDmgE7olG4
رو به رو - استانداردهای دوگانه مخالفان تحریم,https://www.youtube.com/watch?v=JOuuEyu9-LE
جلیقه زردها؛ ادامه اعتراضات به افزایش قیمت سوخت,https://www.youtube.com/watch?v=yCWcW5Pz0a8
بی‌توجهی حکومت به وضعیت داخلی ایران,https://www.youtube.com/watch?v=Z4u8j6dgjkw
گرانی کم سابقه لوازم خانگی در ایران,https://www.youtube.com/watch?v=eRqf1JdMYBM
سلبریتی نیوز- یکشنبه ۴  آذر ۱۳۹۷,https://www.youtube.com/watch?v=Zp_TTdNl27Y
کارگران هفت تپه:خوزستان بیچاره، مسئول خوب نداره,https://www.youtube.com/watch?v=_PASJlLN6gY
دعوت روحانی به «اتحاد» در شبح جنگ‌های نیابتی,https://www.youtube.com/watch?v=tAVubp_0lg8
"Shabake Nim, S7, EP08 | شبکه نیم - سری ۷ قسمت ۸",https://www.youtube.com/watch?v=J-gGMPZt4BM
شبکه نیم - گیر میدی,https://www.youtube.com/watch?v=BnbzLWRTBqI
شبکه نیم - تحریم,https://www.youtube.com/watch?v=lh6nZzCKSwU
سالی تاک - سری ۱۴ قسمت ۱۲ / SaliTalk S14 Ep12,https://www.youtube.com/watch?v=UCo_LfzQSgE
شعر یادت نره - قسمت ۲/ Sher Yadet Nare Ep02,https://www.youtube.com/watch?v=B2J1CDE7oEc
یمن - تابوت کودکان، جبهه جنگ نیابتی تهران و ریاض,https://www.youtube.com/watch?v=6xjmXBlksyA
اختلال در نظم؛ یکی از اتهامات مطرح شده علیه کارگران بازداشتی هفت‌تپه,https://www.youtube.com/watch?v=mMcUR96HvLU
هفدهمین روز از اعتراض کارگران هفت تپه,https://www.youtube.com/watch?v=EBikd1xXdEg
وزارت خزانه داری آمریکا چه پیامی برای روسیه داشته؟,https://www.youtube.com/watch?v=Km2jageV-vM
ترامپ - چشم پوشی بر قتل خاشقجی برای مقابله با ایران؟,https://www.youtube.com/watch?v=bwl7hK8NSRk
من وتو پلاس -  بسکتبال همراه با پیاده روی / Manoto Plus,https://www.youtube.com/watch?v=tDvWeEwElGI
اكو / Echo - مبل و موزيك با مهران امينيان و ليزبت و گلا,https://www.youtube.com/watch?v=kX6PY-cWIXQ
اسماعیل بخشی کیست؟,https://www.youtube.com/watch?v=LHWZX2VSa9U
۲۹ آبان؛ سالروز تصویب قانون کار,https://www.youtube.com/watch?v=DBrR7LWto7k
سلبریتی نیوز- سه شنبه ۲۹ آبان ۱۳۹۷,https://www.youtube.com/watch?v=GN2kku85hRE
اكو / Echo - مهران امينيان و ليزبت فيشر، مى ده,https://www.youtube.com/watch?v=tNfyf6TqFn4
اكو / Echo - مهران امينيان و ليزبت فيشر، هى,https://www.youtube.com/watch?v=Cf_u7Dd0oLU
اكو / Echo - مهران امينيان و ليزبت فيشر، آدمى,https://www.youtube.com/watch?v=sTnCURm4bls
اكو / Echo - مصاحبه با مهران امينيان,https://www.youtube.com/watch?v=xpESeC0evis
اكو / Echo - مصاحبه با گلا,https://www.youtube.com/watch?v=zV15dOj8KJs
رو به رو - عاملان پولشویی,https://www.youtube.com/watch?v=Azp1uTzlRu8
رو به رو - برخورد مردم و سیاسیون را با روحانیت,https://www.youtube.com/watch?v=zcBQpW5bViU
واکنش مردم و مسوولین در اعتراض های کارگران خوزستان,https://www.youtube.com/watch?v=PznkBp2Hf-I
ادامه تجمعات اعتراضی مالباختگان کاسپین,https://www.youtube.com/watch?v=wNj0RsVtJGM
سلبریتی نیوز- دوشنبه ۲۸ آبان ۱۳۹۷,https://www.youtube.com/watch?v=SO1oAM3q5f0
رو به رو - اصلاح طلبان و مردم,https://www.youtube.com/watch?v=Cvm5nCeHhlM
رو به رو - خدمات سوئیفت,https://www.youtube.com/watch?v=TgtRRlK1Btk
رو به رو - افساد فی الارض,https://www.youtube.com/watch?v=bHHRJyttcKM
عقب نشینی اروپا از ریسک دور زدن تحریم‌ها,https://www.youtube.com/watch?v=TenRP9D_sSo
کاهش بودجه آموزش و پرورش,https://www.youtube.com/watch?v=I63-qMItsUk
تعویق ساز و کار ویژه اروپا و ایران به کدام سمت میرود,https://www.youtube.com/watch?v=_Tb7IZaEXVE
آیا سبدهای حمایتی کالا راهگشای مشکلات کارگران است ؟,https://www.youtube.com/watch?v=F8fFKp8Gvxg
سلبریتی نیوز- یکشنبه ۲۷ آبان ۱۳۹۷,https://www.youtube.com/watch?v=eXD_euCpa7k
سلبریتی نیوز- شنبه ۲۶ آبان ۱۳۹۷,https://www.youtube.com/watch?v=Ehjj4_J5_LE
آخرین ها از قتل خاشقچی,https://www.youtube.com/watch?v=o3BdULiqblI
تقابل واشنگتن تهران بر سر تولید سلاح‌های شیمیایی,https://www.youtube.com/watch?v=Ay0sKLnADqI
خوزستان: اعتراض صنفی کارگران ادامه دارد,https://www.youtube.com/watch?v=tsHy1e2CqZQ
"Shabake Nim, S7, EP07 | شبکه نیم - سری ۷ قسمت ۷",https://www.youtube.com/watch?v=lmSGkHrZ2BI
شبکه نیم ـ بارونه,https://www.youtube.com/watch?v=kgxQwrMuqkw
شبکه نیم ـ موشک,https://www.youtube.com/watch?v=tgOAPbHaTTg
Time Tunnel | تونل زمان - مهمانی شاه و ملکه ثریا در لندن,https://www.youtube.com/watch?v=2pI4gf3ZZQE
Gaptime / گپ تایم - گپی‌ با سیما از اتاق خبر,https://www.youtube.com/watch?v=ihV81IvC7Pw
شعر یادت نره - قسمت ۱/ Sher Yadet Nare Ep01,https://www.youtube.com/watch?v=Cv5_nEEJQOg
تجاوز به کودکان شوشتر,https://www.youtube.com/watch?v=pr7z9oIz0mc
چرا هشت فعال محیط زیست همچنان بازداشت هستند؟,https://www.youtube.com/watch?v=a84lwT_wz7g
تحریم‌ ها مانع حمایت‌های ایران از حزب‌الله خواهد شد؟,https://www.youtube.com/watch?v=_m0r9nHRgSw
Gaptime / گپ تایم - چند سوالی با پریسا,https://www.youtube.com/watch?v=V7BOJMZ876A
سالی تاک - سری ۱۴ قسمت ۱۱ / SaliTalk S14 Ep11,https://www.youtube.com/watch?v=LOBLPPpqhqA
«اعدام برای ۵ متهم به قتل خاشقجی»,https://www.youtube.com/watch?v=NkfH3ay1-Fg
اكو - مبل و موزیک - جزمین کارا  /ECHO,https://www.youtube.com/watch?v=S0KRweLC3NE
اکو - جزمین کارا، لبخند / Echo,https://www.youtube.com/watch?v=HteE02126DQ
ECHO - CAN'T LIE TO ME,https://www.youtube.com/watch?v=EaXzaYQvKsw
«پرونده سلطان سکه با اعدام بسته شد»,https://www.youtube.com/watch?v=8UQP30L7t5s
طفره رفتن اروپایی‌ها از میزبانی «مکانیزم مالی»,https://www.youtube.com/watch?v=c7p7C5fATT4
سلبریتی نیوز- چهارشنبه ۲۳ آبان ۱۳۹۷,https://www.youtube.com/watch?v=LeYFyJqnto4
سلبریتی نیوز- سه شنبه ۲۲ آبان ۱۳۹۷,https://www.youtube.com/watch?v=NWKrj88aBuw
وضعیت نامشخص دستمزد کارگران,https://www.youtube.com/watch?v=WKlctw1nFAg
اعتصابات سراسری معلمان,https://www.youtube.com/watch?v=b0bJGqnpw-4
رو به رو - ۱۳ آبان، چرا دانشجویان از روی پرچم آمریکا و اسرائیل رد نشدند؟,https://www.youtube.com/watch?v=9gPT1Xr3V7Y
رو به رو - مخالفان تحریم، ابزاری در اختیار حکومت؟,https://www.youtube.com/watch?v=08wSJwAN9lA
رو به رو - مخالفان تحریم، آیا از عملکرد جمهوری اسلامی بی اطلاعند؟,https://www.youtube.com/watch?v=BwJLQa3rZWk
رو به رو - تحریم های آمریکا، تاوان سنگین آن را چه کسی می پردازد؟,https://www.youtube.com/watch?v=_Sow2N3Z7Ko
رو به رو - تهدید یا فرصت؟ تحریم های آمریکا علیه ایران,https://www.youtube.com/watch?v=eZm0U6UIAag
جنگل‌های هیرکانی و سرنوشت آن,https://www.youtube.com/watch?v=rlXVgObqdfY
یک سال پس از زلزله کرمانشاهان,https://www.youtube.com/watch?v=8vQSmoz68TA
اوضاع کنونی ایران در یمن,https://www.youtube.com/watch?v=3w_qnMWKQcc
معرفی  چند حرکت ساده ورزشی در خانه / Manoto Plus,https://www.youtube.com/watch?v=5zCWObZAmMY
سلبریتی نیوز- دوشنبه ۲۱ آبان ۱۳۹۷,https://www.youtube.com/watch?v=4lKpiFTdrZ8
Gaptime / گپ تایم - چند سوالی با یگانه,https://www.youtube.com/watch?v=wEHkAxEpOhM
نشست هفتاد رهبر در صد سالگی پایان اولین جنگ جهانی,https://www.youtube.com/watch?v=gKbSGown18A
نشست ابوظبی و تاثیر آن بر قیمت نفت,https://www.youtube.com/watch?v=xaP6-iXViFA
سلبریتی نیوز- یکشنبه ۲۰ آبان ۱۳۹۷,https://www.youtube.com/watch?v=WcDGbkOV0sM
بسته حمایت غذایی دولت تدبیر - بازگشت جیره‌بندی‌ها,https://www.youtube.com/watch?v=W9FZFxSbtPM
شبکه نیم ـ اه اه اه,https://www.youtube.com/watch?v=Bz6fKzmwgtI
"Shabake Nim, S7, EP06 | شبکه نیم - سری ۷ قسمت ۶",https://www.youtube.com/watch?v=HQh6NiCDHYE
شبکه نیم ـ یه دیلی بده,https://www.youtube.com/watch?v=0WG2_q89RX0
Time Tunnel | تونل زمان- سفر شاه به بیت المقدس و احداث برج شهیاد,https://www.youtube.com/watch?v=Ax3AGupbbNk
Gaptime / گپ تایم - سحر و سری جدید تونل زمان,https://www.youtube.com/watch?v=pZdv4SaWKtI
Gaptime / گپ تایم - آشنایی با الی از اتاق خبر,https://www.youtube.com/watch?v=7wxI994UUfc
جنجال و تعلل بر سر انتخاب شهردار پایتخت,https://www.youtube.com/watch?v=jWfdthZG1Rw
سالی تاک - سری ۱۴ قسمت ۱۰ / SaliTalk S14 Ep10,https://www.youtube.com/watch?v=eC5xZ7qCfkU
زنان در انتخابات آمریکا و پیروزی زن جوان ایرانی تبار,https://www.youtube.com/watch?v=5nA4AubIUPM
تهران با توجه به تحریم ها به کجا خواهد رسید؟,https://www.youtube.com/watch?v=iIze9vo297Y
انتخابات میان دوره ای در آمریکا,https://www.youtube.com/watch?v=gUzmoy_-Xz8
Gaptime / گپ تایم - پشت صحنه هالووین من و تو پلاس,https://www.youtube.com/watch?v=oGm4XrNrDqk
"ECHO -  Donkipper, Welcome",https://www.youtube.com/watch?v=XFlzxlCP280
"ECHO -  Donkipper, Opa Ela",https://www.youtube.com/watch?v=5CcTr1k151E
رو به رو - مشکل روانی یا دگراندیشی,https://www.youtube.com/watch?v=f5TWd8rC4ik
رو به رو - مردم ایران,https://www.youtube.com/watch?v=nrXVfHu8TW4
رو به رو -  سفر نتانیاهو به عمان,https://www.youtube.com/watch?v=kotgdWMzGr0
چگونگی اجرایی کردن شعار مرگ بر آمریکا,https://www.youtube.com/watch?v=zU028-UVXGM
«مرده هایشان هم امنیت ندارند»,https://www.youtube.com/watch?v=iD74eH3Bc08
رو به رو -  تیم‌های ترور جمهوری اسلامی,https://www.youtube.com/watch?v=fjoViryrbHY
رو به رو - تشکلهای در پی رهبری و جایگزینی,https://www.youtube.com/watch?v=QhEC1TqHyTM
روز شمار نوسانات دلار,https://www.youtube.com/watch?v=E5jcnjQMoQA
سی و نهمین ۱۳ آبان و همچنان شعار «مرگ بر آمریکا»,https://www.youtube.com/watch?v=KiYQyW2zur4
تقابل ایران و آمریکا در دور دوم تحریم‌ها,https://www.youtube.com/watch?v=OONrPbSB6PU
۱۳ آبان و آغاز دور جدید تحریم‌ها,https://www.youtube.com/watch?v=n7ui3m_GIBA
نگرانی از وضعیت زندانیان مهریه,https://www.youtube.com/watch?v=J3L8szCNwMk
آسیه بی‌بی؛ ۸ سال در نوبت مرگ,https://www.youtube.com/watch?v=Fkx4USJKzQA
"Shabake Nim, S7, EP05 | شبکه نیم - سری ۷ قسمت ۵",https://www.youtube.com/watch?v=5XeWXZAKJqA
شبکه نیم - این حرف ماهاست,https://www.youtube.com/watch?v=CUVqyuk9tRE
شبکه نیم - بسته اروپا,https://www.youtube.com/watch?v=X6sT6_-Qm0Y
اکو - مبل و موزیک آینه,https://www.youtube.com/watch?v=m3UZUCbq6gg
سالی تاک - سری ۱۴ قسمت ۹ / SaliTalk S14 Ep09,https://www.youtube.com/watch?v=63PGaFKYGTY
اکو - آینه، اعتراف / Echo,https://www.youtube.com/watch?v=kl4nvKvmSbE
اکو - آینه، عطر تو / Echo,https://www.youtube.com/watch?v=SgExgbcFET8
اکو - آینه، اسطوره ها / Echo,https://www.youtube.com/watch?v=cq5qxsU8fFc
طرح ترور - دانمارک جمهوری اسلامی را تهدید به تحریم کرد,https://www.youtube.com/watch?v=nr1oAKr5wIU
شاخ های اینستاگرامی؛ قهرمان های پوشالی,https://www.youtube.com/watch?v=WjPBA5ZYKU4
واکنش مسئولین به اعتراض دانش‌آموزان پایه دوازدهم,https://www.youtube.com/watch?v=bIZqu8XD7kE
سلبریتی نیوز- هالووین-چهارشنبه ۹ آبان ۱۳۹۷,https://www.youtube.com/watch?v=QKJhJ8F9VdE
مسیر پیش روی دختران خیابان انقلاب,https://www.youtube.com/watch?v=2ul5TTH_vec
آخرین وضعیت هاشم خواستار,https://www.youtube.com/watch?v=CTU1fA8O3qA
شایعه تماس محرمانه وزیر امور خارجه عربستان با ایران,https://www.youtube.com/watch?v=PhZzMatuBAQ
سلبریتی نیوز- سه شنبه ۸ آبان ۱۳۹۷,https://www.youtube.com/watch?v=hLSoCGYW_io
پرواز اندونزی: مرگ ١٨٩ سرنشین,https://www.youtube.com/watch?v=DxJM-5iqs_M
بحران خشکسالی,https://www.youtube.com/watch?v=DL9jabeLn7g
سلبریتی نیوز- دوشنبه ۶ آبان ۱۳۹۷,https://www.youtube.com/watch?v=QzjxNQRuErg
Gaptime / گپ تایم - معرفی‌ شهلا از اتاق خبر,https://www.youtube.com/watch?v=VbSp_3nGfH0
جولان در غزه، بازی با آتش,https://www.youtube.com/watch?v=-anS54pcSNE
حبس و ۷۴ ضربه شلاق برای ۱۵ فعال کارگری هپکو,https://www.youtube.com/watch?v=Cm7_K6yW_k4
دیدار پرحاشیه,https://www.youtube.com/watch?v=MWgVvpx7d_E
قانون اساسی جدید؛ اساس صلح در سوریه,https://www.youtube.com/watch?v=9ajS3WVPa4M
تورم یا ابر تورم ؟,https://www.youtube.com/watch?v=ayakmaYDnp0
سلبریتی نیوز- یکشنبه ۶ آبان ۱۳۹۷,https://www.youtube.com/watch?v=3jfcWkJNb2c
قاچاق یا چوب حراج به  نفت ایران,https://www.youtube.com/watch?v=WeovM7JCQBw
دیدار در مسقط، بازتاب در تهران,https://www.youtube.com/watch?v=m8d1bWto9XY
معمای «قتلی» که هر روز پیچیده تر می شود,https://www.youtube.com/watch?v=OTwsX4J0guc
سلبریتی نیوز- شنبه ۵ آبان ۱۳۹۷,https://www.youtube.com/watch?v=55x-0Ol__9c
رو به رو - قتل یا خودکشی؟ مرگ مشکوک دکتر هکی,https://www.youtube.com/watch?v=Lfvv9MaUKNc
رو به رو - چه اهداف سیاسی پشت هلال احمر برای اربعین قرار دارد؟,https://www.youtube.com/watch?v=zhArhcTMfug
رو به رو - کاهش سرمایه اجتماعی در ایران,https://www.youtube.com/watch?v=KnE5AuDbmOs
رو به رو - فعالان محیط زیست چه میدانند؟,https://www.youtube.com/watch?v=Y1aO8y9zhUM
رو به رو - استانداردهای دوگانه در سیاسیون ایرانی,https://www.youtube.com/watch?v=jjshbA-ZEpI
شبکه نیم - کلی درس خوندیم,https://www.youtube.com/watch?v=zO57RXCfytI
شبکه نیم - ای جون تر از خیلی ها,https://www.youtube.com/watch?v=upE8hceVZRQ
"Shabake Nim, S7, EP04 | شبکه نیم - سری ۷ قسمت ۴",https://www.youtube.com/watch?v=83ehjmXiD8k
Gaptime / گپ تایم - جینگ تایم با سارا و امیر,https://www.youtube.com/watch?v=rhA3BgEcXj4
من و تو فشن - چهارشنبه ۲ آبان ۱۳۹۷,https://www.youtube.com/watch?v=u6nkwkkCanw
سالی تاک - سری ۱۴ قسمت ۸ / SaliTalk S14 Ep08,https://www.youtube.com/watch?v=zP-pfT-4Pno
تقابل ایران و آمریکا در چیدمان سیاسی عراق,https://www.youtube.com/watch?v=ZmCGx42qWHI
سیزده آبان - فاز دوم تحریم‌های هسته‌ای آمریکا,https://www.youtube.com/watch?v=WIEBRluW_3Y
واشنگتن: روزشمار معکوس تا موعد تحریم‌های هسته‌ای,https://www.youtube.com/watch?v=0I8-Tbk16D8
گفتگو با دکتر مجید محمدی تحلیلگر مسايل خاورمیانه,https://www.youtube.com/watch?v=4Pdm7UhcMgY
سلبریتی نیوز- چهارشنبه ۲ آبان ۱۳۹۷,https://www.youtube.com/watch?v=cPjluI7DpuY
Gaptime / گپ تایم - چند سوالی با اشکان,https://www.youtube.com/watch?v=FVn_-Tlubtg
چگونه هاشم خواستار به بیمارستان اعصاب منتقل شد؟,https://www.youtube.com/watch?v=-kq525qCHLc
تحریم های جدید علیه سپاه,https://www.youtube.com/watch?v=IDnkZPB8B7U
بلاتکلیفی پناه جویان ایرانی,https://www.youtube.com/watch?v=2TOEk2xxVTk
مرگ مشکوک فرشید هکی؛ حقوقدان و فعال محیط‌زیستی,https://www.youtube.com/watch?v=xJtHt5DcDGU
قرارداد سه جانبه ایران، هند و افغانستان,https://www.youtube.com/watch?v=70vdjUHQx2g
من وتو پلاس -  بزرگداشت کوروش بزرگ / Manoto Plus,https://www.youtube.com/watch?v=hg9qmBWCuSc
من وتو پلاس - هراس اجتماعی / Manoto Plus,https://www.youtube.com/watch?v=fSQ6w36F5Rc
«کشف قطعات جسد خاشقجی در کنسولگری عربستان»,https://www.youtube.com/watch?v=DRLgukR6BJQ
معمای بزرگ «قتل»  دکتر فرشید هکی,https://www.youtube.com/watch?v=7IaO2-hbhuI
وضعیت اسف‌بار پناهجویان ایرانی,https://www.youtube.com/watch?v=wsJPMYqvkHE
ورشکستگی صندوق بازنشستگی کشور,https://www.youtube.com/watch?v=M8TV_AEfUgU
اختلاف بین جهانگیری و روحانی تا چه حد جدی است,https://www.youtube.com/watch?v=Am04U9qjz-I
تاثیر پرونده خاشقجی بر روابط آنکارا و ریاض,https://www.youtube.com/watch?v=JeKjk-OVQtc
اكو - مبل و موزيك بچه‌های من و تو /ECHO,https://www.youtube.com/watch?v=Jih1pJzCtYo
پرونده خاشقجی: از تصاویر جدید تا تسلیت شاه و پسرش,https://www.youtube.com/watch?v=w_vyCxVd_d8
آخرین وضعیت شهرهای سیل زده شمالی,https://www.youtube.com/watch?v=LZd97DDiwcg
سلبریتی نیوز- دوشنبه ۳۰ مهر ۱۳۹۷,https://www.youtube.com/watch?v=BjIjxfkMbBI
رو به رو - محاکمه توتال و فرزند هاشمی رفسنجانی: سکوت اصلاح‌طلبان؟,https://www.youtube.com/watch?v=-ALM5zwVyr8
رو به رو - تحریم بانک ها: یکماه تا آغاز تحریمهای گسترده,https://www.youtube.com/watch?v=T5-UEE4pW3s
رو به رو - حقوق بشر: استانداردهای دوگانه آمریکایی,https://www.youtube.com/watch?v=Pn3cao403aE
رو به رو - الگوی اسلامی-ایرانی پیشرفت: از رويا تا واقعيت,https://www.youtube.com/watch?v=kN8RpZy1F7E
رو به رو - اعتصاب های سراسری: چه گروهی از وضع موجود راضیست؟,https://www.youtube.com/watch?v=NRIqtn_KFIw
زعفران ایران خوش‌طعم‌ترین افزودنی‌ خوراکی دنیا,https://www.youtube.com/watch?v=xjPBvfkmjmc
پیراهنم، کفن‌م می‌شود.,https://www.youtube.com/watch?v=CSbZyXYlkhU
موج مهاجرت به شمال ایران و عدم مدیریت بحران آب,https://www.youtube.com/watch?v=vDoh-MSfomk
استعفای آقای آخوندی و حرکت دولت به سمت اصولگراها ؟,https://www.youtube.com/watch?v=Xnx7Il0Jg54
افغانستان ومقایسه وضعیت گروههای سیاسی در برابر طالبان,https://www.youtube.com/watch?v=6hHXhNCF444
سلبریتی نیوز- یکشنبه ۲۹ مهر ۱۳۹۷ - ۲۱ اکتبر ۲۰۱۸,https://www.youtube.com/watch?v=XeVrIihx3UY
قتل خاشقجی - آوار بلند پروازی‌های محمد بن سلمان,https://www.youtube.com/watch?v=zIe2dIorNdI
مسکن مهر، بی مهر,https://www.youtube.com/watch?v=g4Cx7AbRXJc
شرکت های اروپایی؛ ماندن یا نماندن در بازار ایران,https://www.youtube.com/watch?v=niY_LXa4YFU
تاثیر ادامه ارسال سلاح به حزب الله و FATF,https://www.youtube.com/watch?v=mzHSO7UK1Hs
استعفای عباس آخوندی، وزیر راه,https://www.youtube.com/watch?v=vRQJtHreTgY
حواشی مرگ جمال خاشقچی و تبعات آن برای دولت عربستان,https://www.youtube.com/watch?v=_6FGvxlhnvE
سلبریتی نیوز- شنبه ۲۸ مهر ۱۳۹۷,https://www.youtube.com/watch?v=ps-l3GyN4Z8
شبکه نیم - چه گرونه,https://www.youtube.com/watch?v=9dUQhgT6Yf0
شبکه نیم - نفت ما,https://www.youtube.com/watch?v=lqSThw-1wMs
"Shabake Nim, S7, EP03 | شبکه نیم - سری ۷ قسمت ۳",https://www.youtube.com/watch?v=3UKM1BaYs6o
سالی تاک - سری ۱۴ قسمت ۷ / SaliTalk S14 Ep07,https://www.youtube.com/watch?v=3H9b5ZQMRVE
مرور مطبوعات- ٢٦ مهرماه,https://www.youtube.com/watch?v=tUxm2FWOJa0
مرگ دریاچه ها و تالاب ها در ایران,https://www.youtube.com/watch?v=EiLV6Ygl6yI
«حکومت‌های نرمال کودک سرباز به کار نمی‌گیرند»,https://www.youtube.com/watch?v=qHEpRqfjRio
من وتو پلاس - لیزرتگ / Manoto Plus,https://www.youtube.com/watch?v=YY_qwm9NGyk
من وتو پلاس - کشتی مکزیکی / Manoto Plus,https://www.youtube.com/watch?v=l_PxIDwYsGM
سینما نیوز- چهارشنبه ۲۵ مهر ۱۳۹۷,https://www.youtube.com/watch?v=RS3OTLDg6PI
بازسازی سوریه؛ خیز دیگر قدرت‌ها پس از جنگ,https://www.youtube.com/watch?v=M936U77WCso
سلبریتی نیوز- چهارشنبه ۲۵ مهر ۱۳۹۷,https://www.youtube.com/watch?v=Y38C0uRed7k
رو به رو - چرا آیت الله خامنه ای در قبال کنوانسیون پالرمو تغییر نظر داد؟,https://www.youtube.com/watch?v=b-qWZ-fG-eQ
من وتو پلاس - مزرعه زنبورداری / Manoto Plus,https://www.youtube.com/watch?v=cEpX3s1r7Sc
اکو - سارا حمیدی، باد خزان / Echo,https://www.youtube.com/watch?v=Olgm0NdGlpY
اکو - مبل و موزیک سارا حمیدی,https://www.youtube.com/watch?v=a9PSvc-fjpg
رو به رو - دیپلمات-تروریستهای ایران و عربستان؟,https://www.youtube.com/watch?v=XGmAcWko3zU
رو به رو - بر کودکان ایرانی چه می‌گذرد؟,https://www.youtube.com/watch?v=u9vPSBOWZv4
رو به رو - تداوم اعتصاب کامیون داران,https://www.youtube.com/watch?v=55UKQJaRlmM
تحصن سراسری فرهنگیان: روز دوم، متحد می شویم,https://www.youtube.com/watch?v=lkeCcKFminw
گفتگو با دکتر فریدون خاوند، اقتصاددان و استاد دانشگاه,https://www.youtube.com/watch?v=xqqKPcq5NRo
نفس هایی که در خوزستان به شماره افتاده,https://www.youtube.com/watch?v=LH9CRJD0DAc
من وتو پلاس - تور هری پاتر/ Manoto Plus,https://www.youtube.com/watch?v=88_PyUsxxQk
سلبریتی نیوز- دوشنبه ۲۳ مهر ۱۳۹۷,https://www.youtube.com/watch?v=mMazR6Kl4G4
من وتو پلاس - اتاق های چرت / Manoto Plus,https://www.youtube.com/watch?v=a-wRdzf6C-A
من وتو پلاس -  ماهی آرامیده / Manoto Plus,https://www.youtube.com/watch?v=NclzN37BgH8
رو به رو - ایرانیان، هدف حمله اقتصادی دولت؟,https://www.youtube.com/watch?v=TyWXChnh2eI
News حسن روحانی: می‌دانم وضع زندگی مردم چگونه است,https://www.youtube.com/watch?v=b0mpRc1NMQ0
تحصن سراسری فرهنگیان: نان، مسکن و آزادی,https://www.youtube.com/watch?v=kVqsY8FboHA
گفتگو با مهندس حشمت الله طبرزدی,https://www.youtube.com/watch?v=rqGfKu5ic9A
سلبریتی نیوز- یکشنبه ۲۲ مهر ۱۳۹۷,https://www.youtube.com/watch?v=HHH9vViHDns
News  اگر چین خرید نفتش را از آمریکا متوقف کند,https://www.youtube.com/watch?v=vWE9rzE7-wQ
سلبریتی نیوز- شنبه ۲۱ مهر ۱۳۹۷,https://www.youtube.com/watch?v=YkFdCLanW0I
شبکه نیم - من نبودم‎,https://www.youtube.com/watch?v=HRcXw4YZk1s
"Shabake Nim, S7, EP02 | شبکه نیم - سری ۷ قسمت ۲",https://www.youtube.com/watch?v=kcFK5hCmPM8
سالی تاک - سری ۱۴ قسمت ۵ / SaliTalk S14 Ep05,https://www.youtube.com/watch?v=s6pOlvD8N1A
Time Tunnel Special | تونل زمان - ویژه برنامه زادروز شهبانو,https://www.youtube.com/watch?v=F9b6BB-Shx4
سالی تاک - سری ۱۴ قسمت ۶ / SaliTalk S14 Ep06,https://www.youtube.com/watch?v=eJ-qkANPuKU
اکو -  آهنگ صدا کن مرا از Rhythm and vibes,https://www.youtube.com/watch?v=zgQPokmaVQg
Gaptime / گپ تایم - دکتر فیروز نادری,https://www.youtube.com/watch?v=Bdmf-zsMSXg
بحران و مشکلات اقتصادی در ایران,https://www.youtube.com/watch?v=l3IrQdWF2F4
مناقشه سوریه در سایه تحریم های آمریکا,https://www.youtube.com/watch?v=xEJ-LlZlv0g
News قتل خاشقچی - بن سلمان ترامپ را در جریان گذاشته؟,https://www.youtube.com/watch?v=8oscz39ADhg
Gaptime / گپ تایم - چند سوالی با تینا,https://www.youtube.com/watch?v=CPzRnPQPcPs
اکو -  آهنگ خاطره ها از Rhythm and vibes,https://www.youtube.com/watch?v=-Q-XQHfeu3E
اکو -  آهنگ آرزوها از Rhythm and vibes,https://www.youtube.com/watch?v=QkwJQxM5pRM
اکو - گفتگو با گروه Rhythm and Vibes,https://www.youtube.com/watch?v=UDknzY3xtrY
اکو - مبل و موزیک Rhythm and Vibes,https://www.youtube.com/watch?v=YAZ7rKI-_0Q
بازتاب تبدیل شدن ایران به ترانزیت حمل زغال‌چوب,https://www.youtube.com/watch?v=stNbkc4CvhU
روز جهانی نه به اعدام,https://www.youtube.com/watch?v=HXE3YXQlaLA
سلبریتی نیوز- چهارشنبه ۱۸ مهر ۱۳۹۷,https://www.youtube.com/watch?v=nUgdHQmA2T8
News روسیه در لیبی - سوریه آتی؟,https://www.youtube.com/watch?v=CNsRZeflH4E
Gaptime / گپ تایم - گپی‌ با سیاوش شمس,https://www.youtube.com/watch?v=AuLfwhC2P64
آبیاری مزارع جنوب تهران با فاضلاب,https://www.youtube.com/watch?v=7zIYLtaEcY8
استعفای خانم هیلی در گفتگو با دکتر مجید محمدی,https://www.youtube.com/watch?v=fTSMTLOuGoY
بررسی گزارش صندوق بین المللی پول درباره اقتصاد ایران,https://www.youtube.com/watch?v=zmAxDpndMyk
جمهوری اسلامی؛ قابل اعتماد برای معامله؟,https://www.youtube.com/watch?v=a1AAVm9oPas
دور تازه‌‌ی اعتصاب پراکنده بازاریان در چند شهر,https://www.youtube.com/watch?v=w7EWVIg2WCc
زمین‌های کشاورزی که به بیابان مبدل می‌شوند,https://www.youtube.com/watch?v=CDTF9V7ptCY
سلبریتی نیوز- دوشنبه ۱۶ مهر ۱۳۹۷ - ۸ اكتبر ۲۰۱۸,https://www.youtube.com/watch?v=oplPc8wu850
تصویب یک لایحه,https://www.youtube.com/watch?v=1BjIRVpyZe4
فرهنگیان؛ تلاش بی وقفه‌، کمترین دستمزد,https://www.youtube.com/watch?v=kTJc7ftNIvw
News افزایش بهای نفت - وقت اضافه واشنگتن به مشتریان ایران,https://www.youtube.com/watch?v=05WCwZz9bGQ
News حضور نظامی جمهوری اسلامی در سوریه,https://www.youtube.com/watch?v=OyHRbFpGQ-o
سینما نیوز - سه رخ ساخته‌ی جعفر پناهی برنده ۲ جایزه معتبر بین المللی دیگر شد,https://www.youtube.com/watch?v=OllLIVF-4lE
سلبریتی نیوز- رضا گلزار در لیست جذاب‌ترین هنرپیشه‌های مرد تاریخ. شایعه یا واقعیت؟,https://www.youtube.com/watch?v=bDY1-4xg_RM
شبکه نیم - شال,https://www.youtube.com/watch?v=zUFEJ7aok6k
شبکه نیم - زندگی خوب و آسون,https://www.youtube.com/watch?v=sAVKg65GO8M
"Shabake Nim, S7, EP01 | شبکه نیم - سری ۷ قسمت ۱",https://www.youtube.com/watch?v=RhmmpPGsTec
اکو - مبل و موزیک سیاوش شمس/  Echo,https://www.youtube.com/watch?v=oEPy2h8y81E
News مرکل در اسرائیل: با خروج ایران از سوریه موافقیم,https://www.youtube.com/watch?v=9C4qw_Hou_0
ادامه نوسانات ارز و تقلای دولت برای کنترل بازار,https://www.youtube.com/watch?v=oquTQ0Ah9mg
Gaptime / گپ تایم - جینگ تایم با کسرا و سیاوش,https://www.youtube.com/watch?v=IGfl-Kcy62E
News عراق؛ مواضع رئیس جمهور و نخست‌ وزیر جدید,https://www.youtube.com/watch?v=ltm6YlQAiJ8
یازدهمین روز اعتصاب کامیون داران,https://www.youtube.com/watch?v=KwlmlZ7v4HU
بررسی صحبتهای پمپئو پس از رای دیوان عالی,https://www.youtube.com/watch?v=kGnNKwMRT60
سلبریتی نیوز- معصومه ابتکار از مونا فرجاد شکایت می‌کند,https://www.youtube.com/watch?v=t5-MyTfkqik
سلبریتی نیوز- تکذیب خبر درگذشت جمشید مشایخی,https://www.youtube.com/watch?v=rTbV45CwW_4
کاهش مسافران و خالی بودن ۷۵ درصد ظرفیت هتل‌ها,https://www.youtube.com/watch?v=XW2wh4ULd9E
بررسی احتمال مذاکره با آمریکا,https://www.youtube.com/watch?v=JqYExh7aENM
تحلیل نوسانات اخیر بازار ارز,https://www.youtube.com/watch?v=__Sb26K20Zs
برهم خوردن معادلات بازار ارز پس از افت قیمت دلار,https://www.youtube.com/watch?v=Yu0RAHEywuU
بررسی دقت و نوع موشک‌های عملیات ضربت محرم,https://www.youtube.com/watch?v=7-Vq3VUy5hE
نفوذ جریان‌های ایمنی در دانشگاه,https://www.youtube.com/watch?v=MBwBIntJSiQ
حملات موشکی ایران به مقر تروریستها در خاک سوریه,https://www.youtube.com/watch?v=kLUDpTvcVr8
بیش از ۳۰۰ مسموم که ۱۲۷ نفرشان دیالیز شدند,https://www.youtube.com/watch?v=Ll11UZRtpbg
Gaptime / گپ تایم - گپی‌ با اندی در پشت صحنه برنامه نوروز ۱۳۹۷,https://www.youtube.com/watch?v=ACUNLcpnXzI
آیا طرح پلیس واکنشی به کارزار دوربین ما اسلحه ماست؟,https://www.youtube.com/watch?v=-MVpkSwWpp8
سلبریتی نیوز- واکنش سلبریتی ها به نوسانات اقتصادی,https://www.youtube.com/watch?v=My9o9hsuVLg
"سلبریتی نیوز- قتل تارا فارس, مدل عراقی",https://www.youtube.com/watch?v=zt3CB0QMliU
پرستاران؛ خسته از فشار کار و نابرابری,https://www.youtube.com/watch?v=zL1MYtJhF4U
News آیا فقط کامیونداران معترض هستند؟,https://www.youtube.com/watch?v=FmbfrD1B3JM
"Shabake Nim, Story So Far | شبکه نیم - آنچه گذشت",https://www.youtube.com/watch?v=_G9P-XJ9sEU
سالی تاک - سری ۱۴ قسمت ۴ / SaliTalk S14 Ep04,https://www.youtube.com/watch?v=uKpooTeNwpk
سوریه؛ رو در رویی یا جنگ‌های نیابتی تهران - تل‌آویو,https://www.youtube.com/watch?v=oOz3krFGFYU
Gaptime / گپ تایم - سری جدید اکو با مجری جدید,https://www.youtube.com/watch?v=tU_ngqNXPW0
Gaptime / گپ تایم - چند سوالی با شکیلا,https://www.youtube.com/watch?v=35JFoc6JZF4
نشست شورای امنیت به ریاست ترامپ,https://www.youtube.com/watch?v=jCEmUvbzt3Q
اهداف ترامپ از سخنرانی شورای امنیت چیست,https://www.youtube.com/watch?v=9h_hK-ruHUU
عسلویه و بحران جدی محیط زیست,https://www.youtube.com/watch?v=5-rImIau5fc
سلبریتی نیوز- کنایه حمید فرخ‌نژاد به مسئولین,https://www.youtube.com/watch?v=ppOzd3eAZ_8
سلبریتی نیوز- حواشی مراسم اکران خصوصی فیلم هشتگ,https://www.youtube.com/watch?v=oa06gmE50e8
سخنرانی ترامپ درمجمع عمومی سازمان ملل,https://www.youtube.com/watch?v=A7Gi1zBG29c
News گفتگو با امیرحسین اعتمادی تحلیلگر سیاسی,https://www.youtube.com/watch?v=k9zuLQF2pH0
افزایش قیمت دلار پس از سخنرانی ترامپ در سازمان ملل,https://www.youtube.com/watch?v=-_WmSHSRUhw
سلبریتی نیوز - انتقاد از شوخی توهین‌آمیز وزیر بهداشت با یک شهروند,https://www.youtube.com/watch?v=BYgJnsdXPzs
ایران در سوگ حادثه تروریستی اهواز,https://www.youtube.com/watch?v=7bs_zp31BTs
«گوشمالی سختی به تروریست‌ها می‌دهیم»,https://www.youtube.com/watch?v=uggN7ntCAMA
سلبریتی نیوز - امیر تتلو غیابی محاکمه میشود,https://www.youtube.com/watch?v=XtieMCYcSxI
Gaptime /گپ تایم - پدرام عضو جدید من و تو,https://www.youtube.com/watch?v=m8FWKEOOKLw
تهران - واشنگتن: خط و نشان,https://www.youtube.com/watch?v=S5s52rWCv-w
ایران؛ تقبیح ترور در یادبود قربانیان اهواز,https://www.youtube.com/watch?v=Hm6TNgs3-sI
نفت‌کش‌های ایرانی در حال دور زدن تحریم‌های آمریکا,https://www.youtube.com/watch?v=tNEBMVCwlRI
سلبریتی نیوز- ادامه واکنش سلبریتی‌ها به حمله تروریستی در رژه نظامی اهواز,https://www.youtube.com/watch?v=3pWzZqTmjlw
سلبریتی نیوز- واکنش ها به مصاحبه تلوزیونی شبکه ایران اینترنشنال با سخنگوی گروه تروریستی الاحوازیه,https://www.youtube.com/watch?v=jEO1SbD2htc
سلبریتی نیوز- واکنش سلبریتی‌ها به حمله تروریستی در رژه نظامی اهواز,https://www.youtube.com/watch?v=RnsBFUm9cHY
حمله تروریستی: چرا و توسط چه کسی؟,https://www.youtube.com/watch?v=0eBCQAviFXA
حمله تروریستی اهواز و پوشش رسانه ها,https://www.youtube.com/watch?v=TT44h2j6A0o
روحانی همچنان بر فعالیت‌های موشکی پافشاری می‌کند,https://www.youtube.com/watch?v=sk-BcVE95I4
سالی تاک - سری ۱۴ قسمت ۳ / SaliTalk S14 Ep03,https://www.youtube.com/watch?v=n1AgQrouCVE
سکوت جمهوری اسلامی در قبال مسلمان چینی,https://www.youtube.com/watch?v=Xfh0YAmrbSM
Gaptime / گپ تایم - مصاحبه اختصاصی با بازیگران سریال خورشید آخر,https://www.youtube.com/watch?v=kvECcge3EKA
Gaptime / گپ تایم - جینگ تایم با پریسا و اشکان,https://www.youtube.com/watch?v=9z7K29mkJYM
سلبریتی نیوز- اعتراض محمود شهریاری به مسئولین,https://www.youtube.com/watch?v=HvkVMyibbPE
دستاورد کیم - مون؛ شبه جزیره عاری از سلاح هسته‌ای؟,https://www.youtube.com/watch?v=4j5OA9dOzsk
سلبریتی نیوز- واکنش سوسن پرور به گریه‌های یک کودک در مراسم عزاداری محرم,https://www.youtube.com/watch?v=uaHYEGJjH0s
من وتو پلاس - کاخ هخامنشی در ترکیه  / Manoto Plus,https://www.youtube.com/watch?v=CfMtBa0lJuw
نگرانی ها پیرامون وضعیت فرهاد میثمی,https://www.youtube.com/watch?v=DkuI88eTEpk
تغییر استراتژی اسرائیل در قبال ایران,https://www.youtube.com/watch?v=B8KUeH1VaGo
من و پلاس - تعصب / Manoto Plus,https://www.youtube.com/watch?v=G6E-t89etCU
من وتو پلاس - خانه های هوشمند  / Manoto Plus,https://www.youtube.com/watch?v=K-1Y3gDLSKE
نخستین روز از نشست آژانس بین‌المللی انرژی اتمی,https://www.youtube.com/watch?v=GovtcVOzLWY
ایران در لبه ی پرتگاه: هشدار تند واشنگتن,https://www.youtube.com/watch?v=m14jwoPgNWM
مرور مطبوعات بیست و ششم شهریور ماه با آرمین قبادی پاشا,https://www.youtube.com/watch?v=TB6Nga8lj60
ابهام در سرنوشت بازنشستگان پرکار,https://www.youtube.com/watch?v=hGpwv8CxwSE
رئیس مجلس عراق؛ انتخابی با تاخیر,https://www.youtube.com/watch?v=40QqVmb-Gwc
مرور مطبوعات بیست و پنجم شهریور ماه با آرمین قبادی پاشا,https://www.youtube.com/watch?v=K1MzFF7kAkU
درخواست ظریف از توییتر,https://www.youtube.com/watch?v=wDNwqJIwWuY
سلبریتی نیوز- کنایه‌های تند بهروز صفاریان به محسن چاوشی,https://www.youtube.com/watch?v=695B6kJIyOA
من وتو پلاس -  بحث روماتیسم ۳ / Manoto Plus,https://www.youtube.com/watch?v=a8HzHuY36X4
من وتو پلاس - لندن گردی با ماشین راهنما  / Manoto Plus,https://www.youtube.com/watch?v=58xbXw-kRBk
افزایش ساعتی قیمت دلار و گرانی روز افزون,https://www.youtube.com/watch?v=EjPXmFsP6hM
دلار قاچاق ارز از افغانستان به ایران,https://www.youtube.com/watch?v=bxt1twnfyho
«آلترناتیوهای تهران؛ دوران پسا ترامپ»,https://www.youtube.com/watch?v=0Bkek4w95QI
سالی تاک - سری ۱۴ قسمت ۲ / SaliTalk S14 Ep02,https://www.youtube.com/watch?v=x4fcK390AAo
جایگاه اقلیت کرد در کارنامه حکومت,https://www.youtube.com/watch?v=lafn-u8Cj4I
گپ تایم - سری جدید اکو و خبر خوب برای ترانه سراها / GapTime,https://www.youtube.com/watch?v=oGSBV2utUqA
گپ تایم - چند سوالی با آریا  / GapTime,https://www.youtube.com/watch?v=cWLeI0kfZzI
اعتصاب، اسلحه مسالمت‌آمیز معترضین,https://www.youtube.com/watch?v=TNVX-zvE8xI
پیام بصره؛ کناره گیری حیدر العبادی؟,https://www.youtube.com/watch?v=MI7viwSZAlM
سلبریتی نیوز- واکنش ها به تشکر محمود احمدی‌نژاد از شخم‌زن‌ها,https://www.youtube.com/watch?v=zEWaRcqIjcw
مرور مطبوعات بیست و یکم شهریور ماه با آرمین قبادی پاشا,https://www.youtube.com/watch?v=UsOzwPs4Ow4
من وتو پلاس - مسابقه کیک پزی / Manoto Plus,https://www.youtube.com/watch?v=qU_1ZXP14os
بیزینس مداحی و انتقاد دوباره مداحان با شروع محرم,https://www.youtube.com/watch?v=7MWrFnJioJM
یازده سپتامبر؛ هفده سال پس از فاجعه,https://www.youtube.com/watch?v=mEx74sLN8D8
طرح ۸۰۰ هزار تومانی افزایش دستمزد کارگران تایید نشد,https://www.youtube.com/watch?v=MHaJJaPmzTQ
سلبریتی نیوز- واکنش ها به لغو نمایشگاه نقاشی تهمینه میلانی,https://www.youtube.com/watch?v=afO9LjkgtTU
سلبریتی نیوز- هجوم به صفحه اینستاگرام سلبریتی ها,https://www.youtube.com/watch?v=2ya7C-SiC5s
کاهش قدرت خرید و منتفی شدن افزایش حقوق,https://www.youtube.com/watch?v=bCgu12hNZA0
قرارداد با هندی ها در بندر چابهار,https://www.youtube.com/watch?v=lOYSUiR6W-g
سیاست‌های متغیر بانک مرکزی و افزایش گرانی,https://www.youtube.com/watch?v=QLXONkkzTsg
سالی تاک - سری ۱۴ قسمت ۱ / SaliTalk S14 Ep01,https://www.youtube.com/watch?v=_bNiSGbXNLo
مرور مطبوعات هجدهم شهریور ماه با آرمین قبادی پاشا,https://www.youtube.com/watch?v=0GCmnRihttk
دیدار روحانی و ترامپ در نیویورک تا چه اندازه محتمل است؟,https://www.youtube.com/watch?v=PC2wgEZmenE
رختکن - سری سوم، قسمت ۵ / Rakhtkan S3 Ep05,https://www.youtube.com/watch?v=JccVEE-bUFM
بازگشت دوباره ارز مسافرتی با سه برابر قیمت,https://www.youtube.com/watch?v=NC7lTFP8viQ
برخورد خشن نیروی انتظامی  با موتورسواران,https://www.youtube.com/watch?v=_yjeQOtcoj4
سرنوشت ادلب به کجا خواهد رسید؟,https://www.youtube.com/watch?v=uTg4xcHEGNg
News روحانیون و مردم در خیابان,https://www.youtube.com/watch?v=1zZYZfOFGy4
News «مردم سالاری با هر پسوندی یعنی تبعیض»,https://www.youtube.com/watch?v=WfXrPOMAfbE
News  «ایران به یک بن بست سیاسی رسیده»,https://www.youtube.com/watch?v=R5qY7Vomnfk
News «پاسخ معضلات تلنبار شده ختم این قاعده ۴۰ ساله‌ست»,https://www.youtube.com/watch?v=TIYkztJw_8A
News اهمیت تفکیک قوا برای رسیدن به نظامی سکولاریسم,https://www.youtube.com/watch?v=gv9Qw-rc_zg
News شرایط به وجود آمدن نظام سکولار در ایران چیست؟,https://www.youtube.com/watch?v=w7bSoJo3amw
News «این نظام تبعیض‌گراست!»,https://www.youtube.com/watch?v=maMsdi2Usts
News چرا نظام ما غیر دموکراتیک است؟,https://www.youtube.com/watch?v=-PucmkkqHpA
گله کسبه از کسادی بازار,https://www.youtube.com/watch?v=e0fjd8gC7m8
دلار پانزده هزار تومنی,https://www.youtube.com/watch?v=GzxNdjAqiVs
News «این لعنتی را بکشید»,https://www.youtube.com/watch?v=WMSrpumVrGY
آخریت وضعیت ادلب؛ سرنوشت تقابل روسیه و آمریکا,https://www.youtube.com/watch?v=qXetD3_rU24
News ادلب؛ آخرین میدان جنگ قدرت‌ها در سوریه؟,https://www.youtube.com/watch?v=3iIam59h5J8
برگزیت: ۲ میلیون و ۶۰۰ هزار بریتانیایی هیجان زده,https://www.youtube.com/watch?v=wmbtZ177TeY
شیب نزولی سقوط ارزش ریال,https://www.youtube.com/watch?v=K5a6hPIhB8o
مرور مطبوعات دوازدهم شهریور ماه با آرمین قبادی پاشا,https://www.youtube.com/watch?v=yylexdUvGCA
جایگاه متزلزل نفت ایران در بازارهای جهانی,https://www.youtube.com/watch?v=zvG70n_soOE
ظریف به شبهات امنیتی درباره عملکردوزارت خارجه پاسخ داد,https://www.youtube.com/watch?v=YjRDepKVVQY
نیک‌آهنگ,https://www.youtube.com/watch?v=4duNYNlSUgI
در جلسه طرح سوال از جواد ظریف چه گذشت؟,https://www.youtube.com/watch?v=Mm5dPssY_Ro
مرور مطبوعات یازدهم شهریور ماه با آرمین قبادی پاشا,https://www.youtube.com/watch?v=_op3ZMzHN00
News «حمله موشکی اسرائیل به پایگاه نظامی المزه»,https://www.youtube.com/watch?v=PATyopxax_M
جزییات تفاهم نامه بین تهران و دمشق برای بازسازی سوریه,https://www.youtube.com/watch?v=gBMWcfwmySI
آماده باش نظامیان رژیم #دمشق,https://www.youtube.com/watch?v=nvWazuFzQN0
News فرسودگی جنگنده‌ها؛ سراشیبی نیروی هوایی ارتش کشور,https://www.youtube.com/watch?v=41Ckld2hguk
معمای افزایش قیمت و احتکار خودرو,https://www.youtube.com/watch?v=Jn23J8dtgJ8
رپرتاژ- مرور گزارش های گذشته / Reportage,https://www.youtube.com/watch?v=cLSbhS26V_o
شب جمعه - سری ۲ قسمت ۱۱ -  بخش برعکس و سرته با پریسا و کسری,https://www.youtube.com/watch?v=r66IjpNb76U
شب جمعه - سری ۲ قسمت ۱۱ -  بخش رپش کن با پریسا و کسری,https://www.youtube.com/watch?v=6UGJkH7rtek
News در خاوران چه دیدید؟,https://www.youtube.com/watch?v=cEnyG_rgvxY
News قدم بعدی چیست؟,https://www.youtube.com/watch?v=VrXHSdfevw4
News روایات خانواده های اعدام‌های دسته جمعی ۱۳۶۷,https://www.youtube.com/watch?v=JtwOG5PnDA0
News سی سال بعد از اعدام‌های سال ۶۷,https://www.youtube.com/watch?v=6hCmf1v7hm0
News جواب مسیح علینژاد به صدا و سیمای ج ا ا,https://www.youtube.com/watch?v=xim4aoSB6_U
News  پیام نازنین بنیادی بازیگر ایرانی الاصل و سرشناس هالیوود,https://www.youtube.com/watch?v=MY1-ahKqLk0
News ما انتخاب نکردیم که خارج از کشور باشیم,https://www.youtube.com/watch?v=4hBvFgu7iEs
News /  بهای نفت در حال بالا کشیدن است,https://www.youtube.com/watch?v=z5oXjo9w4AA
News  تحریم‌های بیشتر برای جمهوری اسلامی,https://www.youtube.com/watch?v=97Xj2J_jQpo
پروژه هایی که پیوندی با محیط زیست ندارند,https://www.youtube.com/watch?v=1PH3Q8qhlPA
مقایسه حکم مدیرعامل ثامن الحجج با احکام فعالان مدنی,https://www.youtube.com/watch?v=84UtFlp88Hs
تحلیل آخرین وضعیت کردهای مبارز در عراق و سوریه,https://www.youtube.com/watch?v=V46rgdJ7Ggc
News سقوط صادرات نفتی با توقف کشتی‌های نفتکش,https://www.youtube.com/watch?v=sNg0oR9kLno
اقتصاد کوچک خانواده‌ها و گرانی روزافزون,https://www.youtube.com/watch?v=ibZpYz_cOrE
رختکن - سری سوم، قسمت ۳ / Rakhtkan S3 Ep03,https://www.youtube.com/watch?v=_h2LD7Xw8dQ
بیکاری کارگران,https://www.youtube.com/watch?v=fTquPINAsAo
مرور مطبوعات ششم شهریور ماه با آرمین قبادی پاشا,https://www.youtube.com/watch?v=t9c5HjLrOHk
از صحبت‌های حسن روحانی در مجلس چه برداشتی می‌توان کرد,https://www.youtube.com/watch?v=xCrR8OeYxb4
آلودگی هوا؛ قاتل نامرئی,https://www.youtube.com/watch?v=LiZwXppYBts
دادگاه نوزده اخلالگر ارزی و میلیون‌ها دلار گمشده,https://www.youtube.com/watch?v=8ZbJdlTfaB4
شکایت ایران از آمریکا در دادگاه لاهه,https://www.youtube.com/watch?v=WjvuYuvLaH4
مرور مطبوعات پنجم شهریور ماه با آرمین قبادی پاشا,https://www.youtube.com/watch?v=aePnctO80cg
برق رسانی به عراق؛ در پی کدام منفعت؟,https://www.youtube.com/watch?v=zvIImSBk2qk
گفتگو با رضا حقیقت نژاد در خصوص حاشیه امن احمدی نژاد,https://www.youtube.com/watch?v=30UK9FAg2Mk
«توریست زیارتی یا جنسی»,https://www.youtube.com/watch?v=4deLW9wEBDI
احمدی نژاد و نامشخص بودن حکمت صبر قوه قضاییه,https://www.youtube.com/watch?v=n8RGnTOdGmY
News هکرهای آهک «سازندگان ارتباط» را هک کردند,https://www.youtube.com/watch?v=zyIPgnv1VEY
سقوط اف پنج,https://www.youtube.com/watch?v=OFGfmnzrGzQ
جواد ظریف: آمریکا جنگ روانی به پا کرده,https://www.youtube.com/watch?v=qqqUE1JVulA
News «سوریه را تبدیل به پایگاه سلاح‌های اتمی می‌کنیم»,https://www.youtube.com/watch?v=vWjEfH-xguI
مرور مطبوعات چهارم شهریور ماه با آرمین قبادی پاشا,https://www.youtube.com/watch?v=DpUZ4Qf1zpw
افزایش قیمت بلیت هواپیما و صندلی‌های خالی,https://www.youtube.com/watch?v=BPYt8haNY7w
فاجعه سینما رکس آبادان,https://www.youtube.com/watch?v=PnobBO9EZJE
"آهک؛ ""مقابله با سانسور و دیکتاتوری""",https://www.youtube.com/watch?v=Ve7dzy-ANqc
سجادی نویسنده سینما رکس، آغاز وحشت بزرگ چهل ساله,https://www.youtube.com/watch?v=gXqln239Zsg
News اقتصاد ایران بعد از اجرایی شدن فاز دوم تحریم‌ها,https://www.youtube.com/watch?v=699xcCEWSZs
شب جمعه - سری ۲ قسمت ۱۰ - آهنگ هزاره‌ی تنهایی با اجرای رضا پهلوانی,https://www.youtube.com/watch?v=p0W-DjjC77k
شب جمعه - سری ۲ قسمت ۱۰ -  یک کلاغ چهل الاغ,https://www.youtube.com/watch?v=DDYtT3gKraM
شب جمعه - سری ۲ قسمت ۱۰ - لیپ سینک بدری,https://www.youtube.com/watch?v=ISs3FZ-zGyU
شب جمعه - سری ۲ قسمت ۱۰ - لیپ سینک شیرین,https://www.youtube.com/watch?v=5wN9NKgfrLE
شب جمعه - سری ۲ قسمت ۱۰ - آهنگ شب جمعه با اجرای بدری,https://www.youtube.com/watch?v=hZIxwGgHbfE
رختکن - سری سوم، قسمت ۲ / Rakhtkan S3 Ep02,https://www.youtube.com/watch?v=dYvxQNDPa5A
گفتگو با امیرحسین اعتمادی تحلیلگر مسایل سیاسی,https://www.youtube.com/watch?v=QIX0jFNGGlE
سیستان و بلوچستان دفن شده زیر ریزگردها,https://www.youtube.com/watch?v=tiTuaUSQAFU
رختکن - سری سوم، قسمت ۱ / Rakhtkan S3 Ep01,https://www.youtube.com/watch?v=a5eqgfmOhXU
مرور مطبوعات سی‌ام مرداد ماه با آرمین قبادی پاشا,https://www.youtube.com/watch?v=AOOrpmV0hZ4
حمله راکتی به ارگ ریاست جمهوری افغانستان,https://www.youtube.com/watch?v=eD2nYffWumE
اقتصاد ایران؛ دادگاه مفسدان و گرانی اجناس,https://www.youtube.com/watch?v=0XCX_1kzzfo
نگران ازسرنوشت اقبال دارامرویی و صدها بازداشتی دیگر,https://www.youtube.com/watch?v=s1_8jIgP4f4
News  رد لایحه پولشویی ایران؛ تشکیل گروه اقدام آمریکا,https://www.youtube.com/watch?v=DILwfnfnLxQ
شب جمعه - فصل دوم - قسمت ۹ / بخش برعکسوسروته با ادی عطار و مروارید,https://www.youtube.com/watch?v=qccNJ4sWTkg
شب جمعه - فصل دوم - قسمت ۹ / اجرای آهنگ باتو از مروارید,https://www.youtube.com/watch?v=7ehUxQi5Q78
شب جمعه - فصل دوم - قسمت ۹ / اجرای لیپسینک ادی عطار با آهنگ کفترکاکل به سر از معین,https://www.youtube.com/watch?v=8otvo5exQu8
شب جمعه - فصل دوم - قسمت ۹ /  بخش تنگ پوش با ادی عطار و مروارید,https://www.youtube.com/watch?v=MQ_L1k1HHC4
شب جمعه - فصل دوم - قسمت ۹ / بخش دندون ببندون  با ادی عطار و مروارید,https://www.youtube.com/watch?v=40EfRWUuu6o
شب جمعه - فصل دوم - قسمت ۹ / اجرای آهنگ نه بیخیال از ادی عطار,https://www.youtube.com/watch?v=Jbg73eFm6aE
روایت زاهد هفت‌لنگ و نجاح محمد، دو جانباز و اسیر در جنگ ایران و عراق ۴/۲,https://www.youtube.com/watch?v=6-TiJYYvM7Q
روایت زاهد هفت‌لنگ و نجاح محمد، دو جانباز و اسیر در جنگ ایران و عراق ۴/۳,https://www.youtube.com/watch?v=V0SeDqxn8oM
چرا ایران از دریای خزر چیزی استخراج نمی‌کند,https://www.youtube.com/watch?v=SqRnk4YBx14
داروی تقویتی بجای غذا و پروتئین,https://www.youtube.com/watch?v=6p9lvC8_LlY
عراق بر سر دو راهی؛ ایران یا آمریکا؟,https://www.youtube.com/watch?v=At7cZTRAWvg
سیستان و بلوچستان طعمه شن‌های روان,https://www.youtube.com/watch?v=_FB4IHWpgHg
مرور مطبوعات بیست و سوم مرداد ماه,https://www.youtube.com/watch?v=2B4IHA1QquQ
مرور مطبوعات بیست و دوم مرداد ماه,https://www.youtube.com/watch?v=XNS-GmefraQ
گفتگو با رضا حقیقت نژاد درارتباط با صحبت‌های خامنه‌ای,https://www.youtube.com/watch?v=1YaGzeRTD_k
گفتگو با امیر طاهری در رابطه با رژیم حقوقی دریای خزر,https://www.youtube.com/watch?v=LHB3tURgAK8
News توافقنامه وضعیت حقوقی دریای خزر,https://www.youtube.com/watch?v=m8zbCfy5tiY
افزایش ریزگردها و آلودگی هوا در زابل,https://www.youtube.com/watch?v=68BhGovhGpg
News هدف حیدر العبادی از سفر هفته آینده به ایران چیست؟,https://www.youtube.com/watch?v=q_wa-yNUERc
مرور مطبوعات بیستم مرداد ماه,https://www.youtube.com/watch?v=3edXeCkjZ3M
آشفته بازار؛ کمبود، گرانی و بی‌ثباتی اقتصاد ایران,https://www.youtube.com/watch?v=R8MO6SxogiQ
اکو - حبیب مفتاح بوشهری، موج /  Echo - mooj,https://www.youtube.com/watch?v=gWOsv0ZLxZE
News «حکومت نمی‌تواند مشکلات مردم را حل کند»,https://www.youtube.com/watch?v=gRLKldacNA8
News «آنقدر فساد رخنه کرده که از بین بردنش غیر ممکن است»,https://www.youtube.com/watch?v=S71poxb3fiM
News «جمهوری اسلامی راهکاری برای حل مشکلات مردم ندارد»,https://www.youtube.com/watch?v=2vxq39l_ZJ0
News جمشید برزگر: راهکارهای آقای خاتمی اقتصادی نیست,https://www.youtube.com/watch?v=Gz8Q38w7pmQ
آیا مسئولین حکومت مشکل فساد رو به رسمیت می‌شناسن؟,https://www.youtube.com/watch?v=nFQsm2QaCuE
چرا پس از افشای فساد در سطوح بالای حکومت دستگیر شد؟,https://www.youtube.com/watch?v=SXn5TLdtq1o
سیاست‌های جدید حسن روحانی راه حل فساد امروز کشور؟,https://www.youtube.com/watch?v=5eYLC4TqcWI
مشکل امروز اقتصاد ایران از دید جمشید برزگر,https://www.youtube.com/watch?v=f3yCepvh3Ss
تعریف عباس پالیزدار از فساد در جمهوری اسلامی تا امروز,https://www.youtube.com/watch?v=CN5uAz09uQ8
بازداشت سه تن از مدیران موسسات مالی و اعتباری,https://www.youtube.com/watch?v=0Zym5FjHu8s
عدم سوخت رسانی به هواپیمای شرکت ایران ایر,https://www.youtube.com/watch?v=5Zn8aQ86uf4
اکو - مبل و موزیک حبیب مفتاح بوشهری/  Echo,https://www.youtube.com/watch?v=T2Tgm5FwIwM
مرور مطبوعات هفدهم مرداد ماه,https://www.youtube.com/watch?v=mVcIA5IquV8
فعالیت صرافی ها؛ سردرگمی در اولین روز کاری,https://www.youtube.com/watch?v=CTvV6TJt5iU
اکو - حبیب مفتاح بوشهری، یدانه /  Echo - Yedane,https://www.youtube.com/watch?v=W-Jx7r-UyRo
کاهش نسبی نرخ ارز؛ رانت خواران چه می شوند؟,https://www.youtube.com/watch?v=fn60oob_tng
گفتگو با کامبیز غفوری,https://www.youtube.com/watch?v=O4vQE3o_SaI
گفتگو با جمشید اسدی در خصوص تاثیر تحریم‌ها,https://www.youtube.com/watch?v=3ojkeeyrhio
بسته جدید ارزی، فعالیت صرافی‌ها و نگرانی مردم,https://www.youtube.com/watch?v=SDQ0w7ogozA
News ماجرای سوء قصد به جان مادورو: تهمت یا واقعیت؟,https://www.youtube.com/watch?v=-a57VrfAA5I
گفتگو با بهزاد احمدی نیا - کارشناس حوزه نفت و انرژی,https://www.youtube.com/watch?v=ZvChC8PvEbA
نگاهی به چهارمین اعتراضات سراسری,https://www.youtube.com/watch?v=JOqqd418YZs
News  آیا تحریم‌ها بابک زنجانی‌ها تولید می‌کنند؟,https://www.youtube.com/watch?v=HIBXjjFyLgc
News  چرا نایاک با تحریم جمهوری اسلامی مخالف‌ است؟,https://www.youtube.com/watch?v=f4AJY4ufDn0
News تحریم جمهوری اسلامی مشکلات مردم را بیشتر می‌کند؟,https://www.youtube.com/watch?v=xFeLCVIT-xc
شب جمعه - فصل دوم - قسمت ۷ / بخش برعکسوسروته با فریال و امیر,https://www.youtube.com/watch?v=NlWrEZYx8-w
شب جمعه - فصل دوم - قسمت ۷ / اجرای لیپسینک سام با آهنگ دوست دارم زندگی رو,https://www.youtube.com/watch?v=mDzK3jKKYEA
شب جمعه - فصل دوم - قسمت ۷ / بخش تیک تاک با فریال و امیر,https://www.youtube.com/watch?v=iBFCLn-zSGI
شب جمعه - فصل دوم - قسمت ۷ / بخش هزارچهره با فریال و امیر,https://www.youtube.com/watch?v=37S4AGW7P6I
News موضع نایاک در مقابل نارضایتی‌های مردم ایران,https://www.youtube.com/watch?v=GeoMMuknkcc
تابستان نارضایتی: دومین روز اعتراض ها در اصفهان,https://www.youtube.com/watch?v=JV938JzArnc
مرور مطبوعات دهم مرداد ماه:مذاکره با ترامپ؛ آری یا خیر؟,https://www.youtube.com/watch?v=vJtqrimTn4Y
گفتگو با رویا برومند,https://www.youtube.com/watch?v=KlH9c_z47K8
News پایان بازی روسیه در سوریه: ایران یا اوکراین؟,https://www.youtube.com/watch?v=PLxerJyOlYw
مرور مطبوعات هشتم مرداد ماه,https://www.youtube.com/watch?v=4X51RMCr7nQ
اعتراض یک شهروند به وضعیت بد معیشتی,https://www.youtube.com/watch?v=0GtGG-Y7eLI
مرور مطبوعات هفتم مرداد ماه,https://www.youtube.com/watch?v=KFjwh6zLEFc
تجمع اعتراضی کارکنان شرکت زمزم تبریز,https://www.youtube.com/watch?v=inxeb3fpZ0o
برجام بدون آمریکا: آلترناتیوهای واشنگتن,https://www.youtube.com/watch?v=OwyE5k_YyPM
گفتگو با نیک آهنگ کوثر،روزنامه نگار حوزه آب,https://www.youtube.com/watch?v=fPb5zkDKCfs
پیش فروش مشکوک بهمن خوردو و رکورد سکه,https://www.youtube.com/watch?v=bG8BwWrqasA
شب جمعه - فصل دوم - قسمت ۶ / اجرای لیپ سینک فرزی لوکو با آهنگ همصدای خوبم از گوگوش,https://www.youtube.com/watch?v=RHHgLFN9Dyo
شب جمعه - فصل دوم - قسمت ۶ / بخش پانتو دیسکو با فرزی لوکو و اسی,https://www.youtube.com/watch?v=xk3Kyv9LFJs
شب جمعه - فصل دوم - قسمت ۶/ بخش رپش کن با فرزی لوکو و اسی,https://www.youtube.com/watch?v=tSs8mcT0aqY
شب جمعه - فصل دوم - قسمت ۶ / اجرای آهنگ خانم خانم از اسی,https://www.youtube.com/watch?v=COOu9NChq-I
قدرت خرید کارگران در ۶ ماه حدود ۵۰ درصد کاهش داشت,https://www.youtube.com/watch?v=UCd_CFhX0-k
News آتش سوزی پارامیس: سودجویی مالکان یا فساد مدیریت شهری,https://www.youtube.com/watch?v=n5T1RCoIwb0
News رد پای جدال‌های لفظی واشنگتن و تهران در باب المندب»,https://www.youtube.com/watch?v=gYjGQ08FpD4
ببین TV - شبکه خبر از صحبت های جنجالی حسن روحانی گزارشی نشون داد / Bebin TV,https://www.youtube.com/watch?v=C4VZIaZJAYM
ببین TV - مستند در امتداد فلق از شبکه یک / Bebin TV,https://www.youtube.com/watch?v=v2DlVu4hTgA
تهران - واشنگتن: مذاکره و توافق؟,https://www.youtube.com/watch?v=nyz1xZ_RwvY
آمادگی برای تنیس ویمبلدون,https://www.youtube.com/watch?v=zc4PjZu-CmM
همتی به جای سیف؛ آرامش به جای آشفتگی؟,https://www.youtube.com/watch?v=Ptjy_nv-fQg
اکو - مبل و موزیک با تی ام بکس / Echo - TM Bax,https://www.youtube.com/watch?v=L9q_ToOYsiw
"اکو - تی ام بکس، مساله‌ای نی / Echo - TM Bax, Masaleie Ni",https://www.youtube.com/watch?v=sh-mMzbezUk
اکو - مصاحبه با تی ام بکس / Echo - TM Bax interview,https://www.youtube.com/watch?v=DsEui2OA9w0
رو به رو - قسمت ۸۸ / Roo Be Roo Ep88,https://www.youtube.com/watch?v=-HpK6ygOcEQ
NEWS/موج تازه مهاجرت دانشجویان ایرانی,https://www.youtube.com/watch?v=8NLYi-tTbRA
صعود بی‌سابقه قیمت ارز و سکه و انکار دولت,https://www.youtube.com/watch?v=9bSriL18prs
گزارشگر از تعطیلی تره‌بار,https://www.youtube.com/watch?v=wt7anN203nk
مرور مطبوعات سی‌ام تیرماه,https://www.youtube.com/watch?v=u2UtqW5erts
news/تخریب محوطه تاریخی یک هزار ساله رباط,https://www.youtube.com/watch?v=mnWgU_Hvs60
برجام بدون واشنگتن: آلترناتیوهای تهران,https://www.youtube.com/watch?v=A9D8txLarGc
صادق زیباکلام: ناآرامی‌های اخیر نتیجه فشارهای خارجی‌ست,https://www.youtube.com/watch?v=GzOWhfccKfc
News / سرنخ ترور شهردار گنجه در قم و سوریه,https://www.youtube.com/watch?v=wcLeBxEPvhU
شب جمعه - فصل دوم - قسمت ۵ / بخش تیک تاک با میلاد وهدی جراح,https://www.youtube.com/watch?v=BRhmnIGkH5Y
شب جمعه - فصل دوم - قسمت ۵ / اجرای لیپ سینک شیرین و میلاد با آهنگ بوم بوم بلک کتز,https://www.youtube.com/watch?v=f5NW4EmlhO8
شب جمعه - فصل دوم - قسمت ۵ / اجرای آهنگ من دیونه  از میلا,https://www.youtube.com/watch?v=OcvOg0vjzAU
شب جمعه - فصل دوم - قسمت ۵ / بخش پانتودیسکو با میلاد وهدی جراح,https://www.youtube.com/watch?v=lVf1lcPm-9E
شب جمعه - فصل دوم - قسمت ۵ / اجرای لیپ سینک هدی جراح و سام با آهنگ سقاخونه از عباس قادری,https://www.youtube.com/watch?v=rncRddEKY7k
ببین TV - مصاحبه برنامه بدون تعارف شبکه دو با احمد جنتی  / Bebin TV,https://www.youtube.com/watch?v=yiOkkjxUSNw
ببین TV - یک کتاب از شبکه یک / Bebin TV,https://www.youtube.com/watch?v=MZSnZnY6kRw
ببین TV - مشکل برق در تهران / Bebin TV,https://www.youtube.com/watch?v=LSqJJiBFH_A
گفتگو با علیرضا روشن، از دروایش گنابادی,https://www.youtube.com/watch?v=Sb3eMsvxzyU
آینده برجام و مثلث آمریکا، ایران و اتحادیه اروپا,https://www.youtube.com/watch?v=GqZadvCsNEM
مرور مطبوعات بیست و ششم تیرماه,https://www.youtube.com/watch?v=sLmVly7HtXA
اکو - مبل و موزیک - ادی عطار / Echo,https://www.youtube.com/watch?v=QNv3WFm6HcE
اکو - ادی عطار - آرومم / Echo,https://www.youtube.com/watch?v=3gtBLZMxvvw
فشار‌های جهانی، آینده برجام و اقتصاد ایران,https://www.youtube.com/watch?v=eSGk6fp8eRM
ببین TV - بدون تعارف با میثم مطیعی / Bebin TV,https://www.youtube.com/watch?v=LeG_nOkrfJc
ببین TV -  سرگرمی و تفریح کردن / Bebin TV,https://www.youtube.com/watch?v=BXDuFMrl7Tw
ببین TV - مستند روان سپید / Bebin TV,https://www.youtube.com/watch?v=BLBZEI2bEFU
ببین TV - استندآپ کمدی راجع به جام جهانی / Bebin TV,https://www.youtube.com/watch?v=9_SwR4sH00Y
ببین TV -  راه حل مشکل گرونی و نظارت بر قیمت‌ها / Bebin TV,https://www.youtube.com/watch?v=Szjw8uf8J3M
مسافرمنوتوپلاس - آمریکای جنوبی ۱۳ / ‎‎ Manoto Plus,https://www.youtube.com/watch?v=aPbqUyVIuns
اعتراض ها در عراق به فقر و بیکاری ادامه دارد,https://www.youtube.com/watch?v=eXGrv7lme0A
News/ عراق: اعتراض به فساد، بی‌آبی و بی برقی,https://www.youtube.com/watch?v=gpOknX2Jk5M
قهرمان جام جهانی؛ فرانسه، کرواسی و یا پوتین؟,https://www.youtube.com/watch?v=D-yymBwmfpo
شب جمعه - فصل دوم - قسمت ۴ / بخش شزموبزن با سولماز و ارس,https://www.youtube.com/watch?v=x22ISq0iFEs
شب جمعه - فصل دوم - قسمت ۴ / اجرای سولماز با آهنگ پانتومیم,https://www.youtube.com/watch?v=b73YSyJhabQ
شب جمعه - فصل دوم - قسمت ۴ / اجرای لیپ سینک شیرین و ارس با آهنگ من نبودم از ناهید و شهرام شبپره,https://www.youtube.com/watch?v=hTiKyGVcAYA
شب جمعه - فصل دوم - قسمت ۴ / بخش هزارچهره با سولماز و ارس,https://www.youtube.com/watch?v=63BhP5dGfOI
بازار ثانویه؛ خیالی یا واقعی؟,https://www.youtube.com/watch?v=Um0RkZmc8ZY
اکو - مبل و موزیک - پیروز / Echo,https://www.youtube.com/watch?v=uQO8UqaBuUY
اکو - پیروز ، بیبی جون / Echo,https://www.youtube.com/watch?v=aQiLGG3h2BQ
اکو - پیروز ، ستاره چین / Echo,https://www.youtube.com/watch?v=ogzUGK9Xa1Y
Time Tunnel | تونل زمان -  بازیگر هفته -  فخری خوروش,https://www.youtube.com/watch?v=cO9rVZn9oSM
Time Tunnel | تونل زمان -  بازیگر هفته -  گوگوش,https://www.youtube.com/watch?v=7EgINi3C-Bo
Time Tunnel | تونل زمان  - تبلیغ عضویت در کتابخانه‌های کانون پرورش فکری کودکان و نوجوانان، دههٔ ۵۰,https://www.youtube.com/watch?v=OzC6nOKerKU
اقتصاد خانواده‌ها و سفره‌ای که کوچک شد,https://www.youtube.com/watch?v=MXIoatrbt-4
Time Tunnel | تونل زمان -  تیم اکروجت تاج طلایی و مانور نیروی هوایی شاهنشاهی در مقابل شاه,https://www.youtube.com/watch?v=LAiLRS4OK0M
نشست وین : گفتگوی بدون نتیجه ١+٤,https://www.youtube.com/watch?v=m3KmDCAjkh4
مشکلات ارباب رجوع و ساعات اداری در ملارد,https://www.youtube.com/watch?v=XqBL0mrFDyM
Time Tunnel | تونل زمان - احداث مجموعه ی  ورزشی آریامهر,https://www.youtube.com/watch?v=2QZPqtmSYBo
مصاحبه امید و ندا با حمید استیلی / Hamid Estili Interview,https://www.youtube.com/watch?v=yhFwe4Iw0oA
Time Tunnel | تونل زمان - بازیگر هفته - پوری بنایی,https://www.youtube.com/watch?v=6auVMfEv7FY
شب جمعه - فصل دوم - قسمت ۳ / بخش رپش کن با شهرام آذر و حمید آبی,https://www.youtube.com/watch?v=hJiA4h1Rqa0
شب جمعه - فصل دوم - قسمت ۳ / اجرای آهنگ لبخند از شهرام آذر,https://www.youtube.com/watch?v=IbDlQwP2OIk
گپ تایم - قسمت ۱۱ / GapTime,https://www.youtube.com/watch?v=12on5ZfjV3o
شب جمعه - فصل دوم - قسمت ۳ / بخش شزموبزن با شهرام آذر و حمید آبی,https://www.youtube.com/watch?v=m6gY2Hlcfgk
شب جمعه - فصل دوم - قسمت ۳ / لیپ سینک آهنگ نیمه گمشده گوگوش با اجرای شیرین,https://www.youtube.com/watch?v=X4Iu6Wn0BjQ
گپ تایم - پشت صحنه های شب جمعه با شهرام آذر و حمید آبی / Gap Time,https://www.youtube.com/watch?v=zkUjLk8MaNU
گپ تایم - چند سوالی با هدیه در مادام توسو / Gap Time,https://www.youtube.com/watch?v=0fuu35bv_gE
Time Tunnel | تونل زمان - جشن بزرگداشت انقلاب سفید شاه - تهران، سال ۱۳۵۱,https://www.youtube.com/watch?v=NjLADviYr1g
ببین TV - برنامه بدون تعارف از  شبکه خبر / Bebin TV,https://www.youtube.com/watch?v=o7PzzxuPXWg
ببین TV - میان برنامه‌ای با موضوع اعتیاد  / Bebin TV,https://www.youtube.com/watch?v=kalUBGpXT1M
ببین TV - ویژه برنامه فوتبالی ۲۰:۱۸ شبکه ۳ بعد از بازی ایران و اسپانیا  / Bebin TV,https://www.youtube.com/watch?v=wDIsiHk9JWI
ببین TV - صحبت های سخن گوی دولت راجع به نیازهای اساسی مرم / Bebin TV,https://www.youtube.com/watch?v=HiWeWtAnHiA
گپ تایم - چند سوالی با گلناز در هاید پارک / Gap Time,https://www.youtube.com/watch?v=8zgykbqeQsw
رانت خواری توسط فرماندار کردستان و دختر وزیر سابق,https://www.youtube.com/watch?v=PF8BE0WIPt0
بحران بی آبی در بیش از نیمی از استان های ایران,https://www.youtube.com/watch?v=QEFRFWaIzG0
Time Tunnel | تونل زمان -  رقص دراویش یا سماع  - اجرا در تالار رودکی، دههٔ ۵۰,https://www.youtube.com/watch?v=AySSXvo-QUk
مسافرمنوتوپلاس - آمریکای جنوبی ۱۲ / ‎‎ Manoto Plus,https://www.youtube.com/watch?v=QaW58f0pDJY
Time Tunnel | تونل زمان - بازیگر هفته - فردین,https://www.youtube.com/watch?v=Fb7nATLHRkQ
Time Tunnel | تونل زمان -  بازیگر هفته - بهروز وثوقی,https://www.youtube.com/watch?v=h3zg94_J704
Time Tunnel | تونل زمان - بازیگر هفته - منوچهر وثوق,https://www.youtube.com/watch?v=ZQ-Ra1xDCRM
Time Tunnel | تونل زمان - سفر شاه و شهبانو به استرالیا - سال ۱۳۵۳,https://www.youtube.com/watch?v=oIiWjjKbDDU
Time Tunnel | تونل زمان - دانشگاه‌های ایران در دوران پهلوی,https://www.youtube.com/watch?v=QVUzoZQy4Nk
Time Tunnel | تونل زمان - بازیگر هفته - رضا بیک ایمانوردی,https://www.youtube.com/watch?v=E7Tn-iv-eag
Time Tunnel | تونل زمان - بازیگر هفته - فروزان,https://www.youtube.com/watch?v=Lx1WPLVWsRE
News/ راه‌حل‌های اقتصادی دولتمردان چقدر قابل اجرا هستند,https://www.youtube.com/watch?v=Lt77BwegWo8
News/ آیا می‌توان به شعار با روحانی تا ۱۴۰۰ امیدوار بود,https://www.youtube.com/watch?v=WGIJ8RFUoTA
شب جمعه - فصل دوم - قسمت ۲ / بازی یک کلاغ چهل الاغ,https://www.youtube.com/watch?v=d9LXWTs-1PI
شب جمعه - فصل دوم -  قسمت ۲ / لیپ سینک شیرین,https://www.youtube.com/watch?v=XU5WFgvICM8
شب جمعه - فصل دوم - قسمت ۲ / لیپ سینک گلناز,https://www.youtube.com/watch?v=WQochoF8MIs
اکو - بهزاد لیتو ، پیدا نکردم / Echo,https://www.youtube.com/watch?v=pONqV4PDOXw
اکو - بهزاد لیتو ، مث خودته / Echo,https://www.youtube.com/watch?v=Ng_EX_t74ek
ببین TV - فطریه و زکات / BebinTV,https://www.youtube.com/watch?v=tFhlmI29dec
ببین TV - دست‌فروشی در برنامه چهار راه / BebinTV,https://www.youtube.com/watch?v=y7smMerdsPk
ببین TV - مهران مدیری در خندوانه / BebinTV,https://www.youtube.com/watch?v=g0zoVgF5k1I
استفاده از گاز اشک‌آور در اعتصاب سراسری بازاریان,https://www.youtube.com/watch?v=jpLHxn7G9VQ
ببین TV - بدون تعارف / BebinTV,https://www.youtube.com/watch?v=-QIY_MAKPxs
شب جمعه - فصل دوم -  قسمت ۱ / لیپ سینک سام,https://www.youtube.com/watch?v=XbJGFgyxV50
شب جمعه - فصل دوم -  قسمت ۱ /رپش کن با ساسان و محمد خردادیان,https://www.youtube.com/watch?v=eAH3sPzl5fs
گپ تایم -گپ با یگانه / Gap Time,https://www.youtube.com/watch?v=7GjswpXbYTM
گپ تایم -پشت صحنه های رختکن / Gap Time,https://www.youtube.com/watch?v=f33AHv2XM9o
گپ تایم -پشت صحنه سری جدید شب جمعه  / Gap Time,https://www.youtube.com/watch?v=hCsjRJc0CkU
گپ تایم - چند سوالی با سام سرمدی / Gap Time,https://www.youtube.com/watch?v=BgetvJy3FTU
گپ تایم - چند سوالی با شایان / Gap Time,https://www.youtube.com/watch?v=4k1xaI-7eu0
گپ تایم - گپ با سارا و مارال / Gap Time,https://www.youtube.com/watch?v=qVtbLh0dXZo
همسفران ایران -  کلیسای مارادونا  / Fellow Travellers - Church Of Maradona,https://www.youtube.com/watch?v=IKcpQnsVFXk
مسافرمنوتوپلاس - کوپاکابانا  / ‎Manoto Plus,https://www.youtube.com/watch?v=Nc7eCKEH9ec
من وتو پلاس - جلوه‌های ایران در اسپانیا ۲/ ‎Manoto Plus,https://www.youtube.com/watch?v=qOmR3GxOBfY
من وتو پلاس - تمدنِ ۷۰۰۰ ساله / ‎Manoto Plus,https://www.youtube.com/watch?v=NXK-ywIhSR8
من وتو پلاس - رابطه مادر و دختر/ ‎Manoto Plus,https://www.youtube.com/watch?v=KTb51Adpfyw
من وتو پلاس - مصاحبه زنده ندا از شهر کازان / ‎Manoto Plus,https://www.youtube.com/watch?v=wNNmjvbx0pQ
من وتو پلاس - نمایشگاه هنرهای دستی / ‎Manoto Plus,https://www.youtube.com/watch?v=AIHp-Bm_jSE
من و تو - مثلث قربانی ۴ / Manoto Plus,https://www.youtube.com/watch?v=4wV2ePoeVlY
اکو - ایمان دیپر - برلین / Echo,https://www.youtube.com/watch?v=79ldfHdCGOY
اکو - پانیدا، رضا و حسین - حمله حمله  / Echo,https://www.youtube.com/watch?v=lUKEbqErhGs
من وتو پلاس - چالش های مختلف در لندن ‎/ Manoto Plus,https://www.youtube.com/watch?v=39dQjieU0JE
من وتو پلاس - رستوران شیراز در لندن / Manoto Plus,https://www.youtube.com/watch?v=hgA_b7nBtKs
من وتو پلاس - غمزه مهدی‌زاده ‎/ Manoto Plus,https://www.youtube.com/watch?v=dsczcpirDpA
من وتو پلاس - جلوه‌های فرهنگ ایران در اسپانیا/ Manoto Plus,https://www.youtube.com/watch?v=lZO0NjMxAFE
Befarmaeed Sham S11 G12 N4 | بفرمایید شام سری ۱۱ استرالیا، گروه۱۲ - شب ۴,https://www.youtube.com/watch?v=VDdYuxxCQJ8
ببین TV - سخرانی حسین انصاریان / Bebin TV,https://www.youtube.com/watch?v=64qLWu4qtsQ
Befarmaeed Sham S11 G12 N3 | بفرمایید شام سری ۱۱ استرالیا، گروه۱۲ - شب ۳,https://www.youtube.com/watch?v=wrHs_yHXQiU
ببین TV - عبور از گردنه FATF,https://www.youtube.com/watch?v=TFrrR2vKkqk
ببین TV - شباهت جمهوری اسلامی به قرص بارداری / BebinTV,https://www.youtube.com/watch?v=_PRh5rKKHG0
رپرتاژ  | پیکر مومیایی رضاشاه,https://www.youtube.com/watch?v=dovyEwmyWEY
Befarmaeed Sham S11 G12 N2 | بفرمایید شام سری ۱۱ استرالیا، گروه۱۲ - شب ۲,https://www.youtube.com/watch?v=G-umvaSKrHo
گپ تایم - گپ با امید و ندا / Gap Time,https://www.youtube.com/watch?v=8ADzi9KZdtk
گپ تایم - چند سوالی آیه / Gap Time,https://www.youtube.com/watch?v=My7mgsr8Sqo
Befarmaeed Sham S11 G12 N1 | بفرمایید شام سری ۱۱ استرالیا، گروه۱۲ - شب ۱,https://www.youtube.com/watch?v=UMjra3duMnE
موزیک ویدیوی حمله حمله / Music Video - Hamle Hamle,https://www.youtube.com/watch?v=vAXjWEKLoqI
Befarmaeed Sham S11 G11 N4 | بفرمایید شام سری ۱۱ استرالیا، گروه۱۱ - شب ۴,https://www.youtube.com/watch?v=ED-UID-jrck
Befarmaeed Sham S11 G11 N3 | بفرمایید شام سری ۱۱ استرالیا، گروه۱۱ - شب ۳,https://www.youtube.com/watch?v=BNoceHEQ0n4
من وتو پلاس - اختلال اضطراب فراگیر,https://www.youtube.com/watch?v=xJGtMdw7FUo
Befarmaeed Sham S11 G11 N2 | بفرمایید شام سری ۱۱ استرالیا، گروه۱۱ - شب ۲,https://www.youtube.com/watch?v=jdPPCNO4UWk
Befarmaeed Sham S11 G11 N1 | بفرمایید شام سری ۱۱ استرالیا، گروه۱۱ - شب ۱,https://www.youtube.com/watch?v=Wgk22FpRMu4
جام جهانی روسیه,https://www.youtube.com/watch?v=BCgF5Q03xxY
گپ تایم - چند سوالی ساسان / Gap Time,https://www.youtube.com/watch?v=ylUKTq57TOc
گپ تایم - چند سوالی سبا / Gap Time,https://www.youtube.com/watch?v=6tWCjr6Tfnw
Befarmaeed Sham S11 G10N4 | بفرمایید شام سری ۱۱ استرالیا، گروه۱۰ - شب ۴,https://www.youtube.com/watch?v=Hjqei7_tLRk
Befarmaeed Sham S11 G10N3 | بفرمایید شام سری ۱۱ استرالیا، گروه۱۰ - شب ۳,https://www.youtube.com/watch?v=XXufSYI_OME
گپ تایم - گپ با شکیلا / Gap Time,https://www.youtube.com/watch?v=HIaLNp93xqs
Befarmaeed Sham S11 G10N2 | بفرمایید شام سری ۱۱ استرالیا، گروه۱۰ - شب ۲,https://www.youtube.com/watch?v=PzFT-PDi0TY
Befarmaeed Sham S11 G10N1 | بفرمایید شام سری ۱۱ استرالیا، گروه۱۰ - شب ۱,https://www.youtube.com/watch?v=m0KDYmY7Pts
Befarmaeed Sham S11 G9 N4 | بفرمایید شام سری ۱۱ استرالیا، گروه۹ - شب ۴,https://www.youtube.com/watch?v=AXHtYvUeQAc
ببین TV - روشی برای رنگ و دکوراسیون دیوار داخلی خانه ها / Bebin TV,https://www.youtube.com/watch?v=d-3j3h8R4aE
ببین TV - پخش موزیک ویدیوی حامد زمانی / Bebin TV,https://www.youtube.com/watch?v=qCyikdDFh1c
ببین TV - سوزاندن پرچم آمریکا در مجلس / Bebin TV,https://www.youtube.com/watch?v=CO3WilEwdSE
ببین TV - ابراز علاقه یک زوج جوان و مراحل آشناییشون / Bebin TV,https://www.youtube.com/watch?v=4YIkxSuCQqY
ببین TV - عمامه گذاری احمد، نتیجه آیت الله خمینی / Bebin TV,https://www.youtube.com/watch?v=7zyKo977OKU
ببین TV - جشنی به مناسبت نیمه شعبان / Bebin TV,https://www.youtube.com/watch?v=AL4sjCX6fwE
من وتو پلاس - اختلال اضطراب فراگیر,https://www.youtube.com/watch?v=cbrYImCNHBM
Befarmaeed Sham S11 G9 N3 | بفرمایید شام سری ۱۱ استرالیا، گروه۹ - شب ۳,https://www.youtube.com/watch?v=Bv1efIn46t8
Befarmaeed Sham S11 G9 N2 | بفرمایید شام سری ۱۱ استرالیا، گروه۹ - شب ۲,https://www.youtube.com/watch?v=RB62TBqKptI
گپ تایم - گپ با تیم اکو / Gap Time,https://www.youtube.com/watch?v=5RZL7viv1Pk
Befarmaeed Sham S11 G9 N1 | بفرمایید شام سری ۱۱ استرالیا، گروه۹ - شب ۱,https://www.youtube.com/watch?v=oZtDbHUo420
گپ تایم - چند سوالی فرشاد / Gap Time,https://www.youtube.com/watch?v=fN0YbBb_fmM
گپ تایم - نوشین و امید / Gap Time,https://www.youtube.com/watch?v=maCEIt_GuZY
من و توپلاس - عمر خیام / Manoto Plus,https://www.youtube.com/watch?v=cJzbetlwc90
Befarmaeed Sham S11 G8 N4 | بفرمایید شام سری ۱۱ استرالیا، گروه۸ - شب ۴,https://www.youtube.com/watch?v=wlnQ57-Q6sQ
Befarmaeed Sham S11 G8 N3 | بفرمایید شام سری ۱۱ استرالیا، گروه۸ - شب ۳,https://www.youtube.com/watch?v=DfCNmRbb1yA
Befarmaeed Sham S11 G8 N2 | بفرمایید شام سری ۱۱ استرالیا، گروه۸ - شب ۲,https://www.youtube.com/watch?v=0ayzD_uV0nI
Befarmaeed Sham S11 G8 N1 | بفرمایید شام سری ۱۱ استرالیا، گروه۸ - شب ۱,https://www.youtube.com/watch?v=b288jo29RO8
Befarmaeed Sham S11 G7 N4 | بفرمایید شام سری ۱۱ استرالیا، گروه۷ - شب ۴,https://www.youtube.com/watch?v=XywEaE30l3k
گپ تایم - چند سوالی شیرین / Gap Time,https://www.youtube.com/watch?v=P3wSCfJ1I0Y
گپ تایم - رختکن و جام جهانی / Gap Time,https://www.youtube.com/watch?v=f43219X5VZU
Befarmaeed Sham S11 G7 N3 | بفرمایید شام سری ۱۱ استرالیا، گروه۷ - شب ۳,https://www.youtube.com/watch?v=8eZ_miUGVdc
Befarmaeed Sham S11 G7 N2 | بفرمایید شام سری ۱۱ استرالیا، گروه۷ - شب ۲,https://www.youtube.com/watch?v=7GHjwGnTDZM
Befarmaeed Sham S11 G7 N1 | بفرمایید شام سری ۱۱ استرالیا، گروه۷ - شب ۱,https://www.youtube.com/watch?v=8KwEPrwP-oQ
گپ تایم - امیرعلی و سوالات شما / Gap Time,https://www.youtube.com/watch?v=7rKUlm0UZgU
Befarmaeed Sham S11 G6 N4 | بفرمایید شام سری ۱۱ استرالیا، گروه۶ - شب ۴,https://www.youtube.com/watch?v=vXq1gCb3UAk
رپرتاژ - قسمت ۷ پروژه‌های انتقال آب / Reportage S4 Ep07,https://www.youtube.com/watch?v=iscacFSzLFs
Befarmaeed Sham S11 G6 N3 | بفرمایید شام سری ۱۱ استرالیا، گروه۶ - شب ۳,https://www.youtube.com/watch?v=mOgX-MbuMKc
گپ تایم - مستند نفت، بلا یا برکت / GapTime,https://www.youtube.com/watch?v=PHGrMfrJDzs
Befarmaeed Sham S11 G6 N2 | بفرمایید شام سری ۱۱ استرالیا، گروه۶ - شب ۲,https://www.youtube.com/watch?v=CiUk1pLGISE
Befarmaeed Sham S11 G6 N1 | بفرمایید شام سری ۱۱ استرالیا، گروه۶ - شب ۱,https://www.youtube.com/watch?v=KUd4E9CBmk4
گپ تایم - چندسوالی کسری / GapTime,https://www.youtube.com/watch?v=iP6W_t1q04Y
گپ تایم - اتاق خبر نیمه شب پنجشنبه/ GapTime,https://www.youtube.com/watch?v=mAUvDqThnX8
من و تو ۱+ / Manoto +1,https://www.youtube.com/watch?v=CStsJIvD9zU
Befarmaeed Sham S11 G5 N4 | بفرمایید شام سری ۱۱ استرالیا، گروه۵ - شب ۴,https://www.youtube.com/watch?v=14ETUDXdgB0
Befarmaeed Sham S11 G5 N3 | بفرمایید شام سری ۱۱ استرالیا، گروه۵ - شب ۳,https://www.youtube.com/watch?v=3Z1peGbFgqc
Befarmaeed Sham S11 G5 N2 | بفرمایید شام سری ۱۱ استرالیا، گروه۵ - شب ۲,https://www.youtube.com/watch?v=HC0SW3HjK7Y
Befarmaeed Sham S11 G5 N1 | بفرمایید شام سری ۱۱ استرالیا، گروه۵ - شب ۱,https://www.youtube.com/watch?v=YwLvZlnUEo8
Befarmaeed Sham S11 G4 N4 | بفرمایید شام سری ۱۱ استرالیا، گروه۴ - شب ۴,https://www.youtube.com/watch?v=Ky36QY-n23w
Befarmaeed Sham S11 G4 N3 | بفرمایید شام سری ۱۱ استرالیا، گروه۴ - شب ۳,https://www.youtube.com/watch?v=8lP5-iZzwWQ
Befarmaeed Sham S11 G4 N2 | بفرمایید شام سری ۱۱ استرالیا، گروه۴ - شب ۲,https://www.youtube.com/watch?v=e1PUsDKyaSI
Befarmaeed Sham S11 G4 N1 | بفرمایید شام سری ۱۱ استرالیا، گروه۴ - شب ۱,https://www.youtube.com/watch?v=Mh6k_dXF1Mw
Befarmaeed Sham S11 G3 N4 | بفرمایید شام سری ۱۱ استرالیا، گروه۳ - شب ۴,https://www.youtube.com/watch?v=HtJgwVlYQlI
Befarmaeed Sham S11 G3 N3 | بفرمایید شام سری ۱۱ استرالیا، گروه۳ - شب ۳,https://www.youtube.com/watch?v=54JW-NNU1S4
Befarmaeed Sham S11 G3 N2 | بفرمایید شام سری ۱۱ استرالیا، گروه۳ - شب ۲,https://www.youtube.com/watch?v=1wwwtHB4Ods
Befarmaeed Sham S11 G3 N1 | بفرمایید شام سری ۱۱ استرالیا، گروه۳ - شب ۱,https://www.youtube.com/watch?v=uuKHK0AlWrY
Befarmaeed Sham S11 G2 N4 | بفرمایید شام سری ۱۱ استرالیا، گروه۲ - شب ۴,https://www.youtube.com/watch?v=8H0OVE8ochs
اکو - جی دال، شقایق / Echo,https://www.youtube.com/watch?v=0HmmX55d_ug
اکو - رعنا منصور، دویدم دویدم / Echo,https://www.youtube.com/watch?v=W4LYQQhPx54
اکو - رعنا منصور، مرداب تنهایی / Echo,https://www.youtube.com/watch?v=vHWFx_XWiEI
اکو - سحر، ای جان / Echo,https://www.youtube.com/watch?v=ufv836gM2Ug
Befarmaeed Sham S11 G2 N3 | بفرمایید شام سری ۱۱ استرالیا، گروه۲ - شب ۳,https://www.youtube.com/watch?v=ay0ZaeOLqQ8
Befarmaeed Sham S11 G2 N2 | بفرمایید شام سری ۱۱ استرالیا، گروه۲ - شب ۲,https://www.youtube.com/watch?v=zUqzjVEIyP8
Befarmaeed Sham S11 G2 N1 | بفرمایید شام سری ۱۱ استرالیا، گروه۲ - شب ۱,https://www.youtube.com/watch?v=pWmpYE6wHj4
شب جمعه - قسمت ۸ / رپش کن,https://www.youtube.com/watch?v=V6MJBBuCCcE
شب جمعه - قسمت ۸ / دندون ببندون,https://www.youtube.com/watch?v=W7Xfjn4j2TM
شب جمعه - قسمت ۸ / شزم رو بزن,https://www.youtube.com/watch?v=S4Zkon4zm_4
شب جمعه - قسمت ۷ دندون ببندون,https://www.youtube.com/watch?v=EJvPqmP6LD8
فرکانسهای ماهواره‌ای برای تماشای من و تو,https://www.youtube.com/watch?v=lqqHSrbOo1Q
Befarmaeed Sham S11 G1 N4 | بفرمایید شام سری ۱۱ استرالیا، گروه۱ - شب ۴,https://www.youtube.com/watch?v=5brs50C69kg
Befarmaeed Sham S11 G1 N3 | بفرمایید شام سری ۱۱ استرالیا، گروه۱ - شب ۳,https://www.youtube.com/watch?v=wrL1v4Q6xYw
Befarmaeed Sham S11 G1 N2 | بفرمایید شام سری ۱۱ استرالیا، گروه۱ - شب ۲,https://www.youtube.com/watch?v=nULAmLqdgpo
گپ تایم - پشت صحنه قسمت ۳ شب جمعه / GapTime,https://www.youtube.com/watch?v=ATeGF4QswpQ
گپ تایم - مصاحبه با تهیه کننده برنامه نوروز ۹۷ / GapTime,https://www.youtube.com/watch?v=tbMoZpeFfC8
گپ تایم - رای من کو / GapTime,https://www.youtube.com/watch?v=bmg1dAQu6DQ
گپ تایم - دوربین مخفی، ساعت ورودی / GapTime,https://www.youtube.com/watch?v=hKfmv6ynaBU
Befarmaeed Sham S11 G1 N1 | بفرمایید شام سری ۱۱ استرالیا، گروه۱ - شب ۱,https://www.youtube.com/watch?v=AP4bkrI5LLY
شب جمعه - اجرای پانیدا، پا به پات,https://www.youtube.com/watch?v=vmuHur7U0YI
شب جمعه - قسمت ۷ / برعکس و سرته,https://www.youtube.com/watch?v=FyJVmXF6Sg4
گپ تایم - گپ با سامی بیگی و سوگند / GapTime,https://www.youtube.com/watch?v=l-N8YRY-HOY
گپ تایم - پشت صحنه عید یعنی / GapTime,https://www.youtube.com/watch?v=tfmJhgrtO3I
گپ تایم - دوربین مخفی، کیسه زباله / GapTime,https://www.youtube.com/watch?v=uwIgbNeBK7g
گپ تایم - پشت صحنه قسمت ۶ و ۷ شب جمعه / GapTime,https://www.youtube.com/watch?v=2rOIAw-Cty0
گپ تایم - پشت صحنه قسمت ۵ شب جمعه / GapTime,https://www.youtube.com/watch?v=p74f-DPDWLU
گپ تایم - پشت صحنه قسمت ۴ شب جمعه / GapTime,https://www.youtube.com/watch?v=I1ooJj--dAU
گپ تایم - گپ با تیم رختکن / Rakhtkan,https://www.youtube.com/watch?v=9FvQHTfMFK4
گپ تایم - چندسوالی پانته‌آ / GapTime,https://www.youtube.com/watch?v=SYjXbemnYqs
گپ تایم - چندسوالی پوریا / GapTime,https://www.youtube.com/watch?v=NkaEvEMyE-g
گپ تایم - چندسوالی مارال / GapTime,https://www.youtube.com/watch?v=mHO1WJnFnCc
گپ تایم - قسمت ۲۰۰۰ من و تو پلاس / GapTime,https://www.youtube.com/watch?v=E6C_lz5ZSio
"Shabake Nim, Norouz Special, 1397 | شبکه نیم - ویژه نوروز ۹۷",https://www.youtube.com/watch?v=NFmvoO60GYg
نوروز ۹۷ - رقص فرشاد,https://www.youtube.com/watch?v=j_pq4qw96NM
نوروز ۹۷ - رقص کاوه میرطهماسبی,https://www.youtube.com/watch?v=KgobVLlBZWo
نوروز ۹۷ - رقص فرانک,https://www.youtube.com/watch?v=22BDJ2d67VA
نوروز ۹۷ - رقص ساغر کثیری,https://www.youtube.com/watch?v=5qJz0Zif8Yw
نوروز ۹۷ - رقص امیرعلی,https://www.youtube.com/watch?v=rqOaoBD6ZRQ
شعر یادت نره -ویژه نوروز ۱۳۹۷/ Sher Yadet Nare 1397,https://www.youtube.com/watch?v=VCe1a46RULo
شب جمعه - قسمت ۶ / هزار چهره,https://www.youtube.com/watch?v=n7dqx0VD_dg
شب جمعه - قسمت ۶ / لیپ‌سینک بتل تهران,https://www.youtube.com/watch?v=P6S0qPgujCk
شب جمعه - قسمت ۶ / لیپ‌سینک بتل میکاییل,https://www.youtube.com/watch?v=o2qsWH24uLQ
"Shabake Nim, S6, EP10 | شبکه نیم - سری ۶ قسمت ۱۰ بهترینها۱",https://www.youtube.com/watch?v=EFghqS1iidM
اقتصاد با شیدا هوشمندی - بازارهای دارایی در سال ۱۳۹۷,https://www.youtube.com/watch?v=O5s1OBZvZJ4
"Shabake Nim, S6, EP09 | شبکه نیم - سری ۶ قسمت ۹ بهترینها۱",https://www.youtube.com/watch?v=5Dez5vZC7GI
شعر یادت نره - قسمت۱۵/ Sher Yadet Nare Ep15,https://www.youtube.com/watch?v=xnApMuPzg1I
اکو - پانیدا، دختر کوچولو / Echo,https://www.youtube.com/watch?v=1aIAqEDIVZs
اکو - عرفان، منو نترسون / Echo,https://www.youtube.com/watch?v=AMxcRXyyY1Y
شبکه نیم - بزاریم بریم نباشیم؟,https://www.youtube.com/watch?v=Oa2pnwcFKx4
شبکه نیم - هندی,https://www.youtube.com/watch?v=6QCNeFQtZBw
شعر یادت نره - قسمت۱۴/ Sher Yadet Nare Ep14,https://www.youtube.com/watch?v=nM1SJDjxMyQ
"Shabake Nim, S6, EP08 | شبکه نیم - سری ۶ قسمت ۸",https://www.youtube.com/watch?v=rszs5Jo1j_Q
شب جمعه - قسمت ۴ / زبل و چغر,https://www.youtube.com/watch?v=xtDeLqFhseg
شب جمعه - قسمت ۴ / اجرای لیلا کاردان,https://www.youtube.com/watch?v=xAdwMFflwE4
شب جمعه - قسمت ۴ / لیپ‌سینک بتل لیلا کاردان,https://www.youtube.com/watch?v=Yl2wLOE27_A
شب جمعه - قسمت ۴ / پانتو دیسکو ۴,https://www.youtube.com/watch?v=Xkhn8GGMpa8
شب جمعه - قسمت ۴ / پانتو دیسکو ۳,https://www.youtube.com/watch?v=kwCEF5EnY2g
شب جمعه - قسمت ۴ / پانتو دیسکو ۲,https://www.youtube.com/watch?v=czruJUfBnHg
شب جمعه - قسمت ۴ / پانتو دیسکو ۱,https://www.youtube.com/watch?v=k9CbiSAevsg
اقتصاد با شیدا هوشمندی -  ابعاد اقتصادی سوانح هوایی,https://www.youtube.com/watch?v=SPsp1BuEvhE
شعر یادت نره - قسمت۱۳/ Sher Yadet Nare Ep13,https://www.youtube.com/watch?v=HcV_yocDLfc
شبکه نیم - بنازم به حجابت,https://www.youtube.com/watch?v=j60RczHa35Q
شبکه نیم - جوانها,https://www.youtube.com/watch?v=3qzIPV5O6xk
"Shabake Nim, S6, EP07 | شبکه نیم - سری ۶ قسمت ۷",https://www.youtube.com/watch?v=qHGoB8VLIGA
گپ تایم - چندسوالی شبنم / GapTime,https://www.youtube.com/watch?v=BGb-gph2U48
شب جمعه - قسمت ۳ / زبل و چغر,https://www.youtube.com/watch?v=peU7gRSePZo
شب جمعه - قسمت ۳ / لیپ‌سینک بتل افشون,https://www.youtube.com/watch?v=-u0Xks-6bY0
شب جمعه - قسمت ۳ / جینکس,https://www.youtube.com/watch?v=jXHMJLFikmk
گپ تایم - چند سوالی مهشید / GapTime,https://www.youtube.com/watch?v=iJub6AUBBTE
گپ تایم - گپ با سوگند / GapTime,https://www.youtube.com/watch?v=IeG8pWE4wtk
اقتصاد با شیدا هوشمندی - طرح رجیستری موبایل,https://www.youtube.com/watch?v=hNcHUY5WmPY
شبکه نیم - محمد باقر,https://www.youtube.com/watch?v=F6eYR01MaT0
شبکه نیم - رفراندوم,https://www.youtube.com/watch?v=_8966ddQUPs
"Shabake Nim, S6, EP06 | شبکه نیم - سری ۶ قسمت ۶",https://www.youtube.com/watch?v=ZAQIx7yDdmw
شعر یادت نره - قسمت۱۲/ Sher Yadet Nare Ep12,https://www.youtube.com/watch?v=H1lBRdjlYyc
شب جمعه - قسمت ۲ / لیپ‌سینک بتل سام و تیام,https://www.youtube.com/watch?v=DfDUNPgMFzU
اکو - کامیار، جون خودت / ECHO,https://www.youtube.com/watch?v=k2QiMjWplfk
اکو - سوگند، دلم / ECHO,https://www.youtube.com/watch?v=Fmuwd7JNhng
شبکه نیم - بهمن اومد دوباره,https://www.youtube.com/watch?v=rqfe5JlOQeo
شبکه نیم - بهاران خجسته باد,https://www.youtube.com/watch?v=xUWua0abXKw
"Shabake Nim, S6, EP05 | شبکه نیم - سری ۶ قسمت ۵",https://www.youtube.com/watch?v=4uJCcrF1abI
شعر یادت نره - قسمت۱۱/ Sher Yadet Nare Ep11,https://www.youtube.com/watch?v=fBNknE5o6I0
شب جمعه - قسمت ۱ / برعکس و سرته,https://www.youtube.com/watch?v=OPq4i0G7Dvk
شب جمعه - قسمت ۱ / شزم رو بزن,https://www.youtube.com/watch?v=RVhOqcUliqE
"اکو - اجرای مدلی ""دوباره و اصن یه وضی"" با صدای کامیار / ECHO",https://www.youtube.com/watch?v=FpK54JLkXd4
شب جمعه - قسمت ۱ / لیپ‌سینک بتل سام,https://www.youtube.com/watch?v=MxhINOkSZLc
شبکه نیم - مجرم,https://www.youtube.com/watch?v=atj0HW0__Cw
شبکه نیم - برف,https://www.youtube.com/watch?v=qRoQ1R5BtOQ
اقتصاد با شیدا هوشمندی - نظر سرمایه‌گذاران خارجی درباره اقتصاد ایران,https://www.youtube.com/watch?v=gX1tNIRTpbM
اقتصاد با شیدا هوشمندی - پیام تازه‌ی بازار مسکن,https://www.youtube.com/watch?v=4MmJyFYM_Y8
"Shabake Nim, S6, EP04 | شبکه نیم - سری ۶ قسمت ۴",https://www.youtube.com/watch?v=ivvbdbrAkYo
سای‌تک - تلویزیون / Manoto Plus,https://www.youtube.com/watch?v=QXNqvYe9hDs
شعر یادت نره - قسمت۱۰/ Sher Yadet Nare Ep10,https://www.youtube.com/watch?v=6kuL7yMQBpI
شبکه نیم - اهواز آلودست,https://www.youtube.com/watch?v=H3ynSK7snt4
شبکه نیم - ارز شدش بس گران,https://www.youtube.com/watch?v=9okHkRTjxiU
"Shabake Nim, S6, EP03 | شبکه نیم - سری ۶ قسمت ۳",https://www.youtube.com/watch?v=6duF2ezyP5A
شبکه نیم - آخرش رییس میشم,https://www.youtube.com/watch?v=BxXhr5M0Xg4
شبکه نیم - لا لا لا,https://www.youtube.com/watch?v=9CcKYD_Pqw0
"Shabake Nim, S6, EP02 | شبکه نیم - سری ۶ قسمت ۲",https://www.youtube.com/watch?v=fglabQUYpto
شعر یادت نره - قسمت ۹ / Sher Yadet Nare Ep09,https://www.youtube.com/watch?v=_4SpMtjrdIY
اکو - بنام ایران / ECHO,https://www.youtube.com/watch?v=RWYdyzxl7_c
گپ تایم - شب جمعه / GapTime,https://www.youtube.com/watch?v=xGdhh9ClMYM
گپ تایم - آماده کردن برنامه‌ها / GapTime,https://www.youtube.com/watch?v=3XRNF5vKkIw
گپ تایم - چند سوالی کسری / GapTime,https://www.youtube.com/watch?v=oJta-N_2kRo
گپ تایم - گپی با تارا / GapTime,https://www.youtube.com/watch?v=KkL8VR_PVrw
شعر یادت نره - قسمت ۸ / Sher Yadet Nare Ep08,https://www.youtube.com/watch?v=GnFIke3NtPA
شبکه نیم - آقای حکایتی,https://www.youtube.com/watch?v=B4h0vTfzpho
شبکه نیم - آخرش هم,https://www.youtube.com/watch?v=B6PsIgXh7-4
"Shabake Nim, S6, EP01 | شبکه نیم - سری ۶ قسمت ۱",https://www.youtube.com/watch?v=HRVEJcuIFdg
شعر یادت نره - قسمت ۷ / Sher Yadet Nare Ep07,https://www.youtube.com/watch?v=fwHYEY6sRU4
گپ تایم - فعالیت اتاق خبر در تظاهرات سراسری,https://www.youtube.com/watch?v=VMcw4HuHhF4
گپ تایم - گپ با تیم ECHO,https://www.youtube.com/watch?v=93u_lraGBtA
ویژه برنامه رپرتاژ، مصاحبه با مدیر عامل سازمان Global NCAP,https://www.youtube.com/watch?v=qlyqIjkpGWU
ویژه برنامه رپرتاژ، سمند و انجام تست ESC,https://www.youtube.com/watch?v=u0M448Cat0E
ویژه برنامه رپرتاژ، صندلی های سمند و انجام تست Whiplash,https://www.youtube.com/watch?v=PH6JxABUNVw
ویژه برنامه رپرتاژ، ایمنی خودروهای داخلی,https://www.youtube.com/watch?v=vzhs1DljjXs
ویژه برنامه رپرتاژ، کیفیت خودروهای داخلی,https://www.youtube.com/watch?v=7_xiw8XLpxs
ویژه برنامه رپرتاژ، انجام معاینه فنی روی سمند صفر کیلومتر,https://www.youtube.com/watch?v=H9KmEDE7YsA
ویژه برنامه رپرتاژ ، ارزیابی سمند توسط مجله Car Magazine,https://www.youtube.com/watch?v=IPqmh4jYhEk
ویژه برنامه رپرتاژ، قیمت گذاری سمند توسط فروشنده انگلیسی,https://www.youtube.com/watch?v=jgIXIH5Zoe8
ویژه برنامه رپرتاژ، تاریخچه خودرو در ایران,https://www.youtube.com/watch?v=ekp-6WLnpMg
میلاد - نوش / Manoto Plus,https://www.youtube.com/watch?v=6fCB2WOhdgM
شعر یادت نره - قسمت ۶ / Sher Yadet Nare Ep06,https://www.youtube.com/watch?v=jOTjqXi0844
گپ تایم - چند سوالی امید / GapTime,https://www.youtube.com/watch?v=nFIlK3Ik_8g
گپ تایم - پشت صحنه شب یلدا / GapTime,https://www.youtube.com/watch?v=qBvSGRKKrVM
من و تو پلای - تصمیم گیری مشترک / Manoto Plus,https://www.youtube.com/watch?v=JCWtO4h2FOU
شعر یادت نره - قسمت ۵ / Sher Yadet Nare Ep05,https://www.youtube.com/watch?v=_wWAj6U__EI
شعر یادت نره - ویژه یلدا / Sher Yadet Nare Yalda,https://www.youtube.com/watch?v=o7j0ltKdDuE
گپ تایم - چند سوالی ندا / GapTime,https://www.youtube.com/watch?v=E99ZOXwgv94
گپ تایم - گپ با تیام / GapTime,https://www.youtube.com/watch?v=V2JP-8e8qe8
گپ تایم - چند سوالی سحر / GapTime,https://www.youtube.com/watch?v=0T2DfwSv6RY
گپ تایم - ویژه برنامه رپرتاژ / GapTime,https://www.youtube.com/watch?v=wHml-8xMjIE
شعر یادت نره - قسمت ۴ / Sher Yadet Nare Ep04,https://www.youtube.com/watch?v=yPCFroqRFQ8
رپرتاژ - تست فنی سمند - تیزر,https://www.youtube.com/watch?v=fT1CE7_7eYI
ببین TV - مشاعره رضوی / Bebin TV,https://www.youtube.com/watch?v=FbQTAc6mXF4
شعر یادت نره - قسمت ۳ / Sher Yadet Nare Ep03,https://www.youtube.com/watch?v=SgZzeh0AA70
ببین TV - جلسه هماهنگی فرماندهان بسیج / Bebin TV,https://www.youtube.com/watch?v=jiUgLvBINFU
ببین TV - شیر رب / Bebin TV,https://www.youtube.com/watch?v=jFy2BkUp5gg
ببین TV - نازنین زاغری و بوریس جانسون / Bebin TV,https://www.youtube.com/watch?v=yl2Qn_jFw_c
ببین TV - موزیک ویدیو نبرد با ناوهای آمریکا / Bebin TV,https://www.youtube.com/watch?v=WHFcq4w-q2w
ببین TV - زنان کارآفرین / Bebin TV,https://www.youtube.com/watch?v=LCqyWRyR3dE
اقتصاد با شیدا هوشمندی - صد و هفتاد و سومین نشست اوپک,https://www.youtube.com/watch?v=BXc5YKzr9yY
ببین TV - غذا و خوراک اسلامی / Bebin TV,https://www.youtube.com/watch?v=IVJmM_bur0k
ببین TV - باند کلاهبرداری / Bebin TV,https://www.youtube.com/watch?v=XOKvCH3Qlr8
شعر یادت نره - قسمت ۲ / Sher Yadet Nare Ep02,https://www.youtube.com/watch?v=yRlVTYJjTSI
ببین TV - زلزله غرب کشور / Bebin TV,https://www.youtube.com/watch?v=MaSYpLVtgcQ
زندگی ساده با سارا - هک‌های موبایلی,https://www.youtube.com/watch?v=Or0ikiYdTN4
گپ تایم - مراحل تولید ببین تی وی / Gap Time,https://www.youtube.com/watch?v=LxOMQ27wT20
ببین TV - رنگ کردن پرتقال / Bebin TV,https://www.youtube.com/watch?v=vM9BCF5_Q9o
ببین TV - روز دانش آموز / Bebin TV,https://www.youtube.com/watch?v=4AaHzqKEpEw
گزارش اختصاصی رپرتاژ - عوامل تخریب بناهای تاریخی,https://www.youtube.com/watch?v=JcpC0zHtlZw
ببین TV - خرافات جشن هالووین / Bebin TV,https://www.youtube.com/watch?v=vw6NhBVQBn0
ببین TV - کار در برج میلاد/ Manoto TV,https://www.youtube.com/watch?v=RjGzMh5iy6M
ببین TV - علوم انسانی اسلامی / Manoto TV,https://www.youtube.com/watch?v=lykLpMUUw1A
ببین TV - روستای لهک / Manoto TV,https://www.youtube.com/watch?v=-DAyW6prjmo
شعر یادت نره - قسمت ۱ / Sher Yadet Nare Ep01,https://www.youtube.com/watch?v=xkPrCbndx-o
گزارش اختصاصی رپرتاژ - تخریب بناهای تاریخی,https://www.youtube.com/watch?v=SEEscbelVj4
گپ تایم - تیم رختکن / Gap Time,https://www.youtube.com/watch?v=La74y5yb5D8
ببین TV - حسام نواب صفوی / Manoto TV,https://www.youtube.com/watch?v=MDSGWAXz3Bw
گپ تایم - پشت صحنه اکو / Gap Time,https://www.youtube.com/watch?v=EtJ6JK-PYRo
ببین TV - آموزش غسل / Bebin TV,https://www.youtube.com/watch?v=RITb52IOTvU
زندگی ساده با سارا - لوازم آرایش,https://www.youtube.com/watch?v=3XY09MgJAYM
گپ تایم - مصاحبه با پرویز صیاد / Gap Time,https://www.youtube.com/watch?v=JW5W1npgOxI
گپ تایم - پشت صحنه اتاق خبر / Gap Time,https://www.youtube.com/watch?v=OZi210sWqn4
ببین TV - داستان طلاق / Bebin TV,https://www.youtube.com/watch?v=E2VXbrFxcfY
گپ تایم - هالووین / Gap Time,https://www.youtube.com/watch?v=4u1KXesAWTE
ببین TV - مصاحبه با وزیر نفت / Bebin TV,https://www.youtube.com/watch?v=Uz_-FhjkYsE
ببین TV - رییس پلیس پشت تلفن / Bebin TV,https://www.youtube.com/watch?v=5Exzbib8eIA
ببین TV - سخرانی دونالد ترامپ / Bebin TV,https://www.youtube.com/watch?v=UtYMlQ4HQR4
ببین TV - غذاهای آلوده / Bebin TV,https://www.youtube.com/watch?v=RIkr_adZjBg
ببین TV - دستگاه قضایی / Bebin TV,https://www.youtube.com/watch?v=1DdJBQvifj0
ببین TV - وضعیت اعتیاد / Bebin TV,https://www.youtube.com/watch?v=H293W2eiz50
گزارش اختصاصی رپرتاژ - دریاچه ارومیه,https://www.youtube.com/watch?v=Wndvo5KGmQk
اکو - با تو بهتره / Echo,https://www.youtube.com/watch?v=B6u-xfnLyeo
اکو - سه‌ گدار / Echo,https://www.youtube.com/watch?v=XY2v41jVN0E
گل‌آذین - بی گناه / GolAzin - Bi Gonah,https://www.youtube.com/watch?v=_tJXrlMYRks
استخدام در من و تو / Manoto Recruitment,https://www.youtube.com/watch?v=5tNwwBGupK8
شاهد تاریخ - امیراصلان افشار / Witness Of History - Amir-Aslan Afshar,https://www.youtube.com/watch?v=WC8qmjGOR4o
اکو - مجید کاظمی - شب گوشه / Echo - Majid Kazeni - ShabGoosheh,https://www.youtube.com/watch?v=EN-i1_LI-oA
زندگی ساده با سارا - کفش و لباس  / Manoto Plus,https://www.youtube.com/watch?v=925aUmVer8M
Echo - Mr Shirazy and The Exile Orchestra / Summertime in Baghdad,https://www.youtube.com/watch?v=cAYEmXdSOx0
Echo - Mr Shirazy and The Exile Orchestra / Transience of Life,https://www.youtube.com/watch?v=PeDHzBHsxEk
اقتصاد با شیدا هوشمندی - چهارمین همایش ایران و اروپا / 4th Europe-Iran Forum,https://www.youtube.com/watch?v=0uUwWOQjT_U
"Shabake Nim, S5, EP15 | شبکه نیم - سری ۵ قسمت ۱۵",https://www.youtube.com/watch?v=1TvlEKI7G6s
"Shabake Nim, S5, EP14 | شبکه نیم - سری ۵ قسمت ۱۴",https://www.youtube.com/watch?v=nwoQFhzk2LY
شبکه نیم - ما رفتیم,https://www.youtube.com/watch?v=oibfHCzlOzo
شبکه نیم - حالم بده,https://www.youtube.com/watch?v=PUxAuqBT6Bk
"Shabake Nim, S5, EP13 | شبکه نیم - سری ۵ قسمت ۱۳",https://www.youtube.com/watch?v=6a0K1sVrOr0
شبکه نیم - چای چای,https://www.youtube.com/watch?v=m5N6MnKv15w
شبکه نیم - یه خورده,https://www.youtube.com/watch?v=5xiLpXx6xmU
"Shabake Nim, S5, EP12 | شبکه نیم - سری ۵ قسمت ۱۲",https://www.youtube.com/watch?v=umBRq2V8vLQ
شبکه نیم - آزادی اجتماعی,https://www.youtube.com/watch?v=VjueXrI2CJE
شبکه نیم - قدرت سپاه,https://www.youtube.com/watch?v=wnnsj9jvqUE
اقتصاد با شیدا هوشمندی - برترین برندها کدامند؟,https://www.youtube.com/watch?v=cDgNqURz9JQ
"Shabake Nim, S5, EP11 | شبکه نیم - سری ۵ قسمت ۱۱",https://www.youtube.com/watch?v=VpBxB04XZyE
شبکه نیم - We Will Survive,https://www.youtube.com/watch?v=R3-3oG7sNy8
"Shabake Nim, S5, EP10 | شبکه نیم - سری ۵ قسمت ۱۰",https://www.youtube.com/watch?v=ki1Wv5JT_7w
اقتصاد با شیدا هوشمندی - همایش بین‌المللی مقابله با گرد و غبار در تهران,https://www.youtube.com/watch?v=Dc7CGWOCXGk
Manoto Plus / تاثیر اختلاف سنی در رابطه,https://www.youtube.com/watch?v=P7SsgM0MoSM
"Shabake Nim, S5, EP09 | شبکه نیم - سری ۵ قسمت ۹",https://www.youtube.com/watch?v=jTBFkl67jV4
شبکه نیم - قول‌های مفتی,https://www.youtube.com/watch?v=WtSFctvy1zs
شبکه نیم موزیک ویدیو / Shabake nim music video,https://www.youtube.com/watch?v=-IEK7QFVwAo
شبکه نیم - قطر,https://www.youtube.com/watch?v=le5j7XBNMxw
"Shabake Nim, S5, EP08 | شبکه نیم - سری ۵ قسمت ۸",https://www.youtube.com/watch?v=h3dsHVKjwDM
شبکه نیم - دولت جوان,https://www.youtube.com/watch?v=OrmhONXmSQo
شبکه نیم - بازرسی حجاب,https://www.youtube.com/watch?v=t4OfCWGQSbg
"Shabake Nim, S5, EP07 | شبکه نیم - سری ۵ قسمت ۷",https://www.youtube.com/watch?v=M6LZfT9HoFI
شبکه نیم - میوه گرانه,https://www.youtube.com/watch?v=7Y_bo80RR1c
شبکه نیم - پشتیبان حزب‌الله,https://www.youtube.com/watch?v=-swtOvz0wlM
"Shabake Nim, S5, EP06 | شبکه نیم - سری ۵ قسمت ۶",https://www.youtube.com/watch?v=UzhABhjPgFQ
شبکه نیم - وعده‌های قشنگ,https://www.youtube.com/watch?v=1FYyoUpX8N8
شبکه نیم - بیا بازم,https://www.youtube.com/watch?v=J09SmHgMp0E
"Shabake Nim, S5, EP05 | شبکه نیم - سری ۵ قسمت ۵",https://www.youtube.com/watch?v=a3InZJM_Edg
اقتصاد با شیدا هوشمندی - داستان استارت‌آپ‌های ایران,https://www.youtube.com/watch?v=NJuEApUfoxE
Shabake Nim | شبکه نیم - این رای‌ که میگم رای نیست,https://www.youtube.com/watch?v=Kbp4e60YGbw
"Shabake Nim, S5, EP04 | شبکه نیم - سری ۵ قسمت ۴",https://www.youtube.com/watch?v=99FesNaPffs
مسافر خیابان پاستور - قسمت ۱۱ روحانی,https://www.youtube.com/watch?v=_5hWCigtgnA
مسافر خیابان پاستور - قسمت ۱۰ احمدی‌ نژاد,https://www.youtube.com/watch?v=5aLtcpKkcJA
مسافر خیابان پاستور - قسمت ۹ احمدی‌ نژاد,https://www.youtube.com/watch?v=E1hcajoID6A
مسافر خیابان پاستور - قسمت ۸ خاتمی,https://www.youtube.com/watch?v=93rTp6QzVDk
مسافر خیابان پاستور - قسمت ۷ خاتمی,https://www.youtube.com/watch?v=F6E9FHFT3MU
مسافر خیابان پاستور - قسمت ۶ رفسنجانی,https://www.youtube.com/watch?v=oimn4uzNLKo
مسافر خیابان پاستور - قسمت ۵ رفسنجانی,https://www.youtube.com/watch?v=PsM8juCU_Ow
اقتصاد با شیدا هوشمندی - بیکاری و شعارهای انتخاباتی,https://www.youtube.com/watch?v=SvZep8pVb_E
مسافر خیابان پاستور - قسمت ۴ خامنه‌ای,https://www.youtube.com/watch?v=UWL66_UidXY
مسافر خیابان پاستور - قسمت ۳ خامنه‌ای,https://www.youtube.com/watch?v=4gMnalFy-GY
شبکه نیم - قهرمان کیه,https://www.youtube.com/watch?v=b9mCQGNHXbQ
شبکه نیم - انتخابات,https://www.youtube.com/watch?v=24DUav6EuQY
مسافر خیابان پاستور - قسمت ۲ رجایی,https://www.youtube.com/watch?v=iyKITtJNx3k
"Shabake Nim, S5, EP03 | شبکه نیم - سری ۵ قسمت ۳",https://www.youtube.com/watch?v=G9hrgC6OIF0
شبکه نیم - تو بگو,https://www.youtube.com/watch?v=Re9r1t-2-uA
"Shabake Nim, S5, EP02 | شبکه نیم - سری ۵ قسمت ۲",https://www.youtube.com/watch?v=22IfviYvODA
شبکه نیم - باقر کوچولو,https://www.youtube.com/watch?v=Gdqy8WXp9Eo
شبکه نیم - باز میام,https://www.youtube.com/watch?v=1LJcTcWZCII
شبکه نیم - بهت قول میدم,https://www.youtube.com/watch?v=RgHsbqmSNOo
"Shabake Nim, S5, EP01 | شبکه نیم - سری ۵ قسمت ۱",https://www.youtube.com/watch?v=lq4_V9WJ_es
بازار طلا و میزان سوددهی آن,https://www.youtube.com/watch?v=fREFyg135DE
Paper Cinema - Ep12 | افسانه های کاغذی - قسمت ۱۲,https://www.youtube.com/watch?v=rAGwBAO3HLU
Paper Cinema - Ep11 | افسانه های کاغذی - قسمت ۱۱,https://www.youtube.com/watch?v=8RM2B3-ZV3c
Paper Cinema - Ep10 | افسانه های کاغذی - قسمت ۱۰,https://www.youtube.com/watch?v=2eEYcyRJcak
بفرمایید شام نوروز ۹۶ - گروه۲ قسمت۴ / Befarmaeed Sham Norouz 96 G2 Ep4,https://www.youtube.com/watch?v=nyROyehm5Ts
بفرمایید شام نوروز ۹۶ - گروه۲ قسمت۳ / Befarmaeed Sham Norouz 96 G2 Ep3,https://www.youtube.com/watch?v=XxS1xNLRsf0
Paper Cinema - Ep09 | افسانه های کاغذی - قسمت ۹,https://www.youtube.com/watch?v=wh6rlrD7vOI
Time Tunnel Special | فرهاد و گربه های سیاه، از کوچینی تا اوج,https://www.youtube.com/watch?v=ydy7TDCBqmg
بفرمایید شام نوروز ۹۶ - گروه۲ قسمت۲ / Befarmaeed Sham Norouz 96 G2 Ep2,https://www.youtube.com/watch?v=fXgqP0hedM4
Paper Cinema - Ep08 | افسانه های کاغذی - قسمت ۸,https://www.youtube.com/watch?v=3v2yVcvq6VA
بفرمایید شام نوروز ۹۶ - گروه۲ قسمت۱ / Befarmaeed Sham Norouz 96 G2 Ep1,https://www.youtube.com/watch?v=qX7d-m86dY4
Paper Cinema - Ep06 | افسانه های کاغذی - قسمت ۶,https://www.youtube.com/watch?v=QzeFoDxuUUo
بفرمایید شام نوروز ۹۶ - گروه۱ قسمت۴ / Befarmaeed Sham Norouz 96 G1 Ep4,https://www.youtube.com/watch?v=4vbA9pQ78Gs
Paper Cinema - Ep07 | افسانه های کاغذی - قسمت ۷,https://www.youtube.com/watch?v=XZgdut0v4Bk
شبکه نیم - بهترین موزیک ویدیوها / Shabake Nim - The best music videos,https://www.youtube.com/watch?v=cWZod-N_D-w
Paper Cinema - Ep05 | افسانه های کاغذی - قسمت ۵,https://www.youtube.com/watch?v=QiHaPBc72gA
Paper Cinema - Ep04 | افسانه های کاغذی - قسمت ۴,https://www.youtube.com/watch?v=hzdKr89wOq0
Paper Cinema - Ep03 | افسانه های کاغذی - قسمت ۳,https://www.youtube.com/watch?v=CcCEPZhp5gQ
بفرمایید شام نوروز ۹۶ - گروه۱ قسمت۳ / Befarmaeed Sham Norouz 96 G1 Ep3,https://www.youtube.com/watch?v=7b4HJ0RLbSI
اجرای امیرحسین در برنامه‌ی نوروزی استیج من و تو,https://www.youtube.com/watch?v=LD6A5gNXm6s
شبکه‌ی نیم - ویژه برنامه‌ی نوروزی,https://www.youtube.com/watch?v=m05lUJcr2bw
اجرای علیرضا به عنوان برنده فینال استیج من و تو,https://www.youtube.com/watch?v=3tNoOk7Mtpk
اجرای ادوین در برنامه‌ی نوروزی استیج من و تو,https://www.youtube.com/watch?v=NqqNZdHlQ0Y
اجرای آوا در برنامه‌ی نوروزی استیج من و تو,https://www.youtube.com/watch?v=8DC1N8USASQ
اجرای نیکیتا در فینال استیج من و تو,https://www.youtube.com/watch?v=o328p3Lwgtk
اجرای علیرضا در برنامه‌ی نوروزی استیج من و تو,https://www.youtube.com/watch?v=jiOMi2fJRx8
اجرای کامیار در برنامه‌ی نوروزی استیج من و تو,https://www.youtube.com/watch?v=LQatr5sRVCo
Paper Cinema - Ep02 | افسانه های کاغذی - قسمت ۲,https://www.youtube.com/watch?v=XGkIJTpisng
بفرمایید شام نوروز ۹۶ - گروه۱ قسمت۲ / Befarmaeed Sham Norouz 96 G1 Ep2,https://www.youtube.com/watch?v=wDHAIkTIkSc
بفرمایید شام نوروز ۹۶ - گروه۱ قسمت ۱ / Befarmaeed Sham Norouz 96 G1 Ep1,https://www.youtube.com/watch?v=QEDGNovsk3o
Paper Cinema - Ep01 | افسانه های کاغذی - قسمت ۱,https://www.youtube.com/watch?v=WGS9FBO7afA
اقتصاد با شیدا هوشمندی - نابرابری در تولید و توزیع ثروت,https://www.youtube.com/watch?v=DMtn4ekw3lo
استیج اکسترا - قسمت ۹ / Stage Xtra - Ep9,https://www.youtube.com/watch?v=Lo5e8dINyRY
اقتصاد با شیدا هوشمندی - میزان خسارات زیست محیطی در خوزستان,https://www.youtube.com/watch?v=owMcQogvh4Q
اقتصاد با شیدا هوشمندی - ابعاد اقتصادی حادثه پلاسکو,https://www.youtube.com/watch?v=w65oGBiXzYk
Shahbanoo | شهبانو,https://www.youtube.com/watch?v=nf6HbZ3YR0U
سری دوم استیج از ۱۶ دی,https://www.youtube.com/watch?v=bgX26Q9_Y-k
من و تو را اچ دی نگاه کنید,https://www.youtube.com/watch?v=sg97_08i7UI
رقابت برای نفت خزر,https://www.youtube.com/watch?v=OWd7Lebru34
فساد اقتصادی در ایران,https://www.youtube.com/watch?v=uMfJSV--NBA
همایش بین‌المللی نفت و گاز ایران و اروپا,https://www.youtube.com/watch?v=AYyZIWqA4Gw
دوربین مخفی ترساندن بچه‌های من و تو - قسمت۲,https://www.youtube.com/watch?v=msqDq5lseRo
دوربین مخفی ترساندن بچه‌های من و تو - قسمت۱,https://www.youtube.com/watch?v=308DyXRtbxA
"Befarmaeed Sham, S10, G11, N4 | بفرمایید شام سری۱۰، گروه۱۱ - قسمت ۴",https://www.youtube.com/watch?v=aA0noaQU-Q8
"Befarmaeed Sham, S10, G11, N3 | بفرمایید شام سری۱۰، گروه۱۱ - قسمت ۳",https://www.youtube.com/watch?v=Zy44ohTjUdk
"Befarmaeed Sham, S10, G11, N2 | بفرمایید شام سری۱۰، گروه۱۱ - قسمت ۲",https://www.youtube.com/watch?v=Ns1xbINsp04
"Befarmaeed Sham, S10, G11, N1 | بفرمایید شام سری۱۰، گروه۱۱ - قسمت ۱",https://www.youtube.com/watch?v=C6pOjWaev9Q
آشپزی با شایان - پاپ کورن مرغ,https://www.youtube.com/watch?v=Umr4-fF1eRg
"Befarmaeed Sham, S10, G10, N4 | بفرمایید شام سری۱۰، گروه۱۰ - قسمت ۴",https://www.youtube.com/watch?v=WyH7-QCkniA
"Befarmaeed Sham, S10, G10, N3 | بفرمایید شام سری۱۰، گروه۱۰ - قسمت ۳",https://www.youtube.com/watch?v=S8q_XXnwbq8
"Befarmaeed Sham, S10, G10,  N2 | بفرمایید شام سری۱۰، گروه۱۰ - قسمت ۲",https://www.youtube.com/watch?v=gkd0UXSAZrw
"Befarmaeed Sham, S10, G10, N1 | بفرمایید شام سری۱۰، گروه۱۰ - قسمت۱",https://www.youtube.com/watch?v=MTgixmrMQ4I
خرید هواپیماهای نو؛ از حرف تا عمل,https://www.youtube.com/watch?v=K4hPywZYmgk
Befarmaeed Sham S10 G9 N4 / بفرمایید شام سری۱۰، گروه۹ - قسمت ۴,https://www.youtube.com/watch?v=8EEBqYilUvA
آشپزی با شایان - صبحانه,https://www.youtube.com/watch?v=I_CN9DcG9wQ
Befarmaeed Sham S10 G9 N3 / بفرمایید شام سری۱۰، گروه۹ - قسمت ۳,https://www.youtube.com/watch?v=vAAND-7pgDQ
Befarmaeed Sham S10 G9 N2 / بفرمایید شام سری۱۰، گروه۹ - قسمت ۲,https://www.youtube.com/watch?v=2qgpgn9Bmas
Befarmaeed Sham S10 G9 N1 / بفرمایید شام سری۱۰، گروه۹ - قسمت ۱,https://www.youtube.com/watch?v=nHvyTwvTqVA
Befarmaeed Sham S10 G8 N4 / بفرمایید شام سری۱۰، گروه۸ - قسمت ۴,https://www.youtube.com/watch?v=DD25HtGt2KI
آشپزی با شایان - فرنچ تست French Toast,https://www.youtube.com/watch?v=Ajs77AOgGwM
Befarmaeed Sham S10 G8 N3 / بفرمایید شام سری۱۰، گروه۸ - قسمت ۳,https://www.youtube.com/watch?v=zYHc7CABWns
Befarmaeed Sham S10 G8 N2 / بفرمایید شام سری۱۰، گروه۸ - قسمت ۲,https://www.youtube.com/watch?v=NzT0XdNYzCw
آشپزی با شایان - بیسکویت نام کوتاه,https://www.youtube.com/watch?v=k5eAH6G8ooI
Befarmaeed Sham S10 G6 N4 / بفرمایید شام سری۱۰، گروه۶ - قسمت ۴,https://www.youtube.com/watch?v=PwbKY1xrNR4
Befarmaeed Sham S10 G6 N3 / بفرمایید شام سری۱۰، گروه۶ - قسمت ۳,https://www.youtube.com/watch?v=rgJyRKjSivY
آشپزی با شایان - بیسکویت کره بادام‌زمینی,https://www.youtube.com/watch?v=t--ivTAohb4
Befarmaeed Sham S10 G6 N2 / بفرمایید شام سری۱۰، گروه۶ - قسمت ۲,https://www.youtube.com/watch?v=9ILFLyBcwBg
Befarmaeed Sham S10 G5 N4 / بفرمایید شام سری۱۰، گروه۵ - قسمت ۴,https://www.youtube.com/watch?v=jDi6oEo0ER0
آشپزی با شایان - پیش غذای ساده,https://www.youtube.com/watch?v=4CJROcDyrfc
Befarmaeed Sham S10 G5 N3 / بفرمایید شام سری۱۰، گروه۵ - قسمت ۳,https://www.youtube.com/watch?v=lNX7Ja9lDaM
بفرمایید شام سری۱۰، گروه۵ - قسمت ۲ / Befarmaeed Sham S10 G5 N2,https://www.youtube.com/watch?v=Tost1teQHnU
بفرمایید شام سری۱۰، گروه۵ - قسمت ۱ / Befarmaeed Sham S10 G5 N1,https://www.youtube.com/watch?v=FyQTKKtS6rs
FitSho - EP02 / فیت شو - قسمت ۲,https://www.youtube.com/watch?v=s7VzHGttbtE
بفرمایید شام سری۱۰، گروه۴ - قسمت ۴ / Befarmaeed Sham S10 G4 N4,https://www.youtube.com/watch?v=F5vyIKMr0lk
آشپزی با شایان - ترافل شکلاتی,https://www.youtube.com/watch?v=_koaUlMOMb8
بفرمایید شام سری۱۰، گروه۴ - قسمت ۳ / Befarmaeed Sham S10 G4 N3,https://www.youtube.com/watch?v=-i_MSeg4e-s
بفرمایید شام سری۱۰، گروه۴ - قسمت ۲ / Befarmaeed Sham S10 G4 N2,https://www.youtube.com/watch?v=3htfufKBcLo
بفرمایید شام سری۱۰، گروه۴ - قسمت ۱ / Befarmaeed Sham S10 G4 N1,https://www.youtube.com/watch?v=0Hvpf7YR8mA
بفرمایید شام سری۱۰، گروه۳ - قسمت ۴ / Befarmaeed Sham S10 G3 N4,https://www.youtube.com/watch?v=k_BbSCncLNA
آشپزی با شایان - موز سرخ کرده,https://www.youtube.com/watch?v=XSQLlPMb9Mk
بفرمایید شام سری۱۰، گروه۳ - قسمت ۳ / Befarmaeed Sham S10 G3 N3,https://www.youtube.com/watch?v=J-1rt5Ftmc0
بفرمایید شام سری۱۰، گروه۳ - قسمت ۲ / Befarmaeed Sham S10 G3 N2,https://www.youtube.com/watch?v=-kF1lrPEAcM
بفرمایید شام سری۱۰، گروه۳ - قسمت ۱ / Befarmaeed Sham S10 G3 N1,https://www.youtube.com/watch?v=0ETGyXDqsL4
آشپزی با شایان - کرپ,https://www.youtube.com/watch?v=ySG1Mh8hQys
بفرمایید شام سری۱۰، گروه۲ - قسمت ۴ / Befarmaeed Sham S10 G2 N4,https://www.youtube.com/watch?v=UYc0FB06yNo
بفرمایید شام سری۱۰، گروه۲ - قسمت ۳ / Befarmaeed Sham S10 G2 N3,https://www.youtube.com/watch?v=Lb_ZVQryYPU
بفرمایید شام سری۱۰، گروه۲ - قسمت ۲ / Befarmaeed Sham S10 G2 N2,https://www.youtube.com/watch?v=7urm5XtVh28
بفرمایید شام سری۱۰، گروه۲ - قسمت ۱ / Befarmaeed Sham S10 G2 N1,https://www.youtube.com/watch?v=rCkhtF4dcd4
بفرمایید شام سری۱۰، گروه۱ - قسمت۴ / Befarmaeed Sham S10 G1 N4,https://www.youtube.com/watch?v=KsDtykm2SaA
آشپزی با شایان - طرز تهیه بستنی,https://www.youtube.com/watch?v=IOOKPJ2f63Q
بفرمایید شام سری۱۰، گروه۱ - قسمت۳ / Befarmaeed Sham S10 G1 N3,https://www.youtube.com/watch?v=ypkBm45oDys
بفرمایید شام سری۱۰، گروه۱ - قسمت۲ / Befarmaeed Sham S10 G1 N2,https://www.youtube.com/watch?v=U4pJDbmr0_c
بفرمایید شام سری۱۰، گروه۱ - قسمت ۱ / Befarmaeed Sham S10 G1 N1,https://www.youtube.com/watch?v=io6DjOOEq8s
شبکه نیم - وای چقدر خسته م من,https://www.youtube.com/watch?v=hfjZs5DH_Q8
شبکه نیم - میخوایم بریم خارج,https://www.youtube.com/watch?v=LZVWcyXYV14
Shabake Nim - Mikhaym Berim Kharej / شبکه نیم - میخوایم بریم خارج,https://www.youtube.com/watch?v=rEkVcqa4b8o
ببین TV,https://www.youtube.com/watch?v=_Zh_BswUv8c
Shabake Nim / شبکه نیم - حمایت دولت از رسانه‌ها,https://www.youtube.com/watch?v=7k-VF4r3Y6I
شبکه نیم - تکی تو / Shabake Nim - Taki tou,https://www.youtube.com/watch?v=OejubZI8Atc
Shabake Nim / شبکه نیم - آغاز داستان فیش‌های نجومی,https://www.youtube.com/watch?v=ebDdfzwzc_o
Shabake Nim / شبکه نیم -‌ دیدار مخفیانه برادر روحانی با تاج زاده,https://www.youtube.com/watch?v=dwhzgmu7oEA
Shabake Nim / شبکه نیم - جا به جایی نماینده‌های مجلس,https://www.youtube.com/watch?v=svZAr0fdntM
Shabake Nim - Enghelab / شبکه نیم - شما انقلاب کردید؟,https://www.youtube.com/watch?v=HqVoylrCAeA
شبکه نیم - دستم بود / Shabake Nim - Dastam bood,https://www.youtube.com/watch?v=C8ZtRsPSF3o
Shabake Nim / شبکه نیم - جدایی بریتانیا از اتحادیه اروپا,https://www.youtube.com/watch?v=s9mQk8Im8xk
Shabake Nim - Nezame Javangara / شبکه نیم - نظام جوان‌گرا,https://www.youtube.com/watch?v=ZIkE1JLi5og
Shabake Nim - Rade Paye Sepah / شبکه نیم - رد پای سپاه,https://www.youtube.com/watch?v=RI8lbYh9ZWo
شبکه نیم - فیشا بالا / Shabake Nim - Fisha bala,https://www.youtube.com/watch?v=E48wXI7hJbA
Shabake Nim / Efshagary Ahmadinezhad / شبکه نیم - افشاگری احمدی‌نژاد از وزارت اطلاعات,https://www.youtube.com/watch?v=zz2vPGqX8Qc
شبکه نیم - دولت ناشی / Shabake Nim - Dolate Nashi,https://www.youtube.com/watch?v=yn88aPxSihs
شبکه نیم - بذا ما بریم فضا / Shabake Nim - Beza ma berim faza,https://www.youtube.com/watch?v=p7QhhyTYxhE
آینده بریتانیا پس از خروج از اتحادیه اروپا,https://www.youtube.com/watch?v=LV7zovjkAng
شبکه نیم - بچه‌دار شدن زود هنگام  بانوان / Shabake Nim,https://www.youtube.com/watch?v=YI3ToGwddvs
Shabake Nim - Harfaye Ali Jannati / شبکه نیم - حرفای تاثیرگذار علی جنتی,https://www.youtube.com/watch?v=EKtMspwsnKg
من و تو را اچ دی تماشا کنید / Watch Manoto in HD,https://www.youtube.com/watch?v=PLTdLCH8oLQ
Shabake Nim - Bodjeye Dolat 2 / شبکه نیم - بودجه دولت ۲,https://www.youtube.com/watch?v=scor2kbKsH4
Shabake Nim - Bodjeye Dolat 1 / شبکه نیم - بودجه دولت ۱,https://www.youtube.com/watch?v=OFE0oM19mA4
Shabake Nim - Kelase Darse Aghayan / شبکه نیم - کلاس درس آقایان,https://www.youtube.com/watch?v=QUqdIVRZFP0
Shabake Nim - Namayeshgah Ketab / شبکه نیم - نمایشگاه کتاب,https://www.youtube.com/watch?v=C_vVZdRkaFc
شبکه نیم - کلیدم کجایی / Shabake Nim - Kilidam kojaee,https://www.youtube.com/watch?v=EEOHpsuNbdg
فعالیت‌های سپاه در اقتصاد ایران,https://www.youtube.com/watch?v=uKAv2kk8M0g
شبکه نیم - جمع کن پارتی را / Shabake Nim - Jam kon party ra,https://www.youtube.com/watch?v=xjCYZf_biZM
شبکه نیم - چرا نیان / Shabake Nim - Chera Nian,https://www.youtube.com/watch?v=bVgrAGlegQo
روش نصب Manoto HD روی دیش هاتبرد,https://www.youtube.com/watch?v=2aLTTSAPOms
من و تو اچ دی / Manoto HD,https://www.youtube.com/watch?v=pACz6sU32-U
شبکه نیم - والیبال / Shabake Nim - volleyball,https://www.youtube.com/watch?v=H2e-dj6qxQY
اعتراض طرفداران تیم استقلال در مقابل مجلس,https://www.youtube.com/watch?v=hrehpIF1zVg
اعتراض بازاریان تهران,https://www.youtube.com/watch?v=khazKOorIK0
ضرورت رقابت در اقتصاد,https://www.youtube.com/watch?v=xGJZ67eNMB8
شبکه نیم - شمال / Shabake Nim - Shomal,https://www.youtube.com/watch?v=2iUUOcuwRcQ
شبکه نیم - رییس مجلس / Shabake Nim Raees Majles,https://www.youtube.com/watch?v=tAt2twb_jzQ
شبکه نیم - طرح عنکبوت ۲ / Shabake Nim - Ankabote 2,https://www.youtube.com/watch?v=th_aBK_mokY
شبکه نیم - یالا یالا / Shabake Nim - Yala yala,https://www.youtube.com/watch?v=ee9Bkun_hkw
شبکه نیم - زرشک / Shabake Nim - Zereshk,https://www.youtube.com/watch?v=kiPJKqF4PgM
Shabake Nim - Che Behtar / شبکه نیم - چه بهتر,https://www.youtube.com/watch?v=WFM0sgZIC9I
"Shabake Nim, S4, EP03 | شبکه نیم - سری۴، قسمت ۳",https://www.youtube.com/watch?v=kH3S2SmGb8k
قم / Qom,https://www.youtube.com/watch?v=cdJKOtOZ4NA
"این هفته - سری ۲، قسمت ۶ / In Hafte - S2, Ep6",https://www.youtube.com/watch?v=DK4NJLknW00
"Shabake Nim, S4, EP02 | شبکه نیم - سری۴، قسمت ۲",https://www.youtube.com/watch?v=i4_UuGrv8KM
عملکرد بازارها و اقتصاد ایران در سال ۱۳۹۴,https://www.youtube.com/watch?v=7FLLz9RdF2I
شبکه نیم - صدای صداقت / Shabake Nim - Sedaye sedaghat,https://www.youtube.com/watch?v=jXDYw8HelNY
شبکه نیم - حالیتم نیست / Shabake Nim - Halitam Nist,https://www.youtube.com/watch?v=BkUVE_erLuM
Befarmaeed Sham Norouz 1395 / بفرمایید شام نوروز ۱۳۹۵ - قسمت ۴,https://www.youtube.com/watch?v=S9lOTfR1WeM
Befarmaeed Sham Norouz 1395 / بفرمایید شام نوروز ۱۳۹۵ - قسمت ۳,https://www.youtube.com/watch?v=VQB_tqCIAvQ
Befarmaeed Sham Norouz 1395 / بفرمایید شام نوروز ۱۳۹۵ - قسمت ۲,https://www.youtube.com/watch?v=-u1TrOMJFcw
Befarmaeed Sham Norouz 1395 / بفرمایید شام نوروز ۱۳۹۵ - قسمت ۱,https://www.youtube.com/watch?v=h2PC6EdkAms
TM BAX - Sansor / سانسور,https://www.youtube.com/watch?v=2Nhn3mqgnI8
Amirhossein & Hamed Nikpay - Sedaye Sedaghat / امیرحسین و حامد نیک‌پی - صدای صداقت,https://www.youtube.com/watch?v=tWNqdTmHrGE
اپلیکیشن اندروید من و تو,https://www.youtube.com/watch?v=drNnaylC0SM
Shabake Nim - Bye Bye / شبکه نیم - بای بای,https://www.youtube.com/watch?v=O4ZH6rbCmvg
Shabake Nim - Mirim Bar Bad / شبکه نیم - میریم بر باد,https://www.youtube.com/watch?v=Enq2iAoy5ak
Shabake Nim - Lady / شبکه نیم - لیدی,https://www.youtube.com/watch?v=wJ6PoVwXRWA
Shabake Nim - Ma Bahatim / شبکه نیم - ما باهاتیم,https://www.youtube.com/watch?v=3RnRb57GukU
شبکه نیم - روسیه پول بده سوریه / Shabake Nim - Rusiye pool bede Soriye,https://www.youtube.com/watch?v=YpKrQ9rrf5Q
Shabake Nim - Ma hame mikhaim ke bashim / شبکه نیم - ما همه می‌خوایم که باشیم,https://www.youtube.com/watch?v=kj2ljWDN1I0
Shabake Nim - California / شبکه نیم - کالیفرنیا,https://www.youtube.com/watch?v=ouhrv2hW89Y
Shabake Nim - Masoumeh Ebtekar / شبکه نیم - معصومه ابتکار,https://www.youtube.com/watch?v=kqDWlIrfmgs
Shabake Nim - Darya Darya / شبکه نیم - دریا دریا,https://www.youtube.com/watch?v=-YPmWcg3EZ4
Shabake Nim - Mellate Bidar / شبکه نیم - ملت بیدار,https://www.youtube.com/watch?v=os3P1PH9ToA
"Shabake Nim, S03, EP08 | شبکه نیم٬ سری ۳ - قسمت ۸",https://www.youtube.com/watch?v=ohUJ9Sv5D2o
Shabake Nim - Dishab Ke Khab Bodam / شبکه نیم - دیشب که خواب بودم,https://www.youtube.com/watch?v=oeF5EINtzlI
Shabake Nim - Siman / شبکه نیم - سیمان,https://www.youtube.com/watch?v=jDwkvpSsWpo
Fashion Choreography,https://www.youtube.com/watch?v=UiK8C_HwGvg
تولد ۵ سالگی من و تو,https://www.youtube.com/watch?v=RSsYOIrPa08
Shabake Nim - Mehdi Jan / شبکه نیم - مهدی جان,https://www.youtube.com/watch?v=hnqpnJ3hSiA
Shabake Nim - Ye Jaye Kar Eib Dare / شبکه نیم - یه جای کار عیب داره,https://www.youtube.com/watch?v=p4mYfScXLzE
Shabake Nim - Majles / شبکه نیم - مجلس,https://www.youtube.com/watch?v=YvsONfdNskc
Shabake Nim - Bi Chon o Chera / شبکه نیم - بی و چون و چرا,https://www.youtube.com/watch?v=3vcv9XrHfAQ
تحریم خرید خودروهای داخلی,https://www.youtube.com/watch?v=D58FZrQ83lc
Shabake Nim - Daro Va Nemikonim / شبکه نیم - درو وا نمی کنیم,https://www.youtube.com/watch?v=wSaPNvenjpQ
Shabake Nim - Chah / شبکه نیم - چاه,https://www.youtube.com/watch?v=eMmvBgNyLS0
Shabake Nim - Dakale Gomshodeye Ma / شبکه نیم - دکل گمشده ما,https://www.youtube.com/watch?v=xN2GdGfkkak
Shabake Nim - Jadooye Khas / شبکه نیم - جادوی خاص,https://www.youtube.com/watch?v=1Zhr_a8kpVU
Shabake Nim - Zendan / شبکه نیم - زندان,https://www.youtube.com/watch?v=PdplX1ekl28
Shabake Nim - Haram / شبکه نیم - حرام,https://www.youtube.com/watch?v=mNnGzwhbGIE
Manoto Documentary / مستندهای من و تو,https://www.youtube.com/watch?v=EPqjy4mNIhk
گالری نیکولاس فلمل,https://www.youtube.com/watch?v=W4Uw5I-GuGU
صنعت هواپیمایی ایران و چالشهای پیش روی آن,https://www.youtube.com/watch?v=FPI_wJjsUFo
پول‌های بلوکه شده ایران چقدر است؟,https://www.youtube.com/watch?v=C1QFkY6NBAw
آثار اقتصادی توافق هسته‌ای,https://www.youtube.com/watch?v=LaPM7_C5Wd8
صنعت رسانه,https://www.youtube.com/watch?v=4RZF7UKkYKM
خطرها و دلایل بحران کم آبی در ایران,https://www.youtube.com/watch?v=dSsyqlC5rgo
همایش بین‌المللی آب,https://www.youtube.com/watch?v=GjoCJ0Nl0Y4
اقتصاد ایران پس از تحریم‌ها,https://www.youtube.com/watch?v=40uzoa4j_LE
افت قیمت نفت و جلسه حساس اوپک,https://www.youtube.com/watch?v=QMDdgj-n0LA
تاثیرپذیری صنعت خودرو ایران از تحریم‌ها,https://www.youtube.com/watch?v=k6rF7yZlxrY
صنعت نفت ایران چشم انتظار لغو تحریم‌ها,https://www.youtube.com/watch?v=mQeHvl1g9uw
بفرمایید شام کانادا۲ - گروه۱۵ قسمت۴ / Befarmaeed Sham Canada2,https://www.youtube.com/watch?v=jOkVjGbfhv0
بفرمایید شام کانادا۲ - گروه۱۵ قسمت۳ / Befarmaeed Sham Canada2,https://www.youtube.com/watch?v=CszNWu32pEA
بفرمایید شام کانادا۲ - گروه۱۵ قسمت۲ / Befarmaeed Sham Canada2,https://www.youtube.com/watch?v=6NrxB8sTpA0
بفرمایید شام کانادا۲ - گروه۱۵ قسمت۱ / Befarmaeed Sham Canada2,https://www.youtube.com/watch?v=1aRthzeqdnw
گفتگوی اختصاصی: موضع جهان عرب در قبال توافق چیست؟,https://www.youtube.com/watch?v=qFLdLTkKiRE
سینمای ایران؛ رونق در تولید، ورشکستگی در گیشه,https://www.youtube.com/watch?v=4xT6IfARCew
بفرمایید شام کانادا۲ - گروه۱۴ قسمت۴ / Befarmaeed Sham Canada2,https://www.youtube.com/watch?v=vgz_RgyeSMg
بفرمایید شام کانادا۲ - گروه۱۴ قسمت۳ / Befarmaeed Sham Canada2,https://www.youtube.com/watch?v=SxGg_d1ZTTg
بفرمایید شام کانادا۲ - گروه۱۴ قسمت۲ / Befarmaeed Sham Canada2,https://www.youtube.com/watch?v=mNsGui5TfHw
بفرمایید شام کانادا۲ - گروه۱۴ قسمت۱ / Befarmaeed Sham Canada2,https://www.youtube.com/watch?v=Uao2vAmtepA
جنگ ارزی چیست؟ آیا افزایش نرخ ارز به زیان اقتصاد است؟,https://www.youtube.com/watch?v=_1Jk-WCoUOU
بفرمایید شام کانادا۲ - گروه۱۳ قسمت۴ / Befarmaeed Sham Canada2,https://www.youtube.com/watch?v=CidVt3oeJqY
بفرمایید شام کانادا۲ - گروه۱۳ قسمت۳ / Befarmaeed Sham Canada2,https://www.youtube.com/watch?v=iqlOYv-9HiA
بفرمایید شام کانادا۲ - گروه۱۳ قسمت۲ / Befarmaeed Sham Canada2,https://www.youtube.com/watch?v=UyrTpV2icI4
نقش مثبت بازارهاى مالى در معيشت شهروندان,https://www.youtube.com/watch?v=fMWFUzAvsI4
بفرمایید شام کانادا۲ - گروه۱۳ قسمت۱ / Befarmaeed Sham Canada2,https://www.youtube.com/watch?v=vF-cN0Fr7DM
همایش کارآفرینان ایرانی در برلین (iBridge Berlin 2015),https://www.youtube.com/watch?v=6pBMOHufly0
بفرمایید شام کانادا۲ - گروه۱۲ قسمت۴ / Befarmaeed Sham Canada2,https://www.youtube.com/watch?v=wucP7TNv1Xc
بفرمایید شام کانادا۲ - گروه۱۲ قسمت۳ / Befarmaeed Sham Canada2,https://www.youtube.com/watch?v=BidIBenqnoQ
بفرمایید شام کانادا۲ - گروه۱۲ قسمت۲ / Befarmaeed Sham Canada2,https://www.youtube.com/watch?v=0P6I9oJMVWQ
بفرمایید شام کانادا۲ - گروه۱۲ قسمت۱ / Befarmaeed Sham Canada2,https://www.youtube.com/watch?v=xCP127yoPfo
ریشه‌ها و گستردگی فقر در ایران,https://www.youtube.com/watch?v=8IMtXmG06GE
برنامه‌های تابستان,https://www.youtube.com/watch?v=_t_2Z2M1NL4
بفرمایید شام کانادا۲ - گروه۱۱ قسمت۴ / Befarmaeed Sham Canada2,https://www.youtube.com/watch?v=E_P6DtLI8p0
بفرمایید شام کانادا۲ - گروه۱۱ قسمت۳ / Befarmaeed Sham Canada2,https://www.youtube.com/watch?v=pRQMoBXXyno
اتوبوس اسکانیا در جاده چالوس زائران عراقی را قربانی کرد,https://www.youtube.com/watch?v=FMt1s8CzWGE
مادر ستار: هیچ کس بدون هماهنگی‌ با من حرفی‌ نزده,https://www.youtube.com/watch?v=zkf5jDQKUvs
بفرمایید شام کانادا۲ - گروه۱۱ قسمت۲ / Befarmaeed Sham Canada2,https://www.youtube.com/watch?v=p8r4OKcVb10
بفرمایید شام کانادا۲ - گروه۱۱ قسمت۱ / Befarmaeed Sham Canada2,https://www.youtube.com/watch?v=q7BIHBKAs_I
Tehran to Cairo - English Subtitled,https://www.youtube.com/watch?v=au3LGoUcoIg
بفرمایید شام کانادا۲ - گروه۱۰ قسمت۴ / Befarmaeed Sham Canada2,https://www.youtube.com/watch?v=vYJwIEFIPKc
بفرمایید شام کانادا۲ - گروه۱۰ قسمت۳ / Befarmaeed Sham Canada2,https://www.youtube.com/watch?v=fUc94q6gPR8
بفرمایید شام کانادا۲ - گروه۱۰ قسمت۲ / Befarmaeed Sham Canada2,https://www.youtube.com/watch?v=Rfe5TdFzHGg
بفرمایید شام کانادا۲ - گروه۱۰ قسمت۱ / Befarmaeed Sham Canada2,https://www.youtube.com/watch?v=6cxRy5hLhik
بفرمایید شام کانادا۲ - گروه۹ قسمت۴ / Befarmaeed Sham Canada2,https://www.youtube.com/watch?v=vvVT_dUhABc
بفرمایید شام کانادا۲ - گروه۹ قسمت۳ / Befarmaeed Sham Canada2,https://www.youtube.com/watch?v=00Kwte35Wms
بفرمایید شام کانادا۲ - گروه۹ قسمت۲ / Befarmaeed Sham Canada2,https://www.youtube.com/watch?v=ZXsG_9yY7Ic
بفرمایید شام کانادا۲ - گروه۹ قسمت۱ / Befarmaeed Sham Canada2,https://www.youtube.com/watch?v=4qfPmeohfKI
آینده اقتصاد بریتانیا,https://www.youtube.com/watch?v=2pzXo67sVxk
طب سوزنی,https://www.youtube.com/watch?v=gHc2PKqjweg
بفرمایید شام کانادا۲ - گروه۸ قسمت۴ / Befarmaeed Sham Canada2,https://www.youtube.com/watch?v=JeY3uLJey20
بفرمایید شام کانادا۲ - گروه۸ قسمت۳ / Befarmaeed Sham Canada2,https://www.youtube.com/watch?v=HKQzUab8sGw
Believe It or Not,https://www.youtube.com/watch?v=RXesbCPlF-I
راه حل از بین بردن فیلر بد,https://www.youtube.com/watch?v=hEKm8L07ivM
بفرمایید شام کانادا۲ - گروه۸ قسمت۱ / Befarmaeed Sham Canada2,https://www.youtube.com/watch?v=U559XSxemMs
«تقلب کریمی قدوسی در جمع‌آوری امضاهای طرح سه‌فوریتی توقف مذاکرات»,https://www.youtube.com/watch?v=SuR3V9yZjJw
«فساد سازمان یافته در بورس تا کی؟»؛ اعتراض سهام‌داران مقابل تالار بورس,https://www.youtube.com/watch?v=bThs4zoUnXk
«پسرم را پیدا کنید، آقای ظریف این‌ها را نمی‌بیند؟»,https://www.youtube.com/watch?v=q-mA10BF3J0
بفرمایید شام کانادا۲ - گروه۷ قسمت۴ / Befarmaeed Sham Canada2,https://www.youtube.com/watch?v=8k1G3bbWdec
بفرمایید شام کانادا۲ - گروه۷ قسمت۳ / Befarmaeed Sham Canada2,https://www.youtube.com/watch?v=8Ch1byam-Bw
بفرمایید شام کانادا۲ - گروه۷ قسمت۲ / Befarmaeed Sham Canada2,https://www.youtube.com/watch?v=iMzrN-NJJR0
بفرمایید شام کانادا۲ - گروه۷ قسمت۱ / Befarmaeed Sham Canada2,https://www.youtube.com/watch?v=azl2ezXGjy8
تامین هزینه‌های انتخاباتی در بریتانیا,https://www.youtube.com/watch?v=WnfDat7mSX0
کاربرد هشتگ,https://www.youtube.com/watch?v=6pUaYiwVqsA
بفرمایید شام کانادا۲ - گروه۶ قسمت۴ / Befarmaeed Sham Canada2,https://www.youtube.com/watch?v=rgOu2Pur8Hg
بفرمایید شام کانادا۲ - گروه۶ قسمت۳ / Befarmaeed Sham Canada2,https://www.youtube.com/watch?v=Qws7E2_cnSQ
بفرمایید شام کانادا۲ - گروه۶ قسمت۲ / Befarmaeed Sham Canada2,https://www.youtube.com/watch?v=rlVfQng9idc
بفرمایید شام کانادا۲ - گروه۶ قسمت۱ / Befarmaeed Sham Canada2,https://www.youtube.com/watch?v=VNhY715-al8
روحانی: وظیفه پلیس اجرای قانون است، نه اسلام,https://www.youtube.com/watch?v=OA5FZgH7BuU
بفرمایید شام کانادا۲ - گروه۵ قسمت۴ / Befarmaeed Sham Canada2,https://www.youtube.com/watch?v=R4xKHCMtaZM
گفتگو با یکی از همراهان «هالو» در مقابل اوین,https://www.youtube.com/watch?v=Sn8B3TYUxcQ
بفرمایید شام کانادا۲ - گروه۵ قسمت۳ / Befarmaeed Sham Canada2,https://www.youtube.com/watch?v=EjVAGw5buAc
بفرمایید شام کانادا۲ - گروه۵ قسمت۲ / Befarmaeed Sham Canada2,https://www.youtube.com/watch?v=0ZyU5xQ_I5o
بفرمایید شام کانادا۲ - گروه۵ قسمت۱ / Befarmaeed Sham Canada2,https://www.youtube.com/watch?v=rRP_K5IYGmc
اعتراض مردم: من همان سگ هستم,https://www.youtube.com/watch?v=ZeAMSzJTjLI
خامنه‌ای: لاف می‌زنند بعد انتظار دارند خود را قوی نکنیم,https://www.youtube.com/watch?v=Q_I6o04FmCo
بفرمایید شام کانادا۲ - گروه۴ قسمت۴ / Befarmaeed Sham Canada2,https://www.youtube.com/watch?v=cSPJHqHEvtI
بفرمایید شام کانادا۲ - گروه۴ قسمت۳ / Befarmaeed Sham Canada2,https://www.youtube.com/watch?v=hPBhTLLfpqw
ک اف سی / KFC,https://www.youtube.com/watch?v=6u2f0yCNObc
مک دونالدز / McDonald's,https://www.youtube.com/watch?v=tqOcgDStmb4
بفرمایید شام کانادا۲ - گروه۴ قسمت۲ / Befarmaeed Sham Canada2,https://www.youtube.com/watch?v=-w5zeSagPdk
پیتزا دومینوز,https://www.youtube.com/watch?v=UX_uvorA7Z0
بفرمایید شام کانادا۲ - گروه۴ قسمت۱ / Befarmaeed Sham Canada2,https://www.youtube.com/watch?v=i5DoxJS-fHs
مصادره خانه‌های مستضعفین توسط بنیاد مستضعفان در ایران,https://www.youtube.com/watch?v=6YFGQqXDFN4
بفرمایید شام کانادا۲ - گروه۳ قسمت۴ / Befarmaeed Sham Canada2,https://www.youtube.com/watch?v=m8i78XoRnKc
بفرمایید شام کانادا۲ - گروه۳ قسمت۳ / Befarmaeed Sham Canada2,https://www.youtube.com/watch?v=exNKy7tfPas
چارچوب تفاهم‌شده مذاکرات لوزان برای رفع تحریم‌ها,https://www.youtube.com/watch?v=XwEdKFjVYi4
درس‌های تعیین حداقل دستمزد در بریتانیا برای ایران,https://www.youtube.com/watch?v=33lLjNhJPwI
بفرمایید شام کانادا۲ - گروه۳ قسمت۲ / Befarmaeed Sham Canada2,https://www.youtube.com/watch?v=E3Mt4XaiuCw
بفرمایید شام کانادا۲ - گروه۳ قسمت۱ / Befarmaeed Sham Canada2,https://www.youtube.com/watch?v=sqdoi5feV1c
بفرمایید شام کانادا۲ - گروه۲ قسمت۴ / Befarmaeed Sham Canada2,https://www.youtube.com/watch?v=nGqIKq-zyK8
بفرمایید شام کانادا۲ - گروه۲ قسمت۳ / Befarmaeed Sham Canada2,https://www.youtube.com/watch?v=VuWv7lm1CBg
بفرمایید شام کانادا۲ - گروه۲ قسمت۲ / Befarmaeed Sham Canada2,https://www.youtube.com/watch?v=wEZYvxcKQ1U
بفرمایید شام کانادا۲ - گروه۲ قسمت۱ / Befarmaeed Sham Canada2,https://www.youtube.com/watch?v=obd_Mkn8_08
بفرمایید شام کانادا۲ - گروه۱ قسمت۴ / Befarmaeed Sham Canada2,https://www.youtube.com/watch?v=M910vO30PTg
بفرمایید شام کانادا۲ - گروه۱ قسمت۳ / Befarmaeed Sham Canada2,https://www.youtube.com/watch?v=iEvJBY_I60c
بفرمایید شام کانادا۲ - گروه۱ قسمت۲ / Befarmaeed Sham Canada2,https://www.youtube.com/watch?v=N439ad5wSkc
بفرمایید شام کانادا۲ - گروه۱ قسمت۱ / Befarmaeed Sham Canada2,https://www.youtube.com/watch?v=ws7__5LwJ3k
نوروز ۱۳۹۴ - حمید طالب‌زاده امشب / Norouz 1394 - Hamid Talebzadeh Emshab,https://www.youtube.com/watch?v=_mliiRyccow
نوروز ۱۳۹۴ - گوگوش و هومن خوابم یا بیدارم / Norouz 1394 - Googoosh & Hooman Khabam ya bidaram,https://www.youtube.com/watch?v=6HkNyav3Gwg
نوروز ۱۳۹۴ - شبکه نیم / Norouz - Shabake Nim,https://www.youtube.com/watch?v=zSf8jkarOIU
نوروز ۱۳۹۴ - حمید طالب‌زاده همه چی آرومه / Norouz 1394 - Hamid Talebzadeh Hame chi Arome,https://www.youtube.com/watch?v=49vOC-TT9Yw
نوروز ۱۳۹۴ - رعنا منصور شوهر پولدار / Norouz 1394 - Rana Mansour Shohar Pooldar,https://www.youtube.com/watch?v=GqAibhn11Zc
نوروز ۱۳۹۴ - مایکل / Norouz 1394 - Michael,https://www.youtube.com/watch?v=gugbzoAGCcg
نوروز ۱۳۹۴ - بابک سعیدی این بهار / Norouz 1394 - Babak Saeedi In Bahar,https://www.youtube.com/watch?v=tBjhHaL6c7Q
نوروز ۱۳۹۴ - رعنا منصور اگر منو داشتی / Norouz 1394 - Rana Mansour Agar Mano Dashti,https://www.youtube.com/watch?v=Tks3jxXeWeU
بحران جوانی,https://www.youtube.com/watch?v=qNvNvJZc_rQ
گفتگو با استاد دانشگاهی که به‌دلیل «صدای زنانه» لغو قرارداد شد,https://www.youtube.com/watch?v=phcDtPtVUnA
من و تو برای هر نوع سلیقه,https://www.youtube.com/watch?v=PhWo6f_oKZ8
صنعت پاپ و بار در بریتانیا,https://www.youtube.com/watch?v=p0TJnUEoT_M
جشنواره ایرانی ادینبورگ - قسمت ۳,https://www.youtube.com/watch?v=S-r5HANiT-Q
جشنواره ایرانی ادینبورگ - قسمت ۲,https://www.youtube.com/watch?v=qEeNyBSDMhQ
تنها آرزوی مادرم دفن شدن در کنار ستار است که از بالا نمی‌گذارند,https://www.youtube.com/watch?v=E7s4PBdZZjU
گزارش ویژه: نبود مدرسه در روستای «قالاجیق»,https://www.youtube.com/watch?v=TcFKqf2y6Lk
مجید درخشانی: بعد از انقلاب احساس گناه می‌کنیم,https://www.youtube.com/watch?v=sM44k6W0hhA
خلیفه قناد - کیک یزدی و شیرینی سپه سالاری,https://www.youtube.com/watch?v=AXdng2XZjIs
پاسخ تلویحی رهبر به روحانی: چرا «نابخردانه» دستاوردها را انکار می‌کنید؟,https://www.youtube.com/watch?v=VaP1EFP1T2w
آزاده و خلیفه قناد - شیرینی رولت,https://www.youtube.com/watch?v=s_8EEMrSMLA
گفتگو با فردی که گروگان‌گیر سیدنی را از ایران می شناخت,https://www.youtube.com/watch?v=01rmKz76UjA
روحانی: «مسکن مهر» نمونه بی‌نظیر بی‌انضباطی مالی بود,https://www.youtube.com/watch?v=87MFvx9rj6M
"روحانی: ""تازه به دوران رسیده""ها لازم نیست نگران انقلاب باشند",https://www.youtube.com/watch?v=I61Sgf6xVJ8
آثار تحریم‌ها بر اقتصاد ایران,https://www.youtube.com/watch?v=4ijNGbbiV0Y
اختصاصی: گفتگو با شعله پاکروان و آخرین صدای ریحانه از داخل زندان,https://www.youtube.com/watch?v=RnkQMq_pb5k
"رای ""نه"" مجلس به وزیر علوم پیشنهادی روحانی",https://www.youtube.com/watch?v=VVxTEe4U1-0
اوایل هفته آینده؛ آخرین فرصت ارائه گزارش بورسیه‌های غیرقانونی,https://www.youtube.com/watch?v=EUi7gKPK0tM
شب آواز - صدای صلح / Shab Avaz - Peace Concert,https://www.youtube.com/watch?v=YM8VZrMrffE
پاسخ مطهری به پافشاری جنتی بر اعدام معترضان در حصر,https://www.youtube.com/watch?v=FJ1i-6VNUHY
کودکان نَشکاش؛ قربانی مین های باقی مانده از جنگ,https://www.youtube.com/watch?v=0SYcUrxxvKg
گزارش اختصاصی آرش با مایکل مان سخنگوی کاترین اشتون,https://www.youtube.com/watch?v=hWFAWXE9K-g
نظرسنجی نشان می دهد من و تو۱ محبوب‌ترین شبکه ماهواره‌ای در ایران,https://www.youtube.com/watch?v=OMKbJbyPtuY
نغمه عابدینی: همسرم در زندان توسط «داعشی‌ها» تهدید می‌شود,https://www.youtube.com/watch?v=WO1xwSDg3Tc
پاسخگویی مسئولین به تماسهای تلفنی برنامه جواب,https://www.youtube.com/watch?v=k6T_ODO59sM
تک شو - پشت صحنه / The Tech Show - Bloopers,https://www.youtube.com/watch?v=rH7qeTlGEo0
آخرین وضعیت جسمانی رهبر ایران پس از عمل جراحی,https://www.youtube.com/watch?v=3YMzZSXyOsc
وکیل دانش‌آموزان شین‌آباد: دولت مسوول جبران خسارات وارده به دختران شین‌آباد است.,https://www.youtube.com/watch?v=S7YAukCHQn4
دانش آموز شین آبادی: کاش بتوانم یک بار دیگر گوشواره بگذارم,https://www.youtube.com/watch?v=1XxdADBqCw4
Tech Show ep100vt,https://www.youtube.com/watch?v=qRlLMa4LxVk
جواب با سالومه - مذاکرات هسته‌ای / Javab ba Salome Ep3,https://www.youtube.com/watch?v=rBT9ldzk5wo
Flag Of Iran / پرچم ایران,https://www.youtube.com/watch?v=rf8SnJNdmSk
روحانی خطاب به دلواپسان:غصه نخورید، می‌دانیم چکار می‌کنیم,https://www.youtube.com/watch?v=UpZ8pEii7tc
مدیر شبکه من و تو / Modir Shabake Manoto,https://www.youtube.com/watch?v=xCZbBdy9IFs
تیم ۳۳ - ایران بوسنی / Team 33 - Iran Bosnia,https://www.youtube.com/watch?v=w6y4ddj3yZk
تیم ۳۳ - قبل از بازی با بوسنی / Team 33 - Iran Bosnia Pre,https://www.youtube.com/watch?v=nVTolzjo8UQ
همسفران گروه اف - آرژانتین / Hamsafaran Group F - Argentina,https://www.youtube.com/watch?v=U9RJzQZqddk
همسفران گروه اف - بوسنی / Hamsafaran Group F - Bosnia,https://www.youtube.com/watch?v=EgI_2KwD5XI
تیم ۳۳ - قبل از بازی با آرژانتین / Team 33 - Iran Argentina Pre,https://www.youtube.com/watch?v=RwRoRl-ah3w
گفتگو با گیتی پورفاضل؛ وکیل مسیح علینژاد در تهران,https://www.youtube.com/watch?v=Tum8Gz8AkYA
تیم ‌۳۳ - ایران نیجریه / Team 33 - Iran Nigeria,https://www.youtube.com/watch?v=hb9iWqkQmyI
همسفران گروه اف - نیجریه / Hamsafaran Group F - Nigeria,https://www.youtube.com/watch?v=TI2KvrwNSZo
"Group F: The Nations Behind the Teams, EP1 | همسفران گروه اف - برزیل",https://www.youtube.com/watch?v=YcS_F5xVSh0
شبکه نیم - راوی / Shabake Nim - Ravi,https://www.youtube.com/watch?v=TlTCm4IJ460
شبکه نیم - ایران‌ ایران / Shabake Nim - Iran Iran,https://www.youtube.com/watch?v=2_yQUTwTaIg
گفتگو با مادر دانش آموز هشت ساله ای که در انزلی ناپدید شد!,https://www.youtube.com/watch?v=A90l3Kh1-cY
Shabake Nim - Chera Injoori Shod / شبکه نیم - چرا اینجوری شد,https://www.youtube.com/watch?v=6FF0YCNDF08
روحانی: یک عده بیکار و متوهم مدام غصه دین مردم را می خورند,https://www.youtube.com/watch?v=CeENT_XmXpI
به زندگی من خوش آمدید - آرشید آذرین,https://www.youtube.com/watch?v=IiwrMJF_ijQ
شبکه نیم - حسن جان / Shabake Nim - Hasan jan,https://www.youtube.com/watch?v=_Uqx4kXP33k
خامنه‌ای: انسان بی‌تدبیر به حکومت شیطان تمسک می جوید,https://www.youtube.com/watch?v=p6y3XhEfPD8
خامنه‌ای: نبرد با غرب تا نابودی آمریکا ادامه دارد,https://www.youtube.com/watch?v=wpxhsRWpXBo
شبکه نیم - توی ایرونیم / Shabake Nim - To Ironim,https://www.youtube.com/watch?v=b1jHiUd5ihk
"انگیزه‌ی ""نمایش عمومی"" مجازات ""هَپی‌""ها",https://www.youtube.com/watch?v=9_1Ao2xgfQc
"گفتگو با برادرِ یکی از ""هپی""ها",https://www.youtube.com/watch?v=PfYTrLiWoKw
روحانی: دوران منبرها و تریبون های یکطرفه به سر آمده است,https://www.youtube.com/watch?v=3wxrc5a4ylY
گفتگو با مادر مریم شفیع پور؛ دانشجوی زندانی که نیاز به درمان دارد,https://www.youtube.com/watch?v=KOBE39RvrM8
Shabake Nim - Delvapasim / شبکه نیم - دلواپسیم,https://www.youtube.com/watch?v=gxzEumQhbtI
"Shabake Nim, EP19 | شبکه نیم - قسمت ۱۹",https://www.youtube.com/watch?v=lvB5AiL5F7o
Shabake Nim - Delamoon  Che Gereftast / شبکه نیم - دلامون چه گرفته ‌ست,https://www.youtube.com/watch?v=YC1ryRdYy2s
گفتگو با پدر سایه؛ دانش آموز نخبه ای که در آلمان درگذشت,https://www.youtube.com/watch?v=qBXz6B0TeGQ
Shabake Nim - Bikarim Vay Vay / شبکه نیم - بیکاریم وای وای,https://www.youtube.com/watch?v=9fwQtvhTniA
گفتگو با مادری که پس از دیدن فرزند دربندش از حال رفت,https://www.youtube.com/watch?v=uz_Ha0M4dIE
Shabake Nim - Az To Che Penhoon / شبکه نیم - از تو چه پنهون,https://www.youtube.com/watch?v=adbF-pUPWH4
Shabake Nim - Bavaram Nemishe / شبکه نیم - باورم نمیشه,https://www.youtube.com/watch?v=nqBnuxh36O0
Shabake Nim - Kheylia Raftan Baghali / شبکه نیم - خیلی ها رفتن بقالی,https://www.youtube.com/watch?v=iR_-NjjsUkg
Shabake Nim - Booye Bad filtering  / شبکه نیم - بوی بد فیلترینگ,https://www.youtube.com/watch?v=kmyZPSLpXRY
Shabake Nim - Filter Shodam Dobareh / شبکه نیم - فیلتر شدم دوباره,https://www.youtube.com/watch?v=LkYzsIt68i8
Shabake Nim - Eydo Dige Bikhial / شبکه نیم - عید رو دیگه بی خیال,https://www.youtube.com/watch?v=gZ92QzcUlhg
Shabake Nim - Doostet Daram / شبکه نیم - دوستت دارم,https://www.youtube.com/watch?v=-jhsvCRHBr8
Shabake Nim - Nobahar / شبکه نیم - نوبهار,https://www.youtube.com/watch?v=ZfLBYWQLTgQ
بفرمایید شام - سری جدید، گروه ۱۳ قسمت ۴ / Befarmaeed Sham Canada G13 N4,https://www.youtube.com/watch?v=vTL3hv6N6vg
بفرمایید شام - سری جدید، گروه ۱۳ قسمت ۳ / Befarmaeed Sham Canada G13 N3,https://www.youtube.com/watch?v=O9tIM87Iva0
بفرمایید شام - سری جدید، گروه ۱۳ قسمت ۲ / Befarmaeed Sham Canada G13 N2,https://www.youtube.com/watch?v=d3H3bW3KLFM
بفرمایید شام - سری جدید، گروه ۱۳ قسمت۱ / Befarmaeed Sham Canada G13 N1,https://www.youtube.com/watch?v=k7lSWnSzCM8
اقتصاد ٩٢ چگونه گذشت؟,https://www.youtube.com/watch?v=tS5E2wj8zcY
Shabake Nim - Shabe Eyd / شبکه نیم - شب عید,https://www.youtube.com/watch?v=BrzArOjgtwU
Shabake Nim - BishtaroBishtar / شبکه نیم - بیشتر و بیشتر,https://www.youtube.com/watch?v=cjhp7RLftLU
Shabake Nim - Naft / شبکه نیم - نفت,https://www.youtube.com/watch?v=MN9adpa6go4
بفرمایید شام - سری جدید، گروه ۱۲ قسمت۴ / Befarmaeed Sham Canada G12 N4,https://www.youtube.com/watch?v=2VgkBO-5e1k
بفرمایید شام - سری جدید، گروه ۱۲ قسمت۳ / Befarmaeed Sham Canada G12 N3,https://www.youtube.com/watch?v=itZdsIj9Wzw
بفرمایید شام - سری جدید، گروه ۱۲ قسمت۱ / Befarmaeed Sham Canada G12 N1,https://www.youtube.com/watch?v=o-YdvKyGWGk
بفرمایید شام - سری جدید، گروه ۱۲ قسمت۲ / Befarmaeed Sham Canada G12 N2,https://www.youtube.com/watch?v=xtRmoTYdhJU
بفرمایید شام - سری جدید، گروه ۱۱ قسمت۴ / Befarmaeed Sham Canada G11 N4,https://www.youtube.com/watch?v=tGMnNXEULLI
بفرمایید شام - سری جدید، گروه ۱۱ قسمت۳ / Befarmaeed Sham Canada G11 N3,https://www.youtube.com/watch?v=vjws7sejlqQ
بفرمایید شام - سری جدید٬ گروه ۱۱ قسمت۲ / Befarmaeed Sham Canada G11 N2,https://www.youtube.com/watch?v=qB1bzA35ENs
بفرمایید شام - سری جدید٬ گروه ۱۱ قسمت۱ / Befarmaeed Sham Canada G11 N1,https://www.youtube.com/watch?v=upss1CYLsbI
Shabake Nim - Saddo Bana Kon / شبکه نیم - سد رو بنا کن,https://www.youtube.com/watch?v=ZMj0BSoxGOQ
Shabake Nim - Rohani To Shodi Gole Ma / شبکه نیم - روحانی تو شدی گل ما,https://www.youtube.com/watch?v=0YdbbzkcYjE
"Befarmaeed Sham Canada, G10, N4 | بفرمایید شام - سری جدید، گروه ۱۰ قسمت۴",https://www.youtube.com/watch?v=CXBaI82V2LE
"Befarmaeed Sham, Canada, G10, N3 | بفرمایید شام - سری جدید، گروه ۱۰ قسمت۳",https://www.youtube.com/watch?v=3BYgpQJOkWY
"Befarmaeed Sham, Canada, G10, N2 | بفرمایید شام - سری جدید، گروه ۱۰ قسمت۲",https://www.youtube.com/watch?v=abfeXDFegO8
"Befarmaeed Sham, Canada ,G10, N1 | بفرمایید شام - سری جدید، گروه ۱۰ قسمت۱",https://www.youtube.com/watch?v=oUTIs4QI_ss
Shabake Nim - Klid Dari Too Dastat / شبکه نیم - کلید داری تو دستات,https://www.youtube.com/watch?v=dINaxB-V8r0
Shabake Nim - Hassan Ey Bivafa / شبکه نیم - حسن‌ ای بی‌ وفا,https://www.youtube.com/watch?v=5W5AZqtp3X4
بفرمایید شام - کانادا، گروه ۹ قسمت۴ / Befarmaeed Sham Canada G9 N4,https://www.youtube.com/watch?v=rmJmjt9pgYo
بفرمایید شام - کانادا، گروه ۹ قسمت۳ / Befarmaeed Sham Canada G9 N3,https://www.youtube.com/watch?v=pHs4Wi6gxiI
بفرمایید شام - کانادا، گروه ۹ قسمت۲ / Befarmaeed Sham Canada G9 N2,https://www.youtube.com/watch?v=m3KAeIWI1jI
بفرمایید شام - کانادا، گروه ۹ قسمت۱ / Befarmaeed Sham Canada G9 N1,https://www.youtube.com/watch?v=QMLxpwQRI94
بفرمایید شام - کانادا، گروه ۸ قسمت۳ / Befarmaeed Sham Canada G8 N3,https://www.youtube.com/watch?v=4SpJCf4iNtE
بفرمایید شام - کانادا، گروه ۸ قسمت۲ / Befarmaeed Sham Canada G8 N2,https://www.youtube.com/watch?v=4_Fj1NcHDBg
بفرمایید شام - کانادا، گروه ۸ قسمت۱ / Befarmaeed Sham Canada G8 N1,https://www.youtube.com/watch?v=PB0v__5Ph70
بفرمایید شام - کانادا، گروه ۸ قسمت۴ / Befarmaeed Sham Canada G8 N4,https://www.youtube.com/watch?v=ZWmjqpQJrWc
"Befarmaeed Sham, Canada, G7, N2 | بفرمایید شام - کانادا، گروه ۷ قسمت۲",https://www.youtube.com/watch?v=AviJhBL29Co
"Befarmaeed Sham, Canada, G7, N1 | بفرمایید شام - کانادا، گروه ۷ قسمت۱",https://www.youtube.com/watch?v=XgGB66fayfE
"Befarmaeed Sham, Canada, G7 N4 | بفرمایید شام - کانادا، گروه ۷ قسمت۴",https://www.youtube.com/watch?v=zwnUIjKTWEw
"Befarmaeed Sham, Canada, G7, N3 | بفرمایید شام - کانادا، گروه ۷ قسمت۳",https://www.youtube.com/watch?v=9Sc0aodHXuk
بفرمایید شام - کانادا، گروه ۶ قسمت۳ / Befarmaeed Sham Canada G6 N3,https://www.youtube.com/watch?v=AXE8SVIX1us
بفرمایید شام - کانادا، گروه ۶ قسمت۱ / Befarmaeed Sham Canada G6 N1,https://www.youtube.com/watch?v=DSXM6chrpGM
بفرمایید شام - کانادا، گروه ۶ قسمت۴ / Befarmaeed Sham Canada G6 N4,https://www.youtube.com/watch?v=PNUhGMKxZo4
بفرمایید شام - کانادا، گروه ۶ قسمت۲ / Befarmaeed Sham Canada G6 N2,https://www.youtube.com/watch?v=WCLSzZZLh_w
شبکه نیم٬ سری جدید - تیزر۷,https://www.youtube.com/watch?v=xXUTGRY59Tk
شبکه نیم٬ سری جدید - تیزر۶,https://www.youtube.com/watch?v=b2hrue7GDMk
شبکه نیم٬ سری جدید - تیزر۴,https://www.youtube.com/watch?v=t-xyaE8KgH0
شبکه نیم٬ سری جدید - تیزر۳,https://www.youtube.com/watch?v=s9DlOFKp5AA
شبکه نیم٬ سری جدید - تیزر۲,https://www.youtube.com/watch?v=owRKnTnhom0
"Befarmaeed Sham, Canada, G5, N4 | بفرمایید شام - سری جدید، گروه۵ قسمت۴",https://www.youtube.com/watch?v=9Wa8_zQdQA0
"Befarmaeed Sham, Canada, G5, N3 | بفرمایید شام - سری جدید، گروه۵ قسمت۳",https://www.youtube.com/watch?v=3MaZB_rohYU
"Befarmaeed Sham, Canada, G5, N2 | بفرمایید شام - سری جدید، گروه۵ قسمت۲",https://www.youtube.com/watch?v=YdUZk69svVs
"Befarmaeed Sham, Canada, G5, N1 | بفرمایید شام - سری جدید، گروه۵ قسمت۱",https://www.youtube.com/watch?v=MMElo7umsGE
بفرمایید شام - سری جدید، گروه۴ قسمت۴ / Befarmaeed Sham Canada G4 N4,https://www.youtube.com/watch?v=bGkYyAjmMO0
بفرمایید شام - سری جدید، گروه۴ قسمت۳ / Befarmaeed Sham Canada G4 N3,https://www.youtube.com/watch?v=qMDzxvbR2Zg
بفرمایید شام - سری جدید، گروه۴ قسمت۲ / Befarmaeed Sham Canada G4 N2,https://www.youtube.com/watch?v=btSKZyThrk8
بفرمایید شام - سری جدید، گروه۴ قسمت۱ / Befarmaeed Sham Canada G4 N1,https://www.youtube.com/watch?v=Hc4GIR_4Ssk
بفرمایید شام - کانادا، گروه۳ قسمت۴ / Befarmaeed Sham Canada G3 N4,https://www.youtube.com/watch?v=pMspcUX2sPA
بفرمایید شام - کانادا، گروه۳ قسمت۳ / Befarmaeed Sham Canada G3 N3,https://www.youtube.com/watch?v=8zwweqcZycg
بفرمایید شام - کانادا، گروه۳ قسمت۲ / Befarmaeed Sham Canada G3 N2,https://www.youtube.com/watch?v=Pq8d8tejqi0
بفرمایید شام - کانادا، گروه۳ قسمت۱ / Befarmaeed Sham Canada G3 N1,https://www.youtube.com/watch?v=Omt7e9IYFQE
بفرمایید شام - کانادا، گروه۲ قسمت۲ / Befarmaeed Sham Canada G2 N2,https://www.youtube.com/watch?v=BgQ2jNU1zsA
بفرمایید شام - کانادا، گروه۲ قسمت۴ / Befarmaeed Sham Canada G2 N4,https://www.youtube.com/watch?v=VSTsnGF6HtM
بفرمایید شام - کانادا، گروه۲ قسمت۳ / Befarmaeed Sham Canada G2 N3,https://www.youtube.com/watch?v=YR4w60nDlxU
بفرمایید شام - کانادا، گروه۲ قسمت۱ / Befarmaeed Sham Canada G2 N1,https://www.youtube.com/watch?v=eVlG7x9VmBQ
گزارشگر - تیزر۲ / Gozareshgar,https://www.youtube.com/watch?v=kDWx2Y232xM
بفرمایید شام - کانادا، گروه۱ قسمت۴ / Befarmaeed Sham Canada G1 N4,https://www.youtube.com/watch?v=0vPOii7pC00
بفرمایید شام - کانادا، گروه۱ قسمت۲ / Befarmaeed Sham Canada G1 N2,https://www.youtube.com/watch?v=NVQ9OUyuo0w
بفرمایید شام - کانادا، گروه۱ قسمت۱ / Befarmaeed Sham Canada G1 N1,https://www.youtube.com/watch?v=WENzItHEcJs
بفرمایید شام - کانادا، گروه۱ قسمت۳ / Befarmaeed Sham Canada G1 N3,https://www.youtube.com/watch?v=eOK2kC_IgAc
Team Manoto / تیم من و تو,https://www.youtube.com/watch?v=h6rDHgTGsEw
Dream Of Freedom / رویای آزادی,https://www.youtube.com/watch?v=YlvZMjPVuGs
درخواست روحانی از سپاه برای کمک به اقتصاد ایران,https://www.youtube.com/watch?v=C5LgyKuV-sI
اختصاصی: انتشار نسخه کامل ویدئوی حضور نیروهای ایرانی در سوریه,https://www.youtube.com/watch?v=drmrivqgsJ8
Sali Talk 129 / سالی‌ تاک ۱۲۹,https://www.youtube.com/watch?v=gu_DiJ9e1LE
آمریکا ۱۳ ویدئوی طبقه بندی شده حملات شیمیایی در سوریه را منتشر کرد,https://www.youtube.com/watch?v=qDTBAWrz9Ec
نیویورک تایمز: ایران؛ یکی از دلایل تصمیم اوباما درباره سوریه,https://www.youtube.com/watch?v=1OyacVFzaSA
مخالفان اسد از کنگره آمریکا خواستند با اقدام نظامی در سوریه موافقت کند,https://www.youtube.com/watch?v=lFFhAfeyBgQ
اوباما و سوریه؛ آزمون بزرگ رییس جمهوری که با جنگ میانه خوبی ندارد,https://www.youtube.com/watch?v=ItMoVJhO668
واکنش مقامات تهران و مسکو به مداخله احتمالی نظامی در سوریه,https://www.youtube.com/watch?v=gy3zO4jwS_0
"حمله محدود ""تنبیهی""؛ بهترین گزینه اوباما در سوریه",https://www.youtube.com/watch?v=_TTTO-2yrOc
Sali Talk 127 / سالی‌ تاک ۱۲۷,https://www.youtube.com/watch?v=Wjz4kum5lQ4
احتمال مداخله نظامی آمریکا در سوریه و هشدار ایران,https://www.youtube.com/watch?v=T9uKFBBH9xQ
آسوشیتدپرس: تحریم ها منجر به تغییر سیاست اتمی ایران نشده اند,https://www.youtube.com/watch?v=Q8SQSq68hi8
دولت جدید و تغییر لحن اتمی ایران,https://www.youtube.com/watch?v=c1kQ4rLL-5M
سازمان ملل خواستار تحقیق فوری درباره حمله شیمیایی اخیر در سوریه شد,https://www.youtube.com/watch?v=LGt3m6uXIxI
Sali Talk 126 / سالی‌ تاک ۱۲۶,https://www.youtube.com/watch?v=HHceXQIgaZk
"""ایران ۱۸۰۰۰ سانتریفیوژ در اختیار دارد""",https://www.youtube.com/watch?v=pDAOY_584NU
Sali Talk 125 / سالی‌ تاک ۱۲۵,https://www.youtube.com/watch?v=1fp5xVFaRKw
سفر ژنرال ارشد آمریکایی به اسراییل و گفتگو درباره ایران,https://www.youtube.com/watch?v=rvl6vu3C1c8
Sali Talk 124 / سالی‌ تاک ۱۲۴,https://www.youtube.com/watch?v=1PnPspa4qts
Shabake Nim - Nagoo nemiam / شبکه نیم - نگو نمیام,https://www.youtube.com/watch?v=e2UyEiwVRJM
Shabake Nim - Man amadeh am / شبکه نیم -من آمده ام,https://www.youtube.com/watch?v=gT3dx_KeTvI
Shabake Nim - To azizeh delami / شبکه نیم - تو عزیز دلمی,https://www.youtube.com/watch?v=uGxp8k7g_Wg
نمایندگان آمریکا دور جدید تحریم‌ها علیه ایران را تصویب کردند,https://www.youtube.com/watch?v=oyed_1bzguw
Sali Talk 123 / سالی‌ تاک ۱۲۳,https://www.youtube.com/watch?v=DKPPbQOqqiw
وزارت خارجه تمایل ایران به مذاکره مستقیم با آمریکا را رد کرد,https://www.youtube.com/watch?v=GS2Fz8kTAfg
درگیری‌های خونین در قاهره میان حامیان و مخالفان محمد مرسی,https://www.youtube.com/watch?v=m1q5Clt_oRE
امیدواری غرب به حل مناقشه اتمی ایران با روی کار آمدن روحانی,https://www.youtube.com/watch?v=0tJbmlQ5U5A
Shabake Nim - Mikham Beram Be Canada / شبکه نیم - میخوام برم به کانادا,https://www.youtube.com/watch?v=mO-aMB0-Itk
Sali Talk 122 / سالی‌ تاک ۱۲۲,https://www.youtube.com/watch?v=z3bjBjKP4IQ
توافق اسراییل و فلسطین برای از سرگیری مذاکرات پس از سه سال,https://www.youtube.com/watch?v=V_XdxO3F0Hk
Shabake Nim - Nemishe Shadi Konin / شبکه نیم - نمی‌شه شادی کنین,https://www.youtube.com/watch?v=kofa64ysYL0
Shabake Nim - KorKori / شبکه نیم - کُرکُری,https://www.youtube.com/watch?v=_rQKoPcaWy4
Sali Talk 121 / سالی‌ تاک ۱۲۱,https://www.youtube.com/watch?v=WS9QPHjyRyA
Shabake Nim - Ziarat / شبکه نیم - زیارت,https://www.youtube.com/watch?v=RkU37yZwXk4
Sali Talk 120 / سالی‌ تاک ۱۲۰,https://www.youtube.com/watch?v=d50wGYbAUKU
اقدام ارتش مصر؛ کودتایی نظامی یا دموکراتیک؟,https://www.youtube.com/watch?v=mRuuFHaA0Ys
Shabake Nim - Hame Chi Daghoone / شبکه نیم - همه چی‌ داغونه,https://www.youtube.com/watch?v=063rIZSoqHQ
"Shabake Nim - Lobnan,Lobnan / شبکه نیم - لبنان لبنان",https://www.youtube.com/watch?v=S1c_dTOAAO0
Sali Talk 119 / سالی‌ تاک ۱۱۹,https://www.youtube.com/watch?v=FDeuPsUJ41k
"پیروزی حسن روحانی و ""بحران هویت"" اصولگرایان",https://www.youtube.com/watch?v=vx4NsILu2cY
حملات گسترده ارتش رژیم اسد به حمص,https://www.youtube.com/watch?v=vF7tW2olxbU
عباسی دوانی: تغییری در برنامه اتمی ایران صورت نخواهد گرفت,https://www.youtube.com/watch?v=LjydBOQevuI
Shabake Nim - Madreseye Nezaam/ / شبکه نیم - مدرسه ی نظام,https://www.youtube.com/watch?v=VeFNIhjNwzw
Shabake Nim - Dolate Maa / شبکه نیم - دولت ما,https://www.youtube.com/watch?v=PdsT6p14cLg
Sali Talk 118 / سالی‌ تاک ۱۱۸,https://www.youtube.com/watch?v=B2C1M0UJdqg
"روزنامه ""زمان"": ایران مشغول تاثیرگذاری بر روند اعتراضات ترکیه است",https://www.youtube.com/watch?v=2PaDr0zaKxo
Shabake Nim / شبکه نیم,https://www.youtube.com/watch?v=s7hrH11cgQU
بررسی ارسال تسلیحات به مخالفان در نشست آتی 'دوستان سوریه' در قطر,https://www.youtube.com/watch?v=E2hvRASci1g
ایران به جام جهانی‌ فوتبال صعود کرد,https://www.youtube.com/watch?v=8Z1ppAsk9-Q
Sali Talk 117 / سالی‌ تاک ۱۱۷,https://www.youtube.com/watch?v=Y8IOf6hy7GA
چالش های مهم پیش روی رییس دولت یازدهم,https://www.youtube.com/watch?v=DpQ0sYeGe0s
ایران چهار هزار نیروی مسلح به سوریه می فرستد,https://www.youtube.com/watch?v=dD345FgK5x4
"حسن روحانی؛ رییس جمهور ""اعتدال گرا"" و نزدیک به رهبر",https://www.youtube.com/watch?v=Fjgc0_RaXGg
Shabake Nim - Shoma Ham Mirin Ke Ray Bedin? / شبکه نیم - شما هم میرین که رای بدین؟,https://www.youtube.com/watch?v=hHFj6nzG-pg
حضور چهره‌های کلیدی نظام در نخستین دقایق رای گیری,https://www.youtube.com/watch?v=fo_Mw1CC4MQ
یک کشته در جریان اعتراضات در برابر سفارت ایران در بیروت,https://www.youtube.com/watch?v=MxKr1QPPAvQ
ایران اقدام تروریستی علیه زائران ایرانی در عراق را محکوم کرد,https://www.youtube.com/watch?v=QdclYejkiDc
"تحلیل ""اکونومیست"" از تصمیم طرفداران اصلاحات برای شرکت در انتخابات",https://www.youtube.com/watch?v=r1EplRoMDGQ
شبکه نیم - یه فیلمایی / Shabake Nim - Ye Filmayi,https://www.youtube.com/watch?v=ziDlmsWz2mM
تلاش نمایندگان آمریکایی برای تحریم بیشتر نفت ایران در تابستان سال جاری,https://www.youtube.com/watch?v=oc1iWZzp8-Y
لغو تحریم ابزار ارتباطی؛ کمک به جریان دموکراسی خواهی در آستانه انتخابات؟,https://www.youtube.com/watch?v=93hq4HWuZkM
تحریم‌های جدید ایالات متحده علیه 'ریال' ایران,https://www.youtube.com/watch?v=lIDGyRoeshI
Sali Talk 115 / سالی‌ تاک ۱۱۵,https://www.youtube.com/watch?v=HSTG7fYLRS8
راه اندازی نیروگاه آب سنگین در اراک و نگرانی از حمله زودهنگام اسراییل به تاسیسات اتمی,https://www.youtube.com/watch?v=lRuIHBM6-Mg
شعارهای زیبا در محدوده اختیارات رهبر؛ افق ناروشن حل مشکلات اقتصادی,https://www.youtube.com/watch?v=PEhdfnnfp00
دادستان آرژانتین: ایران سرگرم ایجاد شبکه های تروریستی,https://www.youtube.com/watch?v=Ry4IgApGx5o
کانادا کلیه روابط تجاری و مالی خود را با ایران قطع کرد,https://www.youtube.com/watch?v=k71Nd7Ohru0
توقف ارسال اسلحه ایرانی به حزب الله پس از سقوط بشار اسد,https://www.youtube.com/watch?v=fHwXmgnTlDQ
رابطه با رهبر؛ ملاک تاثیر رییس جمهور در صحنه سیاست ایران,https://www.youtube.com/watch?v=Mo41Tz9kwfI
"""تجزیه سوریه""؛ گزینه مطلوب ایران، اعراب و اسراییل؟",https://www.youtube.com/watch?v=FwJuRmWdVuM
سفیر اسراییل: جنگ در سوریه نباید مانع توجه به برنامه اتمی ایران شود,https://www.youtube.com/watch?v=QogRhFVkTRU
سیاست خارجی؛ مهمترین چالش رییس جمهور آینده ایران,https://www.youtube.com/watch?v=BRit-6MHkLw
کوهن: تحریم ها بر کاهش حمایت ایران از بشار اسد موثر بوده اند,https://www.youtube.com/watch?v=t1fInenv2fg
بشار اسد: کناره گیری از قدرت فرار از مسوولیت است,https://www.youtube.com/watch?v=DuPREBf_PPg
"واکنش مثبت منتقدان پس از اولین نمایش ""گذشته"" در کن",https://www.youtube.com/watch?v=D98wbHjwHf0
Googoosh - Noghteye Payan / گوگوش - نقطه ی پایان,https://www.youtube.com/watch?v=6LnRVlamIlw
توضیحات دیوید کوهن درباره تاثیر تحریم‌ها بر ایران,https://www.youtube.com/watch?v=Tkum9h8bqVE
طرح کنگره آمریکا برای تحریم صد در صدی نفت ایران,https://www.youtube.com/watch?v=WfxQfC2Ilz4
"تکذیب نزول رتبه ایران در ""اوپک""",https://www.youtube.com/watch?v=-ZqgeguYI5c
۸۰ هزار نفر؛ جانباختگان جنگ داخلی سوریه,https://www.youtube.com/watch?v=T0rwFObz3SQ
Sali Talk 112 / سالی‌ تاک ۱۱۲,https://www.youtube.com/watch?v=n_fLfWJbwJo
رژیم اسد هرگونه مشارکت در انفجارهای اخیر ترکیه را رد کرد,https://www.youtube.com/watch?v=MX5nNka6Uow
تحریم‌های جدید آمریکا علیه شرکت‌های ایرانی,https://www.youtube.com/watch?v=cZKYkThbG-Y
ایران سفیر خود را از قبرس فرا خواند,https://www.youtube.com/watch?v=Rzi8vl34uak
تصویب تحریم‌های جدید مالی علیه ایران در سنای آمریکا,https://www.youtube.com/watch?v=sx-uW7YAw2M
"تصاحب سمت ریاست بخش تحقیقات ""اوپک"" توسط عربستان",https://www.youtube.com/watch?v=vdEQnOFV7XA
"خداحافظی پیرمرد اسکاتلندی با ""شیاطین سرخ""",https://www.youtube.com/watch?v=ZUDwkuheWUw
Setareh Cinema - Parviz Sayad | ستاره سینما - پرویز صیاد,https://www.youtube.com/watch?v=fHTNtJXFH7M
"قهرمانی ""استقلال"" و ""سپاهان"" همراه با خداحافظی مهدوی کیا و علی کریمی‌",https://www.youtube.com/watch?v=Ln2taXQIDpQ
گزارش هائی مبنی بر استفاده سلاح شیمیائی توسط مخالفان اسد,https://www.youtube.com/watch?v=pQaPIQVXK-E
Sali Talk S6 Ep13 / سالی‌ تاک سری ششم، قسمت ۱۳,https://www.youtube.com/watch?v=99h1Mzt8aJ4
طرح کمیسیون تلفیق برای کاهش اعتبارات یارانه‌های نقدی,https://www.youtube.com/watch?v=hfL7YekZ6Ho
"شاهزاده رضا پهلوی: ""برگزاری انتخابات آزاد، تنها وظیفه شورای ملی ایران""",https://www.youtube.com/watch?v=sADW7rVZMaQ
وزیر پیشین بهداشت نسبت به مبادله‌ای شدن ارز دارو به مجلس هشدار دارد,https://www.youtube.com/watch?v=eT6yuSkBxLw
سلاح شیمیائی در سوریه؛ تکرار سناریوی عراق یا واقعیت؟,https://www.youtube.com/watch?v=RNWZIj1ma6Q
Sali Talk S6 Ep12 / سالی‌ تاک سری ششم، قسمت ۱۲,https://www.youtube.com/watch?v=JHK-VGUZD28
میلیون‌ها بشکه نفت انبار شده بر روی شناورهای ایرانی,https://www.youtube.com/watch?v=rrj3g11aEHA
"تحلیل ""کریستین ساینس مانیتور"" از حضور ""القاعده"" در ایران",https://www.youtube.com/watch?v=QIwxBQd0s2k
"آمریکا ""ایران اتمی"" را تحمل نخواهد کرد",https://www.youtube.com/watch?v=W-pyidjytqU
استعفای معاون آمانو و رویکرد آژانس اتمی در قبال ایران,https://www.youtube.com/watch?v=umVDu8-N4f8
Sali Talk S6 Ep11 / سالی‌ تاک سری ششم، قسمت ۱۱,https://www.youtube.com/watch?v=IyRxql5G8gU
آغاز دور سفر وزیر دفاع آمریکا به خاورمیانه,https://www.youtube.com/watch?v=GebQv8zMa6E
اظهارات تهدید آمیز مقامات سیاسی و نظامی ایران در روز ارتش,https://www.youtube.com/watch?v=uiFjNXRzhio
Setareh Cinema - Fardin | ستاره سینما - فردین,https://www.youtube.com/watch?v=e0NF_kI50Jc
انفجارهای ماراتن بوستون دست کم سه کشته و بیش از صد زخمی برجای گذاشت,https://www.youtube.com/watch?v=Z23hjNUvq1w
"گزارش ""رویترز"" از اهداف سفر محمود احمدی نژاد به نیجر",https://www.youtube.com/watch?v=lxgSYfabujE
"تحلیل ""وال استریت ژورنال"" از سفر جان کری به خاور میانه و شرق آسیا",https://www.youtube.com/watch?v=7QB7Z6AX8SA
ابراز نارضایتی ایران از سقوط قیمت نفت به زیر صد دلار,https://www.youtube.com/watch?v=DtNqcb4xN_c
Sali Talk S6 Ep10 / سالی‌ تاک سری ششم، قسمت۱۰,https://www.youtube.com/watch?v=bI17DIZgzC8
انتقاد روسیه از گشایش واحد جدید تولید کیک زرد در ایران,https://www.youtube.com/watch?v=K5wj47V4RoE
بابک زنجانی: تحریم های جدید شهرت من را بیشتر کرده است,https://www.youtube.com/watch?v=GCEhqsuydts
نیروی های نظامی سوری عمدی به غیر نظامیان حمله می کنند,https://www.youtube.com/watch?v=a8p7dTD7bnI
رد کلیات بودجه ۹۲ در کمیسیون تلفیق,https://www.youtube.com/watch?v=yT8ufn2rxSs
پایان بی ثمر روز دوم مذاکرات آلماتی,https://www.youtube.com/watch?v=kXFXA63Z4ek
اعتراض سلفیون مصر به گسترش روابط تهران و قاهره,https://www.youtube.com/watch?v=IN12s743uKc
"پیروزی ""استقلال"" و ""رئال مادرید"" در آسیا و اروپا",https://www.youtube.com/watch?v=WSDEkcHmZ48
"Befarmaeed Sham / بفرمایید شام Group64, E4",https://www.youtube.com/watch?v=B9Yp2IzpVjc
سیزدهم فروردین؛ روزی که نحس نیست و نماد پیروزی است,https://www.youtube.com/watch?v=Gxue-Z8SWBA
"Befarmaeed Sham / بفرمایید شام Group64, E3",https://www.youtube.com/watch?v=lM42oD3cAmc
میانگین نرخ تورم سال ۹۱ از مرز ۳۰ درصد گذشت,https://www.youtube.com/watch?v=5U9YY26bfgs
Sali Talk S6 Ep8/ سالی‌ تاک سری ششم، قسمت ۸,https://www.youtube.com/watch?v=_Mk8mSV8cjg
"Befarmaeed Sham / بفرمایید شام Group64, E2",https://www.youtube.com/watch?v=toxQXHAYo8Q
فرهاد رهبر با قاطعیت گفت که همچنان رئیس دانشگاه تهران است,https://www.youtube.com/watch?v=3POP3bAgC_4
طنز پرداز مصری به دستور دادستان این کشور دستگیر شد,https://www.youtube.com/watch?v=N7XhRPS6AGc
"Befarmaeed Sham / بفرمایید شام Group64, E1",https://www.youtube.com/watch?v=SZgQbVSSULk
"نگرانی رهبران ""بریکس"" از تهدید نظامی علیه ایران",https://www.youtube.com/watch?v=UKch7HBBqhU
یک ابرنفتکش چینی در سواحل جنوبی ایران,https://www.youtube.com/watch?v=PQ5IGh3mQCU
"Befarmaeed Sham / بفرمایید شام Group63, E4",https://www.youtube.com/watch?v=ufzLDguLee4
"Befarmaeed Sham / بفرمایید شام Group63, E3",https://www.youtube.com/watch?v=ajEoAU5vwQg
Googoosh Music Academy - To Daryayi,https://www.youtube.com/watch?v=sA9ffz0ciXo
Sali Talk S6 Ep7/ سالی‌ تاک سری ششم، قسمت ۷,https://www.youtube.com/watch?v=oLPSCn0Z2rw
"Befarmaeed Sham / بفرمایید شام Group63, E2",https://www.youtube.com/watch?v=5Ed5wmaJ-mo
آکادمی موسیقی گوگوش سری سوم قسمت۱۹ آخرین اجرای زنده | Googoosh Music Academy S3 Ep19,https://www.youtube.com/watch?v=05vP5KfQQFM
"Befarmaeed Sham / بفرمایید شام Group63, E1",https://www.youtube.com/watch?v=lSdTIZVfeNA
آکادمی موسیقی گوگوش سری سوم قسمت۲۰ فینال |   Googoosh Music Academy S3 Ep20 FINAL,https://www.youtube.com/watch?v=M9cVhMTZMoM
واکنش اوباما به اظهارات اخیر آیت الله خامنه ای,https://www.youtube.com/watch?v=Os5kC5vMVLA
نخست وزیر لبنان استعفا کرد,https://www.youtube.com/watch?v=_znn8lOZq60
Sali Talk S6 Ep6/ سالی‌ تاک سری ششم، قسمت ۶,https://www.youtube.com/watch?v=NsD2OZ-UBN4
تک‌ شو- سری چهارم - قسمت ۷ / The Tech Show S4 Ep 7,https://www.youtube.com/watch?v=_9qsQfG07vM
رای اعتماد مجلس به وزیر بهداشت,https://www.youtube.com/watch?v=cPDZlxIAgMo
مذاکرات کارشناسان هسته ای ایران و گروه ۱+۵ در استانبول,https://www.youtube.com/watch?v=57eVXUCBark
آکادمی موسیقی گوگوش سری سوم قسمت۱۸ نتیجه آرا | Googoosh Music Academy S3 Ep18,https://www.youtube.com/watch?v=T4cZh2jEc4Q
آکادمی موسیقی گوگوش سری سوم قسمت۱۷ اجرای زنده | Googoosh Music Academy S3 Ep17,https://www.youtube.com/watch?v=7fbZyjKc4MI
بخوان آزادی,https://www.youtube.com/watch?v=KZcjAupF-RA
درخواست بازرگانان ترکیه برای صدور دو پاسپورت,https://www.youtube.com/watch?v=QiM5wVNlNFw
Sali Talk S6 Ep5/ سالی‌ تاک سری ششم، قسمت ۵,https://www.youtube.com/watch?v=7IiPLti-LKo
آکادمی موسیقی گوگوش سری سوم قسمت۱۶ نتیجه آرا | Googoosh Music Academy S3 Ep16,https://www.youtube.com/watch?v=6X3rBDCDN40
آکادمی موسیقی گوگوش سری سوم قسمت۱۵ اجرای زنده | Googoosh Music Academy S3 Ep15,https://www.youtube.com/watch?v=mvHrjiU-rH0
"در شرایط پیچیده امروز باید در کوره ""امید"" دمیده شود",https://www.youtube.com/watch?v=CQPKXms5Zlw
اتحادیه عرب کرسی سوریه را به ائتلاف ملی واگذار کرد,https://www.youtube.com/watch?v=_9o69ZCTWPA
نمایندگان طرح ساماندهی تعطیلات رسمی را پس می‌گیرند,https://www.youtube.com/watch?v=T47UUFRZZI8
"آژانس باید ثابت کند که تاسیسات ""پارچین"" هسته ای است",https://www.youtube.com/watch?v=yc7LHkZMiQk
Sali Talk S6 Ep4 / سالی‌ تاک سری ششم، قسمت۴,https://www.youtube.com/watch?v=RwRZz93yj7g
آکادمی موسیقی گوگوش سری سوم قسمت۱۴ نتیجه آرا | Googoosh Music Academy S3 Ep14,https://www.youtube.com/watch?v=zx7wDtFvTyg
مقامات قضایی آرژانتین به ایران سفر می کنند,https://www.youtube.com/watch?v=iQkImamVK8A
ضبط گذرنامه‌های کامبوزیا پرتوی و مریم مقدم در تهران,https://www.youtube.com/watch?v=44AjaCYWWEs
آکادمی موسیقی گوگوش سری سوم قسمت ۱۳ | Googoosh Music Academy S3 Ep13,https://www.youtube.com/watch?v=FlqJSScR5A4
پایان دور جدید مذاکرات اتمی در آلماتی,https://www.youtube.com/watch?v=6NgjZ73mWS4
Sali Talk S6 Ep3 / سالی‌ تاک سری ششم، قسمت۳,https://www.youtube.com/watch?v=yK6HSjNGHh8
اسکار هشتاد و پنج؛ بن افلک یا تارانتینو، مساله این است!,https://www.youtube.com/watch?v=lR4WJTk0WmY
آکادمی موسیقی گوگوش سری سوم قسمت ۱۲ | Googoosh Music Academy S3 Ep12,https://www.youtube.com/watch?v=gYMhVDfmPjE
آکادمی موسیقی گوگوش سری سوم قسمت ۱۱ | Googoosh Music Academy S3 Ep11,https://www.youtube.com/watch?v=ehvqfHe9WcI
تیم ملی‌ کشتی‌ آزاد ایران فینالیست شد,https://www.youtube.com/watch?v=zN1h_kSsrO0
کنگره آمریکا سرگرم تهیه مجازات هایی تازه علیه ایران,https://www.youtube.com/watch?v=LZXPAx0yL5I
تیم ملی کشتی فرنگی ایران در یک قدمی فینال,https://www.youtube.com/watch?v=P6_iIIHF9kI
ایران از مذاکرات قزاقستان به عنوان فرصت مهم یاد کرد,https://www.youtube.com/watch?v=f8YEmi_OtSc
"احکام اعدام چهار متهم ""اختلاس بزرگ""",https://www.youtube.com/watch?v=1YLs4V4KoKI
تدبیر حامد کرزی برای جلوگیری از شکنجه در افغانستان,https://www.youtube.com/watch?v=CyKLf2PGPZQ
"اهدای ""خرس نقره ای"" به آخرین اثر مشترک جعفر پناهی",https://www.youtube.com/watch?v=mWVcI8grTD0
Sali Talk S6 Ep2 / سالی‌ تاک سری ششم، قسمت۲,https://www.youtube.com/watch?v=9N8IVLc9jK0
ائتلاف آمریکا، ایران و روسیه برای جلوگیری از حذف کشتی,https://www.youtube.com/watch?v=Ngt9YTgYxn8
غرب در مذاکرات اتمی با ایران نرمش از خود نشان می دهد,https://www.youtube.com/watch?v=qPELaU936Uw
آکادمی موسیقی گوگوش سری سوم قسمت ۱۰ | Googoosh Music Academy S3 Ep10,https://www.youtube.com/watch?v=wj8mTRDBEpA
آکادمی موسیقی گوگوش سری سوم قسمت ۹ | Googoosh Music Academy S3 Ep09,https://www.youtube.com/watch?v=1V4C1YdHbRQ
یکی از فرماندهان سپاه در سوریه کشته شد,https://www.youtube.com/watch?v=ttOjMNhYd04
تلاش های تهران برای توسعۀ فعالیت های اتمی,https://www.youtube.com/watch?v=kAx8SzebshE
"جعفر پناهی در پس ""پردۀ بسته""",https://www.youtube.com/watch?v=nmLSHNxeBes
چالش‌های تعیین حداقل دستمزد سال ۹۲,https://www.youtube.com/watch?v=d4yQDDyFAFk
آکادمی موسیقی گوگوش سری سوم قسمت ۸ | Googoosh Music Academy S3 Ep08,https://www.youtube.com/watch?v=b1QrAwQWj0A
اقتصاد با من و تو - فارکس,https://www.youtube.com/watch?v=sxP2HPMO65Q
اقتصاد با من و تو - تاخیر در مرحله دوم هدفمندی یارانه ها,https://www.youtube.com/watch?v=EIXSyEf3mXA
آکادمی موسیقی گوگوش سری سوم قسمت ۷ | Googoosh Music Academy S3 Ep07,https://www.youtube.com/watch?v=lbe0lGy_uoI
آکادمی موسیقی‌ گوگوش۳ - تیزر۸,https://www.youtube.com/watch?v=VNFwbsHrijE
احمدی نژاد از مذاکرۀ مستقیم با آمریکا استقبال کرد,https://www.youtube.com/watch?v=VU9AxX_8GNs
محمد مُرسی از محمود احمدی نژاد در قاهره استقبال کرد,https://www.youtube.com/watch?v=tzPHQBOI54I
ایران در صورت اطمینان از آمریکا وارد گفتگومی شود,https://www.youtube.com/watch?v=dgc-FW2q7eY
اقتصاد با من و تو - قسمت ۱ / Eghtesad S1 - Ep1,https://www.youtube.com/watch?v=MfD3V2mY4E4
آکادمی موسیقی گوگوش سری سوم قسمت ۶ | Googoosh Music Academy S3 Ep06,https://www.youtube.com/watch?v=zockO7lfDQs
آکادمی موسیقی گوگوش سری سوم قسمت ۵ | Googoosh Music Academy S3 Ep05,https://www.youtube.com/watch?v=7C5MKR-XRfA
اقتصاد با من و تو,https://www.youtube.com/watch?v=TS4Ml_UauF8
توافق آرژانتین و ایران بر سر سوءقصد خونین بوئنوس آیرس,https://www.youtube.com/watch?v=S_2z7H74d08
Dancing On Ice,https://www.youtube.com/watch?v=t94SlP-JcFk
آکادمی موسیقی گوگوش سری سوم قسمت ۴ | Googoosh Music Academy S3 Ep04,https://www.youtube.com/watch?v=g2UdxQps2U0
کنسرت گوگوش - رویال آلبرت هال لندن,https://www.youtube.com/watch?v=AM5K-JwFTjQ
آکادمی موسیقی‌ گوگوش۳ - تمرین آهنگ ها,https://www.youtube.com/watch?v=auPW0S7kDKI
آکادمی موسیقی‌ گوگوش۳ - تولد تولد,https://www.youtube.com/watch?v=xi7lHBVlJMc
آکادمی موسیقی‌ گوگوش۳ - آماده شدن برای اولین اجرا,https://www.youtube.com/watch?v=imNSyg2q4F4
آشتون ایران را مسئول تأخیر در گفتگوهای اتمی دانست,https://www.youtube.com/watch?v=nYBHtse2ZVA
کاهش پنجاه درصدی تولیدخودرو در ایران در نتیجۀ تحریم ها,https://www.youtube.com/watch?v=I4FH4gI01xQ
آکادمی موسیقی‌ گوگوش۳ - اولین دیدار,https://www.youtube.com/watch?v=0TRoz-eqHOs
آکادمی موسیقی‌ گوگوش۳ - کلاس ورزش,https://www.youtube.com/watch?v=84BMpb5ECSA
آکادمی موسیقی گوگوش سری سوم قسمت ۳ | Googoosh Music Academy S3 Ep03,https://www.youtube.com/watch?v=dnLDseydxDY
توافق دولت و مجلس بر اجرای مرحلۀ دوم هدفمندی یارانه ها,https://www.youtube.com/watch?v=o4LGccgs8do
Paul McCartney - ۱۲ بهمن,https://www.youtube.com/watch?v=PZXzlJ1mHUg
آکادمی موسیقی‌ گوگوش - چهارشنبه و جمعه,https://www.youtube.com/watch?v=0K6pGiIdFi4
باراک اوباما امروز در مقابل مردم آمریکا ادای سوگند کرد,https://www.youtube.com/watch?v=GZHVYgAjs0I
آکادمی موسیقی گوگوش سری سوم قسمت ۲ | Googoosh Music Academy S3 Ep02,https://www.youtube.com/watch?v=_3NIqXdatMA
پیام سیاسی سربسته رفسنجانی به رهبران ایران,https://www.youtube.com/watch?v=9TOZxpwzU8Q
آکادمی موسیقی‌ گوگوش، آزمون صدا - ندا,https://www.youtube.com/watch?v=dM9_J5_Rm3g
آکادمی موسیقی‌ گوگوش، آزمون صدا - مجید,https://www.youtube.com/watch?v=ewmwfryFvPk
آکادمی موسیقی‌ گوگوش، آزمون صدا - آدرین,https://www.youtube.com/watch?v=hSGFALid5JM
آکادمی موسیقی‌ گوگوش، آزمون صدا - دلسا,https://www.youtube.com/watch?v=4f1m4DdcARQ
آکادمی موسیقی‌ گوگوش، آزمون صدا - شاهین,https://www.youtube.com/watch?v=A-Nm2GjlXXc
آکادمی موسیقی‌ گوگوش، آزمون صدا - کیان,https://www.youtube.com/watch?v=DfdJUtop3sI
آکادمی موسیقی‌ گوگوش، آزمون صدا - امیربهمن,https://www.youtube.com/watch?v=NLN4hDUL9ik
آکادمی موسیقی‌ گوگوش، آزمون صدا - روشنا,https://www.youtube.com/watch?v=VDr4FqeeefQ
آکادمی موسیقی‌ گوگوش، آزمون صدا - هلن,https://www.youtube.com/watch?v=VGNwdZqUtDE
آکادمی موسیقی‌ گوگوش، آزمون صدا - امیرحسین,https://www.youtube.com/watch?v=YqFe7kradoE
آکادمی موسیقی‌ گوگوش، آزمون صدا - آریا,https://www.youtube.com/watch?v=lCbALBdcHkw
آکادمی موسیقی‌ گوگوش، آزمون صدا - احسان,https://www.youtube.com/watch?v=nEpfSiFo2Qc
آکادمی موسیقی‌ گوگوش، آزمون صدا - شهرزاد,https://www.youtube.com/watch?v=vPPE5Qd1Cfo
ایران یک میلیارد دلار اعتبار در اختیار رژیم اسد گذاشت,https://www.youtube.com/watch?v=-ErIHcc63Ew
آکادمی موسیقی گوگوش سری سوم قسمت ۱ | Googoosh Music Academy S3 Ep01,https://www.youtube.com/watch?v=OinFQpa4qAw
ویژه برنامه - نیاز,https://www.youtube.com/watch?v=yUUsszOWFtw
ایران سال ۲۰۱۴ می تواند سلاح اتمی تولید کند,https://www.youtube.com/watch?v=XjTOO_8COr4
طرح بزرگ استیون هاوکینگ - ۲۰ بهمن,https://www.youtube.com/watch?v=vZXzyTDXWZU
دو شرکت هواپیمایی  پروازهای خود به ایران را متوقف کردند,https://www.youtube.com/watch?v=KM6TP_VaD7Q
حملات روحانیان طرفدار آیت الله خامنه ای به رفسنجانی,https://www.youtube.com/watch?v=1IXAgyRJV6g
محکومیت یک تاجر انگلیسی و فروش تجهیزات نظامی به ایران,https://www.youtube.com/watch?v=8ccmDtsc-so
هنرنامه - آلمان,https://www.youtube.com/watch?v=4pSMvrPg2tU
آکادمی موسیقی‌ گوگوش - تیزر۴,https://www.youtube.com/watch?v=GT3XtWmY_cI
هدف از سفر سردار سلیمانی به مصر به روایت تایمز,https://www.youtube.com/watch?v=a5h11QSXXH4
مراسم گلدن گلوب ۲۰۱۳,https://www.youtube.com/watch?v=3rsNLDsPpNc
ایران: هدف موشک های پاتریوت حفاظت از اسرائیل است‎,https://www.youtube.com/watch?v=_YEi2W4Muio
پوتین عازم دهلی نو شد,https://www.youtube.com/watch?v=sUgvY-L7Hd4
دو ایرانی دستگیر شده در تایلند در معرض مجازات اعدام,https://www.youtube.com/watch?v=2E1bCH5M_aM
Latin Grammy Awards,https://www.youtube.com/watch?v=yUJhgcKkdSU
سری جدید آکادمی موسیقی گوگوش - تیزر۲,https://www.youtube.com/watch?v=0b7jdK2CU24
هشدار ترکیه به ایران در خصوص موشک های پاتریوت,https://www.youtube.com/watch?v=Xnj4gMwtqBk
"Befarmaeed Sham / بفرمایید شام Group62, E4",https://www.youtube.com/watch?v=gWIr7FHFuxs
MISS UNIVERSE 2012,https://www.youtube.com/watch?v=92SQ6OofyIo
"Befarmaeed Sham / بفرمایید شام Group62, E3",https://www.youtube.com/watch?v=efCviEL8an8
آکادمی موسیقی‌ گوگوش - تیزر۱,https://www.youtube.com/watch?v=T_Rnk4swEfY
"Befarmaeed Sham / بفرمایید شام Group62, E2",https://www.youtube.com/watch?v=6vOe4FViF4U
سرلشگر فیروزآبادی، موشک های پاتریوت وجنگ جهانی سوم,https://www.youtube.com/watch?v=UKfOIrKyO6U
"Befarmaeed Sham / بفرمایید شام Group62, E1",https://www.youtube.com/watch?v=HNStsP615Aw
روسیه: نمی توان سقوط بشار اسد را منتفی دانست,https://www.youtube.com/watch?v=StYunrp7dq0
"Befarmaeed Sham / بفرمایید شام Group61, E4",https://www.youtube.com/watch?v=ayilYI8N2zo
"Befarmaeed Sham / بفرمایید شام Group61, E3",https://www.youtube.com/watch?v=pQO8t-jWGzo
همکاری گستردۀ ایران و کره شمالی در زمینۀ موشکی,https://www.youtube.com/watch?v=qp24H6yCkXk
"Befarmaeed Sham / بفرمایید شام Group61, E2",https://www.youtube.com/watch?v=XKbq1qPu0IE
دو ویژه برنامه نوسترادموس - ۱ دی‌,https://www.youtube.com/watch?v=i_tlWIWxSEQ
محمد مُرسی اختیارات ویژه اش را لغو کرد,https://www.youtube.com/watch?v=9j5VtvaGapU
"Befarmaeed Sham / بفرمایید شام Group61, E1",https://www.youtube.com/watch?v=qaANLWrUIks
موشک های پاتریوت ناتو در ترکیه علیه سوریه یا ایران؟,https://www.youtube.com/watch?v=L-Lhtx3c4EI
"Befarmaeed Sham / بفرمایید شام Group60, E4",https://www.youtube.com/watch?v=nwi5uEx_drw
"Befarmaeed Sham / بفرمایید شام Group60, E3",https://www.youtube.com/watch?v=oc-ijQ6bFzI
آمریکا نگران از پلوتونیوم میله های سوخت نیروگاه بوشهر,https://www.youtube.com/watch?v=904NQW5XdWU
"Befarmaeed Sham / بفرمایید شام Group60, E2",https://www.youtube.com/watch?v=5c6Lzs0i-MQ
"Befarmaeed Sham / بفرمایید شام Group60, E1",https://www.youtube.com/watch?v=YHf6YEqwgHs
گزارشگر,https://www.youtube.com/watch?v=yk61q1-4HZ4
"Befarmaeed Sham / بفرمایید شام Group59, E4",https://www.youtube.com/watch?v=oW9TvVl-HEY
"Befarmaeed Sham / بفرمایید شام Group59, E3",https://www.youtube.com/watch?v=IPSHx0cajjY
میشل سلیمان ایران را به نقض حاکمیت ملی لبنان متهم کرد,https://www.youtube.com/watch?v=3h5ddTXz0Vo
"Befarmaeed Sham / بفرمایید شام Group59, E2",https://www.youtube.com/watch?v=IJn14HIyTzU
گزارش ساندی تایمز دربارۀ ارسال اسلحه ایران به نوار غزه,https://www.youtube.com/watch?v=7yRfmTOsS98
داستانهای خانواده فورسایت - ۲دی‌,https://www.youtube.com/watch?v=uAV55aatd2k
سری دوم ماجراهای مرداک - ۴ دی‌,https://www.youtube.com/watch?v=OzvnGYXrqvs
"Befarmaeed Sham / بفرمایید شام Group59, E1",https://www.youtube.com/watch?v=-j-qpCksl4A
اسرائیل و حماس بر سر آتش بس به توافق رسیدند,https://www.youtube.com/watch?v=-eahYFtujnU
"Befarmaeed Sham / بفرمایید شام Group58, E4",https://www.youtube.com/watch?v=i3BKAFh_eu0
پرز : ایران حماس را به ادامۀ جنگ ترغیب می کند,https://www.youtube.com/watch?v=0gwS3i-ev0I
"Befarmaeed Sham / بفرمایید شام Group58, E3",https://www.youtube.com/watch?v=Twr6n2KPupE
"Befarmaeed Sham / بفرمایید شام Group58, E2",https://www.youtube.com/watch?v=9c6hMyuMUOo
"Befarmaeed Sham / بفرمایید شام Group58, E1",https://www.youtube.com/watch?v=zMBJVAKwzIQ
Sali Talk S5 Ep10 / سالی‌ تاک سری پنجم، قسمت۱۰,https://www.youtube.com/watch?v=nQJaZ3myJMw
تأکید اوباما بر لزوم تلاش برای حل بحران اتمی ایران,https://www.youtube.com/watch?v=M4ZGRSN1_7s
رستم قاسمی: وضعیت نفت ایران رو به بهبود است,https://www.youtube.com/watch?v=0h6ToCtsAnE
تک‌ شو- سری سوم - قسمت ۸ / The Tech Show S3 Ep 8,https://www.youtube.com/watch?v=0bfBsts33Ik
"Befarmaeed Sham / بفرمایید شام Group57, E4",https://www.youtube.com/watch?v=WWQejK_u7KA
"Befarmaeed Sham / بفرمایید شام Group57, E3",https://www.youtube.com/watch?v=0lVbsfqBeEw
Greasemania,https://www.youtube.com/watch?v=X_hKkxGIW5A
"Befarmaeed Sham / بفرمایید شام Group57, E2",https://www.youtube.com/watch?v=cQyKkOHKjpM
"Befarmaeed Sham / بفرمایید شام Group57, E1",https://www.youtube.com/watch?v=Lt8XBy9Oadg
آمریکا رویکرد تازه ای در قبال ایران در پیش می گیرد,https://www.youtube.com/watch?v=OG7dLcAC-7o
Sali Talk S5 Ep9 / سالی‌ تاک سری پنجم، قسمت ۹,https://www.youtube.com/watch?v=svy768n1IYs
هشدار اسد نسبت به نتایج جهانی مداخله نظامی در سوریه,https://www.youtube.com/watch?v=iPcq_lPOlY0
"Befarmaeed Sham / بفرمایید شام Group56, E4",https://www.youtube.com/watch?v=exdQb0SEG5I
ایران و سوریه دو موضوع اصلی رییس جمهوری جدید آمریکا,https://www.youtube.com/watch?v=q7U1pZt4WLI
"Befarmaeed Sham / بفرمایید شام Group56, E3",https://www.youtube.com/watch?v=rhJpL2Fi0NI
سفر دیوید کامرون به کشورهای خلیج فارس,https://www.youtube.com/watch?v=zAly33n1ros
"Befarmaeed Sham / بفرمایید شام Group56, E2",https://www.youtube.com/watch?v=EzmQ0LPmqcI
ایران غنی سازی اورانیوم با غلظت بالا رامتوقف نکرده,https://www.youtube.com/watch?v=GFlR8LJG_Fw
"Befarmaeed Sham / بفرمایید شام Group56, E1",https://www.youtube.com/watch?v=ABqt9paZkok
Sali Talk S5 Ep8 / سالی‌ تاک سری پنجم، قسمت ۸,https://www.youtube.com/watch?v=A1Z47LIVy6U
"Befarmaeed Sham / بفرمایید شام Group55, E4",https://www.youtube.com/watch?v=AZiK_w73pNs
توفان به قطع برق میلیون ها خانوار در آمریکا منجر شد,https://www.youtube.com/watch?v=TIbRjoZp5qc
"Befarmaeed Sham / بفرمایید شام Group55, E3",https://www.youtube.com/watch?v=tT4Lx9WhAwI
"Befarmaeed Sham / بفرمایید شام Group55, E2",https://www.youtube.com/watch?v=WCifnu7jrN4
ولایتی مذاکرات مخفیانه ایران با آمریکا را دروغ خواند,https://www.youtube.com/watch?v=XLCfhpX1jDE
"Befarmaeed Sham / بفرمایید شام Group55, E1",https://www.youtube.com/watch?v=BfMypknVqcM
Sali Talk S5 Ep7 / سالی‌ تاک سری پنجم، قسمت ۷,https://www.youtube.com/watch?v=qm2KIZO2axo
"Befarmaeed Sham / بفرمایید شام Group54, E4",https://www.youtube.com/watch?v=E9zTw7jOaoA
جدال قدرت میان احمدی نژاد و برادران لاریجانی,https://www.youtube.com/watch?v=MP4or1ljBSg
"Befarmaeed Sham / بفرمایید شام Group54, E3",https://www.youtube.com/watch?v=9bvnhpvLXnQ
در اثر تحریم ها دولت ایران آمادۀ گفتگو است,https://www.youtube.com/watch?v=s5OXeihAoGg
"Befarmaeed Sham / بفرمایید شام Group54, E2",https://www.youtube.com/watch?v=dM8BEu75374
خانم مارپل - آینه‌ های فریب,https://www.youtube.com/watch?v=CC9-FIB9cx4
"Befarmaeed Sham / بفرمایید شام Group54, E1",https://www.youtube.com/watch?v=kL-DPGWeGMY
روسیه مجازات های جدید اروپا علیه ایران را محکوم کرد,https://www.youtube.com/watch?v=K5iMOV56zAE
"Befarmaeed Sham / بفرمایید شام Group53, E4",https://www.youtube.com/watch?v=vil_T9UG5vs
"Befarmaeed Sham / بفرمایید شام Group53, E3",https://www.youtube.com/watch?v=ti1ooq8-zkk
سه شرکت اروپایی برای ایران اسکناس چاپ نمی کنند,https://www.youtube.com/watch?v=jfJZFgGrj18
"Befarmaeed Sham / بفرمایید شام Group53, E2",https://www.youtube.com/watch?v=K-lSpXlsHJk
"Befarmaeed Sham / بفرمایید شام Group53, E1",https://www.youtube.com/watch?v=KhKRfwC3Pgo
Sali Talk S5 Ep5 / سالی‌ تاک سری پنجم، قسمت ۵,https://www.youtube.com/watch?v=1MyuOpHKwrY
پیش بینی صندوق بین المللی پول و دلگرمی تهران,https://www.youtube.com/watch?v=BYTeSAgiCYA
"Befarmaeed Sham / بفرمایید شام Group52, E4",https://www.youtube.com/watch?v=aDyvnkMIIvA
نگرانی تهران از کاهش صادرات نفت به هند,https://www.youtube.com/watch?v=pPuP5Uvpl0U
"Befarmaeed Sham / بفرمایید شام Group52, E3",https://www.youtube.com/watch?v=BJNqv57c3Ks
"Befarmaeed Sham / بفرمایید شام Group52, E2",https://www.youtube.com/watch?v=pEYfGn6CRHU
"Befarmaeed Sham / بفرمایید شام Group52, E1",https://www.youtube.com/watch?v=7ww9dJMCt-Y
کنگره آمریکا در پی تشدید تحریم ها علیه ایران,https://www.youtube.com/watch?v=7O2_RhIHq7U
آمریکا: ایران همکاری کند تحریم ها کاهش می یابند,https://www.youtube.com/watch?v=iFvnnenRaXc
"Befarmaeed Sham / بفرمایید شام Group51, E4",https://www.youtube.com/watch?v=8D5QIEy8qEg
"Befarmaeed Sham / بفرمایید شام Group51, E3",https://www.youtube.com/watch?v=gqhDyk__ICk
"Befarmaeed Sham / بفرمایید شام Group51, E2",https://www.youtube.com/watch?v=S-9z09jZtWE
پنج بازار تاریخی حلب در آتش سوختند,https://www.youtube.com/watch?v=o8JHMpnIBdY
"Befarmaeed Sham / بفرمایید شام Group51, E1",https://www.youtube.com/watch?v=6pAbYOQ1gZs
Sali Talk S5 Ep3 / سالی‌ تاک سری پنجم، قسمت ۳,https://www.youtube.com/watch?v=uqxOJkaZpDY
اسرائیل: ایران در آستانۀ ورشکستگی اقتصادی,https://www.youtube.com/watch?v=DrCYzkH56gk
"Befarmaeed Sham / بفرمایید شام Group50, E4",https://www.youtube.com/watch?v=9_1cH9mMUYI
"Befarmaeed Sham / بفرمایید شام Group50, E2",https://www.youtube.com/watch?v=Cpwb3ki53Uk
"Befarmaeed Sham / بفرمایید شام Group50, E3",https://www.youtube.com/watch?v=xGR-4b_6cek
"Befarmaeed Sham / بفرمایید شام Group50, E1",https://www.youtube.com/watch?v=X7z9Bl-LllA
فرماندۀ سپاه برای جنگ با اسرائیل آماده باش داد,https://www.youtube.com/watch?v=GFtYnk6a3ys
Sali Talk S5 Ep2 / سالی‌ تاک سری پنجم، قسمت ۲,https://www.youtube.com/watch?v=yJPHFlqVEUM
Sali Talk S5 Ep1 / سالی‌ تاک سری پنجم، قسمت ۱,https://www.youtube.com/watch?v=U9sH86YlzXE
جستجوی هیولا - گرگینه های آمریکایی,https://www.youtube.com/watch?v=XrPFqxIjkTA
شصت میلیارد دلار کاهش سالانۀ درآمدهای نفتی ایران,https://www.youtube.com/watch?v=BNwJzY3GWaE
توافق ٦ قدرت جهانی در آژانس بر سر برنامۀ اتمی ایران,https://www.youtube.com/watch?v=Keil2vU1Um8
Ancient Aliens/ ما و فرا زمینی ها,https://www.youtube.com/watch?v=HFFz7G6u1TI
پورمحمدی دهها میلیارد اموال دولت را برده است,https://www.youtube.com/watch?v=UfZtgemCN0s
بیوگرافی - بنی هیل / Biography - Benny Hill,https://www.youtube.com/watch?v=DGT978kaSAA
بیماران قربانیان تحریم ها علیه ایران هستند,https://www.youtube.com/watch?v=taFoU5nHAY4
محاکمۀ محمد جهرمی و محمودرضا خاوری در پروندۀ اختلاس,https://www.youtube.com/watch?v=RII75ICZHqE
جراید اسرائیلی از پیام اوباما به ایران سخن می گویند,https://www.youtube.com/watch?v=UwRJfb99wMA
لاریجانی:در ملاقات با کی مون احمد شهید را دروغگو خواندم,https://www.youtube.com/watch?v=dzq8UlYx6so
Sali Talk S4 Ep13 / سالی‌ تاک سری چهارم، قسمت ۱۳,https://www.youtube.com/watch?v=zQCxLZkVBkY
فاتحان - اندرو جکسون فاتح فلوریدا,https://www.youtube.com/watch?v=vPdit5NL-bk
گزارش آژانس برنامۀ اتمی ایران برغم تحریمها توسعه یافته,https://www.youtube.com/watch?v=qpEwxhLQrX0
نشست غیرمتعهد و اهداف تهران از نظر وال استریت جورنال,https://www.youtube.com/watch?v=bwbDS2JMKMc
فاتحان - ژنرال ویلیام هو فاتح نیویورک,https://www.youtube.com/watch?v=xf6n2Rx1HtE
نیل آرمسترانگ درگذشت,https://www.youtube.com/watch?v=dxaqtr6dIGk
پاپ آپ ویدیو - ویژه مایکل جکسون,https://www.youtube.com/watch?v=clGN0stx9Mw
نگرانی تهران از بروز اعتراض‌ها در اجلاس غیرمتعهدها,https://www.youtube.com/watch?v=YxzYyZ41W3k
Sali Talk S4 Ep12 / سالی‌ تاک سری چهارم، قسمت ۱۲,https://www.youtube.com/watch?v=G05CZI28uFQ
ایران صدها هزار تن گندم مخفیانه از اروپا خریده است,https://www.youtube.com/watch?v=olW16etfUyE
برترین سلاح ها / Ultimate Weapons,https://www.youtube.com/watch?v=AAMi3S28-xI
آمریکا : مشکل ژولیان آسونژ ربطی به واشنگتن ندارد,https://www.youtube.com/watch?v=1Scb_MRb0So
بان کی مون در نشست غیرمتعهدها در تهران شرکت نمی کند,https://www.youtube.com/watch?v=mdLNzt0K4Zk
Sali Talk S4 Ep11 / سالی‌ تاک سری چهارم، قسمت ۱۱,https://www.youtube.com/watch?v=TCWPHQBgqAo
Simply Red Consert / کنسرت سیمپلی رد,https://www.youtube.com/watch?v=9zLade-t1Jg
Backgammon Showdown: London EP05 | جفت شیش قسمت پنجم,https://www.youtube.com/watch?v=0lNpjBtOe4s
پنج زخمی در انفجار ستاد مشترک ارتش سوریه,https://www.youtube.com/watch?v=RV6XBsRt38k
Backgammon Showdown: London | جفت شیش قسمت چهارم,https://www.youtube.com/watch?v=7KZvwvPFSpM
ایران کمک های خارجی به زلزله زدگان را می پذیرد,https://www.youtube.com/watch?v=Dl-cuSNcRBQ
Backgammon Showdown: London EP03 | جفت شیش قسمت سوم,https://www.youtube.com/watch?v=ETAWHlzDGyQ
تدابیر مقامات برای کمک به قربانیان زلزلۀ آذربایجان,https://www.youtube.com/watch?v=sTLgEiY4Oak
Backgammon Showdown: London EP02 | جفت شیش قسمت دوم,https://www.youtube.com/watch?v=X_EHwpPEeGY
حدود سه هزار کشته و زخمی در زمین لرزۀ آذربایجان,https://www.youtube.com/watch?v=tpPpXVkDeAk
Backgammon Showdown: London EP01 | جفت شیش قسمت اول,https://www.youtube.com/watch?v=8H62bCVKQ2k
کی بود؟ چی گفت؟ چی شد؟,https://www.youtube.com/watch?v=sW3lUs8Awz8
Sali Talk S4 Ep10 / سالی‌ تاک سری چهارم، قسمت ۱۰,https://www.youtube.com/watch?v=aWpCJk2YNow
مصطفی کمال آتاتورک / Mustafa Kemal Atatürk,https://www.youtube.com/watch?v=G9gxTv_JqYk
مخالفان اسد : ایرانیان ربوده شده اعضای سپاه هستند,https://www.youtube.com/watch?v=6WCaEgm2Z-g
Sali Talk S4 Ep9 / سالی‌ تاک سری چهارم، قسمت ۹,https://www.youtube.com/watch?v=gt1G1pcdcWE
فروش گستردۀ سلاح های آمریکایی به اعراب منطقه,https://www.youtube.com/watch?v=BVL9bGHELno
چهار متهم پروندۀ اختلاس بزرگ به اعدام محکوم شدند,https://www.youtube.com/watch?v=uNcKZaMlXi0
دکتر کپی | بهترین‌های سری پنجم - بخش دوم,https://www.youtube.com/watch?v=AZPXiv-NJMo
علم الهدی : دولت وظیفۀ تأمین غذای مردم را ندارد‎,https://www.youtube.com/watch?v=ag72cTiUEAs
From Tehran to Cairo | از تهران تا قاهره,https://www.youtube.com/watch?v=4tPj9TbU0lE
Sali Talk S4 Ep8 / سالی‌ تاک سری چهارم، قسمت ۸,https://www.youtube.com/watch?v=ibreRUbWWxw
Sali Talk S4 Ep7 / سالی‌ تاک سری چهارم، قسمت ۷,https://www.youtube.com/watch?v=RnPvav9YZPE
اروپا و آمریکا در پی تشدید مجازات ها علیه ایران,https://www.youtube.com/watch?v=tFWrQ_WwFlQ
انتقاد احمدی نژاد از برخورد ناجا با مردم,https://www.youtube.com/watch?v=3vMAk4F1A2s
هیلاری کلینتون وارد اسرائیل شد,https://www.youtube.com/watch?v=SLp3DQVeiRQ
مخالفان خواستار بمباران کاخ بشاراسد شدند,https://www.youtube.com/watch?v=nuavCjyuFdk
نگرانی فرماندۀ ناجا از نمایش مرغ خوری در تلویزیون,https://www.youtube.com/watch?v=INrW9EeIXho
کی بود؟ چی گفت؟ چی شد؟,https://www.youtube.com/watch?v=euvYIElM3es
بان کی مون انفعال شورای امنیت در قبال سوریه راسرزنش کرد,https://www.youtube.com/watch?v=ML87GAvG7XY
Sali Talk S4 Ep6 / سالی‌ تاک سری چهارم، قسمت ۶,https://www.youtube.com/watch?v=FHvWOmkCE5o
زیردریایی های ضدمین آمریکا در خلیج فارس مستقر شدند,https://www.youtube.com/watch?v=WlC4Y7sgpP0
افزایش ۵۰ درصدی هزینۀ خانوارهای ایرانی در سال ۸۹,https://www.youtube.com/watch?v=AeOnAfL1RiU
Sali Talk S4 Ep5 / سالی‌ تاک سری چهارم، قسمت ۵,https://www.youtube.com/watch?v=7YjBYMHaFl4
تحریم نشست پاریس دربارۀ سوریه توسط مسکو و پکن,https://www.youtube.com/watch?v=KMYOwFXWB8g
آیا مرگ یاسر عرفات در نتیجۀ مسمومیت روی داد؟,https://www.youtube.com/watch?v=nC2UXyMjHH4
"اسد ترکیه را به پشتیبانی از ""تروریست"" ها متهم کرد",https://www.youtube.com/watch?v=eAOCPYgn9xI
نوستراداموس از خیال تا واقعیت - ارتش شیطان,https://www.youtube.com/watch?v=UdEUOMkLfZQ
بشار اسد از سقوط هواپیمای ترکیه ابراز تأسف کرد,https://www.youtube.com/watch?v=aNZU-aooDzk
ایده های بزرگ جیمز می,https://www.youtube.com/watch?v=gbxj9E-D7vs
سپاه پاسداران رزمایش موشکی سه روزه برگزار می کند,https://www.youtube.com/watch?v=vnW9WIGBdlg
مخالفان اسد ازتوافق ژنو بعنوان شکست یاد کردند,https://www.youtube.com/watch?v=f9E1QFEYKVw
ایران خواستار تشکیل جلسۀ فوق العادۀ اوپک شد,https://www.youtube.com/watch?v=9mTc1Bugekg
رهبران ایران: تحریم ها بر اقتصاد ایران بی اثرند,https://www.youtube.com/watch?v=9eiPIgBkQDg
هشدار ایران به غرب نسبت به تحریم های اقتصادی,https://www.youtube.com/watch?v=XFdU6CyqNRw
ایران آمادۀ کمک به حل بحران سوریه است,https://www.youtube.com/watch?v=MkxlrcHYIvg
موافقت قدرت های جهانی با تشکیل حکومت انتقالی در سوریه,https://www.youtube.com/watch?v=tPBYwuUcNC4
گفتگوهای یک روزۀ پوتین در اسرائیل دربارۀ ایران و سوریه,https://www.youtube.com/watch?v=O90HCJBv2Qo
من و تو+ - اقتصاد (پشت پرده ایرانسل)، مار پیتون,https://www.youtube.com/watch?v=YCe_4eAwjJw
جواب - سری سوم، قسمت سیزدهم / Feedback S3 Ep 13,https://www.youtube.com/watch?v=1g_AI3f_ZwQ
Sali Talk S4 Ep3 / سالی‌ تاک سری چهارم، قسمت ۳,https://www.youtube.com/watch?v=vtrTUOr-Umk
رییس جمهوری برزیل تقاضای ملاقات احمدی نژاد را رد کرد,https://www.youtube.com/watch?v=nM5AsGpmnMI
نقش وزارت اطلاعات در فرار محمودرضا خاوری,https://www.youtube.com/watch?v=oUbOl4sY3E8
دور دوم انتخابات ریاست جمهوری مصر آغاز شد,https://www.youtube.com/watch?v=eZP8C_h25uI
Sali Talk S4 Ep2 / سالی‌ تاک سری چهارم، قسمت ۲,https://www.youtube.com/watch?v=RcI8GDtBWkU
خانه و محیط زیست / World Greenest Homes,https://www.youtube.com/watch?v=qTb1UGUbey4
هشدار مسکو در مورد مجازات های آمریکا علیه ایران,https://www.youtube.com/watch?v=-AvA0nizgHs
مذاکرات بغداد بدون نتیجه خاتمه یافت,https://www.youtube.com/watch?v=3imI4gFb114
پخش زنده / Live Streaming,https://www.youtube.com/watch?v=agTCK9Uh384
اسرار ژن / Gene Code,https://www.youtube.com/watch?v=l04YAlOVkxQ
آیا میدانستید؟ / How they do it,https://www.youtube.com/watch?v=VAIcjHNXaNc
کاوشگران میدانهای جنگ,https://www.youtube.com/watch?v=djJf00bpl3s
آمریکا سخنان محمدرضا سجادی را جدی نگرفت,https://www.youtube.com/watch?v=ziC7S2T-ar8
Sali Talk S3 Ep7 / سالی‌ تاک سری سوم، قسمت ۷,https://www.youtube.com/watch?v=TQTFZ8Fxduc
هوتن شو - پشت صحنه / Hootan show - behind the scenes,https://www.youtube.com/watch?v=nUUqBBe7rI8
رد پای خاطره,https://www.youtube.com/watch?v=kWyJ_8MR7mA
کاهش خرید نفت ایران,https://www.youtube.com/watch?v=KJ-9R3yqrMA
Sali Talk S3 Ep6 / سالی‌ تاک سری سوم، قسمت ۶,https://www.youtube.com/watch?v=P3Z_a7x0cBI
نبرد چرنوبیل,https://www.youtube.com/watch?v=qybFN8T6aag
هوتن شو- Hootan Show,https://www.youtube.com/watch?v=KdRJi2DXG_A
گزارش بانک مرکزی در مورد کسری درآمد خانوارهای ایرانی,https://www.youtube.com/watch?v=t5Ptz5abWjI
Sali Talk S3 Ep5 / سالی‌ تاک سری سوم، قسمت ۵,https://www.youtube.com/watch?v=IgEypWR0ZuU
ماجراهای مرداک / Murdock Mysteries,https://www.youtube.com/watch?v=yJ9VjVLTgDk
Sali Talk S3 Ep4 / سالی‌ تاک سری سوم، قسمت ۴,https://www.youtube.com/watch?v=UTlN7lgkH0c
اوباما خواستار کاهش چشمگیر خرید نفت ایران شد,https://www.youtube.com/watch?v=efSjq_i6V6k
"Befarmaeed Sham / بفرمایید شام Group49, E4",https://www.youtube.com/watch?v=OI6qCOUtwsc
"Befarmaeed Sham / بفرمایید شام Group49, E3",https://www.youtube.com/watch?v=HjPBD1PcXWE
"Befarmaeed Sham / بفرمایید شام Group49, E2",https://www.youtube.com/watch?v=1fiMJ7s8Xgs
Sali Talk S3 Ep2 / سالی‌ تاک سری سوم، قسمت ۲,https://www.youtube.com/watch?v=04A3xpAVF3c
خانواده تپل‌ها - آزادی,https://www.youtube.com/watch?v=SXWRmQ84lis
Befarmaeed Shaam - Enayat/ بفرمایید شام لندن سری شش- گروه ۴۸ - میزبانی عنایت ، شب چهارم,https://www.youtube.com/watch?v=W6U8kuzdqlk
Befarmaeed Shaam - Forogh/ بفرمایید شام لندن سری شش- گروه ۴۸ - میزبانی فروغ ، شب سوم,https://www.youtube.com/watch?v=h3A_zT1gZII
شبی با انوشیروان روحانی و رضا روحانی,https://www.youtube.com/watch?v=qQKkVnrqJks
Befarmaeed Shaam - Fati/ بفرمایید شام لندن سری شش- گروه ۴۸ - میزبانی فاطی، شب دوم,https://www.youtube.com/watch?v=v5DZ8aVPWoY
Befarmaeed Shaam - Michael / بفرمایید شام لندن سری شش- گروه ۴۸ - میزبانی میکائیل، شب اول,https://www.youtube.com/watch?v=6QDDBHgH8j8
بی جامه,https://www.youtube.com/watch?v=EYheYxaJlE8
Sali Talk S3 Ep1 / سالی‌ تاک سری سوم، قسمت ۱,https://www.youtube.com/watch?v=6HXfDbokB5Y
من و تو+ - چهارشنبه سوری,https://www.youtube.com/watch?v=O-lmSciWBII
هوتن شو - هفته آینده,https://www.youtube.com/watch?v=LIcORHp0jlc
ویژه برنامه من و تو+ - چهارشنبه سوری,https://www.youtube.com/watch?v=sV-pybqPlRM
بهجت - ۱ فروردین,https://www.youtube.com/watch?v=UW6zMLHvLv4
آیدا - ۱ فروردین,https://www.youtube.com/watch?v=2UU3jXbE-tM
Sali Talk S2 Ep13 / سالی‌ تاک سری دوم، قسمت ۱۳,https://www.youtube.com/watch?v=rZpwUt47PhM
فیلم های صمد آقا,https://www.youtube.com/watch?v=TWIdW3jS_4Q
بهجت خانم - به زودی از من و تو,https://www.youtube.com/watch?v=dFkDznDg9yE
Befarmaeed Shaam - Mahin/ بفرمایید شام لندن سری شش- گروه ۴۷ - میزبانی مهین ، شب چهارم,https://www.youtube.com/watch?v=y61HhQ_pzHk
Befarmaeed Shaam - Maryam/ بفرمایید شام لندن سری شش- گروه ۴۷ - میزبانی مریم ، شب سوم,https://www.youtube.com/watch?v=4audFQO36A4
Befarmaeed Shaam - Shahram/ بفرمایید شام لندن سری شش- گروه ۴۷ - میزبانی شهرام ، شب دوم,https://www.youtube.com/watch?v=Rf7bS3UsaMc
Befarmaeed Shaam - Amir/ بفرمایید شام لندن سری شش- گروه ۴۷ - میزبانی امیر ، شب اول,https://www.youtube.com/watch?v=dPxG9_nb34g
Sali Talk S2 Ep12 / سالی‌ تاک سری دوم، قسمت ۱۲,https://www.youtube.com/watch?v=nfD_BZGYzvU
Befarmaeed Shaam - Mehdi/ بفرمایید شام لندن سری شش- گروه ۴۶ - میزبانی مهدی ، شب چهارم,https://www.youtube.com/watch?v=QJnJMeiaUtA
Befarmaeed Shaam - Mahbod/ بفرمایید شام لندن سری شش- گروه ۴۶ - میزبانی مهبد، شب سوم,https://www.youtube.com/watch?v=LXJaRSIeuTk
Befarmaeed Shaam - Amin/ بفرمایید شام لندن سری شش- گروه ۴۶ - میزبانی امین، شب دوم,https://www.youtube.com/watch?v=SprF64MADqY
Befarmaeed Shaam - Jamal/ بفرمایید شام لندن سری شش- گروه ۴۶ - میزبانی جمال ، شب اول,https://www.youtube.com/watch?v=rnhRiiiALzs
من و تو+-(میترا بابک)زبان بدن شما,https://www.youtube.com/watch?v=_cTyTaR7phQ
"Befarmaeed Shaam - Ali, G45, N4 |  بفرمایید شام لندن سری شش- گروه ۴۵ - میزبانی علی ، شب چهارم",https://www.youtube.com/watch?v=aNexbLSl41w
"Befarmaeed Shaam - Mehdi, G45, N3 |  بفرمایید شام لندن سری شش- گروه ۴۵ - میزبانی مهدی ، شب سوم",https://www.youtube.com/watch?v=3K3rDlrreHU
من و تو+ - لندن، نمایشگاه موتور سیکلت,https://www.youtube.com/watch?v=REnZD2wcTq8
آقا مهدی - خط لندن منچستر - به زودی از من و تو,https://www.youtube.com/watch?v=e-7oxjENsZY
"Befarmaeed Shaam - Hesam, G45, N2 | بفرمایید شام لندن سری شش- گروه ۴۵ - میزبانی حسام، شب دوم",https://www.youtube.com/watch?v=QNSpWMuygCk
"Befarmaeed Shaam ,Farshid, G45, N1 | بفرمایید شام لندن سری شش- گروه ۴۵ - میزبانی فرشید، شب اول",https://www.youtube.com/watch?v=KiVCkXTkCWU
The Tech Show Ep6 / تک‌ شو - قسمت۶,https://www.youtube.com/watch?v=wIGQ4xpYfZQ
من و تو+- کنسرت سالار عقیلی در لندن,https://www.youtube.com/watch?v=itquyH8ovwQ
من و تو+- ویژه ولنتاین,https://www.youtube.com/watch?v=O8hskA4dgPA
Befarmaeed Shaam - Elahe/ بفرمایید شام لندن سری چهارم - گروه ۴۴ - میزبانی الهه ، شب چهارم,https://www.youtube.com/watch?v=Aga6raEZDAM
ایران-نقشی در سوءقصدهای هند و گرجستان نداریم,https://www.youtube.com/watch?v=a8-5dKWm4BU
Befarmaeed Shaam - Yones/ بفرمایید شام لندن سری چهارم - گروه ۴۴ - میزبانی یونس، شب سوم,https://www.youtube.com/watch?v=bv046gDG46c
نخستین گام در جهت سرنگونی بشار اسد,https://www.youtube.com/watch?v=j6xOlqPMhDo
Befarmaeed Shaam - Maral/ بفرمایید شام لندن سری چهارم - گروه ۴۴ - میزبانی مارال ، شب دوم,https://www.youtube.com/watch?v=a6NeDpTpnNs
Befarmaeed Shaam - Rashin/ بفرمایید شام لندن سری چهارم - گروه ۴۴ - میزبانی راشین ، شب اول,https://www.youtube.com/watch?v=ZdU9VXaFNho
عربستان قطعنامه ای راعلیه اسدتسلیم سازمان ملل کرد,https://www.youtube.com/watch?v=ZPLrC4SdBQY
مخالفت سرکوزی با اقدام نظامی علیه ایران,https://www.youtube.com/watch?v=GUTbkizloRs
نصرالله به کمکهای مالی ونظامی ایران اعتراف کرد,https://www.youtube.com/watch?v=0H1cbbNE1nY
من و تو+- چارلز دیکنز، اقتصاد(بازار سکه و طلا),https://www.youtube.com/watch?v=qG4ze__pQyI
Befarmaeed Shaam - Farnaz/ بفرمایید شام لندن سری چهارم - گروه ۴۳ - میزبانی فرناز ، شب چهارم,https://www.youtube.com/watch?v=gasNy9fx_Xo
۵۰ نفردر نتیجۀ بمباران شهر حمص کشته شدند,https://www.youtube.com/watch?v=fsa_NFFhj2c
نتانیاهو خواستار سکوت مقامات دربارۀ حمله به ایران,https://www.youtube.com/watch?v=XMTUR23eqKM
Befarmaeed Shaam - Arash/ بفرمایید شام لندن سری چهارم - گروه ۴۳ - میزبانی آرش ، شب سوم,https://www.youtube.com/watch?v=BPDXfzmSRa4
Befarmaeed Shaam - Gelara/ بفرمایید شام لندن سری چهارم - گروه ۴۳ - میزبانی گلاره ، شب دوم,https://www.youtube.com/watch?v=8N2rh5g5DAo
Befarmaeed Shaam - Atera/ بفرمایید شام لندن سری چهارم - گروه ۴۳ - میزبانی آترا ، شب اول,https://www.youtube.com/watch?v=IcnVDCmuQRk
Sali Talk S2 Ep9 / سالی‌ تاک سری دوم،قسمت نهم,https://www.youtube.com/watch?v=e_rw1zTKcYY
اروپا و نفت ایران,https://www.youtube.com/watch?v=Ax8-so-fOgU
تغییر موضع روسیه در قبال بشار اسد,https://www.youtube.com/watch?v=peGY0mcE8j4
واکنش تُند پاکستان به گزارش ناتو,https://www.youtube.com/watch?v=eSzDGQ6MqeM
من و تو+-مرکز رباتیک، اقتصاد(سیاست‌های جدید ارزی),https://www.youtube.com/watch?v=FcpvGKRwepo
Befarmaeed Shaam - Negar/ بفرمایید شام لندن سری چهارم - گروه ۴۲ - میزبانی نگار ، شب چهارم,https://www.youtube.com/watch?v=jqbbKywD9PU
من و تو+ - خانه سازی چینی‌، میترا بابک,https://www.youtube.com/watch?v=SI0xM8BmNWI
Befarmaeed Shaam - Nasrin/ بفرمایید شام لندن سری چهارم - گروه ۴۲ - میزبانی نسرین ، شب سوم,https://www.youtube.com/watch?v=ov1Pejzp7UE
پانه تا: ایران یک سال با تولید سلاح اتمی فاصله دارد,https://www.youtube.com/watch?v=rloK9bxfonU
من و تو + - لندن، هتلی جالب در لوس آنجلس,https://www.youtube.com/watch?v=exD-iO_qguc
ایران میلیاردها یورو در بانکهای اروپا پنهان کرده است,https://www.youtube.com/watch?v=iTLemX2a75k
بازرسان آژانس وارد تهران شدند,https://www.youtube.com/watch?v=WJUK39ZhpF4
Befarmaeed Shaam - Gelare/ بفرمایید شام لندن سری چهارم - گروه ۴۲ - میزبانی گلاره، شب دوم,https://www.youtube.com/watch?v=FYWYutYqH7g
روسیه با قطعنامۀ پیشنهادی دربارۀ سوریه مخالفت کرد,https://www.youtube.com/watch?v=6u25TbHNNp0
Befarmaeed Shaam - Simin/ بفرمایید شام لندن سری چهارم - گروه ۴۲ - میزبانی سیمین، شب اول,https://www.youtube.com/watch?v=gNg1Vy9tPjs
Sali Talk S2 Ep8 / سالی‌ تاک سری دوم،قسمت هشتم,https://www.youtube.com/watch?v=q0yXWOfbjzc
افزایش فشارها بر ایران و نگرانی از وقوع جنگ,https://www.youtube.com/watch?v=MsGi3qaWdxU
حل مسالمت آمیز برنامه اتمی ایران,https://www.youtube.com/watch?v=_G3QaxJ230o
من و تو+ -نمایشگاه انسان، اقتصاد به زبان ساده,https://www.youtube.com/watch?v=qkBoZpi2YGk
من و تو+ - خانه‌ای در روسیه، میترا بابک,https://www.youtube.com/watch?v=j1GtPsFF2lk
من و تو+ - لندن، گزارشی از کارتون موش کور,https://www.youtube.com/watch?v=7lPwxUgJ0Ns
ناتو وآمریکا به ایران برسرتنگۀ هرمزهشدار دادند,https://www.youtube.com/watch?v=-4gUCHfwhLo
دارایی های بانک مرکزی ایران مسدود می شود,https://www.youtube.com/watch?v=qYb5FMhqtb0
Sali Talk S2 Ep7 / سالی‌ تاک سری دوم،قسمت هفتم,https://www.youtube.com/watch?v=pIuJZI4dyOY
من و تو+ -اقتصاد (پشت پرده بازار ارز),https://www.youtube.com/watch?v=8w69vqrzHOA
جدال احمدی‌نژاد برای کسب قدرت بیشتر,https://www.youtube.com/watch?v=vSxRFFmtCAU
Befarmaeed Shaam - Elahe/ بفرمایید شام لندن سری چهارم - گروه ۴۱ - میزبانی الهه، شب چهارم,https://www.youtube.com/watch?v=0-oNYPiCeqk
Befarmaeed Shaam - Ali / بفرمایید شام لندن سری چهارم - گروه ۴۱ - میزبانی علی، شب سوم,https://www.youtube.com/watch?v=6LvYGNM1TuA
من و تو+- شبیه سازی در ایران، لندن,https://www.youtube.com/watch?v=OyP4yZ-q2d8
مراسم اهدا جوایز گلدن گلوب ۲۰۱۲ / Golden Globe Awards 2012,https://www.youtube.com/watch?v=jwAByDZh5VE
Befarmaeed Shaam - Shahin/ بفرمایید شام لندن سری چهارم - گروه ۴۱ - میزبانی شاهین، شب دوم,https://www.youtube.com/watch?v=cU9n5Kr54XI
ملاقات مخفیانه قاسم سلیمانی بابشاراسد درسوریه,https://www.youtube.com/watch?v=Ix05IPRmm80
Befarmaeed Shaam - Soheyla / بفرمایید شام لندن سری چهارم - گروه ۴۱ - میزبانی سهیلا، شب اول,https://www.youtube.com/watch?v=D6V6lqi6d5M
دو ناو هواپیمابر آمریکایی در خلیج فارس,https://www.youtube.com/watch?v=uPQ_SwAoY9A
اروپا خرید نفت ایران را متوقف کرده,https://www.youtube.com/watch?v=CxG0ghBLew4
شگفتی‌های دنیای امروزی,https://www.youtube.com/watch?v=xkBTx7zkDBc
بحران رابطۀ ایران باآمریکاواسراییل,https://www.youtube.com/watch?v=Oq5efv6CHpw
Befarmaeed Shaam - AliReza / بفرمایید شام لندن سری چهارم - گروه ۴۰ - میزبانی علی رضا، شب جهارم,https://www.youtube.com/watch?v=fN9pdiOo3S4
من و تو+- تکنولوژی در چین، میترا بابک,https://www.youtube.com/watch?v=WC87BcnCaGk
Befarmaeed Shaam - Nina / بفرمایید شام لندن سری چهارم - گروه ۴۰ - میزبانی نینا ، شب سوم,https://www.youtube.com/watch?v=3litlOx_5hA
اقدام مجلس ایران برای پیشگیری از سقوط ریال,https://www.youtube.com/watch?v=nLn4tIvtgTU
من و تو + - لندن، استیون هاوکینگ، نمایشگاه سگ,https://www.youtube.com/watch?v=2U6qEi5AfN4
جواب - سری دوم، قسمت چهارم / Feedback S2 Ep4,https://www.youtube.com/watch?v=ECfDE0QMddA
ایران حاضر به چشم پوشی از غنی سازی اورانیوم نیست,https://www.youtube.com/watch?v=FwSPAXsJAcY
Befarmaeed Shaam - Najme / بفرمایید شام لندن سری چهارم - گروه ۴۰ - میزبانی نجمه، شب دوم,https://www.youtube.com/watch?v=cXakfyM0bP0
Befarmaeed Shaam - Mohamad Reza / بفرمایید شام لندن سری چهارم - گروه ۴۰ - میزبانی محمد رضا، شب اول,https://www.youtube.com/watch?v=YvfZhjIVSZY
Golden Globe Awards 2012  /  مراسم گلدن گلوب ۲۰۱۲,https://www.youtube.com/watch?v=eaJfhYBVOW8
Sali Talk S2 Ep5 / سالی‌ تاک سری دوم،قسمت پنجم,https://www.youtube.com/watch?v=EezZK5wZ89Q
The Tech Show / تک‌ شو,https://www.youtube.com/watch?v=L-1uDHxTisE
افزایش بهای نفت ابتدا نتیجۀ رشد اقتصاد جهانی است,https://www.youtube.com/watch?v=XmZyq4dN3_M
دلار از ۱۶۰۰ تومان نیز گذشت,https://www.youtube.com/watch?v=DltsvtDSihM
من و تو+- میترا بابک,https://www.youtube.com/watch?v=ffXjBZ_op98
نگرانی شدید ایران از تحریم نفت خود,https://www.youtube.com/watch?v=Kq4R7vbiKc8
من و تو+- ظروف خوردنی، اقتصاد(تلاطم در بازار ارز),https://www.youtube.com/watch?v=N1LB5Ev_31I
"Befarmaeed Sham / بفرمایید شام Group39, E4",https://www.youtube.com/watch?v=AkCdlT_SpuE
"من و تو+- نمایشگاه ماشین در چین, میترا بابک",https://www.youtube.com/watch?v=zrPxBNUTi6w
"Befarmaeed Sham / بفرمایید شام Group39, E3",https://www.youtube.com/watch?v=1J0qf4Ik2hs
"Befarmaeed Sham / بفرمایید شام Group39, E2",https://www.youtube.com/watch?v=dyCeliDDTAc
"Befarmaeed Sham / بفرمایید شام Group39, E1",https://www.youtube.com/watch?v=sNC9bHOf1xs
Sali Talk S2 Ep3 / سالی‌ تاک سری دوم،قسمت سوم,https://www.youtube.com/watch?v=eEiiLCGDqYE
فشاربانکهای اماراتی بربازرگانان ایرانی,https://www.youtube.com/watch?v=tZdUK3Xzcyw
من و تو +- ویژه شب یلدا,https://www.youtube.com/watch?v=Q_-k3xWLiAM
Befarmaeed Shaam - Farid / بفرمایید شام لندن سری چهارم - گروه ۳۸ - میزبانی فرید، شب چهارم,https://www.youtube.com/watch?v=8A8Qh2AJvKc
من و تو+-پوسترهای قدیمی، میترا بابک(عذرخواهی),https://www.youtube.com/watch?v=9zd-RjragwI
Befarmaeed Shaam - Shahram / بفرمایید شام لندن سری چهارم - گروه ۳۸ - میزبانی شهرام ، شب سوم,https://www.youtube.com/watch?v=OjRL3f_M5Bs
رهبر کره شمالی درگذشت,https://www.youtube.com/watch?v=abSb8cbrUO8
من و تو+ - فروش آثار هنری در آمریکا، لندن,https://www.youtube.com/watch?v=HFt_pH7d-Tg
آخرین سربازان آمریکایی خاک عراق راترک کردند,https://www.youtube.com/watch?v=Z_KO63rZy-E
Befarmaeed Shaam - Maryam / بفرمایید شام لندن سری چهارم - گروه ۳۸ - میزبانی مریم، شب دوم,https://www.youtube.com/watch?v=T2BJsiawRJ4
Befarmaeed Shaam - Kimiya / بفرمایید شام لندن سری چهارم - گروه ۳۸ - میزبانی کیمیا، شب اول,https://www.youtube.com/watch?v=oWqXKLxqMbg
Sali Talk S2 Ep2 / سالی‌ تاک سری دوم،قسمت دوم,https://www.youtube.com/watch?v=Kk-8l196c2w
سالی دشوار پیش روی ایران,https://www.youtube.com/watch?v=MNB8uzjl6cE
من و تو+- اقتصاد (اختلاف بریتانیا و اروپا),https://www.youtube.com/watch?v=5jBLs8cD6p4
اوباماخواستارعدم مداخلۀ ایران در عراق,https://www.youtube.com/watch?v=lW1IFrbjbFI
Befarmaeed Shaam - Esi / بفرمایید شام لندن سری چهارم - گروه ۳۷ - میزبانی اسی، شب چهارم,https://www.youtube.com/watch?v=zL2UvJ-86wY
من و تو+- هفته مُد روسیه، میترا بابک,https://www.youtube.com/watch?v=-CHm7e7M1kE
رهبران مسکو در مقابل معترضان,https://www.youtube.com/watch?v=cAvTamZ1_WY
Befarmaeed Shaam - Ehsan/ بفرمایید شام لندن سری چهارم - گروه ۳۷ - میزبانی احسان، شب سوم,https://www.youtube.com/watch?v=eIBpexe1GKI
من و تو + - مبلمان نامرئی، لندن,https://www.youtube.com/watch?v=zvwH2jlhMXg
Befarmaeed Shaam - Jafar / بفرمایید شام لندن سری چهارم - گروه ۳۷ - میزبانی جعفر، شب دوم,https://www.youtube.com/watch?v=ikBg1eZTtdU
Befarmaeed Shaam - Maryam / بفرمایید شام لندن سری چهارم - گروه ۳۷ - میزبانی مریم، شب اول,https://www.youtube.com/watch?v=AQRJcTxsDbo
من و تو+- کلودیا کلر، اخبار گجتی,https://www.youtube.com/watch?v=x8e85qsFxS0
Sali Talk S2 Ep1 / سالی‌ تاک سری دوم،قسمت اول,https://www.youtube.com/watch?v=Ur4Lec30tcI
من و تو + -اقتصاد(تحریمهای اقتصادی),https://www.youtube.com/watch?v=gWjw3ztlIp0
من و تو ۱ در خانه ی شما,https://www.youtube.com/watch?v=dFaYlJPeF-U
Befarmaeed Shaam - Roksana / بفرمایید شام لندن سری چهارم - گروه ۳۶ - میزبانی روکسانا، شب چهارم,https://www.youtube.com/watch?v=83VEY1jFdzY
من و تو+ -میترا بابک، جواهرات درکره جنوبی,https://www.youtube.com/watch?v=R6S-lhH5fmI
Befarmaeed Shaam - Shadi / بفرمایید شام لندن سری چهارم - گروه ۳۶ - میزبانی شادی، شب سوم,https://www.youtube.com/watch?v=SY6I7vLQu6Q
من و تو + - تاثیرات خنده بر بیماران قلبی، لندن,https://www.youtube.com/watch?v=TXlfVaBXfho
سرنگونی هواپیمای آمریکایی در ایران,https://www.youtube.com/watch?v=v1ZBGDZGOvM
Befarmaeed Shaam - Forogh / بفرمایید شام لندن سری چهارم - گروه ۳۶ - میزبانی فروغ، شب دوم,https://www.youtube.com/watch?v=hqeGkhqrFgQ
قاسم سلیمانی عامل اشغال سفارتخانۀ انگلستان درتهران,https://www.youtube.com/watch?v=LWykNUycl8Y
Befarmaeed Shaam - Korosh / بفرمایید شام لندن سری چهارم - گروه ۳۶ - میزبانی کوروش، شب اول,https://www.youtube.com/watch?v=d0a7JYNk-80
من و تو+ - اقتصاد به زبان ساده(اقتصاد خواندن در اروپا),https://www.youtube.com/watch?v=DvnVO2uxIOQ
من و تو+- گزارشی آرژانتینی،میترا بابک(حساس بودن),https://www.youtube.com/watch?v=oDFIPArBSCU
تشدید تحریم‌ها علیه تهران,https://www.youtube.com/watch?v=cXxjMOKX2y0
من و تو + - دیواری تاریخی در ایتالیا، لندن,https://www.youtube.com/watch?v=lyoJEaPIyS8
ترکیه ونه اسرائیل هدف اول نظامی ایران است,https://www.youtube.com/watch?v=l1WJ5d4fflE
جواب - قسمت۵۷,https://www.youtube.com/watch?v=XPJImXg1NAY
من و تو+ - اقتصاد ( تحریم بانک مرکزی ),https://www.youtube.com/watch?v=cWSlT3Gqu94
من و تو+ - مین یابی‌، میترا بابک (حساس و با احساس),https://www.youtube.com/watch?v=eel9TQgX570
ایران و بی‌ اعتنایی به گزارش آژانس اتمی‌,https://www.youtube.com/watch?v=A-exs-ft__w
"""Ye Harfaee"" Googoosh feat. Babak Saeedi",https://www.youtube.com/watch?v=En-6zHZQ4vk
من و تو+ - نمایش ماشینهای پرسرعت، لندن,https://www.youtube.com/watch?v=s1Ym-DWvQC4
آکادمی موسیقی گوگوش سری۲ قسمت۱۹ فینال - Googoosh Music Academy S2 Ep19,https://www.youtube.com/watch?v=P8yDYgfLSnY
پشت صحنه ی آکادمی موسیقی گوگوش- قسمت  دهم,https://www.youtube.com/watch?v=rCH9VhFDhFU
من و تو+-سیب انگلیسی، اقتصاد(بحران اقتصادی اروپا),https://www.youtube.com/watch?v=aVADXYrusU0
هیچکس - یک روز خوب میاد,https://www.youtube.com/watch?v=yP0Vde895G0
من و تو+ - اسب اسپانیایی، ٔپل‌های لندن,https://www.youtube.com/watch?v=xlbK7ZfeWZc
چشم انداز - عوامل رشد اقتصادی,https://www.youtube.com/watch?v=JTOkJtL_8TA
آکادمی موسیقی گوگوش سری۲ قسمت۱۸ نتیجه آرا - Googoosh Music Academy S2 Ep18,https://www.youtube.com/watch?v=mW4gxBQe04c
پشت صحنه ی آکادمی موسیقی گوگوش- قسمت  نهم,https://www.youtube.com/watch?v=xutdfLJNmqM
آکادمی موسیقی گوگوش سری۲ قسمت۱۷ اجرای زنده - Googoosh Music Academy S2 Ep17,https://www.youtube.com/watch?v=f5UgtOx_zIo
من و تو+ - تنگه تورس، اقتصاد(اشغال وال استریت),https://www.youtube.com/watch?v=5c97zFgkhyw
جهان و قمار اتمی‌ ایران,https://www.youtube.com/watch?v=VpYj72R1sTo
احمدی نژاد - آمریکا از توان نظامی ما می‌ترسد,https://www.youtube.com/watch?v=TpIAyNu3g4w
من و تو+ - ساختمانی در آلمان، میترا بابک,https://www.youtube.com/watch?v=absPosiVw5M
من و تو+ - نمایشگاهی در فرانسه، لندن(لباس عروس ),https://www.youtube.com/watch?v=A2Ba1JdGlss
وضعیت نظامی و دفاعی ایران,https://www.youtube.com/watch?v=-brtrgPSo38
جواب - قسمت۵۴,https://www.youtube.com/watch?v=elolrKww4ag
چشم انداز - بهار عربی‌ - قسمت دوم : بر آوردها,https://www.youtube.com/watch?v=cPqnc6BlFSc
آکادمی موسیقی گوگوش سری۲ قسمت۱۶ نتیجه آرا - Googoosh Music Academy S2 Ep16,https://www.youtube.com/watch?v=0LqGvn1SPlA
آکادمی موسیقی گوگوش سری۲ قسمت۱۵ اجرای زنده - Googoosh Music Academy S2 Ep15,https://www.youtube.com/watch?v=kUHHC0P51Vs
مجلس و پرونده‌های فساد مالی‌,https://www.youtube.com/watch?v=i_dpNkBu8vw
من و تو+ - تکنولوژی سنسوری، اقتصاد ( نرخ بیکاری در ایران ),https://www.youtube.com/watch?v=UuC_xVWcQXs
رابطه احمدی نژاد با اسکله های غیر قانونی,https://www.youtube.com/watch?v=rdJ_gus6XKg
من و تو + - گزارشی از ترکیه، گفتگو با مازیار قویدل,https://www.youtube.com/watch?v=MAN9vHBjvpE
جواب - ویژه برنامه تولد من و تو,https://www.youtube.com/watch?v=ZraaA5_GSJ0
تروریسم سپاه قدس در خارج از کشور,https://www.youtube.com/watch?v=FuPis8xLv00
چشم انداز - بهار عربی‌ - قسمت اول: انقلاب,https://www.youtube.com/watch?v=thFLuWsFWgw
پشت صحنه ی آکادمی موسیقی گوگوش- قسمت  هفتم,https://www.youtube.com/watch?v=ZDd8JAalx7E
آکادمی موسیقی گوگوش سری۲ قسمت۱۴ نتیجه آرا - Googoosh Music Academy S2 Ep14,https://www.youtube.com/watch?v=kmcwTDTfU54
من و تو+ - ساُند کِلاُد، اقتصاد,https://www.youtube.com/watch?v=rfR36Dq3dPo
آکادمی موسیقی گوگوش سری۲ قسمت۱۳ اجرای زنده - Googoosh Music Academy S2 Ep13,https://www.youtube.com/watch?v=NOvcfvkQ28Q
طرح توطئه قتل سفیر عربستان,https://www.youtube.com/watch?v=NMSGjq6wN2c
تولد یک سالگی من و تو,https://www.youtube.com/watch?v=ohPTxty5VyU
پشت صحنه ی آکادمی موسیقی گوگوش- قسمت  ششم,https://www.youtube.com/watch?v=lhdqHVaiKJM
آکادمی موسیقی گوگوش سری۲ قسمت۱۲ نتیجه آرا - Googoosh Music Academy S2 Ep12,https://www.youtube.com/watch?v=UQdTeWX-If8
Sali Talk E51,https://www.youtube.com/watch?v=Wvoe2JaB0q0
آکادمی موسیقی گوگوش سری۲ قسمت۱۱ اجرای زنده - Googoosh Music Academy S2 Ep11,https://www.youtube.com/watch?v=BX_sxrPXCI4
آکادمی موسیقی‌ گوگوش سری جدید ۲۰۱۱ - یه حرفهایی‌,https://www.youtube.com/watch?v=0okHYUADOjI
قاچاق کالا و ارز,https://www.youtube.com/watch?v=Uqrt63ctUlM
من و تو+ - فروشگاه مجانی‌،میترا بابک,https://www.youtube.com/watch?v=8_oe7FYY_PM
پشت صحنه ی آکادمی موسیقی گوگوش- قسمت  پنجم,https://www.youtube.com/watch?v=re85oV3nJlY
نیروگاه اتمی‌ بوشهر,https://www.youtube.com/watch?v=r8_wIAdCMWI
آکادمی موسیقی گوگوش سری۲ قسمت۱۰ - Googoosh Music Academy S2 Ep10,https://www.youtube.com/watch?v=wn0iNnCAj6s
Sali Talk E50,https://www.youtube.com/watch?v=VL7-Ze4zZ00
آکادمی موسیقی گوگوش سری۲ قسمت۹ - Googoosh Music Academy S2 Ep09,https://www.youtube.com/watch?v=tpwCFGfkiPc
من و تو+ - جهانگردی، اقتصاد,https://www.youtube.com/watch?v=PQVP0Mptf2o
اروپا ۲۹ مقام دیگر حکومت ایران را مجازات کرد,https://www.youtube.com/watch?v=bnHjL7CBDhY
"Befarmaeed Sham / بفرمایید شام Group35, E4",https://www.youtube.com/watch?v=vvXBmUe3Cc0
من و تو+ - جشنواره وسایل نقلیه، میترا بابک,https://www.youtube.com/watch?v=cqKVKjIACe4
وال استریت,https://www.youtube.com/watch?v=SHR_aqbNg9I
پشت صحنه ی آکادمی موسیقی گوگوش- قسمت  چهارم,https://www.youtube.com/watch?v=wK890zTGO9o
"Befarmaeed Sham / بفرمایید شام Group35, E3",https://www.youtube.com/watch?v=BS5OOxJRlOk
نقش دولت رجب طیب اردوغان در جهان و منطقه خاورمیانه,https://www.youtube.com/watch?v=1IYhEInSP1g
"Befarmaeed Sham / بفرمایید شام Group35, E2",https://www.youtube.com/watch?v=3KYDKUVxKMU
"Befarmaeed Sham / بفرمایید شام Group35, E1",https://www.youtube.com/watch?v=pfEJyPcEV2A
آکادمی موسیقی گوگوش سری۲ قسمت۸ - Googoosh Music Academy S2 Ep08,https://www.youtube.com/watch?v=__iLtKNjYDs
Sali Talk E49,https://www.youtube.com/watch?v=mm6ZUeVdYI4
Dorahi - دوراهی EP23,https://www.youtube.com/watch?v=UaMRQivtd1M
آکادمی موسیقی گوگوش سری۲ قسمت۷ - Googoosh Music Academy S2 Ep07,https://www.youtube.com/watch?v=VnI2RC2Opoc
پشت صحنه ی آکادمی موسیقی گوگوش- قسمت  سوم,https://www.youtube.com/watch?v=XQyLsStokvo
پشت صحنه من و تو+ - قسمت۲,https://www.youtube.com/watch?v=g9RzBcqHA9A
"Befarmaeed Sham / بفرمایید شام Group34, E4",https://www.youtube.com/watch?v=IOsH4_Pc9X4
"Befarmaeed Sham / بفرمایید شام Group34, E2",https://www.youtube.com/watch?v=2KcOKspQYyw
"Befarmaeed Sham / بفرمایید شام Group34, E3",https://www.youtube.com/watch?v=pL1XjHsL5aI
آکادمی موسیقی گوگوش سری۲ قسمت۶ - Googoosh Music Academy S2 Ep06,https://www.youtube.com/watch?v=DaYEoSOp6is
"Befarmaeed Sham / بفرمایید شام Group34, E1",https://www.youtube.com/watch?v=exofuvl4nzM
Sali Talk E48,https://www.youtube.com/watch?v=5Hjm_-WAhXE
آکادمی موسیقی گوگوش سری۲ قسمت۵ - Googoosh Music Academy S2 Ep05,https://www.youtube.com/watch?v=s6df12YQNrk
"Befarmaeed Sham / بفرمایید شام Group33, E4",https://www.youtube.com/watch?v=zgi7UFpLaqw
پشت صحنه ی آکادمی موسیقی گوگوش- قسمت  دوم,https://www.youtube.com/watch?v=JTVgeUYVIiM
"Befarmaeed Sham / بفرمایید شام Group33, E3",https://www.youtube.com/watch?v=GYOOyqjDpX8
"Befarmaeed Sham / بفرمایید شام Group33, E2",https://www.youtube.com/watch?v=sDNPWsqfGHY
"Befarmaeed Sham / بفرمایید شام Group33, E1",https://www.youtube.com/watch?v=FrGNTI6DK1s
آکادمی موسیقی گوگوش سری۲ قسمت۴ - Googoosh Music Academy S2 Ep04,https://www.youtube.com/watch?v=QtO2wK9qYKM
Sali Talk E47,https://www.youtube.com/watch?v=WbGvz4Hd-6M
"من و تو +- اقتصاد ,مارک های معروف",https://www.youtube.com/watch?v=S6ipF_jGlXA
آکادمی موسیقی گوگوش سری۲ قسمت۳ - Googoosh Music Academy S2 Ep03,https://www.youtube.com/watch?v=ECYg-MIm5_M
"Befarmaeed Sham / بفرمایید شام Group32, E4",https://www.youtube.com/watch?v=T5XZvwEcBP0
"Befarmaeed Sham / بفرمایید شام Group32, E3",https://www.youtube.com/watch?v=TBV0XTECYdY
پشت صحنه ی آکادمی موسیقی گوگوش- قسمت اول,https://www.youtube.com/watch?v=hlks9to0CPc
"Befarmaeed Sham / بفرمایید شام Group32, E2",https://www.youtube.com/watch?v=Ob9lkVapEL4
"Befarmaeed Sham / بفرمایید شام Group32, E1",https://www.youtube.com/watch?v=ly1zgqGnuhQ
آکادمی موسیقی گوگوش سری۲ قسمت۲ - Googoosh Music Academy S2 Ep02,https://www.youtube.com/watch?v=-RGvxrigXuY
Sali Talk E46,https://www.youtube.com/watch?v=TDRpYN-ymsA
آکادمی موسیقی گوگوش سری۲ قسمت۱ - Googoosh Music Academy S2 Ep01,https://www.youtube.com/watch?v=SuG5C4EzgD4
تیزرسری جدید پشت صحنه آکادمی موسیقی گوگوش,https://www.youtube.com/watch?v=K22f9bXW0a0
Dorahi - دوراهی EP20,https://www.youtube.com/watch?v=ifzLpeJ0nvA
"Befarmaeed Sham, G31, E4 |  بفرمایید شام٬ گروه ۳۱ شب جهارم",https://www.youtube.com/watch?v=z8iWtv2RE5U
"Befarmaeed Sham, G31, E3 | بفرمایید شام٬ گروه ۳۱ شب سوم",https://www.youtube.com/watch?v=kXgbBblCBEA
"Befarmaeed Sham, G31,E2 | بفرمایید شام٬ گروه ۳۱ شب دوم",https://www.youtube.com/watch?v=QT_fw2zYgqU
"Befarmaeed Sham, G31, E1 | بفرمایید شام٬ گروه ۳۱ شب اول",https://www.youtube.com/watch?v=q5n0TtXsHr0
آکادمی موسیقی‌ گوگوش - شماره معکوس,https://www.youtube.com/watch?v=_JyJ4Fh4ZmU
"Befarmaeed Sham / بفرمایید شام Group30, E4",https://www.youtube.com/watch?v=har-cdaxlF4
"Befarmaeed Sham / بفرمایید شام Group30, E3",https://www.youtube.com/watch?v=XIcTuVN2Qnc
"Befarmaeed Sham / بفرمایید شام Group30, E2",https://www.youtube.com/watch?v=Xtau0bRWXZI
"Befarmaeed Sham / بفرمایید شام Group30, E1",https://www.youtube.com/watch?v=mFqDuDHjBpA
آغاز آکادمی موسیقی‌ گوگوش ۲۰۱۱,https://www.youtube.com/watch?v=NTA61x9FlWg
من و تو + ویژه مصاحبه با آرمان,https://www.youtube.com/watch?v=xA139jCBHTQ
۲۳ شهریورآکادمی موسیقی‌ گوگوش ۲۰۱۱,https://www.youtube.com/watch?v=86zn9VTOcUM
من و تو+ -گزارش از هنرمند چینی، افتصاد با سام,https://www.youtube.com/watch?v=jgRVplp5iXs
Sali Talk E42,https://www.youtube.com/watch?v=KiADZVvZ5Q4
من و تو +- میترا بابک(روانکاو)، رپ کامبوج,https://www.youtube.com/watch?v=vjkolKFp50I
Sali Talk E41,https://www.youtube.com/watch?v=jnSR8BfZses
آکادمی موسیقی‌ گوگوش ۲۰۱۱,https://www.youtube.com/watch?v=lzvnEJvT4EA
من و تو+ - سه تار الکتریکی‌، اقتصاد ایران,https://www.youtube.com/watch?v=U2FUQjeBPgU
شب بود - فریدون فرخزاد,https://www.youtube.com/watch?v=TX0_NuEshdc
من و تو+ - سازمان حمایت از کودکان، نعمت آغاسی,https://www.youtube.com/watch?v=4IIInaC8M2c
Sali Talk E37,https://www.youtube.com/watch?v=5MjOLGplG3I
Sali Talk E36,https://www.youtube.com/watch?v=ty8uKBIR0hs
من و تو+ - دانشگاه ، نمایشگاه در استرالیا,https://www.youtube.com/watch?v=AVjIL7oZNjk
Iran Nuclear Gamble / قمار اتمی ایران,https://www.youtube.com/watch?v=nEAratiwh0M
Sali Talk E35,https://www.youtube.com/watch?v=mX_8L5i-1Mk
من و تو+ - قمار اتمی‌ ایران، دانشگاه,https://www.youtube.com/watch?v=lF1IHOBJIX8
من و تو+ - بیتلز، اقتصاد ایران,https://www.youtube.com/watch?v=e_gv_V_tPpo
Sali Talk E34,https://www.youtube.com/watch?v=ZEJgmdpcI7s
Dorahi - دوراهی EP11,https://www.youtube.com/watch?v=z_gP267UYvo
Sali Talk E32/P2,https://www.youtube.com/watch?v=ISwSzfJ4sVg
Sali Talk E32/P1,https://www.youtube.com/watch?v=7oq_O2XGB6Y
Sali Talk E31/P1,https://www.youtube.com/watch?v=canY6-8aR5c
Sali Talk E31/P2,https://www.youtube.com/watch?v=fTyH4ooPZL4
Sali Talk E30/P2,https://www.youtube.com/watch?v=ph5-4h_LUOw
Manoto+ / +من و تو,https://www.youtube.com/watch?v=SY-h5sX4rII
Sali Talk / سالی‌ تاک,https://www.youtube.com/watch?v=RDvoUvSo0IY
Why Not? Wedding P2 / ۲چرا که نه؟ - عروسی‌، بخش,https://www.youtube.com/watch?v=-yz27uBbk8Q
Googoosh Music Academy 2011 / آکادمی موسیقی‌ گوگوش ۲۰۱۱,https://www.youtube.com/watch?v=90LTpdENJPI
"Befarmaeed Sham / بفرمایید شام Group20, E4, P4",https://www.youtube.com/watch?v=p0B5qZbLNgs
"Befarmaeed Sham / بفرمایید شام Group20, E4, P3",https://www.youtube.com/watch?v=wsaC7-5A52M
"Befarmaeed Sham / بفرمایید شام Group20, E4, P2",https://www.youtube.com/watch?v=vwIasZ32IS8
"Befarmaeed Sham / بفرمایید شام Group20, E4, P1",https://www.youtube.com/watch?v=RSIUmC_9L1g
"Befarmaeed Sham / بفرمایید شام Group20, E3, P3",https://www.youtube.com/watch?v=FIG1TfvpgWc
"Befarmaeed Sham / بفرمایید شام Group20, E3, P4",https://www.youtube.com/watch?v=_As-aM4bDYA
"Befarmaeed Sham / بفرمایید شام Group20, E3, P2",https://www.youtube.com/watch?v=Z_uUO8wIs0w
"Befarmaeed Sham / بفرمایید شام Group20, E3, P1",https://www.youtube.com/watch?v=luQo_T60_C8
Sali Talk E29/P1,https://www.youtube.com/watch?v=ZmpHHxLzMJQ
"Befarmaeed Sham / بفرمایید شام Group20, E2, P4",https://www.youtube.com/watch?v=gWOdTTdM2ZA
"Befarmaeed Sham / بفرمایید شام Group20, E2, P2",https://www.youtube.com/watch?v=V4GEKOBL1o8
"Befarmaeed Sham / بفرمایید شام Group20, E2, P1",https://www.youtube.com/watch?v=isW8AmsPrro
"Befarmaeed Sham / بفرمایید شام Group20, E2, P3",https://www.youtube.com/watch?v=Xlzn4yg3u7g
"Befarmaeed Sham / بفرمایید شام Group20, E1, P4",https://www.youtube.com/watch?v=kG2Q00UFKQ0
"Befarmaeed Sham / بفرمایید شام Group20, E1, P3",https://www.youtube.com/watch?v=Gix6WfPt3SU
"Befarmaeed Sham / بفرمایید شام Group20, E1, P2",https://www.youtube.com/watch?v=JZv1PT_buRg
"Befarmaeed Sham / بفرمایید شام Group20, E1, P1",https://www.youtube.com/watch?v=bXApgpbXdHc
Why Not? Japanese Restaurant P2 / ۲چرا که نه؟ - رستوران ژاپنی، بخش,https://www.youtube.com/watch?v=MG4cckxXBqQ
Dorahi - دوراهی  EP6/P2,https://www.youtube.com/watch?v=eA1Uu_sCAgY
Sali Talk E28/P1,https://www.youtube.com/watch?v=-TP6e5R9D-I
"Befarmaeed Sham / بفرمایید شام Group25, E3, P4",https://www.youtube.com/watch?v=xcSrJaBNRlI
"Befarmaeed Sham / بفرمایید شام Group25, E3, P3",https://www.youtube.com/watch?v=9Rn9zsFY4bo
"Befarmaeed Sham / بفرمایید شام Group25, E4, P4",https://www.youtube.com/watch?v=EySYJSaF49Q
"Befarmaeed Sham / بفرمایید شام Group25, E4, P3",https://www.youtube.com/watch?v=5Ty7NfZaJIk
"Befarmaeed Sham / بفرمایید شام Group25, E4, P2",https://www.youtube.com/watch?v=T8b6_QEMhZE
"Befarmaeed Sham / بفرمایید شام Group25, E4, P1",https://www.youtube.com/watch?v=3pvKBsooEoo
"Befarmaeed Sham / بفرمایید شام Group25, E2, P2",https://www.youtube.com/watch?v=OdkVen-vM8A
"Befarmaeed Sham / بفرمایید شام Group25, E2, P1",https://www.youtube.com/watch?v=UPogl-W1Y1M
"Befarmaeed Sham / بفرمایید شام Group25, E1, P4",https://www.youtube.com/watch?v=fNBi8n2hvho
"Befarmaeed Sham / بفرمایید شام Group25, E1, P3",https://www.youtube.com/watch?v=PJm12DL8Rh8
"Befarmaeed Sham / بفرمایید شام Group25, E1, P2",https://www.youtube.com/watch?v=co8zI7dzNsk
"Befarmaeed Sham / بفرمایید شام Group25, E1, P1",https://www.youtube.com/watch?v=yKwrxws9PxA
Sali Talk E27/P2,https://www.youtube.com/watch?v=iLZ2fk2vXFY
Sali Talk E27/P1,https://www.youtube.com/watch?v=z-1h38LOyaY
آخرین دیدار با منوچهر سخائی,https://www.youtube.com/watch?v=Pff057qWpMI
Feedback  Ep 28 P2 /  جواب ۲۸،بخش۲,https://www.youtube.com/watch?v=XF6mWkhyrgI
Feedback  Ep 28 P1/ جواب ۲۸،بخش۱,https://www.youtube.com/watch?v=gFN6Gc0a-Xs
Manoto+ 150 P2,https://www.youtube.com/watch?v=j3Yv7kGtPP4
Manoto+ 149 P2,https://www.youtube.com/watch?v=_gWcZixW3fI
"Befarmaeed Sham / بفرمایید شام Group24, E3, P4",https://www.youtube.com/watch?v=8uWNi_eT7jA
"Befarmaeed Sham / بفرمایید شام Group24, E3, P3",https://www.youtube.com/watch?v=Z3n9NCnOhRQ
"Befarmaeed Sham / بفرمایید شام Group24, E3, P2",https://www.youtube.com/watch?v=kfaZ_hxT3sw
"Befarmaeed Sham / بفرمایید شام Group24, E3, P1",https://www.youtube.com/watch?v=-9Bm_nooOhA
"Befarmaeed Sham / بفرمایید شام Group24, E2, P4",https://www.youtube.com/watch?v=th1I5__gNZE
"Befarmaeed Sham / بفرمایید شام Group24, E2, P2",https://www.youtube.com/watch?v=c2KMncQ4GeU
"Befarmaeed Sham / بفرمایید شام Group24, E2, P1",https://www.youtube.com/watch?v=jsL-egcS7z8
"Befarmaeed Sham / بفرمایید شام Group24, E2, P3",https://www.youtube.com/watch?v=vjPPPQg699U
"Befarmaeed Sham / بفرمایید شام Group24, E1, P4",https://www.youtube.com/watch?v=FoQk4TH4z8U
"Befarmaeed Sham / بفرمایید شام Group24, E1, P2",https://www.youtube.com/watch?v=f0s8mLGvHX0
"Befarmaeed Sham / بفرمایید شام Group24, E1, P3",https://www.youtube.com/watch?v=IkBuJUx0ukc
"Befarmaeed Sham / بفرمایید شام Group24, E1, P1",https://www.youtube.com/watch?v=QLytLH5dvzg
Manoto+ 148 P2,https://www.youtube.com/watch?v=F0VwLlza31E
"Befarmaeed Sham / بفرمایید شام Group19, E4, P1",https://www.youtube.com/watch?v=P2C4n8t38FU
"Befarmaeed Sham / بفرمایید شام Group19, E4, P4",https://www.youtube.com/watch?v=CAKnNlJ151A
"Befarmaeed Sham / بفرمایید شام Group19, E4, P3",https://www.youtube.com/watch?v=VsgmmUnBC68
"Befarmaeed Sham / بفرمایید شام Group19, E3, P3",https://www.youtube.com/watch?v=GdGx7tsi0T4
"Befarmaeed Sham / بفرمایید شام Group19, E4, P2",https://www.youtube.com/watch?v=KWlF-P_eK4w
"Befarmaeed Sham / بفرمایید شام Group19, E3, P4",https://www.youtube.com/watch?v=4AEkHSStYy4
"Befarmaeed Sham / بفرمایید شام Group19, E3, P1",https://www.youtube.com/watch?v=OarMDglKoHo
"Befarmaeed Sham / بفرمایید شام Group19, E3, P2",https://www.youtube.com/watch?v=iwP09Rgu_mY
"Befarmaeed Sham / بفرمایید شام Group19, E2, P4",https://www.youtube.com/watch?v=H05uhEqvA2k
"Befarmaeed Sham / بفرمایید شام Group19, E2, P3",https://www.youtube.com/watch?v=eQFu4ZrU5Os
"Befarmaeed Sham / بفرمایید شام Group19, E2, P2",https://www.youtube.com/watch?v=53eX9ob1LVI
"Befarmaeed Sham / بفرمایید شام Group19, E2, P1",https://www.youtube.com/watch?v=wGe0QxzWxRI
"Befarmaeed Sham / بفرمایید شام Group19, E1, P1",https://www.youtube.com/watch?v=J1RQZzAPCSQ
"Befarmaeed Sham / بفرمایید شام Group19, E1, P3",https://www.youtube.com/watch?v=93RKQQFBAbU
"Befarmaeed Sham / بفرمایید شام Group19, E1, P2",https://www.youtube.com/watch?v=W5RcPZMfyqk
"Befarmaeed Sham / بفرمایید شام Group19, E1, P4",https://www.youtube.com/watch?v=NBkT3ZqOryI
Sali Talk E25/P2,https://www.youtube.com/watch?v=1n5tmjw2FDg
Sali Talk E25/P1,https://www.youtube.com/watch?v=TWF8zQogbUc
Sali Talk - Darde del / سالی‌ تاک - درد دل‌,https://www.youtube.com/watch?v=QGAdsbB1ZDM
"Befarmaeed Sham / بفرمایید شام Group 22, E4, P4",https://www.youtube.com/watch?v=5TSdLiXqVI8
"Befarmaeed Sham / بفرمایید شام Group 22, E3, P4",https://www.youtube.com/watch?v=J8o-lDbzqSA
"Befarmaeed Sham / بفرمایید شام Group 22, E4, P2",https://www.youtube.com/watch?v=3jOQ8s4Tlug
"Befarmaeed Sham / بفرمایید شام Group 22, E3, P2",https://www.youtube.com/watch?v=kHSUSHJTv1I
"Befarmaeed Sham / بفرمایید شام Group 22, E3, P3",https://www.youtube.com/watch?v=l7l6uUBBkYw
"Befarmaeed Sham / بفرمایید شام Group 22, E4, P3",https://www.youtube.com/watch?v=nD7dhqCi5l8
"Befarmaeed Sham / بفرمایید شام Group 22, E4, P1",https://www.youtube.com/watch?v=L8Zn-_VTheA
"Befarmaeed Sham / بفرمایید شام Group 22, E3, P1",https://www.youtube.com/watch?v=6Sb7zDGPoaU
"Befarmaeed Sham / بفرمایید شام Group 22, E2, P4",https://www.youtube.com/watch?v=3_lfY6NQlWc
"Befarmaeed Sham / بفرمایید شام Group 22, E2, P2",https://www.youtube.com/watch?v=egm23lYWgCo
"Befarmaeed Sham / بفرمایید شام Group 22, E2, P3",https://www.youtube.com/watch?v=ty4fFFvKhas
"Befarmaeed Sham / بفرمایید شام Group 22, E2, P1",https://www.youtube.com/watch?v=dc0KGlz9-So
"Befarmaeed Sham / بفرمایید شام Group 22, E1, P4",https://www.youtube.com/watch?v=WzkCZpQffaI
"Befarmaeed Sham / بفرمایید شام Group 22, E1, P3",https://www.youtube.com/watch?v=PsCAJOG__28
"Befarmaeed Sham / بفرمایید شام Group 22, E1, P2",https://www.youtube.com/watch?v=QhEi9Ww5qpo
"Befarmaeed Sham / بفرمایید شام Group 22, E1, P1",https://www.youtube.com/watch?v=j_P40K4nOmA
"Befarmaeed Sham / بفرمایید شام Group 23, E4, P3",https://www.youtube.com/watch?v=pVtHgqO8JXM
"Befarmaeed Sham / بفرمایید شام Group 23, E4, P4",https://www.youtube.com/watch?v=Bd7kBiD68nI
"Befarmaeed Sham / بفرمایید شام Group 23, E4, P2",https://www.youtube.com/watch?v=2gBvXg0EVnc
"Befarmaeed Sham / بفرمایید شام Group 23, E4, P1",https://www.youtube.com/watch?v=OlS-6uLdCzU
"Befarmaeed Sham / بفرمایید شام Group 23, E3, P2",https://www.youtube.com/watch?v=ZbLw-ib6FcY
"Befarmaeed Sham / بفرمایید شام Group 23, E3, P3",https://www.youtube.com/watch?v=ervVyPVuJPw
"Befarmaeed Sham / بفرمایید شام Group 23, E3, P4",https://www.youtube.com/watch?v=58Sarsne-8s
"Befarmaeed Sham / بفرمایید شام Group 23, E3, P1",https://www.youtube.com/watch?v=tZNc7_zbykU
"Befarmaeed Sham / بفرمایید شام Group 23, E2, P4",https://www.youtube.com/watch?v=6jfg4euqWpc
"Befarmaeed Sham / بفرمایید شام Group 23, E2, P3",https://www.youtube.com/watch?v=mk7T7_4ZvjY
"Befarmaeed Sham / بفرمایید شام Group 23, E2, P2",https://www.youtube.com/watch?v=OzlFXjKWFK4
"Befarmaeed Sham / بفرمایید شام Group 23, E2, P1",https://www.youtube.com/watch?v=zu8EoOE0yNQ
"Befarmaeed Sham / بفرمایید شام Group 23, E1, P4",https://www.youtube.com/watch?v=S6gtWjrS0yo
"Befarmaeed Sham / بفرمایید شام Group 23, E1, P3",https://www.youtube.com/watch?v=0XoAmygI2c4
"Befarmaeed Sham / بفرمایید شام Group 23, E1, P2",https://www.youtube.com/watch?v=VnpoJaPrpB4
"Befarmaeed Sham / بفرمایید شام Group 23, E1, P1",https://www.youtube.com/watch?v=bT4dIj9MDuc
"Befarmaeed Sham / بفرمایید شام Group 21, E4, P4",https://www.youtube.com/watch?v=JqWtpfrvy9I
"Befarmaeed Sham / بفرمایید شام Group 21, E4, P3",https://www.youtube.com/watch?v=jUw-YN37ynY
"Befarmaeed Sham / بفرمایید شام Group 21, E4, P1",https://www.youtube.com/watch?v=tKWygVqeejc
"Befarmaeed Sham / بفرمایید شام Group 21, E4, P2",https://www.youtube.com/watch?v=d3gG2ki4wZE
"Befarmaeed Sham / بفرمایید شام Group 21, E3, P4",https://www.youtube.com/watch?v=MHz7FobsGTY
"Befarmaeed Sham / بفرمایید شام Group 21, E3, P3",https://www.youtube.com/watch?v=anIKfthXbYM
"Befarmaeed Sham / بفرمایید شام Group 21, E3, P2",https://www.youtube.com/watch?v=sFYFA7TnWL8
"Befarmaeed Sham / بفرمایید شام Group 21, E3, P1",https://www.youtube.com/watch?v=wTZHrjVCKgo
"Befarmaeed Sham / بفرمایید شام Group 21, E2, P4",https://www.youtube.com/watch?v=W9k1r4Yu7YU
"Befarmaeed Sham / بفرمایید شام Group 21, E2, P3",https://www.youtube.com/watch?v=O-ezKEkAS8g
"Befarmaeed Sham / بفرمایید شام Group 21, E2, P2",https://www.youtube.com/watch?v=A3IaiV0YJa4
"Befarmaeed Sham / بفرمایید شام Group 21, E2, P1",https://www.youtube.com/watch?v=xOoi86SM-oE
شب یلدا,https://www.youtube.com/watch?v=PUHXm3a8laY
Sali Talk E24/P1,https://www.youtube.com/watch?v=ShTcELFD_bU
"Befarmaeed Sham / بفرمایید شام Group 21, E1, P4",https://www.youtube.com/watch?v=shEMoTuTEJc
"Befarmaeed Sham / بفرمایید شام Group 21, E1, P2",https://www.youtube.com/watch?v=w4bXH4VA2lU
"Befarmaeed Sham / بفرمایید شام Group 21, E1, P3",https://www.youtube.com/watch?v=j4qbcFXWoAk
"Befarmaeed Sham / بفرمایید شام Group 21, E 1, P1",https://www.youtube.com/watch?v=Mi7hY2vMDm8
Dorahi - دوراهی EP2/P2,https://www.youtube.com/watch?v=K0BcPKgsUno
Sali Talk E23/P1,https://www.youtube.com/watch?v=S1tEC3o_alA
"Befarmaeed Sham / بفرمایید شام Group 17, E 2",https://www.youtube.com/watch?v=N8-ob53ZJ04
"Befarmaeed Sham / بفرمایید شام Group 17, E 1",https://www.youtube.com/watch?v=N3bfDhIh56k
MANOTO + Kaleh Pacheh / کله پاچه,https://www.youtube.com/watch?v=Pl02l18Na5U
Sali Talk E 17,https://www.youtube.com/watch?v=UKXgvFRISwY
Befarmaeed Sham S3 G13 N4 | بفرمایید شام سری سوم - گروه۱۶ شب چهارم,https://www.youtube.com/watch?v=RjUo1JeH638
Befarmaeed Sham S3 G13 N2 | بفرمایید شام سری سوم - گروه۱۶ شب دوم,https://www.youtube.com/watch?v=YOURk34UxWE
Befarmaeed Sham S3 G13 N1 | بفرمایید شام سری سوم - گروه۱۶ شب اول,https://www.youtube.com/watch?v=V8wNMtDtHgs
Befarmaeed Sham S3 G13 N3 | بفرمایید شام سری سوم - گروه۱۶ شب سوم,https://www.youtube.com/watch?v=R-1klzpDmdA
MANOTO + Roya Arab / رویا عرب,https://www.youtube.com/watch?v=F4JUO1fnfd4
"Befarmaeed Sham / بفرمایید شام Group 15, E 4",https://www.youtube.com/watch?v=ZJEvMIwG6hY
"Befarmaeed Sham / بفرمایید شام Group 15, E 3",https://www.youtube.com/watch?v=Q0UJMxAVeRs
"Befarmaeed Sham / بفرمایید شام Group 15, E 2",https://www.youtube.com/watch?v=Ba95jVBwQ9E
"Befarmaeed Sham / بفرمایید شام Group 15, E 1",https://www.youtube.com/watch?v=yBDFmEll850
Women's Show : Homosexuality / همجنسگرایی,https://www.youtube.com/watch?v=jEwpRch405s
"Befarmaeed Sham / بفرمایید شام Group 14, E 4",https://www.youtube.com/watch?v=QeLBnbWBzxo
"Befarmaeed Sham / بفرمایید شام Group 14, E 2",https://www.youtube.com/watch?v=3UkqGtaUkjE
"Befarmaeed Sham  Group 14, E 3 | بفرمایید شام گروه ۱۴, قسمت ۳",https://www.youtube.com/watch?v=l5mkA4A-c2s
"Befarmaeed Sham Group 14, E 1 | بفرمایید شام گروه ۱۴, قسمت ۱",https://www.youtube.com/watch?v=KJzava3tlek
Iranian Revolution /انقلاب اسلامی به روایت تصویر,https://www.youtube.com/watch?v=gy5dNKqFJTw
"Befarmaeed Sham Group 13, E 2 | بفرمایید شام گروه ۱۳, قسمت ۲",https://www.youtube.com/watch?v=6_vG-IaSwkc
"Befarmaeed Sham Group 13, E 4 | بفرمایید شام گروه ۱۳, قسمت ۴",https://www.youtube.com/watch?v=_0lWS40KAuo
"Befarmaeed Sham Group 13, E 3 | بفرمایید شام گروه ۱۳, قسمت ۳",https://www.youtube.com/watch?v=gh5-7QDTavo
"Befarmaeed Sham Group 13, E 1 | بفرمایید شام گروه ۱۳, قسمت ۱",https://www.youtube.com/watch?v=YTRbPH3A5Bg
Feedback / جواب P 15,https://www.youtube.com/watch?v=TzlzWE105sk
"Befarmaeed Sham Group 12, E 4 | بفرمایید شام گروه ۱۲, قسمت ۴",https://www.youtube.com/watch?v=VW-6fLFNqKM
Naghali  P 6 | شاهنامه خوانی قسمت ششم,https://www.youtube.com/watch?v=WXwSWNjJ1wo
"Befarmaeed Sham Group 12, E 3 | بفرمایید شام گروه ۱۲, قسمت ۳",https://www.youtube.com/watch?v=KHxYs3tOV7Y
"Befarmaeed Sham Group 12, E 2 | بفرمایید شام گروه ۱۲, قسمت ۲",https://www.youtube.com/watch?v=EDM5cbd_ojI
"Befarmaeed Sham | بفرمایید شام گروه ۱۲, قسمت ۱",https://www.youtube.com/watch?v=lZ8uclBcMjQ
MANOTO +  Gowland  / هنر با سروناز: گاولند,https://www.youtube.com/watch?v=t4OIFEFuB1I
MANOTO + Street Dance Sequence / رقص خیابانی,https://www.youtube.com/watch?v=x47UkDtrd1c
"Befarmaeed Sham / بفرمایید شام Group 11, E 4",https://www.youtube.com/watch?v=fT6HlF9aFsM
"Befarmaeed Sham / بفرمایید شام Group 11, E 3",https://www.youtube.com/watch?v=e5IMWnoaL0o
"Befarmaeed Sham / بفرمایید شام Group 11, E 2",https://www.youtube.com/watch?v=IwgPVl1K3nw
"Befarmaeed Sham / بفرمایید شام Group 11, E 1",https://www.youtube.com/watch?v=ZaZtVOgBYZg
Women's Show: Middlesex University / میدلسکس یونیورسیتی,https://www.youtube.com/watch?v=CI4yHQQX9bg
MANOTO + David Maljikovic / هنر با سروناز: دیوید مالجیکوویک,https://www.youtube.com/watch?v=y5VZMIGrniw
"Befarmaeed Shaam - Zohre, Night 3 | بفرمایید شام لندن - میزبانی زهره ، شب سوم",https://www.youtube.com/watch?v=09bWeR5PIS4
"Befarmaeed Shaam - Negar, Night 1 | بفرمایید شام لندن - میزبانی نگار، شب اول",https://www.youtube.com/watch?v=f4KkMtI6JmI
Sali Talk E 11 | سالی تاک قسمت ۱۱,https://www.youtube.com/watch?v=s0UyOxEcEGI
MANOTO + (Aram's Graduation) / فارغ التحصیلی آرام از دانشگاه شفیلد,https://www.youtube.com/watch?v=KQ6MJvDyFCY
Why Not? Driving Instructor |  چراکه نه؟ مربی رانندگی,https://www.youtube.com/watch?v=P3Z6dXOaJ6E
Befarmaeed Shaam - Leyla Night 2 | بفرمایید شام لندن - میزبانی لیلا، شب دوم,https://www.youtube.com/watch?v=xgsXzT7uS04
Befarmaeed Shaam -Shiva Night 4 | بفرمایید شام لندن - میزبانی شیوا، شب چهارم,https://www.youtube.com/watch?v=-ldo5oKQlkg
Naghali / شاهنامه خوانی P 5,https://www.youtube.com/watch?v=VbN_ereHlf8
Naghali / شاهنامه خوانی P 4,https://www.youtube.com/watch?v=2glYgxUi3rk
Naghali / شاهنامه خوانی P 3,https://www.youtube.com/watch?v=ttvcOnW7OpY
Naghali / شاهنامه خوانی P 2,https://www.youtube.com/watch?v=t1hO7eSUJts
Naghali / شاهنامه خوانی P 1,https://www.youtube.com/watch?v=tmprkwvlTVY
Sali Talk E 10 - P1 | سالی تاک قسمت ۱۰ بخش ۱,https://www.youtube.com/watch?v=nWm0b4lDuBs
Manoto TV: Jellied Eels / دنیل و خوراک مارماهی,https://www.youtube.com/watch?v=CSNAIEzUicI
MANOTO + Marveland Exhibition / هنر با سروناز: نمایشگاه مارولند,https://www.youtube.com/watch?v=QYIRZ0YK0dY
MANOTO + Norman Rockwell / هنر با سروناز: نورمن راک ول,https://www.youtube.com/watch?v=Aef2MH345DI
Lambada / لامبادا,https://www.youtube.com/watch?v=7B-qpXL38No
"Befarmaeed Sham Group 9, E 3 - P 4 | بفرمایید شام گروه ۹, قسمت ۳ بخش ۲",https://www.youtube.com/watch?v=0kLfDQXihjM
"Befarmaeed Sham Group 9, E 3 - P 3 | بفرمایید شام گروه ۹, قسمت ۳ بخش ۳",https://www.youtube.com/watch?v=uwfzdph-XtQ
"Befarmaeed Sham Group 9, E 3 - P 2 | بفرمایید شام گروه ۹, قسمت ۳ بخش ۲",https://www.youtube.com/watch?v=z5yMc_nXLxA
"Befarmaeed Sham / بفرمایید شام Group 9, E 3 - P 1",https://www.youtube.com/watch?v=F3-idByHYLs
"Befarmaeed Sham Group 9, E 2 - P 2 | بفرمایید شام گروه ۹, قسمت ۲ بخش ۲",https://www.youtube.com/watch?v=4zLqNjTENAU
"Befarmaeed Sham Group 9, E 2 - P 1 |  بفرمایید شام گروه ۹, قسمت ۲ بخش ۱",https://www.youtube.com/watch?v=WoZEU1c7aF8
"Befarmaeed Sham Group 9, E 1 - P 2 | بفرمایید شام گروه ۹, قسمت ۱ بخش ۲",https://www.youtube.com/watch?v=kUk0pLvQ3kw
"Befarmaeed Sham Group 9, E 1 - P 1  | بفرمایید شام گروه ۹, قسمت ۱ بخش ۱",https://www.youtube.com/watch?v=kmO6E1SOlrc
Women's Show: Female Genital Mutilation / ختنه زنان P 2,https://www.youtube.com/watch?v=RJEdSk0ClFo
Women's Show: Female Genital Mutilation / ختنه زنان P 1,https://www.youtube.com/watch?v=52OB25Neiac
Sali Talk E9 P2 | سالی تاک قسمت ۹ بخش دوم,https://www.youtube.com/watch?v=IimFu2vspg8
Sali Talk E9 P1 | سالی تاک قسمت ۹ بخش اول,https://www.youtube.com/watch?v=HYIC8hGkfDo
Sali Talk E6,https://www.youtube.com/watch?v=wIAsNBfNAJE
Sali Talk E7 | سالی تاک قسمت ۷,https://www.youtube.com/watch?v=eoEGD_O9s1s
Women's Show: Iran's Children Charity / حمایت از کودکان ایرانی,https://www.youtube.com/watch?v=ji3DFH7LyPw
"Befarmaeed Sham / بفرمایید شام Group 8, E 2",https://www.youtube.com/watch?v=2zFxg7Lm-lk
Women's Show: ABORTION / کورتاژ  P1,https://www.youtube.com/watch?v=9wwDavm8eFU
"Befarmaeed Sham / بفرمایید شام Group 8, E 4",https://www.youtube.com/watch?v=p0Sbnzw1FK8
Women's Show: interview with Soussan Farrokhnia / مصاحبه با سوسن فرخ نیا,https://www.youtube.com/watch?v=w4hFr0tiCno
"Befarmaeed Sham / بفرمایید شام Group 8, E 3",https://www.youtube.com/watch?v=nNsuDHUAt5w
"Befarmaeed Sham / بفرمایید شام Group 8, E 1",https://www.youtube.com/watch?v=PwQt6A0sLgs
Welcome To My Life Ghass P2,https://www.youtube.com/watch?v=h_LmI6DQul4
Welcome To My Life Kourosh Saeb Parsi,https://www.youtube.com/watch?v=I0-qSdfcPsA
Welcome To My Life Ali Tavassoli_P2,https://www.youtube.com/watch?v=lPzqGhdvDfM
Welcome To My Life Ali Tavassoli_P1,https://www.youtube.com/watch?v=02J1rvy4CVU
آکادمی موسیقی گوگوش سری۱ قسمت۱۷ بخش هشتم - Googoosh Music Academy S1 Ep17 P8,https://www.youtube.com/watch?v=PgDxx9nc7xY
آکادمی موسیقی گوگوش سری۱ قسمت۱۷ بخش هفتم - Googoosh Music Academy S1 Ep17 P7,https://www.youtube.com/watch?v=ubGDpPpQczk
آکادمی موسیقی گوگوش سری۱ قسمت۱۷ بخش ششم - Googoosh Music Academy S1 Ep17 P6,https://www.youtube.com/watch?v=ykyag33iAu4
آکادمی موسیقی گوگوش سری۱ قسمت۱۷ بخش پنجم - Googoosh Music Academy S1 Ep17 P5,https://www.youtube.com/watch?v=eW6T1aq9_RA
آکادمی موسیقی گوگوش سری۱ قسمت۱۷ بخش چهارم - Googoosh Music Academy S1 Ep17 P4,https://www.youtube.com/watch?v=_aAhEdI15PA
آکادمی موسیقی گوگوش سری۱ قسمت۱۷ بخش سوم - Googoosh Music Academy S1 Ep17 P3,https://www.youtube.com/watch?v=Boo8fDelAZc
آکادمی موسیقی گوگوش سری۱ قسمت۱۷ بخش دوم - Googoosh Music Academy S1 Ep17 P2,https://www.youtube.com/watch?v=z0izFNQmjHw
آکادمی موسیقی گوگوش سری۱ قسمت۱۷ بخش اول - Googoosh Music Academy S1 Ep17 P1,https://www.youtube.com/watch?v=osFvLpJtFls
Welcome To My Life Mansour Bahrami_P2,https://www.youtube.com/watch?v=6yMnzVatmYc
Welcome To My Life Mansour Bahrami_P1,https://www.youtube.com/watch?v=k-tElNTWR2Y
"Befarmaeed Sham Group7, P8",https://www.youtube.com/watch?v=P1txC8njKTM
Hooman Khalatbari P1- Manoto+,https://www.youtube.com/watch?v=y1qzXBA-IBg
Sali Talk E5,https://www.youtube.com/watch?v=NcP7qSnIvt4
آکادمی موسیقی گوگوش سری۱ قسمت۱۸ بخش چهارم (آخرین قسمت) - Googoosh Music Academy S1 Ep18 P4,https://www.youtube.com/watch?v=546hBxDz_yw
آکادمی موسیقی گوگوش سری۱ قسمت۱۸ بخش سوم - Googoosh Music Academy S1 Ep18 P3,https://www.youtube.com/watch?v=84Tanl0xyEs
آکادمی موسیقی گوگوش سری۱ قسمت۱۸ بخش دوم (ترانه باران از گوگوش) - Googoosh Music Academy S1 Ep18 P2,https://www.youtube.com/watch?v=YH2KbrX9USM
Women's Show: Breast Cancer / سرطان پستان P2,https://www.youtube.com/watch?v=v_QPoTZZhOU
آکادمی موسیقی گوگوش سری۱ قسمت۱۶ بخش چهارم - Googoosh Music Academy S1 Ep16 P4,https://www.youtube.com/watch?v=p4OZ6ktgCIo
آکادمی موسیقی گوگوش سری۱ قسمت۱۶ بخش سوم - Googoosh Music Academy S1 Ep16 P3,https://www.youtube.com/watch?v=spkCsJkypBI
آکادمی موسیقی گوگوش سری۱ قسمت۱۶ بخش دوم - Googoosh Music Academy S1 Ep16 P2,https://www.youtube.com/watch?v=AKUF-l6EH40
آکادمی موسیقی گوگوش سری۱ قسمت۱۶ بخش اول - Googoosh Music Academy S1 Ep16 P1,https://www.youtube.com/watch?v=C76UAidI3GQ
Sali Talk E4,https://www.youtube.com/watch?v=0jtVI1QXK1g
Sali Talk E3,https://www.youtube.com/watch?v=WJ2oL4DwV2M
Sali Talk E2,https://www.youtube.com/watch?v=Tfb_C_blAMo
Sali Talk E1,https://www.youtube.com/watch?v=DDwUEBW7f84
زرشک قسمت 2، بخش 2,https://www.youtube.com/watch?v=-GWlkHmiU_A
"Befarmaeed Sham / بفرمایید شام Group 1, P9",https://www.youtube.com/watch?v=iMTfNXRJ8Pw
"Befarmaeed Sham Group 1, P6 | بفرمایید شام گروه ۱,بخش 6",https://www.youtube.com/watch?v=4anFGdx9oCY
"Befarmaeed Sham / بفرمایید شام Group 1, P8",https://www.youtube.com/watch?v=U9GDVH9H-Gc
"Befarmaeed Sham Group 1, P7 | بفرمایید شام گروه ۱ بخش 7",https://www.youtube.com/watch?v=qzI8_urUTHg
Befarmaeed Sham G1 P5 |   بفرمایید شام  گروه ۱ بخش ۵,https://www.youtube.com/watch?v=NpJ-TsJm2sA
"Befarmaeed Sham / بفرمایید شام Group 1, P4",https://www.youtube.com/watch?v=viAa5SQtmKU
"Befarmaeed Sham / بفرمایید شام Group 1, P3",https://www.youtube.com/watch?v=PbWLiR5MtIY
"Befarmaeed Sham / بفرمایید شام Group 1, P2",https://www.youtube.com/watch?v=m10PKYQ9qyE
"Befarmaeed Sham  / بفرمایید شام  Group1, P1",https://www.youtube.com/watch?v=xWiHp4LVjhg
Manoto1,https://www.youtube.com/watch?v=zYm5LzxhXec
Manoto TV | شبکه من و تو,https://www.youtube.com/watch?v=Ftuv0kN3yFU