title,url
دنیا از نگاه آقای شهریاری 😂|برنامه جیمی جام #شورت #netfilma#جیمی_جام#محمود_شهریاری#طنز#کلیپ_خنده_دار,https://www.youtube.com/watch?v=fREC7-aFXLM
سریال بی‌عاطفه قسمت ۴ | Heartless (Bi Atefeh) S01E04 | رضا کیانیان، حامد بهداد، مریلا زارعی,https://www.youtube.com/watch?v=7JKsD3pl3Ts
سریال جدید از یاد رفته - قسمت یازدهم | Az Yad Rafte E11,https://www.youtube.com/watch?v=Mz2piUtOnYY
Gardan Zani 11 | سریال گردن زنی قسمت ۱۱,https://www.youtube.com/watch?v=xZpqa00DZVk
Ghahveh Turk S01 E14 | قسمت چهاردهم سریال قهوه ترک,https://www.youtube.com/watch?v=6LbvXXbw-7w
Beretta -The Story of a Gun Series S01 Ep 15 | برتا داستان یک اسلحه -قسمت پانزدهم,https://www.youtube.com/watch?v=dZxK4MrPH7s
Mordab S01 E15 | قسمت پانزدهم سریال مرداب,https://www.youtube.com/watch?v=1S7KekUB_zY
گنج مظفر قسمت 9 😳🔥 رقابت برای پیدا کردن گنج!| Ganje Mozaffar Ep 9,https://www.youtube.com/watch?v=mRp38UaXa2E
گنج مظفر قسمت 1 😳🔥 نقشه گنج پیدا می‌شود! | Ganje Mozaffar Ep 1,https://www.youtube.com/watch?v=1D4UsalONZ4
گنج مظفر قسمت 7 😳🔥 ماجرا از کنترل خارج می‌شود!| Ganje Mozaffar Ep 7,https://www.youtube.com/watch?v=7hMbRm82oZ0
گنج مظفر قسمت 3 😳🔥 راز نقشه پیچیده‌تر می‌شود!| Ganje Mozaffar Ep 3,https://www.youtube.com/watch?v=Cg_MIHSLrjk
گنج مظفر قسمت 11 😳🔥 راز بزرگ در آستانه فاش شدن!| Ganje Mozaffar Ep 11,https://www.youtube.com/watch?v=PB1_lnKhZvg
گنج مظفر قسمت 10 😳🔥 یک سرنخ جدید پیدا شد!| Ganje Mozaffar Ep 10,https://www.youtube.com/watch?v=Soo4jK0yaOs
گنج مظفر قسمت 6 😳🔥 جستجو برای گنج ادامه دارد!| Ganje Mozaffar Ep 6,https://www.youtube.com/watch?v=bH7bALB8iGY
گنج مظفر قسمت 5 😳🔥 دردسرهای یک گنج مخفی!| Ganje Mozaffar Ep 5,https://www.youtube.com/watch?v=Eo-XpkYUkTU
گنج مظفر قسمت 2 😳🔥 همه دنبال گنج هستند!| Ganje Mozaffar Ep 2,https://www.youtube.com/watch?v=YlczZ3iKQQk
گنج مظفر قسمت 12 😳🔥 پایان ماجرای گنج مظفر!| Ganje Mozaffar Ep 12,https://www.youtube.com/watch?v=wiPfXVRLxSY
گنج مظفر قسمت 4 😳🔥 مظفرخان وارد ماجرا می‌شود!| Ganje Mozaffar Ep 4,https://www.youtube.com/watch?v=xRakt7hyKqQ
گنج مظفر قسمت 8 😳🔥 همه چیز مشکوک‌تر می‌شود!| Ganje Mozaffar Ep 8,https://www.youtube.com/watch?v=xznCo7-ThZY
ناهید کیانی: آرزویم خوشحال کردن مردم بود، اما روزگارم را تلخ کردند! | منشور قسمت 15 | Manshoor EP15,https://www.youtube.com/watch?v=lbvHYq_hJkY
سریال بی‌عاطفه قسمت ۳ | Heartless (Bi Atefeh) S01E03 | رضا کیانیان، حامد بهداد، مریلا زارعی,https://www.youtube.com/watch?v=wnJ8gpaooJM
سریال جدید از یاد رفته - قسمت دهم | Az Yad Rafte E10,https://www.youtube.com/watch?v=GW_SRitlpm4
سی امین قسمت جیمی جام با ابوطالب حسینی |Jimmy Jam EP30,https://www.youtube.com/watch?v=CQKhK7EmyHU
Gardan Zani 10 | سریال گردن زنی قسمت ۱۰,https://www.youtube.com/watch?v=sca8F7LCXVU
بیست ونهمین قسمت جیمی جام با ابوطالب حسینی |  Jimmy Jam EP29,https://www.youtube.com/watch?v=fntqQ37IFcY
بیست و هشتمین قسمت جیمی جام با ابوطالب حسینی |  Jimmy Jam EP28,https://www.youtube.com/watch?v=Qo0tS5jxn2A
Ghahveh Turk S01 E13 | قسمت سیزدهم سریال قهوه ترک,https://www.youtube.com/watch?v=8NTGe1wttRY
بیست و هفتمین قسمت جیمی جام با ابوطالب حسینی |Jimmy Jam EP27,https://www.youtube.com/watch?v=6zVB33OOeLg
Beretta -The Story of a Gun Series S01 Ep 14 | برتا داستان یک اسلحه -قسمت چهاردهم,https://www.youtube.com/watch?v=GCPJYzSS5Ew
بیست و ششمین قسمت جیمی جام با ابوطالب حسینی |Jimmy Jam EP26,https://www.youtube.com/watch?v=VUwI-XxiPhw
Mordab S01 E14 | قسمت چهاردهم سریال مرداب,https://www.youtube.com/watch?v=PPJeeNmj2BQ
بیست و پنجمین قسمت جیمی جام با ابوطالب حسینی| Jimmy Jam EP25,https://www.youtube.com/watch?v=vcYa8dAFvYY
سریال بی‌عاطفه قسمت ۲ | Heartless (Bi Atefeh) S01E02 | رضا کیانیان، حامد بهداد، مریلا زارعی,https://www.youtube.com/watch?v=93UE6z2z4Q4
احمد نجفی در بیست‌وچهارمین قسمت جیمی جام با ابوطالب حسینی | Jimmy Jam EP24,https://www.youtube.com/watch?v=1eUwgNM3r3Q
سریال جدید از یاد رفته - قسمت نهم | Az Yad Rafte E9,https://www.youtube.com/watch?v=c6UD7JuF0UY
علی محمد بیدارمغز، پدر تشریفات ایران در بیست‌وسومین قسمت جیمی جام با ابوطالب حسینی | Jimmy Jam EP23,https://www.youtube.com/watch?v=uRoc-vZFgss
Gardan Zani 09 | سریال گردن زنی قسمت ۹,https://www.youtube.com/watch?v=o2u8g1rCpK0
خواننده پاپ لکی مجتبی ترکاشوند در بیست‌ودومین قسمت جیمی جام با ابوطالب حسینی | Jimmy Jam EP22,https://www.youtube.com/watch?v=DRuZStveZUM
سریال خاطره‌انگیز ویلای من قسمت 8 😄🔥 با بازی مهران مدیری | Vilaye Man Ep8,https://www.youtube.com/watch?v=vRg6Siic_L8
مجری ویدیوچک (عبدالله روا) در بیست‌ویکمین قسمت جیمی جام با ابوطالب حسینی | Jimmy Jam EP21,https://www.youtube.com/watch?v=aykZQzDMmOA
Ghahveh Turk S01 E12 | قسمت دوازدهم سریال قهوه ترک,https://www.youtube.com/watch?v=ndFCxFAIgtI
ژنرال موفقیت ایران (نیما کیمیایی) در بیستمین قسمت جیمی جام با ابوطالب حسینی | Jimmy Jam EP20,https://www.youtube.com/watch?v=QvTlEWXTe9s
Beretta -The Story of a Gun Series S01 Ep 13 | برتا داستان یک اسلحه -قسمت سیزدهم,https://www.youtube.com/watch?v=_tb7cPtVm-A
مهدی باقربیگی (مجید قصه‌های مجید) در نوزدهمین قسمت جیمی جام با ابوطالب حسینی | Jimmy Jam EP19,https://www.youtube.com/watch?v=-5D6wPEM6OU
Mordab S01 E13 | قسمت سیزدهم سریال مرداب,https://www.youtube.com/watch?v=OVQ1Qq0l8xM
سریال بی‌عاطفه قسمت ۱ | Heartless (Bi Atefeh) S01E01 | رضا کیانیان، حامد بهداد، مریلا زارعی,https://www.youtube.com/watch?v=P4voTllV2kY
مهران مدیری: سوگ مادر و ممنوع‌الکاری رنج‌های زیادی به من داد! | منشور قسمت 14 | Manshoor EP14,https://www.youtube.com/watch?v=SWEtIQO4SeY
Gardan Zani 08 | سریال گردن زنی قسمت ۸,https://www.youtube.com/watch?v=VdaupRLl8y0
Ghahveh Turk S01 E11 | قسمت یازدهم سریال قهوه ترک,https://www.youtube.com/watch?v=oOwUn1XyZss
Beretta The Story of a Gun Series S01 Ep 12 | برتا داستان یک اسلحه -قسمت دوازدهم,https://www.youtube.com/watch?v=Skv_omIPK60
Mordab S01 E12 | قسمت دوازدهم سریال مرداب,https://www.youtube.com/watch?v=81uVBykfudA
شوالیه فوتبال ایران در هجدهمین قسمت جیمی جام با ابوطالب حسینی | Jimmy Jam EP18,https://www.youtube.com/watch?v=JcYGZM8Oyyo
دکتر جکول و بگوری برره ای در هفدهمین قسمت جیمی جام با ابوطالب حسینی | Jimmy Jam EP17,https://www.youtube.com/watch?v=11jDyDBL-rQ
سریال جدید از یاد رفته - قسمت هفتم | Az Yad Rafte E7,https://www.youtube.com/watch?v=7LfFt3jrHYQ
سالار عقیلی در شانزدهمین قسمت جیمی جام با ابوطالب حسینی | Jimmy Jam EP16,https://www.youtube.com/watch?v=NL-5AL_e-QM
Gardan Zani 07 | سریال گردن زنی قسمت ۷,https://www.youtube.com/watch?v=CgfA1QLqRi4
اسماعیل حلالی؛ از خفاش شب تا پرسپولیس در پانزدهمین قسمت جیمی جام با ابوطالب حسینی | Jimmy Jam EP15,https://www.youtube.com/watch?v=b61xngh6K6U
سریال خاطره‌انگیز ویلای من قسمت 7 😄🔥 با بازی مهران مدیری | Vilaye Man Ep 7,https://www.youtube.com/watch?v=z5sFeaFiqJw
هالک ایران در چهاردهمین قسمت جیمی جام با ابوطالب حسینی | Jimmy Jam EP14,https://www.youtube.com/watch?v=x8ZI8hl_YdY
Ghahveh Turk S01 E10 | قسمت دهم سریال قهوه ترک,https://www.youtube.com/watch?v=1fqg9p9NoKI
Beretta The Story of a Gun Series S01 Ep 11 | برتا داستان یک اسلحه -قسمت یازدهم,https://www.youtube.com/watch?v=IH1NILWufCk
Mordab S01 E11 | قسمت یازدهم سریال مرداب,https://www.youtube.com/watch?v=tgHwLDI4eyM
محسن حاجیلو (آقای خنده) در سیزدهمین قسمت جیمی جام با ابوطالب حسینی | Jimmy Jam EP13,https://www.youtube.com/watch?v=Tx5aB3a8_Lk
پدربزرگت دستی دستی زندگی بچه‌ات رو به آتیش کشید!,https://www.youtube.com/watch?v=JbO-Ksz9638
سریال جدید از یاد رفته - قسمت ششم | Az Yad Rafte E6,https://www.youtube.com/watch?v=TAc6H82Gk7U
آیدین آغداشلو: من یک نقاش مرگ‌اندیش هستم! | منشور قسمت 13 | Manshoor EP13,https://www.youtube.com/watch?v=0XEF-PzDm3o
اگه دختر مهتاب رو بگیری همون شب خودمو آتیش می‌زنم!#از_یاد_رفته,https://www.youtube.com/watch?v=UJ-WqW-RPHM
همین جوری می‌خواستی همه چی رو درست کنی آب توی دلم تکون نخوره! #گردن_زنی,https://www.youtube.com/watch?v=2RkM0h7Cl9g
Gardan Zani 06 | سریال گردن زنی قسمت ۶,https://www.youtube.com/watch?v=010UmsIhtR4
سریال خاطره‌انگیز ویلای من قسمت 6 😄🔥 با بازی مهران مدیری | Vilaye Man Ep 6,https://www.youtube.com/watch?v=pikA1FwdObA
اومدم باهات خداحافظی کنم!#قهوه_ترک,https://www.youtube.com/watch?v=9gfZO5NRuwA
پسر بد شبکه افق در دوازدهمین قسمت جیمی جام با ابوطالب حسینی | Jimmy Jam EP12,https://www.youtube.com/watch?v=rCpvY7D6whU
Ghahveh Turk S01 E09 | قسمت نهم سریال قهوه ترک,https://www.youtube.com/watch?v=s0BJ9oQkJeE
احساس می‌کنم از هر طرف دارم محاصره می‌شم!,https://www.youtube.com/watch?v=BTOfrgen13Y
مارادونا در یازدهمین قسمت جیمی جام با ابوطالب حسینی | Jimmy Jam EP11,https://www.youtube.com/watch?v=4hjG0bmS8uA
Beretta The Story of a Gun Series S10 Ep 10 | برتا داستان یک اسلحه -قسمت دهم,https://www.youtube.com/watch?v=lMANoyaSlr4
من دارم تقاص کدوم اشتباهمو پس میدم؟ #برتا,https://www.youtube.com/watch?v=gNzGdLbz9MA
فیروز کریمی در دهمین قسمت جیمی جام با ابوطالب حسینی | Jimmy Jam EP10,https://www.youtube.com/watch?v=ExShkvXYfFM
در هرصورت قرار نیست اتفاق خوبی بیفته! #مرداب,https://www.youtube.com/watch?v=Lf1q0nJdRQg
Mordab S01 E10 | قسمت دهم سریال مرداب,https://www.youtube.com/watch?v=V1lQE7xMnIo
اگه موندین، شاه رگمو میدم؛ خون میریزم براتون!اگر هم رفتین آب میریزم پشت سرتون… #مرداب,https://www.youtube.com/watch?v=6a8wFeYIFAE
ماجرای پرشیا در نهمین قسمت جیمی جام با ابوطالب حسینی | Jimmy Jam EP09,https://www.youtube.com/watch?v=bBNiQCYmqb8
وحیدرضا صادق‌پور: پشت هر تصمیم، یک داستان ناگفته هست! | منشور قسمت 12 | Manshoor EP12,https://www.youtube.com/watch?v=3dRLgrH6Grs
🍿160 دقیقه خنده با رضا عطاران وعباس جمشیدی‌فر | صددام | همه قسمت‌ها با هم | Sadam Full Mini Series,https://www.youtube.com/watch?v=5N1rp-3kYW4
من نه صداش رو شنیدم نه قیافه‌ش رو دیدم💔 #سریال از یاد رفته,https://www.youtube.com/watch?v=LVMMvrfuQoU
ایرج حسابی در هشتمین قسمت جیمی جام با ابوطالب حسینی | Jimmy Jam EP08,https://www.youtube.com/watch?v=TgTBGSrJjXo
سوگل خلیق: ناگفته‌های زندگی و بازیگری | منشور قسمت 11 | Manshoor EP11,https://www.youtube.com/watch?v=OLTQCnMI5c8
سریال جدید از یاد رفته - قسمت پنجم | Az Yad Rafte E5,https://www.youtube.com/watch?v=whuLbtJuPfA
اسماعیل داره به خاطر اشتباه خودش همه ما رو قربانی میکنه! #ازیاذ_رفته,https://www.youtube.com/watch?v=E8Ic7ybgVQU
دکتر انوشه در هفتمین قسمت جیمی جام با ابوطالب حسینی | Jimmy Jam EP07,https://www.youtube.com/watch?v=HuIJJpBpgZc
Gardan Zani 05 | سریال گردن زنی قسمت ۵,https://www.youtube.com/watch?v=VaLPWYiN1BI
سامان احتشامی: موسیقی تمام زندگی من است! | منشور قسمت 10 | Manshoor EP10,https://www.youtube.com/watch?v=uxZOVq2CSno
یه کاری می‌کنم هر جا اسم بردیا رو شنیدی چهار ستون بدنت بلرزه!#گردن_زنی  #persianseries,https://www.youtube.com/watch?v=CYQjvuZy61I
رونالدو، سوارز و اندی در ششمین قسمت جیمی جام با ابوطالب حسینی | Jimmy Jam EP06,https://www.youtube.com/watch?v=Jt_xAq_NPv8
سریال خاطره‌انگیز ویلای من قسمت 5 😄🔥 با بازی مهران مدیری | Vilaye Man Ep5,https://www.youtube.com/watch?v=Rn0hGRXFkFI
وحید قلیچ: ناگفته‌های فوتبال ایران | منشور قسمت 9 | Manshoor EP09,https://www.youtube.com/watch?v=4hyb9TiErik
فقط یه بار دیگه... برای همیشه! 💔😭 #قهوه_ترک #سریال_ایرانی #احساسی,https://www.youtube.com/watch?v=J2D-Es5KwPo
امیر علی اکبری در پنجمین قسمت جیمی جام با ابوطالب حسینی | Jimmy Jam EP05,https://www.youtube.com/watch?v=sQhYfOC0s0o
امید حاجیلی: موسیقی باید مردم را خوشحال کند | منشور قسمت 8 | Manshoor EP08,https://www.youtube.com/watch?v=k-5KqvJX1bo
Ghahveh Turk S01 E08 | قسمت هشتم سریال قهوه ترک,https://www.youtube.com/watch?v=Ls0IESaXymc
ترانه کجاست و چه بلایی سرش اومده؟ ❓😳 #قهوه_ترک,https://www.youtube.com/watch?v=Km-k6Zxg2X0
چرا پدری کردن برات انقدر سخت بود؟ 💔 #برتا #احساسی,https://www.youtube.com/watch?v=7bCFLHeBp7I
محمد سیانکی در چهارمین قسمت جیمی جام با ابوطالب حسینی | Jimmy Jam EP04,https://www.youtube.com/watch?v=tXZiridrmdI
Beretta The Story of a Gun Series S01 Ep 09 | برتا داستان یک اسلحه -قسمت نهم,https://www.youtube.com/watch?v=P5Z0ONwR5X8
عزت‌الله ضرغامی: پشت تصمیم‌های بزرگ چه می‌گذرد؟ | منشور قسمت 7 | Manshoor EP07,https://www.youtube.com/watch?v=3ckiES7oMwI
چه جوری انقدر خوشحالی وقتی تو دلت پر از غمه؟ #سریال_برتا,https://www.youtube.com/watch?v=NpUn6gQ9-mc
شیث رضایی و محمد نصرتی در سومین قسمت جیمی جام با ابوطالب حسینی | Jimmy Jam EP03,https://www.youtube.com/watch?v=L5R2B8I3xZY
رویا جاویدنیا: هر نقش یک زندگی تازه است | منشور قسمت 6 | Manshoor EP06,https://www.youtube.com/watch?v=uRYRtZF5ecw
Mordab S01 E09 | قسمت نهم سریال مرداب,https://www.youtube.com/watch?v=D4DD4u8byrk
رونالدو و مسی در دومین قسمت جیمی جام با ابوطالب حسینی | Jimmy Jam EP02,https://www.youtube.com/watch?v=HS3hxeIhlS8
SADAM Episode 4 | سریال جدید کمدی صدام | Reza Attaran رضا عطاران | Abbas Jamshidifar عباس جمشیدی‌فر,https://www.youtube.com/watch?v=D8boEbiheEY
رضا کیانیان: بازیگری برای من فقط یک شغل نیست! | منشور قسمت 5 | Manshoor EP05,https://www.youtube.com/watch?v=nLPTwxmP3hg
کارلوس در جیمی جام ابوطالب! | برنامه فوتبالی با اجرای ابوطالب حسینی | Carlos in Jimmy Jam,https://www.youtube.com/watch?v=dKta1qWA1KQ
جیمی جام را از دست نده! | با اجرای ابوطالب حسینی | Jimmy Jam,https://www.youtube.com/watch?v=6CdoVcOE6TM
علی لهراسبی - بی عاطفه | موزیک ویدیوی رسمی سریال بی عاطفه | Ali Lohrasbi Bi Atefeh,https://www.youtube.com/watch?v=sj2vxe3rpNY
آهنگ تیتراژ سریال «بیست و یک»🎤 خواننده و ترانه سرا  روزبه بمانی,https://www.youtube.com/watch?v=ySZwOHVm8Bw
بهمن افروز در اولین قسمت جیمی جام با ابوطالب حسینی | Jimmy Jam EP01,https://www.youtube.com/watch?v=JSeeDaAj-14
🏆 جیمی جام | یک پرونده مرموز روی میز فوتبال! | با اجرای ابوطالب حسینی,https://www.youtube.com/watch?v=B6zQpExP_RY
حسن معجونی: هنر بدون جسارت معنا ندارد | منشور قسمت 4 | Manshoor EP04,https://www.youtube.com/watch?v=sUrO-CT54A0
Az Yad Rafteh S01 E04 | قسمت چهارم سریال از یاد رفته,https://www.youtube.com/watch?v=3tDXCTL-BfM
Gardan Zani S01 E04 | قسمت چهارم سریال گردن‌زنی,https://www.youtube.com/watch?v=3uyev_z7Lrw
مرضیه جعفری: موفقیت اتفاقی نیست | منشور قسمت 3 | Manshoor EP03,https://www.youtube.com/watch?v=_bxdZsJSxDY
بابک جهانبخش: موسیقی مسیر زندگی من را تغییر داد | منشور قسمت 2 | Manshoor EP02,https://www.youtube.com/watch?v=J8krXktbWF8
سریال خاطره‌انگیز ویلای من قسمت 4 😄🔥 با بازی مهران مدیری | Vilaye Man Ep 4,https://www.youtube.com/watch?v=-ba09XTFqxg
نعیمه نظام‌دوست: هیچ‌وقت تسلیم زندگی نشدم! | منشور قسمت 1 | Manshoor EP01,https://www.youtube.com/watch?v=Zn4ex-GM04w
Ghahveh Turk S01 E07 | قسمت هفتم سریال قهوه ترک,https://www.youtube.com/watch?v=tucEF2FyFcg
Beretta The Story of a Gun Series S01 Ep 08 | برتا داستان یک اسلحه -قسمت هشتم,https://www.youtube.com/watch?v=jkJ1zyokcro
😂 خدا قوت...#رضا_عطاران... 😆 #صدام #سریال,https://www.youtube.com/watch?v=40MU3mAqG14
Mordab S01 E08 | قسمت هشتم سریال مرداب,https://www.youtube.com/watch?v=FvQ_0ZiwMB4
😂 رضا عطاران در سریال «صددام» واقعاً دیدنیه!,https://www.youtube.com/watch?v=xDCZdPVd2ys
SADAM Episode 3 | سریال جدید کمدی صدام | Reza Attaran رضا عطاران | Abbas Jamshidifar عباس جمشیدی‌فر,https://www.youtube.com/watch?v=pb9LFw2tcLU
توی «از یاد رفته»، بعضی احساسات از خاطره‌ها هم موندگارترن,https://www.youtube.com/watch?v=WzUsOA68ZmU
Az Yad Rafte E3 |  سریال از یاد رفته - قسمت سوم,https://www.youtube.com/watch?v=Ihjp-e_dE0k
سجده کنید حالت روحانی فیلمتون بره بالا! 😂😅#رضا_عطاران #صدام,https://www.youtube.com/watch?v=y2MQL1ZKtBg
مطمئنی توی پرونده شادی چیزی رو از قلم ننداختی؟!,https://www.youtube.com/watch?v=y_lFuplelcA
نقشه دزدی مهران مدیری که لو رفت! 😂 #ویلای_من #طنز,https://www.youtube.com/watch?v=Qfnl5y9vZDo
Gardan Zani 03 | سریال گردن زنی قسمت ۳,https://www.youtube.com/watch?v=iAjwtVWxZvk
شماها مثل اینکه یادتون رفته بچه‌هاتون رو چطوری کشتن؟,https://www.youtube.com/watch?v=6hzgUyQrbzI
سریال خاطره‌انگیز ویلای من قسمت 3 😄🔥 با بازی مهران مدیری | Vilaye Man Ep 3,https://www.youtube.com/watch?v=hHLG7NEyVpg
پاشو چشماتو باز کن😂 #ویلای_من #طنز #مهران_مدیری,https://www.youtube.com/watch?v=1cbKIQhdKCY
می‌خوای با من چی کار کنی؟!,https://www.youtube.com/watch?v=0ZMo_0EDnlg
Ghahveh Turk S01 E06 | قسمت ششم سریال قهوه ترک,https://www.youtube.com/watch?v=gZp_NRyYdXY
تو برای چی باید خودتو به اونا ثابت کنی! #قهوه_ترک,https://www.youtube.com/watch?v=_wmb-t68iV0
Beretta The Story of a Gun Series S01 Ep 07 | برتا داستان یک اسلحه -قسمت هفتم,https://www.youtube.com/watch?v=EZqITMO1Q64
درونم یه دختر بچه‌ست که همه چیز روبا چشم‌های پر از بغض قبول کرده❤️‍,https://www.youtube.com/watch?v=uHjOmGOrv38
حیفه بعد همدیگه قلبامون بیفته دست غریبه‌ها ❤️🥀,https://www.youtube.com/watch?v=GuVr3FqCY3E
اونا آب و اجدادی تو کار کفن و دفن بودن🤫 #مرداب  #سریال,https://www.youtube.com/watch?v=G0GmFvr9IKk
قسمت ۷ سریال مرداب | آیا سرگرد فتحی به حقیقت می‌رسد؟🔥| Mordab S01 E07,https://www.youtube.com/watch?v=zyJZ8FqvWhg
ببین با خودشیرینی جلوی شکیب قرار نیست به جایی برسی! 😏🔥,https://www.youtube.com/watch?v=x3v_tlBYPYg
کوری (Blindness) | Official Teaser | تیزر| همه مردم دارن ناپدید میشن!,https://www.youtube.com/watch?v=iy1pg_EsnTU
SADAM Episode 2 | سریال جدید کمدی صدام | Reza Attaran رضا عطاران | Abbas Jamshidifar عباس جمشیدی‌فر,https://www.youtube.com/watch?v=ucwYHllR45k
ایشاالله ماموریت‌های بعدی یه نقش خوشگل و مامانی بهت میدیم! #رضا_عطاران #صدام,https://www.youtube.com/watch?v=F77bO6dBhSA
فقط صورت ماتیکی رضا عطاران رو ببین! 😂 #صدام #طنز #سریال_جدید,https://www.youtube.com/watch?v=MaEezeksvac
اوه اوه! خانوم وحشیه اومد! 😱😂 #صدام #کمدی,https://www.youtube.com/watch?v=zEabyVCfpwo
Az Yad Rafte E2 |  سریال از یاد رفته - قسمت دوم,https://www.youtube.com/watch?v=L-x6NeZyePE
سؤال‌هایی که جوابشون رو کسی نمی‌دونه #از_یادرفته #سریال #Shorts,https://www.youtube.com/watch?v=rOEmQ_oRCas
آشیونه‌تو بزک دوزک کن 😄 بلکه هم یه جفتی گیرت بیاد,https://www.youtube.com/watch?v=D0DKXjbfCDI
سریال جنایی گردن‌زنی قسمت 2 😳🔥 رازهای پنهان آشکار می‌شوند | Gardan Zani (The Beheading) Ep 2,https://www.youtube.com/watch?v=6gP4JFen9Lk
اگه بهت چیزی نمیگم، بخاطر داغیه که دیدی #مهران_غفوریان #گردن_زنی,https://www.youtube.com/watch?v=npBPhXUT2jU
سریال خاطره‌انگیز ویلای من قسمت 2 😄🔥 با بازی مهران مدیری | Vilaye Man Ep 2,https://www.youtube.com/watch?v=PFYDug474Ys
ببخشید جسارت ولی الدنگ تویی با اون مشتریای تازه به دوران رسیدت 😭😂#مهران_مدیری,https://www.youtube.com/watch?v=IqgthDa4ISo
من بچه شما رو سرپا بگیرم؟! 😳😂 #مهران_مدیری,https://www.youtube.com/watch?v=cfzIc0LXN8E
Ghahveh Turk S01 E05 | قسمت پنجم سریال قهوه ترک,https://www.youtube.com/watch?v=WQR-ZDZxxos
Beretta The Story of a Gun Series S01 Ep 06 | برتا داستان یک اسلحه -قسمت ششم,https://www.youtube.com/watch?v=If4TbxHpSvg
بخوای یا نخوای تو یه مسیریم ! 👀 #برتا #سریال,https://www.youtube.com/watch?v=U2ZzXj9exKM
بزرگ‌ترین قمار زندگی این مرد! 🎲 #سریال #مرداب,https://www.youtube.com/watch?v=3gdH8ijLZDI
🎬 قسمت ششم سریال مرداب| لحظه شوکه کننده برای ایرج! | Mordab S01 E06 🎬,https://www.youtube.com/watch?v=iKAdFb8UBn8
راز پشت این تهدید چیه؟ #مرداب #shorts #درام,https://www.youtube.com/watch?v=dYTsYSX--vg
وقتی وسط ماموریت یهو ماچت می‌کنن! 😂 #رضا_عطاران #کمدی #shorts,https://www.youtube.com/watch?v=6arAYpoXa6A
این حقیقت همه چیز رو خراب میکنه! #خیانت #رضا_عطاران #صدام,https://www.youtube.com/watch?v=bgcq6f5gjRk
Az Yad Rafte E1 |  سریال از یاد رفته - قسمت اول,https://www.youtube.com/watch?v=HPzAdB-FsQY
اصلا بهش گوش نده فقط بذار ببینتت!   #از_یاد_رفته,https://www.youtube.com/watch?v=3vRN4qVvJmM
این قسمت صدام رو نبینی کل خنده‌هاتو باختی! #Saddam #رضا_عطاران  #کمدی,https://www.youtube.com/watch?v=8xr2mZYkly0
خفت کردن نامزد این مرد خطرناک! #گردن_زنی #GardanZani #shorts,https://www.youtube.com/watch?v=kPHWdsd299I
دلبر ناب دلم با چشای خوشگل سبزت یکم… 💚# سریال  #گردن_ زنی,https://www.youtube.com/watch?v=coP8YeHIB7E
سریال خاطره‌انگیز ویلای من قسمت 1 😄🔥 با بازی مهران مدیری | Vilaye Man Ep 1,https://www.youtube.com/watch?v=v-jsBG_vnj8
یه موتور هزار معذرت… این بار مهران مدیری! 🏍️ #کمدی #شوخی,https://www.youtube.com/watch?v=LZBAAp6aWU8
یه تصمیم که همه چیز رو تغییر داد #turning-point #shorts #drama #سریال #بیست ویک,https://www.youtube.com/watch?v=xSifv1qxG00
تو غربت چه چیزهایی که باورت نمی شه #سریال #قهوه_ترک,https://www.youtube.com/watch?v=JWtUBaQH8fg
آدم تو غربت احتیاج به هم زبون داره! قبول داری؟ #غربت  #قهوه ترک,https://www.youtube.com/watch?v=bIbFiv2EorI
🎬 قسمت چهارم قهوه ترک | ذهنم داره هزار راه میره 😱💭 | Ghahveh Turk S01 E04 🔥🔥,https://www.youtube.com/watch?v=DeiDaV0WV4Y
Beretta The Story of a Gun Series S01 Ep 05 | برتا داستان یک اسلحه -قسمت پنجم,https://www.youtube.com/watch?v=IaRfSCcgLr8
خودمم نمی‌دونم چمه! اصلا برای چی باید کار کرد!💔قسمت 5 برتا را امشب رایگان ببین❤️,https://www.youtube.com/watch?v=XlV36wAB_5I
Mordab S01 E05 | قسمت پنجم سریال مرداب,https://www.youtube.com/watch?v=C1WoKrxE9p8
اگر سر قرار نری، الان مرده ای !  قسمت پنجم سریال #مرداب را رایگان در @NetFilmaChannel ببین,https://www.youtube.com/watch?v=VYHUbaUDXrw
😂 «سلام دادن واقعاً عمر آدمو زیاد می‌کنه!» رضا عطاران میگه: 👀🔥,https://www.youtube.com/watch?v=L1VqWBUuImM
🎪 من می‌خوام دیگه از تو بگم❤️  سینا ساعی و یک نبوغ تماشایی✨️,https://www.youtube.com/watch?v=gD_0FearDTc
یه حرف یه نشونه منو پرت میکنه به خیال تو     «بِرِتا؛ داستان یک اسلحه!»,https://www.youtube.com/watch?v=6RjhPZYdYGs
🎬 وقتی یک معلم، امیرکبیر را زندگی می‌کند… #سینا_ساعی,https://www.youtube.com/watch?v=bDxb4XEitfY
⁨   اون به نفر که نمی‌ذاره آسیبی بهت برسه❤️  قسمت چهارم «بِرِتا؛ داستان یک اسلحه» را رایگان ببین,https://www.youtube.com/watch?v=MHA7yOPva-k
Beretta The Story of a Gun Series S01 Ep 04 | برتا، داستان یک اسلحه -قسمت  چهارم,https://www.youtube.com/watch?v=iy8rezg084s
Ghahveh Turk S01 E03 | قسمت سوم سریال قهوه ترک,https://www.youtube.com/watch?v=dqvPojcpmmo
Mordab S01 E04 | قسمت چهارم سریال مرداب,https://www.youtube.com/watch?v=oeR3NhC1_No
Ghahveh Turk S01 E02 | قسمت دوم سریال قهوه ترک,https://www.youtube.com/watch?v=N1zUVsqheNk
Beretta The Story of a Gun Series S01 Ep 03 | برتا داستان یک اسلحه - قسمت سوم,https://www.youtube.com/watch?v=kEmpoC5tabM
Mordab S01 E03 | قسمت سوم سریال مرداب,https://www.youtube.com/watch?v=l10_ZIe4nvI
فیلم شهر قصه | کمدی اجتماعی متفاوت با بازی هدیه تهرانی و حامد کمیلی| سال‌ها دیده نشد| Persian Movie,https://www.youtube.com/watch?v=sBh5gAkBR6c
قهوه ترک قسمت 1 😳🔥 یک تصمیم خطرناک | Turkish Coffee Episode 1,https://www.youtube.com/watch?v=ikSAdvQARCU
مرداب قسمت 1 و 2 😳🔥 نسخه 120 دقیقه‌ای | The Marsh Ep 1-2 Special Premiere,https://www.youtube.com/watch?v=_f6l3XL4CwE
سریال مرداب 😳🔥 با صدای رضا صادقی / امشب قسمت 1 و 2 رایگان! #shorts,https://www.youtube.com/watch?v=nYZkwK2fA24
اکنش دیدنی عباس جمشیدی‌فر به عروسی! 😂,https://www.youtube.com/watch?v=aOoe2TW4DYs
فیلم سینمایی پوست شیر 3 | پایان شوکه‌کننده‌ای که هیچ‌کس انتظار نداشت | The Lion Skin Movie 3,https://www.youtube.com/watch?v=AWhbHJf04gE
تیزر سریال جدید پلیسی بیست و یک 😳🔥  Twenty One Official Teaser New Persian Police TV Series,https://www.youtube.com/watch?v=NeLiUw4l-Vo
بی‌عاطفه 😳🔥 آنونس رسمی با حضور بهداد و کیانیان | HEARTLESS Official Trailer,https://www.youtube.com/watch?v=nGFXKgjE-q8
🎬 فیلم سینمایی پوست شیر 2 | حقیقت تاریک‌تر از چیزی که فکر می‌کرد | The Lion Skin Movie 2,https://www.youtube.com/watch?v=6EcXl8LcVv8
فیلم سینمایی پوست شیر 1 | ناپدید شدن دخترش همه چیزو تغییر داد! | The Lion Skin (Poost Shir) Movie 1,https://www.youtube.com/watch?v=pewR8PvEuRU
"فیلم سینمایی کمدی  نصف مال من، نصف مال تو (2006) | Half Mine, Half Yours",https://www.youtube.com/watch?v=AaLAyVcKesw
فیلم سینمایی کامل خانه ارواح 😳🔥 فیلم پژمان جمشیدی که۵ سال توقیف بود! | House of Ghosts Persian Movie,https://www.youtube.com/watch?v=pTsFX4DNuG4
سریال کمدی صدام قسمت ۱ | رضا عطاران و پریناز ایزدیار در یک داستان باورنکردنی!,https://www.youtube.com/watch?v=9JthadxH2-I
دراکولا 2015 فیلم کمدی متفاوت رضا عطاران | Dracula Persian Movie,https://www.youtube.com/watch?v=3IB-snqWxm0
کچ‌پیله 2025 فیلم جدید و جنجالی الناز شاکردوست | Kajpelleh (The Crooked Cocoon) New Persian Movie,https://www.youtube.com/watch?v=PwiwpHEg9TM
فیلم پل چوبی (The Wooden Bridge) | درام اجتماعی با بهرام رادان و مهناز افشار | Full Iranian Movie HD,https://www.youtube.com/watch?v=5jeufFkerSk
Mordab S01 E02 | قسمت دوم سریال مرداب,https://www.youtube.com/watch?v=tgnufxUupqw
این بلیت توکیو زندگی‌شون رو نابود کرد؟! 😳✈️ | Tokyo Non Stop (توکیو بدون توقف) | مهران مدیری,https://www.youtube.com/watch?v=0OaUDEiUYiI
Beretta The Story of a Gun Series S01 Ep 02 | برتا داستان یک اسلحه -قسمت دوم,https://www.youtube.com/watch?v=WMIiPq7w3zc
Mordab S01 E01 | قسمت اول سریال مرداب,https://www.youtube.com/watch?v=kejnv93GR78
Beretta -The Story of a Gun Series S01 Ep 01 | برتا داستان یک اسلحه -قسمت اول,https://www.youtube.com/watch?v=mPHKuWLmHdA
کمدی اجل معلق با بازی رضا عطاران و عباس جمشیدی فر,https://www.youtube.com/watch?v=o6GE2_KWD-Y
پیانوی «مرغ سحر» با سامان احتشامی | کارناوال🎹✨Morgh-e Sahar on Piano – Saman Ehteshami | Carnival  🎶,https://www.youtube.com/watch?v=6LzJ9s6-u98
وحشی روزای سخت رو تنها بود یا نه؟ #VahshiS2  #Shorts,https://www.youtube.com/watch?v=FoSlUj99V-k
Jan Sakht E19 | جان سخت - قسمت آخر,https://www.youtube.com/watch?v=su48iM70PHc
تو ازدواج قد فرق میکنه یا نه؟ این را ببینید 🤣 #ازدواج #طنز,https://www.youtube.com/watch?v=VVuqL7av0pI
وقتی می خواهی  تسلیت بگی ولی خنده امان نمی ده! #رضاعطاران #سریال #طنز,https://www.youtube.com/watch?v=lQaIg2MAjoE
این اجرای سینا ساعی همه رو تکان داد #کارناوال,https://www.youtube.com/watch?v=ilfz9i3KYNg
سلطان قلب‌ها با هنرمندی سامان احتشامی در کارناوال دیدنیه!,https://www.youtube.com/watch?v=5KvbjR0ECGs
🔥اجرای تماشایی سینا ساعی| امیرکبیر و تاریخ در مقابل زن 🔥 #liveperformance #shortfilm,https://www.youtube.com/watch?v=vSNy2Y3mU5Y
رپ سینا ساعی | مرگ امیرکبیر و رویارویی با مادر,https://www.youtube.com/watch?v=Tj6KqZFuOts
ای ایران پیانو اجرا زنده سامان احتشامی #pianomusic #liveperformance #shorts,https://www.youtube.com/watch?v=SLtfROMwGCc
آنچه در فصل اول «وحشی» گذشت | خلاصه داستان The Savage (Season 1 Recap),https://www.youtube.com/watch?v=eHHrW954OLU
ویدئو کلیپ  سریال وحشی با صدای حیدو هدایتی,https://www.youtube.com/watch?v=YxJhVgZJp3E
این احساسات رو فراموش نکن 💔 #داریوش #سریال,https://www.youtube.com/watch?v=5quTA3El_CI
🎪 شادی‌تون آرزوم نیست هدفمه😎💃🕺🏻  «کارناوال» با سامان‌احتشامی بی نظیره,https://www.youtube.com/watch?v=c0B7ffd7rFc
Jan Sakht E18 | جان سخت - قسمت هجدهم,https://www.youtube.com/watch?v=02Q3rlJ8-1U
کارناوال | قسمت ۲۰|  پایانی| Carnival – Episode 20 |  با اجرای رامبد جوان | Hosted by Rambod Javan,https://www.youtube.com/watch?v=23momY4_z1c
⁨ شکوه پرفورمنس، تئاتر و موسیقی در اجرای سینا ساعی✌️🔥   قسمت ۱۶ #کارناوال هم‌اکنون رایگان ببین 🎪,https://www.youtube.com/watch?v=wUqN88yUOX0
عباس جمشیدی‌فر عالیه! 🔥🎬 سریال اجل معلق,https://www.youtube.com/watch?v=Qj0zHFh-8uc
قسمت هجدهم و نیم کمدی کارناوال رامبد جوان  | Carnaval E18 Part B,https://www.youtube.com/watch?v=VQxyWkq5joU
پیانو‌نوازی سامان احتشامی در «کارناوال» | اجرایی که همه را متحیر کرد,https://www.youtube.com/watch?v=sjqc-nr-LNQ
🎭 کارناوال | قسمت ۱۷.۵ – بخش داوری🎭 Carnival – Episode 17.5 | Judgingبا اجرای رامبد جوان,https://www.youtube.com/watch?v=_qvVZxTgZE0
🎭 کارناوال | قسمت ۱۷ کامل | Carnival Episode 17 Full🎤 با اجرای رامبد جوان | Hosted by Rambod Javan,https://www.youtube.com/watch?v=IgvsfBTTDdM
گفتگوی معلم و شاگرد با سینا ساعی,https://www.youtube.com/watch?v=NvqOADp0vCM
قسمت شانزدهم کمدی کارناوال رامبد جوان  | Carnaval E16,https://www.youtube.com/watch?v=WBE1okGFMOk
قسمت شانزدهم ونیم کمدی کارناوال رامبد جوان   Carnaval E16 Part B,https://www.youtube.com/watch?v=5IOIVto8hjQ
قسمت پانزدهم کمدی کارناوال رامبد جوان  | Carnaval E15,https://www.youtube.com/watch?v=IESWUH4VibA
قسمت پانزده و نیم کمدی کارناوال رامبد جوان  | Carnaval E15 Part B,https://www.youtube.com/watch?v=LRg9g82Kn-M
Jan Sakht E17 | جان سخت - قسمت هفدهم,https://www.youtube.com/watch?v=HB7E-33Ibfk
این تیکه‌های نابِ رضا عطاران خودش یه دنیاست! 😂🔥کاش می‌شد یه دفتر یادداشت داشت، اینا رو توش نوشت! 🤣✍️,https://www.youtube.com/watch?v=dPe4fJenNjQ
قسمت سیزدهم کمدی کارناوال رامبد جوان  | Carnaval E13,https://www.youtube.com/watch?v=Cb9gmtkSjyM
قسمت سیزدهم و نیم کمدی کارناوال رامبد جوان  | Carnaval E13 Part B,https://www.youtube.com/watch?v=hxF4j8rTIzU
قسمت چهاردهم کمدی کارناوال رامبد جوان  | Carnaval E14,https://www.youtube.com/watch?v=QXi0wBFTA4c
🎪 ایران به سان مادر💚🤍❤️   | سینا ساعی,https://www.youtube.com/watch?v=S-7QScyMyrQ
قسمت چهاردهم ونیم کمدی کارناوال رامبد جوان  | Carnaval E14 Part B,https://www.youtube.com/watch?v=L3MafLhUcTw
قهرمانی سینا ساعی همه رو شگفت‌زده کرد #کارناوال ❤️,https://www.youtube.com/watch?v=6s6D-keXYsI
⁨-🎪 با نسل بعدی مهربون باشیم اونا  با همون آرزوها... با همون رنج‌ها‌‌‌‌...  #سینا_ساعی,https://www.youtube.com/watch?v=dmJSSQb6P9I
💔مادر، عشق بی مرز💔  نمایش احساسی که همه رو متاثر می کند #کارناوال,https://www.youtube.com/watch?v=KdmyyJ4SdqA
رابطه منو بابام جلو بقیه😩😂   # قهوه_ پدری,https://www.youtube.com/watch?v=ZXNpxfXW17o
به این قماش اعتماد نکن ! فصل دوم #وحشی  می آِید,https://www.youtube.com/watch?v=IP9RZp-dKuk
Afee Tehran E14 |  سریال افعی تهران قسمت آخر,https://www.youtube.com/watch?v=RjN8-52Pzng
Jan Sakht E16 | جان سخت - قسمت شانزدهم,https://www.youtube.com/watch?v=SR1iE17WWo0
قسمت هجدهم کمدی کارناوال رامبد جوان  | Carnaval E18,https://www.youtube.com/watch?v=UrkaN2Od7zY
سریال طنز و دیدنی اجل معلق - قسمت آخر | Ajal Moalagh 20,https://www.youtube.com/watch?v=CYNeKVhPWJ0
امیرکبیر و مادرش | سینا ساعی,https://www.youtube.com/watch?v=XyZAlSim9JE
Afee Tehran E13 | ۱۳ سریال افعی تهران قسمت,https://www.youtube.com/watch?v=U5ShpCKA2gk
Jan Sakht E15 | جان سخت - قسمت پانزدهم,https://www.youtube.com/watch?v=OJdl8a_ktMs
The Savage Trailer Season2| 💥 وحشی برگشت! | تیزر انفجاری فصل دوم,https://www.youtube.com/watch?v=aiW1qjUPemw
قسمت نوزدهم کمدی کارناوال رامبد جوان | Carnaval E19 - 🏆 فینال بزرگ! سینا ساعی در مقابل روزبه حصاری ✨,https://www.youtube.com/watch?v=temenwH5-ps
رازهای مخ زنی رضا عطاران فاش شد!,https://www.youtube.com/watch?v=Oy93PDTZz0U
سریال طنز و دیدنی اجل معلق - قسمت نوزدهم | Ajal Moalagh 19,https://www.youtube.com/watch?v=B-XPIgdzTLI
ایرانی‌ها اجل را هم سرکار می‌گذارند؟ 🤯|سکانس رپ اجل معلق – قسمت ۴,https://www.youtube.com/watch?v=0IFaqwKZuiI
Jan Sakht E14 | جان سخت - قسمت چهاردهم,https://www.youtube.com/watch?v=g7t-FXyByI4
کارناوال تر قسمت دوازدهم با اجرای مهسا طهماسبی | CarnavalTar E12,https://www.youtube.com/watch?v=6ggEsOItbqM
کارناوال تر قسمت ششم  با اجرای مهسا طهماسبی | CarnavalTar E6,https://www.youtube.com/watch?v=kyyBg4eyFWY
وقتی رضا عطاران اسکل می شود!,https://www.youtube.com/watch?v=zGRcApILB_s
کل کل آتشین خانم دارابی و رضا عطاران! 🔥 | کی حریفه؟ (ورود آقایان ممنوع),https://www.youtube.com/watch?v=dW6vTvqls5s
سریال طنز و دیدنی اجل معلق - قسمت هجدهم | Ajal Moalagh 18,https://www.youtube.com/watch?v=TZQeRIArI3U
داوود (رضا عطاران) در مقابل حافظ شیرازی!,https://www.youtube.com/watch?v=-GOG8CQeQ8o
سبیل غلام کجاست؟ #ajalmoalagh #shorts,https://www.youtube.com/watch?v=TGp_DvRAL2Y
وقتی علی فروتن می‌خواست از پلیس قِسِر دربره… نتیجه‌ش این شد! 😂🚓,https://www.youtube.com/watch?v=HIEhjaefFP4
Jan Sakht E13 | جان سخت - قسمت سیزدهم,https://www.youtube.com/watch?v=9_atjLchFAI
از درون پر از نوشابه ای !,https://www.youtube.com/watch?v=dWgbHK0ZQy0
آخرش چی شد؟ دعوا یا آشتی؟,https://www.youtube.com/watch?v=WZgGDkKvYQY
کدوم باهوش‌تره؟ دخترها یا پسرها؟,https://www.youtube.com/watch?v=6k5B7VfKtqk
Afee Tehran E12 | ۱۲ سریال افعی تهران قسمت,https://www.youtube.com/watch?v=L-znrzHOEF8
سریال طنز و دیدنی اجل معلق - قسمت هفدهم | Ajal Moalagh 17,https://www.youtube.com/watch?v=jN-6p6TwrZc
نبرد شیطان و اجل معلق,https://www.youtube.com/watch?v=GRVwSqRBGNc
Afee Tehran E11 | ۱۱ سریال افعی تهران قسمت,https://www.youtube.com/watch?v=ZLriQuknSX0
Jan Sakht E12 | جان سخت - قسمت دوازدهم,https://www.youtube.com/watch?v=fkZHOs2eSZs
🔥 🎤 سینا ساعی برای امیرکبیر خواند | اجرای خاص در کارناوال #shorts,https://www.youtube.com/watch?v=0Suhvj4_uS0
این مسابقه محله رو از دست ندی که ته خنده‌ست! 🔥😂 #عباس_جمشیدی_فر #کمدی #shorts,https://www.youtube.com/watch?v=bTV7MwxntMI
چرا عروسی غلام بهم خورد؟,https://www.youtube.com/watch?v=qBQYa97_uyQ
این آرزوی غلام باورش نمی‌شه! #shorts #خنده,https://www.youtube.com/watch?v=8jsh1lU_4zk
وقتی عاشق می شی و گردن نمی گیری!,https://www.youtube.com/watch?v=AXM6LGojRZQ
سریال طنز و دیدنی اجل معلق - قسمت شانزدهم | Ajal Moalagh 16,https://www.youtube.com/watch?v=KoqialeOTWk
"آنونس سریال برتا ، داستان یک اسلحه | Bereta,  Story of a Gun",https://www.youtube.com/watch?v=SpMq-3hRFMU
همسایه غلام و دوربین مداربسته #اجل معلق,https://www.youtube.com/watch?v=rEChF-xE60A
قسمت دوازدهم و نیم کمدی کارناوال رامبد جوان  | Carnaval E12 Part B,https://www.youtube.com/watch?v=nmFnXIvZ7Ws
موقعیت من و رفیقام,https://www.youtube.com/watch?v=ZvA_zZRByyo
قسمت دوازدهم کمدی کارناوال رامبد جوان  | Carnaval E12,https://www.youtube.com/watch?v=PxHpUOgZAxk
۵ حقیقت خنده‌دار در مورد سلامتی که شما را شوکه می‌کند,https://www.youtube.com/watch?v=tbTBzCUUkBE
بعد از اینکه به مدیرم گفتم حالم خوب نیست و امروز نمی آم سرکار!,https://www.youtube.com/watch?v=1XfoWKsXYa8
اجرای خفن لقمانیان، آقاپور و بی چشم و رو | Carnaval E9,https://www.youtube.com/watch?v=BaKUM6thvx0
سریال طنز و دیدنی اجل معلق - قسمت پانزدهم | Ajal Moalagh 15,https://www.youtube.com/watch?v=kVwRLHofU-o
کارناوال تر قسمت یازدهم با اجرای مهسا طهماسبی | CarnavalTar E11,https://www.youtube.com/watch?v=lGKCjNQGMTc
آیا واقعا با داشته هایت زندگی می کنی؟,https://www.youtube.com/watch?v=TveaVsubrWk
شعبده بازی جذاب دانیال کاظمی در کارناوال | Carnaval E9,https://www.youtube.com/watch?v=0-teqVe0P7c
رفاقت تا آخر نفس 💔 | رضا پروانه و نعیم – پوست شیر,https://www.youtube.com/watch?v=qXeO1xH8Geg
Jan Sakht E11 | جان سخت - قسمت یازدهم,https://www.youtube.com/watch?v=_D10BAxb_jQ
قسمت یازدهم و نیم کمدی کارناوال رامبد جوان  | Carnaval E11 Part B,https://www.youtube.com/watch?v=Zm-atR8X_II
میزان اطلاعات مذهبی دوستام,https://www.youtube.com/watch?v=DLDUOE8e8vY
افعی تهران در پاییز عاشقانه,https://www.youtube.com/watch?v=4mFJUYTiiEc
این مرد چطور همه را شگفت‌زده کرد؟,https://www.youtube.com/watch?v=McVsYmc03UM
رازهای پنهان قدرت کلام فاش شد!,https://www.youtube.com/watch?v=tWhZxsfXkVs
چشمانت,https://www.youtube.com/watch?v=MR-hh8eBCd0
قسمت یازدهم کمدی کارناوال رامبد جوان  | Carnaval E11,https://www.youtube.com/watch?v=oTrjbU4PA_o
کجا تخم بذارید؟,https://www.youtube.com/watch?v=YXR1Yg4EO_k
وقتی رفیق صمیمیم جواب تلفنم و نمیده,https://www.youtube.com/watch?v=pJIkW7LEaXA
سریال افعی تهران قسمت ۱۰ | Afee Tehran E10,https://www.youtube.com/watch?v=xVGqUg11tCo
محمدرضا علیمردانی انجمن اشباح را تاسیس کرد,https://www.youtube.com/watch?v=_eQk0aUSVpk
سریال طنز و دیدنی اجل معلق - قسمت چهاردهم | Ajal Moalagh 14,https://www.youtube.com/watch?v=GuvCpVixbdM
وقتی بعد یه روز سخت کاری مدیرت میگه ازت توقع بیشتری دارم😡😂,https://www.youtube.com/watch?v=XP2VGQPCsQY
کارناوال تر قسمت دهم با اجرای مهسا طهماسبی | CarnavalTar E10,https://www.youtube.com/watch?v=2Kq9rcpqsJw
سریال هیجان انگیز جان سخت - قسمت دهم | Jan Sakht E10,https://www.youtube.com/watch?v=xmQk2y0SwhY
خوشحالم که اجل اومد توی خونه‌های شماولی سراغ‌تون نیومد😅,https://www.youtube.com/watch?v=nsRCMt7yn-s
سریال طنز و دیدنی اجل معلق - قسمت سیزدهم | Ajal Moalagh 13,https://www.youtube.com/watch?v=f422FAB2JUw
قسمت ده و نیم کمدی کارناوال رامبد جوان  |  Carnaval E10 Part B,https://www.youtube.com/watch?v=AbN4otpSjV4
قسمت دهم کمدی کارناوال رامبد جوان  | Carnaval E10,https://www.youtube.com/watch?v=g_kE5a44deI
سریال افعی تهران قسمت ۹ | Afee Tehran E9,https://www.youtube.com/watch?v=ohS9OSywJ3Y
انجمن اشباح کاری از محمدرضا علیمردانی,https://www.youtube.com/watch?v=FKzi-yb8qOA
Ajal Moalagh 12 | سریال طنز و دیدنی اجل معلق - قسمت دوازدهم,https://www.youtube.com/watch?v=ZyXmoKangbM
نقطه ضعف اکثرآقایون 😂😂,https://www.youtube.com/watch?v=PwMvlLxMWBQ
کارناوال تر قسمت نهم با اجرای مهسا طهماسبی | CarnavalTar E9,https://www.youtube.com/watch?v=e9BU6kFDMXo
سریال هیجان انگیز جان سخت - قسمت نهم | Jan Sakht E9,https://www.youtube.com/watch?v=0qGEr-gRdEM
سریال طنز و دیدنی اجل معلق - قسمت یازدهم | Ajal Moalagh 11,https://www.youtube.com/watch?v=Hjzh1YBDUdM
قسمت نه و نیم کمدی کارناوال رامبد جوان  |  Carnaval E9 Part B,https://www.youtube.com/watch?v=244hjFBq7tg
قسمت نهم کمدی کارناوال رامبد جوان  | Carnaval E9,https://www.youtube.com/watch?v=polOVdg7afs
سریال افعی تهران قسمت ۸ | Afee Tehran E8,https://www.youtube.com/watch?v=wJ5k-UIcBz0
موقعیت: برم کارناوال ، هله بخونم,https://www.youtube.com/watch?v=bv3ZKawS17Q
سریال طنز و دیدنی اجل معلق - قسمت دهم | Ajal Moalagh E10,https://www.youtube.com/watch?v=--i42mXD2TE
کارناوال تر قسمت هشتم با اجرای مهسا طهماسبی | CarnavalTar E8,https://www.youtube.com/watch?v=69iujjhOR7E
سریال هیجان انگیز جان سخت - قسمت هشتم | Jan Sakht E8,https://www.youtube.com/watch?v=LDTLAy6GW1s
باید دستمو ببوسی,https://www.youtube.com/watch?v=-8aTCsSzyis
سریال طنز و دیدنی اجل معلق - قسمت نهم | Ajal Moalagh E9,https://www.youtube.com/watch?v=kf_CAbWAPgI
قسمت هشت و نیم کمدی کارناوال رامبد جوان  |  Carnaval E8 Part B,https://www.youtube.com/watch?v=jE9YiZnVmfM
قسمت هشتم کمدی کارناوال رامبد جوان  |  Carnaval E8,https://www.youtube.com/watch?v=UwqtJ7ZzgrY
من عاشق مهمونم ولی دست خودم نیست😂,https://www.youtube.com/watch?v=XHOF02fI9nU
سریال افعی تهران قسمت ۷ | Afee Tehran E7,https://www.youtube.com/watch?v=mDvTb_7lewE
سریال طنز و دیدنی اجل معلق - قسمت هشتم | Ajal Moalagh E8,https://www.youtube.com/watch?v=PHPyP3TI6PY
کارناوال تر قسمت هفتم با اجرای مهسا طهماسبی | CarnavalTar E7,https://www.youtube.com/watch?v=5PV8DRKW3no
سریال هیجان انگیز جان سخت - قسمت هفتم | Jan Sakht E7,https://www.youtube.com/watch?v=xSjJsQlEuJo
سریال سیاه چاله | پاییزه‌ و عاشقانه‌هاش❤️,https://www.youtube.com/watch?v=kGFiK0d28so
سریال طنز و دیدنی اجل معلق - قسمت هفتم | Ajal Moalagh E7,https://www.youtube.com/watch?v=4Td4YBHLs6U
قسمت هفت و نیم کمدی کارناوال رامبد جوان | Carnaval E7 Part B,https://www.youtube.com/watch?v=BdmFM-j0ZqM
اجرای متفاوت علی اوجی در کارناوال | Carnaval E8,https://www.youtube.com/watch?v=dhtjSORq1bA
قسمت هفتم کمدی کارناوال رامبد جوان  | Carnaval E7,https://www.youtube.com/watch?v=jyyX3d8OA7E
نمایش احساسی رویا میرعلمی در کارناوال | Carnaval E8,https://www.youtube.com/watch?v=rwedXUI0DGE
گفتم سیبیل بذار، نه اونجا! | Ajal Moalagh 13,https://www.youtube.com/watch?v=wBpsbfvggjI
سریال افعی تهران قسمت ۶ | Afee Tehran E6,https://www.youtube.com/watch?v=A0Mnp3MTY0c
وقتی یادت میاد امروز اول مهره ولی تو دیگه مدرسه نمیری😎🛎,https://www.youtube.com/watch?v=VyqavFuDHUw
سریال طنز و دیدنی دفتر یادداشت - قسمت آخر | Daftar Yaddasht E16,https://www.youtube.com/watch?v=szLXijHEl2Q
کارناوال تر قسمت ششم  با اجرای مهسا طهماسبی | CarnavalTar E6,https://www.youtube.com/watch?v=AiEdM7aDghw
Ranjesh | فیلم رنجش,https://www.youtube.com/watch?v=TqX-vQgAYCM
سریال هیجان انگیز جان سخت - قسمت ششم | Jan Sakht E6,https://www.youtube.com/watch?v=95_D7CdDqto
سریال طنز و دیدنی اجل معلق - قسمت ششم | Ajal Moalagh E6,https://www.youtube.com/watch?v=liuix6xnXS8
قسمت شش و نیم کمدی کارناوال رامبد جوان | Carnaval E6 Part B,https://www.youtube.com/watch?v=JCshTJ34CNw
کی فکرشو میکرد بچه قصه مون، بشه امیر کبیر,https://www.youtube.com/watch?v=R_clb8__foY
صحنه «کارناوال» این بار در دستان سهیل مستجابیان | Carnaval E7,https://www.youtube.com/watch?v=iuFzZQoE0eQ
قسمت ششم کمدی کارناوال رامبد جوان  | Carnaval E6,https://www.youtube.com/watch?v=_dOUkfYeMm4
بازگشت رایان سرلک با اجرای سینا ساعی به فیلم‌ نت | Carnaval E7,https://www.youtube.com/watch?v=2tUOgx3PTWY
سریال افعی تهران قسمت ۵ | Afee Tehran E5,https://www.youtube.com/watch?v=muBGtIaDy5w
میخوام لحظات آخر عمرم بدون ادب سپری کنم | Carnaval E6,https://www.youtube.com/watch?v=Qpg4sCxoNE0
سریال طنز و دیدنی دفتر یادداشت - قسمت پانزدهم | Daftar Yaddasht E15,https://www.youtube.com/watch?v=Bm09M_RKOOw
هادی حجازی فر بعد دیدن شبا ❤️ عدد:,https://www.youtube.com/watch?v=kcBUbIkw-oo
Morde Khor | فیلم مرده خور,https://www.youtube.com/watch?v=FTzyebNRYdE
کارناوال تر قسمت پنجم  با اجرای مهسا طهماسبی | CarnavalTar E5,https://www.youtube.com/watch?v=6TFmcRXA0Ss
اون رفیقم که آبرو برام نذاشته,https://www.youtube.com/watch?v=etbufrTVy_o
سریال هیجان انگیز جان سخت - قسمت پنجم | Jan Sakht E5,https://www.youtube.com/watch?v=OeIjcGwm6oM
سریال طنز و دیدنی اجل معلق - قسمت پنجم | Ajal Moalagh E5,https://www.youtube.com/watch?v=7dXixY-k6Jo
قسمت پنج و نیم کمدی کارناوال رامبد جوان | Carnaval E5 Part B,https://www.youtube.com/watch?v=xSE6JucJz2I
جادوی شعبده بازی دانیال کاظمی | Carnaval E6,https://www.youtube.com/watch?v=zaIC6GIbB1A
قسمت پنجم کمدی کارناوال رامبد جوان | Carnaval E5,https://www.youtube.com/watch?v=K5egCCxdNOg
موسیقی اقلیمی با محسن شریفیان | Carnaval E6,https://www.youtube.com/watch?v=EhjLnFWVQlM
سریال افعی تهران قسمت ۴ | Afee Tehran E4,https://www.youtube.com/watch?v=vnwN0aFWt3I
سریال طنز و دیدنی دفتر یادداشت - قسمت چهاردهم | Daftar Yaddasht E14,https://www.youtube.com/watch?v=cm1lpVJSqaA
کارناوال تر قسمت چهارم با اجرای مهسا طهماسبی | CarnavalTar E4,https://www.youtube.com/watch?v=Orttsrlfgwg
تو ته باز دوست داری مثل اصغر فرهادی؟  | Carnaval E5,https://www.youtube.com/watch?v=MmsRpC2j0iM
سریال هیجان انگیز جان سخت - قسمت چهارم | Jan Sakht E4,https://www.youtube.com/watch?v=lHCpi5hhg6E
سریال طنز و دیدنی اجل معلق - قسمت چهارم | Ajal Moalagh E4,https://www.youtube.com/watch?v=8-XXuNwn778
قسمت چهار و نیم  کمدی کارناوال رامبد جوان  | Carnaval E4  Part B,https://www.youtube.com/watch?v=rux9Y4INckk
این‌ بار تهران در کارناوال، اجرای دوم از گروه ژوله | Carnaval E5,https://www.youtube.com/watch?v=ESCmrisTb4U
قسمت چهارم کمدی کارناوال رامبد جوان | Carnaval E4,https://www.youtube.com/watch?v=5BvE2OKGLjc
خاطره بازی جانانه,https://www.youtube.com/watch?v=xxnurl3Cj0Q
اجرای جذاب محمدحسین توسلی  از گروه امیرمهدی ژوله | Carnaval E5,https://www.youtube.com/watch?v=MYYvOdv_7l0
سریال افعی تهران قسمت ۳ | Afee Tehran E3,https://www.youtube.com/watch?v=6CaFamkqdIg
سریال طنز و دیدنی دفتر یادداشت - قسمت سیزدهم | Daftar Yaddasht E13,https://www.youtube.com/watch?v=8ZDVxwHozc0
سریال جدید از یاد رفته - قسمت هشتم | Az Yad Rafte E8,https://www.youtube.com/watch?v=Wa3h1ofNHdE
کارناوال تر قسمت سوم با اجرای مهسا طهماسبی | CarnavalTar E3,https://www.youtube.com/watch?v=IMxSRfASd_M
ستوهی ۱۲ و نیم یه ناشکری بد داشت | Carnaval E5,https://www.youtube.com/watch?v=-kWUJU7BBIU
سریال هیجان انگیز جان سخت - قسمت سوم | Jan Sakht E3,https://www.youtube.com/watch?v=F9YjNhLRCDA
ژوله ایسم | Carnaval E5,https://www.youtube.com/watch?v=O0OfX4lUQZ0
سریال طنز و دیدنی اجل معلق - قسمت سوم | Ajal Moalagh E3,https://www.youtube.com/watch?v=fE6Tem19kqg
قسمت سه و نیم کمدی کارناوال رامبد جوان | Carnaval E3 Part B,https://www.youtube.com/watch?v=D3K0NP-tGJw
Carnaval E3 | درخواست عجیب محسن شریفیان,https://www.youtube.com/watch?v=MPixl7Ij3Uk
قسمت سوم کمدی کارناوال رامبد جوان  | Carnaval E3,https://www.youtube.com/watch?v=OnAH-gXUFBc
Carnaval | سینا ساعی، دمم گرم,https://www.youtube.com/watch?v=3lmjCF6-vc0
سریال افعی تهران قسمت ۲ | Afee Tehran E2,https://www.youtube.com/watch?v=_JpUsIgeIyE
اجرای غافلگیرکننده بامداد افشار |  Carnaval E4,https://www.youtube.com/watch?v=erq-VcPxih4
سریال طنز و دیدنی دفتر یادداشت - قسمت دوازدهم | Daftar Yaddasht E12,https://www.youtube.com/watch?v=VvH-Tu3SMyM
شروع مکالمات در شهرستان  | Carnaval E5,https://www.youtube.com/watch?v=t1mhSn89FC8
اجرای دیدنی سهیل مستجابیان |  Carnaval E4,https://www.youtube.com/watch?v=tHqqSMGsLn8
کارناوال تر قسمت دوم با اجرای مهسا طهماسبی | CarnavalTar E2,https://www.youtube.com/watch?v=unG2ifcn8PE
سریال هیجان انگیز جان سخت - قسمت دوم | Jan Sakht E2,https://www.youtube.com/watch?v=a-B6cVUiuvs
مشکلات اجاره خونه در تهران  | Carnaval E5,https://www.youtube.com/watch?v=tFFr1OOoOn8
سریال طنز و دیدنی اجل معلق - قسمت دوم | Ajal Moalagh E2,https://www.youtube.com/watch?v=JpQi4q-owDg
قسمت دو و نیم کمدی کارناوال رامبد جوان | Carnaval E2 Part B,https://www.youtube.com/watch?v=6F_yrG4UmS8
قسمت دوم  کمدی کارناوال رامبد جوان  | Carnaval E2,https://www.youtube.com/watch?v=6TCz-kmc3oY
هزینه ساخت دکور کارناوال |  Carnaval Tar,https://www.youtube.com/watch?v=2xX0w7e5TdE
سریال افعی تهران قسمت ۱ | Afee Tehran E1,https://www.youtube.com/watch?v=z-epkddd0fo
سریال طنز و دیدنی دفتر یادداشت - قسمت یازدهم   | Daftar Yaddasht E11,https://www.youtube.com/watch?v=HKkbrrN3u1Y
افتو، دزد دریایی | Carnaval E2,https://www.youtube.com/watch?v=8FDzKqmt82U
کارناوال تر قسمت اول با اجرای مهسا طهماسبی | CarnavalTar E1,https://www.youtube.com/watch?v=fvuCRmK1APY
سریال هیجان انگیز جان سخت - قسمت اول | Jan Sakht E1,https://www.youtube.com/watch?v=qZupu-hTHAo
اعتماد افتو به رامبد |  Carnaval E2,https://www.youtube.com/watch?v=HKYLEhbf5Is
Carnaval E1 | پشت صحنه اجرای ژوله در کارناوال,https://www.youtube.com/watch?v=fUIw4mqyLIc
سریال طنز و دیدنی اجل معلق - قسمت اول | Ajal Moalagh E1,https://www.youtube.com/watch?v=pybSxDmL8Tg
فصل سوم پدرخوانده - قسمت هجدهم |  GodFather S3 E18,https://www.youtube.com/watch?v=g7vMHw6EgLc
قسمت یک و نیم کمدی کارناوال رامبد جوان | Carnaval E1 Part B,https://www.youtube.com/watch?v=tQ9QU4M-hoE
اجرای انفجاری روزبه حصاری با آواز مرا ببوس |  Carnaval E2,https://www.youtube.com/watch?v=j0Vp5jjIKK8
قسمت اول کمدی کارناوال رامبد جوان |  Carnaval E1,https://www.youtube.com/watch?v=ab_x__L0raI
اجرای امیر حسین رستمی با حضور قمیشی،اندی و |  Carnaval E2,https://www.youtube.com/watch?v=nqO1vxevJL8
سریال پوست شیر قسمت هشتم- فصل سوم |  Pooste Shir S3 E8,https://www.youtube.com/watch?v=OuYeBhOmjtE
کارناوال تر قسمت افتتاحیه با اجرای مهسا طهماسبی | CarnavalTar E0,https://www.youtube.com/watch?v=lNhFoDpWb4g
سریال طنز و دیدنی دفتر یادداشت - قسمت دهم | Daftar Yaddasht E10,https://www.youtube.com/watch?v=Q2AsklrfQ4A
Ajal Moalagh | اکران مردمی سریال کمدی اجل معلق,https://www.youtube.com/watch?v=fId5fvXTV0Q
مراحل ساخت دکور کارناوال | Carnaval,https://www.youtube.com/watch?v=U7dV_VbV6Jw
فصل سوم پدرخوانده - قسمت  هفدهم | GodFather S3 E17,https://www.youtube.com/watch?v=ujySkR_I7Hg
سریال شهرک کلیله و دمنه  قسمت آخر | Kelile o Demneh E11,https://www.youtube.com/watch?v=7ErvxfIR8Xo
اکران مردمی «از یاد رفته» با حضور عوامل و بازیگران,https://www.youtube.com/watch?v=jQjVv7tkwtY
سریال پوست شیر قسمت هفتم- فصل سوم | Pooste Shir S3 E7,https://www.youtube.com/watch?v=VM0S_MxyBDk
سریال طنز و دیدنی دفتر یادداشت - قسمت نهم | Daftar Yaddasht E9,https://www.youtube.com/watch?v=T-dg0LyVGaE
وقتی داود واسطه میشه | Ajal Moalagh,https://www.youtube.com/watch?v=4KXV9Uf9K7s
شروع رئالیتی شو کارناوال | Carnaval E0,https://www.youtube.com/watch?v=QLHPjtkaOSM
فصل سوم پدرخوانده - قسمت  شانزدهم | GodFather S3 E16,https://www.youtube.com/watch?v=acBOniRHRzg
رامبد خودش از ساخته خودش حیرت زده شده | Carnaval E1,https://www.youtube.com/watch?v=BznC-7C9-oM
سریال پوست شیر قسمت ششم - فصل سوم | Pooste Shir S3 E6,https://www.youtube.com/watch?v=g4LgoB0z-cY
سریال شهرک کلیله و دمنه  قسمت دهم | Kelile o Demneh E10,https://www.youtube.com/watch?v=cWZ8zvbPKak
غر زدن های ژوله تمومی نداره |  CarnavalTar E1,https://www.youtube.com/watch?v=0abZq4k4FFA
Ajal Moalagh | غیرتی شدن رضا عطاران,https://www.youtube.com/watch?v=GrcMjCze0P8
سریال پوست شیر قسمت پنجم - فصل سوم |  Pooste Shir S3 E5,https://www.youtube.com/watch?v=EHZ9igJNFOo
Daftar Yaddasht E8 | سریال طنز و دیدنی دفتر یادداشت - قسمت هشتم,https://www.youtube.com/watch?v=CB-NRlDbQ9s
GodFather S3 E15 | فصل سوم پدرخوانده - قسمت  پانزدهم,https://www.youtube.com/watch?v=VHgC2SWlNaY
پس من اولی نبودم! مرتیکه عروسک باره😳 | Carnaval E3,https://www.youtube.com/watch?v=CEXoSb_Otvo
قسمت نهم فصل دوم رئالیتی شوی ناتو | Naato S2 E9,https://www.youtube.com/watch?v=sQYYIAOZqyQ
Khoon Barf | فیلم خون برف,https://www.youtube.com/watch?v=X2DPLwTPUQM
Pooste Shir S3 E4 |  سریال پوست شیر قسمت چهارم - فصل سوم,https://www.youtube.com/watch?v=p7azggkvWzM
اجرای جذاب و تماشایی محسن شریفیان | Carnaval E3,https://www.youtube.com/watch?v=j4Oy9CY98uk
Kelile o Demneh E9 | سریال شهرک کلیله و دمنه  قسمت نهم,https://www.youtube.com/watch?v=sqAR5w-Jt30
Pooste Shir S3 E3 |  سریال پوست شیر قسمت سوم - فصل سوم,https://www.youtube.com/watch?v=hR_yiIFYDO4
شما مهندسی؟ مهندس رامبد جوان؟,https://www.youtube.com/watch?v=8dBtOkH1200
Daftar Yaddasht E7 | سریال طنز و دیدنی دفتر یادداشت - قسمت هفتم,https://www.youtube.com/watch?v=UElgUQNHT5I
GodFather S3 E14 | فصل سوم پدرخوانده - قسمت چهاردهم,https://www.youtube.com/watch?v=1Jyb9L0vyZU
Carnaval E1 - Part2 | اسم جدید رامبد جوان,https://www.youtube.com/watch?v=ePNYKrvi3Vo
ترسیدن خنده دار حامد آهنگی,https://www.youtube.com/watch?v=Qf-ymJdFWO0
Pooste Shir S3 E2 |  سریال پوست شیر قسمت دوم - فصل سوم,https://www.youtube.com/watch?v=MK7PXowHlQY
Kelile o Demneh E8 | سریال شهرک کلیله و دمنه  قسمت هشتم,https://www.youtube.com/watch?v=vGIStsgWVk4
Shab Ahangi S1 - E9 | شوخی حامد آهنگی با خداداد عزیزی,https://www.youtube.com/watch?v=wMySwHdGUKQ
Teaser Az Yad Rafte E1 | تیزر سریال از یاد رفته - قسمت اول,https://www.youtube.com/watch?v=26HQf6p2cfE
Daftar Yaddasht E6 | سریال طنز و دیدنی دفتر یادداشت - قسمت ششم,https://www.youtube.com/watch?v=gBD1GJiru0s
رپ خوندن مهسا طهماسبی | CarnavalTar E0,https://www.youtube.com/watch?v=hVUkiewnwnY
من فقط ۹ شب خونه باشم پدر یکم حساسه😌 | Carnaval E1,https://www.youtube.com/watch?v=Te3y0NrvUkU
Pooste Shir S3 E1 |  سریال پوست شیر قسمت اول - فصل سوم,https://www.youtube.com/watch?v=zVCHpisrETA
Carnaval E1 | افتو، عروسک جدید رامبد جوان,https://www.youtube.com/watch?v=jUvncqAHnI8
Ajal Moalagh | گزارش مردمی با کارگردان اجل معلق,https://www.youtube.com/watch?v=9v8ocOihDVA
Daftar Yaddasht E5 | سریال طنز و دیدنی دفتر یادداشت - قسمت پنجم,https://www.youtube.com/watch?v=kYhxTGPK-h8
Ajal Moalagh | برگ سبزیست تحفه درویش,https://www.youtube.com/watch?v=uBkm63m0d08
Naato S2 E8 | قسمت هشتم فصل دوم رئالیتی شوی ناتو,https://www.youtube.com/watch?v=uMjcTVSK7h0
یعقوب صباحی؛ بازیگر نقش پدر نگار در سریال «جان سخت» از میان‌مان رفت🖤🕊,https://www.youtube.com/watch?v=iOurakB7lQM
Pooste Shir S2 E8 |  سریال پوست شیر قسمت هشتم - فصل دوم,https://www.youtube.com/watch?v=nwXPBJBKKsA
Ajal Moalagh | خاویار باید میگرفتی، این چیه؟,https://www.youtube.com/watch?v=PVbaV9-MQEk
سریال شهرک کلیله و دمنه  قسمت هفتم | Kelile o Demneh E7,https://www.youtube.com/watch?v=9NI7oX5ebe0
Carnaval E1 | آرزوی مهماندار شدن هانا ستوهی,https://www.youtube.com/watch?v=IYQkjJ7EYzQ
GodFather S3 E13 | فصل سوم پدرخوانده - قسمت سیزدهم,https://www.youtube.com/watch?v=3n65srbnxwM
سقوط با ملیکا شیرین تر ازپرواز با محمد حسین🤭 | Carnaval E1,https://www.youtube.com/watch?v=q7Ka_oUx3z4
شب آهنگی | کادو دادن به سبک مجید واشقانی,https://www.youtube.com/watch?v=OzzNBTJ7pSQ
Pooste Shir S2 E7 |  سریال پوست شیر قسمت هفتم - فصل دوم,https://www.youtube.com/watch?v=HAXfs15oK_Y
Ajal Moalagh | عطاران به بچه های بهزیستی هم رحم نکرد,https://www.youtube.com/watch?v=o6K-j24UdVQ
پیش به سوی کارناوال رامبد جوان,https://www.youtube.com/watch?v=Co39jX_IQH4
Naato S2 E7 | قسمت هفتم فصل دوم رئالیتی شوی ناتو,https://www.youtube.com/watch?v=64cTstsOgMQ
تغییر مود رضا عطاران شاهکاره,https://www.youtube.com/watch?v=2ipN0dh_Uxk
Pooste Shir S2 E6 |  سریال پوست شیر قسمت ششم - فصل دوم,https://www.youtube.com/watch?v=kYtnPiANYhA
سریال شهرک کلیله و دمنه  قسمت ششم | Kelile o Demneh E6,https://www.youtube.com/watch?v=NuKgKeOrlQU
GodFather S3 E12 | فصل سوم پدرخوانده - قسمت دوازدهم,https://www.youtube.com/watch?v=AW-8swUIncQ
Pooste Shir S2 E5 |  سریال پوست شیر قسمت پنجم - فصل دوم,https://www.youtube.com/watch?v=8rw6HWLEhvA
Naato S2 E6 | قسمت ششم فصل دوم رئالیتی شوی ناتو,https://www.youtube.com/watch?v=Z7gIbItvdmY
Pooste Shir S2 E4 |  سریال پوست شیر قسمت چهارم - فصل دوم,https://www.youtube.com/watch?v=TOc42wixT6k
سریال شهرک کلیله و دمنه  قسمت پنجم | Kelile o Demneh E5,https://www.youtube.com/watch?v=iwi322lvcEM
GodFather S3 E11 | فصل سوم پدرخوانده - قسمت یازدهم,https://www.youtube.com/watch?v=hHeg4lhqAXw
Pooste Shir S2 E3 |  سریال پوست شیر قسمت سوم - فصل دوم,https://www.youtube.com/watch?v=953m69d1G4M
سریال شهرک کلیله و دمنه  قسمت چهارم | Kelile o Demneh E4,https://www.youtube.com/watch?v=77EUbby-ry0
Naato S02 E05 | قسمت پنجم فصل دوم رئالیتی شوی ناتو,https://www.youtube.com/watch?v=NTwtIwp2RuQ
Pooste Shir S2 E2 |  سریال پوست شیر قسمت دوم - فصل دوم,https://www.youtube.com/watch?v=MW5YRNeNjeQ
سریال وحشی | زندگی منو بیشتر از این سیاه نکن,https://www.youtube.com/watch?v=m4tidowoeG4
سریال وحشی | دست کثیفت رو به من نزن,https://www.youtube.com/watch?v=5JLN58LoXfQ
Pooste Shir S2 E1 |  سریال پوست شیر قسمت اول - فصل دوم,https://www.youtube.com/watch?v=14TKZkoyLBk
Carnaval | اجرای فوق العاده سینا ساعی در کارناوال رامبد جوان,https://www.youtube.com/watch?v=ldgRDyILN-A
شهرک کلیله و دمنه قسمت سوم | Kelile o Demne E3,https://www.youtube.com/watch?v=fYSUmodkUqQ
Pooste Shir S1 E8 |  سریال پوست شیر قسمت هشتم - فصل اول,https://www.youtube.com/watch?v=jwzFGzy1Sf0
Pooste Shir | همه مون به یه بابا احتیاج داریم 💔,https://www.youtube.com/watch?v=RvjD9NDw_ks
Pooste Shir S1 E7 |  سریال پوست شیر قسمت هفتم - فصل اول,https://www.youtube.com/watch?v=VoQW0wK7brw
Daftar Yaddasht E4 | سریال طنز و دیدنی دفتر یادداشت - قسمت چهارم,https://www.youtube.com/watch?v=HLLVY4JIZEw
بازگشت دوباره حاج داود سعیدی,https://www.youtube.com/watch?v=qB4c7ehxwCc
Naato S2 E4 | فصل دوم - قسمت چهارم رئالیتی شوی ناتو,https://www.youtube.com/watch?v=CxOxdHcOefo
آغاز «کارناوالِ» رامبد جوان,https://www.youtube.com/watch?v=rcisMakgOJo
Pooste Shir S1 E6 |  سریال پوست شیر قسمت ششم - فصل اول,https://www.youtube.com/watch?v=CSB3rHuo888
همه مون به یه همچین رفیقی احتیاج داریم,https://www.youtube.com/watch?v=e7C_4_oJ-F4
تکون بده بزرگوارو,https://www.youtube.com/watch?v=M8356rOG3X8
شهرک کلیله و دمنه قسمت دوم | Kelile o Demne E2,https://www.youtube.com/watch?v=95JWjD_U4pk
دو روز مانده تا شروع «کارناوال»,https://www.youtube.com/watch?v=OQR42xNwZfc
GodFather S3 E10 | فصل سوم پدرخوانده - قسمت دهم,https://www.youtube.com/watch?v=VdtubvB3PMg
من چه خطایی کردم برم جهنم؟!😡,https://www.youtube.com/watch?v=iqvTc0OXbKk
Pooste Shir S1 E5 |  سریال پوست شیر قسمت پنجم - فصل اول,https://www.youtube.com/watch?v=1wNcAOWH2Vc
شیر مادر و نان پدر حلالت تمام! تمام!,https://www.youtube.com/watch?v=BtbA1MuiW-0
اولین تصاویر از کمدی کارناوال رامبد جوان | متفاوت ترین رئالیتی شو نمایش خانگی,https://www.youtube.com/watch?v=Fw3__oK7hCA
Daftar Yaddasht E3 | سریال طنز و دیدنی دفتر یادداشت - قسمت سوم,https://www.youtube.com/watch?v=zcXJlUekeEE
Ajal Moalagh | بابا طاهر عریان واقعا لخت بود؟,https://www.youtube.com/watch?v=qIRnx1zF0RY
Naato S2 E3 | فصل دوم - قسمت سوم رئالیتی شوی ناتو,https://www.youtube.com/watch?v=CMACOD-66os
Pooste Shir S1 E4 |  سریال پوست شیر قسمت چهارم - فصل اول,https://www.youtube.com/watch?v=bcUdw6gYiUw
شهرک کلیله و دمنه قسمت اول | Kelile o Demne E1,https://www.youtube.com/watch?v=mZsoIl-I3II
GodFather S03 E9 | فصل سوم پدرخوانده - قسمت نهم,https://www.youtube.com/watch?v=2epCsyoTZtA
Pooste Shir S1 E3 |  سریال پوست شیر قسمت سوم - فصل اول,https://www.youtube.com/watch?v=gfwBcsCu80U
Ajal Moalagh | کتک‌ مون که زدن اخراج‌ مون که کردن پکر نباشم؟😡,https://www.youtube.com/watch?v=bGw7efSQX84
Daftar Yaddasht E2 | سریال طنز و دیدنی دفتر یادداشت - قسمت دوم,https://www.youtube.com/watch?v=cisNdiTm334
Ajal Moalagh | شما چقدر لاشخور هستی؟,https://www.youtube.com/watch?v=sYXh6gwhyOI
Mafia Don E16 | مسابقه مافیا دن قسمت آخر,https://www.youtube.com/watch?v=jLE4MUKIXqQ
Naato S2 E2 | فصل دوم - قسمت دوم رئالیتی شوی ناتو,https://www.youtube.com/watch?v=OltypPcpxBY
طاقت ندارم عاشق کسی بشم بعد بفهمم اونی که میگه نیست!,https://www.youtube.com/watch?v=fgvtp-ifl-w
Pooste Shir S1 E2 |  سریال پوست شیر قسمت دوم - فصل اول,https://www.youtube.com/watch?v=nAVa18vfp_c
Jan Sakht E16 | خلاصه سریال جان سخت - قسمت شانزدهم,https://www.youtube.com/watch?v=LDiJLDxEMZ4
بمیرُم اگه یار دل دل که اگه سحر این عشقو باطل کنه...,https://www.youtube.com/watch?v=TROZ9ZC676s
Ghahve Pedar E17 | قهوه پدری قسمت آخر,https://www.youtube.com/watch?v=NcJ0_WIa8z8
Ghahve Pedari E16 |  خلاصه قهوه پدری قسمت ۱۶,https://www.youtube.com/watch?v=Vjrf9S6YP14
GodFather S03 E8 | فصل سوم پدرخوانده - قسمت هشتم,https://www.youtube.com/watch?v=dWhB3V8pwuQ
Pooste Shir S1 E1 |  سریال پوست شیر قسمت اول - فصل اول,https://www.youtube.com/watch?v=nWV_Zh0e1Cc
Ajal Moalagh | تیزر سریال طنز و دیدنی اجل معلق,https://www.youtube.com/watch?v=1UiESumJu5c
Daftar Yaddasht E1 | سریال طنز و دیدنی دفتر یادداشت - قسمت اول,https://www.youtube.com/watch?v=hsz9vBfxzLE
Ajal Moalagh | تیزر سریال طنز و دیدنی اجل معلق,https://www.youtube.com/watch?v=ov2qBWliiyQ
Mafia Don E15 | مسابقه مافیا دن قسمت ۱۵,https://www.youtube.com/watch?v=eq9XW_VMrJg
پخش سریال درام و جنایی پوست شیر,https://www.youtube.com/watch?v=qqR1dRYAwRQ
Naato S2 E1 | فصل دوم - قسمت اول رئالیتی شوی ناتو,https://www.youtube.com/watch?v=LOsL6LOdu-k
حکمِت اومد! داوود اشرف مگه نیستی؟!,https://www.youtube.com/watch?v=T_sxjlhcfaM
Ghahve Pedari E16 | قهوه پدری قسمت ۱۶,https://www.youtube.com/watch?v=Ru2X8qnzqnQ
Ghahve Pedari E15 |  خلاصه قهوه پدری قسمت ۱۵,https://www.youtube.com/watch?v=IhW-0F0A0wk
قانون قانونه! عاطفه نداره؛ احساس نداره ولی شما دارین!,https://www.youtube.com/watch?v=4v-_ui2P-EM
GodFather S03 E7 | فصل سوم پدرخوانده - قسمت هفتم,https://www.youtube.com/watch?v=-frO7Hh5VlU
Mafia Don E14 | مسابقه مافیا دن قسمت ۱۴,https://www.youtube.com/watch?v=ORsqxIpUpe4
Naato S1 E13 | فصل اول - قسمت سیزدهم رئالیتی شوی ناتو,https://www.youtube.com/watch?v=G75XjLJBNKs
Ghahve Pedari E15 | قهوه پدری قسمت ۱۵,https://www.youtube.com/watch?v=KJlijPbAUt4
Ghahve Pedari E14 |  خلاصه قهوه پدری قسمت ۱۴,https://www.youtube.com/watch?v=FufgBbOkcLU
حرکت بسیار جذاب و دیدنی حامد آهنگی,https://www.youtube.com/watch?v=y8AxIiWBlC8
Jan Sakht E15 | خلاصه سریال جان سخت - قسمت پانزدهم,https://www.youtube.com/watch?v=GdBH4se0Imo
به بهانه تولد رضا عطاران,https://www.youtube.com/watch?v=EYGQ6U2pxT4
The Godfather S3 - E6 | فصل سوم پدرخوانده - قسمت ششم,https://www.youtube.com/watch?v=F_M9DuUrQMA
لحظات عاشقانه جان سخت,https://www.youtube.com/watch?v=pqvY987a4OM
Mafia Don E13 | مسابقه مافیا دن قسمت ۱۳,https://www.youtube.com/watch?v=twtEeP16bDc
Jan Sakht E14 | خلاصه سریال جان سخت - قسمت چهاردهم,https://www.youtube.com/watch?v=gyRm2UCLVKg
قهوه پدری | آدرس دشویی و گوگل میکردی؟,https://www.youtube.com/watch?v=KSs0c26XZHE
Naato S1 E12 | فصل اول - قسمت دوازدهم رئالیتی شوی ناتو,https://www.youtube.com/watch?v=9bK-qvufuVs
Ghahve Pedari E14 | قهوه پدری قسمت ۱۴,https://www.youtube.com/watch?v=vSxIfA_Es0Q
زندگی شخصی بیژن بنفشه خواه,https://www.youtube.com/watch?v=z3V2Q2eWVR0
Ghahve Pedari E13 |  خلاصه قهوه پدری قسمت ۱۳,https://www.youtube.com/watch?v=KJ4EK0ihD34
Jan Sakht E13 | خلاصه سریال جان سخت - قسمت سیزدهم,https://www.youtube.com/watch?v=Am2DGC1Xxs4
The Godfather S3 - E5 | فصل سوم پدرخوانده - قسمت پنجم,https://www.youtube.com/watch?v=qg6DxJaA_8g
Jan Sakht | مراسم اختتامیه و اکران مردمی جان سخت,https://www.youtube.com/watch?v=FJkZ7sMSUgw
Mafia Don E12 | مسابقه مافیا دن قسمت ۱۲,https://www.youtube.com/watch?v=WzoEdJ4Zft4
Naato S1 E11 | فصل اول - قسمت یازدهم رئالیتی شوی ناتو,https://www.youtube.com/watch?v=eNNLEUg36Dw
تیکه سنگین بهاره افشاری در بازی مافیا,https://www.youtube.com/watch?v=DcFivXIbyi8
Jan Sakht E12 | خلاصه سریال جان سخت - قسمت دوازدهم,https://www.youtube.com/watch?v=3oNhWG4UpfU
Ghahve Pedari E13 | قهوه پدری قسمت ۱۳,https://www.youtube.com/watch?v=se5213GGHjY
Ghahve Pedari E12 |  خلاصه قهوه پدری قسمت ۱۲,https://www.youtube.com/watch?v=UPQFbNbYIN8
GodFather S03 E4 | فصل سوم پدرخوانده - قسمت چهارم,https://www.youtube.com/watch?v=grwCaRosaTs
قشنگ ترین چیزهای دنیا رو نمیشه دید,https://www.youtube.com/watch?v=ceHkWGX7LAQ
Jan Sakht E11 | خلاصه سریال جان سخت - قسمت یازدهم,https://www.youtube.com/watch?v=gL9OxGlw3Q4
Mafia Don E11 | مسابقه مافیا دن قسمت ۱۱,https://www.youtube.com/watch?v=dBHWKNUKFVA
Naato S1 E10 | فصل اول - قسمت دهم رئالیتی شوی ناتو,https://www.youtube.com/watch?v=-pGIE4yfqdg
سریال کمدی خجالت نکش ۲ | داماد عین میخ رو در میمونه,https://www.youtube.com/watch?v=_XkFXCdKzp0
سریال کمدی خجالت نکش ۲ | آفتاب گرفتن احمد مهران فر,https://www.youtube.com/watch?v=qK9i6Wl5eOM
Ghahve Pedari E12 | قهوه پدری قسمت ۱۲,https://www.youtube.com/watch?v=cwcsBQMn5NA
Ghahve Pedari E11 |  خلاصه قهوه پدری قسمت ۱۱,https://www.youtube.com/watch?v=KVWA0C6fxn4
Naato S1 E9 | فصل اول - قسمت نهم رئالیتی شوی ناتو,https://www.youtube.com/watch?v=3PvcF8qR8Po
GodFather S03 E3 | فصل سوم پدرخوانده - قسمت سوم,https://www.youtube.com/watch?v=h7rvzGdtiyc
Jan Sakht E10 | خلاصه سریال جان سخت - قسمت دهم,https://www.youtube.com/watch?v=lhpmuKcdbEA
Mafia Don E10 | مسابقه مافیا دن قسمت ۱۰,https://www.youtube.com/watch?v=3KV1gZQuqfo
سریال کمدی خجالت نکش ۲ | تخریب اگه باشه، قنبر خوب از پسش برمیاد,https://www.youtube.com/watch?v=x5AZJIgM4oQ
Avikhtegi Movie | فیلم سینمایی آویختگی,https://www.youtube.com/watch?v=In_1VTGCX-8
«وحشی» از راه رسید!,https://www.youtube.com/watch?v=QJ0KExkImuY
Ghahve Pedari E11 | قهوه پدری قسمت ۱۱,https://www.youtube.com/watch?v=W-fl-bYsjb4
اکران مردمی سریال وحشی,https://www.youtube.com/watch?v=dWMeADLiDaE
Ghahve Pedari E10 |  خلاصه قهوه پدری قسمت ۱۰,https://www.youtube.com/watch?v=usNrGexvhNI
The Godfather S3 - E2 | فصل سوم پدرخوانده - قسمت دوم,https://www.youtube.com/watch?v=to6Gpb5FqmA
Jan Sakht E9 | خلاصه سریال جان سخت - قسمت نهم,https://www.youtube.com/watch?v=72YGyS9YNaw
Mafia Don E9 | مسابقه مافیا دن قسمت ۹,https://www.youtube.com/watch?v=qr-2yNUT9HY
Naato S1 E8 | فصل اول - قسمت هشتم رئالیتی شوی ناتو,https://www.youtube.com/watch?v=jmmwlDta4Qw
قهوه پدری | کتک خوردن حامد آهنگی,https://www.youtube.com/watch?v=59Q0-Azhqx8
سریال کمدی خجالت نکش ۲ | ماجرای ازدواج قنبر و صنم,https://www.youtube.com/watch?v=gHUMxRsjuaA
Jan Sakht E8 | خلاصه سریال جان سخت - قسمت هشتم,https://www.youtube.com/watch?v=FW9gwzfyLaU
Ghahve Pedari E10 | قهوه پدری قسمت ۱۰,https://www.youtube.com/watch?v=Njgn67WwJMw
Ghahve Pedari E9 | خلاصه سریال قهوه پدری قسمت ۹,https://www.youtube.com/watch?v=EV2uWqu4lzQ
Naato S1 E7 | فصل اول - قسمت هفتم رئالیتی شوی ناتو,https://www.youtube.com/watch?v=ASmtz2lIgSk
اسکار گرفتن بیژن بنفشه خواه,https://www.youtube.com/watch?v=_lPM5vSvz6o
The Godfather S3 E1 | فصل سوم پدرخوانده - قسمت اول,https://www.youtube.com/watch?v=RrYYBddEFn4
Jan Sakht E7 | خلاصه سریال جان سخت - قسمت هفتم,https://www.youtube.com/watch?v=rHaLkAYXwYk
Mafia Don E8 | مسابقه مافیا دن قسمت ۸,https://www.youtube.com/watch?v=pJwB0kP91Xk
Naato S1 E6 | فصل اول - قسمت ششم رئالیتی شوی ناتو,https://www.youtube.com/watch?v=I19JtY2LSh8
Ghahve Pedari E9 | قهوه پدری قسمت ۹,https://www.youtube.com/watch?v=aI5RzLLh7dg
Naato S1 E5 | فصل اول - قسمت پنجم رئالیتی شوی ناتو,https://www.youtube.com/watch?v=ahdclfNN22E
Ghahve Pedari  E8 | خلاصه سریال قهوه پدری قسمت ۸,https://www.youtube.com/watch?v=drQXT4u3Ffc
Jan Sakht E6 | خلاصه سریال جان سخت - قسمت ششم,https://www.youtube.com/watch?v=QZNCINcNfSQ
Mafia Don E7 | مسابقه مافیا دن قسمت ۷,https://www.youtube.com/watch?v=e2pb2hzCv4U
Naato S1 E4 | فصل اول - قسمت چهارم رئالیتی شوی ناتو,https://www.youtube.com/watch?v=Cp8kb6GzSPw
Ghahve Pedari E8 | قهوه پدری قسمت ۸,https://www.youtube.com/watch?v=P45rbzYU6kU
Serial Khejalat Nakesh E1 | سریال کمدی خجالت نکش قسمت ۱,https://www.youtube.com/watch?v=jpjt91ZOgcM
Naato S1 E3 | فصل اول - قسمت سوم رئالیتی شوی ناتو,https://www.youtube.com/watch?v=sk_2qBLF30s
Ghahve Pedari E7 | خلاصه سریال قهوه پدری قسمت ۷,https://www.youtube.com/watch?v=GVuiJ0zPvJA
The Godfather S2 - E18 | فصل دوم پدرخوانده - قسمت آخر,https://www.youtube.com/watch?v=rwY1GZVrOpg
سوتی خفن شب آهنگی,https://www.youtube.com/watch?v=hiQ7-ZWqCgM
Jan Sakht E5 | خلاصه سریال جان سخت - قسمت پنجم,https://www.youtube.com/watch?v=xUcbAZMojto
فیلم سینمایی دور زدن ممنوع  | Dorzadan Mamno,https://www.youtube.com/watch?v=Pi8qVgtqU3A
Mafia Don E6 | مسابقه مافیا دن قسمت ۶,https://www.youtube.com/watch?v=7NzZ7K1gras
Naato S1 E2 | فصل اول - قسمت دوم رئالیتی شوی ناتو,https://www.youtube.com/watch?v=zoVNf1z68_I
فیلم سینمایی کمدی ورود آقایان ممنوع | Vorood Aghayan Mamno,https://www.youtube.com/watch?v=FI2E2kylc5M
Ghahve Pedari E7 | قهوه پدری قسمت ۷,https://www.youtube.com/watch?v=A03Ujbg7ux0
Naato S1 E1 | فصل ۱ - قسمت اول رئالیتی شوی ناتو,https://www.youtube.com/watch?v=GG53IQtnNDQ
Ghahve Pedari E6  | خلاصه سریال قهوه پدری قسمت ۶,https://www.youtube.com/watch?v=nSe_D9U3CdQ
The Godfather S2 - E17 | فصل دوم پدرخوانده - قسمت هفدهم,https://www.youtube.com/watch?v=1Mm9F7vq_VI
تیزر سریال وحشی,https://www.youtube.com/watch?v=EPRaAtStDn0
Jan Sakht E4 | خلاصه سریال جان سخت - قسمت چهارم,https://www.youtube.com/watch?v=eSnOZFmBOrs
Mafia Don E5 | مسابقه مافیا دن قسمت ۵,https://www.youtube.com/watch?v=EFua2ZkDEd0
Ghahve Pedari E6 | قهوه پدری قسمت ۶,https://www.youtube.com/watch?v=VfFpYbCqJIg
Ghahve Pedari E5  | خلاصه سریال قهوه پدری قسمت ۵,https://www.youtube.com/watch?v=1miukUKVasc
Ghahve Pedari E1-4 | خلاصه سریال قهوه پدری قسمت ۱ تا ۴,https://www.youtube.com/watch?v=rnLQ6jWXCoQ
قهوه پدری | خط قرمز من پلمپه,https://www.youtube.com/watch?v=sYyXul0Pa5E
The Godfather S2 - E16 | فصل دوم پدرخوانده - قسمت شانزدهم,https://www.youtube.com/watch?v=wcY3GPzFmJc
Jan Sakht E3 | خلاصه سریال جان سخت - قسمت سوم,https://www.youtube.com/watch?v=Lzj1sv6KcJQ
Mafia Don E4 | مسابقه مافیا دن قسمت ۴,https://www.youtube.com/watch?v=jQu-DNgCNsw
موزیک ویدیو سریال جان سخت | Music Video,https://www.youtube.com/watch?v=m60ffl8DWg0
Ghahve Pedari E5 | قهوه پدری قسمت ۵,https://www.youtube.com/watch?v=1tNDuKIoQRo
شب آهنگی | فوبیای مجید واشقانی,https://www.youtube.com/watch?v=bC2JT75HOi8
GodFather S02 E15 | فصل دوم پدرخوانده - قسمت پانزدهم,https://www.youtube.com/watch?v=1oCk0du_SXY
Jan Sakht E2 | خلاصه سریال جان سخت - قسمت دوم,https://www.youtube.com/watch?v=VKtbHDR1kjc
Mafia Don E3 | مسابقه مافیا دن قسمت ۳,https://www.youtube.com/watch?v=_6HzSe-bo8A
قهوه پدری | رزق و روزی میخواد تا دسته فرو بره تو زندگی ما,https://www.youtube.com/watch?v=y_QlrDm1FsQ
الان و فردا نداره ،باس انجام بشه، حکمِ حاکمه,https://www.youtube.com/watch?v=pl1Uon5mP18
Ghahve Pedari E4 | قهوه پدری قسمت ۴,https://www.youtube.com/watch?v=dgq9mvT-JDI
شب آهنگی | تیکه حامد آهنگی به مسعود صادقلو,https://www.youtube.com/watch?v=1Al2jsu-fCE
GodFather S02 E14 | فصل دوم پدرخوانده - قسمت چهاردهم,https://www.youtube.com/watch?v=_j_6y3qLDVk
خاطره حامد آهنگی از جمشید هاشم  پور,https://www.youtube.com/watch?v=XpT-upHTrVM
Jan Sakht E1 | خلاصه سریال جان سخت - قسمت اول,https://www.youtube.com/watch?v=B2qpPfsKuoc
Mafia Don E2 | مسابقه مافیا دن قسمت ۲,https://www.youtube.com/watch?v=OAULfj4eKrA
Ghahve Pedari E3 | قهوه پدری قسمت ۳,https://www.youtube.com/watch?v=d2-jW15YbxI
آخرین روز فیلم برداری راز بقا  | راز بقا,https://www.youtube.com/watch?v=-dV-ZlMVPpA
GodFather S02 E13 | فصل دوم پدرخوانده - قسمت سیزدهم,https://www.youtube.com/watch?v=NPXtzLH9iws
Ghahve Pedari E2 | قهوه پدری قسمت ۲,https://www.youtube.com/watch?v=CRNcS_AQYJU
رییس جمهور شدن نیما شعبان نژاد,https://www.youtube.com/watch?v=nCBXhTkD-XY
Mafia Don E1 | مسابقه مافیا دن قسمت ۱,https://www.youtube.com/watch?v=S3ypqrzgGq0
GodFather S02 E12 | فصل دوم پدرخوانده - قسمت دوازدهم,https://www.youtube.com/watch?v=c-JSIIJbUZc
Ghahve Pedari Part 1 | قهوه پدری قسمت ۱,https://www.youtube.com/watch?v=Dp8fZ3bdp18
یه بار خواستم بهت بدم، نخواستی,https://www.youtube.com/watch?v=jVMoAuk0MDk
«مسابقه مافیا؛ دُن» تجربه‌ای دلچسب برای عشاق مافیا,https://www.youtube.com/watch?v=FzRPjDEjocs
GodFather S02 E11 | فصل دوم پدرخوانده - قسمت یازدهم,https://www.youtube.com/watch?v=q_a1W_pnaTg
همه زندگیمو تعطیل کردم پیداش کنم!,https://www.youtube.com/watch?v=mvbhxPUly6M
روایت قوانین سناریوی کاپو؛ قصه مهیج «مسابقه مافیا,https://www.youtube.com/watch?v=96U_uQMmnMQ
بارون که می‌باره انگار همه دلتنگیها راه می‌افتن سمت کسی که دیگه نیست,https://www.youtube.com/watch?v=EhYtfFTC90k
توی جیبمون که قایمش نکردیم می‌بینی که با ما نیست!,https://www.youtube.com/watch?v=e3P1HnIu01c
فرزاد باید بره زندادن,https://www.youtube.com/watch?v=yx4fV-PR2iY
مسابقه مافیا دُن - آموزش بازی,https://www.youtube.com/watch?v=4NMbEI2hpp8
آغاز رقابت‌های پرهیجان «مسابقه مافیا؛ دُن»,https://www.youtube.com/watch?v=hM9rSv01LFo
هیچ چیز در دنیا نمی‌تونه جای یه خونواده پرمحبت و مهربون رو بگیره,https://www.youtube.com/watch?v=RXzMPMzIaSY
GodFather S02 E10 | فصل دوم پدرخوانده - قسمت دهم,https://www.youtube.com/watch?v=HuOse0JoDkY
تیزر برنامه «مسابقه مافیا؛ دُن»,https://www.youtube.com/watch?v=NA3aWBfvkCg
دیدی ناهید خانم رو؟ وضعيت تأهلو از روی مجرد کرده متاهل!,https://www.youtube.com/watch?v=dPJb8dDFOs8
‏-یه کم یعنی چقدر؟ +بستگی داره با کی بگذره، گاهی خیلی زیاده گاهی خیلی کمه!,https://www.youtube.com/watch?v=eI33jrSdVc0
اشک تو چِشامونه فکر نکن برام آسونه...,https://www.youtube.com/watch?v=g2yagjROH1g
تیزر قسمت سوم سریال «جان سخت»,https://www.youtube.com/watch?v=OTUUxMmCGh0
عشقی از جنس پدر,https://www.youtube.com/watch?v=f4F8fShgAns
آدرنالین ترشح کردم، یه جایی و باید ماچ کنم,https://www.youtube.com/watch?v=PSM4l476Njk
تیزر قسمت دوم سریال «جان سخت»,https://www.youtube.com/watch?v=ixBJ9Fnc9lQ
کاش به جای عضله‌های حنجره‌ات عضله‌های گوشِت هم خوب کار می‌کرد!,https://www.youtube.com/watch?v=WV6LY3Wh8Ds
GodFather S02 E09 | فصل دوم پدرخوانده - قسمت نهم,https://www.youtube.com/watch?v=s8aD9GKTHys
سن بهرنگ علوی,https://www.youtube.com/watch?v=U8SxpP-phuk
شگفتانه‌های فیلم نت در راه است!,https://www.youtube.com/watch?v=PBNTX6CVOi0
شباهت عجیب علی صادقی به برد پیت,https://www.youtube.com/watch?v=jDK3gvdbCLs
نفرت حامد آهنگی از پای مرغ,https://www.youtube.com/watch?v=EVJ1Xa46eAk
GodFather S02 E08 | فصل دوم پدرخوانده - قسمت هشتم,https://www.youtube.com/watch?v=bFwZ8M-ogd8
عصبانیت مریم امیر جلالی,https://www.youtube.com/watch?v=gWIiRDjZZuI
سریال راز بقا قسمت ۹ | Raze Baghaa Series - E 9,https://www.youtube.com/watch?v=nV6zex040-Q
گریه حامد آهنگی با آهنگ های محمد معتمدی,https://www.youtube.com/watch?v=4-Hs_ERVa-8
تو رو که نمی‌زنن تو رو باید بوس کرد,https://www.youtube.com/watch?v=FC3GwngCJfk
سریال جنایی گردن‌زنی قسمت 1 😳🔥 آغاز یک کابوس | Gardan Zani (The Beheading) Ep 1,https://www.youtube.com/watch?v=g6noahnK-Ho
نگاهی به نظرات مخاطبان قسمت اول «جان سخت»,https://www.youtube.com/watch?v=gFC2xy0fbLg
Khoon Sard 18 | قسمت آخر سریال خون سرد,https://www.youtube.com/watch?v=L8LAOGc07gw
شب آهنگی | علت چاقی مسعود صادقلو,https://www.youtube.com/watch?v=XT780iy9CiY
+عه پلک زدی! -به خدا شِن رفت توی چشمم,https://www.youtube.com/watch?v=OvAKLdGGgPM
GodFather S02 E07 | فصل دوم پدرخوانده - قسمت هفتم,https://www.youtube.com/watch?v=HSYuguoe4TM
تیزر سریال «جان سخت»,https://www.youtube.com/watch?v=oC1WXeNZyuc
Khoon Sard 17 | قسمت هفدهم سریال خون سرد,https://www.youtube.com/watch?v=avBd2XE2zi0
+عجب جمله‌ای گفتی مامان! -استوریش کن,https://www.youtube.com/watch?v=n-tOo06fAVw
شب آهنگی | منظورتون از شوخی دستی چیه؟,https://www.youtube.com/watch?v=Pp5BY68khxw
این قوِ دیگه این تُکِشه، این چشمشه، این گردنشه,https://www.youtube.com/watch?v=Flwb3j2NdZA
GodFather S02 E06 | فصل دوم پدرخوانده - قسمت ششم,https://www.youtube.com/watch?v=HMBKoBvwMwI
تیزر سریال «جان سخت»,https://www.youtube.com/watch?v=MThjGHizqJY
Khoon Sard 16 | قسمت شانزدهم سریال خون سرد,https://www.youtube.com/watch?v=yH_s2Ozl2c0
Khoon Sard 15 | قسمت پانزدهم سریال خون سرد,https://www.youtube.com/watch?v=osFCYCHVmdI
من ناصر تونل هستم!,https://www.youtube.com/watch?v=wFie_srRbsM
GodFather S02 E05 | فصل دوم پدرخوانده - قسمت پنجم,https://www.youtube.com/watch?v=wXUqTlr__sY
+ تحفه‌ای هم نیست - خدا از دهنت بشنوه,https://www.youtube.com/watch?v=VtyY8jh2T_4
Khoon Sard 14 | قسمت چهاردهم سریال خون سرد,https://www.youtube.com/watch?v=hXIMmT6he28
آدم باید بعضی وقتا زنش رو بپیچونه🤦🏻‍♂️😎,https://www.youtube.com/watch?v=XFCnXZw9xvA
Shab Ahangi  | معتاد شدن حامد آهنگی,https://www.youtube.com/watch?v=RE6HNQ5oEVw
Khoon Sard 13 | قسمت سیزدهم سریال خون سرد,https://www.youtube.com/watch?v=XfHZcwruIrA
عزیز من شما ۱۰۰ سال هم تمرین کنی به حد من نمی‌رسی!😎,https://www.youtube.com/watch?v=FV8qoKYKfzo
GodFather S02 E04 | فصل دوم پدرخوانده - قسمت چهارم,https://www.youtube.com/watch?v=uRSjUcFVj0Y
تو هنوز به سن قانونی نرسیدی! چی میگی؟,https://www.youtube.com/watch?v=SrMzQg8xgYI
Khoon Sard 12 | قسمت دوازدهم سریال خون سرد,https://www.youtube.com/watch?v=LHi9vIIuqvs
آبانی‌ها عقربن وفادار، خانواده دوست، اهل زن و زندگی، زنای غریبه رو هم نیش میزنن,https://www.youtube.com/watch?v=8Q7d0MSDYrc
Khoon Sard 11 | قسمت یازدهم سریال خون سرد,https://www.youtube.com/watch?v=u_o-TXjLd4A
من ۱۰ روزه بهت گفتم یه فیلترشکن برام نصب کن,https://www.youtube.com/watch?v=LAfnGGNIKJA
GodFather S02 E03 | فصل دوم پدرخوانده - قسمت سوم,https://www.youtube.com/watch?v=hm4e0tNHd6g
اجبار بزرگ‌ترین معلم آدمیزاده یاد می‌گیریم!,https://www.youtube.com/watch?v=Dne_y4thwFw
سریال راز بقا قسمت ۴ | Raze Baghaa Series - E 4,https://www.youtube.com/watch?v=aoR7QHylx6Q
+چرا من؟ این همه وکیل تو این شهر هست! - نمونه کار ازت دیدم!,https://www.youtube.com/watch?v=_b60i1nsY14
همکلاسی‌های من چهل سالشونه. نِوه منن، بِچه منن👨🏻‍🦳,https://www.youtube.com/watch?v=gm-ZVdaBNMc
Khoon Sard 10 | قسمت دهم سریال خون سرد,https://www.youtube.com/watch?v=HOgw5dLRsw8
GodFather S02 E02 | فصل دوم پدرخوانده - قسمت دوم,https://www.youtube.com/watch?v=wVBr7H9RHCg
پارسا پیروزفر برنده تندیس حافظ بهترین مرد درام,https://www.youtube.com/watch?v=NsvYwDzvAzQ
مهران غفوریان در نقش فریبرز افشاری,https://www.youtube.com/watch?v=kxbwScNYx1I
GodFather S02 E01 | فصل دوم پدرخوانده - قسمت اول,https://www.youtube.com/watch?v=QkQFuOv62u8
Khoon Sard 9 | قسمت نهم سریال خون سرد,https://www.youtube.com/watch?v=V3gGlVUPU5w
فیلم سینمایی والدین امانتی | Valedein Amanati Movie,https://www.youtube.com/watch?v=Noy-1RJZl9k
ورود حامد آهنگی به «قهوه پدری» 😍,https://www.youtube.com/watch?v=Je8AVyWO69I
شدم آب توبه مسعود برگشت زندگیت شیرین شد,https://www.youtube.com/watch?v=zo2oIJaiHUI
Khoon Sard 8 | قسمت هشتم سریال خون سرد,https://www.youtube.com/watch?v=NzMV2D-tTfk
هر وقت از اینجا میرم اتفاقای خوبی توی زندگیم میافته,https://www.youtube.com/watch?v=owxtKTXWYjw
Khoon Sard 7 | قسمت هفتم سریال خون سرد,https://www.youtube.com/watch?v=w4OX8pEnPVE
Shab Ahangi S2 - Part 30 | شب آهنگی فصل ۲ قسمت ۳۰ با حضور حسین کنعانی زادگان,https://www.youtube.com/watch?v=fKHIGkm1G9k
تیزر قسمت اول سریال کمدی «قهوه پدری» | شَر خَر نمک زندگیه!,https://www.youtube.com/watch?v=Hu2wSaZNEtQ
برنامه‌مون امشب عشق و حالِ سفته!,https://www.youtube.com/watch?v=eDr1mZAxg3w
Khoon Sard 6 | قسمت ششم سریال خون سرد,https://www.youtube.com/watch?v=yg_s-8Kr1wo
این مرد می‌کُشد اما قاتل نیست! | سال گربه,https://www.youtube.com/watch?v=AyVUT8MLCrQ
چشامون رو ببندیم به عاشقانه‌هامون فکر کنیم!,https://www.youtube.com/watch?v=CZKe5HuR0XI
+چه پیشنهادی برامون داری؟ - قهوه پدری!,https://www.youtube.com/watch?v=gygO38tPC5U
Shab Ahangi - Part 1 | میتونم ماچت کنم؟,https://www.youtube.com/watch?v=kMCxv1uK3EI
Shab Ahangi S2 - Part 29 | شب آهنگی فصل ۲ قسمت ۲۹ با حضور سینا درخشنده,https://www.youtube.com/watch?v=jRb7gpWmVR8
حامد آهنگی در «قهوه پدری»,https://www.youtube.com/watch?v=ACLMCVEMpSY
میگن این دنیا دیگه مثل قدیما نمیشه,https://www.youtube.com/watch?v=Da_pW-z9R6k
Aftab Parast 15 | قسمت پایانی سریال آفتاب پرست,https://www.youtube.com/watch?v=i504RR1ZyLU
Khoon Sard 5 | قسمت پنجم سریال خون سرد,https://www.youtube.com/watch?v=XhizoT3qdy0
هر کی ادعاش میشه گردن کلفته من پایه‌ام...,https://www.youtube.com/watch?v=1gmRS8dtg0c
Shab Ahangi2 - Part 28 | شب آهنگی فصل ۲ قسمت ۲۸ با حضور دنیا مدنی,https://www.youtube.com/watch?v=x5tOqm7lC4k
مثلا بیا؛ طی یک اقدام نمادین با یه حرکت متهورانه منو بدزد!,https://www.youtube.com/watch?v=fpeLl74GZbE
Aftab Parast 14 | قسمت چهاردهم سریال آفتاب پرست,https://www.youtube.com/watch?v=LmSDZ8ub2GI
توی اینستاگرام به من میگن کراش العالمین فکر کردی من سینگل می‌مونم؟!,https://www.youtube.com/watch?v=Q2lJKrwTzwo
همین جوری می‌خواستی همه چی رو درست کنی آب توی دلم تکون نخوره؟!,https://www.youtube.com/watch?v=eZ2E0huuh-o
Khoon Sard 4 | قسمت چهارم سریال خون سرد,https://www.youtube.com/watch?v=iUBJsY_M_HM
یه جوری چیدم که اگه به مشکل بخوره به هیچ کدوم‌تون آسیبی نرسه فقط خودم,https://www.youtube.com/watch?v=WDt9r-T7OD4
Aftab Parast 13 | قسمت سیزدهم سریال آفتاب پرست,https://www.youtube.com/watch?v=E_nFIVBrRG8
جوانان! ملت ایران!ما می‌توانیم!,https://www.youtube.com/watch?v=zA5czc2EE_M
Shab Ahangi2 - Part 27 | شب آهنگی فصل ۲ قسمت ۲۷ با حضور امیر نوری,https://www.youtube.com/watch?v=UwHE2rKI27Q
Aftab Parast 12 | قسمت دوازدهم سریال آفتاب پرست,https://www.youtube.com/watch?v=Whhod2vDHIc
Khoon Sard 3 | قسمت سوم سریال خون سرد,https://www.youtube.com/watch?v=ayBVxGY7L4o
جنازه لیلامم روی شونه تو نمی‌ذارم بهرام!,https://www.youtube.com/watch?v=gP7L6tBokpQ
Aftab Parast 11 | قسمت یازدهم سریال آفتاب پرست,https://www.youtube.com/watch?v=bglh-q4Fiwo
یک پایان تماشایی برای سریال «داریوش»,https://www.youtube.com/watch?v=8uaTtN4LqTI
Shab Ahangi2 - Part 26 | شب آهنگی فصل ۲ قسمت ۲۶ با حضور وحید شمسایی,https://www.youtube.com/watch?v=LXIgBQ9O8V0
Khoon Sard 2 | قسمت دوم سریال خون سرد,https://www.youtube.com/watch?v=t5ji_8zwMsM
مطمئنی توی پرونده شادی ، چیزی رو از قلم ننداختی؟!,https://www.youtube.com/watch?v=oJMIIQdr9ss
Aftab Parast 10 | قسمت دهم سریال آفتاب پرست,https://www.youtube.com/watch?v=3PUHvwvEBBU
Khoon Sard 1 | قسمت اول سریال خون سرد,https://www.youtube.com/watch?v=aIR6TNlBuzg
Aftab Parast 9 | قسمت نهم سریال آفتاب پرست,https://www.youtube.com/watch?v=kDkMdU9LOq0
Shab Ahangi 3 - Part 29 |  شب آهنگی - قسمت آخر با حضور الیکا عبدالرزاقی,https://www.youtube.com/watch?v=H_mxVSpjD1M
اَشک حُرمت داره...,https://www.youtube.com/watch?v=zgRa5w1M84g
Shab Ahangi2 - Part 25 | شب آهنگی فصل ۲ قسمت ۲۵ با حضور مجتبی شفیعی,https://www.youtube.com/watch?v=aQaNhYR8jCs
Aftab Parast 8 | قسمت هشتم سریال آفتاب پرست,https://www.youtube.com/watch?v=iX9-BdsNbs8
من رفیق بازی رو کُشته بودم توی خودم که مَرد زندگی بشم اما من آدم بشو نیستم,https://www.youtube.com/watch?v=Gaevw3VfuXs
Aftab Parast 7 | قسمت هفتم سریال آفتاب پرست,https://www.youtube.com/watch?v=uheVHSKHe4Y
Shab Ahangi 3 - Part 28 |  شب آهنگی - قسمت بیست و هفتم با حضور ایوان بند,https://www.youtube.com/watch?v=_QLOOYiQ4tc
وقتی مامانا قاطی میکنن,https://www.youtube.com/watch?v=0HNDlXj6hcQ
Shab Ahangi 2 - Part 24 | شب آهنگی فصل ۲ قسمت ۲۴ با حضور شهره سلطانی,https://www.youtube.com/watch?v=nw-ZUGVvb0I
Aftab Parast 6 | قسمت ششم سریال آفتاب پرست,https://www.youtube.com/watch?v=d3jJxxHALYM
The Godfather S1 - E16 | فینال پایانی فصل اول پدرخوانده,https://www.youtube.com/watch?v=k739n1xD3TM
گاف الیکا عبدالرزاقی وقتی تازه بازیگر شده بود😂,https://www.youtube.com/watch?v=T1o_UHFr5d0
Aftab Parast 5 | قسمت پنجم سریال آفتاب پرست,https://www.youtube.com/watch?v=RmDe5Yc9JbM
Shab Ahangi 3 - Part 27 |  شب آهنگی - قسمت بیست و هفتم با حضور سمیرا حسن‌پور,https://www.youtube.com/watch?v=YFTjqukP-fs
Aftab Parast 4 | قسمت چهارم سریال آفتاب پرست,https://www.youtube.com/watch?v=ztr8ntnkKVA
Shab Ahangi2 - Part 23 | شب آهنگی فصل ۲ قسمت ۲۳ با حضور نیما کرمی,https://www.youtube.com/watch?v=eQZZwbl1ARU
The Godfather S1 - E15 | فصل اول پدرخوانده - قسمت پانزدهم,https://www.youtube.com/watch?v=764rRHYVjjc
موزیک ویدیوی اختصاصی فیلم «عروسی مردم» با صدای باراد,https://www.youtube.com/watch?v=DSEQ7krkycs
Shab Ahangi 3 - Part 26 |  شب آهنگی - قسمت بیست و ششم با حضور حمید عسکری,https://www.youtube.com/watch?v=KipH1feRihw
Shab Ahangi 3 - Part 29 |  تیزر قسمت آخر شب آهنگی با حضور الیکا عبدالرزاقی,https://www.youtube.com/watch?v=vEDWVOE00II
Aftab Parast 3 | قسمت سوم سریال آفتاب پرست,https://www.youtube.com/watch?v=CETkWyNWvYU
GodFather S1- E14 | فصل اول پدرخوانده - قسمت چهاردهم,https://www.youtube.com/watch?v=XgpmnI1-X-0
فیلم سینمایی عروسی مردم | Aroosie Mardom Movie,https://www.youtube.com/watch?v=qX9mCneCKoQ
تیزر قسمت اول سریال «گردن زنی»,https://www.youtube.com/watch?v=tz-i8HaU8d4
Shab Ahangi 3 - Part 28 | حلیم با شکر یا نمک؟,https://www.youtube.com/watch?v=AHAZej7EmRI
Aftab Parast 2 | قسمت دوم سریال آفتاب پرست,https://www.youtube.com/watch?v=V58oQ70HDSQ
Dariush 01 | سریال داریوش قسمت ۱,https://www.youtube.com/watch?v=mRkl8nOHHRQ
Shab Ahangi 3 - Part 28 | حضور ویگن در شب آهنگی,https://www.youtube.com/watch?v=FLDfzH92rO0
Aftab Parast 1 | قسمت اول سریال آفتاب پرست,https://www.youtube.com/watch?v=unOkIO2q7bo
Shab Ahangi 3 - Part 25 |  شب آهنگی - قسمت بیست و پنجم با حضور فرشته کریمی,https://www.youtube.com/watch?v=SGLthTf0_kA
میری یا جیغ بزنم بریزن سرت پارَت کنن؟!,https://www.youtube.com/watch?v=T2qkAGUKSQU
شب آهنگی فصل ۲ قسمت ۲۲ | مهدی یغمایی و خنده‌های بی‌پایان,https://www.youtube.com/watch?v=aoDA4MOwx8Q
The Godfather S1 - E13 | فصل اول پدرخوانده - قسمت سیزدهم,https://www.youtube.com/watch?v=bmdAE2zWenM
نگاهی به جلوه‌های ویژه بصری «در انتهای شب»  چیزی شبیه به معجزه,https://www.youtube.com/watch?v=T1qNxypSU_w
Shab Ahangi 2 - E21 | شب آهنگی ۲ قسمت ۲۱ با حضور گروه پازل بند و حامد آهنگی,https://www.youtube.com/watch?v=vePn5gjxeG8
The Godfather S1 - E12 | فصل اول پدرخوانده - قسمت دوازدهم,https://www.youtube.com/watch?v=vM_7F4BZ1hE
خاطره خوبی ندارم از آخرین باری که شبیه کسی بودم,https://www.youtube.com/watch?v=1rNcH67h5wM
The Godfather S1 - E11 | فصل اول پدرخوانده - قسمت یازدهم,https://www.youtube.com/watch?v=sADCGEfkncQ
خانومت و ببوس از طرف من,https://www.youtube.com/watch?v=H55TMUYRy0o
دوران کودکی الان جذاب‌ تره یا قدیم؟!,https://www.youtube.com/watch?v=btZ8vmsbV04
Shab Ahangi 2- Part 20 | شب آهنگی فصل ۲ قسمت ۲۰ با حضور علیرضا واحدی نیکبخت,https://www.youtube.com/watch?v=k4FYO0wAwRg
میوه‌‌های بالای درخت سهم پرنده‌ها بود,https://www.youtube.com/watch?v=iOboD9QG9Ss
The Godfather S1 - E10 | فصل اول پدرخوانده - قسمت دهم,https://www.youtube.com/watch?v=V-fEpFYrezw
Shab Ahangi 3 - Part 24 |  شب آهنگی - قسمت بیست و چهارم با حضور سون بند,https://www.youtube.com/watch?v=isI7JhBYc2s
مشکل حامد آهنگی با اتاق پرو😂,https://www.youtube.com/watch?v=CClGx_P4T9M
Shab Ahangi 2- Part 19 | شب آهنگی فصل ۲ قسمت ۱۹ با حضور سحر زکریا,https://www.youtube.com/watch?v=XotPZLi-z7g
همیشه پای عمو پورنگ در میان است😂,https://www.youtube.com/watch?v=fbBPV_seULM
The Godfather S1 - E9 | فصل اول پدرخوانده - قسمت نهم,https://www.youtube.com/watch?v=JvUqE7x3mU0
Shab Ahangi 2- Part 18 | شب آهنگی فصل ۲ قسمت ۱۸ با حضور سیاوش طهمورث,https://www.youtube.com/watch?v=Vf864zMfSPg
مو مو مو مو سوختم مو برشتم😎,https://www.youtube.com/watch?v=gQGfstD0mS0
The Godfather S1 - E8 | فصل اول پدرخوانده - قسمت هشتم,https://www.youtube.com/watch?v=yYXn9PW266Q
پرده برداری حمید عسکری از علت علاقه‌اش به موسیقی,https://www.youtube.com/watch?v=H_SOQ8b8sEw
Shab Ahangi 3 - Part 23 |  شب آهنگی - قسمت بیست و سوم با حضور نادر سلیمانی,https://www.youtube.com/watch?v=GyS49y94Qls
سلطان یه گردن ۱۸ متری میخواد منو گردن بگیری!,https://www.youtube.com/watch?v=Fyw1xgzrDWw
روایت نیما شعبان‌ نژاد از همکاری با سعید آقاخانی در سریال «راز بقا»,https://www.youtube.com/watch?v=4QqQTtcMhk4
Shab Ahangi 2- Part 17 | شب آهنگی فصل ۲ قسمت ۱۷ با حضوربهاره رهنما,https://www.youtube.com/watch?v=jvIHl6ARg-s
افشین زی‌ نوری از ماتریکس خارج شد,https://www.youtube.com/watch?v=qaohZlc_rN0
Shab Ahangi 2- Part 16 | شب آهنگی فصل ۲ قسمت ۱۶ با حضورسینا شعبانخانی,https://www.youtube.com/watch?v=diwHsbLUxK4
معمای یک غیبت ۱۱ ساله!,https://www.youtube.com/watch?v=NX_ZkXB5zC0
تولدت مبارک کریس,https://www.youtube.com/watch?v=S9xKcaNyuc8
Shab Ahangi 3 - Part 22 |  شب آهنگی - قسمت بیست و دوم با حضور بهنوش بختیاری,https://www.youtube.com/watch?v=fvHX2NHTh68
فیل عطسه نکرد که😂,https://www.youtube.com/watch?v=yS2SEwICZOw
The Godfather S1 - E7 | فصل اول پدرخوانده - قسمت هفتم,https://www.youtube.com/watch?v=EZimuMp5wDU
اجرای جذاب و کمدی افشین زی‌نوری و میثم درویشان‌پور,https://www.youtube.com/watch?v=dbHZMp3E-_w
Shab Ahangi 2- Part 15 | شب آهنگی فصل ۲ قسمت ۱۵ با حضوراحسان روزبهانی,https://www.youtube.com/watch?v=Zu20-Vxrqt0
حرف‌هایی که میزنی خشاب اسلحه رقیب رو پرتر میکنه,https://www.youtube.com/watch?v=ZE0CAkHxn18
Shab Ahangi 2- Part 14 | شب آهنگی فصل ۲ قسمت ۱۴ با حضوراصغر سمسارزاده,https://www.youtube.com/watch?v=AAwFZ1hPk7I
همه چیز قبل این اجرا سوتفاهمه😅,https://www.youtube.com/watch?v=ZRhrCi-_Uak
Shab Ahangi - Part 24 |  تیزر شب آهنگی - قسمت هجدهم با حضور سون بند,https://www.youtube.com/watch?v=qtkla1sLA7g
Shab Ahangi 3 - Part 21 |  شب آهنگی - قسمت بیستم با حضور امیرعباس گلاب و سیامک عباسی,https://www.youtube.com/watch?v=zx3SRoxKe5w
چرا بهم نگفتی چیا پشت سرم می‌گفتن؟!,https://www.youtube.com/watch?v=oMTxu24FHf4
خیلی عجیبه ، بعد از این همه سال هنوز نمی‌شناسیش!,https://www.youtube.com/watch?v=bFqBJdKmntY
Shab Ahangi 2- Part 13 | شب آهنگی فصل ۲ قسمت ۱۳ با حضور شهاب عباسی و سیاوش مفیدی,https://www.youtube.com/watch?v=YYs5zFrVxAg
Shab Ahangi - Part 23 | نادر سلیمانی انتقام همه رو گرفت,https://www.youtube.com/watch?v=uEGecTlFSkI
Shab Ahangi - Part 23 | به کمربندمم رسیدی؟ 😂😅,https://www.youtube.com/watch?v=86aPVoTnDrw
Shab Ahangi - Part 20 |  شب آهنگی - قسمت بیستم با حضور شیدا خلیق,https://www.youtube.com/watch?v=P-FUR704cEo
بازگشت آقای آهنگی و مهمون‌‌های با صفاش,https://www.youtube.com/watch?v=QFbsI4nEmms
Shab Ahangi 2- Part 12 | شب آهنگی فصل ۲ قسمت ۱۲ با حضور فرزاد فرخ,https://www.youtube.com/watch?v=FZedG-u4gO4
میزان مقاومتم در موقعیت جدی,https://www.youtube.com/watch?v=A0LwmgN70KQ
The Godfather S1 - E6 | فصل اول پدرخوانده - قسمت ششم,https://www.youtube.com/watch?v=iId5WdFib2k
Naato E04 | حساسیت داری؟,https://www.youtube.com/watch?v=W7HPE3KhhbI
Shab Ahangi 2- Part 11 | شب آهنگی فصل ۲ قسمت ۱۱ با حضور امین زندگانی,https://www.youtube.com/watch?v=sqX3mE9wbkA
اجرای آهنگ شادمهر توسط امیرعباس,https://www.youtube.com/watch?v=2r-inRl1gjg
Shab Ahangi - Part 20 |  این مرغ حلالش باشه,https://www.youtube.com/watch?v=SALc_RT1O1g
Shab Ahangi - Part 22 |  قرقیزستان,https://www.youtube.com/watch?v=vGwnXviR2os
Shab Ahangi 2- Part 10 | شب آهنگی فصل ۲ قسمت ۱۰ با حضور لیلی رشیدی,https://www.youtube.com/watch?v=iB56yuiLT_c
فارسی سازی اسم «پنه لوپه کروز» توسط امیرحسین رستمی,https://www.youtube.com/watch?v=E1FdPhMoKFU
The Godfather S1 - E5 | فصل اول پدرخوانده - قسمت پنجم,https://www.youtube.com/watch?v=bQ6qRZ1v-NI
Shab Ahangi - Part 22 |  این بار مهمون حامد آهنگی رو ترسوند,https://www.youtube.com/watch?v=REE7oGZINO0
Shab Ahangi - Part 19 |  شب آهنگی - قسمت نوزدهم با حضور امیرحسین رستمی,https://www.youtube.com/watch?v=Fzy222QKZYM
حال و هوای «شب‌های برره» در «شب‌ آهنگی»,https://www.youtube.com/watch?v=Yn8beNADPwo
حضور لئوناردو دی کاپریو در پدرخوانده,https://www.youtube.com/watch?v=P9YI1zRBcnQ
Shab Ahangi - Part 19 |  ترس آهنگی از تعطیلی «شب‌آهنگی» به خاطر حضور امیرحسین رستمی😂,https://www.youtube.com/watch?v=KcMmLcya72k
Shab Ahangi 2- Part 9 | شب آهنگی فصل ۲ قسمت ۹ با حضور ارسلان مطهری,https://www.youtube.com/watch?v=5Bz1I9RdTjQ
پیمان معادی عزیزآرمان بیانی قصه «افعی تهران» زادروزتان مبارک,https://www.youtube.com/watch?v=shkZ7IKFQOY
من صیادم ، تور پهن کردم ، شاه ماهی گرفتم براتون,https://www.youtube.com/watch?v=wN5zsDED_3E
تیزر قسمت پنجم سریال «درانتهای شب»,https://www.youtube.com/watch?v=1sscw1Ux2E0
The Godfather S1 - E4 | فصل اول پدرخوانده - قسمت چهارم,https://www.youtube.com/watch?v=ipjDjTbVYW8
Shab Ahangi - Part 18 |  شب آهنگی - قسمت هجدهم با حضور سیروس میمنت,https://www.youtube.com/watch?v=VO_nB22rV8U
اگر مافیام چرا انقدر به من توضیح میدی؟!,https://www.youtube.com/watch?v=1BgRA3SFVcQ
Shab Ahangi 2- Part 8 | شب آهنگی فصل ۲ قسمت ۸ با حضور سالار عقیلی,https://www.youtube.com/watch?v=HjjInftX6wU
تیزر قسمت چهارم سریال «درانتهای شب»,https://www.youtube.com/watch?v=OYNUxDBBB8Y
The Godfather S1 - E3 | فصل اول پدرخوانده - قسمت سوم,https://www.youtube.com/watch?v=Kxd2VKnXotE
تیزر قسمت سوم سریال «درانتهای شب»,https://www.youtube.com/watch?v=BzR5zVE48v4
پایان نفس‌گیر سریال پرطرفدار «افعی تهران»,https://www.youtube.com/watch?v=HaOViaH9_gA
شهر تَبَر بِره بیرون!,https://www.youtube.com/watch?v=Q-b1U_EDn64
Shab Ahangi - Part 17 |  شب آهنگی - قسمت هفدهم با حضور رویا میرعلمی,https://www.youtube.com/watch?v=aSjiWBLwF7Y
توافقی جدا شدیم! - چه فرقی می‌کنه؟ طلاق طلاقه دیگه,https://www.youtube.com/watch?v=lB1MvQBdoKU
ده سال همه چیوهمه نقشه‌ها و آرزوهاموفدای این ریاضت اقتصادی تو کردم دیگه بسه...,https://www.youtube.com/watch?v=mU2qtBgmmGI
بابا خیلی بیچاره‌ است,https://www.youtube.com/watch?v=w9pm1ifp6YY
Shab Ahangi - Part 16 |  شب آهنگی - قسمت شانزدهم با حضور میثم ابراهیمی,https://www.youtube.com/watch?v=g8ykDZQZ_zo
صبح بخیر عزیزم امیدوارم روزت رو خوب شروع کنی سیروس جونم😈,https://www.youtube.com/watch?v=DEgd-wcBBh8
اگر ایشون‌رای نیاوره؛ من اطلاق نقش می‌کنم!,https://www.youtube.com/watch?v=moPWT6JXsSM
+چرا عاشق شدی؟ -خوش قیافه بود!,https://www.youtube.com/watch?v=ulk7AuXmLBQ
تیزر قسمت دوم سریال «درانتهای شب»,https://www.youtube.com/watch?v=4sQoJT4flYw
تو و بابا چه آرمان و آرزویی برای بچتون داشتید که اسم منو گذاشتید آرمان؟,https://www.youtube.com/watch?v=MLbNXRCMHkA
من تراپیست خیلی خوبی نیستم!,https://www.youtube.com/watch?v=1XHRWF-D4OA
نمیشه که توی خیابون خالی لاتیش رو پر کنی!,https://www.youtube.com/watch?v=ov1DFVxHIoM
جادوی سینما همینه!,https://www.youtube.com/watch?v=hX9B7GeMf7g
تیزر قسمت اول سریال «درانتهای شب»,https://www.youtube.com/watch?v=gkrkgDAgANw
Shab Ahangi - Part 18 |  تیزر شب آهنگی - قسمت هجدهم با حضور سیروس میمنت,https://www.youtube.com/watch?v=0OrMG3m0xVA
Shab Ahangi - Part 15 |  شب آهنگی - قسمت پانزدهم با حضور رضا ناجی,https://www.youtube.com/watch?v=8EU44GtgMeM
استقبال فوق العاده مخاطبان از «در انتهای شب» در ساعات اولیه انتشار,https://www.youtube.com/watch?v=8nQ0VnHWpbc
Dar Entehaye Shab | تیزر سریال در انتهای شب,https://www.youtube.com/watch?v=YBTbDB3pH0E
حامد دیگه کم آورد. موهام ژنتیکیه 😂,https://www.youtube.com/watch?v=sIwWidE4c0E
GodFather S03 E3 | تک کپن همشهری کین در کمین مافیا,https://www.youtube.com/watch?v=HXv-zvGt_j4
تازگیا تراپی در محل هم جز آپشن‌های کارِتون شده؟,https://www.youtube.com/watch?v=U4F7JzoVzJ0
چه کسی با پژمان جمشیدی تماس گرفت؟,https://www.youtube.com/watch?v=jZNFErsNPgQ
Shab Ahangi - Part 14 |  شب آهنگی - قسمت دهم با حضوریوسف صیادی,https://www.youtube.com/watch?v=ft9rWTseX4E
اگه می‌خوای حالا حالاها بچه‌ات رو ببینی و صداش رو بشنوی همه‌اش بستگی به این بازجویی داره,https://www.youtube.com/watch?v=lMTnwzJmzOM
GodFather S03 E2 | همه اش یکی بود که 😂,https://www.youtube.com/watch?v=mpaDm3R2s_Y
Shab Ahangi - Part 16 |  وقتی حامد آهنگی اشتباهی خودش رو میترسونه 😂,https://www.youtube.com/watch?v=jKmkNgF05JI
ساقدوش شبی ۲ میلیون؟! | Aroosie Mardom Movie,https://www.youtube.com/watch?v=eSmNrMEDrT0
سفید شویی شهر، مافیا یا شرلوک هولمز؟!,https://www.youtube.com/watch?v=Nxf8o8x1Hxg
Afee Tehran | چالش‌های مهد کودک بابک بیانی,https://www.youtube.com/watch?v=6WsUpknVhUk
چه بابایی شدی!,https://www.youtube.com/watch?v=a9yYihyHCFo
سریال پرطرفدار «افعی تهران» را هرچهارشنبه «فیلم‌نت» تماشا کنید,https://www.youtube.com/watch?v=PUeiCBWzZFo
GodFather S03 E2 | عجیب بود، نبود؟,https://www.youtube.com/watch?v=Gd0nrsr9e_o
Shab Ahangi - Part 13 |  شب آهنگی - قسمت دهم با حضور مهسا طهماسبی,https://www.youtube.com/watch?v=Akp9CxTis70
ترس آصف آریا از بردن اسم ابی,https://www.youtube.com/watch?v=tH1_gQCoBts
Shab Ahangi - Part 14 |  این چیزا چیه به ما دادی؟!🧐😂,https://www.youtube.com/watch?v=a4NLIrySA0Q
من اینو به عنوان تراپیستت گفتم ،‌نه به عنوان هر چیز دیگه‌ای,https://www.youtube.com/watch?v=Tg-Dgrf4XKQ
جریمه شدن پر نشاط حامد آهنگی,https://www.youtube.com/watch?v=Zq1DRpGRDcY
یک روز تا انتشار قسمت نهم «افعی تهران» در «فیلم‌نت»,https://www.youtube.com/watch?v=FOeq-RXSSYA
من شما رو گردن میگیرم ، شایدم ماهیچه‌ات رو بگیرم، شایدم پاچه‌ات رو!,https://www.youtube.com/watch?v=ePtghijKvD8
Shab Ahangi - Part 12 |  شب آهنگی - قسمت هشتم با حضورسامان احتشامی,https://www.youtube.com/watch?v=MMtC7hwxvy0
Shab Ahangi - Part 14 |  فکر نمیکردم برنامه تون انقدر جلف باشه,https://www.youtube.com/watch?v=_REz6zhp3D0
با ایشون فیس آف نمی‌کنن چون لقمه شهره!,https://www.youtube.com/watch?v=qEEc48fUuxo
Shab Ahangi - Part 14 |  رقص مایکل جکسونی حامد آهنگی و یوسف صیادی,https://www.youtube.com/watch?v=DV2BG8ABfRc
موزیک ویدیوی اختصاصی سریال «افعی تهران» با صدای رضا یزدانی,https://www.youtube.com/watch?v=VI6PEM_cMGI
Shab Ahangi - Part 14 |  اینم سحر دختر نازم,https://www.youtube.com/watch?v=okMoGGDKRWY
Shab Ahangi - Part 14 |  جوک خیلی خنده دار یوسف صیادی,https://www.youtube.com/watch?v=sxq9aPVEdB4
Shab Ahangi - Part 11 |  شب آهنگی - قسمت یازدهم با حضورامیرمهدی ژوله,https://www.youtube.com/watch?v=n2PSZ_Xo6D8
فیلم سینمایی عروسی مردم | Aroosie Mardom Movie,https://www.youtube.com/watch?v=jHttz0pDMa0
خط قرمزا رو به نظرم نباید بشکونیم,https://www.youtube.com/watch?v=1qbhcfje_kE
Shab Ahangi - Part 13 |  عجیب ترین کار مهسا طهماسبی,https://www.youtube.com/watch?v=IlRRbqBxchA
Shab Ahangi - Part 13 |  سخت ترین پانتومیم دنیا,https://www.youtube.com/watch?v=HNdoM72mYmc
Shab Ahangi - Part 10 |  شب آهنگی - قسمت دهم با حضور عماد طالب زاده,https://www.youtube.com/watch?v=krwT9CX2aSc
آرمان بیانی و بحران‌های آستانه پنجاه سالگی‌اش | افعی تهران,https://www.youtube.com/watch?v=Ov7AGnVZynU
Shab Ahangi - Part 7 |  شب آهنگی - بازگشت سیاوش قمیشی به وطن,https://www.youtube.com/watch?v=FcNhS7j69rA
Shab Ahangi - Part 8 | اجرای دیدنی هشدار برای کبری ۱۱,https://www.youtube.com/watch?v=C1h-x-qNWgg
Shab Ahangi - Part 9 |  شب آهنگی - قسمت نهم با حضور زهرا داود نژاد,https://www.youtube.com/watch?v=H7hnjMcDu-8
Shab Ahangi - Part 10 |  شب آهنگی - اجرای آهنگ همه چی آرومه,https://www.youtube.com/watch?v=HH5SW8smS8Q
Shab Ahangi - Part 8 |  ورود متفاوت بهمن هاشمی در برنامه شب آهنگی,https://www.youtube.com/watch?v=frX_3222ekQ
Shab Ahangi - Part 8 |  شب آهنگی - قسمت هشتم با حضور بهمن هاشمی,https://www.youtube.com/watch?v=57hxpCyJCC4
Shab Ahangi - Part 8 |  شب آهنگی - بالخره حاج آقا موفق شد,https://www.youtube.com/watch?v=cjwJfDuQLFg
نظر حامد آهنگی راجع به فیلم هندی #shorts,https://www.youtube.com/watch?v=Uu0YsxSPJ9s
Shab Ahangi - Part 11 | گریه های تلخ حامد آهنگی و ژوله وسط برنامه,https://www.youtube.com/watch?v=WfosRVYxX38
تیکه سنگین ژوله به ایرج ملکی #shorts,https://www.youtube.com/watch?v=7QJARKsjQ8g
خداحافظ خوش‌ قلب‌ترین «ناتو»,https://www.youtube.com/watch?v=DY8VZY1VyUU
Shab Ahangi - Part 7 |  شب آهنگی - قسمت هفتم با حضور رضا نیکخواه,https://www.youtube.com/watch?v=ee1qp_aqk0o
تسلیت به خانواده داودنژاد عزیز,https://www.youtube.com/watch?v=ea-cjRcVaps
موزیک ویدیو همه مردم شهر - تیتراژ شب آهنگی,https://www.youtube.com/watch?v=UbQRwwW32Pk
Shab Ahangi - Part 6 |  شب آهنگی - قسمت ششم با حضور بابک جهانبخش,https://www.youtube.com/watch?v=9d9OFHcswOQ
Shab Ahangi - Part 5 |  شب آهنگی - قسمت پنجم با حضور مهران غفوریان,https://www.youtube.com/watch?v=skaY-zjf6Cg
Shab Ahangi - Part 6 | مسابقه فوتبال دستی حامد آهنگی و بابک جهانبخش,https://www.youtube.com/watch?v=HRpY-0XilQc
Shab Ahangi - Part 4 | شب آهنگی - قسمت چهارم با حضورآصف آریا,https://www.youtube.com/watch?v=WVmq2O77nrA
وضعیت نرمال یک ایرانی از شروع اسفند تا یک ثانیه مانده به سال تحویل,https://www.youtube.com/watch?v=skq2M9dN8Fs
Shab Ahangi - Part 6 |  گیلتی پلژر حامد آهنگی,https://www.youtube.com/watch?v=xSewaz0uqYw
Shab Ahangi - Part 6 |  هم خوانی ابی و بابک جهانبخش 😁,https://www.youtube.com/watch?v=PTZcTFELQ4E
دلمون برای «دفتریادداشت» تنگ میشه!,https://www.youtube.com/watch?v=LtEl5bbg3GY
Shab Ahangi - Part 6 | پشتکار تیم «شب‌آهنگی» در نوآوری در زَهره ترک کردن مهمان,https://www.youtube.com/watch?v=a_an5PwKoCw
رقص دیدنی رضا عطاران,https://www.youtube.com/watch?v=lmUO_CReCRg
Daftar Yaddasht | هیچ‌چیز جای خونواده رو نمی‌گیره!,https://www.youtube.com/watch?v=DOi7oaCdmoU
Shab Ahangi - Part 6 | تیزر شب آهنگی - قسمت ششم  با حضوربابک جهانبخش,https://www.youtube.com/watch?v=Z4Sqd0TzulU
Shab Ahangi - Part 6 |  شغل بابک جهانبخش قبل از خوانندگی,https://www.youtube.com/watch?v=bz85MY1djiQ
Shabahangi S3  | مرزهای پانتومیم سرعتی جا به جا شد 🤭,https://www.youtube.com/watch?v=7KXLQmL2GB0
Shab Ahangi - Part 3 | شب آهنگی - قسمت سوم با حضورفاطمه گودرزی,https://www.youtube.com/watch?v=lcnN5_JHGS4
Shabahangi S3  | عشق فرهاد آئیش به همسرش در ۷۱ سالگی,https://www.youtube.com/watch?v=D2lZ2GkFKdM
Shab Ahangi - Part 5 |  خاطره بامزه مهران غفوریان از روزهای اول شهرت,https://www.youtube.com/watch?v=z0QOzFkJ3ck
Naato S02 E07 | پینگ پنگ خیالی نصرالله رادش,https://www.youtube.com/watch?v=OLltzrKOYDE
Daftar Yaddasht | نازنین نگران نباش، من این ماجرا رو تمومش میکنم,https://www.youtube.com/watch?v=cGGiJ6rMeY0
Daftar Yaddasht | نازنین، قربانی کشف حقیقت توسط ایرج، غراب و سیمین,https://www.youtube.com/watch?v=YdchCbmAQeM
آزاده صمدی در افعی تهران,https://www.youtube.com/watch?v=Yyj2a_WXe64
Naato S02 E07 | اجرا نقش مبارک تویط نصرالله رادش,https://www.youtube.com/watch?v=7dOGAxRlm74
Daftar Yaddasht | افشای راز سیمین,https://www.youtube.com/watch?v=MpslVKc5-_w
سحر دولتشاهی در افعی تهران,https://www.youtube.com/watch?v=Yv_L6O-Eag0
Shab Ahangi - Part 5 |  پانتومیم بازی کردن مهران غفوریان و حامد آهنگی,https://www.youtube.com/watch?v=l_VuPVRQ7ys
جوک خیلی خنده دار وحید آقاپور,https://www.youtube.com/watch?v=ZoumC1SWj8I
Shab Ahangi - Part 2 | شب آهنگی - قسمت دوم با حضور جواد خیابانی,https://www.youtube.com/watch?v=u4-ZscifSqE
Daftar Yaddasht | این دوباره کاری نیست؟,https://www.youtube.com/watch?v=kgsYoDWFhbA
تنها سه روز تا شروع سریال افعی تهران,https://www.youtube.com/watch?v=5QA0Mf70Nvw
اجرای آهنگ سرو کلفت من چرا! در ناتو,https://www.youtube.com/watch?v=7OhspohfISY
افعی تهران از چهارشنبه ۱۶ اسفند ماه می آید,https://www.youtube.com/watch?v=o-lAox8meyI
Daftar Yaddasht | چیزی به حل معمای دفتریادداشت ایرج نمانده,https://www.youtube.com/watch?v=XKH5n9RAh20
Shab Ahangi - Part 4 | افتخار رقصیدن با حامد آهنگی,https://www.youtube.com/watch?v=kZ9pX5oZxAQ
Naato S02 E07 | مراسم عروسی قورباغه ها در ناتو,https://www.youtube.com/watch?v=-OgKdv0agPE
Shab Ahangi - Part 4 | جریان آهنگ عزیزم آصف آریا,https://www.youtube.com/watch?v=71ZBtWNAJUk
Daftar Yaddasht  E12 | تیزر سریال  طنز و دیدنی دفتر یادداشت - قسمت دوازدهم,https://www.youtube.com/watch?v=EpcqiThxZLo
Shab Ahangi - Part 4 | شب آهنگی - هم خوانی حامد آهنگی و آصف آریا,https://www.youtube.com/watch?v=UkJSbSHBcLo
Daftar Yaddasht | رابطه ایده آل کارمند و کارفرما,https://www.youtube.com/watch?v=nBW8JlhA9R8
Shab Ahangi - Part 1 | شب آهنگی - قسمت اول با حضور داریوش فرضیایی,https://www.youtube.com/watch?v=cm_Js1B_WxY
Shab Ahangi - Part 4 | تیزر شب آهنگی - قسمت چهارم  با حضورآصف آریا,https://www.youtube.com/watch?v=T4ESzusgKig
Shab Ahangi - Part 1 | چقدر اسم مستعار مد شده,https://www.youtube.com/watch?v=nYrQfYTFRPA
Shab Ahangi - Part 3 | تیزر شب آهنگی - قسمت سوم با حضورفاطمه گودرزی,https://www.youtube.com/watch?v=Cdh1dzQ_3z4
Shab Ahangi - Part 3 | رقص جنوبی حامد آهنگی,https://www.youtube.com/watch?v=LMV20rKJSqQ
Shab Ahangi - Part 3 | بهت نمیاد شیطووووون,https://www.youtube.com/watch?v=uyRgqraR3a4
Shabahangi S3  | خط قرمز حامد آهنگی,https://www.youtube.com/watch?v=x6zPs24N-yg
Shab Ahangi - Part 3 | ترسوندن فاطمه گودرزی در شب آهنگی,https://www.youtube.com/watch?v=7GWF11a3lpM
Naato S02 E08 | تیزر قسمت هشتم فصل دوم رئالیتی شوی ناتو,https://www.youtube.com/watch?v=FmUo7PtrDRI
Daftar Yaddasht  E11 | تیزر سریال  طنز و دیدنی دفتر یادداشت - قسمت یازدهم,https://www.youtube.com/watch?v=zblxiGoYq7c
Naato S02 E05 | حضور امیریل زهره در برنامه ناتو,https://www.youtube.com/watch?v=gWDFzW2qiFE
Daftar Yaddasht  E10 | تیزر سریال  طنز و دیدنی دفتر یادداشت - قسمت دهم,https://www.youtube.com/watch?v=eKW6hJyL8VQ
Shab Ahangi - Part 3 | دکلمه جدی و احساسی شعر کودک توسط حامد آهنگی,https://www.youtube.com/watch?v=k2vYQVdPUCY
Mordab  | تیزر سریال مرداب - قسمت ۱۹,https://www.youtube.com/watch?v=VTBV8jqA9AY
Shabahangi | گزارش جذاب و دیدنی حامد آهنگی و خیابانی,https://www.youtube.com/watch?v=jOOrjP_WA8U
Shab Ahangi - Part 3 | حامد آهنگی وقتی تنهاست چیکار میکنه؟,https://www.youtube.com/watch?v=9Stlr27gyTw
Mordab  | تیزر سریال مرداب - قسمت ۱۸,https://www.youtube.com/watch?v=zoesc4R-fiA
چالش اجرای جوک در ناتو,https://www.youtube.com/watch?v=LvmjSqLtesI
Daftar Yaddasht E13 | خفه‌اش کردن! صداش رو بریدن!,https://www.youtube.com/watch?v=rrZ7js0RLy4
Naato S02 E05 | خر شرک در ناتو,https://www.youtube.com/watch?v=Dg5Tm_ZHVkA
Daftar Yaddasht  E09 | تیزر سریال  طنز و دیدنی دفتر یادداشت - قسمت نهم,https://www.youtube.com/watch?v=6XZQe_IG_yE
ویژگی عجیب و خنده دار تنبل,https://www.youtube.com/watch?v=kEe_SUA_1Zo
Naato S02 E07 | تیزر قسمت هفتم فصل دوم رئالیتی شوی ناتو,https://www.youtube.com/watch?v=4a1NeFMegWc
Shabahangi | رپ خوندن حامد آهنگی,https://www.youtube.com/watch?v=Asr17tmYu94
Mordab  | تیزر سریال مرداب - قسمت ۱۷,https://www.youtube.com/watch?v=iItaZmQOv28
Shabahangi | چجوری خیابانی و نمیشناسن؟,https://www.youtube.com/watch?v=8QQnB__u7LE
Mordab  | خلاصه قسمت ۱۹ سریال مرداب,https://www.youtube.com/watch?v=cbpNy2mKJ4c
Shabahangi | ماجرای دعوای خیابانی و عابدزاده,https://www.youtube.com/watch?v=EzmupCHIxSg
Shabahangi | شبکه ۳ نبود، خیابانی بود,https://www.youtube.com/watch?v=xG1X8_QCaXE
Shabahangi | تیزر شباهنگی قسمت دوم فصل  ۳ با حضور جواد خیابانی,https://www.youtube.com/watch?v=6CR0b5rMZgc
موسیقی تیتراژ ریتمیک شباهنگی ۳ با صدای باراد | Barad Shaaaaaaad,https://www.youtube.com/watch?v=8xQCvnY9z5Q
Naato S02 E06 | تیزر قسمت ششم فصل دوم رئالیتی شوی ناتو,https://www.youtube.com/watch?v=rGWvwGOil6g
Shab Ahangi - Part 1 | آهنگ هندی عمو پورنگ برای عشقش,https://www.youtube.com/watch?v=mp-JPphK4Gk
عجیب ترین اصطلاحات فارسی,https://www.youtube.com/watch?v=tQeSoRjYm0s
Shab Ahangi - Part 1 | پرونده کثافت کاری های حامد آهنگی,https://www.youtube.com/watch?v=SItKycBcces
اشعار پیچیده نصرالله رادش,https://www.youtube.com/watch?v=hRf_AiaiEWA
Mordab  | خلاصه قسمت ۱۸ سریال مرداب,https://www.youtube.com/watch?v=gbLpEbgRHEU
تیام و وفاداری‌ بی حد و مرزش به قاتل سیاه‌پوش,https://www.youtube.com/watch?v=12xOHBPEvUY
خاطره خیلی خنده دار نصرالله رادش,https://www.youtube.com/watch?v=grlFmDWS9xs
Shab Ahangi - Part 1 | رقص هندی حامد آهنگی و عمو پورنگ,https://www.youtube.com/watch?v=czfc6txgToI
ما به صورت مشتری‌‌هامون چی کار داریم؟ ما به صورت‌حساب‌شون کار داریم!,https://www.youtube.com/watch?v=7rI5sbr3m5M
به مناسبت تولد شهاب حسینی,https://www.youtube.com/watch?v=m3ZVOE4Y2vg
حال و هوای هندوستان در «شب‌آهنگی»,https://www.youtube.com/watch?v=-SyslqerX0Y
Shabahangi S3  | شروع فصل ۳ شباهنگی,https://www.youtube.com/watch?v=evT_KFaQ6qw
Naato S02 E09 | بازی ۱۸+ در برنامه ناتو,https://www.youtube.com/watch?v=PSLdG1-7_pc
Naato S02 E09 | مراسم ختم به سبک ناتو,https://www.youtube.com/watch?v=-biSNKxMHro
Naato S02 E09 | تیزر قسمت نهم فصل دوم رئالیتی شوی ناتو,https://www.youtube.com/watch?v=KbRtn89mtoA
Mordab  | خلاصه قسمت ۱۷ سریال مرداب,https://www.youtube.com/watch?v=i8xiRylrwhk
Naato S02 E09 | اجرای ویژه زیپ توسط محمدرضا علیمردانی,https://www.youtube.com/watch?v=hnDKNHG9rk4
خط قرمز جدید حامد آهنگی | یه تنظیم جدید از آهنگ هیس #شب_آهنگی,https://www.youtube.com/watch?v=392TckfrFx0
Naato S02 E04 | تیزر قسمت چهارم فصل دوم رئالیتی شوی ناتو,https://www.youtube.com/watch?v=Y_bZOT4xSAY
موزیک همه مردم شهر - تیتراژ شب آهنگی,https://www.youtube.com/watch?v=JWpt2qZN_4I
Shabahangi S3 | اگه حامد آهنگی دختر بود,https://www.youtube.com/watch?v=K9PGYbJP25k
Shabahangi  | رقص شمالی حامد اهنگی,https://www.youtube.com/watch?v=2j0mizBKynw
Shabahangi | تیزر شباهنگی ویژه برنامه روز پدر با حضور فرهاد آییش,https://www.youtube.com/watch?v=tnfeMaNTWbc
Shabahangi S3  | ترسیدن خنده دار فرهاد آییش,https://www.youtube.com/watch?v=Lkw4Ri5kyp4
Shabahangi S3  | خواستگاری ۵ صبح فرهاد آییش,https://www.youtube.com/watch?v=A_EvXigslTc
مستند تماشایی در جستجوی فریده,https://www.youtube.com/watch?v=SNqPSBmmvDg
Shabahangi S3  | شباهنگی فصل ۳ ویژه برنامه روز پدر با حضور فرهاد آییش,https://www.youtube.com/watch?v=O3DHkju62rQ
Daftar Yaddasht | توی دنیای پر از گرگ اولش گرگ میشی؛ آخرش هیولا!,https://www.youtube.com/watch?v=C7HqRU-0S78
Mordab  | خلاصه قسمت ۱۶ سریال مرداب,https://www.youtube.com/watch?v=6FTmsIqQtjc
Mordab  | ویدا کجای تقابل بین شکیب، فیاض و خالد ایستاده؟!,https://www.youtube.com/watch?v=4apFiGMPleg
Naato S02 E02 | تیزر قسمت دوم فصل دوم رئالیتی شوی ناتو,https://www.youtube.com/watch?v=3O621PMkV-0
بازگشت دوباره حامد آهنگی با «شب‌آهنگی»,https://www.youtube.com/watch?v=YZaErh7c3oo
تیکه سنگین بهرنگ علوی #shorts,https://www.youtube.com/watch?v=v4DcrhNR9Ak
مراحل ساخت تیتراژ رازآلود و پرطرفدار سریال «دفتریادداشت»,https://www.youtube.com/watch?v=r7U_IKXmPbA
Daftar Yaddasht  E08 | تیزر سریال  طنز و دیدنی دفتر یادداشت - قسمت هشتم,https://www.youtube.com/watch?v=5o65PvchjXk
Mordab  | خلاصه قسمت ۱۵ سریال مرداب,https://www.youtube.com/watch?v=OwPNHqTUO3k
Mordab  | تیزر سریال مرداب - قسمت ۱۵,https://www.youtube.com/watch?v=E3Chj13PNIY
Daftar Yaddasht | به تخم مرغای تو یخچال,https://www.youtube.com/watch?v=9YOGHk9r5Co
Mordab  | تیزر سریال مرداب - قسمت ۱۴,https://www.youtube.com/watch?v=LfvEe5P2oTI
Mordab  | تیزر سریال مرداب - قسمت ۱۳,https://www.youtube.com/watch?v=DpSTqBInAx8
مشاعره ایمان صفا و علی صبوری,https://www.youtube.com/watch?v=vU1wHwqtRns
Daftar Yaddasht | دلبری رضا عطاران,https://www.youtube.com/watch?v=crCRxnEZM40
سخت ترین کار دنیا از نظر ایمان صفا,https://www.youtube.com/watch?v=F8tarYU7aO4
Shab Ahangi - Part 6 | دو تا کاری که بهرنگ علوی هرگز انجام نداده,https://www.youtube.com/watch?v=hGp_gzLQffo
سوتی تاریخی هلیا امامی,https://www.youtube.com/watch?v=WQxlnC7WC4Q
ناتو این قسمت تو عروسی مامان و باباش حضور داشته!,https://www.youtube.com/watch?v=4TdrSyMTAus
Mordab  | خلاصه قسمت ۱۴ سریال مرداب,https://www.youtube.com/watch?v=km0N1eTOlVw
Mordab  | تیزر سریال مرداب - قسمت ۱۲,https://www.youtube.com/watch?v=P0Rrva2PTUw
Daftar Yaddasht  E06 | تیزر سریال  طنز و دیدنی دفتر یادداشت - قسمت ششم,https://www.youtube.com/watch?v=QugeWDJWUbM
Naato  | خلاصه گروه چهارم رئالیتی شوی ناتو,https://www.youtube.com/watch?v=CgxLM0OLKXM
Mordab  | خلاصه قسمت ۱۳ سریال مرداب,https://www.youtube.com/watch?v=SfPl_pS3LU4
Daftar Yaddasht | خوانندگی الهام پاوره نژاد,https://www.youtube.com/watch?v=jXWlPtd_phM
کدومشون انقدر ورپریده و وزه است؟,https://www.youtube.com/watch?v=bU00f9dw-cg
Mordab  | خلاصه قسمت ۱۲ سریال مرداب,https://www.youtube.com/watch?v=Fr2HiQ5sbpM
Mordab  | تیزر سریال مرداب - قسمت ۱۰,https://www.youtube.com/watch?v=sKrFGaYTX_Y
آواز خوندن علی صادقی #shorts,https://www.youtube.com/watch?v=jWAacYS8rsQ
Daftar Yaddasht  E07 | تیزر سریال  طنز و دیدنی دفتر یادداشت - قسمت هفتم,https://www.youtube.com/watch?v=hNVTraAYkoI
Naato S02 E05 | تیزر قسمت پنجم فصل دوم رئالیتی شوی ناتو,https://www.youtube.com/watch?v=zUtPw6p5vyA
Naato  | خلاصه گروه سوم رئالیتی شوی ناتو,https://www.youtube.com/watch?v=BsjRbdMvhcw
Daftar Yaddasht | نه اونا مصرف شخصین,https://www.youtube.com/watch?v=PiHRqL7aL2U
Shab Ahangi - Part 4 | شب آهنگی - قسمت ۴ با حضور مریم امیر جلالی,https://www.youtube.com/watch?v=2pg42KUv0tU
Shab Ahangi - Part 3 | اشک شوق محمد معتمدی,https://www.youtube.com/watch?v=UH221WAI-BY
هندی حرف زدن کامران تفتی,https://www.youtube.com/watch?v=YkGBzQLlqAg
من حسی میگم گزینه ۳,https://www.youtube.com/watch?v=_o_pm_3xspo
Daftar Yaddasht  E03 | تیزر سریال  طنز و دیدنی دفتر یادداشت - قسمت سوم,https://www.youtube.com/watch?v=dhar9qsKOg4
Shab Ahangi - Part 2 | خاطره خنده دار حامد آهنگی,https://www.youtube.com/watch?v=VpmtKvtxTXg
اکران آنلاین فیلم سینمایی بی مادر #shorts,https://www.youtube.com/watch?v=6VlTL5wjrRU
Mordab  | خلاصه قسمت ۱۱ سریال مرداب,https://www.youtube.com/watch?v=FunuMUKA5Us
Daftar Yaddasht | آدم تــو عصبانیت آدم میکشه…!,https://www.youtube.com/watch?v=I7ay2FUnGfQ
Mordab  | تیزر سریال مرداب - قسمت ۱۱,https://www.youtube.com/watch?v=Z6zvrqcoECw
Mordab  | آقا ایرج آها آها سیاه سوخته تره نخوام…,https://www.youtube.com/watch?v=KrRkT1o0dPA
پس ناتو داریوش کاردانه!,https://www.youtube.com/watch?v=XfRz1TO2eTk
Naato S02 E03 | تیزر قسمت سوم فصل دوم رئالیتی شوی ناتو,https://www.youtube.com/watch?v=qimArEWxkR0
Daftar Yaddasht  E04 | تیزر سریال  طنز و دیدنی دفتر یادداشت - قسمت چهارم,https://www.youtube.com/watch?v=XJprblIYgEk
«نـاتـو» این قسمت کیست؟,https://www.youtube.com/watch?v=HSqLCEun_0A
Naato  | خلاصه گروه دوم رئالیتی شوی ناتو,https://www.youtube.com/watch?v=Rr7-idBUIvQ
Siahchale E11 | خلاصه قسمت آخرسریال کمدی و دیدنی سیاه چاله,https://www.youtube.com/watch?v=V-9wTLLDHUo
Mordab  | خلاصه قسمت ۱۰ سریال مرداب,https://www.youtube.com/watch?v=Kz5Mw-qBZkg
Shab Ahangi - Part 1 | شب آهنگی - دوبله  خنده دار حامد آهنگی و حمید گودرزی,https://www.youtube.com/watch?v=KifBU6868dY
Daftar Yaddasht | ماجرای واحد ۱۱۳…,https://www.youtube.com/watch?v=d7JYjYSfplc
Shab Ahangi - Part 1 | شب آهنگی - یعنی  ابوطالب ۵۰ تومن نداره؟,https://www.youtube.com/watch?v=nglosR9NUFs
اخـه کـی رو زدی کـه رو مـیـز مـا نـرقـصـیـده بـاشـه… #shorts,https://www.youtube.com/watch?v=tP_C7KDvalc
Naato  | خلاصه گروه اول رئالیتی شوی ناتو,https://www.youtube.com/watch?v=knC6xxzpeFI
یک نفر دچار برق گرفتگی شده و مـرده…!,https://www.youtube.com/watch?v=d-LAdGr5Ips
Siahchale E10 | خلاصه قسمت دهم سریال کمدی و دیدنی سیاه چاله,https://www.youtube.com/watch?v=w2MR6hyksS8
Mordab  | خلاصه قسمت ۹ سریال مرداب,https://www.youtube.com/watch?v=m2wwgxnePDg
Ghahveh Turk | فکر کردی من می‌رم به بابا می‌گم؟,https://www.youtube.com/watch?v=vZiDfaEWf8g
Naato S02 E01 | تیزر قسمت اول فصل دوم رئالیتی شوی ناتو,https://www.youtube.com/watch?v=Jm51TydjHWk
Daftar Yaddasht | سکانسی از قسمت سوم سریال «دفتریادداشت»,https://www.youtube.com/watch?v=FUN9VnmuMoo
Mordab  | شب مهم خونه شکیب…,https://www.youtube.com/watch?v=oWGKZ4qZdGU
Mordab  | تیزر سریال مرداب - قسمت ۹,https://www.youtube.com/watch?v=khaEFXvvJEU
اولین «نـاتـو» این قسمت کیست؟,https://www.youtube.com/watch?v=9KeA1od2a3M
اولین «نـاتـو» این قسمت کیست؟,https://www.youtube.com/watch?v=O0BMubIuVR8
شروع  فصل جدید ناتو,https://www.youtube.com/watch?v=Ijp8Dio59Lc
Mordab  | تیزر سریال مرداب - قسمت ۸,https://www.youtube.com/watch?v=rZRRL0yYU10
Siahchale E09 | خلاصه قسمت نهم سریال کمدی و دیدنی سیاه چاله,https://www.youtube.com/watch?v=4xfGqrBG4tk
Daftar Yaddasht E02 | الان تورتون و پاره میکنم,https://www.youtube.com/watch?v=0jzcWpdUaQQ
شکیب چیکار داره با صبا؟ #shorts,https://www.youtube.com/watch?v=_AR9_BR_-VQ
Mordab  | خلاصه قسمت ۸ سریال مرداب,https://www.youtube.com/watch?v=39h6zFswBUo
Siahchale E08 | خلاصه قسمت هشتم سریال کمدی و دیدنی سیاه چاله,https://www.youtube.com/watch?v=MdBdnWWGNGM
Daftar Yaddasht E01 | تورو خدا انقد نخندین، همه مون رفتنی هستیم,https://www.youtube.com/watch?v=-Gkjy1hpRog
Daftar Yaddasht | بخواب رو زمین,https://www.youtube.com/watch?v=99zvwce5f7k
جذاب ترین قسمت های پدرخوانده,https://www.youtube.com/watch?v=-HqkREs9eyM
Mordab  | عکس خانوادگی شکیب!,https://www.youtube.com/watch?v=BVGI3fp6SiM
Daftar Yaddasht  E01 | تیزر سریال  طنز و دیدنی دفتر یادداشت - قسمت اول,https://www.youtube.com/watch?v=w4NCv0GuFBE
Mordab  | خلاصه قسمت ۷ سریال مرداب,https://www.youtube.com/watch?v=DvlEk9rnVTg
Daftar Yaddasht | یه نشونه بده من باورم بشه,https://www.youtube.com/watch?v=JO8bUDlMevE
Daftar Yaddasht | مغز خرابه,https://www.youtube.com/watch?v=i9EOp_BPKHw
بازگشت رضا عطاران بعد از 15 سال با دفتر یادداشت,https://www.youtube.com/watch?v=XvgfFLIwQLU
Daftar Yaddasht | منیری یا مدیری؟,https://www.youtube.com/watch?v=sF9U-lbxk5w
Daftar Yaddasht | تیزر سریال  طنز و دیدنی دفتر یادداشت,https://www.youtube.com/watch?v=tgTN50dJgUM
Siahchale E07 | خلاصه قسمت هفتم سریال کمدی و دیدنی سیاه چاله,https://www.youtube.com/watch?v=PBeH_u7_YU4
Ghahveh Turk | ورود سینمایی حامد بهداد!,https://www.youtube.com/watch?v=9jf5jDkyROM
The Godfather S1  | بدشانسی های علی صبوری,https://www.youtube.com/watch?v=D9uRyTVGvC0
Mordab  | تیزر سریال مرداب - قسمت ۷,https://www.youtube.com/watch?v=0fgVWc4Tt14
Mordab  | خلاصه قسمت ۶ سریال مرداب,https://www.youtube.com/watch?v=JbdQ4h3b0D0
«دفتریادداشت» با حضور سوگل خلیق و رضاعطاران,https://www.youtube.com/watch?v=7TOpcnHOVWc
بیژن بنفشه‌خواه  در «دفتریادداشت»,https://www.youtube.com/watch?v=8csmuFjqEG4
The Godfather | من برم بیرون شهر به فنا میره,https://www.youtube.com/watch?v=5vv0invay-g
Siahchale E06 | خلاصه قسمت ششم سریال کمدی و دیدنی سیاه چاله,https://www.youtube.com/watch?v=VoxC7YS6AwA
فیلم نت پلاس | پدرخوانده در راه فینال,https://www.youtube.com/watch?v=NnqvKKdvmcc
جنجالی ترین قسمت های پدرخوانده,https://www.youtube.com/watch?v=aFY9VgqPnJM
اتفاق غیرمنتظره در قسمت جدید! | تیزر سریال مرداب قسمت ۶,https://www.youtube.com/watch?v=PWId2hQelOo
Mordab  | خلاصه قسمت ۵ سریال مرداب,https://www.youtube.com/watch?v=k9i0DsKdg70
بازی تماشایی ژاله صامتی در سیاهچاله,https://www.youtube.com/watch?v=0Rb24-Dhmz0
کدام سکانس و دیالوگ قسمت پنجم رو  بیشتر دوست داشتین؟ #shorts,https://www.youtube.com/watch?v=WAihxK6cGOI
The Godfather | تیکه علی صبوری به نیکی میربها,https://www.youtube.com/watch?v=HhqF54JYZG0
رفتن عروسی مردم،هیچکسم نمیشناسن…😂 #shorts,https://www.youtube.com/watch?v=u-ADBmw-usA
فیلم نت پلاس | بررسی تازه های فیلم نت از مرداب تا پوست شیر,https://www.youtube.com/watch?v=2aUcsd9zt8U
Mordab  | تیزر سریال مرداب - قسمت ۵,https://www.youtube.com/watch?v=fOT1m2d5v-w
Siahchale E05 | خلاصه قسمت پنجم سریال کمدی و دیدنی سیاه چاله,https://www.youtube.com/watch?v=X72kaWv_lps
Ghahveh Turk | من و تو هیچ‌وقت از دست هم خلاص نمی‌شیم!,https://www.youtube.com/watch?v=QYQ6qbWaQk4
Mordab  | خلاصه قسمت ۱ - ۴ سریال مرداب,https://www.youtube.com/watch?v=GePtoSxvyZo
بازی افتضاح امیرعلی نبویان #shorts,https://www.youtube.com/watch?v=2qZFNQK6DQs
Ghahveh Turk | سارا رسول‌زاده توی دو نقش بازی می‌کنه!,https://www.youtube.com/watch?v=DVpT4suFh7g
سریال پر ماجرا و جذاب «مرداب» در فیلم‌نت,https://www.youtube.com/watch?v=yxeGtnbXrQE
The Godfather | آخرین دفاع میثم درویشان پور,https://www.youtube.com/watch?v=E6xmJrgIrIg
رونمایی از دومین ویدیوشات تبلیغاتی «دفتریادداشت» در آستانه پخش  #shorts,https://www.youtube.com/watch?v=ubEKwOvcpDQ
Mordab  | تیزر سریال مرداب - قسمت ۴,https://www.youtube.com/watch?v=41_Om4f2pJY
شوخی محمد نادری با آهنگ من نشد با تو بمونم چه حیف #shorts,https://www.youtube.com/watch?v=_Zi_teiN9GM
Siahchale E04 | خلاصه قسمت چهارم سریال کمدی و دیدنی سیاه چاله,https://www.youtube.com/watch?v=zab7rhk8bXs
The Godfather | عصبانیت شدید بهاره افشاری,https://www.youtube.com/watch?v=uRGF6dkn0NI
عشق‌بازی در استانبول #shorts,https://www.youtube.com/watch?v=uNyTK-b2qvo
Ghahveh Turk  | عاشقانه های حامد بهداد و سارا رسول زاده,https://www.youtube.com/watch?v=4SIulYiFQAs
تو چهل تا فیلم شهید شده! #shorts,https://www.youtube.com/watch?v=GXyCGuynRWU
The Godfather | اشتباه بزرگ شهروندان,https://www.youtube.com/watch?v=eNtjWXiz0dU
من گردن میگیرم #shorts,https://www.youtube.com/watch?v=z2O0rn5WIbA
Mordab  | تیزر سریال مرداب - قسمت ۳,https://www.youtube.com/watch?v=ZAsWUkl_-DM
Siahchale E03 | خلاصه قسمت سوم سریال کمدی و دیدنی سیاه چاله,https://www.youtube.com/watch?v=3jagdtDY9C0
FoFo | با جواد رضویان از ته دل بخندید,https://www.youtube.com/watch?v=2Vl4LDzwCDA
FoFo | کاری نکن عین تی بکشمت کف ساختمون,https://www.youtube.com/watch?v=se4a5bqUweg
FoFo | اون مدلی خوشحال هستین؟,https://www.youtube.com/watch?v=cBwUyO3sV-I
FoFo | قرص پاشیاف، مخصوص بلع عمیق,https://www.youtube.com/watch?v=MOmibi7A_V0
Siahchale E02 | خلاصه قسمت دوم سریال کمدی و دیدنی سیاه چاله,https://www.youtube.com/watch?v=fhhYnzFvJbI
FoFo | کلینیک زیبایی مخصوص پشم عزیزان,https://www.youtube.com/watch?v=omBBlmyCzP8
FoFo | فواید قلقلک دادن زیر بغل مرغ,https://www.youtube.com/watch?v=UXgwMhZz3MI
Mordab  | تیزر سریال مرداب,https://www.youtube.com/watch?v=LxV7aKLse7k
Siahchale E01 | خلاصه قسمت اول سریال کمدی و دیدنی سیاه چاله,https://www.youtube.com/watch?v=3FlNYGMfH8g
Pooste Shir | پشت صحنه سریال پوست شیر قسمت دوم,https://www.youtube.com/watch?v=0Zcg5257mqY
Pooste Shir | پشت صحنه سریال پوست شیر قسمت اول,https://www.youtube.com/watch?v=v9Jfxiq6M5k
The Godfather S1 - E 15 | فصل اول پدرخوانده - قسمت پانزدهم,https://www.youtube.com/watch?v=bjmr-hBWkVU
فیلم سرپتی ها,https://www.youtube.com/watch?v=emLVm-3VSD0
تیزر فیلم سرپتی ها,https://www.youtube.com/watch?v=1RtEH6icFx4
تیزر قسمت اول - فصل دوم پدرخوانده,https://www.youtube.com/watch?v=NRZXw0a6m3A
الان من شریک جرمم!,https://www.youtube.com/watch?v=D4r44xINMpI
The Godfather S2 | آموزش بازی مافیا - فصل ۲,https://www.youtube.com/watch?v=f8ulYh-9V4o
طنین من منتظرت می‌مونم!,https://www.youtube.com/watch?v=_bj3i2xAMXQ
حضور باباشاه و خانم شیرزاد در «ناتو»,https://www.youtube.com/watch?v=PBsua6eOdTc
رونمایی از آنونس جدید سریال «قهوه ترک»,https://www.youtube.com/watch?v=7-psu0cpNfM
قسمت پایانی سریال «سیاه چاله» #shorts,https://www.youtube.com/watch?v=Ckpu4nv36LQ
مگه دختر هجده ساله ای فکر کردی می‌خوام بدزدمت؟!  #shorts,https://www.youtube.com/watch?v=bQ8Gp2_hmTo
ورکشاپ آنلاین مخ زنی فرخ برای ناپدری! #shorts,https://www.youtube.com/watch?v=PoU-Wpa0HTk
اینجا چه خبره و «ناتو» کیه؟,https://www.youtube.com/watch?v=eR87t1nSuDo
تیزر سریال سیاه چاله - قسمت دهم,https://www.youtube.com/watch?v=UEsG-_fToHg
تیزر فوفو مسافری از کامادو,https://www.youtube.com/watch?v=Xk3nqnB7oDo
تیزر رئالیتی شوی قسمت نهم ناتو,https://www.youtube.com/watch?v=rsq5AV-BUl4
کمتر از ۲۴ ساعت تا پخش قسمت پنجم «قهوه ترک» #shorts,https://www.youtube.com/watch?v=27IOKd3jgTc
تو با من باش تهش ضرر نمی کنی #shorts,https://www.youtube.com/watch?v=BQFvKN5mpro
Teaser E04 | تیزر قسمت ۴ سریال دیدنی قهوه ترک,https://www.youtube.com/watch?v=BMG_du9vSZU
حامد بهداد در «قهوه ترک»,https://www.youtube.com/watch?v=T6qlExX3vbY
The Godfather S1 - E1 | فصل اول پدرخوانده - قسمت اول,https://www.youtube.com/watch?v=FSsPE7vd-Ls
تیزر رئالیتی شوی قسمت هفتم ناتو,https://www.youtube.com/watch?v=zithTHVn1aA
بهرام جان افشاری، عمرت به درازای رحیم تیمسار,https://www.youtube.com/watch?v=ik5hyE4a1Ss
مجید واشقانی عزیز، بهترین پلیر فصل اول «پدرخوانده» زادروزت مبارک #shorts,https://www.youtube.com/watch?v=3RabE8rr6ZE
تیزر سریال سیاه چاله - قسمت چهارم,https://www.youtube.com/watch?v=ohzbH1HwSPg
کل کل و بحث جذاب و همیشگی رضا یزدانی و رضا صادقی #shorts,https://www.youtube.com/watch?v=AFZcDQzOQ-8
بترسونش پشماش میریزه,https://www.youtube.com/watch?v=hUAE6CxDytY
نبودن تو هنوز معماست! #shorts,https://www.youtube.com/watch?v=M4_6cq56sZ8
تیزر رئالیتی شوی قسمت سوم ناتو,https://www.youtube.com/watch?v=UQPhr2CDKp4
تو واسه چی خواب منو می‌بینی؟! #shorts,https://www.youtube.com/watch?v=7jCwEpfdVpI
تیزر رئالیتی شوی قسمت دوم ناتو,https://www.youtube.com/watch?v=T1oC3fU74hg
مهندس؟ جوووووون #shorts,https://www.youtube.com/watch?v=pfBdTHr2hnU
ماجرای آفیش امیرحسین رستمی در سریال دودکش #shorts,https://www.youtube.com/watch?v=nWdibwd0s0E
مجید واشقانی بهترین پلیر فصل اول «پدرخوانده» شد,https://www.youtube.com/watch?v=60k8kTlypVk
Avaye Jadooyi  | آقای معتمدی! ببخشید؛ کوفتتون بشه!,https://www.youtube.com/watch?v=PcW4ONRxEwc
قسمت پایانی «پوست شیر» #shorts,https://www.youtube.com/watch?v=Gpl3QbojQCM
تیزر سریال «قهوه ترک»,https://www.youtube.com/watch?v=a6N1RsG_1bA
مجید نوروزی در سریال سیاه چاله,https://www.youtube.com/watch?v=Yp3IiqPlBAU
لحظات نفس‌گیر در قسمت پایانی سریال «پوست شیر»,https://www.youtube.com/watch?v=6pA2Y56O3aw
لحظات نفس‌گیر در قسمت پایانی سریال «پوست شیر»,https://www.youtube.com/watch?v=tgoil8OI_TU
آغاز فینال مهیج نظرسنجی بهترین پلیر «پدرخوانده»,https://www.youtube.com/watch?v=BSooo88eOms
تیر خلاصو تو زدی بهم! #shorts,https://www.youtube.com/watch?v=qKqhmxDpN_M
تیزر رئالیتی شوی «ناتو»,https://www.youtube.com/watch?v=nCUHyCIbF40
الناز حبیبی در سریال سیاه چاله,https://www.youtube.com/watch?v=IkS4GJuWkKs
Pooste Shir | اکران مردمی,https://www.youtube.com/watch?v=lkjm9mXVib4
تیزر سریال سیاه چاله,https://www.youtube.com/watch?v=k6BS_ZNOK4Y
حرص خوردن نبویان در برنامه پدرخوانده #shorts,https://www.youtube.com/watch?v=0aNuBLeahbs
تا حالا آدم کُشتی؟,https://www.youtube.com/watch?v=KRMoaGK_H1c
یک هفته مانده تا پایان سریال پوست شیر,https://www.youtube.com/watch?v=r4x7G_hPGNA
وداع با کیومرث پوراحمد #shorts,https://www.youtube.com/watch?v=h8iZfewWzrg
Pooste Shir | اکران مردمی,https://www.youtube.com/watch?v=uKquAq_wGdA
Khoon Sard 6 -10 | خلاصه قسمت ۶ تا ۱۰ سریال خون سرد,https://www.youtube.com/watch?v=NXNX4GdfuR0
Pooste Shir | تیزر قسمت ششم فصل سوم سریال پوست شیر,https://www.youtube.com/watch?v=NyYdMmn7Gmw
قسمت ششم فصل سوم پوست شیر به زودی #shorts,https://www.youtube.com/watch?v=shUireDdIOo
The Godfather | صحبت های فرزاد حسنی در پدرخوانده,https://www.youtube.com/watch?v=oyk3OWViVMI
خنده دارترین لحظه های فیلم سینمایی ورود آقایان ممنوع,https://www.youtube.com/watch?v=JJre7WZ1W44
Khoon Sard 1-5 | خلاصه قسمت 1 تا 5 سریال خون سرد,https://www.youtube.com/watch?v=0vQTbpu6B10
The Godfather | صحبت های مجید واشقانی در پدرخوانده,https://www.youtube.com/watch?v=ThgY2keKc2U
The Godfather | صحبت های نبویان در پدرخوانده,https://www.youtube.com/watch?v=65aphGArgoE
نظرات مخاطبان فیلم‌نت درباره شخصیت «صدرا»,https://www.youtube.com/watch?v=olm4XnT8k8U
اعتراف هولناک جلوی مامان و بابای ساحل,https://www.youtube.com/watch?v=CraFO9hhQ9w
دعوای دسته جمعی یارای نعیم و نریمان,https://www.youtube.com/watch?v=P4AtSHchkU0
بهش بگید من لوش دادم!,https://www.youtube.com/watch?v=Bli-M2_FiAs
رضا ضدحال زد به زنش! 🤦🏻,https://www.youtube.com/watch?v=L1S7A2RgKuI
عرقیجات؟ نه عرق خانوم عرق!,https://www.youtube.com/watch?v=lMcB6_pfkEc
موزیک ویدیو طنز راز بقا با حضور بهرام افشاری و سعید آقاخانی,https://www.youtube.com/watch?v=0_bvoaK-1sI
آواز عاشقونه بهداد 😍,https://www.youtube.com/watch?v=ffnyrP6PUKw
The Lion Skin | موزیک ویدیو پوست شیر - اختصاصی فیلم نت,https://www.youtube.com/watch?v=2DePcjg2NAk
Aftab Parast  | ادم فروش! قصه‌ها تو بلد شدم! #shorts,https://www.youtube.com/watch?v=ALDUY6OivXg
گه نزن تو زندگی من!,https://www.youtube.com/watch?v=PEAjSCAmWBU
آدما جایی ندارن برن، وقتی میان خوبه!,https://www.youtube.com/watch?v=GgoVz_G_6Es
بیا غصه‌هامونو باهم تقسیم کنیم! 😂,https://www.youtube.com/watch?v=eY7w8k79NfI
بر پدرشووون لعنت!,https://www.youtube.com/watch?v=NvdJKffHATo
این دختر پاسوزه عشق من شدهه!,https://www.youtube.com/watch?v=Yt0bkf6bdnw
ماجرای دزدیدن اقا فریدون و ننه جمال! 😂🤪,https://www.youtube.com/watch?v=hWp9kR0ws0Y
آوازخونی حامد بهداد وسط عروسی,https://www.youtube.com/watch?v=1ePUvDWoMS8
من نمیخوام بهت بچه رو تحمیل کنم,https://www.youtube.com/watch?v=_xRKaCqnIbI
سلطان سواری بگیرااااا😂😂😂,https://www.youtube.com/watch?v=hUnFaY2gzqM
مزاحمت هم شدیم #shorts,https://www.youtube.com/watch?v=Cz6xLyDWErE
رابطه عاشقانه رویا نونهالی و حامد بهداد,https://www.youtube.com/watch?v=nwrMVJfH4UA
یه پتروس فداکار میخوایم که نشتی تو رو بگیره,https://www.youtube.com/watch?v=FjCnPEnOJh0
نبویان میگه باید همشهری کین رو بفرستیم بیرون,https://www.youtube.com/watch?v=rLo7MN-u6aY
مجید واشقانی میگه همشهری کین رو پیدا کنین,https://www.youtube.com/watch?v=-wfMg2ZoeUs
این چه استدلالیه اقای رستمی؟,https://www.youtube.com/watch?v=wX7XcoZqbAg
استدلال بهاره افشاری درباره شو شدن یکی از بازیکن ها در پدر خوانده,https://www.youtube.com/watch?v=L5e7jQa46Xk
سریال آفتاب‌ پرست خلاصه قسمت ۱۱ تا ۱۵  | Aftab Parast Series,https://www.youtube.com/watch?v=NVEYEI3EUwo
Shab Ahangi 2 - Part 30 | خلاصه شب آهنگی با حسین کنعانی زادگان,https://www.youtube.com/watch?v=Lf4jzS3clS0
سریال آفتاب‌ پرست خلاصه قسمت ۶ تا ۱۰  | Aftab Parast Series,https://www.youtube.com/watch?v=jqCvxywV3bE
Shab Ahangi 2 - Part ۲۹ | خلاصه شب آهنگی با سینا درخشنده,https://www.youtube.com/watch?v=cCjVG-KQa90
تیزر فیلم سینمایی نیمه شب اتفاق افتاد,https://www.youtube.com/watch?v=23_K8UxjWKk
چه رژ لب خوشرنگی داری!,https://www.youtube.com/watch?v=miXu5GjibA4
گرفتارت شدم!,https://www.youtube.com/watch?v=85zUEem0QXk
سریال آفتاب پرست خلاصه قسمت ۱ تا ۵  | Aftab Parast Series,https://www.youtube.com/watch?v=m07wRbaZaSg
آدموو مجبوووور میکنه,https://www.youtube.com/watch?v=ZxZ97uJB4Wg
Shab Ahangi 2 - Part 28 | خلاصه شب آهنگی با دنیا مدنی,https://www.youtube.com/watch?v=lxXB_QVVbz4
تو یه آویزونی به یکی دیگه #shorts,https://www.youtube.com/watch?v=lNiX4i5UTbI
توهم عجیب و غریب امیر آقایی #Shorts,https://www.youtube.com/watch?v=4HGKccTyqpk
دعوای زن و شوهری امیر آقایی,https://www.youtube.com/watch?v=T_IQPf-j2hY
درکت میکنم آقای مولایی #Shorts,https://www.youtube.com/watch?v=Pzg0tXTOA34
زنش رو از خونه انداخت بیرون,https://www.youtube.com/watch?v=eKrdE5LYI0U
فیلمشو نشون دادم,https://www.youtube.com/watch?v=neTYpXlAm2E
عشششق راه خودش رو پیدا میکنه,https://www.youtube.com/watch?v=NnMN--bNHSs
Shab Ahangi 2 - Part 27 | خلاصه شب آهنگی با امیر نوری,https://www.youtube.com/watch?v=nu4b82EUX40
گروه خشن سفید و سیاه,https://www.youtube.com/watch?v=bkSuwNXCXhA
عشق و عاشقی امیر آقایی و سارا بهرامی,https://www.youtube.com/watch?v=b1z7Couo2ms
قسم نخور حرومزاده,https://www.youtube.com/watch?v=dwFE1ptE8h4
یعنی من پلنگ مازندران بشم آهو #shorts,https://www.youtube.com/watch?v=XhSi45Nms50
به جای دستش درد نکردنه,https://www.youtube.com/watch?v=NrDaIgRHjY4
Shab Ahangi 2 - Part 26 | خلاصه شب آهنگی با وحید شمسایی,https://www.youtube.com/watch?v=ja3KDwMFW3o
Cold Blooded | موزیک ویدیو خون سرد با صدای رضا یزدانی,https://www.youtube.com/watch?v=myqYbEcxxPs
توهم زدن سارا رسول زاده,https://www.youtube.com/watch?v=qDqhxHWzsTk
شما برای این کارا زیادی شلوغی,https://www.youtube.com/watch?v=zar03sY-1nQ
اسم اون شوهر آشغالت رو پیش من نیار,https://www.youtube.com/watch?v=OpyyEI1bp4s
این مادر به آقا جمال شیییییییییر داده #shorts,https://www.youtube.com/watch?v=YygVDher9kU
نقشه فرار بی نقص پژمان جمشیدی,https://www.youtube.com/watch?v=34xMAiYu_AM
Shab Ahangi 2 - Part 25 | خلاصه شب آهنگی با مجتبی شفیعی,https://www.youtube.com/watch?v=uapvhRj-vHc
ترس شدید مهرداد صدیقیان,https://www.youtube.com/watch?v=KE4mnAVLT4M
Shab Ahangi 2 - Part 24 | خلاصه شب آهنگی با شهره سلطانی,https://www.youtube.com/watch?v=Pt5etE2_br8
سلام بابایی #Shorts,https://www.youtube.com/watch?v=qvdDc51gbn4
ماجرای گیر افتادن امیر آقایی,https://www.youtube.com/watch?v=kFHYzGkd9i4
مخ زنی به شیوه مهرداد صدیقیان,https://www.youtube.com/watch?v=UoVLV3Gnaj0
سبک جدید خواستگاری ، خواستگاری در حمام 😁,https://www.youtube.com/watch?v=HAcUG4hFYCg
Shab Ahangi 2 - Part 23 | خلاصه شب آهنگی با نیما کرمی,https://www.youtube.com/watch?v=whaxTPgTs8I
خلاصه قسمت 6 تا 11 سریال شهرک کلیله و دمنه,https://www.youtube.com/watch?v=L7evP5Q24hU
تیزر تبلیغاتی ممبرشیپ,https://www.youtube.com/watch?v=ofBuSKWJL68
زن شدن امیر آقایی,https://www.youtube.com/watch?v=fxz4_uOpKts
عصبانیت شدید شهاب حسینی #shorts,https://www.youtube.com/watch?v=gJGPK-GQAe0
دوست شدن پردیس احمدیه با مهرداد صدیقیان,https://www.youtube.com/watch?v=pP-Vs3_QPwM
وام از ما، بچه زاییدن از شما,https://www.youtube.com/watch?v=tf7qeaVqFO0
Shab Ahangi 2 - Part 22 | خلاصه شب آهنگی با مهدی یغمایی,https://www.youtube.com/watch?v=hZrPQO10EQA
خلاصه قسمت 1 تا 5 سریال شهرک کلیله و دمنه,https://www.youtube.com/watch?v=Ihb7iUV6vZs
چه گرفتار دخترا شدم,https://www.youtube.com/watch?v=0MspVoL0ALo
دکتر توی چشمات گربه سیاه داری,https://www.youtube.com/watch?v=ZCOQm-epxZw
چپق چپق نکن تو ماشین,https://www.youtube.com/watch?v=G5Gdqgd9Wa0
خوشمزه بازی های نیما شعبان نژاد,https://www.youtube.com/watch?v=4jKM0Qu4fIQ
Shab Ahangi 2 - Part 21 | خلاصه شب آهنگی با حضور پازل بند,https://www.youtube.com/watch?v=69r-IVuPPnM
زن و بچه ت رو برمیگردونم  #shorts,https://www.youtube.com/watch?v=burAkByiXgE
جمال زن داری؟ تا حالا عاشق شدی؟,https://www.youtube.com/watch?v=Asnyp0QHplA
این چاییه یا سوخت موشک؟,https://www.youtube.com/watch?v=jsbaOUSJbnU
Shab Ahangi 2 - Part 20 | خلاصه شب آهنگی با حضور علیرضا واحدی نیکبخت,https://www.youtube.com/watch?v=_xvlL2WAI98
اصلا دروغ خط قرمز منه,https://www.youtube.com/watch?v=dqoie7XkrFk
موزیک ویدیو اختصاصی کانال فیلم نت | راز بقا,https://www.youtube.com/watch?v=m3K0b0Z3I1k
خدایا، یه آغوش رواز ما دریغ نکن #shorts,https://www.youtube.com/watch?v=61284AkvTyk
Shab Ahangi 2 - Part 19 | خلاصه شب آهنگی با حضور سحر زکریا,https://www.youtube.com/watch?v=Dn7FCOLYicU
Shab Ahangi 2 - Part 18 | خلاصه شب آهنگی با حضور سیاوش طهمورث,https://www.youtube.com/watch?v=mKJXJOUeaEM
ماجرای سوپرمن شدن امیر آقایی,https://www.youtube.com/watch?v=5-MDT7EMByM
خونا ر چطوری به پا میکنه منوچ؟,https://www.youtube.com/watch?v=Z5Uwb5WiCKM
عاشقی ناتمام سارا رسول زاده,https://www.youtube.com/watch?v=FvMXkAscldA
ما رسم نداشتیم همو صدا کنیم، میگفتیم بابای جمال #shorts,https://www.youtube.com/watch?v=6uxn4wGGqjY
ایرانیا وقتی میخوان صدقه بدن 😂,https://www.youtube.com/watch?v=4KYumHdvEsQ
موزیک ویدیو اختصاصی کانال فیلم نت | کلیله و دمنه با صدای بهزاد عمرانی,https://www.youtube.com/watch?v=YrlxL1ZD8aU
Khoon Sard | تیزر پنجم سریال خون سرد,https://www.youtube.com/watch?v=EXkrz_YxCLE
استیک درست کردن امیر آقایی,https://www.youtube.com/watch?v=7ZCbeJtAbj4
Khoon Sard | تیزر چهارم سریال خون سرد,https://www.youtube.com/watch?v=twgs6ClWiKk
تقدیم گل اندرانیک تیموریان به پسرش,https://www.youtube.com/watch?v=q8Zs-sbFjI0
با مایو و عینک میخوای بری مبارزه؟ #shorts,https://www.youtube.com/watch?v=T8AalKfHOeI
لباس زیر نو دارید؟,https://www.youtube.com/watch?v=PFGJbt6f0LA
می دونی من تا کجا رو با تو دیدم و ساختم توی خیالم؟ #shorts,https://www.youtube.com/watch?v=aWquGHTPYr0
Shab Ahangi 2 - Part 17 | خلاصه شب آهنگی با حضور بهاره رهنما,https://www.youtube.com/watch?v=J5_I7vZGB6g
Khoon Sard | تیزر سوم سریال خون سرد,https://www.youtube.com/watch?v=7_OrWpfj6Ok
موزیک جذاب و شنیدنی خون سرد با صدای رضا یزدانی #shorts,https://www.youtube.com/watch?v=IKEsDoxRmuQ
رشوه دادن امیر آقایی به مادر زندانی,https://www.youtube.com/watch?v=7EMSUPe3XrE
خوشحالی بعد گل علی کریمی با لباس پرسپولیس در بازی استیل آذین,https://www.youtube.com/watch?v=LYVvVzHSyQc
Khoon Sard | تیزر دوم سریال خون سرد,https://www.youtube.com/watch?v=tK5lE3uqBPc
سپیده جان تو خونه اشون راحت لباس می پوشن,https://www.youtube.com/watch?v=MV6bVTj007E
Khoon Sard | تیزر اول سریال خون سرد,https://www.youtube.com/watch?v=a0O383Zq8Gw
دلیل انتخاب علی کریمی برای پرسپولیس,https://www.youtube.com/watch?v=Oh_TiQOtOgE
موزیک ویدیو خون سرد با صدای رضا یزدانی,https://www.youtube.com/watch?v=ssQo4gObz_M
باید زد خار قیچی مفسدا رو یکی کرد #shorts,https://www.youtube.com/watch?v=2L71qmfBIY0
مسخره کردن علی فتح الله زاده در برنامه یازده,https://www.youtube.com/watch?v=7NGY8DBGYnw
Raze Bagha | خلاصه کامل سریال راز بقا,https://www.youtube.com/watch?v=_lGK13KJm5o
تن لش این برادر و جمع کنید #shorts,https://www.youtube.com/watch?v=CSQ6RVZWP5o
جمااااال خریدنی نیست,https://www.youtube.com/watch?v=eVNZJPiBpfE
Aftab Parast 4 | قسمت چهارم سریال آفتاب پرست,https://www.youtube.com/watch?v=mRZ9ExX8aNg
آقام رگش و دست هر کسی نمیده,https://www.youtube.com/watch?v=RU0qQPH0Whk
Cold Blooded | موزیک خون سرد با صدای رضا یزدانی,https://www.youtube.com/watch?v=_otNYNUOTuQ
Shab Ahangi 2 - Part 16 | خلاصه شب آهنگی با حضور سینا شعبانخانی,https://www.youtube.com/watch?v=OCi6D4cgI6A
خیانت شوهر سارا رسول زاده,https://www.youtube.com/watch?v=6IWeqDAPfTE
عصبانیت شدید امیر آقایی,https://www.youtube.com/watch?v=egOB3a1cVNM
کری خوندن مهدی عبدی برای استقلال,https://www.youtube.com/watch?v=8P7k1Yrkonk
ماجرای عجیب  گل مهدی عبدی به استقلال,https://www.youtube.com/watch?v=WPVJpl70P3w
تیپ و استایل زنونه پژمان جمشیدی #shorts,https://www.youtube.com/watch?v=ymnYoSOHagI
دعوای مادر جمال و پدر منوچ,https://www.youtube.com/watch?v=-6OFN0ecvXg
Raze Bagha | خلاصه راز بقا قسمت 11 تا 17,https://www.youtube.com/watch?v=Y90-Z7tpbc0
Aftab Parast 3 | قسمت سوم سریال آفتاب پرست,https://www.youtube.com/watch?v=MQBFBg2ucwg
Shab Ahangi 2 - Part 15 | خلاصه شب آهنگی با حضور احسان روزبهانی,https://www.youtube.com/watch?v=FuPzukOqXqk
دعوای شدید شهرام حقیقت دوست در زندان,https://www.youtube.com/watch?v=0T5BVc8KRAk
غافلگیر کردن دیدنی شهرام حقیقت دوست,https://www.youtube.com/watch?v=yanHQSqygqo
بهترین لحظات حاتم در راز بقا قسمت 2 | پس ذهنم میمونی,https://www.youtube.com/watch?v=3keZEhEkeqM
بهترین لحظات حاتم در راز بقا قسمت 1 | پس ذهنم میمونی,https://www.youtube.com/watch?v=2atj7H1zyJ0
نظر کاربران توییتر درباره دو قسمت اول سریال «خون سرد» #shorts,https://www.youtube.com/watch?v=P3scN7rtqXQ
سریال راز بقا قسمت ۱۷ | Raze Bagha 17 ( قسمت پایانی ),https://www.youtube.com/watch?v=fp3iKtwYkxY
Shab Ahangi 2 - Part 14 | خلاصه شب آهنگی با حضور اصغر سمسارزاده,https://www.youtube.com/watch?v=rtxvqwK3u-o
نظر آندارنیک تیموریان راجع به کیروش,https://www.youtube.com/watch?v=GeinlU8BjjY
نظر علی کریمی راجع به مهاجم های تیم ملی,https://www.youtube.com/watch?v=vkqjXGCV6hw
رقص دیدنی پژمان جمشیدی,https://www.youtube.com/watch?v=rmjrtJonNf0
داداش تو رفتی، کرک و پرم ریخت,https://www.youtube.com/watch?v=hkZkW5vM2Mc
با این ابروهای پاچه بزی کی سوارش کرده؟ #shorts,https://www.youtube.com/watch?v=5PVwsOKuaFs
من با یه سوراخ عقب نمیکشم #shorts,https://www.youtube.com/watch?v=3D0b7X2rK1I
قول و قرار پژمان جمشیدی با خدا #shorts,https://www.youtube.com/watch?v=Pm9SP20tuyQ
سوژه کردن عکس خداداد عزیزی,https://www.youtube.com/watch?v=SjtyCHwKvSY
دلیل کنار گذاشته شدن علی کریمی از کاپیتانی,https://www.youtube.com/watch?v=uTusEcywkfQ
الان نمال، کی بمال #shorts,https://www.youtube.com/watch?v=Wi_YpxgjPyY
کل کل حاج آقا و پژمان جمشیدی | من به همه جام فشار میاد,https://www.youtube.com/watch?v=dZy8Epi-LIc
انتقاد علی کریمی از کارلوس کیروش,https://www.youtube.com/watch?v=XTzNekAsVlU
یاغی فوتبال ایران,https://www.youtube.com/watch?v=_nQq_7hDXTc
داری عشق بازی میکنی؟ #shorts,https://www.youtube.com/watch?v=Lry3-fl4GXQ
تیکه پژمان جمشیدی به حمیدرضا آذرنگ | خواهرت پولاتو خورده، یه آبم روش,https://www.youtube.com/watch?v=X34eg0aksI8
سریال راز بقا قسمت  ۱۶ | Raze Baghaa Series - E 16,https://www.youtube.com/watch?v=CEY0uBwobEo
Khoon Sard | تیزر سریال خون سرد,https://www.youtube.com/watch?v=x0HI3gdfetw
Shab Ahangi 2 - Part 13 | خلاصه شب آهنگی با حضور سیاوش مفیدی و شهاب عباسی,https://www.youtube.com/watch?v=SHeucbMSahQ
Aftab Parast  |  تیزر قسمت سوم سریال آفتاب پرست,https://www.youtube.com/watch?v=fzHUMxwknig
اختلافات برانکو و علیرضا نیکبخت,https://www.youtube.com/watch?v=O1xAIQl-XZA
ناراحتی علیرضا نیکبخت از گل زدن به استقلال,https://www.youtube.com/watch?v=2bdcwUla1Lo
ترس شدید علیرضا نیکبخت از هواپیما,https://www.youtube.com/watch?v=tattvojUszY
ناراحتی علیرضا نیکبخت از مدیران استقلال,https://www.youtube.com/watch?v=AkQglfBs6qg
اعتراض علیرضا نیکبخت به منشور اخلاقی,https://www.youtube.com/watch?v=JXIuHvkGHNs
سریال راز بقا قسمت  ۱۵ | Raze Baghaa Series - E 15,https://www.youtube.com/watch?v=aQ2a-2tbT14
سوژه کردن عکس  مجتبی جباری,https://www.youtube.com/watch?v=GgFKDEHH2KQ
حمایت خداداد عزیزی از علی کریمی,https://www.youtube.com/watch?v=UvI0d3OFneM
پشت پرده قراردادهای پرسپولیس در برنامه 11 با علی کریمی,https://www.youtube.com/watch?v=5RURi3UJaP0
دستاوردهای کریم باقری,https://www.youtube.com/watch?v=9jUPspqKyMY
سوژه کردن عکس کریم باقری,https://www.youtube.com/watch?v=3NtVMbZM0xQ
تیکه خداداد عزیزی به کریم باقری,https://www.youtube.com/watch?v=5Nyox4L_A_g
تعریف کریم باقری از علی کریمی,https://www.youtube.com/watch?v=d1PYhDZM_bU
نظر خداداد عزیزی راجع به زندگیش,https://www.youtube.com/watch?v=8f2HAx2pV-8
موندن اسکوچیچ در جام جهانی,https://www.youtube.com/watch?v=Y4FZTGs8nMI
سوژه کردن عکس علی کریمی,https://www.youtube.com/watch?v=10EE5CDVIC0
سریال راز بقا قسمت  ۱۴ | Raze Baghaa Series - E 14,https://www.youtube.com/watch?v=f8NA0YoL6XQ
Shab Ahangi 2 - Part 12 | خلاصه شب آهنگی با حضورفرزاد فرخ,https://www.youtube.com/watch?v=iJeEY2uy1-Y
وقتی رضا عطاران کیک یزدی رو با پوست میخوره,https://www.youtube.com/watch?v=DhM62rlLtkA
جوک گفتن خیلی خنده دار رضا عطاران,https://www.youtube.com/watch?v=DwjPEBgAAXs
فاصله تون رو با بچه ها حفظ کنید #shorts,https://www.youtube.com/watch?v=gqBUJ-CkSfI
عصبانیت پژمان جمشیدی از کوتاه شدن موهاش | چرا تر زدی تو صورت من؟,https://www.youtube.com/watch?v=h1SWM2nusGI
تیکه سنگین پژمان جمشیدی به زن شدن حمیدرضا آذرنگ | جون چه چشایی داری,https://www.youtube.com/watch?v=4BrOooTPWng
تیکه انداختن دخترا به رضا عطاران | چه معلم جیگری,https://www.youtube.com/watch?v=_RAeeeV6eV8
واکنش عجیب دخترا به حضور مرد در مدرسه #shorts,https://www.youtube.com/watch?v=N-P3VRAaFO0
Shab Ahangi2 - Part 30 | شب آهنگی فصل 2 قسمت 30 با حضور حسین کنعانی زادگان,https://www.youtube.com/watch?v=PDLwD8OB12w
سریال راز بقا قسمت ۱۳ | Raze Baghaa Series - E 13,https://www.youtube.com/watch?v=5TkhX332Y9k
اولین برخورد خانم دارابی و دبیر شیمی | عشق در نگاه اول,https://www.youtube.com/watch?v=zSFtUl24bjQ
عشق فقط دو جوره، عشق مادر به فرزند و عشق بنده به خدا #shorts,https://www.youtube.com/watch?v=XPiYzuaiNHk
فیلم سینمایی ورود آقایان ممنوع  | Vorood Aghayan Mamno,https://www.youtube.com/watch?v=1sXtZroAqK4
Aftab Parast  | دومین تیزر سریال آفتاب پرست,https://www.youtube.com/watch?v=GUR1Fje-c78
آقای دکتر بهتون نمیاد دختر به این بزرگی #shorts,https://www.youtube.com/watch?v=V8uiXVjzQZk
سریال راز بقا قسمت ۱۲ | Raze Baghaa Series - E 12,https://www.youtube.com/watch?v=NNQyL1DLTKM
علاقه شدید مازیار لرستانی به ریش و کلاه مرانه,https://www.youtube.com/watch?v=vKtb_G-_bSk
با ایرج راز بقا از خنده روده بر شوید - قسمت 2 😂,https://www.youtube.com/watch?v=gmQMwdzP3s8
رابطه حسین کنعانی زادگان و شجاع خلیل زاده #shorts,https://www.youtube.com/watch?v=bRTzr1g3Wso
با ایرج راز بقا از خنده روده بر شوید - قسمت 1 😂,https://www.youtube.com/watch?v=BYUty6Tdw9A
سریال راز بقا قسمت ۱۱ | Raze Baghaa Series - E 11,https://www.youtube.com/watch?v=zYYZZzKA1mA
Shab Ahangi 2 - Part 11 | خلاصه شب آهنگی با حضورامین زندگانی,https://www.youtube.com/watch?v=5dYs0y0CEkg
ترس شدید حسین کنعانی زادگان,https://www.youtube.com/watch?v=MvscRctoYT0
سریال رازبقا خلاصه قسمت 5 تا 10  | Raze Baghaa Series,https://www.youtube.com/watch?v=HeqhbGVEJ_c
تولدت مبارک حامد آهنگی دوست داشتنی,https://www.youtube.com/watch?v=ZsSnHja3R6Y
تفاوت تماشای فوتبال ایرانی و خارجی,https://www.youtube.com/watch?v=IH58BNVAtTE
خاطره خنده دار حسین کنعانی زادگان,https://www.youtube.com/watch?v=1h-Ir4rQitU
دست فروشی نیما شعبان نژاد  #shorts,https://www.youtube.com/watch?v=bMUg1IwTdVk
تخم گذاشتن حامد آهنگی,https://www.youtube.com/watch?v=82Hw_a2gvhk
کل کل کردن حسین کنعانی زادگان #shorts,https://www.youtube.com/watch?v=-NleV_Z-tlY
آواز خوندن دیدنی رحیم تیمسار  #shorts,https://www.youtube.com/watch?v=Okv_QVu7KgY
کارتن خوابی رحیم تیمسار,https://www.youtube.com/watch?v=Swx5iQU2Rxw
سریال راز بقا قسمت ۱۰ | Raze Baghaa Series - E 10,https://www.youtube.com/watch?v=6UMokg5H4rg
Shab Ahangi 2 - Part 10 | خلاصه شب آهنگی با حضور لیلی رشیدی,https://www.youtube.com/watch?v=_7XWJ2bWb7M
kelileh & Demneh  | تیزر قسمت پنجم سریال شهرک کلیله و دمنه,https://www.youtube.com/watch?v=Y4i3x8W_pAk
اتمام حجت رحیم با قاچاقچی ها  #shorts,https://www.youtube.com/watch?v=ooLHk-ZYBE0
چالش آهنگ برعکس سینا درخشنده,https://www.youtube.com/watch?v=fGWjZQ11LQw
خداحافظی رحیم با خان فادر  #shorts,https://www.youtube.com/watch?v=JHh2UpZW-MI
لو رفتن دروغ حامد آهنگی #shorts,https://www.youtube.com/watch?v=RWxqMyIeCBc
لحظه ترسیدن سینا درخشنده,https://www.youtube.com/watch?v=x_j7Gs3-i4A
سنگ پرت کردن رحیم به مردم,https://www.youtube.com/watch?v=rzS5kFWhBsU
راسو ۴۸ ساعت طول میکشه بوش بره، بعد من یه هفته؟  🤣  #shorts,https://www.youtube.com/watch?v=ROc3mNf9hEQ
kelileh & Demneh  | تیزر قسمت چهارم سریال شهرک کلیله و دمنه,https://www.youtube.com/watch?v=OD5KyD3jiM4
لحظه ترسیدن دنیا مدنی #shorts,https://www.youtube.com/watch?v=sw26NYNJUuw
Shab Ahangi 2 - Part 9 | خلاصه شب آهنگی با حضور ارسلان مطهری,https://www.youtube.com/watch?v=TaAqutHwubs
حرکات موزون، جستن جستن میکنند #shorts,https://www.youtube.com/watch?v=1rwicafBJYQ
کلاه و از سرم درآر بانو   #shorts,https://www.youtube.com/watch?v=4syjkMWNv48
بیا تو یه قر بده بعد برو #shorts,https://www.youtube.com/watch?v=2KFgMYSPFDE
سخنرانی خمار برای مدیریت ساختمان,https://www.youtube.com/watch?v=RQo4ctAQyO0
kelileh & Demneh  | تیزر قسمت ششم سریال شهرک کلیله و دمنه,https://www.youtube.com/watch?v=EYBDNjjE1Q4
جک تعریف کردن دنیا مدنی #shorts,https://www.youtube.com/watch?v=EcfvX_I_tKo
آردی شدن دنیا مدنی,https://www.youtube.com/watch?v=0RGUVCm0E50
انگشت کوچیکه رومیخورم  #shorts,https://www.youtube.com/watch?v=ODrtOQDIf7c
من جامه عمل و تو تنت جر واجر میکنم,https://www.youtube.com/watch?v=n4-vcPNpPL0
گزارش خیلی خنده دار حامد آهنگی #shorts,https://www.youtube.com/watch?v=d4DRY57jQt4
چالش دنیا مدنی با دروغ سنج، همه رو دروغ گفت,https://www.youtube.com/watch?v=hA0mauaK-0k
به مامان من میگی همسررر,https://www.youtube.com/watch?v=_D6MyRR31bc
مراسم ازدواج ایرج  #shorts,https://www.youtube.com/watch?v=ItFR-jYFbg8
سریال راز بقا قسمت ۸ | Raze Baghaa Series - E 8,https://www.youtube.com/watch?v=Z5Q4IlEgjGE
بوسه جنجالی ختن و خمار,https://www.youtube.com/watch?v=O-jjIdTL74U
Shab Ahangi 2 - Part 8 | خلاصه شب آهنگی با حضور سالار عقیلی,https://www.youtube.com/watch?v=c__nMgtWilc
تیکه سنگین به بلاگرها #shorts,https://www.youtube.com/watch?v=ZyLR4sL_M2k
بده بوقش کنم برات، بفروشم,https://www.youtube.com/watch?v=LpJqfNu56eg
تیکه امیر نوری به جواد خیابانی  #shorts,https://www.youtube.com/watch?v=QYZvAErSAaI
خاطره بامزه دزدی از امیر نوری  #shorts,https://www.youtube.com/watch?v=1TWK4m54KhY
عرب ها معمولا یه روز از ما جلوترن  #shorts,https://www.youtube.com/watch?v=Mv8uC1vqw0s
ایرج ملکی در راز بقا  #shorts,https://www.youtube.com/watch?v=9EHouwJdy8w
ناکامی حامد آهنگی در ترساندن امیر نوری  #shorts,https://www.youtube.com/watch?v=DsDMypzdzd0
گفت و گوی مرضیه برومند با مردم درباره شهرک کلیله و دمنه,https://www.youtube.com/watch?v=51njIEfWvi8
رقص خیلی خنده دار رحیم  #shorts,https://www.youtube.com/watch?v=fVM-rAnfxVA
سریال راز بقا قسمت ۷ | Raze Baghaa Series - E 7,https://www.youtube.com/watch?v=UG-sgwwmrQE
انتخاب فرزاد حسنی برای نقش دم جوان #shorts,https://www.youtube.com/watch?v=q4chPbZNDMg
پشت صحنه جذاب و دیدنی شهرک کلیله و دمنه,https://www.youtube.com/watch?v=5erANM17mgw
مصاحبه کامل اختصاصی و دیدنی فرزاد حسنی با مرضیه برومند در فیلم نت,https://www.youtube.com/watch?v=FrsJT5Jg1ho
تیزر مصاحبه اختصاصی و دیدنی فرزاد حسنی با مرضیه برومند در فیلم نت,https://www.youtube.com/watch?v=R1ofitBQIec
بررسی مشکلات کار پیدا کردن حیوانات در کلیله و دمنه,https://www.youtube.com/watch?v=ia9k8o6vIIM
خاطره فیلم دیدن وحید شمسایی  #shorts,https://www.youtube.com/watch?v=tUj8LVBL_nw
رشته اصلی حامد آهنگی #shorts,https://www.youtube.com/watch?v=DWLlz91h4vs
همه خنده های مهمانان شباهنگی,https://www.youtube.com/watch?v=JPRqJS1DD_E
دعوای رحیم و خان فادر  #shorts,https://www.youtube.com/watch?v=XGB9Rrn0k9E
فوبیای شدید وحید شمسایی,https://www.youtube.com/watch?v=wjWP5VSAC6o
سیدجواد چیز شده  بود و دیدی؟ 🤣 #shorts,https://www.youtube.com/watch?v=hoWghYR7d64
درد و دل رحیم با خدا,https://www.youtube.com/watch?v=fjl8jDxjqpI
درگیری شدید رحیم تیمسار در مراسم اسکار  #shorts,https://www.youtube.com/watch?v=mGZaAHVzAGQ
سریال راز بقا قسمت ۶ | Raze Baghaa Series - E 6,https://www.youtube.com/watch?v=f-YFQSzGRaA
بز، بز لاکتوز 😂 #shorts,https://www.youtube.com/watch?v=Dz2EedJGPeY
Shab Ahangi 2 - Part 7 | خلاصه شب آهنگی با حضور نعیمه نظام دوست,https://www.youtube.com/watch?v=_Z309fVp7cw
چقدر قشنگ مسخره بازی در میاری 🤣 #shorts,https://www.youtube.com/watch?v=eZOTQG_pGMg
سریال رازبقا خلاصه قسمت 1 تا 5  | Raze Baghaa Series,https://www.youtube.com/watch?v=bdpg7jYOszU
دوبله خنده دار حامد آهنگی  #shorts,https://www.youtube.com/watch?v=3sJrgXO8BHc
سوتی حامد حدادی: مامان و بابا کلا بلندن,https://www.youtube.com/watch?v=NfvXMlzV9PE
خاطره خیلی خنده دار حامد آهنگی از برق گرفتگی  #shorts,https://www.youtube.com/watch?v=Ehip70myuzs
بازی آهنگ برعکس با فرزاد فرخ | همه رو درست حدس زد,https://www.youtube.com/watch?v=_znrhcURZac
وقتی قاچاقچی ها آسایش همه رو برقرار می کنن #shorts,https://www.youtube.com/watch?v=DIq_GErUR0A
سوتی باحال حامد حدادی: با گراز میخواست منو بزنه,https://www.youtube.com/watch?v=FDpGV6l7AFE
من میرم شلوارم رو عوض کنم  #shorts,https://www.youtube.com/watch?v=4nHPwRKIQmM
دلیل ازدواج نکردن نیما شعبان نژاد 😲 #shorts,https://www.youtube.com/watch?v=0DWdCS1nqVM
مردم آزاری رحیم,https://www.youtube.com/watch?v=p7_wt8GrjDc
سریال راز بقا قسمت ۵ | Raze Baghaa Series - E 5,https://www.youtube.com/watch?v=spU46GrJXqo
Shab Ahangi 2 - Part 6 | خلاصه شب آهنگی با حضور حمید ماهی صفت,https://www.youtube.com/watch?v=caw4ZTmkmfQ
شیوه جدید مخ زنی,https://www.youtube.com/watch?v=sJyNbMB53Ww
خانم لسلطانی  #shorts,https://www.youtube.com/watch?v=5IuPwzLmS7s
عضو ویژه کانال فیلمنت شوید,https://www.youtube.com/watch?v=9GzmzEPnwm4
kelileh & Demneh  | تیزر قسمت دوم سریال شهرک کلیله و دمنه,https://www.youtube.com/watch?v=a9hVArhD1dI
مهدی یغمایی از ترس فرار کرد  #Shorts,https://www.youtube.com/watch?v=J3NZtdaBn5o
شوخی بامزه حامد آهنگی با شهره سلطانی  #shorts,https://www.youtube.com/watch?v=XOUGEUQMoHM
کادوی جذاب حامد آهنگی به فرزاد فرخ #shorts,https://www.youtube.com/watch?v=IuBqZh1Uf5k
پتانسیل زایمان نداره  #shorts,https://www.youtube.com/watch?v=f0rkKG1EJt4
اجرای ضایع تماشاچی شباهنگی |  لعنت بهت وحید   🤣,https://www.youtube.com/watch?v=q9uLMgQ4ESY
خاطره خیلی خنده دار حامد آهنگی  #Shorts,https://www.youtube.com/watch?v=l5kWfd1dRro
یه چیز بگم کرک و پرت بریزه؟,https://www.youtube.com/watch?v=EaeFC4SvWrc
گامبو یعنی چاق جذاب #shorts,https://www.youtube.com/watch?v=0ifcFTodLEY
Shab Ahangi 2 - Part 5 | خلاصه شب آهنگی با حضور حامد حدادی,https://www.youtube.com/watch?v=S-RZ-0AUOGo
کیک یغمایی و چینی حرف زدن حامد آهنگی  🤣 #Shorts,https://www.youtube.com/watch?v=1LcHIZi6Rwk
کلیله و دمنه | اجرای قطعه یال آن یال سرخ تو 🤣,https://www.youtube.com/watch?v=1b1EeS_ScBU
BandBazi |  اجرای موزیک اورجینال گروه یونیورسال در فینال,https://www.youtube.com/watch?v=UXSRwfSa2Rg
کلیله و دمنه | هممون خماریم قربون 🤣  #Shorts,https://www.youtube.com/watch?v=35mtheTae_k
kelileh & Demneh  | یه زندگی لوکس و راحت در شهرک کلیله و دمنه,https://www.youtube.com/watch?v=PZP3Hd0_5kE
Shab Ahangi 2- part 21 |  میشه دیگه آهنگ نخونید؟ 🤣  #Shorts,https://www.youtube.com/watch?v=eo-3_bems2Y
Shab Ahangi 2- part 19 |  شوخی حامد آهنگی با داد زدن های سحر زکریا #shorts,https://www.youtube.com/watch?v=l4tZakQdTfQ
BandBazi |  اجرای موزیک اورجینال گروه نوومبر در فینال,https://www.youtube.com/watch?v=oOp1ORdlOiM
راز بقا | من روانم مریضه، این دنیا دیگه ارزش نداره,https://www.youtube.com/watch?v=ONx1ulR_VHM
Shab Ahangi 2- part 23 | انزلی 4 نفر 🤣 #shorts,https://www.youtube.com/watch?v=9ecHJ-VWL1Q
BandBazi |  اجرای موزیک اورجینال گروه لیو در فینال,https://www.youtube.com/watch?v=NmKE67_Jd_I
Shab Ahangi 2- part 23 | نمیدونی کرونا با گوارش چیکار میکنه 😂,https://www.youtube.com/watch?v=EA6MOiHdogY
Shab Ahangi 2- part 23 |  وسط برنامه همدیگه رو بغل کردن 😲 #shorts,https://www.youtube.com/watch?v=jqv_ljtkxSo
BandBazi |  اجرای موزیک اورجینال گروه گس در فینال,https://www.youtube.com/watch?v=lUPiLtTKZAI
راز بقا | خدایا این چرا انقد خره؟,https://www.youtube.com/watch?v=yk-0C35TT1g
Shab Ahangi 2- part 21 | شناختی؟ 🤣 #Shorts,https://www.youtube.com/watch?v=rOkkSzq3Ch0
سریال راز بقا قسمت ۳ | Raze Baghaa Series - E 3,https://www.youtube.com/watch?v=tkMibSirILI
راز بقا | بهت میگه زینتی؟؟,https://www.youtube.com/watch?v=SIMlY1jdM6s
راز بقا | دعوتت نکردیم چون کلاس عروسی و میاوردی پایین  🤣 #shorts,https://www.youtube.com/watch?v=SsR-R7CyTOw
Shab Ahangi 4- Part 4 | خلاصه سیما تیرانداز,https://www.youtube.com/watch?v=D5FL4udVJCQ
راز بقا | پسرای جذاب لعنتی من,https://www.youtube.com/watch?v=vOCJeScoIVk
راز بقا |  پسره یه کاری کرد که حاجی روزه اشو خورد  #shorts,https://www.youtube.com/watch?v=sU57E6s1vpE
راز بقا | عطر رحیم به بازار رسید,https://www.youtube.com/watch?v=v48eSqFQ7wA
Shab Ahangi 2- part 22 |  اجرای جالب و دیدنی مهدی یغمایی و حامد آهنگی #Shorts,https://www.youtube.com/watch?v=HjTA2-LYKIE
Shab Ahangi 2- part 22 | قانون کپی رایت در ایران 🤣 #Shorts,https://www.youtube.com/watch?v=bYb5ghm-vA4
Shab Ahangi 2- part 22 |  ما چیزایی از سیدجواد دیدیم که توقع نداشتیم 🤣 #Shorts,https://www.youtube.com/watch?v=Ju5yI6i1mic
راز بقا | کلا اختیار همه چیزش دست مامانشه #shorts,https://www.youtube.com/watch?v=fZxihCmOGV8
سریال راز بقا قسمت ۲ | Raze Baghaa Series - E 2,https://www.youtube.com/watch?v=sbruSDT-4UU
Shab Ahangi 2- part 21 | چالش آواز خوانی با ویبره پازل بند,https://www.youtube.com/watch?v=1l2wygx4VT8
Shab Ahangi 3- Part 3 | خلاصه آرون افشار,https://www.youtube.com/watch?v=dMxMBjyQ4zs
راز بقا | رحیم خودشو دار زد  #shorts,https://www.youtube.com/watch?v=jGbdtWzUOTk
راز بقا | ترانه سه سیلابیه، استهلاک فک و دهن میگیری بخوای صداش کنی  #shorts,https://www.youtube.com/watch?v=qYHb4VCY9Ms
Shab Ahangi 2- Part 2 | خلاصه علیرضا بیرانوند,https://www.youtube.com/watch?v=1bZkQpuft4E
راز بقا | جای سیب زمینی الان یه عضوی از بدن شما رو گریل میکردن #shorts,https://www.youtube.com/watch?v=Gq-T7ythc2I
راز بقا |  باز واسه من چاق آوردی؟#shorts,https://www.youtube.com/watch?v=v-tsuNLX4p0
راز بقا | مشت کاری بهرام افشاری به نیما شعبان نژاد🤪 #shorts,https://www.youtube.com/watch?v=yCCf1_B8U5Y
Shab Ahangi 2- part 20 | ترس شدید علیرضا نیکبخت لعنت بهتون #Shorts,https://www.youtube.com/watch?v=Xfq32tJoFCI
Shab Ahangi 2- part 20 | خاطره شنیدنی حامد آهنگی از گریه کردن علیرضا نیکبخت,https://www.youtube.com/watch?v=i9vl7CsMl6g
منزل نمیذاره نه فیلم بازی کنم نه فوتبال #Shorts,https://www.youtube.com/watch?v=-DjotJbRwrc
Shab Ahangi 2- part 20 | نیکبخت: من پیشکسوت نیستم #shorts,https://www.youtube.com/watch?v=FpeTZ2mLzzQ
Shab Ahangi 2- part 20 | افشاگری نیکبخت واحدی #shorts,https://www.youtube.com/watch?v=b4Ad98SWaAM
بندبازی قسمت ۱ - اجرای فوق العاده زیبای داوران بند بازی,https://www.youtube.com/watch?v=ec0ZDJXBNgE
Shab Ahangi 2- Part 1 | خلاصه حمید هیراد و مصطفی راغب,https://www.youtube.com/watch?v=pRTPln-LPY8
راز بقا | تعریف دوست معمولی  😂 #shorts,https://www.youtube.com/watch?v=CFqa_ib62AE
Shab Ahangi 2- part 19 | تیکه سحر زکریا به بی مهری همکارها,https://www.youtube.com/watch?v=e2UNFxLTGJo
Shab Ahangi 2- part 19 | دلیل خداحافظی سحر زکریا از اینستاگرام #shorts,https://www.youtube.com/watch?v=cVN3LTt6BOc
Shab Ahangi 2 - Part 18 | #shorts فحش هایی که سینا شعبانخانی توی دعوا میده چیه؟,https://www.youtube.com/watch?v=WoYouQBSCsg
Shab Ahangi 2 - Part 16 | وقتی دروغ سنج به شعبانخانی وصل میشه همه چیز رو لو میده 😂,https://www.youtube.com/watch?v=wPF69yecrV0
راز بقا | بهش التماس کردم پشتم رو بخارونه #shorts,https://www.youtube.com/watch?v=K_5MqmZzHXM
راز بقا | وسط خیابون جای آمپول زدنه؟ 😂 #shorts,https://www.youtube.com/watch?v=LhOgrte5wxw
راز بقا | میگن اونجا هر شب کنار حوری هاییم #shorts,https://www.youtube.com/watch?v=7I-v_4XYq6E
راز بقا | دو تا بز نمیتونه دستش بگیره برای من فرمول فیزیک حساب میکنه #shorts,https://www.youtube.com/watch?v=Wuj91eIE6bI
سریال راز بقا | من به خاطر مادرت قبول کردم,https://www.youtube.com/watch?v=nzZV5JJV1oc
Shab Ahangi 2 - Part 18 | واکنش عجیب و تند سیاوش طهمورث به سلفی گرفتن با دیگران #shorts,https://www.youtube.com/watch?v=T3CziIBp42Y
راز بقا | چطور به آدمی که قرینه نیست اعتماد کنم؟ 🤪 #shorts,https://www.youtube.com/watch?v=zFDgAJu7Sy4
ترساندن شدید بازیگرها در برنامه شب آهنگی | فقط واکنش سمسارزاده  😂,https://www.youtube.com/watch?v=89A7c-QKVkc
Shab Ahangi 2 - Part 17 | جواب های عجیب بهاره رهنما,https://www.youtube.com/watch?v=D0LVvYx5Sls
راز بقا | بچه ها عارف گوش میدن، من فقط مختاباد #shorts,https://www.youtube.com/watch?v=MVRi-neJOIc
سریال راز بقا قسمت ۱ | Raze Baghaa Series - E 1,https://www.youtube.com/watch?v=IrsKzRCJ3Vk
Shab Ahangi 2 - Part 17 | بهاره رهنما از باندبازی در سینما توضیح میده,https://www.youtube.com/watch?v=F1OK7jEiR5o
راز بقا | به کارمندا خاویار هم میدن #shorts,https://www.youtube.com/watch?v=kNpl-BpCTOY
راز بقا | خواستگاری ضایع بهرام افشاری وسط محل کار,https://www.youtube.com/watch?v=o3ko-a0KL8Q
راز بقا | همه رو برق میگیره، رحیمو نمیگیره #shorts,https://www.youtube.com/watch?v=E4z354Lauwg
Shab Ahangi 2 - Part 17 | بهاره رهنما و گوجه هاش #shorts,https://www.youtube.com/watch?v=h2nCP6eo-ac
راز بقا | پول هست ولی کم هست  #shorts,https://www.youtube.com/watch?v=VCmZKZikPy0
Shab Ahangi 2 - Part 17 | تیکه بهاره رهنما به خودش که میگه من خیلی شوهری ام,https://www.youtube.com/watch?v=YWbD8NvCAcQ
Shab Ahangi 2 - Part 17 | خواستگاری عجیب غریب شوهر بهاره رهنما,https://www.youtube.com/watch?v=EesyamWmwqo
"Shab Ahangi 2 - Part 17 | بهاره رهنما کلمه انگلیسی ""متنفر"" و اشتباهی ""بخاری"" تلفظ کرد #shorts",https://www.youtube.com/watch?v=baF-CVi6kD4
Shab Ahangi 2 - Part 17 |  خانوم فعال اراکی کتک نمی خوره | ماجرای ترسوندن بهاره رهنما در شب آهنگی,https://www.youtube.com/watch?v=6dKvq98qWBE
Shab Ahangi 2 - Part 7 | بخش های خیلی خنده دار از شوخی های حامد آهنگی با نعیمه نظام دوست,https://www.youtube.com/watch?v=D6kzOrkzXFw
راز بقا | نماز خوندم ولی هنوز اذان نگفتن #shorts,https://www.youtube.com/watch?v=mZCbZMCsrs8
Shab Ahangi 2 - Part 16 | بازنده مسابقه رو به اسب میبندن و توی اتوبان میکشن,https://www.youtube.com/watch?v=nq1KJS7D9VQ
Shab Ahangi 2 - Part 16 | حامد آهنگی از خنده نتونست دیگه ادامه بده #shorts,https://www.youtube.com/watch?v=udW5InusRLY
Shab Ahangi 2  | خوب شد سالار عقیلی توی ایران به دنیا اومد #shorts,https://www.youtube.com/watch?v=hT0VfOS1H3Y
Shab Ahangi 2 - Part 10 |  واکنش‌ های بامزه لیلی رشیدی در برنامه شب آهنگی,https://www.youtube.com/watch?v=KoUxFxuVd5Q
وقتی آهنگی و بنفشه خواه ایستگاه یکیو میگیرن #shorts,https://www.youtube.com/watch?v=kVnZDUK8v6g
Shab Ahangi 2 - Part 14 | ترسوندن مهمان شب آهنگی ، حامد آهنگی فرار کرد #shorts,https://www.youtube.com/watch?v=rndYqY58cKU
Shab Ahangi 2 - Part 13 | بحث باحال حامد آهنگی با مهمانان شب آهنگی درباره پولداری #shorts,https://www.youtube.com/watch?v=9_iMha9ko9M
Shab Ahangi 2 - Part 14 | بهم بگو اصغر خالی #shorts,https://www.youtube.com/watch?v=eJY-4OJEcL8
Shab Ahangi 2 - Part 13 | چینی صحبت کردن خنده دار حامد آهنگی #shorts,https://www.youtube.com/watch?v=QmjtHcXWfo4
Shab Ahangi 2  | عروس ننم میشی؟ به جهنم! #shorts,https://www.youtube.com/watch?v=KXsmlxTBO0o
Shab Ahangi 2 - Part 11 | تا حالا جاییت سوخته؟ #short,https://www.youtube.com/watch?v=ycKkgyDYfeY
Shab Ahangi 2 - Part 8 | ضایع شدن حامد آهنگی جلوی سالار عقیلی #Shorts,https://www.youtube.com/watch?v=IpWCiEtL6nY
Shab Ahangi 2 - Part 2 |بیرانوند معلم زبانش رو مجبور کرده لری یاد بگیره #Shorts,https://www.youtube.com/watch?v=oCOsVZxEK9E
Shab Ahangi 2 - Part 11 | دستگاه دروغ سنج با امین زندگانی  #shorts,https://www.youtube.com/watch?v=XrBMHqWiyRk
خاطره خنده دار امین زندگانی از الیکا عبدالرزاقی #shorts,https://www.youtube.com/watch?v=gn5a1QJUbjk
شب آهنگی | قطعا جهان موازی این شکلیه  #shorts,https://www.youtube.com/watch?v=jo8P0_0ihs0
اسپویل زندگی مشترک بازیگران از زبان امین زندگانی  #shorts,https://www.youtube.com/watch?v=fQw4EypTnd0
دوربین مخفیه؟ بندبازی بزرگترین رقابت بندهای موسیقی  #shorts,https://www.youtube.com/watch?v=B6BDl_4H1RI
گس بند اجرای آهنگ تمام نا تمام از گروه پالت #shorts,https://www.youtube.com/watch?v=PlfqKlOJ-Rw
حامد آهنگی بدجوری ارسلان مطهری رو ترسوند  #shorts,https://www.youtube.com/watch?v=-oqoU12NDmU
شب آهنگی جدید با ارسلان مطهری  #shorts,https://www.youtube.com/watch?v=pKlwtQskU_0
بندبازی قسمت ۱ - اجرای گروه هیراد,https://www.youtube.com/watch?v=e1VyT1bE-FQ
بندبازی قسمت ۱ - اجرای زیبای گس بند آهنگ تمام نا تمام,https://www.youtube.com/watch?v=aGqw-W23FZw
چطوری از بانک مرکزی دلار نیمایی بگیریم #shorts,https://www.youtube.com/watch?v=ldXhbL_u2Kk
صحبت های حمید استیلی در مورد پرسپولیس #فوتبال #ورزش #shorts,https://www.youtube.com/watch?v=7moIdbVFmF0
سوال مجتبی جباری از مجید صدری در مورد پرسپولیس #فوتبال #shorts,https://www.youtube.com/watch?v=z4L-ptXNedE
مجید صدری مهمان برنامه تخصصی فوتبالی یازده #shorts,https://www.youtube.com/watch?v=SndH8HJvJL8
چالش آهنگ ریورس با سالار عقیلی #شب_آهنگی #shorts,https://www.youtube.com/watch?v=s7kz8rwKRcc
وقتی هیچ‌کدوم از عکسات خوب درنمیاد #shorts,https://www.youtube.com/watch?v=pHuqttediFs
خاطره خنده دار عنایتی از وحید هاشمیان #shorts,https://www.youtube.com/watch?v=l-79jv2ReZQ
Shab Ahangi S2 E7 | شب آهنگی فصل ۲ قسمت ۷ با حضور نعیمه نظام دوست,https://www.youtube.com/watch?v=AANLkawSaXs
اجرای قطعه تمام ناتمام از گروه پالت توسط شرکت کننده مسابقه بندبازی #shorts,https://www.youtube.com/watch?v=45FtN_6m2k4
اجرای یه رویا از ناصر عبداللهی توسط شرکت کننده مسابقه بندبازی #shorts,https://www.youtube.com/watch?v=OzbOcQEZxiw
اجرای شال از کاوه آفاق توسط شرکت کننده مسابقه بندبازی #shorts,https://www.youtube.com/watch?v=_O4fLlmfdNM
Shab Ahangi S2 E6 | شب آهنگی فصل 2 قسمت 6 با حضور حمید ماهی صفت,https://www.youtube.com/watch?v=QMStG2_8sM0
Shab Ahangi 2 - Part 7 | ترسوندن نعیمه نظام دوست در شب آهنگی,https://www.youtube.com/watch?v=VpX_VuzzC28
Shab Ahangi 2 - Part 7 | اون شاگرد بی تربیت کیه؟ نعیمه نظام دوست,https://www.youtube.com/watch?v=0PDOkpJxflc
بندبازی رقابت بزرگ گروه‌های موسیقی,https://www.youtube.com/watch?v=gZLgbZqlno4
از اون ور آب پیشنهاد داشتی؟  #shorts,https://www.youtube.com/watch?v=mAFgjDt0ZhM
نعمیه نظام دوست عالیه #shorts,https://www.youtube.com/watch?v=ZmGOE-bkgjo
Shab Ahangi S2 E5 | شب آهنگی فصل 2 قسمت 5 با حضور حامد حدادی,https://www.youtube.com/watch?v=gJWW0oHmF4s
روز مادر مبارک #shorts,https://www.youtube.com/watch?v=1R5h3lmOrbY
Yazdah - Part 8 | اگر دروازه بان بودید میفهمیدید,https://www.youtube.com/watch?v=AakiBVYRQiI
Yazdah - Part 8 | بدهی تیم فوتبال استقلال چقدر است؟,https://www.youtube.com/watch?v=dMl1CdFKQgs
خاطره خنده دار آندرانیک تیموریان از وحید امیری  #shorts,https://www.youtube.com/watch?v=eoBcfk0dM70
Shab Ahangi 2 - Part 5 | نقش آفرینی حامد حدادی در سریال مختار نامه,https://www.youtube.com/watch?v=x7E8WsQj5O0
دیدار ماهی صفت با رفسنجانی  #shorts,https://www.youtube.com/watch?v=Dbyu2yEpS5g
ترسوندن ماهی صفت در شب آهنگی #shorts,https://www.youtube.com/watch?v=krmOIcpHPDo
ماجرای انتخاب تیم باشگاهی برای علی کریمی  #shorts,https://www.youtube.com/watch?v=KhcmJ78M1rA
Shab Ahangi S2 E4 | شب آهنگی فصل 2 قسمت 4 با حضور سیما تیرانداز,https://www.youtube.com/watch?v=mHxUKuNw8_g
Yazdah - Part 7 | پایگاه کارلوس کی روش در تیم ملی,https://www.youtube.com/watch?v=i_75ZQlyJEk
Yazdah - Part 7 | چرا برای کاپیتانی تیم ملی اعتراض نکردی؟,https://www.youtube.com/watch?v=WniZ0vD2B9g
Yazdah - Part 7 | آندرانیک تیموریان با دست شکسته هم بهترین بود,https://www.youtube.com/watch?v=1zzFFk38A2c
Shab Ahangi 2 - Part 4 | میخوای بترسونی؟,https://www.youtube.com/watch?v=-_4ScYR0CuM
نظر حامد حدادی در مورد امکانات ورزشی چین  #shorts,https://www.youtube.com/watch?v=5bXgZIVaaTw
خاطره خنده دار حامد حدادی #shorts,https://www.youtube.com/watch?v=ROOR3b5QMHw
حامد حدادی در شب آهنگی #shorts,https://www.youtube.com/watch?v=zL8heIYOlIo
پل موفقیت با قالیچه کارلوس کی‌روش #shorts,https://www.youtube.com/watch?v=zCBKkxN9AOc
کارلوس کی‌روش مدل خاصی داشت برای حذف افراد #shorts,https://www.youtube.com/watch?v=KXlBjZKCT_w
وقتی آندرانیک تیموریان با دست شکسته پاس گل میده  #shorts,https://www.youtube.com/watch?v=rxYRq0yhZHA
علی کریمی: کارلوس کی‌روش از همه چیز استفاده میکرد برای اهدافش  #shorts,https://www.youtube.com/watch?v=13vtGMfsImU
کارلوس کی‌روش به هم وطنش هم رحم‌ نمیکرد #shorts,https://www.youtube.com/watch?v=GmajQLeX4IY
Yazdah - Part 6 | ماجرای حذف تیم های پرسپولیس و استقلال از جام باشگاه های آسیا,https://www.youtube.com/watch?v=4Df1wmPXKuk
Yazdah - Part 6 | به جای هزینه های خرید بازیکن خارجی روی تیم پایه هزینه کنید,https://www.youtube.com/watch?v=2S1kVlG6pgA
Shab Ahangi S2 E3 | شب آهنگی فصل 2 قسمت 3 با حضور آرون افشار,https://www.youtube.com/watch?v=QEmW6OTSmUM
سوتی عجیب حامد آهنگی  #shorts,https://www.youtube.com/watch?v=glW01nV-JH0
وقتی اینقدر مافیا بازی کردی که همه متوجه حرکاتت هستن #shorts,https://www.youtube.com/watch?v=8_F1znizocE
ماجرای دعوت نشدن آندرانیک تیموریان به تیم ملی زمان کارلوس کی‌روش #shorts,https://www.youtube.com/watch?v=BIwArNFWji4
سواستفاده های کارلوس کی‌روش از زبان کارشناسان برنامه یازده #shorts,https://www.youtube.com/watch?v=Kx4QcPS0BcM
Yazdah - Part 6 | به یاد سرژیک تیموریان,https://www.youtube.com/watch?v=S356n-Jx9-Q
Shab Ahangi 2 - Part 3 | دوبار ترسوندن آرون افشار در شب آهنگی,https://www.youtube.com/watch?v=oSaG4ynScRQ
Shab Ahangi S2 - E2 | شب آهنگی - فصل دوم قسمت ۲ با حضور علیرضا بیرانوند,https://www.youtube.com/watch?v=1otaCPt0Mns
جمله صادقانه کفاشیان در دوران کاری فدراسیون فوتبال#shorts,https://www.youtube.com/watch?v=32iFEhniUQo
مهدی طارمی به تیم ملی برگشت #shorts,https://www.youtube.com/watch?v=2Q7Q0rCVO9Y
Yazdah part 6 - Teaser | تیزر برنامه یازده قسمت 6,https://www.youtube.com/watch?v=r65aEZwEQPM
Yazdah - Part 5 | باند بازی واحدی نیکبخت در پرسپولیس,https://www.youtube.com/watch?v=xRQj1_I_dnU
Yazdah - Part 5 | دلایل افت مهدی طارمی,https://www.youtube.com/watch?v=8i81RtEkEmc
Yazdah - Part 5 | آیتم نگاتیو با علیرضا واحدی نیکبخت,https://www.youtube.com/watch?v=BFjkCUgz7l8
سری جوک های بی مزه و یخ با آرون افشار #shorts,https://www.youtube.com/watch?v=n_6WcX6z2_M
تایید ادعای نیکبخت درمورد جابه جا کردن زمان دربی پرسپولیس - استقلال #shorts,https://www.youtube.com/watch?v=vKjG34JsVng
ماجرای مک دونالد خوردن بازیکنای تیم ملی قبل بازی رسمی #shorts,https://www.youtube.com/watch?v=Di2-uSY74fg
ترسوندن آرون افشار در برنامه شب آهنگی  #shorts,https://www.youtube.com/watch?v=uZwbzKU-8l0
این گل قیچی شانسی بود؟ #shorts,https://www.youtube.com/watch?v=ps_gn_Dk7SQ
آمار جذاب واحدی نیکبخت از تعداد بازی و گل در دربی  #shorts,https://www.youtube.com/watch?v=WVyvtFM50mU
علیرضا واحدی نیکبخت، تیپ و قیافه به فوتبال کمک میکنه #shorts,https://www.youtube.com/watch?v=7j0DUOqTgug
Shab Ahangi 3 - Teaser Part 3 | شب آهنگی 3 - تیزر قسمت سوم (آرون افشار),https://www.youtube.com/watch?v=ZPhuEuPIvoY
Yazdah - Part 5 | بزرگترین اشتباه فوتبالی علیرضا واحدی نیکبخت,https://www.youtube.com/watch?v=4EqK3tuutIY
Yazdah - Part 5 | بهترین و بدترین مدیری که نیکبخت داشته,https://www.youtube.com/watch?v=llTjnjIF_B8
وقتی نیکبخت گفت هرکسی فکر میکنه من استقلالیم اشتباه کرده #shorts,https://www.youtube.com/watch?v=BQEm0MXB-e8
وقتی علیرضا واحدی نیکبخت میگه منشور اخلاق رو از روی من نوشتن #shorts,https://www.youtube.com/watch?v=eOYRtni9es8
Yazdah part 5 - Teaser | تیزر برنامه یازده قسمت 5,https://www.youtube.com/watch?v=z9yepveq5TU
چالش های تست گرفتن از بیرانوند در پرتغال,https://www.youtube.com/watch?v=EQYZoppqeFk
Shab Ahangi 2 - Part 2 | بازی جواب برعکس با بیرانوند که خیلی سخت شد,https://www.youtube.com/watch?v=j3-_2nYXgGE
پست و استوری های دردسرساز علیرضا بیرانوند,https://www.youtube.com/watch?v=A-uf92PmunY
ترسوندن علیرضا بیرانوند در شب آهنگی,https://www.youtube.com/watch?v=YMhQDkZR6Qg
Shab Ahangi 2 - Part 2 | جریمه بازی قسمت دوم شب آهنگی با علیرضا بیرانوند,https://www.youtube.com/watch?v=lOJE1MlXk9Q
Shab Ahangi 2 - Part 2 | بازی جدید قسمت دوم شب آهنگی با علیرضا بیرانوند,https://www.youtube.com/watch?v=qtLiYA7ZpeU
بازی جدید و خنده‌دار شب آهنگی با علیرضا بیرانوند #shorts,https://www.youtube.com/watch?v=V43CdNBjZPw
داستان اصطلاح عجیب علیرضا بیرانوند توی جام جهانی #shorts,https://www.youtube.com/watch?v=S_47gM7ekYU
علیرضا بیرانوند مدل ماسک زدنش عالیه  #shorts,https://www.youtube.com/watch?v=0wAUDBnhfoE
مدل شوخی‌ کردن علیرضا بیراندواند با هم تیمی های خارجیش #shorts,https://www.youtube.com/watch?v=BgbPtwiVobo
Shab Ahangi 2 - Teaser Part 2 | شب آهنگی 2 - تیزر قسمت دوم (علیرضا بیرانوند),https://www.youtube.com/watch?v=KvZy8rMZYX0
قرارداد ۱۰۰ دلاری خداداد عزیزی با پرسپولیس #shorts,https://www.youtube.com/watch?v=Uzqd04YcowM
نظر خداداد عزیزی به مدل اعتراض یحیی گل محمدی  #shorts,https://www.youtube.com/watch?v=pz5czSXkvqo
اتهام مدیر عامل باشگاه سایپا به علی کریمی #shorts,https://www.youtube.com/watch?v=dubqYIQUFiA
Yazdah - Part 4 | بدترین خریدهای خارجی پرسپولیس در ده سال گذشته,https://www.youtube.com/watch?v=CImkzt7YM8s
Yazdah - Part 4 | صحبت های علی کریمی در مورد انتخابات فدراسیون فوتبال,https://www.youtube.com/watch?v=fSFnDAjKxzE
Yazdah - Part 4 | پول خارجی هارو باید داد، قبل از اینکه دیر بشه,https://www.youtube.com/watch?v=rR8t5h_YevI
Yazdah part 4 - Teaser | تیزر برنامه یازده قسمت 4,https://www.youtube.com/watch?v=rM-mQR3DJHc
پاسخ عزیزی خدام در مورد ادامه همکاری با اسکوچیچ  #shorts,https://www.youtube.com/watch?v=aqeeNH9_FIA
سردرگمی بازیکنان لژیونر تاجیکستانی در پرسپولیس #shorts,https://www.youtube.com/watch?v=iP1rPt9ryEE
افشاگری شیخ دیاباته علیه مدیران تیم استقلال #shorts,https://www.youtube.com/watch?v=joEVQDkNPxA
Yazdah - Part 4 | ماجرای قرارداد ترکمن چای علی کریمی در پرسپولیس,https://www.youtube.com/watch?v=b8p6K0W83O4
Yazdah - Part 4 | شکایت های مالی خارجی ها از فوتبال,https://www.youtube.com/watch?v=lHdXTW8wjDk
Yazdah - Part 4 | مدیر فوتبالی باید ورزشی باشد؟,https://www.youtube.com/watch?v=YPzZ9F_uARU
حامد آهنگی، حمید هیراد رو میبره بالا تا جریمه خوردنیشو انتخاب کنه  #shorts,https://www.youtube.com/watch?v=DPKxnJQb22o
بازی جدید شب آهنگی با خوراکی میکس پارت ۲ #shorts,https://www.youtube.com/watch?v=fitd9VV5zRU
چالش آهنگ برعکس با حمید هیراد و مصطفی راغب#shorts,https://www.youtube.com/watch?v=5gBWJVkX-ak
مسابقه خواندگی خنده دار در برنامه شب آهنگی  #shorts,https://www.youtube.com/watch?v=YFUt7wcDgs0
Shab Ahangi S2 - E1 | شب آهنگی - فصل دوم قسمت ۱ با حضور حضور حمید هیراد و مصطفی راغب,https://www.youtube.com/watch?v=5x19NhD46-U
Shab Ahangi 2 - Part 1 | بازی جدید برنامه شب آهنگی با جریمه ترکیبی,https://www.youtube.com/watch?v=giG6sKEP26A
Shab Ahangi 2 - Part 1 | حدس آهنگ برعکس,https://www.youtube.com/watch?v=m7il8ceB99E
Shab Ahangi 2 - Part 1 | یزدی صحبت کردن راغب و گیلانی هیراد,https://www.youtube.com/watch?v=EIba4v8YHNk
Shab Ahangi 2 - Teaser Part 1| شب آهنگی 2 - تیزر قسمت اول (حمید هیراد و مصطفی راغب),https://www.youtube.com/watch?v=QvZDqQ6SV9A
جریمه بازی برنامه شب آهنگی با حمید هیراد و مصطفی راغب #shorts,https://www.youtube.com/watch?v=VuVYeS_FyXM
بازی جدید برنامه حامد آهنگی  #shorts,https://www.youtube.com/watch?v=5JxngwOJQDM
چالش حدس موزیک با حمید هیراد و مصطفی راغب  #shorts,https://www.youtube.com/watch?v=H_DQd1hW2Q8
ترسوندن ناجور حمید هیراد و مصطفی راغب تو#shorts,https://www.youtube.com/watch?v=8aeQOeNdGAg
Yazdah - Part 3 | نظر کارشناسان برنامه یازده در مورد پنالتی دربی,https://www.youtube.com/watch?v=qtGOxJA4QKk
وقتی داور خطا میگیره همه میان وسط زمین بجز آقا کریم #shorts,https://www.youtube.com/watch?v=fU1-C8pFKBQ
روش جالب خداداد عزیزی برای حل مشکلات داوری  #shorts,https://www.youtube.com/watch?v=c2e-qIzS0qw
Yazdah - Part 2 | ماجرای خداحافظی کریم باقری از فوتبال تیم ملی و استقلالی بودنش,https://www.youtube.com/watch?v=WF-q7txC4Jw
Yazdah - Part 2 | برنده بازی دربی استقلال و پرسپولیس کدام تیم است,https://www.youtube.com/watch?v=8V8Vapvg7lk
Yazdah - Part 2 | رکوردهای کریم باقری در فوتبال,https://www.youtube.com/watch?v=W7UXfiDxwLc
Yazdah - Part 2 | ماجرای دست بی قرار کریم باقری,https://www.youtube.com/watch?v=JX9Z0I8Un8Q
Yazdah - Part 2 | بیوگرافی ورزشی کریم باقری,https://www.youtube.com/watch?v=ZJK7pxC62GE
کریم باقری گلادیاتور تیم ملی  #shorts,https://www.youtube.com/watch?v=Vvju9Aq6bc8
سوال علی کریمی از کریم باقری اولین خشکه رو‌کی زدید؟#shorts,https://www.youtube.com/watch?v=gvxa3v6q0Bs
با ادب ترین فوتبالیست از نظر کریم باقری  #shorts,https://www.youtube.com/watch?v=EEE4TY_PM4g
کریم باقری در برنامه فوتبالی یازده #shorts,https://www.youtube.com/watch?v=wUJYQcKUntM
Yazdah - Part 1 | گیر دادن به پست اینستاگرامی رامین رضاییان,https://www.youtube.com/watch?v=dfazkp7LWRY
Yazdah - Part 1 | نقطه تاریک دوران حرفه ایی فوتبال علی کریمی,https://www.youtube.com/watch?v=yhig0DiFNYU
Yazdah - Part 1 | نظر کارشناسان برنامه یازده در مورد تصمیم فدراسیون فوتبال برای ماندن اسکوچیچ,https://www.youtube.com/watch?v=BMRbec_H2z4
ماجرای نام گذاری یک ماهی به نام علی دایی #shorts,https://www.youtube.com/watch?v=bTarwMZ49XA
سردار آزمون در لیون فرانسه  #shorts,https://www.youtube.com/watch?v=RyvKS-BmJrM
آندرانیک تیموریان میخواد لج خداداد عزیزی رو دربیاره #shorts,https://www.youtube.com/watch?v=Ra5KsOXkfcQ
ماجرای داغ و ترند نام علی دایی بر روی یک گونه ماهی #shorts,https://www.youtube.com/watch?v=2r3eoTWrpzc
داستان مهدی طارمی و اسکوچیچ به کجا ختم می شود؟ برنامه #shorts,https://www.youtube.com/watch?v=c1OtY18NG60
بهترین قسمت تاک شو نیما شعبان نژاد در #shorts,https://www.youtube.com/watch?v=1X5-AmXysvc
خاطره بامزه نیما شعبان نژاد در شب آهنگی  #shorts,https://www.youtube.com/watch?v=YHo8p_wrARk
چالش تماس رندم برای قرض گرفتن  #shorts,https://www.youtube.com/watch?v=gD2ag-kC1bY
رامبد جوان یا مهران مدیری؟  #shorts,https://www.youtube.com/watch?v=BTXcFC2nPk8
رول پلی خنده دار نیما شعبان نژاد و حامد آهنگی #shorts,https://www.youtube.com/watch?v=owCLybsxXcY
بازی حدس اسم بازیگر با رضا شفیعی جم  #shorts,https://www.youtube.com/watch?v=M-SgPfUQ84M
بازی خنده دار با رضا شفیعی جم  #shorts,https://www.youtube.com/watch?v=uzcPz1EqS5o
بهترین قسمت رضا شفیعی جم در برنامه #شب_آهنگی #shorts,https://www.youtube.com/watch?v=ByMaSPkuztc
بازی حدس زدن اسم خواننده با امیرعباس گلاب در برنامه #شب_آهنگی #shorts,https://www.youtube.com/watch?v=6ntv7m6nwMc
امیرعباس گلاب در شب آهنگی  #shorts,https://www.youtube.com/watch?v=BWWCd9HJkAo
رکب علیرضا خمسه به حامد آهنگی  #shorts,https://www.youtube.com/watch?v=5uEK7u1mtMk
شب آهنگی شهره لرستانی #shorts,https://www.youtube.com/watch?v=WfhN-aocHDo
ترسوندن شهره لرستانی در برنامه شب آهنگی  #shorts,https://www.youtube.com/watch?v=yszoSds-n3M
ورود هیجان انگیز ارشا اقدسی  #shorts,https://www.youtube.com/watch?v=WmiiyoM6NYc
رپ خوندن فریدون آسرایی در برنامه #شب_آهنگی #shorts,https://www.youtube.com/watch?v=Fjk065XjdnQ
Shab Ahangi - Part 30 | شب آهنگی - قسمت ۳۰ با حضور برزو ارجمند,https://www.youtube.com/watch?v=F-nM3Vv6jtM
Shab Ahangi - Part 30 | ببینید برزو ارجمند چه بلایی سر حامد آهنگی میاره,https://www.youtube.com/watch?v=SmChyCVNju0
Shab Ahangi - Part 30 | لهجه مشهدی در مقابل لهجه رشتی,https://www.youtube.com/watch?v=ZDad0xWk4GE
Shab Ahangi - Part 30 | از همه شرکت کننده ها بهتر خوند,https://www.youtube.com/watch?v=e9CJupLFRmg
Shab Ahangi - Part 30 | اجرا و نوازندگی برزو ارجمند در شب آهنگی,https://www.youtube.com/watch?v=O5PflAXIVJc
اصطلاحات خاص لهجه مشهدی #shorts,https://www.youtube.com/watch?v=gflyN0SP2Oo
کری خونی برزو ارجمند و حامد آهنگی در قسمت آخر شب آهنگی  #shorts,https://www.youtube.com/watch?v=nSIny_vqzjc
آموزش زبان انگلیسی به حامد آهنگی توسط فریدون آسرایی #shorts,https://www.youtube.com/watch?v=827EhS6O6k8
برنامه شب آهنگی با حامد آهنگی و فریبا نادری #shorts,https://www.youtube.com/watch?v=gZjFYhAeGRo
اصطلاحات عجیبی که هیچ جای دیگه دنیا نیست  #shorts,https://www.youtube.com/watch?v=5HZDk6zfjzM
قسمت دوم ترسوندن فریبا نادری در شب آهنگی  #shorts,https://www.youtube.com/watch?v=x3srzPIiDBc
تاک شو جذاب فیروز کریمی و حامد آهنگی در #شب_آهنگی  #shorts,https://www.youtube.com/watch?v=_ist6FsAG6Y
بهترین قسمت تاک شو شب آهنگی با فریبا نادری #shorts,https://www.youtube.com/watch?v=0QJ6sheUP7c
Shab Ahangi - Part 29 | شب آهنگی - قسمت ۲۹ با حضور نیما رئیسی,https://www.youtube.com/watch?v=AM4wkahYztM
Shab Ahangi - Part 29 | بازی سوال و جریمه خوراکی با نیما رئیسی,https://www.youtube.com/watch?v=92Xwd86W75M
Shab Ahangi - Part 29 | خاطرات نیما رئیسی از دوران کودکی,https://www.youtube.com/watch?v=r0bSx6tzzls
ترسوندن نیما رئیسی در برنامه #شب_آهنگی#shorts,https://www.youtube.com/watch?v=TttcTX7lkPY
وقتی صدای نیما رئیسی از یه تبلیغ هیچ وقت قرار نیست بره #shorts,https://www.youtube.com/watch?v=ZGcm7gSb1rs
بحث مو‌ همیشه، وقتی یه نفر مو‌ نداشته باشه داغه #shorts,https://www.youtube.com/watch?v=TRhxnRcqK3E
نظر فیروز کریمی در مورد لقب مورینیو #shorts,https://www.youtube.com/watch?v=IiKjEbyevLA
فیروز کریمی و داستان خانواده پرجمعیتش #شب_آهنگی #shorts,https://www.youtube.com/watch?v=i3b1wNdBr70
بهترین واکنش مهمان شب آهنگی به ترسوندن با فیروز کریمی #shorts,https://www.youtube.com/watch?v=Mpni9sezT3U
حامد آهنگی و فیروز کریمی در شب آهنگی، سه بار این جمله رو بگو  #shorts,https://www.youtube.com/watch?v=Saw5VUqSRK0
ماجرای تبلیغ پر حاشیه سید جواد هاشمی  #shorts,https://www.youtube.com/watch?v=hHtIUNkqP94
شیطنت های کودکی حمید لولایی #shorts,https://www.youtube.com/watch?v=xPc6O8LF_-M
خاطره خنده دار حمید لولایی، خدارو شکر زنم نبودن #shorts,https://www.youtube.com/watch?v=C_4897mYp5k
Shab Ahangi - Part 28 | شب آهنگی - قسمت ۲۸ با حضور مریم سعادت,https://www.youtube.com/watch?v=x8f0BS9Ei6g
Shab Ahangi - Teaser Part 28 | شب آهنگی - تیزر قسمت 28 (مریم سعادت),https://www.youtube.com/watch?v=OjfsfCRCy4w
روش جدید ترسوندن مهمان های برنامه #شب_آهنگی این قسمت مرجانه گلچین #shorts,https://www.youtube.com/watch?v=1sfg1sEkYCM
سوال از حامد همایون کدوم خواننده زشته  #shorts,https://www.youtube.com/watch?v=lhoGLLl_QuM
مرجانه گلچین در برنامه #شب_آهنگی لحظه ی ترسوندن #shorts,https://www.youtube.com/watch?v=n-Iq4THYsUU
چالش های سوال و جریمه برنامه شب آهنگی با مرجانه گلچین  #shorts,https://www.youtube.com/watch?v=mX1dFnKV1xc
نشون دادن عکس قدیمی بیژن بنفشه خواه در شب آهنگی #shorts,https://www.youtube.com/watch?v=bzpM09N4Hng
چالش در #شب_آهنگی تماس برای گرفتن قرض #shorts,https://www.youtube.com/watch?v=50OulE3TGok
بیژن بنفشه خواه در برنامه شب آهنگی سوال با جریمه  #shorts,https://www.youtube.com/watch?v=ULjkXpmGXx0
ابعاد زندگی بیژن بنفشه خواه #shorts,https://www.youtube.com/watch?v=33mnMzJEUjs
بازی با جریمه خوردنی در شب آهنگی بیژن بفشه خواه #shorts,https://www.youtube.com/watch?v=z4Klpq3BRVo
Shab Ahangi - Part 28 | اجرای زیبای گیلکی در برنامه شب آهنگی,https://www.youtube.com/watch?v=kmOUp5tAK3c
Shab Ahangi - Part 28 | طرز تهیه قرمه سبزی با مریم سعادت,https://www.youtube.com/watch?v=htJEwxaDPSo
Shab Ahangi - Part 28 | مسابقه خوانندگی تماشاگران در برنامه شب آهنگی,https://www.youtube.com/watch?v=3egSvah3UN0
چرا همه رو اسم عمه‌ حساسن  #shorts,https://www.youtube.com/watch?v=EFJDQgCUDcI
مسابقه خوانندگی بین تماشاگران #شب_آهنگی قسمت ۲۸ #shorts,https://www.youtube.com/watch?v=AWfFdjBq0dQ
بازی با جریمه در برنامه #شب_آهنگی #shorts,https://www.youtube.com/watch?v=8HRiy95ngFU
مسابقه خوانندگی قسمت ۲۸ شب آهنگی‌  #shorts,https://www.youtube.com/watch?v=0oevEjm-nVo
Shab Ahangi - Part 27 | شب آهنگی - قسمت ۲۷ با حضور محمدرضا علیمردانی,https://www.youtube.com/watch?v=Z5Uj2j-7eUk
ترسوندن مجید واشقانی در برنامه شب آهنگی #shorts,https://www.youtube.com/watch?v=uejRmrtlmI0
خاطره خنده دار مجید واشقانی در شب آهنگی #shorts,https://www.youtube.com/watch?v=3u3Td2STbMk
شرایط ازدواج مجید واشقانی #shorts,https://www.youtube.com/watch?v=86GRDT8X0tM
سوال تخیلی حامد آهنگی از واشقانی #shorts,https://www.youtube.com/watch?v=O7nh9XNKHlc
Shab Ahangi - Teaser Part 27 | شب آهنگی - تیزر قسمت 27 (محمدرضا علیمردانی),https://www.youtube.com/watch?v=TSic7FuTFZg
Tars Ahangi - ترس آهنگی #shorts,https://www.youtube.com/watch?v=xExgrKI144E
بازی با جریمه خوراکی بدمزه در شب آهنگی #shorts,https://www.youtube.com/watch?v=vy0XHg3NrD0
دوبلوری حامد آهنگی جلوی محمدرضا علیمردانی #shorts,https://www.youtube.com/watch?v=kUgKxdWVldY
تقلید صدای تخصصی حامد آهنگی #shorts #کمدی #خنده_دار,https://www.youtube.com/watch?v=yWro1OAi33c
جوگیر شدن حامد آهنگی در کودکی #shorts,https://www.youtube.com/watch?v=eX1wK86Gr6E
ترسوندن ناموفق علیمردانی در شب آهنگی #shorts,https://www.youtube.com/watch?v=aN1OOdOsmoM
Shab Ahangi - Part 27 | مسابقه خوانندگی تماشاگران در برنامه شب آهنگی,https://www.youtube.com/watch?v=W633HFqynu4
Shab Ahangi - Part 27 | دوبله عصر یخبندان با اجرای محمدرضا علیمردانی,https://www.youtube.com/watch?v=18WJ6NF80wY
Shab Ahangi - Part 27 | تقلید از محمدرضا علیمردانی در دوبلوری,https://www.youtube.com/watch?v=xjSOn5kvYQ8
Shab Ahangi - Part 27 | شیطنت های محمدرضا علیمردانی در کودکی,https://www.youtube.com/watch?v=yirWIsa18yU
Shab Ahangi - Part 27 | داستان دوبلور شدن محمدرضا علیمردانی,https://www.youtube.com/watch?v=AYC26f_TYxI
Shab Ahangi - Part 27 | اجرای محمدرضا علیمردانی در شب آهنگی,https://www.youtube.com/watch?v=P15C_cPLFdQ
بازی با جریمه، مجید واشقانی و حامد آهنگی در برنامه شب آهنگی #shorts,https://www.youtube.com/watch?v=afivHS7S34o
ترس حامد آهنگی از‌ جوجه ها #shorts,https://www.youtube.com/watch?v=qFpKVI0Uw5E
رقص حامد آهنگی به جای خداداد عزیزی #shorts,https://www.youtube.com/watch?v=wqSjjQ-nz8k
آهنگ خوندن حامد آهنگی به لهجه گیلکی از روی آهنگ بنیامین #shorts,https://www.youtube.com/watch?v=5gO__qRXsqY
خداداد عزیزی تو برنامه حامد آهنگی خوب ترسید #shorts,https://www.youtube.com/watch?v=opag1cErxrc
Shab Ahangi - Part 26 | شب آهنگی - قسمت ۲۶ با حضور شبنم قلی خانی,https://www.youtube.com/watch?v=qzAmtbd-WuY
نظرات تخصصی خداداد عزیزی در مورد دوسیب نعناع 😅 در برنامه #شب_آهنگی #shorts,https://www.youtube.com/watch?v=6N-FaMFYWqY
بازی سوال و جریمه با خداداد عزیزی در #شب_آهنگی  #shorts,https://www.youtube.com/watch?v=TFaMpMSyj3Q
بازی با خداداد عزیزی در برنامه #شب_آهنگی  #shorts,https://www.youtube.com/watch?v=7URS2J5m_Fc
برای شب های مافیا چقدر گرفتی؟ چالش شقایق دهقان و حامد آهنگی #shorts,https://www.youtube.com/watch?v=IK-9x6fmT94
فیلم بازی حامد آهنگی و پژمان بازغی در #شب_آهنگی   #shorts,https://www.youtube.com/watch?v=8_WcHv0IMT0
ترسوندن شقایق دهقان در برنامه #شب_آهنگی #shorts,https://www.youtube.com/watch?v=5UMFqOTXdqs
روش های علی صادقی برای قرض نگرفتن در برنامه #شب_آهنگی  #shorts,https://www.youtube.com/watch?v=en4IhP_2Bd4
جریمه بازی بهرنگ علوی در برنامه #شب_آهنگی  #shorts,https://www.youtube.com/watch?v=hFIpksqcx7M
حامد آهنگی و پژمان بازغی در برنامه #شب_آهنگی   #shorts,https://www.youtube.com/watch?v=QQPAr_2DDwU
علی صادقی و حامد آهنگی در #شب_آهنگی  #shorts,https://www.youtube.com/watch?v=-iMmOe1X89Q
Shab Ahangi - Teaser Part 26 | شب آهنگی - تیزر قسمت 26 (شبنم قلی خانی),https://www.youtube.com/watch?v=VKlT0mxPvJc
حامد آهنگی و مریم امیرجلالی در برنامه    #shorts,https://www.youtube.com/watch?v=MaAcS9mQiPs
حامد آهنگی و مسعود صادقلو در برنامه #شب_آهنگی  #shorts,https://www.youtube.com/watch?v=AwC21kM9vWk
حامد آهنگی و محمد معتمدی در برنامه #شب_آهنگی #shorts,https://www.youtube.com/watch?v=JMq8R_9qivo
حامد آهنگی و حمید گودرزی در برنامه #شب_آهنگی #shorts,https://www.youtube.com/watch?v=7-kLduijAjw
بازی سوالی با شبنم قلی خانی در #شب_آهنگی با حامد آهنگی  #shorts,https://www.youtube.com/watch?v=X_GlpCTWq4Q
ترسوندن شبنم قلی خانی در #شب_آهنگی با حامد آهنگی #shorts,https://www.youtube.com/watch?v=S7DSsKWglQQ
Shab Ahangi - Part 25 | شب آهنگی - قسمت ۲۵ با حضور نیما شعبان نژاد,https://www.youtube.com/watch?v=TTJuL7xLBBk
Shab Ahangi - Part 25 | شب آهنگی - رپ شلوارپلنگی,https://www.youtube.com/watch?v=V7eOjb-4A2M
Shab Ahangi - Part 25 | شب آهنگی - چرا این مدلی میترسونه؟,https://www.youtube.com/watch?v=ruxXU30Ordw
Shab Ahangi - Part 25 | شب آهنگی - حامد آهنگی جذابترین مرد,https://www.youtube.com/watch?v=BVtBxhjOf20
Shab Ahangi - Part 25 | شب آهنگی - چقدر بهش اومد,https://www.youtube.com/watch?v=kPQURXc3eK0
Shab Ahangi - Part 25 | شب آهنگی - از تهران تا توکیو,https://www.youtube.com/watch?v=34z4t15ByKw
Shab Ahangi - Part 25 | شب آهنگی - خرابکاری نیما شعبان نژاد,https://www.youtube.com/watch?v=4EoFXxDInE8
Shab Ahangi - Part 25 | شب آهنگی - همدیگه رو ترکوندن,https://www.youtube.com/watch?v=6M1P2HGzF_U
Shab Ahangi - Part 25 | شب آهنگی - یارو طلبکار بود,https://www.youtube.com/watch?v=DFD6R2p6fXg
Shab Ahangi - Part 25 | شب آهنگی - این دیوونه اس,https://www.youtube.com/watch?v=-NzVN92A4tQ
Shab Ahangi - Part 25 | شب آهنگی - مهران مدیری یا رامبد جوان؟,https://www.youtube.com/watch?v=RdOmVwlZgvE
Shab Ahangi - Teaser Part 25 | شب آهنگی - تیزر قسمت 25 (نیما شعبان نژاد),https://www.youtube.com/watch?v=iupPTVF3MoA
Shab Ahangi - Part 24 | شب آهنگی - قسمت ۲۴ با حضور رضا شفیعی جم,https://www.youtube.com/watch?v=9cCYu4NCJyE
Shab Ahangi - Part 24 | شب آهنگی - گیر داده به عمه های رضا شفیعی جم,https://www.youtube.com/watch?v=-mxdV3HEH9U
Shab Ahangi - Part 24 | شب آهنگی - ورژن مغول حامد آهنگی,https://www.youtube.com/watch?v=9huLuXD0FIg
Shab Ahangi - Part 24 | شب آهنگی - چقدر شبیه امیر جعفری اجرا کرد,https://www.youtube.com/watch?v=BpKHVwSknjY
Shab Ahangi - Part 24 | شب آهنگی - داشتن منو میدوختن,https://www.youtube.com/watch?v=Ct1cHRBElQQ
Shab Ahangi - Part 24 | شب آهنگی - تقلید بی نظیر رضا شفیعی جم,https://www.youtube.com/watch?v=EMyHUxBkRJ8
Shab Ahangi - Part 24 | شب آهنگی - رژ لب براش کشید,https://www.youtube.com/watch?v=JJPqa9AqyTI
Shab Ahangi - Part 24 | شب آهنگی - به اسم بامشاد میشناسنم,https://www.youtube.com/watch?v=NVRNnuSoPW4
Shab Ahangi - Part 24 | شب آهنگی - حامد آهنگی چه ذوقی میکنه,https://www.youtube.com/watch?v=TOh1aiUq93Q
Shab Ahangi - Part 24 | شب آهنگی - اجرای ترانه آینه فرهاد,https://www.youtube.com/watch?v=YEJctSdEZYE
Shab Ahangi - Part 24 | شب آهنگی - بدجوری ترسید,https://www.youtube.com/watch?v=dAOBisNDJxI
Shab Ahangi - Part 24 | شب آهنگی - سر خاکی خوندن رضا شفیعی جم,https://www.youtube.com/watch?v=hLFMQMczWI4
Shab Ahangi - Teaser Part 24 | شب آهنگی - تیزر قسمت 24 (رضا شفیعی جم),https://www.youtube.com/watch?v=hicPwymJ77w
Shab Ahangi - Part 23 | شب آهنگی - قسمت ۲۳ با حضور امیرعباس گلاب,https://www.youtube.com/watch?v=-72UTpS46EQ
Shab Ahangi - Part 23 | شب آهنگی - این خانم میخواد منو بدزده,https://www.youtube.com/watch?v=J3eaZRiwSkk
Shab Ahangi - Part 23 | شب آهنگی - سرکار گذاشتن خواهرم,https://www.youtube.com/watch?v=Mr51fiAe5jg
Shab Ahangi - Part 23 | شب آهنگی - لباس های خاص امیرعباس گلاب,https://www.youtube.com/watch?v=hisH6EaMWmM
Shab Ahangi - Part 23 | شب آهنگی - آرزوی آزادی,https://www.youtube.com/watch?v=THivcOqc9QE
Shab Ahangi - Part 23 | شب آهنگی - دوست ندارم تو کارام اسم ببرم,https://www.youtube.com/watch?v=Y7SKovlRDyo
Shab Ahangi - Part 23 | شب آهنگی - نمکو از پدرم گرفتم,https://www.youtube.com/watch?v=mFvW4EsaOd0
Shab Ahangi - Part 23 | شب آهنگی - شوخی با محسن ابراهیم زاده,https://www.youtube.com/watch?v=7efE8PjioKM
Shab Ahangi - Part 23 | شب آهنگی - نمیگرفتمت آروم نمیگیگیرم,https://www.youtube.com/watch?v=PoZGxhzINT8
Shab Ahangi - Teaser Part 23 | شب آهنگی - تیزر قسمت 23 (امیرعباس گلاب),https://www.youtube.com/watch?v=DXau2fIf-J8
Shab Ahangi - Part 22 | شب آهنگی - قسمت ۲۲ با حضورعلیرضا خمسه,https://www.youtube.com/watch?v=dxV1RE7OZIk
Shab Ahangi - Part 22 | شب آهنگی - از نوادگان نادر شاه افشارم,https://www.youtube.com/watch?v=dv-bsEckWug
Shab Ahangi - Part 22 | شب آهنگی - تو روحت,https://www.youtube.com/watch?v=RtDinltZ7JI
Shab Ahangi - Part 22 | شب آهنگی - زمان و مکان، دو عنصر مهم خمسه,https://www.youtube.com/watch?v=30vvC3frYAQ
Shab Ahangi - Part 22 | شب آهنگی - عاشقم من، عاشقی بیقرارم,https://www.youtube.com/watch?v=6vT0DRGqiN4
Shab Ahangi - Part 22 | شب آهنگی - لهجه شیرین علیرضا خمسه,https://www.youtube.com/watch?v=8cPonqj2Ihc
Shab Ahangi - Part 22 | شب آهنگی - اینبار خمسه آهنگی رو میترسونه,https://www.youtube.com/watch?v=96vza_O4jc8
Shab Ahangi - Part 22 | شب آهنگی - خاطره فان پرواز علیرضا خمسه,https://www.youtube.com/watch?v=kXNfoE0VEHQ
Shab Ahangi - Part 22 | شب آهنگی - توهم زدن آهنگی هنگام اجرای خمسه,https://www.youtube.com/watch?v=t950nd-eEWc
Shab Ahangi - Part 22 | شب آهنگی - فحش خار خاسک,https://www.youtube.com/watch?v=uQksU2AnH14
Shab Ahangi - Teaser Part 22 | شب آهنگی - تیزر قسمت 22 (علیرضا خمسه),https://www.youtube.com/watch?v=g3gy4ZWM5I4
Shab Ahangi - Part 21 | شب آهنگی - قسمت ۲۱ با حضورشهره لرستانی,https://www.youtube.com/watch?v=NDpbJ1JRHB8
Shab Ahangi - Part 21 | شب آهنگی - فوبیای شهره لرستانی,https://www.youtube.com/watch?v=1-NJaQ2Xkk0
Shab Ahangi - Part 21 | شب آهنگی - شهره لرستانی با ریش,https://www.youtube.com/watch?v=LH6RQjQ6XLM
Shab Ahangi - Part 21 | شب آهنگی - ذات آدمها مهمتر از ظاهره,https://www.youtube.com/watch?v=bBYVVBm1jJA
Shab Ahangi - Part 21 | شب آهنگی - میتونی کتک بخوری؟,https://www.youtube.com/watch?v=iGTwKV-_0po
Shab Ahangi - Part 21 | شب آهنگی - دیالوگهای خنده دار لرستانی در فرودگاه,https://www.youtube.com/watch?v=MdSW9Yva9hc
Shab Ahangi - Part 21 | شب آهنگی - لیره رو لوله، لوله رو لیره,https://www.youtube.com/watch?v=gQLDegP4aLI
Shab Ahangi - Part 21 | شب آهنگی - شوکه شدن شهره لرستانی وسط برنامه,https://www.youtube.com/watch?v=nQIqtq0jDF8
Shab Ahangi - Part 21 | شب آهنگی - داستان لباس پلنگی شهره لرستانی,https://www.youtube.com/watch?v=MYOyVt58H14
Shab Ahangi - Part 21 | شب آهنگی - عمل معده شهره لرستانی,https://www.youtube.com/watch?v=UO8dta-oqWY
Shab Ahangi - Teaser Part 21 | شب آهنگی - تیزر قسمت 21 (شهره لرستانی),https://www.youtube.com/watch?v=IX91bdYIGz8
Serial Anha - Teaser Backstage | سریال آنها - تیزر پشت صحنه,https://www.youtube.com/watch?v=p0oulyqndJQ
Shab Ahangi - Part 21 | شب آهنگی - با اَره پاهای مادر شوهرمو میبرم,https://www.youtube.com/watch?v=96PQqyrnDFU
Shab Ahangi - Part 20 | شب آهنگی - آخرین حضور زنده یاد ارشا اقدسی در شب آهنگی,https://www.youtube.com/watch?v=I3MrBwju8_4
Shab Ahangi - Part 19 | شب آهنگی - قسمت ۱۹ با حضور یوسف تیموری,https://www.youtube.com/watch?v=LCKg5eT-bD4
Shab Ahangi - Part 20 | شب آهنگی - هدیه متفاوت آهنگی به ارشا اقدسی,https://www.youtube.com/watch?v=Gpr3mNBjzRI
Shab Ahangi - Part 20 | شب آهنگی - ورود آتشین ارشا اقدسی به روی صحنه,https://www.youtube.com/watch?v=W1EsAQ2c15Y
Shab Ahangi - Part 20 | شب آهنگی - حامد از ترس ارشا اقدسی حرفهای سانسوری میزنه,https://www.youtube.com/watch?v=cQasWBEQi0U
Shab Ahangi - Part 20 | شب آهنگی - وسط تست بازیگری جوش آورد,https://www.youtube.com/watch?v=gbDK9pUpvhU
Shab Ahangi - Part 20 | شب آهنگی - سخت ترین دوبله برنامه,https://www.youtube.com/watch?v=iDJmPvx8i4s
Shab Ahangi - Part 20 | شب آهنگی - ارشا اقدسی دکور برنامه رو به گند کشید,https://www.youtube.com/watch?v=jIzfD7qoo9g
Shab Ahangi - Part 20 | شب آهنگی - قسمت ۲۰ با حضور ارشا اقدسی,https://www.youtube.com/watch?v=ctmBbaoQTHg
Shab Ahangi - Teaser Part 20 | شب آهنگی - تیزر قسمت 20 (ارشا اقدسی),https://www.youtube.com/watch?v=8quMEH-kJiA
Shab Ahangi - Part 19 | شب آهنگی - تقاضای بیبی چک,https://www.youtube.com/watch?v=OkOTgnNbHio
Shab Ahangi - Part 19 | شب آهنگی - لو رفتن عکسهای موبایل یوسف تیموری,https://www.youtube.com/watch?v=3KcF2Kg9RZQ
Shab Ahangi - Part 19 | شب آهنگی - وقتی شروع کردم روزنامه هم نبود,https://www.youtube.com/watch?v=6fU78WJ7JWg
Shab Ahangi - Part 19 | شب آهنگی - کل کل کردن حامد با یوسف تیموری,https://www.youtube.com/watch?v=yUmItES6yr4
Shab Ahangi - Teaser Part 19 | شب آهنگی - تیزر قسمت 19 (یوسف تیموری),https://www.youtube.com/watch?v=7jrmLLwtTvI
Shab Ahangi - Part 18 | شب آهنگی - قسمت ۱۸ با حضور فریدون آسرایی,https://www.youtube.com/watch?v=osKnJkNMo2s
Serial Anha - Teaser Part 10 | سریال آنها - تیزر قسمت 10,https://www.youtube.com/watch?v=lge84yt-GYw
Shab Ahangi - Part 18 | شب آهنگی - فریدون آسرایی رپ خوند,https://www.youtube.com/watch?v=3JnH-Xvd0Fw
Shab Ahangi - Part 18 | شب آهنگی - بد لباس ترین بازیگران,https://www.youtube.com/watch?v=pg3E3SI1uds
Shab Ahangi - Part 18 | شب آهنگی - صدام برعکس قشنگتره,https://www.youtube.com/watch?v=tY2tI-QXcQE
Shab Ahangi - Part 18 | شب آهنگی - چالش آهنگ سلام فریدون,https://www.youtube.com/watch?v=5peTiMALd20
Shab Ahangi - Part 18 | شب آهنگی - اجرای زیبای هنوزم همونی,https://www.youtube.com/watch?v=9XxLKKkI3Ek
Shab Ahangi - Part 18 | شب آهنگی - انگلیسی صحبت کردن فریدون آسرایی,https://www.youtube.com/watch?v=EUUgpwCWRMM
Shab Ahangi - Part 18 | شب آهنگی - از تعجب ... ام ریخت,https://www.youtube.com/watch?v=suqowdcjyy0
Shab Ahangi - Part 18 | شب آهنگی - خواننده گروهان بودم,https://www.youtube.com/watch?v=u5GcTWbiKMU
Shab Ahangi - Part 18 | شب آهنگی - لورل و هاردی چه کار بدی کردن,https://www.youtube.com/watch?v=tBHMqitgls0
Shab Ahangi - Part 17 | شب آهنگی - قسمت ۱۷ با حضور فریبا نادری,https://www.youtube.com/watch?v=14xxVQTYmqg
Shab Ahangi - Teaser Part 18 | شب آهنگی - تیزر قسمت 18 (فریدون آسرایی),https://www.youtube.com/watch?v=XV4IEPAKyo8
Shab Ahangi - Part 17 | شب آهنگی - نسبت به شوخی خیلی بیشعورم,https://www.youtube.com/watch?v=oihqqZtK_Gs
Shab Ahangi - Part 17 | شب آهنگی - فریبا نادری بعد از کرونا,https://www.youtube.com/watch?v=GlXzkHGIMx4
Shab Ahangi - Part 17 | شب آهنگی - فریبا نادری قبل از عمل,https://www.youtube.com/watch?v=2j6_UzA6qI0
Shab Ahangi - Part 16 | شب آهنگی - قسمت ۱۶ با حضور فیروز کریمی,https://www.youtube.com/watch?v=AVMqN64520A
Shab Ahangi - Teaser Part 17 | شب آهنگی - تیزر قسمت 17 (فریبا نادری),https://www.youtube.com/watch?v=cqcwJDCsS5g
Serial Anha - Teaser Part 8 | سریال آنها - تیزر قسمت 8,https://www.youtube.com/watch?v=KFHksgPIRLA
Shab Ahangi - Part 16 | شب آهنگی - شانس آورد نزدمش,https://www.youtube.com/watch?v=3HH82oGHNzU
Shab Ahangi - Part 16 | شب آهنگی - نقطه ضعف های حامد آهنگی,https://www.youtube.com/watch?v=iRsgJH_S2JI
Shab Ahangi - Part 16 | شب آهنگی - سوتی چیپس، چسب، سس,https://www.youtube.com/watch?v=xsYoJZrgkKo
Shab Ahangi - Part 16 | شب آهنگی - قرآن خوردن فیروز خان,https://www.youtube.com/watch?v=INp0XFXwaNw
Shab Ahangi - Part 16 | شب آهنگی - خانواده عجیب فیروز کریمی,https://www.youtube.com/watch?v=j7ryxkMzDi8
Shab Ahangi - Part 16 | شب آهنگی - آقای خاص,https://www.youtube.com/watch?v=NTmife0SEhk
Shab Ahangi - Teaser Part 16 | شب آهنگی - تیزر قسمت 16 (فیروز کریمی),https://www.youtube.com/watch?v=4KxD15rZivE
Shab Ahangi - Part 15 | شب آهنگی - قسمت ۱۵ با حضور حمید لولایی,https://www.youtube.com/watch?v=x1hGGoUcv-g
Shab Ahangi - Teaser Part 15 | شب آهنگی - تیزر قسمت 15 (حمید لولایی),https://www.youtube.com/watch?v=paA0QgBXyv0
Shab Ahangi - Teaser Part 14 | شب آهنگی - تیزر قسمت 14 (سید جواد هاشمی),https://www.youtube.com/watch?v=r0nqUrUAL3s
Shab Ahangi - Teaser Part 13 | شب آهنگی - تیزر قسمت 13 (حامد همایون),https://www.youtube.com/watch?v=a89c75lqXOc
Shab Ahangi - Teaser Part 12 | شب آهنگی - تیزر قسمت 12 (مرجانه گلچین),https://www.youtube.com/watch?v=IJ6_nkDo-38
Shab Ahangi - Teaser Part 11 | شب آهنگی - تیزر قسمت 11 (بیژن بنفشه خواه),https://www.youtube.com/watch?v=tzKYeTV3Di4
Shab Ahangi - Teaser Part 10 | شب آهنگی - تیزر قسمت 10 (مجید واشقانی),https://www.youtube.com/watch?v=zIOt0fDCt8Q
Shab Ahangi - Teaser Part 9 | شب آهنگی - تیزر قسمت 9 (خداداد عزیزی),https://www.youtube.com/watch?v=wVwf3xjBvQA
Shab Ahangi - Teaser Part 8 | شب آهنگی - تیزر قسمت 8 (شقایق دهقان),https://www.youtube.com/watch?v=GTM_WcEyugs
Shab Ahangi - Teaser Part 7 | شب آهنگی - تیزر قسمت 7 (پژمان بازغی),https://www.youtube.com/watch?v=xxXrZd5dRoA
Shab Ahangi - Teaser Part 6 | شب آهنگی - تیزر قسمت 6 (بهرنگ علوی),https://www.youtube.com/watch?v=IhZL7NhdTHU
Shab Ahangi - Teaser Part 5 | شب آهنگی - تیزر قسمت 5 (علی صادقی),https://www.youtube.com/watch?v=RXIbC_Rm7_A
Shab Ahangi - Teaser Part 4 | شب آهنگی - تیزر قسمت 4 (مریم امیر جلالی),https://www.youtube.com/watch?v=UUt6J3t6N8k
Shab Ahangi - Teaser Part 3 | شب آهنگی - تیزر قسمت 3 (محمد معتمدی),https://www.youtube.com/watch?v=pyBDegCsV44
Shab Ahangi - Teaser Part 2 | شب آهنگی - تیزر قسمت 2 (مسعود صادقلو),https://www.youtube.com/watch?v=IhXPhAEXAQY
Shab Ahangi - Teaser Part 1 | شب آهنگی - تیزر قسمت 1 (حمید گودرزی),https://www.youtube.com/watch?v=EEb7UOpB6ks
Serial Anha - Teaser Part 6 | سریال آنها - تیزر قسمت 6,https://www.youtube.com/watch?v=pfahEj0mTm8
Serial Anha - Teaser Part 5 | سریال آنها - تیزر قسمت 5,https://www.youtube.com/watch?v=cjxijb1-V6k
Serial Anha - Teaser Part 4 | سریال آنها - تیزر قسمت 4,https://www.youtube.com/watch?v=YNTeoIt4bTk
Serial Anha - Teaser Part 3 | سریال آنها - تیزر قسمت 3,https://www.youtube.com/watch?v=jsPQXAapudo
Serial Anha - Teaser Part 7 | سریال آنها - تیزر قسمت 7,https://www.youtube.com/watch?v=rcG1Akgxoug
Shab Ahangi - Part 14 | شب آهنگی - قسمت ۱۴ با حضور سید جواد هاشمی,https://www.youtube.com/watch?v=h_RHnz3Mk80
Shab Ahangi - Part 15 | شب آهنگی - خدارو شکر که همسرم نیستن,https://www.youtube.com/watch?v=uaTHQ8T-gxQ
Shab Ahangi - Part 15 | شب آهنگی - پول قرض گرفتن حمید لولایی,https://www.youtube.com/watch?v=9SR_ruHrHVo
Shab Ahangi - Part 15 | شب آهنگی - حمید لولایی در جوانی,https://www.youtube.com/watch?v=yKEH4md8W3Q
Shab Ahangi - Part 15 | شب آهنگی - به دنیا آمدن بچه توسط حمید لولایی,https://www.youtube.com/watch?v=-C2hCcVVelU
Shab Ahangi - Part 14 | شب آهنگی - شلوارتو در بیار,https://www.youtube.com/watch?v=5fnEU0ufqUY
Shab Ahangi - Part 14 | شب آهنگی - آهنگ زیبای بانو با صدای جواد هاشمی,https://www.youtube.com/watch?v=pVgMMhhRqCI
Shab Ahangi - Part 14 | شب آهنگی - صداگذاری حامد آهنگی روی میمون,https://www.youtube.com/watch?v=hRTMY-8nf9w
Shab Ahangi - Part 14 | شب آهنگی - پوز حامد رو زدی,https://www.youtube.com/watch?v=9WUhb3rqGsM
Shab Ahangi - Part 14 | شب آهنگی - ماجرای تبلیغ برج,https://www.youtube.com/watch?v=8tusgH9fVUE
Shab Ahangi - Part 14 | شب آهنگی - آواز زیبای گیلکی جواد هاشمی,https://www.youtube.com/watch?v=ZvwOIlcH_F8
Shab Ahangi - Part 14 | شب آهنگی - هم خوانی زیبا و دیدنی هاشمی و آهنگی,https://www.youtube.com/watch?v=sHUFaaqeIIo
Shab Ahangi S1 - E13 | شب آهنگی - قسمت ۱۳ با حضور حامد همایون,https://www.youtube.com/watch?v=rwPOogu2DXA
Shab Ahangi - Part 13 | شب آهنگی - سوال چالش انگیز از حامد همایون,https://www.youtube.com/watch?v=Wcgn992n7d4
Shab Ahangi - Part 13 | شب آهنگی - بدترین مجری از نظر حامد آهنگی,https://www.youtube.com/watch?v=2Fp_uAiXz90
Shab Ahangi - Part 13 | شب آهنگی - زشت ترین خواننده,https://www.youtube.com/watch?v=jBc89hE0MjY
Shab Ahangi - Part 13 | شب آهنگی - چالش ماسک,https://www.youtube.com/watch?v=GqlNtpADK1Q
Shab Ahangi - Part 13 | شب آهنگی - علاقه نقاشی حامد همایون,https://www.youtube.com/watch?v=TGg1ZKPPlb0
Shab Ahangi - Part 13 | شب آهنگی - شوخی زشت,https://www.youtube.com/watch?v=ZFPo4iBEsE4
Shab Ahangi - Part 13 | شب آهنگی - قصه چتر و بارون,https://www.youtube.com/watch?v=g6FaS41aSn8
Shab Ahangi - Part 13 | شب آهنگی - آهنگ بارون,https://www.youtube.com/watch?v=AJXxta0nI_U
Shab Ahangi S1 - E12 | شب آهنگی - قسمت ۱۲ با حضور مرجانه گلچین,https://www.youtube.com/watch?v=0n1WPp7nUTk
Shab Ahangi - Part 12 | شب آهنگی - حرکات موزون گیلکی,https://www.youtube.com/watch?v=VCtAy6BVDTs
Shab Ahangi - Part 12 | شب آهنگی - سکته دادن مرجانه گلچین,https://www.youtube.com/watch?v=IGIuJY-NfJY
Shab Ahangi - Part 12 | شب آهنگی - اگه حسن باشه نمیرم,https://www.youtube.com/watch?v=1yU9LujEmDc
Shab Ahangi - Part 12 | شب آهنگی - من که رای میدم,https://www.youtube.com/watch?v=R3aYj9COERo
Shab Ahangi - Part 12 | شب آهنگی - بزرگترین ترس مرجانه گلچین,https://www.youtube.com/watch?v=DebcwrP4IFk
Shab Ahangi - Part 12 | شب آهنگی - شب بیست و نهم,https://www.youtube.com/watch?v=0YUnIXNBx9A
Shab Ahangi S1 - E11 | شب آهنگی - قسمت ۱۱ با حضور بیژن بنفشه خواه,https://www.youtube.com/watch?v=s0uo4Cb_2uM
Shab Ahangi - Part 11 | شب آهنگی - به حق من گردن داره,https://www.youtube.com/watch?v=Me6MLxBtARk
Shab Ahangi - Part 11 | شب آهنگی - گوشی مثل مسواکه,https://www.youtube.com/watch?v=IDCkmFY-XQg
Shab Ahangi - Part 11 | شب آهنگی - لو رفتن سن حامد آهنگی,https://www.youtube.com/watch?v=xwGG94-oTfM
Shab Ahangi - Part 11 | شب آهنگی - شباهت آهنگی و بنفشه خواه,https://www.youtube.com/watch?v=Xz12cCUDLiQ
Shab Ahangi - Part 11 | شب آهنگی - با تانک از روم رد میشن,https://www.youtube.com/watch?v=IdhziWgUzgM
Shab Ahangi - Part 11 | شب آهنگی - زندگیش بعد داره,https://www.youtube.com/watch?v=nveNnIlB7kg
Shab Ahangi - Part 11 | شب آهنگی - بهش بدهکارم,https://www.youtube.com/watch?v=J7RGZnoPGso
Shab Ahangi - Part 11 | شب آهنگی - برای بازی های بد استفاده میشه,https://www.youtube.com/watch?v=gT9vt84D_fQ
Shab Ahangi S1 - E10 | شب آهنگی - قسمت ۱۰ با حضور مجید واشقانی,https://www.youtube.com/watch?v=g3cFdzezCOQ
Shab Ahangi - Part 10 | شب آهنگی - ترس یا یکه خوردن,https://www.youtube.com/watch?v=zCqStZv_xHQ
Shab Ahangi - Part 10 | شب آهنگی - آردی شدن مجید,https://www.youtube.com/watch?v=41Aj2T17O3o
Shab Ahangi - Part 10 | شب آهنگی - فوبیای حامد آهنگی به جوجه,https://www.youtube.com/watch?v=7mb6qjxmO78
Shab Ahangi - Part 10 | شب آهنگی - هدیه مجید واشقانی,https://www.youtube.com/watch?v=LEaDNqeTp04
Shab Ahangi - Part 10 | شب آهنگی - تغییر جنسیت دادن,https://www.youtube.com/watch?v=NcPnumyFscA
Shab Ahangi - Part 10 | شب آهنگی - همسر مجید واشقانی,https://www.youtube.com/watch?v=Nggm-CaQtpQ
Shab Ahangi - Part 10 | شب آهنگی - ماجرای فامیلی آهنگی,https://www.youtube.com/watch?v=ild_bvu5mRY
Shab Ahangi - Part 10 | شب آهنگی - رقصیدن آهنگی پس از ترس واشقانی,https://www.youtube.com/watch?v=r-czbJOnLXA
Shab Ahangi - Part 10 | شب آهنگی - خاطره خجالت آور مجید واشقانی,https://www.youtube.com/watch?v=z3yo7PEZjg4
Shab Ahangi - Part 9 | شب آهنگی - رقصیدن آقایون,https://www.youtube.com/watch?v=oizhBwlj4A0
Shab Ahangi - Part 9 | شب آهنگی - ترسیدن خداداد عزیزی در برنامه شباهنگی,https://www.youtube.com/watch?v=RiPqG-fveBg
Shab Ahangi - Part 9 | شب آهنگی - این بازی برگشت داره,https://www.youtube.com/watch?v=vJTP-k53ivs
Shab Ahangi - Part 9 | شب آهنگی - میترسن باهات شوخی کنن؟,https://www.youtube.com/watch?v=RR76wxtn6yc
Shab Ahangi - Part 9 | شب آهنگی - خاطرات و جوک های غیرقابل پخش,https://www.youtube.com/watch?v=nCGfOR9LjjE
Shab Ahangi - Part 9 | شب آهنگی - سوتی شیخ شمس الدین,https://www.youtube.com/watch?v=VhDuJyJ6-6k
Shab Ahangi - Part 9 | شب آهنگی - زبان و غذاهای آسیای شرقی,https://www.youtube.com/watch?v=afA6TA6Wyuc
Shab Ahangi - Part 9 | شب آهنگی - فوتبالیسها قلیون میکشن,https://www.youtube.com/watch?v=5pL0GLRVmY8
Shab Ahangi S1 - E9 | شب آهنگی - قسمت ۹ با حضور خداداد عزیزی,https://www.youtube.com/watch?v=E3fiQigbrWI
Shab Ahangi - Part 8 | شب آهنگی - دستمزد آهنگی برای شب های مافیا,https://www.youtube.com/watch?v=xh8miuFpJ6w
Shab Ahangi - Part 8 | شب آهنگی - حامد آهنگی، شقایق دهقان را زهره ترک کرد,https://www.youtube.com/watch?v=cHfdkcrXGos
Shab Ahangi - Part 8 | شب آهنگی - جذابترین زن و مرد سینما,https://www.youtube.com/watch?v=FyMY4QRuhUg
Shab Ahangi S1 - E8 | شب آهنگی - قسمت ۸ با حضور شقایق دهقان,https://www.youtube.com/watch?v=AqLYCLQ6ysE
Shab Ahangi - Part 7 | شب آهنگی - آب قند پژمان رو بیارید,https://www.youtube.com/watch?v=B5b4uEMt2r8
Shab Ahangi - Part 7 | شب آهنگی - بمیر دیگه,https://www.youtube.com/watch?v=Qk0i0lyraC0
Shab Ahangi S1 - E7 | شب آهنگی - قسمت ۷ با حضور پژمان بازغی,https://www.youtube.com/watch?v=NW1DlAhmtFQ
Shab Ahangi - Part 6 | شب آهنگی - شیطنت در مدرسه,https://www.youtube.com/watch?v=YA5DXIxcNJ8
Shab Ahangi - Part 6 | شب آهنگی - شاید بخوام ببوسمت,https://www.youtube.com/watch?v=pknTTcNkcvU
Shab Ahangi S1 - E6 | شب آهنگی - قسمت ۶ با حضور بهرنگ علوی,https://www.youtube.com/watch?v=EQCGzoyDID0
Shab Ahangi - Part 5 | شب آهنگی - اگه اون باشه من دیوونه میشم,https://www.youtube.com/watch?v=qqxmzfqfrqI
Shab Ahangi - Part 5 | شب آهنگی - موزیک رپ شب آهنگی,https://www.youtube.com/watch?v=_cy_c2vgWsw
Shab Ahangi - Part 5 | شب آهنگی - ما ژنمون اینجوریه,https://www.youtube.com/watch?v=HEgRxy7u3Qc
Shab Ahangi - Part 5 | شب آهنگی - جوجو زنگ زده باید برم,https://www.youtube.com/watch?v=kH0Y_J7Ut4o
Shab Ahangi - Part 5 | شب آهنگی - پول قرض گرفتن علی صادقی,https://www.youtube.com/watch?v=DgEOX07go1U
Shab Ahangi - Part 5 | شب آهنگی - الان جیبمو میزنه,https://www.youtube.com/watch?v=vLJQw4unmnM
Shab Ahangi S1 - E5 | شب آهنگی - قسمت ۵ با حضور علی صادقی,https://www.youtube.com/watch?v=qjV2M0XZsBo
Shab Ahangi - Part 4 | شب آهنگی - زندگی کردم جلو دوربین,https://www.youtube.com/watch?v=K_kQl5CjEsw
Shab Ahangi - Part 4 | شب آهنگی - لب گوریا قلیون میکشیدن,https://www.youtube.com/watch?v=55JLN9J3W80
Shab Ahangi - Part 4 | شب آهنگی - دنیای مجازی وحشتناک مکافاته,https://www.youtube.com/watch?v=ACJoDbowc-0
Shab Ahangi - Part 4 | شب آهنگی - لباسام طراحش دیور بوده,https://www.youtube.com/watch?v=NIosxw1m_LE
Shab Ahangi - Part 4 | شب آهنگی - از این بیدا نیستیم که با این بادا بترسیم,https://www.youtube.com/watch?v=N_mxdjYWyhY
Shab Ahangi - Part 4 | شب آهنگی - عکسهای شمالو رو نکنید,https://www.youtube.com/watch?v=WfShwwTm2UE
Shab Ahangi - Part 4 | شب آهنگی - از اول بانو بودم,https://www.youtube.com/watch?v=o3C6bs2y2rc
Shab Ahangi - Part 4 | شب آهنگی - الگو شدم نمیتونم حرف بزنم,https://www.youtube.com/watch?v=t3HZoKEoOBc
Shab Ahangi - Part 4 | شب آهنگی - برو خشخاشتو بکش,https://www.youtube.com/watch?v=zV7JO7otZjk
Shab Ahangi S1 - E4 | شب آهنگی - قسمت ۴ با حضور مریم امیر جلالی,https://www.youtube.com/watch?v=aEaMBL7ouJQ
Shab Ahangi - Part 3 | شب آهنگی - تولید آهنگ شاد محمد معتمدی,https://www.youtube.com/watch?v=8Escf46JRp0
Shab Ahangi - Part 3 | شب آهنگی - شکارهارو نریز روی پیراهن یوسف,https://www.youtube.com/watch?v=CikkMoEC25E
Shab Ahangi - Part 3 | شب آهنگی - غمگین ترین آهنگ محمد معتمدی,https://www.youtube.com/watch?v=JuyPfWh0GOM
Shab Ahangi - Part 3 | شب آهنگی - سوت استاد خورشیدوند,https://www.youtube.com/watch?v=N2Qj8cnU4Ec
Shab Ahangi - Part 3 | شب آهنگی - عکاسی از فربد,https://www.youtube.com/watch?v=QduyOSr7XSQ
Shab Ahangi - Part 3 | شب آهنگی - سوپرایز شدن محمد معتمدی,https://www.youtube.com/watch?v=RwNNGm0nDP4
Shab Ahangi - Part 3 | شب آهنگی - تحلیل جدید موسیقی سنتی,https://www.youtube.com/watch?v=s9e6OhjQHHE
Shab Ahangi - Part 3 | شب آهنگی - موزیک ساخته شده برای پلاسکو,https://www.youtube.com/watch?v=ye3KUbqHRrA
Shab Ahangi - Part 2 | شب آهنگی - فقط چشم درشت,https://www.youtube.com/watch?v=PlcyoMr6l98
شب آهنگی - فیت دادن با خواننده عربی | Shab Ahangi S1 - E2,https://www.youtube.com/watch?v=f1Cb6qyL83U
شب آهنگی - بیا بریم اونجا کارت دارم | Shab Ahangi S1 - E2,https://www.youtube.com/watch?v=li141kmFEPg
شب آهنگی - ده تومن من، ده تومن تو | Shab Ahangi S1 - E2,https://www.youtube.com/watch?v=oBpiHhOJR2w
شب آهنگی - ما کسی نیستیم | Shab Ahangi S1 - E2,https://www.youtube.com/watch?v=3BXuIYww3cQ
شب آهنگی - لواسون رو بنامم میکنن | Shab Ahangi S1 - E2,https://www.youtube.com/watch?v=Roe5hNbI10A
شب آهنگی - ما اینیم | Shab Ahangi S1 - E2,https://www.youtube.com/watch?v=Wg58KTwWD3s
شب آهنگی - سونا رفتن مسعود صادقلو | Shab Ahangi S1 - E2,https://www.youtube.com/watch?v=Ykn6aC87E3Y
شب آهنگی - ادای خاکیا رو در نیار | Shab Ahangi S1 - E2,https://www.youtube.com/watch?v=sy-bBGw0WuA
شب آهنگی - شوخی دستی | Shab Ahangi S1 - E2,https://www.youtube.com/watch?v=0JMOIkRFBtU
شب آهنگی - راز ماندگاری مسعود صادقلو | Shab Ahangi S1 - E2,https://www.youtube.com/watch?v=A4JaV9opN10
شب آهنگی - فکر کن داداش خودته | Shab Ahangi S1 - E2,https://www.youtube.com/watch?v=dmOt2FhUQAc
شب آهنگی - صندلی چرخی | Shab Ahangi S1 - E2,https://www.youtube.com/watch?v=uqfmQfbaiLA
شب آهنگی - اذیت کردن شوهر خاله ها | Shab Ahangi S1 - E1,https://www.youtube.com/watch?v=O05LtEhSzzs
شب آهنگی - سیگاری هستی؟ | Shab Ahangi S1 - E1,https://www.youtube.com/watch?v=gasa2Xi_yZk
شب آهنگی - میزان جنبه حمید گودرزی | Shab Ahangi S1 - E1,https://www.youtube.com/watch?v=jIbyMeQL3-o
شب آهنگی - قسمت ۳ با حضور محمد معتمدی | Shab Ahangi S1 - E3,https://www.youtube.com/watch?v=SXGNexcNwOo
شب آهنگی - قسمت ۲ با حضور مسعود صادقلو | Shab Ahangi S1- E2,https://www.youtube.com/watch?v=dowwPGlTu8g
شب آهنگی - قسمت ۱ با حضور حمید گودرزی | Shab Ahangi S1 - E1,https://www.youtube.com/watch?v=MpLKgCD4n8A
برنامه 35 - هنگامه قاضیانی - استعداد خوانندگی هنگامه قاضیانی,https://www.youtube.com/watch?v=11lxrCiZ43k
برنامه 35 - مصطفی کیایی - گفتگوی دیدنی با مصطفی کیایی,https://www.youtube.com/watch?v=Mw4KweIA0hg
برنامه 35 - سیامک انصاری - از کمدی های تلویزیونی تا نقش های سینمایی سخن می گوید,https://www.youtube.com/watch?v=m_WiRFKqWck
برنامه 35 - حامد کمیلی و سارا بهرامی - گفتگوی دیدنی با حامد کمیلی و سارا بهرامی,https://www.youtube.com/watch?v=mpj2D009S9w
برنامه 35 - هومن سیدی و باران کوثری - مصاحبه ای جذاب و متفاوت,https://www.youtube.com/watch?v=Tqc2tBnwcr4
برنامه 35 - مصطفی زمانی - تحلیل و پشت پرده سریال شهرزاد,https://www.youtube.com/watch?v=-lCPsC5kXR0
برنامه 35 - هوتن شکیبا - گفتگوی پرحاشیه با هوتن شکیبا,https://www.youtube.com/watch?v=yFaoNDVo8Zs
برنامه 35 - باران کوثری - سکوت باران کوثری شکست,https://www.youtube.com/watch?v=5By-PEkQpEw
Filmnet News | فیلم نت نیوز - سی هفتمین جشنواره فیلم فجر - اختتامیه,https://www.youtube.com/watch?v=EdhymW89aMg
Filmnet News | فیلم نت نیوز - سی هفتمین جشنواره فیلم فجر - قسمت 10,https://www.youtube.com/watch?v=kspGEZAv9mc
برنامه 35 - نوید محمدزاده - حرفهایی متفاوت از نوید محمدزاده,https://www.youtube.com/watch?v=tfRV-OuQZG4
برنامه 35 - پیمان قاسم خانی - پیمان قاسم خانی از فیلم خوب بد جلف و مهران مدیری میگوید,https://www.youtube.com/watch?v=c77_dFczOrc
Filmnet News | فیلم نت نیوز - سی هفتمین جشنواره فیلم فجر - قسمت 9,https://www.youtube.com/watch?v=wQNNCVdTd9k
Filmnet News | فیلم نت نیوز - سی هفتمین جشنواره فیلم فجر - قسمت 8,https://www.youtube.com/watch?v=szlVFWY8GwE
برنامه 35 - ابراهیم حاتمی کیا - گفتگوی نفس گیر و بی تعارف با ابراهیم حاتمی کیا,https://www.youtube.com/watch?v=f_l-eSLryCo
Filmnet News | فیلم نت نیوز - سی هفتمین جشنواره فیلم فجر - قسمت 7,https://www.youtube.com/watch?v=qn6Mv5kXad8
Filmnet News | فیلم نت نیوز - سی هفتمین جشنواره فیلم فجر - قسمت 6,https://www.youtube.com/watch?v=DUFxUUOBl74
برنامه 35 - امیر جعفری - گفت وگوی جنجالی با امیر جعفری دارنده جایزه بهترین بازیگر در تئاتر,https://www.youtube.com/watch?v=qysOoE8tTXY
برنامه 35 - فرشته طائرپور - آثار باید مورد بررسی قرار بگیرند نه آدم ها,https://www.youtube.com/watch?v=ccB2K_dlu7M
برنامه 35 - فرهاد اصلانی - انتقاداتی به مسائل صنفى در سينماى ايران,https://www.youtube.com/watch?v=N2i6xk9FLRE
برنامه 35 - ابوالفضل پورعرب - گلایه از بی رحمی سینما و بازیگران,https://www.youtube.com/watch?v=Q_GTJLiRPhY
برنامه 35 - رامبد جوان - گفتگوی داغ و جنجالی با رامبد جوان,https://www.youtube.com/watch?v=sW-iPxBJcXg
Filmnet News | فیلم نت نیوز - سی هفتمین جشنواره فیلم فجر - قسمت 5,https://www.youtube.com/watch?v=vMFi-AhxoNY
Filmnet News | فیلم نت نیوز - سی هفتمین جشنواره فیلم فجر - قسمت 4,https://www.youtube.com/watch?v=w_OFoWzacqc
Filmnet News | فیلم نت نیوز - سی هفتمین جشنواره فیلم فجر - قسمت 3,https://www.youtube.com/watch?v=1imYTvnAP2E
برنامه 35 - رضا کیانیان - بازیگران سینما با انتشار خبر کذب بازار گرمی می‌کنند,https://www.youtube.com/watch?v=qvbD7r2IhKE
Filmnet News | فیلم نت نیوز - سی هفتمین جشنواره فیلم فجر - قسمت 2,https://www.youtube.com/watch?v=UEfWPYlJEzQ
Filmnet News | فیلم نت نیوز - سی هفتمین جشنواره فیلم فجر - قسمت 1,https://www.youtube.com/watch?v=WymmlIXLoFc
برنامه 35 - علیرضا رئیسیان - افشاگری علیرضا رئیسیان پس از مدت ها سکوت,https://www.youtube.com/watch?v=wpZc9LYCzcU
Filmnet News | فیلم نت نیوز - سی ششمین جشنواره فیلم فجر,https://www.youtube.com/watch?v=qsj9ElU2AFc
برنامه 35 - بهنوش بختیاری - از دلایل پر مخاطب شدنش در فضای مجازی میگوید,https://www.youtube.com/watch?v=H5st0NtRH2U
برنامه 35 - جواد عزتی - از بازی در تئاتر خیابانی تا بازیگری در سینما,https://www.youtube.com/watch?v=asOpzQUpfyk
برنامه 35 - سحر دولتشاهی - مصاحبه جنجالی با سحر دولتشاهی,https://www.youtube.com/watch?v=9EsCV69AkGc
برنامه 35 - پژمان جمشیدی - هیچوقت فکر نمی‌کردم بتونم بازیگر شم,https://www.youtube.com/watch?v=FhClcb3V1-c
برنامه 35 - مریلا زارعی - رسانه ملی باید در سیاست تجدید نظر کند,https://www.youtube.com/watch?v=2c1vnZaz7tU
برنامه 35 - مسعود کیمیایی - ناگفته های مسعود کیمیایی از سینما و عباس کیارستمی,https://www.youtube.com/watch?v=SpK4kCdTTKQ
برنامه 35 - پریناز ایزدیار- از سریال شهرزاد می گوید,https://www.youtube.com/watch?v=AiLVjcTrIJM
برنامه 35 - کیومرث پوراحمد - رسانه میلی است نه ملی,https://www.youtube.com/watch?v=37A7o8b9mSM
برنامه 35 - منیژه حکمت - خطاب به دولت: خودی و غیرخودی را تمام کنید,https://www.youtube.com/watch?v=IsVS_W_mmjU
برنامه 35 - پیمان قاسم‌خانی - شب‌های برره گرفتار تسویه‌حساب‌های سیاسی شد,https://www.youtube.com/watch?v=AyxJ8cMpIyU
برنامه 35 - حمید نعمت اللّه - از جنجال‌آفرینی‌هایش می‌گوید,https://www.youtube.com/watch?v=OZMlWuDQuKg
برنامه 35 - مهدی عسگرپور - ناامید شدم از نگاه غلط دولت به سینما,https://www.youtube.com/watch?v=Zo533D_ZsCU
برنامه 35 - مهران احمدی - طرح‌های من به اسم عبدالرضا کاهانی,https://www.youtube.com/watch?v=N8IhhoY-mZo
برنامه 35 - مهناز افشار - تکذیب ها جلوی من را نخواهد گرفت,https://www.youtube.com/watch?v=UlZJUlFjHWg
برنامه 35 - نرگس آبیار - به من پیشنهاد کاندید شدن در مجلس را دادند,https://www.youtube.com/watch?v=rnuh5I7CPa4
برنامه 35 - هومن سیدی - مردم دوست دارند پیمان سریال عاشقانه باشند,https://www.youtube.com/watch?v=tCYqhn4Z-FA
برنامه 35 - محسن تنابنده - انتقاد محسن تنابنده از صداوسیما در حمایت از مهران مدیری,https://www.youtube.com/watch?v=gAbgDeS4bVc
برنامه 35 - امیر آقایی - از ممنوع الکاری اش تا پشت پرده انتخاب بازیگران در سینمای ایران میگوید,https://www.youtube.com/watch?v=TW99KtHKvnY
برنامه 35 - امین حیایی - افشاگری درباره نقش فروشی در سینما,https://www.youtube.com/watch?v=WUROf7LJv4c
برنامه 35 - مهدی پاکدل - نقشم برام مثل کابوس بود,https://www.youtube.com/watch?v=IuhgTOU_uXI
برنامه 35 - حامد بهداد - ما سطح سلیقه مردم را پایین کشیدیم,https://www.youtube.com/watch?v=XmqhWz0xO6E
برنامه 35 - پرویز پرستویی - انتقاد به دولت روحانی,https://www.youtube.com/watch?v=mOHbnkWNawE
برنامه 35 - غلام کویتی پور - چرا شادمهر باید از این مملکت بره؟,https://www.youtube.com/watch?v=gTWK72LAuP0
Filmnet News | فیلم نت نیوز - گزارشی از اکران مردمی فیلم گرگ بازی,https://www.youtube.com/watch?v=-kH6BwJpXYg
Filmnet News | فیلم نت نیوز - گزارشی از اختتامیه جشنواره بین المللی فیلم کوتاه تهران,https://www.youtube.com/watch?v=ekRyEM3is5E
Filmnet News | فیلم نت نیوز - مراسم تقدیر از عوامل سریال هشتگ خاله سوسکه,https://www.youtube.com/watch?v=RXjHOYGft98
Filmnet News | فیلم نت نیوز- نشست خبری خندوانه - آیا رامبد جوان از منابع مالی نظامی استفاده کرده؟,https://www.youtube.com/watch?v=rQBpYBh9S1Q
Filmnet News - Dance on the Glass | فیلم نت نیوز - افتتاحیه رقص روی شیشه,https://www.youtube.com/watch?v=0P_NpTr768Q
Filmnet News | فیلم نت نیوز - مراسم تشییع زنده یاد عزت‌الله انتظامی,https://www.youtube.com/watch?v=-sVXh313U_c
Filmnet News - Los Angeles Tehran | فیلم نت نیوز- مصاحبه با چهره های حاضر در اختتامیه لس آنجلس تهران,https://www.youtube.com/watch?v=IxY_pDSs0EQ
Filmnet News - Los Angeles Tehran | فیلم نت نیوز - اختتامیه لس آنجلس تهران,https://www.youtube.com/watch?v=p07Wnm2kzqY
Filmnet News | فیلم نت نیوز - اکران خصوصی فیلم سینمایی قانون مورفی در پردیس گالری ملت,https://www.youtube.com/watch?v=JYKrBUdwCPY
Filmnet News - Tehran Biggest Puppet Show | فیلم نت نیوز - مصاحبه با عوامل همایش عروسکی تهران,https://www.youtube.com/watch?v=OrdQNRaCY90
Filmnet News - Tehran Biggest Puppet Show | فیلم نت نیوز - بزرگترین همایش عروسکی تهران,https://www.youtube.com/watch?v=AOkt5GSDbPs
برنامه 35 - منوچهر محمدی | Barname 35 - Manouchehr Mohammadi,https://www.youtube.com/watch?v=cgNQF_USBGA
برنامه 35 - حجت الله ایوبی | Barname 35 - Hojatollah Ayoubi,https://www.youtube.com/watch?v=341yC2lV3YU
برنامه 35 - ابوالحسن داوودی | Barname 35 - Abolhassan Davoodi,https://www.youtube.com/watch?v=hRCP17UEbl0
برنامه 35 - علیرضا رئیسیان | Barname 35 - Alireza Raisian,https://www.youtube.com/watch?v=ehhdfM5C1EI
برنامه 35 - ایرج خواجه امیری | Barname 35 - Iraj Khaje Amiri,https://www.youtube.com/watch?v=Dvyu6Hg6pxA
برنامه 35 - فرشته طائرپور | Barname 35 - Fereshteh Taerpour,https://www.youtube.com/watch?v=mrjVKhTt15k
برنامه 35 - حسین فرح بخش | Barname 35 - Hossein Farahbakhsh,https://www.youtube.com/watch?v=enhWeQ13hf8
برنامه 35 - رضا میرکریمی | Barname 35 - Reza Mirkarimi,https://www.youtube.com/watch?v=im5bk24WBZM
برنامه 35 - هنگامه قاضیانی | Barname 35 - Hengame Ghaziani,https://www.youtube.com/watch?v=okxGQ4TxGtE
برنامه 35 - پریناز ایزدیار | Barname 35 - Parinaz Izadyar,https://www.youtube.com/watch?v=kwt791FtipY
برنامه 35 - سیامک انصاری | Barname 35 - Siamak Ansari,https://www.youtube.com/watch?v=0a0hLzoQrt4
برنامه 35 - محمدحسین مهدویان | Barname 35 - Mohammad Hossein Mahdavian,https://www.youtube.com/watch?v=-R9-VQkvfZ8
برنامه 35 - علی معلم و مهدی آذرپندار | Barname 35 - Ali Moallem,https://www.youtube.com/watch?v=wXgrPY_tM00
برنامه 35 - ویژه برنامه اسکار 2017 | Barname 35 - Oscar 2017,https://www.youtube.com/watch?v=O0OxNXZC_34
برنامه 35 - منوچهر شاهسواری | Barname 35 - Manouchehr Shahsavari,https://www.youtube.com/watch?v=Zr_5jAD4p-Y
برنامه 35 - محمدعلی حسین نژاد | Barname 35 - Mohammad Ali Hossein Nejad,https://www.youtube.com/watch?v=q2jwxK1rHZA
برنامه 35 - احمد مازنی | Barname 35 - Ahmad Mazani,https://www.youtube.com/watch?v=rSB972o27JI
برنامه 35 - هادی حجازی فر و محمدحسین مهدویان | Barname 35 - Hejazifar & Mahdavian,https://www.youtube.com/watch?v=R_6NmLvSnug
برنامه 35 - سید ضیا هاشمی | Barname 35 - Ziya Hashemi,https://www.youtube.com/watch?v=sY104fvf8KE
برنامه 35 - هوشنگ گلمکانی | Barname 35 - Houshang Golmakani,https://www.youtube.com/watch?v=4_eETqxO4a0
برنامه 35 - مصطفی کیایی | Barname 35 - Mostafa Kiayi,https://www.youtube.com/watch?v=HHxwwb_YuFQ
برنامه 35 - همایون اسعدیان | Barname 35 - Homayoun Asadian,https://www.youtube.com/watch?v=x1I9q6H0J3g
برنامه 35 - حامد کمیلی و سارا بهرامی | Barname 35 - Hamed Komeili & Sara Bahrami,https://www.youtube.com/watch?v=qwFEMfB0WU8
برنامه 35 - سعید مطلبی | Barname 35 - Saeed Matlabi,https://www.youtube.com/watch?v=tgAeouFeB7E
برنامه 35 - فریدون جیرانی | Barname 35 - Fereydoun Jeyrani,https://www.youtube.com/watch?v=67lwZkK4cE0
برنامه 35 - اکبر زنجانپور | Barname 35 - Akbar Zanjanpour,https://www.youtube.com/watch?v=yHd7MrUhp7I
برنامه 35 - مهران احمدی | Barname 35 - Mehran Ahmadi,https://www.youtube.com/watch?v=uBQ6u5IBKtM
برنامه 35 - ویژه جشنواره فجر | کمال تبریزی,https://www.youtube.com/watch?v=hrgxpCIbjO4
برنامه 35 - ویژه جشنواره فجر | مهران احمدی - هادی حجازی فر,https://www.youtube.com/watch?v=h_dhMQCr2wE
برنامه 35 - ویژه جشنواره فجر | مهناز افشار - مهدی پاکدل,https://www.youtube.com/watch?v=EaoVAwtfq2g
برنامه 35 - ویژه جشنواره فجر | جواد عزتی - بهرام توکلی,https://www.youtube.com/watch?v=qKeoNpHHB3c
برنامه 35 - ویژه جشنواره فجر | باران کوثری - هومن سیدی - فرهاد اصلانی,https://www.youtube.com/watch?v=6Psv0CKuaIo
برنامه 35 - ویژه جشنواره فجر | ابراهیم داروغه زاده,https://www.youtube.com/watch?v=6f96W1kIwL4
برنامه 35 - ویژه جشنواره فجر | سارا بهرامی - بهروز شعیبی,https://www.youtube.com/watch?v=kta4dC6YIoY
برنامه 35 - ویژه جشنواره فجر | مهتاب کرامتی - امین حیایی,https://www.youtube.com/watch?v=GJLmJcH1Bcc
برنامه 35 - رضا کیانیان | Barname 35 - Reza Kianian,https://www.youtube.com/watch?v=ssG8UZU_QhM
برنامه 35 - ویژه محرم - غلام کویتی پور,https://www.youtube.com/watch?v=Hs8U7nK79s0
برنامه 35 - سحر دولتشاهی | Barname 35 - Sahar Dolatshahi,https://www.youtube.com/watch?v=GBCnCED_fFM
برنامه 35 - کمال تبریزی | Barname 35 - Kamal Tabrizi,https://www.youtube.com/watch?v=DRLTM7KdqQE
برنامه 35 - مسعود کیمیایی | Barname 35 - Masud Kimiayi,https://www.youtube.com/watch?v=z0X0atLZXFM
برنامه 35 - بهنوش بختیاری | Barname 35 - Behnoosh Bakhtiari,https://www.youtube.com/watch?v=WBfUR9RJPoY
برنامه 35 - امین حیایی | Barname 35 - Amin Hayayi,https://www.youtube.com/watch?v=wMj6dFG2He4
برنامه 35 - سید جمال ساداتیان | Barname 35 - Sadatian,https://www.youtube.com/watch?v=u7HA-4-SaUo
برنامه 35 - مریلا زارعی | Barname 35 - Merila Zarei,https://www.youtube.com/watch?v=WC7G-q_wyug
برنامه 35 - امیر جعفری | Barname 35 - Amir Jafari,https://www.youtube.com/watch?v=WoIvomAUpWg
برنامه 35 - پولاد کیمیایی | Barname 35 - Poulad Kimiayi,https://www.youtube.com/watch?v=-zmgUENd3_0
برنامه 35 - مصطفی زمانی | Barname 35 - Mostafa Zamani,https://www.youtube.com/watch?v=uEmEt9Wzam8
برنامه 35 - حمید نعمت الله | Barname 35 - Hamid Nematollah,https://www.youtube.com/watch?v=zP1i7EU01hA
برنامه 35 - باران کوثری | Barname 35 - Baran Kosari,https://www.youtube.com/watch?v=7rEOTUhky_g
برنامه 35 - ابراهیم حاتمی کیا | Barname 35 - Hatamikia,https://www.youtube.com/watch?v=but-jiYkk5I
برنامه 35 - هوتن شکیبا | Barname 35 - Houtan Shakiba,https://www.youtube.com/watch?v=iEwsPPl_AN4
برنامه 35 - فرهاد اصلانی | Barname 35 - Farhad Aslani,https://www.youtube.com/watch?v=TbTa6aE0LF4
برنامه 35 - امین تارخ | Barname 35 - Amin Tarokh,https://www.youtube.com/watch?v=7ZUCcLN1jeA
برنامه 35 - حبیب رضایی | Barname 35 - Habib Rezaei,https://www.youtube.com/watch?v=PsENwBE6rZ4
برنامه 35 - منیژه حکمت | Barname 35 - Manizhe Hekmat,https://www.youtube.com/watch?v=_VUIIAWQAuA
برنامه 35 - پیمان قاسم خانی | Barname 35 - Peyman Ghasemkhani,https://www.youtube.com/watch?v=7rtFgRrd-wQ
برنامه 35 - مجید صالحی | Barname 35 - Majid Salehi,https://www.youtube.com/watch?v=wZECyiN9YHk
برنامه 35 - محسن تنابنده | Barname 35 - Mohsen Tanabande,https://www.youtube.com/watch?v=hgn14RuSz6g
برنامه 35 - پژمان جمشیدی | Barname 35 - Pezhman Jamshidi,https://www.youtube.com/watch?v=y9tWV0rTqIw
برنامه 35 - پرویز پرستویی | Barname 35 - Parviz parastui,https://www.youtube.com/watch?v=tPKYpCQclVE
برنامه 35 - مهناز افشار | Barname 35 - Mahnaz Afshar,https://www.youtube.com/watch?v=yGVF4tYnR7I
برنامه 35 - تهمینه میلانی | Barname 35 - Tahmine Milani,https://www.youtube.com/watch?v=JdcWP6qN9pE
برنامه 35 - رامبد جوان | Barname 35 - Rambod Javan,https://www.youtube.com/watch?v=T-z7U6H60tg
برنامه 35 - هومن سیدی | Barname 35 - Houman Seyedi,https://www.youtube.com/watch?v=7isVPZPZOHo
برنامه 35 - ویشکا آسایش | Barname 35 - Vishka Asayesh,https://www.youtube.com/watch?v=YIxW_T19kBU
برنامه 35 - ابوالفضل پورعرب | Barname 35 - Abolfazl Pourarab,https://www.youtube.com/watch?v=10sT9iCI0kc
برنامه 35 - جواد عزتی | Barname 35 - Javad Ezati,https://www.youtube.com/watch?v=7AT3Lw-h3GE
برنامه 35 - نرگس آبیار | Barname 35 - Narges Abyar,https://www.youtube.com/watch?v=OxTFzAvVgy8
برنامه 35 - کیومرث پوراحمد | Barname 35 - Pour Ahmad,https://www.youtube.com/watch?v=F6SzxEmGCZY
برنامه 35 - حامد بهداد | Barname 35 - Hamed Behdad,https://www.youtube.com/watch?v=iFJ631Ogkuw
برنامه 35 - هانیه توسلی | Barname 35 - Haniye Tavassoli,https://www.youtube.com/watch?v=AbNr5aj4yVs
برنامه 35 - نوید محمدزاده | Barname 35 - Navid Mohammadzadeh,https://www.youtube.com/watch?v=peh9E1PnkZw
برنامه 35 - مهران غفوریان | Barname 35 - Mehran Ghafourian,https://www.youtube.com/watch?v=9lVH-Aes3bk
برنامه 35 - مهدی کرم پور | Barname 35 - Mehdi Karampour,https://www.youtube.com/watch?v=eo0yMy0s1l4
برنامه 35 - مازیار میری | Barname 35 - Maziar Miri,https://www.youtube.com/watch?v=ABzg8IfItYA
برنامه 35 - عماد افروغ | Barname 35 - Emad Afrough,https://www.youtube.com/watch?v=IcDUtjzkdi4
برنامه 35 - امیر آقایی | Barname 35 - Amir Aghaei,https://www.youtube.com/watch?v=rE3UVlcV0k4
برنامه 35  - عبدالله اسفندیاری | Barname 35 - Esfandiyari,https://www.youtube.com/watch?v=rk9au1uC-K0
برنامه 35 - مهدی عسگرپور | Barname 35 - Asgarpour,https://www.youtube.com/watch?v=_mVyf1tfOP8
برنامه 35 - مهدی فخیم زاده | Barname 35 - Fakhimzadeh,https://www.youtube.com/watch?v=eiZZGY9MqUo
برنامه 35 - غزل شاکری | Barname 35 - Ghazal Shakeri,https://www.youtube.com/watch?v=Z0sMLMu8kQE