title,url
🍿 فیلم کامل ایرانی عروسک |بدون سانسور,https://www.youtube.com/watch?v=qf4-3jD5f3E
🍿 فیلم کامل ایرانی شکلات |بدون سانسور,https://www.youtube.com/watch?v=TQwQZncSe6o
🍿 فیلم کامل ایرانی مسلخ عشق |بدون سانسور,https://www.youtube.com/watch?v=bsqxE7fYRGs
🍿 فیلم کامل ایرانی شش قرن و شش سال |بدون سانسور,https://www.youtube.com/watch?v=fujBYfN78O8
🍿 فیلم کامل ایرانی خط آبی |بدون سانسور,https://www.youtube.com/watch?v=QjB6VI4SDFU
🍿 فیلم کامل ایرانی باغ آلوچه |بدون سانسور,https://www.youtube.com/watch?v=wd2Jm9Xv91U
🍿 فیلم کامل ایرانی شور شیرین |بدون سانسور,https://www.youtube.com/watch?v=3wgaKicJhoU
🍿 فیلم کامل ایرانی سارای |بدون سانسور,https://www.youtube.com/watch?v=nxbzxt1WPfY
🍿 فیلم کامل ایرانی یاس‌های وحشی |بدون سانسور,https://www.youtube.com/watch?v=s_xvDT2lwoY
🍿 فیلم کامل ایرانی میان‌بر |بدون سانسور,https://www.youtube.com/watch?v=FAonnhqHv38
🍿 فیلم کامل ایرانی اخم نکن سرکار |بدون سانسور,https://www.youtube.com/watch?v=16ANvQgTcXk
🍿 فیلم کامل ایرانی عنتر و منتر |بدون سانسور,https://www.youtube.com/watch?v=BpvJs8CWohw
🍿 فیلم کامل ایرانی تاکسی عشق |بدون سانسور,https://www.youtube.com/watch?v=Ep1wVPyTCLI
🍿 فیلم کامل ایرانی همه درختان من |بدون سانسور,https://www.youtube.com/watch?v=r3XNF2QGqLQ
🍿 فیلم کامل ایرانی دلقک‌ها |بدون سانسور,https://www.youtube.com/watch?v=rrJtPZfTDRU
🍿 فیلم کامل ایرانی خیابانی‌ها |بدون سانسور,https://www.youtube.com/watch?v=Qoqlp_6QWEY
🍿 فیلم کامل ایرانی صد کیلو داماد |بدون سانسور,https://www.youtube.com/watch?v=9Dw2mS6qt-k
🍿 فیلم کامل ایرانی مظفر |بدون سانسور,https://www.youtube.com/watch?v=GBqX73Xtx64
🍿 فیلم کامل ایرانی شیربها |بدون سانسور,https://www.youtube.com/watch?v=hFcG_dd9al0
🍿 فیلم کامل ایرانی یکی خوش‌صدا، یکی خوش‌دست |بدون سانسور,https://www.youtube.com/watch?v=sTpkLTKQwZ4
🍿 فیلم کامل ایرانی گل‌پری جون |بدون سانسور,https://www.youtube.com/watch?v=6yX5js81z1Q
🍿 فیلم کامل ایرانی مرد اجاره‌ای |بدون سانسور,https://www.youtube.com/watch?v=EOFh8nZCufc
🍿 فیلم کامل ایرانی شمسی پهلوون |بدون سانسور,https://www.youtube.com/watch?v=hGxn0x767Ls
🍿 فیلم کامل ایرانی مادر جونم عاشق شده |بدون سانسور,https://www.youtube.com/watch?v=IfztNwrRqRw
🍿 فیلم کامل ایرانی خانه قمر خانم |بدون سانسور,https://www.youtube.com/watch?v=j0wgAuBE0Y4
🍿 فیلم کامل ایرانی هفت دختر برای هفت پسر |بدون سانسور,https://www.youtube.com/watch?v=zv4FTh1TBjM
🍿 فیلم کامل ایرانی بابا گلی به جمالت |بدون سانسور,https://www.youtube.com/watch?v=q9SMP2nI4SY
🍿 فیلم کامل ایرانی دو کله شق |بدون سانسور,https://www.youtube.com/watch?v=n7gbKm5R8Ug
🍿 فیلم کامل ایرانی حکیم باشی |بدون سانسور,https://www.youtube.com/watch?v=sctzAQfXKN0
🍿 فیلم کامل ایرانی داماد فراری |بدون سانسور,https://www.youtube.com/watch?v=woVGMtSsEqs
🍿 فیلم کامل ایرانی ظفر |بدون سانسور,https://www.youtube.com/watch?v=SV7TlSgwvMY
🍿 فیلم کامل ایرانی سجده بر آب |بدون سانسور,https://www.youtube.com/watch?v=p4voiw1gXMo
🍿 فیلم کامل ایرانی و اینک بهشت |بدون سانسور,https://www.youtube.com/watch?v=xUSbMQSxaio
🍿 فیلم کامل ایرانی دست‌‌های خالی |بدون سانسور,https://www.youtube.com/watch?v=ZwmSOxQw7bA
🍿 فیلم کامل ایرانی پرواز در شب |بدون سانسور,https://www.youtube.com/watch?v=KGjDOTzo6Mo
🍿 فیلم کامل ایرانی رئیس |بدون سانسور,https://www.youtube.com/watch?v=NOXbRmi0m8o
🍿 فیلم کامل ایرانی گنجشکک اشی مشی |بدون سانسور,https://www.youtube.com/watch?v=KOHvGH14E0I
🍿 فیلم کامل ایرانی شب‌های روشن |بدون سانسور,https://www.youtube.com/watch?v=Y1k1qClRFu0
🍿 فیلم کامل ایرانی افسون گل سرخ |بدون سانسور,https://www.youtube.com/watch?v=ybbC9J0g0pc
🍿 فیلم کامل ایرانی مقلد شیطان |بدون سانسور,https://www.youtube.com/watch?v=nER8jNRS944
🍿 فیلم کامل ایرانی سرب |بدون سانسور,https://www.youtube.com/watch?v=yiilsTeuHFM
🍿 فیلم کامل ایرانی راز مینا |بدون سانسور,https://www.youtube.com/watch?v=Z3QUxoVzU5k
🍿 فیلم کامل ایرانی خروس بی محل |بدون سانسور,https://www.youtube.com/watch?v=3quYfN0mR9Q
🍿 فیلم کامل ایرانی برهنه خوشحال |بدون سانسور,https://www.youtube.com/watch?v=j1653HKe_Dg
🍿 فیلم کامل ایرانی آتشپاره تهران |بدون سانسور,https://www.youtube.com/watch?v=w4Fzs6eqULY
🍿 فیلم کامل ایرانی چیچو و فرانکو وطنی |بدون سانسور,https://www.youtube.com/watch?v=KXJrL7gT5vs
🍿 فیلم کامل ایرانی ورپریده |بدون سانسور,https://www.youtube.com/watch?v=-DImLOoY7Rs
🍿 فیلم کامل ایرانی ابرام در پاریس |بدون سانسور,https://www.youtube.com/watch?v=R-Jjhbm9HfU
🍿 فیلم کامل ایرانی سه ناقلا در ژاپن |بدون سانسور,https://www.youtube.com/watch?v=lNYOmAWnca4
🍿 فیلم کامل ایرانی ازدواج ایرانی |بدون سانسور,https://www.youtube.com/watch?v=XDjhTU8GY5A
🍿 فیلم کامل ایرانی اعجوبه ها |بدون سانسور,https://www.youtube.com/watch?v=YGkuWJLRZ7c
🍿 فیلم کامل ایرانی خوشگل خوشگلا |بدون سانسور,https://www.youtube.com/watch?v=QdDcuUGCJwk
🍿 فیلم کامل ایرانی بابا شمل |بدون سانسور,https://www.youtube.com/watch?v=7pfN-L0Kycg
🍿 فیلم کامل ایرانی دختر نگو بلا بگو |بدون سانسور,https://www.youtube.com/watch?v=tEIZPlcxa1s
🍿 فیلم کامل ایرانی قهوه خانه قنبر |بدون سانسور,https://www.youtube.com/watch?v=D3NHvHlfPDk
🍿 فیلم کامل ایرانی ماجرای شب ژانویه |بدون سانسور,https://www.youtube.com/watch?v=bZF9e0YKDFY
🍿 فیلم کامل ایرانی خوشگل محله |بدون سانسور,https://www.youtube.com/watch?v=UfHFRWuEwg0
🍿 فیلم کامل ایرانی پا تو کفش من نکن |بدون سانسور,https://www.youtube.com/watch?v=OUIFDELFHAI
🍿 فیلم کامل ایرانی جاهل‌ها و ژیگول‌ها |بدون سانسور,https://www.youtube.com/watch?v=dgMgk-5jn30
🍿 فیلم کامل ایرانی شکار شوهر |بدون سانسور,https://www.youtube.com/watch?v=if3RwfgjyOw
🍿 فیلم کامل ایرانی حاجی جبار در پاریس |بدون سانسور,https://www.youtube.com/watch?v=cmhR5irZY4o
🍿 فیلم کامل ایرانی چاکر شما کوچولو |بدون سانسور,https://www.youtube.com/watch?v=dYqEzR7XzRw
🍿 فیلم کامل ایرانی در جستجوی داماد |بدون سانسور,https://www.youtube.com/watch?v=M3cgWqPkpcw
🍿 فیلم کامل ایرانی مرغ همسایه |بدون سانسور,https://www.youtube.com/watch?v=EmhpGq4qxbw
🍿 فیلم کامل ایرانی خانه خراب |بدون سانسور,https://www.youtube.com/watch?v=ZoR6MJoeUvw
🍿 فیلم کامل ایرانی تعطیلات داش اسمال |بدون سانسور,https://www.youtube.com/watch?v=LBFZrWMPbB0
🍿 فیلم کامل ایرانی فقط آقا مهدی میتونه |بدون سانسور,https://www.youtube.com/watch?v=KGf8cdTYi1g
🍿 فیلم کامل ایرانی فری دست قشنگ |بدون سانسور,https://www.youtube.com/watch?v=MLU832kcPfE
🍿 فیلم کامل ایرانی جعفر جنی و محبوبه اش |بدون سانسور,https://www.youtube.com/watch?v=96gMcecm1GU
🍿 فیلم کامل ایرانی شوخی نکن دلخور می شم |بدون سانسور,https://www.youtube.com/watch?v=spA8QpWjwUo
🍿 فیلم کامل ایرانی یک داستان عاشقانه |بدون سانسور,https://www.youtube.com/watch?v=mpZm8hv_4HI
🍿 فیلم کامل ایرانی اکبر دیلماج |بدون سانسور,https://www.youtube.com/watch?v=D5Wi05OyQCc
🍿 فیلم کامل ایرانی کیمیا |بدون سانسور,https://www.youtube.com/watch?v=BFn9wVBc618
🍿 فیلم کامل ایرانی سیزده 59 |بدون سانسور,https://www.youtube.com/watch?v=BSI0n-3s_DI
🍿 فیلم کامل ایرانی دو عروس |بدون سانسور,https://www.youtube.com/watch?v=y9all96y7oE
🍿فیلم ایرانی نامه‌های باد | cast-fa-1 و cast-fa-2,https://www.youtube.com/watch?v=SvCX5esINAY
🍿 فیلم کامل ایرانی وقت لطیف شن |بدون سانسور,https://www.youtube.com/watch?v=5J269asmbVY
🍿 فیلم کامل ایرانی آن‌سوی رودخانه |بدون سانسور,https://www.youtube.com/watch?v=Ujffm7vMleM
🍿 فیلم کامل ایرانی قصه‌ها |بدون سانسور,https://www.youtube.com/watch?v=1EVBHaEqsVY
🍿 فیلم کامل ایرانی پهلوان در قرن اتم |بدون سانسور,https://www.youtube.com/watch?v=ZLOyMNupx9w
🍿 فیلم کامل ایرانی خانواده سرکار غضنفر |بدون سانسور,https://www.youtube.com/watch?v=1c7hSM3TB9E
🍿 فیلم کامل ایرانی کج کلا خان |بدون سانسور,https://www.youtube.com/watch?v=F_nYD03_uCo
🍿 فیلم کامل ایرانی پذیرایی ساده |بدون سانسور,https://www.youtube.com/watch?v=BnIzC35W6Ig
🍿 فیلم کامل ایرانی شارلاتان |بدون سانسور,https://www.youtube.com/watch?v=JdFzJD30ZVE
🍿 فیلم کامل ایرانی رضا چلچله |بدون سانسور,https://www.youtube.com/watch?v=7SrBCc5uqOE
🍿 فیلم کامل ایرانی مرد شرقی، زن فرنگی |بدون سانسور,https://www.youtube.com/watch?v=HbiMTlzvIM0
🍿 فیلم کامل ایرانی این دست کجه |بدون سانسور,https://www.youtube.com/watch?v=m-gx-hLafVk
🍿 فیلم کامل ایرانی علی کنکوری |بدون سانسور,https://www.youtube.com/watch?v=2bAbBQTEFR0
🍿 فیلم کامل ایرانی قربون زن ایرونی |بدون سانسور,https://www.youtube.com/watch?v=CM-juzry_0M
🍿 فیلم کامل ایرانی آقا دزده |بدون سانسور,https://www.youtube.com/watch?v=6RXbIcVqdHE
🍿 فیلم کامل ایرانی شادی‌های زندگی ما |بدون سانسور,https://www.youtube.com/watch?v=-lGnBUhE51U
🍿 فیلم کامل ایرانی اتل متل توتوله |بدون سانسور,https://www.youtube.com/watch?v=HDoyttWCgKo
🍿 فیلم کامل ایرانی مشکل آقای اعتماد |بدون سانسور,https://www.youtube.com/watch?v=sYpZIKYcJPg
🍿 فیلم کامل ایرانی زنبورک |بدون سانسور,https://www.youtube.com/watch?v=QiSAWl6w4Z0
🍿 فیلم کامل ایرانی یک میلیونر و دو مفلس |بدون سانسور,https://www.youtube.com/watch?v=TWWzefAi_bI
🍿 فیلم کامل ایرانی الکی خوش |بدون سانسور,https://www.youtube.com/watch?v=5gjozAJamAQ
🍿 فیلم کامل ایرانی گنجشک و قناری |بدون سانسور,https://www.youtube.com/watch?v=mvZdPRWlPE4
🍿 فیلم کامل ایرانی فرار از کمپ سه |بدون سانسور,https://www.youtube.com/watch?v=rMQX-heB0Lc
🍿 فیلم کامل ایرانی استخونای بابام |بدون سانسور,https://www.youtube.com/watch?v=ALFojpYuthY
🍿 فیلم کامل ایرانی نیم وجبی |بدون سانسور,https://www.youtube.com/watch?v=6aRkJgoSURI
🍿 فیلم کامل ایرانی مذاکرات مستقیم آقای عبدی |بدون سانسور,https://www.youtube.com/watch?v=4T2oC786IlE
🍿 فیلم کامل ایرانی نخاله قهرمان |بدون سانسور,https://www.youtube.com/watch?v=H2z2rGMVaEc
🍿 فیلم کامل ایرانی نوبر اصفهان |بدون سانسور,https://www.youtube.com/watch?v=sIr9YkB2rko
🍿 فیلم کامل ایرانی پری خوشگله |بدون سانسور,https://www.youtube.com/watch?v=Eztaqu_kB04
🍿 فیلم کامل ایرانی پلی به سوی بهشت |بدون سانسور,https://www.youtube.com/watch?v=vySW7mlLPPM
🍿 فیلم کامل ایرانی تختخواب سه نفره |بدون سانسور,https://www.youtube.com/watch?v=KcN2LiaxUCc
🍿 فیلم کامل ایرانی سینه چاک |بدون سانسور,https://www.youtube.com/watch?v=M--_0DL-rMA
🍿 فیلم کامل ایرانی خوشگذران |بدون سانسور,https://www.youtube.com/watch?v=7raDjGNnnhg
🍿 فیلم کامل ایرانی کلک نزن خوشگله |بدون سانسور,https://www.youtube.com/watch?v=au-VROX42-s
🍿 فیلم کامل ایرانی عیالوار |بدون سانسور,https://www.youtube.com/watch?v=IQR9t4SXR9Y
🍿 فیلم کامل ایرانی یک اصفهانی در سرزمین هیتلر |بدون سانسور,https://www.youtube.com/watch?v=WdgE-Qu5zRI
🍿 فیلم کامل ایرانی مادموازل خاله |بدون سانسور,https://www.youtube.com/watch?v=44ZYG3vA1Vg
🍿 فیلم کامل ایرانی خر دجال |بدون سانسور,https://www.youtube.com/watch?v=wDc6zSqa2BI
🍿 فیلم کامل ایرانی زبون بسته |بدون سانسور,https://www.youtube.com/watch?v=-0k4nLo3Uvk
🍿 فیلم کامل ایرانی فیل و فنجون |بدون سانسور,https://www.youtube.com/watch?v=02JFkF61Wu8
🍿 فیلم کامل ایرانی درشکه‌چی |بدون سانسور,https://www.youtube.com/watch?v=alsdibWqewI
🍿 فیلم کامل ایرانی کاسب‌های محل |بدون سانسور,https://www.youtube.com/watch?v=-IsdzSvULXM
🍿 فیلم کامل ایرانی مهمان |بدون سانسور,https://www.youtube.com/watch?v=qqvi0-k6gQo
🍿 فیلم کامل ایرانی جیب بر خوشگله |بدون سانسور,https://www.youtube.com/watch?v=NEjTMpciFo0
🍿 فیلم کامل ایرانی کنیز |بدون سانسور,https://www.youtube.com/watch?v=1MWCwUFEshU
🍿 فیلم کامل ایرانی خدا قوت |بدون سانسور,https://www.youtube.com/watch?v=MGXTDpiw-WI
🍿 فیلم کامل ایرانی چهار تا شیطون |بدون سانسور,https://www.youtube.com/watch?v=DOJDUR2eNQk
🍿 فیلم کامل ایرانی جنجال عروسی |بدون سانسور,https://www.youtube.com/watch?v=z2OT9ibRTyA
🍿 فیلم کامل ایرانی لج و لجبازی |بدون سانسور,https://www.youtube.com/watch?v=psrnmj0G4cM
🍿 فیلم کامل ایرانی شیر تو شیر |بدون سانسور,https://www.youtube.com/watch?v=Wdn8Hw4gbsQ
🍿 فیلم کامل ایرانی خروس جنگی |بدون سانسور,https://www.youtube.com/watch?v=Z3sb6_od_Q0
🍿 فیلم کامل ایرانی پاتو زمین نذار |بدون سانسور,https://www.youtube.com/watch?v=JefWUipEqqg
🍿 فیلم کامل ایرانی پرتقال خونی |بدون سانسور,https://www.youtube.com/watch?v=wbRO0uQ7jsY
🍿 فیلم کامل ایرانی زن‌ها نمونه‌اند؟ |بدون سانسور,https://www.youtube.com/watch?v=g5FkxFCg2uA
🍿 فیلم کامل ایرانی خشم کولی |بدون سانسور,https://www.youtube.com/watch?v=bkxiNVBsX7U
🍿 فیلم کامل ایرانی نخودی |بدون سانسور,https://www.youtube.com/watch?v=y8j5ZZcoFUI
🍿 فیلم کامل ایرانی غریبه دوست داشتنی |بدون سانسور,https://www.youtube.com/watch?v=S1VRPEUif94
🍿 فیلم کامل ایرانی سفر خوش |بدون سانسور,https://www.youtube.com/watch?v=wwYRgY5YMFo
🍿 فیلم کامل ایرانی دیگر تنها نیستم |بدون سانسور,https://www.youtube.com/watch?v=Q3HbzycRIhU
🍿 فیلم کامل ایرانی محاکمه در خیابان |بدون سانسور,https://www.youtube.com/watch?v=B-dNhpjSpsg
🍿 فیلم کامل ایرانی روزی که مرد شدم |بدون سانسور,https://www.youtube.com/watch?v=60tSvW8HZ_k
🍿 فیلم کامل ایرانی خواب لیلا |بدون سانسور,https://www.youtube.com/watch?v=e4V3Z0AAhFA
🍿 فیلم کامل ایرانی پرنده کوچک خوشبختی |بدون سانسور,https://www.youtube.com/watch?v=VGp7SWHv-NM
🍿 فیلم کامل ایرانی احتمال باران اسیدی |بدون سانسور,https://www.youtube.com/watch?v=PhgMLHBB4yY
🍿 فیلم کامل ایرانی دریاچه ماهی |بدون سانسور,https://www.youtube.com/watch?v=XUm8EXNuQhE
🍿 فیلم کامل ایرانی کوچه ملی |بدون سانسور,https://www.youtube.com/watch?v=zbiVKSu7wyo
🍿 فیلم کامل ایرانی آناهیتا |بدون سانسور,https://www.youtube.com/watch?v=qzo5KMn8pSg
🍿 فیلم کامل ایرانی تیغ‌ زن |بدون سانسور,https://www.youtube.com/watch?v=Ef-LylZz5YE
🍿 فیلم کامل ایرانی نسیم سحر |بدون سانسور,https://www.youtube.com/watch?v=UEu2Jkw-6Bc
🍿 فیلم کامل ایرانی زن دوم |بدون سانسور,https://www.youtube.com/watch?v=8ZYVjKE2sHg
🍿 فیلم کامل ایرانی ول کن دستمو |بدون سانسور,https://www.youtube.com/watch?v=uslvR567IhI
🍿 فیلم کامل ایرانی روز روشن |بدون سانسور,https://www.youtube.com/watch?v=ygUmmtkWbgE
🍿 فیلم کامل ایرانی هنرپیشه |بدون سانسور,https://www.youtube.com/watch?v=b8nDucSDuWI
🍿 فیلم کامل ایرانی دوازده صندلی |بدون سانسور,https://www.youtube.com/watch?v=Ye-2PVa1oDU
🍿 فیلم کامل ایرانی دیو و دلبر |بدون سانسور,https://www.youtube.com/watch?v=8N2gSFsbx-I
🍿 فیلم کامل ایرانی زندگی خصوصی آقا و خانم میم |بدون سانسور,https://www.youtube.com/watch?v=aiSmxdCT1Rg
🍿 فیلم کامل ایرانی بی خداحافظی |بدون سانسور,https://www.youtube.com/watch?v=wprQsllTHig
🍿 فیلم کامل ایرانی آرایش غلیظ |بدون سانسور,https://www.youtube.com/watch?v=6-A2ZivWsh0
🍿 فیلم کامل ایرانی بدون اجازه |بدون سانسور,https://www.youtube.com/watch?v=9G6LbymIz1o
🍿 فیلم کامل ایرانی دلتنگی‌های عاشقانه |بدون سانسور,https://www.youtube.com/watch?v=Td4UbjpesHg
🍿 فیلم کامل ایرانی روباه |بدون سانسور,https://www.youtube.com/watch?v=B00UcybyGc4
🍿 فیلم کامل ایرانی پول خارجی |بدون سانسور,https://www.youtube.com/watch?v=CEO-aYpCHQs
🍿 فیلم کامل ایرانی فرار از کمپ دو |بدون سانسور,https://www.youtube.com/watch?v=MJ4y78Zymq4
🍿 فیلم کامل ایرانی خواب زمستانی |بدون سانسور,https://www.youtube.com/watch?v=TKr79VdgxQ8
🍿 فیلم کامل ایرانی حوالی اتوبان |بدون سانسور,https://www.youtube.com/watch?v=nCZNwkCL-3Q
🍿 فیلم کامل ایرانی روزی که هوا ایستاد |بدون سانسور,https://www.youtube.com/watch?v=3Cd2ZzUdltg
🍿 فیلم کامل ایرانی عاشقانه |بدون سانسور,https://www.youtube.com/watch?v=ld6RMUPgDLA
🍿 فیلم کامل ایرانی دزد عروسک‌‌ها |بدون سانسور,https://www.youtube.com/watch?v=TbaIS1mPiOs
🍿 فیلم کامل ایرانی کلاغ پر دلفین پر |بدون سانسور,https://www.youtube.com/watch?v=9NTTj-OHzis
🍿 فیلم کامل ایرانی با تو می‌مانم |بدون سانسور,https://www.youtube.com/watch?v=sRxAJhgZkpk
🍿 فیلم کامل ایرانی عروس خوش‌قدم |بدون سانسور,https://www.youtube.com/watch?v=-y4CQiYG8Qs
🍿 فیلم کامل ایرانی این یک تصادف نیست |بدون سانسور,https://www.youtube.com/watch?v=B7uMX1ahT60
🍿 فیلم کامل ایرانی دوباره با هم |بدون سانسور,https://www.youtube.com/watch?v=xh370NZ42cY
🍿 فیلم کامل ایرانی گلنار |بدون سانسور,https://www.youtube.com/watch?v=3RxjmBNnjKg
🍿 فیلم کامل ایرانی روزهای خوب زندگی |بدون سانسور,https://www.youtube.com/watch?v=fFOq6WoEhjM
🍿 فیلم کامل ایرانی دلم می‌خواد |بدون سانسور,https://www.youtube.com/watch?v=nN6Q6jK9cfw
🍿 فیلم کامل ایرانی سرگیجه |بدون سانسور,https://www.youtube.com/watch?v=pTfHijzY0kA
🍿 فیلم کامل ایرانی کلاس هنرپیشگی |بدون سانسور,https://www.youtube.com/watch?v=736LgKQhHaA
🍿 فیلم کامل ایرانی متروپل |بدون سانسور,https://www.youtube.com/watch?v=VzP2pnlCezc
🍿 فیلم کامل ایرانی می‌ترسم پس دروغ می‌گویم |بدون سانسور,https://www.youtube.com/watch?v=C6ClPIHHhFM
🍿 فیلم کامل ایرانی یکی می‌خواد باهات حرف بزنه |بدون سانسور,https://www.youtube.com/watch?v=tzSZd636A84
🍿 فیلم کامل ایرانی شب حورا |بدون سانسور,https://www.youtube.com/watch?v=ngHvJUeJoys
🍿 فیلم کامل ایرانی رؤیای نیمه‌شب تابستان |بدون سانسور,https://www.youtube.com/watch?v=OnqW1_Bewbk
🍿 فیلم کامل ایرانی برادرم خسرو |بدون سانسور,https://www.youtube.com/watch?v=Lj22ZNS4Qvw
🍿 فیلم کامل ایرانی موج سوم |بدون سانسور,https://www.youtube.com/watch?v=e5_tVu1BSyM
🍿 فیلم کامل ایرانی عزیزم من کوک نیستم |بدون سانسور,https://www.youtube.com/watch?v=Dp8M5yJ1wGc
🍿 فیلم کامل ایرانی ارسال آگهی تسلیت برای روزنامه |بدون سانسور,https://www.youtube.com/watch?v=2GQqv6XAMeY
🍿 فیلم کامل ایرانی چشماتو نبند |بدون سانسور,https://www.youtube.com/watch?v=Snt4pglUMGk
🍿 فیلم کامل ایرانی مسافران |بدون سانسور,https://www.youtube.com/watch?v=N9m-M5dCAkk
🍿 فیلم کامل ایرانی طوطیا |بدون سانسور,https://www.youtube.com/watch?v=tmW_d_alHdY
🍿 فیلم کامل ایرانی چتری برای دو نفر |بدون سانسور,https://www.youtube.com/watch?v=QWzZr03BsQc
🍿 فیلم کامل ایرانی خرس |بدون سانسور,https://www.youtube.com/watch?v=jBsvc5gDVB8
🍿 فیلم کامل ایرانی هشت پا |بدون سانسور,https://www.youtube.com/watch?v=wLV09ZRAfH0
🍿 فیلم کامل ایرانی روزگاری عشق و خیانت |بدون سانسور,https://www.youtube.com/watch?v=fthElj5nKhI
🍿 فیلم کامل ایرانی شکلات داغ |بدون سانسور,https://www.youtube.com/watch?v=OyrzDD38LFM
🍿 فیلم کامل ایرانی راه آبی ابریشم |بدون سانسور,https://www.youtube.com/watch?v=DXK9g4uTj0k
🍿 فیلم کامل ایرانی پنج تا پنج |بدون سانسور,https://www.youtube.com/watch?v=embvhTYkaIQ
🍿 فیلم کامل ایرانی بایسیکل‌ ران |بدون سانسور,https://www.youtube.com/watch?v=RmDZkmjkprA
🍿 فیلم کامل ایرانی عاریه |بدون سانسور,https://www.youtube.com/watch?v=NDQe32nJExM
🍿 فیلم کامل ایرانی چراغی در مه |بدون سانسور,https://www.youtube.com/watch?v=1obwKv4QpW8
🍿 فیلم کامل ایرانی دیگری |بدون سانسور,https://www.youtube.com/watch?v=3XLxQM6zJzk
🍿 فیلم کامل ایرانی باد و شقایق |بدون سانسور,https://www.youtube.com/watch?v=L1kYg1_8VKw
🍿 فیلم کامل ایرانی با من حرف بزن |بدون سانسور,https://www.youtube.com/watch?v=-9SU9LwRkm8
🍿 فیلم کامل ایرانی زمانی برای درنگ |بدون سانسور,https://www.youtube.com/watch?v=JvMDBSRYcLc
🍿 فیلم کامل ایرانی چارسو |بدون سانسور,https://www.youtube.com/watch?v=0Cq77Vw-2J0
🍿 فیلم کامل ایرانی بگذار زندگی کنم |بدون سانسور,https://www.youtube.com/watch?v=3341GMRxrOk
🍿 فیلم کامل ایرانی وقتی همه خواب بودند |بدون سانسور,https://www.youtube.com/watch?v=INDuCsqXLqg
🍿 فیلم کامل ایرانی عاشقت شدم |بدون سانسور,https://www.youtube.com/watch?v=uGTlA3TyQQw
🍿 فیلم کامل ایرانی عروسک |بدون سانسور,https://www.youtube.com/watch?v=4k6GjTlmlMU
🍿 فیلم کامل ایرانی شهر زنان |بدون سانسور,https://www.youtube.com/watch?v=401SRIFOCs4
🍿 فیلم کامل ایرانی باغ آلوچه |بدون سانسور,https://www.youtube.com/watch?v=sXExPepf6sU
🍿 فیلم کامل ایرانی شش قرن و شش سال |بدون سانسور,https://www.youtube.com/watch?v=3ogHu9wtdH8
🍿 فیلم کامل ایرانی خط آبی |بدون سانسور,https://www.youtube.com/watch?v=AUwZ_fu73uY
🍿 فیلم کامل ایرانی مسلخ عشق |بدون سانسور,https://www.youtube.com/watch?v=uDaDbdlGid0
🍿 فیلم کامل ایرانی شور شیرین |بدون سانسور,https://www.youtube.com/watch?v=dky2plBzsMQ
🍿 فیلم کامل ایرانی شکلات |بدون سانسور,https://www.youtube.com/watch?v=gUYDNGTeBkI
🍿 فیلم کامل ایرانی عنتر و منتر |بدون سانسور,https://www.youtube.com/watch?v=8X4RzFxqeT0
🍿 فیلم کامل ایرانی میان‌بر |بدون سانسور,https://www.youtube.com/watch?v=PdlTZUueROw
🍿 فیلم کامل ایرانی اخم نکن سرکار |بدون سانسور,https://www.youtube.com/watch?v=T2Oar_RhIBE
🍿 فیلم کامل ایرانی یاس‌های وحشی |بدون سانسور,https://www.youtube.com/watch?v=JxDiQ03cbsg
🍿 فیلم کامل ایرانی تاکسی عشق |بدون سانسور,https://www.youtube.com/watch?v=Ujt91TAplmw
🍿 فیلم کامل ایرانی سارای |بدون سانسور,https://www.youtube.com/watch?v=_GQKjRDUJrY
🍿 فیلم کامل ایرانی مظفر |بدون سانسور,https://www.youtube.com/watch?v=Jw0mWAZCxtE
🍿 فیلم کامل ایرانی خیابانی‌ها |بدون سانسور,https://www.youtube.com/watch?v=lXo9HT9xeQ4
🍿 فیلم کامل ایرانی صد کیلو داماد |بدون سانسور,https://www.youtube.com/watch?v=X_vTn52gxRo
🍿 فیلم کامل ایرانی دلقک‌ها |بدون سانسور,https://www.youtube.com/watch?v=_DVP8DOvl3M
🍿 فیلم کامل ایرانی شیربها |بدون سانسور,https://www.youtube.com/watch?v=kOEphT1-ab4
🍿 فیلم کامل ایرانی همه درختان من |بدون سانسور,https://www.youtube.com/watch?v=cW7qtrq9vS4
🍿 فیلم کامل ایرانی یکی خوش‌صدا، یکی خوش‌دست |بدون سانسور,https://www.youtube.com/watch?v=oXkxRj0sm94
🍿 فیلم کامل ایرانی گل‌پری جون |بدون سانسور,https://www.youtube.com/watch?v=ijpRhq2RTZk
🍿 فیلم کامل ایرانی مرد اجاره‌ای |بدون سانسور,https://www.youtube.com/watch?v=A2zEMvXn4HA
🍿 فیلم کامل ایرانی شمسی پهلوون |بدون سانسور,https://www.youtube.com/watch?v=WHu4jOwHtiw
🍿 فیلم کامل ایرانی مادر جونم عاشق شده |بدون سانسور,https://www.youtube.com/watch?v=SPGUwRUq1Is
🍿 فیلم کامل ایرانی خانه قمر خانم |بدون سانسور,https://www.youtube.com/watch?v=xbpa3nDPpSo
🍿 فیلم کامل ایرانی هفت دختر برای هفت پسر |بدون سانسور,https://www.youtube.com/watch?v=ST0WHVoysKk
🍿 فیلم کامل ایرانی بابا گلی به جمالت |بدون سانسور,https://www.youtube.com/watch?v=bs6yaMW_dew
🍿 فیلم کامل ایرانی دو کله شق |بدون سانسور,https://www.youtube.com/watch?v=7VF1HShnNEM
🍿 فیلم کامل ایرانی حکیم باشی |بدون سانسور,https://www.youtube.com/watch?v=aEDgAHlCp6U
🍿 فیلم کامل ایرانی داماد فراری |بدون سانسور,https://www.youtube.com/watch?v=CFOyGKkRKmY
🍿 فیلم کامل ایرانی سجده بر آب |بدون سانسور,https://www.youtube.com/watch?v=PHQEz8e33iQ
🍿 فیلم کامل ایرانی و اینک بهشت |بدون سانسور,https://www.youtube.com/watch?v=y9URfRhPXMk
🍿 فیلم کامل ایرانی دست‌‌های خالی |بدون سانسور,https://www.youtube.com/watch?v=WAxY2eDEcjs
🍿 فیلم کامل ایرانی پرواز در شب |بدون سانسور,https://www.youtube.com/watch?v=tPC9XP8y3Zo
🍿 فیلم کامل ایرانی رئیس |بدون سانسور,https://www.youtube.com/watch?v=GQIs9SFcH2o
🍿 فیلم کامل ایرانی گنجشکک اشی مشی |بدون سانسور,https://www.youtube.com/watch?v=JLZEilkmXoE
🍿 فیلم کامل ایرانی شب‌های روشن |بدون سانسور,https://www.youtube.com/watch?v=6JnBqSXtpcQ
🍿 فیلم کامل ایرانی افسون گل سرخ |بدون سانسور,https://www.youtube.com/watch?v=SWdnfEphHmM
🍿 فیلم کامل ایرانی مقلد شیطان |بدون سانسور,https://www.youtube.com/watch?v=Oj8_RsINCVE
🍿 فیلم کامل ایرانی سرب |بدون سانسور,https://www.youtube.com/watch?v=j61ZEPpbuGw
🍿 فیلم کامل ایرانی راز مینا |بدون سانسور,https://www.youtube.com/watch?v=cOOVJ56xV58
🍿 فیلم کامل ایرانی خروس بی محل |بدون سانسور,https://www.youtube.com/watch?v=ZMizGjVWpM0
🍿 فیلم کامل ایرانی برهنه خوشحال |بدون سانسور,https://www.youtube.com/watch?v=39vsnnx3-VA
🍿 فیلم کامل ایرانی آتشپاره تهران |بدون سانسور,https://www.youtube.com/watch?v=6spP-oifCuo
🍿 فیلم کامل ایرانی چیچو و فرانکو وطنی |بدون سانسور,https://www.youtube.com/watch?v=R5cFh7eMF-A
🍿 فیلم کامل ایرانی ورپریده |بدون سانسور,https://www.youtube.com/watch?v=G0oDGUVUvnc
🍿 فیلم کامل ایرانی ابرام در پاریس |بدون سانسور,https://www.youtube.com/watch?v=i5lMXsjY1v8
🍿 فیلم کامل ایرانی سه ناقلا در ژاپن |بدون سانسور,https://www.youtube.com/watch?v=PzO1L8jIf4A
🍿 فیلم کامل ایرانی ازدواج ایرانی |بدون سانسور,https://www.youtube.com/watch?v=wJyh79X71BU
🍿 فیلم کامل ایرانی اعجوبه ها |بدون سانسور,https://www.youtube.com/watch?v=B1NmKLJixsE
🍿 فیلم کامل ایرانی خوشگل خوشگلا |بدون سانسور,https://www.youtube.com/watch?v=2MIYQC6cGIA
🍿 فیلم کامل ایرانی بابا شمل |بدون سانسور,https://www.youtube.com/watch?v=uvdd_vpd5rc
🍿 فیلم کامل ایرانی دختر نگو بلا بگو |بدون سانسور,https://www.youtube.com/watch?v=VBGKlUMSSIs
🍿 فیلم کامل ایرانی قهوه خانه قنبر |بدون سانسور,https://www.youtube.com/watch?v=SXrFGT0vGOQ
🍿 فیلم کامل ایرانی ماجرای شب ژانویه |بدون سانسور,https://www.youtube.com/watch?v=Wty9FVKeFWc
🍿 فیلم کامل ایرانی خوشگل محله |بدون سانسور,https://www.youtube.com/watch?v=lI3YV9rkwRk
🍿 فیلم کامل ایرانی پا تو کفش من نکن |بدون سانسور,https://www.youtube.com/watch?v=H-LibxnfeOw
🍿 فیلم کامل ایرانی جاهل‌ها و ژیگول‌ها |بدون سانسور,https://www.youtube.com/watch?v=kgp_5D5ehbs
🍿 فیلم کامل ایرانی شکار شوهر |بدون سانسور,https://www.youtube.com/watch?v=PlPHPzKAU0c
🍿 فیلم کامل ایرانی حاجی جبار در پاریس |بدون سانسور,https://www.youtube.com/watch?v=ZTYbMxW3p1s
🍿 فیلم کامل ایرانی چاکر شما کوچولو |بدون سانسور,https://www.youtube.com/watch?v=4C7IoCpIM0Y
🍿 فیلم کامل ایرانی مرغ همسایه |بدون سانسور,https://www.youtube.com/watch?v=toGnHslYblI
🍿 فیلم کامل ایرانی در جستجوی داماد |بدون سانسور,https://www.youtube.com/watch?v=xRGhWXo9n7g
🍿 فیلم کامل ایرانی تعطیلات داش اسمال |بدون سانسور,https://www.youtube.com/watch?v=jJwWa8awo-w
🍿 فیلم کامل ایرانی خانه خراب |بدون سانسور,https://www.youtube.com/watch?v=zNfG7oEJ3yA
🍿 فیلم کامل ایرانی اکبر دیلماج |بدون سانسور,https://www.youtube.com/watch?v=GozeM1uCvxM
🍿 فیلم کامل ایرانی شوخی نکن دلخور می شم |بدون سانسور,https://www.youtube.com/watch?v=-NDn16CV4jI
🍿 فیلم کامل ایرانی فری دست قشنگ |بدون سانسور,https://www.youtube.com/watch?v=D87frH89vXY
🍿 فیلم کامل ایرانی جعفر جنی و محبوبه اش |بدون سانسور,https://www.youtube.com/watch?v=VXdNTyg4Lzc
🍿 فیلم کامل ایرانی فقط آقا مهدی میتونه |بدون سانسور,https://www.youtube.com/watch?v=8icvg8jc2u4
🍿 فیلم کامل ایرانی یک داستان عاشقانه |بدون سانسور,https://www.youtube.com/watch?v=LI3eDfAdBL0
🍿 فیلم کامل ایرانی آن‌سوی رودخانه |بدون سانسور,https://www.youtube.com/watch?v=xayBxS4S0uE
🍿فیلم ایرانی نامه‌های باد | cast-fa-1 و cast-fa-2,https://www.youtube.com/watch?v=Ew2v_PxUX68
🍿 فیلم کامل ایرانی سیزده 59 |بدون سانسور,https://www.youtube.com/watch?v=HJw0hJSjweg
🍿 فیلم کامل ایرانی دو عروس |بدون سانسور,https://www.youtube.com/watch?v=ZffPVaFc4co
🍿 فیلم کامل ایرانی کیمیا |بدون سانسور,https://www.youtube.com/watch?v=HnhcYt1rtl0
🍿 فیلم کامل ایرانی وقت لطیف شن |بدون سانسور,https://www.youtube.com/watch?v=DUzLDNHiGEM
🍿 فیلم کامل ایرانی پذیرایی ساده |بدون سانسور,https://www.youtube.com/watch?v=-8Td0aAzZCM
🍿 فیلم کامل ایرانی خانواده سرکار غضنفر |بدون سانسور,https://www.youtube.com/watch?v=xYUiReKgVfM
🍿 فیلم کامل ایرانی جنگلبان |بدون سانسور,https://www.youtube.com/watch?v=Bx3fE8smDUE
🍿 فیلم کامل ایرانی پهلوان در قرن اتم |بدون سانسور,https://www.youtube.com/watch?v=hB4fq9r6IeQ
🍿 فیلم کامل ایرانی قصه‌ها |بدون سانسور,https://www.youtube.com/watch?v=Nh46DdKVFG0
🍿 فیلم کامل ایرانی کج کلا خان |بدون سانسور,https://www.youtube.com/watch?v=DzYN4R2Qvls
🍿 فیلم کامل ایرانی قربون زن ایرونی |بدون سانسور,https://www.youtube.com/watch?v=VV-UJBVlj_E
🍿 فیلم کامل ایرانی این دست کجه |بدون سانسور,https://www.youtube.com/watch?v=4qMLJPd2kiA
🍿 فیلم کامل ایرانی رضا چلچله |بدون سانسور,https://www.youtube.com/watch?v=yCpdncIfC7Q
🍿 فیلم کامل ایرانی مرد شرقی، زن فرنگی |بدون سانسور,https://www.youtube.com/watch?v=J6l4g3rl6KM
🍿 فیلم کامل ایرانی شارلاتان |بدون سانسور,https://www.youtube.com/watch?v=71PWRsJosFE
🍿 فیلم کامل ایرانی علی کنکوری |بدون سانسور,https://www.youtube.com/watch?v=bVnoR5ByQf4
🍿 فیلم کامل ایرانی یک میلیونر و دو مفلس |بدون سانسور,https://www.youtube.com/watch?v=8JXvjNTVLZE
🍿 فیلم کامل ایرانی مشکل آقای اعتماد |بدون سانسور,https://www.youtube.com/watch?v=p3FMac2ymBE
🍿 فیلم کامل ایرانی شادی‌های زندگی ما |بدون سانسور,https://www.youtube.com/watch?v=ToHqBo7huRw
🍿 فیلم کامل ایرانی اتل متل توتوله |بدون سانسور,https://www.youtube.com/watch?v=s9WIgVR_w48
🍿 فیلم کامل ایرانی آقا دزده |بدون سانسور,https://www.youtube.com/watch?v=iBaC7iPAyDY
🍿 فیلم کامل ایرانی زنبورک |بدون سانسور,https://www.youtube.com/watch?v=VsKxAE73MkY
🍿 فیلم کامل ایرانی مذاکرات مستقیم آقای عبدی |بدون سانسور,https://www.youtube.com/watch?v=1V7ePS6KRQU
🍿 فیلم کامل ایرانی استخونای بابام |بدون سانسور,https://www.youtube.com/watch?v=PXlBpQeCTz4
🍿 فیلم کامل ایرانی گنجشک و قناری |بدون سانسور,https://www.youtube.com/watch?v=e93FMov1jxI
🍿 فیلم کامل ایرانی فرار از کمپ سه |بدون سانسور,https://www.youtube.com/watch?v=7ap8AHPpkM0
🍿 فیلم کامل ایرانی الکی خوش |بدون سانسور,https://www.youtube.com/watch?v=q2FmAFZKTEI
🍿 فیلم کامل ایرانی نیم وجبی |بدون سانسور,https://www.youtube.com/watch?v=D6qMFo-pwTs
🍿 فیلم کامل ایرانی سینه چاک |بدون سانسور,https://www.youtube.com/watch?v=V5Wv2Fyvwfw
🍿 فیلم کامل ایرانی پلی به سوی بهشت |بدون سانسور,https://www.youtube.com/watch?v=xp10nRvvnoo
🍿 فیلم کامل ایرانی نوبر اصفهان |بدون سانسور,https://www.youtube.com/watch?v=szrUf0bH4FQ
🍿 فیلم کامل ایرانی پری خوشگله |بدون سانسور,https://www.youtube.com/watch?v=zyXf4exREco
🍿 فیلم کامل ایرانی نخاله قهرمان |بدون سانسور,https://www.youtube.com/watch?v=w8GESUX8Mz8
🍿 فیلم کامل ایرانی تختخواب سه نفره |بدون سانسور,https://www.youtube.com/watch?v=cF7tF_lZORk
🍿 فیلم کامل ایرانی مادموازل خاله |بدون سانسور,https://www.youtube.com/watch?v=afDWCk0GcDA
🍿 فیلم کامل ایرانی یک اصفهانی در سرزمین هیتلر |بدون سانسور,https://www.youtube.com/watch?v=ctRQ44qHwiU
🍿 فیلم کامل ایرانی کلک نزن خوشگله |بدون سانسور,https://www.youtube.com/watch?v=Mu8rgwyMOag
🍿 فیلم کامل ایرانی عیالوار |بدون سانسور,https://www.youtube.com/watch?v=q6_mzpXgZOk
🍿 فیلم کامل ایرانی خوشگذران |بدون سانسور,https://www.youtube.com/watch?v=CqJfRXOCY9Y
🍿 فیلم کامل ایرانی خر دجال |بدون سانسور,https://www.youtube.com/watch?v=67mGIzE6BqU
🍿 فیلم کامل ایرانی زبون بسته |بدون سانسور,https://www.youtube.com/watch?v=TfXyqbjRtOc
🍿 فیلم کامل ایرانی فیل و فنجون |بدون سانسور,https://www.youtube.com/watch?v=ubk-rK5B0iQ
🍿 فیلم کامل ایرانی درشکه‌چی |بدون سانسور,https://www.youtube.com/watch?v=KZejgAzRugQ
🍿 فیلم کامل ایرانی کاسب‌های محل |بدون سانسور,https://www.youtube.com/watch?v=HeHeQQ3NsO8
🍿 فیلم کامل ایرانی مهمان |بدون سانسور,https://www.youtube.com/watch?v=ABydYykC0NQ
🍿 فیلم کامل ایرانی جیب بر خوشگله |بدون سانسور,https://www.youtube.com/watch?v=ae6hqgnpaAw
🍿 فیلم کامل ایرانی خدا قوت |بدون سانسور,https://www.youtube.com/watch?v=i7YhK5Vjg1E
🍿 فیلم کامل ایرانی چهار تا شیطون |بدون سانسور,https://www.youtube.com/watch?v=ahsakydtkeM
🍿 فیلم کامل ایرانی جنجال عروسی |بدون سانسور,https://www.youtube.com/watch?v=KoiI-q6QUio
🍿 فیلم کامل ایرانی لج و لجبازی |بدون سانسور,https://www.youtube.com/watch?v=CLUwdjfZweY
🍿 فیلم کامل ایرانی شیر تو شیر |بدون سانسور,https://www.youtube.com/watch?v=oySDw2HvOiM
🍿 فیلم کامل ایرانی خروس جنگی |بدون سانسور,https://www.youtube.com/watch?v=FRy__sdyAVU
🍿 فیلم کامل ایرانی پاتو زمین نذار |بدون سانسور,https://www.youtube.com/watch?v=WtMnV_YNoaY
🍿 فیلم کامل ایرانی پرتقال خونی |بدون سانسور,https://www.youtube.com/watch?v=InuuhWePDug
🍿 فیلم کامل ایرانی زن‌ها نمونه‌اند؟ |بدون سانسور,https://www.youtube.com/watch?v=szBHT_EqsLg
🍿 فیلم کامل ایرانی خشم کولی |بدون سانسور,https://www.youtube.com/watch?v=LLRRhsFFj9I
🍿 فیلم کامل ایرانی نخودی |بدون سانسور,https://www.youtube.com/watch?v=fThqQ9qikwk
🍿 فیلم کامل ایرانی غریبه دوست داشتنی |بدون سانسور,https://www.youtube.com/watch?v=trOQlLLyIL0
🍿 فیلم کامل ایرانی سفر خوش |بدون سانسور,https://www.youtube.com/watch?v=TP_qQ1zKU94
🍿 فیلم کامل ایرانی دیگر تنها نیستم |بدون سانسور,https://www.youtube.com/watch?v=5QAL25YSmJM
🍿 فیلم کامل ایرانی محاکمه در خیابان |بدون سانسور,https://www.youtube.com/watch?v=QFdDxlmI0MY
🍿 فیلم کامل ایرانی روزی که مرد شدم |بدون سانسور,https://www.youtube.com/watch?v=nVLfeip907w
🍿 فیلم کامل ایرانی خواب لیلا |بدون سانسور,https://www.youtube.com/watch?v=Gn9ALasmvgA
🍿 فیلم کامل ایرانی پرنده کوچک خوشبختی |بدون سانسور,https://www.youtube.com/watch?v=NJXucXeb1GU
🍿 فیلم کامل ایرانی احتمال باران اسیدی |بدون سانسور,https://www.youtube.com/watch?v=Ri4zWicXEAw
🍿 فیلم کامل ایرانی دریاچه ماهی |بدون سانسور,https://www.youtube.com/watch?v=e-JhVKtVixw
🍿 فیلم کامل ایرانی کوچه ملی |بدون سانسور,https://www.youtube.com/watch?v=5x41VZLwTG4
🍿 فیلم کامل ایرانی آناهیتا |بدون سانسور,https://www.youtube.com/watch?v=zmI9XFEZ9Yo
🍿 فیلم کامل ایرانی تیغ‌ زن |بدون سانسور,https://www.youtube.com/watch?v=8BrcRRJBgIs
🍿 فیلم کامل ایرانی نسیم سحر |بدون سانسور,https://www.youtube.com/watch?v=Ub7WrB0loy8
🍿 فیلم کامل ایرانی زن دوم |بدون سانسور,https://www.youtube.com/watch?v=vYZuUPJ5KGo
🍿 فیلم کامل ایرانی ول کن دستمو |بدون سانسور,https://www.youtube.com/watch?v=c3EwYhw6OQM
🍿 فیلم کامل ایرانی روز روشن |بدون سانسور,https://www.youtube.com/watch?v=0ko_8qLEdOA
🍿 فیلم کامل ایرانی هنرپیشه |بدون سانسور,https://www.youtube.com/watch?v=myjv9yMhwkQ
🍿 فیلم کامل ایرانی دوازده صندلی |بدون سانسور,https://www.youtube.com/watch?v=ozT3hM9Yt9k
🍿 فیلم کامل ایرانی دیو و دلبر |بدون سانسور,https://www.youtube.com/watch?v=HKeNC4djXAg
🍿 فیلم کامل ایرانی زندگی خصوصی آقا و خانم میم |بدون سانسور,https://www.youtube.com/watch?v=6CatkGw6zzU
🍿 فیلم کامل ایرانی بی خداحافظی |بدون سانسور,https://www.youtube.com/watch?v=cfHoK5P0ghA
🍿 فیلم کامل ایرانی آرایش غلیظ |بدون سانسور,https://www.youtube.com/watch?v=UjlCaxd4Xp4
🍿 فیلم کامل ایرانی بدون اجازه |بدون سانسور,https://www.youtube.com/watch?v=u_yC97FJXVI
🍿 فیلم کامل ایرانی دلتنگی‌های عاشقانه |بدون سانسور,https://www.youtube.com/watch?v=Mk95CERZ4xY
🍿 فیلم کامل ایرانی روباه |بدون سانسور,https://www.youtube.com/watch?v=jVMGvFKrrL8
🍿 فیلم کامل ایرانی پول خارجی |بدون سانسور,https://www.youtube.com/watch?v=AumEazLs8Og
🍿 فیلم کامل ایرانی فرار از کمپ دو |بدون سانسور,https://www.youtube.com/watch?v=Fhdrrg7ukEI
🍿 فیلم کامل ایرانی خواب زمستانی |بدون سانسور,https://www.youtube.com/watch?v=ZQhtTTqS2RA
🍿 فیلم کامل ایرانی حوالی اتوبان |بدون سانسور,https://www.youtube.com/watch?v=gmLx7g-hcsI
🍿 فیلم کامل ایرانی روزی که هوا ایستاد |بدون سانسور,https://www.youtube.com/watch?v=RfoUJdEM1ls
🍿 فیلم کامل ایرانی دزد عروسک‌‌ها |بدون سانسور,https://www.youtube.com/watch?v=dFVObHnSTqk
🍿 فیلم کامل ایرانی کلاغ پر دلفین پر |بدون سانسور,https://www.youtube.com/watch?v=Rpj6HrxFlnM
🍿 فیلم کامل ایرانی با تو می‌مانم |بدون سانسور,https://www.youtube.com/watch?v=IGk0Oc6-mP0
🍿 فیلم کامل ایرانی عروس خوش‌قدم |بدون سانسور,https://www.youtube.com/watch?v=egKSeb-l8mM
🍿 فیلم کامل ایرانی این یک تصادف نیست |بدون سانسور,https://www.youtube.com/watch?v=PajGUlyEJUI
🍿 فیلم کامل ایرانی دوباره با هم |بدون سانسور,https://www.youtube.com/watch?v=gxNOqbToRFI
🍿 فیلم کامل ایرانی گلنار |بدون سانسور,https://www.youtube.com/watch?v=lJfj2y_VyU4
🍿 فیلم کامل ایرانی روزهای خوب زندگی |بدون سانسور,https://www.youtube.com/watch?v=OUk1LwrHRtI
🍿 فیلم کامل ایرانی دلم می‌خواد |بدون سانسور,https://www.youtube.com/watch?v=2Xo3jQJiPfc
🍿 فیلم کامل ایرانی سرگیجه |بدون سانسور,https://www.youtube.com/watch?v=5VS74tALRJw
🍿 فیلم کامل ایرانی کلاس هنرپیشگی |بدون سانسور,https://www.youtube.com/watch?v=1kB_tODDbpo
🍿 فیلم کامل ایرانی متروپل |بدون سانسور,https://www.youtube.com/watch?v=90tQDnre0-o
🍿 فیلم کامل ایرانی می‌ترسم پس دروغ می‌گویم |بدون سانسور,https://www.youtube.com/watch?v=7tydme7LL4w
🍿 فیلم کامل ایرانی یکی می‌خواد باهات حرف بزنه |بدون سانسور,https://www.youtube.com/watch?v=bnuMEKpl6xs
🍿 فیلم کامل ایرانی شب حورا |بدون سانسور,https://www.youtube.com/watch?v=VadejQAicQg
🍿 فیلم کامل ایرانی رؤیای نیمه‌شب تابستان |بدون سانسور,https://www.youtube.com/watch?v=8PunfSpJY5k
🍿 فیلم کامل ایرانی برادرم خسرو |بدون سانسور,https://www.youtube.com/watch?v=sioPt0gC25o
🍿 فیلم کامل ایرانی موج سوم |بدون سانسور,https://www.youtube.com/watch?v=-MdncE9C4FY
🍿 فیلم کامل ایرانی عزیزم من کوک نیستم |بدون سانسور,https://www.youtube.com/watch?v=ZVUtUv5VKIw
🍿 فیلم کامل ایرانی ارسال آگهی تسلیت برای روزنامه |بدون سانسور,https://www.youtube.com/watch?v=3sNLTvLumxI
🍿 فیلم کامل ایرانی چشماتو نبند |بدون سانسور,https://www.youtube.com/watch?v=qCPjwmfQMq8
🍿 فیلم کامل ایرانی مسافران |بدون سانسور,https://www.youtube.com/watch?v=Acz_Es1b--Y
🍿 فیلم کامل ایرانی طوطیا |بدون سانسور,https://www.youtube.com/watch?v=T_GDlsZtq4M
🍿 فیلم کامل ایرانی روشنک |بدون سانسور,https://www.youtube.com/watch?v=kCGEDe7qJRA
🍿 فیلم کامل ایرانی چتری برای دو نفر |بدون سانسور,https://www.youtube.com/watch?v=CVESsrA0nu4
🍿 فیلم کامل ایرانی خرس |بدون سانسور,https://www.youtube.com/watch?v=8x6RvmqQ7Fg
🍿 فیلم کامل ایرانی هشت پا |بدون سانسور,https://www.youtube.com/watch?v=5aGS3LBLtLg
🍿 فیلم کامل ایرانی روزگاری عشق و خیانت |بدون سانسور,https://www.youtube.com/watch?v=P8WzXDgwztk
🍿 فیلم کامل ایرانی شکلات داغ |بدون سانسور,https://www.youtube.com/watch?v=I5AgvFq6deI
🍿 فیلم کامل ایرانی راه آبی ابریشم |بدون سانسور,https://www.youtube.com/watch?v=kYErNVN7pYM
🍿 فیلم کامل ایرانی پنج تا پنج |بدون سانسور,https://www.youtube.com/watch?v=_UKmfJ6Hkug
🍿 فیلم کامل ایرانی بایسیکل‌ ران |بدون سانسور,https://www.youtube.com/watch?v=vS1oo_yakpo
🍿 فیلم کامل ایرانی عاریه |بدون سانسور,https://www.youtube.com/watch?v=by3Q_2aXLs4
🍿 فیلم کامل ایرانی چراغی در مه |بدون سانسور,https://www.youtube.com/watch?v=M_xZETEjV4Q
🍿 فیلم کامل ایرانی دیگری |بدون سانسور,https://www.youtube.com/watch?v=73BYHxDJnrg
🍿 فیلم کامل ایرانی باد و شقایق |بدون سانسور,https://www.youtube.com/watch?v=uk2rCW0isug
🍿 فیلم کامل ایرانی با من حرف بزن |بدون سانسور,https://www.youtube.com/watch?v=L7jI0PxTbco
🍿 فیلم کامل ایرانی زمانی برای درنگ |بدون سانسور,https://www.youtube.com/watch?v=17MK0ZqrFV8
🍿 فیلم کامل ایرانی چارسو |بدون سانسور,https://www.youtube.com/watch?v=jnGNJP0IHQc
🍿 فیلم کامل ایرانی بگذار زندگی کنم |بدون سانسور,https://www.youtube.com/watch?v=TMkZNBV4Jao
🍿 فیلم کامل ایرانی وقتی همه خواب بودند |بدون سانسور,https://www.youtube.com/watch?v=d3MHR9EFdb4
🍿 فیلم کامل ایرانی عاشقت شدم |بدون سانسور,https://www.youtube.com/watch?v=GzIOUrt7I0E
🍿 فیلم کامل ایرانی عروسک |بدون سانسور,https://www.youtube.com/watch?v=AwSzRX2Xppo
🍿 فیلم کامل ایرانی شهر زنان |بدون سانسور,https://www.youtube.com/watch?v=ZmRtTNS1Whw
🍿 فیلم کامل ایرانی باغ آلوچه |بدون سانسور,https://www.youtube.com/watch?v=o2RYyFDYuno
🍿 فیلم کامل ایرانی شش قرن و شش سال |بدون سانسور,https://www.youtube.com/watch?v=HvYxvyi_6hQ
🍿 فیلم کامل ایرانی خط آبی |بدون سانسور,https://www.youtube.com/watch?v=2YtPjnsCnxY
🍿 فیلم کامل ایرانی مسلخ عشق |بدون سانسور,https://www.youtube.com/watch?v=_eBEFVVtmUI
🍿 فیلم کامل ایرانی شور شیرین |بدون سانسور,https://www.youtube.com/watch?v=2pxnzNW8mng
🍿 فیلم کامل ایرانی شکلات |بدون سانسور,https://www.youtube.com/watch?v=x8Ji0Fa1MI0
🍿 فیلم کامل ایرانی عنتر و منتر |بدون سانسور,https://www.youtube.com/watch?v=yL1QyIs5-Yw
🍿 فیلم کامل ایرانی میان‌بر |بدون سانسور,https://www.youtube.com/watch?v=7Ux3LvQCing
🍿 فیلم کامل ایرانی اخم نکن سرکار |بدون سانسور,https://www.youtube.com/watch?v=EL-9XwEuFbE
🍿 فیلم کامل ایرانی یاس‌های وحشی |بدون سانسور,https://www.youtube.com/watch?v=CwJil9zyJsg
🍿 فیلم کامل ایرانی تاکسی عشق |بدون سانسور,https://www.youtube.com/watch?v=eApagwl8piA
🍿 فیلم کامل ایرانی سارای |بدون سانسور,https://www.youtube.com/watch?v=pk8q2B8Fy_Y
🍿 فیلم کامل ایرانی مظفر |بدون سانسور,https://www.youtube.com/watch?v=kG6yksDWaTg
🍿 فیلم کامل ایرانی خیابانی‌ها |بدون سانسور,https://www.youtube.com/watch?v=xDr6HfQ_L6w
🍿 فیلم کامل ایرانی صد کیلو داماد |بدون سانسور,https://www.youtube.com/watch?v=HIBCEb1c0tk
🍿 فیلم کامل ایرانی دلقک‌ها |بدون سانسور,https://www.youtube.com/watch?v=OYnOmidx5hE
🍿 فیلم کامل ایرانی شیربها |بدون سانسور,https://www.youtube.com/watch?v=qjXtRl3o4zY
🍿 فیلم کامل ایرانی همه درختان من |بدون سانسور,https://www.youtube.com/watch?v=Gzy91kCNplU
🍿 فیلم کامل ایرانی مادر جونم عاشق شده |بدون سانسور,https://www.youtube.com/watch?v=h3W0GWlSKuA
🍿 فیلم کامل ایرانی مرد اجاره‌ای |بدون سانسور,https://www.youtube.com/watch?v=gwZljtcYDnk
🍿 فیلم کامل ایرانی شمسی پهلوون |بدون سانسور,https://www.youtube.com/watch?v=uQz00J8grd0
🍿 فیلم کامل ایرانی گل‌پری جون |بدون سانسور,https://www.youtube.com/watch?v=aYfRNdk3eoM
🍿 فیلم کامل ایرانی خانه قمر خانم |بدون سانسور,https://www.youtube.com/watch?v=FjKWwuxOtc8
🍿 فیلم کامل ایرانی یکی خوش‌صدا، یکی خوش‌دست |بدون سانسور,https://www.youtube.com/watch?v=Lwc8ZnylarA
🍿 فیلم کامل ایرانی داماد فراری |بدون سانسور,https://www.youtube.com/watch?v=i1Cp9tCntvk
🍿 فیلم کامل ایرانی دو کله شق |بدون سانسور,https://www.youtube.com/watch?v=ZCJpvztwjPw
🍿 فیلم کامل ایرانی حکیم باشی |بدون سانسور,https://www.youtube.com/watch?v=sqmb1X6nK_Q
🍿 فیلم کامل ایرانی بابا گلی به جمالت |بدون سانسور,https://www.youtube.com/watch?v=2DzYNA50PKU
🍿 فیلم کامل ایرانی ظفر |بدون سانسور,https://www.youtube.com/watch?v=_QEMWaAzTV4
🍿 فیلم کامل ایرانی هفت دختر برای هفت پسر |بدون سانسور,https://www.youtube.com/watch?v=17Ij_wKv5WY
🍿 فیلم کامل ایرانی رئیس |بدون سانسور,https://www.youtube.com/watch?v=5o_AjapJpHo
🍿 فیلم کامل ایرانی دست‌‌های خالی |بدون سانسور,https://www.youtube.com/watch?v=_bh2DWviuzM
🍿 فیلم کامل ایرانی پرواز در شب |بدون سانسور,https://www.youtube.com/watch?v=UVvLcbAVc1A
🍿 فیلم کامل ایرانی و اینک بهشت |بدون سانسور,https://www.youtube.com/watch?v=ZQl27akaGio
🍿 فیلم کامل ایرانی گنجشکک اشی مشی |بدون سانسور,https://www.youtube.com/watch?v=66-l2IyTpLY
🍿 فیلم کامل ایرانی سجده بر آب |بدون سانسور,https://www.youtube.com/watch?v=iJyNY_rogL8
🍿 فیلم کامل ایرانی راز مینا |بدون سانسور,https://www.youtube.com/watch?v=0mPdYXoxJbU
🍿 فیلم کامل ایرانی مقلد شیطان |بدون سانسور,https://www.youtube.com/watch?v=qAG062NRADg
🍿 فیلم کامل ایرانی سرب |بدون سانسور,https://www.youtube.com/watch?v=4Hxr-Qvcyc4
🍿 فیلم کامل ایرانی افسون گل سرخ |بدون سانسور,https://www.youtube.com/watch?v=5jy4CxxQzyQ
🍿 فیلم کامل ایرانی خروس بی محل |بدون سانسور,https://www.youtube.com/watch?v=jU5GWbvTlJM
🍿 فیلم کامل ایرانی شب‌های روشن |بدون سانسور,https://www.youtube.com/watch?v=z9gb9dE9yw0
🍿 فیلم کامل ایرانی ابرام در پاریس |بدون سانسور,https://www.youtube.com/watch?v=RIO5JG0GW5M
🍿 فیلم کامل ایرانی چیچو و فرانکو وطنی |بدون سانسور,https://www.youtube.com/watch?v=Uu398_b7vHE
🍿 فیلم کامل ایرانی ورپریده |بدون سانسور,https://www.youtube.com/watch?v=MXz_A7RJId0
🍿 فیلم کامل ایرانی آتشپاره تهران |بدون سانسور,https://www.youtube.com/watch?v=zq0ZccNae7Y
🍿 فیلم کامل ایرانی سه ناقلا در ژاپن |بدون سانسور,https://www.youtube.com/watch?v=Q6dhWHZEs8k
🍿 فیلم کامل ایرانی برهنه خوشحال |بدون سانسور,https://www.youtube.com/watch?v=YA52SSLTy9g
🍿 فیلم کامل ایرانی دختر نگو بلا بگو |بدون سانسور,https://www.youtube.com/watch?v=JL80BijpM8U
🍿 فیلم کامل ایرانی خوشگل خوشگلا |بدون سانسور,https://www.youtube.com/watch?v=hSmouYsuFV8
🍿 فیلم کامل ایرانی بابا شمل |بدون سانسور,https://www.youtube.com/watch?v=vHhcUwSnjAc
🍿 فیلم کامل ایرانی اعجوبه ها |بدون سانسور,https://www.youtube.com/watch?v=3lxw6j1JH8U
🍿 فیلم کامل ایرانی قهوه خانه قنبر |بدون سانسور,https://www.youtube.com/watch?v=ZGz5DQcOInc
🍿 فیلم کامل ایرانی ازدواج ایرانی |بدون سانسور,https://www.youtube.com/watch?v=Y3snDGRBwOE
🍿 فیلم کامل ایرانی شکار شوهر |بدون سانسور,https://www.youtube.com/watch?v=GlxDye-mRHM
🍿 فیلم کامل ایرانی پا تو کفش من نکن |بدون سانسور,https://www.youtube.com/watch?v=bI6zKYG3kmU
🍿 فیلم کامل ایرانی حاجی جبار در پاریس |بدون سانسور,https://www.youtube.com/watch?v=G3_v7iBPcbI
🍿 فیلم کامل ایرانی خوشگل محله |بدون سانسور,https://www.youtube.com/watch?v=qCEdehzF00g
🍿 فیلم کامل ایرانی تعطیلات داش اسمال |بدون سانسور,https://www.youtube.com/watch?v=Rw27zjfFeYw
🍿 فیلم کامل ایرانی ماجرای شب ژانویه |بدون سانسور,https://www.youtube.com/watch?v=UGIjrOSdADM
🍿 فیلم کامل ایرانی چاکر شما کوچولو |بدون سانسور,https://www.youtube.com/watch?v=Uh-4ccWm6CQ
🍿 فیلم کامل ایرانی جاهل‌ها و ژیگول‌ها |بدون سانسور,https://www.youtube.com/watch?v=GA8NtdYpjCc
🍿 فیلم کامل ایرانی خانه خراب |بدون سانسور,https://www.youtube.com/watch?v=IF37ea2aHzA
🍿 فیلم کامل ایرانی در جستجوی داماد |بدون سانسور,https://www.youtube.com/watch?v=QJOGgbAa4Zg
🍿 فیلم کامل ایرانی فقط آقا مهدی میتونه |بدون سانسور,https://www.youtube.com/watch?v=sH5V9l5bkPg
🍿 فیلم کامل ایرانی مرغ همسایه |بدون سانسور,https://www.youtube.com/watch?v=YJRqisn8kQk
🍿 فیلم کامل ایرانی اکبر دیلماج |بدون سانسور,https://www.youtube.com/watch?v=fjEuDviN33E
🍿 فیلم کامل ایرانی شوخی نکن دلخور می شم |بدون سانسور,https://www.youtube.com/watch?v=qWgr7vVdUIc
🍿 فیلم کامل ایرانی یک داستان عاشقانه |بدون سانسور,https://www.youtube.com/watch?v=z-1V0wxVGh8
🍿 فیلم کامل ایرانی جعفر جنی و محبوبه اش |بدون سانسور,https://www.youtube.com/watch?v=PukuLOqKQ30
🍿 فیلم کامل ایرانی کیمیا |بدون سانسور,https://www.youtube.com/watch?v=RIdVZPjBgJY
🍿 فیلم کامل ایرانی فری دست قشنگ |بدون سانسور,https://www.youtube.com/watch?v=8p0gZDvQtcU
🍿 فیلم کامل ایرانی آن‌سوی رودخانه |بدون سانسور,https://www.youtube.com/watch?v=guU5P_m8p7o
🍿فیلم ایرانی نامه‌های باد,https://www.youtube.com/watch?v=T08fxHCDbko
🍿 فیلم کامل ایرانی وقت لطیف شن |بدون سانسور,https://www.youtube.com/watch?v=oIHQuwjGUtU
🍿 فیلم کامل ایرانی دو عروس |بدون سانسور,https://www.youtube.com/watch?v=WbuZ7hCj-w0
🍿 فیلم کامل ایرانی قصه‌ها |بدون سانسور,https://www.youtube.com/watch?v=yUAm4C_siYY
🍿 فیلم کامل ایرانی سیزده 59 |بدون سانسور,https://www.youtube.com/watch?v=983vVrgLt9w
🍿 فیلم کامل ایرانی پذیرایی ساده |بدون سانسور,https://www.youtube.com/watch?v=VJb8fhJ-JCY
🍿 فیلم کامل ایرانی خانواده سرکار غضنفر |بدون سانسور,https://www.youtube.com/watch?v=WqyrRRgHvtA
🍿 فیلم کامل ایرانی کج کلا خان |بدون سانسور,https://www.youtube.com/watch?v=l74MKOT_PY4
🍿 فیلم کامل ایرانی پهلوان در قرن اتم |بدون سانسور,https://www.youtube.com/watch?v=1b2Ef-UUyJM
🍿 فیلم کامل ایرانی شارلاتان |بدون سانسور,https://www.youtube.com/watch?v=8gm_GT3BicU
🍿 فیلم کامل ایرانی جنگلبان |بدون سانسور,https://www.youtube.com/watch?v=ZPT0_Epo2qU
🍿 فیلم کامل ایرانی قربون زن ایرونی |بدون سانسور,https://www.youtube.com/watch?v=yZa2k6u13Bw
🍿 فیلم کامل ایرانی این دست کجه |بدون سانسور,https://www.youtube.com/watch?v=nHtXB7PsM_M
🍿 فیلم کامل ایرانی علی کنکوری |بدون سانسور,https://www.youtube.com/watch?v=KYUCT2A6sEU
🍿 فیلم کامل ایرانی مرد شرقی، زن فرنگی |بدون سانسور,https://www.youtube.com/watch?v=_mUFqhfLySg
🍿 فیلم کامل ایرانی آقا دزده |بدون سانسور,https://www.youtube.com/watch?v=pl-Ob8Xob-A
🍿 فیلم کامل ایرانی رضا چلچله |بدون سانسور,https://www.youtube.com/watch?v=GlOYX23iAt0
🍿 فیلم کامل ایرانی یک میلیونر و دو مفلس |بدون سانسور,https://www.youtube.com/watch?v=zr_70TYGM3o
🍿 فیلم کامل ایرانی مشکل آقای اعتماد |بدون سانسور,https://www.youtube.com/watch?v=GY-NqRwN5Fk
🍿 فیلم کامل ایرانی زنبورک |بدون سانسور,https://www.youtube.com/watch?v=4IAwglvOa-s
🍿 فیلم کامل ایرانی اتل متل توتوله |بدون سانسور,https://www.youtube.com/watch?v=mM_b707u8ug
🍿 فیلم کامل ایرانی الکی خوش |بدون سانسور,https://www.youtube.com/watch?v=peuNkHRGRn4
🍿 فیلم کامل ایرانی شادی‌های زندگی ما |بدون سانسور,https://www.youtube.com/watch?v=mJtc-0EfR88
🍿 فیلم کامل ایرانی مذاکرات مستقیم آقای عبدی |بدون سانسور,https://www.youtube.com/watch?v=rogeSHHRvDo
🍿 فیلم کامل ایرانی استخونای بابام |بدون سانسور,https://www.youtube.com/watch?v=k1M1yUWt0KU
🍿 فیلم کامل ایرانی نیم وجبی |بدون سانسور,https://www.youtube.com/watch?v=2KA3kqGn2U0
🍿 فیلم کامل ایرانی فرار از کمپ سه |بدون سانسور,https://www.youtube.com/watch?v=ZpGpvqsF0QY
🍿 فیلم کامل ایرانی نخاله قهرمان |بدون سانسور,https://www.youtube.com/watch?v=ZXByMV7mqMI
🍿 فیلم کامل ایرانی گنجشک و قناری |بدون سانسور,https://www.youtube.com/watch?v=MhXHXYz6h40
🍿 فیلم کامل ایرانی سینه چاک |بدون سانسور,https://www.youtube.com/watch?v=oPBEMTjP0E0
🍿 فیلم کامل ایرانی پلی به سوی بهشت |بدون سانسور,https://www.youtube.com/watch?v=UoVmXdgfsYI
🍿 فیلم کامل ایرانی تختخواب سه نفره |بدون سانسور,https://www.youtube.com/watch?v=tPV7i8-m2_o
🍿 فیلم کامل ایرانی پری خوشگله |بدون سانسور,https://www.youtube.com/watch?v=57ycZDqSkus
🍿 فیلم کامل ایرانی خوشگذران |بدون سانسور,https://www.youtube.com/watch?v=d3hA1qb6I5U
🍿 فیلم کامل ایرانی نوبر اصفهان |بدون سانسور,https://www.youtube.com/watch?v=49x0KJyQELc
🍿 فیلم کامل ایرانی مادموازل خاله |بدون سانسور,https://www.youtube.com/watch?v=-0TYuTsDzsg
🍿 فیلم کامل ایرانی یک اصفهانی در سرزمین هیتلر |بدون سانسور,https://www.youtube.com/watch?v=-O-yst8faCw
🍿 فیلم کامل ایرانی خر دجال |بدون سانسور,https://www.youtube.com/watch?v=1dfeCCV7Kuc
🍿 فیلم کامل ایرانی عیالوار |بدون سانسور,https://www.youtube.com/watch?v=FGb8tnZMAXI
🍿 فیلم کامل ایرانی مهمان |بدون سانسور,https://www.youtube.com/watch?v=NNNOoELljW8
🍿 فیلم کامل ایرانی کلک نزن خوشگله |بدون سانسور,https://www.youtube.com/watch?v=ILL_dncn0OM
🍿 فیلم کامل ایرانی زبون بسته |بدون سانسور,https://www.youtube.com/watch?v=z1q30Vr4O7k
🍿 فیلم کامل ایرانی فیل و فنجون |بدون سانسور,https://www.youtube.com/watch?v=AhIhmcCSSuw
🍿 فیلم کامل ایرانی جیب بر خوشگله |بدون سانسور,https://www.youtube.com/watch?v=M6jb18Nfbdc
🍿 فیلم کامل ایرانی کاسب‌های محل |بدون سانسور,https://www.youtube.com/watch?v=4JeY7aCbdIc
🍿 فیلم کامل ایرانی لج و لجبازی |بدون سانسور,https://www.youtube.com/watch?v=0fsThRJvqq4
🍿 فیلم کامل ایرانی درشکه‌چی |بدون سانسور,https://www.youtube.com/watch?v=PKWLTEp5vxo
🍿 فیلم کامل ایرانی خدا قوت |بدون سانسور,https://www.youtube.com/watch?v=vb2nRMzw9eQ
🍿 فیلم کامل ایرانی شیر تو شیر |بدون سانسور,https://www.youtube.com/watch?v=tO3rDDdiRsQ
🍿 فیلم کامل ایرانی جنجال عروسی |بدون سانسور,https://www.youtube.com/watch?v=ccQDOVUjqNo
🍿 فیلم کامل ایرانی خشم کولی |بدون سانسور,https://www.youtube.com/watch?v=3YqL0xyXbGI
🍿 فیلم کامل ایرانی چهار تا شیطون |بدون سانسور,https://www.youtube.com/watch?v=_XCtEh7ucew
🍿 فیلم کامل ایرانی خروس جنگی |بدون سانسور,https://www.youtube.com/watch?v=pQSN_oSUaJA
🍿 فیلم کامل ایرانی پاتو زمین نذار |بدون سانسور,https://www.youtube.com/watch?v=x7ZZyeN4uiI
🍿 فیلم کامل ایرانی نخودی |بدون سانسور,https://www.youtube.com/watch?v=0JHW5vFL-oc
🍿 فیلم کامل ایرانی زن‌ها نمونه‌اند؟ |بدون سانسور,https://www.youtube.com/watch?v=RVZiTGAD4Fw
🍿 فیلم کامل ایرانی روزی که مرد شدم |بدون سانسور,https://www.youtube.com/watch?v=pqvPGgJ6AWk
🍿 فیلم کامل ایرانی پرتقال خونی |بدون سانسور,https://www.youtube.com/watch?v=-Qt5Us3Q_mM
🍿 فیلم کامل ایرانی غریبه دوست داشتنی |بدون سانسور,https://www.youtube.com/watch?v=FtTNaiFYjjQ
🍿 فیلم کامل ایرانی سفر خوش |بدون سانسور,https://www.youtube.com/watch?v=Pu7FWFDu010
🍿 فیلم کامل ایرانی خواب لیلا |بدون سانسور,https://www.youtube.com/watch?v=kdg9DUB7k_s
🍿 فیلم کامل ایرانی محاکمه در خیابان |بدون سانسور,https://www.youtube.com/watch?v=tsZETe0M1no
🍿 فیلم کامل ایرانی دیگر تنها نیستم |بدون سانسور,https://www.youtube.com/watch?v=eUbsx-hkDpQ
🍿 فیلم کامل ایرانی پرنده کوچک خوشبختی |بدون سانسور,https://www.youtube.com/watch?v=AeeV07Wq3l4
🍿 فیلم کامل ایرانی احتمال باران اسیدی |بدون سانسور,https://www.youtube.com/watch?v=ipW5_24C5c0
🍿 فیلم کامل ایرانی آناهیتا |بدون سانسور,https://www.youtube.com/watch?v=18rAFVOpcqI
🍿 فیلم کامل ایرانی کوچه ملی |بدون سانسور,https://www.youtube.com/watch?v=2WuSvvjNN_s
🍿 فیلم کامل ایرانی دریاچه ماهی |بدون سانسور,https://www.youtube.com/watch?v=b-jHrsjyzvc
🍿 فیلم کامل ایرانی تیغ‌ زن |بدون سانسور,https://www.youtube.com/watch?v=xSEUzRFvNgE
🍿 فیلم کامل ایرانی نسیم سحر |بدون سانسور,https://www.youtube.com/watch?v=SBJzS0DUAmo
🍿 فیلم کامل ایرانی هنرپیشه |بدون سانسور,https://www.youtube.com/watch?v=FHE4N2_i2Z0
🍿 فیلم کامل ایرانی ول کن دستمو |بدون سانسور,https://www.youtube.com/watch?v=YTK-827-wt0
🍿 فیلم کامل ایرانی آرایش غلیظ |بدون سانسور,https://www.youtube.com/watch?v=Xbsc2eH-xTw
🍿 فیلم کامل ایرانی زن دوم |بدون سانسور,https://www.youtube.com/watch?v=5DM8mYjNRIc
🍿 فیلم کامل ایرانی دوازده صندلی |بدون سانسور,https://www.youtube.com/watch?v=0_j3z0b6-80
🍿 فیلم کامل ایرانی دیو و دلبر |بدون سانسور,https://www.youtube.com/watch?v=WKMX4bbUW1s
🍿 فیلم کامل ایرانی بی خداحافظی |بدون سانسور,https://www.youtube.com/watch?v=kxtfZ5fODqU
🍿 فیلم کامل ایرانی فرار از کمپ دو |بدون سانسور,https://www.youtube.com/watch?v=EuS1FdrQm-4
🍿 فیلم کامل ایرانی زندگی خصوصی آقا و خانم میم |بدون سانسور,https://www.youtube.com/watch?v=7BXvUYhp7GQ
🍿 فیلم کامل ایرانی بدون اجازه |بدون سانسور,https://www.youtube.com/watch?v=PVOMOfB6RsM
🍿 فیلم کامل ایرانی دلتنگی‌های عاشقانه |بدون سانسور,https://www.youtube.com/watch?v=xw-V84vJe6U
🍿 فیلم کامل ایرانی خواب زمستانی |بدون سانسور,https://www.youtube.com/watch?v=kfdGT5trBeI
🍿 فیلم کامل ایرانی پول خارجی |بدون سانسور,https://www.youtube.com/watch?v=5rO_ud_T0UQ
🍿 فیلم کامل ایرانی کلاغ پر دلفین پر |بدون سانسور,https://www.youtube.com/watch?v=gKS_taix0go
🍿 فیلم کامل ایرانی روباه |بدون سانسور,https://www.youtube.com/watch?v=xx8cDJcLhAg
🍿 فیلم کامل ایرانی حوالی اتوبان |بدون سانسور,https://www.youtube.com/watch?v=L2ymB3Df8K8
🍿 فیلم کامل ایرانی روزی که هوا ایستاد |بدون سانسور,https://www.youtube.com/watch?v=_K7X_SSwBRU
🍿 فیلم کامل ایرانی با تو می‌مانم |بدون سانسور,https://www.youtube.com/watch?v=h-OmLpzSNlI
🍿 فیلم کامل ایرانی دزد عروسک‌‌ها |بدون سانسور,https://www.youtube.com/watch?v=3adZRTZnL9A
🍿 فیلم کامل ایرانی روزهای خوب زندگی |بدون سانسور,https://www.youtube.com/watch?v=Z-3f0gz_Tu4
🍿 فیلم کامل ایرانی عاشقانه |بدون سانسور,https://www.youtube.com/watch?v=sFG3hz3Vd7A
🍿 فیلم کامل ایرانی عروس خوش‌قدم |بدون سانسور,https://www.youtube.com/watch?v=Pg7Zzgyam60
🍿 فیلم کامل ایرانی این یک تصادف نیست |بدون سانسور,https://www.youtube.com/watch?v=uJiZmTQ5ZtM
🍿 فیلم کامل ایرانی دلم می‌خواد |بدون سانسور,https://www.youtube.com/watch?v=Xf_NZk63osk
🍿 فیلم کامل ایرانی گلنار |بدون سانسور,https://www.youtube.com/watch?v=jOlL2dHF0Jk
🍿 فیلم کامل ایرانی یکی می‌خواد باهات حرف بزنه |بدون سانسور,https://www.youtube.com/watch?v=l2kvww6f9sM
🍿 فیلم کامل ایرانی دوباره با هم |بدون سانسور,https://www.youtube.com/watch?v=gywDyEzJKjE
🍿 فیلم کامل ایرانی سرگیجه |بدون سانسور,https://www.youtube.com/watch?v=xTdsK9spB3o
🍿 فیلم کامل ایرانی کلاس هنرپیشگی |بدون سانسور,https://www.youtube.com/watch?v=kNKxNbaUO2M
🍿 فیلم کامل ایرانی شب حورا |بدون سانسور,https://www.youtube.com/watch?v=Mb6mGdpVAAc
🍿 فیلم کامل ایرانی می‌ترسم پس دروغ می‌گویم |بدون سانسور,https://www.youtube.com/watch?v=X0bo-rPv2vk
🍿 فیلم کامل ایرانی ارسال آگهی تسلیت برای روزنامه |بدون سانسور,https://www.youtube.com/watch?v=dmlM_j4WWuY
🍿 فیلم کامل ایرانی متروپل |بدون سانسور,https://www.youtube.com/watch?v=1Vc1oA9b7Dc
🍿 فیلم کامل ایرانی رؤیای نیمه‌شب تابستان |بدون سانسور,https://www.youtube.com/watch?v=9PzsCozIXRg
🍿 فیلم کامل ایرانی برادرم خسرو |بدون سانسور,https://www.youtube.com/watch?v=_GwEjlpFdg0
🍿 فیلم کامل ایرانی چشماتو نبند |بدون سانسور,https://www.youtube.com/watch?v=efOcgb2LLII
🍿 فیلم کامل ایرانی عزیزم من کوک نیستم |بدون سانسور,https://www.youtube.com/watch?v=c0i8QY-JFG8
🍿 فیلم کامل ایرانی خرس |بدون سانسور,https://www.youtube.com/watch?v=bp4nTgfr4sA
🍿 فیلم کامل ایرانی موج سوم |بدون سانسور,https://www.youtube.com/watch?v=qJX6Xy0CGWA
🍿 فیلم کامل ایرانی مسافران |بدون سانسور,https://www.youtube.com/watch?v=Zud6XA-I-0A
🍿 فیلم کامل ایرانی طوطیا |بدون سانسور,https://www.youtube.com/watch?v=RreOyOgjQr0
🍿 فیلم کامل ایرانی هشت پا |بدون سانسور,https://www.youtube.com/watch?v=nd0lV_8ooo0
🍿 فیلم کامل ایرانی چتری برای دو نفر |بدون سانسور,https://www.youtube.com/watch?v=JsqS3kQWunI
🍿 فیلم کامل ایرانی بایسیکل‌ ران |بدون سانسور,https://www.youtube.com/watch?v=1lAY3wx38LM
🍿 فیلم کامل ایرانی روشنک |بدون سانسور,https://www.youtube.com/watch?v=kR22qBv4Jss
🍿 فیلم کامل ایرانی روزگاری عشق و خیانت |بدون سانسور,https://www.youtube.com/watch?v=vn9PnqBJfOc
🍿 فیلم کامل ایرانی شکلات داغ |بدون سانسور,https://www.youtube.com/watch?v=I_gHM0wWshM
🍿 فیلم کامل ایرانی عاریه |بدون سانسور,https://www.youtube.com/watch?v=lAIpQ3NuPgY
🍿 فیلم کامل ایرانی پنج تا پنج |بدون سانسور,https://www.youtube.com/watch?v=pIgCCdeK1bw
🍿 فیلم کامل ایرانی زمانی برای درنگ |بدون سانسور,https://www.youtube.com/watch?v=o7uMWCEaM68
🍿 فیلم کامل ایرانی راه آبی ابریشم |بدون سانسور,https://www.youtube.com/watch?v=sdPnzav_mQQ
🍿 فیلم کامل ایرانی چراغی در مه |بدون سانسور,https://www.youtube.com/watch?v=U2-Kd_1N6S4
🍿 فیلم کامل ایرانی دیگری |بدون سانسور,https://www.youtube.com/watch?v=dkCsCB2LhVk
🍿 فیلم کامل ایرانی چارسو |بدون سانسور,https://www.youtube.com/watch?v=KyhuVHK7_7Y
🍿 فیلم کامل ایرانی با من حرف بزن |بدون سانسور,https://www.youtube.com/watch?v=0mwRfDLGhdw
🍿 فیلم کامل ایرانی شهر زنان |بدون سانسور,https://www.youtube.com/watch?v=gMhjo0MDJCs
🍿 فیلم کامل ایرانی باد و شقایق |بدون سانسور,https://www.youtube.com/watch?v=dnqZDYydPmI
🍿 فیلم کامل ایرانی بگذار زندگی کنم |بدون سانسور,https://www.youtube.com/watch?v=gWcx4cmne-k
🍿 فیلم کامل ایرانی وقتی همه خواب بودند |بدون سانسور,https://www.youtube.com/watch?v=y_RpH0DR5Eg
🍿 فیلم کامل ایرانی باغ آلوچه |بدون سانسور,https://www.youtube.com/watch?v=DFD8VcMyIO0
🍿 فیلم کامل ایرانی عروسک |بدون سانسور,https://www.youtube.com/watch?v=FYiDuWDb9zM
🍿 فیلم کامل ایرانی عاشقت شدم |بدون سانسور,https://www.youtube.com/watch?v=B-50vly0Mnk
🍿 فیلم کامل ایرانی شکلات |بدون سانسور,https://www.youtube.com/watch?v=TjbGelOnmQQ
🍿 فیلم کامل ایرانی مسلخ عشق |بدون سانسور,https://www.youtube.com/watch?v=Bzz3tXDvhO0
🍿 فیلم کامل ایرانی شور شیرین |بدون سانسور,https://www.youtube.com/watch?v=5wEDp86m934
🍿 فیلم کامل ایرانی خط آبی |بدون سانسور,https://www.youtube.com/watch?v=QdNLiQWgoN8
🍿 فیلم کامل ایرانی عنتر و منتر |بدون سانسور,https://www.youtube.com/watch?v=0InuV4u2jx4
🍿 فیلم کامل ایرانی شش قرن و شش سال |بدون سانسور,https://www.youtube.com/watch?v=-RssVuY5rTo
🍿 فیلم کامل ایرانی سارای |بدون سانسور,https://www.youtube.com/watch?v=02SZdgvrOjI
🍿 فیلم کامل ایرانی یاس‌های وحشی |بدون سانسور,https://www.youtube.com/watch?v=FneaT-gzeC0
🍿 فیلم کامل ایرانی تاکسی عشق |بدون سانسور,https://www.youtube.com/watch?v=rgOxX3HVMBE
🍿 فیلم کامل ایرانی اخم نکن سرکار |بدون سانسور,https://www.youtube.com/watch?v=6YejbFsjmvk
🍿 فیلم کامل ایرانی مظفر |بدون سانسور,https://www.youtube.com/watch?v=IkSfsrxYlL4
🍿 فیلم کامل ایرانی میان‌بر |بدون سانسور,https://www.youtube.com/watch?v=qTxZ1-N71NE
🍿 فیلم کامل ایرانی خیابانی‌ها |بدون سانسور,https://www.youtube.com/watch?v=5prHPCJkH_I
🍿 فیلم کامل ایرانی صد کیلو داماد |بدون سانسور,https://www.youtube.com/watch?v=dnEK7Yxr5lU
🍿 فیلم کامل ایرانی همه درختان من |بدون سانسور,https://www.youtube.com/watch?v=-qyR37NODoY
🍿 فیلم کامل ایرانی دلقک‌ها |بدون سانسور,https://www.youtube.com/watch?v=PHYa60QFPkU
🍿 Comedy Movie Yeki Mikhad Bahat Harf Bezane - یکی میخواد باهات حرف بزنه,https://www.youtube.com/watch?v=RMxjIApJDlg
🍿Iranian Movie Khabe Leila | فیلم سینمایی ایرانی خواب لیلا | فاطمه معتمد آریا و پژمان بازغی,https://www.youtube.com/watch?v=szwLKghJPkk
🍿فیلم سینمایی ایرانی خواب زمستانی | فاطمه معتمد آریا و شاهرخ فروتنیان,https://www.youtube.com/watch?v=mMJcjSIbmn0
🍿Iranian Movie Shoore Shirin | فیلم سینمایی ایرانی شور شیرین🍿,https://www.youtube.com/watch?v=rE-9Kuoh790
🍿Iranian Movie Baghe Aloucheh | فیلم سینمایی ایرانی باغ آلوچه | شهاب حسینی و لیلا زارع,https://www.youtube.com/watch?v=m8jOL6jVjwM
🍿Iranian Movie Mosaferan | فیلم سینمایی ایرانی مسافران🍿,https://www.youtube.com/watch?v=PuAl8FTd6eA
🍿Iranian Movie Poole Khareji | فیلم سینمایی ایرانی پول خارجی | محمدعلی کشاورز و علی نصیریان,https://www.youtube.com/watch?v=TCCWENqKzoM
🍿Iranian Movie Shokolate Dagh | فیلم سینمایی ایرانی شکلات داغ🍿,https://www.youtube.com/watch?v=kAvTRSSbW6A
🍿Iranian Movie Div O Delbar | فیلم سینمایی ایرانی دیو و دلبر | بابک حمیدیان و بهاره رهنما,https://www.youtube.com/watch?v=ii4W0GYDqd4
🍿 Iranian Movie Khers | فیلم سینمایی ایرانی خرس | پرویز پرستویی‎ و فرهاد اصلانی ‎,https://www.youtube.com/watch?v=f_E9gBXScyM
🍿Iranian Movie Asheghaneh | فیلم سینمایی ایرانی عاشقانه | بهاره رهنما و خسرو شکیبایی,https://www.youtube.com/watch?v=YMVIEPNMj7g
🍿 Iranian Movie Dobareh Baham | فیلم سینمایی ایرانی دوباره باهم | سحر قریشی و حمید فرخ نژاد,https://www.youtube.com/watch?v=W3la2wmbRTg
🍿Iranian Movie Azizam Man Kook Nistam | فیلم سینمایی ایرانی عزیزم من کوک نیستم🍿,https://www.youtube.com/watch?v=UXsVfoLGg3k
🍿Iranian Movie Hasht Pa | فیلم سینمایی ایرانی هشت پا | محمدرضا فروتن و علی صادقی,https://www.youtube.com/watch?v=TMAgZCfYPr0
🍿 Comedy Movie Kelase Honarpishegi - کلاس هنرپیشگی,https://www.youtube.com/watch?v=R8lX-1oKsws
🍿فیلم ایرانی نامه‌های باد,https://www.youtube.com/watch?v=LhrnpQYiSHg
🍿Iranian Movie Bedoone Ejaze | فیلم سینمایی ایرانی بدون اجازه | داریوش ارجمند و محمد کاسبی,https://www.youtube.com/watch?v=JT5UWZ_D0bc
🍿فیلم سینمایی ایرانی کلاغ پر دلفین پر | رابعه اسکویی و عباس محبوب,https://www.youtube.com/watch?v=IGrzqp-fEU0
🍿Iranian Movie Do Aroos | فیلم سینمایی ایرانی دو عروس | میر‌طاهر مظلومی و بهزاد رحیم‌خانی,https://www.youtube.com/watch?v=G_3HF4yYb5E
🍿Iranian Movie Poole Khareji | فیلم سینمایی ایرانی پول خارجی🍿,https://www.youtube.com/watch?v=EadU4e7_IHA
🍿فیلم سینمایی ایرانی دلتنگی‌های عاشقانه | محمدرضا فروتن و میترا حجار,https://www.youtube.com/watch?v=BfKwap2rDYw
🍿Iranian Movie Farar Az Kamp 2 | فیلم سینمایی ایرانی فرار از کمپ دو | یوسف صیادی و ارژنگ امیرفضلی,https://www.youtube.com/watch?v=9CxFBRBysTM
🍿Iranian Movie Yas haye Vahshi | فیلم سینمایی ایرانی یاس‌های وحشی🍿,https://www.youtube.com/watch?v=7lYOxZicItM
🍿فیلم سینمایی ایرانی روزی که هوا ایستاد | رامین راستاد و مانی کسراییان,https://www.youtube.com/watch?v=1PaO7JdHUtA
🍿Iranian Movie Shabe Houra | فیلم سینمایی ایرانی شب حورا🍿,https://www.youtube.com/watch?v=7VbA88RXY1w
🍿 Comedy Movie Cheshmato Naband - چشماتو نبند,https://www.youtube.com/watch?v=4CHG4DLXoSQ
🍿Iranian Movie Yek Dastane Asheghane | فیلم سینمایی ایرانی یک داستان عاشقانه🍿,https://www.youtube.com/watch?v=xnNFyLR8odE
🍿Iranian Movie Vaghte Latife Shen | فیلم سینمایی ایرانی وقت لطیف شن🍿,https://www.youtube.com/watch?v=K-Cn42gD96U
🍿Iranian Movie Sargijeh | فیلم سینمایی ایرانی سرگیجه🍿,https://www.youtube.com/watch?v=Jv6k2Cdn174
🍿Iranian Movie Roozi ke Hava Istad | فیلم سینمایی ایرانی روزی که هوا ایستاد🍿,https://www.youtube.com/watch?v=P6UtVpn-zjc
🍿Iranian Movie Khabe Zemestani | فیلم سینمایی ایرانی خواب زمستانی🍿,https://www.youtube.com/watch?v=-zbBnewkgzA
🍿 فیلم کامل ایرانی شیربها |بدون سانسور,https://www.youtube.com/watch?v=PXLmSlIm1k4
🍿 فیلم کامل ایرانی یکی خوش‌صدا، یکی خوش‌دست |بدون سانسور,https://www.youtube.com/watch?v=2lEcocjteU0
🍿 فیلم کامل ایرانی گل‌پری جون |بدون سانسور,https://www.youtube.com/watch?v=5SYTnCJQGkA
🍿 فیلم کامل ایرانی مرد اجاره‌ای |بدون سانسور,https://www.youtube.com/watch?v=LYik1aSx-ts
🍿 فیلم کامل ایرانی شمسی پهلوون |بدون سانسور,https://www.youtube.com/watch?v=Tl6fntgtOm8
🍿 فیلم کامل ایرانی مادر جونم عاشق شده |بدون سانسور,https://www.youtube.com/watch?v=1orpqH4KZFU
🍿 فیلم کامل ایرانی خانه قمر خانم |بدون سانسور,https://www.youtube.com/watch?v=B4TPcvJO298
🍿 فیلم کامل ایرانی هفت دختر برای هفت پسر |بدون سانسور,https://www.youtube.com/watch?v=nNKcNxi9p88
🍿 فیلم کامل ایرانی بابا گلی به جمالت |بدون سانسور,https://www.youtube.com/watch?v=u8lw0MP9VHM
🍿 فیلم کامل ایرانی دو کله شق |بدون سانسور,https://www.youtube.com/watch?v=oBdzINgWmkQ
🍿 فیلم کامل ایرانی حکیم باشی |بدون سانسور,https://www.youtube.com/watch?v=4CYax7z8Snw
🍿 فیلم کامل ایرانی داماد فراری |بدون سانسور,https://www.youtube.com/watch?v=gYv_S-afz_s
🍿 فیلم کامل ایرانی سجده بر آب |بدون سانسور,https://www.youtube.com/watch?v=ekJEv79FmEs
🍿 فیلم کامل ایرانی و اینک بهشت |بدون سانسور,https://www.youtube.com/watch?v=XkHAJFLe5OA
🍿 فیلم کامل ایرانی دست‌‌های خالی |بدون سانسور,https://www.youtube.com/watch?v=Vz7CHMJu3bY
🍿 فیلم کامل ایرانی پرواز در شب |بدون سانسور,https://www.youtube.com/watch?v=bl6-Vp4WRSk
🍿 فیلم کامل ایرانی رئیس |بدون سانسور,https://www.youtube.com/watch?v=xAgK0EL9ojQ
🍿 فیلم کامل ایرانی گنجشکک اشی مشی |بدون سانسور,https://www.youtube.com/watch?v=DIFJMm8WxSA
🍿 فیلم کامل ایرانی افسون گل سرخ |بدون سانسور,https://www.youtube.com/watch?v=Z6IcnW9lfYE
🍿 فیلم کامل ایرانی مقلد شیطان |بدون سانسور,https://www.youtube.com/watch?v=jr7a7vOFMsM
🍿 فیلم کامل ایرانی سرب |بدون سانسور,https://www.youtube.com/watch?v=5kh8oZvUGv8
🍿 فیلم کامل ایرانی راز مینا |بدون سانسور,https://www.youtube.com/watch?v=Jui7iB012Ig
🍿 فیلم کامل ایرانی خروس بی محل |بدون سانسور,https://www.youtube.com/watch?v=ZGrDyA5AG00
🍿 فیلم کامل ایرانی برهنه خوشحال |بدون سانسور,https://www.youtube.com/watch?v=7Jja9CycM3I
🍿 فیلم کامل ایرانی آتشپاره تهران |بدون سانسور,https://www.youtube.com/watch?v=YsrscO6bmiw
🍿 فیلم کامل ایرانی چیچو و فرانکو وطنی |بدون سانسور,https://www.youtube.com/watch?v=DfaqubovYtM
🍿 فیلم کامل ایرانی ورپریده |بدون سانسور,https://www.youtube.com/watch?v=H77qudt-NoU
🍿 فیلم کامل ایرانی ابرام در پاریس |بدون سانسور,https://www.youtube.com/watch?v=QO4z0hVt1R0
🍿 فیلم کامل ایرانی سه ناقلا در ژاپن |بدون سانسور,https://www.youtube.com/watch?v=jgxL6r9HuNU
🍿 فیلم کامل ایرانی ازدواج ایرانی |بدون سانسور,https://www.youtube.com/watch?v=yAriL4k8bk4
🍿 فیلم کامل ایرانی اعجوبه ها |بدون سانسور,https://www.youtube.com/watch?v=lAtwkUELUnw
🍿 فیلم کامل ایرانی خوشگل خوشگلا |بدون سانسور,https://www.youtube.com/watch?v=uR1MM_A_5Ns
🍿 فیلم کامل ایرانی بابا شمل |بدون سانسور,https://www.youtube.com/watch?v=kPfeAKChGvA
🍿 فیلم کامل ایرانی دختر نگو بلا بگو |بدون سانسور,https://www.youtube.com/watch?v=DyYsykVZn_k
🍿 فیلم کامل ایرانی قهوه خانه قنبر |بدون سانسور,https://www.youtube.com/watch?v=dpGDuRpc0rk
🍿 فیلم کامل ایرانی ماجرای شب ژانویه |بدون سانسور,https://www.youtube.com/watch?v=gax4xdYc-DE
🍿 فیلم کامل ایرانی خوشگل محله |بدون سانسور,https://www.youtube.com/watch?v=osoVSBeFO7c
🍿 فیلم کامل ایرانی پا تو کفش من نکن |بدون سانسور,https://www.youtube.com/watch?v=sxvLIM4fJlA
🍿 فیلم کامل ایرانی حاجی جبار در پاریس |بدون سانسور,https://www.youtube.com/watch?v=OWOFqQs-ueE
🍿 فیلم کامل ایرانی شکار شوهر |بدون سانسور,https://www.youtube.com/watch?v=11bKxKFSZbw
🍿 فیلم کامل ایرانی تعطیلات داش اسمال |بدون سانسور,https://www.youtube.com/watch?v=QNVdXS1IjBY
🍿 فیلم کامل ایرانی مرغ همسایه |بدون سانسور,https://www.youtube.com/watch?v=By_HauilvDA
🍿 فیلم کامل ایرانی در جستجوی داماد |بدون سانسور,https://www.youtube.com/watch?v=u7F47kZWMLI
🍿 فیلم کامل ایرانی جاهل‌ها و ژیگول‌ها |بدون سانسور,https://www.youtube.com/watch?v=hNf-_NEih-U
🍿 فیلم کامل ایرانی خانه خراب |بدون سانسور,https://www.youtube.com/watch?v=Sp1KfoCAJp4
🍿 فیلم کامل ایرانی چاکر شما کوچولو |بدون سانسور,https://www.youtube.com/watch?v=TGOxqQ2zGdg
🍿 فیلم کامل ایرانی فقط آقا مهدی میتونه |بدون سانسور,https://www.youtube.com/watch?v=e6SM6h84dJo
🍿 فیلم کامل ایرانی فری دست قشنگ |بدون سانسور,https://www.youtube.com/watch?v=Rf8s5vd7MIA
🍿 فیلم کامل ایرانی جعفر جنی و محبوبه اش |بدون سانسور,https://www.youtube.com/watch?v=Cn-IkvaY4tw
🍿 فیلم کامل ایرانی شوخی نکن دلخور می شم |بدون سانسور,https://www.youtube.com/watch?v=5epv8Z-FCF8
🍿 فیلم کامل ایرانی یک داستان عاشقانه |بدون سانسور,https://www.youtube.com/watch?v=WUFSPvSuIlU
🍿 فیلم کامل ایرانی اکبر دیلماج |بدون سانسور,https://www.youtube.com/watch?v=-OSxsknZXiA
🍿 فیلم کامل ایرانی کیمیا |بدون سانسور,https://www.youtube.com/watch?v=6WovCo4uEEU
🍿 فیلم کامل ایرانی سیزده 59 |بدون سانسور,https://www.youtube.com/watch?v=51shU4xgTJg
🍿 فیلم کامل ایرانی دو عروس |بدون سانسور,https://www.youtube.com/watch?v=6Tu-wwyNNwc
🍿فیلم ایرانی نامه‌های باد |,https://www.youtube.com/watch?v=S57m_LXLEqs
🍿 فیلم کامل ایرانی وقت لطیف شن |بدون سانسور,https://www.youtube.com/watch?v=MEhW24YgZL8
🍿 فیلم کامل ایرانی آن‌سوی رودخانه |بدون سانسور,https://www.youtube.com/watch?v=yRrK9kN8OGg
🍿 فیلم کامل ایرانی قصه‌ها |بدون سانسور,https://www.youtube.com/watch?v=-B-m4ntsUXs
🍿 فیلم کامل ایرانی جنگلبان |بدون سانسور,https://www.youtube.com/watch?v=xwtT5YLYDjA
🍿 فیلم کامل ایرانی پهلوان در قرن اتم |بدون سانسور,https://www.youtube.com/watch?v=lL1d_dSCRhY
🍿 فیلم کامل ایرانی خانواده سرکار غضنفر |بدون سانسور,https://www.youtube.com/watch?v=-nI3aqZvEJ4
🍿 فیلم کامل ایرانی کج کلا خان |بدون سانسور,https://www.youtube.com/watch?v=A-UxpedeEeY
🍿 فیلم کامل ایرانی پذیرایی ساده |بدون سانسور,https://www.youtube.com/watch?v=91hiDEW800M
🍿 فیلم کامل ایرانی شارلاتان |بدون سانسور,https://www.youtube.com/watch?v=0o_4_soGBBY
🍿 فیلم کامل ایرانی رضا چلچله |بدون سانسور,https://www.youtube.com/watch?v=9OK9q4pJRBA
🍿 فیلم کامل ایرانی مرد شرقی، زن فرنگی |بدون سانسور,https://www.youtube.com/watch?v=AR3hdDjkHr4
🍿 فیلم کامل ایرانی این دست کجه |بدون سانسور,https://www.youtube.com/watch?v=7usL5inJXy8
🍿 فیلم کامل ایرانی علی کنکوری |بدون سانسور,https://www.youtube.com/watch?v=MeNhXPpeTDQ
🍿 فیلم کامل ایرانی قربون زن ایرونی |بدون سانسور,https://www.youtube.com/watch?v=FcywG_iOAAo
🍿 فیلم کامل ایرانی آقا دزده |بدون سانسور,https://www.youtube.com/watch?v=ryACDbRbKRM
🍿 فیلم کامل ایرانی شادی‌های زندگی ما |بدون سانسور,https://www.youtube.com/watch?v=KiqF4mKVbG4
🍿 فیلم کامل ایرانی اتل متل توتوله |بدون سانسور,https://www.youtube.com/watch?v=Wu0lpqvBUr4
🍿 فیلم کامل ایرانی مشکل آقای اعتماد |بدون سانسور,https://www.youtube.com/watch?v=Y0SHpw3-HaI
🍿 فیلم کامل ایرانی زنبورک |بدون سانسور,https://www.youtube.com/watch?v=Pu_toGgd-Rg
🍿 فیلم کامل ایرانی یک میلیونر و دو مفلس |بدون سانسور,https://www.youtube.com/watch?v=VqKgv97dJ6A
🍿 فیلم کامل ایرانی الکی خوش |بدون سانسور,https://www.youtube.com/watch?v=SEvDUKjJE2w
🍿 فیلم کامل ایرانی گنجشک و قناری |بدون سانسور,https://www.youtube.com/watch?v=zROStfBeFr8
🍿 فیلم کامل ایرانی فرار از کمپ سه |بدون سانسور,https://www.youtube.com/watch?v=_U0_eXxlSN8
🍿 فیلم کامل ایرانی استخونای بابام |بدون سانسور,https://www.youtube.com/watch?v=w5DBF2SNWjw
🍿 فیلم کامل ایرانی نیم وجبی |بدون سانسور,https://www.youtube.com/watch?v=n2rlEsTVbEw
🍿 فیلم کامل ایرانی مذاکرات مستقیم آقای عبدی |بدون سانسور,https://www.youtube.com/watch?v=OGF8T5B1CDM
🍿 فیلم کامل ایرانی نخاله قهرمان |بدون سانسور,https://www.youtube.com/watch?v=HoiwRfi7kT0
🍿 فیلم کامل ایرانی نوبر اصفهان |بدون سانسور,https://www.youtube.com/watch?v=nRuMzPMzqjk
🍿 فیلم کامل ایرانی پری خوشگله |بدون سانسور,https://www.youtube.com/watch?v=8GPQBRT4wIg
🍿 فیلم کامل ایرانی پلی به سوی بهشت |بدون سانسور,https://www.youtube.com/watch?v=iPDoyxdoS0Q
🍿 فیلم کامل ایرانی تختخواب سه نفره |بدون سانسور,https://www.youtube.com/watch?v=upNxP6esGAQ
🍿 فیلم کامل ایرانی سینه چاک |بدون سانسور,https://www.youtube.com/watch?v=c8zyfH8iPmU
🍿 فیلم کامل ایرانی خوشگذران |بدون سانسور,https://www.youtube.com/watch?v=xqozL_CfUf8
🍿 فیلم کامل ایرانی کلک نزن خوشگله |بدون سانسور,https://www.youtube.com/watch?v=pp1ISYeq06I
🍿 فیلم کامل ایرانی عیالوار |بدون سانسور,https://www.youtube.com/watch?v=wu13E3_SL70
🍿 فیلم کامل ایرانی یک اصفهانی در سرزمین هیتلر |بدون سانسور,https://www.youtube.com/watch?v=C_v_DAAWOro
🍿 فیلم کامل ایرانی خر دجال |بدون سانسور,https://www.youtube.com/watch?v=EmMTWzF1gYo
🍿 فیلم کامل ایرانی مادموازل خاله |بدون سانسور,https://www.youtube.com/watch?v=XB4bZtDFi00
🍿 فیلم کامل ایرانی مهمان |بدون سانسور,https://www.youtube.com/watch?v=1B2_cz9nMcY
🍿 فیلم کامل ایرانی درشکه‌چی |بدون سانسور,https://www.youtube.com/watch?v=SgigAwmZ4Ok
🍿 فیلم کامل ایرانی کاسب‌های محل |بدون سانسور,https://www.youtube.com/watch?v=T0-_YFIwUQk
🍿 فیلم کامل ایرانی فیل و فنجون |بدون سانسور,https://www.youtube.com/watch?v=JY6M0OjCano
🍿 فیلم کامل ایرانی جیب بر خوشگله |بدون سانسور,https://www.youtube.com/watch?v=-x5ylgWIf1g
🍿 فیلم کامل ایرانی زبون بسته |بدون سانسور,https://www.youtube.com/watch?v=-2MjZHX6Uac
🍿 فیلم کامل ایرانی لج و لجبازی |بدون سانسور,https://www.youtube.com/watch?v=MJzFCTrG2HY
🍿 فیلم کامل ایرانی چهار تا شیطون |بدون سانسور,https://www.youtube.com/watch?v=Yk3RB9Row8o
🍿 فیلم کامل ایرانی جنجال عروسی |بدون سانسور,https://www.youtube.com/watch?v=d0EqauPoGvY
🍿 فیلم کامل ایرانی خدا قوت |بدون سانسور,https://www.youtube.com/watch?v=IQVQeZY5HZQ
🍿 فیلم کامل ایرانی شیر تو شیر |بدون سانسور,https://www.youtube.com/watch?v=UK2OhNo0Me8
🍿 فیلم کامل ایرانی کنیز |بدون سانسور,https://www.youtube.com/watch?v=HQrDw2DQdsk
🍿 فیلم کامل ایرانی خشم کولی |بدون سانسور,https://www.youtube.com/watch?v=3BxpV4kOeIk
🍿 فیلم کامل ایرانی پرتقال خونی |بدون سانسور,https://www.youtube.com/watch?v=-8makd5q9lg
🍿 فیلم کامل ایرانی زن‌ها نمونه‌اند؟ |بدون سانسور,https://www.youtube.com/watch?v=vhZJ1Zt32Qs
🍿 فیلم کامل ایرانی پاتو زمین نذار |بدون سانسور,https://www.youtube.com/watch?v=qTQezJEufx0
🍿 فیلم کامل ایرانی نخودی |بدون سانسور,https://www.youtube.com/watch?v=aZIXuq0nCng
🍿 فیلم کامل ایرانی خروس جنگی |بدون سانسور,https://www.youtube.com/watch?v=nxaqBw9uRvE
🍿 فیلم کامل ایرانی روزی که مرد شدم |بدون سانسور,https://www.youtube.com/watch?v=CGnZxSvm3Dg
🍿 فیلم کامل ایرانی دیگر تنها نیستم |بدون سانسور,https://www.youtube.com/watch?v=2GBYuc98BAs
🍿 فیلم کامل ایرانی محاکمه در خیابان |بدون سانسور,https://www.youtube.com/watch?v=tTfRsl7v1n4
🍿 فیلم کامل ایرانی سفر خوش |بدون سانسور,https://www.youtube.com/watch?v=XcgCxGLXLM0
🍿 فیلم کامل ایرانی خواب لیلا |بدون سانسور,https://www.youtube.com/watch?v=zWJa4klKHlg
🍿 فیلم کامل ایرانی غریبه دوست داشتنی |بدون سانسور,https://www.youtube.com/watch?v=zeTmu0OplJs
🍿 فیلم کامل ایرانی دریاچه ماهی |بدون سانسور,https://www.youtube.com/watch?v=M1QWJciWRv8
🍿 فیلم کامل ایرانی کوچه ملی |بدون سانسور,https://www.youtube.com/watch?v=rxkCZnzKREU
🍿 فیلم کامل ایرانی احتمال باران اسیدی |بدون سانسور,https://www.youtube.com/watch?v=rbj_pd5nGPw
🍿 فیلم کامل ایرانی آناهیتا |بدون سانسور,https://www.youtube.com/watch?v=uO2saFwJEjY
🍿 فیلم کامل ایرانی پرنده کوچک خوشبختی |بدون سانسور,https://www.youtube.com/watch?v=dGedY-G2SpE
🍿 فیلم کامل ایرانی روز روشن |بدون سانسور,https://www.youtube.com/watch?v=zz9fvgwEKAs
🍿 فیلم کامل ایرانی نسیم سحر |بدون سانسور,https://www.youtube.com/watch?v=I3SeQH3SD6A
🍿 فیلم کامل ایرانی زن دوم |بدون سانسور,https://www.youtube.com/watch?v=VeQ2sNzbYZI
🍿 فیلم کامل ایرانی ول کن دستمو |بدون سانسور,https://www.youtube.com/watch?v=ace_brNsLPI
🍿 فیلم کامل ایرانی تیغ‌ زن |بدون سانسور,https://www.youtube.com/watch?v=BpLQfjm0KCk
🍿 فیلم کامل ایرانی هنرپیشه |بدون سانسور,https://www.youtube.com/watch?v=wUfgHYGC85s
🍿 فیلم کامل ایرانی دوازده صندلی |بدون سانسور,https://www.youtube.com/watch?v=OuSZhErlrr4
🍿 فیلم کامل ایرانی دیو و دلبر |بدون سانسور,https://www.youtube.com/watch?v=MPbeBd0PDhg
🍿 فیلم کامل ایرانی زندگی خصوصی آقا و خانم میم |بدون سانسور,https://www.youtube.com/watch?v=gZRrgo_lFWg
🍿 فیلم کامل ایرانی بی خداحافظی |بدون سانسور,https://www.youtube.com/watch?v=how6dJvSBcs
🍿 فیلم کامل ایرانی آرایش غلیظ |بدون سانسور,https://www.youtube.com/watch?v=U_7aarSDWpY
🍿 فیلم کامل ایرانی بدون اجازه |بدون سانسور,https://www.youtube.com/watch?v=MvYu8Zx386c
🍿 فیلم کامل ایرانی دلتنگی‌های عاشقانه |بدون سانسور,https://www.youtube.com/watch?v=zkZNlnFzudM
🍿 فیلم کامل ایرانی روباه |بدون سانسور,https://www.youtube.com/watch?v=DZImh8IXxEc
🍿 فیلم کامل ایرانی پول خارجی |بدون سانسور,https://www.youtube.com/watch?v=U0rt7OWDp8Q
🍿 فیلم کامل ایرانی فرار از کمپ دو |بدون سانسور,https://www.youtube.com/watch?v=bpxeKf_dNyw
🍿 فیلم کامل ایرانی خواب زمستانی |بدون سانسور,https://www.youtube.com/watch?v=lDqvSe9r5Bg
🍿 فیلم کامل ایرانی حوالی اتوبان |بدون سانسور,https://www.youtube.com/watch?v=g63TmmcE7Tg
🍿 فیلم کامل ایرانی روزی که هوا ایستاد |بدون سانسور,https://www.youtube.com/watch?v=_WZAByvqI8E
🍿 فیلم کامل ایرانی دزد عروسک‌‌ها |بدون سانسور,https://www.youtube.com/watch?v=f4RjfkIUm20
🍿 فیلم کامل ایرانی کلاغ پر دلفین پر |بدون سانسور,https://www.youtube.com/watch?v=s5XC5cAwl8Q
🍿 فیلم کامل ایرانی با تو می‌مانم |بدون سانسور,https://www.youtube.com/watch?v=7qO3oIo4EcE
🍿 فیلم کامل ایرانی عروس خوش‌قدم |بدون سانسور,https://www.youtube.com/watch?v=r3hhqNDlbXs
🍿 فیلم کامل ایرانی این یک تصادف نیست |بدون سانسور,https://www.youtube.com/watch?v=Wy1GodamF0w
🍿 فیلم کامل ایرانی دوباره با هم |بدون سانسور,https://www.youtube.com/watch?v=qM1vc6XRcq4
🍿 فیلم کامل ایرانی گلنار |بدون سانسور,https://www.youtube.com/watch?v=KQYlJjZQYis
🍿 فیلم کامل ایرانی روزهای خوب زندگی |بدون سانسور,https://www.youtube.com/watch?v=N_04lJ9ycDU
🍿 فیلم کامل ایرانی دلم می‌خواد |بدون سانسور,https://www.youtube.com/watch?v=D5EJmtt6llo
🍿 فیلم کامل ایرانی سرگیجه |بدون سانسور,https://www.youtube.com/watch?v=X08GTWpfjXw
🍿 فیلم کامل ایرانی کلاس هنرپیشگی |بدون سانسور,https://www.youtube.com/watch?v=p4Evlhm9ums
🍿 فیلم کامل ایرانی متروپل |بدون سانسور,https://www.youtube.com/watch?v=gmKk0-T_a64
🍿 فیلم کامل ایرانی می‌ترسم پس دروغ می‌گویم |بدون سانسور,https://www.youtube.com/watch?v=fBEPBUfbew4
🍿 فیلم کامل ایرانی یکی می‌خواد باهات حرف بزنه |بدون سانسور,https://www.youtube.com/watch?v=zss4FHmC0f4
🍿 فیلم کامل ایرانی شب حورا |بدون سانسور,https://www.youtube.com/watch?v=mXlXh5cqNsA
🍿 فیلم کامل ایرانی می‌ترسم پس دروغ می‌گویم |بدون سانسور,https://www.youtube.com/watch?v=wmfHsV3N-yM
🍿 فیلم کامل ایرانی موج سوم |بدون سانسور,https://www.youtube.com/watch?v=zbBZiyRO-qM
🍿 فیلم کامل ایرانی رؤیای نیمه‌شب تابستان |بدون سانسور,https://www.youtube.com/watch?v=d-f545gozN4
🍿 فیلم کامل ایرانی برادرم خسرو |بدون سانسور,https://www.youtube.com/watch?v=cRcRaWkYSPI
🍿 فیلم کامل ایرانی ارسال آگهی تسلیت برای روزنامه |بدون سانسور,https://www.youtube.com/watch?v=nWgB6EKRs1M
🍿 فیلم کامل ایرانی عزیزم من کوک نیستم |بدون سانسور,https://www.youtube.com/watch?v=gI6Z_1CO41E
🍿 فیلم کامل ایرانی خرس |بدون سانسور,https://www.youtube.com/watch?v=2e-Vm3uVMSM
🍿 فیلم کامل ایرانی روشنک |بدون سانسور,https://www.youtube.com/watch?v=MGoLWTbMyNE
🍿 فیلم کامل ایرانی مسافران |بدون سانسور,https://www.youtube.com/watch?v=_s7TU4hQRBo
🍿 فیلم کامل ایرانی طوطیا |بدون سانسور,https://www.youtube.com/watch?v=rkf8Ipj1qaI
🍿 فیلم کامل ایرانی چشماتو نبند |بدون سانسور,https://www.youtube.com/watch?v=GbWNCBgvqxM
🍿 فیلم کامل ایرانی چتری برای دو نفر |بدون سانسور,https://www.youtube.com/watch?v=W0vXAOFifU8
🍿 فیلم کامل ایرانی بایسیکل‌ ران |بدون سانسور,https://www.youtube.com/watch?v=T06Rk8CO-UQ
🍿 فیلم کامل ایرانی راه آبی ابریشم |بدون سانسور,https://www.youtube.com/watch?v=0ZzKVfmjsYQ
🍿 فیلم کامل ایرانی روزگاری عشق و خیانت |بدون سانسور,https://www.youtube.com/watch?v=OQxZoKQ3VbM
🍿 فیلم کامل ایرانی شکلات داغ |بدون سانسور,https://www.youtube.com/watch?v=Y6UelYU3fr0
🍿 فیلم کامل ایرانی پنج تا پنج |بدون سانسور,https://www.youtube.com/watch?v=l__7CTzOJUw
🍿 فیلم کامل ایرانی زمانی برای درنگ |بدون سانسور,https://www.youtube.com/watch?v=4ooxDzz_SI4
🍿 فیلم کامل ایرانی باد و شقایق |بدون سانسور,https://www.youtube.com/watch?v=a4pQQ-x_l5Y
🍿 فیلم کامل ایرانی چراغی در مه |بدون سانسور,https://www.youtube.com/watch?v=3x4JREic_Yo
🍿 فیلم کامل ایرانی دیگری |بدون سانسور,https://www.youtube.com/watch?v=gNSrtL3lzi4
🍿 فیلم کامل ایرانی عاریه |بدون سانسور,https://www.youtube.com/watch?v=Wr8ZGx2ENsQ
🍿 فیلم کامل ایرانی با من حرف بزن |بدون سانسور,https://www.youtube.com/watch?v=HgxcToPyg50
🍿 فیلم کامل ایرانی بگذار زندگی کنم |بدون سانسور,https://www.youtube.com/watch?v=psboBmnc9_s
🍿 فیلم کامل ایرانی وقتی همه خواب بودند |بدون سانسور,https://www.youtube.com/watch?v=vqbnKakuYLk
🍿 فیلم کامل ایرانی عاشقت شدم |بدون سانسور,https://www.youtube.com/watch?v=UIdZ0ODUP5w
🍿 فیلم کامل ایرانی عروسک |بدون سانسور,https://www.youtube.com/watch?v=1yUz41Fwcxw
🍿 فیلم کامل ایرانی چارسو |بدون سانسور,https://www.youtube.com/watch?v=v_CZdHjco7w
🍿 فیلم کامل ایرانی باغ آلوچه |بدون سانسور,https://www.youtube.com/watch?v=gi_0Iq5V5t0
🍿 فیلم کامل ایرانی شکلات |بدون سانسور,https://www.youtube.com/watch?v=vNI99mIgtKY
🍿 فیلم کامل ایرانی مسلخ عشق |بدون سانسور,https://www.youtube.com/watch?v=ecejxsTn3VA
🍿 فیلم کامل ایرانی شش قرن و شش سال |بدون سانسور,https://www.youtube.com/watch?v=u5OBdXypYys
🍿 فیلم کامل ایرانی خط آبی |بدون سانسور,https://www.youtube.com/watch?v=_EzedvIShFQ
🍿 فیلم کامل ایرانی شهر زنان |بدون سانسور,https://www.youtube.com/watch?v=28gLnseeoWA
🍿 فیلم کامل ایرانی شور شیرین |بدون سانسور,https://www.youtube.com/watch?v=a_oKB6ZDEKs
🍿 فیلم کامل ایرانی سارای |بدون سانسور,https://www.youtube.com/watch?v=mcdri0jmCd4
🍿 فیلم کامل ایرانی یاس‌های وحشی |بدون سانسور,https://www.youtube.com/watch?v=Lo6hF1rE2r0
🍿 فیلم کامل ایرانی میان‌بر |بدون سانسور,https://www.youtube.com/watch?v=ZYsq9ET_cQI
🍿 فیلم کامل ایرانی اخم نکن سرکار |بدون سانسور,https://www.youtube.com/watch?v=QV2FWn1uBXs
🍿 فیلم کامل ایرانی عنتر و منتر |بدون سانسور,https://www.youtube.com/watch?v=D1ON6T8R7Kg
🍿 فیلم کامل ایرانی تاکسی عشق |بدون سانسور,https://www.youtube.com/watch?v=H3g4Hd2lnQ0
🍿 فیلم کامل ایرانی همه درختان من |بدون سانسور,https://www.youtube.com/watch?v=VvFyNhxED6k
🍿 فیلم کامل ایرانی دلقک‌ها |بدون سانسور,https://www.youtube.com/watch?v=dqhUslDwy18
🍿 فیلم کامل ایرانی خیابانی‌ها |بدون سانسور,https://www.youtube.com/watch?v=tiSlaiI5Tts
🍿 فیلم کامل ایرانی صد کیلو داماد |بدون سانسور,https://www.youtube.com/watch?v=aTHQpV5oeXM
🍿 فیلم کامل ایرانی مظفر |بدون سانسور,https://www.youtube.com/watch?v=wJl0vXWhO1U
🍿 فیلم کامل ایرانی شیربها |بدون سانسور,https://www.youtube.com/watch?v=_3ET2Flp48s
🍿 فیلم کامل ایرانی یکی خوش‌صدا، یکی خوش‌دست |بدون سانسور,https://www.youtube.com/watch?v=IKZS71bRt2c
🍿 فیلم کامل ایرانی گل‌پری جون |بدون سانسور,https://www.youtube.com/watch?v=6DJkHTWW2Cc
🍿 فیلم کامل ایرانی مرد اجاره‌ای |بدون سانسور,https://www.youtube.com/watch?v=zsyWXyZGKR0
🍿 فیلم کامل ایرانی شمسی پهلوون |بدون سانسور,https://www.youtube.com/watch?v=cbojt_hVlto
🍿 فیلم کامل ایرانی مادر جونم عاشق شده |بدون سانسور,https://www.youtube.com/watch?v=l0T_CpE1tkw
🍿 فیلم کامل ایرانی خانه قمر خانم |بدون سانسور,https://www.youtube.com/watch?v=CSbGjEZfifk
🍿 فیلم کامل ایرانی هفت دختر برای هفت پسر |بدون سانسور,https://www.youtube.com/watch?v=GCWwvexvPr8
🍿 فیلم کامل ایرانی بابا گلی به جمالت |بدون سانسور,https://www.youtube.com/watch?v=XfiPLP5TSxw
🍿 فیلم کامل ایرانی دو کله شق |بدون سانسور,https://www.youtube.com/watch?v=vD8gdy2IEBE
🍿 فیلم کامل ایرانی حکیم باشی |بدون سانسور,https://www.youtube.com/watch?v=Lze99goBKEE
🍿 فیلم کامل ایرانی داماد فراری |بدون سانسور,https://www.youtube.com/watch?v=GpQY4ur5b_g
🍿 فیلم کامل ایرانی ظفر |بدون سانسور,https://www.youtube.com/watch?v=CwTz9G_KmDk
🍿 فیلم کامل ایرانی سجده بر آب |بدون سانسور,https://www.youtube.com/watch?v=yp9ySroPXys
🍿 فیلم کامل ایرانی و اینک بهشت |بدون سانسور,https://www.youtube.com/watch?v=cG4GY_4tw1Q
🍿 فیلم کامل ایرانی دست‌‌های خالی |بدون سانسور,https://www.youtube.com/watch?v=eAbvdu5S2c4
🍿 فیلم کامل ایرانی پرواز در شب |بدون سانسور,https://www.youtube.com/watch?v=V_XdB9T8qsQ
🍿 فیلم کامل ایرانی رئیس |بدون سانسور,https://www.youtube.com/watch?v=AVwH5vfBMjo
🍿 فیلم کامل ایرانی گنجشکک اشی مشی | پرشین کمدی چنل,https://www.youtube.com/watch?v=nOOTcpt6Lbo
🍿 فیلم کامل ایرانی افسون گل سرخ | پرشین کمدی چنل,https://www.youtube.com/watch?v=zbymegqSgac
🍿 فیلم کامل ایرانی مقلد شیطان | پرشین کمدی چنل,https://www.youtube.com/watch?v=CLcMDO2BCqs
🍿 فیلم کامل ایرانی سرب | پرشین کمدی چنل,https://www.youtube.com/watch?v=-P550zDTiPE
🍿 فیلم کامل ایرانی راز مینا | پرشین کمدی چنل,https://www.youtube.com/watch?v=f0XEuFH9I3I
🍿 فیلم کامل ایرانی خروس بی محل | پرشین کمدی چنل,https://www.youtube.com/watch?v=cvM0nAZJyt4
🍿 فیلم کامل ایرانی برهنه خوشحال | پرشین کمدی چنل,https://www.youtube.com/watch?v=0khNPXKXQrM
🍿 فیلم کامل ایرانی آتشپاره تهران | پرشین کمدی چنل,https://www.youtube.com/watch?v=qLQXUaePp8I
🍿 فیلم کامل ایرانی چیچو و فرانکو وطنی | پرشین کمدی چنل,https://www.youtube.com/watch?v=WdrB_ZOI3IQ
🍿 فیلم کامل ایرانی ورپریده | پرشین کمدی چنل,https://www.youtube.com/watch?v=Vyg2GQhXndY
🍿 فیلم کامل ایرانی ابرام در پاریس | پرشین کمدی چنل,https://www.youtube.com/watch?v=4nBtMTiCnTI
🍿 فیلم کامل ایرانی سه ناقلا در ژاپن | پرشین کمدی چنل,https://www.youtube.com/watch?v=AmwbPfLytT4
🍿 فیلم کامل ایرانی ازدواج ایرانی | پرشین کمدی چنل,https://www.youtube.com/watch?v=TxNLyy8BOf4
🍿 فیلم کامل ایرانی اعجوبه ها | پرشین کمدی چنل,https://www.youtube.com/watch?v=HZa8Ncysvfs
🍿 فیلم کامل ایرانی خوشگل خوشگلا | پرشین کمدی چنل,https://www.youtube.com/watch?v=tBvRfRHVxVA
🍿 فیلم کامل ایرانی بابا شمل | پرشین کمدی چنل,https://www.youtube.com/watch?v=tBoFApyaj6k
🍿 فیلم کامل ایرانی دختر نگو بلا بگو | پرشین کمدی چنل,https://www.youtube.com/watch?v=ik_OSv2j7IY
🍿 فیلم کامل ایرانی قهوه خانه قنبر | پرشین کمدی چنل,https://www.youtube.com/watch?v=6gyX-fsv3HI
🍿 فیلم کامل ایرانی ماجرای شب ژانویه | پرشین کمدی چنل,https://www.youtube.com/watch?v=PwbiGTR7odY
🍿 فیلم کامل ایرانی خوشگل محله | پرشین کمدی چنل,https://www.youtube.com/watch?v=kZ-hZQciFyI
🍿 فیلم کامل ایرانی پا تو کفش من نکن | پرشین کمدی چنل,https://www.youtube.com/watch?v=CRkYmOONhN0
🍿 فیلم کامل ایرانی حاجی جبار در پاریس | پرشین کمدی چنل,https://www.youtube.com/watch?v=dsm3qfj0NOg
🍿 فیلم کامل ایرانی شکار شوهر | پرشین کمدی چنل,https://www.youtube.com/watch?v=3tuDNPn-_Fk
🍿 فیلم کامل ایرانی تعطیلات داش اسمال | پرشین کمدی چنل,https://www.youtube.com/watch?v=3_Hb9U7Egw4
🍿 فیلم کامل ایرانی مرغ همسایه | پرشین کمدی چنل,https://www.youtube.com/watch?v=b4IhbQTUaw0
🍿 فیلم کامل ایرانی در جستجوی داماد | پرشین کمدی چنل,https://www.youtube.com/watch?v=mKKBpjExzCc
🍿 فیلم کامل ایرانی جاهل‌ها و ژیگول‌ها | پرشین کمدی چنل,https://www.youtube.com/watch?v=wRs6pZEGzZ4
🍿 فیلم کامل ایرانی خانه خراب | پرشین کمدی چنل,https://www.youtube.com/watch?v=rNWIHFgPG2Q
🍿 فیلم کامل ایرانی چاکر شما کوچولو | پرشین کمدی چنل,https://www.youtube.com/watch?v=xRvXEwvfjH8
🍿 فیلم کامل ایرانی فقط آقا مهدی میتونه | پرشین کمدی چنل,https://www.youtube.com/watch?v=xHPoHwfFwmo
🍿 فیلم کامل ایرانی فری دست قشنگ | پرشین کمدی چنل,https://www.youtube.com/watch?v=-NnYmc2CC-4
🍿 فیلم کامل ایرانی جعفر جنی و محبوبه اش | پرشین کمدی چنل,https://www.youtube.com/watch?v=1UxoUSDb_I8
🍿 فیلم کامل ایرانی شوخی نکن دلخور می شم | پرشین کمدی چنل,https://www.youtube.com/watch?v=qq7f0OaBV7c
🍿 فیلم کامل ایرانی یک داستان عاشقانه | پرشین کمدی چنل,https://www.youtube.com/watch?v=zcnjwF7pfEA
🍿 فیلم کامل ایرانی اکبر دیلماج | پرشین کمدی چنل,https://www.youtube.com/watch?v=TnbwEvvezg8
🍿 فیلم کامل ایرانی کیمیا | پرشین کمدی چنل,https://www.youtube.com/watch?v=givlX72mMkg
🍿 فیلم کامل ایرانی سیزده 59 | پرشین کمدی چنل,https://www.youtube.com/watch?v=u-f9Rd2YRX8
🍿 فیلم کامل ایرانی دو عروس | پرشین کمدی چنل,https://www.youtube.com/watch?v=xyWUZyIW7pI
🍿فیلم کامل ایرانی نامه‌های باد | پرشین کمدی چنل,https://www.youtube.com/watch?v=ooEgnvzJRFs
🍿 فیلم کامل ایرانی وقت لطیف شن | پرشین کمدی چنل,https://www.youtube.com/watch?v=hekLr4u83fk
🍿 فیلم کامل ایرانی آن‌سوی رودخانه | پرشین کمدی چنل,https://www.youtube.com/watch?v=sLr3MVAN9eY
🍿 فیلم کامل ایرانی قصه‌ها | پرشین کمدی چنل,https://www.youtube.com/watch?v=7QApcY4XIho
🍿 فیلم کامل ایرانی جنگلبان | پرشین کمدی چنل,https://www.youtube.com/watch?v=qvBRmhDVmJM
🍿 فیلم کامل ایرانی پهلوان در قرن اتم | پرشین کمدی چنل,https://www.youtube.com/watch?v=ArnLD-FYEt8
🍿 فیلم کامل ایرانی خانواده سرکار غضنفر | پرشین کمدی چنل,https://www.youtube.com/watch?v=GM6b8bclHcs
🍿 فیلم کامل ایرانی کج کلا خان | پرشین کمدی چنل,https://www.youtube.com/watch?v=apKv8CKXOhA
🍿 فیلم کامل ایرانی پذیرایی ساده | پرشین کمدی چنل,https://www.youtube.com/watch?v=9BImJGGz9F8
🍿 فیلم کامل ایرانی شارلاتان | پرشین کمدی چنل,https://www.youtube.com/watch?v=6aRIjFx8-Mo
🍿 فیلم کامل ایرانی رضا چلچله | پرشین کمدی چنل,https://www.youtube.com/watch?v=kNbtE-ziFpw
🍿 فیلم کامل ایرانی مرد شرقی، زن فرنگی | پرشین کمدی چنل,https://www.youtube.com/watch?v=ONgJM7uRTx4
🍿 فیلم کامل ایرانی این دست کجه | پرشین کمدی چنل,https://www.youtube.com/watch?v=c6PaF48aX6k
🍿 فیلم کامل ایرانی علی کنکوری | پرشین کمدی چنل,https://www.youtube.com/watch?v=nYWOFMhgh84
🍿 فیلم کامل ایرانی قربون زن ایرونی | پرشین کمدی چنل,https://www.youtube.com/watch?v=g7dAASkjV7Y
🍿 فیلم کامل ایرانی آقا دزده | پرشین کمدی چنل,https://www.youtube.com/watch?v=Ssc4zTrt6qM
🍿 فیلم کامل ایرانی شادی‌های زندگی ما | پرشین کمدی چنل,https://www.youtube.com/watch?v=30IPoFD6BbA
🍿 فیلم کامل ایرانی اتل متل توتوله | پرشین کمدی چنل,https://www.youtube.com/watch?v=QqeLyt78o7I
🍿 فیلم کامل ایرانی مشکل آقای اعتماد | پرشین کمدی چنل,https://www.youtube.com/watch?v=lfeDhfSeP6c
🍿 فیلم کامل ایرانی زنبورک | پرشین کمدی چنل,https://www.youtube.com/watch?v=lRbbr_R1kcc
🍿 فیلم کامل ایرانی یک میلیونر و دو مفلس | پرشین کمدی چنل,https://www.youtube.com/watch?v=8ap9qIGTkpc
🍿 فیلم کامل ایرانی الکی خوش | پرشین کمدی چنل,https://www.youtube.com/watch?v=eJdOee4_CTE
🍿 فیلم کامل ایرانی گنجشک و قناری | پرشین کمدی چنل,https://www.youtube.com/watch?v=ZPVHtfWZvNg
🍿 فیلم کامل ایرانی فرار از کمپ سه | پرشین کمدی چنل,https://www.youtube.com/watch?v=nHfw54pS880
🍿 فیلم کامل ایرانی استخونای بابام | پرشین کمدی چنل,https://www.youtube.com/watch?v=hjLsXEnakCU
🍿 فیلم کامل ایرانی نیم وجبی | پرشین کمدی چنل,https://www.youtube.com/watch?v=GZHV8df70co
🍿 فیلم کامل ایرانی مذاکرات مستقیم آقای عبدی | پرشین کمدی چنل,https://www.youtube.com/watch?v=y3xaET12o7c
🍿 فیلم کامل ایرانی نخاله قهرمان | پرشین کمدی چنل,https://www.youtube.com/watch?v=E4QYbjvw0U8
🍿 فیلم کامل ایرانی نوبر اصفهان | پرشین کمدی چنل,https://www.youtube.com/watch?v=HhAiZmcw0X8
🍿 فیلم کامل ایرانی پری خوشگله | پرشین کمدی چنل,https://www.youtube.com/watch?v=OLOyYik-xuc
🍿 فیلم کامل ایرانی پلی به سوی بهشت | پرشین کمدی چنل,https://www.youtube.com/watch?v=K8Z0qYHYb7Q
🍿 فیلم کامل ایرانی تختخواب سه نفره | پرشین کمدی چنل,https://www.youtube.com/watch?v=RXc9GzOQ6q0
🍿 فیلم کامل ایرانی سینه چاک | پرشین کمدی چنل,https://www.youtube.com/watch?v=uXrTi0j0tLM
🍿 فیلم کامل ایرانی خوشگذران | پرشین کمدی چنل,https://www.youtube.com/watch?v=qHjFNR3Iqmc
🍿 فیلم کامل ایرانی کلک نزن خوشگله | پرشین کمدی چنل,https://www.youtube.com/watch?v=fTcc_E0HtO8
🍿 فیلم کامل ایرانی عیالوار | پرشین کمدی چنل,https://www.youtube.com/watch?v=dVFhUYsl5Yc
🍿 فیلم کامل ایرانی یک اصفهانی در سرزمین هیتلر | پرشین کمدی چنل,https://www.youtube.com/watch?v=JBwV2ZxUwHk
🍿 فیلم کامل ایرانی خر دجال | پرشین کمدی چنل,https://www.youtube.com/watch?v=c2AkZjVxkfs
🍿 فیلم کامل ایرانی مادموازل خاله | پرشین کمدی چنل,https://www.youtube.com/watch?v=1P64xZdxC3E
🍿 فیلم کامل ایرانی مهمان | پرشین کمدی چنل,https://www.youtube.com/watch?v=vzibCOgBkuY
🍿 فیلم کامل ایرانی درشکه‌چی | پرشین کمدی چنل,https://www.youtube.com/watch?v=o-5m8COYFCs
🍿 فیلم کامل ایرانی کاسب‌های محل | پرشین کمدی چنل,https://www.youtube.com/watch?v=U3e0h8GoBzI
🍿 فیلم کامل ایرانی فیل و فنجون | پرشین کمدی چنل,https://www.youtube.com/watch?v=72pYUc69UAI
🍿 فیلم کامل ایرانی جیب بر خوشگله | پرشین کمدی چنل,https://www.youtube.com/watch?v=6Tofmx3mNbE
🍿 فیلم کامل ایرانی زبون بسته | پرشین کمدی چنل,https://www.youtube.com/watch?v=E_OTdkS60Xw
🍿 فیلم کامل ایرانی لج و لجبازی | پرشین کمدی چنل,https://www.youtube.com/watch?v=ZJhy42QTJmk
🍿 فیلم کامل ایرانی چهار تا شیطون | پرشین کمدی چنل,https://www.youtube.com/watch?v=LXflTK2nsO4
🍿 فیلم کامل ایرانی جنجال عروسی | پرشین کمدی چنل,https://www.youtube.com/watch?v=KlKW_SkRNVk
🍿 فیلم کامل ایرانی خدا قوت | پرشین کمدی چنل,https://www.youtube.com/watch?v=eBEqxUiRQxQ
🍿 فیلم کامل ایرانی شیر تو شیر | پرشین کمدی چنل,https://www.youtube.com/watch?v=YxnRP-1dJtE
🍿 فیلم کامل ایرانی کنیز | پرشین کمدی چنل,https://www.youtube.com/watch?v=GaGTdcToFJg
🍿 فیلم کامل ایرانی خشم کولی | پرشین کمدی چنل,https://www.youtube.com/watch?v=iWI6Z8ZDpto
🍿 فیلم کامل ایرانی پرتقال خونی | پرشین کمدی چنل,https://www.youtube.com/watch?v=LRbttFTziJM
🍿 فیلم کامل ایرانی زن‌ها نمونه‌اند؟ | پرشین کمدی چنل,https://www.youtube.com/watch?v=zn-j_LRsbqE
🍿 فیلم کامل ایرانی پاتو زمین نذار | پرشین کمدی چنل,https://www.youtube.com/watch?v=RXa-wgG5GQg
🍿 فیلم کامل ایرانی نخودی | پرشین کمدی چنل,https://www.youtube.com/watch?v=kmY44Fs0jss
🍿 فیلم کامل ایرانی خروس جنگی | پرشین کمدی چنل,https://www.youtube.com/watch?v=2OdiZhaFB7E
🍿 فیلم کامل ایرانی روزی که مرد شدم | پرشین کمدی چنل,https://www.youtube.com/watch?v=OCHNwOkugPc
🍿 فیلم کامل ایرانی دیگر تنها نیستم | پرشین کمدی چنل,https://www.youtube.com/watch?v=squIQ4-ZuDE
🍿 فیلم کامل ایرانی محاکمه در خیابان | پرشین کمدی چنل,https://www.youtube.com/watch?v=S2vCBVO9wwc
🍿 فیلم کامل ایرانی سفر خوش | پرشین کمدی چنل,https://www.youtube.com/watch?v=B-xkJuM8fKI
🍿 فیلم کامل ایرانی خواب لیلا | پرشین کمدی چنل,https://www.youtube.com/watch?v=-LSvgLuJeKM
🍿 فیلم کامل ایرانی غریبه دوست داشتنی | پرشین کمدی چنل,https://www.youtube.com/watch?v=lHKpgGhNiJU
🍿 فیلم کامل ایرانی پرنده کوچک خوشبختی | پرشین کمدی چنل,https://www.youtube.com/watch?v=_CnthQAoLTM
🍿 فیلم کامل ایرانی احتمال باران اسیدی | پرشین کمدی چنل,https://www.youtube.com/watch?v=yGM4rEELBR8
🍿 فیلم کامل ایرانی دریاچه ماهی | پرشین کمدی چنل,https://www.youtube.com/watch?v=U2hUx_oJZO8
🍿 فیلم کامل ایرانی کوچه ملی | پرشین کمدی چنل,https://www.youtube.com/watch?v=MaUJc5LU8JY
🍿 فیلم کامل ایرانی شش قرن و شش سال | پرشین کمدی چنل,https://www.youtube.com/watch?v=zKcW0ODUYco
🍿 فیلم کامل ایرانی آناهیتا | پرشین کمدی چنل,https://www.youtube.com/watch?v=GfV1BhKDblI
🍿 فیلم کامل ایرانی تیغ‌ زن | پرشین کمدی چنل,https://www.youtube.com/watch?v=jM4bpKpZsP0
🍿 فیلم کامل ایرانی زن دوم | پرشین کمدی چنل,https://www.youtube.com/watch?v=sCYKaNz8sJ4
🍿 فیلم کامل ایرانی نسیم سحر | پرشین کمدی چنل,https://www.youtube.com/watch?v=_05mtS5dDdk
🍿 فیلم کامل ایرانی ول کن دستمو | پرشین کمدی چنل,https://www.youtube.com/watch?v=ppvn_2I7UrA
🍿 فیلم کامل ایرانی آرایش غلیظ | پرشین کمدی چنل,https://www.youtube.com/watch?v=v0KHs6pVi1s
🍿 فیلم کامل ایرانی زندگی خصوصی آقا و خانم میم | پرشین کمدی چنل,https://www.youtube.com/watch?v=sSw2t0actug
🍿 فیلم کامل ایرانی دوازده صندلی | پرشین کمدی چنل,https://www.youtube.com/watch?v=M_-GiKsSojY
🍿 فیلم کامل ایرانی دیو و دلبر | پرشین کمدی چنل,https://www.youtube.com/watch?v=JwJmQ0kHJcU
🍿 فیلم کامل ایرانی هنرپیشه | پرشین کمدی چنل,https://www.youtube.com/watch?v=6ciNISqCxjE
🍿 فیلم کامل ایرانی بی خداحافظی | پرشین کمدی چنل,https://www.youtube.com/watch?v=0VyBzEJIBg8
🍿 فیلم کامل ایرانی فرار از کمپ دو | پرشین کمدی چنل,https://www.youtube.com/watch?v=NlksJsTOCsI
🍿 فیلم کامل ایرانی روباه | پرشین کمدی چنل,https://www.youtube.com/watch?v=OFrBODPCnik
🍿 فیلم کامل ایرانی بدون اجازه | پرشین کمدی چنل,https://www.youtube.com/watch?v=l7nqat5ahmA
🍿 فیلم کامل ایرانی دلتنگی‌های عاشقانه | پرشین کمدی چنل,https://www.youtube.com/watch?v=Zc-KoyNHhWc
🍿 فیلم کامل ایرانی پول خارجی | پرشین کمدی چنل,https://www.youtube.com/watch?v=Nu3bKmz8A7k
🍿 فیلم کامل ایرانی کلاغ پر دلفین پر | پرشین کمدی چنل,https://www.youtube.com/watch?v=efCNvohInmQ
🍿 فیلم کامل ایرانی عاشقانه | پرشین کمدی چنل,https://www.youtube.com/watch?v=_HJV9w8PISE
🍿 فیلم کامل ایرانی حوالی اتوبان | پرشین کمدی چنل,https://www.youtube.com/watch?v=TbsAaGMTFKg
🍿 فیلم کامل ایرانی روزی که هوا ایستاد | پرشین کمدی چنل,https://www.youtube.com/watch?v=Py4xZMCsPdE
🍿 فیلم کامل ایرانی خواب زمستانی | پرشین کمدی چنل,https://www.youtube.com/watch?v=S7MQ6ZgVzq4
🍿 فیلم کامل ایرانی دزد عروسک‌‌ها | پرشین کمدی چنل,https://www.youtube.com/watch?v=2ezcbAbThig
🍿 فیلم کامل ایرانی روزهای خوب زندگی | پرشین کمدی چنل,https://www.youtube.com/watch?v=N3yStHn4dX8
🍿 فیلم کامل ایرانی دوباره با هم | پرشین کمدی چنل,https://www.youtube.com/watch?v=50n8iE7ojsE
🍿 فیلم کامل ایرانی عروس خوش‌قدم | پرشین کمدی چنل,https://www.youtube.com/watch?v=BAy4PkRC45A
🍿 فیلم کامل ایرانی این یک تصادف نیست | پرشین کمدی چنل,https://www.youtube.com/watch?v=zMhUqGorn2s
🍿 فیلم کامل ایرانی با تو می‌مانم | پرشین کمدی چنل,https://www.youtube.com/watch?v=d0QO6ODrj-k
🍿 فیلم کامل ایرانی گلنار | پرشین کمدی چنل,https://www.youtube.com/watch?v=6KBBlcKo2zo
🍿 فیلم کامل ایرانی یکی می‌خواد باهات حرف بزنه | پرشین کمدی چنل,https://www.youtube.com/watch?v=b8dXqb5At9Q
🍿 فیلم کامل ایرانی متروپل | پرشین کمدی چنل,https://www.youtube.com/watch?v=wP-8RJkhptE
🍿 فیلم کامل ایرانی سرگیجه | پرشین کمدی چنل,https://www.youtube.com/watch?v=2ljER2KC-10
🍿 فیلم کامل ایرانی کلاس هنرپیشگی | پرشین کمدی چنل,https://www.youtube.com/watch?v=W7LljcFereg
🍿 فیلم کامل ایرانی دلم می‌خواد | پرشین کمدی چنل,https://www.youtube.com/watch?v=5oQIJmsyLpk
🍿 فیلم کامل ایرانی شب حورا | پرشین کمدی چنل,https://www.youtube.com/watch?v=uNhyy-kZKoM
🍿 فیلم کامل ایرانی می‌ترسم پس دروغ می‌گویم | پرشین کمدی چنل,https://www.youtube.com/watch?v=7_1xlHDTkI8
🍿 فیلم کامل ایرانی موج سوم | پرشین کمدی چنل,https://www.youtube.com/watch?v=Qn2nS55kbsU
🍿 فیلم کامل ایرانی رؤیای نیمه‌شب تابستان | پرشین کمدی چنل,https://www.youtube.com/watch?v=Ge_xnCQ9TQU
🍿 فیلم کامل ایرانی ارسال آگهی تسلیت برای روزنامه | پرشین کمدی چنل,https://www.youtube.com/watch?v=ryOEhXwALAg
🍿 فیلم کامل ایرانی عزیزم من کوک نیستم | پرشین کمدی چنل,https://www.youtube.com/watch?v=b61RbsbL6sA
🍿 فیلم کامل ایرانی خرس | پرشین کمدی چنل,https://www.youtube.com/watch?v=PfHWJe78L_I
🍿 فیلم کامل ایرانی روشنک | پرشین کمدی چنل,https://www.youtube.com/watch?v=qbHkH2amCbQ
🍿 فیلم کامل ایرانی مسافران | پرشین کمدی چنل,https://www.youtube.com/watch?v=wml8Fi5odfI
🍿 فیلم کامل ایرانی طوطیا | پرشین کمدی چنل,https://www.youtube.com/watch?v=frXpYp4JAtw
🍿 فیلم کامل ایرانی چشماتو نبند | پرشین کمدی چنل,https://www.youtube.com/watch?v=E7xDETE7yJc
🍿 فیلم کامل ایرانی چتری برای دو نفر | پرشین کمدی چنل,https://www.youtube.com/watch?v=6FEfuBkSPQI
🍿 فیلم کامل ایرانی بایسیکل‌ ران | پرشین کمدی چنل,https://www.youtube.com/watch?v=I_dwzndqXho
🍿 فیلم کامل ایرانی راه آبی ابریشم | پرشین کمدی چنل,https://www.youtube.com/watch?v=pn8NI-lbGx4
🍿 فیلم کامل ایرانی روزگاری عشق و خیانت | پرشین کمدی چنل,https://www.youtube.com/watch?v=hkv6aeujD0A
🍿 فیلم کامل ایرانی شکلات داغ | پرشین کمدی چنل,https://www.youtube.com/watch?v=FPCzevPo9zs
🍿 فیلم کامل ایرانی هشت پا | پرشین کمدی چنل,https://www.youtube.com/watch?v=ukyCc8CmI6o
🍿 فیلم کامل ایرانی پنج تا پنج | پرشین کمدی چنل,https://www.youtube.com/watch?v=ulTQic3-5Ig
🍿 فیلم کامل ایرانی زمانی برای درنگ | پرشین کمدی چنل,https://www.youtube.com/watch?v=RlHfpYQo5lk
🍿 فیلم کامل ایرانی باد و شقایق | پرشین کمدی چنل,https://www.youtube.com/watch?v=lxPsQtV6jgg
🍿 فیلم کامل ایرانی دیگری | پرشین کمدی چنل,https://www.youtube.com/watch?v=-raRRCcFBQ0
🍿 فیلم کامل ایرانی عاریه | پرشین کمدی چنل,https://www.youtube.com/watch?v=gjIl3398w0w
🍿 فیلم کامل ایرانی با من حرف بزن | پرشین کمدی چنل,https://www.youtube.com/watch?v=E19gzRwYLek
🍿 فیلم کامل ایرانی بگذار زندگی کنم | پرشین کمدی چنل,https://www.youtube.com/watch?v=CCn-dg1CK3U
🍿 فیلم کامل ایرانی وقتی همه خواب بودند | پرشین کمدی چنل,https://www.youtube.com/watch?v=ID2pKm73-kk
🍿 فیلم کامل ایرانی عاشقت شدم | پرشین کمدی چنل,https://www.youtube.com/watch?v=v4RpLI-CUlQ
🍿 فیلم کامل ایرانی عروسک | پرشین کمدی چنل,https://www.youtube.com/watch?v=_5ySy6PytbI
🍿 فیلم کامل ایرانی چارسو | پرشین کمدی چنل,https://www.youtube.com/watch?v=fNryELekaz4
🍿 فیلم کامل ایرانی باغ آلوچه | پرشین کمدی چنل,https://www.youtube.com/watch?v=4hyv8KIEa_8
🍿 فیلم کامل ایرانی شکلات | پرشین کمدی چنل,https://www.youtube.com/watch?v=mnwbrDoRvU0
🍿 فیلم کامل ایرانی مسلخ عشق | پرشین کمدی چنل,https://www.youtube.com/watch?v=1IwvEub3okQ
🍿 فیلم کامل ایرانی خط آبی | پرشین کمدی چنل,https://www.youtube.com/watch?v=wLoHJmIfIsc
🍿 فیلم کامل ایرانی شهر زنان | پرشین کمدی چنل,https://www.youtube.com/watch?v=p10DsvTjV_s
🍿 فیلم کامل ایرانی شور شیرین | پرشین کمدی چنل,https://www.youtube.com/watch?v=ClDa9QiYkP8
🍿 فیلم کامل ایرانی سارای | پرشین کمدی چنل,https://www.youtube.com/watch?v=SncGFtgZycM
🍿 فیلم کامل ایرانی یاس‌های وحشی | پرشین کمدی چنل,https://www.youtube.com/watch?v=eYW7vnpoGwA
🍿 فیلم کامل ایرانی میان‌بر | پرشین کمدی چنل,https://www.youtube.com/watch?v=hO2e848sXSI
🍿 فیلم کامل ایرانی اخم نکن سرکار | پرشین کمدی چنل,https://www.youtube.com/watch?v=trsBsFqVIjg
🍿 فیلم کامل ایرانی عنتر و منتر | پرشین کمدی چنل,https://www.youtube.com/watch?v=JWvBEhGEYGE
🍿 فیلم کامل ایرانی تاکسی عشق | پرشین کمدی چنل,https://www.youtube.com/watch?v=LtPMwWr7Nto
🍿 فیلم کامل ایرانی همه درختان من | پرشین کمدی چنل,https://www.youtube.com/watch?v=AuiGF27FSHQ
🍿 فیلم کامل ایرانی دلقک‌ها | پرشین کمدی چنل,https://www.youtube.com/watch?v=Iz_dRNEr5Ws
🍿 فیلم کامل ایرانی خیابانی‌ها | پرشین کمدی چنل,https://www.youtube.com/watch?v=JAQnk8fHGzg
🍿 فیلم کامل ایرانی صد کیلو داماد | پرشین کمدی چنل,https://www.youtube.com/watch?v=nx7w5xkL_KE
🍿 فیلم کامل ایرانی مظفر | پرشین کمدی چنل,https://www.youtube.com/watch?v=Je1eIb7I3W4
🍿 فیلم کامل ایرانی شیربها | پرشین کمدی چنل,https://www.youtube.com/watch?v=WO4gPBA8ZCU
🍿 فیلم کامل ایرانی یکی خوش‌صدا، یکی خوش‌دست | پرشین کمدی چنل,https://www.youtube.com/watch?v=kqR3It7F_sM
🍿 فیلم کامل ایرانی گل‌پری جون | پرشین کمدی چنل,https://www.youtube.com/watch?v=Kd3D_-aAnuU
🍿 فیلم کامل ایرانی مرد اجاره‌ای | پرشین کمدی چنل,https://www.youtube.com/watch?v=ZIjBdQfaHjY
🍿 فیلم کامل ایرانی شمسی پهلوون | پرشین کمدی چنل,https://www.youtube.com/watch?v=1ZF4Z7OSmuE
🍿 فیلم کامل ایرانی مادر جونم عاشق شده | پرشین کمدی چنل,https://www.youtube.com/watch?v=Ps1zXYSctGc
🍿 فیلم کامل ایرانی خانه قمر خانم | پرشین کمدی چنل,https://www.youtube.com/watch?v=_f7qdqDOkY4
🍿 فیلم کامل ایرانی هفت دختر برای هفت پسر | پرشین کمدی چنل,https://www.youtube.com/watch?v=ECmvG4qKHhI
🍿 فیلم کامل ایرانی بابا گلی به جمالت | پرشین کمدی چنل,https://www.youtube.com/watch?v=ovAHGiiau7g
🍿 فیلم کامل ایرانی دو کله شق | پرشین کمدی چنل,https://www.youtube.com/watch?v=MLoLEvUWF6U
🍿 فیلم کامل ایرانی حکیم باشی | پرشین کمدی چنل,https://www.youtube.com/watch?v=gjUZe5hFMm0
🍿 فیلم کامل ایرانی داماد فراری | پرشین کمدی چنل,https://www.youtube.com/watch?v=ADzXUytWTNM
🍿 فیلم کامل ایرانی سجده بر آب | پرشین کمدی چنل,https://www.youtube.com/watch?v=Dg-E3KZJLIk
🍿 فیلم کامل ایرانی و اینک بهشت | پرشین کمدی چنل,https://www.youtube.com/watch?v=kbrXWwyeLvQ
🍿 فیلم کامل ایرانی دست‌‌های خالی | پرشین کمدی چنل,https://www.youtube.com/watch?v=U5_U4SoudSI
🍿 فیلم کامل ایرانی پرواز در شب | پرشین کمدی چنل,https://www.youtube.com/watch?v=6M5qN9Zi7BY
🍿 فیلم کامل ایرانی رئیس | پرشین کمدی چنل,https://www.youtube.com/watch?v=Jc3Su5fuC1E
🍿 فیلم کامل ایرانی گنجشکک اشی مشی | پرشین کمدی چنل,https://www.youtube.com/watch?v=E27MqaiUiFs
🍿 فیلم کامل ایرانی شب‌های روشن | پرشین کمدی چنل,https://www.youtube.com/watch?v=U4cC4I2icnE
🍿 فیلم کامل ایرانی افسون گل سرخ | پرشین کمدی چنل,https://www.youtube.com/watch?v=aEIzdu3Xt8g
🍿 فیلم کامل ایرانی مقلد شیطان | پرشین کمدی چنل,https://www.youtube.com/watch?v=PWafSxdljYo
🍿 فیلم کامل ایرانی سرب | پرشین کمدی چنل,https://www.youtube.com/watch?v=zx5rD1y0uwc
🍿 فیلم کامل ایرانی راز مینا | پرشین کمدی چنل,https://www.youtube.com/watch?v=Jl0EdK0ZWqk
🍿 فیلم کامل ایرانی خروس بی محل | پرشین کمدی چنل,https://www.youtube.com/watch?v=wMO40ccTAXE
🍿 فیلم کامل ایرانی برهنه خوشحال | پرشین کمدی چنل,https://www.youtube.com/watch?v=7YTB3Uj72Ew
🍿 فیلم کامل ایرانی آتشپاره تهران | پرشین کمدی چنل,https://www.youtube.com/watch?v=yQDYaQUu2c4
🍿 فیلم کامل ایرانی چیچو و فرانکو وطنی | پرشین کمدی چنل,https://www.youtube.com/watch?v=PWAEEmMAzno
🍿 فیلم کامل ایرانی ورپریده | پرشین کمدی چنل,https://www.youtube.com/watch?v=YRvK0RjBEzE
🍿 فیلم کامل ایرانی ابرام در پاریس | پرشین کمدی چنل,https://www.youtube.com/watch?v=SmrtSmA2OQk
🍿 فیلم کامل ایرانی سه ناقلا در ژاپن | پرشین کمدی چنل,https://www.youtube.com/watch?v=Yal8Mp6dzHk
🍿 فیلم کامل ایرانی ازدواج ایرانی | پرشین کمدی چنل,https://www.youtube.com/watch?v=MsF94c2RlGk
🍿 فیلم کامل ایرانی اعجوبه ها | پرشین کمدی چنل,https://www.youtube.com/watch?v=1Was7zBiKgk
🍿 فیلم کامل ایرانی خوشگل خوشگلا | پرشین کمدی چنل,https://www.youtube.com/watch?v=qi4UJznde6I
🍿 فیلم کامل ایرانی بابا شمل | پرشین کمدی چنل,https://www.youtube.com/watch?v=GrBUSlLhPe4
🍿 فیلم کامل ایرانی دختر نگو بلا بگو | پرشین کمدی چنل,https://www.youtube.com/watch?v=y4xObvztu-s
🍿 فیلم کامل ایرانی قهوه خانه قنبر | پرشین کمدی چنل,https://www.youtube.com/watch?v=6XKjyF-WIUs
🍿 فیلم کامل ایرانی ماجرای شب ژانویه | پرشین کمدی چنل,https://www.youtube.com/watch?v=ySV3BKHcUWM
🍿 فیلم کامل ایرانی خوشگل محله | پرشین کمدی چنل,https://www.youtube.com/watch?v=Qk4--zJU5Ew
🍿 فیلم کامل ایرانی پا تو کفش من نکن | پرشین کمدی چنل,https://www.youtube.com/watch?v=3rx4KWwWiQ8
🍿 فیلم کامل ایرانی حاجی جبار در پاریس | پرشین کمدی چنل,https://www.youtube.com/watch?v=vU491d9_BtI
🍿 فیلم کامل ایرانی شکار شوهر | پرشین کمدی چنل,https://www.youtube.com/watch?v=RekOCBRZgzU
🍿 فیلم کامل ایرانی تعطیلات داش اسمال | پرشین کمدی چنل,https://www.youtube.com/watch?v=bsVFrUvfIFI
🍿 فیلم کامل ایرانی مرغ همسایه | پرشین کمدی چنل,https://www.youtube.com/watch?v=vhqLPr8tdhg
🍿 فیلم کامل ایرانی در جستجوی داماد | پرشین کمدی چنل,https://www.youtube.com/watch?v=iYCKHiIK3r0
🍿 فیلم کامل ایرانی جاهل‌ها و ژیگول‌ها | پرشین کمدی چنل,https://www.youtube.com/watch?v=8H8zYCkkii8
🍿 فیلم کامل ایرانی خانه خراب | پرشین کمدی چنل,https://www.youtube.com/watch?v=gYUpQEob0Yw
🍿 فیلم کامل ایرانی چاکر شما کوچولو | پرشین کمدی چنل,https://www.youtube.com/watch?v=u0qL02THMC0
🍿 فیلم کامل ایرانی فقط آقا مهدی میتونه | پرشین کمدی چنل,https://www.youtube.com/watch?v=dCYJYV-YVOY
🍿 فیلم کامل ایرانی فری دست قشنگ | پرشین کمدی چنل,https://www.youtube.com/watch?v=3rQAL_jO83s
🍿 فیلم کامل ایرانی جعفر جنی و محبوبه اش | پرشین کمدی چنل,https://www.youtube.com/watch?v=XAB_jPdOBfM
🍿 فیلم کامل ایرانی شوخی نکن دلخور می شم | پرشین کمدی چنل,https://www.youtube.com/watch?v=OCBOxDaTeFQ
🍿 فیلم کامل ایرانی یک داستان عاشقانه | پرشین کمدی چنل,https://www.youtube.com/watch?v=KwolJ-kwiEg
🍿 فیلم کامل ایرانی اکبر دیلماج | پرشین کمدی چنل,https://www.youtube.com/watch?v=7UdhdKSkLfY
🍿 فیلم کامل ایرانی کیمیا | پرشین کمدی چنل,https://www.youtube.com/watch?v=9vj_our6qbU
🍿 فیلم کامل ایرانی سیزده 59 | پرشین کمدی چنل,https://www.youtube.com/watch?v=gsfZVPfeHyE
🍿فیلم ایرانی نامه‌های باد,https://www.youtube.com/watch?v=9-Mexs9Am4A
🍿 فیلم کامل ایرانی وقت لطیف شن | پرشین کمدی چنل,https://www.youtube.com/watch?v=dUgP0JnycTY
🍿 فیلم کامل ایرانی آن‌سوی رودخانه | پرشین کمدی چنل,https://www.youtube.com/watch?v=pCyvJ9tcrMw
🍿 فیلم کامل ایرانی جنگلبان | پرشین کمدی چنل,https://www.youtube.com/watch?v=gZvB5TQIcFM
🍿 فیلم کامل ایرانی پهلوان در قرن اتم | پرشین کمدی چنل,https://www.youtube.com/watch?v=QRkuBbsw6hs
🍿 فیلم کامل ایرانی خانواده سرکار غضنفر | پرشین کمدی چنل,https://www.youtube.com/watch?v=dunRIoLJSF4
🍿 فیلم کامل ایرانی کج کلا خان | پرشین کمدی چنل,https://www.youtube.com/watch?v=ZOwB0KN53io
🍿 فیلم کامل ایرانی شارلاتان | پرشین کمدی چنل,https://www.youtube.com/watch?v=zKCh5jzRJak
🍿 فیلم کامل ایرانی رضا چلچله | پرشین کمدی چنل,https://www.youtube.com/watch?v=FK6HsuDeEm4
🍿 فیلم کامل ایرانی مرد شرقی، زن فرنگی | پرشین کمدی چنل,https://www.youtube.com/watch?v=d0vqCY2UnjU
🍿 فیلم کامل ایرانی این دست کجه | پرشین کمدی چنل,https://www.youtube.com/watch?v=YQ4e-LkMto4
🍿 فیلم کامل ایرانی علی کنکوری | پرشین کمدی چنل,https://www.youtube.com/watch?v=OCUvWXuDQXo
🍿 فیلم کامل ایرانی قربون زن ایرونی | پرشین کمدی چنل,https://www.youtube.com/watch?v=jA4gz9lm0FA
🍿 فیلم کامل ایرانی آقا دزده | پرشین کمدی چنل,https://www.youtube.com/watch?v=z3pHuRe3UMg
🍿 فیلم کامل ایرانی شادی‌های زندگی ما | پرشین کمدی چنل,https://www.youtube.com/watch?v=eTgvMmZEMHY
🍿 فیلم کامل ایرانی اتل متل توتوله | پرشین کمدی چنل,https://www.youtube.com/watch?v=Mx87pG9IXJw
🍿 فیلم کامل ایرانی مشکل آقای اعتماد | پرشین کمدی چنل,https://www.youtube.com/watch?v=0z8w53irG4c
🍿 فیلم کامل ایرانی زنبورک | پرشین کمدی چنل,https://www.youtube.com/watch?v=o-uIezkaWLY
🍿 فیلم کامل ایرانی یک میلیونر و دو مفلس | پرشین کمدی چنل,https://www.youtube.com/watch?v=8ozj9XJWXWA
🍿 فیلم کامل ایرانی الکی خوش | پرشین کمدی چنل,https://www.youtube.com/watch?v=33hv7jP8tNg
🍿 فیلم کامل ایرانی استخونای بابام | پرشین کمدی چنل,https://www.youtube.com/watch?v=WUSaTYis_-k
🍿 فیلم کامل ایرانی گنجشک و قناری | پرشین کمدی چنل,https://www.youtube.com/watch?v=ELsnmwtwskY
🍿 فیلم کامل ایرانی فرار از کمپ سه | پرشین کمدی چنل,https://www.youtube.com/watch?v=ro97YdLTqs8
🍿 فیلم کامل ایرانی مذاکرات مستقیم آقای عبدی | پرشین کمدی چنل,https://www.youtube.com/watch?v=82QeYl50XJQ
🍿 فیلم کامل ایرانی نیم وجبی | پرشین کمدی چنل,https://www.youtube.com/watch?v=H1wlbokmAAM
🍿 فیلم کامل ایرانی سینه چاک | پرشین کمدی چنل,https://www.youtube.com/watch?v=UV1dZUOl2jI
🍿 فیلم کامل ایرانی پلی به سوی بهشت | پرشین کمدی چنل,https://www.youtube.com/watch?v=FVpr9dLtJjA
🍿 فیلم کامل ایرانی نوبر اصفهان | پرشین کمدی چنل,https://www.youtube.com/watch?v=_cX8PUZmNoQ
🍿 فیلم کامل ایرانی پری خوشگله | پرشین کمدی چنل,https://www.youtube.com/watch?v=Vl60PL7HLVY
🍿 فیلم کامل ایرانی نخاله قهرمان | پرشین کمدی چنل,https://www.youtube.com/watch?v=ZD6TE1OM2bg
🍿 فیلم کامل ایرانی تختخواب سه نفره | پرشین کمدی چنل,https://www.youtube.com/watch?v=vosZh_C1oX0
🍿 فیلم کامل ایرانی مادموازل خاله | پرشین کمدی چنل,https://www.youtube.com/watch?v=RV0U54vbLuE
🍿 فیلم کامل ایرانی یک اصفهانی در سرزمین هیتلر | پرشین کمدی چنل,https://www.youtube.com/watch?v=Y77S8RjmCJw
🍿 فیلم کامل ایرانی کلک نزن خوشگله | پرشین کمدی چنل,https://www.youtube.com/watch?v=_bGVZb8Ub6w
🍿 فیلم کامل ایرانی عیالوار | پرشین کمدی چنل,https://www.youtube.com/watch?v=KtpI5ODyj2A
🍿 فیلم کامل ایرانی خوشگذران | پرشین کمدی چنل,https://www.youtube.com/watch?v=4l2S2UJXdE8
🍿 فیلم کامل ایرانی خر دجال | پرشین کمدی چنل,https://www.youtube.com/watch?v=IMm-_JGve2o
🍿 فیلم کامل ایرانی زبون بسته | پرشین کمدی چنل,https://www.youtube.com/watch?v=mff0l3XyT5o
🍿 فیلم کامل ایرانی فیل و فنجون | پرشین کمدی چنل,https://www.youtube.com/watch?v=v0gtTeNpE8I
🍿 فیلم کامل ایرانی درشکه‌چی | پرشین کمدی چنل,https://www.youtube.com/watch?v=Zzq6yO6Pwxw
🍿 فیلم کامل ایرانی کاسب‌های محل | پرشین کمدی چنل,https://www.youtube.com/watch?v=NXR_9ACPywc
🍿 فیلم کامل ایرانی مهمان | پرشین کمدی چنل,https://www.youtube.com/watch?v=F2VsY0SJFBA
🍿 فیلم کامل ایرانی جیب بر خوشگله | پرشین کمدی چنل,https://www.youtube.com/watch?v=N9LZ3n0e2ws
🍿 فیلم کامل ایرانی کنیز | پرشین کمدی چنل,https://www.youtube.com/watch?v=2VRZpqWvHiY
🍿 فیلم کامل ایرانی خدا قوت | پرشین کمدی چنل,https://www.youtube.com/watch?v=5JuZ96xAQv8
🍿 فیلم کامل ایرانی چهار تا شیطون | پرشین کمدی چنل,https://www.youtube.com/watch?v=YEMyebEBdFc
🍿 فیلم کامل ایرانی جنجال عروسی | پرشین کمدی چنل,https://www.youtube.com/watch?v=Gl4MQaVdlws
🍿 فیلم کامل ایرانی لج و لجبازی | پرشین کمدی چنل,https://www.youtube.com/watch?v=mEcusot4coY
🍿 فیلم کامل ایرانی شیر تو شیر | پرشین کمدی چنل,https://www.youtube.com/watch?v=KSWW0phsg_w
🍿 فیلم کامل ایرانی خروس جنگی | پرشین کمدی چنل,https://www.youtube.com/watch?v=St1YH3_KXwI
🍿 فیلم کامل ایرانی پاتو زمین نذار | پرشین کمدی چنل,https://www.youtube.com/watch?v=ID1OdNTXFfI
🍿 فیلم کامل ایرانی زن‌ها نمونه‌اند؟ | پرشین کمدی چنل,https://www.youtube.com/watch?v=ZaNdmLPWqCw
🍿 فیلم کامل ایرانی خشم کولی | پرشین کمدی چنل,https://www.youtube.com/watch?v=vNZ5syhfbcw
🍿 فیلم کامل ایرانی نخودی | پرشین کمدی چنل,https://www.youtube.com/watch?v=AtsOVGAcD2g
🍿 فیلم کامل ایرانی غریبه دوست داشتنی | پرشین کمدی چنل,https://www.youtube.com/watch?v=BIpwXjAjrqs
🍿 فیلم کامل ایرانی سفر خوش | پرشین کمدی چنل,https://www.youtube.com/watch?v=hvohie1PXf4
🍿 فیلم کامل ایرانی محاکمه در خیابان | پرشین کمدی چنل,https://www.youtube.com/watch?v=y0VjdmtmhDI
🍿 فیلم کامل ایرانی روزی که مرد شدم | پرشین کمدی چنل,https://www.youtube.com/watch?v=1AZyhm5kVQc
🍿 فیلم کامل ایرانی خواب لیلا | پرشین کمدی چنل,https://www.youtube.com/watch?v=HpWU4nGyi6U
🍿 فیلم کامل ایرانی پرنده کوچک خوشبختی | پرشین کمدی چنل,https://www.youtube.com/watch?v=SNIZNhwnPAQ
🍿 فیلم کامل ایرانی احتمال باران اسیدی | پرشین کمدی چنل,https://www.youtube.com/watch?v=xv6_Fah2ADE
🍿 فیلم کامل ایرانی کوچه ملی | پرشین کمدی چنل,https://www.youtube.com/watch?v=OcEXxU03yxk
🍿 فیلم کامل ایرانی تیغ‌ زن | پرشین کمدی چنل,https://www.youtube.com/watch?v=oQwMrzp_CH0
🍿 فیلم کامل ایرانی زن دوم | پرشین کمدی چنل,https://www.youtube.com/watch?v=elsl6cJCWTI
🍿 فیلم کامل ایرانی آناهیتا | پرشین کمدی چنل,https://www.youtube.com/watch?v=ju4FJ0PrYS0
🍿 فیلم کامل ایرانی نسیم سحر | پرشین کمدی چنل,https://www.youtube.com/watch?v=YugfxPcvWgc
🍿 فیلم کامل ایرانی دوازده صندلی | پرشین کمدی چنل,https://www.youtube.com/watch?v=ywpN6oHxIRA
🍿 فیلم کامل ایرانی آرایش غلیظ | پرشین کمدی چنل,https://www.youtube.com/watch?v=-RyhQBTuKLU
🍿 فیلم کامل ایرانی ول کن دستمو | پرشین کمدی چنل,https://www.youtube.com/watch?v=YZotBYHj8_w
🍿 فیلم کامل ایرانی دیو و دلبر | پرشین کمدی چنل,https://www.youtube.com/watch?v=nmr1GVaLyRo
🍿 فیلم کامل ایرانی بدون اجازه | پرشین کمدی چنل,https://www.youtube.com/watch?v=teNSejx0laU
🍿 فیلم کامل ایرانی فرار از کمپ دو | پرشین کمدی چنل,https://www.youtube.com/watch?v=ZOkRii5uu6I
🍿 فیلم کامل ایرانی روباه | پرشین کمدی چنل,https://www.youtube.com/watch?v=ASjbpE202LI
🍿 فیلم کامل ایرانی بی خداحافظی | پرشین کمدی چنل,https://www.youtube.com/watch?v=qf5y3cQ_qW0
🍿 فیلم کامل ایرانی خواب زمستانی | پرشین کمدی چنل,https://www.youtube.com/watch?v=hrxrk7DJ2ho
🍿 فیلم کامل ایرانی کلاغ پر دلفین پر | پرشین کمدی چنل,https://www.youtube.com/watch?v=ZWsiJx4k5kc
🍿 فیلم کامل ایرانی پول خارجی | پرشین کمدی چنل,https://www.youtube.com/watch?v=9tp0-GmEKic
🍿 فیلم کامل ایرانی دزد عروسک‌‌ها | پرشین کمدی چنل,https://www.youtube.com/watch?v=mBLhuwm_cSg
🍿 فیلم کامل ایرانی روزهای خوب زندگی | پرشین کمدی چنل,https://www.youtube.com/watch?v=eD1eVapVLsM
🍿 فیلم کامل ایرانی با تو می‌مانم | پرشین کمدی چنل,https://www.youtube.com/watch?v=gxg1eQXfoWE
🍿 فیلم کامل ایرانی عروس خوش‌قدم | پرشین کمدی چنل,https://www.youtube.com/watch?v=AhIDJqfXF-g
🍿 فیلم کامل ایرانی روزی که هوا ایستاد | پرشین کمدی چنل,https://www.youtube.com/watch?v=LPK0kUzDG0w
🍿 فیلم کامل ایرانی دوباره با هم | پرشین کمدی چنل,https://www.youtube.com/watch?v=cM3j12qYSt0
🍿 فیلم کامل ایرانی گلنار | پرشین کمدی چنل,https://www.youtube.com/watch?v=NijDWlUOSvg
🍿 فیلم کامل ایرانی یکی می‌خواد باهات حرف بزنه | پرشین کمدی چنل,https://www.youtube.com/watch?v=JsXjrJqlqz4
🍿 فیلم کامل ایرانی سرگیجه | پرشین کمدی چنل,https://www.youtube.com/watch?v=uOKWkUfNq5Y
🍿 فیلم کامل ایرانی این یک تصادف نیست | پرشین کمدی چنل,https://www.youtube.com/watch?v=oNkFBNfgdLY
🍿 فیلم کامل ایرانی متروپل | پرشین کمدی چنل,https://www.youtube.com/watch?v=1W6PECClmvo
🍿 فیلم کامل ایرانی شب حورا | پرشین کمدی چنل,https://www.youtube.com/watch?v=VbB0yqvGSp4
🍿 فیلم کامل ایرانی می‌ترسم پس دروغ می‌گویم | پرشین کمدی چنل,https://www.youtube.com/watch?v=BZfzhsdEWRQ
🍿 فیلم کامل ایرانی ارسال آگهی تسلیت برای روزنامه | پرشین کمدی چنل,https://www.youtube.com/watch?v=4EJXn9QmFo8
🍿 فیلم کامل ایرانی رؤیای نیمه‌شب تابستان | پرشین کمدی چنل,https://www.youtube.com/watch?v=M4-kZPZv1BM
🍿 فیلم کامل ایرانی کلاس هنرپیشگی | پرشین کمدی چنل,https://www.youtube.com/watch?v=PZacZpzR-qU
🍿 فیلم کامل ایرانی موج سوم | پرشین کمدی چنل,https://www.youtube.com/watch?v=tMC9DQnAipg
🍿 فیلم کامل ایرانی چشماتو نبند | پرشین کمدی چنل,https://www.youtube.com/watch?v=Iw7DyWqC6ck
🍿 فیلم کامل ایرانی خرس | پرشین کمدی چنل,https://www.youtube.com/watch?v=3DwBqFsIACY
🍿 فیلم کامل ایرانی بایسیکل‌ ران | پرشین کمدی چنل,https://www.youtube.com/watch?v=6xDjepEvD7Q
🍿 فیلم کامل ایرانی راه آبی ابریشم | پرشین کمدی چنل,https://www.youtube.com/watch?v=V8E67Ym1yHc
🍿 فیلم کامل ایرانی پنج تا پنج | پرشین کمدی چنل,https://www.youtube.com/watch?v=Jul2lJgVPU0
🍿 فیلم کامل ایرانی شکلات داغ | پرشین کمدی چنل,https://www.youtube.com/watch?v=ncsUGgi-xwM
🍿 فیلم کامل ایرانی عاریه | پرشین کمدی چنل,https://www.youtube.com/watch?v=lMCGy6Ndyso
🍿 فیلم کامل ایرانی روزگاری عشق و خیانت | پرشین کمدی چنل,https://www.youtube.com/watch?v=DIx12ZhFEc4
🍿 فیلم کامل ایرانی زمانی برای درنگ | پرشین کمدی چنل,https://www.youtube.com/watch?v=rXDb84PUW-o
🍿 فیلم کامل ایرانی باد و شقایق | پرشین کمدی چنل,https://www.youtube.com/watch?v=APUGS9hloYY
🍿 فیلم کامل ایرانی دیگری | پرشین کمدی چنل,https://www.youtube.com/watch?v=dUQU6qXMOWQ
🍿 فیلم کامل ایرانی بگذار زندگی کنم | پرشین کمدی چنل,https://www.youtube.com/watch?v=NXnVlzvldIw
🍿 فیلم کامل ایرانی وقتی همه خواب بودند | پرشین کمدی چنل,https://www.youtube.com/watch?v=gTokwTu9GHE
🍿 فیلم کامل ایرانی باغ آلوچه | پرشین کمدی چنل,https://www.youtube.com/watch?v=iZDKXE89dY8
🍿 فیلم کامل ایرانی عروسک | پرشین کمدی چنل,https://www.youtube.com/watch?v=eWiyDqWg-U4
🍿 فیلم کامل ایرانی عاشقت شدم | پرشین کمدی چنل,https://www.youtube.com/watch?v=uSdjPndFs8w
🍿 فیلم کامل ایرانی شکلات | پرشین کمدی چنل,https://www.youtube.com/watch?v=d4A-qOimtdg
🍿 فیلم کامل ایرانی مسلخ عشق | پرشین کمدی چنل,https://www.youtube.com/watch?v=T2wwqbm1zIk
🍿 فیلم کامل ایرانی شور شیرین | پرشین کمدی چنل,https://www.youtube.com/watch?v=TG36bzR2f6Q
🍿 فیلم کامل ایرانی خط آبی | پرشین کمدی چنل,https://www.youtube.com/watch?v=0WJjx18zKe0
🍿 فیلم کامل ایرانی عنتر و منتر | پرشین کمدی چنل,https://www.youtube.com/watch?v=apFLKcp9owE
🍿 فیلم کامل ایرانی میان‌بر | پرشین کمدی چنل,https://www.youtube.com/watch?v=jGrM-tBsYsY
🍿 فیلم کامل ایرانی یاس‌های وحشی | پرشین کمدی چنل,https://www.youtube.com/watch?v=HosJHWezZ_E
🍿 فیلم کامل ایرانی اخم نکن سرکار | پرشین کمدی چنل,https://www.youtube.com/watch?v=EQ-gFhGfzrQ
🍿 فیلم کامل ایرانی سارای | پرشین کمدی چنل,https://www.youtube.com/watch?v=aTrsOlCfhKM
🍿 فیلم کامل ایرانی تاکسی عشق | پرشین کمدی چنل,https://www.youtube.com/watch?v=KAh0x1FBJGI
🍿 فیلم کامل ایرانی دلقک‌ها | پرشین کمدی چنل,https://www.youtube.com/watch?v=Bvo4lrzxY-w
🍿 فیلم کامل ایرانی خیابانی‌ها | پرشین کمدی چنل,https://www.youtube.com/watch?v=rwUsM5BmU20
🍿 فیلم کامل ایرانی صد کیلو داماد | پرشین کمدی چنل,https://www.youtube.com/watch?v=KmkLG_xts0A
🍿 فیلم کامل ایرانی مظفر | پرشین کمدی چنل,https://www.youtube.com/watch?v=rLWlvqwrW5M
🍿 فیلم کامل ایرانی مادر جونم عاشق شده | پرشین کمدی چنل,https://www.youtube.com/watch?v=B7ioS9k-sKY
🍿 فیلم کامل ایرانی شیربها | پرشین کمدی چنل,https://www.youtube.com/watch?v=QD6NPuT_PFU
🍿 فیلم کامل ایرانی یکی خوش‌صدا، یکی خوش‌دست | پرشین کمدی چنل,https://www.youtube.com/watch?v=8wIGTZ20BM8
🍿 فیلم کامل ایرانی مرد اجاره‌ای | پرشین کمدی چنل,https://www.youtube.com/watch?v=c7GKKY84A68
🍿 فیلم کامل ایرانی شمسی پهلوون | پرشین کمدی چنل,https://www.youtube.com/watch?v=TiyVsguU4SU
🍿 فیلم کامل ایرانی داماد فراری | پرشین کمدی چنل,https://www.youtube.com/watch?v=qYEZBO_z4dA
🍿 فیلم کامل ایرانی خانه قمر خانم | پرشین کمدی چنل,https://www.youtube.com/watch?v=fC52CH2zVVA
🍿 فیلم کامل ایرانی هفت دختر برای هفت پسر | پرشین کمدی چنل,https://www.youtube.com/watch?v=aO3Ittl5pCg
🍿 فیلم کامل ایرانی گل‌پری جون | پرشین کمدی چنل,https://www.youtube.com/watch?v=7JKIQD5KdME
🍿 فیلم کامل ایرانی دو کله شق | پرشین کمدی چنل,https://www.youtube.com/watch?v=gbD-VxUiCy8
🍿 فیلم کامل ایرانی حکیم باشی | پرشین کمدی چنل,https://www.youtube.com/watch?v=M_9wKcpOIr4
🍿 فیلم کامل ایرانی رئیس | پرشین کمدی چنل,https://www.youtube.com/watch?v=kCmiY5ajLxI
🍿 فیلم کامل ایرانی ظفر | پرشین کمدی چنل,https://www.youtube.com/watch?v=ulQso2yc7aQ
🍿 فیلم کامل ایرانی سجده بر آب | پرشین کمدی چنل,https://www.youtube.com/watch?v=xzi9p8pTW3E
🍿 فیلم کامل ایرانی بابا گلی به جمالت | پرشین کمدی چنل,https://www.youtube.com/watch?v=4thcT6W7x64
🍿 فیلم کامل ایرانی دست‌‌های خالی | پرشین کمدی چنل,https://www.youtube.com/watch?v=CvNTDzEUBnI
🍿 فیلم کامل ایرانی پرواز در شب | پرشین کمدی چنل,https://www.youtube.com/watch?v=Wk_fpyAWIyk
🍿 فیلم کامل ایرانی گنجشکک اشی مشی | پرشین کمدی چنل,https://www.youtube.com/watch?v=z41kT5gBP8U
🍿 فیلم کامل ایرانی و اینک بهشت | پرشین کمدی چنل,https://www.youtube.com/watch?v=Tzpdz28TTiU
🍿 فیلم کامل ایرانی مقلد شیطان | پرشین کمدی چنل,https://www.youtube.com/watch?v=5pDrJwVYS5c
🍿 فیلم کامل ایرانی سرب | پرشین کمدی چنل,https://www.youtube.com/watch?v=tOQj_W4rlMQ
🍿 فیلم کامل ایرانی ابرام در پاریس | پرشین کمدی چنل,https://www.youtube.com/watch?v=cjmYtID5ZbQ
🍿 فیلم کامل ایرانی خروس بی محل | پرشین کمدی چنل,https://www.youtube.com/watch?v=JKkbokXFy8g
🍿 فیلم کامل ایرانی برهنه خوشحال | پرشین کمدی چنل,https://www.youtube.com/watch?v=LyjnqkHEjWA
🍿 فیلم کامل ایرانی چیچو و فرانکو وطنی | پرشین کمدی چنل,https://www.youtube.com/watch?v=4p8b1UL8UQ8
🍿 فیلم کامل ایرانی ورپریده | پرشین کمدی چنل,https://www.youtube.com/watch?v=8UR7O3VqTG4
🍿 فیلم کامل ایرانی دختر نگو بلا بگو | پرشین کمدی چنل,https://www.youtube.com/watch?v=PwdXxyZF3zU
🍿 فیلم کامل ایرانی سه ناقلا در ژاپن | پرشین کمدی چنل,https://www.youtube.com/watch?v=u6smlmuYp6Y
🍿 فیلم کامل ایرانی ازدواج ایرانی | پرشین کمدی چنل,https://www.youtube.com/watch?v=xPfieoS9ihA
🍿 فیلم کامل ایرانی آتشپاره تهران | پرشین کمدی چنل,https://www.youtube.com/watch?v=8IZJiWTL6Vc
🍿 فیلم کامل ایرانی خوشگل خوشگلا | پرشین کمدی چنل,https://www.youtube.com/watch?v=XPV73Gw6KiE
🍿 فیلم کامل ایرانی بابا شمل | پرشین کمدی چنل,https://www.youtube.com/watch?v=Kc6h7xRajYg
🍿 فیلم کامل ایرانی شکار شوهر | پرشین کمدی چنل,https://www.youtube.com/watch?v=8OnF8QhdZBo
🍿 فیلم کامل ایرانی قهوه خانه قنبر | پرشین کمدی چنل,https://www.youtube.com/watch?v=y5FKggDbSbM
🍿 فیلم کامل ایرانی ماجرای شب ژانویه | پرشین کمدی چنل,https://www.youtube.com/watch?v=dbzxmOAmiFY
🍿 فیلم کامل ایرانی اعجوبه ها | پرشین کمدی چنل,https://www.youtube.com/watch?v=AwjL_LddWHk
🍿 فیلم کامل ایرانی پا تو کفش من نکن | پرشین کمدی چنل,https://www.youtube.com/watch?v=xD9m3_8zasA
🍿 فیلم کامل ایرانی حاجی جبار در پاریس | پرشین کمدی چنل,https://www.youtube.com/watch?v=GtbxTWhOukE
🍿 فیلم کامل ایرانی چاکر شما کوچولو | پرشین کمدی چنل,https://www.youtube.com/watch?v=OxXMKHVfVNY
🍿 فیلم کامل ایرانی تعطیلات داش اسمال | پرشین کمدی چنل,https://www.youtube.com/watch?v=1vplgobccCk
🍿 فیلم کامل ایرانی مرغ همسایه | پرشین کمدی چنل,https://www.youtube.com/watch?v=k_gsyIRCjkw
🍿 فیلم کامل ایرانی خوشگل محله | پرشین کمدی چنل,https://www.youtube.com/watch?v=wP-cylIKIwg
🍿 فیلم کامل ایرانی جاهل‌ها و ژیگول‌ها | پرشین کمدی چنل,https://www.youtube.com/watch?v=WIsGHOUFAZc
🍿 فیلم کامل ایرانی خانه خراب | پرشین کمدی چنل,https://www.youtube.com/watch?v=12XLT7R0tns
🍿 فیلم کامل ایرانی اکبر دیلماج | پرشین کمدی چنل,https://www.youtube.com/watch?v=xrhkk6XmuPo
🍿 فیلم کامل ایرانی فقط آقا مهدی میتونه | پرشین کمدی چنل,https://www.youtube.com/watch?v=VMDOkRryYFE
🍿 فیلم کامل ایرانی فری دست قشنگ | پرشین کمدی چنل,https://www.youtube.com/watch?v=oO8tT4JZqJo
🍿 فیلم کامل ایرانی در جستجوی داماد | پرشین کمدی چنل,https://www.youtube.com/watch?v=J6StSh92WkI
🍿 فیلم کامل ایرانی شوخی نکن دلخور می شم | پرشین کمدی چنل,https://www.youtube.com/watch?v=j5RD6hn3iWo
🍿 فیلم کامل ایرانی یک داستان عاشقانه | پرشین کمدی چنل,https://www.youtube.com/watch?v=grR4_Zokup4
🍿 فیلم کامل ایرانی آن‌سوی رودخانه | پرشین کمدی چنل,https://www.youtube.com/watch?v=nD-eYZ21vnY
🍿 فیلم کامل ایرانی کیمیا | پرشین کمدی چنل,https://www.youtube.com/watch?v=l4yvuMnxVgg
🍿 فیلم کامل ایرانی سیزده 59 | پرشین کمدی چنل,https://www.youtube.com/watch?v=rKkTeefBobM
🍿 فیلم کامل ایرانی جعفر جنی و محبوبه اش | پرشین کمدی چنل,https://www.youtube.com/watch?v=oSsSBLBtOeQ
🍿 فیلم کامل ایرانی وقت لطیف شن | پرشین کمدی چنل,https://www.youtube.com/watch?v=9U5z6hQcXFE
🍿 فیلم کامل ایرانی قصه‌ها | پرشین کمدی چنل,https://www.youtube.com/watch?v=WvcnJkZRq8E
🍿 فیلم کامل ایرانی جنگلبان | پرشین کمدی چنل,https://www.youtube.com/watch?v=QE-AfcEDMuU
🍿 فیلم کامل ایرانی خانواده سرکار غضنفر | پرشین کمدی چنل,https://www.youtube.com/watch?v=vhgHZFYW7TY
🍿 فیلم کامل ایرانی کج کلا خان | پرشین کمدی چنل,https://www.youtube.com/watch?v=DDPZd7Eoq4U
🍿 فیلم کامل ایرانی قربون زن ایرونی | پرشین کمدی چنل,https://www.youtube.com/watch?v=mSvK-bA0g1Y
🍿 فیلم کامل ایرانی شارلاتان | پرشین کمدی چنل,https://www.youtube.com/watch?v=7QYVPN74MXw
🍿 فیلم کامل ایرانی رضا چلچله | پرشین کمدی چنل,https://www.youtube.com/watch?v=8B352KU6n9I
🍿 فیلم کامل ایرانی پهلوان در قرن اتم | پرشین کمدی چنل,https://www.youtube.com/watch?v=kHwK_buYM3g
🍿 فیلم کامل ایرانی این دست کجه | پرشین کمدی چنل,https://www.youtube.com/watch?v=SgZQMEddHao
🍿 فیلم کامل ایرانی علی کنکوری | پرشین کمدی چنل,https://www.youtube.com/watch?v=Spn20T6zBtU
🍿 فیلم کامل ایرانی یک میلیونر و دو مفلس | پرشین کمدی چنل,https://www.youtube.com/watch?v=68BTmAb1L6s
🍿 فیلم کامل ایرانی آقا دزده | پرشین کمدی چنل,https://www.youtube.com/watch?v=f4xOm6hJ3yM
🍿 فیلم کامل ایرانی شادی‌های زندگی ما | پرشین کمدی چنل,https://www.youtube.com/watch?v=wwDiTck4-_A
🍿 فیلم کامل ایرانی مرد شرقی، زن فرنگی | پرشین کمدی چنل,https://www.youtube.com/watch?v=RKQRk6gN09A
🍿 فیلم کامل ایرانی مشکل آقای اعتماد | پرشین کمدی چنل,https://www.youtube.com/watch?v=KnQ5ltkIpeA
🍿 فیلم کامل ایرانی زنبورک | پرشین کمدی چنل,https://www.youtube.com/watch?v=sy0sSSxBwr8
🍿 فیلم کامل ایرانی مذاکرات مستقیم آقای عبدی | پرشین کمدی چنل,https://www.youtube.com/watch?v=j49icKca8bw
🍿 فیلم کامل ایرانی الکی خوش | پرشین کمدی چنل,https://www.youtube.com/watch?v=dMKN4TaDTqI
🍿 فیلم کامل ایرانی اتل متل توتوله | پرشین کمدی چنل,https://www.youtube.com/watch?v=cuhiBuSAP_k
🍿 فیلم کامل ایرانی گنجشک و قناری | پرشین کمدی چنل,https://www.youtube.com/watch?v=cvrtfooHqSA
🍿 فیلم کامل ایرانی فرار از کمپ سه | پرشین کمدی چنل,https://www.youtube.com/watch?v=XYKhkEQfnK8
🍿 فیلم کامل ایرانی نخاله قهرمان | پرشین کمدی چنل,https://www.youtube.com/watch?v=74uTZSmZBbw
🍿 فیلم کامل ایرانی نیم وجبی | پرشین کمدی چنل,https://www.youtube.com/watch?v=urAk3xqgyak
🍿 فیلم کامل ایرانی سینه چاک | پرشین کمدی چنل,https://www.youtube.com/watch?v=fQnW5YT3qU0
🍿 فیلم کامل ایرانی نوبر اصفهان | پرشین کمدی چنل,https://www.youtube.com/watch?v=wmkdDBpf4P8
🍿 فیلم کامل ایرانی پری خوشگله | پرشین کمدی چنل,https://www.youtube.com/watch?v=pdHcTmaVj_E
🍿 فیلم کامل ایرانی خوشگذران | پرشین کمدی چنل,https://www.youtube.com/watch?v=r6YQ_VljU2c
🍿 فیلم کامل ایرانی تختخواب سه نفره | پرشین کمدی چنل,https://www.youtube.com/watch?v=CUrrtPCiEXQ
🍿 فیلم کامل ایرانی مادموازل خاله | پرشین کمدی چنل,https://www.youtube.com/watch?v=RPPIt7W70Bc
🍿 فیلم کامل ایرانی پلی به سوی بهشت | پرشین کمدی چنل,https://www.youtube.com/watch?v=fw7MTydAVVs
🍿 فیلم کامل ایرانی کلک نزن خوشگله | پرشین کمدی چنل,https://www.youtube.com/watch?v=fGhvgbyjjtM
🍿 فیلم کامل ایرانی عیالوار | پرشین کمدی چنل,https://www.youtube.com/watch?v=EYu7b7zt3yw
🍿 فیلم کامل ایرانی مهمان | پرشین کمدی چنل,https://www.youtube.com/watch?v=5JdxQ-DuaCg
🍿 فیلم کامل ایرانی خر دجال | پرشین کمدی چنل,https://www.youtube.com/watch?v=HmZHXoR7Ids
🍿 فیلم کامل ایرانی زبون بسته | پرشین کمدی چنل,https://www.youtube.com/watch?v=_a3OUk8_cOk
🍿 فیلم کامل ایرانی یک اصفهانی در سرزمین هیتلر | پرشین کمدی چنل,https://www.youtube.com/watch?v=Ul-fFinDy4k
🍿 فیلم کامل ایرانی درشکه‌چی | پرشین کمدی چنل,https://www.youtube.com/watch?v=eBWKGoFD-bo
🍿 فیلم کامل ایرانی کاسب‌های محل | پرشین کمدی چنل,https://www.youtube.com/watch?v=ToCgow67gmk
🍿 فیلم کامل ایرانی لج و لجبازی | پرشین کمدی چنل,https://www.youtube.com/watch?v=t2PcjeVpMZw
🍿 فیلم کامل ایرانی جیب بر خوشگله | پرشین کمدی چنل,https://www.youtube.com/watch?v=jUbmkYVHyuU
🍿 فیلم کامل ایرانی کنیز | پرشین کمدی چنل,https://www.youtube.com/watch?v=2Q9U5E0xyc4
🍿 فیلم کامل ایرانی فیل و فنجون | پرشین کمدی چنل,https://www.youtube.com/watch?v=SX1RXrdPbeU
🍿 فیلم کامل ایرانی چهار تا شیطون | پرشین کمدی چنل,https://www.youtube.com/watch?v=pzfYW0b0eSg
🍿 فیلم کامل ایرانی جنجال عروسی | پرشین کمدی چنل,https://www.youtube.com/watch?v=OILKTFSev7A
🍿 فیلم کامل ایرانی خشم کولی | پرشین کمدی چنل,https://www.youtube.com/watch?v=NdNyBuG1jr4
🍿 فیلم کامل ایرانی شیر تو شیر | پرشین کمدی چنل,https://www.youtube.com/watch?v=TUGW8EpHNto
🍿 فیلم کامل ایرانی خروس جنگی | پرشین کمدی چنل,https://www.youtube.com/watch?v=W5_Tg4JOIVA
🍿 فیلم کامل ایرانی خدا قوت | پرشین کمدی چنل,https://www.youtube.com/watch?v=21aSyIc65So
🍿 فیلم کامل ایرانی زن‌ها نمونه‌اند؟ | پرشین کمدی چنل,https://www.youtube.com/watch?v=ryPoWSqGx1k
🍿 فیلم کامل ایرانی روزی که مرد شدم | پرشین کمدی چنل,https://www.youtube.com/watch?v=kIt3LdcQdCw
🍿 فیلم کامل ایرانی نخودی | پرشین کمدی چنل,https://www.youtube.com/watch?v=R0X2PA_BucQ
🍿 فیلم کامل ایرانی غریبه دوست داشتنی | پرشین کمدی چنل,https://www.youtube.com/watch?v=XMXdYqABGPI
🍿 فیلم کامل ایرانی پاتو زمین نذار | پرشین کمدی چنل,https://www.youtube.com/watch?v=rold5gpJxnU
🍿 فیلم کامل ایرانی محاکمه در خیابان | پرشین کمدی چنل,https://www.youtube.com/watch?v=CWH7-JDER64
🍿 فیلم کامل ایرانی خواب لیلا | پرشین کمدی چنل,https://www.youtube.com/watch?v=AjM9yo7-DGM
🍿 فیلم کامل ایرانی سفر خوش | پرشین کمدی چنل,https://www.youtube.com/watch?v=215Y7d4i1wU
🍿 فیلم کامل ایرانی پرنده کوچک خوشبختی | پرشین کمدی چنل,https://www.youtube.com/watch?v=hOHf_5xYXAM
🍿 فیلم کامل ایرانی آناهیتا | پرشین کمدی چنل,https://www.youtube.com/watch?v=ZRpVVVBOs5Y
🍿 فیلم کامل ایرانی کوچه ملی | پرشین کمدی چنل,https://www.youtube.com/watch?v=MNmqMrHck8c
🍿 فیلم کامل ایرانی تیغ‌ زن | پرشین کمدی چنل,https://www.youtube.com/watch?v=vqDS82O8Fz0
🍿 فیلم کامل ایرانی زن دوم | پرشین کمدی چنل,https://www.youtube.com/watch?v=2Cu9NDWINfk
🍿 فیلم کامل ایرانی ول کن دستمو | پرشین کمدی چنل,https://www.youtube.com/watch?v=btig-iboMmI
🍿 فیلم کامل ایرانی نسیم سحر | پرشین کمدی چنل,https://www.youtube.com/watch?v=8J0Sg1yus7I
🍿 فیلم کامل ایرانی بی خداحافظی | پرشین کمدی چنل,https://www.youtube.com/watch?v=ChYyYOQ2Qzo
🍿 فیلم کامل ایرانی دیو و دلبر | پرشین کمدی چنل,https://www.youtube.com/watch?v=Kgvy14cNoSQ
🍿 فیلم کامل ایرانی دوازده صندلی | پرشین کمدی چنل,https://www.youtube.com/watch?v=dz0JVZ6lP_E
🍿 فیلم کامل ایرانی فرار از کمپ دو | پرشین کمدی چنل,https://www.youtube.com/watch?v=_xHMGnFsoww
🍿 فیلم کامل ایرانی روباه | پرشین کمدی چنل,https://www.youtube.com/watch?v=AWqBl1zVYS8
🍿 فیلم کامل ایرانی پول خارجی | پرشین کمدی چنل,https://www.youtube.com/watch?v=VGU26GUbkxc
🍿 فیلم کامل ایرانی خواب زمستانی | پرشین کمدی چنل,https://www.youtube.com/watch?v=xWJaGo4dbw8
🍿 فیلم کامل ایرانی بدون اجازه | پرشین کمدی چنل,https://www.youtube.com/watch?v=N9Alm5byaDs
🍿 فیلم کامل ایرانی کلاغ پر دلفین پر | پرشین کمدی چنل,https://www.youtube.com/watch?v=JTD9hHluiOI
🍿 فیلم کامل ایرانی روزی که هوا ایستاد | پرشین کمدی چنل,https://www.youtube.com/watch?v=lB6HYTJlkyY
🍿 فیلم کامل ایرانی دزد عروسک‌‌ها | پرشین کمدی چنل,https://www.youtube.com/watch?v=QEdINltrME8
🍿 فیلم کامل ایرانی با تو می‌مانم | پرشین کمدی چنل,https://www.youtube.com/watch?v=s_X3DVBS6OA
🍿 فیلم کامل ایرانی عروس خوش‌قدم | پرشین کمدی چنل,https://www.youtube.com/watch?v=s_kNw5qLl74
🍿 فیلم کامل ایرانی این یک تصادف نیست | پرشین کمدی چنل,https://www.youtube.com/watch?v=eaOSmd9HwgU
🍿 فیلم کامل ایرانی دوباره با هم | پرشین کمدی چنل,https://www.youtube.com/watch?v=ivVo-zEVbA8
🍿 فیلم کامل ایرانی گلنار | پرشین کمدی چنل,https://www.youtube.com/watch?v=stW5GM_RXws
🍿 فیلم کامل ایرانی روزهای خوب زندگی | پرشین کمدی چنل,https://www.youtube.com/watch?v=INwAHbTvQxc
🍿 فیلم کامل ایرانی سرگیجه | پرشین کمدی چنل,https://www.youtube.com/watch?v=fXHIL9NHN1I
🍿 فیلم کامل ایرانی کلاس هنرپیشگی | پرشین کمدی چنل,https://www.youtube.com/watch?v=TaEq09ObyjY
🍿 فیلم کامل ایرانی متروپل | پرشین کمدی چنل,https://www.youtube.com/watch?v=pjC7_A7CCB0
🍿 فیلم کامل ایرانی شب حورا | پرشین کمدی چنل,https://www.youtube.com/watch?v=qEswzcZKAE0
🍿 فیلم کامل ایرانی یکی می‌خواد باهات حرف بزنه | پرشین کمدی چنل,https://www.youtube.com/watch?v=DBohWrefRX0
🍿 فیلم کامل ایرانی ارسال آگهی تسلیت برای روزنامه | پرشین کمدی چنل,https://www.youtube.com/watch?v=LOzKKs2M_BQ
🍿 فیلم کامل ایرانی موج سوم | پرشین کمدی چنل,https://www.youtube.com/watch?v=39S3h_8gH3U
🍿 فیلم کامل ایرانی می‌ترسم پس دروغ می‌گویم | پرشین کمدی چنل,https://www.youtube.com/watch?v=wQO2WUA0e1w
🍿 فیلم کامل ایرانی خرس | پرشین کمدی چنل,https://www.youtube.com/watch?v=URVVSDXIHWQ
🍿 فیلم کامل ایرانی چشماتو نبند | پرشین کمدی چنل,https://www.youtube.com/watch?v=jq8vOlgQqMM
🍿 فیلم کامل ایرانی روزگاری عشق و خیانت | پرشین کمدی چنل,https://www.youtube.com/watch?v=6C8Iyvpy8yY
🍿 فیلم کامل ایرانی بایسیکل‌ ران | پرشین کمدی چنل,https://www.youtube.com/watch?v=2_svUE2sIls
🍿 فیلم کامل ایرانی راه آبی ابریشم | پرشین کمدی چنل,https://www.youtube.com/watch?v=7ZgFEsO9G1Y
🍿 فیلم کامل ایرانی شکلات داغ | پرشین کمدی چنل,https://www.youtube.com/watch?v=aMc0bWl8YtI
🍿 فیلم کامل ایرانی عاریه | پرشین کمدی چنل,https://www.youtube.com/watch?v=1KvJrYHtDa8
🍿 فیلم کامل ایرانی زمانی برای درنگ | پرشین کمدی چنل,https://www.youtube.com/watch?v=zw46b5sgjC8
🍿 فیلم کامل ایرانی باد و شقایق | پرشین کمدی چنل,https://www.youtube.com/watch?v=RYFOLkDl9hI
🍿 فیلم کامل ایرانی پنج تا پنج | پرشین کمدی چنل,https://www.youtube.com/watch?v=iIrz-PJtEX8
🍿 فیلم کامل ایرانی عاشقت شدم | پرشین کمدی چنل,https://www.youtube.com/watch?v=zBwVSUu1hwU
🍿 فیلم کامل ایرانی بگذار زندگی کنم | پرشین کمدی چنل,https://www.youtube.com/watch?v=JgiuauIApBQ
🍿 فیلم کامل ایرانی وقتی همه خواب بودند | پرشین کمدی چنل,https://www.youtube.com/watch?v=KM7v2k2YW94
🍿 فیلم کامل ایرانی عروسک | پرشین کمدی چنل,https://www.youtube.com/watch?v=7C7_Qx7-j5A
🍿 فیلم کامل ایرانی شکلات | پرشین کمدی چنل,https://www.youtube.com/watch?v=hCfguGLkM54
🍿 فیلم کامل ایرانی مسلخ عشق | پرشین کمدی چنل,https://www.youtube.com/watch?v=-YVWkI1AZic
🍿 فیلم کامل ایرانی باغ آلوچه | پرشین کمدی چنل,https://www.youtube.com/watch?v=LcR-9DWq2qk
🍿 فیلم کامل ایرانی خط آبی | پرشین کمدی چنل,https://www.youtube.com/watch?v=VNsM7YZNeRQ
🍿 فیلم کامل ایرانی سارای | پرشین کمدی چنل,https://www.youtube.com/watch?v=Qd3scJuUt48
🍿 فیلم کامل ایرانی یاس‌های وحشی | پرشین کمدی چنل,https://www.youtube.com/watch?v=Yjd4_uQDfe0
🍿 فیلم کامل ایرانی میان‌بر | پرشین کمدی چنل,https://www.youtube.com/watch?v=C1hYKQySod0
🍿 فیلم کامل ایرانی شور شیرین | پرشین کمدی چنل,https://www.youtube.com/watch?v=RbFmeFu0-5w
🍿 فیلم کامل ایرانی عنتر و منتر | پرشین کمدی چنل,https://www.youtube.com/watch?v=ScRm4VczbUQ
🍿 فیلم کامل ایرانی تاکسی عشق | پرشین کمدی چنل,https://www.youtube.com/watch?v=1-MJHPbRqa0
🍿 فیلم کامل ایرانی مظفر | پرشین کمدی چنل,https://www.youtube.com/watch?v=1GsGObdqNlY
🍿 فیلم کامل ایرانی خیابانی‌ها | پرشین کمدی چنل,https://www.youtube.com/watch?v=BNj4dL1kyE8
🍿 فیلم کامل ایرانی اخم نکن سرکار | پرشین کمدی چنل,https://www.youtube.com/watch?v=Mtp7pGPZShI
🍿 فیلم کامل ایرانی دلقک‌ها | پرشین کمدی چنل,https://www.youtube.com/watch?v=0J6xJjvGTIM
🍿 فیلم کامل ایرانی شیربها | پرشین کمدی چنل,https://www.youtube.com/watch?v=StKJj0Dn_7Y
🍿 فیلم کامل ایرانی یکی خوش‌صدا، یکی خوش‌دست | پرشین کمدی چنل,https://www.youtube.com/watch?v=SbWEN54Sovs
🍿 فیلم کامل ایرانی مادر جونم عاشق شده | پرشین کمدی چنل,https://www.youtube.com/watch?v=O7m1oR22FUU
🍿 فیلم کامل ایرانی مرد اجاره‌ای | پرشین کمدی چنل,https://www.youtube.com/watch?v=dHhzfMPrH0w
🍿 فیلم کامل ایرانی صد کیلو داماد | پرشین کمدی چنل,https://www.youtube.com/watch?v=tFc_oJNGY44
🍿 فیلم کامل ایرانی گل‌پری جون | پرشین کمدی چنل,https://www.youtube.com/watch?v=EFr-KRCS1zE
🍿 فیلم کامل ایرانی خانه قمر خانم | پرشین کمدی چنل,https://www.youtube.com/watch?v=GCjQzIp3Xig
🍿 فیلم کامل ایرانی هفت دختر برای هفت پسر | پرشین کمدی چنل,https://www.youtube.com/watch?v=-9slOupQ7Gs
🍿 فیلم کامل ایرانی داماد فراری | پرشین کمدی چنل,https://www.youtube.com/watch?v=z1wKal1J1ec
🍿 فیلم کامل ایرانی دو کله شق | پرشین کمدی چنل,https://www.youtube.com/watch?v=cTcFjzMmj5Y
🍿 فیلم کامل ایرانی شمسی پهلوون | پرشین کمدی چنل,https://www.youtube.com/watch?v=CZCfivGKZjg
🍿 فیلم کامل ایرانی بابا گلی به جمالت | پرشین کمدی چنل,https://www.youtube.com/watch?v=b72TUezP5Zo
🍿 فیلم کامل ایرانی سجده بر آب | پرشین کمدی چنل,https://www.youtube.com/watch?v=5D5Ou1r93_g
🍿 فیلم کامل ایرانی رئیس | پرشین کمدی چنل,https://www.youtube.com/watch?v=pld9drKja8w
🍿 فیلم کامل ایرانی دست‌‌های خالی | پرشین کمدی چنل,https://www.youtube.com/watch?v=X1XIeAUdq4g
🍿 فیلم کامل ایرانی حکیم باشی | پرشین کمدی چنل,https://www.youtube.com/watch?v=lWT4vBGFTVE
🍿 فیلم کامل ایرانی و اینک بهشت | پرشین کمدی چنل,https://www.youtube.com/watch?v=78pRWXjI9ZM
🍿 فیلم کامل ایرانی گنجشکک اشی مشی | پرشین کمدی چنل,https://www.youtube.com/watch?v=bchlu9sI7mQ
🍿 فیلم کامل ایرانی مقلد شیطان | پرشین کمدی چنل,https://www.youtube.com/watch?v=UIvxl64jRY4
🍿 فیلم کامل ایرانی پرواز در شب | پرشین کمدی چنل,https://www.youtube.com/watch?v=RWapJ1QezkU
🍿 فیلم کامل ایرانی خروس بی محل | پرشین کمدی چنل,https://www.youtube.com/watch?v=u4EdyFwKbts
🍿 فیلم کامل ایرانی برهنه خوشحال | پرشین کمدی چنل,https://www.youtube.com/watch?v=M-iTldXm_YU
🍿 فیلم کامل ایرانی ابرام در پاریس | پرشین کمدی چنل,https://www.youtube.com/watch?v=vDKnfU8XChQ
🍿 فیلم کامل ایرانی چیچو و فرانکو وطنی | پرشین کمدی چنل,https://www.youtube.com/watch?v=57YTdyFQHTY
🍿 فیلم کامل ایرانی سرب | پرشین کمدی چنل,https://www.youtube.com/watch?v=bwnPUa5W7kU
🍿 فیلم کامل ایرانی آتشپاره تهران | پرشین کمدی چنل,https://www.youtube.com/watch?v=IJJdxqVDtFQ
🍿 فیلم کامل ایرانی سه ناقلا در ژاپن | پرشین کمدی چنل,https://www.youtube.com/watch?v=IffEBFXaJZc
🍿 فیلم کامل ایرانی ازدواج ایرانی | پرشین کمدی چنل,https://www.youtube.com/watch?v=rJ-QJBF8EVA
🍿 فیلم کامل ایرانی دختر نگو بلا بگو | پرشین کمدی چنل,https://www.youtube.com/watch?v=WCBzrQMaxHE
🍿 فیلم کامل ایرانی خوشگل خوشگلا | پرشین کمدی چنل,https://www.youtube.com/watch?v=h8wKY15LH3k
🍿 فیلم کامل ایرانی ورپریده | پرشین کمدی چنل,https://www.youtube.com/watch?v=YtpMinnxnMU
🍿 فیلم کامل ایرانی اعجوبه ها | پرشین کمدی چنل,https://www.youtube.com/watch?v=As1Eumub2Qc
🍿 فیلم کامل ایرانی قهوه خانه قنبر | پرشین کمدی چنل,https://www.youtube.com/watch?v=ysm3HuRe9XA
🍿 فیلم کامل ایرانی ماجرای شب ژانویه | پرشین کمدی چنل,https://www.youtube.com/watch?v=jjzewehPiPk
🍿 فیلم کامل ایرانی شکار شوهر | پرشین کمدی چنل,https://www.youtube.com/watch?v=cv0dhfRKb20
🍿 فیلم کامل ایرانی پا تو کفش من نکن | پرشین کمدی چنل,https://www.youtube.com/watch?v=LtUNLQX0rkQ
🍿 فیلم کامل ایرانی بابا شمل | پرشین کمدی چنل,https://www.youtube.com/watch?v=4_75AVgsz9I
🍿 فیلم کامل ایرانی خوشگل محله | پرشین کمدی چنل,https://www.youtube.com/watch?v=j0KrePPIZ-I
🍿 فیلم کامل ایرانی تعطیلات داش اسمال | پرشین کمدی چنل,https://www.youtube.com/watch?v=H3AXX880oV0
🍿 فیلم کامل ایرانی مرغ همسایه | پرشین کمدی چنل,https://www.youtube.com/watch?v=abHjZm4J7v0
🍿 فیلم کامل ایرانی چاکر شما کوچولو | پرشین کمدی چنل,https://www.youtube.com/watch?v=z1zJVKI2Pkw
🍿 فیلم کامل ایرانی جاهل‌ها و ژیگول‌ها | پرشین کمدی چنل,https://www.youtube.com/watch?v=tk3ql-CfASY
🍿 فیلم کامل ایرانی حاجی جبار در پاریس | پرشین کمدی چنل,https://www.youtube.com/watch?v=m2paAj6IOlo
🍿 فیلم کامل ایرانی در جستجوی داماد | پرشین کمدی چنل,https://www.youtube.com/watch?v=sdeV0KWJU3I
🍿 فیلم کامل ایرانی فقط آقا مهدی میتونه | پرشین کمدی چنل,https://www.youtube.com/watch?v=TmabS8I5hoI
🍿 فیلم کامل ایرانی فری دست قشنگ | پرشین کمدی چنل,https://www.youtube.com/watch?v=dMYeBp4174g
🍿 فیلم کامل ایرانی اکبر دیلماج | پرشین کمدی چنل,https://www.youtube.com/watch?v=qfP3gfdfYIQ
🍿 فیلم کامل ایرانی شوخی نکن دلخور می شم | پرشین کمدی چنل,https://www.youtube.com/watch?v=zKGS-mc0Vrs
🍿 فیلم کامل ایرانی خانه خراب | پرشین کمدی چنل,https://www.youtube.com/watch?v=FAM_6lWpgD0
🍿 فیلم کامل ایرانی جعفر جنی و محبوبه اش | پرشین کمدی چنل,https://www.youtube.com/watch?v=FvrKytTjfC4
🍿 فیلم کامل ایرانی کیمیا | پرشین کمدی چنل,https://www.youtube.com/watch?v=1XQscG7cvgQ
🍿 فیلم کامل ایرانی سیزده 59 | پرشین کمدی چنل,https://www.youtube.com/watch?v=cnpoU-tQV2o
🍿 فیلم کامل ایرانی آن‌سوی رودخانه | پرشین کمدی چنل,https://www.youtube.com/watch?v=Oki1PuuS3ZM
🍿فیلم ایرانی نامه‌های باد,https://www.youtube.com/watch?v=sbmmnkfXTa0
🍿 فیلم کامل ایرانی جنگلبان | پرشین کمدی چنل,https://www.youtube.com/watch?v=BFEgn1Tr68Y
🍿 فیلم کامل ایرانی خانواده سرکار غضنفر | پرشین کمدی چنل,https://www.youtube.com/watch?v=jS9vHIOTkJY
🍿 فیلم کامل ایرانی وقت لطیف شن | پرشین کمدی چنل,https://www.youtube.com/watch?v=sDbRaFxtcHQ
🍿 فیلم کامل ایرانی پهلوان در قرن اتم | پرشین کمدی چنل,https://www.youtube.com/watch?v=uNn-ueLfYU0
🍿 فیلم کامل ایرانی شارلاتان | پرشین کمدی چنل,https://www.youtube.com/watch?v=Rdbk_M8BdHY
🍿 فیلم کامل ایرانی رضا چلچله | پرشین کمدی چنل,https://www.youtube.com/watch?v=MpWQ6q2-5o0
🍿 فیلم کامل ایرانی قربون زن ایرونی | پرشین کمدی چنل,https://www.youtube.com/watch?v=EszR1aopuvQ
🍿 فیلم کامل ایرانی این دست کجه | پرشین کمدی چنل,https://www.youtube.com/watch?v=l6NJoMq-0JM
🍿 فیلم کامل ایرانی کج کلا خان | پرشین کمدی چنل,https://www.youtube.com/watch?v=XBJYPG-JXi8
🍿 فیلم کامل ایرانی مرد شرقی، زن فرنگی | پرشین کمدی چنل,https://www.youtube.com/watch?v=0AdHfZlkhNY
🍿 فیلم کامل ایرانی آقا دزده | پرشین کمدی چنل,https://www.youtube.com/watch?v=utbHDee5o-Q
🍿 فیلم کامل ایرانی شادی‌های زندگی ما | پرشین کمدی چنل,https://www.youtube.com/watch?v=Vbmj26pvNTg
🍿 فیلم کامل ایرانی یک میلیونر و دو مفلس | پرشین کمدی چنل,https://www.youtube.com/watch?v=TPx4g3zSOkg
🍿 فیلم کامل ایرانی مشکل آقای اعتماد | پرشین کمدی چنل,https://www.youtube.com/watch?v=dFwXt4NjyyA
🍿 فیلم کامل ایرانی علی کنکوری | پرشین کمدی چنل,https://www.youtube.com/watch?v=kj4z-2dkc4o
🍿 فیلم کامل ایرانی اتل متل توتوله | پرشین کمدی چنل,https://www.youtube.com/watch?v=t4FU-gxJDok
🍿 فیلم کامل ایرانی الکی خوش | پرشین کمدی چنل,https://www.youtube.com/watch?v=Awzr2it2DDs
🍿 فیلم کامل ایرانی مذاکرات مستقیم آقای عبدی | پرشین کمدی چنل,https://www.youtube.com/watch?v=paes9XfwP0E
🍿 فیلم کامل ایرانی گنجشک و قناری | پرشین کمدی چنل,https://www.youtube.com/watch?v=x-ED55EdTv8
🍿 فیلم کامل ایرانی زنبورک | پرشین کمدی چنل,https://www.youtube.com/watch?v=MklUhJdlc2c
🍿 فیلم کامل ایرانی نیم وجبی | پرشین کمدی چنل,https://www.youtube.com/watch?v=LNJiWKIHKQ0
🍿 فیلم کامل ایرانی سینه چاک | پرشین کمدی چنل,https://www.youtube.com/watch?v=i6eEXaiuhfk
🍿 فیلم کامل ایرانی نخاله قهرمان | پرشین کمدی چنل,https://www.youtube.com/watch?v=RO0L2x_eytA
🍿 فیلم کامل ایرانی نوبر اصفهان | پرشین کمدی چنل,https://www.youtube.com/watch?v=6FgGnlWu3mU
🍿 فیلم کامل ایرانی فرار از کمپ سه | پرشین کمدی چنل,https://www.youtube.com/watch?v=ibBNeKTNA7Y
🍿 فیلم کامل ایرانی پلی به سوی بهشت | پرشین کمدی چنل,https://www.youtube.com/watch?v=1nEO5fEknLc
🍿 فیلم کامل ایرانی تختخواب سه نفره | پرشین کمدی چنل,https://www.youtube.com/watch?v=RnAxFUCxuuY
🍿 فیلم کامل ایرانی مادموازل خاله | پرشین کمدی چنل,https://www.youtube.com/watch?v=5RHzKWo8YJE
🍿 فیلم کامل ایرانی خوشگذران | پرشین کمدی چنل,https://www.youtube.com/watch?v=DC1VD2Ou5gA
🍿 فیلم کامل ایرانی کلک نزن خوشگله | پرشین کمدی چنل,https://www.youtube.com/watch?v=TRHpm9pfrxA
🍿 فیلم کامل ایرانی پری خوشگله | پرشین کمدی چنل,https://www.youtube.com/watch?v=YrkCKqRZAxk
🍿 فیلم کامل ایرانی یک اصفهانی در سرزمین هیتلر | پرشین کمدی چنل,https://www.youtube.com/watch?v=kPNB0ahuE-o
🍿 فیلم کامل ایرانی خر دجال | پرشین کمدی چنل,https://www.youtube.com/watch?v=V6dm-QHQe2g
🍿 فیلم کامل ایرانی زبون بسته | پرشین کمدی چنل,https://www.youtube.com/watch?v=Jy14l9UoXxs
🍿 فیلم کامل ایرانی مهمان | پرشین کمدی چنل,https://www.youtube.com/watch?v=eBe0apiNeCE
🍿 فیلم کامل ایرانی درشکه‌چی | پرشین کمدی چنل,https://www.youtube.com/watch?v=MZQUxVq3jvs
🍿 فیلم کامل ایرانی عیالوار | پرشین کمدی چنل,https://www.youtube.com/watch?v=q_jh5T826fc
🍿 فیلم کامل ایرانی فیل و فنجون | پرشین کمدی چنل,https://www.youtube.com/watch?v=3RgBCKLN0jw
🍿 فیلم کامل ایرانی جیب بر خوشگله | پرشین کمدی چنل,https://www.youtube.com/watch?v=u7FXGuKucWc
🍿 فیلم کامل ایرانی کنیز | پرشین کمدی چنل,https://www.youtube.com/watch?v=cU6s9dTmJyE
🍿 فیلم کامل ایرانی لج و لجبازی | پرشین کمدی چنل,https://www.youtube.com/watch?v=NQTh7EwfZPI
🍿 فیلم کامل ایرانی چهار تا شیطون | پرشین کمدی چنل,https://www.youtube.com/watch?v=_G3zQ8KDn_A
🍿 فیلم کامل ایرانی کاسب‌های محل | پرشین کمدی چنل,https://www.youtube.com/watch?v=yl5C34AHdoc
🍿 فیلم کامل ایرانی خدا قوت | پرشین کمدی چنل,https://www.youtube.com/watch?v=9Yb9bgI76b0
🍿 فیلم کامل ایرانی شیر تو شیر | پرشین کمدی چنل,https://www.youtube.com/watch?v=hpPQmUqyTTc
🍿 فیلم کامل ایرانی خروس جنگی | پرشین کمدی چنل,https://www.youtube.com/watch?v=dngEcbX4dfY
🍿 فیلم کامل ایرانی خشم کولی | پرشین کمدی چنل,https://www.youtube.com/watch?v=5ra_ypdN8h4
🍿 فیلم کامل ایرانی جنجال عروسی | پرشین کمدی چنل,https://www.youtube.com/watch?v=p6iMkLUfqYQ
🍿 فیلم کامل ایرانی پاتو زمین نذار | پرشین کمدی چنل,https://www.youtube.com/watch?v=xdXyRLY8UaA
🍿 فیلم کامل ایرانی نخودی | پرشین کمدی چنل,https://www.youtube.com/watch?v=BXHRihYY0Yc
🍿 فیلم کامل ایرانی غریبه دوست داشتنی | پرشین کمدی چنل,https://www.youtube.com/watch?v=rrxQe7YkOeA
🍿 فیلم کامل ایرانی روزی که مرد شدم | پرشین کمدی چنل,https://www.youtube.com/watch?v=5mmgb8Zk-_w
🍿 فیلم کامل ایرانی زن‌ها نمونه‌اند؟ | پرشین کمدی چنل,https://www.youtube.com/watch?v=W1Jr_kua7nM
🍿 فیلم کامل ایرانی سفر خوش | پرشین کمدی چنل,https://www.youtube.com/watch?v=Cc-kB96x2IM
🍿 فیلم کامل ایرانی خواب لیلا | پرشین کمدی چنل,https://www.youtube.com/watch?v=wAUbOjLrMkE
🍿 فیلم کامل ایرانی پرنده کوچک خوشبختی | پرشین کمدی چنل,https://www.youtube.com/watch?v=ux9mRtveCXY
🍿 فیلم کامل ایرانی محاکمه در خیابان | پرشین کمدی چنل,https://www.youtube.com/watch?v=i9EYYV9tXLk
🍿 فیلم کامل ایرانی کوچه ملی | پرشین کمدی چنل,https://www.youtube.com/watch?v=6dyMq15szww
🍿 فیلم کامل ایرانی آناهیتا | پرشین کمدی چنل,https://www.youtube.com/watch?v=LrqVO_dB9B0
🍿 فیلم کامل ایرانی تیغ‌ زن | پرشین کمدی چنل,https://www.youtube.com/watch?v=q-LV3qwdew4
🍿 فیلم کامل ایرانی نسیم سحر | پرشین کمدی چنل,https://www.youtube.com/watch?v=HDqAtlOjeL0
🍿 فیلم کامل ایرانی ول کن دستمو | پرشین کمدی چنل,https://www.youtube.com/watch?v=cVsOWkYzckg
🍿 فیلم کامل ایرانی زن دوم | پرشین کمدی چنل,https://www.youtube.com/watch?v=1JM6Y3z6qUU
🍿 فیلم کامل ایرانی دوازده صندلی | پرشین کمدی چنل,https://www.youtube.com/watch?v=YkMWh8o2EvA
🍿 فیلم کامل ایرانی دیو و دلبر | پرشین کمدی چنل,https://www.youtube.com/watch?v=PjLqGuId-Hg
🍿 فیلم کامل ایرانی بی خداحافظی | پرشین کمدی چنل,https://www.youtube.com/watch?v=Dr3efwb9Bls
🍿 فیلم کامل ایرانی فرار از کمپ دو | پرشین کمدی چنل,https://www.youtube.com/watch?v=2RI7eG_fs8o
🍿 فیلم کامل ایرانی بدون اجازه | پرشین کمدی چنل,https://www.youtube.com/watch?v=NNNC-6xa0JI
🍿 فیلم کامل ایرانی دلتنگی‌های عاشقانه | پرشین کمدی چنل,https://www.youtube.com/watch?v=3jWrFHxzR8c
🍿 فیلم کامل ایرانی خواب زمستانی | پرشین کمدی چنل,https://www.youtube.com/watch?v=6sg_tgTgHXA
🍿 فیلم کامل ایرانی پول خارجی | پرشین کمدی چنل,https://www.youtube.com/watch?v=AVt6HAwCCW4
🍿 فیلم کامل ایرانی کلاغ پر دلفین پر | پرشین کمدی چنل,https://www.youtube.com/watch?v=GAuCv0NpioQ
🍿 فیلم کامل ایرانی روباه | پرشین کمدی چنل,https://www.youtube.com/watch?v=SxzMQxw8AVs
🍿 فیلم کامل ایرانی دزد عروسک‌‌ها | پرشین کمدی چنل,https://www.youtube.com/watch?v=LiBnd88fZkI
🍿 فیلم کامل ایرانی روزی که هوا ایستاد | پرشین کمدی چنل,https://www.youtube.com/watch?v=XC_BJJxet6U
🍿 فیلم کامل ایرانی با تو می‌مانم | پرشین کمدی چنل,https://www.youtube.com/watch?v=USB3Xllbrvc
🍿 فیلم کامل ایرانی روزهای خوب زندگی | پرشین کمدی چنل,https://www.youtube.com/watch?v=8KAshg2ajmw
🍿 فیلم کامل ایرانی دوباره با هم | پرشین کمدی چنل,https://www.youtube.com/watch?v=NPel4s4Y8ms
🍿 فیلم کامل ایرانی گلنار | پرشین کمدی چنل,https://www.youtube.com/watch?v=Ew4na0ePQOU
🍿 فیلم کامل ایرانی این یک تصادف نیست | پرشین کمدی چنل,https://www.youtube.com/watch?v=7PUH2N1xkOY
🍿 فیلم کامل ایرانی یکی می‌خواد باهات حرف بزنه | پرشین کمدی چنل,https://www.youtube.com/watch?v=bD9TEU8aaeI
🍿 فیلم کامل ایرانی متروپل | پرشین کمدی چنل,https://www.youtube.com/watch?v=i8T032j-5ms
🍿 فیلم کامل ایرانی شب حورا | پرشین کمدی چنل,https://www.youtube.com/watch?v=foSdxXpOink
🍿 فیلم کامل ایرانی کلاس هنرپیشگی | پرشین کمدی چنل,https://www.youtube.com/watch?v=1XhUXs7vuls
🍿 فیلم کامل ایرانی ارسال آگهی تسلیت برای روزنامه | پرشین کمدی چنل,https://www.youtube.com/watch?v=us4L939HKJM
🍿 فیلم کامل ایرانی سرگیجه | پرشین کمدی چنل,https://www.youtube.com/watch?v=8e7qOiAj8Jc
🍿 فیلم کامل ایرانی می‌ترسم پس دروغ می‌گویم | پرشین کمدی چنل,https://www.youtube.com/watch?v=k8xqYjdWz8g
🍿 فیلم کامل ایرانی موج سوم | پرشین کمدی چنل,https://www.youtube.com/watch?v=tqb6QoNDgKM
🍿 فیلم کامل ایرانی چشماتو نبند | پرشین کمدی چنل,https://www.youtube.com/watch?v=sq4ptpbvBUQ
🍿 فیلم کامل ایرانی خرس | پرشین کمدی چنل,https://www.youtube.com/watch?v=_P2n6iVJlbs
🍿 فیلم کامل ایرانی بایسیکل‌ ران | پرشین کمدی چنل,https://www.youtube.com/watch?v=ratNO9-ic7w
🍿 فیلم کامل ایرانی راه آبی ابریشم | پرشین کمدی چنل,https://www.youtube.com/watch?v=gOu7BLI55h8
🍿 فیلم کامل ایرانی روزگاری عشق و خیانت | پرشین کمدی چنل,https://www.youtube.com/watch?v=CIzMUyG3nYk
🍿 فیلم کامل ایرانی شکلات داغ | پرشین کمدی چنل,https://www.youtube.com/watch?v=zXKFNwd2zeA
🍿 فیلم کامل ایرانی پنج تا پنج | پرشین کمدی چنل,https://www.youtube.com/watch?v=XUT0HfWdS_0
🍿 فیلم کامل ایرانی زمانی برای درنگ | پرشین کمدی چنل,https://www.youtube.com/watch?v=uWD8AZEN5sc
🍿 فیلم کامل ایرانی باد و شقایق | پرشین کمدی چنل,https://www.youtube.com/watch?v=_93NrElqR1Q
🍿 فیلم کامل ایرانی عاریه | پرشین کمدی چنل,https://www.youtube.com/watch?v=vngjf3kSI2s
🍿 فیلم کامل ایرانی با من حرف بزن | پرشین کمدی چنل,https://www.youtube.com/watch?v=Vnnf7cL5vAY
🍿 فیلم کامل ایرانی بگذار زندگی کنم | پرشین کمدی چنل,https://www.youtube.com/watch?v=E6IynkKC-pM
🍿 فیلم کامل ایرانی وقتی همه خواب بودند | پرشین کمدی چنل,https://www.youtube.com/watch?v=FdB2jmk54gA
🍿 فیلم کامل ایرانی عاشقت شدم | پرشین کمدی چنل,https://www.youtube.com/watch?v=yLF3c6SNqvA
🍿 فیلم کامل ایرانی عروسک | پرشین کمدی چنل,https://www.youtube.com/watch?v=VaYBnrG1vR8
🍿 فیلم کامل ایرانی باغ آلوچه | پرشین کمدی چنل,https://www.youtube.com/watch?v=qJ4KEIwzQWg
🍿 فیلم کامل ایرانی شکلات | پرشین کمدی چنل,https://www.youtube.com/watch?v=FDNa-Kozv68
🍿 فیلم کامل ایرانی مسلخ عشق | پرشین کمدی چنل,https://www.youtube.com/watch?v=y23f7vG3-L0
🍿 فیلم کامل ایرانی خط آبی | پرشین کمدی چنل,https://www.youtube.com/watch?v=6MXM_MpNox0
🍿 فیلم کامل ایرانی شور شیرین | پرشین کمدی چنل,https://www.youtube.com/watch?v=KPVbC6H0EA8
🍿 فیلم کامل ایرانی میان‌بر | پرشین کمدی چنل,https://www.youtube.com/watch?v=jqz_T2yOWWQ
🍿 فیلم کامل ایرانی یاس‌های وحشی | پرشین کمدی چنل,https://www.youtube.com/watch?v=LfcKPnURr0g
🍿 فیلم کامل ایرانی عنتر و منتر | پرشین کمدی چنل,https://www.youtube.com/watch?v=TCfdfkXAAvI
🍿 فیلم کامل ایرانی سارای | پرشین کمدی چنل,https://www.youtube.com/watch?v=W_AApx5YiSE
🍿 فیلم کامل ایرانی اخم نکن سرکار | پرشین کمدی چنل,https://www.youtube.com/watch?v=NjCJ0Geo59w
🍿 فیلم کامل ایرانی خیابانی‌ها | پرشین کمدی چنل,https://www.youtube.com/watch?v=MsrfdbGsgI8
🍿 فیلم کامل ایرانی دلقک‌ها | پرشین کمدی چنل,https://www.youtube.com/watch?v=AzJGqvGjAcQ
🍿 فیلم کامل ایرانی تاکسی عشق | پرشین کمدی چنل,https://www.youtube.com/watch?v=-JF5B7YW6JA
🍿 فیلم کامل ایرانی صد کیلو داماد | پرشین کمدی چنل,https://www.youtube.com/watch?v=KubrT_X5v-I
🍿 فیلم کامل ایرانی مادر جونم عاشق شده | پرشین کمدی چنل,https://www.youtube.com/watch?v=_-a6c56jhoM
🍿 فیلم کامل ایرانی مرد اجاره‌ای | پرشین کمدی چنل,https://www.youtube.com/watch?v=kQsuCkhYPbM
🍿 فیلم کامل ایرانی یکی خوش‌صدا، یکی خوش‌دست | پرشین کمدی چنل,https://www.youtube.com/watch?v=fUBoPeLGPig
🍿 فیلم کامل ایرانی گل‌پری جون | پرشین کمدی چنل,https://www.youtube.com/watch?v=P1DQJs61_DQ
🍿 فیلم کامل ایرانی شیربها | پرشین کمدی چنل,https://www.youtube.com/watch?v=wPAMI_uJiLc
🍿 فیلم کامل ایرانی شمسی پهلوون | پرشین کمدی چنل,https://www.youtube.com/watch?v=wmXhOIZt_f8
🍿 فیلم کامل ایرانی داماد فراری | پرشین کمدی چنل,https://www.youtube.com/watch?v=DuLIInLc7A4
🍿 فیلم کامل ایرانی دو کله شق | پرشین کمدی چنل,https://www.youtube.com/watch?v=wn3zFQib_CE
🍿 فیلم کامل ایرانی هفت دختر برای هفت پسر | پرشین کمدی چنل,https://www.youtube.com/watch?v=bJHk5am4kqA
🍿 فیلم کامل ایرانی بابا گلی به جمالت | پرشین کمدی چنل,https://www.youtube.com/watch?v=YAVum0XSi4o
🍿 فیلم کامل ایرانی خانه قمر خانم | پرشین کمدی چنل,https://www.youtube.com/watch?v=Wg7rYU2YyzY
🍿 فیلم کامل ایرانی حکیم باشی | پرشین کمدی چنل,https://www.youtube.com/watch?v=0VzftYtHQIw
🍿 فیلم کامل ایرانی رئیس | پرشین کمدی چنل,https://www.youtube.com/watch?v=hMHHD3jqCx8
🍿 فیلم کامل ایرانی دست‌‌های خالی | پرشین کمدی چنل,https://www.youtube.com/watch?v=3nu1DiFGCFw
🍿 فیلم کامل ایرانی سجده بر آب | پرشین کمدی چنل,https://www.youtube.com/watch?v=EpXKQIa_CpU
🍿 فیلم کامل ایرانی و اینک بهشت | پرشین کمدی چنل,https://www.youtube.com/watch?v=axb6EgxVi4M
🍿 فیلم کامل ایرانی ظفر | پرشین کمدی چنل,https://www.youtube.com/watch?v=ZaM1MigKai4
🍿 فیلم کامل ایرانی پرواز در شب | پرشین کمدی چنل,https://www.youtube.com/watch?v=vsuyHiWHRzU
🍿 فیلم کامل ایرانی مقلد شیطان | پرشین کمدی چنل,https://www.youtube.com/watch?v=jwDPadXq3dU
🍿 فیلم کامل ایرانی گنجشکک اشی مشی | پرشین کمدی چنل,https://www.youtube.com/watch?v=YaZNLDSxSFc
🍿 فیلم ایرانی سرب,https://www.youtube.com/watch?v=GS2fbUaWlrU
🍿 فیلم کمدی ایرانی ابرام در پاریس,https://www.youtube.com/watch?v=l52K3nEkwKE
🍿 فیلم کمدی ایرانی چیچو و فرانکو وطنی,https://www.youtube.com/watch?v=o4W6Dm_SECI
🍿 فیلم کمدی ایرانی برهنه خوشحال,https://www.youtube.com/watch?v=cp9cR0WGLVI
🍿 فیلم کمدی ایرانی آتشپاره تهران,https://www.youtube.com/watch?v=ul1jiZ6fsRE
🍿 فیلم کمدی ایرانی خروس بی محل,https://www.youtube.com/watch?v=q0EAfpF4hZs
🍿 فیلم کمدی ایرانی ورپریده,https://www.youtube.com/watch?v=xFVTcBwTO4E
🍿 فیلم کمدی ایرانی دختر نگو بلا بگو,https://www.youtube.com/watch?v=Eb8HVf-6s6A
🍿 فیلم کمدی ایرانی خوشگل خوشگلا,https://www.youtube.com/watch?v=KyuHrnTbko4
🍿 فیلم کمدی ایرانی ازدواج ایرانی,https://www.youtube.com/watch?v=fH02WLx-uWY
🍿 فیلم کمدی ایرانی اعجوبه ها,https://www.youtube.com/watch?v=dY1BSQgNHzo
🍿 فیلم کمدی ایرانی سه ناقلا در ژاپن,https://www.youtube.com/watch?v=6efN9pUgtq0
🍿 فیلم کمدی ایرانی بابا شمل,https://www.youtube.com/watch?v=mhBRzLBV_38
🍿 فیلم کمدی ایرانی شکار شوهر,https://www.youtube.com/watch?v=8mn_jOc6VF8
🍿 فیلم کمدی ایرانی پا تو کفش من نکن,https://www.youtube.com/watch?v=86TQYuj5nKc
🍿 فیلم کمدی ایرانی ماجرای شب ژانویه,https://www.youtube.com/watch?v=l-7Fwgz_3MM
🍿 فیلم کمدی ایرانی خوشگل محله,https://www.youtube.com/watch?v=a8DgIlCMXHY
🍿 فیلم کمدی ایرانی قهوه خانه قنبر,https://www.youtube.com/watch?v=sHGOG3s7pK0
🍿 فیلم کمدی ایرانی حاجی جبار در پاریس,https://www.youtube.com/watch?v=L4acMy6SCUo
🍿 فیلم کمدی ایرانی چاکر شما کوچولو,https://www.youtube.com/watch?v=VU77qzDcbIM
🍿 فیلم کمدی ایرانی جاهل‌ها و ژیگول‌ها,https://www.youtube.com/watch?v=0D9x0gdnGlE
🍿 فیلم کمدی ایرانی مرغ همسایه,https://www.youtube.com/watch?v=ayoLQswgQxM
🍿 فیلم کمدی ایرانی در جستجوی داماد,https://www.youtube.com/watch?v=W4M6BGajCds
🍿 فیلم کمدی ایرانی تعطیلات داش اسمال,https://www.youtube.com/watch?v=aQ6BKfqMvwY
🍿 فیلم کمدی ایرانی خانه خراب,https://www.youtube.com/watch?v=sPFh5iAer5A
🍿 فیلم کمدی ایرانی اکبر دیلماج,https://www.youtube.com/watch?v=WW8KiURwq4U
🍿 فیلم کمدی ایرانی شوخی نکن دلخور می شم,https://www.youtube.com/watch?v=ZGBLF6fyBu4
🍿 فیلم کمدی ایرانی فری دست قشنگ,https://www.youtube.com/watch?v=0d6Y0P8ewac
🍿 فیلم کمدی ایرانی جعفر جنی و محبوبه اش,https://www.youtube.com/watch?v=o0s8HbZ2x8U
🍿 فیلم کمدی ایرانی فقط آقا مهدی میتونه,https://www.youtube.com/watch?v=NCzefOAnTW4
🍿 فیلم ایرانی یک داستان عاشقانه,https://www.youtube.com/watch?v=52Z4pTUFLnM
🍿 فیلم ایرانی آن‌سوی رودخانه,https://www.youtube.com/watch?v=bKJEfg1tH98
🍿فیلم  نامه‌های باد,https://www.youtube.com/watch?v=P-gbhlmDyrM
🍿 فیلم ایرانی سیزده 59,https://www.youtube.com/watch?v=YhYrOcyZtJg
🍿 فیلم ایرانی کیمیا,https://www.youtube.com/watch?v=beSJuZ5q2_A
🍿 فیلم ایرانی وقت لطیف شن,https://www.youtube.com/watch?v=QjEvSFQfNIM
🍿 فیلم کمدی ایرانی خانواده سرکار غضنفر,https://www.youtube.com/watch?v=juM_JCt579o
🍿 فیلم ایرانی جنگلبان,https://www.youtube.com/watch?v=nccZWwG2-NI
🍿 فیلم کمدی ایرانی پهلوان در قرن اتم,https://www.youtube.com/watch?v=y-S4zD8rIt4
🍿 فیلم کمدی ایرانی کج کلا خان,https://www.youtube.com/watch?v=7HabskEpkqg
🍿 فیلم کمدی ایرانی قربون زن ایرونی,https://www.youtube.com/watch?v=oyFxGcY299g
🍿 فیلم کمدی ایرانی این دست کجه,https://www.youtube.com/watch?v=C-gBusXQDFc
🍿 فیلم کمدی ایرانی رضا چلچله,https://www.youtube.com/watch?v=pYdBgUi2hEU
🍿 فیلم کمدی ایرانی مرد شرقی، زن فرنگی,https://www.youtube.com/watch?v=u9PZsDAfN4Y
🍿 فیلم کمدی ایرانی شارلاتان,https://www.youtube.com/watch?v=V10jExjkgZw
🍿 فیلم کمدی ایرانی علی کنکوری,https://www.youtube.com/watch?v=3frcPxRnfu0
🍿 فیلم کمدی ایرانی یک میلیونر و دو مفلس,https://www.youtube.com/watch?v=hNBEYL1LnuM
🍿 فیلم کمدی ایرانی مشکل آقای اعتماد,https://www.youtube.com/watch?v=N5Lm-0rA_V8
🍿 فیلم کمدی ایرانی شادی‌های زندگی ما,https://www.youtube.com/watch?v=FdY5pyiZULA
🍿 فیلم کمدی ایرانی اتل متل توتوله,https://www.youtube.com/watch?v=6ZvTFyyLy-A
🍿 فیلم کمدی ایرانی آقا دزده,https://www.youtube.com/watch?v=vi7Rgn06cZI
🍿 فیلم کمدی ایرانی زنبورک,https://www.youtube.com/watch?v=kU4Y03w--Dk
🍿 فیلم کمدی ایرانی مذاکرات مستقیم آقای عبدی,https://www.youtube.com/watch?v=9e-RZuspLeE
🍿 فیلم ایرانی گنجشک و قناری,https://www.youtube.com/watch?v=K00awTST034
🍿 فیلم کمدی ایرانی استخونای بابام,https://www.youtube.com/watch?v=tT4JuIui9eU
🍿 فیلم کمدی ایرانی الکی خوش,https://www.youtube.com/watch?v=Pn5mngoKMD4
🍿 فیلم کمدی ایرانی فرار از کمپ سه,https://www.youtube.com/watch?v=gMkG71pSSLU
🍿 فیلم کمدی ایرانی نخاله قهرمان,https://www.youtube.com/watch?v=VtSv9G3G6xA
🍿 فیلم کمدی ایرانی نوبر اصفهان,https://www.youtube.com/watch?v=3SKFxb3pIIc
🍿 فیلم کمدی ایرانی سینه چاک,https://www.youtube.com/watch?v=Wbp91G92818
🍿 فیلم کمدی ایرانی پلی به سوی بهشت,https://www.youtube.com/watch?v=RFHbO9dka3s
🍿 فیلم کمدی ایرانی نیم وجبی,https://www.youtube.com/watch?v=prM9WxGUXBE
🍿 فیلم کمدی ایرانی پری خوشگله,https://www.youtube.com/watch?v=zU8f2ga59vo
🍿 فیلم کمدی ایرانی خوشگذران,https://www.youtube.com/watch?v=JVrzLL6YUyw
🍿 فیلم کمدی ایرانی کلک نزن خوشگله,https://www.youtube.com/watch?v=w5_kR1obhhs
🍿 فیلم کمدی ایرانی مادموازل خاله,https://www.youtube.com/watch?v=eJsaeGTm1uQ
🍿 فیلم کمدی ایرانی یک اصفهانی در سرزمین هیتلر,https://www.youtube.com/watch?v=qkPzDW6vCKI
🍿 فیلم کمدی ایرانی تختخواب سه نفره,https://www.youtube.com/watch?v=vX5-BItaCE4
🍿 فیلم کمدی ایرانی عیالوار,https://www.youtube.com/watch?v=JHpu9DKOKZw
🍿 فیلم کمدی ایرانی مهمان,https://www.youtube.com/watch?v=Eh2s5fxZlBE
🍿 فیلم کمدی ایرانی درشکه‌چی,https://www.youtube.com/watch?v=UvwxRNLOaDQ
🍿 فیلم کمدی ایرانی زبون بسته,https://www.youtube.com/watch?v=0DDesmVd7KQ
🍿 فیلم کمدی ایرانی فیل و فنجون,https://www.youtube.com/watch?v=MDI-jU2AyBc
🍿 فیلم کمدی ایرانی خر دجال,https://www.youtube.com/watch?v=q_BQzCrI2wQ
🍿 فیلم کمدی ایرانی کاسب‌های محل,https://www.youtube.com/watch?v=PvQXRaepwvQ
🍿 فیلم کمدی ایرانی لج و لجبازی,https://www.youtube.com/watch?v=XEqF_DgCY8U
🍿 فیلم کمدی ایرانی چهار تا شیطون,https://www.youtube.com/watch?v=ZFerkG2THrU
🍿 فیلم کمدی ایرانی کنیز,https://www.youtube.com/watch?v=giHxJVcumHk
🍿 فیلم کمدی ایرانی خدا قوت,https://www.youtube.com/watch?v=EVlv880w3PA
🍿 فیلم کمدی ایرانی جیب بر خوشگله,https://www.youtube.com/watch?v=RjibxulP8j0
🍿 فیلم کمدی ایرانی جنجال عروسی,https://www.youtube.com/watch?v=TFSlQFZ6aXg
🍿 فیلم ایرانی خشم کولی,https://www.youtube.com/watch?v=2wiB6nFwZkI
🍿 فیلم ایرانی خروس جنگی,https://www.youtube.com/watch?v=6KaojvT-IGQ
🍿 فیلم ایرانی پاتو زمین نذار,https://www.youtube.com/watch?v=rrhXfLQApnk
🍿 فیلم کمدی ایرانی شیر تو شیر,https://www.youtube.com/watch?v=d6hOSQ6ZRbs
🍿 فیلم ایرانی زن‌ها نمونه‌اند؟,https://www.youtube.com/watch?v=H4PXSiknl6s
🍿 فیلم کمدی ایرانی روزی که مرد شدم,https://www.youtube.com/watch?v=1xWJbThWktU
🍿 فیلم ایرانی دیگر تنها نیستم,https://www.youtube.com/watch?v=3TsF3XueH0c
🍿 فیلم ایرانی غریبه دوست داشتنی,https://www.youtube.com/watch?v=qAJI1_xGayE
🍿 فیلم کمدی ایرانی سفر خوش,https://www.youtube.com/watch?v=wRuA8B3KkHY
🍿 فیلم کمدی ایرانی نخودی,https://www.youtube.com/watch?v=kJ3IK8ibzT0
🍿 فیلم ایرانی محاکمه در خیابان,https://www.youtube.com/watch?v=trGoEbsL3qM
🍿 فیلم ایرانی پرنده کوچک خوشبختی,https://www.youtube.com/watch?v=oKZIWX8izNc
🍿 فیلم ایرانی خواب لیلا,https://www.youtube.com/watch?v=9BQSM-RBD-8
🍿 فیلم ایرانی آناهیتا,https://www.youtube.com/watch?v=uHjwbT7hSlU
🍿 فیلم ایرانی تیغ‌ زن,https://www.youtube.com/watch?v=P72tBvT8cxw
🍿 فیلم ایرانی روز روشن,https://www.youtube.com/watch?v=Bnp2FlGQN6U
🍿 فیلم ایرانی کوچه ملی,https://www.youtube.com/watch?v=9ylwQ-ldvtE
🍿 فیلم ایرانی زن دوم,https://www.youtube.com/watch?v=dm2UX_F0GAo
🍿 فیلم کمدی ایرانی ول کن دستمو,https://www.youtube.com/watch?v=XYs0GMYbWb4
🍿 فیلم ایرانی هنرپیشه,https://www.youtube.com/watch?v=yReuWT15MsY
🍿 فیلم کمدی ایرانی دوازده صندلی,https://www.youtube.com/watch?v=IVV0m9niIrM
🍿 فیلم ایرانی نسیم سحر,https://www.youtube.com/watch?v=4QGJpq45P-8
🍿 فیلم ایرانی بی خداحافظی,https://www.youtube.com/watch?v=SUUEIYHDWt4
🍿 فیلم کمدی ایرانی فرار از کمپ دو,https://www.youtube.com/watch?v=V_fZHjHigMA
🍿 فیلم ایرانی بدون اجازه,https://www.youtube.com/watch?v=sbKt-DX2_Y0
🍿 فیلم کمدی ایرانی دیو و دلبر,https://www.youtube.com/watch?v=HywiplNXqZQ
🍿 فیلم ایرانی روباه,https://www.youtube.com/watch?v=EJYVlWDgSno
🍿 فیلم ایرانی پول خارجی,https://www.youtube.com/watch?v=b0kxQ1woPPY
🍿 فیلم کمدی ایرانی کلاغ پر دلفین پر,https://www.youtube.com/watch?v=Je1YIqlXC-8
🍿 فیلم ایرانی خواب زمستانی,https://www.youtube.com/watch?v=dqdaeKBuAwg
🍿 فیلم ایرانی روزی که هوا ایستاد,https://www.youtube.com/watch?v=OepW_gMAsxY
🍿 فیلم ایرانی با تو می‌مانم,https://www.youtube.com/watch?v=qBvXYs3gW-4
🍿 فیلم ایرانی دزد عروسک‌‌ها,https://www.youtube.com/watch?v=J3ecqKHf9Hw
🍿 فیلم ایرانی روزهای خوب زندگی,https://www.youtube.com/watch?v=G-Jo74RS3pk
🍿 فیلم کمدی ایرانی عروس خوش‌قدم,https://www.youtube.com/watch?v=gqNEpcioVDo
🍿 فیلم ایرانی یکی می‌خواد باهات حرف بزنه,https://www.youtube.com/watch?v=K5GX1S8yjOc
🍿 فیلم کمدی ایرانی چشماتو نبند,https://www.youtube.com/watch?v=4ZHkp6jcDt0
🍿 فیلم کمدی ایرانی هشت پا,https://www.youtube.com/watch?v=drP8jqPGX5c
🍿 فیلم کمدی ایرانی عاریه,https://www.youtube.com/watch?v=j-zM-oYz_j8
🍿 فیلم ایرانی با من حرف بزن,https://www.youtube.com/watch?v=0_sEO1Ve66c
🍿 فیلم ایرانی زمانی برای درنگ,https://www.youtube.com/watch?v=QrWHxjKS3Lo
🍿 فیلم ایرانی عاشقت شدم,https://www.youtube.com/watch?v=F3FZkfOEius
🍿 فیلم کمدی ایرانی عروسک,https://www.youtube.com/watch?v=KnM3dk8OuJk
🍿 فیلم ایرانی خط آبی,https://www.youtube.com/watch?v=ihuGKoDXyFg
🍿 فیلم ایرانی مسلخ عشق,https://www.youtube.com/watch?v=hH5NtDRem1s
فیلم ایرانی شکلات,https://www.youtube.com/watch?v=wRFIkuL3XGI
🍿 فیلم کمدی ایرانی عنتر و منتر,https://www.youtube.com/watch?v=mUjUInSwE0Y
🍿 فیلم ایرانی میان‌بر,https://www.youtube.com/watch?v=xt99IOlf-20
🍿 فیلم کمدی ایرانی شمسی پهلوون,https://www.youtube.com/watch?v=s8USulT_RLY
🍿 فیلم ایرانی رئیس,https://www.youtube.com/watch?v=qdSZFm0Bg6A
🍿 فیلم کمدی ایرانی خروس بی محل,https://www.youtube.com/watch?v=4Srm3VwM73w
🍿 فیلم کمدی ایرانی خوشگل خوشگلا,https://www.youtube.com/watch?v=YvXVjD5RpOE
🍿 فیلم کمدی ایرانی ماجرای شب ژانویه,https://www.youtube.com/watch?v=x9jx5sQKEvM
🍿 فیلم کمدی ایرانی شکار شوهر,https://www.youtube.com/watch?v=cJ5D5RMZCsM
🍿 فیلم کمدی ایرانی مرغ همسایه,https://www.youtube.com/watch?v=Og5VK8eMXZI
🍿 فیلم ایرانی وقت لطیف شن,https://www.youtube.com/watch?v=udIetvHrfd4
🍿 فیلم ایرانی آن‌سوی رودخانه,https://www.youtube.com/watch?v=Qwq83ohdhFM
🍿 فیلم کمدی ایرانی قربون زن ایرونی,https://www.youtube.com/watch?v=2ycCS2wGzLg
🍿 فیلم کمدی ایرانی آقا دزده,https://www.youtube.com/watch?v=2JwC_Z6YiwI
🍿 فیلم کمدی ایرانی مشکل آقای اعتماد,https://www.youtube.com/watch?v=wua6NZNm9LM
🍿 فیلم کمدی ایرانی گنجشک و قناری,https://www.youtube.com/watch?v=eMP05ITN8Es
🍿 فیلم کمدی ایرانی نخاله قهرمان,https://www.youtube.com/watch?v=abbq7fN1Z2w
🍿 فیلم کمدی ایرانی پری خوشگله,https://www.youtube.com/watch?v=fSxwJWyFYy0
🍿 فیلم کمدی ایرانی چهار تا شیطون,https://www.youtube.com/watch?v=6a0j9BXZZE0
🍿 فیلم کمدی ایرانی خدا قوت,https://www.youtube.com/watch?v=mjhrL1psqOU
🍿 فیلم کمدی ایرانی خروس جنگی,https://www.youtube.com/watch?v=kqL6ejKlFMA
🍿 فیلم کمدی ایرانی شیر تو شیر,https://www.youtube.com/watch?v=ZAVkPnKjOJc
🍿 فیلم کمدی ایرانی تیغ‌ زن,https://www.youtube.com/watch?v=0BRdp8q4AIQ
🍿 فیلم کمدی ایرانی دوازده صندلی,https://www.youtube.com/watch?v=uzSBe3-44gw
🍿 فیلم کمدی ایرانی فرار از کمپ دو,https://www.youtube.com/watch?v=n4BgwdWEAs8
🍿 فیلم ایرانی روباه,https://www.youtube.com/watch?v=AN1kaTjJ0i8
🍿 فیلم کمدی ایرانی پول خارجی,https://www.youtube.com/watch?v=eFw7R1OXtbM
🍿 فیلم ایرانی حوالی اتوبان,https://www.youtube.com/watch?v=PvcP1HvGXWY
🍿 فیلم کمدی ایرانی این یک تصادف نیست,https://www.youtube.com/watch?v=82saWjq8fms
🍿 فیلم ایرانی زمانی برای درنگ,https://www.youtube.com/watch?v=Db_Q-RuEz6w
🍿 فیلم کمدی ایرانی عاریه,https://www.youtube.com/watch?v=dHTyJFMqDDc
🍿 فیلم ایرانی بگذار زندگی کنم,https://www.youtube.com/watch?v=QwfSt9ap9BU
🍿 فیلم کمدی ایرانی عروسک,https://www.youtube.com/watch?v=XBbjoNjyBK0
🍿 فیلم کمدی ایرانی مظفر,https://www.youtube.com/watch?v=99eiVt4uXlE
🍿 فیلم کمدی ایرانی مرد اجاره‌ای,https://www.youtube.com/watch?v=8oNd0u1OV_U
🍿 فیلم کمدی ایرانی گل‌پری جون,https://www.youtube.com/watch?v=_x--7Jgai84
🍿 فیلم کمدی ایرانی شمسی پهلوون,https://www.youtube.com/watch?v=0s6Q7e0E9zU
🍿 فیلم کمدی ایرانی بابا گلی به جمالت,https://www.youtube.com/watch?v=8V01fcBOVlA
🍿 فیلم کمدی ایرانی حکیم باشی,https://www.youtube.com/watch?v=I9VeItYAyEw
🍿 فیلم کمدی ایرانی خوشگل خوشگلا,https://www.youtube.com/watch?v=DHpyr88QMv8
🍿 فیلم کمدی ایرانی شکار شوهر,https://www.youtube.com/watch?v=TAAJLL0a9oc
🍿 فیلم کمدی ایرانی خانه خراب,https://www.youtube.com/watch?v=lg0b6GnaWZs
🍿 فیلم کمدی ایرانی مرغ همسایه,https://www.youtube.com/watch?v=nyKfguhh27o
🍿 فیلم کمدی ایرانی فقط آقا مهدی میتونه,https://www.youtube.com/watch?v=3nblibdX51A
🍿 فیلم ایرانی سیزده 59,https://www.youtube.com/watch?v=hxklQePwPMk
🍿 فیلم کمدی ایرانی آقا دزده,https://www.youtube.com/watch?v=Vl7Q7Ua4d24
🍿 فیلم کمدی ایرانی مشکل آقای اعتماد,https://www.youtube.com/watch?v=-sL-N92nZrU
🍿 فیلم کمدی ایرانی زنبورک,https://www.youtube.com/watch?v=LnseEjQcp7M
🍿 فیلم کمدی ایرانی یک میلیونر و دو مفلس,https://www.youtube.com/watch?v=M7CcRmub-24
🍿 فیلم کمدی ایرانی گنجشک و قناری,https://www.youtube.com/watch?v=F9jZNXtEjXI
🍿 فیلم کمدی ایرانی مذاکرات مستقیم آقای عبدی,https://www.youtube.com/watch?v=ZE-AH7Q9LME
🍿 فیلم کمدی ایرانی پری خوشگله,https://www.youtube.com/watch?v=Lg9so8XhSg8
🍿 فیلم کمدی ایرانی نخاله قهرمان,https://www.youtube.com/watch?v=xrN-u87WuLw
🍿 فیلم کمدی ایرانی فیل و فنجون,https://www.youtube.com/watch?v=H5ox9eHlSzQ
🍿 فیلم کمدی ایرانی خر دجال,https://www.youtube.com/watch?v=lg5IlSvQM_I
🍿 فیلم کمدی ایرانی کاسب‌های محل,https://www.youtube.com/watch?v=llz0Drb6I_M
🍿 فیلم ایرانی پرتقال خونی,https://www.youtube.com/watch?v=NArkqtHxOjM
🍿 فیلم کمدی ایرانی زن‌ها نمونه‌اند؟,https://www.youtube.com/watch?v=9a_hcdGe9sI
🍿 فیلم کمدی ایرانی سفر خوش,https://www.youtube.com/watch?v=fYM0-i964mY
🍿 فیلم ایرانی روز روشن,https://www.youtube.com/watch?v=NJwShY9DOBo
🍿 فیلم کمدی ایرانی تیغ‌ زن,https://www.youtube.com/watch?v=lQcqaAV3gZ0
🍿 فیلم کمدی ایرانی دوازده صندلی,https://www.youtube.com/watch?v=PZZmfE15ysg
🍿 فیلم کمدی ایرانی فرار از کمپ دو,https://www.youtube.com/watch?v=L0exOQG5Ors
🍿 فیلم ایرانی حوالی اتوبان,https://www.youtube.com/watch?v=TSXxuyEVHrk
🍿 فیلم کمدی ایرانی این یک تصادف نیست,https://www.youtube.com/watch?v=phRnyDYpmYs
🍿 فیلم کمدی ایرانی چشماتو نبند,https://www.youtube.com/watch?v=EPBddX0Knjc
🍿 فیلم ایرانی زمانی برای درنگ,https://www.youtube.com/watch?v=AmmMSx53SrA
🍿 فیلم کمدی ایرانی عاریه,https://www.youtube.com/watch?v=Owkyf5mTJjs
🍿 فیلم ایرانی با من حرف بزن,https://www.youtube.com/watch?v=sEH7ernh1wc
🍿 فیلم ایرانی بگذار زندگی کنم,https://www.youtube.com/watch?v=N-JT72_HCIQ
🍿 فیلم کمدی ایرانی عروسک,https://www.youtube.com/watch?v=ljARGMDy6e0
🍿 فیلم ایرانی شور شیرین,https://www.youtube.com/watch?v=xDFy4mRxPNg
🍿 فیلم ایرانی سارای,https://www.youtube.com/watch?v=hvXrLAApCKI
🍿 فیلم کمدی ایرانی مظفر,https://www.youtube.com/watch?v=pwu4fJwAqJc
🍿 فیلم کمدی ایرانی دلقک‌ها,https://www.youtube.com/watch?v=eK-T0WHhK4c
🍿 فیلم کمدی ایرانی شمسی پهلوون,https://www.youtube.com/watch?v=jTvY6YO-4SE
🍿 فیلم کمدی ایرانی خانه قمر خانم,https://www.youtube.com/watch?v=EjA-FoxyK5s
🍿 فیلم کمدی ایرانی حکیم باشی,https://www.youtube.com/watch?v=4_Eybh3HeqQ
🍿 فیلم ایرانی رئیس,https://www.youtube.com/watch?v=aiE478DhPcg
🍿 فیلم ایرانی پرواز در شب,https://www.youtube.com/watch?v=ACv7ArksyGk
🍿 فیلم ایرانی مقلد شیطان,https://www.youtube.com/watch?v=6x-ecfNiijw
🍿 فیلم کمدی ایرانی برهنه خوشحال,https://www.youtube.com/watch?v=6MkZsrSNx5A
🍿 فیلم کمدی ایرانی ماجرای شب ژانویه,https://www.youtube.com/watch?v=gwXv78AVlYY
🍿 فیلم کمدی ایرانی مرغ همسایه,https://www.youtube.com/watch?v=aeZW2S7SVUk
🍿 فیلم کمدی ایرانی در جستجوی داماد,https://www.youtube.com/watch?v=GiKpXoYE8o0
🍿 فیلم کمدی ایرانی خانه خراب,https://www.youtube.com/watch?v=e4Yr_jmbD2Q
🍿 فیلم کمدی ایرانی فقط آقا مهدی میتونه,https://www.youtube.com/watch?v=Uf812urxtdI
🍿 فیلم ایرانی سیزده 59,https://www.youtube.com/watch?v=abdq6rrELNk
🍿 فیلم ایرانی آن‌سوی رودخانه,https://www.youtube.com/watch?v=oNNIS52tFX8
🍿 فیلم ایرانی قصه‌ها,https://www.youtube.com/watch?v=jxUY_NO0Xm4
🍿 فیلم کمدی ایرانی قربون زن ایرونی,https://www.youtube.com/watch?v=IM11cdWelGE
🍿 فیلم کمدی ایرانی آقا دزده,https://www.youtube.com/watch?v=a26Nn5w0tf0
🍿 فیلم کمدی ایرانی مشکل آقای اعتماد,https://www.youtube.com/watch?v=6YehhuJyhN4
🍿 فیلم کمدی ایرانی یک میلیونر و دو مفلس,https://www.youtube.com/watch?v=d3Ti7uxduNE
🍿 فیلم کمدی ایرانی زنبورک,https://www.youtube.com/watch?v=i0uoYqTKLuA
🍿 فیلم کمدی ایرانی مذاکرات مستقیم آقای عبدی,https://www.youtube.com/watch?v=a1AVyN0Nh7Q
🍿 فیلم کمدی ایرانی گنجشک و قناری,https://www.youtube.com/watch?v=D5sWn6GqDw8
🍿 فیلم کمدی ایرانی فرار از کمپ سه,https://www.youtube.com/watch?v=-dDlwJjaR6Q
🍿 فیلم کمدی ایرانی نخاله قهرمان,https://www.youtube.com/watch?v=WA-4Asmqxag
🍿 فیلم کمدی ایرانی مهمان,https://www.youtube.com/watch?v=5STFbal8MOI
🍿 فیلم کمدی ایرانی پرتقال خونی,https://www.youtube.com/watch?v=ItBveAo-in8
🍿 فیلم کمدی ایرانی خروس جنگی,https://www.youtube.com/watch?v=K5LrNz0FHZI
🍿 فیلم کمدی ایرانی زن‌ها نمونه‌اند؟,https://www.youtube.com/watch?v=SKOQB9IUZKI
🍿 فیلم کمدی ایرانی روزی که مرد شدم,https://www.youtube.com/watch?v=LNXptnpjKqA
🍿 فیلم ایرانی دریاچه ماهی,https://www.youtube.com/watch?v=MPtoP_dEmOY
🍿 فیلم ایرانی کوچه ملی,https://www.youtube.com/watch?v=5n9P2N7nJio
🍿 فیلم ایرانی روز روشن,https://www.youtube.com/watch?v=H8rfVARTUP8
🍿 فیلم ایرانی آناهیتا,https://www.youtube.com/watch?v=qfKUFzP1BzQ
🍿 فیلم کمدی ایرانی تیغ‌ زن,https://www.youtube.com/watch?v=XHb7XuJF2_c
🍿 فیلم کمدی ایرانی دوازده صندلی,https://www.youtube.com/watch?v=Hs5qLR8qF6M
🍿 فیلم کمدی ایرانی بدون اجازه,https://www.youtube.com/watch?v=VVQTBQEOIlE
🍿 فیلم ایرانی روباه,https://www.youtube.com/watch?v=X4wF_lnzmp0
🍿 فیلم ایرانی حوالی اتوبان,https://www.youtube.com/watch?v=3fh3qKBMxGc
🍿 فیلم ایرانی دوباره با هم,https://www.youtube.com/watch?v=YkHuBow4VcA
🍿 فیلم کمدی ایرانی این یک تصادف نیست,https://www.youtube.com/watch?v=BE5SEpAOJqI
🍿 فیلم کمدی ایرانی عروس خوش‌قدم,https://www.youtube.com/watch?v=dIqyzXuqEgA
🍿 فیلم کمدی ایرانی چشماتو نبند,https://www.youtube.com/watch?v=xDQQC-l2_GU
🍿 فیلم کمدی ایرانی روزگاری عشق و خیانت,https://www.youtube.com/watch?v=XHTay_KMwRk
🍿 فیلم کمدی ایرانی عاریه,https://www.youtube.com/watch?v=DTgwDbLnng0
🍿 فیلم ایرانی بگذار زندگی کنم,https://www.youtube.com/watch?v=odar4Xx4aDA
🍿 فیلم کمدی ایرانی عروسک,https://www.youtube.com/watch?v=HVojq0lZDMw
🍿 فیلم کمدی ایرانی شکلات,https://www.youtube.com/watch?v=MPamUju24vM
🍿 فیلم کمدی ایرانی خط آبی,https://www.youtube.com/watch?v=iGc3FEkrc1Y
🍿 فیلم کمدی ایرانی مسلخ عشق,https://www.youtube.com/watch?v=BDUcriLvQGQ
🍿 فیلم کمدی ایرانی شهر زنان,https://www.youtube.com/watch?v=2QSWpCQJgBQ
🍿Iranian Movie Haft Dokhtar Baraye Haft Pesar | فیلم ایرانی هفت دختر برای هفت پسر🍿,https://www.youtube.com/watch?v=SOC4NxLfhZE
🍿Iranian Movie Moghallede Sheitan | فیلم ایرانی مقلد شیطان🍿,https://www.youtube.com/watch?v=N7FwTQ3u-fQ
🍿Iranian Movie Ghahveh Khane Ghanbar | فیلم ایرانی قهوه خانه قنبر🍿,https://www.youtube.com/watch?v=2PSHuT4J_44
🍿Iranian Movie Shekare Shohar | فیلم ایرانی شکار شوهر🍿,https://www.youtube.com/watch?v=VlJMD4laTlE
🍿Iranian Movie Pa too Kafshe Man Nakon | فیلم ایرانی پا تو کفش من نکن🍿,https://www.youtube.com/watch?v=bV7k3IjTfTw
🍿Iranian Movie Baba Shamal | فیلم ایرانی بابا شمل🍿,https://www.youtube.com/watch?v=_q3_96DjZCw
🍿Iranian Movie Khoshgele Mahalle | فیلم سینمایی ایرانی خوشگل محله🍿,https://www.youtube.com/watch?v=76voH1oaAgA
🍿Iranian Movie Jahelha va Jigolha | فیلم سینمایی ایرانی جاهل‌ها و ژیگول‌ها🍿,https://www.youtube.com/watch?v=yuiQiYHk9Ms
🍿Iranian Movie Dar Jostejooye Damad | فیلم سینمایی ایرانی در جستجوی داماد🍿,https://www.youtube.com/watch?v=r_FtpMB1w_s
🍿Iranian Movie Faghat Agha Mehdi Mitoone | فیلم سینمایی ایرانی فقط آقا مهدی میتونه🍿,https://www.youtube.com/watch?v=0hCX1hLdqVY
🍿Iranian Movie Aansouye Roodkhane | فیلم سینمایی ایرانی آن‌سوی رودخانه🍿,https://www.youtube.com/watch?v=XGtedRNXOZ0
🍿Iranian Movie Do Aroos | فیلم سینمایی ایرانی دو عروس🍿,https://www.youtube.com/watch?v=MYeNRaqPbVc
🍿Iranian Movie Vaghte Latife Shen | فیلم سینمایی ایرانی وقت لطیف شن🍿,https://www.youtube.com/watch?v=7DBsuqjNKvw
🍿Iranian Movie In Dast Kaje | فیلم سینمایی ایرانی این دست کجه🍿,https://www.youtube.com/watch?v=RxqcEA23oMA
🍿Iranian Movie Pahlevan dar Gharne Atom | فیلم سینمایی ایرانی پهلوان در قرن اتم🍿,https://www.youtube.com/watch?v=OmRP9ZXTEYM
🍿Iranian Movie Yek Milyooner Va Do Mofles | فیلم سینمایی ایرانی یک میلیونر و دو مفلس🍿,https://www.youtube.com/watch?v=lZuPt7iVQZ8
🍿Iranian Movie Agha Dozde | فیلم سینمایی ایرانی آقا دزده🍿,https://www.youtube.com/watch?v=IWhGgoaegYY
"🍿Iranian Movie Marde Sharghi, Zane Farangi | فیلم سینمایی ایرانی مرد شرقی، زن فرنگی🍿",https://www.youtube.com/watch?v=2qugUMXAM1Y
🍿Iranian Movie Zanbourak | فیلم سینمایی ایرانی زنبورک🍿,https://www.youtube.com/watch?v=FYqvnfIbo6E
🍿Iranian Movie Mozakerate Mostaghime Aghaye Abdi | فیلم سینمایی ایرانی مذاکرات مستقیم آقای عبدی🍿,https://www.youtube.com/watch?v=ImPyq9O6TWs
🍿Iranian Movie Gonjeshk va Ghanari | فیلم سینمایی ایرانی گنجشک و قناری🍿,https://www.youtube.com/watch?v=E-GEZr8ye4I
🍿Iranian Movie Nokhaleye Ghahreman | فیلم سینمایی ایرانی نخاله قهرمان🍿,https://www.youtube.com/watch?v=Se8Y6ZnwoWY
🍿Iranian Movie Pari Khoshgeleh | فیلم سینمایی ایرانی پری خوشگله🍿,https://www.youtube.com/watch?v=SxZc_vn4o9w
🍿Iranian Movie Poli be Sooye Behesht | فیلم سینمایی ایرانی پلی به سوی بهشت🍿,https://www.youtube.com/watch?v=H6N2BFRD6DI
🍿Iranian Movie Khare Dajjal | فیلم سینمایی ایرانی خر دجال🍿,https://www.youtube.com/watch?v=TEdM2gtwhjA
🍿Iranian Movie Doroshkechi | فیلم سینمایی ایرانی درشکه‌چی🍿,https://www.youtube.com/watch?v=QpLLq9CWYZo
🍿Iranian Movie Mihman | فیلم سینمایی ایرانی مهمان🍿,https://www.youtube.com/watch?v=RANWTYgu4rI
🍿Iranian Movie Zanha Nemooneand? | فیلم سینمایی ایرانی زن‌ها نمونه‌اند؟🍿,https://www.youtube.com/watch?v=6zcAQuUExz8
🍿Iranian Movie Safare Khosh | فیلم سینمایی ایرانی سفر خوش🍿,https://www.youtube.com/watch?v=VgYhohaDOlI
🍿Iranian Movie Kooche Melli | فیلم سینمایی ایرانی کوچه ملی🍿,https://www.youtube.com/watch?v=JQQkpF2QtIk
🍿Iranian Movie Rooze Roshan | فیلم سینمایی ایرانی روز روشن🍿,https://www.youtube.com/watch?v=nA77Zspv2xc
🍿Iranian Movie Tighzan | فیلم سینمایی ایرانی تیغ‌ زن🍿,https://www.youtube.com/watch?v=jf_gdo_YHfI
🍿Iranian Movie Zane Dovom | فیلم سینمایی ایرانی زن دوم🍿,https://www.youtube.com/watch?v=DhWvlY172J0
🍿Iranian Movie Davazdah Sandali | فیلم سینمایی ایرانی دوازده صندلی🍿,https://www.youtube.com/watch?v=KTib5ht82aA
🍿Iranian Movie Farar az Kamp 2 | فیلم سینمایی ایرانی فرار از کمپ دو🍿,https://www.youtube.com/watch?v=4TX9ItdzS-4
🍿Iranian Movie Bedoone Ejaze | فیلم سینمایی ایرانی بدون اجازه🍿,https://www.youtube.com/watch?v=jhrOkbvXWps
🍿Iranian Movie Roobah | فیلم سینمایی ایرانی روباه🍿,https://www.youtube.com/watch?v=dF4DUvR4BwI
🍿Iranian Movie Sargijeh | فیلم سینمایی ایرانی سرگیجه🍿,https://www.youtube.com/watch?v=OSEvIwt6IuM
🍿Iranian Movie Hasht Pa | فیلم سینمایی ایرانی هشت پا🍿,https://www.youtube.com/watch?v=Ux4jiZSUim0
🍿Iranian Movie Panj ta Panj | فیلم سینمایی ایرانی پنج تا پنج🍿,https://www.youtube.com/watch?v=SvgvIXtrP0E
🍿Iranian Movie Zamani Baraye Derang | فیلم سینمایی ایرانی زمانی برای درنگ🍿,https://www.youtube.com/watch?v=5tv1KHd0FLc
🍿Iranian Movie Ariye | فیلم سینمایی ایرانی عاریه🍿,https://www.youtube.com/watch?v=TGftpQVO_TM
🍿Iranian Movie Bogzar Zendegi Konam | فیلم سینمایی ایرانی بگذار زندگی کنم🍿,https://www.youtube.com/watch?v=6xSxNxzKTSY
🍿Iranian Movie Aroosak | فیلم سینمایی ایرانی عروسک🍿,https://www.youtube.com/watch?v=ruMAJAwuVuQ
🍿Iranian Movie Shokolat | فیلم سینمایی ایرانی شکلات🍿,https://www.youtube.com/watch?v=8LJDuNtEVSw
🍿Iranian Movie Khate Abi | فیلم سینمایی ایرانی خط آبی🍿,https://www.youtube.com/watch?v=ux10M9CWQU4
🍿Iranian Movie Maslakhe Eshgh | فیلم سینمایی ایرانی مسلخ عشق🍿,https://www.youtube.com/watch?v=pt39Drp8eDk
🍿Iranian Movie Yas haye Vahshi | فیلم سینمایی ایرانی یاس‌های وحشی🍿,https://www.youtube.com/watch?v=cufsH3alA8g
🍿Iranian Movie Khiyabaniha | فیلم سینمایی ایرانی خیابانی‌ها🍿,https://www.youtube.com/watch?v=7NY54eB7eF8
🍿Iranian Movie Shamsi Pahlevoon | فیلم سینمایی ایرانی شمسی پهلوون🍿,https://www.youtube.com/watch?v=X2ObAw2X7ww
🍿Iranian Movie Gol Pari Joon | فیلم سینمایی ایرانی گل‌پری جون🍿,https://www.youtube.com/watch?v=aoXHnVTv1kc
🍿Iranian Movie Baba Goli be Jamalet | فیلم سینمایی ایرانی بابا گلی به جمالت🍿,https://www.youtube.com/watch?v=g_06OSLBtyM
🍿Iranian Movie Raees | فیلم سینمایی ایرانی رئیس🍿,https://www.youtube.com/watch?v=W1fh2zq7YhM
🍿Iranian Movie Dasthaye Khali | فیلم سینمایی ایرانی دست‌‌های خالی🍿,https://www.youtube.com/watch?v=CYuYHD2yFew
🍿Iranian Movie Parvaz dar Shab | فیلم سینمایی ایرانی پرواز در شب🍿,https://www.youtube.com/watch?v=DdwEGKmChWI
🍿Iranian Movie Moghallede Sheitan | فیلم سینمایی ایرانی مقلد شیطان🍿,https://www.youtube.com/watch?v=asrmGBWhgeo
🍿Iranian Movie Shabhaye Roshan | فیلم سینمایی ایرانی شب‌های روشن🍿,https://www.youtube.com/watch?v=HJ4_MRB0DpQ
🍿Iranian Movie Khorus e Bi Mahal | فیلم سینمایی ایرانی خروس بی محل🍿,https://www.youtube.com/watch?v=5eqSoDB2zQw
🍿Iranian Movie Dokhtar Nagoo Bala Begoo | فیلم سینمایی ایرانی دختر نگو بلا بگو🍿,https://www.youtube.com/watch?v=z4aq6NebFn4
🍿Iranian Movie Baba Shamal | فیلم سینمایی ایرانی بابا شمل🍿,https://www.youtube.com/watch?v=SX9181NklmY
🍿Iranian Movie Shekare Shohar | فیلم سینمایی ایرانی شکار شوهر🍿,https://www.youtube.com/watch?v=6xG-YgHTH5w
🍿Iranian Movie Majareye Shabe Janviye | فیلم سینمایی ایرانی ماجرای شب ژانویه🍿,https://www.youtube.com/watch?v=1_OJo39qyKg
🍿Iranian Movie Morghe Hamsaye | فیلم سینمایی ایرانی مرغ همسایه🍿,https://www.youtube.com/watch?v=bAFm2PtsDKM
🍿Iranian Movie Khane Kharab | فیلم سینمایی ایرانی خانه خراب🍿,https://www.youtube.com/watch?v=8Dyot0f2-ew
🍿Iranian Movie Tatilate Dash Esmal | فیلم سینمایی ایرانی تعطیلات داش اسمال🍿,https://www.youtube.com/watch?v=DlYLARZ9mnc
🍿Iranian Movie Fery Dast Ghashang | فیلم سینمایی ایرانی فری دست قشنگ🍿,https://www.youtube.com/watch?v=QJFqbXTG73s
🍿Iranian Movie Faghat Agha Mehdi Mitoone | فیلم سینمایی ایرانی فقط آقا مهدی میتونه🍿,https://www.youtube.com/watch?v=H1v2LtpY_5g
🍿Iranian Movie Aansouye Roodkhane | فیلم سینمایی ایرانی آن‌سوی رودخانه🍿,https://www.youtube.com/watch?v=W2iWmhvfcx8
🍿Iranian Movie Sizdah 59 | فیلم سینمایی ایرانی سیزده 59🍿,https://www.youtube.com/watch?v=KNFzssX8ma4
🍿Iranian Movie Vaghte Latife Shen | فیلم سینمایی ایرانی وقت لطیف شن🍿,https://www.youtube.com/watch?v=Qql6ck_OOGQ
🍿Iranian Movie Paziraei Sadeh | فیلم سینمایی ایرانی پذیرایی ساده🍿,https://www.youtube.com/watch?v=qqQeTg0PLUM
🍿Iranian Movie Ghesseha | فیلم سینمایی ایرانی قصه‌ها🍿,https://www.youtube.com/watch?v=JimfygRxadk
🍿Iranian Movie Kaj Kola Khan | فیلم سینمایی ایرانی کج کلا خان🍿,https://www.youtube.com/watch?v=GEg5ADQ6Qsc
🍿Iranian Movie Shadihaye Zendegiye Ma | فیلم سینمایی ایرانی شادی‌های زندگی ما🍿,https://www.youtube.com/watch?v=QdbvXOgiKCA
🍿Iranian Movie Agha Dozde | فیلم سینمایی ایرانی آقا دزده🍿,https://www.youtube.com/watch?v=L77haj9sNjo
🍿Iranian Movie Zanbourak | فیلم سینمایی ایرانی زنبورک🍿,https://www.youtube.com/watch?v=0keRwcm24N4
🍿Iranian Movie Farar az Kamp 3 | فیلم سینمایی ایرانی فرار از کمپ سه🍿,https://www.youtube.com/watch?v=yKlylPmzFKg
🍿Iranian Movie Nokhaleye Ghahreman | فیلم سینمایی ایرانی نخاله قهرمان🍿,https://www.youtube.com/watch?v=s7XDQv5lSko
🍿Iranian Movie Sine chak | فیلم سینمایی ایرانی سینه چاک🍿,https://www.youtube.com/watch?v=zVn8wP7C-Ww
🍿Iranian Movie Pari Khoshgeleh | فیلم سینمایی ایرانی پری خوشگله🍿,https://www.youtube.com/watch?v=B8iF1eCgKtM
🍿Iranian Movie Takhtekhabe Se Nafare | فیلم سینمایی ایرانی تختخواب سه نفره🍿,https://www.youtube.com/watch?v=lwTf9jEuXYo
🍿Iranian Movie Doroshkechi | فیلم سینمایی ایرانی درشکه‌چی🍿,https://www.youtube.com/watch?v=p84Xs-vev_8
🍿Iranian Movie Mihman | فیلم سینمایی ایرانی مهمان🍿,https://www.youtube.com/watch?v=N6q1VPhedUY
🍿Iranian Movie Lajo Lajbazi | فیلم سینمایی ایرانی لج و لجبازی🍿,https://www.youtube.com/watch?v=f5oCqnzl2ls
🍿Iranian Movie Zaboon Baste | فیلم سینمایی ایرانی زبون بسته🍿,https://www.youtube.com/watch?v=Tx2XRIQSvPs
🍿Iranian Movie Shir too Shir | فیلم سینمایی ایرانی شیر تو شیر🍿,https://www.youtube.com/watch?v=VsrctSML1Pc
🍿Iranian Movie Khoda Ghovat | فیلم سینمایی ایرانی خدا قوت🍿,https://www.youtube.com/watch?v=MIfzMpFwKjY
🍿Iranian Movie Porteghale Khooni | فیلم سینمایی ایرانی پرتقال خونی🍿,https://www.youtube.com/watch?v=r43WKd8jy14
🍿Iranian Movie Roozi ke Mard Shodam | فیلم سینمایی ایرانی روزی که مرد شدم🍿,https://www.youtube.com/watch?v=_j__CVizl2Q
🍿Iranian Movie Pato Zamin Nazar | فیلم سینمایی ایرانی پاتو زمین نذار🍿,https://www.youtube.com/watch?v=80ghdeNRHtg
🍿Iranian Movie Mohakeme dar Khiaban | فیلم سینمایی ایرانی محاکمه در خیابان🍿,https://www.youtube.com/watch?v=LfCQ7zb9SyY
🍿Iranian Movie Safare Khosh | فیلم سینمایی ایرانی سفر خوش🍿,https://www.youtube.com/watch?v=lK0AVnQxIQI
🍿Iranian Movie Arayeshe Ghaliz | فیلم سینمایی ایرانی آرایش غلیظ🍿,https://www.youtube.com/watch?v=3WJRJEnIFTg
🍿فیلم سینمایی ایرانی زندگی خصوصی آقا و خانم میم | امید روحانی و حمید فرخ نژاد,https://www.youtube.com/watch?v=-La7z2FF20A
🍿Iranian Movie Bi Khodahafezi | فیلم سینمایی ایرانی بی خداحافظی🍿,https://www.youtube.com/watch?v=3Adj_grgPuU
🍿Iranian Movie Farar az Kamp 2 | فیلم سینمایی ایرانی فرار از کمپ دو🍿,https://www.youtube.com/watch?v=LxUMW8Rd7Jw
🍿Iranian Movie Roobah | فیلم سینمایی ایرانی روباه🍿,https://www.youtube.com/watch?v=OTAj0EObR7Q
🍿Iranian Movie Arouse Khosh Ghadam | فیلم سینمایی ایرانی عروس خوش‌قدم🍿,https://www.youtube.com/watch?v=GTF9M1TFNdU
🍿Iranian Movie Sargijeh | فیلم سینمایی ایرانی سرگیجه🍿,https://www.youtube.com/watch?v=eMlkgkheut8
🍿Iranian Movie Royaye Nimeh Shabe Tabestan | فیلم سینمایی ایرانی رؤیای نیمه‌شب تابستان🍿,https://www.youtube.com/watch?v=0uqe0C0dKUU
🍿Iranian Movie Cheshmato Naband | فیلم سینمایی ایرانی چشماتو نبند🍿,https://www.youtube.com/watch?v=0c7mQ5tIoIU
🍿Iranian Movie Khers | فیلم سینمایی ایرانی خرس🍿,https://www.youtube.com/watch?v=euzZeDzTtew
🍿Iranian Movie Ariye | فیلم سینمایی ایرانی عاریه🍿,https://www.youtube.com/watch?v=MFy3EDVcIdY
🍿Iranian Movie Bogzar Zendegi Konam | فیلم سینمایی ایرانی بگذار زندگی کنم🍿,https://www.youtube.com/watch?v=38LgEdPPaIk
🍿Iranian Movie Asheghet Shodam | فیلم سینمایی ایرانی عاشقت شدم🍿,https://www.youtube.com/watch?v=-IAmGQXJ2MM
🍿Iranian Movie Baghe Aloucheh | فیلم سینمایی ایرانی باغ آلوچه🍿,https://www.youtube.com/watch?v=C8mujQLhwic
🍿Iranian Movie Maslakhe Eshgh | فیلم سینمایی ایرانی مسلخ عشق🍿,https://www.youtube.com/watch?v=mjC-KzloG0g
🍿Iranian Movie Sarai | فیلم سینمایی ایرانی سارای🍿,https://www.youtube.com/watch?v=gNBq0r01gYg
🍿Iranian Movie Yas haye Vahshi | فیلم سینمایی ایرانی یاس‌های وحشی🍿,https://www.youtube.com/watch?v=P9YzUjO_FbA
🍿Iranian Movie Shoore Shirin | فیلم سینمایی ایرانی شور شیرین🍿,https://www.youtube.com/watch?v=6Y9OlZgPRgA
🍿Iranian Movie Marde Ejareyi | فیلم سینمایی ایرانی مرد اجاره‌ای🍿,https://www.youtube.com/watch?v=-7kTBu4aMB8
"🍿Iranian Movie Yeki Khosh Seda, Yeki Khosh Dast | فیلم سینمایی ایرانی یکی خوش‌صدا، یکی خوش‌دست🍿",https://www.youtube.com/watch?v=EcqiFXqaC1k
🍿Iranian Movie Gol Pari Joon | فیلم سینمایی ایرانی گل‌پری جون🍿,https://www.youtube.com/watch?v=FMtFyHsT7dE
🍿Iranian Movie Damade Farari | فیلم سینمایی ایرانی داماد فراری🍿,https://www.youtube.com/watch?v=dUyrd5rTXds
🍿Iranian Movie Haft Dokhtar Baraye Haft Pesar | فیلم سینمایی ایرانی هفت دختر برای هفت پسر🍿,https://www.youtube.com/watch?v=oI1tgg1fu4I
🍿Iranian Movie Baba Goli be Jamalet | فیلم سینمایی ایرانی بابا گلی به جمالت🍿,https://www.youtube.com/watch?v=LsO6C5BGfMg
🍿Iranian Movie Hakim Bashi | فیلم سینمایی ایرانی حکیم باشی🍿,https://www.youtube.com/watch?v=TLeIM886nyQ
🍿Iranian Movie Raees | فیلم سینمایی ایرانی رئیس🍿,https://www.youtube.com/watch?v=Z3QnG02Cc8s
🍿Iranian Movie Dasthaye Khali | فیلم سینمایی ایرانی دست‌‌های خالی🍿,https://www.youtube.com/watch?v=jVOkkxo6glw
🍿Iranian Movie Zafar | فیلم سینمایی ایرانی ظفر🍿,https://www.youtube.com/watch?v=XJF_Qx_dqjI
🍿Iranian Movie Parvaz dar Shab | فیلم سینمایی ایرانی پرواز در شب🍿,https://www.youtube.com/watch?v=AoPlknSvUo0
🍿Iranian Movie Moghallede Sheitan | فیلم سینمایی ایرانی مقلد شیطان🍿,https://www.youtube.com/watch?v=lkWPvNvQ52E
🍿Iranian Movie Yek Dastane Asheghane | فیلم سینمایی ایرانی یک داستان عاشقانه🍿,https://www.youtube.com/watch?v=Tcn7xCr3Kg8
🍿Iranian Movie Aansouye Roodkhane | فیلم سینمایی ایرانی آن‌سوی رودخانه🍿,https://www.youtube.com/watch?v=yQiPGtgjh2c
🍿Iranian Movie Paziraei Sadeh | فیلم سینمایی ایرانی پذیرایی ساده🍿,https://www.youtube.com/watch?v=Clqea0KRfMk
🍿Iranian Movie Jangalban | فیلم سینمایی ایرانی جنگلبان🍿,https://www.youtube.com/watch?v=vguCV0wTFC8
🍿Iranian Movie Kaj Kola Khan | فیلم سینمایی ایرانی کج کلا خان🍿,https://www.youtube.com/watch?v=aJ4VRnObtjw
🍿Iranian Movie Ali Konkouri | فیلم سینمایی ایرانی علی کنکوری🍿,https://www.youtube.com/watch?v=HHG6wycHyAg
🍿Iranian Movie Agha Dozde | فیلم سینمایی ایرانی آقا دزده🍿,https://www.youtube.com/watch?v=OB-OT0tc_1k
🍿Iranian Movie Zanbourak | فیلم سینمایی ایرانی زنبورک🍿,https://www.youtube.com/watch?v=vk75LDe48iU
🍿Iranian Movie Dalghak ha | فیلم سینمایی ایرانی دلقک‌ها🍿,https://www.youtube.com/watch?v=GsC-ER0fJ8Q
"🍿Iranian Movie Yeki Khosh Seda, Yeki Khosh Dast | فیلم سینمایی ایرانی یکی خوش‌صدا، یکی خوش‌دست🍿",https://www.youtube.com/watch?v=u4LXfT7yCNw
🍿Iranian Movie Gol Pari Joon | فیلم سینمایی ایرانی گل‌پری جون🍿,https://www.youtube.com/watch?v=f1NBGhIL2AA
🍿Iranian Movie Khane Ghamar Khanom | فیلم سینمایی ایرانی خانه قمر خانم🍿,https://www.youtube.com/watch?v=FjoTVxLpHFo
🍿Iranian Movie Do Kale Shagh | فیلم سینمایی ایرانی دو کله شق🍿,https://www.youtube.com/watch?v=ZANVDQ8wk1k
🍿Iranian Movie Parvaz dar Shab | فیلم سینمایی ایرانی پرواز در شب🍿,https://www.youtube.com/watch?v=z_vRKkCgxGs
🍿Iranian Movie Aansouye Roodkhane | فیلم سینمایی ایرانی آن‌سوی رودخانه🍿,https://www.youtube.com/watch?v=u4BMPIxamaw
🍿Iranian Movie Sizdah 59 | فیلم سینمایی ایرانی سیزده 59🍿,https://www.youtube.com/watch?v=MqGkV0Xp2Mc
🍿Iranian Movie Raees | فیلم سینمایی ایرانی رئیس🍿,https://www.youtube.com/watch?v=qsHTAVn4ycA
🍿Iranian Movie Ghesseha | فیلم سینمایی ایرانی قصه‌ها🍿,https://www.youtube.com/watch?v=Cw6gVn9MaQ8
🍿Iranian Movie Paziraei Sadeh | فیلم سینمایی ایرانی پذیرایی ساده🍿,https://www.youtube.com/watch?v=pprD8HjwhLE
🍿Iranian Movie Vaghte Latife Shen | فیلم سینمایی ایرانی وقت لطیف شن🍿,https://www.youtube.com/watch?v=9eNk7cYfNIQ
🍿Iranian Movie Mozakerate Mostaghime Aghaye Abdi | فیلم سینمایی ایرانی مذاکرات مستقیم آقای عبدی🍿,https://www.youtube.com/watch?v=ZsuomEAzlik
🍿Iranian Movie Gonjeshk va Ghanari | فیلم سینمایی ایرانی گنجشک و قناری🍿,https://www.youtube.com/watch?v=PJO4IsJyJwE
🍿Iranian Movie Farar az Kamp 3 | فیلم سینمایی ایرانی فرار از کمپ سه🍿,https://www.youtube.com/watch?v=D43VBAOFuDY
🍿Iranian Movie Pato Zamin Nazar | فیلم سینمایی ایرانی پاتو زمین نذار🍿,https://www.youtube.com/watch?v=OIoIMIyL0YY
🍿Iranian Movie Nokhodi | فیلم سینمایی ایرانی نخودی🍿,https://www.youtube.com/watch?v=pubAapZR6Bo
🍿Iranian Movie Roozi ke Mard Shodam | فیلم سینمایی ایرانی روزی که مرد شدم🍿,https://www.youtube.com/watch?v=cRFMzYLC3xw
🍿Iranian Movie Khanevadeye Sarkar Ghazanfar | فیلم سینمایی ایرانی خانواده سرکار غضنفر🍿,https://www.youtube.com/watch?v=sSExxwVDy0c
🍿Iranian Movie Zanha Nemooneand? | فیلم سینمایی ایرانی زن‌ها نمونه‌اند؟🍿,https://www.youtube.com/watch?v=ed2ZvWhuW_g
🍿Iranian Movie Pahlevan dar Gharne Atom | فیلم سینمایی ایرانی پهلوان در قرن اتم🍿,https://www.youtube.com/watch?v=8TMuZGmD9f8
🍿Iranian Movie Sharlatan | فیلم سینمایی ایرانی شارلاتان🍿,https://www.youtube.com/watch?v=K61qTx6VJjE
🍿Iranian Movie In Dast Kaje | فیلم سینمایی ایرانی این دست کجه🍿,https://www.youtube.com/watch?v=04aYh0KAt3c
🍿Iranian Movie Ghorboone Zane Irooni | فیلم سینمایی ایرانی قربون زن ایرونی🍿,https://www.youtube.com/watch?v=QMkh1RI4ock
🍿Iranian Movie Reza Chelcheleh | فیلم سینمایی ایرانی رضا چلچله🍿,https://www.youtube.com/watch?v=qYyAHhLJSTA
🍿Iranian Movie Agha Dozde | فیلم سینمایی ایرانی آقا دزده🍿,https://www.youtube.com/watch?v=Ep-GVJljvHs
🍿Iranian Movie Shadihaye Zendegiye Ma | فیلم سینمایی ایرانی شادی‌های زندگی ما🍿,https://www.youtube.com/watch?v=dNw1wyQnOjI
🍿Iranian Movie Zanbourak | فیلم سینمایی ایرانی زنبورک🍿,https://www.youtube.com/watch?v=v0Z1N6b_n_I
🍿Iranian Movie Akhm Nakon Sarkar | فیلم سینمایی ایرانی اخم نکن سرکار🍿,https://www.youtube.com/watch?v=bMNd9bTgRS0
🍿Iranian Movie Dalghak ha | فیلم سینمایی ایرانی دلقک‌ها🍿,https://www.youtube.com/watch?v=BKBPcIGRXFU
"🍿Iranian Movie Yeki Khosh Seda, Yeki Khosh Dast | فیلم سینمایی ایرانی یکی خوش‌صدا، یکی خوش‌دست🍿",https://www.youtube.com/watch?v=3uRVcSVsL-M
🍿Iranian Movie Digar Tanha Nistam | فیلم سینمایی ایرانی دیگر تنها نیستم🍿,https://www.youtube.com/watch?v=gVL-jR9r5_0
🍿Iranian Movie Safare Khosh | فیلم سینمایی ایرانی سفر خوش🍿,https://www.youtube.com/watch?v=aEcna5Oj1GY
🍿Iranian Movie Anaahita | فیلم سینمایی ایرانی آناهیتا🍿,https://www.youtube.com/watch?v=rLks3N1b350
🍿Iranian Movie Khanevadeye Sarkar Ghazanfar | فیلم سینمایی ایرانی خانواده سرکار غضنفر🍿,https://www.youtube.com/watch?v=YUjxdBHxVWw
🍿Iranian Movie Sharlatan | فیلم سینمایی ایرانی شارلاتان🍿,https://www.youtube.com/watch?v=xedFj2vgoCM
🍿Iranian Movie Reza Chelcheleh | فیلم سینمایی ایرانی رضا چلچله🍿,https://www.youtube.com/watch?v=biNTRegw1PY
🍿Iranian Movie Yek Milyooner Va Do Mofles | فیلم سینمایی ایرانی یک میلیونر و دو مفلس🍿,https://www.youtube.com/watch?v=c-fqx960A94
🍿Iranian Movie Agha Dozde | فیلم سینمایی ایرانی آقا دزده🍿,https://www.youtube.com/watch?v=3YFrGAJb4Fw
🍿Iranian Movie Moshkele Aghaye Etemad | فیلم سینمایی ایرانی مشکل آقای اعتماد🍿,https://www.youtube.com/watch?v=7rig5rf2p-U
🍿Iranian Movie Akhm Nakon Sarkar | فیلم سینمایی ایرانی اخم نکن سرکار🍿,https://www.youtube.com/watch?v=886-rlVARVA
"🍿Iranian Movie Yeki Khosh Seda, Yeki Khosh Dast | فیلم سینمایی ایرانی یکی خوش‌صدا، یکی خوش‌دست🍿",https://www.youtube.com/watch?v=ANbOqr3GlG8
🍿Iranian Movie Marde Ejareyi | فیلم سینمایی ایرانی مرد اجاره‌ای🍿,https://www.youtube.com/watch?v=qDJ-2uKxKfE
🍿Iranian Movie Do Kale Shagh | فیلم سینمایی ایرانی دو کله شق🍿,https://www.youtube.com/watch?v=gMN_84Rd3bE
🍿Iranian Movie Hakim Bashi | فیلم سینمایی ایرانی حکیم باشی🍿,https://www.youtube.com/watch?v=PwkGudim3hc
🍿Iranian Movie Baba Goli be Jamalet | فیلم سینمایی ایرانی بابا گلی به جمالت🍿,https://www.youtube.com/watch?v=tNfpNY8-p2Y
🍿Iranian Movie Rooze Roshan | فیلم سینمایی ایرانی روز روشن🍿,https://www.youtube.com/watch?v=FngClccqNRI
🍿Iranian Movie Tighzan | فیلم سینمایی ایرانی تیغ‌ زن🍿,https://www.youtube.com/watch?v=Oe_lBYBvayQ
🍿Iranian Movie Vel Kon Dastamo | فیلم سینمایی ایرانی ول کن دستمو🍿,https://www.youtube.com/watch?v=lWhwgzhQ9yM
🍿Iranian Movie Arayeshe Ghaliz | فیلم سینمایی ایرانی آرایش غلیظ🍿,https://www.youtube.com/watch?v=1oJZOrRQ_SY
🍿فیلم سینمایی ایرانی زندگی خصوصی آقا و خانم میم | امید روحانی و حمید فرخ نژاد,https://www.youtube.com/watch?v=SVtf-Bo2uaQ
🍿Iranian Movie Davazdah Sandali | فیلم سینمایی ایرانی دوازده صندلی🍿,https://www.youtube.com/watch?v=q-zsMRVpztc
🍿Iranian Movie Kaj Kola Khan | فیلم سینمایی ایرانی کج کلا خان🍿,https://www.youtube.com/watch?v=v_eI6Rko8Qw
🍿Iranian Movie Agha Dozde | فیلم سینمایی ایرانی آقا دزده🍿,https://www.youtube.com/watch?v=4DWNwQUly6o
🍿Iranian Movie Zanbourak | فیلم سینمایی ایرانی زنبورک🍿,https://www.youtube.com/watch?v=4WzHDHCAky8
🍿Iranian Movie Antar o Mantar | فیلم سینمایی ایرانی عنتر و منتر🍿,https://www.youtube.com/watch?v=Rwugtg4VoJc
🍿Iranian Movie Akhm Nakon Sarkar | فیلم سینمایی ایرانی اخم نکن سرکار🍿,https://www.youtube.com/watch?v=v_iDhJ2u6LI
🍿Iranian Movie Marde Ejareyi | فیلم سینمایی ایرانی مرد اجاره‌ای🍿,https://www.youtube.com/watch?v=yYI8IFHQqjM
🍿Iranian Movie Gol Pari Joon | فیلم سینمایی ایرانی گل‌پری جون🍿,https://www.youtube.com/watch?v=_Y1LYauGWng
🍿Iranian Movie Hakim Bashi | فیلم سینمایی ایرانی حکیم باشی🍿,https://www.youtube.com/watch?v=3cNKa-_8g78
🍿Iranian Movie Zafar | فیلم سینمایی ایرانی ظفر🍿,https://www.youtube.com/watch?v=Xa3S8bw64KY
🍿Iranian Movie Bedoone Ejaze | فیلم سینمایی ایرانی بدون اجازه🍿,https://www.youtube.com/watch?v=vjLYDwgJOcA
🍿Iranian Movie Farar az Kamp 2 | فیلم سینمایی ایرانی فرار از کمپ دو🍿,https://www.youtube.com/watch?v=YfrcuFbcNto
🍿Iranian Movie Roobah | فیلم سینمایی ایرانی روباه🍿,https://www.youtube.com/watch?v=Oixtd8MZ2hg
🍿Iranian Movie Deltangihaye Asheghaneh | فیلم سینمایی ایرانی دلتنگی‌های عاشقانه🍿,https://www.youtube.com/watch?v=31lGB0qz0yM
🍿Iranian Movie Havalie Otoban | فیلم سینمایی ایرانی حوالی اتوبان🍿,https://www.youtube.com/watch?v=2TOCRvl2dqY
🍿Iranian Movie Kalagh Par Dolfin Par | فیلم سینمایی ایرانی کلاغ پر دلفین پر🍿,https://www.youtube.com/watch?v=GAjZj5NIl58
🍿Iranian Movie Sharlatan | فیلم سینمایی ایرانی شارلاتان🍿,https://www.youtube.com/watch?v=Odu4fSS6nw0
🍿Iranian Movie Ali Konkouri | فیلم سینمایی ایرانی علی کنکوری🍿,https://www.youtube.com/watch?v=CQIkcddYESY
🍿Iranian Movie Agha Dozde | فیلم سینمایی ایرانی آقا دزده🍿,https://www.youtube.com/watch?v=XyND-T2_kMA
🍿Iranian Movie Zanbourak | فیلم سینمایی ایرانی زنبورک🍿,https://www.youtube.com/watch?v=ShWl2tuWJ8Q
🍿Iranian Movie Khane Ghamar Khanom | فیلم سینمایی ایرانی خانه قمر خانم🍿,https://www.youtube.com/watch?v=MND2DUhNQ3w
🍿Iranian Movie Baba Goli be Jamalet | فیلم سینمایی ایرانی بابا گلی به جمالت🍿,https://www.youtube.com/watch?v=g9iz1wxnTCU
🍿Iranian Movie Dozde Arusakha | فیلم سینمایی ایرانی دزد عروسک‌‌ها🍿,https://www.youtube.com/watch?v=FhjooS8N9Vk
🍿Iranian Movie Moshkele Aghaye Etemad | فیلم سینمایی ایرانی مشکل آقای اعتماد🍿,https://www.youtube.com/watch?v=UQ6E0nCKspM
🍿Iranian Movie Damade Farari | فیلم سینمایی ایرانی داماد فراری🍿,https://www.youtube.com/watch?v=Cls75D3sqIU
🍿Iranian Movie Shabe Houra | فیلم سینمایی ایرانی شب حورا🍿,https://www.youtube.com/watch?v=hZn5BUjcJPY
🍿Iranian Movie Moje Sevom | فیلم سینمایی ایرانی موج سوم🍿,https://www.youtube.com/watch?v=iw2L3HmGerc
🍿فیلم کمدی ایرانی خوش گذران🍿,https://www.youtube.com/watch?v=_l2iM04f7h4
🍿فیلم کمدی ایرانی تختخواب سه نفره🍿,https://www.youtube.com/watch?v=BJe-WsoDjZw
🍿Iranian Movie Ostokhoonaye Babam | فیلم سینمایی ایرانی استخونای بابام🍿,https://www.youtube.com/watch?v=k7sePu9ThCw
🍿Iranian Movie Farar az Kamp 3 | فیلم سینمایی ایرانی فرار از کمپ سه🍿,https://www.youtube.com/watch?v=R8iko3zokV4
🍿Iranian Movie Pato Zamin Nazar | فیلم سینمایی ایرانی پاتو زمین نذار🍿,https://www.youtube.com/watch?v=kMI9Juqy3as
🍿Iranian Movie Gonjeshk va Ghanari | فیلم سینمایی ایرانی گنجشک و قناری🍿,https://www.youtube.com/watch?v=t76TZbS-0g0
🍿Iranian Movie Zanha Nemooneand? | فیلم سینمایی ایرانی زن‌ها نمونه‌اند؟🍿,https://www.youtube.com/watch?v=lVUoHk_gTVA
🍿فیلم کمدی ایرانی  زنبورک🍿,https://www.youtube.com/watch?v=-FtGaPM3TcI
🍿فیلم کمدی ایرانی زیبای پررو🍿,https://www.youtube.com/watch?v=AqaMObxhGKo
🍿Iranian Movie Tighzan | فیلم سینمایی ایرانی تیغ‌ زن🍿,https://www.youtube.com/watch?v=r0C3gnh58KI
🍿فیلم کمدی ایرانی  مرد اجاره ای🍿,https://www.youtube.com/watch?v=107Av6safY4
🍿فیلم کمدی ایرانی  گل پری جون🍿,https://www.youtube.com/watch?v=BrDC5UM_JQU
🍿فیلم کمدی ایرانی هفت دختر برای هفت پسر🍿,https://www.youtube.com/watch?v=MoE77aA6_Fg
🍿Iranian Movie Divo Delbar | فیلم سینمایی ایرانی دیو و دلبر🍿,https://www.youtube.com/watch?v=S_kFjeXQ-38
🍿فیلم کمدی ایرانی داماد فراری 🍿,https://www.youtube.com/watch?v=NFwe2XRxVyE
🍿فیلم کمدی ایرانی  خانه قمر خانم 🍿,https://www.youtube.com/watch?v=2e_PexShOIY
🍿Iranian Movie Havalie Otoban | فیلم سینمایی ایرانی حوالی اتوبان🍿,https://www.youtube.com/watch?v=sX0obvXum3w
🍿فیلم کمدی ایرانی تختخواب سه نفره🍿,https://www.youtube.com/watch?v=bzlu4GNWnDA
🍿فیلم کمدی ایرانی قربون زن ایرونی 🍿,https://www.youtube.com/watch?v=6rUapVN_FhM
🍿فیلم کمدی ایرانی درشکه چی 🍿,https://www.youtube.com/watch?v=ds_yAHKd3zY
🍿Iranian Movie Shabe Houra | فیلم سینمایی ایرانی شب حورا🍿,https://www.youtube.com/watch?v=wVs0BwIvdWU
🍿Iranian Movie Yeki Mikhad Bahat Harf Bezane | فیلم سینمایی ایرانی یکی می‌خواد باهات حرف بزنه🍿,https://www.youtube.com/watch?v=ycYrM_yNdFU
🍿فیلم کمدی ایرانی عیالوار 🍿,https://www.youtube.com/watch?v=V4H971V5DuI
🍿فیلم کمدی ایرانی یک میلیونر و دو مفلس 🍿,https://www.youtube.com/watch?v=TJwoFoLeOQA
🍿Iranian Movie Cheshmato Naband | فیلم سینمایی ایرانی چشماتو نبند🍿,https://www.youtube.com/watch?v=V1gCdtJnKgc
🍿Iranian Movie Porteghale Khooni | فیلم سینمایی ایرانی پرتقال خونی🍿,https://www.youtube.com/watch?v=9bA9PqEUK78
🍿فیلم کمدی ایرانی علی کنکوری🍿,https://www.youtube.com/watch?v=MPjWjZnFb3k
🍿Iranian Movie Pato Zamin Nazar | فیلم سینمایی ایرانی پاتو زمین نذار🍿,https://www.youtube.com/watch?v=_gw0YWKi11g
🍿Iranian Movie Gonjeshk va Ghanari | فیلم سینمایی ایرانی گنجشک و قناری🍿,https://www.youtube.com/watch?v=1mhi0TybKNM
🍿فیلم کمدی ایرانی  لج و لجبازی🍿,https://www.youtube.com/watch?v=BKNX0DhNUC4
🍿Iranian Movie Zanha Nemooneand? | فیلم سینمایی ایرانی زن‌ها نمونه‌اند؟🍿,https://www.youtube.com/watch?v=9QA-lYRO4HQ
🍿فیلم کمدی ایرانی خانه خراب 🍿,https://www.youtube.com/watch?v=eqtyfjvX-vY
🍿فیلم کمدی ایرانی نوبر اصفهان 🍿,https://www.youtube.com/watch?v=Wjy2zaMdlS0
🍿Iranian Movie Rooze Roshan | فیلم سینمایی ایرانی روز روشن🍿,https://www.youtube.com/watch?v=lCyFD_jCCT8
🍿فیلم کمدی ایرانی حکیم باشی🍿,https://www.youtube.com/watch?v=7U0cuYKnZ4U
🍿Iranian Movie Tighzan | فیلم سینمایی ایرانی تیغ‌ زن🍿,https://www.youtube.com/watch?v=AaWfUhcOa5Q
🍿Iranian Movie Farar az Kamp 2 | فیلم سینمایی ایرانی فرار از کمپ دو🍿,https://www.youtube.com/watch?v=s2OMHsSfL-A
🍿Iranian Movie Havalie Otoban | فیلم سینمایی ایرانی حوالی اتوبان🍿,https://www.youtube.com/watch?v=s6kj9FBDrDQ
🍿Iranian Movie In Yek Tasadof Nist | فیلم سینمایی ایرانی این یک تصادف نیست🍿,https://www.youtube.com/watch?v=k0MMIN7xZ5o
🍿Iranian Movie Arouse Khosh Ghadam | فیلم سینمایی ایرانی عروس خوش‌قدم🍿,https://www.youtube.com/watch?v=YiqMYYIRwXQ
🍿Iranian Movie Ersale Agahie Tasliat | فیلم سینمایی ایرانی ارسال آگهی تسلیت برای روزنامه🍿,https://www.youtube.com/watch?v=UvB9eGPcqjo
🍿Iranian Movie Cheshmato Naband | فیلم سینمایی ایرانی چشماتو نبند🍿,https://www.youtube.com/watch?v=xaonRyQdXyY
🍿Iranian Movie Gonjeshk va Ghanari | فیلم سینمایی ایرانی گنجشک و قناری🍿,https://www.youtube.com/watch?v=w25Ioy0owsk
🍿Iranian Movie Safare Khosh | فیلم سینمایی ایرانی سفر خوش🍿,https://www.youtube.com/watch?v=r7gg_2iOL3E
🍿Iranian Movie Zane Dovom | فیلم سینمایی ایرانی زن دوم🍿,https://www.youtube.com/watch?v=gAORZPNeMCc
🍿Iranian Movie Vel Kon Dastamo | فیلم سینمایی ایرانی ول کن دستمو🍿,https://www.youtube.com/watch?v=FilWi7IEl44
🍿Iranian Movie Davazdah Sandali | فیلم سینمایی ایرانی دوازده صندلی🍿,https://www.youtube.com/watch?v=q2PjX80M38g
🍿Iranian Movie Bi Khodahafezi | فیلم سینمایی ایرانی بی خداحافظی🍿,https://www.youtube.com/watch?v=Yc6q4Tnmr4s
🍿Iranian Movie Farar az Kamp 3 | فیلم سینمایی ایرانی فرار از کمپ سه🍿,https://www.youtube.com/watch?v=QdNW7t7-ho0
🍿Iranian Movie Safare Khosh | فیلم سینمایی ایرانی سفر خوش🍿,https://www.youtube.com/watch?v=DZgRTKSPSNU
🍿Iranian Movie Digar Tanha Nistam | فیلم سینمایی ایرانی دیگر تنها نیستم🍿,https://www.youtube.com/watch?v=ZmkleOurQrw
🍿Iranian Movie Vel Kon Dastamo | فیلم سینمایی ایرانی ول کن دستمو🍿,https://www.youtube.com/watch?v=6zg0iYSVPuA
🍿Iranian Movie Davazdah Sandali | فیلم سینمایی ایرانی دوازده صندلی🍿,https://www.youtube.com/watch?v=e9_cqnl7kTI
🍿Iranian Movie Bi Khodahafezi | فیلم سینمایی ایرانی بی خداحافظی🍿,https://www.youtube.com/watch?v=ydxUWTM1F6U
🍿Iranian Movie Farar az Kamp 2 | فیلم سینمایی ایرانی فرار از کمپ دو🍿,https://www.youtube.com/watch?v=gEsYAIvAqPM
🍿Iranian Movie Havalie Otoban | فیلم سینمایی ایرانی حوالی اتوبان🍿,https://www.youtube.com/watch?v=HxcnPAPue_g
🍿Iranian Movie Sargijeh | فیلم سینمایی ایرانی سرگیجه🍿,https://www.youtube.com/watch?v=KC5J5EAt7kM
🍿Iranian Movie Kelase Honarpishegi | فیلم سینمایی ایرانی کلاس هنرپیشگی🍿,https://www.youtube.com/watch?v=smoc2jjc23A
🍿Iranian Movie Khers | فیلم سینمایی ایرانی خرس🍿,https://www.youtube.com/watch?v=U0yKW59T-RQ
🍿Iranian Movie Royaye Nimeh Shabe Tabestan | فیلم سینمایی ایرانی رؤیای نیمه‌شب تابستان🍿,https://www.youtube.com/watch?v=O47BitvzZkc
🍿Iranian Movie Cheshmato Naband | فیلم سینمایی ایرانی چشماتو نبند🍿,https://www.youtube.com/watch?v=PxYJtBAYcuU
🍿Iranian Movie Farar az Kamp 3 | فیلم سینمایی ایرانی فرار از کمپ سه🍿,https://www.youtube.com/watch?v=pbxxQ2DoqLM
🍿Iranian Movie Nokhodi | فیلم سینمایی ایرانی نخودی🍿,https://www.youtube.com/watch?v=WMGkVUNoQSg
🍿Iranian Movie Kooche Melli | فیلم سینمایی ایرانی کوچه ملی🍿,https://www.youtube.com/watch?v=S52gGJsbUxw
🍿Iranian Movie Rooze Roshan | فیلم سینمایی ایرانی روز روشن🍿,https://www.youtube.com/watch?v=UwM5W01kfUQ
🍿Iranian Movie Bedoone Ejaze | فیلم سینمایی ایرانی بدون اجازه🍿,https://www.youtube.com/watch?v=vOfuAQ4Ehzw
🍿Iranian Movie Farar az Kamp 2 | فیلم سینمایی ایرانی فرار از کمپ دو🍿,https://www.youtube.com/watch?v=0oEDuougOYA
🍿Iranian Movie Delam Mikhad | فیلم سینمایی ایرانی دلم می‌خواد🍿,https://www.youtube.com/watch?v=eizY3UVFjYo
🍿Iranian Movie Arouse Khosh Ghadam | فیلم سینمایی ایرانی عروس خوش‌قدم🍿,https://www.youtube.com/watch?v=p_9Ws9M0zFw
🍿Iranian Movie Yeki Mikhad Bahat Harf Bezane | فیلم سینمایی ایرانی یکی می‌خواد باهات حرف بزنه🍿,https://www.youtube.com/watch?v=H_pTLk_ROCc
🍿Iranian Movie Khers | فیلم سینمایی ایرانی خرس🍿,https://www.youtube.com/watch?v=SNmmXrjuo_8
🍿Iranian Movie Moje Sevom | فیلم سینمایی ایرانی موج سوم🍿,https://www.youtube.com/watch?v=o4OYErUhUWc
🍿Iranian Movie Ersale Agahie Tasliat | فیلم سینمایی ایرانی ارسال آگهی تسلیت برای روزنامه🍿,https://www.youtube.com/watch?v=hFoC72Y0UpU
🍿Iranian Movie Cheshmato Naband | فیلم سینمایی ایرانی چشماتو نبند🍿,https://www.youtube.com/watch?v=bRjBFySX4xM
🍿Iranian Movie Farar az Kamp 3 | فیلم سینمایی ایرانی فرار از کمپ سه🍿,https://www.youtube.com/watch?v=zThzsRgnO8w
🍿Iranian Movie Roozi ke Mard Shodam | فیلم سینمایی ایرانی روزی که مرد شدم🍿,https://www.youtube.com/watch?v=cG164ydByVA
🍿Iranian Movie Tighzan | فیلم سینمایی ایرانی تیغ‌ زن🍿,https://www.youtube.com/watch?v=B6FTyg6AMFI
🍿Iranian Movie Zane Dovom | فیلم سینمایی ایرانی زن دوم🍿,https://www.youtube.com/watch?v=tOYX34VtKh0
🍿Iranian Movie Vel Kon Dastamo | فیلم سینمایی ایرانی ول کن دستمو🍿,https://www.youtube.com/watch?v=nH1dz7UCZYU
🍿Iranian Movie Honarpisheh | فیلم سینمایی ایرانی هنرپیشه🍿,https://www.youtube.com/watch?v=5RncpNpUDN8
🍿Iranian Movie Davazdah Sandali | فیلم سینمایی ایرانی دوازده صندلی🍿,https://www.youtube.com/watch?v=115-cHl6qUE
🍿فیلم سینمایی ایرانی زندگی خصوصی آقا و خانم میم | امید روحانی و حمید فرخ نژاد,https://www.youtube.com/watch?v=BzRirRdw0q4
🍿Iranian Movie Roobah | فیلم سینمایی ایرانی روباه🍿,https://www.youtube.com/watch?v=mmKSQl8wEtM
🍿Iranian Movie Poole Khareji | فیلم سینمایی ایرانی پول خارجی🍿,https://www.youtube.com/watch?v=Q8idk0By-Yw
🍿Iranian Movie Asheghaneh | فیلم سینمایی ایرانی عاشقانه🍿,https://www.youtube.com/watch?v=ppFa8fbgytI
🍿Iranian Movie Roozhaye Khoobe Zendegi | فیلم سینمایی ایرانی روز‌های خوب زندگی🍿,https://www.youtube.com/watch?v=a4PGGzcnSoA
🍿Iranian Movie Dobareh ba Ham | فیلم سینمایی ایرانی دوباره با هم🍿,https://www.youtube.com/watch?v=2N64t1QqUFw
🍿Iranian Movie Metropol | فیلم سینمایی ایرانی متروپل🍿,https://www.youtube.com/watch?v=iwavD21d34w
🍿Iranian Movie Kelase Honarpishegi | فیلم سینمایی ایرانی کلاس هنرپیشگی🍿,https://www.youtube.com/watch?v=LnPY0gO8vL0
🍿Iranian Movie Khers | فیلم سینمایی ایرانی خرس🍿,https://www.youtube.com/watch?v=lKi0F3Hpj1M
🍿Iranian Movie Ostokhoonaye Babam | فیلم سینمایی ایرانی استخونای بابام🍿,https://www.youtube.com/watch?v=HWr9_QZyXsQ
🍿Iranian Movie Cheshmato Naband | فیلم سینمایی ایرانی چشماتو نبند🍿,https://www.youtube.com/watch?v=WjP2w4gJa78
🍿Iranian Movie Porteghale Khooni | فیلم سینمایی ایرانی پرتقال خونی🍿,https://www.youtube.com/watch?v=9NNZV6c_7zw
🍿Iranian Movie Nokhodi | فیلم سینمایی ایرانی نخودی🍿,https://www.youtube.com/watch?v=VGTXOVum_nc
🍿Iranian Movie Safare Khosh | فیلم سینمایی ایرانی سفر خوش🍿,https://www.youtube.com/watch?v=Nf5kDS95pQw
🍿Iranian Movie Roozi ke Mard Shodam | فیلم سینمایی ایرانی روزی که مرد شدم🍿,https://www.youtube.com/watch?v=p6GJTZTvWrM
🍿Iranian Movie Sajdeh bar Ab | فیلم سینمایی ایرانی سجده بر آب🍿,https://www.youtube.com/watch?v=IsJ3ICiljQo
🍿Iranian Movie Paziraei Sadeh | فیلم سینمایی ایرانی پذیرایی ساده🍿,https://www.youtube.com/watch?v=dXCuydI-Ky8
🍿Iranian Movie Khate Abi | فیلم سینمایی ایرانی خط آبی🍿,https://www.youtube.com/watch?v=wECP4Isn7tQ
🍿Iranian Movie Sarai | فیلم سینمایی ایرانی سارای🍿,https://www.youtube.com/watch?v=tPjvX6wotLg
🍿Iranian Movie Chatri Baraye Do Nafar | فیلم سینمایی ایرانی چتری برای دو نفر🍿,https://www.youtube.com/watch?v=Ko3gBizBefA
🍿Iranian Movie Roshanak | فیلم سینمایی ایرانی روشنک🍿,https://www.youtube.com/watch?v=sOaEO2UHPtw
🍿Iranian Movie Moghallede Sheitan | فیلم سینمایی ایرانی مقلد شیطان🍿,https://www.youtube.com/watch?v=rem4y5eilXM
🍿Iranian Movie Asheghet Shodam | فیلم سینمایی ایرانی عاشقت شدم🍿,https://www.youtube.com/watch?v=pUAzQEBnbI0
🍿Iranian Movie Ariye | فیلم سینمایی ایرانی عاریه🍿,https://www.youtube.com/watch?v=RJTBRiIUsBA
🍿Iranian Movie Vaghte Latife Shen | فیلم سینمایی ایرانی وقت لطیف شن🍿,https://www.youtube.com/watch?v=bEGa2jfbavg
🍿Iranian Movie Rahe Abie Abrisham | فیلم سینمایی ایرانی راه آبی ابریشم🍿,https://www.youtube.com/watch?v=SF29i2ln6CI
🍿Iranian Movie Panj ta Panj | فیلم سینمایی ایرانی پنج تا پنج🍿,https://www.youtube.com/watch?v=uvX8l3FdcA0
🍿Iranian Movie Shokolate Dagh | فیلم سینمایی ایرانی شکلات داغ🍿,https://www.youtube.com/watch?v=Tw44OeFpa-M
🍿Iranian Movie Digari | فیلم سینمایی ایرانی دیگری🍿,https://www.youtube.com/watch?v=8Fa-jXRiFu4
🍿Iranian Movie Ghesseha | فیلم سینمایی ایرانی قصه‌ها🍿,https://www.youtube.com/watch?v=j4PoHvjzGUM
🍿Iranian Movie Bogzar Zendegi Konam | فیلم سینمایی ایرانی بگذار زندگی کنم🍿,https://www.youtube.com/watch?v=mdoBQQclbfM
🍿Iranian Movie Do Aroos | فیلم سینمایی ایرانی دو عروس🍿,https://www.youtube.com/watch?v=Y2yRMb_OxlU
🍿Iranian Movie Baghe Aloucheh | فیلم سینمایی ایرانی باغ آلوچه🍿,https://www.youtube.com/watch?v=jNfbeqVeNNc
🍿Iranian Movie Shokolat | فیلم سینمایی ایرانی شکلات🍿,https://www.youtube.com/watch?v=cipeLFXyEyk
🍿Iranian Movie Aroosak | فیلم سینمایی ایرانی عروسک🍿,https://www.youtube.com/watch?v=R9HAGaYQrF8
🍿Iranian Movie Hameye Derakhtane Man | فیلم سینمایی ایرانی همه درختان من🍿,https://www.youtube.com/watch?v=TN5QPSLSAqU
🍿Iranian Movie Yek Dastane Asheghane | فیلم سینمایی ایرانی یک داستان عاشقانه🍿,https://www.youtube.com/watch?v=SJTabkycXBM
🍿Iranian Movie Dideban | فیلم سینمایی ایرانی دیده‌بان🍿,https://www.youtube.com/watch?v=Txim_-WcfFI
🍿Iranian Movie Raees | فیلم سینمایی ایرانی رئیس🍿,https://www.youtube.com/watch?v=y1Vkm5Nsmh4
🍿Iranian Movie Ehtemale Barane Asidi | فیلم سینمایی ایرانی احتمال باران اسیدی🍿,https://www.youtube.com/watch?v=hHa56uVqon8
🍿Iranian Movie Ariye | فیلم سینمایی ایرانی عاریه🍿,https://www.youtube.com/watch?v=FlavuGc1W5Q
🍿Iranian Movie Roozegari Eshgh va Khiyanat | فیلم سینمایی ایرانی روزگاری عشق و خیانت🍿,https://www.youtube.com/watch?v=GSXFtcBdCS0
🍿Iranian Movie Moje Sevom | فیلم سینمایی ایرانی موج سوم🍿,https://www.youtube.com/watch?v=sR_ND1r-E3Y
🍿Iranian Movie Parvaz dar Shab | فیلم سینمایی ایرانی پرواز در شب🍿,https://www.youtube.com/watch?v=BekLayAGImw
🍿Iranian Movie Gonjeshkake Ashimashi | فیلم سینمایی ایرانی گنجشکک اشی مشی🍿,https://www.youtube.com/watch?v=GDaIEwhRmGU
🍿Iranian Movie Hameye Derakhtane Man | فیلم سینمایی ایرانی همه درختان من🍿,https://www.youtube.com/watch?v=76glzCxZchI
🍿Iranian Movie Yek Dastane Asheghane | فیلم سینمایی ایرانی یک داستان عاشقانه🍿,https://www.youtube.com/watch?v=_KgOtNMjE9I
🍿Iranian Movie Paziraei Sadeh | فیلم سینمایی ایرانی پذیرایی ساده🍿,https://www.youtube.com/watch?v=j1spx3f94ZU
🍿Iranian Movie Ghesseha | فیلم سینمایی ایرانی قصه‌ها🍿,https://www.youtube.com/watch?v=1k0c6qYUEHo
🍿Iranian Movie Rooze Roshan | فیلم سینمایی ایرانی روز روشن🍿,https://www.youtube.com/watch?v=C-9RKKicTFw
🍿Iranian Movie Zane Dovom | فیلم سینمایی ایرانی زن دوم🍿,https://www.youtube.com/watch?v=gNlk2f-dd8c
🍿Iranian Movie Vel Kon Dastamo | فیلم سینمایی ایرانی ول کن دستمو🍿,https://www.youtube.com/watch?v=dxfkZdYBY_w
🍿Iranian Movie Davazdah Sandali | فیلم سینمایی ایرانی دوازده صندلی🍿,https://www.youtube.com/watch?v=6nZWd-bWlME
🍿Iranian Movie Farar az Kamp 2 | فیلم سینمایی ایرانی فرار از کمپ دو🍿,https://www.youtube.com/watch?v=923Qa9_NQu0
🍿Iranian Movie Ba To Mimanam | فیلم سینمایی ایرانی با تو می‌مانم🍿,https://www.youtube.com/watch?v=pWMKvFEpBrg
🍿Iranian Movie Sargijeh | فیلم سینمایی ایرانی سرگیجه🍿,https://www.youtube.com/watch?v=28_IIFA1KrU
🍿Iranian Movie Cheshmato Naband | فیلم سینمایی ایرانی چشماتو نبند🍿,https://www.youtube.com/watch?v=IW-xukPivrM
🍿Iranian Movie Digar Tanha Nistam | فیلم سینمایی ایرانی دیگر تنها نیستم🍿,https://www.youtube.com/watch?v=_qjpj0u5XWA
🍿Iranian Movie Safare Khosh | فیلم سینمایی ایرانی سفر خوش🍿,https://www.youtube.com/watch?v=mTurGz0AsKQ
🍿Iranian Movie Shoore Shirin | فیلم سینمایی ایرانی شور شیرین🍿,https://www.youtube.com/watch?v=m0udNLzLvvE
🍿Iranian Movie Ariye | فیلم سینمایی ایرانی عاریه🍿,https://www.youtube.com/watch?v=JPFXuALn3_o
🍿Iranian Movie Parvaz dar Shab | فیلم سینمایی ایرانی پرواز در شب🍿,https://www.youtube.com/watch?v=5boqzFJUthg
🍿Iranian Movie Gonjeshkake Ashimashi | فیلم سینمایی ایرانی گنجشکک اشی مشی🍿,https://www.youtube.com/watch?v=q_BpGNoqnEI
🍿Iranian Movie Sajdeh bar Ab | فیلم سینمایی ایرانی سجده بر آب🍿,https://www.youtube.com/watch?v=oLn5Wwdms2w
🍿Iranian Movie Va Inak Behesht | فیلم سینمایی ایرانی و اینک بهشت🍿,https://www.youtube.com/watch?v=J84OARh0Pwo
🍿Iranian Movie Aansouye Roodkhane | فیلم سینمایی ایرانی آن‌سوی رودخانه🍿,https://www.youtube.com/watch?v=3FaQSNrO6u0
🍿Iranian Movie Yek Dastane Asheghane | فیلم سینمایی ایرانی یک داستان عاشقانه🍿,https://www.youtube.com/watch?v=zy6LCX9cFos
🍿Iranian Movie Kimia | فیلم سینمایی ایرانی کیمیا🍿,https://www.youtube.com/watch?v=aOl7BEmrRTI
🍿Iranian Movie Shesh Gharno Shesh Saal | فیلم سینمایی ایرانی شش قرن و شش سال🍿,https://www.youtube.com/watch?v=U3r6L6stUAo
🍿Iranian Movie Ghesseha | فیلم سینمایی ایرانی قصه‌ها🍿,https://www.youtube.com/watch?v=hv-Uyys-0Tc
🍿فیلم سینمایی ایرانی نامه‌های باد,https://www.youtube.com/watch?v=cq-O8_cra_A
🍿Iranian Movie Shabhaye Roshan | فیلم سینمایی ایرانی شب‌های روشن🍿,https://www.youtube.com/watch?v=5HbC8D9MWDk
🍿Iranian Movie Bedoone Ejaze | فیلم سینمایی ایرانی بدون اجازه🍿,https://www.youtube.com/watch?v=0QcTyKGDRJs
🍿Iranian Movie Vel Kon Dastamo | فیلم سینمایی ایرانی ول کن دستمو🍿,https://www.youtube.com/watch?v=_GZCd6D7-BE
#short 😁خنده دونه چند؟,https://www.youtube.com/watch?v=K1suStZuvw4
#short 😔عکسام شهرو پر کرده,https://www.youtube.com/watch?v=V-kWg9oKKSY
#short 😔تکلیف این همه امید چی میشه؟,https://www.youtube.com/watch?v=lDghRXaUVqg
#short😔 من این بچه رو نمی‌خواستم,https://www.youtube.com/watch?v=sC29HM5gzSM
🍿Iranian Movie Dobareh ba Ham | فیلم سینمایی ایرانی دوباره با هم🍿,https://www.youtube.com/watch?v=Eg_7-W2Y0F0
#short بهترین آرزوی تو چیه؟,https://www.youtube.com/watch?v=0MK2TkkvaFg
#short تا شما هستین چرا برم سرقرار دیگه,https://www.youtube.com/watch?v=xZBtaiEtMjM
#short 😂خواستگاری جلوی حراست دانشگاه,https://www.youtube.com/watch?v=8EnCIt8uNvA
#short 😡دختر من اومده پیش مشاور؟,https://www.youtube.com/watch?v=cjvI0R2gXV4
🍿Iranian Movie Ersale Agahie Tasliat | فیلم سینمایی ایرانی ارسال آگهی تسلیت برای روزنامه🍿,https://www.youtube.com/watch?v=vfX8mxCYzWc
🍿Iranian Movie Metropol | فیلم سینمایی ایرانی متروپل🍿,https://www.youtube.com/watch?v=KMT_j4gy4fU
🍿Iranian Movie Aroosak | فیلم سینمایی ایرانی عروسک🍿,https://www.youtube.com/watch?v=pWVCh63LihY
🍿Iranian Movie Dideban | فیلم سینمایی ایرانی دیده‌بان🍿,https://www.youtube.com/watch?v=yndZ1s2pOGI
🍿Iranian Movie Dasthaye Khali | فیلم سینمایی ایرانی دست‌‌های خالی🍿,https://www.youtube.com/watch?v=GoSv-VivaXY
🍿Iranian Movie Shabhaye Roshan | فیلم سینمایی ایرانی شب‌های روشن🍿,https://www.youtube.com/watch?v=P1jlQH1PJ3s
🍿Iranian Movie Raaze Mina | فیلم سینمایی ایرانی راز مینا🍿,https://www.youtube.com/watch?v=XWHlnA9PYkU
🍿Iranian Movie Tighzan | فیلم سینمایی ایرانی تیغ‌ زن🍿,https://www.youtube.com/watch?v=vmaIwT8LRz4
🍿Iranian Movie Vel Kon Dastamo | فیلم سینمایی ایرانی ول کن دستمو🍿,https://www.youtube.com/watch?v=ECI1QtutvJs
🍿Iranian Movie Sarai | فیلم سینمایی ایرانی سارای🍿,https://www.youtube.com/watch?v=5IbqktMgUK4
🍿Iranian Movie Zane Dovom | فیلم سینمایی ایرانی زن دوم🍿,https://www.youtube.com/watch?v=kdz8OeaDInM
🍿Iranian Movie Divo Delbar | فیلم سینمایی ایرانی دیو و دلبر🍿,https://www.youtube.com/watch?v=kEGvgG-8ieg
فیلم کامل با من حرف بزن,https://www.youtube.com/watch?v=ZLRtKiSTpmI
🍿Iranian Movie Poole Khareji | فیلم سینمایی ایرانی پول خارجی🍿,https://www.youtube.com/watch?v=7oevM2UuRu4
🍿Iranian Movie Raees | فیلم سینمایی ایرانی رئیس🍿,https://www.youtube.com/watch?v=OJ6UBkns75s
🍿Iranian Movie Arouse Khosh Ghadam | فیلم سینمایی ایرانی عروس خوش‌قدم🍿,https://www.youtube.com/watch?v=i0SfDi6zow8
🍿Iranian Movie Sargijeh | فیلم سینمایی ایرانی سرگیجه🍿,https://www.youtube.com/watch?v=1OW28srsCYo
🍿Iranian Movie Farar az Kamp 3 | فیلم سینمایی ایرانی فرار از کمپ سه🍿,https://www.youtube.com/watch?v=HlwbZGZZ-fs
🍿Iranian Movie Zamani Baraye Derang | فیلم سینمایی ایرانی زمانی برای درنگ🍿,https://www.youtube.com/watch?v=ZggUAESvUHE
🍿Iranian Movie Paziraei Sadeh | فیلم سینمایی ایرانی پذیرایی ساده🍿,https://www.youtube.com/watch?v=1KDqCljkyqQ
🍿Iranian Movie Mohakeme dar Khiaban | فیلم سینمایی ایرانی محاکمه در خیابان🍿,https://www.youtube.com/watch?v=krQmGSmVSGM
🍿Iranian Movie Khabe Leila | فیلم سینمایی ایرانی خواب لیلا🍿,https://www.youtube.com/watch?v=9Ff1yVkuusw
🍿Iranian Movie Yas haye Vahshi | فیلم سینمایی ایرانی یاس‌های وحشی🍿,https://www.youtube.com/watch?v=8RLnP2lFdeU
🍿Iranian Movie Khate Abi | فیلم سینمایی ایرانی خط آبی🍿,https://www.youtube.com/watch?v=A54h1LSofsQ
🍿Iranian Movie Ariye | فیلم سینمایی ایرانی عاریه🍿,https://www.youtube.com/watch?v=ZG-sxHZmJ6M
🍿Iranian Movie Aroosak | فیلم سینمایی ایرانی عروسک🍿,https://www.youtube.com/watch?v=0xmDGa1J5ik
🍿Iranian Movie Charsoo | فیلم سینمایی ایرانی چارسو🍿,https://www.youtube.com/watch?v=m0biBaUvB6g
🍿Iranian Movie Arayeshe Ghaliz | فیلم سینمایی ایرانی آرایش غلیظ🍿,https://www.youtube.com/watch?v=iNoURNMjhk4
🍿Iranian Movie Vel Kon Dastamo | فیلم سینمایی ایرانی ول کن دستمو🍿,https://www.youtube.com/watch?v=ntBKeI-L4Yc
🍿Iranian Movie Divo Delbar | فیلم سینمایی ایرانی دیو و دلبر🍿,https://www.youtube.com/watch?v=KrUdQ710bmE
🍿Iranian Movie Deltangihaye Asheghaneh | فیلم سینمایی ایرانی دلتنگی‌های عاشقانه🍿,https://www.youtube.com/watch?v=iw8KPLvFZrM
🍿Iranian Movie Mohakeme dar Khiaban | فیلم سینمایی ایرانی محاکمه در خیابان🍿,https://www.youtube.com/watch?v=OkCjVIsSBjo
🍿Iranian Movie Charsoo | فیلم سینمایی ایرانی چارسو🍿,https://www.youtube.com/watch?v=RFnH2SNNmss
🍿Iranian Movie Zane Dovom | فیلم سینمایی ایرانی زن دوم🍿,https://www.youtube.com/watch?v=FrfRgezGag8
🍿Iranian Movie Aroosak | فیلم سینمایی ایرانی عروسک🍿,https://www.youtube.com/watch?v=OUZ_CcAILPY
🍿Iranian Movie Bogzar Zendegi Konam | فیلم سینمایی ایرانی بگذار زندگی کنم🍿,https://www.youtube.com/watch?v=FPfXDNbfM1c
🍿Iranian Movie Aroosak | فیلم سینمایی ایرانی عروسک🍿,https://www.youtube.com/watch?v=sir8YeOyHWQ
🍿Iranian Movie Shoore Shirin | فیلم سینمایی ایرانی شور شیرین🍿,https://www.youtube.com/watch?v=4TxN8TX0VpE
🍿Iranian Movie Zane Dovom | فیلم سینمایی ایرانی زن دوم🍿,https://www.youtube.com/watch?v=bp51q-OGnKA
🍿Iranian Movie Khabe Zemestani | فیلم سینمایی ایرانی خواب زمستانی🍿,https://www.youtube.com/watch?v=90585E49zXg
🍿Iranian Movie Farar az Kamp 2 | فیلم سینمایی ایرانی فرار از کمپ دو🍿,https://www.youtube.com/watch?v=sqlzfaLzRfA
🍿Iranian Movie Dozde Arusakha | فیلم سینمایی ایرانی دزد عروسک‌‌ها🍿,https://www.youtube.com/watch?v=pRHiJYUqmAc
🍿Iranian Movie Farar az Kamp 2 | فیلم سینمایی ایرانی فرار از کمپ دو🍿,https://www.youtube.com/watch?v=WRtUK65FsPc
🍿Iranian Movie Rooze Roshan | فیلم سینمایی ایرانی روز روشن🍿,https://www.youtube.com/watch?v=4zQQpvVlDjs
🍿Iranian Movie Raees | فیلم سینمایی ایرانی رئیس🍿,https://www.youtube.com/watch?v=8Kk2lrlVVfs
🍿Iranian Movie Dobareh ba Ham | فیلم سینمایی ایرانی دوباره با هم🍿,https://www.youtube.com/watch?v=5SAxI1S6w5k
🍿Iranian Movie Mohakeme dar Khiaban | فیلم سینمایی ایرانی محاکمه در خیابان🍿,https://www.youtube.com/watch?v=jzX3HDD8Kpg
🍿Iranian Movie Farar az Kamp 2 | فیلم سینمایی ایرانی فرار از کمپ دو🍿,https://www.youtube.com/watch?v=YIFuTDEvyOo
🍿Iranian Movie Baghe Aloucheh | فیلم سینمایی ایرانی باغ آلوچه🍿,https://www.youtube.com/watch?v=HYRW5n3ZFG8
🍿Iranian Movie Zane Dovom | فیلم سینمایی ایرانی زن دوم🍿,https://www.youtube.com/watch?v=kfDds07qmOo
🍿Iranian Movie Golnaar | فیلم سینمایی ایرانی گلنار🍿,https://www.youtube.com/watch?v=ZG-gE_1Ew7I
🍿Iranian Movie Vel Kon Dastamo | فیلم سینمایی ایرانی ول کن دستمو🍿,https://www.youtube.com/watch?v=dFXlaFMww70
🍿Iranian Movie Shoore Shirin | فیلم سینمایی ایرانی شور شیرین🍿,https://www.youtube.com/watch?v=gUuxal3pRd8
🍿Iranian Movie Panj ta Panj | فیلم سینمایی ایرانی پنج تا پنج🍿,https://www.youtube.com/watch?v=vfaUJmcZc30
🍿Iranian Movie Ariye | فیلم سینمایی ایرانی عاریه🍿,https://www.youtube.com/watch?v=k5GwWaSR4Oo
🍿Iranian Movie Bedoone Ejaze | فیلم سینمایی ایرانی بدون اجازه🍿,https://www.youtube.com/watch?v=T3SslT8X4cs
🍿Iranian Movie Shoore Shirin | فیلم سینمایی ایرانی شور شیرین🍿,https://www.youtube.com/watch?v=fjIzeFukL2g
🍿Iranian Movie Asheghaneh | فیلم سینمایی ایرانی عاشقانه🍿,https://www.youtube.com/watch?v=DHPBg5bXoQw
🍿Iranian Movie Shahre Zanan | فیلم سینمایی ایرانی شهر زنان🍿,https://www.youtube.com/watch?v=9yfO9h50QS4
🍿Iranian Movie Golnaar | فیلم سینمایی ایرانی گلنار🍿,https://www.youtube.com/watch?v=HCL1Wsd-jrM
🍿Iranian Movie Paziraei Sadeh | فیلم سینمایی ایرانی پذیرایی ساده🍿,https://www.youtube.com/watch?v=YKsDKZpuAfg
🍿Iranian Movie Eteraz | فیلم سینمایی ایرانی اعتراض🍿,https://www.youtube.com/watch?v=cALAnAZ13d8
🍿Iranian Movie Ariye | فیلم سینمایی ایرانی عاریه🍿,https://www.youtube.com/watch?v=2wZVFsYEPp0
🍿Iranian Movie Bogzar Zendegi Konam | فیلم سینمایی ایرانی بگذار زندگی کنم🍿,https://www.youtube.com/watch?v=Bh5quVDWpHA
🍿Iranian Movie Golnaar | فیلم سینمایی ایرانی گلنار | شهلا ریاحی و غزل شاکری,https://www.youtube.com/watch?v=KHdoGmpRAEw
🍿فیلم سینمایی ایرانی گنجشک و قناری | کاظم افرندنیا و میر‌طاهر مظلومی,https://www.youtube.com/watch?v=Syl49vWWI0E
#shorts #short مسترکلاس صفحه نو: ما در هنر غلط و درست نداریم 🧐,https://www.youtube.com/watch?v=jY6q1QDbQzE
#shorts #short مسترکلاس صفحه نو: نوای شنیدنی ساز استاد علیزاده😍🎵,https://www.youtube.com/watch?v=zVrzgnQ2F-4
🍿فیلم سینمایی ایرانی کلاس هنرپیشگی | علیرضا داوودنژاد و رضا داوودنژاد,https://www.youtube.com/watch?v=uD8g4OmXGrY
#shorts #short مسترکلاس صفحه نو: استاد خوب موسیقی چه کسی است؟🔥🎵,https://www.youtube.com/watch?v=9XZx96afRuU
#shorts #short مسترکلاس صفحه نو: چرا همه اصرار دارند بگویند ردیف‌دان هستن؟!🤔,https://www.youtube.com/watch?v=C6d6N79Gx1A
🍿Iranian Movie Khers | فیلم سینمایی ایرانی خرس | پرویز پرستویی‎ و فرهاد اصلانی ‎,https://www.youtube.com/watch?v=cesk5QiKHJc
#shorts #short  صدای شنیدنی ساز حسین علیزاده در مسترکلاس صفحه نو🎵,https://www.youtube.com/watch?v=SnU-XUT4eME
🍿Iranian Movie Eteraz | فیلم سینمایی ایرانی اعتراض | محمدرضا فروتن و میترا حجار,https://www.youtube.com/watch?v=_ma8m1irh6Y
مسترکلاس صفحه نو: پدربزرگ مادربزرگم اولین معلمای قصه نویسی من بودن😍💖#shorts,https://www.youtube.com/watch?v=gp6rDTR6cUI
مسترکلاس صفحه نو: ایده در مغز شما شکل می‌گیره!👍🌞#shorts,https://www.youtube.com/watch?v=V8b57GERi0A
مسترکلاس صفحه نو: من به دنیا نیومدم که ساختمان ده طبقه بسازم!🥰🔥#shorts,https://www.youtube.com/watch?v=EvUpUAUUSio
مسترکلاس صفحه نو: اگر عشق داشته باشید حتما تلاش می‌کنید!💗#shorts,https://www.youtube.com/watch?v=01Ff9hY9tC0
مسترکلاس صفحه نو: اگه حرف تازه‌ای داشته باشی از مخاطب جلوتری!👍🧐#shorts,https://www.youtube.com/watch?v=Z4BWQ--05n4
مسترکلاس صفحه نو: من یه آدم خیلی معمولی با یه ریزه استعدادم💗 #shorts,https://www.youtube.com/watch?v=5CTGyZ_rvt4
مسترکلاس صفحه نو: وقتی هوشنگ مراد کرمانی برامون کتاب می‌خونه😍#shorts,https://www.youtube.com/watch?v=TqfuICzd1Yg
🍿فیلم سینمایی ایرانی روز‌های خوب زندگی |  هما خاکپاش و نیکو خردمند,https://www.youtube.com/watch?v=MVjJCO2FJhE
🍿Iranian Movie Dobareh Baham | فیلم سینمایی ایرانی دوباره باهم | سحر قریشی و حمید فرخ نژاد,https://www.youtube.com/watch?v=mvdY4jRf-cM
فیلم کامل شکلات,https://www.youtube.com/watch?v=tcM028nLSck
🍿Iranian Movie Baradaram Khosro | فیلم سینمایی ایرانی برادرم خسرو | شهاب حسینی و هنگامه قاضیانی,https://www.youtube.com/watch?v=UMimE0pH-Hs
🍿Iranian Movie Maslakhe Eshgh | فیلم سینمایی ایرانی مسلخ عشق | حدیث فولادوند و شراره رخام,https://www.youtube.com/watch?v=yEe-PS_PWKw
🍿فیلم سینمایی ایرانی گنجشک و قناری | یر‌طاهر مظلومی و شهرام قاتدی,https://www.youtube.com/watch?v=Fv-xBKHeIKo
🍿Iranian Movie Mianbor | فیلم سینمایی ایرانی میان‌بر | رضا رويگری و اميرمحمد زند,https://www.youtube.com/watch?v=1RAABWA6srQ
🍿Iranian Movie Ehtemal Baran Asidi | فیلم سینمایی ایرانی احتمال باران اسیدی | مریم مقدم، شمس لنگرودی,https://www.youtube.com/watch?v=E0UL0_2ZESg
🍿Iranian Movie Eteraz | فیلم سینمایی ایرانی اعتراض | محمدرضا فروتن و میترا حجار,https://www.youtube.com/watch?v=2O5q4g0eRz4
🍿Iranian Movie Eshgh O Jonoun | فیلم سینمایی ایرانی عشق و جنون | سعید راد و پوریا پورسرخ,https://www.youtube.com/watch?v=5Kfxjvr5RQI
🍿Iranian Movie Rahe Abie Abrisham | فیلم راه آبی ابریشم | بهرام رادان,https://www.youtube.com/watch?v=va2t15Du8qk
🍿Iranian Movie Roozegari Eshgh O Khiyanat | فیلم روزگاری عشق و خیانت | میلاد کی مرام,https://www.youtube.com/watch?v=KrEtKkBTkJs
🍿Iranian Movie Ariye | فیلم سینمایی ایرانی عاریه | مهران غفوریان و شهره سلطانی,https://www.youtube.com/watch?v=N0B88cEdExA
🍿Iranian Movie Bogzar Zendegi Konam | فیلم سینمایی ایرانی بگذار زندگی کنم | مهدی هاشمی،افسانه بایگان,https://www.youtube.com/watch?v=glxKym1Lmpc
🍿 Comedy Movie Sare Piri va Mareke Giri | فیلم کمدی سرپیری و معرکه گیری | مهران غفوریان، محمد شیری,https://www.youtube.com/watch?v=VcN4YR269uo
🍿Iranian Movie Vel Kon Dastamo | فیلم سینمایی ایرانی ول کن دستمو | علی صادقی و سیروس گرجستانی,https://www.youtube.com/watch?v=AvN_FrEiJC0
🍿Iranian Movie Zane Dovom | فیلم سینمایی ایرانی زن دوم | نیکی کریمی‎ و محمدرضا فروتن,https://www.youtube.com/watch?v=OUsVNmIpkcU
🍿Iranian Movie Div O Delbar | فیلم سینمایی ایرانی دیو و دلبر | بابک حمیدیان و بهاره رهنما,https://www.youtube.com/watch?v=Sdbkd6pGFAE
🍿Iranian Movie Poole Khareji | فیلم سینمایی ایرانی پول خارجی | محمدعلی کشاورز و علی نصیریان,https://www.youtube.com/watch?v=7Ky1p8wL9b4
🍿Iranian Movie Mosaferan | فیلم سینمایی ایرانی مسافران | آتیلا پسیانی و عنایت بخشی,https://www.youtube.com/watch?v=pn2IJFEjNjk
🍿Iranian Movie Raees | فیلم سینمایی ایرانی رئیس | فرامرز قریبیان‎ و عزت‌الله انتظامی,https://www.youtube.com/watch?v=1-a7QE2k8wQ
🍿Iranian Movie Dobareh Baham | فیلم سینمایی ایرانی دوباره باهم | سحر قریشی و حمید فرخ نژاد,https://www.youtube.com/watch?v=H_uaIcftt3w
🍿Iranian Movie Moje Sevom | فیلم سینمایی ایرانی موج سوم | حامد بهداد و مهرداد صدیقیان,https://www.youtube.com/watch?v=pTL5pDfa7nU
🍿 Iranian Movie Khers | فیلم سینمایی ایرانی خرس | مریلا زارعی، پرویز پرستویی,https://www.youtube.com/watch?v=76DI5Nhkrc0
🍿 Iranian Movie Gonjeshk va Ghanari | فیلم سینمایی ایرانی گنجشک و قناری | نفیسه روشن و مارال فرجاد,https://www.youtube.com/watch?v=LrY-_kYfp6M
🍿 Iranian Movie Porteghale Khooni | فیلم سینمایی ایرانی پرتقال خونی | حامد بهداد و فریبرز عرب‌نیا,https://www.youtube.com/watch?v=vkdcKsXSpKs
🍿 Iranian Movie Farar Az Kamp 3 | فیلم سینمایی ایرانی فرار از کمپ سه | کیانوش گرامی و حمید لولایی,https://www.youtube.com/watch?v=9JWFlkYIsMk
🍿 Iranian Movie Roozi Ke Mard Shodam | فیلم کمدی ایرانی روزی که مرد شدم | آناهیتا همتی، شهره لرستانی,https://www.youtube.com/watch?v=8zwkgwRjAuE
🍿 Iranian Movie Panj Ta Panj | فیلم سینمایی ایرانی پنج تا پنج | رضا کیانیان، شمس لنگرودی,https://www.youtube.com/watch?v=gmFsrr4yy9s
🍿 Iranian Movie Paziraei Sadeh | فیلم سینمایی ایرانی پذیرایی ساده | ترانه عليدوستی، مانی حقیقی,https://www.youtube.com/watch?v=r-yNZHvDFJ0
🍿 Iranian Movie Charsou | فیلم سینمایی ایرانی چارسو | محمدرضا فروتن و نیوشا ضیغمی‎,https://www.youtube.com/watch?v=lRuvO9I9J-Q
🍿Iranian Movie Bogzar Zendegi Konam | فیلم سینمایی ایرانی بگذار زندگی کنم | مهدی هاشمی،افسانه بایگان,https://www.youtube.com/watch?v=b-RMMcd5ipo
🍿 Iranian Movie Ariye | فیلم سینمایی ایرانی عاریه | مهران غفوریان و شهره سلطانی,https://www.youtube.com/watch?v=gvICewozKCo
🍿 Iranian Movie Aroosak | فیلم کمدی ایرانی عروسک | بهاره رهنما، بهنوش بختیاری,https://www.youtube.com/watch?v=V-828aGlr1M
🍿Hustler Movie | فیلم سینمایی تیغ زن با بازی علی صادقی و رضا عطاران,https://www.youtube.com/watch?v=bVCC6zKhRnU
🍿* Iranian Movie Vel Kon Dastamo | فیلم کمدی ایرانی ول کن دستمو | علی صادقی و سیروس گرجستانی,https://www.youtube.com/watch?v=8htAUOQI6u8
🍿 Iranian Movie Davazdah Sandali | فیلم سینمایی ایرانی دوازده صندلی | مهران رجبی و ارژنگ امیر فضلی,https://www.youtube.com/watch?v=JvEYWK-V8Cg
🍿 Iranian Movie Farar Az Camp 2 | فیلم کمدی ایرانی فرار از کمپ ۲ | یوسف صیادی، حمید لولایی,https://www.youtube.com/watch?v=cMBIjkbYm8Y
🍿 Iranian Movie Dozde Aroosakha | فیلم کمدی ایرانی دزد عروسک‌ها | آزیتا حاجیان، اکبر عبدی‎,https://www.youtube.com/watch?v=Fg45ZP0tKAk
🍿 Iranian Movie Farar Az Camp 3 | فیلم کمدی ایرانی فرار از کمپ ۳ | نصرالله رادش، حمید لولایی,https://www.youtube.com/watch?v=btSNtKj-eFE
🍿 Iranian Movie Arieh | فیلم کمدی ایرانی عاریه | مهران غفوریان، شهره سلطانی,https://www.youtube.com/watch?v=AfF0A1ulHgw
🍿 Iranian Movie Honarpisheh | فیلم سینمایی ایرانی هنرپیشه | فاطمه معتمدآریا، اکبر عبدی‎,https://www.youtube.com/watch?v=FvdqLz1gmAs
🍿 Iranian Movie Farar Az Camp 2 | فیلم کمدی ایرانی فرار از کمپ ۲ | یوسف صیادی، حمید لولایی,https://www.youtube.com/watch?v=z5dxRQ41g5s
🍿 Iranian Movie Dozde Aroosakha | فیلم کمدی ایرانی دزد عروسک‌ها | آزیتا حاجیان، مهراوه شریفی‌نیا,https://www.youtube.com/watch?v=JvfWn8j70tU
🍿 Iranian Movie Farar Az Camp 3 | فیلم کمدی ایرانی فرار از کمپ ۳ | نصرالله رادش، حمید لولایی,https://www.youtube.com/watch?v=wVCCp54QsjA
🍿 Iranian Movie Rali Irani | برنامه رالی ایرانی - فصل یک - قسمت دوم | الناز شاکردوست,https://www.youtube.com/watch?v=fK1nFSDFfpM
🍿 Iranian Movie Roozi Ke Mard Shodam | فیلم کمدی ایرانی روزی که مرد شدم | آناهیتا همتی، شهره لرستانی,https://www.youtube.com/watch?v=ySNphXQgAg4
🍿 Iranian Movie Afsoongar | فیلم سینمایی ایرانی افسونگر | شقایق فراهانی، لیلا اوتادی,https://www.youtube.com/watch?v=LvY7Rt3BS0M
🍿 Iranian Movie Sharte Avval | فیلم کمدی ایرانی شرط اول | الناز شاکردوست، کامبیز دیرباز,https://www.youtube.com/watch?v=VOiR5muA1X4
🍿 Iranian Movie Arieh | فیلم کمدی ایرانی عاریه | مهران غفوریان، شهره سلطانی,https://www.youtube.com/watch?v=ZINGRaF3Plk
🍿 Iranian Movie In Yek Tasadof Nist | فیلم کمدی این یک تصادف نیست | نعیمه نظام‌دوست، نادر سلیمانی,https://www.youtube.com/watch?v=t8hI4-bKij4
🍿 Iranian Movie Pato Zamin Nazar | فیلم سینمایی ایرانی پاتو زمین نذار | شیلا خداداد، ایرج قادری,https://www.youtube.com/watch?v=ExtS_TuDdb8
🍿 Iranian Movie Roozhaye Khoobe Zendegi | فیلم سینمایی روزهای خوب زندگی | فاطمه صامتی، نیکو خردمند,https://www.youtube.com/watch?v=HLccf-75YFU
🍿 Iranian Movie Ostokhounaye Babam | فیلم کمدی ایرانی استخونای بابام | اکبر عبدی، گوهر خیراندیش,https://www.youtube.com/watch?v=ugiu2x4SUcs
🍿 Iranian Movie Khabe Zemestani | فیلم سینمایی ایرانی خواب زمستانی | فاطمه معتمدآریا، لادن مستوفي,https://www.youtube.com/watch?v=S9aR8VF0p9M
🍿 Iranian Movie Havaliye Otooban | فیلم سینمایی ایرانی حوالی اتوبان | شهاب حسینی، بهناز جعفری,https://www.youtube.com/watch?v=Dp0yLuKPrMA
🍿 Iranian Movie Arayeshe Ghaliz | فیلم سینمایی ایرانی آرایش غلیظ | حامد بهداد، طناز طباطبایی,https://www.youtube.com/watch?v=NXkD2mPt2as
🍿 Iranan Movie Deltangihaye Asheghaneh | فیلم سینمایی دلتنگی‌های عاشقانه | محمدرضا فروتن، میترا حجار,https://www.youtube.com/watch?v=HHF4aTqQCUA
🍿 Iranian Movie Roobah | فیلم سینمایی ایرانی روباه | بابک حمیدیان، حمید گودرزی,https://www.youtube.com/watch?v=nfbWt2NVM9U
🍿 Iranian Movie Moghallede Sheitan | فیلم سینمایی ایرانی مقلد شیطان | ساره بیات، شقایق فراهانی,https://www.youtube.com/watch?v=jYaB1N7ocAg
🍿 Iranian Movie Moje Sevom | فیلم سینمایی ایرانی موج سوم | حامد بهداد، مهرداد صدیقیان,https://www.youtube.com/watch?v=q9XJ4kOVxLg
🍿Iranian Movie Kelase Honarpishegi | فیلم سینمایی ایرانی کلاس هنرپیشگی | پردیس احمدیه، رضا داوودنژاد,https://www.youtube.com/watch?v=qDFUZUjVUkY
🍿 Iranian Movie Afsoongar | فیلم سینمایی ایرانی افسونگر | شقایق فراهانی، لیلا اوتادی,https://www.youtube.com/watch?v=2VYzlIK-VQM
فیلم کامل عروس خوش قدم,https://www.youtube.com/watch?v=F2ov6Vgyijs
🍿 Iranian Movie Shokolat | فیلم سینمایی ایرانی شکلات | امین حیایی، چکامه چمن‌ماه,https://www.youtube.com/watch?v=e0cTkB0dsh0
چرا کشتیش😱 | فیلم آناهیتا,https://www.youtube.com/watch?v=L8eFTppAFUI
بچه شهاب حسینی رو میخواد بندازه 😱😪 | فیلم یکی میخواد باهات حرف بزنه,https://www.youtube.com/watch?v=FL0r3FKN_ZU
خیانت کردم نشنیدی؟😱 | فیلم یکی میخواد باهات حرف بزنه,https://www.youtube.com/watch?v=VS_sC1vFVYE
محمدرضا فروتن بیلیارد باز😪😪 | فیلم متروپل,https://www.youtube.com/watch?v=kZ6IyvcFXsY
مهناز افشار هووی شقایق فراهانی😪 | فیلم متروپل,https://www.youtube.com/watch?v=oBaUbGASh8o
🍿 Iranian Movie Metropol | فیلم سینمایی ایرانی متروپل | مهناز افشار، سحر دولتشاهی,https://www.youtube.com/watch?v=4Z9XT789wQA
🍿 Iranian Movie Khers | فیلم سینمایی ایرانی خرس | مریلا زارعی، پرویز پرستویی,https://www.youtube.com/watch?v=9Odn7GJatqQ
🍿 Iranian Movie Aroosak | فیلم کمدی ایرانی عروسک | بهاره رهنما، بهنوش بختیاری,https://www.youtube.com/watch?v=p2gXNIdrHyI
🍿 Iranian Movie Mohakeme Dar Khiaban | فیلم سینمایی ایرانی محاکمه در خیابان | نیکی کریمی، حامد بهداد,https://www.youtube.com/watch?v=-otboeR1gZ8
🍿 Iranian Movie Hafte Makoos | فیلم سینمایی ایرانی هفت معکوس | جواد عزتی، نیوشا ضیغمی,https://www.youtube.com/watch?v=_Fj8wgv5S6Q
🍿 Iranian Movie Farar Az Camp 2 | فیلم کمدی ایرانی فرار از کمپ ۲ | یوسف صیادی، حمید لولایی,https://www.youtube.com/watch?v=y8ykGXs_sEk
🍿 Iranian Movie Delam Mikhad | فیلم کمدی ایرانی دلم می‌خواد | مهناز افشار، محمدرضا گلزار,https://www.youtube.com/watch?v=-GEz2ZDggpA
#shorts #shortvideo #short #shortsvideos | فیلم ول کن دستمو,https://www.youtube.com/watch?v=pXBVOiUVq1Q
🍿 Iranian Movie Panj Ta Panj | فیلم سینمایی ایرانی پنج تا پنج | رضا کیانیان، شمس لنگرودی,https://www.youtube.com/watch?v=ec8pI3IP_g4
چه کل کلی میکنه گلشیفته | فیلم دیوار😅#shorts #shortvideo #short #shortsvideo,https://www.youtube.com/watch?v=2TMaPeYvnXQ
🍿 Iranian Movie Tighzan | فیلم کمدی ایرانی تیغ‌‌زن | رضا عطاران، علی صادقی,https://www.youtube.com/watch?v=YqUonquWWMc
وقتی گلشیفته موتورسوار میشه | فیلم دیوار 😍 #shorts #shortvideo #short #shortsvideo,https://www.youtube.com/watch?v=vFsNnf55eJk
حسرت موتورسواری گلشیفته | فیلم دیوار😔 #shorts #shortvideo #short #shortsvideo,https://www.youtube.com/watch?v=Cu_a3jjXNbQ
چه آبروریزی ای شد! | فیلم دیوار😐 #shorts #shortvideo #short #shortsvideo,https://www.youtube.com/watch?v=mac6xhH-kj4
#shorts #shortvideo #short #shortsvideo فیلم دیوار,https://www.youtube.com/watch?v=sXVtL3LI51s
گلشیفته در نوجوانی | فیلم دیوار 😍 #shorts #shortvideo #short #shortsvideo,https://www.youtube.com/watch?v=1YCk1l_z42w
کارت درسته گلشیفته | فیلم دیوار 😍#shorts #shortvideo #short #shortsvideo,https://www.youtube.com/watch?v=F6ChGSvIucY
#shorts #shortvideo #short #shortsvideo فیلم دیوار,https://www.youtube.com/watch?v=YNu7xNTswRA
#shorts #shortvideo #short #shortsvideo فیلم دیوار,https://www.youtube.com/watch?v=jfUaI905vCs
#shorts #shortvideo #short #shortsvideo فیلم دیوار,https://www.youtube.com/watch?v=LkzvOEWalTo
بخاطر این آمپول می خوای فرار کنی؟ 😂 | سکانس فیلم ول کن دستمو,https://www.youtube.com/watch?v=Mgucogk6ii8
🍿 Iranian Movie Yaki Baraye Hame | فیلم کمدی ایرانی یکی برای همه | نیوشا ضیغمی، اکبر عبدی,https://www.youtube.com/watch?v=E6rg1e6r3Os
🍿 Iranian Movie Divo Delbar | فیلم کمدی ایرانی دیو و دلبر | رامبد جوان، بهاره رهنما,https://www.youtube.com/watch?v=2bAKCJ761j0
🍿 Iranian Movie Bi Khodahafezi | فیلم سینمایی ایرانی بی خداحافظی | ترلان پروانه، رضا صادقی,https://www.youtube.com/watch?v=eYueHCYlBEg
🍿 Iranian Movie Nokhodi | فیلم کمدی ایرانی نخودی | رعنا آزادی‌ور، صابر ابر,https://www.youtube.com/watch?v=cy8gYdWTFOw
"🍿 Iranian Movie Kalagh Par, Dolfin Par | فیلم کمدی کلاغ پر، دلفین پر | رابعه اسکویی، رامین ناصرنصیر",https://www.youtube.com/watch?v=2Op6_sDbl7M
🍿 Iranian Movie Shokolate Dagh | فیلم سینمایی ایرانی شکلات داغ | نیکی کریمی، حامد کمیلی,https://www.youtube.com/watch?v=bCwkVC4k3U4
🍿 My Brother Khosrow Movie | فیلم سینمایی برادرم خسرو با بازی شهاب حسینی و هنگامه قاضیانی,https://www.youtube.com/watch?v=pwro5GZBhHo
🍿 Iranian Movie Golnar | فیلم سینمایی ایرانی گلنار | شهلا ریاحی، غزل شاکری,https://www.youtube.com/watch?v=vcOgPKF85Ew
🍿 Iranian Movie Farar Az Camp 3 | فیلم کمدی ایرانی فرار از کمپ ۳ | نصرالله رادش، حمید لولایی,https://www.youtube.com/watch?v=T1_MvCgBMd4
وقتی علی صادقی نصفه ترک میشه | فیلم ول کن دستمو😜😂,https://www.youtube.com/watch?v=CFZsMmsmpAs
صدبار باید به این علی صادقی بگی که جوگیر نشه | فیلم ول کن دستمو 🤦‍♀️😂,https://www.youtube.com/watch?v=H05Xd1Vm8FU
دکتر تو فیلم چقدر بانمکه!😂🤚 والا  | فیلم ول کن دستمو#short,https://www.youtube.com/watch?v=S3NXMQ7uBZc
بازم مغز علی صادقی کار کرد 😂 از کی تا حالا کفترجیک جیک میکنه؟ 🤔😐 | فیلم ول کن دستمو  #short,https://www.youtube.com/watch?v=_eVHnoBwar4
خوب شد گاوا پرواز نمیکنن 😂 #short | فیلم ول کن دستمو,https://www.youtube.com/watch?v=30k_uhtrP4k
فک کن دوتا زن داشته باشی، یکی از یکی جیغ جیغو تر 🤦‍♀️😉 | فیلم ول کن دستمو,https://www.youtube.com/watch?v=KwSQJV3Zxy4
امان از این نیش زبون مادرشوهر! 🤦‍♀️💩 | فیلم ول کن دستمو,https://www.youtube.com/watch?v=f-zHzG-HhLw
🍿Iranian Movie Ehtemal Baran Asidi | فیلم سینمایی ایرانی احتمال باران اسیدی | مریم مقدم، شمس لنگرودی,https://www.youtube.com/watch?v=tj4LZlCr-ck
علی صادقی اینجاست برای جلوگیری از فکر فرار | فیلم ول کن دستمو 😂 #short,https://www.youtube.com/watch?v=8j0qWDfc6Xw
مشکوک نباشین دیگه 😂  | فیلم ول کن دستمو#short,https://www.youtube.com/watch?v=kykK3ia7AfU
زنش موقع فرار هم دست از سرش برنمی داره 😅😂 | فیلم ول کن دستمو,https://www.youtube.com/watch?v=1h7BU1PkvCs
من از بیگانگان هرگز ننالم که با من هرچه کردهمین پدرسوخته های آشنا کرد😂🙈😆| فیلم رویای نیمه شب تابستان,https://www.youtube.com/watch?v=LxK0nFN7cck
زندونی چقدر کشکی فرار کرد 😂😅 | فیلم ول کن دستمو,https://www.youtube.com/watch?v=igCUCPI8BKc
وقتی علی صادقی میاد و میبینه جا تره و سیروس گرجستانی نیست 😂😁😆 | فیلم ول کن دستمو,https://www.youtube.com/watch?v=W2xA0Kwfjhs
کسی که شلوارش دوتا بشه، حقشه که اینجوری زناش به جون هم بی افتن 🙈🤣 | فیلم ول کن دستمو,https://www.youtube.com/watch?v=pRIGuIq0M3o
یه دقه تو زندون نرقص ببینیم چی میشه 🤦‍♀️🤣 | فیلم ول کن دستمو,https://www.youtube.com/watch?v=4NhceQGCPlA
چقدر زود خرش کرد وقتی گفت عروسی خودت 😅😁😂 | فیلم ول کن دستمو,https://www.youtube.com/watch?v=PYrqvcIBF0g
وقتی علی صادقی با بستنیش قلیون میکشه | فیلم ول کن دستمو 😂😆,https://www.youtube.com/watch?v=xGwgikvXphQ
وای این سوسن پرور عجب ذوقی داره برای عروس شدن 😅🙈😂 | فیلم ول کن دستمو,https://www.youtube.com/watch?v=PF8VoZAy0Ek
🍿 Iranian Movie Dobareh Ba Ham | فیلم سینمایی ایرانی دوباره با هم | سحرقریشی، امیرحسین آرمان,https://www.youtube.com/watch?v=qx_ECaUsPQQ
هوو نگو، بلا بگو 😂😆 | فیلم ول کن دستمو,https://www.youtube.com/watch?v=7bC9UXogMoc
این چطورشه که با خدا مشورت میکنه برای قصاص؟🙄 یا ببخش! یا نبخش! 😐🤦‍♀️ | فیلم ول کن دستمو,https://www.youtube.com/watch?v=xXY6vB0sh3k
تو زندان هم دست بردار نیست! 🙈😆 میگه: قر تو کمرم فراوونه، نمیدونم کجا بریزم؟ ! 😂💃😎| فیلم ول کن دستمو,https://www.youtube.com/watch?v=kjbFi2pyqek
تا دید دختره پا نمیده، به جای 1ماه، میگه تا 10 روز دیگه پولمو میخواد😐🤬 | فیلم شهر در امن و امان است,https://www.youtube.com/watch?v=AlQAKmN9xKg
گلی تیکه میندازه میگه ماهی 60 تومن حقوق بدین ورشکست میشین! | فیلم دیوار 😂😆,https://www.youtube.com/watch?v=3dofOcRZ8zI
اسم بلوتوث مهران غفوریان پدر پسر شجاعه 😂😆🤣 | فیلم شهر در امن و امان است,https://www.youtube.com/watch?v=UDHWB30kdv4
مهران غفوریان انگار خواستگار براش اومده، چایی ریخته و تعارف میکنه 😂😎🤣 | فیلم شهر در امن و امان است,https://www.youtube.com/watch?v=hKHrE3ZxIbE
مهران غفوریان فقط بلده نمک بریزه وسط مصیبت 🤦‍♀️🤔😅 | فیلم شهر در امن و امان است,https://www.youtube.com/watch?v=6mV2hfUEdQg
اینقدر گلی رو استخدام نکردید که آخرش خفن شد رفت رو فرش قرمز جشنواره کن😎😂 والا 🙈😁 | فیلم دیوار,https://www.youtube.com/watch?v=4zRbMTGCOfE
معلوم نیست علی صادقی قلیون میکشه یا بستنی میخوره با این هورت کشیدنش 😆😂😅 | فیلم ول کن دستمو,https://www.youtube.com/watch?v=IerSrS1nt6o
به سوسن پرور میگه ایشالا عروسی خودتون از ذوق میترکه 🙈😂 | فیلم ول کن دستمو,https://www.youtube.com/watch?v=IRFmDhCwnA4
اینقدر که این علی صادقه خنگه😁🙃 مافوقش تاکید میکنه جوگیر نشو!😎 دچار توهم نشو! 🙈😂 | فیلم ول کن دستمو,https://www.youtube.com/watch?v=-k7o5n2tsEs
🍿 Iranian Movie Siahi Lashkar | فیلم کمدی ایرانی سیاهی لشکر | سمانه پاکدل، رز رضوی,https://www.youtube.com/watch?v=Uwtqyel-L58
گلی جان دیگه رفتی رو فرش قرمز جشنواره کن، این کارا رو نکن | فیلم دیوار 😁😅😍,https://www.youtube.com/watch?v=alshgyOR_yg
قفلی زده رو علی صادقی ول کن هم نیست 🤦‍♀️😁🤣 | فیلم ول کن دستمو,https://www.youtube.com/watch?v=xT8sjHSIIUU
آخرش گلشیفته موتور سوار میشه 😎😍 | فیلم دیوار,https://www.youtube.com/watch?v=U3EQgV2VLEg
هوو ها باهم سر شوهرشون دعوا میکنن🤣😆 جلل الخالق! 😱🤦‍♀️ | فیلم ول کن دستمو,https://www.youtube.com/watch?v=eOt-bgbcroY
ایول گلشیفته😎🤩 فکر کنم بدل نیست و خودش روی دیوار موتورسواری میکنه 😍💖👏 | فیلم دیوار,https://www.youtube.com/watch?v=obBMuQ4LC4Q
میخواست طبیعی کنه، ولی نشد لو رفت 😂🤦‍♀️😅 | فیلم ول کن دستمو,https://www.youtube.com/watch?v=cdNQYnP_bXk
آمپول گاوی نیست، آمپول آدم بزرگاست | فیلم ول کن دستمو 🤦‍♀️🤣🤲,https://www.youtube.com/watch?v=iRxubLdbMQo
وقت علی صادقی گند میزنه و متهم از دستش فرار میکنه 🙈🤣  | فیلم ول کن دستمو,https://www.youtube.com/watch?v=V9RiNeXmPUU
اگه بعد از 120 سال خواستی بمیری، نصف خونه رو بده به ما 😂🙈 | فیلم ول کن دستمو,https://www.youtube.com/watch?v=K5YvY3q3FBo
کاشکی همه مثل گلشیفته دنبال کار بودن | فیلم دیوار😅😊😍,https://www.youtube.com/watch?v=dNz9VBzjxwc
از این جینگولک بازیا دربیاری کلامون میره تو هم! | فیلم ول کن دستمو 🤣😎🙈😂,https://www.youtube.com/watch?v=79xX4d5RoYs
کله صبح به علی صادقی میگه چایی بیارم؟ 🤔😋 میگه نه! فقط نوشابه 😂🙈 | فیلم ول کن دستمو,https://www.youtube.com/watch?v=zySELylRIt4
از دست این زنااااا 😉 تو خواب اثر انگشت میگیره از شوهرش 😐😁🤣 | فیلم ول کن دستمو,https://www.youtube.com/watch?v=MIPEabZgFmM
علی صادقی دزد گرفته؟😱😉 یا مرد دو زنه؟ 😂😁 | فیلم ول کن دستمو,https://www.youtube.com/watch?v=0JOLiU76L5c
اصولا دخترا وقتی بهم می افتن لوس بازی حرف میزنن 😂🙈😏 | فیلم دیوار,https://www.youtube.com/watch?v=ryOHjt7wKBw
گلشیفته راست میگه: آدم گرسنه عشق چی میفهمه چیه؟ | فیلم دیوار🤦‍♀️💔,https://www.youtube.com/watch?v=QEyWZXLWTTI
علی صادقی داره دید میزنه یا به امور رسیدگی میکنه؟ | فیلم ول کن دستمو 😱😅🤣🤪,https://www.youtube.com/watch?v=oIT3j7Cw_I4
چه ذوق و شوقی داره گلشیفته 😍🥺😘 | فیلم دیوار,https://www.youtube.com/watch?v=2iBMRt-5Qds
ایشالا یه روز گلشیفته هم صاحب شوهر و بچه ی گوگولی میشه | فیلم دیوار 🤲😍😁🙈,https://www.youtube.com/watch?v=zyO9Y0svB20
گلشیفته تو همه چیز پیشتازه💪✌ حتی توی موتورسواری روی دیوار مرگ 😍🤩😘 | فیلم دیوار,https://www.youtube.com/watch?v=S42KAk_6THQ
موتورسواری روی دیوار مرگ کار هرکسی نیستا 🏍😱🙅‍♀️ | فیلم دیوار,https://www.youtube.com/watch?v=-JpE__CLdls
امین حیایی هم بچه پررو شده ها🥴😜 بیخیال بابا🤕🥱 کوتاه بیا | فیلم عروس خوش‌قدم🤣🤣,https://www.youtube.com/watch?v=JoYJ5EtHv9I
شلوار امین حیایی چرا یهو جر خورد؟ | عروس خوش قدم 🤣🤣🙈,https://www.youtube.com/watch?v=IDTCmbZQOyE
اینایی که با شیشه آب میخورن رو باید بندازن ته جهنم. والا 😅😂 | فیلم دیوار,https://www.youtube.com/watch?v=QubMhd76zpc
🍿 Movie 4Shanbe Khoon Be Pa Mishavad | فیلم چهارشنبه خون به پا می‌شود | حامد بهداد، فرامرز قریبیان,https://www.youtube.com/watch?v=8pY2mNdemTA
نیکی کریمی خیلی خوب جوابشو میده ها - فیلم شکلات داغ😅😁,https://www.youtube.com/watch?v=asX1queU1K8
🍿 Iranian Movie Baghe Alooche | فیلم سینمایی ایرانی باغ آلوچه | شهاب حسینی، لیلا زارع,https://www.youtube.com/watch?v=aL_NGV_fyyI
🍿 Iranian Movie Shahre Zanan | فیلم سینمایی ایرانی شهر زنان | چکامه چمن‌ماه، رامین راستاد,https://www.youtube.com/watch?v=sU7oetanl-o
🍿 Iranian Movie Kooche Melli | فیلم سینمایی ایرانی کوچه ملی | میلاد کی‌مرام، روناک یونسی,https://www.youtube.com/watch?v=g-czjDzQyHo
🍿 Thief of Dolls Movie | فیلم کمدی دزد عروسک‌ها با بازی آزیتا حاجیان و مهراوه شریفی‌نیا,https://www.youtube.com/watch?v=dLyggLInZho
🍿 Iranian Movie Octopus | فیلم سینمایی ایرانی هشت پا | مهتاب کرامتی، محمدرضا فروتن,https://www.youtube.com/watch?v=OzdQdTEYafw
🍿 Iranian Movie Ba To Mimanam | فیلم سینمایی ایرانی با تو می‌مانم | بهنوش بختیاری، نفیسه روشن,https://www.youtube.com/watch?v=xOhkdy-Sj5I
وقتی صابر ابر، مخ روانشناسشو کار گرفته 🤣🤣🤣 | فیلم دلم می‌خواد,https://www.youtube.com/watch?v=GIrvArM3jFU
علی صادقی به ملاقات سیروس گرجستانی رفته 🤣🤣🤣 | فیلم ول کن دستمو,https://www.youtube.com/watch?v=5NwfRIfJcrg
جر و بحث تماشایی علی صادقی و سیروس گرجستانی | فیلم ول کن دستمو 🤣😂,https://www.youtube.com/watch?v=5Q0VF8m7np0
فقط علی صادقی می تونه مث جورج کلونی بخنده 😇😂🤣,https://www.youtube.com/watch?v=1D3sVryq8FQ
🍿 Iranian Movie Sharte Avval | فیلم کمدی ایرانی شرط اول | الناز شاکردوست، کامبیز دیرباز,https://www.youtube.com/watch?v=keAE_CgGbq0
🍿 دیالوگ های ماندگار حامد بهداد | فیلم آرایش غلیظ 👍😍,https://www.youtube.com/watch?v=DFMG0q3BfEY
🍿 Iranian Movie Asheghet Shodam | فیلم سینمایی ایرانی عاشقت شدم | سمیرا حسن‌پور، وحید رحمتی,https://www.youtube.com/watch?v=Tll0V2k4320
🍿 Iranian Movie Rali Irani | برنامه رالی ایرانی - فصل یک - قسمت ششم | سحر ولدبیگی، نیما فلاح,https://www.youtube.com/watch?v=n-GWjNpdOnY
🍿 Iranian Movie Rali Irani | برنامه رالی ایرانی - فصل یک - قسمت پنجم | بهنوش بختیاری، زانیار خسروی,https://www.youtube.com/watch?v=2ozGhV7tRfs
🍿Iranian Movie Rali Irani | برنامه رالی ایرانی - فصل یک - قسمت چهارم | الناز شاکردوست، محمدرضا فروتن,https://www.youtube.com/watch?v=XuRyQV_gcqM
🍿 Iranian Movie Rali Irani | برنامه رالی ایرانی - فصل یک - قسمت سوم | نیما فلاح، سحر ولدبیگی,https://www.youtube.com/watch?v=AsZGiMN8Bfs
🍿 Iranian Movie Rali Irani | برنامه رالی ایرانی - فصل یک - قسمت دوم | الناز شاکردوست,https://www.youtube.com/watch?v=fktKW5dJQRg
🍿 Iranian Movie Rali Irani | برنامه رالی ایرانی - فصل یک - قسمت اول | زانیار خسروی,https://www.youtube.com/watch?v=dfUXiUvzoEw
🍿 Let off My Hand Movie | فیلم کمدی ول کن دستمو با بازی علی صادقی و سیروس گرجستانی,https://www.youtube.com/watch?v=oWu45mCWAvg