title,url
باورت نمیشه چه موزیکی گوش میده! #تیپچه,https://www.youtube.com/watch?v=XSM9JCgv9a8
بهتاش: من پِتِر چِک ایرانم!,https://www.youtube.com/watch?v=0TxnqF7vuKM
عذر خواهی می کنم، چی رو بزنن زمین؟,https://www.youtube.com/watch?v=PFm7k5d5tsw
سریال کمدی نون خ فصل 4 - قسمت 19 (نسخه اورجینال) | Serial Noon Kh 4 - Episode 19,https://www.youtube.com/watch?v=7nDpcdVkMRk
وقتی عجله کردن از کنترل خارج میشه! #تیپچه,https://www.youtube.com/watch?v=m1ZExtXWijA
ابلیس | فیلم هیجان‌انگیز و نوستالژی با بازی خسرو شکیبایی و فریبا کوثری | Eblis - Full Movie,https://www.youtube.com/watch?v=I3n47m8naa8
سریال کمدی نون خ فصل 4 - قسمت 20 (نسخه اورجینال) | Serial Noon Kh 4 - Episode 20,https://www.youtube.com/watch?v=VpwQDpOlMLU
پیشنهاد رحمت به ارسطو: سولار، ژل و بوتاکس!,https://www.youtube.com/watch?v=9f3xdgfnb8o
ارسطو و رازهای برندینگ فروشگاه در ایران,https://www.youtube.com/watch?v=tQayDV_0_jM
سریال کمدی نون خ فصل 4 - قسمت 18 (نسخه اورجینال) | Serial Noon Kh 4 - Episode 18,https://www.youtube.com/watch?v=IU5lurpuhWU
دو سال دیگه منم همین شکلی میشم! #تیپچه,https://www.youtube.com/watch?v=kZP9_RXhrOw
نقی: این جوجه قاچاقچی برای من فوت شد تموم شد رفت,https://www.youtube.com/watch?v=B1fhaWIln-Q
اون دوستت هر موقع که میگه اصلا منو نگرفته,https://www.youtube.com/watch?v=hoe83Cty1P4
سریال کمدی نون خ فصل 4 - قسمت 17 (نسخه اورجینال) | Serial Noon Kh 4 - Episode 17,https://www.youtube.com/watch?v=FmZNS7QhINs
بلا نسبت بو ... میاد - سکانس مسابقه تیپچه - فصل 3,https://www.youtube.com/watch?v=I1hQMTwTU-E
اشتباهی که خیلی‌ها موقع لباس پوشیدن انجام میدن! #تیپچه,https://www.youtube.com/watch?v=lbiwLN9TugI
تلاش بهتاش برای دریافت مجوز واردات خودرو,https://www.youtube.com/watch?v=9kgvmpH6fsA
وفتی ویزات اومده و میخوای گودبای پارتی رو احساسی کنی,https://www.youtube.com/watch?v=2Z_Fq-nGieg
سریال کمدی نون خ فصل 4 - قسمت 16 (نسخه اورجینال) | Serial Noon Kh 4 - Episode 16,https://www.youtube.com/watch?v=H3LSQIOzC_o
بزرگ‌ترین اشتباه این استایل چی بود؟ #تیپچه,https://www.youtube.com/watch?v=NWAF-OE88tU
زیبا صدایم کن | برنده سیمرغ بهترین فیلم فجر 🏆 | امین حیایی در نقشی متفاوت |Ziba Sedayam Kon (EN SUB),https://www.youtube.com/watch?v=Ud2N78PyWro
نقی و تعهد گرفتن از صاحبِ جدیدِ لوزالمعدهِ پنجعلی,https://www.youtube.com/watch?v=GaZN7JMqoU4
نقی به بهتاش: بابای منو حراج کردی جاش چک گرفتی؟,https://www.youtube.com/watch?v=Z9Du4XhamW8
سریال کمدی نون خ فصل 4 - قسمت 15 (نسخه اورجینال) | Serial Noon Kh 4 - Episode 15,https://www.youtube.com/watch?v=m_kTRtusL0M
دوستهای واقعی اینجوری ایده میدن و کمک میکنن - سکانس مسابقه تیپچه - فصل 3,https://www.youtube.com/watch?v=ljhhnuYgExM
همه منتظر تعریف بودن، ولی... #تیپچه,https://www.youtube.com/watch?v=CLj1Wg1O8lc
نقی به ارسطو: من استندبایِ حاجی ام مردِ حساب!,https://www.youtube.com/watch?v=7_cbUscWIvs
جر و بحث نقی با نفرِ بقل دستی سرِ مواد!,https://www.youtube.com/watch?v=smp3qXIbj1A
سریال کمدی نون خ فصل 4 - قسمت 14 (نسخه اورجینال) | Serial Noon Kh 4 - Episode 14,https://www.youtube.com/watch?v=xntjtwCUt9k
این چند ثانیه از کل قسمت بامزه‌تره! #تیپچه,https://www.youtube.com/watch?v=_X4awBzFMUE
هت‌تریک | شاهکار معمایی با بازی امیر جدیدی و پریناز ایزدیار | فیلم کامل | Hattrick - Full Movie,https://www.youtube.com/watch?v=U4HDPNJepx8
نقی و اهدای اعضای بابا پنجعلی به نماینده شهرستان!,https://www.youtube.com/watch?v=YJulMYYKIX0
موقعیت: اون دوستت که به هیج موردی رحم نمی کنه!,https://www.youtube.com/watch?v=jWsw127hu7w
سریال کمدی نون خ فصل 4 - قسمت 13 (نسخه اورجینال) | Serial Noon Kh 4 - Episode 13,https://www.youtube.com/watch?v=4r4ccF6CpbQ
پیشنهاد عجیب برای استایل دورهمی! - سکانس مسابقه تیپچه - فصل 2,https://www.youtube.com/watch?v=oeET4ONJ2xE
اگه استایلت یه غذای ایرانی بود... 😂 #تیپچه,https://www.youtube.com/watch?v=ko9kIirvwXU
فیلم سینمایی آقای زالو - تیزر رسمی | Film Aghaye Zaloo - Teaser,https://www.youtube.com/watch?v=36IUcQKlBYY
خالی بندی بهتاش برای نقی با اسم بیرانوند!,https://www.youtube.com/watch?v=Xq6Jk1INygQ
نقی: انقدر دیگه با سیاسی ها گشتم یاد گرفتم!,https://www.youtube.com/watch?v=d40y0JfSjfM
سریال کمدی نون خ فصل 4 - قسمت 12 (نسخه اورجینال) | Serial Noon Kh 4 - Episode 12,https://www.youtube.com/watch?v=KAil2dcmLq8
چرا بعضیا با لباس ساده هم کاریزماتیکن؟ #تیپچه,https://www.youtube.com/watch?v=NxSeDobOYf0
بهانه‌های عاشقی | درامی اجتماعی با بازی مارال فرجاد و محمدرضا داوودنژاد | Bahanehaye Asheghi Full HD,https://www.youtube.com/watch?v=gbJHjsofwI4
وقتی یک بار ام چیزی نزدی ولی کسی باورش نمیشه!,https://www.youtube.com/watch?v=QitoFECtqsQ
زمان مناسب استفاده از نانچیکو از قولِ نقی!,https://www.youtube.com/watch?v=Aj_m8lMmf8M
سریال کمدی نون خ فصل 4 - قسمت 11 (نسخه اورجینال) | Serial Noon Kh 4 - Episode 11,https://www.youtube.com/watch?v=LwIYgbB6K18
استایل‌های جنجالی فصل جدید مسابقه تیپچه! 🔥 #تیپچه,https://www.youtube.com/watch?v=1PlKbWBzQrA
نقی و جو گرفتنِ سنگین در حین خدمت,https://www.youtube.com/watch?v=CX5pLEtwdfQ
جواب نقی وقتی طرف میپرسه معمولی بزنم یا سوپر؟,https://www.youtube.com/watch?v=ZSU20JTsGhI
سریال کمدی نون خ فصل 4 - قسمت 10 (نسخه اورجینال) | Serial Noon Kh 4 - Episode 10,https://www.youtube.com/watch?v=dVE-IOjJ66Q
وقتی شوخی از حد گذشت! - سکانس مسابقه تیپچه - فصل 2,https://www.youtube.com/watch?v=412IX3BultU
فروشنده: از خانما هم حساس‌تری! #تیپچه,https://www.youtube.com/watch?v=c2raWZwuOp0
پشت صحنه پایتخت ۷: سیروس مقدم در سکانس آخر!,https://www.youtube.com/watch?v=R1KeLgjRMYw
پشت صحنه پایتخت ۷: سوتی های بهتاش و ارسطو,https://www.youtube.com/watch?v=IbuW6oKqxYM
سریال کمدی نون خ فصل 4 - قسمت 9 (نسخه اورجینال) | Serial Noon Kh 4 - Episode 9,https://www.youtube.com/watch?v=0wW_U6jOOwU
استایلش خوراک محافظاست! #تیپچه,https://www.youtube.com/watch?v=8PiQi-6gKPU
همبازی | فیلم خانوادگی با بازی نیکی کریمی، جواد عزتی و حمید فرخ نژاد | Hambazi - Full Movie,https://www.youtube.com/watch?v=iJqMWbkFNPA
پشت صحنه پایتخت ۷: توصیه مادرِ مشهدی به ارسطو,https://www.youtube.com/watch?v=xvzIKh8e4rI
پشت صحنه پایتخت ۷: دولت جان برو حاجت خانه!,https://www.youtube.com/watch?v=m82cHodanSU
سریال کمدی نون خ فصل 4 - قسمت 8 (نسخه اورجینال) | Serial Noon Kh 4 - Episode 8,https://www.youtube.com/watch?v=0BbEF0gjfnY
تاکتیکهای ناشناخته برای تخفیف گرفتن - سکانس مسابقه تیپچه - فصل 2,https://www.youtube.com/watch?v=tCV5F6PvbiI
کری خوند، ولی جوابش همه رو ترکوند! #تیپچه,https://www.youtube.com/watch?v=S_KfzuUpL4s
پشت صحنه پایتخت ۷: سوتی کلاه کاسکت!,https://www.youtube.com/watch?v=1xQ4onY6LAY
پشت صحنه پایتخت ۷: فنِ کمرِ نقی!,https://www.youtube.com/watch?v=xZJnIYfe-ug
سریال کمدی نون خ فصل 4 - قسمت 7 (نسخه اورجینال) | Serial Noon Kh 4 - Episode 7,https://www.youtube.com/watch?v=pjOBG5rcWkk
شلوار پاره نخرید... خودت بپوشی پاره میشه! #تیپچه,https://www.youtube.com/watch?v=PKFrubKgiTs
تنهاتر از من | فیلم جنجالی با بازی فریبا نادری و مهدی امینی‌خواه | Tanhatar Az Man - Full Movie,https://www.youtube.com/watch?v=x4V7_WBQFI0
پشت صحنه پایتخت ۷: حمله گراز به نقی!,https://www.youtube.com/watch?v=3fcoZ0V0c_Q
سریال کمدی نون خ فصل 4 - قسمت 6 (نسخه اورجینال) | Serial Noon Kh 4 - Episode 6,https://www.youtube.com/watch?v=W3-mgIpuSWI
پشت صحنه پایتخت ۷: منو مستقیم قرار بدید!,https://www.youtube.com/watch?v=jUUAy8aXcn0
سرعت رفاقت بچه های کرج - سکانس مسابقه تیپچه - فصل 2,https://www.youtube.com/watch?v=Zf2MkY2Ssoo
وقتی دوستت استایلیست شخصیت میشه! #تیپچه,https://www.youtube.com/watch?v=jZvS12juCXg
نقی وقتی قَدِش نمیرسه بهتاش رو ببوسه,https://www.youtube.com/watch?v=hhEhAZPwoo8
قیافه نفی وقتی ارسطو به بهتاش میگه جوجه پَرواری!,https://www.youtube.com/watch?v=6eSu3is89vA
سریال کمدی نون خ فصل 4 - قسمت 5 (نسخه اورجینال) | Serial Noon Kh 4 - Episode 5,https://www.youtube.com/watch?v=sBVTSzniDdg
ایرانیا بدون تخفیف خرید می‌کنن؟ #تیپچه,https://www.youtube.com/watch?v=68qhV_ATnhI
اگه می‌تونی منو بگیر | کمدی جذاب با بازی حمید لولایی و علی صادقی | Age Mituni Mano Begir Full Movie,https://www.youtube.com/watch?v=hkNxZ9ZNzto
وقتی نقی آرزوهای ارسطو و رحمت و بهتاش رو به باد میده!,https://www.youtube.com/watch?v=iaP-OSv5QrA
نقی و فرمول تعیین مهریه در ایران,https://www.youtube.com/watch?v=z7LErB-GmVk
سریال کمدی نون خ فصل 4 - قسمت 4 (نسخه اورجینال) | Serial Noon Kh 4 - Episode 4,https://www.youtube.com/watch?v=8Qq2EbCvn3k
نقد بی‌رحمانه داورها و رقابت داغ استایل | مسابقه تیپچه - فصل 2 قسمت 4,https://www.youtube.com/watch?v=QdVvotyFpoY
مسابقه تیپچه: چالش خرید ست لباس با بودجه و زمان محدود! #تیپچه,https://www.youtube.com/watch?v=FUtDqvl7-Ho
نقی: مثکه من ماشین فامیلای دامادو سوار شدم,https://www.youtube.com/watch?v=6GshwkW2sn8
سوتی دادن به سبک نقی و آره آره گفتن!,https://www.youtube.com/watch?v=4CXMIiYYfYc
سریال کمدی نون خ فصل 4 - قسمت 3 (نسخه اورجینال) | Serial Noon Kh 4 - Episode 3,https://www.youtube.com/watch?v=GJ4jLU3cINE
ماجراهای سوسن و دماغ - سکانس مسابقه تیپچه - فصل 2,https://www.youtube.com/watch?v=0sML4QRZlzE
تبلیغ غیرمنتظره وسط مسابقه! #تیپچه,https://www.youtube.com/watch?v=6Bt9utusYMY
پگاه آهنگرانی در فیلم درام عشق و تجارت | Eshgh Va Tejarat - Full Movie,https://www.youtube.com/watch?v=gYSHZhf65Ww
اصرار نقی به سروته کردن!  فقط بیخیال شدن آخرش!,https://www.youtube.com/watch?v=tEA-j21eXz0
نظرِ من وقتی دوستم میپرسه تیپ اِش خوب شده یا نه,https://www.youtube.com/watch?v=NPLEccsWQgo
سریال کمدی نون خ فصل 4 - قسمت 2 (نسخه اورجینال) | Serial Noon Kh 4 - Episode 2,https://www.youtube.com/watch?v=PFaBkYm1ZwU
ارزون‌ترین ست مردونه رو پیدا کرد؟ 😳 #تیپچه,https://www.youtube.com/watch?v=l5yLRHk2HLs
تله | محمدرضا گلزار، امین حیایی و مهناز افشار در یک معمای نفس‌گیر | Taleh - Full Movie,https://www.youtube.com/watch?v=uZwP3RU4xno
رحمت به نقی: من مادرِ این بَشرو میخوام!,https://www.youtube.com/watch?v=W8mp28A5Jbc
بهتاش رحمت رو بعد خواستگاری بابا صدا میزنه!,https://www.youtube.com/watch?v=XKrUxpFSREA
سریال کمدی نون خ فصل 4 - قسمت 1 (نسخه اورجینال) | Serial Noon Kh 4 - Episode 1,https://www.youtube.com/watch?v=wBo67R0TVDU
با 2.5 میلیون میشه خوشتیپ شد؟ | مسابقه تیپچه - فصل 2 قسمت 3,https://www.youtube.com/watch?v=qcrruX4lOiQ
خصوصیت فروردینی‌ها - سکانس مسابقه تیپچه - فصل 2,https://www.youtube.com/watch?v=eG9kO4P3JiM
تاکتیک محرمانه برای چونه زدن! 😎 #تیپچه,https://www.youtube.com/watch?v=_SCPGhOWJpI
نقی به رحمت: باید از دراز بچه و پاندا بچه رد شی,https://www.youtube.com/watch?v=oSgpaidfZ-M
وقتی خبر دادن به نقی از خودِ خبر بدتره!,https://www.youtube.com/watch?v=LOZc1DZ7uJc
وقتی بودجه اضافه رو خرج قهوه می‌کنی! ☕ #تیپچه,https://www.youtube.com/watch?v=l3XAupRHkTU
فیلم جنجالی روایت ناتمام سیما | حامد کمیلی، آزاده صمدی و غزل شاکری | Revayat Natamame Sima Full HD,https://www.youtube.com/watch?v=DBm3UnQPcRo
ارسطو به بهتاش: عمویی تورو کِی خرس گاز زد؟,https://www.youtube.com/watch?v=k8V10nfGdPI
نظر نقی در مورد غش کردن رحمت,https://www.youtube.com/watch?v=7qkewzvAQO8
اینجا هیچکی اعصاب نداره - سکانس مسابقه تیپچه - فصل 1,https://www.youtube.com/watch?v=hd5rVdooFkY
دلیل بامزه انتخاب هادی حجازی‌فر! #تیپچه,https://www.youtube.com/watch?v=qTtg8okqA8g
وقتی نقی بدهی طرف رو دلاری حساب می کنه!,https://www.youtube.com/watch?v=xbKljJUoNpM
آمار طلاق برای نقی بشدت صعودی شده!,https://www.youtube.com/watch?v=3eCfezEQe8s
بهترین استایل با بودجه محدود؟ 😳 #تیپچه,https://www.youtube.com/watch?v=btvIr0POsKI
فاصله کانونی | درامی اجتماعی با بازی جعفر دهقان و میرطاهر مظلومی | Fasele Kanooni - Full Movie,https://www.youtube.com/watch?v=547oP1RQViI
من وقتی فامیل می پرسه کی عروسی میکنی:,https://www.youtube.com/watch?v=R1Ccfn-AXhc
جنبه ی پایین نقی در بازی مونوپولی,https://www.youtube.com/watch?v=BCyFZMOJAhk
خرید با بادیگارد در امام‌زاده حسن! | مسابقه تیپچه - فصل 2 قسمت 2,https://www.youtube.com/watch?v=yMQEQWSXL5Q
با 2.5 میلیون، انگار 15 میلیون خرج کرده! #تیپچه,https://www.youtube.com/watch?v=oInWZ1TMHac
وقتی نقی نمیخواد پولِ آزادی زنشو بده,https://www.youtube.com/watch?v=WiiUFt6o6YU
بهتاش و تکون دادن بسته دوغ از روی عادت,https://www.youtube.com/watch?v=xNhcDOaHZa8
اون یه دونه رفیقی که بیشتر از بقیه دوسش داریم - سکانس مسابقه تیپچه - فصل 1,https://www.youtube.com/watch?v=YyIW2szg-b4
استایلش همه رو یاد ویکتوریا بکام انداخت! 🔥 #تیپچه,https://www.youtube.com/watch?v=UZZKEkf2kpY
تغییر نهایی | فیلم آمریکایی بدون سانسور با دوبله فارسی | The Final Shift Full HD,https://www.youtube.com/watch?v=ZItqVJtohII
وقتی بابات سرِ نمازِ و همزمان میگه اون کارو نکن!,https://www.youtube.com/watch?v=QW0NT1or_3Y
صلابت رقصِ مازنیِ بهتاش در برابر رقص ممد خردادیانی!,https://www.youtube.com/watch?v=5XTzxJV3xI8
داور میگه لباست شبیه گونی شده! 😬 #تیپچه,https://www.youtube.com/watch?v=NYsejwzWCTw
وقتی کلاس رقصِ مختلط رفتی و صداشو درنمیاری!,https://www.youtube.com/watch?v=2CUtlGYW2g0
قیافه نقی وقتی که ارسطو میگه زنش وِجی هستش!,https://www.youtube.com/watch?v=ocN-msSHh88
خرید کامل فقط با 2.5 میلیون تومن؟! | مسابقه تیپچه - فصل 2 قسمت 1,https://www.youtube.com/watch?v=-IiX8oXpMWE
ایرانیا تا تخفیف نگیرن خرید نمیکنن - سکانس مسابقه تیپچه - فصل 1,https://www.youtube.com/watch?v=J9_p4rsXTgs
بدترین ایراد این استایل از نگاه داور! #تیپچه,https://www.youtube.com/watch?v=aYwm6uTTDJ0
نقی و نقشه بلوک شرق برای هِدِ فامیل!,https://www.youtube.com/watch?v=PQ_Q7yySGoc
موقعیت: تحلیل شوهر خاله ات در مورد جنگ یا صلح,https://www.youtube.com/watch?v=yTS6cOKBC40
داور: انگار پرده تنت کردی! #تیپچه,https://www.youtube.com/watch?v=v_PD0cDkn4U
فیلم شوخی | طنز اجتماعی با بازی پرویز پرستویی، فاطمه معتمدآریا و حبیب رضایی |  Shookhi Full Movie,https://www.youtube.com/watch?v=aOEYuB_t4CQ
وقتی میخوای چینی بودن ماشین دوستت رو یادآوری کنی!,https://www.youtube.com/watch?v=C_8cnjTSegk
نقی و تست اعتیاد روی خواستگار دخترش!,https://www.youtube.com/watch?v=w8w8fl-Ob2M
چرا دیگه باهام نمیای خرید؟ - سکانس مسابقه تیپچه - فصل 1,https://www.youtube.com/watch?v=HUDzASEpHQU
وقتی داور استایل رو نابود می‌کنه! 😅 #تیپچه,https://www.youtube.com/watch?v=HYGZw0P-SVw
گنگستر شدن بهتاش برای ارسطو,https://www.youtube.com/watch?v=m9oYqk2Z_rk
وقتی توی بحث گوگل میکنن و حق با تو هستش!,https://www.youtube.com/watch?v=eyTU8dCMk5U
وقتی استایل جدید می‌پوشی و خجالت می‌کشی! 😂 #تیپچه,https://www.youtube.com/watch?v=Zs0U01M56NA
تاثیرِ دلار توی بازی نقی در مافیا!,https://www.youtube.com/watch?v=O7bDHc2dWFg
بالا گرفتن بهتاش برای نقی!,https://www.youtube.com/watch?v=-73eOi1p4jE
سه استایل، یک برنده؛ انتخاب نهایی داورها! | مسابقه تیپچه - فصل 1 قسمت 4,https://www.youtube.com/watch?v=DlaIPEYfJfw
وقتی گفتن بخون... همه پشیمون شدن! 🤣 #تیپچه,https://www.youtube.com/watch?v=C0QVrwgw8ao
ارسطو: مُخدرِ من شما بودی نقی جان!,https://www.youtube.com/watch?v=2nq93uY-TYE
نقی و تشخیص دلار اصلی از جعلی!,https://www.youtube.com/watch?v=YkVQscUFZJY
جذاب‌ترین رقابت مد و فشن ایران با دخترای ایرانی #تیپچه,https://www.youtube.com/watch?v=yF_Fhi9DndE
پلاک 4 با مسعود رضوی - بخش دوم | ناگفته‌های تاریخ، رسانه و سیاست | Pelak 4,https://www.youtube.com/watch?v=nUm40SBCmNA
توقع من از فروشنده - سکانس مسابقه تیپچه - فصل 1,https://www.youtube.com/watch?v=WFI1rS3VCqU
اگه یه نفر از فامیلتو ببری خرید، کیو می‌بری؟ #تیپچه,https://www.youtube.com/watch?v=nUAn0dpYZeM
نقی و گزینه های روی میز,https://www.youtube.com/watch?v=YPK7QdA9lN4
وقتی بهتاش میپرسه کدوم سلبریتی اینجا خوابیده:,https://www.youtube.com/watch?v=M1HgxVDVkjE
تو خرید بیشتر به آینه اعتماد داری یا دوستت؟ 🤔 #تیپچه,https://www.youtube.com/watch?v=Ap9KLKVjOy0
ققنوس | با بازی شهرام عبدلی و رحیم نوروزی | فیلم کامل | Ghoghnous - Full Movie,https://www.youtube.com/watch?v=xMHOSk-KIh0
نقی: من تمام مقامات دونه دُرُشت رو گفتم بیان!,https://www.youtube.com/watch?v=vazE__uDcBc
نقی: انقدر سیگار بکش که نافِت بزنه بیرون!,https://www.youtube.com/watch?v=0nMCpmxpbsw
چونه، قیمت، استایل؛ جنگ واقعی خرید شروع شد! | مسابقه تیپچه - فصل 1 قسمت 3,https://www.youtube.com/watch?v=gvGW0D6Na8A
رفیق تخفیف بگیر - سکانس مسابقه تیپچه - فصل 1,https://www.youtube.com/watch?v=vmGIIyqcdMg
اولین برنامه استایل در یوتیوب فارسی | تیپچه,https://www.youtube.com/watch?v=635efjCR1YA
مُخ زنی به سبک بهتاش! فقط نکته آخرش!,https://www.youtube.com/watch?v=EnaDIdB3t7k
نقی: الان نون توی مجلسِ عزا و عروسیه!,https://www.youtube.com/watch?v=ebtUV-L_c5k
یکی از بامزه‌ترین لحظات برنامه تیپچه,https://www.youtube.com/watch?v=gn3p6BiSioo
نغمه نوروز | فیلمی خانوادگی و آموزنده با بازی سیاوش طهمورث | Naghme Nowruz - Full Movie,https://www.youtube.com/watch?v=EkzPO04-emk
نقی کم مونده بود بگه بَری باخُ بزن!,https://www.youtube.com/watch?v=Hx6aWL8uzIM
دلیل انحراف به چپِ انگشتِ نقی,https://www.youtube.com/watch?v=cG9FcrUi8OQ
دلیل اینکه موقع خرید همش میخندیم سوتی های رفیقمه - سکانس مسابقه تیپچه - فصل 1,https://www.youtube.com/watch?v=trZ5984LLps
توی تیپچه حتی تخفیف گرفتن هم امتیاز داره! 😄 #تیپچه,https://www.youtube.com/watch?v=BV3Xax3zKGo
وقتی از هیچ فرصتی برای آمارگیری غافل نمیشی!,https://www.youtube.com/watch?v=t6NV6PS0PAQ
نقی: مغزتو بنازم پسر!,https://www.youtube.com/watch?v=iRzh0em2GCE
وقتی دوستت دقیقاً مثل تو لباس می‌پوشه! 😅 #تیپچه,https://www.youtube.com/watch?v=xgx26ECvw5s
فیلم کوچه رهایی | داستانی تکان‌دهنده از فداکاری برای خانواده | Kooche Rahayi,https://www.youtube.com/watch?v=UBifGWrzw8E
هیجان‌انگیزترین مسابقه استایل و چالش خرید #تیپچه,https://www.youtube.com/watch?v=Euh7vqX5RMU
لباسِ خلبانی و پیشواز نقی و ارسطو!,https://www.youtube.com/watch?v=IFGsqPZpNRA
وقتي يهو توي جمع فاميل همه رو جِر ميدي!,https://www.youtube.com/watch?v=EwABdv7Z3SY
با 2.5 میلیون تومن میشه استایل لوکس زد؟ | مسابقه تیپچه - فصل 1 قسمت 2,https://www.youtube.com/watch?v=yE2shzWBsaM
وقتی نظرِ نقی یهو در مورد رحمت تغییر می کنه,https://www.youtube.com/watch?v=Mp6ig5w66dk
وقتی رمز وایفای رو نمیخوای به کِسی بدی!,https://www.youtube.com/watch?v=7suHDQFDS1c
پلاک 4 با مسعود رضوی - بخش اول | از خاطرات شخصی تا تجربه‌های حرفه‌ای | Pelak 4,https://www.youtube.com/watch?v=AUuF1ygxp8A
⏰ یادت نره! تیپچه هر هفته چهارشنبه و شنبه ساعت 20 #تیپچه,https://www.youtube.com/watch?v=DoW0lEs_JPc
اول شومیز رو انتخاب کرد یا شلوار؟ جوابش جالبه! 👚 #تیپچه,https://www.youtube.com/watch?v=9ffCF7MfCV4
انتقام کابل (دوبله فارسی) | بدون سانسور | فیلم هیجان‌انگیز جنگی و انتقامی | Afghan Hound Full Movie,https://www.youtube.com/watch?v=FYRJU-gpNnQ
اون دوستت که بچگی کلاس پیانو می رفته:,https://www.youtube.com/watch?v=xPaMxrFNLN0
نقی و تستِ خون آشام روی بهتاش!,https://www.youtube.com/watch?v=PGfHDOVZ_S4
نقی: یجوری میگی دکتر انگار طرف دکتر ارنست عه!,https://www.youtube.com/watch?v=4g5OH3Iz1_w
همه بهش میگن «مته»؛ دلیلش رو ببین! 😂 #تیپچه,https://www.youtube.com/watch?v=y6ck1teqK2w
این ایده برای خرید لباس واقعاً عجیبه! 😅 #تیپچه,https://www.youtube.com/watch?v=JKLbUKxy6VM
فیلم سینمایی جنایت | باحضور جمشید هاشم‌پور | فیلم کامل | Jenayat - Full Movie,https://www.youtube.com/watch?v=NPPtcrWS0MI
موقعیت: پدرِ خانواده وقتی قراره مهمون ویژه بیاد,https://www.youtube.com/watch?v=fxokpnp6Qj8
ورود طوفانی بهرام افشاری به پایتخت 7,https://www.youtube.com/watch?v=Rl6MMffXrQQ
استایل کدام سلبریتی از همه جذاب‌تره؟ 🎤 #تیپچه,https://www.youtube.com/watch?v=kRvN8TB2bsY
اولین قسمت تیپچه؛ رقابت بزرگ استایل از همین امروز #تیپچه,https://www.youtube.com/watch?v=QQ8ZWk_aLcQ
رقابت هیجان‌انگیز استایل با بودجه فقط 2.5 میلیون تومان! | مسابقه تیپچه - فصل 1 قسمت 1,https://www.youtube.com/watch?v=14UYtn_hq8M
موقعیت: وقتی به ماشین فامیلت احتیاج داری!,https://www.youtube.com/watch?v=GD1ScgGt_l4
نقی وقتی به زنِ ارسطو احتیاج پیدا می کنه!,https://www.youtube.com/watch?v=b3Hl1cjYyoo
مسابقه تیپچه؛ چالش خرید لباس با 2.5 میلیون تومن #تیپچه,https://www.youtube.com/watch?v=VUOGi1YNQ3g
فیلم سینمایی نفرین | اندیشه فولادوند و نیما شاهرخ شاهی | فیلم ترسناک کامل | Nefrin - Full Movie,https://www.youtube.com/watch?v=Cw2ov-lmvWw
موقعیت: وقتی برای مصاحبه ویزا رفتی سفارت,https://www.youtube.com/watch?v=dFAMCQN3wxo
نقی و نصیحت پدرانه به فرزند,https://www.youtube.com/watch?v=OVgNVlMaJq8
تیپچه در راه است، 3 روز تا شروع رقابت جذاب #تیپچه,https://www.youtube.com/watch?v=byteQ3aJ7NM
نقی: بهتره داستان اون سولاخ رو پیگیری نکنی!,https://www.youtube.com/watch?v=ut7rp3wk0ik
نقی و الگوریتم نام گذاری فرزند در ایران,https://www.youtube.com/watch?v=VAGQFCcXHg8
قصه‌هایی واقعی از آدم‌های واقعی، شمارش معکوس آغاز شد #تیپچه,https://www.youtube.com/watch?v=2FqYJgntUtg
فیلم آواز گنجشک‌ها | شاهکار ماندگار مجید مجیدی با بازی رضا ناجی | Avaze Gonjeshkha Full Movie,https://www.youtube.com/watch?v=M7Ferf1W4QM
موقعیت: وقتی واقعا میخواستی ادای ماهی رو دربیاری!,https://www.youtube.com/watch?v=p-NY4FGbjs4
من بین بچه هام فرقی نمیذارم؛ دوباره من:,https://www.youtube.com/watch?v=ZoCpXqGjN_k
پخش اولین قسمت برنامه تیپچه چهارشنبه 1 جولای | همه یه تیپن، تو کدومی؟ 🤔,https://www.youtube.com/watch?v=Qgf0hml3bmA
هشدار امنیتی ارسطو به نقی,https://www.youtube.com/watch?v=K-aKzvsuEX0
روش صحیح یادآوری چیزی به عمه ی کسی:,https://www.youtube.com/watch?v=85XS8Q3Ei2M
پلاک 4 با شراره رخام | ناگفته‌هایی از تنهایی، حیوانات و سبک زندگی متفاوت | Pelak 4,https://www.youtube.com/watch?v=rmaNDWf_iwQ
فیلم سینمایی خوشبختی یا مرگ | انتخابی که سرنوشت را تغییر می‌دهد | Khoshbakhti Ya Marg - Full Movie,https://www.youtube.com/watch?v=0NiSQ6gu5j0
خرج شدن اعتبار حاج نقی معمولی برای بهروز,https://www.youtube.com/watch?v=m6key672hCE
موقعیت: وقتی نمیخوای دوستت زن بگیره,https://www.youtube.com/watch?v=WHzpE_h3_Fg
فیلم کمدی آقای زالو | پرفروش‌ترین فیلم امسال با بازی امین حیایی و هادی کاظمی | Aghaye Zaloo Full HD,https://www.youtube.com/watch?v=scE_H62af8Q
قضیه نقی و مهلا-شهلا!,https://www.youtube.com/watch?v=YYCsvVfuvyk
نقی: عمرِ رحمت کفاف سکه های زنشو نمی ده,https://www.youtube.com/watch?v=M_Qr2V6cj5M
نقی: ارسطو با پای خودش اومد قتلگاه!,https://www.youtube.com/watch?v=8n0107ZYJMo
نقی و تشخیص مرغوبیت زمین با پِشگِل!,https://www.youtube.com/watch?v=O_PMeL0S4Zs
یدو | فیلم سینمایی جدید با بازی ستاره پسیانی | بهترین فیلم جشنواره فجر | Yadoo Full Movie (EN SUB),https://www.youtube.com/watch?v=uQU4jH9bjIE
این کارو فقط به احترام بی بی انجام میدم!,https://www.youtube.com/watch?v=mFWBaJXewP8
وقتی خریدار نیستی ولی قیمت گرفتن رو دوس داری,https://www.youtube.com/watch?v=JDDACGaxjig
وقتی نقی دست رو نقطه ضعف فهیمه میذاره!,https://www.youtube.com/watch?v=V4Zt5BU7AWg
نقی به ارسطو: هدفت از ازدواج چیه؟!,https://www.youtube.com/watch?v=XWqs7ZTWe4Y
صفا: اونی که تفنگ دستشه زور نداره! ترس داره!,https://www.youtube.com/watch?v=CHURFT5YK6o
کیف رو بزنی همه خیس خواهیم شد!,https://www.youtube.com/watch?v=qTTslLhEU9s
ظاهر شدن نقی قبل از مرگِ بابایِ ارسطو,https://www.youtube.com/watch?v=TKThIJKr9vo
دهن لقی نقی در مورد چوچانگ!,https://www.youtube.com/watch?v=cL0eMhDSG0g
یدو | برنده 5 سیمرغ جشنواره فجر با بازی ستاره پسیانی | تیزر رسمی | Yadu Official Trailer,https://www.youtube.com/watch?v=ZdKj8boym4Q
فیلم ویلای موروثی | ماجرای جنجالی یک ارث خانوادگی! | مریم امیرجلالی و خشایار راد | Villaye Morusi,https://www.youtube.com/watch?v=JI9uhzEZuWg
من هر موقع که موقعیت فراهم میشه:,https://www.youtube.com/watch?v=yK1ILMtM8_8
وقتی ترجیح میدی بری خونه خودت بخوابی,https://www.youtube.com/watch?v=Uo950wbmXtA
نقی به زنِ ارسطو: خوبه جایگزین گربه ات پیدا شد!,https://www.youtube.com/watch?v=U4kHH3m805s
دردسرِ موی بلند برای رحمت و خواهرِ نقی!,https://www.youtube.com/watch?v=xrvTypj14y0
رفت تو! رفت تو!,https://www.youtube.com/watch?v=FhJcrfN8XdE
وقتی بار اوله میخوای کسی رو دنبال کنی,https://www.youtube.com/watch?v=j7LLpXpDSnU
نقی: قیافه زنِ ارسطو همه اش عمل کرده است,https://www.youtube.com/watch?v=tEdwPsulJhY
تلاش ارسطو برای نگرفتن کادوی پتو پلنگی!,https://www.youtube.com/watch?v=_sOWVwLUQXY
پلاک 4 با دکتر امیرعلی صولتی | اشتباهاتی که جان حیوانات خانگی را تهدید می‌کند | Pelak 4,https://www.youtube.com/watch?v=8f9FzM6_Cjg
آدمکش‌ها به جهنم می‌روند | کمدی اکشن ایرانی متفاوت | فیلم کامل | Adamkoshha Be Jahanam Miravand,https://www.youtube.com/watch?v=UyrGA6PR1NU
به صورت کُد وار همه چیزتو برای بی بی مینوسیم!,https://www.youtube.com/watch?v=RiswRL99g38
چاقو دستتو نبُره صفا؟!,https://www.youtube.com/watch?v=eBxVDwWPJk0
انصراف برادرِ رحمت از خواستگاری دخترِ نقی,https://www.youtube.com/watch?v=fllByjMUIb0
زمینه چینی رحمت برای کنترل واکنش نقی!,https://www.youtube.com/watch?v=g7J4UPKXxLg
فیلم پله آخر | شاهکار برنده جایزه جهانی با بازی لیلا حاتمی و علی مصفا | Peleye Akhar - Full Movie,https://www.youtube.com/watch?v=E51X2V_jqos
بهم صفا ته بالا می گفتن قدیما!,https://www.youtube.com/watch?v=YzcpjCXFn64
کجا دوره دیدی؟ -نوار غزه!,https://www.youtube.com/watch?v=YDaUQPmlDNs
وقتی خواستگار باید از فیلتر نقی رد بشه,https://www.youtube.com/watch?v=wDxUmnyclas
ظاهر خوف انگیز نقی در خواستگاری دخترش,https://www.youtube.com/watch?v=uIpxfhcdQvM
تماس مسعود پزشکیان با صفا - سریال کمدی و جدید صفا با خانواده,https://www.youtube.com/watch?v=1ThlM2Q5kOI
وقتی اسم شاگرد نقی به قیافه اش نمی خوره!,https://www.youtube.com/watch?v=Kah76kogILk
در مازندران کسی مثلِ ارسطو تجربه زن گرفتن نداره!,https://www.youtube.com/watch?v=2N-Fnq9RAoI
فیلم جنایی باج‌خور | فریبرز عرب‌نیا و نیکی کریمی در فیلمی از فرزاد موتمن | Baj Khor - Full Movie,https://www.youtube.com/watch?v=d9slGSKlmVY
دعوای ارسطو و سام درخشانی: درخشِ چه آنی؟,https://www.youtube.com/watch?v=FW1sLxWfrDU
"شب، بیرون | با بازی هوتن شکیبا، باران کوثری و هومن سیدی | Shab, Biroon - Full Movie",https://www.youtube.com/watch?v=rC1x_Ls9XzY
جاکَن شدن نقی در سه ثانیه!,https://www.youtube.com/watch?v=dYTNOUQOTv0
آبروش جلوی خانوادش رفت، بهش میگفتن صفا - سریال کمدی و جدید صفا با خانواده,https://www.youtube.com/watch?v=BjLmnTN_gQk
قصه گوی خاطره ها در روزگار بهروز | مستند روزگار بهروز | Roozegare Behrooz,https://www.youtube.com/watch?v=i3Suq74OaX0
سریال کمدی و جدید صفا با خانواده – قسمت 15 (قسمت آخر) | Safa Ba Khanevadeh – Part 15,https://www.youtube.com/watch?v=lMhcrfy5AIM
نقی: دامادِ من پشم کل مملکت دستشه!,https://www.youtube.com/watch?v=KJ_wJAvcRDg
نقی: من زیر، بالا، پایین ارسطو رو دقیق میشناسم,https://www.youtube.com/watch?v=RPAIRWmk9y0
فیلم سینمایی وام عسل | کمدی اجتماعی با بازی سحر قریشی و فرید ولی‌زاده | Vame Asal - Full HD,https://www.youtube.com/watch?v=F3NkgObqYMs
سریال کمدی و جدید صفا با خانواده – قسمت 14 | Safa Ba Khanevadeh – Part 14,https://www.youtube.com/watch?v=5Io--TcoVp0
از مزایای داشتن سمعک برای نقی!,https://www.youtube.com/watch?v=Av-xCx8OX7E
محبتِ لسانی نقی به زنِ ناشناس,https://www.youtube.com/watch?v=b6yBGiEfGYU
صفا میره تلویزیون برنامه رو به آتیش بکشه - سریال کمدی و جدید صفا با خانواده,https://www.youtube.com/watch?v=3KO3Q41O7-8
سورپرایز ارسطو برای رحمت,https://www.youtube.com/watch?v=wFBDNYKw2Z4
آقای معمولی قیمت دلار چنده؟,https://www.youtube.com/watch?v=r0QZOPQclJE
پلاک 4 با عاطفه اکبری | ناگفته‌های تلخ بازیگری و پشت‌پرده سینما | Pelak 4,https://www.youtube.com/watch?v=dLycUMuNnB8
فرزندان شیطان (2021) | فیلم ترسناک | دوبله فارسی بدون سانسور | The Devil's Children - Full Movie,https://www.youtube.com/watch?v=svkud_Sb5xA
سریال کمدی و جدید صفا با خانواده – قسمت 13 | Safa Ba Khanevadeh – Part 13,https://www.youtube.com/watch?v=2iz-y3D5sag
نقی: باید بدونم بچه ام توی چه محیطی کار می کنه,https://www.youtube.com/watch?v=RUuRCB2ZQyc
نظر نقی در مورد صنفِ روان شناسی,https://www.youtube.com/watch?v=89yzYAqYVVY
وقتی میخوای جلوی دوربین کلاس بذاری #صفا_با_خانواده,https://www.youtube.com/watch?v=htqMR_tpiEQ
وقتی راز فامیل رو تو تلویزیون لو میدی #صفا_با_خانواده,https://www.youtube.com/watch?v=C045xFVNC0E
در دنیای تو ساعت چند است؟ | لیلا حاتمی و علی مصفا در عاشقانه‌ای فراموش‌نشدنی | Full Movie,https://www.youtube.com/watch?v=Is5A9tFYMqM
سریال کمدی و جدید صفا با خانواده – قسمت 12 | Safa Ba Khanevadeh – Part 12,https://www.youtube.com/watch?v=Vn_oZvNQhNY
تماس غیرمنتظره رئیس جمهور به صفا! - سریال کمدی و جدید صفا با خانواده,https://www.youtube.com/watch?v=TW7p8onVRWo
ماجرای خالی بندی جدید مهدی طارمی و آمریکا #صفا_با_خانواده,https://www.youtube.com/watch?v=fkE2kdmZeeE
سریال کمدی و جدید صفا با خانواده – قسمت 11 | Safa Ba Khanevadeh – Part 11,https://www.youtube.com/watch?v=oCoEOHViohg
جاده قدیم | متفاوت‌ترین فیلم منیژه حکمت درباره زنان | تیزر رسمی | Jadeh Ghadim Trailer,https://www.youtube.com/watch?v=E6KWtNJoZMs
ملاقات با طوطی - فیلم کامل | فیلمی که پایانش شوکه‌ت می‌کنه! | Molaghat Ba Tooti Full movie,https://www.youtube.com/watch?v=B75JiKpC-1M
اختیار ختنه نوه ات رو نداری #صفا_با_خانواده,https://www.youtube.com/watch?v=eQGyqIpnq7c
وقتی کلانتری رو با دیوونه خونه اشتباه میگیری #صفا_با_خانواده,https://www.youtube.com/watch?v=XHO6pO0g1yk
سریال کمدی و جدید صفا با خانواده – قسمت 10 | Safa Ba Khanevadeh – Part 10,https://www.youtube.com/watch?v=7EsJpLA3Bqc
آموزش پارکور صفا شیری وسط عملیات #صفا_با_خانواده,https://www.youtube.com/watch?v=-gvROj2y-OI
بیدارم فقط چشمام رو همه #صفا_با_خانواده,https://www.youtube.com/watch?v=5j-vj2PmJlQ
خالی بندی جمشید برای دختراش تو خارج از کشور - سریال کمدی و جدید صفا با خانواده,https://www.youtube.com/watch?v=v_naNZvS_BU
فیلم سینمایی لیبیدو | فیلم جنجالی ایرانی برنده جشنواره جهانی | Libido,https://www.youtube.com/watch?v=cxQOR_egTnw
سریال کمدی و جدید صفا با خانواده – قسمت 9 | Safa Ba Khanevadeh – Part 9,https://www.youtube.com/watch?v=ZYo1fQwZUAY
فیلم جدید «آباجان» | برنده جشنواره فجر با بازی فاطمه معتمدآریا و سعید آقاخانی | Aba Jan Full movie,https://www.youtube.com/watch?v=Gg5rtgkS9eo
سریال کمدی و جدید صفا با خانواده – قسمت 8 | Safa Ba Khanevadeh – Part 8,https://www.youtube.com/watch?v=r_p4oGjZYMQ
زنش دید گردنش کبود شده - سریال کمدی و جدید صفا با خانواده,https://www.youtube.com/watch?v=GkHH4s6GHLM
رفیقی که وسط دعوا فرار کنه تنهات بذاره چیه؟ #صفا_با_خانواده,https://www.youtube.com/watch?v=EdNidve9wkA
مثال هایی که بابام برامون میزنه: #صفا_با_خانواده,https://www.youtube.com/watch?v=tzEnRnVG8ac
پلاک 4 با امیر غفارمنش - بخش دوم | افشاگری‌های تازه امیر غفارمنش درباره هنر، سیاست و عشق | Pelak 4,https://www.youtube.com/watch?v=H7d3zH-mPAA
فیلم یک گزارش واقعی | فیلم درام ایرانی با بازی کامبیز دیرباز و رحیم نوروزی | Yek Gozareshe Vaghei,https://www.youtube.com/watch?v=3CHVtcF2t9Y
بابام بعد اینکه با هوش مصنوعی آشنا شده #صفا_با_خانواده,https://www.youtube.com/watch?v=su8V8XeOB5g
فیلم کمدی دارچین تلخ | یک قدم تا ازدواج، هزار دردسر! | Darchine Talkh - Full Movie,https://www.youtube.com/watch?v=sm6xL93b2s4
رفیقش گردنشو کبود کرده بود؟ #صفا_با_خانواده,https://www.youtube.com/watch?v=PHGiAnTK9Q8
یه بار رفته اون دنیا و برگشته #صفا_با_خانواده,https://www.youtube.com/watch?v=ruLEdqKa4Yc
ماشین سرهنگ رو امانت گرفته - سریال کمدی و جدید صفا با خانواده,https://www.youtube.com/watch?v=NqWRMup0_N4
وضعیت اون رفیقم که همیشه دستشویی داره تو پیری #صفا_با_خانواده,https://www.youtube.com/watch?v=c_sd1k-HP5c
طلاهاشو توی رخت چرکا نگه میداره #صفا_با_خانواده,https://www.youtube.com/watch?v=4o26rgy-jJc
سریال کمدی و جدید صفا با خانواده – قسمت 7 | Safa Ba Khanevadeh – Part 7,https://www.youtube.com/watch?v=lXc80AfGAW0
موقعیت: وسط تابستون قراره کارو تعطیل کنیم ولی برقا نمیره #صفا_با_خانواده,https://www.youtube.com/watch?v=dHgKuJPI_Uk
اسباب بازی بود یا نظامی؟ #صفا_با_خانواده,https://www.youtube.com/watch?v=eVkb5HYuqoQ
بید مجنون | شاهکار مجید مجیدی با بازی فراموش‌نشدنی پرویز پرستویی | Bide Majnoon Full Movie,https://www.youtube.com/watch?v=TdfRDQnPzVg
سریال کمدی و جدید صفا با خانواده – قسمت 6 | Safa Ba Khanevadeh – Part 6,https://www.youtube.com/watch?v=zxmJ9_50Y7M
وقتی بابام تو جیبم فندک پیدا میکنه #صفا_با_خانواده,https://www.youtube.com/watch?v=wD0vfqGVcC0
از چه روش دروغ سنجی استفاده کرد - سریال کمدی و جدید صفا با خانواده,https://www.youtube.com/watch?v=_H2ERQEFBZU
شوهرعمم در حال تعارف کردن به من #صفا_با_خانواده,https://www.youtube.com/watch?v=shnxIfPzriw
سریال کمدی و جدید صفا با خانواده – قسمت 5 | Safa Ba Khanevadeh – Part 5,https://www.youtube.com/watch?v=Voqp3VV4sFc
همه جمع شدن صیغه محرمیت منو تمدید کنن #صفا_با_خانواده,https://www.youtube.com/watch?v=CFW4oMhtGa0
فیلم تا ده بشمار | غزال نظر و منوچهر زنده‌دل در یک چالش روانی نفس‌گیر | Ta 10 Beshmor Movie,https://www.youtube.com/watch?v=HUknyxWAGaU
سریال کمدی و جدید صفا با خانواده – قسمت 4 | Safa Ba Khanevadeh – Part 4,https://www.youtube.com/watch?v=xP16MTgDwaE
اشتباه کردم، باید از پا میومدم از سر اومدم #صفا_با_خانواده,https://www.youtube.com/watch?v=47rOhnD5rXg
سریال کمدی و جدید صفا با خانواده – قسمت 3 | Safa Ba Khanevadeh – Part 3,https://www.youtube.com/watch?v=bYiS8KKYXrg
پلاک 4 با امیر غفارمنش - بخش اول | ناگفته‌های ممنوع‌الکاری، فقر و دنیای بازیگری | Pelak 4,https://www.youtube.com/watch?v=efS4ImwVtpU
فیلم سینمایی در قفس (دوبله فارسی) | بدون سانسور | فیلم اکشن و رزمی هیجان‌انگیز | In The Cage,https://www.youtube.com/watch?v=Va28-usBMfU
سریال کمدی و جدید صفا با خانواده – قسمت 2 | Safa Ba Khanevadeh – Part 2,https://www.youtube.com/watch?v=KcYC1NHEv2c
از این چاقا ورزشکار در نمیاد #صفا_با_خانواده,https://www.youtube.com/watch?v=aK3iDUHDRY8
"فیلم کمدی جدید ""قرمز یواش"" | نیما شعبان‌نژاد، هومن حاجی‌عبداللهی، محیا دهقانی و سیاوش چراغی‌پور",https://www.youtube.com/watch?v=2U84jIyEDwI
سریال کمدی و جدید صفا با خانواده – قسمت 1 | Safa Ba Khanevadeh – Part 1,https://www.youtube.com/watch?v=hG1SxFK4E88
فیلم سینمایی خانه | زندگی تلخ یک زوج جوان در حاشیه تهران | Khaneh Full Movie,https://www.youtube.com/watch?v=bXzAOGCWQIE
فیلم قبرستان غیرانتفاعی | کمدی متفاوت با بازی علیرضا خمسه و حامد بهداد | Ghabrestane Gheyre Entefaei,https://www.youtube.com/watch?v=GmItQFh3AS8
تیزر سریال کمدی «صفا با خانواده» | جدیدترین اثر منوچهر هادی | احمد مهرانفر، آشا محرابی | Teaser,https://www.youtube.com/watch?v=l2u4F_JD6UQ
تماس بی‌پاسخ | فیلم ترسناک و معمایی | نسخه کامل | Tamase Bi Pasokh - Full Movie,https://www.youtube.com/watch?v=FXkXsH73koE
پلاک 4 با مجتبی اکبری | از دعواهای خیابانی تا تجربه بازداشت! | Pelak 4,https://www.youtube.com/watch?v=U241tb4TxkM
قربانی سیزدهم | فیلم ترسناک و روانشناختی ایرانی با پایانی شوکه‌کننده | Ghorbanie Sizdahom Full Movie,https://www.youtube.com/watch?v=h2rtSwRmCJE
فیلم چند میگیری گریه کنی | با بازی منوچهر نوذری و حمید لولایی | کمدی جذاب ایرانی | Full HD,https://www.youtube.com/watch?v=YQZYgU3Qntc
اون رفیق دهه 60 ای که تاحالا کمپ نیومده #کلینیک_رویا,https://www.youtube.com/watch?v=mJYyxkuA_DI
تیزر فیلم توقیف‌شده تهران کنارت | علی شادمان و آناهیتا افشار در یک فیلم پرحاشیه | Tehran Kenaret,https://www.youtube.com/watch?v=DTbnZg1niU0
فیلم کمدی آنجا کسی دیوانه نیست | خواستگاری وسط آسایشگاه روانی! | Anja Kasi Divane Nist - Full Movie,https://www.youtube.com/watch?v=YRNaAHL7jow
خانومه سه قلو حامله بود فکر کنم یکی دیگه هم اضافه شد #کلینیک_رویا,https://www.youtube.com/watch?v=Uso08cbLH-k
"فیلم پر ستاره ""رخ دیوانه"" | برنده سیمرغ بلورین بهترین فیلم | Rokhe Divaneh - Full HD",https://www.youtube.com/watch?v=CCEOG2w76Ds
"مرده به دختره تو پذیرش میگه ""ای جون"" #کلینیک_رویا",https://www.youtube.com/watch?v=JVrqUNCFsrM
پلاک 4 با بهراد خرازی - بخش دوم | روابط شخصی، طلاق و کلاهبرداری میلیونی! | Pelak 4,https://www.youtube.com/watch?v=VOoVRqKOcNA
"فیلم سینمایی جدید و جنجالی ""لاک پشت"" | با هنرنمایی تماشایی فرهاد اصلانی | Lakposht Movie - Full HD",https://www.youtube.com/watch?v=8DvXbUw_iDY
عاقبت غیبت کردن پشت سر دکترا #کلینیک_رویا,https://www.youtube.com/watch?v=9ssik2dVNtY
تیزر رسمی فیلم تهران کنارت | علی شادمان و آناهیتا افشار در یک عاشقانه متفاوت | Tehran Kenaret,https://www.youtube.com/watch?v=hVdB_T0xJd8
زندگی بدون دوست دختر | فیلم کمدی آرژانتینی دوبله فارسی بدون سانسور | Novios Anónimos - Full Movie,https://www.youtube.com/watch?v=8HWAi_iyI4k
شوهرشو پندی صدا میکنه! #کلینیک_رویا,https://www.youtube.com/watch?v=7bFBvxmpoHY
مچ گیری حرفه ای مامانا #کلینیک_رویا,https://www.youtube.com/watch?v=PgE99PL7Ba8
فیلم مشت‌زن | آتیلا پسیانی و سحر زکریا | مردی که برای تسویه حساب برگشت! | Mosht Zan Full Movie,https://www.youtube.com/watch?v=zQDuVLBStkI
پلاک 4 با بهراد خرازی - بخش اول | از رضا عطاران تا ممنوع‌الکاری | Pelak 4,https://www.youtube.com/watch?v=Be9EDNYON9k
فیلم سینمایی ترانه | سقوط یک دختر دانشجو در دنیای مدلینگ زیرزمینی | الهه حصاری | Taraneh,https://www.youtube.com/watch?v=7LOLh2PjpLs
بازماندگان | دوبله فارسی بدون سانسور | فیلم آخرالزمانی ترسناک | Some Be (2022) - Full Movie,https://www.youtube.com/watch?v=0YQE8yYz7jo
فیلم لاله کبود | مردی که فقط 3 روز فرصت زنده ماندن دارد! | با بازی محسن غفاری | Laleh Kabood,https://www.youtube.com/watch?v=w7GwrOrhRqE
پلاک 4 با مجید شهریاری | از درآمد بازیگری تا خاطرات بامزه تئاتر! | Pelak 4,https://www.youtube.com/watch?v=eP0_I2P9d1M
فیلم سینمایی صیاد | با بازی هومن برق نورد و محمدرضا هدایتی | Sayad - Full Movie,https://www.youtube.com/watch?v=DXKOTG6PdFQ
فیلم کمدی جابه‌جا | نقش‌آفرینی دیدنی اکبر عبدی، مهران غفوریان و جواد عزتی | Jabeja Full Movie,https://www.youtube.com/watch?v=mI30DANQa0k
فیلم جدید صبح اعدام | اثر بهروز افخمی (بر اساس داستانی واقعی) | Sobhe Edam,https://www.youtube.com/watch?v=HjhENfwRIYI
فیلم سینمایی مواجهه با بازی حمیدرضا پگاه و نیوشا ضیغمی | Movajehe - Full Movie,https://www.youtube.com/watch?v=dD9vJjzluDo
فیلم خانه دیگری | با بازی پژمان بازغی و لیلا زارع | Khaneye Digari - Full Movie,https://www.youtube.com/watch?v=tEJPItVgxns
فیلم سایه‌های موازی | با بازی شهاب حسینی | اقتباسی از داستایفسکی | نسخه کامل | Sayehaye Movazi,https://www.youtube.com/watch?v=u6wqYZPzUr0
راه شیری – فیلم سینمایی کامل | با حضور کوروش سلیمانی و کوروش تهامی | Rahe Shiri - Full Movie,https://www.youtube.com/watch?v=A7gYYrNojd4
فیلم سینمایی فوتبالیست‌ها | نسخه کامل | کمدی فوتبالی خاطره‌انگیز | Footballistha - Full Movie,https://www.youtube.com/watch?v=66nb-7ZAMe4
فیلم سینمایی همسایه شما، زهره - تیزر | Film Hamsaye Shoma Zohreh - Teaser,https://www.youtube.com/watch?v=fPGEsvgKTtk
فیلم سینمایی میراث دیگران | دوبله فارسی | بدون سانسور | Propiedad Ajena Full Movie,https://www.youtube.com/watch?v=QSyoc7uVGZU
فیلم سینمایی لاک پشت - تیزر | Film Lakposht - Teaser,https://www.youtube.com/watch?v=w1qNoFk7qGo
فیلم سینمایی آقای زالو - تیزر | Film Aghaye Zaloo - Teaser,https://www.youtube.com/watch?v=gLnnUmKbzTk
استخر - فیلم کامل | حضور پریناز ایزدیار در یک درام جنایی | Estakhr Full Movie,https://www.youtube.com/watch?v=ZYZ0E5sSI0A
فیلم کمدی پاستاریونی | با بازی سام درخشانی، بهاره رهنما و محمد نادری | Pastarioni - Full Movie,https://www.youtube.com/watch?v=JAb_ssRzM3U
فیلم جنایی قاتلی با بارانی مشکی | با بازی علی دهکردی و پرستو صالحی | Ghateli Ba Barani Meshki,https://www.youtube.com/watch?v=hdupuKabD3U
سریال کمدی و جدید شیش‌ماهه - قسمت 16 (قسمت آخر) | Shish Mahe - Part 16,https://www.youtube.com/watch?v=ziRVkB-6hAw
سریال کمدی و جدید شیش‌ماهه - قسمت 14 | Shish Mahe - Part 14,https://www.youtube.com/watch?v=l3ImRa23AWc
سریال کمدی و جدید شیش‌ماهه - قسمت 8 تا 12 | Shish Mahe - Part 8 - 12,https://www.youtube.com/watch?v=G_eGfSqvInE
سریال کمدی و جدید شیش‌ماهه - قسمت 13 | Shish Mahe - Part 13,https://www.youtube.com/watch?v=1TYxPoIGjcU
سریال کمدی و جدید شیش‌ماهه - قسمت 15 | Shish Mahe - Part 15,https://www.youtube.com/watch?v=0r_sCY5C9jM
فیلم سینمایی گریه ای در شب: افسانه لا لورونا | دوبله فارسی | بدون سانسور | A Cry in the Night 2021,https://www.youtube.com/watch?v=JmHBUCw-Gp0
قلب سفید قاصدک‌ها | درامی تلخ و انسانی از کودکی در سایه جنگ | Ghalbe Sefide Ghasedakha - Full Movie,https://www.youtube.com/watch?v=Iv85nx-4BZU
فیلم قطار آن شب | داستانی از امید و کابوس‌ها با بازی مریم بوبانی | Ghatar An Shab - Full Movie,https://www.youtube.com/watch?v=-9FClVrxpAI
فیلم خاطرات یک سرباز | Khaterate Yek Sarbaz - Full Movie,https://www.youtube.com/watch?v=wxbYq2WnRqQ
فیلم سینمایی کانادایی پایان پرواز | دوبله فارسی | بدون سانسور | Sashinka Full Movie,https://www.youtube.com/watch?v=to3R2ML7S98
گهواره‌ای برای مادر | درامی احساسی با بازی الهام حمیدی و امیر آقایی | Gahvarei Baraye Madar,https://www.youtube.com/watch?v=wHpSO0Sd_z8
پیچ فرعی - فیلم کامل | تردید، خیانت یا توهم؟ | درخشش مارال فرجاد و مهدی امینی خواه | Piche Farei,https://www.youtube.com/watch?v=pc2yIPWffpw
فیلم سینمایی مشکلات یک نویسنده | Moshkelate Yek Nevisandeh - Full Movie,https://www.youtube.com/watch?v=Y4Y-SjrnxEw
فیلم محکوم به دوزخ | فیلم ترسناک با دوبله فارسی (بدون سانسور) | Condemned to Hell - Full Movie,https://www.youtube.com/watch?v=SBPVzxRnLQ0
فرمول 13 | فیلم حادثه‌ای هیجان‌انگیز با بازی لیلا زارع و دانیال عبادی | Formole 13 - Full Movie,https://www.youtube.com/watch?v=VgpAERe88pM
فیلم سینمایی قفل ساز - کامل | Ghofl Saz - Full Movie,https://www.youtube.com/watch?v=vx9iMHuOJCA
فیلم سینمایی شکر تلخ | با بازی محمود بنفشه خواه و تورج فرامرزیان | Shekare Talkh - Full Movie,https://www.youtube.com/watch?v=gQSbYTpTznA
فیلم سینمایی دبستان شوک - کامل | Dabestane Shavak - Full Movie,https://www.youtube.com/watch?v=DZhpojsITDM
بابا جان پول دادن حق دارن مردنتو ببینن #شیشماهه #کمدی,https://www.youtube.com/watch?v=FCkOBOc4IqA
فیلم کمدی خسته نباشید | با بازی سید جواد هاشمی و سوسن سلیمی | Khasteh Nabashid - Full Movie,https://www.youtube.com/watch?v=Z6wE3aCfCoY
عليرضا خمسه با پول پسرش گونه كاشته😂 #شیشماهه #کمدی,https://www.youtube.com/watch?v=0m3K3Wg8hrY
زنده و مردتو ... که من جلوی هرکس و ناکسی ضایع نشم #شیشماهه #کمدی,https://www.youtube.com/watch?v=qVsps5mKOEc
فیلم خارجی بدون سانسور رابطه خاص (دوبله فارسی) | Perfect Girl - Full Movie,https://www.youtube.com/watch?v=xBDmLMonic0
سریال کمدی و جدید شیش‌ماهه - قسمت 12 | Shish Mahe - Part 12,https://www.youtube.com/watch?v=Rwxtm1u2oA4
اسم بچه رو طوری انتخاب می کنن انگار قراره بره جنگ #شیش_ماهه #کمدی,https://www.youtube.com/watch?v=5saw3gExROA
شاهين قبل پولداری كسی پِهِن ام بارش نميكرد💩 | سریال شیش‌ماهه | Shish Mahe,https://www.youtube.com/watch?v=3h1LbXW3rBk
تِراپيست پولكی #مهران_مدیری #سریال_کمدی #شیش_ماهه,https://www.youtube.com/watch?v=LAxxhFGniYU
سریال کمدی و جدید شیش‌ماهه - قسمت 11 | Shish Mahe - Part 11,https://www.youtube.com/watch?v=OnMZS9kEq0g
"فیلم ""خائن کشی"" | مهران مدیری، امیر آقایی، سارا بهرامی، سام درخشانی، فریبا نادری | اثر مسعود کیمیایی",https://www.youtube.com/watch?v=Hw4snnsCocQ
درگذشت سعید پیردوست | بازیگر خاطره‌ساز سینمای ایران 🖤,https://www.youtube.com/watch?v=kjo4NubjH10
سریال کمدی و جدید شیش‌ماهه - قسمت 10 | Shish Mahe - Part 10,https://www.youtube.com/watch?v=qml80O1nwBY
منفجر شدن جواد رضويان با معين اِف😂 #مهران_مدیری #سریال_کمدی #شیش_ماهه,https://www.youtube.com/watch?v=ltOERNNdWpc
زی‌زی گولو و خانوم آقاي جمالي در كنسرت ماكان بند😂😅 | سریال شیش‌ماهه | Shish Mahe,https://www.youtube.com/watch?v=3dHdYCa9KT4
بفرست برا اون دوستت كه هميشه از استراتژی ماه تولد استفاده ميكنه😈😅 #شیش_ماهه #کمدی,https://www.youtube.com/watch?v=sltkt0mWCb4
موقعيت: پسرا توی اون چند وقتی كه كسی جوابشونو نميده😅 #شیش_ماهه #کمدی,https://www.youtube.com/watch?v=FrlWOpcL3IM
سریال کمدی و جدید شیش‌ماهه - قسمت 9 | Shish Mahe - Part 9,https://www.youtube.com/watch?v=mRL9oxz5vTc
جواد رضويان: خودمم به تيك آبي اينستاگرام نياز دارم😎 | سریال شیش‌ماهه | Shish Mahe,https://www.youtube.com/watch?v=TEs3ZRxHoKQ
دختر من شرايط خاصي داره كه قبل ازدواج بايد بدونيد #نیما_شعباننژاد #مهران_مدیری,https://www.youtube.com/watch?v=h6SKO_eqCZs
سریال کمدی و جدید شیش‌ماهه - قسمت 8 | Shish Mahe - Part 8,https://www.youtube.com/watch?v=SXhckwLnkv0
فیلم لباس عروسی | داستانی اجتماعی از ازدواج و مشکلات زندگی | Lebas Aroosi - Full Movie,https://www.youtube.com/watch?v=HodhmKtQXyw
دكتر صلاح مريض گاوي مثل تورو بهتر ميدونه🐮 #سریال #شیش_ماهه #مهران_مدیری,https://www.youtube.com/watch?v=U5qgfxlhJtI
سریال کمدی و جدید شیش‌ماهه - قسمت 1 تا  7 | Shish Mahe - Part 1 - 7,https://www.youtube.com/watch?v=iH4BjwasN1s
موقعيت: اون رفيقم كه اصرار داره پول براش مهم نيست #سریال_کمدی #نیما_شعباننژاد,https://www.youtube.com/watch?v=AZ-3RvdycSo
فیلم «هتل ارواح» | فیلم ترسناک بدون سانسور 🔥 دوبله فارسی | Irul: Ghost Hotel,https://www.youtube.com/watch?v=MxCMD3Vhz1k
سریال کمدی و جدید شیش‌ماهه - قسمت 7 | Shish Mahe - Part 7,https://www.youtube.com/watch?v=ass-QPyStp0
فیلم جنجالی کوچه ژاپنی‌ها با بازی مجید مظفری و علی اوجی | Kooche Japoniha - Full Movie,https://www.youtube.com/watch?v=nks040v_ATc
این سوپه یا سلاح کشتار جمعی؟! 😂 | سریال شیش‌ماهه | Shish Mahe,https://www.youtube.com/watch?v=jqc0UBka8KI
تو این گرونی، سقف آرزو شده ال90! #شیش_ماهه #کمدی,https://www.youtube.com/watch?v=neKT37ZCP0Y
سریال کمدی و جدید شیش‌ماهه - قسمت 6 | Shish Mahe - Part 6,https://www.youtube.com/watch?v=P28Nht9FBhg
تو ختم هم دخترا رو دستچین می کنه! #شیش_ماهه #جواد_رضویان,https://www.youtube.com/watch?v=GBMiYciBCAA
مغز لود نشد، دیالوگ اجرا شد! 😆 | سریال شیش‌ماهه | Shish Mahe,https://www.youtube.com/watch?v=Gfbx-B-RNKY
شاینا مگه بچه خیالی نبود؟! #شیش_ماهه #نیما_شعباننژاد,https://www.youtube.com/watch?v=8Qb0TB8JIXw
سگ‌کُشی | شاهکار جنایی بهرام بیضایی | با حضور رضا کیانیان و حسن پورشیرازی | Sag Koshi Full Movie,https://www.youtube.com/watch?v=ic9h09P4SKc
هنوز یه هفته نشده… ولی بارداره! #شیش_ماهه #کمدی,https://www.youtube.com/watch?v=qsfwbCNhmDw
سریال کمدی و جدید شیش‌ماهه - قسمت 5 | Shish Mahe - Part 5,https://www.youtube.com/watch?v=vQGfdUd7-kE
از هر شهر، یه خاطره… از هر زن، یه داستان!😂 | سریال شیش‌ماهه | Shish Mahe,https://www.youtube.com/watch?v=gqEe0u6E4FA
فیلم زیبا صدایم کن | برنده سیمرغ فجر | تیزر رسمی | Ziba Sedayam Kon - Teaesr,https://www.youtube.com/watch?v=Hn-cR5eBIkc
سریال کمدی و جدید شیش‌ماهه - قسمت 4 | Shish Mahe - Part 4,https://www.youtube.com/watch?v=pt7gOSmDudE
لیدر کوهنوردی یا لیدر مخ‌زنی؟ 😅 | سریال شیش‌ماهه | Shish Mahe,https://www.youtube.com/watch?v=rYuIdWkRlqE
سریال کمدی و جدید شیش‌ماهه - قسمت 3 [4K] | Shish Mahe - Part 3,https://www.youtube.com/watch?v=K2q4IyS5u2c
به پلیس زنگ زد… پیتزا سفارش داد! 🍕🚨 | سریال شیش‌ماهه | Shish Mahe,https://www.youtube.com/watch?v=ORRMKAObrAA
"سریال کمدی و جدید ""شیش ماهه"" | بازگشت جنجالی مهران مدیری - قسمت 2 | Shish Mahe - Part 2",https://www.youtube.com/watch?v=EGmvSw5Ayso
همسفر – فیلم سینمایی | قصه‌ای واقعی از اختلافات زناشویی | Hamsafar - Full Movie,https://www.youtube.com/watch?v=BrA1-8qKwwg
سریال شیش‌ماهه [4K] | شروع طوفانی کمدی جدید مهران مدیری - قسمت 1 | Shish Mahe - Part 1,https://www.youtube.com/watch?v=VSxtWmx_xeE
فیلم کمدی خوش رکاب | با بازی محمد کاسبی، مجید صالحی، مریم سعادت و امیر نوری | Khosh Rekab,https://www.youtube.com/watch?v=BUw9GgURbDU
ساعت 6 صبح | جدیدترین فیلم سینمایی مهران مدیری | مهرداد صدیقیان، مونا فرجاد، سمیرا حسن‌پور | [4K],https://www.youtube.com/watch?v=l6inMgQZYcE
تیزر فیلم شمال از جنوب غربی | نامزد 13 سیمرغ فجر | برنده بهترین کارگردانی | Shomal Az Jonube Gharbi,https://www.youtube.com/watch?v=0cGYcwZIfwI
فیلم سینمایی اکس پارتی | سقوط یک دانشجو در دنیای قرص‌های X (فیلم کامل) | X-Party Full Movie,https://www.youtube.com/watch?v=5BS9afs2pUg
فیلم سینمایی فرار بزرگ | داستان نفس‌گیر اسارت و فرار در جنگ ایران و عراق | Farare Bozorg,https://www.youtube.com/watch?v=ZYnXXS3jgjc
نیکی کریمی، پانته‌آ پناهی‌ها، فرشته حسینی، هدی زین‌العابدین در فیلم دسته دختران | Dasteye Dokhtaran,https://www.youtube.com/watch?v=y-cb0hlPp2w
فیلم کامل بلند پرواز | داستانی احساسی از جنگ، خانواده و سرنوشت | Boland Parvaz - Full Movie,https://www.youtube.com/watch?v=txC-_7Ek9rs
فیلم کامل معجزه سیب | داستان یک عشق ساده اما پرچالش با بازی نصرالله رادش | Mojezeye Sib Full Movie,https://www.youtube.com/watch?v=fgw8MO5HqcY
تیزر رسمی فیلم «آنجا کسی دیوانه نیست» | عجیب‌ترین آسایشگاه ایران! | Aanja Kasi Divane Nist,https://www.youtube.com/watch?v=O018oGqYGDg
بازگشت جنجالی مهران مدیری بعد از 10 سال! | تیزر رسمی سریال طنز «شیش‌ماهه» | Shish Mahe Teaser,https://www.youtube.com/watch?v=KjjNE4nLpKY
فیلم سایه‌های روشن | درام خانوادگی پرتنش با بازی حسام نواب‌صفوی و السا فیروزآذر | Sayehaye Roshan,https://www.youtube.com/watch?v=x0WbCp2HVts
آتنه فقیه نصیری، رضا بابک و ثریا قاسمی در فیلم «عکس یادگاری» | Axe Yadegari - Full Movie,https://www.youtube.com/watch?v=TUCjv-pu1nA
فیلم کمدی و خنده دار بوی پول | با بازی شهره سلطانی و امیر نوری | Buye Pool - Full Movie,https://www.youtube.com/watch?v=u5Kz253W9WI
فیلم کامل نسل سوخته | درام تلخ با بازی نیکی کریمی و آتیلا پسیانی | Nasle Sookhteh Full Movie,https://www.youtube.com/watch?v=WYCdYAYCINE
فیلم توقیف شده غیبت موجه | داستانی الهام‌گرفته از سیمرغ عطار | نسخه کامل | Gheybate Movajah,https://www.youtube.com/watch?v=APKtqP1qtpM
فیلم فصل باران های موسمی | درام تلخ و واقع‌گرایانه درباره تنهایی یک نوجوان | Fasle Baranhaye Moosemi,https://www.youtube.com/watch?v=WY8uFSrOfb0
فیلم سینمایی جدید همسایه شما، زهره | روایت تلخ و تماشایی یک زن تنها | بازی درخشان رویا افشار,https://www.youtube.com/watch?v=72nP2YqNHUw
فیلم سینمایی دختری با شال قرمز | عاشقانه‌ای تماشایی | نسخه کامل | Dokhtari Ba Shal Ghermez - Full HD,https://www.youtube.com/watch?v=VgMHd0urB7g
فیلم کمدی سرتو بدزد رفیق | با بازی رابعه اسکویی و نصرالله رادش | Sareto Bedozd Rafigh - Full Movie,https://www.youtube.com/watch?v=upr2_cF9Ofo
فیلم کشیک قلب | راز بیمار مرموز در شیفت شب - با بازی محسن کیایی و آتیلا پسیانی | Keshik Ghalb,https://www.youtube.com/watch?v=O-anNIwB28E
اولین انتشار رسمی فیلم توقیف‌شده سفر سرخ | اثری از حمید فرخ‌نژاد با بازی برزو ارجمند و غزل صارمی,https://www.youtube.com/watch?v=6d42Bti0_u4
فیلم سینمایی دیوار به دیوار: یک کمدی ایرانی با حضور پژمان جمشیدی و بازیگران مطرح | Divar Be Divar,https://www.youtube.com/watch?v=jBks9t7n5xc
فیلم سینمایی آتش سبز | فیلم افسانه‌ای با آواز همایون شجریان و بازی عزت‌الله انتظامی | Atashe Sabz,https://www.youtube.com/watch?v=MqHSCN4mQ-w
وقتی شوهرت یه روده راست توی شکمش نیست #زیر_خاکی #پژمان_جمشیدی,https://www.youtube.com/watch?v=kZ2VpLW0cqk
لعیا زنگنه، امین حیایی و یک درام هیجان انگیز: داستانی از عشق و انتقام در فیلم «خودزنی» | Khodzani,https://www.youtube.com/watch?v=myBYiSnSOlY
کشف سلول‌های بینابینی؟ فکر نکنم! #در_حاشیه2 #کمدی,https://www.youtube.com/watch?v=swYgJUBLKAI
باد در علفزار می‌پیچد | داستان عاشقانه‌ای در دل فقر و رنج | با حضور الناز شاکردوست | Full HD,https://www.youtube.com/watch?v=OlPUJIMLe4E
وقتی ترکیدن بادکنک جدی‌تر از هشدار مامانه #زیر_خاکی #ژاله_صامتی,https://www.youtube.com/watch?v=o5qxtzAMmJw
فیلم کمدی نون خ 1 - ماجراهای نورالدین خانزاده (سعید آقاخانی) و طنز بی‌نظیر حمیدرضا آذرنگ | Noon Kh 1,https://www.youtube.com/watch?v=iBaJp9wYJww
زیر میزی میگیری؟ اینم نتیجش #در_حاشیه2 #مهران_غفوریان,https://www.youtube.com/watch?v=83roiEJrUAM
فیلم سینمایی قایق‌های من - لیلا حاتمی و علی مصفا در سفری به دنبال عشق گمشده | Ghayeghhaye Man,https://www.youtube.com/watch?v=s3oZaWKUU5g
میشناسیش؟ نه فقط با هم آب آلبالو خوردیم! #زیر_خاکی #پژمان_جمشیدی,https://www.youtube.com/watch?v=5cIhyL51q4w
فیلم سینمایی زیرخاکی 1 | کمدی فوق‌العاده با بازی پژمان جمشیدی و ژاله صامتی! برنده 3 جایزه جشن حافظ,https://www.youtube.com/watch?v=QNbYzFHsBzc
الفبای حرف زدنش 3 تاس: چک، لگد، کله! #در_حاشیه2 #کمدی,https://www.youtube.com/watch?v=yNd59H5UdaM
فیلم سینمایی نیاز - بهاره افشاری و پندار اکبری در یک درام خانوادگی جذاب | Niaz - Full Movie,https://www.youtube.com/watch?v=t6OM0ww3ucA
بادکنک سوراخ نیست؟ فوت کن ببین دندوناشم یادت نره! #زیر_خاکی #پژمان_جمشیدی,https://www.youtube.com/watch?v=WOJacF1LEgY
فیلم کمدی نوروز رنگی با بازی رابعه اسکوبی، جواد خواجوی و یوسف تیموری! سفر به دهه 60 با طنز و سنت‌ها,https://www.youtube.com/watch?v=RGhFNhCp5cg
ده سال درس خوند آخرش لقبش شد تیمور #در_حاشیه2 #طنز,https://www.youtube.com/watch?v=85Adf8UiOWs
فیلم مهیج «53 نفر» - مأموریت مرگبار در ایستگاه راه‌آهن | 53Nafar - Full Movie,https://www.youtube.com/watch?v=WubdEbEQ67I
توی حموم فقط آب گرم نبود فشار بازجویی هم بود #زیر_خاکی #پژمان_جمشیدی,https://www.youtube.com/watch?v=RD0pyJ7aOb0
فیلم سینمایی لاک‌پشت و حلزون با بازی علی مصفا و لیلا زارع | Lakposht Va Halazoon - Full Movie,https://www.youtube.com/watch?v=vI21geL59LY
یه چیزی بده نجات پیدا کنیم عمو #زیر_خاکی #پژمان_جمشیدی,https://www.youtube.com/watch?v=1s7d6yXE2ZU
یه عمر درس خوندی که با قاشقچی اشتباهت بگیرن؟ #در_حاشیه2 #طنز,https://www.youtube.com/watch?v=JgGU426o7bs
تولد شاهه #زیر_خاکی #پژمان_جمشیدی,https://www.youtube.com/watch?v=3yIz9W1F298
فیلم معمایی-جنایی «سودابه» با بازی رویا تیموریان، رضا بابک و آناهیتا درگاهی | Sudabeh - Full Movie,https://www.youtube.com/watch?v=1keX8IhVnes
لکه گیری خیلی مهم شده #در_حاشیه2 #طنز,https://www.youtube.com/watch?v=Rwfk8AjgaGU
اپانسیسشو داد به باب زن این بهروزه #در_حاشیه2 #سریال_کمدی,https://www.youtube.com/watch?v=_dP2hitJCws
"فیلم ایرانی جنجالی ""ناخواسته"" | عشق ممنوع بین طلبه و دختری غریبه | Nakhasteh - Full Movie",https://www.youtube.com/watch?v=dd-pIwBKkAs
این قضیه از نظر من کعلم لکنته #در_حاشیه2 #کمدی,https://www.youtube.com/watch?v=9c0Y0-VnCXU
فیلم سینمایی پایتخت 4: ترکیب فوق‌العاده کمدی و درام با بازیگران برجسته | Paytakh 4 - Full Movie,https://www.youtube.com/watch?v=uiDGcK89_Ig
خجالت نمی کشی از اینکه میخوای آدم فروشی کنی؟ #در_حاشیه2,https://www.youtube.com/watch?v=Y6YHOKcMIbc
فیلم ترکی کمدی ما خوبیم؟ با دوبله فارسی | Tamam Mıyız? - Full Movie,https://www.youtube.com/watch?v=CKpsNRZhvg8
این الان برا چی معذرت خواهی کرد؟ #shorts #در_حاشیه2,https://www.youtube.com/watch?v=AIplyK29lOQ
فیلم جدید و متفاوت باهر با بازی مانی حقیقی و مهتاب کرامتی | Baher - Full Movie,https://www.youtube.com/watch?v=2oKpPKXZx9U
فیلم کلمبیایی ترسناک سرزمین خاکستر با دوبله فارسی | Pueblo de Cenizas - Full Movie,https://www.youtube.com/watch?v=CVKV-ez5ZOg
جاسم جاساز #shorts #در_حاشیه2,https://www.youtube.com/watch?v=ewUa7iLYsUU
"تماشای آنلاین فیلم جدید ایرانی ""این جمعیت قابل کنترل"" (1404) | In Jamiyat Ghabele Control - Full HD",https://www.youtube.com/watch?v=rLL60au3tvo
تو به چه امیدی زنده ای؟ #shorts #در_حاشیه2,https://www.youtube.com/watch?v=8As66A5LEpo
فیلم جنجالی و توقیف شده خانه پدری با بازی مهدی هاشمی و شهاب حسینی | Khaneye Pedari - Full Movie,https://www.youtube.com/watch?v=EpFMwdioJvQ
شما یکی درباره ازدواج اظهار نظر نکن #shorts #در_حاشیه2,https://www.youtube.com/watch?v=330SCXrQYVc
فیلم مکزیکی عاشقانه و کمدی قلب طالبی با دوبله فارسی | Corazón de Melón - Full Movie,https://www.youtube.com/watch?v=yIY86EwK_nc
زیر نکات مهم هم خط کشیدین؟ #shorts #در_حاشیه2,https://www.youtube.com/watch?v=MJJuP5cuZs0
مهدی هاشمی و گلاب آدینه در فیلم زیبای «آسانسور» | Asansor - Full Movie,https://www.youtube.com/watch?v=MvbQZ2Gqxh4
پیتزا گرفتم، پولشو نداشتم مجور شدم یه جور دیگه حساب کنیم #Shorts #در_حاشیه2,https://www.youtube.com/watch?v=8sM9nODp0Is
فیلم ایتالیایی زیبایی‌های زندگی با دوبله فارسی | Solo Cose Belle [4K] - Full Movie,https://www.youtube.com/watch?v=wFcJ9-fZrOg
فیلم سینمایی سودابه - تیزر | Film Soodabeh - Teaser,https://www.youtube.com/watch?v=UYHofXKupxo
فیلم سینمایی سالهای بیقراری با بازی بیژن امکانیان و آتنه فقیه نصیری | Salhaye Bigharari - Full Movie,https://www.youtube.com/watch?v=ablkRqDfwXs
چگونه لات شویم #shorts #در_حاشیه2,https://www.youtube.com/watch?v=3uhyRp7IhNo
فیلم ترکی کمدی رهایش کن با دوبله فارسی | Koyver Gitsin - Full Movie,https://www.youtube.com/watch?v=yJbR_5KAVUI
باید زندانو تمیز کنیم #shorts #در_حاشیه2,https://www.youtube.com/watch?v=9EN2gELBZXs
آقایون داداشا گفته باشم #shorts  #در_حاشیه2,https://www.youtube.com/watch?v=Apo18Q9pin0
سریال ترکی جدید گریه نکن استانبول (شهرزاد) - قسمت 16 - آخر | Serial Gerye Nakon Istanbul (Shahrzad),https://www.youtube.com/watch?v=V3AI0aQIifI
سریال ترکی جدید گریه نکن استانبول (شهرزاد) - قسمت 15 | Serial Gerye Nakon Istanbul (Shahrzad),https://www.youtube.com/watch?v=iYLjH8T0Ch0
فیلم ترکی کمدی هزار شعله با دوبله فارسی | Memlekette Demokrasi Var - Full Movie,https://www.youtube.com/watch?v=vVicrIqm6pw
از دار دنیا یه آپانسیس داشتی اونم دادی بابا زن این #shorts #در_حاشیه2,https://www.youtube.com/watch?v=EDF_aVpL1kE
سریال ترکی جدید گریه نکن استانبول (شهرزاد) - قسمت 14 | Serial Gerye Nakon Istanbul (Shahrzad),https://www.youtube.com/watch?v=cCof5zOaA9M
سریال ترکی جدید گریه نکن استانبول (شهرزاد) - قسمت 13 | Serial Gerye Nakon Istanbul (Shahrzad),https://www.youtube.com/watch?v=HcZjaZD8cg4
فیلم خانوادگی باورم کن با بازی نیما شاهرخ شاهی و بهنوش بختیاری | Bavaram Kon - Full Movie,https://www.youtube.com/watch?v=JOO-axqME68
این برا من هیچ کاری نمیخواد بکنه #shorts #در_حاشیه2,https://www.youtube.com/watch?v=prKywzxIWUE
سریال ترکی جدید گریه نکن استانبول (شهرزاد) - قسمت 12 | Serial Gerye Nakon Istanbul (Shahrzad),https://www.youtube.com/watch?v=vgwhkUep7uQ
سریال ترکی جدید گریه نکن استانبول (شهرزاد) - قسمت 11 | Serial Gerye Nakon Istanbul (Shahrzad),https://www.youtube.com/watch?v=JlSmjbgSFLU
سریال ترکی جدید گریه نکن استانبول (شهرزاد) - قسمت 10 | Serial Gerye Nakon Istanbul (Shahrzad),https://www.youtube.com/watch?v=WBTKdiq51cw
فیلم ترکی کمدی جیمز باند در استانبول با دوبله فارسی | Süper Ajan K9 - Full Movie,https://www.youtube.com/watch?v=eMeFxPmlJ40
داشتن منو کولیکوف میکردن #shorts #در_حاشیه2,https://www.youtube.com/watch?v=7AyWxeSCHqs
سریال ترکی جدید گریه نکن استانبول (شهرزاد) - قسمت 9 | Serial Gerye Nakon Istanbul (Shahrzad),https://www.youtube.com/watch?v=L5GSX_e2miE
سریال ترکی جدید گریه نکن استانبول (شهرزاد) - قسمت 8 | Serial Gerye Nakon Istanbul (Shahrzad),https://www.youtube.com/watch?v=b6WKm-M6yWo
بابک کریمی در فیلم سینمایی من از سپیده صبح بیزارم | Man Az Sepide Sobh Bizaram - Full Movie,https://www.youtube.com/watch?v=7VRLG9axRy4
کوشش اون قول و قرارهایی که به من دادین؟ #shorts #در_حاشیه2,https://www.youtube.com/watch?v=ZmvIqX1pH2U
سریال ترکی جدید گریه نکن استانبول (شهرزاد) - قسمت 7 | Serial Gerye Nakon Istanbul (Shahrzad),https://www.youtube.com/watch?v=5GBiN308FQw
سریال ترکی جدید گریه نکن استانبول (شهرزاد) - قسمت 6 | Serial Gerye Nakon Istanbul (Shahrzad),https://www.youtube.com/watch?v=g0ItqELJaA4
فیلم ترکی کمدی پشت پرده با دوبله فارسی | Kestik Babacim - Full Movie,https://www.youtube.com/watch?v=vFXtXHz3v54
این الان داره ادا منو در میاره؟ #shorts #در_حاشیه2,https://www.youtube.com/watch?v=KMuQ4-8li1I
سریال ترکی جدید گریه نکن استانبول (شهرزاد) - قسمت 5 | Serial Gerye Nakon Istanbul (Shahrzad),https://www.youtube.com/watch?v=x6MAobAwjyw
سریال ترکی جدید گریه نکن استانبول (شهرزاد) - قسمت 4 | Serial Gerye Nakon Istanbul (Shahrzad),https://www.youtube.com/watch?v=-3A0Z6uux1I
سریال ترکی جدید گریه نکن استانبول (شهرزاد) - قسمت 3 | Serial Gerye Nakon Istanbul (Shahrzad),https://www.youtube.com/watch?v=ANqB4xaZNfg
فیلم سینمایی کمدی پایتخت 6 با بازی محسن تنابنده، مهران احمدی و بهرام افشاری | Paytakh 6 - Full Movie,https://www.youtube.com/watch?v=NIcnaWpbBSw
چشماشو ببین، انگار داره با آدم حرف میزنه #shorts #در_حاشیه2,https://www.youtube.com/watch?v=YcXhzKUB1qQ
سریال ترکی جدید گریه نکن استانبول (شهرزاد) - قسمت 2 | Serial Gerye Nakon Istanbul (Shahrzad),https://www.youtube.com/watch?v=Gz5d8W77ERo
سریال ترکی جدید گریه نکن استانبول (شهرزاد) - قسمت 1 | Serial Gerye Nakon Istanbul (Shahrzad),https://www.youtube.com/watch?v=L6S_J9suz-I
فیلم ترکی کمدی زندگی شیرین با دوبله فارسی | Tatli Seyler - Full Movie,https://www.youtube.com/watch?v=LgriYRDip2k
جواد رضویان هستم ملقب به موش مرده #shorts #درحاشیه2,https://www.youtube.com/watch?v=mwhErjs1vBc
فیلم سینمایی جدید کریستال سیاه - کامل | Crystale Siah - Full Movie,https://www.youtube.com/watch?v=GUe4CGFYZls
فیلم ترکی کمدی طلسم سایه با دوبله فارسی | Köstebekgiller 2: Gölgenin Tılsımı - Full Movie,https://www.youtube.com/watch?v=2vnk5GxZ7rw
فیلم سلفی با رستم - محمدرضا هدایتی، علیرضا استادی و شقایق فراهانی | Selfie Ba Rostam - Full Movie,https://www.youtube.com/watch?v=A-eEjdXNcFU
فیلم ترکی خانوادگی و فانتزی جنگل پری با دوبله فارسی | Köstebekgiller: Perili Orman - Full Movie,https://www.youtube.com/watch?v=X6KdGriVK5E
فیلم جنجالی حرف آخر به کارگردانی ابراهیم شفیعی با بازی علیرضا استادی | Harfe Akhar - Full Movie,https://www.youtube.com/watch?v=yXOBybFO8XE
فیلم ترکی عشق اول با دوبله فارسی | İlk Aşk [4K] - Full Movie,https://www.youtube.com/watch?v=SIcF5jWUrbc
فیلم سینمایی مرد پنجم با بازی فریبرز عرب نیا | Marde Panjom - Full Movie,https://www.youtube.com/watch?v=f53I5Gh4FlY
فیلم سینمایی راه رفتن روی سیم با بازی احمد مهرانفر و حامد کمیلی | Rah Raftan Ruye Sim - Full Movie,https://www.youtube.com/watch?v=ST4eNDtEL4M
فیلم ترکی عاشقانه و کمدی برادر من با دوبله فارسی | Kardesim Benim [4K] - Full Movie,https://www.youtube.com/watch?v=_zfemtCjU3I
فیلم سینمایی جدید بعد از رفتن با بازی صابر ابر و سارا بهرامی | Bad az Raftan - Full Movie,https://www.youtube.com/watch?v=CLnZHBfXFV4
فیلم ترکی عاشقانه پسر بد با دوبله فارسی | Kötü Çocuk [4K]  - Full Movie,https://www.youtube.com/watch?v=ofmiX9Ogtdk
فیلم سینمایی جدید کاپیتان با بازی پانته‌آ پناهی‌ها و پژمان بازغی | Capitan - Full Movie,https://www.youtube.com/watch?v=1HJIyBpZ_YY
فیلم ترکی کمدی سرقت از بانک به سبک زنان با دوبله فارسی | Kadin Isi Banka Soygunu - Full Movie,https://www.youtube.com/watch?v=52OzfXDEWrM
فیلم کمدی جهیزیه بابام با بازی بهزاد رحیم خانی و کیانوش گرامی | Jahiziye Babam - Full Movie,https://www.youtube.com/watch?v=kGS6epum930
فیلم سینمایی جدید هوک با بازی امیر جعفری، امیرمهدی ژوله و رویا تیموریان | Hook - Full Movie,https://www.youtube.com/watch?v=GVwx32UaLzk
فیلم ترکی جنایی شکار مورچه ای با دوبله فارسی | Karinca Kapani - Full Movie,https://www.youtube.com/watch?v=PSHMd6bJcBQ
فیلم جدید جنگی پالایشگاه با بازی بانیپال شومون | Palayeshgah - Full Movie,https://www.youtube.com/watch?v=SxIpxwNDwVQ
فیلم ترکی کمدی پشت میله ها با دوبله فارسی | Kogus Akademisi - Full Movie,https://www.youtube.com/watch?v=TyLjWVAozbs
فیلم سینمایی جزایر قناری - تیزر | Film Jazayer Ghanari - Teaser,https://www.youtube.com/watch?v=hnHnPMlgQNg
سریال ترکی جدید گریه نکن استانبول (شهرزاد) - تیزر | Serial Gerye Nakon Istanbul (Shahrzad),https://www.youtube.com/watch?v=QuH-mjo3P-w
فیلم جدید عاشقانه جنگل پرتقال با بازی سارا بهرامی و میرسعید مولویان | Jangale Porteghal - Full Movie,https://www.youtube.com/watch?v=ymgh7h47GZQ
فیلم ترکی کمدی رقص شغال‌ها 4 با دوبله فارسی | Çakallarla Dans 4 - Full Movie,https://www.youtube.com/watch?v=JQv4rT4BKPk
فیلم سینمایی شیرک ساخته داریوش مهرجویی با بازی عزت الله انتظامی | Shirak - Full Movie,https://www.youtube.com/watch?v=Mv9e8GHQ0sc
فیلم سینمایی جدید شماره 10 با بازی مجید صالحی و حسام منظور | Shomareh 10 - Full Movie,https://www.youtube.com/watch?v=FEFqvsvsG24
فیلم ترکی عاشقانه عشق ابدی با دوبله فارسی | Sonsuz Ask - Full Movie,https://www.youtube.com/watch?v=XTfaP19oD-E
فیلم سینمایی کمدی پایتخت 7 با بازی محسن تنابنده و بهرام افشاری | Paytakh 7 - Full Movie,https://www.youtube.com/watch?v=xp-w_frBYck
فیلم ترکی رویای عشق با دوبله فارسی | Ask Uykusu [4K] - Full Movie,https://www.youtube.com/watch?v=qNfylWNZa4o
فیلم کمدی شه سوار با بازی مهرداد صدیقیان، هادی کاظمی و الناز حبیبی | Shah Savar - Full Movie,https://www.youtube.com/watch?v=1PiIG7EdlfI
فیلم ترکی عاشقانه و کمدی من فریدون هستم با دوبله فارسی | Benim Adim Feridun - Full Movie,https://www.youtube.com/watch?v=KTAnkbBVIUM
فیلم جذاب و تماشایی غرامت با هنرنمایی درخشان مهسا حجازی | Gheramat - Full Movie,https://www.youtube.com/watch?v=JdgDFfm72g8
فیلم جدید و جنایی کت چرمی با بازی جواد عزتی و صابر ابر | Coat Charmi - Full Movie,https://www.youtube.com/watch?v=V3-k8Gtx5gI
فیلم سینمایی کت چرمی - تیزر | Film Coat Charmi - Teaser,https://www.youtube.com/watch?v=tAXRmPJpmlg
سریال سرزمین گمشده 1 - قسمت 10 (قسمت آخر) | Serial Sarzamine Gomshodeh 1 - Part 10,https://www.youtube.com/watch?v=B4ADFp3fZP8
فیلم ترکی کمدی عاشقان دیوانه با دوبله فارسی | Askopat - Full Movie,https://www.youtube.com/watch?v=mMzpgIiGpLg
سریال خارجی پدرخوانده - قسمت 10 (دوبله فارسی) - قسمت آخر | Serial Godfather,https://www.youtube.com/watch?v=_76TC_KQmJU
فیلم جدید و جنجالی نورا - با نقش آفرینی متفاوت از نازنین فراهانی | Noora - Full Movie,https://www.youtube.com/watch?v=QhLLAmE7PDA
سریال خارجی پدرخوانده - قسمت 9 (دوبله فارسی) | Serial Godfather,https://www.youtube.com/watch?v=dqWOuUc755M
سریال سرزمین گمشده 1 - قسمت 9 | Serial Sarzamine Gomshodeh 1 - Part 9,https://www.youtube.com/watch?v=AilGLsxjhic
سریال خارجی پدرخوانده - قسمت 8 (دوبله فارسی) | Serial Godfather,https://www.youtube.com/watch?v=B0Y78x2l1Mg
فیلم ترکی کمدی دزد بدشانس با دوبله فارسی | Öz Hakiki Karakol - Full Movie,https://www.youtube.com/watch?v=s0wQvI561O0
سریال خارجی پدرخوانده - قسمت 7 (دوبله فارسی) | Serial Godfather,https://www.youtube.com/watch?v=1VBwKI048TQ
سریال سرزمین گمشده 1 - قسمت 8 | Serial Sarzamine Gomshodeh 1 - Part 8,https://www.youtube.com/watch?v=D1YSSFN40pE
سریال خارجی پدرخوانده - قسمت 6 (دوبله فارسی) | Serial Godfather,https://www.youtube.com/watch?v=EmIHGjpTAHY
سریال خارجی پدرخوانده - قسمت 5 (دوبله فارسی) | Serial Godfather,https://www.youtube.com/watch?v=e5FIHreOy7k
فیلم ترکی کمدی رقص شغال‌ها 3 با دوبله فارسی | Çakallarla Dans 3: Sifir Sikinti - Full Movie,https://www.youtube.com/watch?v=zK4jNhGsOR4
سریال خارجی پدرخوانده - قسمت 4 (دوبله فارسی) | Serial Godfather,https://www.youtube.com/watch?v=_u6Hjn787pM
سریال سرزمین گمشده 1 - قسمت 7 | Serial Sarzamine Gomshodeh 1 - Part 7,https://www.youtube.com/watch?v=Jkmr13HjOpM
سریال خارجی پدرخوانده - قسمت 3 (دوبله فارسی) | Serial Godfather,https://www.youtube.com/watch?v=kyhTNTL5JPM
سریال خارجی پدرخوانده - تیزر (دوبله فارسی) | Serial Godfather - Teaesr,https://www.youtube.com/watch?v=BmuUqOX5wFY
سریال خارجی پدرخوانده - قسمت 2 (دوبله فارسی) | Serial Godfather,https://www.youtube.com/watch?v=-n2PX8LJ3a8
سریال سرزمین گمشده 1 - قسمت 6 | Serial Sarzamine Gomshodeh 1 - Part 6,https://www.youtube.com/watch?v=PTD_ePvAkus
سریال خارجی پدرخوانده - قسمت 1 (دوبله فارسی) | Serial Godfather,https://www.youtube.com/watch?v=X6js2vlU8yQ
فیلم سینمایی تصویر گمشده با بازی سیامک صفری و عزت الله مهرآوران | Tasvire Gomshode - Full Movie,https://www.youtube.com/watch?v=kVdmsdUA35c
سریال ترکی جدید دروغ - قسمت 95 (دوبله فارسی) - قسمت آخر | Serial Yalan,https://www.youtube.com/watch?v=nzZ51v6vgOM
سریال سرزمین گمشده 1 - قسمت 5 | Serial Sarzamine Gomshodeh 1 - Part 5,https://www.youtube.com/watch?v=W6kIhFCPVuU
سریال ترکی جدید دروغ - قسمت 94 (دوبله فارسی) | Serial Yalan,https://www.youtube.com/watch?v=eaZ5U4p-SVg
سریال ترکی جدید دروغ - قسمت 93 (دوبله فارسی) | Serial Yalan,https://www.youtube.com/watch?v=LqblTBKkKa8
فیلم کمدی عید امسال با بازی علی صادقی و مهران غفوریان | Eyde Emsal - Full Movie,https://www.youtube.com/watch?v=o0f7c8EZedI
سریال ترکی جدید دروغ - قسمت 92 (دوبله فارسی) | Serial Yalan,https://www.youtube.com/watch?v=1foZSjSkuFk
سریال سرزمین گمشده 1 - قسمت 4 | Serial Sarzamine Gomshodeh 1 - Part 4,https://www.youtube.com/watch?v=r8N-vwcc_1Y
سریال ترکی جدید دروغ - قسمت 91 (دوبله فارسی) | Serial Yalan,https://www.youtube.com/watch?v=0qp8omqGI_o
فیلم کمدی اجاره نشین ها با بازی اکبر عبدی و عزت الله انتظامی | Ejare Neshinha - Full Movie,https://www.youtube.com/watch?v=DqZEqlh5vKE
سریال ترکی جدید دروغ - قسمت 90 (دوبله فارسی) | Serial Yalan,https://www.youtube.com/watch?v=-cYSQ6gevqI
سریال سرزمین گمشده 1 - قسمت 3 | Serial Sarzamine Gomshodeh 1 - Part 3,https://www.youtube.com/watch?v=tyuVY7NryEk
سطح معلومات خانواده‌ام - سریال پایتخت 7,https://www.youtube.com/watch?v=zZmPnStEWos
سریال ترکی جدید دروغ - قسمت 89 (دوبله فارسی) | Serial Yalan,https://www.youtube.com/watch?v=3x1upxzqTuk
فیلم سینمایی سوم شخص غایب، داستانی از رفاقت‌های کودکی | Sevom Shakhse Ghayeb - Full Movie,https://www.youtube.com/watch?v=IKgSYdvd6bI
سریال ترکی جدید دروغ - قسمت 88 (دوبله فارسی) | Serial Yalan,https://www.youtube.com/watch?v=AZfXsjdD2-s
سریال سرزمین گمشده 1 - قسمت 2 | Serial Sarzamine Gomshodeh 1 - Part 2,https://www.youtube.com/watch?v=0zqKRINJEr8
سریال ترکی جدید دروغ - قسمت 87 (دوبله فارسی) | Serial Yalan,https://www.youtube.com/watch?v=YJEsdl1WsWo
سریال ترکی جدید دروغ - قسمت 86 (دوبله فارسی) | Serial Yalan,https://www.youtube.com/watch?v=yRl9gC0Z52o
فیلم سینمایی دشت خاموش - برنده جایزه بهترین فیلم در جشنواره‌های جهانی | Dashte Khamoush - Full Movie,https://www.youtube.com/watch?v=6rcrT_K4XtQ
سریال ترکی جدید دروغ - قسمت 85 (دوبله فارسی) | Serial Yalan,https://www.youtube.com/watch?v=OzchAu7Fgl0
سریال سرزمین گمشده 1 - قسمت 1 | Serial Sarzamine Gomshodeh 1 - Part 1,https://www.youtube.com/watch?v=oRbyq_faIVE
سریال ترکی جدید دروغ - قسمت 84 (دوبله فارسی) | Serial Yalan,https://www.youtube.com/watch?v=nuvyH5Zrw1c
تمام دانش من ریخت رو سرت #shorts,https://www.youtube.com/watch?v=3Fs73Dp5tk4
سریال ترکی جدید دروغ - قسمت 83 (دوبله فارسی) | Serial Yalan,https://www.youtube.com/watch?v=cD7ts0D0ziA
سریال ترکی جدید دروغ - قسمت 82 (دوبله فارسی) | Serial Yalan,https://www.youtube.com/watch?v=AvAIE-aeV0k
فیلم سینمایی چوری - قصه‌ای ساده اما عمیق از زندگی و محبت | Choori - Full Movie,https://www.youtube.com/watch?v=sLx9U16ruF0
سریال ترکی جدید دروغ - قسمت 81 (دوبله فارسی) | Serial Yalan,https://www.youtube.com/watch?v=U_ZzXBZwnxc
سریال ترکی جدید دروغ - قسمت 80 (دوبله فارسی) | Serial Yalan,https://www.youtube.com/watch?v=NBvufvIZbO0
باید جواب خیلی چیزارو بدی #shorts,https://www.youtube.com/watch?v=FSHW7kc97z0
سریال ترکی جدید دروغ - قسمت 79 (دوبله فارسی) | Serial Yalan,https://www.youtube.com/watch?v=3Of_HDXnlnQ
فیلم سینمایی فصل بلوغ - روایتی از عشق، سردرگمی و رشد | Fasle Bolough - Full Movie,https://www.youtube.com/watch?v=ReOwbfCRp5w
فیلم سینمایی تک درخت ها - با بازی سعید پورصمیمی و پریوش نظریه | Tak Derakht Ha - Full Movie,https://www.youtube.com/watch?v=_99-DzgySCY
فیلم سینمایی فرزند خوانده با بازی حمیدرضا پگاه و شبنم قلی خانی | Farzand Khandeh - Full Movie,https://www.youtube.com/watch?v=QLS23TZSKcc
فیلم سینمایی نار و نی - با هنرمندی جهانگیر الماسی و رسول نجفیان | Nar o Ney - Full Movie,https://www.youtube.com/watch?v=w-UkpBc_oTU
جایزه گرفتن دورو #shorts,https://www.youtube.com/watch?v=6QE8O9hhf3s
سریال ترکی جدید دروغ - قسمت 78 (دوبله فارسی) | Serial Yalan,https://www.youtube.com/watch?v=KoZRhfVFUyU
فیلم سینمایی روزگار مجنون، با بازی محیا دهقانی و رضا اخلاقی راد | Roozegar Majnoon - Full Movie,https://www.youtube.com/watch?v=F-UWYDBAKYk
سریال ترکی جدید دروغ - قسمت 77 (دوبله فارسی) | Serial Yalan,https://www.youtube.com/watch?v=22b0DyFAp9c
برنده با اسم مستعار شرکت کرده بود #shorts,https://www.youtube.com/watch?v=Z1vDvrUvqdQ
سریال ترکی جدید دروغ - قسمت 76 (دوبله فارسی) | Serial Yalan,https://www.youtube.com/watch?v=1tyZa5RKVfk
فیلم سینمایی رویای سینما با بازی علی شادمان و نیلوفر محمودی | Royaye Cinama - Full Movie,https://www.youtube.com/watch?v=pIkx0bhYtig
سریال ترکی جدید دروغ - قسمت 75 (دوبله فارسی) | Serial Yalan,https://www.youtube.com/watch?v=sB0_kOek4OU
سریال ترکی جدید دروغ - قسمت 74 (دوبله فارسی) | Serial Yalan,https://www.youtube.com/watch?v=-p9V-UMXVNA
کاش زمان متوقف شه #shorts,https://www.youtube.com/watch?v=2ZfrzmnQR_o
سریال ترکی جدید دروغ - قسمت 73 (دوبله فارسی) | Serial Yalan,https://www.youtube.com/watch?v=kX0SDS0Sop0
سریال ترکی جدید دروغ - قسمت 72 (دوبله فارسی) | Serial Yalan,https://www.youtube.com/watch?v=45NHiSY18Ww
سریال ترکی جدید دروغ - قسمت 71 (دوبله فارسی) | Serial Yalan,https://www.youtube.com/watch?v=_SkuG8nfXBc
فیلم سینمایی هفت پرده با بازی فریبرز عرب نیا و گلشیفته فراهانی | Haft Pardeh - Full Movie,https://www.youtube.com/watch?v=-DU-0PfyL7Y
سریال ترکی جدید دروغ - قسمت 70 (دوبله فارسی) | Serial Yalan,https://www.youtube.com/watch?v=wpG6bG6Ng6w
سریال ترکی جدید دروغ - قسمت 69 (دوبله فارسی) | Serial Yalan,https://www.youtube.com/watch?v=P4hQ69IaEfw
فیلم سینمایی تعصب با بازی عنایت بخشی و مهدی سلوکی | Taasob - Full Movie,https://www.youtube.com/watch?v=u6al1ecgfIE
سریال ترکی جدید دروغ - قسمت 68 (دوبله فارسی) | Serial Yalan,https://www.youtube.com/watch?v=7JDlMAYzxrc
سریال ترکی جدید دروغ - قسمت 67 (دوبله فارسی) | Serial Yalan,https://www.youtube.com/watch?v=RF8yaCB71cw
سریال ترکی جدید دروغ - قسمت 66 (دوبله فارسی) | Serial Yalan,https://www.youtube.com/watch?v=mGuQ84Wb0ao
فیلم سینمایی انتقام با بازی پویا امینی و رامین راستاد | Entegham - Full Movie,https://www.youtube.com/watch?v=tK2YMDfogZI
سریال ترکی جدید دروغ - قسمت 65 (دوبله فارسی) | Serial Yalan,https://www.youtube.com/watch?v=p9AJIk8ohRg
سریال ترکی جدید دروغ - قسمت 64 (دوبله فارسی) | Serial Yalan,https://www.youtube.com/watch?v=Py9sfMwfnR4
فیلم کمدی تپلی و من با بازی یوسف تیموری و میترا حجار | Topoli va Man - Full Movie,https://www.youtube.com/watch?v=jdtDW-otxgE
سریال ترکی جدید دروغ - قسمت 63 (دوبله فارسی) | Serial Yalan,https://www.youtube.com/watch?v=A4uobNQCdLM
نامزدشو با یکی دیگه دید #shorts,https://www.youtube.com/watch?v=eZyYXgURN-o
سریال ترکی جدید دروغ - قسمت 62 (دوبله فارسی) | Serial Yalan,https://www.youtube.com/watch?v=nYL_-2w-xHQ
فیلم تحسین شده دانه های ریز برف - با بازی محسن تنابنده | Danehaye Rize Barf - Full Movie,https://www.youtube.com/watch?v=hibZ6RiLVjE
سریال ترکی جدید دروغ - قسمت 61 (دوبله فارسی) | Serial Yalan,https://www.youtube.com/watch?v=4XQgPm_BxvE
سریال ترکی جدید دروغ - قسمت 60 (دوبله فارسی) | Serial Yalan,https://www.youtube.com/watch?v=4839hRuZBUs
سریال ترکی جدید دروغ - قسمت 59 (دوبله فارسی) | Serial Yalan,https://www.youtube.com/watch?v=nayt3_OgjHI
فیلم سینمایی نسترن‌های وحشی: روایتی تکان‌دهنده از عشق و فداکاری | Nastaranhaye Vahshi - Full Movie,https://www.youtube.com/watch?v=8MMuhyGknBA
من یه آذر ماهی سال ببرم #shorts,https://www.youtube.com/watch?v=OjUAsGw7zf0
سریال ترکی جدید دروغ - قسمت 58 (دوبله فارسی) | Serial Yalan,https://www.youtube.com/watch?v=e8E2vMuRCKU
همه جا باید شناسنامه بیارم تا خودمو ثابت کنم #shorts,https://www.youtube.com/watch?v=Ckf5nk7TfMg
سریال ترکی جدید دروغ - قسمت 57 (دوبله فارسی) | Serial Yalan,https://www.youtube.com/watch?v=BbSc62-Kw-I
فیلم سینمایی هامون - شاهکار داریوش مهرجویی، برنده 5 سیمرغ بلورین | Hamoon - Full Movie,https://www.youtube.com/watch?v=8oPVKhSK820
سریال ترکی جدید دروغ - قسمت 56 (دوبله فارسی) | Serial Yalan,https://www.youtube.com/watch?v=IEsHW1s0-nE
وقتی یه دختر میگه ولم کن باید دست برداری #shorts,https://www.youtube.com/watch?v=e-aZdn9YfHs
سریال ترکی جدید دروغ - قسمت 55 (دوبله فارسی) | Serial Yalan,https://www.youtube.com/watch?v=-NGif3qkNKg
فیلم سینمایی ایران سرای من است - پخش پس از 18 سال توقیف | Iran Saraye Man Ast - Full Movie,https://www.youtube.com/watch?v=92aZ8a9Z090
سریال ترکی جدید دروغ - قسمت 54 (دوبله فارسی) | Serial Yalan,https://www.youtube.com/watch?v=M7qb9ShcGzg
دایی، مردی با من در زاویه بود #shorts,https://www.youtube.com/watch?v=_cb_wROw0SQ
سریال ترکی جدید دروغ - قسمت 53 (دوبله فارسی) | Serial Yalan,https://www.youtube.com/watch?v=1Jtx6Gs6zgg
مسئله امنیتیه، مسئله سکرته #shorts,https://www.youtube.com/watch?v=JnlDRpBC3V0
سریال ترکی جدید دروغ - قسمت 52 (دوبله فارسی) | Serial Yalan,https://www.youtube.com/watch?v=e7fHZ8dkp_s
فیلم سینمایی علی و دنی با بازی اکبر عبدی و حسین محجوب | Ali and Danny - Full Movie,https://www.youtube.com/watch?v=_zmUOE6B1vU
سریال ترکی جدید دروغ - قسمت 51 (دوبله فارسی) | Serial Yalan,https://www.youtube.com/watch?v=ZxWiRahrAPg
سریال ترکی جدید دروغ - قسمت 50 (دوبله فارسی) | Serial Yalan,https://www.youtube.com/watch?v=Rjiew_PgOIc
فیلم ضد جنگ برلین منفی هفت با بازی مصطفی زمانی و مسعود رایگان | Berlin -7 - Full Movie,https://www.youtube.com/watch?v=_m6rTitFnjA
سریال ترکی جدید دروغ - قسمت 49 (دوبله فارسی) | Serial Yalan,https://www.youtube.com/watch?v=_evfJxuZKC4
سریال ترکی جدید دروغ - قسمت 48 (دوبله فارسی) | Serial Yalan,https://www.youtube.com/watch?v=fLpSk0cvu_w
فیلم سینمایی گیلدا با بازی مهناز افشار و حامد کمیلی | Gilda - Full Movie,https://www.youtube.com/watch?v=Xq66ylLd_Xk
چیز خور شدن نقی معمولی #shorts,https://www.youtube.com/watch?v=_z32xlTwpww
سریال ترکی جدید دروغ - قسمت 47 (دوبله فارسی) | Serial Yalan,https://www.youtube.com/watch?v=n6QuzOlYue0
سریال ترکی جدید دروغ - قسمت 46 (دوبله فارسی) | Serial Yalan,https://www.youtube.com/watch?v=vv8gjlE4zzE
سریال ترکی جدید دروغ - قسمت 45 (دوبله فارسی) | Serial Yalan,https://www.youtube.com/watch?v=XFCk_LcFv3o
فیلم جدید آبی روشن با بازی مهران غفوریان و مهران احمدی | Abi Roshan - Full Movie,https://www.youtube.com/watch?v=kBOgy69aZnA
سریال ترکی جدید دروغ - قسمت 44 (دوبله فارسی) | Serial Yalan,https://www.youtube.com/watch?v=4LYITYDMLaM
آقاییم باغ داره اما موقعیت باغ آقاییش #shorts,https://www.youtube.com/watch?v=V8-oeAclinQ
سریال ترکی جدید دروغ - قسمت 43 (دوبله فارسی) | Serial Yalan,https://www.youtube.com/watch?v=GREuyPTndX4
فیلم سینمایی طبقه یک و نیم با بازی مهدی هاشمی | Tabagheh Yek o Nim - Full Movie,https://www.youtube.com/watch?v=1hllDwiMwD8
سریال ترکی جدید دروغ - قسمت 42 (دوبله فارسی) | Serial Yalan,https://www.youtube.com/watch?v=ejjtXldBX7c
سریال ترکی جدید دروغ - قسمت 41 (دوبله فارسی) | Serial Yalan,https://www.youtube.com/watch?v=--ixe4IZpk4
فیلم کمدی جدید آپاراتچی با بازی هومن برق نورد، رضا ناجی و بهنام تشکر | Aparatchi - Full Movie,https://www.youtube.com/watch?v=-jXV4sQOo-s
فهیمه زیبای علی آباد #shorts,https://www.youtube.com/watch?v=4O9thqNnna0
سریال ترکی جدید دروغ - قسمت 40 (دوبله فارسی) | Serial Yalan,https://www.youtube.com/watch?v=6f8TkwE59Ls
رفیقم تو موقعییت های حساس زندگیم #shorts,https://www.youtube.com/watch?v=hQvhT41R5Lg
سریال جدید و کمدی پایتخت 7 - پشت صحنه 2 | Serial Paytakht 7 - Backstage 2,https://www.youtube.com/watch?v=WnbLc8GhgCs
سریال ترکی جدید دروغ - قسمت 39 (دوبله فارسی) | Serial Yalan,https://www.youtube.com/watch?v=-ScizjVjq_8
سریال جدید و کمدی پایتخت 7 - پشت صحنه 1 | Serial Paytakht 7 - Backstage 1,https://www.youtube.com/watch?v=24wTL1EslpE
سریال ترکی جدید دروغ - قسمت 38 (دوبله فارسی) | Serial Yalan,https://www.youtube.com/watch?v=Wotik1LM06A
فیلم سینمایی مامان مهشید با بازی فاطمه گودرزی و مهدی امینی خواه | Maman Mahshid - Full Movie,https://www.youtube.com/watch?v=441ctlRmXwc
سریال ترکی جدید دروغ - قسمت 37 (دوبله فارسی) | Serial Yalan,https://www.youtube.com/watch?v=3TmRtbX4AE0
ویگن شمایی #shorts,https://www.youtube.com/watch?v=zlSH922WFL4
سریال ترکی جدید دروغ - قسمت 36 (دوبله فارسی) | Serial Yalan,https://www.youtube.com/watch?v=x_iNjHNivpo
فیلم کمدی آرش و پدر زن با بازی رضا بنفشه خواه و پرستو صالحی | Arash va Pedar Zan - Full Movie,https://www.youtube.com/watch?v=l_UtA00pcoU
سریال ترکی جدید دروغ - قسمت 35 (دوبله فارسی) | Serial Yalan,https://www.youtube.com/watch?v=IMpdw1sVkAE
از لحاظ روحی دوست داشتم عضو خانواده نقی بودم #shorts,https://www.youtube.com/watch?v=5BiBREvSTb8
سریال ترکی جدید دروغ - قسمت 34 (دوبله فارسی) | Serial Yalan,https://www.youtube.com/watch?v=K-sU7RpWPJM
فیلم پلیسی تسلیم سرنوشت 2 با بازی مهدی امینی خواه و رضا توکلی | Taslime Sarnevesht 2 - Full Movie,https://www.youtube.com/watch?v=Ozx2CM4uNes
آب معدنی براش قطره چشم میمونه #shorts,https://www.youtube.com/watch?v=wLUHMppma8o
سریال ترکی جدید دروغ - قسمت 33 (دوبله فارسی) | Serial Yalan,https://www.youtube.com/watch?v=OcjZlWVTArY
ادکلن معروف رحمت #shorts,https://www.youtube.com/watch?v=4dWBtUO20XM
سریال ترکی جدید دروغ - قسمت 32 (دوبله فارسی) | Serial Yalan,https://www.youtube.com/watch?v=Uer4MuqUjmc
فیلم کمدی در حاشیه - با بازی مهران مدیری و سیامک انصاری | Dar Hashiyeh - Full Movie,https://www.youtube.com/watch?v=wEak3IPQNws
سریال ترکی جدید دروغ - قسمت 31 (دوبله فارسی) | Serial Yalan,https://www.youtube.com/watch?v=Lhgdg1-E5bE
فیلم پلیسی تسلیم سرنوشت 1 با بازی پرستو صالحی و مهدی امینی خواه | Taslime Sarnevesht 1 - Full Movie,https://www.youtube.com/watch?v=4BJpXStwu3U
از پلیس میترسه که شاید دستش رو بشه #shorts,https://www.youtube.com/watch?v=OkotetwH84w
سریال ترکی جدید دروغ - قسمت 30 (دوبله فارسی) | Serial Yalan,https://www.youtube.com/watch?v=h8N8U4Zd0fA
سریال ترکی جدید دروغ - قسمت 29 (دوبله فارسی) | Serial Yalan,https://www.youtube.com/watch?v=s96KkQa_TZw
فیلم کمدی بازی اجباری با هنرمندی افشین سنگ چاپ و محمد فیلی | Bazie Ejbari - Full Movie,https://www.youtube.com/watch?v=LtnomvVeEkQ
نگو ضیا بگو ضیا #shorts,https://www.youtube.com/watch?v=NN1qOJamDv8
سریال ترکی جدید دروغ - قسمت 28 (دوبله فارسی) | Serial Yalan,https://www.youtube.com/watch?v=Xng_5yIvQz0
فیلموگرافی گوهر خیراندیش - با حضور بازیگران مطرح سینمای ایران | Gohar Kheirandish,https://www.youtube.com/watch?v=I987zeOYF3g
نزدیک بود همه چیز لو بره #shorts,https://www.youtube.com/watch?v=fBYybpnUJAA
سریال ترکی جدید دروغ - قسمت 27 (دوبله فارسی) | Serial Yalan,https://www.youtube.com/watch?v=PZ9RLyfWI1k
فیلم سینمایی ابرهای ارغوانی با هنرنمایی حسین یاری و هانیه توسلی | Abrhaye Arghavani - Full Movie,https://www.youtube.com/watch?v=U9Y6XsEuk98
سریال ترکی جدید دروغ - قسمت 26 (دوبله فارسی) | Serial Yalan,https://www.youtube.com/watch?v=Er8DTVaL8wQ
بوگیر کفش خوردن #shorts,https://www.youtube.com/watch?v=X7z0JiKM1cI
سریال ترکی جدید دروغ - قسمت 25 (دوبله فارسی) | Serial Yalan,https://www.youtube.com/watch?v=PPWQT6oxu6I
حاج نقی مرد #shorts,https://www.youtube.com/watch?v=cUJSlijRuLA
سریال ترکی جدید دروغ - قسمت 24 (دوبله فارسی) | Serial Yalan,https://www.youtube.com/watch?v=HWKON3GfDAE
فیلم سینمایی چاقی با بازی علی مصفا و حمید فرخ نژاد | Chaghi - Full Movie,https://www.youtube.com/watch?v=lEDB0C7vbFI
فکرشم نکن دست رو دخترت بلند کنی #shorts,https://www.youtube.com/watch?v=NGsFVkpCyxM
میره حمام 10 تا صابون مصرف میکنه #shorts,https://www.youtube.com/watch?v=Jd7mYbwr1wk
سریال ترکی جدید دروغ - قسمت 23 (دوبله فارسی) | Serial Yalan,https://www.youtube.com/watch?v=9mO_ShMe5wU
ورودی رو کنترل کن خروجی با ما #shorts,https://www.youtube.com/watch?v=e4BC1aHWV84
سریال ترکی جدید دروغ - قسمت 22 (دوبله فارسی) | Serial Yalan,https://www.youtube.com/watch?v=kIclszGfcUE
فیلم سینمایی میکس با بازی عزت الله انتظامی، لیلا حاتمی و خسرو شکیبایی | Mix - Full Movie,https://www.youtube.com/watch?v=CnJx-tdW0CQ
نقی رو با خاک یکسان کرد #shorts,https://www.youtube.com/watch?v=XWe3lBjaijo
سریال ترکی جدید دروغ - قسمت 21 (دوبله فارسی) | Serial Yalan,https://www.youtube.com/watch?v=PUGtcbr349M
معلومه با این خودکار شاهنامه ها نوشتی #shorts,https://www.youtube.com/watch?v=1UW9oLf2zD8
سریال ترکی جدید دروغ - قسمت 20 (دوبله فارسی) | Serial Yalan,https://www.youtube.com/watch?v=kl1cA99aNdc
فیلم سینمایی 52 هرتز با بازی شقایق فراهانی و علیرضا استادی | 52Hertz - Full Movie,https://www.youtube.com/watch?v=uv403TnIJ0E
میزان حسادت نقی به سالار #shorts,https://www.youtube.com/watch?v=bXp0y_0ydyU
سریال ترکی جدید دروغ - قسمت 19 (دوبله فارسی) | Serial Yalan,https://www.youtube.com/watch?v=3Oq-mcNrKq0
سریال جدید و کمدی پایتخت 7 - خلاصه قسمتهای 21 تا 22 | Serial Paytakht 7 - Parts 21 - 22,https://www.youtube.com/watch?v=sKH_JqKamKI
سریال ترکی جدید دروغ - قسمت 18 (دوبله فارسی) | Serial Yalan,https://www.youtube.com/watch?v=uVW683PqwaU
سریال جدید و کمدی پایتخت 7 - خلاصه قسمتهای 18 تا 20 | Serial Paytakht 7 - Parts 18 - 20,https://www.youtube.com/watch?v=87p0KXW5FpQ
سریال ترکی جدید دروغ - قسمت 17 (دوبله فارسی) | Serial Yalan,https://www.youtube.com/watch?v=u4i6aoIH41I
فیلم فانتزی تورنادو با بازی اکبر عبدی و بهنوش بختیاری | Tornado - Full Movie,https://www.youtube.com/watch?v=aUvOOTZZNBI
سریال جدید و کمدی پایتخت 7 - قسمت 22 (قسمت آخر) | Serial Paytakht 7 - Part 22,https://www.youtube.com/watch?v=TNjjmF4V4w8
سریال ترکی جدید دروغ - قسمت 16 (دوبله فارسی) | Serial Yalan,https://www.youtube.com/watch?v=eDFi6iSfyOg
ازدواجه یا دو میدانی #shorts,https://www.youtube.com/watch?v=vCZBZNCJxQQ
بالاخره رحمت از فهیمه جواب مثبت گرفت - سریال پایتخت 7,https://www.youtube.com/watch?v=bQV3oL9KZDs
تیزر رسمی سریال ترکی دروغ بدون سانسور (دوبله فارسی) | Serial Yalan,https://www.youtube.com/watch?v=_rdNRAhO_lw
سریال جدید و کمدی پایتخت 7 - قسمت 21 | Serial Paytakht 7 - Part 21,https://www.youtube.com/watch?v=tWHxlXSY3QQ
سریال ترکی جدید دروغ - قسمت 15 (دوبله فارسی) | Serial Yalan,https://www.youtube.com/watch?v=DAD_10IiJ2A
فیلم سینمایی سه و نیم - پخش برای اولین بار پس از 6 سال توقیف | Se o Nim - Full Movie,https://www.youtube.com/watch?v=GTDp5UWV9LI
جدال بین خرس و میمون - سریال پایتخت 7,https://www.youtube.com/watch?v=R1HP664IPgE
منطق خانواده ایرانی در مورد غش #shorts,https://www.youtube.com/watch?v=1hn1NMTnu_k
سریال جدید و کمدی پایتخت 7 - قسمت 20 | Serial Paytakht 7 - Part 20,https://www.youtube.com/watch?v=ocdybrRzYOk
سریال ترکی جدید دروغ - قسمت 14 (دوبله فارسی) | Serial Yalan,https://www.youtube.com/watch?v=7zAtLr_Fn7w
آموزش رقص مازنی با استاد بهتاش - سریال پایتخت 7,https://www.youtube.com/watch?v=yJl0dwra9E8
نقی حاضر شد هما بره زندان #shorts,https://www.youtube.com/watch?v=2KYOX1TFYiw
واقعی ترین قهرمان پوشالی - سریال پایتخت 7,https://www.youtube.com/watch?v=QpdTi_v0TIs
سریال جدید و کمدی پایتخت 7 - قسمت 19 | Serial Paytakht 7 - Part 19,https://www.youtube.com/watch?v=g49tJ30E8O0
سریال ترکی جدید دروغ - قسمت 13 (دوبله فارسی) | Serial Yalan,https://www.youtube.com/watch?v=cFLrRhFHttM
فیلم عاشقانه شماره 17 سهیلا با بازی زهرا داوودنژاد | Shomare 17 Soheila - Full Movie,https://www.youtube.com/watch?v=nth-_KI45bU
با روح مرده شوخی نکن - سریال پایتخت 7,https://www.youtube.com/watch?v=CYycOaaYQ6Y
سریال جدید و کمدی پایتخت 7 - قسمت 18 | Serial Paytakht 7 - Part 18,https://www.youtube.com/watch?v=5iZF3dc27O0
سریال ترکی جدید دروغ - قسمت 12 (دوبله فارسی) | Serial Yalan,https://www.youtube.com/watch?v=va6lXOT-Ez4
سریال جدید و کمدی پایتخت 7 - خلاصه قسمتهای 12 تا 17 | Serial Paytakht 7 - Parts 12 - 17,https://www.youtube.com/watch?v=-vrEEkrnTiE
سریال ترکی جدید دروغ - قسمت 11 (دوبله فارسی) | Serial Yalan,https://www.youtube.com/watch?v=8FiYRVr6Mso
سریال جدید و کمدی پایتخت 7 - قسمت 17 | Serial Paytakht 7 - Part 17,https://www.youtube.com/watch?v=NJvPvjIaJuA
سریال ترکی جدید دروغ - قسمت 10 (دوبله فارسی) | Serial Yalan,https://www.youtube.com/watch?v=HEXB6mVcuzI
فیلم ممنوعه و توقیف‌شده ناپدید شدن - برگزیده جشنواره‌های جهانی | Napadid Shodan - Full Movie,https://www.youtube.com/watch?v=U-sHXGrsW80
وقتی سالار معمولی گردن میگیره - سریال پایتخت 7,https://www.youtube.com/watch?v=CjT_W8R8xis
سریال جدید و کمدی پایتخت 7 - قسمت 16 | Serial Paytakht 7 - Part 16,https://www.youtube.com/watch?v=6iaM9c0I2T4
سریال ترکی جدید دروغ - قسمت 9 (دوبله فارسی) | Serial Yalan,https://www.youtube.com/watch?v=c_iqC6tHMEY
خلاف دسته جمعی حال میده - سریال پایتخت 7,https://www.youtube.com/watch?v=VYl-zTi1Ig4
سریال جدید و کمدی پایتخت 7 - قسمت 15 | Serial Paytakht 7 - Part 15,https://www.youtube.com/watch?v=YrlIZfx-4e4
سریال ترکی جدید دروغ - قسمت 8 (دوبله فارسی) | Serial Yalan,https://www.youtube.com/watch?v=F9lrsaO5OTo
فیلم کمدی ایکس لارج با بازی اکبر عبدی، علی صادقی و سحر قریشی | X Large - Full Movie,https://www.youtube.com/watch?v=PzFwpkXQ0u0
مذاکرات نه چندان دوستانه 3+1 - سریال پایتخت 7,https://www.youtube.com/watch?v=fcqh8jikMzs
سریال جدید و کمدی پایتخت 7 - قسمت 14 | Serial Paytakht 7 - Part 14,https://www.youtube.com/watch?v=IRAnCOCDjbM
سریال ترکی جدید دروغ - قسمت 7 (دوبله فارسی) | Serial Yalan,https://www.youtube.com/watch?v=4klgsWaZMhM
از این دختر باید ترسید #shorts,https://www.youtube.com/watch?v=7KN-heA1GhA
سریال جدید و کمدی پایتخت 7 - قسمت 13 | Serial Paytakht 7 - Part 13,https://www.youtube.com/watch?v=jgB8Sh-EPEs
سریال ترکی جدید دروغ - قسمت 6 (دوبله فارسی) | Serial Yalan,https://www.youtube.com/watch?v=pz4JoUdda-M
فیلم سینمایی بی نشون با بازی جواد رضویان و مجید مشیری | Bi Neshoon - Full Movie,https://www.youtube.com/watch?v=NHPsWc3pgnY
من باید سگ میشدم - سریال پایتخت 7,https://www.youtube.com/watch?v=FNw8JtVpxFo
گاوبازی بهتاش با بهروز #shorts,https://www.youtube.com/watch?v=6NZC6ClpV4Q
سریال جدید و کمدی پایتخت 7 - قسمت 12 | Serial Paytakht 7 - Part 12,https://www.youtube.com/watch?v=6UKkjWVsOlc
سریال ترکی جدید دروغ - قسمت 5 (دوبله فارسی) | Serial Yalan,https://www.youtube.com/watch?v=G7AStvyDW6s
سریال جدید و کمدی پایتخت 7 - خلاصه قسمتهای 1 تا 11 | Serial Paytakht 7 - Part 1 - 11,https://www.youtube.com/watch?v=rhBsRqWTHLM
سریال ترکی جدید دروغ - قسمت 4 (دوبله فارسی) | Serial Yalan,https://www.youtube.com/watch?v=jYV4ORzqr9w
میمون رفته تو جلدش - پایتخت 7,https://www.youtube.com/watch?v=BDZI7Cmo5Bc
سریال جدید و کمدی پایتخت 7 - قسمت 11 | Serial Paytakht 7 - Part 11,https://www.youtube.com/watch?v=R1pwxC3lDcI
سریال ترکی جدید دروغ - قسمت 3 (دوبله فارسی) | Serial Yalan,https://www.youtube.com/watch?v=L8MN5kLtntw
آبروی مملکت در خطره! - سریال پایتخت 7,https://www.youtube.com/watch?v=Auv12DlSDk8
سریال جدید و کمدی پایتخت 7 - قسمت 10 | Serial Paytakht 7 - Part 10,https://www.youtube.com/watch?v=iE4EHffcNgw
سریال ترکی جدید دروغ - قسمت 2 (دوبله فارسی) | Serial Yalan,https://www.youtube.com/watch?v=BbiZdlHzyAE
رحمت پروتز کرده؟! - سریال پایتخت 7,https://www.youtube.com/watch?v=3IvajMk5BVY
سریال جدید و کمدی پایتخت 7 - قسمت 9 | Serial Paytakht 7 - Part 9,https://www.youtube.com/watch?v=QD8A68dYKy0
سریال ترکی جدید دروغ - قسمت 1 (دوبله فارسی) | Serial Yalan,https://www.youtube.com/watch?v=rYhdU_ELU5M
فیلم سینمایی داستان سیاوش با بازی مجید مظفری و آناهیتا درگاهی | Dastane Siavash - Full Movie,https://www.youtube.com/watch?v=gPuRYa3kQvo
سریال جدید و کمدی پایتخت 7 - قسمت 8 | Serial Paytakht 7 - Part 8,https://www.youtube.com/watch?v=wKUWqwt6Kak
سریال ترکی گلیزار - قسمت 30 (دوبله فارسی) - قسمت آخر | Serial Gulizar (Wildrose),https://www.youtube.com/watch?v=pMMdKGd4yeI
این سوراخ یه سوراخ معمولی نیست - سریال پایتخت 7,https://www.youtube.com/watch?v=r-D0s9GKFwM
سریال جدید و کمدی پایتخت 7 - قسمت 7 | Serial Paytakht 7 - Part 7,https://www.youtube.com/watch?v=Ge7xaAKXak8
سریال ترکی گلیزار - قسمت 29 (دوبله فارسی) | Serial Gulizar (Wildrose),https://www.youtube.com/watch?v=szKDoRttM1E
فیلم تنها دو بار زندگی می کنیم با بازی نگار جواهریان | Tanha Do Bar Zendegi Mikonim - Full Movie,https://www.youtube.com/watch?v=Fvt4ZiL6XMo
سریال ترکی جدید دروغ - تیزر (دوبله فارسی) | Serial Yalan,https://www.youtube.com/watch?v=pX1e2kf6OtE
سریال جدید و کمدی پایتخت 7 - قسمت 6 | Serial Paytakht 7 - Part 6,https://www.youtube.com/watch?v=cn4E5Wlksq0
سریال ترکی گلیزار - قسمت 28 (دوبله فارسی) | Serial Gulizar (Wildrose),https://www.youtube.com/watch?v=4namWqDmAlE
سریال جدید و کمدی پایتخت 7 - قسمت 5 | Serial Paytakht 7 - Part 5,https://www.youtube.com/watch?v=bPRhxDXLWdA
سریال ترکی گلیزار - قسمت 27 (دوبله فارسی) | Serial Gulizar (Wildrose),https://www.youtube.com/watch?v=XYL6E4GYajU
شب خواستگار کشون توسط نقی - سریال پایتخت 7,https://www.youtube.com/watch?v=1_NbpBZlmas
سریال جدید و کمدی پایتخت 7 - قسمت 4 | Serial Paytakht 7 - Part 4,https://www.youtube.com/watch?v=g0oXn0KKXtw
سریال ترکی گلیزار - قسمت 26 (دوبله فارسی) | Serial Gulizar (Wildrose),https://www.youtube.com/watch?v=r09Wd6dnpt4
فیلم کمدی ازدواج به سبک ایرانی با بازی فاطمه گودرزی | Ezdevaj Be Sabke Irani - Full Movie,https://www.youtube.com/watch?v=zOObXpR2ua8
سریال جدید و کمدی پایتخت 7 - قسمت 3 | Serial Paytakht 7 - Part 3,https://www.youtube.com/watch?v=kfwdhHq-YpY
سریال ترکی گلیزار - قسمت 25 (دوبله فارسی) | Serial Gulizar (Wildrose),https://www.youtube.com/watch?v=FNPwUUWzju0
سریال جدید و کمدی پایتخت 7 - قسمت 2 | Serial Paytakht 7 - Part 2,https://www.youtube.com/watch?v=hrEC6KvNfwc
سریال ترکی گلیزار - قسمت 24 (دوبله فارسی) | Serial Gulizar (Wildrose),https://www.youtube.com/watch?v=FHexN7jACYk
جرج کلونی رو گذاشت تو جیبش - سریال پایتخت 7,https://www.youtube.com/watch?v=1QsO7FGDy4c
فیلم سینمایی جدید نگهبان شب با بازی محسن کیایی (تنها نماینده ایران در اسکار 2024) | Negahbane Shab,https://www.youtube.com/watch?v=idQo_x-jjC8
سریال جدید و کمدی پایتخت 7 - قسمت 1 | Serial Paytakht 7 - Part 1,https://www.youtube.com/watch?v=qH322qgH67k
سریال ترکی گلیزار - قسمت 23 (دوبله فارسی) | Serial Gulizar (Wildrose),https://www.youtube.com/watch?v=IdY5RGfezTY
سریال ترکی گلیزار - قسمت 22 (دوبله فارسی) | Serial Gulizar (Wildrose),https://www.youtube.com/watch?v=Wgx1bHIUf4s
حامد بهداد و نیکی کریمی در فیلم سینمایی زندگی جای دیگری است | Zendegi Jaye Digari Ast,https://www.youtube.com/watch?v=-izZms6cu9w
سریال ترکی گلیزار - قسمت 21 (دوبله فارسی) | Serial Gulizar (Wildrose),https://www.youtube.com/watch?v=hBWhSoApf6M
سریال ترکی گلیزار - قسمت 20 (دوبله فارسی) | Serial Gulizar (Wildrose),https://www.youtube.com/watch?v=sowSH3EB_zg
سریال ترکی گلیزار - قسمت 19 (دوبله فارسی) | Serial Gulizar (Wildrose),https://www.youtube.com/watch?v=DXJlEWjrHtI
سریال ترکی گلیزار - قسمت 18 (دوبله فارسی) | Serial Gulizar (Wildrose),https://www.youtube.com/watch?v=8w27OAmS6EI
سریال ترکی گلیزار - قسمت 17 (دوبله فارسی) | Serial Gulizar (Wildrose),https://www.youtube.com/watch?v=3ddD_lxD850
سریال ترکی گلیزار - قسمت 16 (دوبله فارسی) | Serial Gulizar (Wildrose),https://www.youtube.com/watch?v=DdsWCKZOw40
سریال جدید و کمدی پایتخت 7 - تیزر (پخش در نوروز 1404) | Serial Paytakht 7 - Teaser,https://www.youtube.com/watch?v=MjyuFuJZMAg
سریال ترکی گلیزار - قسمت 15 (دوبله فارسی) | Serial Gulizar (Wildrose),https://www.youtube.com/watch?v=DjPEAfQ-Fyw
سریال ترکی گلیزار - قسمت 14 (دوبله فارسی) | Serial Gulizar (Wildrose),https://www.youtube.com/watch?v=dDYpr8G_Bu0
گوسفنده سرما خورده بود #shorts,https://www.youtube.com/watch?v=ZSDk-PMzdiw
سریال ترکی گلیزار - قسمت 13 (دوبله فارسی) | Serial Gulizar (Wildrose),https://www.youtube.com/watch?v=b8OILfuPJP0
سریال ترکی گلیزار - قسمت 12 (دوبله فارسی) | Serial Gulizar (Wildrose),https://www.youtube.com/watch?v=z-MGepkj99U
فیلم سینمایی گاو زخمی با بازی لیندا کیانی و آزیتا لاچینی | Gave Zakhmi - Full Movie,https://www.youtube.com/watch?v=SZEBDCCHPg8
سریال ترکی گلیزار - قسمت 11 (دوبله فارسی) | Serial Gulizar (Wildrose),https://www.youtube.com/watch?v=2dtF0GZbP0Q
سریال ترکی گلیزار - قسمت 10 (دوبله فارسی) | Serial Gulizar (Wildrose),https://www.youtube.com/watch?v=E-MqJazZ8oU
فیلم کمدی پیشونی سفید 1 با بازی ترلان پروانه و امین حیایی | Pishooni Sefid 1 - Full Movie,https://www.youtube.com/watch?v=MQdNmz7XGDY
سریال ترکی گلیزار - قسمت 9 (دوبله فارسی) | Serial Gulizar (Wildrose),https://www.youtube.com/watch?v=7u0Pw0wkSS8
فیلم سینمایی این جمعیت قابل کنترل - تیزر | Film In Jamiyat Ghabel Control - Teaser,https://www.youtube.com/watch?v=zEoQ58YfTbs
کل محله از کار هنریت خسته شده #shorts,https://www.youtube.com/watch?v=jm3SX7mubfw
سریال ترکی گلیزار - قسمت 8 (دوبله فارسی) | Serial Gulizar (Wildrose),https://www.youtube.com/watch?v=LUyWVrpJvL8
فیلم پلیسی جنجالی انتقام مافیایی با بازی ایرج نوذری و سارا منجزی | Enteghame Mafiaei - Full Movie,https://www.youtube.com/watch?v=w-RMpnoy264
سریال ترکی گلیزار - قسمت 7 (دوبله فارسی) | Serial Gulizar (Wildrose),https://www.youtube.com/watch?v=YyNi9s4pYow
سریال ترکی گلیزار - قسمت 6 (دوبله فارسی) | Serial Gulizar (Wildrose),https://www.youtube.com/watch?v=bk5oehqlWT0
سریال ترکی گلیزار - قسمت 5 (دوبله فارسی) | Serial Gulizar (Wildrose),https://www.youtube.com/watch?v=1xEUuN-F_Y8
فیلم سینمایی مادر قلب اتمی با بازی محمدرضا گلزار و ترانه علیدوستی | Madare Ghalb Atomi - Full Movie,https://www.youtube.com/watch?v=LZ5qIo9yEQU
سریال ترکی گلیزار - قسمت 4 (دوبله فارسی) | Serial Gulizar (Wildrose),https://www.youtube.com/watch?v=wcYR27kY9dg
سریال ترکی گلیزار - قسمت 3 (دوبله فارسی) | Serial Gulizar (Wildrose),https://www.youtube.com/watch?v=71diLeSFW5I
فیلم ترسناک آل با بازی آنا نعمتی و مصطفی زمانی | Aal - Full Movie,https://www.youtube.com/watch?v=YV8s_3eGxPY
سریال ترکی گلیزار - قسمت 2 (دوبله فارسی) | Serial Gulizar (Wildrose),https://www.youtube.com/watch?v=PAIJZGzhz4c
فیلم سینمایی موسی کلیم الله - تیزر | Film Musa Kalimullah - Teaser,https://www.youtube.com/watch?v=ff3yWRT8ePw
سریال ترکی گلیزار - قسمت 1 (دوبله فارسی) | Serial Gulizar (Wildrose),https://www.youtube.com/watch?v=5Pj3Fr9slL4
فیلم اکشن تارات با بازی نیما شاهرخ شاهی و اکبرعبدی | Tarat - Full Movie,https://www.youtube.com/watch?v=RZ4etVKh5Ac
سریال ترکی گلیزار - تیزر (دوبله فارسی) | Serial Gulizar (Wildrose),https://www.youtube.com/watch?v=Q2eB-nfNY30
فیلم سینمایی ملاقات با بازی علی اوسیوند و فرهاد بشارتی | Molaghat - Full Movie,https://www.youtube.com/watch?v=beJVtlIRH0w
فیلم سینمایی ندارها - با هنرمندی محسن تنابنده و هانیه توسلی | Nadarha - Full Movie,https://www.youtube.com/watch?v=RU2AuRRXTOI
فیلم سینمایی ندارها - تیزر | Film Nadarha - Teaser,https://www.youtube.com/watch?v=1yvHON9oup4
فیلم مستند بزرگداشت سیروس الوند، ناگفته های سینمای ایران | Sirus Alvand,https://www.youtube.com/watch?v=ucK1mXyJmus
فیلم زیبای پروانه ها: عشق در میان تاریکی و سکوت | Parvaneha - Full Movie,https://www.youtube.com/watch?v=2gx_itIvb4U
فیلم سینمایی کلاغ قرمز: حقیقتی که نباید فاش میشد! | Kalaghe Ghermez - Full Movie,https://www.youtube.com/watch?v=En7ivJQNlIY
فیلم سینمایی جذاب فولاد سرد با بازی افشین سنگ چاپ و مریم کاویانی | Foolad Sard - Full Movie,https://www.youtube.com/watch?v=rNw3zxmRmzs
فیلم سینمایی پری دریایی با بازی امیر آقایی و شاهرخ فروتنیان | Parie Daryayi - Full Movie,https://www.youtube.com/watch?v=ttkLl-whiS4
فیلم پلیسی دو روز در جاده با بازی حمیدرضا پگاه و امیرغفارمنش | Do Ruz Dar Jadeh - Full Movie,https://www.youtube.com/watch?v=b2UKAy3o0mg
فیلم سینمایی عروس برفی با بازی سام درخشانی و بابک حمیدیان | Aroose Barfi - Full Movie,https://www.youtube.com/watch?v=hh8NaEyJkm0
فیلم کمدی زیر نیم کاسه با بازی عباس جمشیدی و سروش جمشیدی | Zire Nim Kaseh - Full Movie,https://www.youtube.com/watch?v=cS8EoAoLYKA
فیلم کمدی بیچاره ها با بازی سوسن پرور و احمد پورمخبر | Bichareha - Full Movie,https://www.youtube.com/watch?v=mX68j9gtVac
سریال زیرخاکی 4 - پشت صحنه | Serial Zir Khaki 4 - Backstage,https://www.youtube.com/watch?v=512iIjhELZk
سریال زیرخاکی 2 - پشت صحنه | Serial Zir Khaki 2 - Backstage,https://www.youtube.com/watch?v=dG8aCLyt5LQ
فیلم کمدی کباب غاز با بازی یوسف صیادی و ساناز سماواتی | Kabab Ghaz - Full Movie,https://www.youtube.com/watch?v=owvE2rm6qaI
سریال زیرخاکی 1 - پشت صحنه | Serial Zir Khaki 1 - Backstage,https://www.youtube.com/watch?v=rcSm7xEQp4w
فیلم سینمایی نگین با بازی آناهیتا افشار و حدیث میرامینی | Negin - Full Movie,https://www.youtube.com/watch?v=B_lY2vOF-nw
سریال نوروز رنگی - پشت صحنه | Serial Nowruze Rangi - Backstage,https://www.youtube.com/watch?v=hBz-zmkebwk
فیلم سینمایی چمدان با بازی مسعود رایگان و هدی زین العابدین | Chamedan - Full Movie,https://www.youtube.com/watch?v=UZtNK99Mbus
فیلم سینمایی داستان دوست با بازی فرخ نعمتی و لیلا زارع | Dastane Doost - Full Movie,https://www.youtube.com/watch?v=nWX0PbbcEaU
فیلم جنجالی و عاشقانه اوریگامی: رازهایی که نباید فاش شوند... | Origamy - Full Movie,https://www.youtube.com/watch?v=_48BvQbaUdg
فیلم سینمایی رهاتر از دریا - کامل | Rahatar Az Darya - Full Movie,https://www.youtube.com/watch?v=3VpWTJEsLJc
فیلم جنجالی یکی از ما: سفری به قلب تاریک‌ترین سنت‌ها | Yeki Az Ma - Full Movie,https://www.youtube.com/watch?v=TniExTJ_wmU
"فیلم سینمایی دختر، مادر، دختر - کامل | Dokhtar, Madar, Dokhtar - Full Movie",https://www.youtube.com/watch?v=-Yxnk92P7Zc
فیلم چند شنبه... چندم ماه... - دوست پسرشو آورده خونه مامانش می رسه! | Chand Shanbeh... Chandome Mah,https://www.youtube.com/watch?v=wXLPzYv47x0
فیلم جدید و جنجالی چراغ ها تاریک اند - رابطه نامشروع با دوست زنش | Cheraghha Tarikand,https://www.youtube.com/watch?v=UhgJX3mQ0Ok
فیلم سینمایی هما با بازی الهام چرخنده و زهره حمیدی | Homa - Full Movie,https://www.youtube.com/watch?v=5PGcErXjmd4
فیلم سینمایی سوگ - کامل | Soog - Full Movie,https://www.youtube.com/watch?v=_fDro-2uGTc
فیلم سینمایی عاشق مترسک با بازی یکتا ناصر و حمیدرضا پگاه | Asheghe Matarsak - Full Movie,https://www.youtube.com/watch?v=5ZJpnX3at_o
سریال پایتخت 6 - پشت صحنه 2 | Serial Paytakht 6 - Backstage 2,https://www.youtube.com/watch?v=Se07HbQ-Abs
فیلم سینمایی عرفان با بازی مجید مظفری و مهدی سلوکی | Erfan - Full Movie,https://www.youtube.com/watch?v=AfoBFY3NDfw
سریال پایتخت 6 - پشت صحنه 1 | Serial Paytakht 6 - Backstage 1,https://www.youtube.com/watch?v=hqbPZaGlpTg
فیلم اکشن سایه جنایت با بازی میرطاهر مظلومی و علیرضا اوسیوند | Sayeh Jenayat - Full Movie,https://www.youtube.com/watch?v=okkjdfjhtA0
فیلم عاشقانه نیم رخ ها با بازی سحر دولتشاهی و هومن سیدی | Nimrokh ha - Full Movie,https://www.youtube.com/watch?v=iG7MYLnU1ZI
سریال هندی عشق نفوذی - قسمت 156 (دوبله فارسی) - قسمت آخر | Serial Eshghe Nofoozi,https://www.youtube.com/watch?v=Nksg-ocsl6c
سریال هندی عشق نفوذی - قسمت 155 (دوبله فارسی) | Serial Eshghe Nofoozi,https://www.youtube.com/watch?v=AJK9ZRcQw6k
سریال هندی عشق نفوذی - قسمت 154 (دوبله فارسی) | Serial Eshghe Nofoozi,https://www.youtube.com/watch?v=2U1VOb8JZ00
سریال هندی عشق نفوذی - قسمت 153 (دوبله فارسی) | Serial Eshghe Nofoozi,https://www.youtube.com/watch?v=uDjWXCSubt8
سریال هندی عشق نفوذی - قسمت 152 (دوبله فارسی) | Serial Eshghe Nofoozi,https://www.youtube.com/watch?v=9gFnGnc_MJc
سریال هندی عشق نفوذی - قسمت 151 (دوبله فارسی) | Serial Eshghe Nofoozi,https://www.youtube.com/watch?v=YZvk_Ooe29A
فیلم سینمایی زمانی برای شکفتن با بازی قدرت الله ایزدی و رضا رویگری | Zamani Baraye Shekoftan,https://www.youtube.com/watch?v=svn_pekSNGY
فیلم پر حاشیه و‌ جنجالی پیش ازطلوع با بازی نوید محمدزاده ‌و سارا بهرامی | Pish Az Tolou - Full Movie,https://www.youtube.com/watch?v=vZRLvDrmmMQ
سریال هندی عشق نفوذی - قسمت 150 (دوبله فارسی) | Serial Eshghe Nofoozi,https://www.youtube.com/watch?v=CX0osPaQYsA
سریال هندی عشق نفوذی - قسمت 149 (دوبله فارسی) | Serial Eshghe Nofoozi,https://www.youtube.com/watch?v=vFElm1qQOhE
سریال هندی عشق نفوذی - قسمت 148 (دوبله فارسی) | Serial Eshghe Nofoozi,https://www.youtube.com/watch?v=tS5Oz2DFmf8
فیلم خانوادگی سایه پدر با بازی پویا امینی و آتش تقی پور | Sayeh Pedar - Full Movie,https://www.youtube.com/watch?v=NrkKKbvUi1s
سریال هندی رازهای پنهان - قسمت 93 (دوبله فارسی) - قسمت آخر | Serial Razhaye Penhan,https://www.youtube.com/watch?v=T_gucrKCEWI
سریال هندی عشق نفوذی - قسمت 147 (دوبله فارسی) | Serial Eshghe Nofoozi,https://www.youtube.com/watch?v=_PaLiXjWavg
سریال هندی رازهای پنهان - قسمت 92 (دوبله فارسی) | Serial Razhaye Penhan,https://www.youtube.com/watch?v=aVeRa77vM64
سریال هندی عشق نفوذی - قسمت 146 (دوبله فارسی) | Serial Eshghe Nofoozi,https://www.youtube.com/watch?v=GuZBE2_-70Y
سریال هندی رازهای پنهان - قسمت 91 (دوبله فارسی) | Serial Razhaye Penhan,https://www.youtube.com/watch?v=qkckcct7qyA
سریال هندی عشق نفوذی - قسمت 145 (دوبله فارسی) | Serial Eshghe Nofoozi,https://www.youtube.com/watch?v=OnsXZfiLLY0
سریال هندی رازهای پنهان - قسمت 90 (دوبله فارسی) | Serial Razhaye Penhan,https://www.youtube.com/watch?v=JEyxEhGLw0M
سریال هندی عشق نفوذی - قسمت 144 (دوبله فارسی) | Serial Eshghe Nofoozi,https://www.youtube.com/watch?v=x3mcUqFortM
فیلم سینمایی زمانی برای پشیمانی با بازی کامران تفتی | Zamani Baraye Pashimani - Full Movie,https://www.youtube.com/watch?v=w_WWcIE01x8
سریال هندی رازهای پنهان - قسمت 89 (دوبله فارسی) | Serial Razhaye Penhan,https://www.youtube.com/watch?v=vqwTxJYkxHk
سریال هندی عشق نفوذی - قسمت 143 (دوبله فارسی) | Serial Eshghe Nofoozi,https://www.youtube.com/watch?v=f2M3RbAPWGA
سریال هندی رازهای پنهان - قسمت 88 (دوبله فارسی) | Serial Razhaye Penhan,https://www.youtube.com/watch?v=AsUmjfLsbGo
سریال هندی عشق نفوذی - قسمت 142 (دوبله فارسی) | Serial Eshghe Nofoozi,https://www.youtube.com/watch?v=R68U9A0mT2w
سریال هندی رازهای پنهان - قسمت 87 (دوبله فارسی) | Serial Razhaye Penhan,https://www.youtube.com/watch?v=_qxrJwbw1c0
سریال هندی عشق نفوذی - قسمت 141 (دوبله فارسی) | Serial Eshghe Nofoozi,https://www.youtube.com/watch?v=q8Fqksjl0cM
سریال هندی رازهای پنهان - قسمت 86 (دوبله فارسی) | Serial Razhaye Penhan,https://www.youtube.com/watch?v=SScJazntzs8
سریال هندی عشق نفوذی - قسمت 140 (دوبله فارسی) | Serial Eshghe Nofoozi,https://www.youtube.com/watch?v=mZacXVejgVY
سریال هندی رازهای پنهان - قسمت 85 (دوبله فارسی) | Serial Razhaye Penhan,https://www.youtube.com/watch?v=EfuLAlQA9Uc
سریال هندی عشق نفوذی - قسمت 139 (دوبله فارسی) | Serial Eshghe Nofoozi,https://www.youtube.com/watch?v=0Uje7nRVjmw
"فیلم سینمایی صحنه جرم، ورود ممنوع! با بازی حمید فرخ نژاد | Sahne Jorm, Voroud Mamnu! - Full Movie",https://www.youtube.com/watch?v=l98NE9UiPt0
سریال هندی رازهای پنهان - قسمت 84 (دوبله فارسی) | Serial Razhaye Penhan,https://www.youtube.com/watch?v=pCNKLKGTNAM
سریال هندی عشق نفوذی - قسمت 138 (دوبله فارسی) | Serial Eshghe Nofoozi,https://www.youtube.com/watch?v=46_q_F2mYps
سریال هندی رازهای پنهان - قسمت 83 (دوبله فارسی) | Serial Razhaye Penhan,https://www.youtube.com/watch?v=XV3fUuLosPk
سریال هندی عشق نفوذی - قسمت 137 (دوبله فارسی) | Serial Eshghe Nofoozi,https://www.youtube.com/watch?v=opF0Xbu8ywg
سریال هندی رازهای پنهان - قسمت 82 (دوبله فارسی) | Serial Razhaye Penhan,https://www.youtube.com/watch?v=P5Kz-AWsw9k
سریال هندی عشق نفوذی - قسمت 136 (دوبله فارسی) | Serial Eshghe Nofoozi,https://www.youtube.com/watch?v=Ey4z7XqV1V0
سریال هندی رازهای پنهان - قسمت 81 (دوبله فارسی) | Serial Razhaye Penhan,https://www.youtube.com/watch?v=15hP2fFHvTw
سریال هندی عشق نفوذی - قسمت 135 (دوبله فارسی) | Serial Eshghe Nofoozi,https://www.youtube.com/watch?v=upCHZVxX_P8
سریال هندی رازهای پنهان - قسمت 80 (دوبله فارسی) | Serial Razhaye Penhan,https://www.youtube.com/watch?v=CwM4eqnkCpA
سریال هندی عشق نفوذی - قسمت 134 (دوبله فارسی) | Serial Eshghe Nofoozi,https://www.youtube.com/watch?v=ZWUlU-gK-Lk
فیلم رمانتیسم عماد و طوبا با بازی الناز حبیبی و زنده یاد علی انصاریان | Romantisme Emad Va Touba,https://www.youtube.com/watch?v=iMB2ZsvzUug
سریال هندی رازهای پنهان - قسمت 79 (دوبله فارسی) | Serial Razhaye Penhan,https://www.youtube.com/watch?v=3ne796tk8TA
سریال هندی عشق نفوذی - قسمت 133 (دوبله فارسی) | Serial Eshghe Nofoozi,https://www.youtube.com/watch?v=ujRlyLho19A
سریال هندی رازهای پنهان - قسمت 78 (دوبله فارسی) | Serial Razhaye Penhan,https://www.youtube.com/watch?v=3nqXFgxzMhw
سریال هندی عشق نفوذی - قسمت 132 (دوبله فارسی) | Serial Eshghe Nofoozi,https://www.youtube.com/watch?v=0Yp1OLyn1JU
فیلم سینمایی حدس بزن چه کسی برای عید می آید | Hads Bezan Che Kasi Baraye Eyd Miayad - Full Movie,https://www.youtube.com/watch?v=-2XOwYIKlxM
سریال هندی رازهای پنهان - قسمت 77 (دوبله فارسی) | Serial Razhaye Penhan,https://www.youtube.com/watch?v=K1pIrWhqZEU
سریال هندی عشق نفوذی - قسمت 131 (دوبله فارسی) | Serial Eshghe Nofoozi,https://www.youtube.com/watch?v=1QEKQ0Fzf7M
سریال هندی رازهای پنهان - قسمت 76 (دوبله فارسی) | Serial Razhaye Penhan,https://www.youtube.com/watch?v=8DXscvHLUMg
سریال هندی عشق نفوذی - قسمت 130 (دوبله فارسی) | Serial Eshghe Nofoozi,https://www.youtube.com/watch?v=ueyAdLQCsE4
فیلم سینمایی اعترافات ذهن خطرناک من با بازی سیامک صفری | Eterafate Zehne Khatarnake Man - Full Movie,https://www.youtube.com/watch?v=wAM5Qi3PXo8
سریال هندی رازهای پنهان - قسمت 75 (دوبله فارسی) | Serial Razhaye Penhan,https://www.youtube.com/watch?v=53zeMs5dnwA
سریال هندی عشق نفوذی - قسمت 129 (دوبله فارسی) | Serial Eshghe Nofoozi,https://www.youtube.com/watch?v=p5HvqQBVNO4
سریال هندی رازهای پنهان - قسمت 74 (دوبله فارسی) | Serial Razhaye Penhan,https://www.youtube.com/watch?v=y_P4dhdQZYI
سریال هندی عشق نفوذی - قسمت 128 (دوبله فارسی) | Serial Eshghe Nofoozi,https://www.youtube.com/watch?v=fodGkymM7RQ
سریال هندی رازهای پنهان - قسمت 73 (دوبله فارسی) | Serial Razhaye Penhan,https://www.youtube.com/watch?v=TW3NfV-3bgc
سریال هندی عشق نفوذی - قسمت 127 (دوبله فارسی) | Serial Eshghe Nofoozi,https://www.youtube.com/watch?v=4Ec-ieKZ_TY
فیلم کمدی در جستجوی خواستگار با بازی سياوش طهمورث و مونا فرجاد | Dar Jostojuye Khastgar - Full Movie,https://www.youtube.com/watch?v=5WbYCahKUVw
سریال هندی رازهای پنهان - قسمت 72 (دوبله فارسی) | Serial Razhaye Penhan,https://www.youtube.com/watch?v=ITu4qouv7bc
سریال هندی عشق نفوذی - قسمت 126 (دوبله فارسی) | Serial Eshghe Nofoozi,https://www.youtube.com/watch?v=mOjBr-TYy78
سریال هندی رازهای پنهان - قسمت 71 (دوبله فارسی) | Serial Razhaye Penhan,https://www.youtube.com/watch?v=xzuWGNtDuJk
سریال هندی عشق نفوذی - قسمت 125 (دوبله فارسی) | Serial Eshghe Nofoozi,https://www.youtube.com/watch?v=qfaghGqgjac
فیلم سینمایی شرقی با بازی خسرو شکیبایی و فریبا کوثری | Sharghi - Full Movie,https://www.youtube.com/watch?v=-5qnB35AaLg
سریال هندی رازهای پنهان - قسمت 70 (دوبله فارسی) | Serial Razhaye Penhan,https://www.youtube.com/watch?v=QI7FL1qFtyU
سریال هندی عشق نفوذی - قسمت 124 (دوبله فارسی) | Serial Eshghe Nofoozi,https://www.youtube.com/watch?v=5bzajadLq8c
مجید صالحی و زهرا امیر ابراهیمی در شب نشینی در جهنم | Shab Neshini Dar Jahanam,https://www.youtube.com/watch?v=P8ITO49RikA
سریال هندی رازهای پنهان - قسمت 69 (دوبله فارسی) | Serial Razhaye Penhan,https://www.youtube.com/watch?v=Wx-qLLZEZvY
سریال هندی عشق نفوذی - قسمت 123 (دوبله فارسی) | Serial Eshghe Nofoozi,https://www.youtube.com/watch?v=ALd-DyxYOX0
سریال هندی رازهای پنهان - قسمت 68 (دوبله فارسی) | Serial Razhaye Penhan,https://www.youtube.com/watch?v=rmWowEe2m5o
سریال هندی عشق نفوذی - قسمت 122 (دوبله فارسی) | Serial Eshghe Nofoozi,https://www.youtube.com/watch?v=PnMGoCmJFIk
سریال هندی رازهای پنهان - قسمت 67 (دوبله فارسی) | Serial Razhaye Penhan,https://www.youtube.com/watch?v=kJqyJBk1p50
سریال هندی عشق نفوذی - قسمت 121 (دوبله فارسی) | Serial Eshghe Nofoozi,https://www.youtube.com/watch?v=o1C5JGKwEoI
سریال هندی رازهای پنهان - قسمت 66 (دوبله فارسی) | Serial Razhaye Penhan,https://www.youtube.com/watch?v=rEU7ynDnVjM
سریال هندی عشق نفوذی - قسمت 120 (دوبله فارسی) | Serial Eshghe Nofoozi,https://www.youtube.com/watch?v=WmR98L8-9eU
فیلم سینمایی برگ سبز - کامل | Barge Sabz - Full Movie,https://www.youtube.com/watch?v=wB7BAjD8T5M
سریال هندی رازهای پنهان - قسمت 65 (دوبله فارسی) | Serial Razhaye Penhan,https://www.youtube.com/watch?v=4KbGan5JiFU
سریال هندی عشق نفوذی - قسمت 119 (دوبله فارسی) | Serial Eshghe Nofoozi,https://www.youtube.com/watch?v=pItIQscTA2I
سریال هندی رازهای پنهان - قسمت 64 (دوبله فارسی) | Serial Razhaye Penhan,https://www.youtube.com/watch?v=qc7ZP2E_JjY
سریال هندی عشق نفوذی - قسمت 118 (دوبله فارسی) | Serial Eshghe Nofoozi,https://www.youtube.com/watch?v=XiciZzr3ddg
فیلم سینمایی پاپیتال با بازی مسعود رایگان و نگار فروزنده | Papital - Full Movie,https://www.youtube.com/watch?v=67080Mu0wJQ
سریال هندی رازهای پنهان - قسمت 63 (دوبله فارسی) | Serial Razhaye Penhan,https://www.youtube.com/watch?v=CS-le4Yb_BM
سریال هندی عشق نفوذی - قسمت 117 (دوبله فارسی) | Serial Eshghe Nofoozi,https://www.youtube.com/watch?v=uE41Phc9uCw
سریال هندی رازهای پنهان - قسمت 62 (دوبله فارسی) | Serial Razhaye Penhan,https://www.youtube.com/watch?v=Clfs04cK67M
سریال هندی عشق نفوذی - قسمت 116 (دوبله فارسی) | Serial Eshghe Nofoozi,https://www.youtube.com/watch?v=Y5oJozgBHRU
فیلم سینمایی راه با بازی بهناز جعفری و بابک حمیدیان | Rah - Full Movie,https://www.youtube.com/watch?v=tWAIjduAuow
سریال هندی رازهای پنهان - قسمت 61 (دوبله فارسی) | Serial Razhaye Penhan,https://www.youtube.com/watch?v=BmiHCclqesc
سریال هندی عشق نفوذی - قسمت 115 (دوبله فارسی) | Serial Eshghe Nofoozi,https://www.youtube.com/watch?v=QC8hZ8BwzqI
سریال هندی رازهای پنهان - قسمت 60 (دوبله فارسی) | Serial Razhaye Penhan,https://www.youtube.com/watch?v=AkM8TNDRCBk
سریال هندی عشق نفوذی - قسمت 114 (دوبله فارسی) | Serial Eshghe Nofoozi,https://www.youtube.com/watch?v=WTQj5UgGW8M
سریال هندی رازهای پنهان - قسمت 59 (دوبله فارسی) | Serial Razhaye Penhan,https://www.youtube.com/watch?v=SCx1L9n74RM
سریال هندی عشق نفوذی - قسمت 113 (دوبله فارسی) | Serial Eshghe Nofoozi,https://www.youtube.com/watch?v=k4nC-yU8y4s
سریال هندی رازهای پنهان - قسمت 58 (دوبله فارسی) | Serial Razhaye Penhan,https://www.youtube.com/watch?v=XxkJH9ItOA0
سریال هندی عشق نفوذی - قسمت 112 (دوبله فارسی) | Serial Eshghe Nofoozi,https://www.youtube.com/watch?v=55t6VmyB1TA
سریال هندی رازهای پنهان - قسمت 57 (دوبله فارسی) | Serial Razhaye Penhan,https://www.youtube.com/watch?v=ztCsYP8oVnQ
سریال هندی عشق نفوذی - قسمت 111 (دوبله فارسی) | Serial Eshghe Nofoozi,https://www.youtube.com/watch?v=n8mCx6UrFNU
فیلم سینمایی سنگ اول با بازی محسن تنابنده و اندیشه فولادوند | Sange Aval - Full Movie,https://www.youtube.com/watch?v=5LquQKMaLDk
سریال هندی رازهای پنهان - قسمت 56 (دوبله فارسی) | Serial Razhaye Penhan,https://www.youtube.com/watch?v=5g3wlc_piA4
سریال هندی عشق نفوذی - قسمت 110 (دوبله فارسی) | Serial Eshghe Nofoozi,https://www.youtube.com/watch?v=HmwTwCC7oSw
سریال هندی رازهای پنهان - قسمت 55 (دوبله فارسی) | Serial Razhaye Penhan,https://www.youtube.com/watch?v=LDZ0GZlRdBo
سریال هندی عشق نفوذی - قسمت 109 (دوبله فارسی) | Serial Eshghe Nofoozi,https://www.youtube.com/watch?v=KVJX1dPZ0-Y
فیلم سینمایی تبسم گرگ با بازی لیلا برخورداری و پردیس افکاری | Tabasom Gorg - Full Movie,https://www.youtube.com/watch?v=Dtj8RiCJztI
سریال هندی رازهای پنهان - قسمت 54 (دوبله فارسی) | Serial Razhaye Penhan,https://www.youtube.com/watch?v=nttZgMgdfPA
سریال هندی عشق نفوذی - قسمت 108 (دوبله فارسی) | Serial Eshghe Nofoozi,https://www.youtube.com/watch?v=3uEjSqkeRyk
سریال هندی رازهای پنهان - قسمت 53 (دوبله فارسی) | Serial Razhaye Penhan,https://www.youtube.com/watch?v=e_wfdVo4LaY
سریال هندی عشق نفوذی - قسمت 107 (دوبله فارسی) | Serial Eshghe Nofoozi,https://www.youtube.com/watch?v=_BPy-I7TLbs
سریال هندی رازهای پنهان - قسمت 52 (دوبله فارسی) | Serial Razhaye Penhan,https://www.youtube.com/watch?v=BUtT42J9U0A
سریال هندی عشق نفوذی - قسمت 106 (دوبله فارسی) | Serial Eshghe Nofoozi,https://www.youtube.com/watch?v=NFiGylU6-w4
فیلم سینمایی ده سال جدایی با بازی بهنوش بختیاری و مهدی سلوکی | Dah Sal Jodaei - Full Movie,https://www.youtube.com/watch?v=EO4Y6fSOf4M
سریال هندی رازهای پنهان - قسمت 51 (دوبله فارسی) | Serial Razhaye Penhan,https://www.youtube.com/watch?v=-to_hg4hzyQ
سریال هندی عشق نفوذی - قسمت 105 (دوبله فارسی) | Serial Eshghe Nofoozi,https://www.youtube.com/watch?v=PX3eEwm9xdc
سریال هندی رازهای پنهان - قسمت 50 (دوبله فارسی) | Serial Razhaye Penhan,https://www.youtube.com/watch?v=JvEXGnEUZNM
سریال هندی عشق نفوذی - قسمت 104 (دوبله فارسی) | Serial Eshghe Nofoozi,https://www.youtube.com/watch?v=GHTwYj2sWe4
سریال هندی رازهای پنهان - قسمت 49 (دوبله فارسی) | Serial Razhaye Penhan,https://www.youtube.com/watch?v=sfxk-FaXMgw
سریال هندی عشق نفوذی - قسمت 103 (دوبله فارسی) | Serial Eshghe Nofoozi,https://www.youtube.com/watch?v=SpMwqw9_GnY
سریال هندی رازهای پنهان - قسمت 48 (دوبله فارسی) | Serial Razhaye Penhan,https://www.youtube.com/watch?v=7john23bS-k
سریال هندی عشق نفوذی - قسمت 102 (دوبله فارسی) | Serial Eshghe Nofoozi,https://www.youtube.com/watch?v=3zfjtMRin-g
فیلم سینمایی پیرمردها نمی میرند (با زیرنویس فارسی) - کامل | Piremardha Nemimirand -  Full Movie,https://www.youtube.com/watch?v=klbS0XkMFJM
سریال هندی رازهای پنهان - قسمت 47 (دوبله فارسی) | Serial Razhaye Penhan,https://www.youtube.com/watch?v=4S1g0YbypGU
سریال هندی عشق نفوذی - قسمت 101 (دوبله فارسی) | Serial Eshghe Nofoozi,https://www.youtube.com/watch?v=CZbtslTbxXk
سریال هندی رازهای پنهان - قسمت 46 (دوبله فارسی) | Serial Razhaye Penhan,https://www.youtube.com/watch?v=qJuB21aZ7IQ
سریال هندی عشق نفوذی - قسمت 100 (دوبله فارسی) | Serial Eshghe Nofoozi,https://www.youtube.com/watch?v=I4PCPPCggB8
سریال هندی رازهای پنهان - قسمت 45 (دوبله فارسی) | Serial Razhaye Penhan,https://www.youtube.com/watch?v=DH4orcJmJnk
سریال هندی عشق نفوذی - قسمت 99 (دوبله فارسی) | Serial Eshghe Nofoozi,https://www.youtube.com/watch?v=asvR9zRMyu8
سریال هندی رازهای پنهان - قسمت 44 (دوبله فارسی) | Serial Razhaye Penhan,https://www.youtube.com/watch?v=kF2CANG0aw0
سریال هندی عشق نفوذی - قسمت 98 (دوبله فارسی) | Serial Eshghe Nofoozi,https://www.youtube.com/watch?v=lcwqrdudCAk
سریال هندی رازهای پنهان - قسمت 43 (دوبله فارسی) | Serial Razhaye Penhan,https://www.youtube.com/watch?v=sLujha-Y544
سریال هندی عشق نفوذی - قسمت 97 (دوبله فارسی) | Serial Eshghe Nofoozi,https://www.youtube.com/watch?v=Qpz6M7Ir1x8
فیلم سینمایی پنهان با بازی فریبرز عرب نیا و آناهیتا نعمتی | Penhan - Full Movie,https://www.youtube.com/watch?v=hMLYxbeeKn8
سریال هندی رازهای پنهان - قسمت 42 (دوبله فارسی) | Serial Razhaye Penhan,https://www.youtube.com/watch?v=dWkoXjN-zwg
سریال هندی عشق نفوذی - قسمت 96 (دوبله فارسی) | Serial Eshghe Nofoozi,https://www.youtube.com/watch?v=-PvhsLyfpDE
سریال هندی عروس جاسوس - تیزر (دوبله فارسی) | Serial Spy Bahu,https://www.youtube.com/watch?v=GU2-tnuwd4k
سریال هندی رازهای پنهان - قسمت 41 (دوبله فارسی) | Serial Razhaye Penhan,https://www.youtube.com/watch?v=NwL2hcksq_U
سریال هندی عشق نفوذی - قسمت 95 (دوبله فارسی) | Serial Eshghe Nofoozi,https://www.youtube.com/watch?v=Kh2cCiD6tZ0
سریال هندی رازهای پنهان - قسمت 40 (دوبله فارسی) | Serial Razhaye Penhan,https://www.youtube.com/watch?v=QBF65H9wkXw
سریال هندی عشق نفوذی - قسمت 94 (دوبله فارسی) | Serial Eshghe Nofoozi,https://www.youtube.com/watch?v=pdZwWp816s8
سریال هندی رازهای پنهان - قسمت 39 (دوبله فارسی) | Serial Razhaye Penhan,https://www.youtube.com/watch?v=S2DyjenPYzk
سریال هندی عشق نفوذی - قسمت 93 (دوبله فارسی) | Serial Eshghe Nofoozi,https://www.youtube.com/watch?v=PupGCR0LUTE
سریال هندی رازهای پنهان - قسمت 38 (دوبله فارسی) | Serial Razhaye Penhan,https://www.youtube.com/watch?v=9lsv6naioMg
سریال هندی عشق نفوذی - قسمت 92 (دوبله فارسی) | Serial Eshghe Nofoozi,https://www.youtube.com/watch?v=gi8e9SfmVIM
فیلم کمدی زندگی در دست تعمیر با بازی عباس جمشیدی فر | Zendegi Dar Daste Tamir - Full Movie,https://www.youtube.com/watch?v=R1gCB3wCjNQ
سریال هندی رازهای پنهان - قسمت 37 (دوبله فارسی) | Serial Razhaye Penhan,https://www.youtube.com/watch?v=ekiZKyAnz0M
سریال هندی عشق نفوذی - قسمت 91 (دوبله فارسی) | Serial Eshghe Nofoozi,https://www.youtube.com/watch?v=2PsyM9yUqoI
سریال هندی رازهای پنهان - قسمت 36 (دوبله فارسی) | Serial Razhaye Penhan,https://www.youtube.com/watch?v=88yEXNQdaMY
سریال هندی عشق نفوذی - قسمت 90 (دوبله فارسی) | Serial Eshghe Nofoozi,https://www.youtube.com/watch?v=bz6o6-eZFQI
فیلم کمدی بچرخ تا بچرخیم با بازی بهنوش بختیاری و اشکان اشتیاق | Becharkh Ta Becharkhim - Full Movie,https://www.youtube.com/watch?v=r0MJWQv4VPk
سریال هندی رازهای پنهان - قسمت 35 (دوبله فارسی) | Serial Razhaye Penhan,https://www.youtube.com/watch?v=8fUZHTimeE8
سریال هندی عشق نفوذی - قسمت 89 (دوبله فارسی) | Serial Eshghe Nofoozi,https://www.youtube.com/watch?v=nO1UV7-HQCs
سریال هندی رازهای پنهان - قسمت 34 (دوبله فارسی) | Serial Razhaye Penhan,https://www.youtube.com/watch?v=nQ2SKppldUo
سریال هندی عشق نفوذی - قسمت 88 (دوبله فارسی) | Serial Eshghe Nofoozi,https://www.youtube.com/watch?v=--SgBrp6P50
سریال هندی رازهای پنهان - قسمت 33 (دوبله فارسی) | Serial Razhaye Penhan,https://www.youtube.com/watch?v=tp1FQO_t9bQ
سریال هندی عشق نفوذی - قسمت 87 (دوبله فارسی) | Serial Eshghe Nofoozi,https://www.youtube.com/watch?v=tBeWu6rD9yE
سریال هندی رازهای پنهان - قسمت 32 (دوبله فارسی) | Serial Razhaye Penhan,https://www.youtube.com/watch?v=5haRnpkiH70
سریال هندی عشق نفوذی - قسمت 86 (دوبله فارسی) | Serial Eshghe Nofoozi,https://www.youtube.com/watch?v=lwOFZYzr8Os
سریال هندی رازهای پنهان - قسمت 31 (دوبله فارسی) | Serial Razhaye Penhan,https://www.youtube.com/watch?v=kgErqVnt8mY
سریال هندی عشق نفوذی - قسمت 85 (دوبله فارسی) | Serial Eshghe Nofoozi,https://www.youtube.com/watch?v=2WcfAHa_UyE
فیلم کمدی قلهک با بازی هادی کاظمی و نیما شعبان نژاد | Gholhak - Full Movie,https://www.youtube.com/watch?v=gtYbOudPPk4
دوباره میتونی از مجردیت لذت ببری  #shorts,https://www.youtube.com/watch?v=_QVet9ISVGE
سریال هندی رازهای پنهان - قسمت 30 (دوبله فارسی) | Serial Razhaye Penhan,https://www.youtube.com/watch?v=OI8Otx3orps
سریال هندی عشق نفوذی - قسمت 84 (دوبله فارسی) | Serial Eshghe Nofoozi,https://www.youtube.com/watch?v=n1dqC4ufVgA
سریال هندی رازهای پنهان - قسمت 29 (دوبله فارسی) | Serial Razhaye Penhan,https://www.youtube.com/watch?v=q4K8PZCg7I0
سریال هندی عشق نفوذی - قسمت 83 (دوبله فارسی) | Serial Eshghe Nofoozi,https://www.youtube.com/watch?v=7RltpVMp6YQ
سریال هندی رازهای پنهان - قسمت 28 (دوبله فارسی) | Serial Razhaye Penhan,https://www.youtube.com/watch?v=OZjxDqSpJQ4
سریال هندی عشق نفوذی - قسمت 82 (دوبله فارسی) | Serial Eshghe Nofoozi,https://www.youtube.com/watch?v=NOQTQhwh8CU
سریال هندی رازهای پنهان - قسمت 27 (دوبله فارسی) | Serial Razhaye Penhan,https://www.youtube.com/watch?v=BvjrvD9m7SY
سریال هندی عشق نفوذی - قسمت 81 (دوبله فارسی) | Serial Eshghe Nofoozi,https://www.youtube.com/watch?v=qgg9gdS-7jE
فیلم سینمایی قلاب با بازی شهرام عبدلی و مینا نوروزی | Gholab - Full Movie,https://www.youtube.com/watch?v=xHoDtL5NpJ4
سریال هندی رازهای پنهان - قسمت 26 (دوبله فارسی) | Serial Razhaye Penhan,https://www.youtube.com/watch?v=lSfxSKeZIu4
سریال هندی عشق نفوذی - قسمت 80 (دوبله فارسی) | Serial Eshghe Nofoozi,https://www.youtube.com/watch?v=yP8bZkJfWGw
سریال هندی رازهای پنهان - قسمت 25 (دوبله فارسی) | Serial Razhaye Penhan,https://www.youtube.com/watch?v=as0J6Mo6xso
سریال هندی عشق نفوذی - قسمت 79 (دوبله فارسی) | Serial Eshghe Nofoozi,https://www.youtube.com/watch?v=FpBZj-gAZ1M
سریال هندی رازهای پنهان - قسمت 24 (دوبله فارسی) | Serial Razhaye Penhan,https://www.youtube.com/watch?v=lJMxJCp8TQY
سریال هندی عشق نفوذی - قسمت 78 (دوبله فارسی) | Serial Eshghe Nofoozi,https://www.youtube.com/watch?v=KGB3j9x14MI
فیلم کمدی آفتاب بعد از بارون - کامل | Aftabe Bad Az Baroon - Full Movie,https://www.youtube.com/watch?v=3DCToPGkAOM
سریال هندی رازهای پنهان - قسمت 23 (دوبله فارسی) | Serial Razhaye Penhan,https://www.youtube.com/watch?v=OfZsOgSSSP0
سریال هندی عشق نفوذی - قسمت 77 (دوبله فارسی) | Serial Eshghe Nofoozi,https://www.youtube.com/watch?v=Q5OcXOAqe04
رقص هندی عاشقانه وانش و ردیما #shorts,https://www.youtube.com/watch?v=VzwJEoXISC8
سریال هندی رازهای پنهان - قسمت 22 (دوبله فارسی) | Serial Razhaye Penhan,https://www.youtube.com/watch?v=E4Qfy09TL-A
سریال هندی عشق نفوذی - قسمت 76 (دوبله فارسی) | Serial Eshghe Nofoozi,https://www.youtube.com/watch?v=P3txb6TOmSA
فیلم کمدی بندرعباس با بازی رضا شفیعی جم و یوسف تیموری | Bandar Abbas - Full Movie,https://www.youtube.com/watch?v=8GXEaHWZpfA
سریال هندی رازهای پنهان - قسمت 21 (دوبله فارسی) | Serial Razhaye Penhan,https://www.youtube.com/watch?v=ZLpe_pXFPJk
سریال هندی عشق نفوذی - قسمت 75 (دوبله فارسی) | Serial Eshghe Nofoozi,https://www.youtube.com/watch?v=aYGmOmlUTWY
سریال هندی رازهای پنهان - قسمت 20 (دوبله فارسی) | Serial Razhaye Penhan,https://www.youtube.com/watch?v=dnIbIleXHuA
سریال هندی عشق نفوذی - قسمت 74 (دوبله فارسی) | Serial Eshghe Nofoozi,https://www.youtube.com/watch?v=f-t32a9z5p0
فیلم کمدی بدهکاران به بهشت نمیروند با بازی علی صادقی | Bedehkaran Be Behesht Nemiravand - Full Movie,https://www.youtube.com/watch?v=V-7FQfdUMsM
سریال هندی رازهای پنهان - قسمت 19 (دوبله فارسی) | Serial Razhaye Penhan,https://www.youtube.com/watch?v=3GtW9jBZnoQ
سریال هندی عشق نفوذی - قسمت 73 (دوبله فارسی) | Serial Eshghe Nofoozi,https://www.youtube.com/watch?v=xJxAO1jaxRI
سریال هندی رازهای پنهان - قسمت 18 (دوبله فارسی) | Serial Razhaye Penhan,https://www.youtube.com/watch?v=CYH_Hj1SDfI
سریال هندی عشق نفوذی - قسمت 72 (دوبله فارسی) | Serial Eshghe Nofoozi,https://www.youtube.com/watch?v=cftjwetIuDI
سریال هندی رازهای پنهان - قسمت 17 (دوبله فارسی) | Serial Razhaye Penhan,https://www.youtube.com/watch?v=nO2wEVU3oAQ
سریال هندی عشق نفوذی - قسمت 71 (دوبله فارسی) | Serial Eshghe Nofoozi,https://www.youtube.com/watch?v=sreCDsDfXxY
فیلم سینمایی خاک و مرجان | Khak o Marjan - Full Movie,https://www.youtube.com/watch?v=7OVHtMlIJms
سریال هندی رازهای پنهان - قسمت 16 (دوبله فارسی) | Serial Razhaye Penhan,https://www.youtube.com/watch?v=j4EVDh3qTlQ
سریال هندی عشق نفوذی - قسمت 70 (دوبله فارسی) | Serial Eshghe Nofoozi,https://www.youtube.com/watch?v=IvooeX5FHU4
سریال هندی رازهای پنهان - قسمت 15 (دوبله فارسی) | Serial Razhaye Penhan,https://www.youtube.com/watch?v=VTxWsFa1V04
سریال هندی عشق نفوذی - قسمت 69 (دوبله فارسی) | Serial Eshghe Nofoozi,https://www.youtube.com/watch?v=-UvfDy0OviI
فیلم کمدی بازگشت لوک خوش شانس با بازی فتحعلی اویسی و قدرت‌الله ایزدی | Bazgashte Luke Khosh Shans,https://www.youtube.com/watch?v=Mr4m7ZvIt18
سریال هندی رازهای پنهان - قسمت 14 (دوبله فارسی) | Serial Razhaye Penhan,https://www.youtube.com/watch?v=mQEOt3QZZHk
سریال هندی عشق نفوذی - قسمت 68 (دوبله فارسی) | Serial Eshghe Nofoozi,https://www.youtube.com/watch?v=1Klw6Gsw1_4
سریال هندی رازهای پنهان - قسمت 13 (دوبله فارسی) | Serial Razhaye Penhan,https://www.youtube.com/watch?v=F_wW-JlBJd8
سریال هندی عشق نفوذی - قسمت 67 (دوبله فارسی) | Serial Eshghe Nofoozi,https://www.youtube.com/watch?v=yuRV6HE5UY0
فیلم ترسناک مار با بازی پرویز پرستویی و بهزاد فراهانی | Mar - Full Movie,https://www.youtube.com/watch?v=S4mL434VOAw
سریال هندی رازهای پنهان - قسمت 12 (دوبله فارسی) | Serial Razhaye Penhan,https://www.youtube.com/watch?v=Y3lEXEtwJzM
سریال هندی عشق نفوذی - قسمت 66 (دوبله فارسی) | Serial Eshghe Nofoozi,https://www.youtube.com/watch?v=l349_J0Ev0o
سریال هندی رازهای پنهان - قسمت 11 (دوبله فارسی) | Serial Razhaye Penhan,https://www.youtube.com/watch?v=v6u9vpqKwlE
سریال هندی عشق نفوذی - قسمت 65 (دوبله فارسی) | Serial Eshghe Nofoozi,https://www.youtube.com/watch?v=wg2prG0VZmY
سریال هندی رازهای پنهان - قسمت 10 (دوبله فارسی) | Serial Razhaye Penhan,https://www.youtube.com/watch?v=kJDT4H5i02c
سریال هندی عشق نفوذی - قسمت 64 (دوبله فارسی) | Serial Eshghe Nofoozi,https://www.youtube.com/watch?v=RNflSAyPvGg
فیلم سینمایی زندگی با نور پایین با بازی نگین معتضدی | Zendegi Ba Noor Paein - Full Movie,https://www.youtube.com/watch?v=vGSmiGaItNg
سریال هندی رازهای پنهان - قسمت 9 (دوبله فارسی) | Serial Razhaye Penhan,https://www.youtube.com/watch?v=RMOMiewfzkc
سریال هندی عشق نفوذی - قسمت 63 (دوبله فارسی) | Serial Eshghe Nofoozi,https://www.youtube.com/watch?v=LsbGSJBuztk
سریال هندی رازهای پنهان - قسمت 8 (دوبله فارسی) | Serial Razhaye Penhan,https://www.youtube.com/watch?v=4Eh1TIXUl90
سریال هندی عشق نفوذی - قسمت 62 (دوبله فارسی) | Serial Eshghe Nofoozi,https://www.youtube.com/watch?v=D9FI7kly0fU
فیلم سینمایی به سلامت بانو با بازی عسل بدیعی و مریم سعادت | Be Salamat Banoo - Full Movie,https://www.youtube.com/watch?v=3ZSWGxC5Dy4
سریال هندی رازهای پنهان - قسمت 7 (دوبله فارسی) | Serial Razhaye Penhan,https://www.youtube.com/watch?v=JIXdLweKkEE
سریال هندی عشق نفوذی - قسمت 61 (دوبله فارسی) | Serial Eshghe Nofoozi,https://www.youtube.com/watch?v=hbVOZ0P3Gd8
سریال هندی رازهای پنهان - قسمت 6 (دوبله فارسی) | Serial Razhaye Penhan,https://www.youtube.com/watch?v=LkIIlRb3Ho4
سریال هندی عشق نفوذی - قسمت 60 (دوبله فارسی) | Serial Eshghe Nofoozi,https://www.youtube.com/watch?v=8MfqI_ScEiM
فیلم سینمایی تنها در چند دقیقه سکوت با بازی کوروش تهامی | Tanha Dar Chand Daghighe Sokout,https://www.youtube.com/watch?v=1fWZunHTlWc
سریال هندی رازهای پنهان - قسمت 5 (دوبله فارسی) | Serial Razhaye Penhan,https://www.youtube.com/watch?v=B3E-L_RT_vQ
سریال هندی عشق نفوذی - قسمت 59 (دوبله فارسی) | Serial Eshghe Nofoozi,https://www.youtube.com/watch?v=5iV6KZj18CY
سریال هندی رازهای پنهان - قسمت 4 (دوبله فارسی) | Serial Razhaye Penhan,https://www.youtube.com/watch?v=Q_q-u6yRk3Y
سریال هندی عشق نفوذی - قسمت 58 (دوبله فارسی) | Serial Eshghe Nofoozi,https://www.youtube.com/watch?v=w0dnwugiC9k
سریال هندی رازهای پنهان - قسمت 3 (دوبله فارسی) | Serial Razhaye Penhan,https://www.youtube.com/watch?v=g3mUHGtSafw
سریال هندی عشق نفوذی - قسمت 57 (دوبله فارسی) | Serial Eshghe Nofoozi,https://www.youtube.com/watch?v=pPqaMiYniB4
سریال هندی رازهای پنهان - قسمت 2 (دوبله فارسی) | Serial Razhaye Penhan,https://www.youtube.com/watch?v=VPSMHqha_KA
سریال هندی عشق نفوذی - قسمت 56 (دوبله فارسی) | Serial Eshghe Nofoozi,https://www.youtube.com/watch?v=cTtAYisEV8o
نامزدی خواهر مافیای بزرگ هند #shorts,https://www.youtube.com/watch?v=4_y8bztheWw
سریال هندی رازهای پنهان - قسمت 1 (دوبله فارسی) | Serial Razhaye Penhan,https://www.youtube.com/watch?v=SKUCaFRM4oE
سریال هندی عشق نفوذی - قسمت 55 (دوبله فارسی) | Serial Eshghe Nofoozi,https://www.youtube.com/watch?v=AIE0IkStCgc
سریال هندی عشق نفوذی - قسمت 54 (دوبله فارسی) | Serial Eshghe Nofoozi,https://www.youtube.com/watch?v=6KfsyKDB4n8
سریال هندی عشق نفوذی - قسمت 53 (دوبله فارسی) | Serial Eshghe Nofoozi,https://www.youtube.com/watch?v=73y6W_N-S1w
فیلم سینمایی زادبوم با بازی بهرام رادان و پگاه آهنگرانی | Zadboom - Full Movie,https://www.youtube.com/watch?v=pXuJneBMAWw
سریال هندی عشق نفوذی - قسمت 52 (دوبله فارسی) | Serial Eshghe Nofoozi,https://www.youtube.com/watch?v=XvbRfDgoiBc
سریال هندی عشق نفوذی - قسمت 51 (دوبله فارسی) | Serial Eshghe Nofoozi,https://www.youtube.com/watch?v=tSehpQOFtnM
سریال هندی عشق نفوذی - قسمت 50 (دوبله فارسی) | Serial Eshghe Nofoozi,https://www.youtube.com/watch?v=rqVEAJCNSZk
فیلم عاشقانه سوفی و دیوانه با بازی امیر جعفری و الهه حصاری | Soofi o Divaneh - Full Movie,https://www.youtube.com/watch?v=aWNsSZLS0Yc
سریال هندی عشق نفوذی - قسمت 49 (دوبله فارسی) | Serial Eshghe Nofoozi,https://www.youtube.com/watch?v=uUXeVXnPpNE
سریال هندی عشق نفوذی - قسمت 48 (دوبله فارسی) | Serial Eshghe Nofoozi,https://www.youtube.com/watch?v=my61N84hBiI
فیلم سینمایی تباهی با بازی امیر آقایی و روناک یونسی | Tabahi - Full Movie,https://www.youtube.com/watch?v=42YW2njHDMo
سریال هندی عشق نفوذی - قسمت 47 (دوبله فارسی) | Serial Eshghe Nofoozi,https://www.youtube.com/watch?v=4DkalMo0Upk
سریال هندی رازهای پنهان - تیزر (دوبله فارسی) | Serial Razhaye Penhan,https://www.youtube.com/watch?v=KVSkaj94kj0
سریال هندی عشق نفوذی - قسمت 46 (دوبله فارسی) | Serial Eshghe Nofoozi,https://www.youtube.com/watch?v=gI3M7DpcsTY
فیلم کمدی برج آرام با بازی سروش صحت و سحر زکریا | Borje Aram - Full Movie,https://www.youtube.com/watch?v=AfcYhcmIxJ4
سریال هندی عشق نفوذی - قسمت 45 (دوبله فارسی) | Serial Eshghe Nofoozi,https://www.youtube.com/watch?v=C7TEFrkuFZk
سریال هندی عشق نفوذی - قسمت 44 (دوبله فارسی) | Serial Eshghe Nofoozi,https://www.youtube.com/watch?v=EUZ25k5Ow7s
سریال هندی عشق نفوذی - قسمت 43 (دوبله فارسی) | Serial Eshghe Nofoozi,https://www.youtube.com/watch?v=NLwvE02tG1s
فیلم کمدی عموجان با بازی گوهر خیراندیش و رضا بابک | Amoo Jan - Full Movie,https://www.youtube.com/watch?v=_TmQt1w5zu8
سریال هندی عشق نفوذی - قسمت 42 (دوبله فارسی) | Serial Eshghe Nofoozi,https://www.youtube.com/watch?v=E8ctmqtUoDU
سریال هندی عشق نفوذی - قسمت 41 (دوبله فارسی) | Serial Eshghe Nofoozi,https://www.youtube.com/watch?v=btFQHSHHsoI
فیلم سینمایی کودک و سرباز با بازی مهران رجبی و آفرین عبیسی | Koodak o Sarbaz - Full Movie,https://www.youtube.com/watch?v=M8TZet8xOfM
سریال هندی عشق نفوذی - قسمت 40 (دوبله فارسی) | Serial Eshghe Nofoozi,https://www.youtube.com/watch?v=v0-tPm0HkFE
سریال هندی عشق نفوذی - قسمت 39 (دوبله فارسی) | Serial Eshghe Nofoozi,https://www.youtube.com/watch?v=SklIf9hOQdM
سریال هندی عشق نفوذی - قسمت 38 (دوبله فارسی) | Serial Eshghe Nofoozi,https://www.youtube.com/watch?v=QTNZhIXR-YM
سریال هندی عشق نفوذی - قسمت 37 (دوبله فارسی) | Serial Eshghe Nofoozi,https://www.youtube.com/watch?v=TMMixzusYeY
سریال هندی عشق نفوذی - قسمت 36 (دوبله فارسی) | Serial Eshghe Nofoozi,https://www.youtube.com/watch?v=Jog98cdzUn4
فیلم سینمایی آندرانیک با هنرمندی رضا بهبودی و الهام کردا | Andranik - Full Movie,https://www.youtube.com/watch?v=0yr1dpSHQGo
سریال هندی عشق نفوذی - قسمت 35 (دوبله فارسی) | Serial Eshghe Nofoozi,https://www.youtube.com/watch?v=Z4CgeUM73CY
سریال هندی عشق نفوذی - قسمت 34 (دوبله فارسی) | Serial Eshghe Nofoozi,https://www.youtube.com/watch?v=Aj2_VovywDQ
فیلم کمدی هوو با بازی رضا عطاران و علی صادقی | Havoo - Full Movie,https://www.youtube.com/watch?v=_BSi8JXkOUQ
سریال هندی عشق نفوذی - قسمت 33 (دوبله فارسی) | Serial Eshghe Nofoozi,https://www.youtube.com/watch?v=me73s0QeCu4
سریال هندی عشق نفوذی - قسمت 32 (دوبله فارسی) | Serial Eshghe Nofoozi,https://www.youtube.com/watch?v=7uDZYqsJLMI
سریال هندی عشق نفوذی - قسمت 31 (دوبله فارسی) | Serial Eshghe Nofoozi,https://www.youtube.com/watch?v=HmBcTfrOeL0
سریال هندی عشق نفوذی - قسمت 30 (دوبله فارسی) | Serial Eshghe Nofoozi,https://www.youtube.com/watch?v=z2nlSbVageI
سریال هندی عشق نفوذی - قسمت 29 (دوبله فارسی) | Serial Eshghe Nofoozi,https://www.youtube.com/watch?v=RgknN6MIeE4
سریال هندی عشق نفوذی - قسمت 28 (دوبله فارسی) | Serial Eshghe Nofoozi,https://www.youtube.com/watch?v=2yFMO9ENBiY
سریال هندی عشق نفوذی - قسمت 27 (دوبله فارسی) | Serial Eshghe Nofoozi,https://www.youtube.com/watch?v=qciu7PVzqt4
محمدرضا علیمردانی و‌ بهاره کیان افشار در فیلم درام نمور | Namoor - Full Movie,https://www.youtube.com/watch?v=FZ_pCZ_pGiU
سریال هندی عشق نفوذی - قسمت 26 (دوبله فارسی) | Serial Eshghe Nofoozi,https://www.youtube.com/watch?v=YcA5h9iGX3A
سریال هندی عشق نفوذی - قسمت 25 (دوبله فارسی) | Serial Eshghe Nofoozi,https://www.youtube.com/watch?v=kVGss92vMKc
فیلم آخرین دفاع - فیلم کوتاه | Film Akharin Defa - Short Movie,https://www.youtube.com/watch?v=N5AhuO_w-rE
سریال هندی عشق نفوذی - قسمت 24 (دوبله فارسی) | Serial Eshghe Nofoozi,https://www.youtube.com/watch?v=PCCCydPNAnE
سریال هندی عشق نفوذی - قسمت 23 (دوبله فارسی) | Serial Eshghe Nofoozi,https://www.youtube.com/watch?v=_dbBMGomLeA
سریال هندی عشق نفوذی - قسمت 22 (دوبله فارسی) | Serial Eshghe Nofoozi,https://www.youtube.com/watch?v=an-lYPv-9Ss
فیلم اکشن حرکت اول با بازی الناز شاکردوست و پوریا پورسرخ | Harekate Aval - Full Movie,https://www.youtube.com/watch?v=IMfC_F4bxus
سریال هندی عشق نفوذی - قسمت 21 (دوبله فارسی) | Serial Eshghe Nofoozi,https://www.youtube.com/watch?v=Ma3PHo5Mc8s
اختلاف سنی بسیار کم حمید گودرزی با مادرش  #shorts,https://www.youtube.com/watch?v=ygti-PjqpQg
سریال هندی عشق نفوذی - قسمت 20 (دوبله فارسی) | Serial Eshghe Nofoozi,https://www.youtube.com/watch?v=_saAwGYPf9E
سریال هندی عشق نفوذی - قسمت 19 (دوبله فارسی) | Serial Eshghe Nofoozi,https://www.youtube.com/watch?v=JJiazZbU64k
حمید گودرزی در 86 سالگی #shorts,https://www.youtube.com/watch?v=EQGwjYwswrA
سریال هندی عشق نفوذی - قسمت 18 (دوبله فارسی) | Serial Eshghe Nofoozi,https://www.youtube.com/watch?v=yIMCHf-b-mU
فیلم سینمایی دختران خورشید - کامل | Dokhtarane Khorshid - Full Movie,https://www.youtube.com/watch?v=X5uFnEqhKmE
سریال هندی عشق نفوذی - قسمت 17 (دوبله فارسی) | Serial Eshghe Nofoozi,https://www.youtube.com/watch?v=z04R_T3sa9s
تیکه حمید گودرزی به نیوشا ضیغمی #shorts,https://www.youtube.com/watch?v=o8Vy8qbw_u8
سریال هندی عشق نفوذی - قسمت 16 (دوبله فارسی) | Serial Eshghe Nofoozi,https://www.youtube.com/watch?v=M6-QQd1OaeY
سریال هندی عشق نفوذی - قسمت 15 (دوبله فارسی) | Serial Eshghe Nofoozi,https://www.youtube.com/watch?v=SfmxL1ZBSWs
فیلم جنگی سفر با بازی فاطمه معتمد آریا و داریوش فرهنگ | Safar - Full Movie,https://www.youtube.com/watch?v=d3bM2014EBc
سریال هندی عشق نفوذی - قسمت 14 (دوبله فارسی) | Serial Eshghe Nofoozi,https://www.youtube.com/watch?v=ZoL7rrcO_k8
حسام نواب صفوی کم خرجه #shorts,https://www.youtube.com/watch?v=4hIt576vlMk
سریال هندی عشق نفوذی - قسمت 13 (دوبله فارسی) | Serial Eshghe Nofoozi,https://www.youtube.com/watch?v=NSW3SpAb-Ks
فیلم سینمایی عروس آتش با بازی حمید فرخ نژاد و غزل صارمی | Aroose Atash - Full Movie,https://www.youtube.com/watch?v=fugHaMZ2PZo
سریال هندی عشق نفوذی - قسمت 12 (دوبله فارسی) | Serial Eshghe Nofoozi,https://www.youtube.com/watch?v=rymaNmHqlmw
سریال هندی عشق نفوذی - قسمت 11 (دوبله فارسی) | Serial Eshghe Nofoozi,https://www.youtube.com/watch?v=8E55nKjVLnA
سریال هندی عشق نفوذی - قسمت 10 (دوبله فارسی) | Serial Eshghe Nofoozi,https://www.youtube.com/watch?v=D6YF79ZCaYo
سریال هندی عشق نفوذی - قسمت 9 (دوبله فارسی) | Serial Eshghe Nofoozi,https://www.youtube.com/watch?v=_S_Cc99hGfM
سریال هندی عشق نفوذی - قسمت 8 (دوبله فارسی) | Serial Eshghe Nofoozi,https://www.youtube.com/watch?v=TqfkwcAD6_k
سریال هندی عشق نفوذی - قسمت 7 (دوبله فارسی) | Serial Eshghe Nofoozi,https://www.youtube.com/watch?v=pBAjKR5XhdQ
سریال هندی عشق نفوذی - قسمت 6 (دوبله فارسی) | Serial Eshghe Nofoozi,https://www.youtube.com/watch?v=4bXK8FaKg9g
فیلم جنگی سرزمین خورشید با بازی خسرو شکیبایی | Sarzamine Khorshid - Full Movie,https://www.youtube.com/watch?v=NUeqPYvdQEk
سریال هندی عشق نفوذی - قسمت 5 (دوبله فارسی) | Serial Eshghe Nofoozi,https://www.youtube.com/watch?v=SOUCf2VEsAU
سه دقیقه صبر کردن برای همسر آیندت زمان زیادیه؟ #shorts,https://www.youtube.com/watch?v=YNclF6hqJNg
سریال هندی عشق نفوذی - قسمت 4 (دوبله فارسی) | Serial Eshghe Nofoozi,https://www.youtube.com/watch?v=1ROQ_WNMVLU
سریال هندی عشق نفوذی - قسمت 3 (دوبله فارسی) | Serial Eshghe Nofoozi,https://www.youtube.com/watch?v=NLtFhaPyEiw
سریال هندی عشق نفوذی - قسمت 2 (دوبله فارسی) | Serial Eshghe Nofoozi,https://www.youtube.com/watch?v=XNwy5rWmn0Y
سریال هندی عشق نفوذی - قسمت 1 (دوبله فارسی) | Serial Eshghe Nofoozi,https://www.youtube.com/watch?v=cFFc-wda1aw
سریال هندی عشق نفوذی را هم اکنون با دوبله فارسی از کانال شهرفرنگ تماشا کنید,https://www.youtube.com/watch?v=CHRsl5p51wc
فیلم اکشن کلاف با بازی علی انصاریان و لیلا اوتادی | Kalaf - Full Movie,https://www.youtube.com/watch?v=ch38r0sSuMY
فیلم اکشن کلکسیونر با بازی حمیرا ریاضی و علی اوسیوند | Collectioner - Full Movie,https://www.youtube.com/watch?v=wXSeqkOvu4w
فیلم جنجالی قلاده های طلا با بازی امین حیایی و مریلا زارعی | Ghaladehaye Tala - Full Movie,https://www.youtube.com/watch?v=b5F4peKX-QY
سلمان: بابام بعد چهلم مادرم دیگه به هیچ مردی نگاه نکرد #shorts,https://www.youtube.com/watch?v=fJ418Nype40
ماجرای خواب های پنج دقیقه ای کمند امیرسلیمانی #shorts,https://www.youtube.com/watch?v=1zKY2nUcuuM
فیلم جنایی روز شیطان با بازی آتیلا پسیانی و علی دهکردی | Ruze Sheytan - Full Movie,https://www.youtube.com/watch?v=KIihGFugEDQ
فیلم کمدی در به درها با بازی لیلی رشیدی و مریم سعادت | Dar Be Darha - Full Movie,https://www.youtube.com/watch?v=Fvc5w_rVnUo
برنامه تاک شو شب خوش 1 - قسمت 39 با حضور سوگل طهماسبی | Shab Khosh 1 - Part 39,https://www.youtube.com/watch?v=Z3zB5c-h208
رشتی صحبت کردن آشا محرابی در برنامه تلویزیونی #shorts,https://www.youtube.com/watch?v=9vVNaLy3al8
برنامه تاک شو شب خوش 1 - قسمت 38 با حضور محمد نادری | Shab Khosh 1 - Part 38,https://www.youtube.com/watch?v=jq9WnQl8rcM
فیلم سینمایی ذوب شدن پادشاه با بازی لیلا زارع و نسیم ادبی | Zob Shodane Padeshah - Full Movie,https://www.youtube.com/watch?v=Bh6FPJ7NN1k
برنامه تاک شو شب خوش 1 - قسمت 37 با حضور آشا محرابی | Shab Khosh 1 - Part 37,https://www.youtube.com/watch?v=BpXqwxOor3g
من خودم تعجب کردم دخترشون رو به من دادن #shorts,https://www.youtube.com/watch?v=YmyS-a06KY4
برنامه تاک شو شب خوش 1 - قسمت 36 با حضور کمند امیرسلیمانی | Shab Khosh 1 - Part 36,https://www.youtube.com/watch?v=c8T6Dzon9Yw
فیلم سینمایی چند تار مو با بازی مجید مشیری و بهناز جعفری | Chand Tare Moo - Full Movie,https://www.youtube.com/watch?v=JM2Cv1gxA0k
من طاقت طلاق ندارم ولی طلاقمون باید توافقی باشه #shorts,https://www.youtube.com/watch?v=Ohuw1xE0hAs
فکر میکرد من دنبال شوهرشم، بلاکم کرد #shorts,https://www.youtube.com/watch?v=O3r_-654ZQY
سریال مهمانی ویژه برنامه 1403 - قسمت 27 | Serial Mehmani - Part 27,https://www.youtube.com/watch?v=09-Sx02-_1A
سریال هندی عشق نفوذی با دوبله فارسی - تیزر (بدون سانسور) | Serial Eshghe Nofoozi,https://www.youtube.com/watch?v=l5Q2hl9II0A
فیلم اکشن و جنایی کمین با بازی بیژن امکانیان | Kamin - Full Movie,https://www.youtube.com/watch?v=M7RAAAbGLjY
حدیث میرامینی خلاف همکلاسی هاش رو گردن میگرفت  #shorts,https://www.youtube.com/watch?v=mYvkHB7iQNY
فیلم سینمایی مانا با بازی رویا نونهالی و مریم کاویانی | Mana - Full Movie,https://www.youtube.com/watch?v=rUX6WnSAzeE
توپ تانک گومبولی، فامیل ما گوگولی  #shorts,https://www.youtube.com/watch?v=PhS1i44fv7w
صدای زنونه درآوردن غفارمنش #shorts,https://www.youtube.com/watch?v=Iwt-DGJRE4c
سریال مهمانی ویژه برنامه 1403 - قسمت 26 | Serial Mehmani - Part 26,https://www.youtube.com/watch?v=UR6H7PCUkKc
سریال مهمانی ویژه برنامه 1403 - قسمت 25 | Serial Mehmani - Part 25,https://www.youtube.com/watch?v=xkscEEuTm3Y
فیلم سینمایی آرزوهای ناتمام با بازی کامران تفتی و شراره رخام | Arezoohaye Natamam - Full Movie,https://www.youtube.com/watch?v=n3UQBP2erxA
سه هزار متر باغبون بوده #shorts,https://www.youtube.com/watch?v=5bi6n2cO7Gw
فیلم درام عصر روز دهم با بازی هانیه توسلی و احمد مهرانفر | Asre Rouze Dahom - Full Movie,https://www.youtube.com/watch?v=Xh7CRa8fPyI
فیلم کمدی غزاله با بازی مرجانه گلچین و شراره رخام | Ghazaleh - Full Movie,https://www.youtube.com/watch?v=vPLTNXlz3u4
لیلا اوتادی با خاک یکسانش کرد #shorts,https://www.youtube.com/watch?v=cYodNRBWb9Y
سریال مهمانی ویژه برنامه 1403 - قسمت 24 | Serial Mehmani - Part 24,https://www.youtube.com/watch?v=aWRIXNQ69ak
لیلا اوتادی: من چون ترک هستم روزی 8 لیوان چایی میخورم #shorts,https://www.youtube.com/watch?v=eVGkAL7hpoI
برنامه تاک شو شب خوش 1 - قسمت 35 با حضور مریم سعادت | Shab Khosh 1 - Part 35,https://www.youtube.com/watch?v=J6wMv5KEuSA
برنامه تاک شو شب خوش 1 - قسمت 34 با حضور شهاب عباسی | Shab Khosh 1 - Part 34,https://www.youtube.com/watch?v=bmG7KXs_ppg
بطری رو با آبش خورده، رکورد گینس زده #shorts,https://www.youtube.com/watch?v=VsUe0SRUBI0
سریال مهمانی ویژه برنامه 1403 - قسمت 23 | Serial Mehmani - Part 23,https://www.youtube.com/watch?v=tVs9fc-_p4M
امیرکاظمی ندونسته پرسپولیسیه  #shorts,https://www.youtube.com/watch?v=UH2pU4WzneA
خیار خرد کردن امیر کاظمی با چشمان بسته #shorts,https://www.youtube.com/watch?v=ehaaWJu_fhQ
خاطرات کمتر شنیده شده از امیر کاظمی #shorts,https://www.youtube.com/watch?v=r9P2341hNak
سریال مهمانی ویژه برنامه 1403 - قسمت 22 | Serial Mehmani - Part 22,https://www.youtube.com/watch?v=S_a4JpLyd7U
فیلم اجتماعی همدم با بازی اسماعیل محرابی و مینا نوروزی | Hamdam - Full Movie,https://www.youtube.com/watch?v=m8sKDGBG-cg
سریال مهمانی ویژه برنامه 1403 - قسمت 21 | Serial Mehmani - Part 21,https://www.youtube.com/watch?v=iA6vEBySH4I
فیلم درام پرواز مرغابی ها با بازی مهران غفوریان و مهران رجبی | Parvaze Morghabiha - Full Movie,https://www.youtube.com/watch?v=CZX0Jabx0ts
فیلم نوراستنی - کامل | Noorasteni - Full Movie,https://www.youtube.com/watch?v=gAe4qYrSeQY
فیلم درام روز چهاردهم با بازی مارال فرجاد و شهرام عبدلی | Ruze Chahardahom - Full Movie,https://www.youtube.com/watch?v=AsW6tBqrx7I
تجربه تلخ ملیکا شریفی نیا در بازی مافیا  #shorts,https://www.youtube.com/watch?v=5MZmOnY8ILk
برنامه تاک شو شب خوش 1 - قسمت 33 با حضور پیام احمدنیا | Shab Khosh 1 - Part 33,https://www.youtube.com/watch?v=Fi9RgwlTBfs
فیلم کمدی خواب زده ها با بازی اکبر عبدی و فرهاد اصلانی | Khab Zadeha - Full Movie,https://www.youtube.com/watch?v=cfUkBz3sO4g
سریال نون خ 4 - قسمت 4 | Serial Noon Kh 4 - Part 4,https://www.youtube.com/watch?v=-OTqdH2Fza4
برنامه تاک شو شب خوش 1 - قسمت 32 با حضور حدیث میرامینی | Shab Khosh 1 - Part 32,https://www.youtube.com/watch?v=pNmN8Qd6oYQ
فیلم کوچه پشت کلانتری - کامل | Kucheh Poshte Kalantari - Full Movie,https://www.youtube.com/watch?v=-VbYRi2AV0U
حواسم پرت شد دخترم رو دادم به سلمان #shorts,https://www.youtube.com/watch?v=QG0bYdtxtJg
فیلم فوتبالیستها با بازی علی پروین، حمید استیلی و افشین پیروانی | Footballistha - Full Movie,https://www.youtube.com/watch?v=5velTvOA-bw
فیلم خانوادگی ترانه کوچک من با بازی مسعود کرامتی و بهناز جعفری | Taraneye Kuchake Man - Full Movie,https://www.youtube.com/watch?v=uiOd5HFG0Jk
برنامه تاک شو شب خوش 1 - قسمت 31 با حضور امیرغفارمنش | Shab Khosh 1 - Part 31,https://www.youtube.com/watch?v=8DquRHU1cXI
سریال مهمانی ویژه برنامه 1403 - قسمت 20 | Serial Mehmani - Part 20,https://www.youtube.com/watch?v=KQKyFztU9Oc
فیلم درام بی عنوان با بازی امین زندگانی و نگین معتضدی | Bi Onvan - Full Movie,https://www.youtube.com/watch?v=sIbBh31b6Fw
سریال مهمانی ویژه برنامه 1403 - قسمت 19 | Serial Mehmani - Part 19,https://www.youtube.com/watch?v=-sjAnQMj8vA
فیلم درام آوای زمین با بازی حسین یاری و سارا خوئینی ها | Avaye Zamin - Full Movie,https://www.youtube.com/watch?v=4GjAyY9YltE
فیلم درام شاید یک معجزه با بازی مریم کاویانی و صالح میرزاآقایی | Shayad Yek Mojeze - Full Movie,https://www.youtube.com/watch?v=Z3hw7bkYqDw
دوبله دیدنی و خنده دار جواد خواجوی  #shorts,https://www.youtube.com/watch?v=vhv_QPoQ2IA
فیلم خانوادگی جاده لغزنده است با بازی محمد کاسبی و مینا نوروزی | Jadeh Laghzande Ast - Full Movie,https://www.youtube.com/watch?v=Ux_ecVj1a-w
شما هم اندازه من از سلمان لجتون دراومده؟ #shorts,https://www.youtube.com/watch?v=9OTMFn8FHa8
علاقه شدید جواد خیابانی به مارادونا #shorts,https://www.youtube.com/watch?v=dqm5AExuePg
برنامه تاک شو شب خوش 1 - قسمت 30 با حضور لیلا اوتادی | Shab Khosh 1 - Part 30,https://www.youtube.com/watch?v=21cDwLWaVbA
سریال مهمانی ویژه برنامه 1403 - قسمت 18 | Serial Mehmani - Part 18 (Full HD),https://www.youtube.com/watch?v=DJ-FzWJGPfc
برنامه تاک شو شب خوش 1 - قسمت 29 با حضور علیرضا استادی | Shab Khosh 1 - Part 29,https://www.youtube.com/watch?v=cl-dpVQY98k
نقش تو به عنوان مرد خانواده چیه؟ #shorts,https://www.youtube.com/watch?v=7Wt8V2iwJ20
شرط مرگبار مارادونا برای جواد خیابانی #shorts,https://www.youtube.com/watch?v=Nv-FfpTynT4
سریال مهمانی ویژه برنامه 1403 - قسمت 18 | Serial Mehmani - Part 18,https://www.youtube.com/watch?v=AoYI7L59n3U
سریال مهمانی ویژه برنامه 1403 - قسمت 17 | Serial Mehmani - Part 17 (Full HD),https://www.youtube.com/watch?v=FMYxcKDhwvU
یوسف تیموری مریم مومن رو آنفالو کرده  #shorts,https://www.youtube.com/watch?v=bYw-0d48ioQ
سریال مهمانی ویژه برنامه 1403 - قسمت 17 | Serial Mehmani - Part 17,https://www.youtube.com/watch?v=cHBV5mQKWqI
این جوک ها خیلی هم بی مزه نبودن #shorts,https://www.youtube.com/watch?v=4fpN1RCtHN8
مهیار ذوق مرگ شد بهش گفتن مرد #shorts,https://www.youtube.com/watch?v=wxQBhcjJ-Ck
فیلم درام عهدشکنی با بازی پرویز فلاحی پور و اصغر همت | Ahd Shekani - Full Movie,https://www.youtube.com/watch?v=kfLZet33zXo
سریال نون خ 5 - پشت صحنه - قسمت 2 | Serial Noon Kh 5 - Backstage - Part 2,https://www.youtube.com/watch?v=om6iayGleb4
فیلم درام پهلوان هرگز نمی میرد با بازی جعفر دهقان | Pahlevan Hargez Nemimirad - Full Movie,https://www.youtube.com/watch?v=gk6MujL0FIg
سریال نون خ 5 - پشت صحنه - قسمت 1 | Serial Noon Kh 5 - Backstage - Part 1,https://www.youtube.com/watch?v=oYLw4aiBBpM
برنامه تاک شو شب خوش 1 - قسمت 28 با حضور امیر کاظمی | Shab Khosh 1 - Part 28,https://www.youtube.com/watch?v=ac9VQgqQ0kY
فیلم خانوادگی بازی دو نفره با بازی فرهاد آئیش و افسانه بایگان | Bazie Do Nafare - Full Movie,https://www.youtube.com/watch?v=ZBX5upB_eX8
رو مخیا ولی سماجتت رو دوست دارم  #shorts,https://www.youtube.com/watch?v=eUirjYespVY
ببعی رژیم فستینگ گرفته #shorts,https://www.youtube.com/watch?v=8FG8LwROvVc
فیلم درام پاییز امیرخیز با بازی حمیرا ریاضی و عمار تفتی | Paeiz Amirkhiz - Full Movie,https://www.youtube.com/watch?v=6lxElqikdqk
گریه جواد رضویان بخاطر معرفت نصرالله رادش  #shorts,https://www.youtube.com/watch?v=pgD0jA2RhfI
گراهام بل میخواست برق رو اختراع کنه، هول شد تلفن رو اختراع کرد #shorts,https://www.youtube.com/watch?v=7UkvuTGC-vk
سریال مهمانی ویژه برنامه 1403 - قسمت 16 | Serial Mehmani - Part 16 (Full HD),https://www.youtube.com/watch?v=JbWNH4Zps7o
جدی میفرمایید آقای مجری ؟ #shorts,https://www.youtube.com/watch?v=Q-UcpyIO0HQ
سریال مهمانی ویژه برنامه 1403 - قسمت 16 | Serial Mehmani - Part 16,https://www.youtube.com/watch?v=TlSt_8QeAtc
فیلم تاریخی شاه خاموش با بازی محمدرضا فروتن و مهتاب کرامتی | Shahe Khamoush - Full Movie,https://www.youtube.com/watch?v=wfNden0Bp9s
آقای پیرمرد پرحاشیه  #shorts,https://www.youtube.com/watch?v=IKDSWjbyfeY
فیلم درام آشیانه ای در باد با بازی دانیال حکیمی و نگار فروزنده | Ashianei Dar Bad - Full Movie,https://www.youtube.com/watch?v=YtoN7tR_vn4
جوک بی مزه جواد رضویان  #shorts,https://www.youtube.com/watch?v=geAAEKd-OCk
وحشی بازی های سلمان  #shorts,https://www.youtube.com/watch?v=9X8YiL8NJ7Y
فیلم درام ترانه پاییزی با بازی ساره بیات و عمار تفتی | Taraneye Paeizi - Full Movie,https://www.youtube.com/watch?v=H4naiMmXaS0
فیلم درام پیامک های آرزو با بازی میرطاهر مظلومی و نفیسه روشن | Payamakhaye Arezoo - Full Movie,https://www.youtube.com/watch?v=SQ66p46zrcQ
سالی ده بار تکرار مختار رو نشون میده  #shorts,https://www.youtube.com/watch?v=kJfaZ1IZy6I
برنامه تاک شو شب خوش 1 - قسمت 27 با حضور ملیکا شریفی‌نیا | Shab Khosh 1 - Part 27,https://www.youtube.com/watch?v=A7m2OXjav20
فیلم درام مادر صدامو می شنوی با بازی آتیلا پسیانی و نیکو خردمند | Madar Sedamo Mishnavi - Full Movie,https://www.youtube.com/watch?v=RxTGTvn4bqE
برنامه تاک شو شب خوش 1 - قسمت 26 با حضور سیاوش مفیدی | Shab Khosh 1 - Part 26,https://www.youtube.com/watch?v=VTAhmIQtvJg
من اگر پول داشتم مغز خر خورده بودم برم زن بگیرم ؟ #shorts,https://www.youtube.com/watch?v=MNgtYoDUKFI
سرعت عجیب جواد رضویان تو تشخیص چهره  #shorts,https://www.youtube.com/watch?v=cub408kt5Fc
سریال نون خ 5 - قسمت 24 (قسمت آخر) | Serial Noon Kh 5 - Part 24,https://www.youtube.com/watch?v=J-DZ7qgRZY4
چرا تا حالا شوهر نکردی #shorts,https://www.youtube.com/watch?v=DadhfZ3sFug
تجربه ثابت کرده شما بمیر نیستی   #shorts,https://www.youtube.com/watch?v=I9UyPRjw4f0
سریال نون خ 5 - قسمت 23 | Serial Noon Kh 5 - Part 23,https://www.youtube.com/watch?v=jbtvky9AoLQ
فیلم درام بدون قرار قبلی با بازی پگاه آهنگرانی و مصطفی زمانی | Bedune Gharare Ghabli - Full Movie,https://www.youtube.com/watch?v=r9tF42h2Cck
من فقط نتونستم به نفس اماره غلبه کنم #shorts,https://www.youtube.com/watch?v=csUGSd6LE18
سریال نون خ 5 - قسمت 22 | Serial Noon Kh 5 - Part 22,https://www.youtube.com/watch?v=4MujaNu4P6s
خاطره حسین رفیعی از حبس مهران غفوریان #shorts,https://www.youtube.com/watch?v=tQxNkNiDsHc
سریال نون خ 5 - قسمت 21 | Serial Noon Kh 5 - Part 21,https://www.youtube.com/watch?v=uEqYfRBq0Rg
فیلم سیاسی آی دوقموش با بازی مهران رجبی و میرطاهر مظلومی | Ay Doogh Moosh - Full Movie,https://www.youtube.com/watch?v=3ZP8VymgQyE
بیا مثل فیلمها باهم بریم به حالت رمانتیک مسواک بزنیم  #shorts,https://www.youtube.com/watch?v=xtJlaCCRho4
سریال نون خ 5 - قسمت 20 | Serial Noon Kh 5 - Part 20,https://www.youtube.com/watch?v=4dq2mEtbtBQ
فیلم کمدی آمبولانس با بازی جهانبخش سلطانی و مهدی امینی خواه | Ambulance - Full Movie,https://www.youtube.com/watch?v=WWRSCtVMrF8
مسابقه جالب تشخیص چهره #shorts,https://www.youtube.com/watch?v=EonNGs56ml4
سریال نون خ 5 - قسمت 19 | Serial Noon Kh 5 - Part 19,https://www.youtube.com/watch?v=RV_XOpb-U30
فیلم درام دو ماه شمسی با بازی علی اوسیوند و شراره رخام | Do Mahe Shamsi - Full Movie,https://www.youtube.com/watch?v=WX4hiskoGs4
لوبیا پلو سفارش داده بدون برنج  #shorts,https://www.youtube.com/watch?v=rhvOw9K5MMk
سریال مهمانی ویژه برنامه 1403 - قسمت 15 | Serial Mehmani - Part 15 (Full HD),https://www.youtube.com/watch?v=9EgquM8mtAc
سریال مهمانی ویژه برنامه 1403 - قسمت 14 | Serial Mehmani - Part 14 (Full HD),https://www.youtube.com/watch?v=Po4I_KpIVXM
سریال نون خ 5 - قسمت 18 | Serial Noon Kh 5 - Part 18,https://www.youtube.com/watch?v=B8E2lwwlJt0
برنامه تاک شو شب خوش 1 - قسمت 25 با حضور جواد خواجوی | Shab Khosh 1 - Part 25,https://www.youtube.com/watch?v=lwpD-duiIP8
فیلم صدای پای من با بازی مهران احمدی و فرشته سرابندی | Sedaye Paye Man - Full Movie,https://www.youtube.com/watch?v=KpN1zY5aISo
من دخترهام رو گوشت خوار بار آوردم #shorts,https://www.youtube.com/watch?v=W8yPYi0yH7I
ماهی چندتا سکه باید بدم؟  #shorts,https://www.youtube.com/watch?v=rM6xtp1tP7Y
سریال نون خ 5 - قسمت 17 | Serial Noon Kh 5 - Part 17,https://www.youtube.com/watch?v=0XXxnRULiBM
سریال مهمانی ویژه برنامه 1403 - قسمت 15 | Serial Mehmani - Part 15,https://www.youtube.com/watch?v=rfnhsbz8V5w
لیلا اوتادی خره من رو دوست داره #shorts,https://www.youtube.com/watch?v=sIOpf72Cp-M
سریال مهمانی ویژه برنامه 1403 - قسمت 14 | Serial Mehmani - Part 14,https://www.youtube.com/watch?v=G92xMybishs
سریال نون خ 5 - قسمت 16 | Serial Noon Kh 5 - Part 16,https://www.youtube.com/watch?v=WtW8EBdU8M0
سریال نون خ 5 - قسمت 15 | Serial Noon Kh 5 - Part 15,https://www.youtube.com/watch?v=q62Diq2k3PA
فیلم درام هر شب تنهایی با بازی لیلا حاتمی و حامد بهداد | Har Shab Tanhaei - Full Movie,https://www.youtube.com/watch?v=UWcvyuT94Ic
سریال نون خ 5 - قسمت 14 | Serial Noon Kh 5 - Part 14,https://www.youtube.com/watch?v=mHIGGjNw5Pw
فیلم کمدی شادی های زندگی با بازی حمید لولایی و احمد پورمخبر | Shadihaye Zendegi - Full Movie,https://www.youtube.com/watch?v=sAuTBjYomxU
سریال نون خ 5 - قسمت 13 | Serial Noon Kh 5 - Part 13,https://www.youtube.com/watch?v=1omeWENxoGY
افتخار میکنی که فرهیخته نیستی؟ #shorts,https://www.youtube.com/watch?v=JKfwgqiS74Y
سریال نون خ 5 - قسمت 12 | Serial Noon Kh 5 - Part 12,https://www.youtube.com/watch?v=N3kfn4b5RBc
برنامه تاک شو شب خوش 1 - قسمت 24 با حضور جواد خیابانی | Shab Khosh 1 - Part 24,https://www.youtube.com/watch?v=uCdeJtSAshw
سلمان میگه به شیرین بگین داماد رو ببوسه #shorts,https://www.youtube.com/watch?v=tNwh26R5Plc
سریال مهمانی ویژه برنامه 1403 - قسمت 13 | Serial Mehmani - Part 13 (Full HD),https://www.youtube.com/watch?v=r6uUi3h01V8
سریال نون خ 5 - قسمت 11 | Serial Noon Kh 5 - Part 11,https://www.youtube.com/watch?v=X46Z4XCF64Q
برنامه تاک شو شب خوش 1 - قسمت 23 با حضور جواد رضویان | Shab Khosh 1 - Part 23,https://www.youtube.com/watch?v=JcqmZdmqjR4
فیلم کمدی مهریه با بازی زنده یاد رضا داوودنژاد و حدیث فولادوند | Mehriyeh - Full Movie,https://www.youtube.com/watch?v=xcZQjVTYz5Y
سریال نون خ 5 - قسمت 10 | Serial Noon Kh 5 - Part 10,https://www.youtube.com/watch?v=Y3Fi-DD9Yp0
سریال مهمانی ویژه برنامه 1403 - قسمت 13 | Serial Mehmani - Part 13,https://www.youtube.com/watch?v=CikPnktlz1w
سریال مهمانی ویژه برنامه 1403 - قسمت 12 | Serial Mehmani - Part 12 (Full HD),https://www.youtube.com/watch?v=_tRLZwulL4g
سلمان بخاطر گوشیش برگشته نه شیرین ، رسما گاوه #shorts,https://www.youtube.com/watch?v=1gSlEti2_k8
سریال نون خ 5 - قسمت 9 | Serial Noon Kh 5 - Part 9,https://www.youtube.com/watch?v=NaNlH8sNwnk
زنش رو گردن نمیگیره #shorts,https://www.youtube.com/watch?v=ZWC7gRl8tXA
چهار رکعت نماز وحشت رایگان اشانتیون #shorts,https://www.youtube.com/watch?v=JFSCVqo-UrE
سریال نون خ 5 - قسمت 8 | Serial Noon Kh 5 - Part 8,https://www.youtube.com/watch?v=wu6r4O86clI
رپ کردن یوسف تیموری  #shorts,https://www.youtube.com/watch?v=I6gqtRK2lM0
سریال نون خ 5 - قسمت 7 | Serial Noon Kh 5 - Part 7,https://www.youtube.com/watch?v=J7QaRpm1bN0
چیدمانه - قسمت صفر | Chidemaneh - Part 0,https://www.youtube.com/watch?v=bkNl5FVrXdc
سریال نون خ 5 - قسمت 6 | Serial Noon Kh 5 - Part 6,https://www.youtube.com/watch?v=_PIfgGP-Tr4
برنامه تاک شو شب خوش 1 - قسمت 22 با حضور حسین رفیعی | Shab Khosh 1 - Part 22,https://www.youtube.com/watch?v=xXYNdmOSlb0
ناز کردم، شوهرم ولم کرد تنهایی رفت ماه عسل #shorts,https://www.youtube.com/watch?v=C-REN2ixKss
سریال نون خ 5 - قسمت 5 | Serial Noon Kh 5 - Part 5,https://www.youtube.com/watch?v=BieOHTC_7dY
قربون اون دو پر سبیلت بشم #shorts,https://www.youtube.com/watch?v=Jdo_2nhWKj4
سریال نون خ 5 - قسمت 4 | Serial Noon Kh 5 - Part 4,https://www.youtube.com/watch?v=AlMfLcXloC0
مافیا بازی نورالدین خان زاده #shorts,https://www.youtube.com/watch?v=gialrK3cOrM
یوسف تیموری رفیقش رو به روز سیاه مینشونه #shorts,https://www.youtube.com/watch?v=EAT_eqJi5eQ
سریال مهمانی ویژه برنامه 1403 - قسمت 11 | Serial Mehmani - Part 11,https://www.youtube.com/watch?v=NH4RBfzoDhU
سریال نون خ 5 - قسمت 3 | Serial Noon Kh 5 - Part 3,https://www.youtube.com/watch?v=Yscj4RtHrF4
سریال مهمانی ویژه برنامه 1403 - قسمت 10 | Serial Mehmani - Part 10 (Full HD),https://www.youtube.com/watch?v=oO_uK3plvcg
سلمان بالاخره با شیرین ازدواج کرد #shorts,https://www.youtube.com/watch?v=zfM_MkZ6tBY
اجرای افتضاح شکیب شجره #shorts,https://www.youtube.com/watch?v=4FJQXD9s95s
سریال نون خ 5 - قسمت 2 | Serial Noon Kh 5 - Part 2,https://www.youtube.com/watch?v=aGw8oadJFwY
سریال مهمانی ویژه برنامه نوروز 1403 - قسمت 10 | Serial Mehmani - Part 10,https://www.youtube.com/watch?v=7I2iUqHZWx4
برنامه تاک شو شب خوش 1 - قسمت 21 با حضور رامین ناصرنصیر | Shab Khosh 1 - Part 21,https://www.youtube.com/watch?v=thYqjwcPyN8
حلقش رو فروخته ارز دیجیتال خریده #shorts,https://www.youtube.com/watch?v=MObD3kP41t8
من حسرت خنده های نعیمه نظام دوست رو میخورم #shorts,https://www.youtube.com/watch?v=jpq9uY_jZeo
سریال نون خ 5 - قسمت 1 | Serial Noon Kh 5 - Part 1,https://www.youtube.com/watch?v=mIAY6WmJD-o
برنامه تاک شو شب خوش 1 - قسمت 20 با حضور علیرضا خمسه | Shab Khosh 1 - Part 20,https://www.youtube.com/watch?v=G_HAT8LPJ6c
فیلم مرگ کسب و کار من است با بازی پژمان بازغی و امیر آقایی | Marg Kasb o Kare Man Ast - Full Movie,https://www.youtube.com/watch?v=FLIlxtje3IQ
از لخت بودن خوشش اومده #shorts,https://www.youtube.com/watch?v=W1BdmyM_lt0
این دوتا خل و چل زن و بچه من هستن؟  #shorts,https://www.youtube.com/watch?v=Ukj0tdHQgww
وقتی اسم داداشت ولی باشه #shorts,https://www.youtube.com/watch?v=lkmYSzX_Vxc
آقای همساده میگه 3 ماهه دارم به بچه ها شیر میدم - سریال مهمانی - فصل 3,https://www.youtube.com/watch?v=WhCQWIr795g
ترکیب سم جیگر و بچه: دون سننه + دون جیگرینو - سریال مهمانی - فصل 3,https://www.youtube.com/watch?v=YxD_R-bxU6M
من سه سالم بودم که به دنیا اومدم  #shorts,https://www.youtube.com/watch?v=kmaoWvAkT_I
عشقت داره آزادیم رو ازم میگیره - سریال مهمانی - فصل 3,https://www.youtube.com/watch?v=k1E7Z-Jqp7U
نسخ بودن ببعی، اعتیاد ببعی به... #shorts,https://www.youtube.com/watch?v=wdVjfZx5Rt8
شایعات ازدواج الهام حمیدی #shorts,https://www.youtube.com/watch?v=k0AK48PAzgU
عیب نداره بابا، سگ خورد - سریال مهمانی - فصل 3,https://www.youtube.com/watch?v=8gk6v7j-5X0
کلا ریست فکتوری شده - سریال مهمانی - فصل 3,https://www.youtube.com/watch?v=KNWpgsI07VQ
کل کل بچه و جیگر - هم خودش خره هم اخلاقش خره  #shorts,https://www.youtube.com/watch?v=yuqOQQgplrU
حد فاصل شوش و راه آهن همه شلوارها شرحه شرحه است #shorts,https://www.youtube.com/watch?v=3qZOlmizEmU
ته نگیری یه وقت - سریال مهمانی - فصل 3,https://www.youtube.com/watch?v=X7Wma9-x2Ys
مانع کسبی طهماسب - سریال مهمانی - فصل 3,https://www.youtube.com/watch?v=v69KJrdnsyI
زن فامیل دور از چشم و هم چشمی رفته ترکیه  #shorts,https://www.youtube.com/watch?v=_n9Il7LGFvQ
رقص قاسم آبادی پشه، چوجور میرقصه  #shorts,https://www.youtube.com/watch?v=BWgpm8sep_c
خاطره تلخ فیروز کریمی از برکناریش بعد از قهرمانی #shorts,https://www.youtube.com/watch?v=1X3nY8kDuTc
یه حلقه طلایی اسمشو روش نوشتم - سریال مهمانی - فصل 3,https://www.youtube.com/watch?v=xxYswZeGEGQ
عجب اسب خریه این با عمل زیبایی هم درست نمیشه - سریال مهمانی - فصل 3,https://www.youtube.com/watch?v=pLk-fp6Z5bE
کری خونی شکیب برای مریم مومن #shorts,https://www.youtube.com/watch?v=w2w3h38QxLE
سریال مهمانی ویژه برنامه 1403 - قسمت 9 | Serial Mehmani - Part 9 (Full HD),https://www.youtube.com/watch?v=91KYquGMh_E
برنامه تاک شو شب خوش 1 - قسمت 19 با حضور یوسف تیموری | Shab Khosh 1 - Part 19,https://www.youtube.com/watch?v=NtaXJ6WUaNk
فیلم درام شروع یک پایان با بازی علی انصاریان و لیلا اوتادی | Shurue Yek Payan - Full Movie,https://www.youtube.com/watch?v=I2G47Ydqxd4
ماجرای ویروس گرفتن آقای همساده - سریال مهمانی - فصل 3,https://www.youtube.com/watch?v=Bl1AdkifHo4
مادران عزیز خواهشا هیجان زده نشید - سریال مهمانی - فصل 3,https://www.youtube.com/watch?v=mCjvcXIvgfE
خاطره هلیا امامی از پلوتن #shorts,https://www.youtube.com/watch?v=10v1iVuW6ak
آجیل هایی که از مهمونی های عید پیچوندن رو دارن میفروشن #shorts,https://www.youtube.com/watch?v=RIW5uUnsmcc
سریال زیرخاکی 4 - قسمت 16 (قسمت آخر) | Serial Zir Khaki 4 - Part 16,https://www.youtube.com/watch?v=3K7Jy4JM5Oo
سریال مهمانی ویژه برنامه 1403 - قسمت 8 | Serial Mehmani - Part 8 (Full HD),https://www.youtube.com/watch?v=Zxf4mmo8j1Y
برنامه تاک شو شب خوش 1 - قسمت 18 با حضور نیما شاهرخ شاهی | Shab Khosh 1 - Part 18,https://www.youtube.com/watch?v=-ehe3gnnD9Y
فیلم عاشقانه و مهیج امکان مینا با بازی میلاد کی‌مرام و مینا ساداتی | Emkane Mina - Full Movie,https://www.youtube.com/watch?v=bOGpb91jJto
به زور خودش رو مهمون مهران غفوریان کرد  #shorts,https://www.youtube.com/watch?v=hBLsmtiTBnk
وقتی فامیل دور و کته مسعود صادقلو میخونن #shorts,https://www.youtube.com/watch?v=bwDbhDyHAt4
سریال زیرخاکی 4 - قسمت 15 | Serial Zir Khaki 4 - Part 15,https://www.youtube.com/watch?v=2gMwtS-sHjw
سریال مهمانی ویژه برنامه 1403 - قسمت 7 | Serial Mehmani - Part 7 (Full HD),https://www.youtube.com/watch?v=WMDIUX8-Azw
فیلم کمدی عاشقانه دشمن زن با بازی سام درخشانی و بهاره کیان افشار | Doshmane Zan - Full Movie,https://www.youtube.com/watch?v=vn3bL1MHBSc
ببعی همش کاهو میخوره ولی چاقه - سریال مهمانی - فصل 3,https://www.youtube.com/watch?v=vXuCxGAJ8WE
سریال زیرخاکی 4 - قسمت 14 | Serial Zir Khaki 4 - Part 14,https://www.youtube.com/watch?v=PKc6QCIGeEQ
سریال مهمانی ویژه برنامه 1403 - قسمت 6 | Serial Mehmani - Part 6 (Full HD),https://www.youtube.com/watch?v=sxaKwTiHey8
برنامه تاک شو شب خوش 1 - قسمت 17 با حضور کامران تفتی | Shab Khosh 1 - Part 17,https://www.youtube.com/watch?v=mqMCjiqLDfI
فیلم اکشن و درام استرداد با بازی حمید فرخ نژاد و فرهاد قائمیان | Esterdad - Full Movie,https://www.youtube.com/watch?v=uWzGgurg0_0
مخ زنی آقای همساده و عشوه خرکی کته خانوم - سریال مهمانی - فصل 3,https://www.youtube.com/watch?v=odOZFxqp4_E
فقط الهام حمیدی که به جای در از دیوار رفت تو اتاق  #shorts,https://www.youtube.com/watch?v=MC_6b5uQ4P8
سریال زیرخاکی 4 - قسمت 13 | Serial Zir Khaki 4 - Part 13,https://www.youtube.com/watch?v=p3eSizCmizE
سریال مهمانی ویژه برنامه 1403 - قسمت 5 | Serial Mehmani - Part 5 (Full HD),https://www.youtube.com/watch?v=NW1vjifR114
برنامه تاک شو شب خوش 1 - قسمت 16 با حضور مجید واشقانی | Shab Khosh 1 - Part 16,https://www.youtube.com/watch?v=GJg0c8N-t1Q
سریال مهمانی ویژه برنامه 1403 - قسمت 4 | Serial Mehmani - Part 4 (Full HD),https://www.youtube.com/watch?v=OzMcVl8GEMs
پولم رو میدی یا دوباره در دهنم رو ببندم؟ - سریال مهمانی - فصل 3,https://www.youtube.com/watch?v=6-wQQclbmYc
امسال برعکس پارسال همه من رو میخوان #shorts,https://www.youtube.com/watch?v=1XkYkmPIvhM
سریال زیرخاکی 4 - قسمت 12 | Serial Zir Khaki 4 - Part 12,https://www.youtube.com/watch?v=By29UUaCMI0
برنامه تاک شو شب خوش 1 - قسمت 15 با حضور علی صالحی | Shab Khosh 1 - Part 15,https://www.youtube.com/watch?v=HzrJZ4o_a3k
این حتما جیگرشو نداره بپره!! 😤 - سریال مهمانی - فصل 3,https://www.youtube.com/watch?v=5WkKZEZS4EM
تو از خانواده اسب هایی ولی اسب نیستی که بفهمی - سریال مهمانی - فصل 3,https://www.youtube.com/watch?v=si0Fonc6we4
شما اونورو نگاه کن بچه!! 😒😒 - سریال مهمانی - فصل 3,https://www.youtube.com/watch?v=vJVGChLTuZE
سریال مهمانی ویژه برنامه 1403 - قسمت 3 | Serial Mehmani - Part 3 (Full HD),https://www.youtube.com/watch?v=WEk8e1k9TTw
خاطره بامزه فیروز کریمی از جاسوسی تیم حریم #shorts,https://www.youtube.com/watch?v=w-eQszIhxW4
برنامه تاک شو شب خوش 1 - قسمت 14 با حضور بهنام تشکر | Shab Khosh 1 - Part 14,https://www.youtube.com/watch?v=TKlvFkUXEyc
سریال زیرخاکی 4 - قسمت 11 | Serial Zir Khaki 4 - Part 11,https://www.youtube.com/watch?v=VCXcU56pzx0
طهماسب شنیدم دست و دلت به کارنمیره - سریال مهمانی - فصل 3,https://www.youtube.com/watch?v=6xjFrkrpQWQ
خانم طعنه نزن به من منم همینو دارم میگم - سریال مهمانی - فصل 3,https://www.youtube.com/watch?v=ca21EbKaD7U
ما رفتیم ولی فکر تو، تو بند ما موند - سریال مهمانی - فصل 3,https://www.youtube.com/watch?v=rKiMYHr_HAI
ایرج اسم دیگه ای داری نگفتی - سریال مهمانی - فصل 3,https://www.youtube.com/watch?v=VrQel6zwYw0
تعجب جیگر از رفتار پشه - سریال مهمانی - فصل 3,https://www.youtube.com/watch?v=tMCmknd2x_g
در برقی حرمت ها رو از بین برده - سریال مهمانی - فصل 3,https://www.youtube.com/watch?v=bVEtauPr-pU
افتخار میکنم در به در ام - سریال مهمانی - فصل 3,https://www.youtube.com/watch?v=qwft7CM1qD0
ناراحتی از ساعت سال تحویل - سریال مهمانی - فصل 3,https://www.youtube.com/watch?v=Tlc-s-kmpWs
زندگی بدون عشق مثل شلواره بدون کشه - سریال مهمانی - فصل 3,https://www.youtube.com/watch?v=3i-jINrwBLM
هرچی فحش بلد بود داد - سریال مهمانی - فصل 3,https://www.youtube.com/watch?v=rOORoBN0yCA
زود بیدار شده اعصاب نداره - سریال مهمانی - فصل 3,https://www.youtube.com/watch?v=VMww1OHechk
سریال مهمانی ویژه برنامه نوروز 1403 - تیزر | Serial Mehmani - Teaser,https://www.youtube.com/watch?v=d7bDUnntAdo
فیلم درام همه‌ چیز برای فروش با بازی صابر ابر و مریلا زارعی | Hamechiz Baraye Foroush - Full Movie,https://www.youtube.com/watch?v=iPzAC7ByT1U
سریال مهمانی ویژه برنامه 1403 - قسمت 2 | Serial Mehmani - Part 2 (Full HD),https://www.youtube.com/watch?v=o9i1D5-OR_c
برنامه تاک شو شب خوش 1 - قسمت 13 با حضور اکبر عبدی | Shab Khosh 1 - Part 13,https://www.youtube.com/watch?v=flyImjOnF9I
سریال زیرخاکی 4 - قسمت 10 | Serial Zir Khaki 4 - Part 10,https://www.youtube.com/watch?v=dIjZ-0LPIwg
فیلم کمدی دربست تا لواسون با بازی بهنوش بختیاری و سحر قریشی | Darbast Ta Lavasan - Full Movie,https://www.youtube.com/watch?v=rNFGsmKnRb0
سریال مهمانی ویژه برنامه 1403 - قسمت 1 | Serial Mehmani - Part 1 (Full HD),https://www.youtube.com/watch?v=b4fKzFApj-k
سریال زیرخاکی 4 - قسمت 9 | Serial Zir Khaki 4 - Part 9,https://www.youtube.com/watch?v=3A81alcoK6w
سریال زیرخاکی 4 - قسمت 8 | Serial Zir Khaki 4 - Part 8,https://www.youtube.com/watch?v=cLrKOVTN9vE
فیلم کمدی آخرین روز ماه با بازی امیر جعفری و ریما رامین فر | Akharin Ruze Mah - Full Movie,https://www.youtube.com/watch?v=YQxJU4pLaBw
سریال زیرخاکی 4 - قسمت 7 | Serial Zir Khaki 4 - Part 7,https://www.youtube.com/watch?v=Kz62tSrWOpA
سریال زیرخاکی 4 - قسمت 6 | Serial Zir Khaki 4 - Part 6,https://www.youtube.com/watch?v=fhPp1OrI8cQ
فیلم کمدی سکه‌های شانس با بازی ارژنگ اميرفضلی و سحر ولدبیگی | Sekehaye Shans - Full Movie,https://www.youtube.com/watch?v=UbsvppX1WmI
سریال زیرخاکی 4 - قسمت 5 | Serial Zir Khaki 4 - Part 5,https://www.youtube.com/watch?v=aKFpnNHUT-o
برنامه تاک شو شب خوش 1 - قسمت 12 با حضور علی مشهدی | Shab Khosh 1 - Part 12,https://www.youtube.com/watch?v=fepeSv5rTY8
روح شاه شاد #shorts,https://www.youtube.com/watch?v=Shqd4r4--74
تقابل فیروز کریمی و دامادش #shorts,https://www.youtube.com/watch?v=PCbnJTZ8z-U
سریال زیرخاکی 4 - قسمت 4 | Serial Zir Khaki 4 - Part 4,https://www.youtube.com/watch?v=YSvF-8MEJMc
برنامه تاک شو شب خوش 1 - قسمت 11 با حضور حسام نواب صفوی | Shab Khosh 1 - Part 11,https://www.youtube.com/watch?v=2ipoxHwnRak
خاطره کودکی سخت و تلخ شکیب #shorts,https://www.youtube.com/watch?v=dCSfLyUML-Q
سریال زیرخاکی 4 - قسمت 3 | Serial Zir Khaki 4 - Part 3,https://www.youtube.com/watch?v=n3eYrI4IVTg
برنامه تاک شو شب خوش 1 - قسمت 10 با حضور حمید گودرزی | Shab Khosh 1 - Part 10,https://www.youtube.com/watch?v=XLXEWtphgaQ
وقتی مهماندار غذا رو فرودگاه جا میذاره  #shorts,https://www.youtube.com/watch?v=4KY5cHz6gng
سریال زیرخاکی 4 - قسمت 2 | Serial Zir Khaki 4 - Part 2,https://www.youtube.com/watch?v=bnF40KovNm8
ماجرای دزدی از یوسف صیادی - برنامه تاک شو شب خوش,https://www.youtube.com/watch?v=LFESHoRB0BI
علاقه شدیدی به نشستن پشت وانت داره #shorts,https://www.youtube.com/watch?v=4ZI2y3i0ANE
سریال زیرخاکی 4 - قسمت 1 | Serial Zir Khaki 4 - Part 1,https://www.youtube.com/watch?v=6uIXf16ubDc
برنامه تاک شو شب خوش 1 - قسمت 9 با حضور خداداد عزیزی | Shab Khosh 1 - Part 9,https://www.youtube.com/watch?v=Q8MjxQWWzYg
برنامه تاک شو شب خوش 1 - تیزر | Shab Khosh 1 - Teaser,https://www.youtube.com/watch?v=nN1vWplq54g
فیلم کمدی پا تو کفش من نکن با بازی سحر قریشی و یوسف تیموری | Pa Too Kafshe Man Nakon - Full Movie,https://www.youtube.com/watch?v=6NPJweIc7QE
ازدواج ناموفق الهام حمیدی #shorts,https://www.youtube.com/watch?v=JQEtgIdu9og
فیلم درام هلن با بازی رویا نونهالی، امین حیایی و پژمان بازغی | Helen - Full Movie,https://www.youtube.com/watch?v=CV_uPu6cjP8
علاقه شدید محیا دهقانی به ورزش #shorts,https://www.youtube.com/watch?v=c3Nz5Qqmqq4
فیلم درام سه ماهی با بازی هانیه توسلی و علیرضا کمالی | Se Mahi - Full Movie,https://www.youtube.com/watch?v=qXYQu56LS8Q
از بالا سرمایی، از پایین گرمایی - برنامه تاک شو شب خوش,https://www.youtube.com/watch?v=v_CuryUbjQY
فیلم کمدی خواستگاری ضربدر چهار با بازی خشایار راد | Khastegari Zarbdar Chahar - Full Movie,https://www.youtube.com/watch?v=qOHgo9y0Dy0
مسابقه جالب جملات پشت وانتی #shorts,https://www.youtube.com/watch?v=7XATyU5d77k
برنامه تاک شو شب خوش 1 - قسمت 8 با حضور یوسف صیادی | Shab Khosh 1 - Part 8,https://www.youtube.com/watch?v=Ychn-3RgpoI
عروس وسواسی و پدربزرگ بامزه - برنامه تاک شو شب خوش,https://www.youtube.com/watch?v=sBU7pFKCvtY
فیلم پسرها سرباز بدنیا نمی آیند با بازی محمد کاسبی | Pesarha Sarbaz Bedonya Nemiayand - Full Movie,https://www.youtube.com/watch?v=Xh_5RkO6F54
برنامه تاک شو شب خوش 1 - قسمت 7 با حضور هلیا امامی | Shab Khosh 1 - Part 7,https://www.youtube.com/watch?v=SOphj3pK8_s
الهام حمیدی وسط برنامه حالش بد میشه #shorts,https://www.youtube.com/watch?v=tOerftUfp-g
ماجرای عکس حسین سلیمانی با تارانتینو - برنامه تاک شو شب خوش,https://www.youtube.com/watch?v=Eesg1SCPAhw
برنامه تاک شو شب خوش 1 - قسمت 6 با حضور حسین سلیمانی | Shab Khosh 1 - Part 6,https://www.youtube.com/watch?v=kmjT09b6njQ
تنبیه فیزیکی بازیکنان توسط فیروز کریمی - برنامه تاک شو شب خوش,https://www.youtube.com/watch?v=IgO18RosYdk
برنامه تاک شو شب خوش 1 - قسمت 5 با حضور فیروز کریمی | Shab Khosh 1 - Part 5,https://www.youtube.com/watch?v=GcbCM3OZyqU
فیلم درام سهولان با بازی امین تارخ و ثریا قاسمی | Saholan - Full Movie,https://www.youtube.com/watch?v=Ih7dGIVoIzw
گیس جل زده رو به بالا، مناسب برای پزشکان #shorts,https://www.youtube.com/watch?v=Dlzb9aybzcI
شش ماهم بود یه گله گاو از روم رد شد و خانواده متوجه نشدن - برنامه تاک شو شب خوش,https://www.youtube.com/watch?v=TF_y9EGB-iU
بیژن بنفشه خواه ادای باباش رو درمیاره #shorts,https://www.youtube.com/watch?v=s514pxZTKOQ
برنامه تاک شو شب خوش 1 - قسمت 4 با حضور محیا دهقانی | Shab Khosh 1 - Part 4,https://www.youtube.com/watch?v=sxipxT1g8UE
سالار عقیلی شب ها حسابی خر و پف میکرد - برنامه تاک شو شب خوش,https://www.youtube.com/watch?v=pWW_rjzgYbI
فیلم درام به خاطر سوگند با بازی محسن تنابنده و ابوالفضل پورعرب | Be Khatere Sogand - Full Movie,https://www.youtube.com/watch?v=uXN5Idua_uc
رمزگشایی از داستان دماغ نصرالله رادش #shorts,https://www.youtube.com/watch?v=Wzb7aKla7hI
برنامه تاک شو شب خوش 1 - قسمت 3 با حضور سپند امیرسلیمانی | Shab Khosh 1 - Part 3,https://www.youtube.com/watch?v=aOjwnhQvWb0
شوخی پشت وانتی رادش #shorts,https://www.youtube.com/watch?v=TrAkcDQX4dc
الهام حمیدی دستهای مادر شوهرش رو میشوره #shorts,https://www.youtube.com/watch?v=vxZ3kkLjVMg
مهران غفوریان رو زندانی کردن رفتن کله پاچه خوردن - برنامه تاک شو شب خوش,https://www.youtube.com/watch?v=rQyAyzJmv5I
برنامه تاک شو شب خوش 1 - قسمت 2 با حضور بیژن بنفشه خواه | Shab Khosh 1 - Part 2,https://www.youtube.com/watch?v=kLDrLArBJTw
یه زشت بانمک مثل رونالدینیو - برنامه تاک شو شب خوش,https://www.youtube.com/watch?v=wxCREG0S_L4
فیلم درام اوهام با بازی شهاب حسینی و لاله اسکندری | Oham - Full Movie,https://www.youtube.com/watch?v=OiYuR30Arks
راز مو درآوردن مهران غفوریان #shorts,https://www.youtube.com/watch?v=a36kEBzMN68
برنامه تاک شو شب خوش 1 - قسمت 1 با حضور نصراله رادش | Shab Khosh 1 - Part 1,https://www.youtube.com/watch?v=Ctw3ZAXpNDM
به میمون میگه میمان، همه از خنده روده بر شدن #shorts,https://www.youtube.com/watch?v=F2RuIfNqtio
فیلم کمدی آس و پاس با بازی مهران غفوریان و سحر قریشی | As o Pas - Full Movie,https://www.youtube.com/watch?v=n0aHANwdr4g
سریال نون خ 2 - قسمت 14 (قسمت آخر) | Serial Noon Kh 2 - Part 14,https://www.youtube.com/watch?v=wHa0Xb7DbRo
خیلی اوسکلی مهندس #shorts,https://www.youtube.com/watch?v=tAdDZrfpda4
سریال نون خ 2 - قسمت 13 | Serial Noon Kh 2 - Part 13,https://www.youtube.com/watch?v=lvCHHKC6Mek
فیلم درام روزی که می آید با بازی جواد عزتی و ستاره اسکندری | Roozi Ke Miayad - Full Movie,https://www.youtube.com/watch?v=A22VT0W00Mk
سریال نون خ 2 - قسمت 12 | Serial Noon Kh 2 - Part 12,https://www.youtube.com/watch?v=Cdvz8JlKLNM
سریال نون خ 2 - قسمت 11 | Serial Noon Kh 2 - Part 11,https://www.youtube.com/watch?v=7Rr10-6EOhY
سریال نون خ 2 - قسمت 10 | Serial Noon Kh 2 - Part 10,https://www.youtube.com/watch?v=a-DalSHxeJI
فیلم عاشقانه بچه های لواسان با بازی سحر قریشی و نیما شاهرخ شاهی | Bachehaye Lavasan - Full Movie,https://www.youtube.com/watch?v=3WHgkzSZ-1w
سریال نون خ 2 - قسمت 9 | Serial Noon Kh 2 - Part 9,https://www.youtube.com/watch?v=CEZofVZ6kqY
همیشه رو مد بودم، قهرمان اپل محل بودم #shorts,https://www.youtube.com/watch?v=6vEW_PH7YqM
سریال نون خ 2 - قسمت 8 | Serial Noon Kh 2 - Part 8,https://www.youtube.com/watch?v=bSK7HNa7uiY
وقتی خواهر عروس رو با پدر عروس اشتباه میگیرن #shorts,https://www.youtube.com/watch?v=huRACSKiVEw
فیلم کمدی رمانتیک یک تیر و دو نشان با بازی اسماعیل محرابی | Yek Tir o Do Neshan - Full Movie,https://www.youtube.com/watch?v=rEmh2pHYf8s
سریال نون خ 2 - قسمت 7 | Serial Noon Kh 2 - Part 7,https://www.youtube.com/watch?v=6L9AmICbegI
رامبد جوان با معرفته ولی خیلی پرحاشیست #shorts,https://www.youtube.com/watch?v=MpQmCRYcjrw
سریال نون خ 2 - قسمت 6 | Serial Noon Kh 2 - Part 6,https://www.youtube.com/watch?v=4DjAf0MzInM
سریال نون خ 2 - قسمت 5 | Serial Noon Kh 2 - Part 5,https://www.youtube.com/watch?v=WD_Axig9c4w
سریال نون خ 2 - قسمت 4 | Serial Noon Kh 2 - Part 4,https://www.youtube.com/watch?v=FD3RGEUz0aQ
جانی دپ کراشمه #shorts,https://www.youtube.com/watch?v=86ZpcuNop88
سریال نون خ 2 - قسمت 3 | Serial Noon Kh 2 - Part 3,https://www.youtube.com/watch?v=EhOJZWa8d7I
سریال نون خ 2 - قسمت 2 | Serial Noon Kh 2 - Part 2,https://www.youtube.com/watch?v=JFNrI6pQyOA
ایران بزرگترین مصرف کننده تردمیل #shorts,https://www.youtube.com/watch?v=KciPclH9x24
سریال نون خ 2 - قسمت 1 | Serial Noon Kh 2 - Part 1,https://www.youtube.com/watch?v=Wd9U3HqZYBs
سریال نون خ 1 - قسمت 15 (قسمت آخر) | Serial Noon Kh 1 - Part 15,https://www.youtube.com/watch?v=_dWGZDJYzpI
دزدی مریم مومن از مجتبی شفیعی #shorts,https://www.youtube.com/watch?v=5xHm8FzT39Q
سریال نون خ 1 - قسمت 14 | Serial Noon Kh 1 - Part 14,https://www.youtube.com/watch?v=Ao4VnmjxaAE
رئیس صدا و سیمای ترکیه از مردم ایران تشکر کرد #shorts,https://www.youtube.com/watch?v=b1F2isSuH5E
سریال نون خ 1 - قسمت 13 | Serial Noon Kh 1 - Part 13,https://www.youtube.com/watch?v=crT6B9o3Bm0
سریال نون خ 1 - قسمت 12 | Serial Noon Kh 1 - Part 12,https://www.youtube.com/watch?v=SQ24tlXIhSY
سریال نون خ 1 - قسمت 11 | Serial Noon Kh 1 - Part 11,https://www.youtube.com/watch?v=n_k-IMb2IlM
سریال نون خ 1 - قسمت 10 | Serial Noon Kh 1 - Part 10,https://www.youtube.com/watch?v=jCxl4kd88ns
24 تا مدرک داره ولی سواد خوندن نوشتن نداره #shorts,https://www.youtube.com/watch?v=cv4QPuEUMAY
سریال نون خ 1 - قسمت 9 | Serial Noon Kh 1 - Part 9,https://www.youtube.com/watch?v=BM4N3LXgNgk
فیلم سینمایی سبیل مردونه - کامل | Sibil Mardoone - Full Movie,https://www.youtube.com/watch?v=FpZsTTLXOZQ
سریال نون خ 1 - قسمت 8 | Serial Noon Kh 1 - Part 8,https://www.youtube.com/watch?v=VxPOgWki-fA
سریال نون خ 1 - قسمت 7 | Serial Noon Kh 1 - Part 7,https://www.youtube.com/watch?v=NVawXD2ziFU
اون موقع مدرک گرفتن مد بود #shorts,https://www.youtube.com/watch?v=rCwwHP-xhGM
سریال نون خ 1 - قسمت 6 | Serial Noon Kh 1 - Part 6,https://www.youtube.com/watch?v=e8AEqnK2ZuQ
حاملگیت سر پیری سند توانایی ماست  #shorts,https://www.youtube.com/watch?v=h7H6HVLbDk4
سریال نون خ 1 - قسمت 5 | Serial Noon Kh 1 - Part 5,https://www.youtube.com/watch?v=7vj-zg-61qA
ترس از ارتفاع ارسلان قاسمی #shorts,https://www.youtube.com/watch?v=iG48C3WuasY
سریال نون خ 1 - قسمت 4 | Serial Noon Kh 1 - Part 4,https://www.youtube.com/watch?v=czP-oBUmq7E
سریال نون خ 1 - قسمت 3 | Serial Noon Kh 1 - Part 3,https://www.youtube.com/watch?v=KFRI2SjBAi0
سریال نون خ 1 - قسمت 2 | Serial Noon Kh 1 - Part 2,https://www.youtube.com/watch?v=jLf2uDFcEU4
عروس قشنگه نسبتا  #shorts,https://www.youtube.com/watch?v=qvSusG9Hra0
سریال نون خ 1 - قسمت 1 | Serial Noon Kh 1 - Part 1,https://www.youtube.com/watch?v=nReNAbdsUyU
فیلم سینمایی اسکی باز - کامل | Ski Baz - Full Movie,https://www.youtube.com/watch?v=KntBBGUzvlk
اگر مجردی ، تو هم خیلی خوبیا #shorts,https://www.youtube.com/watch?v=WDMJ82Nhy-k
کارمند گناه کرده که مریض شده؟ #shorts,https://www.youtube.com/watch?v=Ry03OB0LZd4
فیلم سینمایی ساز و سن - کامل | Saz o Sen - Full Movie,https://www.youtube.com/watch?v=xYeuiSoVFu4
استامینوفن بخور بتونی دادهای شوهرت رو تحمل کنی #shorts,https://www.youtube.com/watch?v=rEnzSZHiSTM
ویدیو دیدنی و خنده دار بازخوانی آهنگ ابراهیم تاتلیس با صدای مجتبی شفیعی - چیدمانه,https://www.youtube.com/watch?v=PwNHdtOCuZ4
نیما شاهرخ شاهی و بهاره افشاری در فیلم درام تاوان | Tavan - Full Movie,https://www.youtube.com/watch?v=nRfuhdTVjfY
دخی زیاده به مولا، میگه الا بلا لیلا #shorts,https://www.youtube.com/watch?v=jG4X1CLZGzg
کلیپ عاشقانه و دلبری مجتبی شفیعی و مریم مومن برای همدیگه - چیدمانه,https://www.youtube.com/watch?v=QjZparb3UwQ
اجرای زیبای آهنگ شاد عربی با صدای مجتبی شفیعی - چیدمانه,https://www.youtube.com/watch?v=p6e9gqS2YAI
وضعیت گل و بلبل دارو در ایران #shorts,https://www.youtube.com/watch?v=Jg0N0sAsRcU
اجرای دیدنی و زیبای مجتبی شفیعی با آهنگ پوست شیر ابی - چیدمانه,https://www.youtube.com/watch?v=V4wbdNzmwNM
فیلم کمدی خالتور با بازی علی صادقی، مهران غفوریان، سحر قریشی و پوریا پورسرخ | Khaltur - Full Movie,https://www.youtube.com/watch?v=38MjxqEqlyc
اجرای آهنگ یاکوزا خلسه توسط مادر مجتبی شفیعی - چیدمانه,https://www.youtube.com/watch?v=vcbgb0vJi1Q
اجرای دیدنی دهه شصتی مجتبی شفیعی با تیپ خز و فکل و پشت مو - چیدمانه,https://www.youtube.com/watch?v=Dt791TrAcJ8
آرزوی ناصر طهماسب پیشکسوت دوبله ماندگار ایران برای کودکان ایران,https://www.youtube.com/watch?v=P10dusA1EA8
آهنگ پر طرفدار کالم داون با اجرای عالی مجتبی شفیعی - چیدمانه,https://www.youtube.com/watch?v=5muyc4TBrBw
فیلم کمدی خجالت نکش با بازی شبنم مقدمی و احمد مهرانفر | Khejalat Nakesh - Full Movie,https://www.youtube.com/watch?v=HggAL379uXA
اجرای آهنگ خاطره انگیز  لیلا در وا کن مویوم توسط مجتبی شفیعی - چیدمانه,https://www.youtube.com/watch?v=wudRvw9FaMI
فیلم کمدی پوپک و مش ماشاالله با بازی مهناز افشار و امین حیایی | Poopak o Mash Mashallah - Full Movie,https://www.youtube.com/watch?v=4XY7DZXHWWY
اجرای باحال و دیدنی آهنگ محبوب  داله دون داله توسط مجتبی شفیعی - چیدمانه,https://www.youtube.com/watch?v=uTiGbR9EEo4
بخاطر سانسورها به جای لیلا میگه ببعی - چیدمانه,https://www.youtube.com/watch?v=sndW8-zlBmc
فیلم کمدی دست راست من با بازی یوسف تیموری و گوهر خیراندیش | Daste Raste Man - Full Movie,https://www.youtube.com/watch?v=BXlRm1uNGqg
هیچوقت گول بغض خانم ها رو نخورید - چیدمانه,https://www.youtube.com/watch?v=fdYAsCEJQQg
مجتبی شفیعی به لیلا اوتادی خیانت کرد - چیدمانه,https://www.youtube.com/watch?v=lZnZYoO68OA
فیلم پلیسی راز کوچه بن بست با بازی نیما شاهرخ شاهی و گلاره عباسی | Raze Kuche Bonbast - Full Movie,https://www.youtube.com/watch?v=TmYzeLu9N1o
نیما شاهرخ شاهی باید دی جی میشد #shrots,https://www.youtube.com/watch?v=XvVBDV3RLCE
مجتبی شفیعی به مریم مومن میگه شیرین خورده کسی هستی؟ - چیدمانه,https://www.youtube.com/watch?v=WzDTVYQ25Ac
خوانندگی مجتبی شفیعی برای لیلا اوتادی - چیدمانه,https://www.youtube.com/watch?v=VpglqvgR0PM
فیلم کمدی یاور با بازی اشکان اشتیاق و بیتا سحرخیز | Yavar - Full Movie,https://www.youtube.com/watch?v=oVwObMY6zd8
مجتبی شفیعی داره کم کم لیلا اوتادی رو رام میکنه - چیدمانه,https://www.youtube.com/watch?v=UFIxpRPk3KU
فیلم درام جنایی صداها با بازی رضا کیانیان، آتیلا پستیانی و رویا نونهالی | Sedaha - Full Movie,https://www.youtube.com/watch?v=N8NWbX7CXos
ارسلان قاسمی خواننده شد #shorts,https://www.youtube.com/watch?v=ff7kSkDbgeE
بازی فوق العاده مجتبی شفیعی در برنامه چیدمانه - چیدمانه,https://www.youtube.com/watch?v=o2G8x6fN6Z4
پوریا پورسرخ، بهنوش بختیاری و شاهرخ استخری در فیلم دوربین | Doorbin - Full Movie,https://www.youtube.com/watch?v=A2kOl5xpNj8
مجتبی شفیعی بله رو گرفت از لیلا اوتادی - چیدمانه,https://www.youtube.com/watch?v=SfjTXoLbYtg
سریال نون خ 2 - پشت صحنه | Serial Noon Kh 2 - Backstage,https://www.youtube.com/watch?v=6k5VjN3Hu68
طرف تا زندست نه محلش میذاریم نه کاریش داریم #shorts,https://www.youtube.com/watch?v=Cs4xKkMTXNg
اجرای آهنگ شهرام شب پره توسط مجتبی شفیعی با تیپ دهه شصتی - چیدمانه,https://www.youtube.com/watch?v=izZiBxHQmr8
فیلم اکشن و هیجان انگیز تنهایی با بازی فرامرز قریبیان و امیرحسین آرمان | Tanhaei - Full Movie,https://www.youtube.com/watch?v=HdxE8Lqm22c
مهمون پررو، نه میره نه میذاره صاحب خونه بخوابه #shorts,https://www.youtube.com/watch?v=lN7FIIohbJo
به مریم مومن میگه چقدر گرد و چاقی #shorts,https://www.youtube.com/watch?v=Mk64DKpgYnU
فیلم کمدی الم شنگه با بازی حمید لولایی، لادن طباطبایی و رابعه اسکویی | Alam Shange - Full Movie,https://www.youtube.com/watch?v=phdE6UNxdCs
با مهمونی که قصد رفتن نداره چکار کنیم؟ #shorts,https://www.youtube.com/watch?v=Z8AbO8Yrzg4
فیلم درام سه زن با بازی نیکی کریمی، پگاه آهنگرانی و صابر ابر | Se zan - Full Movie,https://www.youtube.com/watch?v=K8e_9EGWlUM
مهران غفوریان و سحر قریشی در فیلم کمدی نردبان چوبی | Nardebane Choobi - Full Movie,https://www.youtube.com/watch?v=vf6oDYhS_qI
مستند خارج از کادر - پروانه معصومی | Mostanad Kharej Az Kadr - Parvaneh Masoumi,https://www.youtube.com/watch?v=zRP7-k8zDNI
تو به من بگو عمو #shorts,https://www.youtube.com/watch?v=j4ICUqm1tYE
لیلا حاتمی و علی مصفا در فیلم درام چیزهایی هست که نمیدانی | Chizhaei Hast Ke Nemidani - Full Movie,https://www.youtube.com/watch?v=VQnIiKNH-VQ
عرب میخواد مریم مومن رو بخره #shorts,https://www.youtube.com/watch?v=FCG7Eu8m2p8
طناز طباطبایی و ژاله صامتی در فیلم سینمایی دماغ | Damagh - Full Movie,https://www.youtube.com/watch?v=QtLs_Z-hnas
علی صادقی در سریال کمدی آینه درون - قسمت 11 (قسمت آخر) | Serial Ayneh Daroon - Part 11,https://www.youtube.com/watch?v=xhssTJD40Ws
امیر غفارمنش و بهزاد رحیم خانی در سریال کمدی آینه درون - قسمت 10 | Serial Ayneh Daroon - Part 10,https://www.youtube.com/watch?v=WQk3mCaL1ic
مریم مومن چقدر تو ناز داری؟ #shorts,https://www.youtube.com/watch?v=BnryWRniNI8
چیدمانه - قسمت 10 (با هنرمندی الهام حمیدی و شکیب شجره) | Chidemaneh - Part 10,https://www.youtube.com/watch?v=qmXJ-OwWR3I
چیدمانه - قسمت 10 - تیزر | Chidemaneh - Teaser,https://www.youtube.com/watch?v=9cPWMLvNFBY
پول دادم نقش اول رو بازی کنم #shorts,https://www.youtube.com/watch?v=o43tH3A4lGc
پگاه آهنگرانی و رویا نونهالی در فیلم جنجالی زندان زنان (اولین فیلم منیژه حکمت) | Zendane Zanan,https://www.youtube.com/watch?v=joo1ZmktoD8
چیدمانه - سانسور مجتبی شفیعی در قسمت هشتم | Chidemaneh,https://www.youtube.com/watch?v=Y7G5uEI3lig
محمدرضا رهبری و سولمازحصاری در سریال کمدی آینه درون - قسمت 9 | Serial Ayneh Daroon - Part 9,https://www.youtube.com/watch?v=tPfNih9lVi0
سولماز آقمقانی و محمدرضا رهبری در سریال کمدی آینه درون - قسمت 8 | Serial Ayneh Daroon - Part 8,https://www.youtube.com/watch?v=VWcYm3PeosM
چیدمانه - قسمت 9 (با هنرمندی مجتبی شفیعی و مریم مومن) | Chidemaneh - Part 9,https://www.youtube.com/watch?v=WAef8IqvNTY
توی دستشویی کتکم زدن #shorts,https://www.youtube.com/watch?v=I4Ijg_DiSqs
چیدمانه - قسمت 9 - تیزر | Chidemaneh - Teaser,https://www.youtube.com/watch?v=kjO5fjF4h1c
علی کاظمی و ساعدهدایتی در سریال کمدی آینه درون - قسمت 7 | Serial Ayneh Daroon - Part 7,https://www.youtube.com/watch?v=oIenmqNQnSk
فیلم ملودرام زمانی برای دوست داشتن با بازی محسن تنابنده و علی شادمان | Zamani Baraye Doost Dashtan,https://www.youtube.com/watch?v=QSTSZ-o7S1M
محمدرضا هدایتی و امیر غفارمنش در سریال کمدی آینه درون - قسمت 6 | Serial Ayneh Daroon - Part 6,https://www.youtube.com/watch?v=MS73GG-HIrM
سریال سرزمین مادری - تیزر | Serial Sarzamine Madari - Teaser,https://www.youtube.com/watch?v=9YSd3IIsvXA
چیدمانه - قسمت 8 (با هنرمندی متین ستوده و باربد بابایی) | Chidemaneh - Part 8,https://www.youtube.com/watch?v=4xSh5R8hrVA
چیدمانه - قسمت 8 - تیزر | Chidemaneh - Teaser,https://www.youtube.com/watch?v=tGgsMUUJffU
فریبا کوثری و شراره رخام در فیلم درام بار دیگر باران | Bare Digar Baran - Full Movie,https://www.youtube.com/watch?v=7zpf-FEAgnA
مهتاب کرامتی و آتیلا پسیانی در فیلم درام جاده قدیم | Jadeh Ghadim - Full Movie,https://www.youtube.com/watch?v=t7qnmCDJ2AU
فیلم کمدی داماد خوش قدم با بازی فلامک جنیدی و محمدرضا هدایتی | Damade Khosh Ghadam - Full Movie,https://www.youtube.com/watch?v=9dnntU2jJq4
علی صادقی و سولماز آقمقانی در سریال کمدی آینه درون - قسمت 5 | Serial Ayneh Daroon - Part 5,https://www.youtube.com/watch?v=izMuVqiKtds
فیلم سینمایی پاداش سکوت - با بازی پرویز پرستویی، رضا کیانیان و فرهاد اصلانی | Padashe Sokout,https://www.youtube.com/watch?v=FKcvhQ37hno
بهزاد رحیم خانی و سولماز حصاری در سریال کمدی آینه درون - قسمت 4 | Serial Ayneh Daroon - Part 4,https://www.youtube.com/watch?v=KMjjR0fGQyg
چیدمانه - قسمت 7 (با هنرمندی حدیث میر امینی و عبدالله روا) | Chidemaneh - Part 7,https://www.youtube.com/watch?v=F17rZ_bF7SE
چیدمانه - قسمت 7 - تیزر | Chidemaneh - Teaser,https://www.youtube.com/watch?v=5skNAxqsBCM
مینا نوروزی و محمدرضا رهبری در سریال کمدی آینه درون - قسمت 3 | Serial Ayneh Daroon - Part 3,https://www.youtube.com/watch?v=13sbCaCdiZE
مسئولین خالی بند #shorts,https://www.youtube.com/watch?v=mXKcG1fMdzM
ساعد هدایتی و سولماز حصاری در سریال کمدی آینه درون - قسمت 2 | Serial Ayneh Daroon - Part 2,https://www.youtube.com/watch?v=ECcU_nXDH4c
ما اومدیم که ببریم #shorts @ShahreFarangs,https://www.youtube.com/watch?v=mAX-LjcxkHs
چیدمانه - قسمت 6 (با هنرمندی آشا محرابی و محمد نادری) | Chidemaneh - Part 6,https://www.youtube.com/watch?v=gRX5iRkYFZ4
چیدمانه - قسمت 6 - تیزر | Chidemaneh - Teaser,https://www.youtube.com/watch?v=SG324DZ1RwQ
مهدی پاکدل و محسن افشانی در فیلم درام ضامن | Zamen - Full Movie,https://www.youtube.com/watch?v=O13ftVqX4vQ
چرت و پرت گویی در جلسه خواستگاری #shorts,https://www.youtube.com/watch?v=updEVzySNRE
لیلا اوتادی و شاهرخ استخری در فیلم درام کبریت سوخته | Kebrite Soukhte - Full Movie,https://www.youtube.com/watch?v=yWdPUxMXu-I
ژاله صامتی و بهنوش بختیاری در فیلم درام دیاپازون | Diapason - Full Movie,https://www.youtube.com/watch?v=yqqBKTmf5VI
علی صادقی و محمدرضا هدایتی در سریال کمدی آینه درون - قسمت 1 | Serial Ayneh Daroon - Part 1,https://www.youtube.com/watch?v=BMYiEf2qJz0
فیلم سینمایی درام و جنایی همه افتادگان با بازی امیر آقایی | Hame Oftadegan - Full Movie,https://www.youtube.com/watch?v=8UDkfd2LGzE
حامد کمیلی و لیلا اوتادی در فیلم درام گوشه نشینان | Gooshe Neshinan - Full Movie,https://www.youtube.com/watch?v=SjeA-RXaSeU
نیوشا ضیغمی و ارسلان قاسمی در مسابقه چیدمانه #shorts,https://www.youtube.com/watch?v=cb7QdacdEqQ
چیدمانه - قسمت 5 (با هنرمندی نیوشا ضیغمی و ارسلان قاسمی) | Chidemaneh - Part 5,https://www.youtube.com/watch?v=aQ0A1-cdRWE
چیدمانه - قسمت 5 - تیزر 2 | Chidemaneh - Teaser,https://www.youtube.com/watch?v=RRIne2YGifc
چیدمانه - قسمت 5 - تیزر 1 | Chidemaneh - Teaser,https://www.youtube.com/watch?v=47S3eNw07QM
سعید راد، هدی زین العابدین و امیر جدیدی در فیلم درام پایان خدمت | Payane Khedmat - Full Movie,https://www.youtube.com/watch?v=ohsG4n5eSjo
پردیس احمدیه در فیلم ترسناک شکسته | Shekasteh - Full Movie,https://www.youtube.com/watch?v=RiXnSAfEp_w
گلاره عباسی و علیرضا کمالی در فیلم درام و رازآلود پوست انداختن | Poost Andakhtan - Full Movie,https://www.youtube.com/watch?v=95aJAAo2mgQ
چیدمانه - قسمت 4 (با هنرمندی نیما شاهرخ شاهی و سرنا امینی) | Chidemaneh - Part 4,https://www.youtube.com/watch?v=CrhGpRzhSIo
چیدمانه - قسمت 4 - تیزر | Chidemaneh - Teaser,https://www.youtube.com/watch?v=DOfx7Sd039U
سریال مستوران 1 - قسمت 26 (قسمت آخر) | Serial Mastooran 1 - Part 26,https://www.youtube.com/watch?v=nWOuiJyyQ7Q
فیلم درام بودن یا نبودن (اولین فیلم زنده یاد عسل بدیعی) | Boodan Ya Naboodan - Full Movie,https://www.youtube.com/watch?v=uBYcNi_YiM8
پریناز ایزدیار و آهو خردمند در فیلم مروارید (کاری از روح الله حجازی) | Morvarid - Full Movie,https://www.youtube.com/watch?v=FfDX6l1HvN0
سریال مستوران 1 - قسمت 25 | Serial Mastooran 1 - Part 25,https://www.youtube.com/watch?v=7gKdnYUMbSM
فیلم ایرانی پلیسی، جنایی زخم کاری با بازی محمد حاتمی | Zakhme Kari - Full Movie,https://www.youtube.com/watch?v=Mpbzk67w0bU
پشت صحنه گنج مظفر #shorts,https://www.youtube.com/watch?v=Zs8K0MqaKk4
چیدمانه - قسمت 3 - تیزر | Chidemaneh - Teaser,https://www.youtube.com/watch?v=8_Y819mu08w
چیدمانه - قسمت 3 (با هنرمندی پژمان بازغی و صحرا اسداللهی) | Chidemaneh - Part 3,https://www.youtube.com/watch?v=qKBNzyGYqOs
سریال مستوران 1 - قسمت 24 | Serial Mastooran 1 - Part 24,https://www.youtube.com/watch?v=v3zK8MvC7Zs
فریبا نادری و شهرام عبدلی در فیلم درام پشت ابرها شهریست | Poshte Abrha Shahrist - Full Movie,https://www.youtube.com/watch?v=vIuf3VD9WQc
سریال مستوران 1 - قسمت 23 | Serial Mastooran 1 - Part 23,https://www.youtube.com/watch?v=P6Qz_tUx1tw
بهناز جعفری در فیلم بیدار شو آرزو | فیلمی تکان دهنده درباره زلزله بم (اثر ماندگار کیانوش عیاری),https://www.youtube.com/watch?v=5SQlb--fP_g
چیدمانه - قسمت 2 (با هنرمندی کمند امیر سلیمانی و سپند امیرسلیمانی) | Chidemaneh - Part 2,https://www.youtube.com/watch?v=5ygyAu2uHig
سریال مستوران 1 - قسمت 22 | Serial Mastooran 1 - Part 22,https://www.youtube.com/watch?v=6Il6g5Zd33Y
چیدمانه - قسمت 2 - تیزر | Chidemaneh - Teaser,https://www.youtube.com/watch?v=OaShQ_7u7s4
بهناز جعفری، هستی مهدوی فر و رضا بهبودی در فیلم درام جدید ته چین | Tahchin - Full Movie,https://www.youtube.com/watch?v=i-1nEVMiuwk
مرجانه گلچین و مهین شهابی در فیلم درام دو نیمه سیب | Do Nime Sib - Full Movie,https://www.youtube.com/watch?v=MtYjJC4wmb8
سریال مستوران 1 - قسمت 21 | Serial Mastooran 1 - Part 21,https://www.youtube.com/watch?v=IG66j7eghfY
سریال مستوران 1 - قسمت 20 | Serial Mastooran 1 - Part 20,https://www.youtube.com/watch?v=wwmwdgjpb-I
سریال مستوران 1 - قسمت 19 | Serial Mastooran 1 - Part 19,https://www.youtube.com/watch?v=ccsaTfFG7-E
فیلم مستند ترومای سرخ | Trumaye Sorkh,https://www.youtube.com/watch?v=WBqXDbx8RII
من عاشق قل مراد شدم #shorts,https://www.youtube.com/watch?v=UOY1XtU1Ras
چیدمانه - قسمت 1 (با هنرمندی مریم مومن و یوسف تیموری) | Chidemaneh - Part 1,https://www.youtube.com/watch?v=I0o_nKElmHU
چیدمانه - قسمت 1 - تیزر | Chidemaneh - Teaser,https://www.youtube.com/watch?v=msBON_5Ul7o
سریال مستوران 1 - قسمت 18 | Serial Mastooran 1 - Part 18,https://www.youtube.com/watch?v=7ZDvFTsXZKQ
میلاد میرزایی و مریم معصومی در فیلم خلسه | Khalse - Full Movie,https://www.youtube.com/watch?v=Tz2kDVd6TBA
پریناز ایزدیار، لیلا اوتادی و پولاد کیمیایی در فیلم دیدنی و جذاب همان روز | Haman Rooz - Full Movie,https://www.youtube.com/watch?v=stolV2pTvEo
سریال مستوران 1 - قسمت 17 | Serial Mastooran 1 - Part 17,https://www.youtube.com/watch?v=SEfhfy3SXkY
چیدمانه - یوسف تیموری، متین ستوده، محمد نادری، سرنا امینی، شکیب شجره #shorts,https://www.youtube.com/watch?v=daUpUE9KWo8
چیدمانه - تیزر | Chidemaneh - Teaser,https://www.youtube.com/watch?v=j5_YOtSjjhA
تاریکی رو دوست دارم #shorts,https://www.youtube.com/watch?v=85H05tl-h6c
نوید محمدزاده و ساره بیات در فیلم عاشقانه ناهید | Nahid - Full Movie,https://www.youtube.com/watch?v=GI8_PN9J1oo
پدر برای من یک نگاه بود #shorts,https://www.youtube.com/watch?v=nfLeY4NPRPE
سریال مستوران 1 - قسمت 16 | Serial Mastooran 1 - Part 16,https://www.youtube.com/watch?v=T4zL93oib04
سریال دادزن - قسمت 10 (قسمت آخر) | Serial Dadzan - Part 10,https://www.youtube.com/watch?v=_0Yz7SC8ElE
بهنوش بختیاری و بیتا سحرخیز در فیلم در میان امواج | Dar Miane Amvaj - Full Movie,https://www.youtube.com/watch?v=oOHiogxbijI
سریال مستوران 1 - قسمت 15 | Serial Mastooran 1 - Part 15,https://www.youtube.com/watch?v=Z3_f4642tDY
کامران تفتی و فقیهه سلطانی در فیلم پیوند | Peyvand - Full Movie,https://www.youtube.com/watch?v=LHUR8Lmzew4
سریال مستوران 1 - قسمت 14 | Serial Mastooran 1 - Part 14,https://www.youtube.com/watch?v=HVKtxFDe7Ww
سریال دادزن - قسمت 9 | Serial Dadzan - Part 9,https://www.youtube.com/watch?v=46rHAgv070M
علیرضا خمسه و زیبا بروفه در فیلم بلور باران | Bloore Baran - Full Movie,https://www.youtube.com/watch?v=IfnkYK2dk_0
سریال مستوران 1 - قسمت 13 | Serial Mastooran 1 - Part 13,https://www.youtube.com/watch?v=280h1qhsjbc
یوسف تیموری و مهدی سلوکی در فیلم سینمایی شهر خاکستری | Shahre Khakestari - Full Movie,https://www.youtube.com/watch?v=HsC5ghOrOBY
سریال مستوران 1 - قسمت 12 | Serial Mastooran 1 - Part 12,https://www.youtube.com/watch?v=dWziLZTNb4E
داریوش مؤدبیان و منوچهر حامدی در فیلم آذرستان | Azarestan - Full Movie,https://www.youtube.com/watch?v=hVwANGKtBt4
فیلم سینمایی ته چین - تیزر | Film Tahchin - Teaser,https://www.youtube.com/watch?v=nNvoI13C2VQ
حامد بهداد و امیر آقایی در فیلم درام کیمیا و خاک | Kimia o Khak - Full Movie,https://www.youtube.com/watch?v=GuD9TAljBAU
سریال مستوران 1 - قسمت 11 | Serial Mastooran 1 - Part 11,https://www.youtube.com/watch?v=puV2HB2eycw
سریال مستوران 1 - قسمت 10 | Serial Mastooran 1 - Part 10,https://www.youtube.com/watch?v=Ffg503vMZ68
اصلا دیگه دلم نمیخواد ریختش رو ببینم#shorts,https://www.youtube.com/watch?v=-VVkt1trQQY
سریال مستوران 1 - قسمت 9 | Serial Mastooran 1 - Part 9,https://www.youtube.com/watch?v=rJYVbAAbHgU
دمشون رو ببینید#shorts,https://www.youtube.com/watch?v=_mH95unIH1k
فیلم رازآلود برف روی شیروانی داغ - با بازی درخشان شهاب حسینی، آناهیتا نعمتی و هنگامه قاضیانی,https://www.youtube.com/watch?v=eB2UgvR6E7o
سریال مستوران 1 - قسمت 8 | Serial Mastooran 1 - Part 8,https://www.youtube.com/watch?v=T1pvaYSStK4
بشارت به شهروند هزاره سوم | نیکی کریمی و حمید فرخ‌نژاد در نقشی متفاوت | Full HD,https://www.youtube.com/watch?v=hV1oqg0jZCE
سریال مستوران 1 - قسمت 7 | Serial Mastooran 1 - Part 7,https://www.youtube.com/watch?v=yThFs4aH84c
حسن جوهرچی در فیلم جای امن | Jaye Amn - Full Movie,https://www.youtube.com/watch?v=Qicx3BgzPVE
سریال مستوران 1 - قسمت 6 | Serial Mastooran 1 - Part 6,https://www.youtube.com/watch?v=CsQGDeHO420
داریوش ارجمند و ساره بیات در فیلم بانو | Banoo - Full Movie,https://www.youtube.com/watch?v=hNXbLg8__64
همه پاچه میگیرن ، مامان ما پاچه پرت میکنه#shorts,https://www.youtube.com/watch?v=x9KIhK4mIgs
سریال مستوران 1 - قسمت 5 | Serial Mastooran 1 - Part 5,https://www.youtube.com/watch?v=xWeyB3mAvzE
بوسم کردی ، باید بوست کنم بلا#shorts,https://www.youtube.com/watch?v=aZmfmUTpg2s
سریال مستوران 1 - قسمت 4 | Serial Mastooran 1 - Part 4,https://www.youtube.com/watch?v=x8lnkCkv7l0
سریال دادزن - قسمت 8 | Serial Dadzan - Part 8,https://www.youtube.com/watch?v=2gqdhTPYPRA
وای چقدر کت شلوارش لیزه#shorts,https://www.youtube.com/watch?v=2AWJuGaOPZ0
همش ویار کانال دو میکنم#shorts,https://www.youtube.com/watch?v=oUu9ZkJPBSI
سریال چشم بندی 2 - قسمت  30 (قسمت آخر) | Serial Cheshmbandi 2 - Part 30,https://www.youtube.com/watch?v=In62bPqZn58
سریال چشم بندی 2 - قسمت  29 | Serial Cheshmbandi 2 - Part 29,https://www.youtube.com/watch?v=0CKel2TVEF0
سریال مستوران 1 - قسمت 3 | Serial Mastooran 1 - Part 3,https://www.youtube.com/watch?v=f2_jm3ZLk9U
سریال چشم بندی 2 - قسمت  28 | Serial Cheshmbandi 2 - Part 28,https://www.youtube.com/watch?v=5_7oHE3rSYc
موقع کار لهو و لعب نداریم#shorts,https://www.youtube.com/watch?v=MhWIpA7XREI
سریال چشم بندی 2 - قسمت  27 | Serial Cheshmbandi 2 - Part 27,https://www.youtube.com/watch?v=AVuedrP2AfM
سریال مستوران 1 - قسمت 2 | Serial Mastooran 1 - Part 2,https://www.youtube.com/watch?v=EQK9XWs7olM
با من شوخی زرد نکن#shorts,https://www.youtube.com/watch?v=leygFmKSz7Y
سریال چشم بندی 2 - قسمت  26 | Serial Cheshmbandi 2 - Part 26,https://www.youtube.com/watch?v=r7BUTz1OkZA
سریال دادزن - قسمت 7 | Serial Dadzan - Part 7,https://www.youtube.com/watch?v=qyhIGEHiuZA
حیا یا ادا؟#shorts,https://www.youtube.com/watch?v=IZ0ZShqvwb4
سریال چشم بندی 2 - قسمت  25 | Serial Cheshmbandi 2 - Part 25,https://www.youtube.com/watch?v=5noaA7vBgLU
سریال چشم بندی 2 - قسمت  24 | Serial Cheshmbandi 2 - Part 24,https://www.youtube.com/watch?v=pv2-eJ3q9Rw
جمشید هاشم پور و کتایون ریاحی در فیلم قافله | Ghafele - Full Movie,https://www.youtube.com/watch?v=bRtw5tnSx1o
سریال چشم بندی 2 - قسمت  23 | Serial Cheshmbandi 2 - Part 23,https://www.youtube.com/watch?v=yR3FHmbQzsM
سریال مستوران 1 - قسمت 1 | Serial Mastooran 1 - Part 1,https://www.youtube.com/watch?v=PJ6Yo08KgLw
من قصد ازدواج دارم ، شما  چطور؟#shorts,https://www.youtube.com/watch?v=Fw007fsgdZI
یکتا ناصر و بهناز جعفری در فیلم پشت نیمه شب | Poshte Nime Shab - Full Movie,https://www.youtube.com/watch?v=HB2TR-c50T8
کاش شلوارم دوتا میشد#shorts,https://www.youtube.com/watch?v=YyqYMtkH0Ko
سریال چشم بندی 2 - قسمت  22 | Serial Cheshmbandi 2 - Part 22,https://www.youtube.com/watch?v=cp3dHrAGD-s
نیکبخت واحدی اینجا چه میکند؟#shorts,https://www.youtube.com/watch?v=Xpqp9WRgFsc
سریال چشم بندی 2 - قسمت  21 | Serial Cheshmbandi 2 - Part 21,https://www.youtube.com/watch?v=tmXH6ltEjqc
سریال دادزن - قسمت 6 | Serial Dadzan - Part 6,https://www.youtube.com/watch?v=0FjCQ01VuDY
فیلم مستند مسعود جعفری جوزانی خالق در چشم باد | Masoud Jafari Jozani,https://www.youtube.com/watch?v=L2LLXlPtMGU
سریال چشم بندی 2 - قسمت  20 | Serial Cheshmbandi 2 - Part 20,https://www.youtube.com/watch?v=ctKFezU5B6k
سریال چشم بندی 2 - قسمت  19 | Serial Cheshmbandi 2 - Part 19,https://www.youtube.com/watch?v=Y9rzzkLl5N0
مستند زندگی سیروس مقدم خالق پایتخت | Siroos Moghaddam,https://www.youtube.com/watch?v=q3GDUZAdPhQ
سریال چشم بندی 2 - قسمت  18 | Serial Cheshmbandi 2 - Part 18,https://www.youtube.com/watch?v=Xwa-iDjkGy4
سریال دادزن - قسمت 5 | Serial Dadzan - Part 5,https://www.youtube.com/watch?v=0EpKcjc_ByU
بهتون میخندم روتون زیاد میشه#shorts,https://www.youtube.com/watch?v=VA5g9g8tFjU
سریال چشم بندی 2 - قسمت 17 | Serial Cheshmbandi 2 - Part 17,https://www.youtube.com/watch?v=2lfXsaRoVS8
سریال چشم بندی 2 - قسمت 16 | Serial Cheshmbandi 2 - Part 16,https://www.youtube.com/watch?v=Q4pkaeCQky4
نفیسه روشن و متین ستوده در فیلم عشق اس ام اسی | Eshghe Smsi - Full Movie,https://www.youtube.com/watch?v=W9aT0r4cOdw
فیلم سینمایی عشق اس ام اسی - تیزر | Film Eshghe Smsi - Teaser,https://www.youtube.com/watch?v=408Zk37eMdk
قطعا شما می ترشید خانم#shorts,https://www.youtube.com/watch?v=bkyFp_RNTXo
چه لذتی داره این آدم فروشی ها#shorts,https://www.youtube.com/watch?v=kDZeA9zWUks
سریال چشم بندی 2 - قسمت 15 | Serial Cheshmbandi 2 - Part 15,https://www.youtube.com/watch?v=XkAuvKzz-Ks
اونا میدونن که ما نمیدونیم ؟#shorts,https://www.youtube.com/watch?v=6ODnDYlox7I
سریال چشم بندی 2 - قسمت 14 | Serial Cheshmbandi 2 - Part 14,https://www.youtube.com/watch?v=FEtpYPCkiCQ
سریال دادزن - قسمت 4 | Serial Dadzan - Part 4,https://www.youtube.com/watch?v=jt9e52fHcgk
بیخیال ننه ی ما بشو#shorts,https://www.youtube.com/watch?v=NG4v3rQztmA
سریال چشم بندی 2 - قسمت 13 | Serial Cheshmbandi 2 - Part 13,https://www.youtube.com/watch?v=Jn8HVgiYCPs
سریال چشم بندی 2 - قسمت 12 | Serial Cheshmbandi 2 - Part 12,https://www.youtube.com/watch?v=IRp34a65a1g
نمیزارم دلم رو پرپر کنی#shorts,https://www.youtube.com/watch?v=flJpxi_v1UY
سریال چشم بندی 2 - قسمت 11 | Serial Cheshmbandi 2 - Part 11,https://www.youtube.com/watch?v=gbJ0nyd5XJ0
سریال چشم بندی 2 - قسمت 10 | Serial Cheshmbandi 2 - Part 10,https://www.youtube.com/watch?v=QWCd5htVAf0
سریال دادزن - قسمت 3 | Serial Dadzan - Part 3,https://www.youtube.com/watch?v=vj8JUZzapUs
سریال چشم بندی 2 - قسمت 9 | Serial Cheshmbandi 2 - Part 9,https://www.youtube.com/watch?v=DNXq36pHyzM
سریال چشم بندی 2 - قسمت 8 | Serial Cheshmbandi 2 - Part 8,https://www.youtube.com/watch?v=8Eoa_NlBANQ
فیلم بچه گربه (تقدیم به تمام مادران جهان) - فیلم کوتاه | Film Bache Gorbe - Short Movie,https://www.youtube.com/watch?v=e2cCoXZRAFs
سریال چشم بندی 2 - قسمت 7 | Serial Cheshmbandi 2 - Part 7,https://www.youtube.com/watch?v=iLRbH17M1K0
بابای من یک دزد حرفه ای هست#shorts,https://www.youtube.com/watch?v=3RQuC6yjoNM
هانیه پف کرده#shorts,https://www.youtube.com/watch?v=EU9R4SlfRbw
سریال دادزن - قسمت 2 | Serial Dadzan - Part 2,https://www.youtube.com/watch?v=HWQdfWKVuaU
فیلم کمدی توطئه فامیلی با بازی امیر جعفری، سحر دولتشاهی و مریم امیرجلالی | Totee Famili - Full Movie,https://www.youtube.com/watch?v=Vt0DdneWr9E
عین پسرخاله پیر پسر میشی#shorts,https://www.youtube.com/watch?v=KtdyUKkc-Ho
سریال چشم بندی 2 - قسمت 6 | Serial Cheshmbandi 2 - Part 6,https://www.youtube.com/watch?v=mAfNta1OLDY
من خیلی نگاه جنسیتی ندارم#shorts,https://www.youtube.com/watch?v=sNe_XLO9RQE
فیلم کمدی ایرانی من کارگرم با دو کمدین معروف مهران غفوریان و مجید صالحی | Man Kargaram - Full Movie,https://www.youtube.com/watch?v=AriUrr1Rb7g
سریال چشم بندی 2 - قسمت 5 | Serial Cheshmbandi 2 - Part 5,https://www.youtube.com/watch?v=Ip2saT3hnfM
ما رسم نداریم جهیزیه بدیم#shorts,https://www.youtube.com/watch?v=OThX8Pptoso
ستار بهشون صدتومن عیدی داده#shorts,https://www.youtube.com/watch?v=9laVR9uKry8
سریال چشم بندی 2 - قسمت 4 | Serial Cheshmbandi 2 - Part 4,https://www.youtube.com/watch?v=QeVfEogndGA
سریال چشم بندی 2 - قسمت 3 | Serial Cheshmbandi 2 - Part 3,https://www.youtube.com/watch?v=wlmOgbmIyXI
سریال چشم بندی 2 - قسمت 2 | Serial Cheshmbandi 2 - Part 2,https://www.youtube.com/watch?v=x1hgcH3vCVs
سریال دادزن - قسمت 1 | Serial Dadzan - Part 1,https://www.youtube.com/watch?v=-5YeYTgjfc8
من اصلا نمیتونم مستجری رو تحمل کنم#shorts,https://www.youtube.com/watch?v=w9mtMSgGayo
بچه ی من خیلی نجیبه#shorts,https://www.youtube.com/watch?v=tBMz_895dIQ
سریال چشم بندی 2 - قسمت 1 | Serial Cheshmbandi 2 - Part 1,https://www.youtube.com/watch?v=aR9z9wCOM_0
مریلا زارعی و لاله اسکندری در فیلم مسیر سبز | Masire Sabz - Full Movie,https://www.youtube.com/watch?v=0UIR8N3_U_E
باشگاه دیگه بهتاش رو نمیخواد#shorts,https://www.youtube.com/watch?v=FgeqKW5isoQ
کوروش تهامی، روشنک گرامی و بهاره کیان افشار در فیلم کمدی کوزوو | Kozovo - Full Movie,https://www.youtube.com/watch?v=iYz864n0haA
سریال دادزن - تیزر | Serial Dadzan - Teaser,https://www.youtube.com/watch?v=zkoN9kWsp-E
دخترای من دو برابر بهتاش عقل و شعور دارن#shorts,https://www.youtube.com/watch?v=kw5V4obPa5c
جمشید هاشم پور و آتنه فقیه نصیری در فیلم مزرعه پدری | Mazrae Pedari - Full Movie,https://www.youtube.com/watch?v=iRZbEdy7hJs
مانیفست تو توی عشق و عاشقی چیزه#shorts,https://www.youtube.com/watch?v=Ep1AnVGPOCo
رزیتا غفاری و مهدی امینی خواه در فیلم کلاه سبزها | Kolah Sabzha - Full Movie,https://www.youtube.com/watch?v=zjwLRrvBLDw
عید امسال به جای آنتالیا میریم کره ماه#shorts,https://www.youtube.com/watch?v=xxqZtrVBIwc
کرونا تموم بشه من تا یک ماه حموم نمیرم#shorts,https://www.youtube.com/watch?v=HCfA_IfMgcI
نگو حاجی باد میکنه#shorts,https://www.youtube.com/watch?v=tqTkmf-d3uc
قیمت سکه رو من تعیین میکنم#shorts,https://www.youtube.com/watch?v=YF8aLztDIB0
انقدر رو اعصاب من نرو فهیمه#shorts,https://www.youtube.com/watch?v=s3LfL_IZVSY
اصلا معلوم نیست چی میگی#shorts,https://www.youtube.com/watch?v=m7ITFGIeZmo
ما به خودکفایی رسیدیم#shorts,https://www.youtube.com/watch?v=FNr0eBZBYE0
حاملگی هما#shorts,https://www.youtube.com/watch?v=t8JvyMEpPfs
تو پولدارترین دختر دنیا هم بود ی باز خواستگار نداشتی#shorts,https://www.youtube.com/watch?v=p8umQctRnXw
لاله ی گوش پشه رو روهوا میزنم#shorts,https://www.youtube.com/watch?v=jRPqEa502P8
آشغال های شما را کجا پودر میکنند#shorts,https://www.youtube.com/watch?v=Q_beSOLIHF4
فیلم سینمایی کوزوو - تیزر | Film Kozovo - Teaser,https://www.youtube.com/watch?v=e7EPdvjRPTk
صف طویل وام مسکن#shorts,https://www.youtube.com/watch?v=Ca5IJ8IsLWM
صاحب برج های چهارقلو زعفرانیه#shorts,https://www.youtube.com/watch?v=523Nl7hgGAQ
جراحی پلاستیک صورتش چقدر میشه؟#shorts,https://www.youtube.com/watch?v=LgxGK5SUhvA
شام نون پنیر سبزی بود#shorts,https://www.youtube.com/watch?v=B37Zze8wm6w
امین حیایی و الناز شاکردوست در فیلم عروس فراری | Aroose Farari - Full Movie,https://www.youtube.com/watch?v=RgL_rioeYnM
خودت رو شبیه طوطی های منطقه استوایی کردی#shorts,https://www.youtube.com/watch?v=32f4ygA563w
سوگولی من بود - سریال نون خ 4,https://www.youtube.com/watch?v=GSxHOnA_JdU
دختر که بله میگه برکت مال پدر زیاد میشه#shorts,https://www.youtube.com/watch?v=GGTsKfLRL7A
هومن سیدی و خاطره حاتمی در فیلم دونده | Davande - Full Movie,https://www.youtube.com/watch?v=kJAkcgUN5d8
متاسفانه جاده عشق یکطرفه بود - سریال نون خ 4,https://www.youtube.com/watch?v=DGNSkefHfnQ
هیچ جای دنیا غذایی مثل دنده کباب پیدا نمیشه#shorts,https://www.youtube.com/watch?v=wDJcuublLYI
آگهی ترحیم عمو کاووس رو دیده - سریال نون خ 4,https://www.youtube.com/watch?v=ny77PPTLQJY
مغز متفکر این جریان آقا نوریه#shorts,https://www.youtube.com/watch?v=Qd3o3zhMxS8
قدم زدن تو بارون ضریب 3 داره - سریال نون خ 4,https://www.youtube.com/watch?v=Vq9B4qSjMYg
خونه رو زدم به اسم زنم#shorts,https://www.youtube.com/watch?v=RqTKl-Fd1sk
مهناز افشار و محمدرضا گلزار در فیلم کلاغ پر | Kalagh Par - Full Movie,https://www.youtube.com/watch?v=FAubs3XMUPY
هیتلر در مقابل این شکسپیر عاشقه - سریال نون خ 4,https://www.youtube.com/watch?v=8NU_L-o22SI
با دلار نیمایی حساب کن#shorts,https://www.youtube.com/watch?v=HVTRujU-2lY
پسر آقا فرامرز عین شیر پشتشه - سریال نون خ 4,https://www.youtube.com/watch?v=PI9z-JTzlgs
سریال نون خ 4 - پشت صحنه - قسمت 2 | Serial Noon Kh 4 - Backsatge - Part 2,https://www.youtube.com/watch?v=gtlGP648jTM
لیلا حاتمی و علی مصفا در فیلم آسمان محبوب | Asmane Mahboob - Full Movie,https://www.youtube.com/watch?v=mu4AZufitzg
پای مادیات وسطه - سریال نون خ 4,https://www.youtube.com/watch?v=BbUvrvBIj9s
شانس آوردی زنت کتکت زده#shorts,https://www.youtube.com/watch?v=ZUSJGmK3uy4
سریال نون خ 4 - پشت صحنه - قسمت 1 | Serial Noon Kh 4 - Backsatge - Part 1,https://www.youtube.com/watch?v=x5Cpk9nIlzU
تیغ های نهفته عشق تورا خسته میکند - سریال نون خ 4,https://www.youtube.com/watch?v=VHyLYPkmlYM
سریال نون خ 4 - قسمت 21 (قسمت آخر) | Serial Noon Kh 4 - Part 21,https://www.youtube.com/watch?v=VSBOXl1ksXs
سحر دولتشاهی و امیرحسین صدیق در فیلم کتابفروشی هدهد | Ketabforooshi Hodhod - Full Movie,https://www.youtube.com/watch?v=EayNFezHkmQ
سریع بله را بگو آیا وکیلم؟ - سریال نون خ 4,https://www.youtube.com/watch?v=sjS2wL4BctY
من اسیر مکر زنانه نمیشم#shorts,https://www.youtube.com/watch?v=KVtnVbVjh04
سریال نون خ 4 - قسمت 20 | Serial Noon Kh 4 - Part 20,https://www.youtube.com/watch?v=LPpiavpdz2w
بازم اسب من همه رو دیوونه کرده - سریال نون خ 4,https://www.youtube.com/watch?v=hYjetSxQMPc
سه میلیون دادی گل خریدی ؟#shorts,https://www.youtube.com/watch?v=r5kHqtcAfQU
سریال نون خ 4 - قسمت 19 | Serial Noon Kh 4 - Part 19,https://www.youtube.com/watch?v=jOBb1fgEnC8
بچه گرگ وال استریت کی بودی تو - سریال نون خ 4,https://www.youtube.com/watch?v=zyq1hmDI2k0
فهیمه اصلا من رو آدم حساب نمیکنه#shorts,https://www.youtube.com/watch?v=WiurRjzquuQ
این همه اومدی دماغ دختر منو گاز بگیری - سریال نون خ 4,https://www.youtube.com/watch?v=K3-ZRxvt3M8
سیل باعث ارزونی ساختمان شده - سریال نون خ 4,https://www.youtube.com/watch?v=fy92oTbXWHM
فریبرز دو میلیون فالوور داره#shorts,https://www.youtube.com/watch?v=UC1f2LBlWHQ
سریال نون خ 4 - قسمت 18 | Serial Noon Kh 4 - Part 18,https://www.youtube.com/watch?v=P2coM8KKXGo
این همه اومدی دماغ دختر منو گاز بگیری - سریال نون خ 4,https://www.youtube.com/watch?v=4ocTB1LUHGk
فامیلای زنش از موساد بدترن#shorts,https://www.youtube.com/watch?v=FGvvVKBLET0
سریال نون خ 4 - قسمت 17 | Serial Noon Kh 4 - Part 17,https://www.youtube.com/watch?v=e2NnOCBoyI8
عزت الله انتظامی و لیلا حاتمی در فیلم کمال الملک | Kamalolmolk - Full Movie,https://www.youtube.com/watch?v=7R38rD681fM
راست میگن تو خیلی عاشقی - سریال نون خ 4,https://www.youtube.com/watch?v=a6buv_eg5V0
چه تفریحی با همسرت داری#shorts,https://www.youtube.com/watch?v=Ln-BrwkT6ZY
سریال نون خ 4 - قسمت 16 | Serial Noon Kh 4 - Part 16,https://www.youtube.com/watch?v=JhNuMYhZqZs
داماد کیه؟ - سریال نون خ 4,https://www.youtube.com/watch?v=a-fly69GfwA
شوهر بی هوش دوست دارم#shorts,https://www.youtube.com/watch?v=ZqapZRwk4gQ
سریال نون خ 4 - قسمت 15 | Serial Noon Kh 4 - Part 15,https://www.youtube.com/watch?v=Dg7BAVu0b8s
آرام در هوا نگه دارین - سریال نون خ 4,https://www.youtube.com/watch?v=KhoND6IHc9k
این همه بازیکن دیوونه داریم#shorts,https://www.youtube.com/watch?v=DUvKIoau9J4
سلمان نیاز به آرامش داره - سریال نون خ 4,https://www.youtube.com/watch?v=C5o5xSZk4a4
به بهروز بگو کمتر بخوره#shorts,https://www.youtube.com/watch?v=xsADsk-K_LA
لوگوی تیم چرا باید کله ی پدرشوهر من باشه؟ - سریال نون خ 4,https://www.youtube.com/watch?v=Lf89e6S_sIA
چقدر این خرس بهت میاد#shorts,https://www.youtube.com/watch?v=jD0smzC9glc
تو نمیتونی یک چشم غره به زنت بری؟ - سریال نون خ 4,https://www.youtube.com/watch?v=8Culud_3wUY
درخواست طلاق از عمو کیوان#shorts,https://www.youtube.com/watch?v=XPk_XwORkrM
مثل فلفل روی زخمی - سریال نون خ 4,https://www.youtube.com/watch?v=NH8UHXL8wFc
میری پیش بابا ، فاصله ی ایمنی رو رعایت کن#shorts,https://www.youtube.com/watch?v=7lBkikvr5Mo
محمدرضا فروتن و هانیه توسلی در فیلم نقطه کور | Noghte Koor - Full Movie,https://www.youtube.com/watch?v=5PqZUBgbh30
اینا به خواب بعدازظهر عادت دارن - سریال نون خ 4,https://www.youtube.com/watch?v=5JVcYeFx4-o
بهش میگن پدر مارکو#shorts,https://www.youtube.com/watch?v=Deof4K2M6HI
داریوش ارجمند و نیلوفر شهیدی در فیلم حرف مردم | Harfe Mardom - Full Movie,https://www.youtube.com/watch?v=CNnCwa7N5ik
استخوان لگنش کلا از بیخ دررفته - سریال نون خ 4,https://www.youtube.com/watch?v=mw1fvuynMc0
گیریم که برای شغل عروس خانم اومدیم خواستگاری#shorts,https://www.youtube.com/watch?v=zvWVeE5Ivj8
هزینه ی جراحی پلاستیک چنده؟ - سریال نون خ 4,https://www.youtube.com/watch?v=4lN_nlWHbS0
مهمونی با رعایت تمام شئونات#shorts,https://www.youtube.com/watch?v=kagEP_hp5CI
فیلم سینمایی حرفه ای - کامل | Herfei - Full Movie,https://www.youtube.com/watch?v=NEEIag8N10A
این بیشعورتر از این حرفاست که بتونه دزدی کنه - سریال نون خ 4,https://www.youtube.com/watch?v=3_1tn0syHkY
هروقت میره پیش بابا ، سیاه و کبود برمیگرده#shorts,https://www.youtube.com/watch?v=YaYJr9xwBUw
مردی که سال ها دل در گرو دختر عمو کاووس داره - سریال نون خ 4,https://www.youtube.com/watch?v=QrwYOWSMm7Q
اینجا صبحانش رایگانه ، باید انتقام دیشب رو بگیریم#shorts,https://www.youtube.com/watch?v=ugovNe-W5xU
سیروس گرجستانی و نسرین مقانلو در فیلم عید به خانه می آید | Eyd Be Khane Miayad - Full Movie,https://www.youtube.com/watch?v=IxtndlF_I8w
اجاقم کور نشه یک وقت - سریال نون خ 4,https://www.youtube.com/watch?v=YE3NcwUZE1M
سریال نون خ 4 - قسمت 14 | Serial Noon Kh 4 - Part 14,https://www.youtube.com/watch?v=_WmNwf22P0o
تو مادر خودت رو انکار کردی ؟#shorts,https://www.youtube.com/watch?v=2VQdA21exnY
تو خیلی بی جا میکنی انسان انعطاف پذیری هستی - سریال نون خ 4,https://www.youtube.com/watch?v=jQ7LGUFyZjo
فیلم مستند پرتره به خاطر کیومرث | Bekhatere Kiumars,https://www.youtube.com/watch?v=FmRtQXxnqJM
سریال نون خ 4 - قسمت 13 | Serial Noon Kh 4 - Part 13,https://www.youtube.com/watch?v=Ej9v4caFB2g
سکته مال مرده دیگه#shorts,https://www.youtube.com/watch?v=ji1RhpsKj9g
باعث آرامش دل های نا آرام مردم میشه - سریال نون خ 4,https://www.youtube.com/watch?v=ywbC13uk25E
سریال نون خ 4 - قسمت 12 | Serial Noon Kh 4 - Part 12,https://www.youtube.com/watch?v=d9YsXe_JhjQ
چهارشونه و کمر باریک#shorts,https://www.youtube.com/watch?v=06_iASOcfIU
من فشار مشار بهم نمیاد - سریال نون خ 4,https://www.youtube.com/watch?v=BIJLYaa8Cro
سریال نون خ 4 - قسمت 11 | Serial Noon Kh 4 - Part 11,https://www.youtube.com/watch?v=03UiAK1nqb8
سریال نون خ 4 - قسمت 10 | Serial Noon Kh 4 - Part 10,https://www.youtube.com/watch?v=dlTfuHn8isM
مرجانه گلچین و سحر ولدبیگی در فیلم یک دماغ ناقابل | Yek Damaghe Naghabel - Full Movie,https://www.youtube.com/watch?v=-yJvt98cpPU
طاهره به درد تو نمیخوره ، سنش بالاست ، بچه دار نمیشه#shorts,https://www.youtube.com/watch?v=hqnYxlxRcR4
سریال نون خ 4 - قسمت 9 | Serial Noon Kh 4 - Part 9,https://www.youtube.com/watch?v=FfLax0r3WlU
سریال نون خ 4 - قسمت 8 | Serial Noon Kh 4 - Part 8,https://www.youtube.com/watch?v=QeFlILvE0Qg
سریال نون خ 4 - قسمت 7 | Serial Noon Kh 4 - Part 7,https://www.youtube.com/watch?v=gP_7Nuc6G2U
حسین یاری و یکتا ناصر در فیلم مهمانخانه ای در برف | Mehmankhanei Dar Barf - Full Movie,https://www.youtube.com/watch?v=45mspEfHEfs
سریال نون خ 4 - قسمت 6 | Serial Noon Kh 4 - Part 6,https://www.youtube.com/watch?v=K2CDkuIIxDA
سریال نون خ 4 - قسمت 5 | Serial Noon Kh 4 - Part 5,https://www.youtube.com/watch?v=8IN_liQrT4o
دختر محمود نقاش رو چرا پروندی ؟#shorts,https://www.youtube.com/watch?v=Nkl6yoZ_qRw
اکبر عبدی و سعید پورصمیمی در فیلم مدرسه پیرمردها | Madrese Piremardha - Full Movie,https://www.youtube.com/watch?v=G1APN3kJ250
سریال نون خ 4 - قسمت 3 | Serial Noon Kh 4 - Part 3,https://www.youtube.com/watch?v=pNfjYwlQYCo
اگه یکی حرفی به بچم بزنه، میزنم تو دهنش#shorts,https://www.youtube.com/watch?v=cNgVxYfaC0c
سریال نون خ 4 - قسمت 2 | Serial Noon Kh 4 - Part 2,https://www.youtube.com/watch?v=RqogDY9PPMw
عشقت اومد#shorts,https://www.youtube.com/watch?v=Ipg06xIvMUw
سریال نون خ 4 - قسمت 1 | Serial Noon Kh 4 - Part 1,https://www.youtube.com/watch?v=pxONRxeKcyg
شبنم قلی خانی، بهنوش بختیاری و برزو ارجمند در فیلم مهیج هرماس (با نام سابق شبانه های ورونیکا),https://www.youtube.com/watch?v=m1Yo7agYL3E
رضا کیانیان، مهتاب کرامتی و ویشکا آسایش در فیلم ترومای سرخ | Trumaye Sorkh - Full Movie,https://www.youtube.com/watch?v=AmyuguntyZo
ویژه برنامه های نوروز 1402 در شهرفرنگ,https://www.youtube.com/watch?v=KjYZ6PzQnM0
اکبر عبدی و محمدرضا شریفی‌نیا در فیلم معراجی ها | Merajiha - Full Movie,https://www.youtube.com/watch?v=-bjLJeyKoxs
داداشش رو خاک کردی تو کشتی ،خواهرش رو به من ندادن#shorts,https://www.youtube.com/watch?v=ZCs1ItLNRcg
فیلم سینمایی خانه پدری - تیزر | Film Khaneh Pedari - Teaser,https://www.youtube.com/watch?v=0iB9dOuGfHM
شهرام قائدی در فیلم نابغه | Nabeghe - Full Movie,https://www.youtube.com/watch?v=8rNnvN88rbM
فیلم سینمایی هرماس - تیزر | Film Hormas - Teaser,https://www.youtube.com/watch?v=uXJDYrv4Wq4
چهل سال نذاشتی من ازدواج کنم#shorts,https://www.youtube.com/watch?v=_HnRIe-8G-Y
فیلم سینمایی ترومای سرخ - تیزر | Film Trumaye Sorkh - Teaser,https://www.youtube.com/watch?v=MaFdws7BglI
"لعیا زنگنه در فیلم مادر، نام دیگر عشق | Madar, Name Digar Eshgh - Full Movie",https://www.youtube.com/watch?v=UebdTQimm_c
فیلم سینمایی زندانی ها - تیزر | Film Zendaniha - Teaser,https://www.youtube.com/watch?v=Hf3_xvDo3Dc
جمشید مشایخی و علی نصیریان در فیلم کمیته مجازات | Comite Mojazat - Full Movie,https://www.youtube.com/watch?v=TYMOLhSoloE
مهدی سلطانی و سحر قریشی در فیلم پلیسی جدید خانه کاغذی | Khane Kaghazi - Full Movie,https://www.youtube.com/watch?v=wqOYGFbgtW8
اونی که چند بار بهت فرصت میده ، رمز گوشیته نه من#shorts,https://www.youtube.com/watch?v=EAtA-rvPnIo
سریال چشم بندی 1 - قسمت 50 (قسمت آخر) | Serial Cheshmbandi 1 - Part 50,https://www.youtube.com/watch?v=WEPKf3_wudg
آبگوشت بدون گوشت#shorts,https://www.youtube.com/watch?v=riZn0cPmPYw
جمشید هاشم پور، امیر جعفری و نسرین مقانلو در فیلم نفوذی | Nofouzi - Full Movie,https://www.youtube.com/watch?v=4IAz0TMJeac
کسی با برگ برنده ما دلمه درست نکرده ؟#shorts,https://www.youtube.com/watch?v=WwRU31I8ECo
سریال چشم بندی 1 - قسمت 49 | Serial Cheshmbandi 1 - Part 49,https://www.youtube.com/watch?v=TJUd-SKpYv8
مریم سلطانی و نیوشا ضیغمی در فیلم دختر شاه پریون | Dokhtare Shahe Pariyoon - Full Movie,https://www.youtube.com/watch?v=9wuRaYxfN8I
سریال چشم بندی 1 - قسمت 48 | Serial Cheshmbandi 1 - Part 48,https://www.youtube.com/watch?v=3a7BMvqEjsA
سریال چشم بندی 1 - قسمت 47 | Serial Cheshmbandi 1 - Part 47,https://www.youtube.com/watch?v=fJKoTfbIUk4
فیلم سینمایی چرخ - کامل | Charkh - Full Movie,https://www.youtube.com/watch?v=yYosUC6J96I
سریال چشم بندی 1 - قسمت 46 | Serial Cheshmbandi 1 - Part 46,https://www.youtube.com/watch?v=cZnoecU1LZY
در رو به روی نقی  باز نکنین#shorts,https://www.youtube.com/watch?v=8wm_ehWC17I
مادر ما رو هم بکش#shorts,https://www.youtube.com/watch?v=fKCtUC0tBig
سریال چشم بندی 1 - قسمت 45 | Serial Cheshmbandi 1 - Part 45,https://www.youtube.com/watch?v=dxNntrlg69o
سریال چشم بندی 1 - قسمت 44 | Serial Cheshmbandi 1 - Part 44,https://www.youtube.com/watch?v=mmean-W5uV0
مگه تو معدن کار میکنی انقدر ماشینت کثیفه ؟#shorts,https://www.youtube.com/watch?v=kIAJT6FmOUk
سریال چشم بندی 1 - قسمت 43 | Serial Cheshmbandi 1 - Part 43,https://www.youtube.com/watch?v=Btnj7hCUU3Y
طاهره چه کردن اینا با عشق ما ؟#shorts,https://www.youtube.com/watch?v=QmMfA2lsdtE
سریال چشم بندی 1 - قسمت 42 | Serial Cheshmbandi 1 - Part 42,https://www.youtube.com/watch?v=lPallvKpgBE
سریال چشم بندی 1 - قسمت 41 | Serial Cheshmbandi 1 - Part 41,https://www.youtube.com/watch?v=25oZ2sDPw_Q
شکمت ته داره ؟#shorts,https://www.youtube.com/watch?v=IunuaDLmRGg
سریال چشم بندی 1 - قسمت 40 | Serial Cheshmbandi 1 - Part 40,https://www.youtube.com/watch?v=dLEbDml7fss
جواد عزتی و محمدرضا گلزار در فیلم آینه بغل | Ayneh Baghal - Full Movie,https://www.youtube.com/watch?v=vGi48a7HgPs
سریال چشم بندی 1 - قسمت 39 | Serial Cheshmbandi 1 - Part 39,https://www.youtube.com/watch?v=rrgYkRaqfgE
قربون بغلت برم که بوی تمام غذاهای مازندران رو میده#shorts,https://www.youtube.com/watch?v=JzpNgKUKntI
سریال چشم بندی 1 - قسمت 38 | Serial Cheshmbandi 1 - Part 38,https://www.youtube.com/watch?v=_9rH36ui2Es
مهتاب کرامتی و گلاره عباسی در فیلم آذر | Azar - Full Movie,https://www.youtube.com/watch?v=qsRXLh98v_0
فرهاد آئیش و نفیسه روشن در فیلم چک | Cheque - Full Movie,https://www.youtube.com/watch?v=fs5xt1kCN4I
این بشر مجسمه ی کروناست#shorts,https://www.youtube.com/watch?v=M1_OaxqPFw8
مهدی سلوکی و یکتا ناصر در فیلم روستای مرزی | Roustaye Marzi - Full Movie,https://www.youtube.com/watch?v=Qfaol_fSrUU
سریال چشم بندی 1 - قسمت 37 | Serial Cheshmbandi 1 - Part 37,https://www.youtube.com/watch?v=zPgcvvHtRhI
زیبا بروفه و  رضا ناجی در فیلم دردسرهای زیبا | Dardesarhaye Ziba - Full Movie,https://www.youtube.com/watch?v=vvpo_8CkHNQ
سریال چشم بندی 1 - قسمت 36 | Serial Cheshmbandi 1 - Part 36,https://www.youtube.com/watch?v=bhw4jqBBgAI
سریال چشم بندی 1 - قسمت 35 | Serial Cheshmbandi 1 - Part 35,https://www.youtube.com/watch?v=irK_6togoAQ
بحث سی و چند میلیارد سند ویلا هست#shorts,https://www.youtube.com/watch?v=TJjnsoJw0Gc
سریال چشم بندی 1 - قسمت 34 | Serial Cheshmbandi 1 - Part 34,https://www.youtube.com/watch?v=NCelzwQW-DE
سریال چشم بندی 1 - قسمت 33 | Serial Cheshmbandi 1 - Part 33,https://www.youtube.com/watch?v=U5iKTXY40ks
سریال چشم بندی 1 - قسمت 32 | Serial Cheshmbandi 1 - Part 32,https://www.youtube.com/watch?v=3SL7euCovw8
شما تنهایی جایی نمیری#shorts,https://www.youtube.com/watch?v=JzkGBkItU6M
رضا کیانیان و شقایق فراهانی در فیلم پازل | Puzzle - Full Movie,https://www.youtube.com/watch?v=VGGjmvVfXMQ
سریال چشم بندی 1 - قسمت 31 | Serial Cheshmbandi 1 - Part 31,https://www.youtube.com/watch?v=amPaLGtM8TQ
سریال چشم بندی 1 - قسمت 30 | Serial Cheshmbandi 1 - Part 30,https://www.youtube.com/watch?v=yNAa3G8Wu68
سریال چشم بندی 1 - قسمت 29 | Serial Cheshmbandi 1 - Part 29,https://www.youtube.com/watch?v=ciV8sMLoLpI
میرم خاله رو شکارش میکنم#shorts,https://www.youtube.com/watch?v=iuaob6xAW0o
شهرام قائدی و کیانوش گرامی در فیلم رینگ اسپرت | Ring Sport - Full Movie,https://www.youtube.com/watch?v=s9HHx6Ce_MU
سریال چشم بندی 1 - قسمت 28 | Serial Cheshmbandi 1 - Part 28,https://www.youtube.com/watch?v=W8izivMvLCo
سریال چشم بندی 1 - قسمت 27 | Serial Cheshmbandi 1 - Part 27,https://www.youtube.com/watch?v=AdKqCKVHmas
سریال چشم بندی 1 - قسمت 26 | Serial Cheshmbandi 1 - Part 26,https://www.youtube.com/watch?v=0HrrHgeYkks
رضا عطاران در فیلم نشانی | Neshani - Full Movie,https://www.youtube.com/watch?v=lW6BxDVXQas
سریال چشم بندی 1 - قسمت 25 | Serial Cheshmbandi 1 - Part 25,https://www.youtube.com/watch?v=fIx7WKKRNBo
سریال چشم بندی 1 - قسمت 24 | Serial Cheshmbandi 1 - Part 24,https://www.youtube.com/watch?v=bpvemzWUG9o
شهاب حسینی در فیلم تعبیر خواب | Tabire Khab - Full Movie,https://www.youtube.com/watch?v=N9lyTtwsDXY
سریال چشم بندی 1 - قسمت 23 | Serial Cheshmbandi 1 - Part 23,https://www.youtube.com/watch?v=adTsVk-hj9M
داییش بخاطر سیگار سیلی زد تو گوشش#shorts,https://www.youtube.com/watch?v=zS2sIU4ehJg
نوید محمدزاده و هومن سیدی در فیلم تصادف | Tasadof - Full Movie,https://www.youtube.com/watch?v=yws57UMgzNQ
سریال چشم بندی 1 - قسمت 22 | Serial Cheshmbandi 1 - Part 22,https://www.youtube.com/watch?v=LIyYz5Wo1X8
سریال چشم بندی 1 - قسمت 21 | Serial Cheshmbandi 1 - Part 21,https://www.youtube.com/watch?v=Hef3yXm3XRU
دختر بفهمه فامیلای من سابقه دارن فرار میکنه#shorts,https://www.youtube.com/watch?v=1svCGIWEcIM
سریال چشم بندی 1 - قسمت 20 | Serial Cheshmbandi 1 - Part 20,https://www.youtube.com/watch?v=7B1vETbN1sE
سریال چشم بندی 1 - قسمت 19 | Serial Cheshmbandi 1 - Part 19,https://www.youtube.com/watch?v=u0lVP-edki8
حمید فرخ نژاد و بیتا فرهی در فیلم در انتظار معجزه | Dar Entezare Mojeze - Full Movie,https://www.youtube.com/watch?v=7WYxH1Zamc8
سریال چشم بندی 1 - قسمت 18 | Serial Cheshmbandi 1 - Part 18,https://www.youtube.com/watch?v=ApUtXij4dDw
عین سوسک دمپایی خورده تکون نمیتونستی بخوری#shorts,https://www.youtube.com/watch?v=muW23uva3A0
پژمان بازغی و نگار فروزنده در فیلم گره آخر | Gereh Akhar - Full Movie,https://www.youtube.com/watch?v=Zkdu_Sx-HXY
سریال چشم بندی 1 - قسمت 17 | Serial Cheshmbandi 1 - Part 17,https://www.youtube.com/watch?v=gjrIaNsjf5Q
سریال چشم بندی 1 - قسمت 16 | Serial Cheshmbandi 1 - Part 16,https://www.youtube.com/watch?v=zHsMc09OXN0
سریال چشم بندی 1 - قسمت 15 | Serial Cheshmbandi 1 - Part 15,https://www.youtube.com/watch?v=iZQl81j2_0Q
جواد عزتی و گلاره عباسی در فیلم وقت بزرگ شدنه | Vaghte Bozorg Shodane - Full Movie,https://www.youtube.com/watch?v=jK-Iaw7rATg
سریال چشم بندی 1 - قسمت 14 | Serial Cheshmbandi 1 - Part 14,https://www.youtube.com/watch?v=xNw5Kaq-qJc
یک میلیون و دویست، هزینه ی سبد گل آشتی کنون#shorts,https://www.youtube.com/watch?v=sluN-j7Q4-A
سریال چشم بندی 1 - قسمت 13 | Serial Cheshmbandi 1 - Part 13,https://www.youtube.com/watch?v=aDX0ju1--mY
علی صادقی و یوسف تیموری در فیلم قاتلین پیرمرد | Ghateline Piremard - Full Movie,https://www.youtube.com/watch?v=WYOCC1L3ElQ
سریال چشم بندی 1 - خلاصه قسمتهای 1 - 12 | Serial Cheshmbandi 1 - Parts 1 - 12,https://www.youtube.com/watch?v=jg17mutY2i0
سریال چشم بندی 1 - قسمت 12 | Serial Cheshmbandi 1 - Part 12,https://www.youtube.com/watch?v=ePlEl84CrBk
سریال چشم بندی 1 - قسمت 11 | Serial Cheshmbandi 1 - Part 11,https://www.youtube.com/watch?v=ghEtTGyq5Ko
سریال چشم بندی 1 - قسمت 10 | Serial Cheshmbandi 1 - Part 10,https://www.youtube.com/watch?v=dTl-7VFNYR0
پرویز پرستویی و هومن سیدی در فیلم بوفالو | Buffalo - Full Movie,https://www.youtube.com/watch?v=ZnWBP0VQkOQ
همه ی ایران سرای من است شلغم#shorts,https://www.youtube.com/watch?v=z-vxOmLCwOw
سریال چشم بندی 1 - قسمت 9 | Serial Cheshmbandi 1 - Part 9,https://www.youtube.com/watch?v=7YpxOK6QXfM
سریال چشم بندی 1 - قسمت 8 | Serial Cheshmbandi 1 - Part 8,https://www.youtube.com/watch?v=5thaX5Lhdck
شهره لرستانی و رامین راستاد در فیلم ماده پنج | Madeh Panj - Full Movie,https://www.youtube.com/watch?v=IxHXxu2mY7M
سریال چشم بندی 1 - قسمت 7 | Serial Cheshmbandi 1 - Part 7,https://www.youtube.com/watch?v=PCQbvvKvvKo
اسم بچه هام شادمهر ، رادمهر و قدیره#shorts,https://www.youtube.com/watch?v=zpxhMdfBsDk
سریال چشم بندی 1 - قسمت 6 | Serial Cheshmbandi 1 - Part 6,https://www.youtube.com/watch?v=5Ee1vYjjiEc
سریال چشم بندی 1 - قسمت 5 | Serial Cheshmbandi 1 - Part 5,https://www.youtube.com/watch?v=oM1Rf-CjwCg
سریال چشم بندی 1 - قسمت 4 | Serial Cheshmbandi 1 - Part 4,https://www.youtube.com/watch?v=Q80h-fL6Nvs
امین حیایی و مهران غفوریان در فیلم شارلاتان | Sharlatan - Full Movie,https://www.youtube.com/watch?v=RnmduCRHSf4
سریال چشم بندی 1 - قسمت 3 | Serial Cheshmbandi 1 - Part 3,https://www.youtube.com/watch?v=ea_Q3cuyYrA
سریال چشم بندی 1 - قسمت 3 | Serial Cheshmbandi 1 - Part 3,https://www.youtube.com/watch?v=VzxoNXM7fkw
سریال چشم بندی 1 - قسمت 2 | Serial Cheshmbandi 1 - Part 2,https://www.youtube.com/watch?v=805GSJ2QZIo
یک روز آقا خرگوشه ، رسید به بچه موشه#shorts,https://www.youtube.com/watch?v=EArpHBBBlfY
سریال چشم بندی 1 - قسمت 1 | Serial Cheshmbandi 1 - Part 1,https://www.youtube.com/watch?v=tNhLpEoHFXU
هومن برق نورد و آشا محرابی در فیلم هفت سین | Haft Sin - Full Movie,https://www.youtube.com/watch?v=Zz7uEYj1Gkw
فیلم سینمایی توقیف شده کژال - نسخه اصلی با زیرنویس فارسی | Kejal - Full Movie,https://www.youtube.com/watch?v=vppZ8C9BrbY
رابعه اسکویی و یوسف صیادی در فیلم نیم کیلو باش مرد باش | Nim Kiloo Bash Mard Bash - Full Movie,https://www.youtube.com/watch?v=S1v2psQHd0A
مهران احمدی و پانته آ بهرام در فیلم خواب های دنباله دار | Khabhaye Donbaledar - Full Movie,https://www.youtube.com/watch?v=Qf1KPRMVohM
این یک برگه کاغذ من رو تا قطع نخاع برده#shorts,https://www.youtube.com/watch?v=bNH1OW9SEic
فیزیوتراپی مدرن#shorts,https://www.youtube.com/watch?v=GuljtrBL2rc
امین حیایی و نیکی کریمی در فیلم زن ها فرشته اند | Zanha Fereshteand - Full Movie,https://www.youtube.com/watch?v=102FwaOfZCs
خسرو شکیبایی در فیلم رابطه | Rabeteh - Full Movie,https://www.youtube.com/watch?v=egBRhuRZIKk
نقی پدر زنش رو کشت#shorts,https://www.youtube.com/watch?v=6yfglQ9PZJw
مسئول سردخانه هستین شما ؟ چه زندگی شیرینی دارین#shorts,https://www.youtube.com/watch?v=_3eDWbOZWd0
ساره بیات و امین زندگانی در فیلم فصل فراموشی فریبا | Fasle Faramoushie Fariba - Full Movie,https://www.youtube.com/watch?v=CcBYh6UWs1o
اگه متهم تو دادگاه نیاد ، وثیقه به نفع دولت ضبط میشه#shorts,https://www.youtube.com/watch?v=LQjAdzd8xyE
شهاب حسینی و بهرام رادان در فیلم شمعی در باد | Shamei Dar Bad - Full Movie,https://www.youtube.com/watch?v=MprF7hsAEmc
نقی قاتل#shorts,https://www.youtube.com/watch?v=S9w9FtaRXwg
تو ژاپن مرده میسوزوندم#shorts,https://www.youtube.com/watch?v=851PUTrH8vE
طناز طباطبایی در فیلم هیس دخترها فریاد نمی زنند | His Dokhtarha Faryad Nemizanand - Full Movie,https://www.youtube.com/watch?v=DqR40Oj7Rns
عاطی قاطی#shorts,https://www.youtube.com/watch?v=gBlzh1pJjK0
جواد عزتی و عباس جمشیدی فر در فیلم نیش | Nish - Full Movie,https://www.youtube.com/watch?v=9Rjz1JPxf8U
محمدرضا غفاری و افسانه پاکرو در فیلم رویای خیس | Royaye Khis - Full Movie,https://www.youtube.com/watch?v=VUJndu-2wBI
من انقدر ژله دوست دارم#shorts,https://www.youtube.com/watch?v=NEbGpmVQuf8
فیلم سینمایی فصل فراموشی فریبا - تیزر | Film Fasle Faramoushie Fariba - Teaser,https://www.youtube.com/watch?v=j4dsi51aEAQ
سن خر پیر رو داری#shorts,https://www.youtube.com/watch?v=TOgE9KEmpPc
حدیث فولادوند و رامین ناصرنصیر در فیلم کمدی تصادف ممنوع | Tasadof Mamnou - Full Movie,https://www.youtube.com/watch?v=n90XNBP-zCA
یک دختر خوشگل میخواد بیاد آمپول بزنه#shorts,https://www.youtube.com/watch?v=GS-weUuz70s
تعطیلی همه ی بیمارستان های ایران به دلیل تحریم#shorts,https://www.youtube.com/watch?v=pTWy-vaMwfQ
تو زن بردی یا شوهر کردی ؟#shorts,https://www.youtube.com/watch?v=8tUIzQIM_W8
عشق منی مادر#shorts,https://www.youtube.com/watch?v=Qwsn0vDEQ9Y
از  خداشه بهش بگن قاتل#shorts,https://www.youtube.com/watch?v=7kRUCcVlAj4
سریال راه دررو - قسمت 14 (قسمت آخر) | Serial Rah Darro - Part 14,https://www.youtube.com/watch?v=5AYBnkR5hhU
بابات ما رو نفری پنج میلیون تیغ زد#shorts,https://www.youtube.com/watch?v=paLQmP6P1Cg
سریال راه دررو - قسمت 13 | Serial Rah Darro - Part 13,https://www.youtube.com/watch?v=KZ7aq0PoCtU
امین حیایی و الناز شاکردوست در فیلم سلام برعشق | Salam Bar Eshgh - Full Movie,https://www.youtube.com/watch?v=LJn7wEoWh0U
سریال راه دررو - قسمت 12 | Serial Rah Darro - Part 12,https://www.youtube.com/watch?v=sLDgyKfwHvc
سریال راه دررو - قسمت 11 | Serial Rah Darro - Part 11,https://www.youtube.com/watch?v=_RsG7t462mQ
سریال راه دررو - قسمت 10 | Serial Rah Darro - Part 10,https://www.youtube.com/watch?v=jSKGBjvPwNY
جناب گودزیلا رو شما ول کردین تو واحدها ؟#shorts,https://www.youtube.com/watch?v=KIk5QQZQbWs
سریال راه دررو - قسمت 9 | Serial Rah Darro - Part 9,https://www.youtube.com/watch?v=EWT5h_DvuN4
رضا عطاران و نیکی کریمی در فیلم آقای هفت رنگ | Aghaye Haft Rang - Full Movie,https://www.youtube.com/watch?v=lQA6lsN9mP8
مامانت شوهر کرد ؟#shorts,https://www.youtube.com/watch?v=_CiRQiSmYuE
سریال راه دررو - قسمت 8 | Serial Rah Darro - Part 8,https://www.youtube.com/watch?v=GFieERFUDzk
سریال راه دررو - قسمت 7 | Serial Rah Darro - Part 7,https://www.youtube.com/watch?v=faqyu1PAqgA
سریال راه دررو - قسمت 6 | Serial Rah Darro - Part 6,https://www.youtube.com/watch?v=ohZtUedu4cA
سریال راه دررو - قسمت 5 | Serial Rah Darro - Part 5,https://www.youtube.com/watch?v=ap1Jl1yovGM
بیشعور ، ابله ، پنیر ، سرخس ، چرا میخوای اینجا بسته بشه ؟#shorts,https://www.youtube.com/watch?v=BXSVwVmpcDU
سریال راه دررو - قسمت 4 | Serial Rah Darro - Part 4,https://www.youtube.com/watch?v=n24aG7Az214
سریال راه دررو - قسمت 3 | Serial Rah Darro - Part 3,https://www.youtube.com/watch?v=zVBrP8b4Cpc
گوساله از این بیمارستان میشه ماهی پنج میلیارد درآورد#shorts,https://www.youtube.com/watch?v=itNhDZfSJNM
سریال راه دررو - قسمت 2 | Serial Rah Darro - Part 2,https://www.youtube.com/watch?v=EN5-SRAPjxM
سریال راه دررو - قسمت 1 | Serial Rah Darro - Part 1,https://www.youtube.com/watch?v=lxuQjtBofBo
من میخوام تو زندان بمونم  نمیخوام آزاد بشم#shorts,https://www.youtube.com/watch?v=s3b9sYB_tEw
آبجی من رو زیر بلیط بهتاش نبر#shorts,https://www.youtube.com/watch?v=2GyUfou2yh0
به فامیل گفتم رئیس بیمارستان شدی تا چشمشون دربیاد#shorts,https://www.youtube.com/watch?v=LsUuRzwoXnc
ایشون خیلی مرد مهربونی هستن#shorts,https://www.youtube.com/watch?v=iIgiVJY48_Q
مگه نگفتی حاجی رو بوسیدم؟#shorts,https://www.youtube.com/watch?v=Ah6h2-ZYsPM
آقا چرا داری از من خواستگاری میکنی ؟#shorts,https://www.youtube.com/watch?v=1WTucQOeBhw
پدرزنم افتاد تو بغل من#shorts,https://www.youtube.com/watch?v=M_sDfbepNnA
دستش رفت لای چرخ گوشت#shorts,https://www.youtube.com/watch?v=r4TT5MQKyKQ
قبل از خواب به من افتخار کن#shorts,https://www.youtube.com/watch?v=xnqwe8oqPpo
قانون میگه اگر دزد زار و زندگیت رو دزدید حق نداری بزنیش#shorts,https://www.youtube.com/watch?v=sLEj9Aa7ODg
با لب و دهن بابات بازی میکنه#shorts,https://www.youtube.com/watch?v=k1f3cYhWYxY
من از دزد کرونا گرفتم#shorts,https://www.youtube.com/watch?v=gXdmpA1qot4
من متخصص کلیه و مجاری ادرار هستم#shorts,https://www.youtube.com/watch?v=3LkIBCAz-Pw
یک بوس هوایی بفرست#shorts,https://www.youtube.com/watch?v=nfpSSNPfqOE
من رو دنبال خودت میکشونی - سریال زیرخاکی 3,https://www.youtube.com/watch?v=619I-_tSHAM
ایشون داره به من تهمت میزنه#shorts,https://www.youtube.com/watch?v=rn2aMofHmHQ
من باید رئیس بند میشدم - سریال درحاشیه 2,https://www.youtube.com/watch?v=OC2iUjDRVLc
دوهزار کیلو مواد توی برنج - سریال درحاشیه 2,https://www.youtube.com/watch?v=5X1bhTs5jFk
موش های اینجا مار میخورن#shorts,https://www.youtube.com/watch?v=2GMSxmCT8yA
اینم ببر جبهه بترکون - سریال زیرخاکی 3,https://www.youtube.com/watch?v=1lidZvDWMgQ
دیگه سردمون نمیشه - سریال درحاشیه 2,https://www.youtube.com/watch?v=6p_lVTdl7I0
اینجا رو گسله ، شما میخندی میلرزه#shorts,https://www.youtube.com/watch?v=xqFh62wdzEY
این شیطان رو درس میده - سریال زیرخاکی 3,https://www.youtube.com/watch?v=JTXzpMP-M78
فلفل نبین چه ریزه، ریز ریز دلار میریزه - سریال درحاشیه 2,https://www.youtube.com/watch?v=HIKb_F5-afA
از فردا ممکنه ما مزاحم شما#shorts,https://www.youtube.com/watch?v=rH_Pn-wgPF0
یک ذره خنگم هست - سریال زیرخاکی 3,https://www.youtube.com/watch?v=O1xYHOkjH5A
یک دستشویی ایرانی داره ، چهارتا فرنگی#shorts,https://www.youtube.com/watch?v=z_OjFjJhPdw
اثاث خونش چهار میلیارده - سریال درحاشیه 2,https://www.youtube.com/watch?v=iN0EjomlxNQ
تا انفرادی میتونی راه بری؟ - سریال درحاشیه 2,https://www.youtube.com/watch?v=cZ9Pha-Ksuk
گوسفندها رو جمعش میکنی یا جمعشون کنم ؟#shorts,https://www.youtube.com/watch?v=2I4PWRPKWG4
یک زن مثل مامانت بگیر - سریال زیرخاکی 3,https://www.youtube.com/watch?v=r-sCRH2P0QI
یادت رفته عین هیزم خشک افتاده بودی گوشه ی خونه#shorts,https://www.youtube.com/watch?v=vwYaHNMaT3c
انقدر نازه میخوای بخوریش - سریال درحاشیه 2,https://www.youtube.com/watch?v=6XjQHSr_xB4
اونجا قهرمان بودم، اینجا خائن - سریال زیرخاکی 3,https://www.youtube.com/watch?v=YACvDEYgmYs
مثل گربه از ناودون رفتم بالا - سریال درحاشیه 2,https://www.youtube.com/watch?v=g_75yrAgBKw
من بچه ی فیلیپینم#shorts,https://www.youtube.com/watch?v=ZqMjNIVMM6g
میشه فریبرز رو ببینم؟ - سریال زیرخاکی 3,https://www.youtube.com/watch?v=ZHqEcy0WZms
فرشته اهل فوتبال هستی ؟#shorts,https://www.youtube.com/watch?v=ImEWBwHSkJM
لکه ی ننگ خانواده بوده - سریال درحاشیه 2,https://www.youtube.com/watch?v=1liCQzSrpoU
کار من طول میکشه - سریال درحاشیه 2,https://www.youtube.com/watch?v=w1PSBmb2vYQ
هومن از اول نحس بود#shorts,https://www.youtube.com/watch?v=t_P7CNyZ2yk
حیف که خواهرت دهن من رو بست#shorts,https://www.youtube.com/watch?v=xLcpGennwoY
حل مشکلات بدون درد و خونریزی - سریال درحاشیه 2,https://www.youtube.com/watch?v=RqJA7Vrbivk
به مرگ پدرزنم من از اینجا تکون نمیخورم#shorts,https://www.youtube.com/watch?v=FpC2-na8IpA
بابا مگه لباس تنش نیست؟ - سریال زیرخاکی 3,https://www.youtube.com/watch?v=IoK1htdq9kc
مریض تحویل میگرفتیم ، قهرمان المپیک تحویل میدادیم#shorts,https://www.youtube.com/watch?v=foL2i1zN9CE
با لباس عراقی ها دیدنش - سریال زیرخاکی 3,https://www.youtube.com/watch?v=T0wpJwn7jIw
نقی معمولی متهم به قتل#shorts,https://www.youtube.com/watch?v=jjsDAbC402w
برنده ی جایزه ی کله ی طلایی - سریال در حاشیه 2,https://www.youtube.com/watch?v=oWwlPmeaLhg
لنگت رو بده من میخوام بوسش کنم#shorts,https://www.youtube.com/watch?v=9ZZpWUTW1to
یکم چاق شدم ، سنم بیشتر نشون میده#shorts,https://www.youtube.com/watch?v=JSl7pEwxNg8
چهار بار غذای زوری گرفتم - سریال در حاشیه 2,https://www.youtube.com/watch?v=ppSOr-4wssY
اولین مریض بیمارستان رو من کور کردم#shorts,https://www.youtube.com/watch?v=y6SL_pFz4_E
قاطی کردم دیگه - سریال زیرخاکی 3,https://www.youtube.com/watch?v=fvqYxbk-N7Q
شیشه رو چجوری میپزین؟ - سریال در حاشیه 2,https://www.youtube.com/watch?v=xcisRaSnVO0
فلافل چی هست ؟#shorts,https://www.youtube.com/watch?v=5eby6So2414
جون خدا تفنگم رو بده - سریال زیرخاکی 3,https://www.youtube.com/watch?v=4oYHsqawjNE
نقی متهم به قتل از طریق انتقال کویید 19 شده#shorts,https://www.youtube.com/watch?v=ex9n17rrORk
ما فقط مغز داریم و مجاری ادراری - سریال در حاشیه 2,https://www.youtube.com/watch?v=V4cuyAO7kKo
جای پنجه ی شیر رو شکمشه - سریال در حاشیه 2,https://www.youtube.com/watch?v=-5RydbcRZyo
فلافل دو نونه با ترشی انبه#shorts,https://www.youtube.com/watch?v=lWuO1doyDUQ
من عاشق وطنم هستم - سریال زیرخاکی 3,https://www.youtube.com/watch?v=pom27g-cNOo
تو زندان منوی غذا میدن - سریال در حاشیه 2,https://www.youtube.com/watch?v=117B3k0UcQI
فدای تو بشم هما جان#shorts,https://www.youtube.com/watch?v=vjvmGNMv4Oc
چه طبع متخلخلی داشتن پدرتون - سریال در حاشیه 2,https://www.youtube.com/watch?v=iz4eMoZRruE
خواهر من زن دکتر شد ، یک شب شد خانم دکتر#shorts,https://www.youtube.com/watch?v=ITIIVrNm_zg
منم مثل تو حس ششم دارم - سریال زیرخاکی 3,https://www.youtube.com/watch?v=dx3WCMfT8JQ
الان پول توی دوده#shorts,https://www.youtube.com/watch?v=DO6meLLfCyw
من نافم رو با کوانتوم بریده اند - سریال در حاشیه 2,https://www.youtube.com/watch?v=dqkdQJmt1uc
از تجربیات من استفاده نکنی میخورنت#shorts,https://www.youtube.com/watch?v=iwiBYvOZ_Ho
یه سری اطلاعات موشکی میدم بهشون - سریال زیرخاکی 3,https://www.youtube.com/watch?v=qKzycrBD6m8
ناصری رو آزاد کن اطلاعات موشکی رو بدم - سریال زیرخاکی 3,https://www.youtube.com/watch?v=7M2QpPCRovo
این خوبه که میدونیم فریبرز سالمه الان - سریال زیرخاکی 3,https://www.youtube.com/watch?v=3Ivax_Vy7zw
یه سفره آدم فروشی پهنه همه میخوریم - سریال در حاشیه 2,https://www.youtube.com/watch?v=UO_59jOoB3Y
تحت هر شرایطی جواب تلفن شما رو میده ارسطو#shorts,https://www.youtube.com/watch?v=iKSbq0AhQGA
اصلا هر شکلی دوست داری بگو شوهر من این شکلیه - سریال زیرخاکی 3,https://www.youtube.com/watch?v=0h10oH0vmWY
جوابم به پیشنهاد ازدواج نقی منفی بود#shorts,https://www.youtube.com/watch?v=Yw0-Em1B_tU
بالاخره ماندانا اومد ملاقاتش - سریال در حاشیه 2,https://www.youtube.com/watch?v=bX5Fy4lSGt8
هما رفته دم خونه طاهره#shorts,https://www.youtube.com/watch?v=lRyvTm2mZa8
اگه شهریه زیر نظر من باشه من هستم - سریال در حاشیه 2,https://www.youtube.com/watch?v=ySsT2hSu-As
داره تمرین میکنه جاساز بشه - سریال در حاشیه 2,https://www.youtube.com/watch?v=wijOp8kp_pI
شاید راننده خوبی نباشی ولی ادبیات غنی داری - سریال زیرخاکی 3,https://www.youtube.com/watch?v=q9Rihx7sCfg
بالاخره کار خودشو کرد بهروزم خراب کرد - سریال در حاشیه 2,https://www.youtube.com/watch?v=_IvbIBG97pQ
باید هممون اعتصاب غذا بکنیم - سریال زیرخاکی 3,https://www.youtube.com/watch?v=Rp9nqoE1TBM
دکترای شما معادل سیکله#shorts,https://www.youtube.com/watch?v=B-JbTRi5BOc
میخوان بهروز رو بفرستن آدم بکشه - سریال در حاشیه 2,https://www.youtube.com/watch?v=L-mg6UibcHA
من وکیل خانوم باغبیشه ام - سریال زیرخاکی 3,https://www.youtube.com/watch?v=0QS29ZGe24s
به جای فرم مرخصی فرم گیاه خواری پر کردن - سریال در حاشیه 2,https://www.youtube.com/watch?v=cR2RICGzm7A
ما از عسیسم و عجقم استفاده میکنیم - سریال در حاشیه 2,https://www.youtube.com/watch?v=Kavw3Z7jYSs
این مرغ هروقت تخم گذاشت ما رسوا شدیم - سریال زیرخاکی 3,https://www.youtube.com/watch?v=3IHO-XoRKjw
ما یکیو داشتیم خل و چل عین تو - سریال زیرخاکی 3,https://www.youtube.com/watch?v=g2FMLHdvrNc
یه کتاب میخواد بنویسه به اسم دریچه ای به خورشید - سریال در حاشیه 2,https://www.youtube.com/watch?v=DclncBJeXaI
روز نظافت عمومی - سریال در حاشیه 2,https://www.youtube.com/watch?v=W76VJ3Hgl80
انگار فریبرز داره با لهجه شما حرف میزنه - سریال زیرخاکی 3,https://www.youtube.com/watch?v=pFa_xsuYefc
هومن موهاش که سفید میشه مشکی هاش میریزه#shorts,https://www.youtube.com/watch?v=0KZSAvM4c3c
دارن تلاش میکنن لات بازی یاد بگیرن - سریال در حاشیه 2,https://www.youtube.com/watch?v=qGBg_6dZDSY
به یکی داره پول میده به جاش کار کنه - سریال در حاشیه 2,https://www.youtube.com/watch?v=AkSvU5iNdCU
جلو پیتزا فروشی مشتری جذب میکنه - سریال در حاشیه 2,https://www.youtube.com/watch?v=PqrW01hK3I4
بچه ها گفتن جسد بابا رو نگه دار چند روز بریم دنبال یارانش#shorts,https://www.youtube.com/watch?v=rKGMKGZLrNU
دکترجان آمپول مارو بزن بریم#shorts,https://www.youtube.com/watch?v=sq4q-Q6k_gI
بیاین من رو دستبند بزنین ببرین#shorts,https://www.youtube.com/watch?v=LWXxUWfmoFs
دومین آیین سپاس تهیه کنندگان سینمای ایران (تابستان 1401) | Notenet,https://www.youtube.com/watch?v=hL_DKcusEnQ
ارسطو رو با یک دختره دیدم#shorts,https://www.youtube.com/watch?v=hbA6-1NINQo
مرده شور تورو ببرن#shorts,https://www.youtube.com/watch?v=ceolfenyxXA
بابای داماد آبروش رو برد#shorts,https://www.youtube.com/watch?v=vreOdTMwOT8
بیرون از خونه نمیری ، وگرنه نه من نه تو#shorts,https://www.youtube.com/watch?v=gybxS0kIpuU
دوکیلو نون خامه ای گرفت برای خواستگاری#shorts,https://www.youtube.com/watch?v=7S9hC0fKWBw
میخوان راضیش کنن که خودش بره با اژدر صحبت کنه - سریال در حاشیه 2,https://www.youtube.com/watch?v=A2wSbseBjEA
وسط آموزش رانندگی جاشون رو عوض میکنن - سریال زیرخاکی 3,https://www.youtube.com/watch?v=YLxAotwJsp4
نه پول داره نه ماشین نه کت شلوار، خواستگاریم میخواد بره#shorts,https://www.youtube.com/watch?v=W6qCcc34R58
چهارتایی با بچه رفتن آموزش رانندگی#shorts,https://www.youtube.com/watch?v=NYa79wkYCRg
اسلیم فیته ، باریکت میکنه#shorts,https://www.youtube.com/watch?v=Crwk3HMaMQo
فروش ماشین به علت مهاجرت#shorts,https://www.youtube.com/watch?v=PAtm9QcP0Nw
اسیر عراقی ها شده ، میگه من عاشق صدام هستم#shorts,https://www.youtube.com/watch?v=SB9SfVRAojc
فکرش هم نمیکرد بخوان اینجوری پشتش در بیان جلو آژدر - سریال در حاشیه 2,https://www.youtube.com/watch?v=GtV-Xm97YoA
یه ذره بچه چه حرفایی میزنه - سریال زیرخاکی 3,https://www.youtube.com/watch?v=RVK1OH6RJnE
سریال مستوران 1 - تیزر | Serial Mastooran 1 - Teaser,https://www.youtube.com/watch?v=2CExPT40LPo
باید برن هرجوری شده برای اژدر متادون جور کنن - سریال در حاشیه 2,https://www.youtube.com/watch?v=DGRGigc8qQo
میخوام برم سمت لایف استایلم#shorts,https://www.youtube.com/watch?v=ZHCKB8f7xyU
شب خسته و کوفته میومدم خونه میگفت من رو درک کن#shorts,https://www.youtube.com/watch?v=fz_et2vS5Gk
برین به درس و مشقتون برسین#shorts,https://www.youtube.com/watch?v=twGPA-rzuho
من چجوری میتونم یه واحد از این انفرادیا داشته باشم - سریال در حاشیه 2,https://www.youtube.com/watch?v=q8OE31TEPbc
برعکس چشماشون که تنگه ، دل گشادی دارن#shorts,https://www.youtube.com/watch?v=tlyugmy8BQ8
دفعه آخرتون باشه لایو میذارین ، بوس میفرستین#shorts,https://www.youtube.com/watch?v=7s4XDGDadpc
اصلا معلوم نیست چی میگه - سریال زیرخاکی 3,https://www.youtube.com/watch?v=7qik7xQTMP0
شمر با اون شمرگریش اینکار رو با پسرخالش نکرد#shorts,https://www.youtube.com/watch?v=CfUJQRSx2e8
به سلامتی سه کس تیم کرکس - سریال در حاشیه 2,https://www.youtube.com/watch?v=mjYl_FVuPSE
حاجی تف انداخت تو صورتم#shorts,https://www.youtube.com/watch?v=rWAJ10hbVSk
آخ جون سفارش کار گرفتیم - سریال در حاشیه 2,https://www.youtube.com/watch?v=XKOH1nX_-g8
عمر این تخم مرغ از فریبرز بیشتر بود - سریال زیرخاکی 3,https://www.youtube.com/watch?v=Bv7Kf94yYdc
جا داری ؟#shorts,https://www.youtube.com/watch?v=bvmVy8YltkU
بهتاش تو سیگار میکشی ؟#shorts,https://www.youtube.com/watch?v=vhej-jDzo1E
اینو بخورم همه چیو میگما - سریال زیرخاکی 3,https://www.youtube.com/watch?v=2BDfwCmO1js
مگه ننه بابا نداری خونه مجردی بگیری#shorts,https://www.youtube.com/watch?v=mP9zK0nMsWs
یعنی چی بچه رو ژرتلیش کنی - سریال زیرخاکی 3,https://www.youtube.com/watch?v=cPAY_9cRnBI
کجای کاری من برای انقلاب کابل خوردم - سریال زیرخاکی 3,https://www.youtube.com/watch?v=mqlRsLm6H4A
بعدازعمل انقدر زشت شده که شوهرش فرار کرده#shorts,https://www.youtube.com/watch?v=t0uAkKR2bCo
خجالت بکش ،شهناز مهناز گلناز بهناز#shorts,https://www.youtube.com/watch?v=TE7QDJL-fro
به جون مادرم ،مادرت ،خواهرم اگه سوخته باشه میکشمت#shorts,https://www.youtube.com/watch?v=Yxv4nr58Q_w
یدونه کاهو چند تا مغز داره مگه#shorts,https://www.youtube.com/watch?v=CsGsMfIddK4
تا جا داره بچه بیار - سریال زیرخاکی 3,https://www.youtube.com/watch?v=3u_orj7dPDk
نقشه فریبرز واسه نجات هم رزم هاش - سریال زیرخاکی 3,https://www.youtube.com/watch?v=aL7L1wl-ft8
مگه احسان علیخانی برنامه های مملکت رو انجام میده ؟#shorts,https://www.youtube.com/watch?v=Km8glm0a50s
این شگردشونه اول میزنن زیرش#shorts,https://www.youtube.com/watch?v=J6Opfkzukb0
از فرنگی بودن فقط توالتو یاد گرفته - سریال پایتخت 6,https://www.youtube.com/watch?v=rVCwCVMa9JY
یادته ارسطو چه بلایی سرمون آورد؟ - سریال پایتخت 6,https://www.youtube.com/watch?v=loTpyJ8xIus
برای کی حالا قیافه میگیری - سریال پایتخت 6,https://www.youtube.com/watch?v=DQEzbn-mENw
ارسطو داره مخ طاهره رو میزنه#shorts,https://www.youtube.com/watch?v=hJnErUzBtZE
من معتاد حاجی بودم - سریال پایتخت 6,https://www.youtube.com/watch?v=AlB7IG0iP9A
باز کار خطرناک انداختی گردن من - سریال پایتخت 6,https://www.youtube.com/watch?v=GnVR3xapj7o
همون اسلحه اسباب بازی من رو نجات داد#shorts,https://www.youtube.com/watch?v=27WT9BuOh58
سریال پایتخت 6 - با متوفا چه نسبتی دارید؟ | Serial Paytakht 6,https://www.youtube.com/watch?v=Si3e4BrjYKY
حاجی فندک رو میکشیدی#shorts,https://www.youtube.com/watch?v=_IIbvRB6jy8
سریال پایتخت 6 - گفت یه سیگاری بده چاق کنیم | Serial Paytakht 6,https://www.youtube.com/watch?v=f0c0D2z9O9c
دکتر بیا لگنت رو بردار از جلو در ما#shorts,https://www.youtube.com/watch?v=bRRIx5Yyps4
با پشت اسلحه زدن من رو#shorts,https://www.youtube.com/watch?v=XugW6wjnVLU
لاف زدن های نقی#shorts,https://www.youtube.com/watch?v=98efHq-fhbI
سریال نوروز رنگی - قسمت 18 | Serial Nowruze Rangi - Part 18,https://www.youtube.com/watch?v=rIiPDbmU2Jk
سریال نوروز رنگی - قسمت 20 (قسمت آخر) | Serial Nowruze Rangi - Part 20,https://www.youtube.com/watch?v=Q4zz5aFbCok
سریال نوروز رنگی - قسمت 19 | Serial Nowruze Rangi - Part 19,https://www.youtube.com/watch?v=XaoAHKiDBLw
سریال نوروز رنگی - قسمت 17 | Serial Nowruze Rangi - Part 17,https://www.youtube.com/watch?v=QFWNp32Wt_w
سریال نوروز رنگی - قسمت 16 | Serial Nowruze Rangi - Part 16,https://www.youtube.com/watch?v=-lvC4EQrzy8
سریال نوروز رنگی - قسمت 14 | Serial Nowruze Rangi - Part 14,https://www.youtube.com/watch?v=ax2_5uwL6tg
سریال نوروز رنگی - قسمت 12 | Serial Nowruze Rangi - Part 12,https://www.youtube.com/watch?v=Y8GTsH4Kdi0
سریال نوروز رنگی - قسمت 15 | Serial Nowruze Rangi - Part 15,https://www.youtube.com/watch?v=Xbg03Hnlx8Q
سریال نوروز رنگی - قسمت 13 | Serial Nowruze Rangi - Part 13,https://www.youtube.com/watch?v=GhDDBxEQVhs
سریال نوروز رنگی - قسمت 11 | Serial Nowruze Rangi - Part 11,https://www.youtube.com/watch?v=Nmry7MSYdU0
سریال نوروز رنگی - قسمت 10 | Serial Nowruze Rangi - Part 10,https://www.youtube.com/watch?v=vBipMui3PUM
سریال نوروز رنگی - قسمت 9 | Serial Nowruze Rangi - Part 9,https://www.youtube.com/watch?v=ghB3z5KpEL0
سریال نوروز رنگی - قسمت 8 | Serial Nowruze Rangi - Part 8,https://www.youtube.com/watch?v=OLdq6FUHwHg
سریال نوروز رنگی - قسمت 7 | Serial Nowruze Rangi - Part 7,https://www.youtube.com/watch?v=-eTUOT4cRVQ
سریال نوروز رنگی - قسمت 6 | Serial Nowruze Rangi - Part 6,https://www.youtube.com/watch?v=d8qFWgy_NaU
جدیدترین سریال کمدی - خود خواسته - قسمت 22 | Khod Khasteh - Part 22,https://www.youtube.com/watch?v=nM8hgqksr0o
سریال نوروز رنگی - قسمت 5 | Serial Nowruze Rangi - Part 5,https://www.youtube.com/watch?v=-CVFrZErMWI
سریال نوروز رنگی - قسمت 4 | Serial Nowruze Rangi - Part 4,https://www.youtube.com/watch?v=PtC6UarXkNU
سریال نوروز رنگی - قسمت 3 | Serial Nowruze Rangi - Part 3,https://www.youtube.com/watch?v=rBQasWCQYTM
سریال نوروز رنگی - قسمت 2 | Serial Nowruze Rangi - Part 2,https://www.youtube.com/watch?v=oqT2QXm1juE
سریال نوروز رنگی - قسمت 1 | Serial Nowruze Rangi - Part 1,https://www.youtube.com/watch?v=6fp-WfN6c4Y
چقدرم شبیه فرق سر رحمته#shorts,https://www.youtube.com/watch?v=G0a8kePM4Gs
برین خونتون ،ما میخوایم غذا بخوریم#shorts,https://www.youtube.com/watch?v=jBSyFY4wOzs
سیبیلات میرفت تو کاسه آبگوشت#shorts,https://www.youtube.com/watch?v=Xvp4LHIytu4
چرا اینجوری میکنن#shorts,https://www.youtube.com/watch?v=9ludVL_Q4n8
سریال زیرخاکی 3 - از من به تو نصیحت لباس کسیو نپوش | Serial Zir Khaki 3,https://www.youtube.com/watch?v=2irGf0hP-L4
سریال زیرخاکی 3 - من عاشق کشورمم | Serial Zir Khaki 3,https://www.youtube.com/watch?v=op3n8Srrpy4
سریال زیرخاکی 3 - قسمت 14 (قسمت آخر) | Serial Zir Khaki 3 - Part 14,https://www.youtube.com/watch?v=y-K-R6k61_U
بابا تو بیدار کن#shorts,https://www.youtube.com/watch?v=Cc4OsKhJWcI
سریال زیرخاکی 3 - قسمت 13 | Serial Zir Khaki 3 - Part 13,https://www.youtube.com/watch?v=-AbxzdXrId4
سریال زیرخاکی 3 - من فقط گفتم خیال کن | Serial Zir Khaki 3,https://www.youtube.com/watch?v=EqZTD4RdU9E
سریال زیرخاکی 3 - قسمت 12 | Serial Zir Khaki 3 - Part 12,https://www.youtube.com/watch?v=4nX1_uCN6m8
سریال زیرخاکی 3 - یعنی از من فرار میکنه؟ | Serial Zir Khaki 3,https://www.youtube.com/watch?v=sbUcGuWIQ6Y
سریال زیرخاکی 3 - قسمت 11 | Serial Zir Khaki 3 - Part 11,https://www.youtube.com/watch?v=QM8cxqFXIH8
سریال زیرخاکی 3 - اینو بیار بیرون من ذهنم آزاد شه | Serial Zir Khaki 3,https://www.youtube.com/watch?v=LypwvfpC7j4
سریال زیرخاکی 3 - قسمت 10 | Serial Zir Khaki 3 - Part 10,https://www.youtube.com/watch?v=jsQRgvPyzDA
فرت و فرت نکن بابا#shorts,https://www.youtube.com/watch?v=XDbhvY1VJdw
سریال زیرخاکی 3 - خوشحال باش منم رفتم | Serial Zir Khaki 3,https://www.youtube.com/watch?v=BtAJWJLpR2s
سریال زیرخاکی 3 - قسمت 9 | Serial Zir Khaki 3 - Part 9,https://www.youtube.com/watch?v=L46juJKaQ00
همه من رو خنده میکنن#shorts,https://www.youtube.com/watch?v=ZaNQsJaFG9E
سریال زیرخاکی 3 - این مرغ هروقت تخم میزاره ما رسوای عالم میشیم | Serial Zir Khaki 3,https://www.youtube.com/watch?v=XW1N3xgth78
سریال زیرخاکی 3 - قسمت 8 | Serial Zir Khaki 3 - Part 8,https://www.youtube.com/watch?v=6b0X2ooOAxw
سریال زیرخاکی 3 - میرم پشت پتو پس | Serial Zir Khaki 3,https://www.youtube.com/watch?v=bm5-mrLBvj0
سریال زیرخاکی 3 - قسمت 7 | Serial Zir Khaki 3 - Part 7,https://www.youtube.com/watch?v=U56VoujgNmc
همه میدونن میخوای فرار کنی#shorts,https://www.youtube.com/watch?v=8uOvpnNM6aI
سریال زیرخاکی 3 - یکی اینو از من سوا کنه | Serial Zir Khaki 3,https://www.youtube.com/watch?v=X2E423JZMa0
سریال زیرخاکی 3 - قسمت 6 | Serial Zir Khaki 3 - Part 6,https://www.youtube.com/watch?v=zHhnb3p57Lc
سریال زیرخاکی 3 - مگه برای کفتر داری غذا میریزی؟ | Serial Zir Khaki 3,https://www.youtube.com/watch?v=2CKpRy7Mjr0
سریال زیرخاکی 3 - کاوه رو گروگان گرفتن | Serial Zir Khaki 3,https://www.youtube.com/watch?v=kKAbVnBSJeA
سریال زیرخاکی 3 - قسمت 5 | Serial Zir Khaki 3 - Part 5,https://www.youtube.com/watch?v=dUp-Wf1THK0
سریال زیرخاکی 3 - من دنده سه رو نفهمیدم | Serial Zir Khaki 3,https://www.youtube.com/watch?v=3BR2glLOisc
سریال زیرخاکی 3 - پری خانوم داره تعلیم رانندگی میبینه | Serial Zir Khaki 3,https://www.youtube.com/watch?v=NQYDPlltAtI
سریال زیرخاکی 3 - قسمت 4 | Serial Zir Khaki 3 - Part 4,https://www.youtube.com/watch?v=zE_Qb7SfM80
سریال زیرخاکی 3 - تو یک هفته سه بار مارو برد کبابی | Serial Zir Khaki 3,https://www.youtube.com/watch?v=rMM8vYCkpwQ
سریال زیرخاکی 3 - گواهینامه گرفتن پری | Serial Zir Khaki 3,https://www.youtube.com/watch?v=andD2hZRGnY
سریال زیرخاکی 3 - قسمت 3 | Serial Zir Khaki 3 - Part 3,https://www.youtube.com/watch?v=S66zMm4BIDQ
سریال زیرخاکی 3 - خبر شهادت فریبرز رو آوردن | Serial Zir Khaki 3,https://www.youtube.com/watch?v=bPwo3MHNvaY
سریال زیرخاکی 3 - اسم جاریم روحی نیست، حوریه | Serial Zir Khaki 3,https://www.youtube.com/watch?v=LFvMUcOcdLU
سریال زیرخاکی 3 - قسمت 2 | Serial Zir Khaki 3 - Part 2,https://www.youtube.com/watch?v=rbauDDOQj-Y
سریال زیرخاکی 3 - فرار از اسارت در اتوبوس | Serial Zir Khaki 3,https://www.youtube.com/watch?v=eWL1aa4b4Qg
سریال زیرخاکی 3 - پلو مرغ با عشق | Serial Zir Khaki 3,https://www.youtube.com/watch?v=lqzmxMZO9qk
سریال زیرخاکی 3 - قسمت 1 | Serial Zir Khaki 3 - Part 1,https://www.youtube.com/watch?v=gjO1tJyJNzM
وزغ که نیستی با زبونت توپ رو بگیری#shorts,https://www.youtube.com/watch?v=8Rl5H273_1c
سریال زیرخاکی 2 - کودتا شده | Serial Zir Khaki 2,https://www.youtube.com/watch?v=H1zf6HCZfPA
سریال زیرخاکی 2 - هیچکی دیگه نبود باهاش شوخی کنی؟ | Serial Zir Khaki 2,https://www.youtube.com/watch?v=Y4MLhzPZ5Vk
سریال زیرخاکی 2 - من زندگیمو باختم | Serial Zir Khaki 2,https://www.youtube.com/watch?v=w3eFZV8J1Xg
سریال زیرخاکی 3 - تیزر | Serial Zir Khaki 3 - Teaser,https://www.youtube.com/watch?v=2vUgKBh3T6k
سریال پایتخت 6 - شنیدم زندان بودین | Serial Paytakht 6,https://www.youtube.com/watch?v=2CCh2iC2LbE
جدیدترین سریال کمدی - خود خواسته - قسمت 31 (قسمت آخر) | Khod Khasteh - Part 31,https://www.youtube.com/watch?v=BUtgiaG5-yo
صد بار گفتم اسم کلیه رو دیگه پیش من نیار#shorts,https://www.youtube.com/watch?v=C4bhvOfHcW4
سریال زیرخاکی 2 - قسمت 16 (قسمت آخر) | Serial Zir Khaki 2 - Part 16,https://www.youtube.com/watch?v=gRgM8KQG97M
سریال زیرخاکی 2 - عین چشمام بهت اعتماد دارم | Serial Zir Khaki 2,https://www.youtube.com/watch?v=Ki_ZnhTqsl8
سریال زیرخاکی 2 - قسمت 15 | Serial Zir Khaki 2 - Part 15,https://www.youtube.com/watch?v=jMESdUYebUw
جدیدترین سریال کمدی - خود خواسته - قسمت 30 | Khod Khasteh - Part 30,https://www.youtube.com/watch?v=TwHF3EPE7Is
سریال زیرخاکی 2 - قسمت 14 | Serial Zir Khaki 2 - Part 14,https://www.youtube.com/watch?v=4jQpQv2qrDA
سریال زیرخاکی 2 - باید طلسم براش میذاشتی | Serial Zir Khaki 2,https://www.youtube.com/watch?v=lLWx22bmq8w
سریال زیرخاکی 2 - قسمت 13 | Serial Zir Khaki 2 - Part 13,https://www.youtube.com/watch?v=FeatAoXM8H4
سریال زیرخاکی 2 - قسمت 12 | Serial Zir Khaki 2 - Part 12,https://www.youtube.com/watch?v=UDyRrf2yoOc
جدیدترین سریال کمدی - خود خواسته - قسمت 29 | Khod Khasteh - Part 29,https://www.youtube.com/watch?v=CC70XG7D_nw
سریال زیرخاکی 2 - قسمت 11 | Serial Zir Khaki 2 - Part 11,https://www.youtube.com/watch?v=g0_alBYBaDw
سریال زیرخاکی 2 - قسمت 10 | Serial Zir Khaki 2 - Part 10,https://www.youtube.com/watch?v=zs3Bq8MH5F0
سریال زیرخاکی 2 - قلک گرفتی که کاسه گداییش کنی؟ | Serial Zir Khaki 2,https://www.youtube.com/watch?v=S45wOL1csII
سریال زیرخاکی 2 - قسمت 9 | Serial Zir Khaki 2 - Part 9,https://www.youtube.com/watch?v=F7IB_wUkQMI
جدیدترین سریال کمدی - خود خواسته - قسمت 28 | Khod Khasteh - Part 28,https://www.youtube.com/watch?v=LjonZgmXdZY
چقدر من ابروی مردم رو برداشتم تا این بزرگ شه، هار شه#shorts,https://www.youtube.com/watch?v=t9yyjGkogQM
سریال زیرخاکی 2 - قسمت 8 | Serial Zir Khaki 2 - Part 8,https://www.youtube.com/watch?v=aVQh_g8fAK8
سریال زیرخاکی 2 - از امریکا تلفن نداشتیم؟ | Serial Zir Khaki 2,https://www.youtube.com/watch?v=xFiQJRWnVtQ
سریال زیرخاکی 2 - قسمت 7 | Serial Zir Khaki 2 - Part 7,https://www.youtube.com/watch?v=cFpm9uu0PHc
سریال زیرخاکی 2 - قسمت 6 | Serial Zir Khaki 2 - Part 6,https://www.youtube.com/watch?v=UZudi4hvMjs
من اصلا معدن طلا نمیخوام#shorts,https://www.youtube.com/watch?v=t-4gl4SYKz8
جدیدترین سریال کمدی - خود خواسته - قسمت 27 | Khod Khasteh - Part 27,https://www.youtube.com/watch?v=JEyPxhpkoSg
فکر کردی الکی این لنگ و لونگ رو بهم زده#shorts,https://www.youtube.com/watch?v=3e3uIiuPdJ0
سریال زیرخاکی 2 - قسمت 5 | Serial Zir Khaki 2 - Part 5,https://www.youtube.com/watch?v=fRSlLlmRDX8
سریال خود خواسته - الان مشکلش این بود چرا همشو فهمید؟ | Serial Khod Khasteh,https://www.youtube.com/watch?v=rK9cVlTE1wU
سریال زیرخاکی 2 - قسمت 4 | Serial Zir Khaki 2 - Part 4,https://www.youtube.com/watch?v=721n_osUTBw
سریال زیرخاکی 2 - قسمت 3 | Serial Zir Khaki 2 - Part 3,https://www.youtube.com/watch?v=xpntTuSQFII
اگه شهید شده بگید من طاقتشو دارم#shorts,https://www.youtube.com/watch?v=dLkmMjLeXi4
جدیدترین سریال کمدی - خود خواسته - قسمت 26 | Khod Khasteh - Part 26,https://www.youtube.com/watch?v=rTD6iDEGPKo
دوست دخترش از ماشین انداختش بیرون#shorts,https://www.youtube.com/watch?v=2tiS9MmN7eE
سریال زیرخاکی 2 - قسمت 1 | Serial Zir Khaki 2 - Part 1,https://www.youtube.com/watch?v=sYQrckP84yU
سریال زیرخاکی 2 - قسمت 2 | Serial Zir Khaki 2 - Part 2,https://www.youtube.com/watch?v=DuDQsl_Opds
سریال خود خواسته - چقدر دلار تو چمدون بوده؟ | Serial Khod Khasteh,https://www.youtube.com/watch?v=ZQE5XJ2IxbE
جدیدترین سریال کمدی - خود خواسته - قسمت 25 | Khod Khasteh - Part 25,https://www.youtube.com/watch?v=Gb1VcBH4R0g
کیه که نمیتونی جواب تلفن رو بدی؟#shorts,https://www.youtube.com/watch?v=Eot1rzC3fMw
سریال خود خواسته - باز تو رفتی تو اتاق من | Serial Khod Khasteh,https://www.youtube.com/watch?v=-Px4e7hEP48
کلم پلو شیرازی خوردیم#shorts,https://www.youtube.com/watch?v=1kfgdNP_OqI
جدیدترین سریال کمدی - خود خواسته - قسمت 24 | Khod Khasteh - Part 24,https://www.youtube.com/watch?v=a7CV-7vK9Gc
این دختره حق نداره پاشو بذاره دمِ خونه من#shorts,https://www.youtube.com/watch?v=5_r-MejM2dI
سریال خود خواسته - اگه من لو برم بد میبینی | Serial Khod Khasteh,https://www.youtube.com/watch?v=k2GUd1jtILk
اگه قبول نکرد، پول رو میکوبیم تو صورتش#shorts,https://www.youtube.com/watch?v=fuiV6g1bIPs
سریال پایتخت 6 - اون کجاش دختره؟ | Serial Paytakht 6,https://www.youtube.com/watch?v=hl-eDzy_4e0
مگه من چمه؟ من فرهنگی هستم#shorts,https://www.youtube.com/watch?v=WSjKHbwRCWI
جدیدترین سریال کمدی - خود خواسته - قسمت 23 | Khod Khasteh - Part 23,https://www.youtube.com/watch?v=KS3jltUuAzU
دختره با این سر و شکل تو آژانس کار میکنه؟#shorts,https://www.youtube.com/watch?v=guPnopdVGnI
سریال خود خواسته - اخبار زیاد میبینه تحت تاثیره | Serial Khod Khasteh,https://www.youtube.com/watch?v=qYzxOTne78w
مثلا اومدن دلداری بدن خرابکاری کردن#shorts,https://www.youtube.com/watch?v=ikLTu7XB0rA
جدیدترین سریال کمدی - خود خواسته - قسمت 7| Khod Khasteh - Part 7,https://www.youtube.com/watch?v=8d2UiAu9tJ8
تورو به عشقمون قسم چیزی بگو#shorts,https://www.youtube.com/watch?v=7vTuLFZnpCo
به من یک چک بزنن کل عشیره تو یکجا میفروشم#shorts,https://www.youtube.com/watch?v=zf_UEocGs38
سریال خود خواسته - من صلاح میدونم همین الان باید بستری بشه | Serial Khod Khasteh,https://www.youtube.com/watch?v=LOlCoO1OXtE
بچه های خوبین#shorts,https://www.youtube.com/watch?v=XhsHr9JgXa8
جدیدترین سریال کمدی - خود خواسته - قسمت 21 | Khod Khasteh - Part 21,https://www.youtube.com/watch?v=OTekVFSgjgo
مردک من داشتم از استرس خفه میشدم#shorts,https://www.youtube.com/watch?v=S1ZrJL2R1rc
Serial Khod Khasteh | سریال خود خواسته - میخواست دلاری حساب کنه من گفتم فقط ریالی,https://www.youtube.com/watch?v=02uP8OUesrc
آفرین به شماها میشه گفت رفیق#shorts,https://www.youtube.com/watch?v=Vp84RMOymsk
من زنم رو نمیبرم مسافرخونه#shorts,https://www.youtube.com/watch?v=QLZ4HleioI4
جدیدترین سریال کمدی - خود خواسته - قسمت 20| Khod Khasteh - Part 20,https://www.youtube.com/watch?v=yjF8zhm-gX0
سریال خود خواسته - اتاق فکر چیه؟ | Serial Khod Khasteh,https://www.youtube.com/watch?v=nM2UwQnuFQ8
تلویزیون رو من زدم شکوندم#shorts,https://www.youtube.com/watch?v=BuazByMo0Vk
جدیدترین سریال کمدی - خود خواسته - قسمت 19 | Khod Khasteh - Part 19,https://www.youtube.com/watch?v=adxph0Eb5QU
Serial Khod Khasteh | سریال خود خواسته - هرچی هست زیر سر این دو نفره,https://www.youtube.com/watch?v=oxUCKnY1O64
چهل سالت شده هنوز داری مسخره بازی در میاری#shorts,https://www.youtube.com/watch?v=QBzWjuPHxTk
خفتش نکنن کلیشو در بیارن#shorts,https://www.youtube.com/watch?v=UnNDZRhC6vk
جدیدترین سریال کمدی - خود خواسته - قسمت 18| Khod Khasteh - Part 18,https://www.youtube.com/watch?v=tQzya3Yr4-g
سه کیلو مواد مخدر زیر ماشین حاج نقیه#shorts,https://www.youtube.com/watch?v=rWtB_SrUGRk
Serial Khod Khasteh | سریال خود خواسته - یا خودتو کنترل میکنی یا ما کنترلت میکنیم,https://www.youtube.com/watch?v=F69TJELH5WQ
جدیدترین سریال کمدی - خود خواسته - قسمت 17| Khod Khasteh - Part 17,https://www.youtube.com/watch?v=RYWNQaOpPlQ
اگه خودکشی کردم قضیه رو عشقی جلوه ندین#shorts,https://www.youtube.com/watch?v=cUGNsM9afqs
نامزد من هستن آتی جان#shorts,https://www.youtube.com/watch?v=H4fUNlEtd0U
Serial Khod Khasteh | سریال خود خواسته - من و دکتر باهم فرقی نداریم,https://www.youtube.com/watch?v=UMIbyT02EPU
هزار بار گفتم اول بزرگتر#shorts,https://www.youtube.com/watch?v=5GREQGThlrA
پاتو بکش عقب خطر جانی نداره#shorts,https://www.youtube.com/watch?v=iE7GOoF1vjU
جدیدترین سریال کمدی - خود خواسته - قسمت 16| Khod Khasteh - Part 16,https://www.youtube.com/watch?v=SIxxvCAmw0M
Serial Khod Khasteh | سریال خود خواسته - کجایی ببینی چه نقشی بازی میکنم,https://www.youtube.com/watch?v=W5BiB7iw2F0
بدون اینکه به ما بگه زارت رفته زن گرفته#shorts,https://www.youtube.com/watch?v=D7ipZ4T2WuA
جدیدترین سریال کمدی - خود خواسته - قسمت 15| Khod Khasteh - Part 15,https://www.youtube.com/watch?v=v2H7cNsC_PU
بیا برو این کلاسای آبگوشتی رو واسه ما نذار#shorts,https://www.youtube.com/watch?v=7s13nwk2KCo
Serial Khod Khasteh | سریال خود خواسته - بیمار رو که نباید ول کنی تو حیاط,https://www.youtube.com/watch?v=RB5b4IKvQwQ
بالشت گل قرمزه رو میخوای یا گل یاسیه؟#shorts,https://www.youtube.com/watch?v=PrsZg5_a4Ak
جدیدترین سریال کمدی - خود خواسته - قسمت 14| Khod Khasteh - Part 14,https://www.youtube.com/watch?v=VHjvJ5QJk-4
محسن چاوشی چقدر میگیره عروسیمون بخونه#shorts,https://www.youtube.com/watch?v=Oi4NRcJwPTk
Serial Khod Khasteh | سریال خود خواسته - این معتاد بازی با گوشیه,https://www.youtube.com/watch?v=GCQrQOPtt2s
آبروی آقا صادق جلو همسایه ها رفت#shorts,https://www.youtube.com/watch?v=bM0X-FOzbAk
از فردا شب دو مسیر میرم#shorts,https://www.youtube.com/watch?v=KEKG-f8kU88
دارم از طناب دار نجاتت میدم نقی#shorts,https://www.youtube.com/watch?v=liSP7zg1AbQ
Serial Khod Khasteh | سریال خود خواسته - تو نباید نگران من باشی باید نگران اونا باشی,https://www.youtube.com/watch?v=4l-g-94GPTM
پشت سرم بیاین جیغ میکشم#shorts,https://www.youtube.com/watch?v=iytLNeT_7SM
جدیدترین سریال کمدی - خود خواسته - قسمت 13 | Khod Khasteh - Part 13,https://www.youtube.com/watch?v=MPDPxClLZL0
بمیرم برات که آب پاش میکشی#shorts,https://www.youtube.com/watch?v=O7dEtkuhjTQ
Serial Khod Khasteh | سریال خود خواسته - تو حرف میزنی من کهیر میزنم,https://www.youtube.com/watch?v=hWgPR-Fo5Vo
بابا جان ماشالله سومی هم نه نمیگی#shorts,https://www.youtube.com/watch?v=ZqEgXEaTWdc
جدیدترین سریال کمدی - خود خواسته - قسمت 12 | Khod Khasteh - Part 12,https://www.youtube.com/watch?v=3aawIWKHZMk
به جان مادرم جن رفته توی تو#shorts,https://www.youtube.com/watch?v=jCKWkVPZRBo
Serial Khod Khasteh | سریال خود خواسته - شیشه فرودگاه دیگه باید نشکن باشه,https://www.youtube.com/watch?v=1dEpKymYFNA
انگار سگ دنبالش کرده#shorts,https://www.youtube.com/watch?v=giWbYsHTlOo
جدیدترین سریال کمدی - خود خواسته - قسمت 4 | Khod Khasteh - Part 4,https://www.youtube.com/watch?v=r398daQVR44
این حق منه که زیبایی و جذابیتم رو به رخ تو بکشم#shorts,https://www.youtube.com/watch?v=PyQi41xCN9Q
جدیدترین سریال کمدی - خود خواسته - قسمت 11 | Khod Khasteh - Part 11,https://www.youtube.com/watch?v=9_7TTsPQ6v8
برو اینو با تدبیر و امید جمعش کن بیا#shorts,https://www.youtube.com/watch?v=60MAOLry7LM
Serial Khod Khasteh | سریال خود خواسته - اینا اجازه نمیدن حتی یه تار مو ترخیص شه,https://www.youtube.com/watch?v=CevUEkl4CbM
شاطر زرنگ جواد رو انداخت ته صف#shorts,https://www.youtube.com/watch?v=lyHohZimIS0
جدیدترین سریال کمدی - خود خواسته - قسمت 10 | Khod Khasteh - Part 10,https://www.youtube.com/watch?v=L-Z2PHh7lxU
آقا یواشکی رفته زن گرفته#shorts,https://www.youtube.com/watch?v=VXuKTDE_3SY
نقی شیشه ماشین رو دودی کرده پلیس گرفتشون#shorts,https://www.youtube.com/watch?v=FmhBtrXzKx4
Serial Khod Khasteh | سریال خود خواسته - امید تو همه چیزایی که خواستمو بهم دادی,https://www.youtube.com/watch?v=dDDdIY2dS3k
خیلی با نمکیا#shorts,https://www.youtube.com/watch?v=Fds-rkz8BBQ
جدیدترین سریال کمدی - خود خواسته - قسمت 9 | Khod Khasteh - Part 9,https://www.youtube.com/watch?v=JwVfs_tL17M
از این به بعد به مامی جدید عادت کن#shorts,https://www.youtube.com/watch?v=BdG0NtI5cGE
Serial Khod Khasteh | سریال خود خواسته - ارزششو داره من منتظر بمونم یا نه,https://www.youtube.com/watch?v=RJljCaiRjNc
جواد و دوستاش میخوان بدون نوبت نون بگیرن، دعوا میشه#shorts,https://www.youtube.com/watch?v=AslAwIUCw84
جدیدترین سریال کمدی - خود خواسته - قسمت 8 | Khod Khasteh - Part 8,https://www.youtube.com/watch?v=3jHHeIzSo8A
مشاورم گفته برای خودم کادو بگیرم#shorts,https://www.youtube.com/watch?v=k_OCcJlrCC4
دور سرت بگردم من#shorts,https://www.youtube.com/watch?v=bB38LASxvTk
Serial Khod Khasteh | سریال خود خواسته - آقا بزن دستبندو ببرش دیگه,https://www.youtube.com/watch?v=tXLSIWXQjdY
زمام امور از دستم در میره#shorts,https://www.youtube.com/watch?v=yEtNxTTPnc4
من دوست دارم موقع راه رفتن دست زنم تو دستم باشه#shorts,https://www.youtube.com/watch?v=gjU9g6dXfbY
چهره بدبخت و بی پول نقی اومد جلو چشم من#shorts,https://www.youtube.com/watch?v=w3LVRBtpC_o
Serial Khod Khasteh | سریال خود خواسته - با این وضع شما کاشت رو بیخیال شو,https://www.youtube.com/watch?v=t4wsqmDaMV4
بدیم ننه بدوزه بهتر از آقا کریمه#shorts,https://www.youtube.com/watch?v=BnHG2dTy404
جدیدترین سریال کمدی - خود خواسته - قسمت 6 | Khod Khasteh - Part 6,https://www.youtube.com/watch?v=utqyRh8qkUc
Serial Khod Khasteh | سریال خود خواسته - این قانون عوض شده,https://www.youtube.com/watch?v=l7TiqilkUFg
وخی خنک بازی در نیار#shorts,https://www.youtube.com/watch?v=vXCq2JqUqFE
جدیدترین سریال کمدی - خود خواسته - قسمت 5 | Khod Khasteh - Part 5,https://www.youtube.com/watch?v=vp7NAMSPXYY
رحمت کاسه معروفه#shorts,https://www.youtube.com/watch?v=sFtS0rA4w98
Serial Khod Khasteh | سریال خود خواسته - کافی بیار منی تو,https://www.youtube.com/watch?v=wdbCnKpOdC4
وخی دستاتونو بشورن#shorts,https://www.youtube.com/watch?v=zH_XGuKOvzU
انقدر سرکش نباش دختر#shorts,https://www.youtube.com/watch?v=95T44pP9KZk
ترس فهیمه از ملاقات رحمت و بهبود#shorts,https://www.youtube.com/watch?v=-KLCSbkVUGA
Serial Khod Khasteh | سریال خود خواسته - امید تو فقط مثال نزن,https://www.youtube.com/watch?v=UuR0w39EQsI
پنیر خالی خنگت میکنه#shorts,https://www.youtube.com/watch?v=IH52HH5Bs0g
فریده جان بریم عشقم#shorts,https://www.youtube.com/watch?v=g3d8-OBzQ3w
من تعلیمات دینی رو خیلی سال پیش پاس کردم#shorts,https://www.youtube.com/watch?v=mLEw_pT40tg
Serial Khod Khasteh | سریال خود خواسته - دارم میام جنازتو بندازم,https://www.youtube.com/watch?v=V99PWMrDRCM
اول جواد رو بزنین بعد ما#shorts,https://www.youtube.com/watch?v=stkhXB1Xggo
جدیدترین سریال کمدی - خود خواسته - قسمت 3 | Khod Khasteh - Part 3,https://www.youtube.com/watch?v=dP75eqIfoOk
تو اصلا فهمیدی صد کیلو گوشت و چربی از کجا اومده؟#shorts,https://www.youtube.com/watch?v=tPfhFbebRy8
Serial Khod Khasteh | سریال خود خواسته - به نیمکت وصل بودی؟,https://www.youtube.com/watch?v=Lf8kn2RwsYQ
جدیدترین سریال کمدی - خود خواسته - قسمت 2 | Khod Khasteh - Part 2,https://www.youtube.com/watch?v=oUsv0-Cixo0
هیچ خبری بجز کانادا و زایمان نیست؟#shorts,https://www.youtube.com/watch?v=RInx2f6r2mE
Serial Khod Khasteh | سریال خود خواسته - بهم گفتن خودت لنگه به لنگه ای,https://www.youtube.com/watch?v=v-G5drh9uHc
ممنون از شما که فکر صلاح ما هستید#shorts,https://www.youtube.com/watch?v=2Din5jmAC7Q
جدیدترین سریال کمدی - خود خواسته - قسمت 1 | Khod Khasteh - Part 1,https://www.youtube.com/watch?v=tJ1hScv5pQI
بابای من دست به اون چهار و نیم میلیارد نمیزنه#shorts,https://www.youtube.com/watch?v=ZYhcaoDLKmE
من این کلیه رو میندازم جلو سگ بخوره#shorts,https://www.youtube.com/watch?v=0xtSxHMmF-4
ناسلامتی هفت ساله تو این دبیرستانم#shorts,https://www.youtube.com/watch?v=_qOLepD-jnU
Serial Paytakht 6 | سریال پایتخت 6 - بمیرم برات که آب پاش میکشی,https://www.youtube.com/watch?v=Ku6HxrI6-Ak
Serial Paytakht 6 | سریال پایتخت 6 - بیا برو این کلاسای آبگوشتی رو واسه من نزار,https://www.youtube.com/watch?v=Yk6pWu2rBAs
Serial Nowruze Rangi | سریال نوروز رنگی - واسه من خیار میخوره,https://www.youtube.com/watch?v=e6ukTUYh6u8
Serial Noon Kh 3 | سریال نون خ 3 - آرزوهاتون رو زنده کنید,https://www.youtube.com/watch?v=B8PilYU1tFk
Serial Paytakht 6 | سریال پایتخت 6 - قبر بابامه بشینین دورش خوش باشین,https://www.youtube.com/watch?v=gVAfGdJv_Qg
Serial Noon Kh 3 | سریال نون خ 3 - من تو خواب درک درستی از اطرافم ندارم,https://www.youtube.com/watch?v=KptmMp0bgRY
Serial Noon Kh 3 | سریال نون خ 3 - من گناه پدر رو به پای دختر نمینویسم,https://www.youtube.com/watch?v=dQSLduiyg0E
Serial Paytakht 6 | سریال پایتخت 6 - شمر با اون شمرگریش با پسرخالش اینکارو نکرد,https://www.youtube.com/watch?v=AXu8maOLHzE
Serial Noon Kh 3 | سریال نون خ 3 - سبز شده یا قرمزه هنوز؟,https://www.youtube.com/watch?v=HrKvzBGJ348
هزینه زایمان در کانادا ششصد میلیون#shorts,https://www.youtube.com/watch?v=5zoTSoIc2Ss
نماینده پول پیش خونه منو میده#shorts,https://www.youtube.com/watch?v=p_JpFaPXB28
من که از خودم نگفتم دانشمندا گفتن، منم زدم#shorts,https://www.youtube.com/watch?v=CW-JeCtzBJs
Serial Paytakht 6 | سریال پایتخت 6 - چهل سانت رو من با بدبختی گذاشتم روهم,https://www.youtube.com/watch?v=B2lHoMyRLFA
زمان ثابت میکنه من همچین آدمی نیستم#shorts,https://www.youtube.com/watch?v=1-K5vzfzpP8
حاجی جان من خیلی آدم خوبیم#shorts,https://www.youtube.com/watch?v=lBrgkGPZiQU
Serial Noon Kh 3 | سریال نون خ 3 - سلطان معاملات بورس خاورمیانه اینجاست,https://www.youtube.com/watch?v=D-4S2oKBnCI
خونه بابامیم میگی خودتو تقویت کن#shorts,https://www.youtube.com/watch?v=tsqeIlVoCrs
جای اینکه ممنون دار من باشی سر من داد داد میکنی#shorts,https://www.youtube.com/watch?v=N4_vdqTcYE4
انار آب لمبو با چاشنی عشق شوهر#shorts,https://www.youtube.com/watch?v=zfq1SZ4QTXw
نماینده مجلس حقوق دیگران رو تضییع کرده#shorts,https://www.youtube.com/watch?v=BxVy7bY-eaE
Serial Noon Kh 3 | سریال نون خ 3 - مبارک باشه آقا نورالدین,https://www.youtube.com/watch?v=QC4gFOTEfEs
بردار اینو مگه آمبولانسه#shorts,https://www.youtube.com/watch?v=NGgtZedhRdQ
ایشالا صحیح و سالم از جبهه بر میگرده قسطاشو میده#shorts,https://www.youtube.com/watch?v=y0l_zchHYmU
اون یا تخم نمیذاره یا دو تا با هم میذاره#shorts,https://www.youtube.com/watch?v=uNE_0t6G0D0
زنگ بزن بگو من نمیتونم اخبار بگم#shorts,https://www.youtube.com/watch?v=-b3aFV5HN1U
یک ساعته نیم متر جارو تمیز کردی#shorts,https://www.youtube.com/watch?v=DvCJD46SRh4
Serial Noon Kh 3 | سریال نون خ 3 - شیم عالم آن یو,https://www.youtube.com/watch?v=RmLVnCteLh8
بازگشت گودزیلا شده خبر اول#shorts,https://www.youtube.com/watch?v=FZqA1TICxMA
Serial Noon Kh 3 | سریال نون خ 3 - یا ایزد منان,https://www.youtube.com/watch?v=23QVGPUPqUI
خر باید باشه زن این خروس باز بشه#shorts #پایتخت6,https://www.youtube.com/watch?v=lnd7w0w4hPg
Serial Noon Kh 3 | سریال نون خ 3 - دوست دارین بابا نداشته باشین؟,https://www.youtube.com/watch?v=OOQHb7oVjdw
Serial Nowruze Rangi | سریال نوروز رنگی - ولی عجب چکی زده,https://www.youtube.com/watch?v=3e2d53BLxD0
Serial Noon Kh 3 | سریال نون خ 3 - ده تا هیکل تو آی کیو تو کله منه,https://www.youtube.com/watch?v=b6jLDUPSPQs
Serial Noon Kh 3 | سریال نون خ 3 - عزیز من به لباس زیر دل نبند,https://www.youtube.com/watch?v=5Y9kov_WK7I
Serial Noon Kh 3 | سریال نون خ 3 - خدمتکار داریم که بچه متولد نشده شمارو تو استخر نداشتمون خفه کنه؟,https://www.youtube.com/watch?v=trYJyOglfXc
سریال زیرخاکی 1 - قسمت 19 (قسمت آخر) | Serial Zir Khaki 1 - Part 19,https://www.youtube.com/watch?v=FkIHNT-KKR0
Serial Noon Kh 3 | سریال نون خ 3 - دخترا و عمه های کوکویی بابا کاری ندارین؟,https://www.youtube.com/watch?v=wsR7nxW6DHs
سریال زیرخاکی 1 - قسمت 18 | Serial Zir Khaki 1 - Part 18,https://www.youtube.com/watch?v=U-sZfKhBzLk
سریال زیرخاکی 1 - قسمت 17 | Serial Zir Khaki 1 - Part 17,https://www.youtube.com/watch?v=oGS-o1h7vLk
وضو میگیری یا شنای کرال سینه میری؟#shorts,https://www.youtube.com/watch?v=90lej3Azm9k
Serial Noon Kh 3 | سریال نون خ 3 - این چشم ریز کردن و دست تو مو کردن یه حکمت عجیبی میکنه,https://www.youtube.com/watch?v=YkkLp8ZkJ8w
سریال زیرخاکی 1 - قسمت 16 | Serial Zir Khaki 1 - Part 16,https://www.youtube.com/watch?v=lit8t1Sn5IA
سریال زیرخاکی 1 - قسمت 15 | Serial Zir Khaki 1 - Part 15,https://www.youtube.com/watch?v=r2QNCFqJaCg
Serial Noon Kh 3 | سریال نون خ 3 - چون زنش نشدم میخواست دخل منو بیاره,https://www.youtube.com/watch?v=tpvtLTMbSnc
سریال زیرخاکی 1 - قسمت 14 | Serial Zir Khaki 1 - Part 14,https://www.youtube.com/watch?v=h46liG0VwIQ
سریال زیرخاکی 1 - قسمت 13 | Serial Zir Khaki 1 - Part 13,https://www.youtube.com/watch?v=ZRoKVe7AGlQ
Serial Noon Kh 3 | سریال نون خ 3 - الان من به جای شیطان به شما میگم چیکار کن,https://www.youtube.com/watch?v=CT0jyPlt7IU
سریال زیرخاکی 1 - قسمت 12 | Serial Zir Khaki 1 - Part 12,https://www.youtube.com/watch?v=Z8eXK2aEEsU
سریال زیرخاکی 1 - قسمت 11 | Serial Zir Khaki 1 - Part 11,https://www.youtube.com/watch?v=dzlvGjLZE28
وای یا ابالفضل #shorts,https://www.youtube.com/watch?v=qM6n-BGAfuY
Serial Noon Kh 3 | سریال نون خ 3 - انقدر کار ریخته سرمون دیگه وقت برای خاله زنک بازی نداریم,https://www.youtube.com/watch?v=QnX7IVQ6Zbc
سریال زیرخاکی 1 - قسمت 10 | Serial Zir Khaki 1 - Part 10,https://www.youtube.com/watch?v=84tXyl8I1kE
Serial Nowruze Rangi | سریال نوروز رنگی - هروقت سبیلات دراومد برات غذای بزرگونه میریزن,https://www.youtube.com/watch?v=SXlMJPJcI-I
سریال زیرخاکی 1 - قسمت 9 | Serial Zir Khaki 1 - Part 9,https://www.youtube.com/watch?v=mfGTa9EyPrA
میخوام سوسول بار نیان #shorts,https://www.youtube.com/watch?v=Sp4i8d7ZJtQ
Serial Noon Kh 3 | سریال نون خ 3 - وایسا دختر انقدر سرکش نباش,https://www.youtube.com/watch?v=bqPx4Ork1iA
سریال زیرخاکی 1 - قسمت 8 | Serial Zir Khaki 1 - Part 8,https://www.youtube.com/watch?v=w9aGgXJxd3o
سریال زیرخاکی 1 - قسمت 7 | Serial Zir Khaki 1 - Part 7,https://www.youtube.com/watch?v=fRsjhaTeIOg
سریال زیرخاکی 1 - قسمت 6 | Serial Zir Khaki 1 - Part 6,https://www.youtube.com/watch?v=tQr8tAn8WP0
Serial Noon Kh 3 | سریال نون خ 3 - من پیش اندی کارسون وقت زایمان گرفتم,https://www.youtube.com/watch?v=EkxZPdO9y3U
Serial Nowruze Rangi | سریال نوروز رنگی - یره برو لات بازی در نیار,https://www.youtube.com/watch?v=Wzaqd9jXUU8
سریال زیرخاکی 1 - قسمت 5 | Serial Zir Khaki 1 - Part 5,https://www.youtube.com/watch?v=wqx7kwWrCE4
حضرت عباسی نگفتم من و یه ندا بده؟ نه #shorts,https://www.youtube.com/watch?v=4RW4I_S52hs
مو اینو چیکارش کنم ؟#shorts,https://www.youtube.com/watch?v=mHvEwGPBHS8
سریال زیرخاکی 1 - قسمت 4 | Serial Zir Khaki 1 - Part 4,https://www.youtube.com/watch?v=DtdPy5yukvY
بوتاکس و که حتمی لازم داری ، دوتا جلم میخوای #shorts,https://www.youtube.com/watch?v=BiFTtjq1HtI
سریال زیرخاکی 1 - قسمت 3 | Serial Zir Khaki 1 - Part 3,https://www.youtube.com/watch?v=GdbuRNLHWu8
Serial Noon Kh 3 | سریال نون خ 3 - چشمات ور قلمبید,https://www.youtube.com/watch?v=UrNoNX1wxjc
Serial Nowruze Rangi | سریال نوروز رنگی - به حرف شیکمت گوش کن,https://www.youtube.com/watch?v=nTKmhLBe_f0
سریال زیرخاکی 1 - قسمت 2 | Serial Zir Khaki 1 - Part 2,https://www.youtube.com/watch?v=VlfOw6jf5Dg
Serial Nowruze Rangi | سریال نوروز رنگی - حرکات نمایشی جعفر,https://www.youtube.com/watch?v=hQEaZ8RpdIg
Serial Noon Kh 3 | سریال نون خ 3 - پیکنیکی بازا نمیگیرن,https://www.youtube.com/watch?v=h02eUt3RV1M
به من میخندید؟#shorts,https://www.youtube.com/watch?v=WKjhKFju2BQ
به حرف شیکمت گوش کن#shorts,https://www.youtube.com/watch?v=22aOP-KbASc
Serial Noon Kh 3 | سریال نون خ 3 - چلمغز اینا آجرن,https://www.youtube.com/watch?v=e4a3nQxysLw
انقدر باباتو توی هاله نور نذار#shorts,https://www.youtube.com/watch?v=ogWrqQUGN3I
Serial Noon Kh 3 | سریال نون خ 3 - سر حرفی که زدی از در دنیا میری,https://www.youtube.com/watch?v=4HgQSMWrHR8
Serial Nowruze Rangi | سریال نوروز رنگی - جعفر و شیرینی خامه ای,https://www.youtube.com/watch?v=aK50WJWUPpg
یاور همیشه مومن نقی #shorts,https://www.youtube.com/watch?v=69p4qmLwQJ0
ارسطو خط قرمز منه #shorts,https://www.youtube.com/watch?v=8b0K8rFSqAY
Serial Noon Kh 3 | سریال نون خ 3 - ویدیو کال مهم,https://www.youtube.com/watch?v=VT2HZje13SQ
Serial Noon Kh 3 | سریال نون خ 3 - صدای گراز زخمی میدی,https://www.youtube.com/watch?v=Yldv4gVkOik
تریاک داشتم #shorts,https://www.youtube.com/watch?v=bcQXNGHpggk
Serial Noon Kh 3 | سریال نون خ 3 - یه دونه چیپس قرض میدی,https://www.youtube.com/watch?v=HNp2QQn21Lw
Serial Noon Kh 3 | سریال نون خ 3 - پیشنهاد بغل رو رد نکن,https://www.youtube.com/watch?v=tpLfKAMgkdk
Serial Paytakht 6 | سریال پایتخت 6 - رحمت داره حیف و میل میشه,https://www.youtube.com/watch?v=CyK14CpthQY
بازم که شمایید #shorts,https://www.youtube.com/watch?v=VXYu1dG2yew
Serial Noon Kh 3 | سریال نون خ 3 - دختر باهوش به داییش میره,https://www.youtube.com/watch?v=Mxl6nmsv0pA
سریال زیرخاکی 1 - قسمت 1 | Serial Zir Khaki 1 - Part 1,https://www.youtube.com/watch?v=gaurLDUhawc
Serial Paytakht 6 | سریال پایتخت 6 - اسم این مردی از دهنم بیفته,https://www.youtube.com/watch?v=92oM04BCh5E
Serial Noon Kh 3 | سریال نون خ 3 - میای بیرون بخوری یا من بیام تو,https://www.youtube.com/watch?v=wKu0Jil5X6M
بزار برگرده خودم نکیر و منکر میشم#shorts,https://www.youtube.com/watch?v=jayGXr34Nmg
منم یکی از کاندیدها بودم #shorts,https://www.youtube.com/watch?v=n35YkeNt5qE
Serial Paytakht 6 | سریال پایتخت 6 - تریلی بزنه به آسفالتت,https://www.youtube.com/watch?v=6g_KMIq_lrA
Serial Noon Kh 3 | سریال نون خ 3 - فضا خصوصیه,https://www.youtube.com/watch?v=wuIGjieBhbU
نذر کرده بود مردی رو خورد کنه بده دست مردم #shorts,https://www.youtube.com/watch?v=rGLxhPDWXNU
Serial Paytakht 6 | سریال پایتخت 6 - خانوادگی توی توهمید,https://www.youtube.com/watch?v=MjejzxwtXAU
هرچی میکشم از احساسی بودنمه #shorts,https://www.youtube.com/watch?v=91_LEpV9TJ4
Serial Noon Kh 3 | سریال نون خ 3 - شما باید خودتون رو بشکافید,https://www.youtube.com/watch?v=167Cjvm9AOU
فرمودین من زبونمو کجا بزنم؟؟#shorts,https://www.youtube.com/watch?v=sq8ueBG7fCg
تو یکی حرف نزن #shorts,https://www.youtube.com/watch?v=Zh_Q9h-kJts
Serial Paytakht 6 | سریال پایتخت 6 - چرا کیسه زباله پوشیده؟,https://www.youtube.com/watch?v=PlIoZoaauBE
Serial Noon Kh 3 | سریال نون خ 3 - عقد توی بقالی,https://www.youtube.com/watch?v=m4i5uZDN5SA
Serial Paytakht 6 | سریال پایتخت 6 - نوسازی دهن فهیمه,https://www.youtube.com/watch?v=Pysjo9_Sl78
Serial Nowruze Rangi | سریال نوروز رنگی - شلوار سوسولی,https://www.youtube.com/watch?v=l2DiprQtIUk
Serial Noon Kh 3 | سریال نون خ 3 - عروسکای کوکی بابا,https://www.youtube.com/watch?v=j8NGGFLw0uw
کی دست رو آقا جان ما بلند کرده #shorts,https://www.youtube.com/watch?v=nGZRiMaqydQ
شما بیا ببین میتونی خمش کنی #shorts,https://www.youtube.com/watch?v=kteG3r_jhPs
Serial Noon Kh 3 | سریال نون خ 3 - صنایع دستی کیوان,https://www.youtube.com/watch?v=1o7Gsq-hn6I
میزنم صدا ناسوس بدیا #shorts,https://www.youtube.com/watch?v=HlKqJokoT-M
Serial Nowruze Rangi | سریال نوروز رنگی - پوده میکنی,https://www.youtube.com/watch?v=IzPEc3aVacA
Serial Noon Kh 3 | سریال نون خ 3 - دماغ دومی,https://www.youtube.com/watch?v=l15yZ7hHtYg
Serial Paytakht 6 | سریال پایتخت 6 - تا فیها خالدونشو میکشم بیرون,https://www.youtube.com/watch?v=36-oRPkSvC8
Serial Nowruze Rangi | سریال نوروز رنگی - چوچکی میکشن از ما,https://www.youtube.com/watch?v=KyOn1vlqcBU
Serial Noon Kh 3 | سریال نون خ 3 - فریبرز رو صاعقه زد,https://www.youtube.com/watch?v=o7oBtnvi_hs
Serial Paytakht 6 | سریال پایتخت 6 - من کتک خور عالمم,https://www.youtube.com/watch?v=UQARYFY-CD4
Serial Nowruze Rangi | سریال نوروز رنگی - عقلت نمیرسه,https://www.youtube.com/watch?v=o5FKH9DxJyk
Serial Nowruze Rangi | سریال نوروز رنگی - میزنم صدای ناسوس بده,https://www.youtube.com/watch?v=u8c8c_bLbdI
Serial Noon Kh 3 | سریال نون خ 3 - بخاطر تو با خیلیا کات کردم,https://www.youtube.com/watch?v=sDBfWRB1cUM
Serial Noon Kh 3 | سریال نون خ 3 - دقیق رها کردی,https://www.youtube.com/watch?v=Au6n2CU6pVU
Serial Nowruze Rangi | سریال نوروز رنگی - پسرک لات,https://www.youtube.com/watch?v=ZB53hDH88HU
Serial Paytakht 6 | سریال پایتخت 6 - منو میکشید، ول میدید,https://www.youtube.com/watch?v=q5iGuhT0MDQ
Serial Noon Kh 3 | سریال نون خ 3 - چقدر قبیح شدن,https://www.youtube.com/watch?v=h7_BRjXJaCk
Serial Nowruze Rangi | سریال نوروز رنگی - مثل عکس برگردون میزنمت,https://www.youtube.com/watch?v=MeT65rQerWA
Serial Nowruze Rangi | سریال نوروز رنگی - آواز محلی جعفر,https://www.youtube.com/watch?v=kn5zKnEqT_E
Serial Noon Kh 3 | سریال نون خ 3 - سکوی پرتاب بهادر و سیروس,https://www.youtube.com/watch?v=n_jsAK0d1Xo
Serial Noon Kh 3 | سریال نون خ 3 - جوراب بازی,https://www.youtube.com/watch?v=FhSfzs-4wno
Serial Nowruze Rangi | سریال نوروز رنگی - دردسر موی بلند,https://www.youtube.com/watch?v=-_QERuILsBU
Serial Nowruze Rangi | سریال نوروز رنگی - خنگ بازی در نیار,https://www.youtube.com/watch?v=WNCPlUjXOwM
Serial Noon Kh 3 | سریال نون خ 3 - حرف از صداقت شد، صدا قطع شد,https://www.youtube.com/watch?v=cmbEPyD7090
Serial Nowruze Rangi | سریال نوروز رنگی - خیلی با نمکید,https://www.youtube.com/watch?v=fuzhEZXdNFE
Serial Noon Kh 3 | سریال نون خ 3 - تام کروز فیک و بد لباسه,https://www.youtube.com/watch?v=g3DIkQo2-wE
Serial Noon Kh 3 | سریال نون خ 3 - رویاهای شب عروسی توی طویله,https://www.youtube.com/watch?v=oEWU79C0b84
Serial Noon Kh 3 | سریال نون خ 3 - حمله کردن به جعبه شیرینی,https://www.youtube.com/watch?v=EpO9r8sEWb0
سریال در حاشیه 1 - قسمت 24 (قسمت آخر) | Serial Dar Hashieh 1 - Part 24,https://www.youtube.com/watch?v=XAOyeDPcz48
Serial Paytakht 6 | سریال پایتخت 6 - در قابلمه، مایه ننگ,https://www.youtube.com/watch?v=hrKy-GWLNQQ
سریال در حاشیه 1 - قسمت 23 | Serial Dar Hashieh 1 - Part 23,https://www.youtube.com/watch?v=CmnG2VXa-GE
سریال در حاشیه 1 - قسمت 22 | Serial Dar Hashieh 1 - Part 22,https://www.youtube.com/watch?v=-qX7MNCMgoI
Serial Noon Kh 3 | سریال نون خ 3 - تا وقتی قلبم درگیر نشه اقدام نمیکنم,https://www.youtube.com/watch?v=xbPNmX96XRE
سریال در حاشیه 1 - قسمت 21 | Serial Dar Hashieh 1 - Part 21,https://www.youtube.com/watch?v=7a5zuX69D-A
Serial Noon Kh 3 | سریال نون خ 3 - پیدا شدن فریبرز توی زندان,https://www.youtube.com/watch?v=3qUyfOqRgdQ
سریال در حاشیه 1 - قسمت 20 | Serial Dar Hashieh 1 - Part 20,https://www.youtube.com/watch?v=G_1Eb9BWCPA
Serial Paytakht 6 | سریال پایتخت 6 - خشونت +18 نقی,https://www.youtube.com/watch?v=gmP4KE3ezLc
سریال در حاشیه 1 - قسمت 19 | Serial Dar Hashieh 1 - Part 19,https://www.youtube.com/watch?v=qKBC9sVEDKs
Serial Paytakht 6 | سریال پایتخت 6 - بازگشت نقی,https://www.youtube.com/watch?v=WuAXRv9BgzY
سریال در حاشیه 1 - قسمت 18 | Serial Dar Hashieh 1 - Part 18,https://www.youtube.com/watch?v=WSkzm8nOtT0
Serial Noon Kh 3 | سریال نون خ 3 - فرند، جاست فرند، کلوز فرند,https://www.youtube.com/watch?v=WflRp-A8yYE
سریال در حاشیه 1 - قسمت 17 | Serial Dar Hashieh 1 - Part 17,https://www.youtube.com/watch?v=srQA-YJF3mo
Serial Noon Kh 3 | سریال نون خ 3 - قاتل عاشق نمای آدم کش,https://www.youtube.com/watch?v=0OM-29y5hGY
سریال در حاشیه 1 - قسمت 15 | Serial Dar Hashieh 1 - Part 15,https://www.youtube.com/watch?v=dq0qpJ6Wu38
Serial Noon Kh 3 | سریال نون خ 3 - درد دل خنده دار نوری با خدا,https://www.youtube.com/watch?v=906g7QZAhQg
سریال در حاشیه 1 - قسمت 14 | Serial Dar Hashieh 1 - Part 14,https://www.youtube.com/watch?v=r5LUHFSuh2c
Serial Paytakht 6 | سریال پایتخت 6 - پولو انداخت تو صورتش,https://www.youtube.com/watch?v=JguR6QwpWoo
سریال در حاشیه 1 - قسمت 13 | Serial Dar Hashieh 1 - Part 13,https://www.youtube.com/watch?v=ICu5GYu8vnU
Serial Paytakht 6 | سریال پایتخت 6 - عزیزم دهنو ببند,https://www.youtube.com/watch?v=dbQPdFl4Cjo
سریال در حاشیه 1 - قسمت 12 | Serial Dar Hashieh 1 - Part 12,https://www.youtube.com/watch?v=IfWhRKp6zwg
Serial Noon Kh 3 | سریال نون خ 3 - همه رو فراری داد,https://www.youtube.com/watch?v=s6cyG2H-pPY
سریال در حاشیه 1 - قسمت 11 | Serial Dar Hashieh 1 - Part 11,https://www.youtube.com/watch?v=H_XqfFqTuGI
Serial Noon Kh 3 | سریال نون خ 3 - تو خودت دردی,https://www.youtube.com/watch?v=9zjwRnUT9sk
سریال در حاشیه 1 - قسمت 10 | Serial Dar Hashieh 1 - Part 10,https://www.youtube.com/watch?v=lTmRH-7PAMM
Serial Paytakht 6 | سریال پایتخت 6 - بهتاش یا اسکلت مرغ؟,https://www.youtube.com/watch?v=oyUOVfsqaL0
سریال در حاشیه 1 - قسمت 9 | Serial Dar Hashieh 1 - Part 9,https://www.youtube.com/watch?v=F6lcQzvnUHs
Serial Noon Kh 3 | سریال نون خ 3 - دامادهای قزمیت,https://www.youtube.com/watch?v=ieB_B81riAc
سریال در حاشیه 1 - قسمت 8 | Serial Dar Hashieh 1 - Part 8,https://www.youtube.com/watch?v=DOrVd2BAmYI
Serial Noon Kh 3 | سریال نون خ 3 - تشخیص خنده دار جنسیت بچه,https://www.youtube.com/watch?v=088BM36IqaM
سریال در حاشیه 1 - قسمت 7 | Serial Dar Hashieh 1 - Part 7,https://www.youtube.com/watch?v=PsgNnDpIsSo
Serial Paytakht 6 | سریال پایتخت 6 - لعنت به حبس,https://www.youtube.com/watch?v=wItao4OxefY
سریال در حاشیه 1 - قسمت 6 | Serial Dar Hashieh 1 - Part 6,https://www.youtube.com/watch?v=2pUw6XCCjqw
Serial Paytakht 6 | سریال پایتخت 6 - ماچ کردن حجرالاسود,https://www.youtube.com/watch?v=ePliK_CxKaY
سریال در حاشیه 1 - قسمت 5 | Serial Dar Hashieh 1 - Part 5,https://www.youtube.com/watch?v=VvugWXMBrWQ
Serial Noon Kh 3 | سریال نون خ 3 - وسط طویله دل و قلوه میدی؟,https://www.youtube.com/watch?v=Klbb0NbGItE
سریال در حاشیه 1 - قسمت 4 | Serial Dar Hashieh 1 - Part 4,https://www.youtube.com/watch?v=dTNI-DS_Mmc
سریال در حاشیه 1 - قسمت 3 | Serial Dar Hashieh 1 - Part 3,https://www.youtube.com/watch?v=vEwXAiShUhI
سریال در حاشیه 1 - قسمت 2 | Serial Dar Hashieh 1 - Part 2,https://www.youtube.com/watch?v=3J72-UJXIKY
Serial Noon Kh 3 | سریال نون خ 3 - وات د فاز؟,https://www.youtube.com/watch?v=y8PBcRt8Y-4
سریال در حاشیه 1 - قسمت 1 | Serial Dar Hashieh 1 - Part 1,https://www.youtube.com/watch?v=aty5y7crDWk
Serial Dar Hashieh 2 | سریال در حاشیه 2 - تعویض خنده دار,https://www.youtube.com/watch?v=1Uj0fTWtKFU
Serial Noon Kh 3 | سریال نون خ 3 - نه خرس حاضره بخورتش نه گراز,https://www.youtube.com/watch?v=nyFo_LlFzpY
Serial Noon Kh 3 | سریال نون خ 3 - تف به اون شرفت,https://www.youtube.com/watch?v=x5Wek9PWq9c
Serial Noon Kh 3 | سریال نون خ 3 - به جای داماد گراز پیدا کرد,https://www.youtube.com/watch?v=NAk3-mQB0ME
Serial Paytakht 6 | سریال پایتخت 6 - مثل شصت تیر حرف میزنه,https://www.youtube.com/watch?v=ds4U0JaaDLQ
Serial Noon Kh 3 | سریال نون خ 3 - گراز روش نشسته,https://www.youtube.com/watch?v=TGH9exomsIk
Serial Dar Hashieh 2 | سریال در حاشیه 2 - سکانسهای خنده دار پشت صحنه,https://www.youtube.com/watch?v=FCLIpfUQGww
Serial Noon Kh 3 | سریال نون خ 3 - به اندازه کافی رشد کرده,https://www.youtube.com/watch?v=4dA3iOK0uY4
Serial Paytakht 6 | سریال پایتخت 6 - دختر خاله فول آپشن,https://www.youtube.com/watch?v=yXJWiw6-di0
Serial Dar Hashieh 2 | سریال در حاشیه 2 - گل یا پوچ,https://www.youtube.com/watch?v=KfoXJ_dgiAg
Serial Paytakht 6 | سریال پایتخت 6 - یه تیکه بابا پنجعلی,https://www.youtube.com/watch?v=sVI0KbZ5a64
Serial Noon Kh 3 | سریال نون خ 3 - صدای حیوانات نادر از سیروس,https://www.youtube.com/watch?v=SdZGzKDczRs
Serial Paytakht 6 | سریال پایتخت 6 - هفت تیر میکشی تو خونه؟,https://www.youtube.com/watch?v=ZBySn5JgXf8
Serial Dar Hashieh 2 | سریال در حاشیه 2 - ضرب المثل فیلیپینی,https://www.youtube.com/watch?v=C8cjOkJzN1A
Serial Paytakht 6 | سریال پایتخت 6 - من خودم استند بای حاجی ام,https://www.youtube.com/watch?v=cbJn4FW7Jn4
Serial Paytakht 6 | سریال پایتخت 6 - نقی پلاس,https://www.youtube.com/watch?v=J7SJccNScRM
Serial Noon Kh 3 | سریال نون خ 3 - اندازه گیری خنده دار سایز فریبرز,https://www.youtube.com/watch?v=2C1coBpvux4
Serial Dar Hashieh 2 | سریال در حاشیه 2 - بیام کولی کوفتت کنم,https://www.youtube.com/watch?v=yxvvRgTpBrs
Serial Noon Kh 3 | سریال نون خ 3 - بابام دوتا داماد بیشعور داره,https://www.youtube.com/watch?v=H3TnQ2al4XU
Serial Noon Kh 3 | سریال نون خ 3 - بازجویی دیدنی از سلمان,https://www.youtube.com/watch?v=cVwd6_IN6Nw
Serial Paytakht 6 | سریال پایتخت 6 - ارسطو جوش آورده,https://www.youtube.com/watch?v=JVYR2q9Cx28
Serial Dar Hashieh 2 | سریال در حاشیه 2 - ماساژور توی زندان,https://www.youtube.com/watch?v=ZLnd3hFrxO0
Serial Noon Kh 3 | سریال نون خ 3 - حضور کیوان کنار پیکنیکی ممنوع,https://www.youtube.com/watch?v=l-JuHYmjY1E
Serial Paytakht 6 | سریال پایتخت 6 - بنزین زدن نقی,https://www.youtube.com/watch?v=J3JSTadD_38
Serial Noon Kh 3 | سریال نون خ 3 - افکار خصوصی کیوان,https://www.youtube.com/watch?v=yJYPuiJAtys
Serial Dar Hashieh 2 | سریال در حاشیه 2 - ماجراهای خرس مهربون توی سلول زندان,https://www.youtube.com/watch?v=T5INC7RJ7eM
Serial Paytakht 6 | سریال پایتخت 6 - سلفی گرفتن با بهنام بانی,https://www.youtube.com/watch?v=3YqKrMYpD2E
Serial Noon Kh 3 | سریال نون خ 3 - نوری معادل جومونگ,https://www.youtube.com/watch?v=-JFiWTDSUCI
Serial Dar Hashieh 2 | سریال در حاشیه 2 - سیروس یاکوزا,https://www.youtube.com/watch?v=xrQp5LABWbk
Serial Noon Kh 3 | سریال نون خ 3 - هنرنمایی های خنده دار سیروس,https://www.youtube.com/watch?v=1td8kUQfmO0
Serial Paytakht 6 | سریال پایتخت 6 - دستشویی رفتنت سریع شده,https://www.youtube.com/watch?v=UVNrrAyyCsE
Serial Noon Kh 3 | سریال نون خ 3 - قرتی بازی سر زمین,https://www.youtube.com/watch?v=zjjJLEkxV3Y
Serial Paytakht 6 | سریال پایتخت 6 - بشوره ببره پایین,https://www.youtube.com/watch?v=ZKQMP0wqV0A
Serial Dar Hashieh 2 | سریال در حاشیه 2 - دعوای خنده دار در زندان,https://www.youtube.com/watch?v=UCc7V0-QtxM
Serial Noon Kh 3 | سریال نون خ 3 - حرکات موزون شب حنابندون,https://www.youtube.com/watch?v=xUDhDuUkU08
Serial Dar Hashieh 2 | سریال در حاشیه 2 - لپو هم صدام میکنن,https://www.youtube.com/watch?v=uhz-IibUfTQ
Serial Noon Kh 3 | سریال نون خ 3 - بهترین بویی که تو عمرم دادم,https://www.youtube.com/watch?v=jFezlTFgoH8
Serial Noon Kh 3 | سریال نون خ 3 - خوشگلی و زیبایی خودمو دارم,https://www.youtube.com/watch?v=kQJrB3D64nw
Serial Nowruze Rangi | سریال نوروز رنگی - اینا چرا اینجوری میکنن؟,https://www.youtube.com/watch?v=zrudmSKqTT4
Serial Nowruze Rangi | سریال نوروز رنگی - کمبود بغل گرفته,https://www.youtube.com/watch?v=iEzdrRYAlJU
Serial Nowruze Rangi | سریال نوروز رنگی - جو گیر شدن دایی وی جی,https://www.youtube.com/watch?v=Q-YXn7GDw0g
Serial Nowruze Rangi | سریال نوروز رنگی - آقا صادق غش کرد,https://www.youtube.com/watch?v=g1iNEcNIavI
Serial Nowruze Rangi | سریال نوروز رنگی - برگشتن بی موقع آقا صادق,https://www.youtube.com/watch?v=hjcr7Zrq9BY
Serial Nowruze Rangi | سریال نوروز رنگی - شیرینی محلی گیاهی,https://www.youtube.com/watch?v=9TBvk_By_YE
Serial Nowruze Rangi | سریال نوروز رنگی - چرا انقدر زبون میستونی,https://www.youtube.com/watch?v=BQ0vKAJE93w
Serial Nowruze Rangi | سریال نوروز رنگی - اشتهای زیاد جعفر,https://www.youtube.com/watch?v=do9tRFO9f5k
Serial Nowruze Rangi | سریال نوروز رنگی - آقای هاشمی رو بردن,https://www.youtube.com/watch?v=ZPVNAIiVdes
Serial Nowruze Rangi | سریال نوروز رنگی - قاطی کردن جواد,https://www.youtube.com/watch?v=w4UTMkUp9ic
Serial Nowruze Rangi | سریال نوروز رنگی - املت هشت تخم مرغه,https://www.youtube.com/watch?v=_mMgpQewRVA
Serial Nowruze Rangi | سریال نوروز رنگی - با شیلنگ افتاد به جونشون,https://www.youtube.com/watch?v=oMuWB92SgW8
Serial Nowruze Rangi | سریال نوروز رنگی - پدر بودن گریختن؟,https://www.youtube.com/watch?v=sQh-GpjKtg0
Serial Nowruze Rangi | سریال نوروز رنگی - من همون گوسفندم,https://www.youtube.com/watch?v=jEvvGtUWr_8
Serial Nowruze Rangi | سریال نوروز رنگی - حلال زاده به داییش میره,https://www.youtube.com/watch?v=FsF0WilC780
Serial Nowruze Rangi | سریال نوروز رنگی - افعال معکوس,https://www.youtube.com/watch?v=4yYBoUjd86A
Serial Nowruze Rangi | سریال نوروز رنگی - بی خواب شدن جعفر,https://www.youtube.com/watch?v=Mii7vnoLgYU
Serial Nowruze Rangi | سریال نوروز رنگی - همه رو انداخت بیرون,https://www.youtube.com/watch?v=IoG2LITN2N8
Serial Nowruze Rangi | سریال نوروز رنگی - لو رفتن خرابکاری امین,https://www.youtube.com/watch?v=PPEG6oCyaEc
Serial Nowruze Rangi | سریال نوروز رنگی - دور کرسی شعر میگیم,https://www.youtube.com/watch?v=qDduwa7g_38
Serial Nowruze Rangi | سریال نوروز رنگی - قاطی شدن زوارها,https://www.youtube.com/watch?v=L3UyTzpo820
Serial Nowruze Rangi | سریال نوروز رنگی - مسخره کردن خانواده هاشمی,https://www.youtube.com/watch?v=_tGBSTysnus
Serial Nowruze Rangi | سریال نوروز رنگی - جواب دادن علمی,https://www.youtube.com/watch?v=UncXfhJHDCc
Serial Nowruze Rangi | سریال نوروز رنگی - پول کتک کاری,https://www.youtube.com/watch?v=lC2Zf6VHSk4
Serial Nowruze Rangi | سریال نوروز رنگی - جون به جونت کنن دزدی,https://www.youtube.com/watch?v=ZE_7JU0P2YI
Serial Nowruze Rangi | سریال نوروز رنگی - اینا مشکوک میزنن,https://www.youtube.com/watch?v=rcTvxPq5Abw
Serial Nowruze Rangi | سریال نوروز رنگی - تخمه دربست,https://www.youtube.com/watch?v=eeRA5iA9W4c
Serial Nowruze Rangi | سریال نوروز رنگی - بوسش کنم,https://www.youtube.com/watch?v=SKoMbLRII9s
Serial Nowruze Rangi | سریال نوروز رنگی - آب مغز بهشون بده,https://www.youtube.com/watch?v=D_My9PcMsvk
Serial Nowruze Rangi | سریال نوروز رنگی - پول جور رفت,https://www.youtube.com/watch?v=5R77hplTqVA
Serial Nowruze Rangi | سریال نوروز رنگی - بوی تلویزیون میداد,https://www.youtube.com/watch?v=Id5L_Fln76s
Serial Nowruze Rangi | سریال نوروز رنگی - خاک تو سر دله دزدت,https://www.youtube.com/watch?v=kz4iEbimFMU
Serial Nowruze Rangi | سریال نوروز رنگی - لعنت به تو بروسلی,https://www.youtube.com/watch?v=OsMUfSueCX8
Serial Nowruze Rangi | سریال نوروز رنگی - آدامس باد کردن مهدوی,https://www.youtube.com/watch?v=QJQUJYgBFXI
Serial Nowruze Rangi | سریال نوروز رنگی - دیشب رودل کردی,https://www.youtube.com/watch?v=Q7NKMCF2ew8
Serial Nowruze Rangi | سریال نوروز رنگی - این کپسول گازو از رو من بکنید,https://www.youtube.com/watch?v=4TNLswuSJUs
Serial Nowruze Rangi | سریال نوروز رنگی - فرار کردن از دست کمیته,https://www.youtube.com/watch?v=fX85NqdZFxA
Serial Nowruze Rangi | سریال نوروز رنگی - این فلانی کیه,https://www.youtube.com/watch?v=_jo3PlqIenc
Serial Nowruze Rangi | سریال نوروز رنگی - ادعای تیز بودن,https://www.youtube.com/watch?v=-YkldlRSzb0
Serial Nowruze Rangi | سریال نوروز رنگی - وقتی گشنه ای نظر نده,https://www.youtube.com/watch?v=D2Hav2LXHOk
Serial Nowruze Rangi | سریال نوروز رنگی - کله ات بوی پا میده,https://www.youtube.com/watch?v=9Y9_OCqU_cI
Serial Nowruze Rangi | سریال نوروز رنگی - آخ جون دزد,https://www.youtube.com/watch?v=Z9onEm1NI5w
Serial Nowruze Rangi | سریال نوروز رنگی - اگه تونستی بلندشون کن,https://www.youtube.com/watch?v=UcINeUqjM9A
Serial Nowruze Rangi | سریال نوروز رنگی - زور گفتن جعفر,https://www.youtube.com/watch?v=q9R9Ck8zkm8
Serial Nowruze Rangi | سریال نوروز رنگی - جاخالی میدی چرا,https://www.youtube.com/watch?v=xB09RLatSj4
Serial Nowruze Rangi | سریال نوروز رنگی - خط قرمز من اتاق پدر و مادره,https://www.youtube.com/watch?v=McU_9256KbA
Serial Nowruze Rangi | سریال نوروز رنگی - حرکات خنده دار کاتا,https://www.youtube.com/watch?v=BazG5r8e_kg
Serial Nowruze Rangi | سریال نوروز رنگی - رقص بامزه جعفر,https://www.youtube.com/watch?v=Ky2cHyrETdw
Serial Nowruze Rangi | سریال نوروز رنگی - کرایه دادن آتاری,https://www.youtube.com/watch?v=tlBCmNGvLBU
Serial Nowruze Rangi | سریال نوروز رنگی - گل کوچیک بازی کردن وسط خونه,https://www.youtube.com/watch?v=laXFjaxwbtk
Serial Nowruze Rangi | سریال نوروز رنگی - تقسیم خنده دار پول,https://www.youtube.com/watch?v=-wl8G843658
Serial Nowruze Rangi | سریال نوروز رنگی - بیشعور هنوز داره دیپلم میگیره,https://www.youtube.com/watch?v=a97FONMCrHY
Serial Nowruze Rangi | سریال نوروز رنگی - شیکمش راه داره به خرابه,https://www.youtube.com/watch?v=PtjVATElOck
Serial Nowruze Rangi | سریال نوروز رنگی - این پوله گوشه نداره,https://www.youtube.com/watch?v=FOyvKqEIy9U
Serial Nowruze Rangi | سریال نوروز رنگی - پیشنهاد بامزه جعفر,https://www.youtube.com/watch?v=APZpV7BvvaA
Serial Nowruze Rangi | سریال نوروز رنگی - تیکه انداختن سر سفره,https://www.youtube.com/watch?v=-ivkvseMUDw
Serial Nowruze Rangi | سریال نوروز رنگی - ظرفیت تکمیله,https://www.youtube.com/watch?v=LdksAVwsYHY
Serial Nowruze Rangi | سریال نوروز رنگی - موز همون خیاره فرقی نمیکنه,https://www.youtube.com/watch?v=UnOyWH78ejU
سریال نون خ فصل 3 - قسمت 16 (نسخه اورجینال) - (قسمت آخر) | Serial Noon Kh 3 - Part 16,https://www.youtube.com/watch?v=Uqu_Np_CJ68
Serial Nowruze Rangi | سریال نوروز رنگی - تمیزکاری همراه با آواز خنده دار,https://www.youtube.com/watch?v=x32_LLdhx04
Serial Nowruze Rangi | سریال نوروز رنگی - کتک کاری خنده دار با دمپایی,https://www.youtube.com/watch?v=9pSdtjbSfj8
Serial Nowruze Rangi | سریال نوروز رنگی - تو چرا کل کردی؟,https://www.youtube.com/watch?v=Sh-my3bLu0k
Serial Nowruze Rangi | سریال نوروز رنگی - انگشتش گیر کرده تو سوراخ,https://www.youtube.com/watch?v=6mv7nm5CVjA
سریال در حاشیه 2 - قسمت 27 (قسمت آخر) | Serial Dar Hashieh 2 - Part 27,https://www.youtube.com/watch?v=b8c0K54tETE
سریال در حاشیه 2 - قسمت 26 | Serial Dar Hashieh 2 - Part 26,https://www.youtube.com/watch?v=26N07bAEyrM
سریال در حاشیه 2 - قسمت 25 | Serial Dar Hashieh 2 - Part 25,https://www.youtube.com/watch?v=2zsAuXQ8uVU
سریال در حاشیه 2 - قسمت 24 | Serial Dar Hashieh 2 - Part 24,https://www.youtube.com/watch?v=WXiee8mFYSc
سریال در حاشیه 2 - قسمت 23 | Serial Dar Hashieh 2 - Part 23,https://www.youtube.com/watch?v=7kUTVhnGHkc
سریال در حاشیه 2 - قسمت 22 | Serial Dar Hashieh 2 - Part 22,https://www.youtube.com/watch?v=QkU6jC-o-qU
سریال در حاشیه 2 - قسمت 21 | Serial Dar Hashieh 2 - Part 21,https://www.youtube.com/watch?v=8cMWFSbIbS0
سریال در حاشیه 2 - قسمت 20 | Serial Dar Hashieh 2 - Part 20,https://www.youtube.com/watch?v=s-K0oLhtiQg
سریال در حاشیه 2 - قسمت 19 | Serial Dar Hashieh 2 - Part 19,https://www.youtube.com/watch?v=BqCG212iU9Y
سریال در حاشیه 2 - قسمت 18 | Serial Dar Hashieh 2 - Part 18,https://www.youtube.com/watch?v=ricXTj6Uung
سریال در حاشیه 2 - قسمت 17 | Serial Dar Hashieh 2 - Part 17,https://www.youtube.com/watch?v=GhY4iPs9LEM
سریال در حاشیه 2 - قسمت 16 | Serial Dar Hashieh 2 - Part 16,https://www.youtube.com/watch?v=alzzkxJ_7lI
سریال در حاشیه 2 - قسمت 15 | Serial Dar Hashieh 2 - Part 15,https://www.youtube.com/watch?v=CeZT3JpOkoU
سریال در حاشیه 2 - قسمت 14 | Serial Dar Hashieh 2 - Part 14,https://www.youtube.com/watch?v=PMIhOIY8CQI
سریال در حاشیه 2 - قسمت 13 | Serial Dar Hashieh 2 - Part 13,https://www.youtube.com/watch?v=VFLTXiERl58
سریال در حاشیه 2 - قسمت 12 | Serial Dar Hashieh 2 - Part 12,https://www.youtube.com/watch?v=4RWxj1Q4UD8
سریال در حاشیه 2 - قسمت 11 | Serial Dar Hashieh 2 - Part 11,https://www.youtube.com/watch?v=LCGp9X3g7vs
سریال در حاشیه 2 - قسمت 10 | Serial Dar Hashieh 2 - Part 10,https://www.youtube.com/watch?v=VgX4hRmXEBo
سریال در حاشیه 2 - قسمت 9 | Serial Dar Hashieh 2 - Part 9,https://www.youtube.com/watch?v=Qiwx4rYA4gE
سریال در حاشیه 2 - قسمت 8 | Serial Dar Hashieh 2 - Part 8,https://www.youtube.com/watch?v=whvb-igZa88
سریال در حاشیه 2 - قسمت 7 | Serial Dar Hashieh 2 - Part 7,https://www.youtube.com/watch?v=uYHBb6o_-zs
سریال در حاشیه 2 - قسمت 6 | Serial Dar Hashieh 2 - Part 6,https://www.youtube.com/watch?v=ftyObHCr4aI
سریال در حاشیه 2 - قسمت 1 | Serial Dar Hashieh 2 - Part 1,https://www.youtube.com/watch?v=tBl8P8nDzTo
سریال نون خ فصل 3 - قسمت 15 (نسخه اورجینال) | Serial Noon Kh 3 - Part 15,https://www.youtube.com/watch?v=-e9zviRl-xM
سریال نون خ فصل 3 - قسمت 14 (نسخه اورجینال) | Serial Noon Kh 3 - Part 14,https://www.youtube.com/watch?v=GvFLC19cdBw
سریال نون خ فصل 3 - قسمت 13 (نسخه اورجینال) | Serial Noon Kh 3 - Part 13,https://www.youtube.com/watch?v=_Y-1CiBgwcY
سریال در حاشیه 2 - قسمت 5 | Serial Dar Hashieh 2 - Part 5,https://www.youtube.com/watch?v=zqd8wDjjT0Y
سریال در حاشیه 2 - قسمت 4 | Serial Dar Hashieh 2 - Part 4,https://www.youtube.com/watch?v=7a6sX14vbo0
سریال در حاشیه 2 - قسمت 3 | Serial Dar Hashieh 2 - Part 3,https://www.youtube.com/watch?v=pIRpzFBU0o0
سریال نون خ فصل 3 - قسمت 12 (نسخه اورجینال) | Serial Noon Kh 3 - Part 12,https://www.youtube.com/watch?v=a7ih2VB-obQ
سریال نون خ فصل 3 - قسمت 11 (نسخه اورجینال) | Serial Noon Kh 3 - Part 11,https://www.youtube.com/watch?v=slRf-YN2Q7o
سریال در حاشیه 2 - قسمت 2 | Serial Dar Hashieh 2 - Part 2,https://www.youtube.com/watch?v=chFZ43Hdfzk
سریال نون خ فصل 3 - قسمت 10 (نسخه اورجینال) | Serial Noon Kh 3 - Part 10,https://www.youtube.com/watch?v=e-1nsZ32Fmg
سریال نون خ فصل 3 - قسمت 9 (نسخه اورجینال) | Serial Noon Kh 3 - Part 9,https://www.youtube.com/watch?v=xTn3-AINNTo
سریال نون خ فصل 3 - قسمت 7 (نسخه اورجینال) | Serial Noon Kh 3 - Part 7,https://www.youtube.com/watch?v=WFaDRo0uhk4
سریال نون خ فصل 3 - قسمت 8 (نسخه اورجینال) | Serial Noon Kh 3 - Part 8,https://www.youtube.com/watch?v=ge1xDBuu2Jo
سریال نون خ فصل 3 - قسمت 6 (نسخه اورجینال) | Serial Noon Kh 3 - Part 6,https://www.youtube.com/watch?v=0-ISDbzLmS0
سریال نون خ فصل 3 - قسمت 5 (نسخه اورجینال) | Serial Noon Kh 3 - Part 5,https://www.youtube.com/watch?v=ak5gEqZilwg
سریال نون خ فصل 3 - قسمت 4 (نسخه اورجینال) | Serial Noon Kh 3 - Part 4,https://www.youtube.com/watch?v=p8_NB2OU0RU
سریال نون خ فصل 3 - قسمت 3 (نسخه اورجینال) | Serial Noon Kh 3 - Part 3,https://www.youtube.com/watch?v=JHDrvfCSazU
سریال نون خ فصل 3 - قسمت 1 (نسخه اورجینال) | Serial Noon Kh 3 - Part 1,https://www.youtube.com/watch?v=PXQouuBgLBY
سریال نون خ فصل 3 - قسمت 2 (نسخه اورجینال) | Serial Noon Kh 3 - Part 2,https://www.youtube.com/watch?v=RHKGSKOVF9s
سریال نون خ - فصل سوم - قسمت 16 (قسمت آخر) | Serial Noon Kh - Season 3 - Part 16,https://www.youtube.com/watch?v=_n9W_dooLQQ
سریال نون خ - فصل سوم - قسمت 15 | Serial Noon Kh - Season 3 - Part 15,https://www.youtube.com/watch?v=aRwUQO2Oa-k
سریال نون خ - فصل سوم - قسمت 14 | Serial Noon Kh - Season 3 - Part 14,https://www.youtube.com/watch?v=zxmsUTC6GuI
سریال نون خ - فصل سوم - قسمت 13 | Serial Noon Kh - Season 3 - Part 13,https://www.youtube.com/watch?v=4Zkjg2ZQVtM
سریال نون خ - فصل سوم - قسمت 12 | Serial Noon Kh - Season 3 - Part 12,https://www.youtube.com/watch?v=GkkpY1W3OEw
سریال نون خ - فصل سوم - قسمت 11 | Serial Noon Kh - Season 3 - Part 11,https://www.youtube.com/watch?v=dgJUkkKd_tY
سریال نون خ - فصل سوم - قسمت 10 | Serial Noon Kh - Season 3 - Part 10,https://www.youtube.com/watch?v=d1a-FECPyIs
سریال نون خ - فصل سوم - قسمت 9 | Serial Noon Kh - Season 3 - Part 9,https://www.youtube.com/watch?v=Fpv8QwiJrzQ
سریال نون خ - فصل سوم - قسمت 8 | Serial Noon Kh - Season 3 - Part 8,https://www.youtube.com/watch?v=JXYpCN-Y2ak
سریال نون خ - فصل سوم - قسمت 7 | Serial Noon Kh - Season 3 - Part 7,https://www.youtube.com/watch?v=JRDvT2oJa78
سریال نون خ - فصل سوم - قسمت 6 | Serial Noon Kh - Season 3 - Part 6,https://www.youtube.com/watch?v=GZjxy-YMqG0
سریال نون خ - فصل سوم - قسمت 5 | Serial Noon Kh - Season 3 - Part 5,https://www.youtube.com/watch?v=9s-H5Wsu4o0
سریال نون خ - فصل سوم - قسمت 4 | Serial Noon Kh - Season 3 - Part 4,https://www.youtube.com/watch?v=olgiTEEWSWI
سریال نون خ - فصل سوم - قسمت 3 | Serial Noon Kh - Season 3 - Part 3,https://www.youtube.com/watch?v=a888FOUGEr4
سریال نون خ - فصل سوم - قسمت 2 | Serial Noon Kh - Season 3 - Part 2,https://www.youtube.com/watch?v=17zJslLVrP0
سریال نون خ - فصل سوم - قسمت 1 | Serial Noon Kh - Season 3 - Part 1,https://www.youtube.com/watch?v=Nw2MK0NbeEY
سریال پایتخت 6 - قسمت 17 (قسمت آخر) | Serial Paytakht 6 - Part 17,https://www.youtube.com/watch?v=JCoh_r-0Uq4
Serial Paytakht 6 - Part 16 | سریال پایتخت 6 - قسمت 16 - قسمت جدید,https://www.youtube.com/watch?v=yx4GMQT0gFY
Serial Noon Kh 3 - Teaser | سریال نون خ 3 - تیزر,https://www.youtube.com/watch?v=7LHrHklsZ0A
Serial Paytakht 6 | سریال پایتخت 6 - کنایه بهتاش به ورزشکارایی که قلیون میکشن,https://www.youtube.com/watch?v=SO15Xy11VXg
Serial Paytakht 6 | سریال پایتخت 6 - بهتاش سر تا پای ارسطو رو گل گرفت,https://www.youtube.com/watch?v=vWsdZZQWfRE
Serial Paytakht 6 | سریال پایتخت 6 - وقتی پایتخت تبدیل میشه به فیلم همسفر و ممل آمریکایی,https://www.youtube.com/watch?v=PRtWWTy37YM
Serial Paytakht 6 | سریال پایتخت 6 - نقی با پنجه بوکس و نانچیکو هم از بهبود میترسه,https://www.youtube.com/watch?v=TzcfJl1NCPw
Serial Paytakht 6 | سریال پایتخت 6 - قرار ملاقات بهتاش با دلال بزرگ فوتبال,https://www.youtube.com/watch?v=tLUz6FimtjA
Serial Paytakht 6 | سریال پایتخت 6 - فروش لیموزین نقی به علت مهاجرت,https://www.youtube.com/watch?v=Yw9qzZmga5o
Serial Paytakht 6 | سریال پایتخت 6 - حساسیت هما نسبت به دختر محمود نقاش,https://www.youtube.com/watch?v=05PQJHbw7AE
Serial Paytakht 6 | سریال پایتخت 6 - پیدا کردن آدرس ارسطو از طریق دختر محمود نقاش,https://www.youtube.com/watch?v=pXlV-CX9cRI
سریال پایتخت 6 - خلاصه قسمت 15 | Serial Paytakht 6,https://www.youtube.com/watch?v=NmTxmdH26RU
سریال پایتخت فصل 6 - قسمت 15 | Serial Paytakht - Season 6 - Part 15,https://www.youtube.com/watch?v=Wl-oDc_yrYU
Serial Paytakht 6 | سریال پایتخت 6 - دست بیقرار بهبود به صورت بهتاش هم رسید,https://www.youtube.com/watch?v=5UW6vyvu4BA
Serial Paytakht 6 | سریال پایتخت 6 - اتمام حجت بهتاش با خانواده برای رفتن دنبال لایف استایل,https://www.youtube.com/watch?v=46YUxn0stfk
Serial Paytakht 6 | سریال پایتخت 6 - قایم شدن ارسطو در خانه جدید بهتاش,https://www.youtube.com/watch?v=Vkhj45BPAvc
Serial Paytakht 6 | سریال پایتخت 6 - لو رفتن ارسطو توسط دختر محمود نقاش,https://www.youtube.com/watch?v=MB2HIQrk3IY
Serial Paytakht 6 | سریال پایتخت 6 - نقی اخراج شد و آقای مالکی تف انداخت رو صورتش,https://www.youtube.com/watch?v=iilPwHGFVaY
Serial Paytakht 6 | سریال پایتخت 6 - وقتی قبر بهبود تبدیل به میز ناهارخوری میشه,https://www.youtube.com/watch?v=5D4E6MygaLE
Serial Paytakht 6 | سریال پایتخت 6 - دعوت از نقی برای داوری مسابقات کشتی بانوان,https://www.youtube.com/watch?v=qzArLyFMvFg
سریال پایتخت 6 - خلاصه قسمت 14 | Serial Paytakht 6,https://www.youtube.com/watch?v=juwQx4pLDr8
سریال پایتخت - فصل 6 - قسمت 14 | Serial Paytakht - Season 6 - Part 14,https://www.youtube.com/watch?v=h4nHc3DSMG8
Serial Paytakht 6 | سریال پایتخت 6 - وقتی ارسطو دوباره عاشق میشود,https://www.youtube.com/watch?v=1DPqwyyaeQ0
Serial Paytakht 6 | سریال پایتخت 6 - وقتی هما مچ نقی رو درباره دختر محمود نقاش میگیره,https://www.youtube.com/watch?v=7RT_VKQEk-0
Serial Paytakht 6 | سریال پایتخت 6 - نقی خرج ماشینو به زور انداخت گردن آقای مالکی,https://www.youtube.com/watch?v=Q4SREQKle8o
Serial Paytakht 6 | سریال پایتخت 6 - سو استفاده فهیمه از برنامه احسان علیخانی,https://www.youtube.com/watch?v=pd8250UqF0s
Serial Paytakht 6 | سریال پایتخت 6 - داستان سو قصد به مالکی از زبان نقی,https://www.youtube.com/watch?v=r8CbuZ7PiZ8
Serial Paytakht 6 | سریال پایتخت 6 - تیکه انداختن ارسطو به جای مهر نقی,https://www.youtube.com/watch?v=8RvNC_SM3n0
سریال پایتخت 6 - خلاصه قسمت 13 | Serial Paytakht 6,https://www.youtube.com/watch?v=VZUHmO1xlZk
سریال پایتخت فصل 6 - قسمت 13 | Serial Paytakht - Season 6 - Part 13,https://www.youtube.com/watch?v=NJlUZnA6ql0
Serial Paytakht 6 | سریال پپایتخت 6 - دفاع نقی از آقای مالکی با استفاده از فنون رزمی,https://www.youtube.com/watch?v=rlgC_AvNX1Y
Serial Paytakht 6 | سریال پایتخت 6 - رونمایی از همسر جدید رحمت,https://www.youtube.com/watch?v=2jfTCDZwa1w
Serial Paytakht 6 | سریال پایتخت 6 - مسخره کردن دولت تدبیر و امید توسط نقی,https://www.youtube.com/watch?v=f8EhkQeV6j0
Serial Paytakht 6 | سریال پایتخت 6 - نجات دادن نقی از چوبه دار به روش ارسطو,https://www.youtube.com/watch?v=xR5qM4PmQj8
Serial Paytakht 6 | سریال پایتخت 6 - همفکری ارسطو و رحمت برای نجات نقی,https://www.youtube.com/watch?v=P6rM1b0GTIw
Serial Paytakht 6 | سریال پایتخت 6 - وقتی بهتاش میخواد با لکنت زبان اسم ارسطو رو بیاره,https://www.youtube.com/watch?v=KLaIpeObiq0
Serial Paytakht 6 | سریال پایتخت 6 - فهیمه از حرف های بهبود عذاب وجدان گرفت,https://www.youtube.com/watch?v=aJYEfjbfGK4
سریال پایتخت 6 - خلاصه قسمت 12 | Serial Paytakht 6,https://www.youtube.com/watch?v=UG0B9GHe43E
سریال پایتخت فصل 6 - قسمت 12 | Serial Paytakht - Season 6 - Part 12,https://www.youtube.com/watch?v=jubH7knagmo
Serial Paytakht 6 | سریال پایتخت 6 - ترسیدن فهیمه از دست بیقرار بهبود,https://www.youtube.com/watch?v=_A7umDuJHmk
Serial Paytakht 6 | سریال پایتخت 6 - بهتاش بعد از دیدن بهبود زبانش بند آمده,https://www.youtube.com/watch?v=eR-V9dxAcBg
Serial Paytakht 6 | سریال پایتخت 6 - دعوت احسان علیخانی از بهبود برای برنامه ماه عسل,https://www.youtube.com/watch?v=8SzFytntZVo
Serial Paytakht 6 | سریال پایتخت 6 - شوخی های نقی با آقای مالکی بالاخره کار دستش داد,https://www.youtube.com/watch?v=IcV3LX07DRE
Serial Paytakht 6 | سریال پایتخت 6 - تیکه سنگین ارسطو به وضو گرفتن نقی,https://www.youtube.com/watch?v=m_BrkfI4IPk
Serial Paytakht 6 | سریال پایتخت 6 - وقتی نقی نمیخواد جلوی راننده های دیگه کم بیاره,https://www.youtube.com/watch?v=6Pdk-eTL57A
سریال پایتخت 6 - خلاصه قسمت 11 | Serial Paytakht 6,https://www.youtube.com/watch?v=Bx56iSlOGYY
سریال پایتخت فصل 6 - قسمت 11 | Serial Paytakht - Season 6 - Part 11,https://www.youtube.com/watch?v=e8WpUuSXp8k
Serial Paytakht 6 | سریال پایتخت 6 - سکانسی که خوشبختانه  سانسور نشد,https://www.youtube.com/watch?v=WGDDuVH0pTY
Serial Paytakht 6 | سریال پایتخت 6 - سکانس احساسی روبرو شدن بهتاش و بهبود,https://www.youtube.com/watch?v=xr8kQCzOmuI
سریال پایتخت فصل 6 - قسمت 10 | Serial Paytakht - Season 6 - Part 10,https://www.youtube.com/watch?v=kGpreDPxoxI
Serial Paytakht 6 | سریال پایتخت 6 - از کنایه به تعطیلی مجلس تا گران شدن پراید و گوشت,https://www.youtube.com/watch?v=mVpNs1el5zM
Serial Paytakht 6 | سریال پایتخت 6 - عاشقانه های فهیمه از زور زیاد بهبود,https://www.youtube.com/watch?v=43K0kM5QpMU
Serial Paytakht 6 | سریال پایتخت 6 - بیماری خطرناک بهبود و عکس العمل نقی,https://www.youtube.com/watch?v=hhvpNK5QJMI
Serial Paytakht 6 | سریال پایتخت 6 - ارسطو اولین قربانی سندروم دست بی قرار بهبود شد,https://www.youtube.com/watch?v=lhAtW2MY9-Q
سریال پایتخت 6 - خلاصه قسمت 10 | Serial Paytakht 6,https://www.youtube.com/watch?v=xdXYkRirKq8
Serial Paytakht 6 | سریال پایتخت 6 - بهتاش با حرفاش نقی رو با خاک یکسان کرد,https://www.youtube.com/watch?v=QeAvO_uWyiY
Serial Paytakht 6 | سریال پایتخت 6 - صحنه هایی از حضور بهتاش در استادیوم آزادی,https://www.youtube.com/watch?v=aDU2ZCnUYlk
Serial Paytakht 6 | سریال پایتخت 6 - کنایه به بسته های معیشتی از طرف دولت,https://www.youtube.com/watch?v=0QnD71kar50
Serial Paytakht 6 | سریال پایتخت 6 - سرعت عمل رحمت برای پیدا کردن کیس ازدواج,https://www.youtube.com/watch?v=g4cEsbMHyag
Serial Paytakht 6 | سریال پایتخت 6 - دعوا انداختن فهیمه بین نقی و هما,https://www.youtube.com/watch?v=UCm3ueOlh2c
سریال پایتخت 6 - خلاصه قسمت 9 | Serial Paytakht 6,https://www.youtube.com/watch?v=sC-hGpRKNnM
سریال پایتخت فصل 6 - قسمت 9 | Serial Paytakht - Season 6 - Part 9,https://www.youtube.com/watch?v=yqY5UYPsAww
Serial Paytakht 6 | سریال پایتخت 6 - هزینه های رحمت برای نوسازی دهان فهیمه,https://www.youtube.com/watch?v=m3VOeTU9jrg
Serial Paytakht 6 | سریال پایتخت 6 - کنایه نقی به خرید و فروش قبر,https://www.youtube.com/watch?v=ZnLBzA3B70o
Serial Paytakht 6 | سریال پایتخت 6 - بازگشت بهبود از آفریقا با دوتا بچه,https://www.youtube.com/watch?v=XRlw_cc9j94
Serial Paytakht 6 | سریال پایتخت 6 - آگهی کردن قبر بهبود با قیمت زیاد,https://www.youtube.com/watch?v=w7aiph9u4M8
سریال پایتخت 6 - خلاصه قسمت 8 | Serial Paytakht 6,https://www.youtube.com/watch?v=s8_RpJSdZbk
سریال پایتخت فصل 6 - قسمت 8 | Serial Paytakht - Season 6 - Part 8,https://www.youtube.com/watch?v=7yd6Q-UnbKM
Serial Paytakht 6 | سریال پایتخت 6 - این سکانس اشک همه مردم رو درآورد,https://www.youtube.com/watch?v=xIZs29-xWjE
Serial Paytakht 6 | سریال پایتخت 6 - سکانس خنده دار دعوای جمیله با فهیمه,https://www.youtube.com/watch?v=9tEY6wfbZn0
Serial Paytakht 6 | سریال پایتخت 6 - وقتی رحمت برای فهیمه از محسن چاوشی میخواند,https://www.youtube.com/watch?v=Dqv89UaFtY4
Serial Paytakht 6 | سریال پایتخت 6 - کتک خوردن رحمت از بهروز,https://www.youtube.com/watch?v=kOMQ894eR44
Serial Paytakht 6 | سریال پایتخت 6 - هما به لباش ژل زده شبیه پیراشکی شده,https://www.youtube.com/watch?v=PjxcjHuEj0g
Serial Paytakht 6 | سریال پایتخت 6 - فهیمه هم بهبود رو دید و غش کرد,https://www.youtube.com/watch?v=cb0iRXL7K64
سریال پایتخت 6 - خلاصه قسمت 7 | Serial Paytakht 6,https://www.youtube.com/watch?v=yKTMj8Z7p5U
سریال پایتخت فصل 6 - قسمت 7 | Serial Paytakht - Season 6 - Part 7,https://www.youtube.com/watch?v=l3y0oI5JYBA
Serial Paytakht 6 | سریال پایتخت 6 - مخالفت نقی با ماهواره و کنایه به برخی نمایندگان مجلس و دولت,https://www.youtube.com/watch?v=bildUpLR_oY
Serial Paytakht 6 | سریال پایتخت 6 - بازگشت بهبود به پایتخت و اولین تماس با نقی,https://www.youtube.com/watch?v=agSZ2vPdZWQ
Serial Paytakht 6 | سریال پایتخت 6 - مراسم کارت نویسی ازدواج فهیمه و رحمت,https://www.youtube.com/watch?v=WzogdDk_Y3c
Serial Paytakht 6 | سریال پایتخت 6 - وقتی قضیه آب زمزم و اخراج شدن هما لو میره,https://www.youtube.com/watch?v=La-s0a_CqYQ
Serial Paytakht 6 | سریال پایتخت 6 - نماز خواندن نقی معمولی و انتقاد ارسطو از ریاکاری,https://www.youtube.com/watch?v=D2LLK9axaFI
Serial Paytakht 6 | سریال پایتخت 6 - مچ گیری فهیمه وقتی بهتاش دوست دختر رو تیغ میزنه,https://www.youtube.com/watch?v=RxodtBriP8A
Serial Paytakht 6 | سریال پایتخت 6 - بلاخره رحمت از فهیمه جواب بله گرفت,https://www.youtube.com/watch?v=L7PncUGZnAA
سریال پایتخت 6 - خلاصه قسمت 6 | Serial Paytakht 6,https://www.youtube.com/watch?v=l8VOKl4U64g
سریال پایتخت فصل 6 - قسمت 6 | Serial Paytakht - Season 6 - Part 6,https://www.youtube.com/watch?v=02me6nCbk5I
Serial Paytakht 6 | سریال پایتخت 6 - وقتی بهتاش برای بازی در ترکیه دعوت میشود,https://www.youtube.com/watch?v=zOeUXmACRJ0
Serial Paytakht 6 | سریال پایتخت 6 - هما سعادت در بفرمایید شام شبکه من وتو,https://www.youtube.com/watch?v=wGpuohw_TVs
Serial Paytakht 6 | سریال پایتخت 6 - پای ساسی مانکن هم به پایتخت باز شد,https://www.youtube.com/watch?v=0oYPxVSQKEM
Serial Paytakht 6 | سریال پایتخت 6 - کل کل خنده دار نقی و ارسطو درباره شیطان,https://www.youtube.com/watch?v=db8Kj5EpiK0
Serial Paytakht 6 | سریال پایتخت 6 - آب زمزم تبرکه یا آب علی آباد؟,https://www.youtube.com/watch?v=-jFzKX90n7w
Serial Paytakht 6 |  سریال پایتخت 6 - تقسیم سوغاتی مکه,https://www.youtube.com/watch?v=sSXiXH_4oHA
Serial Paytakht 6 | سریال پایتخت 6 - نقی هنوز مکه نرفته برگشت,https://www.youtube.com/watch?v=_O66fJpVlTk
Paytakht 6 | سریال پایتخت 6 - نقشه های فهیمه برای بعد از ازدواج با رحمت,https://www.youtube.com/watch?v=My_QA4lR2dg
Serial Paytakht 6 | سریال پایتخت 6 - ماجرای خالکوبیهای ارسطو,https://www.youtube.com/watch?v=tZ7_aJhU8JU
Serial Paytakht 6 | سریال پایتخت 6 - کتک خوردن رحمت از رحمان رحیم,https://www.youtube.com/watch?v=Vs1YkUin2O0
Serial Paytakht 6 | سریال پایتخت 6 - شوخی ارسطو و بهتاش با محمدرضا حیاتی,https://www.youtube.com/watch?v=1mFfYGBSPhU
Serial Paytakht 6 |  سریال پایتخت 6 - طواف کردن نقی در مکه,https://www.youtube.com/watch?v=K3eY1bIrlvQ
Serial Paytakht 6 | سریال پایتخت 6 - حمله به بهنام بانی برای گرفتن سلفی,https://www.youtube.com/watch?v=PfeWA1HE6Is
Serial Paytakht 6 | سریال پایتخت 6 - دعوای دسته جمعی خانواده نقی با جمیله,https://www.youtube.com/watch?v=UPLpl-4dfrQ
Serial Paytakht 6 | سریال پایتخت 6 - زور آزمایی نقی معمولی و بهتاش,https://www.youtube.com/watch?v=Je9UqvHkpYE
Serial Paytakht 6 | سریال پایتخت 6 - حساسیت نقی روی حاج آقا مالکی نماینده علی آباد,https://www.youtube.com/watch?v=Wf-ije9KYmk
Serial Paytakht 6 | سریال پایتخت 6 - تریاک توی جیب کت رحمت چیکار میکرده؟,https://www.youtube.com/watch?v=WSOu6dcHn3Y
Serial Paytakht 6 | سریال پایتخت 6 - وقتی تقی از زنش کتک میخوره,https://www.youtube.com/watch?v=i_MlPevlSso
Serial Paytakht 6 | سریال پایتخت 6 - فاتحه خواندن ارسطو برای پنجعلی,https://www.youtube.com/watch?v=IIPrJegkUtk
Serial Paytakht 6 | سریال پایتخت 6 - دوئل نقی و ارسطو,https://www.youtube.com/watch?v=AOc8v6M4Dyg
Serial Paytakht 6 | سریال پایتخت 6 - عاقبت دعوای بهتاش با فهیمه,https://www.youtube.com/watch?v=Z29nF8P0_9k
سریال پایتخت 6 - خلاصه قسمت 5 | Serial Paytakht 6,https://www.youtube.com/watch?v=mWUHKU_iJaY
سریال پایتخت 6 - خلاصه قسمت 4 | Serial Paytakht 6,https://www.youtube.com/watch?v=hDTeKwMaCh8
سریال پایتخت 6 - خلاصه قسمت 3 | Serial Paytakht 6,https://www.youtube.com/watch?v=dX8-cYRpe4M
سریال پایتخت 6 - خلاصه قسمت 2 | Serial Paytakht 6,https://www.youtube.com/watch?v=a1_XUTapZjE
سریال پایتخت 6 - خلاصه قسمت 1 | Serial Paytakht 6,https://www.youtube.com/watch?v=m8gJbCEKrbg
سریال پایتخت فصل 6 - قسمت 5 | Serial Paytakht - Season 6 - Part 5,https://www.youtube.com/watch?v=s1FyS7pF5ao
سریال پایتخت فصل 6 - قسمت 4 | Serial Paytakht - Season 6 - Part 4,https://www.youtube.com/watch?v=dKdN3BgCaJk
سریال پایتخت فصل 6 - قسمت 3 | Serial Paytakht - Season 6 - Part 3,https://www.youtube.com/watch?v=0OfnyhSnwQo
Serial Paytakht 6 | سریال پایتخت 6 - رقص شلوار پلنگی,https://www.youtube.com/watch?v=i80j4oHtUaI
سریال پایتخت فصل 6 - قسمت 2 | Serial Paytakht - Season 6 - Part 2,https://www.youtube.com/watch?v=zMWJu2WjsJo
سریال پایتخت فصل 6 - قسمت 1 | Serial Paytakht - Season 6 - Part 1,https://www.youtube.com/watch?v=h9TbOmx8jEc