title,url
راننده اجباری | بدون سانسور و بدون حذفیات,https://www.youtube.com/watch?v=H7tA-dgAKHQ
فیلم زیبای جنگجویان کوچولو   قدیمی بدون حذفیات,https://www.youtube.com/watch?v=IBu6vukJUtM
فیلم زیبای تنگنا   بدون سانسور   رنگی شده,https://www.youtube.com/watch?v=uMg5668SGd4
فیلم زیبای دیدنی رنگین کمان   با حضور محمدرضا فاضلی,https://www.youtube.com/watch?v=N7-K0v_5Ryo
فیلم زیبای جاهلها و ژیگولها   بدون حذفیات رنگی,https://www.youtube.com/watch?v=64B_BMYqqV8
فیلم زیبای بی سانسور جاهل و رقاصه   با هنرنمایی بهمن مفید 1,https://www.youtube.com/watch?v=fbEO2mRwA9o
فیلم زیبا و بدون سانسور جاده   کیفیت HD,https://www.youtube.com/watch?v=sdzD-8Y60uQ
فیلم زیبا و جذاب جنوب شهر   بدون حذفیات,https://www.youtube.com/watch?v=AFSHbhP1tew
شهناز تهرانی در فیلم بدون سانسور رفاقت   با هنرنمایی بهمن مفید,https://www.youtube.com/watch?v=x5tW5RhjROM
حمیده خیرآبادی در فیلم دست تقدیر   بدون حذفیات و رنگی 1,https://www.youtube.com/watch?v=fjDvzXRloU4
رضا بیک در فیلم زیبای حیدر   رنگی شده و قدیمی,https://www.youtube.com/watch?v=u9sVFmNfOfI
حمیده خیرآبادی در فیلم شادیهای زندگی ما   با هنرنمایی ناصر ملک مطیعی,https://www.youtube.com/watch?v=9Jm8q79lOGk
فیلم تونل در مورد خیانت   بدون سانسور و کیفیت بالا,https://www.youtube.com/watch?v=q0XQYjKUUvE
حمیده خیرآبادی در فیلم تولدت مبارک   بدون حذفیات و با کیفیت,https://www.youtube.com/watch?v=_1EzGDCYhSE
فیلم بدون حذفیات دشت سرخ   همبازی شدن بهروز وثوقی و ایرج قادری,https://www.youtube.com/watch?v=MhfRjcbEnWE
فیلم بدون سانسور پسران علاالدین   فیلم نوستالژی رنگی شده با کیفیت,https://www.youtube.com/watch?v=XF4qxutNAwY
فردین در فیلم بهشت دور نیست   با حضور فروزان   بدون سانسور,https://www.youtube.com/watch?v=0qoKtsCgp5Y
سعید راد در فیلم زیبای تیغ آفتاب   صحنه دار,https://www.youtube.com/watch?v=RzCpdl9auJ8
حضور ژاله علو در فیلم زیبای  واسطه ها   با هنرنمایی رضا بیک,https://www.youtube.com/watch?v=Ni6MdNdQEyE
حضور رضا بیک در فیلم بی سانسوریاور,https://www.youtube.com/watch?v=61DBHe0pLLE
حمیده خیرآبادی در فیلم بی سانسور شب عروسی   نسخه رنگی و با کیفیت,https://www.youtube.com/watch?v=rfWk1st8nxI
حضور پوری بنایی در خانم دلش موتور می خواد   بدون حذفیات   با بازی بهمن مفید,https://www.youtube.com/watch?v=BGZ3X6tCIg0
حضور بهروز وثوقی در فیلم صد کیلو داماد   نسخه بدون حذفیات,https://www.youtube.com/watch?v=kw0xYUjIrug
لیلا فروهر در فیلم زیبای همکلاس   با بازی حمیده خیرآبادی 1,https://www.youtube.com/watch?v=dCbDhTEXe9g
ایرج قادری در فیلم زیبای جان سخت   بدون حذفیات   رنگی,https://www.youtube.com/watch?v=oNWrHLrvSZM
بهروز وثوقی در فیلم زیبای خاک   با حضور فرامرز قریبیان و پروین سلیمانی,https://www.youtube.com/watch?v=vVYiUTvZMEY
جمشید مشایخی در فیلم زیبای سراب   بدون حذفیات,https://www.youtube.com/watch?v=Obseb2WrNSg
لیلا فروهر و شهناز تهرانی در فیلم میهمان   با نقش آفرینی حمیده خیرآبادی     بدون سانسور 1,https://www.youtube.com/watch?v=nycSJDwnpdU
بهروز وثوقی در فیلم گل گمشده   نسخه بدون سانسور,https://www.youtube.com/watch?v=Aspf7h_tZhI
تختخواب سه نفره ماجرای دو زن و یک مرد   بدون سانسور و رنگی 1,https://www.youtube.com/watch?v=yKIVNyW62U8
آغاسی در فیلم زیبای جعفر و گلنار   با نقش آفرینی فروزان   بی سانسور,https://www.youtube.com/watch?v=ERcxGYbQzy8
فیلم قدیمی زیبای قزل ارسلان   نسخه رنگی   با بازی عباس مصدق,https://www.youtube.com/watch?v=VhCVZgPVCtI
محمد علی فردین و شهلا در فیلم  خشم کولی   رنگی بدون سانسور 1,https://www.youtube.com/watch?v=ywCNCAn4qV0
فیلم زیبای بدون سانسور مبارزه با شیطان   با هنرنمایی رضا بیک 1,https://www.youtube.com/watch?v=pFaQiaJyc5U
فیلم صحنه دار غم ها و شادی ها    با بازی منوچهر وثوق   بدون سانسور 1,https://www.youtube.com/watch?v=VK6UU1I31aM
فیلم صحنه دار زیبای مادر فداکار   بدون حذفیات,https://www.youtube.com/watch?v=6RbT7UlLNok
فیلم عاشقانه بی سانسور زشت و زیبا   نسخه رنگی شده 1,https://www.youtube.com/watch?v=WuImWEtg19s
فیلم عاشقانه شام آخر   روایت عشق وخیانت   بدون سانسور,https://www.youtube.com/watch?v=z2OFiBVKE4g
فیلم زیبای مشهدی عباد   بدون حذفیات نسخه رنگی 1,https://www.youtube.com/watch?v=fexE497Jczc
فیلم زیبای زندگی وارونه   نسخه رنگی شده و بدون حذفیات 1,https://www.youtube.com/watch?v=XebFp8xIREw
فیلم زیبای ساحل دور نیست   بدون حذفیات 1,https://www.youtube.com/watch?v=H5nxbNu9NXI
فیلم زیبای کلید   نسخه بدون حذفیات و رنگی شده 1,https://www.youtube.com/watch?v=wqCRkltqqWY
فیلم زیبای تنهایی  باهنرنمایی منوچهر وثوق,https://www.youtube.com/watch?v=PH-KKozwmdM
فیلم زیبای بی سانسور سالار دهکده   با هنرنمایی ناصر ملک مطیعی,https://www.youtube.com/watch?v=VXunb3xZ8ew
فیلم پاشنه طلا با بازی ناصر ملک مطیعی   باکیفیت و بدون حذفیات,https://www.youtube.com/watch?v=tz8c3Eb7FpA
صفر علی | بدون حذفیات و بدون سانسور,https://www.youtube.com/watch?v=-4mdUJvUL9U
فیلم بی سامسور صحنه دار بیگانه   همبازی شدن ایرج قادری و پوری بنایی 1,https://www.youtube.com/watch?v=CnRoTqJmeSE
شهناز تهرانی و بهمن مفید در فیلم پشمالو   نسخه رنگی شده 1,https://www.youtube.com/watch?v=qaD819lIxTg
شهرام شپ پره در فیلم ماهی ها در خاک می میرند   با بازی جمشید مشایخی   نسخه رنگی 1,https://www.youtube.com/watch?v=i8OG_kRXEl4
سعید راد در فیلم بدون سانسور خشم و خون   بدون حذفیات,https://www.youtube.com/watch?v=jeQUp3QNKqA
فیلم بدون سانسور زیبای خداحافظ کوچولو   با بازی مرتضی عقیلی   رنگی 1,https://www.youtube.com/watch?v=BSBA6lectaE
فروزان در فیلم زیبای ستاره فروزان   نسخه بدون حذفیات,https://www.youtube.com/watch?v=7mP_4YEyVJM
فیلم بدون سانسور جدال در مهتاب   صحنه دار و رنگی 1,https://www.youtube.com/watch?v=f-E2vDo5UcA
فیلم بدون سانسور نان و نمک   با هنرنمایی رضا بیک   رنگی شده 1,https://www.youtube.com/watch?v=iBLqZB9ZRG0
فیلم بدون سانسورپاپوش   با نقش آفرینی رضا بیک,https://www.youtube.com/watch?v=fwi4NtsyOVA
فیلم بدون سانسورزیبای سرکش   نسخه رنگی و باکیفیت 1,https://www.youtube.com/watch?v=JXGWVhVUHKI
خواننده هنگامه و چنگیز وثوقی تا آخرین نفس   رنگی شده HD,https://www.youtube.com/watch?v=0qvQ21nFVmA
شیربها |بدون سانسور و بدون حذفیات,https://www.youtube.com/watch?v=2E2l4Kp3gyI
حمیده خیرآبادی در فیلم سه کارآگاه خصوصی   بدون سانسور و نسخه رنگی 1,https://www.youtube.com/watch?v=9F3UKFRah00
جمعه شیرین ۱۳۴۹   عاشقانه   بدون سانسور 1,https://www.youtube.com/watch?v=Ktlu5RDzsL4
جمشید مشایخی در فیلم زیبای مردان خشن   بدون سانسور   رنگی 1,https://www.youtube.com/watch?v=nxfISR23N7Q
تعطیلات داش اسمال   بدون سانسور کامل  رنگی HD 1,https://www.youtube.com/watch?v=-OtO7dUrF74
بهروز وثوقی در فیلم غریب   بدون حذفیات و رنگی شده 1,https://www.youtube.com/watch?v=W4qI83E5R-U
بهروز وثوق در فیلم زیبای سازش   باهنرنمایی نوش آفرین   بدون حذفیات 1,https://www.youtube.com/watch?v=cFj3ZA5CB_g
بهروز وثوق در فیلم بدون سانسورزنی به نام شراب   فیلمی در مورد خیانت 1,https://www.youtube.com/watch?v=JLvgnFcRzIw
ایرج قادری در فیلم مامور دو جانبه   بدون سانسور 1,https://www.youtube.com/watch?v=jqYPA375hUI
ایرج قادری در فیلم زیبای شاهرگ   بی سانسور و رنگی شده,https://www.youtube.com/watch?v=_SEjUXGcUIY
صبح روز چهارم | بدون حذفیات و با کیفیت,https://www.youtube.com/watch?v=FEe7DBifw0k
صبح خاکستر| بدون حذفیات و بدون سانسور,https://www.youtube.com/watch?v=YUle9U5re2A
صادق کرده | باکیفیت و رنگی شده,https://www.youtube.com/watch?v=lrsq7KmEUh4
منوچهر وثوق و رضا بیک در فیلم صحنه دار زیبای پررو   رنگی شده   Zibaye Por Ro,https://www.youtube.com/watch?v=owOCk1WfZTc
ناصر ملک مطیعی در فیلم زیبای به خاطر دخترم   بدون سانسور,https://www.youtube.com/watch?v=_F2zIM34FO0
نوش آفرین در فیلم بی سانسوردشمن   با حضور ناصر ملک مطیعی,https://www.youtube.com/watch?v=2Ad6soyTPd4
ناصر ملک مطیعی در فیلم بدون سانسوردو مرد خشن   نسخه رنگی شده,https://www.youtube.com/watch?v=jgZIC2rfbqE
منوچهر وثوق در هیچکی بابا نمیشه   با خوانندگی ستار و عهدیه,https://www.youtube.com/watch?v=sdxiqiD6z6A
فیلم زیبای مامور ما در کراچی   نسخه رنگی و بدون سانسور,https://www.youtube.com/watch?v=xYeXf9U86Yc
گوگوش در فیلم زیبای سه دیوانه   باکیفیت و رنگی,https://www.youtube.com/watch?v=amu-tIyPn6s
فیلم زیبای قدیمی آلونک  نسخه رنگی و بدون سانسور,https://www.youtube.com/watch?v=afIoUDSN5Iw
منوچهر وثوق در فیلم زیبای مشت مرد   بدون سانسور   قدیمی رنگی شده,https://www.youtube.com/watch?v=07XJs7TXh64
لیلا فروهر در فیلم گل خشخاش   بدون حذفیات نسخه باکیفیت,https://www.youtube.com/watch?v=kl4wERXijJA
گوگوش در فیلم فیل و فنجان   بدون سانسور,https://www.youtube.com/watch?v=g8LVBdKMcxE
کمربند زرین   قهرمان کشتی عاشق دختر صاحب باشگاه می شود   بدون سانسور,https://www.youtube.com/watch?v=nwNGSZ-m1FA
فیلم زیبای گنجینه سلیمان   با بازی جهانگیر فروهر   بدون سانسور,https://www.youtube.com/watch?v=BHfAAzz98Lw
فیلم عاشقانه بدون سانسور قصه شب یلدا   با نقش آفرینی حمیده خیرآبادی,https://www.youtube.com/watch?v=ZhOG7qm8PHM
فیلم عاشقانه کاکل زری   همبازی شدن مرجان و رضا بیک   بدون سانسور,https://www.youtube.com/watch?v=2_pRonlSC9M
فیلم زیبای پا تو کفش من نکن   بدون سانسور   قدیمی رنگی شده,https://www.youtube.com/watch?v=t6gppK4Sz2Q
فیلم زیبای پرستوها به لانه باز میگردند   جدایی پدر و پسر رنگی شده,https://www.youtube.com/watch?v=PwRbhflf3g8
فیلم جنگی زیبای گوهر شب چراغ   با بازی فروزان و منوچهر نوذری,https://www.youtube.com/watch?v=h8YPyPpw_do
فیلم بدون سانسورقصه ماهان   نسخه رنگی شده و با کیفیت,https://www.youtube.com/watch?v=oIsZyBjXD_k
فیلم اکشن ایرانی سه بمب آتشین   بدون حذفیات و رنگی شده,https://www.youtube.com/watch?v=_T9QlhHfvvA
فیلم زیبای پیشکسوت   با بازی مهدی فخیم زاده و حمیده خیرآبادی   بدون سانسور,https://www.youtube.com/watch?v=dQc3ftk6BTo
فردین در فیلم زمین تلخ   با هنرنمایی رضا بیک   رنگی,https://www.youtube.com/watch?v=p3tjAKiSFZk
فیلم زیبای جنگی میراث   با بازی پری بنایی   رنگی شده و بدون حذفیات,https://www.youtube.com/watch?v=T3OqygZrv68
فردین در فیلم ترکمن   نسخه رنگی بدون سانسور,https://www.youtube.com/watch?v=0uoNxXJOwss
فیلم بدون سانسور کی دسته گل به آب داده   با کیفیت بالا   نسخه رنگی,https://www.youtube.com/watch?v=dvag3propVU
رضا بیک در فیلم همراهان   صحنه دار  بدون سانسور,https://www.youtube.com/watch?v=vpiVK8-odLw
سعید راد در فیلم زیبای گدای اشراف زاده   با حضور علیرضا داوود نژاد  رنگی,https://www.youtube.com/watch?v=cy-IXLuKkcg
فردین در فیلم بدون سانسور زن وحشی   صحنه دار,https://www.youtube.com/watch?v=IxbmR_U8arM
سعید راد و حمیده خیرآبادی در فیلم کافر   بدون حذفیات و رنگی شده,https://www.youtube.com/watch?v=ldZ-JcUTSEQ
شهرام شب پره در فیلم بوی گندم   بدون حذفیات,https://www.youtube.com/watch?v=K71U5_TttCk
حمیده خیرآبادی در فیلم شکوفه های امید   نسخه بدون حذفیات,https://www.youtube.com/watch?v=xfi_K9OMHrU
ایرج قادری در ناخدا باخدا   صحنه دار   رنگی شدده,https://www.youtube.com/watch?v=lZ0kL-SrRVA
ایرج قادری در فیلم قدیمی بی نشان   نسخه بدون حذفیات و رنگی,https://www.youtube.com/watch?v=fYLTfAsITlQ
پروین غفاری در فیلم سکه دو رو    بدون سانسور و حذفیات,https://www.youtube.com/watch?v=KhZNg_B6Ahs
فیلم ناموسی شکار انسان   همبازی شدن مرجان و جمشید مشایخی,https://www.youtube.com/watch?v=uXA6qkcpzhM
لیلا فروهر در فیلم بدون سانسور نا مادری   صحنه دار,https://www.youtube.com/watch?v=0_A0oONRCic
مرجان در فیلم بی سانسورهرجایی   با بازی منوچهر وثوق,https://www.youtube.com/watch?v=IZ-jAPvlThc
ناصر ملک مطیعی در فیلم زیبای سد   بدون سانسور,https://www.youtube.com/watch?v=gGdNuUjt2wk
فیلم هیجانی مسیر رودخانه   با کیفیت   با حضور فردین,https://www.youtube.com/watch?v=vw4i5QgDbcE
ناصر ملک مطیعی در فیلم سرباز   بدون حذفیات   رنگی,https://www.youtube.com/watch?v=LhDI5MQVGEA
فیلم هیجانی غول بیابونی   رنگی صحنه دار,https://www.youtube.com/watch?v=PImuDLVQ8Po
فیلم هیجانی عمو فوتبالی   با نقش آفرینی ایرج قادری   باکیفیت,https://www.youtube.com/watch?v=nJsEnNTkrrg
فیلم مردها و جاده ها با بازی ناصر ملک مطیعی   بدون حذفیات,https://www.youtube.com/watch?v=__9_u9J4CWg
فیلم هیجانی مردی در آتش   نسخه باکیفیت رنگی   بدون سانسور,https://www.youtube.com/watch?v=B-FKg8xJIMk
فیلم عاشقانه ولی نعمت   با هنرنمایی بهمن مفید   بدون حذفیات,https://www.youtube.com/watch?v=-8mSxpA64h8
فیلم عاشقانه زیبا قایقرانان   بدون سانسور   با حضور پوری بنایی,https://www.youtube.com/watch?v=M4SarVcI1ws
فیلم عاشقانه عمو نوروز   با حضور پوران   بدون حذفیات,https://www.youtube.com/watch?v=jO3l5N8dNzU
فیلم عاشقانه فرار از حقیقت   همبازی شدن فروزان و ناصر ملک مطیعی,https://www.youtube.com/watch?v=wLQ-k8Gfv0w
فیلم زیبای علی بی غم   با هنرنمایی ناصر ملک مطیعی,https://www.youtube.com/watch?v=mfLjH-j9AaU
فیلم زیبای قصه شب   با هنرنمایی فردین   بدون سانسور,https://www.youtube.com/watch?v=EMSlSR4YBTg
فیلم زیبای مادر دوستت دارم   بدون سانسور   +18,https://www.youtube.com/watch?v=sgGSlqRSdxQ
فیلم صحنه دار شهر گناه     با نقش آفرینی پوری بنایی   رنگی شده,https://www.youtube.com/watch?v=WeqSEB92KwM
فیلم صحنه دار ضربت   بدون سانسور باکیفیت رنگی,https://www.youtube.com/watch?v=W558wYE9rnM
فیلم زیبای گناه من چیست   نسخه رنگی کیفیت بالا بدون حذفیات,https://www.youtube.com/watch?v=MwLroE4Zs3U
شیربها | بدون سانسور و بدون حذفیات,https://www.youtube.com/watch?v=IAAiHUtYGYE
فیلم زیبای قلاب   با هنرنمایی مرجان و رضا بیک   بدون سانسور,https://www.youtube.com/watch?v=vNmdVsAlEdo
فیلم بی سانسورپخمه   با نقش آفرینی لیلا فروهذر و شهناز,https://www.youtube.com/watch?v=o3FTJxAFVZ0
شام آخر | بدون سانسور و با کیفیت,https://www.youtube.com/watch?v=0ldeiP2EFoI
شاهراه زندگی | بدون سانسور و بدون حذفیات,https://www.youtube.com/watch?v=wjXTfHREf5g
ماجرای شب ژانویه,https://www.youtube.com/watch?v=H3InmhHoE4E
فیلم زیبای شهر آشوب   با هنرنمایی فروزان   باکیفیت بالا,https://www.youtube.com/watch?v=6xVpQZHBkfM
فیلم زیبای درام مالک دوزخ   همبازی شدن ویکتوریا و منوچهر وثوق   بدون حذفیات,https://www.youtube.com/watch?v=4OrSgiEoXzw
فیلم جنجالی فرزند گمراه   صحنه دار   با کیفیت بالا   بدون حذفیات,https://www.youtube.com/watch?v=vvLnYA3xrMU
شانس بزرگ | بدون سانسور ورنگی شده,https://www.youtube.com/watch?v=bKJJEhdcp9Q
فیلم جنجالی قاتلین هم میگریند   رنگی شده   بی سانسور,https://www.youtube.com/watch?v=mcIEjS_yW_4
فیلم جنجالی پریزاد   با هنرنمایی فروزان   بدون حذفیات,https://www.youtube.com/watch?v=XWpbXAL9tJo
فیلم بدون سانسورپنجه آهنین   صحنه دار,https://www.youtube.com/watch?v=ZTishsK3F5g
فیلم بدون سانسور عشق و خشونت   نسخه رنگی بدون حذفیات,https://www.youtube.com/watch?v=sBJNzR089dA
فیلم بدون سانسور بیگانه بیا   با هنرنمایی بهروز وثوقی   رنگی,https://www.youtube.com/watch?v=aZw7MUI14Yo
سوگلی |بدون سانسور و رنگی شده,https://www.youtube.com/watch?v=5chuhSu9sig
فیلم اکشن فاتحین صحرا   هیجانی باکیفیت بالا   نسخه رنگی,https://www.youtube.com/watch?v=rDzwELp87Rg
فیلم اکشن بدون سانسورمامور 114   با نقش آفرینی رضا بیک   نسخه رنگی,https://www.youtube.com/watch?v=MsKq2z2JzK8
فیلم  زیبای هیجانی کمین   با نقش آفرینی سعید راد   بدون سانسور,https://www.youtube.com/watch?v=OTY3mgL1RS8
سیاه بخت | بدون حذفیات و با کیفیت,https://www.youtube.com/watch?v=-Amvepz6csc
سه نفر روی خط |بدون حذفیات و با کیفیت,https://www.youtube.com/watch?v=uIy-h-Ab_Ak
ستیز| بدون سانسور و بدون حذفیات,https://www.youtube.com/watch?v=GfP11j9zggY
فیلم عاشقانه دلهره   فیلمی زیبا از ساموئل خاچیکیان   بدون سانسور HD,https://www.youtube.com/watch?v=7J8EIPo6kgE
نسخه کمیاب فیلم سرخپوستها   با حضور ناصر ملک مطیعی  رنگی اختصاصی,https://www.youtube.com/watch?v=h1gBnUfonZQ
مهدی فخیم زاده در فیلم کمدی خانواده سرکار غضنفر   نسخه بدون سانسور HD,https://www.youtube.com/watch?v=7NqXLCRRgSM
بهروز وثوقی در فیلم بی سانسور نفس بریده   نسخه رنگی شده باکیفیت,https://www.youtube.com/watch?v=bbpechsHuOc
ایرج قادری در فیلم بیدار در شهر   بدون سانسور,https://www.youtube.com/watch?v=CTi9uacALvA
شهناز تهرانی در فیلم بی سانسورغلام زنگی   کیفیت بالا,https://www.youtube.com/watch?v=VmOnzje3oVE
فیبم زیبای جیب بر خوشگله   بدون سانسور   با بازی ایرج قادری,https://www.youtube.com/watch?v=dHF_p4murM4
سه ناقلا در ژاپن | بدون سانسور و با کیفیت,https://www.youtube.com/watch?v=Ltfe9CoYnCo
فیلم زیبای گلنسا در پاریس  | بدون حذفیات نسخه رنگی,https://www.youtube.com/watch?v=0V0V7kDB414
غربتی ها  | بدون سانسور   با بازی شهناز تهرانی,https://www.youtube.com/watch?v=_mFcgPf6eao
پشت و خنجر|  فیلم درام همبازی شدن فروزان و ایرج قادری   بدون سانسور,https://www.youtube.com/watch?v=ua5DCsCHw0g
شوخی نکن دلخور میشم  |بدون سانسور  با هنرنمایی فروزان,https://www.youtube.com/watch?v=7AsX35ypxrE
خانه قمر خانم  | بدون سانسور نسخه رنگی و بدون حذفیات,https://www.youtube.com/watch?v=K5bwF_PHcrs
فیلم زیبای پرتگاه مخوف |  با هنرنمایی گوگوش   بدون سانسور,https://www.youtube.com/watch?v=Mfg6CyqXjSA
نانجیب  | فیلم درام   بدون حذفیات   با بازی پوری بنایی,https://www.youtube.com/watch?v=g8rjRnUzFXA
مرد دو چهره  | فیلم جنجالی   نسخه بدون حذفیات و با کیفیت,https://www.youtube.com/watch?v=yXvSSPGCUmk
پری خوشگله |  بدون سانسور کیفیت بالا و رنگی شده شهناز تهرانی,https://www.youtube.com/watch?v=NS2yhhe_JEw
پسر دهاتی | فیلم جذاب و زیبای بدون سانسور   با کیفیت بالا,https://www.youtube.com/watch?v=ZXSmvm9OT-4
عروس تهران | فیلم بدون سانسور با بازی شهلا ریاحی   نسخه رنگی,https://www.youtube.com/watch?v=sIWyfnDkJSc
ده سایه خطرناک  | فیلم صحنه دار  رنگی شده HD فروزان,https://www.youtube.com/watch?v=qVESlLGtfgA
گردش روزگار |  رنگی شده اختصاصی,https://www.youtube.com/watch?v=sAX4yr4IgQk
تار عنکبوت  | با حضور ویکتوریا و ایرج قادری   رنگی شده,https://www.youtube.com/watch?v=98c6vUeWSMc
فیلم قلندر|  ناصر ملک مطیعی و فروزان   رنگی شده اختصاصی HD,https://www.youtube.com/watch?v=QjwBofVvIFs
لج و لج بازی | فیلم کمدی رنگی شده اختصاصی HD   اولین فیلم ژاله کریمی,https://www.youtube.com/watch?v=4GdulD-lV-k
ستاره ای چشمک زد | بدون سانسور و رنگی شده,https://www.youtube.com/watch?v=F2XZj4_u4YM
بی حجاب | فیلم صحنه دار با بازی شهناز تهرانی   نسخه رنگی شده,https://www.youtube.com/watch?v=RD5fNsawdtE
سایه های بلند باد | بدون سانسور و بدون حذفیات,https://www.youtube.com/watch?v=l6iuDkR2fog
زمزمه محبت | فیلم عاشقانه  نسخه رنگی FHD 1,https://www.youtube.com/watch?v=qtsMo-XlaSI
ساحره |بدون سانسور و با کیفت,https://www.youtube.com/watch?v=uc9HvwMKpaU
فیلم جنجالی سوگند سکوت   با نقش آفرینی ایرج قادری   رنگی,https://www.youtube.com/watch?v=FhmrUWdS_wA
سایه سرنوشت |بدون سانسور و بدون حذفیات,https://www.youtube.com/watch?v=PLvNoGoqnns
تعصب  | با بازی فردین و حمیده خیرآبادی   نسخه رنگی و بی سانسور,https://www.youtube.com/watch?v=HxQ1GJ62XF0
توبه | فیلم بدون سانسور با بازی ایرج قادری   نسخه رنگی 1,https://www.youtube.com/watch?v=_URBOJnmjd4
فرار | فیلم اکشن نسخه رنگی و بدون حذفیات,https://www.youtube.com/watch?v=NzzIIC0Qrm0
روزنه امید | فیلم +۱۸  رنگی شده HD,https://www.youtube.com/watch?v=GzGELo_UWFg
سالومه | بدون سانسور و باکیفیت صحنه دار +18,https://www.youtube.com/watch?v=bApgPa5LiBI
از یاد رفته  | فیلم بدون سانسور نسخه رنگی شده,https://www.youtube.com/watch?v=vhEnV6E-hS4
زیر گنبد کبود | با کیفیت و رنگی شده,https://www.youtube.com/watch?v=JepIOo_ypSg
زندگی وارونه | بدون سانسور و بدون حذفیات,https://www.youtube.com/watch?v=OkDqNgeOw_U
دل خودش میخواد | فیلم کمدی بدون سانسور رنگی,https://www.youtube.com/watch?v=FkPpQDQ5skY
دزد و پاسبان | فیلم قدیمی کمدی نسخه رنگی بدون سانسور HD,https://www.youtube.com/watch?v=Q0VT309oh9Q
ستارگان میدرخشند| فیلم عاشقانه زیبای   با هنرنمایی پوران و ناصر ملک مطیعی,https://www.youtube.com/watch?v=xQbqgMdSTKQ
زنها فرشته اند | بدون سانسور و با کیفیت,https://www.youtube.com/watch?v=B5QkSkpVYP8
ضرب شست |  نسخه رنگی بدون حذفیات,https://www.youtube.com/watch?v=czJ3VNhTINc
دروغگوی کوچولو | فیلم صحنه دار  با حضور شهناز   نسخه رنگی شده,https://www.youtube.com/watch?v=kfgFuvQDrIY
زبون بسته  |فیلم عاشقانه  بدون سانسور و رنگی شده اختصاصی HD,https://www.youtube.com/watch?v=H9qpb2-dy4k
دنیا مال منه | فیلم عاشقانه  صحنه دار   رنگی شده,https://www.youtube.com/watch?v=jUSUv3S42dM
دختر همسایه | فیلم صحنه دار رنگی و بدون سانسور,https://www.youtube.com/watch?v=qTITYSiDk3o
قهرمان قهرمانان | فیلم صحنه دار با هنرنمایی فردین   بدون سانسور,https://www.youtube.com/watch?v=gaa5GykGMsE
قربون هر چی خوشگله |  با حضور مرجان و عارف   بدون سانسور,https://www.youtube.com/watch?v=fzvS3KTajfo
عروسک پشت پرده | بدون سانسور  با بازی شهلا ریاحی   نسخه رنگی شده,https://www.youtube.com/watch?v=jSu626w1wk0
زندگی شیرین است | بدون سانسور وبدون حذفیات,https://www.youtube.com/watch?v=z3rjG5UmLfU
درختان ایستاده می میرند  |بدون سانسور با بازی منوچهر وثوق   رنگی,https://www.youtube.com/watch?v=0zVCYEb4wvI
در شهر خبری نیست  | با هنرنمایی مرتضی عقیلی   رنگی شده,https://www.youtube.com/watch?v=Tg0tB2_7xp0
در جستجوی داماد | فیلم زیبای بدون سانسور نسخه بدون حذفیات و رنگی,https://www.youtube.com/watch?v=W3wb6-BFkUg
در آمریکا اتفاق افتاد |  نسخه رنگی اصلاح شده,https://www.youtube.com/watch?v=pz9D9XRIcSQ
دهکده طلایی | با بازی فردین   نسخه بدون حذفیات,https://www.youtube.com/watch?v=sRMU-WzRuQA
ترانه های روستایی  | با حضور فردین و حمیده خیرآبادی   بدون سانسور,https://www.youtube.com/watch?v=hoxqmdyNi5s
سوداگران مرگ | فیلم راز آلود نسخه رنگی بدون حذفیات,https://www.youtube.com/watch?v=DRx2sk6ErXE
دام عشق  | فیلم زیبای   بدون سانسور رنگی شده,https://www.youtube.com/watch?v=4TLZ4TUECPk
قصاص | بدون سانسور و با کیفیت,https://www.youtube.com/watch?v=Q6JjNAGMDI4
ساعت فاجعه  |فیلم جنجالی   با بازی ژاله علو   بدون سانسور,https://www.youtube.com/watch?v=VooW34OVbpM
داغ ننگ | فیلم جنجالی با حضور ایرج قادری   بدون سانسور,https://www.youtube.com/watch?v=drL5PKUSQi4
ظفر| فیلم حادثه ای  با بازی فروزان و رضا بیک   بدون سانسور,https://www.youtube.com/watch?v=0rXSdv68dHQ
تلافی | فیلم حادثه ای با هنرنمایی پوری بنایی   رنگی شده,https://www.youtube.com/watch?v=d8noWVwJ3gI
تکیه بر باد| فیلم جنجالی  با بازی مرجان   نسخه رنگی,https://www.youtube.com/watch?v=nfFpPNhjXvA
دنیای آبی  | فیلم بدون سانسور با هنرنمایی بهروز وثوق و پوری بنایی,https://www.youtube.com/watch?v=dX6qkPNeSyY
شیر خفته  | فیلم تاریخی   با حضور عزت الله انتظامی   بدون حذفیات و رنگی,https://www.youtube.com/watch?v=4CqfNGGtOx0
قسم | بدون سانسور و بدون حذفیات,https://www.youtube.com/watch?v=WxCaUEAFkgk
قدیر | بدون حذفیات و با کیفیت,https://www.youtube.com/watch?v=daGLPBDkOik
قسمت | بدون سانسور و رنگی شده,https://www.youtube.com/watch?v=DdDiCBtvonI
زن دشمن خطرناکیست | بدون سانسور و بدون حذفیات,https://www.youtube.com/watch?v=0rnXruCVDy0
خانه کنار دریا  | صحنه دار بدون سانسور,https://www.youtube.com/watch?v=BsUzmgDZjG4
دزد سیاهپوش | فیلم بدون سانسور با هنرنمایی بهروز وثوق و پوری بنایی,https://www.youtube.com/watch?v=lwwci3U9VFg
صخره سیاه | فیلم اکشن  رنگی شده HD,https://www.youtube.com/watch?v=bh3SThNo-z0
فیلم جدید زندگی به چه قیمتی,https://www.youtube.com/watch?v=XYkQfAFkU4g
قاصدک  | فیلم بدون سانسور با حضور نوش آفرین و سعید راد,https://www.youtube.com/watch?v=DiSdAa8MCO4
طلای سفید |  نسخه رنگی بدون سانسور- فردین ،پوری بنایی,https://www.youtube.com/watch?v=gRv97yDg3Yo
شارلاتان | فیلم بدون سانسور با بازی رضا بیک و شهلا ریاحی,https://www.youtube.com/watch?v=3pNCBmJcrB8
زخم خنجر رفیق |بدون سانسور و بدون حذفیات,https://www.youtube.com/watch?v=_vzKvsf9vo4
زن خون آشام |بدون سانسور و با کیفیت,https://www.youtube.com/watch?v=-1CjLgVb6Hs
دنیای پر امید|  فیلم معمایی با بازی فردین,https://www.youtube.com/watch?v=XJqWVIHmkvI
شهر هرت |  نسخه رنگی بدون سانسور,https://www.youtube.com/watch?v=xyphyvcSnSc
خشم عقابها | فیلم معمایی با حضور ایرج قادری   رنگی,https://www.youtube.com/watch?v=x-tE95WKFv0
رنگین کمان | بدون سانسور و بدون حذفیات,https://www.youtube.com/watch?v=6So5X_Twk1g
دختر نگو بلا بگو|  فیلم بدون سانسور صحنه دار   رنگی,https://www.youtube.com/watch?v=YCPuUD2RWbI
دزد شهر  | با بازی پوری بنایی   رنگی و بدون سانسور,https://www.youtube.com/watch?v=ricRR8_6dcc
شب غریبان  |با هنرنمایی گوگوش و شهرام شب پره   بدون حذفیات نسخه رنگی,https://www.youtube.com/watch?v=-wo1vtBicFE
جوانمرد  |فیلم صحنه دار  با هنرنمایی فردین   رنگی شده,https://www.youtube.com/watch?v=B-XFugAaGVk
تنها حامی | فیلم صحنه دار بدون حذفیات و نسخه رنگی,https://www.youtube.com/watch?v=3F5PTXvoC5A
افسونگر | فیلم عاشقانه - نسخه رنگی FHD  -  با هنر نمایی ناصر ملک مطیعی و دلکش,https://www.youtube.com/watch?v=Qd76-odGoos
انسان پرنده  | فیلم عاشقانه صحنه دار نسخه رنگی بدون حذفیات,https://www.youtube.com/watch?v=OAiyHbRAg8g
چشمه آب حیات | فیلم قدیمی بدون سانسور با بازی فردین   رنگی,https://www.youtube.com/watch?v=3Dc4pviB4D4
بلبل مزرعه | فیلم زیبای عاشقانه نسخه رنگی و بدون سانسور,https://www.youtube.com/watch?v=cEOcybn1z54
شب قوزی  | فیلم حادثه ای و معمایی با بازی محمد علی کشاورز,https://www.youtube.com/watch?v=hfGHWmyNDY0
غلام ژاندارم | فیلم بدون سانسور حادثه ای  با حضور ایرج قادری,https://www.youtube.com/watch?v=RQ0uFNSp7og
رفاقت | بدون سانسور و بدون حذفیات,https://www.youtube.com/watch?v=Nd7spyTa4ts
سکوت بزرگ | بدون سانسور و بدون حذفیات,https://www.youtube.com/watch?v=Qi8wioIjz_I
عروس استانبول | فیلم قبل از انقلاب بی سانسور با بازی ناصر ملک مطیعی   رنگی,https://www.youtube.com/watch?v=khOAYhb_I7c
بارگاه شیطان  | فیلم قدیمی بی سانسور رنگی شده,https://www.youtube.com/watch?v=2UxYZrqZJvM
میرم بابا بخرم | فیلم صحنه دار با بازی رضا بیک   بی سانسور,https://www.youtube.com/watch?v=PkkEefvDDEg
عشق کولی | فیلم عاشقانه بی سانسور  رنگی شده و صحنه دار,https://www.youtube.com/watch?v=n1bS44QfDr0
جوانان امروزی | فیلم قبل انقلاب صحنه دار  بدون سانسور,https://www.youtube.com/watch?v=l3S4d2azhSc
شاطر عباس  |فیلم صحنه دار  بدون سانسور   با بازی لیلا فروهر,https://www.youtube.com/watch?v=Y3Ff-FzlvPk
یعقوب لیث صفاری |  رنگی شده   صحنه دار,https://www.youtube.com/watch?v=gArN7CpKToI
سینه چاک  | فیلم صحنه دار با حضور ایرج قادری,https://www.youtube.com/watch?v=pUdoygZY6ek
حسرت | فیلم صحنه دار رنگی شده   بدون سانسور,https://www.youtube.com/watch?v=QlByFUzERzQ
چهار تا شیطون |  فیلم صحنه دار با بازی حمیده خیرآبادی   بدون سانسور,https://www.youtube.com/watch?v=vT8dcSRKpOQ
بدنام | فیلم صحنه دار با حضور منوچهر وثوق   بدون سانسور,https://www.youtube.com/watch?v=TndkO6z_Zp0
جدال  | فیلم صحنه دار فیلم قبل از انقلاب   بدون سانسور,https://www.youtube.com/watch?v=LkllSq381gI
چهره آشنا |  بدون سانسور و صحنه دار,https://www.youtube.com/watch?v=Z--H5Nhaht8
چهارراه حوادث | فیلم زیبای صحنه دار با بازی ناصر ملک مطیعی,https://www.youtube.com/watch?v=gyUQngMSNYQ
هاشم خان |  بدون سانسور   +18   با حضور بهروز وثوقی,https://www.youtube.com/watch?v=NGWzMQQWpfc
علی بابا و چهل دزد بغداد |  بدون سانسور  با بازی رضا بیک و حمیده خیرآبادی,https://www.youtube.com/watch?v=m4aDsILh7OU
قهرمان دهکده  | بدون سانسور   با حضور ناصر ملک مطیعی,https://www.youtube.com/watch?v=j-4mZeKesL0
پرستوهای عاشق | لیلا فروهر در فیلم عاشقانه  نسخه بدون سانسور و رنگی شده HD,https://www.youtube.com/watch?v=qFkNPRqow1c
پدر که ناخلف افتد  |+18   رنگی و بدون سانسور,https://www.youtube.com/watch?v=IdvQHD_oo9M
صلاح الدین ایوبی | فیلم جنگی بی سانسور رنگی شده,https://www.youtube.com/watch?v=qm2WjVIgUDc
نعره طوفان | بدون سانسور و بدون حذفیات,https://www.youtube.com/watch?v=DxO2TUArsa8
بت شکن  | با بازی بهروز وثوق و جمشید مشایخی   رنگی,https://www.youtube.com/watch?v=y-nvlZ2n0vI
بیست سال انتظار  | با بازی بهروز وثوق و شهلا ریاحی,https://www.youtube.com/watch?v=T666KuOwhjs
رضا موتوری | بدون سانسور- بهروز وثوقی,https://www.youtube.com/watch?v=IxczZVdy6f8
رسوای عشق | بدون سانسور و بدون حذفیات,https://www.youtube.com/watch?v=aMsRL_XILTg
رسوایی | بدون حذفیات و رنگی شده,https://www.youtube.com/watch?v=Pl9whk4tW3A
دو کبوتر|بدون سانسور و رنگی شده,https://www.youtube.com/watch?v=2GzdgrZ77TU
دیوار شیشه ای | بدون سانسور و بدون حذفیات,https://www.youtube.com/watch?v=J1IrIfW7zLM
الماس 33 | فیلم جنایی صحنه دار  نسخه رنگی و بدون سانسور,https://www.youtube.com/watch?v=A7h8e3YaAqU
فیلم بدون سانسورطغیانگر   رنگی و صحنه دار,https://www.youtube.com/watch?v=C7yjrG-oDp4
دو کله شق | بدون سانسور و با کیفیت,https://www.youtube.com/watch?v=qh1a1Y8Prbo
دو انسان | بدون حذفیات با کیفیت,https://www.youtube.com/watch?v=-H5EQtwEML0
کج کلاه خان  | فیلم بدون سانسورصحنه دار   با بازی رضا بیک,https://www.youtube.com/watch?v=eNcSOlB3CWU
غول  |فیلم بدون سانسور  رنگی شده,https://www.youtube.com/watch?v=yoReH_PzFg4
دو آقای با شخصیت | بدون سانسور و رنگی شده,https://www.youtube.com/watch?v=R0QshQ38SDk
دشنه |بدون سانسور و بدون حذفیات - بهروز وثوقی,https://www.youtube.com/watch?v=RtQpvWoF6_A
دزد بانک | بدون حذفیات و با کیفیت - بهروز وثوقی,https://www.youtube.com/watch?v=pxtTJup-FLA
ساقی |  فیلم بدون سانسور صحنه دار   رنگی شده,https://www.youtube.com/watch?v=3hSB6OD0Y9Q
دزد سوم | بدون سانسور و بدون حذفیات - سعید راد,https://www.youtube.com/watch?v=ilSg0FV5puc
دشمن زن | با کیفیت و رنگی شده,https://www.youtube.com/watch?v=UhwgYSRD8CE
در دنیا بیگانه بودم | بدون سانسور و با کیفیت,https://www.youtube.com/watch?v=cteZ-JXJZWQ
برهنه خوشحال  | فیلم قدیمی صحنه دار  رنگی شده,https://www.youtube.com/watch?v=X5kRyKWASpM
آقا دزده |  نسخه بدون سانسور,https://www.youtube.com/watch?v=KjZY95e7jpc
آقای قرن بیستم  | رنگی شده بدون سانسور- فردین,https://www.youtube.com/watch?v=Y5V0jFgvqPk
بابا کرم  | فیلم کمدی بدون سانسور نسخه رنگی شده,https://www.youtube.com/watch?v=8T9sNdMITd8
اکی مستر ـ رنگی شده و صحنه دار   بدون سانسور,https://www.youtube.com/watch?v=MEjV1NBBlWg
افسانه دهکده |  نسخه رنگی  HD   موزیکال,https://www.youtube.com/watch?v=A5X3gGJCw_Q
ارادتمند شما عزرائیل |  بدون سانسور، بدون حذفیات,https://www.youtube.com/watch?v=QlogR-GNqmg
در انتهای ظلمت | بدون سانسور و بدون حذفیات,https://www.youtube.com/watch?v=NTHv0CGooDM
اعتراف   | نسخه بدون سانسور و رنگی,https://www.youtube.com/watch?v=PniJ9Az058o
در آخرین لحظه | بدون سانسور و بدون حذفیات,https://www.youtube.com/watch?v=_QlOUwvRCvA
دختر فراری | مهیج و بدون سانسور و رنگی شده,https://www.youtube.com/watch?v=CsDRBJ4DiHI
اول هیکل | فیلم قدیمی صحنه دار   نسخه رنگی و +18,https://www.youtube.com/watch?v=8dGJpAMkjXE
ازدواج ایرانی  |فیلم عاشقانه   بدون سانسور و بازسازی شده,https://www.youtube.com/watch?v=vhywfLOoVQQ
آشوبگر | فیلم عاشقانه نسخه رنگی و صحنه دار بدون سانسور,https://www.youtube.com/watch?v=V_fdhhLUJcY
این دست کجه | فیلم صحنه دار نسخه رنگی شده و بدون سانسور,https://www.youtube.com/watch?v=Yo1BXZK5q4M
دخترها اینطور دوست دارند | بدون سانسور و رنگی,https://www.youtube.com/watch?v=b_UndcVSBUg
خوشگلترین زن عالم | بدوننن سانسور وبا کیفیت,https://www.youtube.com/watch?v=IMGTGrAG8kk
دختر کوهستان | بدون حذفیات و با کیفیت,https://www.youtube.com/watch?v=S-onJb-dOwE
خوشگلا عوضی گرفتین | بدون سانسور و رنگی شده,https://www.youtube.com/watch?v=XfluJgdaVpA
خوشگل محله | بدون سانسور و بدون حذفیات,https://www.youtube.com/watch?v=TzadgiSPjR0
داماد فراری | بدون حذفیات و با کیفیت,https://www.youtube.com/watch?v=cBHkDPROmIY
احمد چوپان  | صحنه دار بدون سانسور   با حضور رضا بیک و شهین,https://www.youtube.com/watch?v=Wah0gdjeueY
خاتون | بدون سانسور و با کیفیت,https://www.youtube.com/watch?v=LGfVcbhcf1s
پهلوان بابا  | نسخه رنگی و بدون سانسور,https://www.youtube.com/watch?v=HDISg9AHTus
خوشگل و قهرمان |بدون سانسور و با کیفیت,https://www.youtube.com/watch?v=1aUrxc5Vf84
خروس جنگی | بدون سانسور و بدون حذفیات,https://www.youtube.com/watch?v=PEQgnGc9VGQ
تهمت  | بهمن مفید -منوچهر وثوق   نسخه رنگی و بدون سانسور,https://www.youtube.com/watch?v=V5IXmJZLJCM
اعجوبه ها  | فیلم صحنه دار نسخه رنگی و بدون سانسور,https://www.youtube.com/watch?v=l-M7FM9ytD4
آواره های تهران  | فیلم صحنه دار نسخه بدون سانسور و رنگی شده,https://www.youtube.com/watch?v=6U1ODY_6J7Q
خوابهای طلایی | بدون سانسور و با کیفیت,https://www.youtube.com/watch?v=TfemPH7ZbMw
خوشگل خوشگلا | بدون سانسور و رنگی شده,https://www.youtube.com/watch?v=NmtCpMvKSjA
پسر زاینده رود  | نسخه رنگی ترمیم شده بدون سانسور   با حضور جمشید مشایخی,https://www.youtube.com/watch?v=X-QtgDSLoZU
انسانها   |سرگذشت سه دوست نسخه رنگی و بدون سانسور- فردین,https://www.youtube.com/watch?v=aHXhoqttHQg
امروز و فردا  | با بازی جذاب بهروز وثوق   نسخه رنگی و بدون سانسور,https://www.youtube.com/watch?v=pyZyyFhYUss
آقا مهدی کله پز |  نسخه رنگی اختصاصی بدون سانسور,https://www.youtube.com/watch?v=JueK9DbzewI
باجناق | با بازی حمیده خیرآبادی   نسخه رنگی شده   صحنه دار,https://www.youtube.com/watch?v=Mo0ZUs4kPW4
پلنگ در شب   | نسخه رنگی شده اختصاصی   با حضور مهدی فحیم زاده و حمیده خیرابادی,https://www.youtube.com/watch?v=yvbYHkmVSRE
خانوم عوضی گرفتی | بدون سانسور و با کیفیت,https://www.youtube.com/watch?v=Z0sgDbPhNdU
خانه خراب | بدون سانسور و بدون حذفیات,https://www.youtube.com/watch?v=og5sO2aej1s
حکم تیر| بدون سانسور و بدون حذفیات,https://www.youtube.com/watch?v=ZkFbpZYVok4
خاطرخواه | بدون سانسورو رنگی شده,https://www.youtube.com/watch?v=7urwoAsB2H4
خان نایب | بدون حذفیات و با کیفیت و رنگی شده,https://www.youtube.com/watch?v=lw8vkkSBI4A
بوسه بر لبهای خونین |  فیلم جنگی  بدون سانسور   رنگی,https://www.youtube.com/watch?v=kU0_gmsTRzE
جاده تبهکاران |  با بازی پوری بنایی   نسخه بدون سانسور و رنگی,https://www.youtube.com/watch?v=DQVKyaGDyPI
حلقه های ازدواج | عاشقانه بدون سانسور و رنگی شده,https://www.youtube.com/watch?v=FrKgzmVyHEo
حرمت رفیق | بدون سانسور و با کیفیت,https://www.youtube.com/watch?v=QivQGLQjSrE
حق و ناحق |بدون حذفیات و رنگی شده - بهمن مفید و بهروز وثوق,https://www.youtube.com/watch?v=U-h_oxGG_d4
برادر کشی | فیلم جنایی عاشقانه  با بازی ایرج قادری   رنگی شده و بدون سانسور,https://www.youtube.com/watch?v=nxjaPKLPtts
با معرفتها| فیلم بدون سانسور با بازی ناصر ملک مطیعی   نسخه رنگی شده,https://www.youtube.com/watch?v=xr1Bd6Pwo3Y
حقه بازان | بدون سانسور و بدون حذفیات,https://www.youtube.com/watch?v=O0vGZ36JoPM
پسران قارون  | داستان عشق سه پسر به یک دختر   نسخه بدون سانسور,https://www.youtube.com/watch?v=NA1VS571Il4
آرشین مالالان | فیلم بدون سانسور نسخه رنگی,https://www.youtube.com/watch?v=crx3Yu0fVWk
بزن بریم دزدی | فیلم بدون سانسور با بازی حمیده خیرآبادی و عارف   نسخه رنگی شده,https://www.youtube.com/watch?v=4jIo1mF95LM
اشکها و خنده ها | حمیده خیرابادی بدون حجاب نسخه بدون سانسور رنگی شده,https://www.youtube.com/watch?v=5TWlZVRRIdk
این گروه محکومین | فیلم بدون سانسور  با حضور محمد علی کشاورز و عزت الله انتظامی,https://www.youtube.com/watch?v=4VzhxwPcJ8k
حسین کرد شبستری |بدون حذفیات و با کیفیت رنگی شده,https://www.youtube.com/watch?v=utQODp5jASI
ببر رینگ | فیلم اکشن 18+ نسخه رنگی و بدون سانسور,https://www.youtube.com/watch?v=SoXxZhFgH68
حریص | بدون سانسور و با کیفیت,https://www.youtube.com/watch?v=THVRosy5Tx0
حسن سیاه | بدون سانسور و با کیفیت ، بدون حذفیات,https://www.youtube.com/watch?v=R_UNCVMxklQ
آقای لر به شهر می رود | با حضور سعید راد  نسخه رنگی و بدون سانسور,https://www.youtube.com/watch?v=GrrvIjvA3_U
استوار و پاسبان | فیلم اکشن و صحنه دار رنگی شده وبدون سانسور,https://www.youtube.com/watch?v=dvuEk9q9xMY
آینه زمان | با بازی جذاب عارف خواننده   نسخه رنگی و بدون سانسور,https://www.youtube.com/watch?v=UtReFbLcajA
بابا گلی به جمالت  | فیلم 18+ با حضور بهمن مفید  ناصر ملک مطیعی   رنگی شده,https://www.youtube.com/watch?v=DiBKoFRmbHE
حاجی جبار در پاریس | بدون سانسوربدون حذفیات,https://www.youtube.com/watch?v=XseZUvtTt1o
حاتم طایی |بدون سانسور و بدون حذفیات,https://www.youtube.com/watch?v=5B7zpGGPYCo
آخرین گذرگاه  | فیلم اکشن  نسخه رنگی بدون سانسور,https://www.youtube.com/watch?v=KXMWi6qPBy0
چیچو و فرانکو وطنی |بدون سانسور و بدون حذفیات,https://www.youtube.com/watch?v=cjcfLJj8F2c
آقا مهدی وارد می شود  | فیلم 18+  فیلم قدیمی نسخه رنگی   بدون سانسور,https://www.youtube.com/watch?v=rpusCkjVhNs
ایمان | نسخه رنگی و بدون سانسور با هنرنمایی بهروز وثوقی و لیلا فروهر,https://www.youtube.com/watch?v=w-R-OOrOLp8
چشمان بسته | بدون سانسور و بدون حذفیات,https://www.youtube.com/watch?v=HmwgpmlRBw4
حسن دینامیت  | بدون سانسور +18,https://www.youtube.com/watch?v=59W8f6iX9M8
ابرام در پاریس  | بدون سانسور رنگی شده,https://www.youtube.com/watch?v=_eM8ud5W2Yo
ابنبات چوبی | فیلم بدون سانسور ترمیم شده اختصاصی,https://www.youtube.com/watch?v=Py5CqhltYao
چلچراغ | بدون سانسور و با کیفیت,https://www.youtube.com/watch?v=fpiWMszrjNM
آبشار طلا | فیلم حادثه ایی  بدون سانسور,https://www.youtube.com/watch?v=w8wzea7phZk
ابر مرد  |  رنگی   با حضور حسین گیل و ناصر ملک مطیعی,https://www.youtube.com/watch?v=upWWWCe31Wo
چشم انتظار |  بدون سانسور و با کیفیت,https://www.youtube.com/watch?v=iVS01AWF3EI
جهان پهلوان |بدون حذفیات و با کیفیت,https://www.youtube.com/watch?v=FFGbcpHWa54
جوجه فکلی | بدون سانسور و +18,https://www.youtube.com/watch?v=ZZQL31vNeNg
آدم و حوا  | بدون سانسور   رنگی HD  ترمیم اختصاصی,https://www.youtube.com/watch?v=EiaPsRnNsmI
پیمان دوستی | بدون سانسور و با کیفیت,https://www.youtube.com/watch?v=hm93tdNtMXs
جاده مرگ | مهیج بدون سانسور و رنگی شده,https://www.youtube.com/watch?v=-wpdRIvGVhU
جای امن |بدون حذفیات و با کیفیت,https://www.youtube.com/watch?v=I2jXEz1R8zE
جبار سرجوخه فراری | مهیج و بدون سانسور و با کیفیت,https://www.youtube.com/watch?v=WGF6qOGN_CA
جاده زرین سمرقند | بدون حذفیات و رنگی شده,https://www.youtube.com/watch?v=fc_wo_EQQnU
تپلی |بدون سانسور و با کیفیت,https://www.youtube.com/watch?v=gnQGMPhkqjQ
آسمون بی ستاره |   رنگی بدون سانسور-گوگوش و منوچهر وثوق,https://www.youtube.com/watch?v=BYuK0XdVhVc
پهلوان مفرد |بدون سانسور و بدون حذفیات,https://www.youtube.com/watch?v=-qzOxmuHnB4
پل| بدون سانسور و بدون حذفیات,https://www.youtube.com/watch?v=9axbF_uL-94
اخم نکن سرکار|  نسخه بدون سانسور وصحنه دار- رنگی شده اختصاصی,https://www.youtube.com/watch?v=XzhJD33c7Jo
احمد چکمه ای  | فیلم موزیکال- نسخه بازسازی شده   بدون سانسور,https://www.youtube.com/watch?v=3WSzs2bwCJ4
فیلم کمدی صحنه دار آقا رضای گل   بدون سانسور رنگی شده,https://www.youtube.com/watch?v=jLaLJrpGBTc
فیلم عاشقانه   مهیج آینه تاکسی   نسخه رنگی بدون سانسور,https://www.youtube.com/watch?v=dV7Ki4E28BE
فیلم عاشقانه  اهریمن زیبا   بدون سانسور و رنگی شده,https://www.youtube.com/watch?v=ZIdR7Hqh1No
فیلم قدیمی آراس خان   نسخه رنگی   با حضور ناصر ملک مطیعی,https://www.youtube.com/watch?v=hsQrfnatB1g
فیلم کمدی آقای هفت رنگ   با نقش افرینی حمیده خیرابادی بدون حجاب,https://www.youtube.com/watch?v=wj1Uf_7mV0A
پسرک | بدون سانسور و بدون حذفیات,https://www.youtube.com/watch?v=lX1XVoS1uVY
بی عشق هرگز| عاشقانه و بدون سانسور,https://www.youtube.com/watch?v=HE652PgVvKQ
پاکباخته | بدون سانسور و بدون حذفیات,https://www.youtube.com/watch?v=tnpaqwCMBA8
بی گناه | بدون حذفیات و رنگی شده,https://www.youtube.com/watch?v=WTH36ixCuJ8
بندری |بدون سانسور و با کیفیت,https://www.youtube.com/watch?v=06PlbsKmTYk
پا برهنه ها | بدون سانسور و بدون حذفیات,https://www.youtube.com/watch?v=cE7sHeIqaYY
پسر خوانده |بدون حذفیات و رنگی شده,https://www.youtube.com/watch?v=K9tLSNSN-k4
ثریا قاسمی در فیلم آرامش در حضور دیگران   اولین فیلم ثریا قاسمی بدون حجاب,https://www.youtube.com/watch?v=6HgN5mSMD78
اکبر دیلماج | فیلم صحنه دار نسخه بدون سانسور   کیفیت HD و رنگی شده اختصاصی,https://www.youtube.com/watch?v=lSvzVldDEJw
برای که قلبها می تپد | بدون سانسور و بدون حذفیات,https://www.youtube.com/watch?v=hkLST4GDeVg
افق روشن |بدون سانسور  با حضور کتایون ریاحی و منوچهر نوذری,https://www.youtube.com/watch?v=wJPlma6ZnRU
انگشت نما |  صجنه دار وبدون سانسور   رنگی شده,https://www.youtube.com/watch?v=9lFWr6lhyBk
اضطراب | فیلم اکشن  نسخه رنگی بدون سانسور -   با حضور لیلا فروهر و بهزاد جوانبخش,https://www.youtube.com/watch?v=fwnll2WPBvU
مرغ تخم طلا |بدون سانسور-  نسخه رنگی,https://www.youtube.com/watch?v=rEu6Rdf846k
بچه های محل| بدون سانسور و با کیفیت,https://www.youtube.com/watch?v=hFhh7hnS5T4
آقای جاهل |بدون سانسور-   نسخه رنگی اصلاح شده   صحنه دار,https://www.youtube.com/watch?v=nf-fwS3XwoE
باد صبا |بدون حذفیات و بدون سانسور,https://www.youtube.com/watch?v=YFudS5LVcS0
بابا کوهی |بدون سانسور و باکیفیت,https://www.youtube.com/watch?v=-_9uN46SVsg
ایوالله | بدون سانسور و با کیفیت - آغاسی,https://www.youtube.com/watch?v=GMwIbarUwaU
بابا خالدار| بدون سانسور و بدون حذفیات,https://www.youtube.com/watch?v=m_I-35pUAZ4
بابا شمل | بدون سانسور و رنگی شده - فردین,https://www.youtube.com/watch?v=rTLh9LVA_Mc
یک اصفهانی در سرزمین هیتلر| بدون سانسور و بدون حذفیات,https://www.youtube.com/watch?v=WYKMVRpWDeQ
فیلم آرامش قبل از طوفان   صحنه دار و بدون سانسور - بهروز وثوق,https://www.youtube.com/watch?v=R2Z_sNkNNzg
ایرج قادری در فیلم کامل آژیر خطر   کمدی  عاشقانه بدون سانسور,https://www.youtube.com/watch?v=cYu3L3bm9fg
اتل متل توتوله | بدون سانسور و بدون حذفیات,https://www.youtube.com/watch?v=TUz3hjlAkco
احساس داغ | بدون سانسور و بدون حذفیات - گوگوش,https://www.youtube.com/watch?v=rn_cSVlcCME
یکی خوش صدا یکی خوش دست | بدون سانسور و رنگی شده  آغاسی,https://www.youtube.com/watch?v=y1omxsPtofs
امیر ارسلان نامدار| بدون حذفیات و با کیفیت - فردین,https://www.youtube.com/watch?v=uAcEA6nk4YQ
ایستگاه ترن | بدون سانسور و رنگی شده,https://www.youtube.com/watch?v=RtenWhQF5m8
ایوب |بدون سانسور و بدون حذفیات - فردین، رضا بیک,https://www.youtube.com/watch?v=xFk011KLf4k
با هم ولی تنها |بدون سانسور و با کیفیت,https://www.youtube.com/watch?v=HsglVHjwuwY
هزار بار مردن |بدون حذفیات و با کیفیت,https://www.youtube.com/watch?v=F-KeqDsMaWo
آلوده | بدون سانسور و بدون حذفیات - منوچهر وثوق,https://www.youtube.com/watch?v=FC4kBIC6eO0
یکی بود یکی نبود |بدون سانسور و بدون حذفیات,https://www.youtube.com/watch?v=svhhckrHrTo
امشب دختری میمیرد |بدون سانسور و صحنه دار,https://www.youtube.com/watch?v=pHUOoDtOdEk
الکی خوش |بدون سانسور و رنگی شده  منوچهر وثوق,https://www.youtube.com/watch?v=sDP-kWdd-50
اگر برگی نریزد| بدون سانسور و بدون حذفیات,https://www.youtube.com/watch?v=jAfRw_HYFrs
هوس | بدون سانسور و بدون حذفیات,https://www.youtube.com/watch?v=RO9tYe3ITIc
یوسف و زلیخا |عاشقانه و بدون سانسور,https://www.youtube.com/watch?v=RwFuWuc3f8k
یک مرد و یک شهر|بدون سانسر و رنگی شده- بهروز وثوق,https://www.youtube.com/watch?v=A93Pjm83BQE
یاران |بدون سانسور و با کیفیت - داریوش اقبالی ،ویگن ، محمد دلجو,https://www.youtube.com/watch?v=WRixkaww8to
یک قدم تا مرگ |بدون سانسور و با کیفیت,https://www.youtube.com/watch?v=MXWTSD_-PLo
یک خوشگل و هزار مشکل | بدون سانسور و بدون حذفیات - فردین ، پوری بنایی,https://www.youtube.com/watch?v=NTdgRt4IzIE
یک پارچه آقا |بدون حذفیات و رنگی شده - ناصر ملک مطیعی,https://www.youtube.com/watch?v=fgAXuW-aVWc
همای سعادت |بدون سانسور و بدون حذفیات - فردین,https://www.youtube.com/watch?v=eRgNXqA0mlI
ولگرد قهرمان | بدون سانسور و بدون حذفیات,https://www.youtube.com/watch?v=MFTMviH62KQ
هنگامه |بدون سانسور و با کیفیت - بهروز وثوق,https://www.youtube.com/watch?v=UtPKvr1g_zg
وسوسه |عاشقانه و بدون سانسور,https://www.youtube.com/watch?v=cX0UK1fpcGI
هیولا  | مهیج وبدون سانسور,https://www.youtube.com/watch?v=wNQ56qXT-dU
هیاهو| بدون سانسور و بدون حذفیات,https://www.youtube.com/watch?v=jcnb3lGRShI
هلوی پوست کنده |بدون سانسور و صحنه دار,https://www.youtube.com/watch?v=yd5uPRIJvN8
هدف| بدون سانسور و با کیفیت  سعید راد و ایرج قادری,https://www.youtube.com/watch?v=-Wsi6ikPObE
همیشه قهرمان |بدون سانسور ورنگی شده  رضا بیک ایمانوردی,https://www.youtube.com/watch?v=C-1YQih9TSI
نفس گیر| بدون سانسور و بدون حذفیات- رضابیک ایمانوردی,https://www.youtube.com/watch?v=WOGwlFrl-yk
همقسم |بدون سانسور و با کیفیت,https://www.youtube.com/watch?v=qrcuwkA3pjg
هشتمین روز هفته |بدون سانسور و بدون حذفیات,https://www.youtube.com/watch?v=gM8HFXmxJCQ
هفت  مرد دلاور| بدون حذفیات و رنگی شده,https://www.youtube.com/watch?v=Bgqx2_8SNBs
نیم وجبی |بدون سانسور  وکمدی,https://www.youtube.com/watch?v=gpUrdQeDORI
همت |بدون سانسور و رنگی - ناصر ملک مطیعی,https://www.youtube.com/watch?v=X_pNTubN4Rs
همخون |بدون سانسور و بدون حذفیات - بهمن مفید و شهناز تهرانی,https://www.youtube.com/watch?v=QHgH3D3fTls
هرجایی| بدون سانسور و باکیفیت - منوچهر وثوق,https://www.youtube.com/watch?v=cTLYX5uJ7Vs
نمک نشناس |بدون سانسور و رنگی - منوچهر وثوقی,https://www.youtube.com/watch?v=2dW32cA3BWk
نوبر اصفهان |بدون حذفیات و با کیفیت,https://www.youtube.com/watch?v=IsUlHN5_tSk
نعمت نفتی |بدون سانسور و با کیفیت - آغاسی,https://www.youtube.com/watch?v=2rlIWlXlMw8
نخاله قهرمان |بدون سانسور و بدون حذفیات,https://www.youtube.com/watch?v=BVxxs_JRB1s
نفرین |بدون سانسور و باکیفیت - بهروز وثوق و جمشید مشایخی,https://www.youtube.com/watch?v=MSbXXKPNRFQ
نیزار| بدون سانسور و بدون حذفیات,https://www.youtube.com/watch?v=YxElkC_QBgE
نان و نمک |بدون سانسور و بدون حذفیات -رضا بیک ایمانوردی,https://www.youtube.com/watch?v=xTX1lVUtdjY
نسل شجاعان | بدون سانسور و رنگی,https://www.youtube.com/watch?v=4_muRUrPJU8
نعره طوفان |بدون سانسور و بدون حذفیات,https://www.youtube.com/watch?v=bVaHCiQYz0k
نردبان ترقی |بدون سانسور با کیفیت,https://www.youtube.com/watch?v=COGCP4HIQCc
ناخدا |بدون سانسور و با کیفیت- منوچهر وثوق,https://www.youtube.com/watch?v=iyH_7lReGZY
میهمان |بدون سانسور و با کیفیت - لیلا فروهر، حمیده خیر آبادی,https://www.youtube.com/watch?v=uTPZnVWGKuY
نابغه هفت ماهه |بدونسانسور و رنگی,https://www.youtube.com/watch?v=-jSHCAaVd2M
ناجورها | صحنه دار و بدون سانسور,https://www.youtube.com/watch?v=d5cb0_xsFjM
نا مادری |بدون حذفیات و باکیفیت - لیلا فروهر,https://www.youtube.com/watch?v=BuFJxX0PmTc
نا محرم| بدون سانسور و بدون حذفیات - ایرج قادری,https://www.youtube.com/watch?v=s_P8oRSiSug
میعادگاه خشم |بدون سانسور و با کیفیت - فردین,https://www.youtube.com/watch?v=chuX6Is07SI
مهر گیاه |بدون سانسور و با کیفیت -علی نصیریان ،پوری بنایی,https://www.youtube.com/watch?v=x6-yu1fuDxE
مو سرخه |بدون سانسور و با کیفیت -ناصر ملک مطیعی,https://www.youtube.com/watch?v=nRopjvVgY1w
مومیایی |بدون سانسور و بدون حذفیات,https://www.youtube.com/watch?v=nLUmadB6NL8
مواظب کلات باش |بدون سانسور و رنگی - فردین,https://www.youtube.com/watch?v=2RshijVzxU0
مهدی مشکی و شلوارک داغ | بدون سانسور و باکیفیت,https://www.youtube.com/watch?v=SovmP0LhVWw
میخک سفید |بدون سانسور و با کیفیت,https://www.youtube.com/watch?v=4YJ7cbU7-yk
فیلم قدیمی مکافات,https://www.youtube.com/watch?v=-szcDofthAM
مرگ در باران | بدون حذفیات و باکیفیت - ایرج قادری,https://www.youtube.com/watch?v=roicRggdAus
مغربی | بدون حذفیات و با کیفیت - منوچهر وثوق,https://www.youtube.com/watch?v=451bSdKucnI
معشوقه | بدون سانسور - بهمن مفید,https://www.youtube.com/watch?v=7XOZh0M6Nk0
معرکه || بدون سانسور و بدون حذفیات,https://www.youtube.com/watch?v=5rwFItRTZyQ
معجزه | بدون  حذفیات و با کیفیت - رضا بیک ایمانوردی,https://www.youtube.com/watch?v=B8Rebk-TE54
مطرب | بدون سانسور- جمشید مشایخی,https://www.youtube.com/watch?v=Yh9CPbeWSO8
مسافر| بدون سانسور و بدون حذفیات,https://www.youtube.com/watch?v=5Gk4Oa5mW2s
مصطفی لره | بدون سانسور و با کیفیت,https://www.youtube.com/watch?v=VsQr-nJfocU
مستاجر| کمدی - بدون سانسور و رنگی,https://www.youtube.com/watch?v=6lyCzVdXUe8
مزد خونین |بدون حذفیات و باکیفیت,https://www.youtube.com/watch?v=H_VS4ej4oko
مشهدی عباد |بدون سانسور و بدون حذفیات,https://www.youtube.com/watch?v=ZbBNPmYmjOk
مشکل آقای اعتماد |بدون سانسور و با کیفیت,https://www.youtube.com/watch?v=fiQibbOcYKI
مشکی| بدون سانسور و رنگی,https://www.youtube.com/watch?v=8X33lmBAVSk
مردی در قفس | بدون سانسور و رنگی,https://www.youtube.com/watch?v=1R06oqvcpA0
مروارید |بدون سانسور و باکیفیت,https://www.youtube.com/watch?v=EKMOyqHU0OY
مرید حق | بدون سانسور و بدون حذفیات - ناصر ملک مطیعی,https://www.youtube.com/watch?v=XFqrtZHOZNA
مردی از جنوب شهر | بدون سانسور و باکیفیت - فردین,https://www.youtube.com/watch?v=DjD_FAVB7A4
آفت زندگی| بدون سانسور و با کیفیت,https://www.youtube.com/watch?v=mxPGY29PGfQ
مردی در طوفان |بدون سانسور ورنگی - سعید راد,https://www.youtube.com/watch?v=NnrsR4Ae3Pg
مردی در آتش |بدون حذفیات و بدون سانسور,https://www.youtube.com/watch?v=Jr7yCquBRq4
مرد صحرا |بدون حذفیات و بدون سانسور,https://www.youtube.com/watch?v=h8OTSPVcLaQ
مردی از تهران |بدون سانسور وبا کیفیت - فردین,https://www.youtube.com/watch?v=AUEcASMqmNM
مردی از اصفهان |بدون سانسور و بدون حذفیات,https://www.youtube.com/watch?v=RzZJipyrMq8
مرد هزار لبخند |بدون سانسور و با کیفیت - فردین,https://www.youtube.com/watch?v=oA8L-U2-Q24
مردان خشن | بدون سانسور و بدون حذفیات-فردین ،جمشید مشایخی,https://www.youtube.com/watch?v=4k0XnX7LEKU
مرد نا آرام |بدون سانسور و با کیفیت,https://www.youtube.com/watch?v=QoIop3Ym684
مردان سحر|بدون سانسور و با کیفیت و رنگی,https://www.youtube.com/watch?v=B4MJRhO6X78
مرد افکن | بدون سانسور و رنگی,https://www.youtube.com/watch?v=4OMd6qMMfFI
مرد شرقی زن فرنگی |بدون سانسور و با کیفیت,https://www.youtube.com/watch?v=EIktHeFYLmE
مرد میدان |بدون حذفیات و رنگی,https://www.youtube.com/watch?v=U3pIwGUxjnE
مردها و نامردها |بدون حذفیات و بدون سانسور - بهمن مفید,https://www.youtube.com/watch?v=JJ6ltB91pMA
مرد شب |بدون سانسور و بدون حذفیات -سعید راد,https://www.youtube.com/watch?v=eec1MboZJ14
مرد ده میلیون تومانی |بدون سانسور و رنگی,https://www.youtube.com/watch?v=pKtxKgA39es
مرد روز| بدون حذفیات و بدون سانسور,https://www.youtube.com/watch?v=sqUTtlTvQ6E
مرد بی ستاره |بدون سانسور و باکیفیت,https://www.youtube.com/watch?v=3R8T0eWISb8
مراد | بدون حذفیات و بدون سانسور - هایده,https://www.youtube.com/watch?v=aISsNM7pKh4
مرخصی اجباری | بدون سانسور - کمدی,https://www.youtube.com/watch?v=yd_IOaR2Dy0
مرد حنجره طلایی |بدون حذفیات و رنگی شده,https://www.youtube.com/watch?v=dYdoPF77hMw
ماه پیشونی |بدون سانسور و باکیفیت,https://www.youtube.com/watch?v=fYbr5QjrqDM
مرد اجاره ای |بدون سانسور -رضا بیک ایمانوردی,https://www.youtube.com/watch?v=rGPjl_ntbCw
مجازات |بدون سانسور و با کیفیت - بهمن مفید,https://www.youtube.com/watch?v=dbple4u47KM
مترس |بدون سانسور و رنگی,https://www.youtube.com/watch?v=-QjQdX-qKQI
مبارزی در نیمه راه | بدون سانسور و با کیفیت,https://www.youtube.com/watch?v=Lu4xNoJn1LU
مادمازل خاله | بدون سانسور و رنگی شده,https://www.youtube.com/watch?v=Fo9dpVpq5ls
ماشین مشتی ممدلی |بدون سانسور و بدون حذفیات,https://www.youtube.com/watch?v=Rh2bDUV_vN0
ماجراجویان خشن |اکشن و بدون حذفیات -منوچهر وثوق,https://www.youtube.com/watch?v=9tM4Ml9lkXQ
لوطی قرن بیستم | بدون سانسور و با کیفیت -,https://www.youtube.com/watch?v=DxfdPzhhjUs
ماجرای جنگل | بدون سانسور و رنگی شده - ایرج قادری,https://www.youtube.com/watch?v=gdi9T3Hj7ec
مادر جونم عاشق شده | بدون سانسور و رنگی,https://www.youtube.com/watch?v=gPEi-nywrhw
ماجرای شب ژانویه| بدون سانسور و با کیفیت,https://www.youtube.com/watch?v=Ir__SaPyJv0
گناه مادر| بدون حذفیات و رنگی شده,https://www.youtube.com/watch?v=G8stPfGg0EE
لیلی و مجنون | بدون سانسور - بهروز وثوق,https://www.youtube.com/watch?v=4WrbAwoZ--E
گرگهای گرسنه |بدون سانسور - فردین و پوران,https://www.youtube.com/watch?v=aIPojiCgSaU
گروگان | بدون سانسور و با کیفیت,https://www.youtube.com/watch?v=Ms-1OO3zGpA
لبه تیغ | بدون سانسور و با کیفیت  - ایرج قادری,https://www.youtube.com/watch?v=LYoa08ijr20
گناه زیبایی |بدون سانسور - گوگوش و لیلا فروهر,https://www.youtube.com/watch?v=SBudehFINzo
گلهای کاغذی |بدون سانسور -مرتضی عقیلی,https://www.youtube.com/watch?v=bHYVMn31ZLg
لات جوانمرد | بدون سلنسور و صحنه دار,https://www.youtube.com/watch?v=sYdg0r06ATk
گوهر شب چراغ |بدون حذفیات ورنگی شده,https://www.youtube.com/watch?v=oNkKA_42AjA
گریز از مرگ |بدون حذفیات و رنگی شده -رضا بیک ایمانوردی,https://www.youtube.com/watch?v=Ed5y0yFIBag
گرداب گناه |صحنه دار و بدون سانسور - بهروز وثوق و پوری بنایی,https://www.youtube.com/watch?v=xYiMU1qnWIw
گربه رو دم حجله میکشن |بدون سانسور و با کیفیت -بهروز وثوق,https://www.youtube.com/watch?v=sOLLWiA_lHg
گربه کوره |بدون حذفیات و رنگی شده,https://www.youtube.com/watch?v=QXzIT4QCKzY
کافر|بدون سانسور و صحنه دار,https://www.youtube.com/watch?v=4oL2I2FcJ3c
کینه | بدون حذفیات و رنگی شده,https://www.youtube.com/watch?v=TWxOJdG3XYA
کلک نزن خوشگله | بدون سانسور و با کیفیت با هنرمندی بهمن مفید,https://www.youtube.com/watch?v=Xzuzuyt6u5E
گذشت |بدون سانسور و رنگی شده,https://www.youtube.com/watch?v=YkIT9JSLeG0
کلبه ای آنسوی رودخانه | بدون سانسور و با کیفیت,https://www.youtube.com/watch?v=8-wHMownHBU
گذر اکبر|بدون سانسور و باکیفیت,https://www.youtube.com/watch?v=3lXGra_H1hw
کیفر | بدوون سانسور و با کیفیت - بهمن مفید,https://www.youtube.com/watch?v=ixLerm5BFSA
کلام حق |بدون حذفیات -رضابیک ایمانوردی,https://www.youtube.com/watch?v=wDzoGnZ1eys
کنیز| بدون سانسور و صحنه دار - سعید راد,https://www.youtube.com/watch?v=byBw4knE7lI
کوچ | بدون سانسور و رنگی شده,https://www.youtube.com/watch?v=loPKDrn5Bgk
کوهزاد |بدون حذفیات و رنگی شده,https://www.youtube.com/watch?v=PFnNDGE7SZo
کلاه نمدی | بدون سانسور و باکیفیت,https://www.youtube.com/watch?v=EuMLfROWydI
کلاغ | فیلمی از بهرام بیضایی,https://www.youtube.com/watch?v=tIzjzk00Ak4
کاکو| بدون سانسور و باکیفیت با حضور ناصر ملک مطیعی,https://www.youtube.com/watch?v=oHzOPoHKdr0
کاسبهای محل | بدون حذفیات و رنگی شده,https://www.youtube.com/watch?v=i9mwe4Zsbnc
قهرمانان |بدون حذفیات و با کیفیت با حضور بهروز وثوق,https://www.youtube.com/watch?v=WgoPMzy1mUc
قمار زندگی |بدون سانسور و با کیفیت,https://www.youtube.com/watch?v=_xWnsWlSeEs
قهرمانان نمی میرند |بدون حذفیات و رنگی شده,https://www.youtube.com/watch?v=yhkxMKTtDTw
قفس طلایی |بدون حذفیات با حضور ناصر ملک مطیعی,https://www.youtube.com/watch?v=AdvaJYeiuwI
قیامت عشق |عاشقانه و بدون سانسور,https://www.youtube.com/watch?v=4cW4ni7h51s
قول مرد | بدون سانسور و بدون حذفیات,https://www.youtube.com/watch?v=Nizx3Fs2GvU
قهوه خانه قنبر| کمدی و بدون سانسور,https://www.youtube.com/watch?v=RKCMRKqKnkk
فرار از زندگی - بدون حذفیات و با کیفیت,https://www.youtube.com/watch?v=YDTKfV8lhdc
فری دست قشنگ |بدون سانسور با هنرمندی منوچهر وثوق,https://www.youtube.com/watch?v=CgFu645oe20
قفس | بدون سانسور به کارگردانی ایرج قادری,https://www.youtube.com/watch?v=c5IQ2Y4n06s
قصاص |بدون سانسور با هنرمندی گوگوش و ناصر ملک مطیعی,https://www.youtube.com/watch?v=XuJJe97UNhw
قلبهای طلایی | بدون سانسور و رنگی شده,https://www.youtube.com/watch?v=pCEs9f-hGe0
قسمت | عاشقانه  و بدوون سانسوربا حضور جمشید هاشم پور,https://www.youtube.com/watch?v=BvhPtxHPk1A
فقط آقا مهدی می تونه | بدون سانسور ، صحنه دار,https://www.youtube.com/watch?v=UT14jI71reY
فریاد نیمه شب | صحنه دار ،بدون سانسور,https://www.youtube.com/watch?v=DTTKifnWCs4
قادر- بدون سانسور,https://www.youtube.com/watch?v=yyqKH8juulA
فریادرس |بهمن مفید ، بدون سانسور,https://www.youtube.com/watch?v=2bSKAFJ74gc
فریاد انسانها |بدون سانسور و بدون حذفیات,https://www.youtube.com/watch?v=m-9O8yKxYfg
فرشته نجات | فیلم جنایی - بدون سانسور,https://www.youtube.com/watch?v=eHhvrciyYg4
فرشته وحشی | فیلم اکشن - صحنه دار - بدون سانسور,https://www.youtube.com/watch?v=U32btBy2-40
فریاد عشق | منوچهر وثوق - فیلم عاشقانه,https://www.youtube.com/watch?v=lN2ghtq9FM0
فیلم زیبای قول مرد | بدون سانسور و رنگی,https://www.youtube.com/watch?v=Mk9DAdiY2W0
فراشباشی | اغاسی و جمیله - بدون سانسور,https://www.youtube.com/watch?v=Tb71jD32TfM
فیلم زیبای مزد خونین  بدون سانسور رنگی شده - با بازی پوری,https://www.youtube.com/watch?v=bP5zS5veF5U
فیلم زیبا و دیدنی زن   با بازی حمیده خیرآبادی با هنرمندی بهمن مفید,https://www.youtube.com/watch?v=m6VyY94ky5g
فرار از تله - بدون سانسور و رنگی شده,https://www.youtube.com/watch?v=dZdkF819RCE
فرار از بهشت - بدون حذفیات و باکیفیت,https://www.youtube.com/watch?v=0og-6nEWqsY
فتانه - بدون سانسور و رنگی شده,https://www.youtube.com/watch?v=gYnVHxgKzbw
فانوس خیال - بدون حذفیات و با کیفیت,https://www.youtube.com/watch?v=R0gSVF_H0uk
فدایی - بدون سانسور و با کیفیت,https://www.youtube.com/watch?v=-4XT33sykMs
علفهای هرز- بدون سانسور و رنگی,https://www.youtube.com/watch?v=TVMHN2C2r-0
غیرت  بدون حذفیات و با کیفیت,https://www.youtube.com/watch?v=4INYRxNiyrM
فاصله - بدون سانسور و رنگی شده,https://www.youtube.com/watch?v=amVOOdnbKW4
غرور و تعصب - بدون حذفیات و با کیفیت,https://www.youtube.com/watch?v=xUw_Q3ZgXX0
غریبه - بدون سانسور,https://www.youtube.com/watch?v=BtdDo8dBfnw
علاالدین و چراغ جادو - بدون سانسور ورنگی شده,https://www.youtube.com/watch?v=H59NfdgYEH4
غفلت - بدون سانسور و رنگی شده,https://www.youtube.com/watch?v=M72dyGN-beU
علی سورچی - بدون سانسور,https://www.youtube.com/watch?v=N72b7MMukyU
عنتر و منتر- بدون سانسور   با کیفیت,https://www.youtube.com/watch?v=dHItDPhXIQU
عقاب طلایی - بدون سانسور و رنگی شده,https://www.youtube.com/watch?v=HgIpVxhVIkQ
عروس پا برهنه - بدون سانسور ورنگی شده,https://www.youtube.com/watch?v=djJpYCksC8E
عذاب الهی - بدون حذفیات,https://www.youtube.com/watch?v=n7lH1BUTWZ0
شرف - بدون سانسور و رنگی,https://www.youtube.com/watch?v=aX9-bnKSjFQ
عروس و مادر شوهر - بدون سانسور و بدون حذفیات,https://www.youtube.com/watch?v=TrkmAUW93MY
عبور از مرز زندگی - بدون سانسور و رنگی,https://www.youtube.com/watch?v=Hr9uYcNI5u0
عروس بیانکا - بدون حذفیات و با کیفیت,https://www.youtube.com/watch?v=SkTZsWAioFI
عشقی ها - بدون سانسور و بدون حذفیات,https://www.youtube.com/watch?v=WYruNY5mZIw
عطش - بدون حذفیات و با کیفیت,https://www.youtube.com/watch?v=hQ9VA3tCtEA
عصیان - بئون سانسور و رنگی شده,https://www.youtube.com/watch?v=lEg9ul4bPVQ
عشق قارون - بدون سانسور و رنگی,https://www.youtube.com/watch?v=qBnJm9Zbajo
عشق و انتقام - بدون سانسور و با کیفیت,https://www.youtube.com/watch?v=PaVtyQr5wkw
عشق آفرین  بدون سانسور و با کیفیت,https://www.youtube.com/watch?v=9lf8w0EbUGo
طوفان در شهر ما - بدون حذفیات,https://www.youtube.com/watch?v=keNfkWf4LEM
طوفان بر فراز پاترا - بدون حذفیات,https://www.youtube.com/watch?v=8bbBW-Uf_iE
عاصی - بدون سانسور و رنگی,https://www.youtube.com/watch?v=rV2GKvYa9Vc
عدل الهی - بئون سانسور,https://www.youtube.com/watch?v=YhMZJt8DBOU
طلسم شکسته - بدون حذفیات,https://www.youtube.com/watch?v=j1cDyS1A-G0
طاهر- بدون سانسور و رنگی شده,https://www.youtube.com/watch?v=ARNQD-mzgnA
طغرل - بدون حذفیات و با کیفیت,https://www.youtube.com/watch?v=-5UCTnnjgPc
زن و عروسکهایش - بدون سانسور و با کیفیت,https://www.youtube.com/watch?v=Pk1WadQgUTc
دو انسان - بدون سانسور و رنگی شده,https://www.youtube.com/watch?v=LIg0m4wMVj0
آفت زندگی  - بدون سانسور و رنگی,https://www.youtube.com/watch?v=VgtGcUBNxr4
ضعیفه - بدون سانسور و رنگی,https://www.youtube.com/watch?v=bA3fenyhpBc
صلات ظهر- بدون حذفیات و با کیفیت,https://www.youtube.com/watch?v=Udm6hkfOhwk
صفر علی - بدون سانسور و با کیفیت,https://www.youtube.com/watch?v=dh--5xjM8zI
شمسی پهلوون - بدون سانسور و رنگی شده,https://www.youtube.com/watch?v=Szw234DCUJQ
شب زخمی  بدون سانسور و با کیفیت,https://www.youtube.com/watch?v=ViqgMQcrsmc
شام آخر- بدون سانسور ورنگی شده,https://www.youtube.com/watch?v=CcnJm3yeapY
راننده اجباری - بدون حذفیات و با کیفیت,https://www.youtube.com/watch?v=XBBGH3QOYd0
سینه چاک جذاب و بدون سانسور و ترمیم شده - با هنرمندی ایرج قادری و ناصر ملک مطیعی,https://www.youtube.com/watch?v=_FxChITvX2A
برهنه خوشحال  - بدون سانسور و رنگی شده,https://www.youtube.com/watch?v=qzs-m6n5h5s
دشنه - بدون حذفیات و رنگی شده,https://www.youtube.com/watch?v=4CSm-4SifyE
شیربها - بدون سانسور و رنگی,https://www.youtube.com/watch?v=WgPakCEzqfA
دو کبوتر- بدون سانسور و رنگی شده,https://www.youtube.com/watch?v=fGv6HEaZEBg
صلاح الدین ایوبی - بدون حذفیات,https://www.youtube.com/watch?v=ZsZNeJ4nyeM
صادق کرده - بدون سانسور و رنگی شده,https://www.youtube.com/watch?v=4xG0Hvo_fUM
صبح خاکستر- بدون سانسور و رنگی شده,https://www.youtube.com/watch?v=bGtfX8gYnGE
شهر آفتاب - بدون سانسور و رنگی شده,https://www.youtube.com/watch?v=yDxowo6KwIo
سالومه |صحنه دار +18,https://www.youtube.com/watch?v=IBM9XeubTs0
سه ناقلا در ژاپن,https://www.youtube.com/watch?v=kNjW8ca2yac
ستیز | فیلم زیبای بدون سانسور,https://www.youtube.com/watch?v=39s751gEWME
سایه سرنوشت |  رنگی شده اختصاصی,https://www.youtube.com/watch?v=MbjAE6GryC4
رسوایی |  فیلم بدون سانسور,https://www.youtube.com/watch?v=kKYkwBcvHbU
همای سعادت جذاب و بدون سانسور - با بازی فردین,https://www.youtube.com/watch?v=Y-pIYDdnIDo
زن خون آشام | فیلم صحنه دار,https://www.youtube.com/watch?v=osRLlspCnL8
بچه های محل |  فیلم قدیمی بدون سانسور,https://www.youtube.com/watch?v=ePfQgJIBVLI
رفاقت - بدون حذفیات و با کیفیت,https://www.youtube.com/watch?v=0AqhgEBNEAo
زخم خنجر رفیق - بدون سانسور و با کیفیت,https://www.youtube.com/watch?v=2BPQvtbeHP8
رسوای عشق - بدون سانسور و رنگی شده,https://www.youtube.com/watch?v=TVDuP4IBcIE
رام کردن مرد سرکش - بدون سانسور و بدون حذفیات,https://www.youtube.com/watch?v=g6wIeBzDO4w
رنگین کمان - بدون سانسور و رنگی شده,https://www.youtube.com/watch?v=7enqNEdXAD0
دزد سوم - بدون سانسور و رنگی شده,https://www.youtube.com/watch?v=yKCEIoFqXOw
داماد فراری - بدون حذفیات و با کیفیت,https://www.youtube.com/watch?v=KAfDU4HS42g
در انتهای ظلمت  بدون سانسور و رنگی شده,https://www.youtube.com/watch?v=aM6-25BTgDw
جوجه فکلی - بدون سانسور و رنگی شده,https://www.youtube.com/watch?v=8qO9ALlnR8M
دشمن زن  بدون سانسور و رنگی شده,https://www.youtube.com/watch?v=LBrjd2DBRCU
حلقه های ازدواج - بدون سانسور و رنگی شده,https://www.youtube.com/watch?v=NMKfH0vXcjY
خوشگلا عوضی گرفتین - بدون سانسور و باکیفیت,https://www.youtube.com/watch?v=0ACvWAEoRwc
خاتون - بدون سانسور,https://www.youtube.com/watch?v=u2h-f4B6Bjs
جمعه - بدون سانسور و صحنه دار,https://www.youtube.com/watch?v=nACB2ekOV7o
در دنیا بیگانه بودم - بدون سانسور و رنگی شده,https://www.youtube.com/watch?v=V-Gkm4plSbk
دخترها اینطور دوست دارند - بدو حذفیات و با کیفیت,https://www.youtube.com/watch?v=dc-u6qtEcGE
دختر کوهستان - بدون حذفیات و رنگی شده,https://www.youtube.com/watch?v=m2b1NbbvOAA
خوشگل و قهرمان - بدون سانسور و با کیفیت,https://www.youtube.com/watch?v=CyYJu2Klzbg
حق و ناحق  بدون حذفیات و رنگی شده,https://www.youtube.com/watch?v=YQI40d0HPxI
خروس جنگی - بدون سانسور و رنگی شده,https://www.youtube.com/watch?v=8Ig-dgUKkPk
خوابهای طلایی - بدون حذفیات و رنگی شده,https://www.youtube.com/watch?v=-IwyZ_EDgiY
حسین کرد شبستری - بدون حذفیات و با کیفیت,https://www.youtube.com/watch?v=T-HPpquVmjE
خوشگل خوشگلا - بدون سانسور با کیفیت,https://www.youtube.com/watch?v=vjeYsMTxXGM
خاطرخواه - بدون سانسور و رنگی شده,https://www.youtube.com/watch?v=Ge1M4PqOSJc
خانه به دوشان - بدون حذفیات و با کیفیت,https://www.youtube.com/watch?v=WfKiNOysc7k
خانه خراب - بدون سانسور و با کیفیت,https://www.youtube.com/watch?v=cat7UDnUgi8
حریص - بدون سانسور,https://www.youtube.com/watch?v=2XQMaQG9mvo
خان نایب - بدون سانسور و با کیفیت,https://www.youtube.com/watch?v=BDpUxMvqT5o
حقه بازان - بدون سانسور و رنگی شده,https://www.youtube.com/watch?v=thpDDgCG-44
خانوم عوضی گرفتی - بدون سانسور و رنگی شده,https://www.youtube.com/watch?v=x9U_sC7q39s
چشمان بسته - بدون سانسور و رنگی شده,https://www.youtube.com/watch?v=VKzsktOVPZg
چیچو و فرانکو وطنی - بدون حذفیات و باکیفیت,https://www.youtube.com/watch?v=I1S1gelBww4
حاجی جبار در پاریس  - بدون سانسورو رنگی شده,https://www.youtube.com/watch?v=gAVDmDWVHpI
حسن سیاه - بدون حذفیات و با کیفیت,https://www.youtube.com/watch?v=ygFcSZPyI3Q
حاتم طایی - بدون سانسور ورنگی شده,https://www.youtube.com/watch?v=BiGc7o14j70
چلچراغ - بدون سانسور و رنگی شده,https://www.youtube.com/watch?v=rRly8ZlgFSM
چشم انتظار - بدون حذفیات و با کیفییت,https://www.youtube.com/watch?v=U2_uYyQyhm4
جهان پهلوان - بدون سانسور، رنگی شده,https://www.youtube.com/watch?v=q9oDXc8uF58
بندری - بدون سانسور ، رنگی شده با کیفیت,https://www.youtube.com/watch?v=pQb4XtU4eJg
بی گناه - بدون حذفیات و با کیفیت,https://www.youtube.com/watch?v=-AX9vmexuDU
جبار سرجوخه فراری - بدون حدفیات و با کیفیت,https://www.youtube.com/watch?v=z3_CphuatUk
تپلی - بدون سانسور و رنگی شده,https://www.youtube.com/watch?v=R6My1kV3m7o
پل - بدون حذفیات و با کیفیت,https://www.youtube.com/watch?v=FKNgzvbGLmA
پسر خوانده - بدون سانسور و با کیفیت,https://www.youtube.com/watch?v=SJdDg6hlTxs
جاده زرین سمرقند - بدون حذفیات و با کیفیت,https://www.youtube.com/watch?v=6htf7jfXQBs
پیمان دوستی - بدون سانسور، رنگی شده,https://www.youtube.com/watch?v=EcID5xQLD-Q
پاکباخته - بدون سانسور و با کیفیت,https://www.youtube.com/watch?v=9E21sR5Ga5U
آخرین هوس - بدون سانسور و رنگی شده ، با کیفیت,https://www.youtube.com/watch?v=vd1_MQCqY4k
پهلوان مفرد - بدون سانسور و رنگی شده ، با کیفیت,https://www.youtube.com/watch?v=mKAeA7CYLAg
برای که قلبها می تپد - بدون سانسور، رنگی شده,https://www.youtube.com/watch?v=5hPSdZy7K34
امشب دختری میمیرد  | +18 رنگی شده,https://www.youtube.com/watch?v=C11vp2RjLdM
بسترهای جداگانه - بدون حذفیات ، نگی شده,https://www.youtube.com/watch?v=RczNDvwUTMw
بدنام - بدون سانسور  ، با کیفیت,https://www.youtube.com/watch?v=lwV15WDSaDE
ایوب - بدون سانسور ، رنگی شده,https://www.youtube.com/watch?v=CuVxB7inxQM
پسرک بدون حذفیات و با کیفیت با بازی نعمت الله گرجی,https://www.youtube.com/watch?v=hjPYDDb-fUQ
بی عشق هرگز بدون سانسور و رنگی شده,https://www.youtube.com/watch?v=YJDgt9CMmEc
پاپوش -  فیلم صجنه   ار,https://www.youtube.com/watch?v=exdftI7WK0U
پا برهنه - بدون سانسور,https://www.youtube.com/watch?v=aWJFvpX8WAQ
ایوالله شاد و مهیج بدون حذفیات با هنرمندی آغاسی,https://www.youtube.com/watch?v=3jkOLjmTgwE
امیر ارسلان نامدار بدون حذفیات و رنگی شده - با هنرمندی فردین,https://www.youtube.com/watch?v=ZmVsspF_IMw
اسلحه مهیج م جذاب بدون حذفیات و باکیفیت -,https://www.youtube.com/watch?v=1rCRcDHyWtM
باد صبا بدون سانسور ورنگی شده,https://www.youtube.com/watch?v=2k_qAYDrxfE
بابا خالدار - سانسور و رنگی شده,https://www.youtube.com/watch?v=ePTYYE_ryNY
پشت و خنجر- ایرج قادری و پوری بنایی - رنگی اختصاصی,https://www.youtube.com/watch?v=EmUuWFSTlzI
اگر برگی نریزد - رنگی شده - با هنرمندی شهناز,https://www.youtube.com/watch?v=lWDEGfR_kaU
ایستگاه ترن - بدون سانسور,https://www.youtube.com/watch?v=UflS4HvxuQw
بابا کوهی - بدون حذفیات و با کیفیت,https://www.youtube.com/watch?v=68bYzY6m-Wo
تنها مرد محله - بدون سانسور و رنگی شده,https://www.youtube.com/watch?v=Linr-AajI-4
بابا شمل - رنگی شده با هنرمندی فردین,https://www.youtube.com/watch?v=J-0ZuJ4wC1M
با هم ولی تنها - بدون سانسور,https://www.youtube.com/watch?v=h7Kh6gR2f0c
الکی خوش بدون حذفیات و با کیفیت و رنگی شده با هنرمندی رضا بیک ایمانوردی و منوچهر وثوق,https://www.youtube.com/watch?v=vyJiDEJzr7k
پریزاد - بدون سانسور و رنگی شده نسخه با کیفیت با بازی فروزان,https://www.youtube.com/watch?v=6JaAwdfPZhw
پری خوشگله جذاب و بدون سانسور و رنگی شده با بازی منوچهر وثوقی و شهناز تهرانی,https://www.youtube.com/watch?v=Rh7hPFq47_c
پرستوها به لانه باز میگردند بدون حذفیات,https://www.youtube.com/watch?v=Q9aNmzLKZNA
پخمه بدون سانسور و رنگی شده نسخه کامل با بازی بهمن مفید,https://www.youtube.com/watch?v=gqRtsdnRuq4
بوی گندم بدون سانسور و بدون حذفیات و رنگی شده با حضور ویگن و محمد دلجو,https://www.youtube.com/watch?v=hWZ681_uiz0
پا تو کفش من نکن بدون سانسور و رنگی شده,https://www.youtube.com/watch?v=uzgNnQ96GJY
بیدار در شهر,https://www.youtube.com/watch?v=uLDmh2HZDZg
به امید دیدار - فیلمی  پر از صحنه و  قص و آواز,https://www.youtube.com/watch?v=qzV7-IbzILc
بیگانه - فیلم رو از دست ندید - با کیفیت بالا,https://www.youtube.com/watch?v=3guEKCq62M8
پاشنه طلا - رنگی,https://www.youtube.com/watch?v=IuxCs00SswQ
بی نشان | فیلم ترمیم شده رنگی - ساخسور نشده,https://www.youtube.com/watch?v=P6Y3PPu_088
بی ستاره ها | فیلم قدیمی رنگی شده -  بدون سانسور,https://www.youtube.com/watch?v=FS537odngeY
فیلم قدیمی به خاطر دخترم | بدون سانسور,https://www.youtube.com/watch?v=P4YYsko8MrY
فیلم زیبای مرد ده میلیون تومانی  بدون حذفیات نسخه با کیفیت و رنگی,https://www.youtube.com/watch?v=TNbo1NYK1v8
فیلم سرنوشت با حضور مارلین اشمیت  بدون سانسور  نسخه رنگی,https://www.youtube.com/watch?v=OCCWvEzOeDk
فیلم زیبای کلید بهشت   بدون حذفیات و کامل - با هنرمندی گیتی فروهر,https://www.youtube.com/watch?v=_kIZ2B9ROnY
فیلم زیبای مزد خونین  بدون سانسور و رنگی شده  با بازی پوری,https://www.youtube.com/watch?v=3AccmHI7yEU
فیلم زیبای معجزه بدون سانسور  نسخه کامل و رنگی و باکیفیت - با بازی رضا بیک ایمانوردی,https://www.youtube.com/watch?v=bO7jFMG5zZM
فیلم زیبای من مادرم بدون سانسور  رنگی شده و با کیفیت,https://www.youtube.com/watch?v=nloBfxxEAmY
فیلم کامل ریکاردو   صحنه دار بدون سانسور- با بازی بهمن مفید,https://www.youtube.com/watch?v=J06xUp201Hk
فیلم کامل بنده خدا  بدون سانسور رنگی شده اختصاصی با هنرمندی نعمت الله آغاسی,https://www.youtube.com/watch?v=K_8oHsa4-qY
فیلم قدیمی شیادان  بدون سانسور رنگی شده با حضور کتایون,https://www.youtube.com/watch?v=MeJ5felzx8I
فیلم زیبای شوهر آهو خانم   بدون حذفیات و با کیفیت,https://www.youtube.com/watch?v=xjOaLNW4oXg
فیلم زیبای مرد ده میلیون تومانی  بدون سانسور نسخه با کیفیت و رنگی,https://www.youtube.com/watch?v=z1Kk14B5kQ4
فیلم بدون حذفیات زیبای رامشگر   با هنرنمایی منوچهر وثوق,https://www.youtube.com/watch?v=N98952DSf-Q
فیلم کامل عزیز قرقی  بدون سانسور رنگی شده موزیکال,https://www.youtube.com/watch?v=gNd8Pa5GPOg
فیلم صحنه دار مروارید   بدون حذفیات و نسخه کامل - با حضور بهمن مفید و منوچهر وثوق,https://www.youtube.com/watch?v=at1tASvZOQg
رضا بیک در فیلم یاور بدون سانسور  + نسخه رنگی اختصاصی با حضور رضا بیک ایمانوردی,https://www.youtube.com/watch?v=ZU6eliWIMRk
ناصر ملک مطیعی در فیلم زیبای گذشت بزرگ   رنگی و بدون حذفیات,https://www.youtube.com/watch?v=fccKYTRz1cw
مهدی فخیم زاده در فیلم بدون سانسور زن باکره   رنگی و با کیفیت,https://www.youtube.com/watch?v=PjUuVdSEMF0
فیلم زیبای کوچ  بدون سانسور و رنگی شده  با حضور رضا بیک,https://www.youtube.com/watch?v=ldBeQfcIBcw
فیلم زیبا و بدون حذفیات کوثر   نسخه باکیفیت و رنگی,https://www.youtube.com/watch?v=8atnlNlSMZ4
فیلم بدون حذفیات گذشت   نسخه کامل و رنگی شده,https://www.youtube.com/watch?v=JtvRGlKQTgY
فردین در فیلم زیبای گرگهای گرسنه   با بازی پوران   رنگی شده,https://www.youtube.com/watch?v=2o-6HN7ujBw
فیلم زیبای خورشید می درخشد   نسخه کامل و با کیفیت -با بازی نصرالله وحدت,https://www.youtube.com/watch?v=ANbrI3txCbE
فیلم زیبای رابطه   با حضور ایرج قادری   نسخه کامل,https://www.youtube.com/watch?v=GlUzIx63mYM
فیلم اکشن  کوهزاد بدون سانسور   نسخه کامل و رنگی شده,https://www.youtube.com/watch?v=uNs6EK1anks
فیلم تنها و گلها   عاشقانه بدون سانسوربا کیفیت عالی,https://www.youtube.com/watch?v=zfNQffZqeCc
رضا بیک در فیلم گلهای گیلان   نسخه با کیفیت و بدون حذفیات,https://www.youtube.com/watch?v=vDwoVLUwq6Y
سعید راد در فیلم بدون سانسور کنیز   بدون سانسور و با کیفیت,https://www.youtube.com/watch?v=oaVTGtchrDw
فیلم بدون سانسور مردی از جنوب شهر   بدون حذفیات و کامل,https://www.youtube.com/watch?v=Auv5IKaTJSE
سعید راد در فیلم بدون سانسور مرد شب رنگی شده   نسخه کامل,https://www.youtube.com/watch?v=neM6fGzbyBw
قهرمان قهرمانان جذاب و بدون سانسور - با هنرمندی فردین,https://www.youtube.com/watch?v=2O4DKYLDRAs
سکوت بزرگ بدون سانسور و رنگی شده - با هنرمندی سعید راد و نوش آفرین,https://www.youtube.com/watch?v=gnaRsB4lb4M
شرور ههیج و بدون سانسور و رنگی شده -,https://www.youtube.com/watch?v=OvuXk68lhZY
علفهای هرز جذاب و بدون سانسور و رنگی شده - با هنرمندی ویگن و شهرام شب پره,https://www.youtube.com/watch?v=u0PihOc2Np0
قیامت عشق بون سانسور و رنگی شده - با بازی عزت الله انتظامی,https://www.youtube.com/watch?v=cOS5QsBmq9s
گناه زیبایی جذاب و بدون سانسور و ترمیم شده - با هنرمندی گوگوش,https://www.youtube.com/watch?v=5AAeW3l9WWw
غول مهیج و فوق جذاب و بدون سانسور - با هنرمندی بهمن مفید,https://www.youtube.com/watch?v=yoT3O9gYqY8
عشق کولی جذاب و بدون سانسور و رنگی شده - با بازی لی لی,https://www.youtube.com/watch?v=bdoMM06IXMc
درختان ایستاده می میرند جذاب و بدون حذفیات -با هنرمندی منوچهر وثوق,https://www.youtube.com/watch?v=ksYXG_kss88
دل خودش میخواد بدون سانسور و رنگی شده - با بازی منوچهر وثوق,https://www.youtube.com/watch?v=P_obwLw1Yy0
فیلم صحنه دار اشک رقاصه با حضور شهناز تهرانی  و منوچهر وثوق  بدون سانسور و رنگی,https://www.youtube.com/watch?v=8Nx-V1hIHDE
بیست سال انتظار بدون سانسور و ترمیم شده - با هنرمندی بهروز وثوقی و شهلا ریاحی,https://www.youtube.com/watch?v=K39wUdpZCbk
پدر که ناخلف افتد بدون حذفیات و رنگی شده - با هنرمندی جمشید مشایخی و پوری بنائی,https://www.youtube.com/watch?v=pRHwbXEHAbY
ترانه های روستایی جذاب و بدون حذفیات  - با بازی فردین,https://www.youtube.com/watch?v=yZLEykuWd78
داغ ننگ بدون سانسور و ترمیم شده  - با بازی ایرج قادری و رضابیک ایمانوردی,https://www.youtube.com/watch?v=KoLtToZ5ya0
پا برهنه ها مهیج و بدون حذفیات - با بازی منوچهر وثوق و رضا بیک,https://www.youtube.com/watch?v=tX2JIXhQW94
جوانان امروزی بدون سانسور-,https://www.youtube.com/watch?v=M2NgP49k9sM
اجل معلق کمدی و جذاب و بدون سانسور - با بازی نصرالله وحدت,https://www.youtube.com/watch?v=bahuqHMyBhE
جلاد مهیج و بدون سانسور و رنگی شده -با بازی رضا بیک ایمانوردی,https://www.youtube.com/watch?v=oJgV9vMFghc
خانه خراب بدون حذفیات و ترمیم شده,https://www.youtube.com/watch?v=dBWrZzwb5JU
افسونگر+18 بدون سانسور و رنگی شده  - با هنرمندی ناصر ملک مطیعی و ژاله علو,https://www.youtube.com/watch?v=M0jeUzH8xTs
آفت زندگی 2 جذاب و بدون سانسور - با بازی شهلا ریاحی,https://www.youtube.com/watch?v=Rc1GPGocK24
آینه زمان مهیج و بدون سانسور  - با هنرمندی عارف,https://www.youtube.com/watch?v=IrvTFhzQMpk
احساس داغ جذاب و بدون سانسور - با هنرمندی گوگوش,https://www.youtube.com/watch?v=q6oopSsA2o8
برادر کشی مهیج و بدون سانسور - با بازی ایرج قادری,https://www.youtube.com/watch?v=wmlrEUgKyyI
بزن بریم دزدی بدون سانسور و رنگی شده - با بازی عارف,https://www.youtube.com/watch?v=FvAm5fBQc0U
باغ بلور بدون سانسور و رنگی شده - با بازی لیلا فروهر,https://www.youtube.com/watch?v=QYs9q2BgIW0
ولگرد قهرمان مهیج و بدون سانسور - با هنرمندی رضا بیک ایمانوردی,https://www.youtube.com/watch?v=M7nK6AaWy5c
فیلم باد سرخ - فیلمی از بهرام بیضایی,https://www.youtube.com/watch?v=tIqKlrm64Yg
بلبل مزرعه جذاب و بدون سانسور و رنگی شده - با بازی حمید قنبری,https://www.youtube.com/watch?v=Lv75h5C61Y0
فیلم قبل انقلاب بهرام بیضایی - کلاغ - رنگی و ترمیم شده بدون سانسور,https://www.youtube.com/watch?v=WNeCtuTLxgE
بلوچ بدون حذفیات و رنگی شده - با هنرمندی بهروز وثوقی,https://www.youtube.com/watch?v=V5J91LM_syw
ببر رینگ مهیج و بدون سانسور - با بازی رضا بیک ایمانوردی,https://www.youtube.com/watch?v=-Fds9uyWIio
مصطفی لره جذاب و بدون سانسور - با بازی نعمت الله گرجی,https://www.youtube.com/watch?v=PbZpgmqkLVk
بده در راه خدا بدون حذفیات - با بازی گیتی فروهر,https://www.youtube.com/watch?v=Ftbb9G1F8kU
یک خوشگل و هزار مشکل بدون سانسور- با هنرمندی فردین و پوری بنائی,https://www.youtube.com/watch?v=DheMloBWfa8
یک قدم تا مرگ جذاب و بدون سانسور -,https://www.youtube.com/watch?v=uH_vFbSY_bc
یک میلیونر و دو مفلس کمدی و بدون سانسور --,https://www.youtube.com/watch?v=Hw1ljmfq4Uc
نبرد با زندگی بدون حذفیات و رنگی شده - با بازی رضا بیک ایمانوردی,https://www.youtube.com/watch?v=2zew3R4y-FE
نوبر اصفهان جذاب و بدون سانسور - با بازی نصرالله وحدت,https://www.youtube.com/watch?v=pq_8o4baE4M
مردی که رنج می برد بدون سانسور ورنگی شده - به کارگردانی محمد علی جعفری,https://www.youtube.com/watch?v=UJZ3bU1RZK8
هفت دلاور بدون سانسور و رنگی شده -,https://www.youtube.com/watch?v=3HcHSKc9JfQ
معرکه مهیج و بدون سانسور - کارگردان روبیک زادوریان,https://www.youtube.com/watch?v=-_LbaclCHfQ
نردبان ترقی +18 بدون سانسور و رنگی شده - با بازی شهین,https://www.youtube.com/watch?v=_db9aWIvdtY
هیاهو بدون سانسور و بدون حذفیات -,https://www.youtube.com/watch?v=Q6d0o0Y9G1g
مواظب کلات باش بدون سانسور - با هنرمندی فردین,https://www.youtube.com/watch?v=hWytmnU-kt8
نمک نشناس بدون حذفیات و بدون سانسور - با هنرمندی منوچهر وثوق,https://www.youtube.com/watch?v=jwMixZU9JgY
هفت شهر عشق بدون سانسور و حذفیات - با بازی حمیده خیر آبادی,https://www.youtube.com/watch?v=hto-9O7pvxI
فیلم مرد بدون سانسور و رنگی شده  - با هنرمندی بهمن مفید و ناصر ملک مطیعی,https://www.youtube.com/watch?v=PVLyYlaQjH4
مردانه بکش بدون سانسور و بدون حذفیات - با هنرمندی فردین,https://www.youtube.com/watch?v=6QGJGjRClDM
دختر ولگرد رنگی شده +18 بدون سانسور -,https://www.youtube.com/watch?v=hXc5WTBxPDo
خاکستری بدون سانسور و رنگی شده - با هنرمندی نوش آفرین و سعید راد,https://www.youtube.com/watch?v=N_YntFFyp90
عروس دریا بدون سانسور و رنگی شده - با بازی بهروز وثوقی و ویگن,https://www.youtube.com/watch?v=3EePk0fTbqE
عباسه و جعفر برمکی بدون حذفیات و رنگی شده - با بازی ژاله علو,https://www.youtube.com/watch?v=xyA8EMqSptg
فریاد عشق +18 بدون سانسور و رنگی شده- با بازی منوچهر وثوقی,https://www.youtube.com/watch?v=YZaa2e92Iic
مرد جنگل فیلم مهیج و بدون سانسور -,https://www.youtube.com/watch?v=VvuJ_UuvByA
مادمازل خاله بدون حذفیات و رنگی شده - به کارگردانی امین امینی,https://www.youtube.com/watch?v=nMTFO7YT0to
محبوب بچه ها جذاب و بدون حذفیات - با بازی رضا بیک ایمانوردی,https://www.youtube.com/watch?v=a4FmKLLv8aE
فاصله فیلم مهیج و بدون سانسور - با بازی مرتضی عقیلی و ویگن,https://www.youtube.com/watch?v=p30Hz84qvPk
فدایی بدون سانسور و رنگی شده - با هنرمندی داوود رشیدی,https://www.youtube.com/watch?v=aShEDzAsDLo
گلهای کاغذی فیلم جذاب و بدون سانسور - با بازی مرتضی عقیلی,https://www.youtube.com/watch?v=KG0h3Yrs2gQ
لوطی بدون سانسور و رنگی شده - با بازی ناصر ملک مطیعی و ژاله علو,https://www.youtube.com/watch?v=G-iNMB6qg_M
مراد فیلم بدون سانسور و کامل - با هنرمندی هایده,https://www.youtube.com/watch?v=krgPRr8ESCk
مرد افکن فیلم کامل و بدون حذفیات - با بازی ناتاشا,https://www.youtube.com/watch?v=_xz-UEuIFSM
گرداب گناه بدون سانسور و بدون حذفیات - با بازی پوری بنایی و بهروز وثوقی,https://www.youtube.com/watch?v=16bGU3lTRBs
سفر سنگ مهیج و بدون سانسور - با هنرمندی سعید راد,https://www.youtube.com/watch?v=AvSXX3oGGAA
سه دلباخته بدون حذفیات و رنگی شده - با بازی منوچهر وثوقی,https://www.youtube.com/watch?v=j4MK6QKhTDM
رعد و برق بدون سانسور و رنگی شده - با بازی فرخنده,https://www.youtube.com/watch?v=JaXfHdbNQfU
ستاره صحرا بدون سانسور - با بازی شهین,https://www.youtube.com/watch?v=3ALVPBS4GA0
زن یکشبه بدون سانسور - با هنرمندی پوری بنائی و بهمن مفید,https://www.youtube.com/watch?v=o9oa3exJEtQ
شب اعدام +18 بدون سانسور - کارگردان داوود ملاپور,https://www.youtube.com/watch?v=HG75dJeNkkM
شراره بدون سانسور -,https://www.youtube.com/watch?v=Mpj7HnDTHeg
سایه سرنوشت بدون سانسور و رنگی شده - با بازی ناصر ملک مطیعی,https://www.youtube.com/watch?v=OPOImlAbFF4
زندگی شیرین است بدون سانسور - با بازی تهمینه,https://www.youtube.com/watch?v=TupGv3MuiRs
سنگ صبور+18 بدون سانسور ورنگی شده - کارگردان عباس کسایی,https://www.youtube.com/watch?v=GMxvftfup4M
آلونک بدون سانسور - به کارگردانی مادروک الخاص,https://www.youtube.com/watch?v=81nhQlfMSnU
سه فراری بدون سانسور  -,https://www.youtube.com/watch?v=ExmH9bzgHQU
خانم دلش موتور می خواد بدون سانسور و رنگی شده - با بازی پوری بنائی و بهمن مفید,https://www.youtube.com/watch?v=lVus0B4_On0
دختری از شیراز بدون سانسور - با بازی فرح پناهی,https://www.youtube.com/watch?v=vLwcXuYzuvc
دوستت دارم بدون سانسور و رنگی شده  - کارگردان اسماعیل کوشان,https://www.youtube.com/watch?v=gtleOacN_MU
فیلم آلوده بدون سانسور و رنگی شده -,https://www.youtube.com/watch?v=nQItfga0Fug
رضا بیک در فیلم زیبای رانده شده   نسخه کامل و بدون حذفیات,https://www.youtube.com/watch?v=FxFu32Rcp1Q
ایرج قادری در فیلم دکتر و رقاصه   بدون سانسور و رنگی,https://www.youtube.com/watch?v=j-2ddCNQtyE
بهمن مفید در فیلم زیبای مشکی   بدون سانسور و نسخه کامل,https://www.youtube.com/watch?v=MiCS7K-hLA0
رنگین کمان فیلم جذاب  بدون سانسور -,https://www.youtube.com/watch?v=XDrZYk8GT_c
دشت سرخ بدون سانسور و رنکی شده - با بازی بهروز وثوقی,https://www.youtube.com/watch?v=QbCB6ymrtZM
خانوم خانوما رنگی شده و بدون حذفیات  -,https://www.youtube.com/watch?v=RTVFdKHQDOE
بهمن مفید در فیلم فریادرس   بدون حذفیات و رنگی شده,https://www.youtube.com/watch?v=M7o7xkADVo8
بهمن مفید در فیلم زیبای مشکی   بدون سانسور و نسخه کامل,https://www.youtube.com/watch?v=YsmXD_eg7c4
رضا بیک در فیلم رضا چلچله   نسخه کامل و رنگی شده و بدون سانسور,https://www.youtube.com/watch?v=bLIJzzZh6WQ
فیلم بی سانسور ماجرای یک دزد -صحنه دار و کامل باکیفیت,https://www.youtube.com/watch?v=0U3pSTAkoZE
فیلم بدون سانسور ایوالله - با بازی آغاسی - رنگی شده,https://www.youtube.com/watch?v=BVJeW6n7kH4
حمیده خیرآبادی در فیلم باجناق - بدون سانسور و نسخه رنگی,https://www.youtube.com/watch?v=l2Hvf1FPus0
فیلم زیبای بدون سانسورایوب - نسخه کامل و با کیفیت,https://www.youtube.com/watch?v=YlHlztCeDTY
ویکتوریا در فیلم انتقام روح - بدون حذفیات و رنگی شده,https://www.youtube.com/watch?v=pQu4k5V9Y0I
فیلم قدیمی زیبای بابا کوهی - بدون حذفیات و کامل,https://www.youtube.com/watch?v=81kQVX-RpyQ
ناصر ملک مطیعی در فیلم بابا گلی به جمالت - صحنه دار قدیمی رنگی شده,https://www.youtube.com/watch?v=i3xIu7mb1NU
فردین در فیلم بی سانسور انسانها - نسخه کامل و رنگی شده,https://www.youtube.com/watch?v=Gz2EZDA76kQ
فیلم زیبای انسان پرنده - قدیمی نسخه کامل بدون حذفیات,https://www.youtube.com/watch?v=R8yBH9tyBOo
فیلم آقا دزده مهیج و بدون سانسور - با بازی رضا بیک ایمانوردی,https://www.youtube.com/watch?v=dhnyUshote4
فیلم آینه زمان بدون سانسور - با هنرمندی عارف,https://www.youtube.com/watch?v=ZQ3jLDO-8p4
این گروه محکومین بدون سانسور - با هنرمندی عزت الله انتظامی و محمد علی کشاورز,https://www.youtube.com/watch?v=Vjz4H4kTXWE
لیلی و مجنون - بدون سانسور - با هنرمندی بهروز وثوقی و رضا بیک ایمانوردی,https://www.youtube.com/watch?v=_hoacKfe7xU
فاتح دلها بدون سانسور - با هنرمندی نعمت الله آغاسی,https://www.youtube.com/watch?v=2u7yLiOuEyA
مردی در قفس مهیج و بدن سانسور - با هنرمندی پوری بنائی,https://www.youtube.com/watch?v=sz1xOvQq_RU
کلبه ای آنسوی رودخانه - با بازی ناصر ملک مطیعی و رزی خوشکام,https://www.youtube.com/watch?v=NxHhwAYFNu8
فیلم مبارزی در نیمه راه بدون سانسور,https://www.youtube.com/watch?v=qmup7HwSQPg
راز درخت سنجد بدون سانسور - با هنرمندی فردین,https://www.youtube.com/watch?v=sydYlVKX3FM
فریاد بدون سانسور - با هنرمندی جمشید مشایخی,https://www.youtube.com/watch?v=hdWifUleHO8
طوطی بدون سانسور - با هنرمندی بهمن مفید,https://www.youtube.com/watch?v=jiw3dh_-ZXM
مرید حق بدون سانسور  - با هنرمندی ناصر ملک مطیعی,https://www.youtube.com/watch?v=4LPXN0LeVek
فیلم زیبای کافر - با بازی سغید راد و حمیده خیرآبادی - بی سانسور,https://www.youtube.com/watch?v=cGcyKtthzGc
فیلم زیبای بی سانسورکیفر - با بازی بهمن مفید - نسخه کامل,https://www.youtube.com/watch?v=x6e1T3X2Sp4
عروس فراری بدون سانسور -,https://www.youtube.com/watch?v=wqPqBhTtoA8
حق و ناحق بدون سانسور - با هنرمندی بهمن مفید و منوچهر وثوقی,https://www.youtube.com/watch?v=yXXrcMwpsxE
جنجال عروسی بدون سانسور - با بازی گوگوش,https://www.youtube.com/watch?v=jEHu7_ZBK_8
فیلم صحنه دار زیبای ماه پیشونی - با بازی گیتی فروهر - نسخه کامل,https://www.youtube.com/watch?v=gcGKQQnhbgA
لیلا فروهر در فیلم عاشقانه پرستوهای عاشق  - نسخه بدون سانسور و رنگی شده HD,https://www.youtube.com/watch?v=oeiFlbxForo
نسخه رنگی فیلم امشب اشکی میریزد  -  رنگی شده اختصاصی - با حضور فرامرز قریبیان و آیلین ایگن,https://www.youtube.com/watch?v=B5W896QQpts
گوگوش و منوچهر وثوق در فیلم آسمون بی ستاره  -  رنگی بدون سانسور,https://www.youtube.com/watch?v=HATSiwJK-YY
نسخه بدون سانسور وصحنه دار اخم نکن سرکار -  رنگی شده اختصاصی - با بازی ناصر ملک مطیعی,https://www.youtube.com/watch?v=pePLphQ80Pc
فیلم موزیکال  احمد چکمه ای -  نسخه بازسازی شده  - بدون سانسور,https://www.youtube.com/watch?v=CORRfNkHPts
جنوبی بدون سانسور صحنه دار - با هنرمندی مرتضی عقیلی,https://www.youtube.com/watch?v=fyHpkl16nRQ
خاطرخواه  فیلم بدون سانسور و جذاب - به کارگردانی ناصر ملک مطیعی,https://www.youtube.com/watch?v=MKjpXCFGbUM
فیلم حکم تیر مهیج و بدون سانسور - کارگردان ایرج  قادری,https://www.youtube.com/watch?v=5m3rIn4BIUE
جدال در کویر   50 دقیقه - کارگردانی داوود ملا پور,https://www.youtube.com/watch?v=QD1q0egyk_c
خاک مهر شده - با بازی فلورا شباویز,https://www.youtube.com/watch?v=QGm-8p_jA-Q
حیدر بدون سانسور و صحنه دار - با هنرمندی رضا بیک ایمانوردی و بهمن مفید,https://www.youtube.com/watch?v=WmRPXm2L3vo
خاک بدون سانسور - با بازی بهروز وثوقی,https://www.youtube.com/watch?v=tNdwmMqtjoM
جاهلها و ژیگولها - فیلم بدون سانسور با کارگردانی حسین مدنی,https://www.youtube.com/watch?v=ALnVl_51Kf0
فیلم کمدی بدون سانسوربابا کرم   نسخه رنگی شده - کارگردان محمد شب پره,https://www.youtube.com/watch?v=dk-CjcsVHSE
فیلم کمدی آقای هفت رنگ   با نقش افرینی حمیده خیرابادی بدون حجاب - کارگردان امین امینی,https://www.youtube.com/watch?v=d_F_UxVheWU
فیلم کمدی شانس بزرگ  1344   رنگی شده اختصاصی HD - کارگردان شکراله رفیعی,https://www.youtube.com/watch?v=vmY3lwXS6Hk
فیلم کمدی صحنه دار آقا رضای گل   بدون سانسور رنگی شده  - با بازی رضا بیک ایمانوردی,https://www.youtube.com/watch?v=7ucF7gZ1ALo
فیلم عاشقانه   مهیج آینه تاکسی   نسخه رنگی بدون سانسور - کارگردان اسماعیل پور سعید,https://www.youtube.com/watch?v=yfRKC3TVvbY
فیلم کامل ارادتمند شما عزرائیل   بدون سانسور - با بازی حمیده خیر آبادی,https://www.youtube.com/watch?v=mgjLdGRY9Bk
فیلم قدیمی عاشقانه اعتراف  نسخه بدون سانسور و رنگی - با هنرمندی ویگن,https://www.youtube.com/watch?v=CI3rvcCy4Yw
فیلم قدیمی بوف کور رنگی شده اختصاصی   فیلمی بر اساس رمان صادق هدابت,https://www.youtube.com/watch?v=u1mQXsyguz4
فیلم قدیمی اشک یتیم |  نسخه رنگی شده بدون سانسور,https://www.youtube.com/watch?v=UjmLYqFEZAA
فیلم زیبای افق روشن  - با حضور کتایون ریاحی و منوچهر نوذری,https://www.youtube.com/watch?v=X_GdbvX2qec
فیلم زیبای جان سخت - با بازی ایرج قادری - بدون سانسور رنگی,https://www.youtube.com/watch?v=8E4vzctwS9I
فیلم قدیمی اشک شوق -  نسخه رنگی بدون سانسور - نسخه کامل,https://www.youtube.com/watch?v=ke-b0kbc4OI
فیلم زیبای پلنگ در شب  -  نسخه رنگی شده اختصاصی -  با حضور مهدی فحیم زاده و حمیده خیرابادی,https://www.youtube.com/watch?v=FNuwBj-vX7k
فیلم زیبای تهمت - با حضور منوچهر وثوق  -  نسخه رنگی و بدون سانسور,https://www.youtube.com/watch?v=yMF1E0c6vKc
فیلم قدیمی آراس خان -  نسخه رنگی -  با حضور ناصر ملک مطیعی,https://www.youtube.com/watch?v=OSR-wOVz-S4
فیلم زیبای پهلوان بابا  -  نسخه رنگی و بدون سانسور - کامل,https://www.youtube.com/watch?v=EW3wZwhTT5Q
فیلم زیبای پسران علاالدین - قدیمی نسخه کامل - با بازی کتایون,https://www.youtube.com/watch?v=TjNNJO8MCf4
حمیده خیرآبادی در فیلم تشنه باران - بدون سانسور و نسخه کامل,https://www.youtube.com/watch?v=D3h387b_KMI
فیلم زیبا و بی سانسور تنگنا - با بازی سعید راد - رنگی,https://www.youtube.com/watch?v=jbY5bqv841g
فیلم صحنه دار تولدت مبارک - با بازی حمیده خیرآبادی - رنگی,https://www.youtube.com/watch?v=uM7qbcRSIGw
سعید راد در فیلم تیغ آفتاب - صحنه دار نسخه کامل,https://www.youtube.com/watch?v=_JkkNowj0e0
فیلم قدیمی احمد چوپان -  صحنه دار بدون سانسور -  با حضور رضا بیک و شهین,https://www.youtube.com/watch?v=LZGiIVS6K74
فیلم عاشقانه آشوبگر -  نسخه رنگی و صحنه دار بدون سانسور,https://www.youtube.com/watch?v=IETqmnBK49s
فیلم عاشقانه  اهریمن زیبا -  بدون سانسور و رنگی شده,https://www.youtube.com/watch?v=s3Rsa1qNAw4
فیلم صحنه دار آخرین هوس   -  با هنرنمایی حمیده خبرآبادی  - بی سانسور,https://www.youtube.com/watch?v=h4ntdeYHofo
فیلم زیبای قدیمی پسر زاینده رود -  نسخه رنگی ترمیم شده بدون سانسور -  با حضور جمشید مشایخی,https://www.youtube.com/watch?v=DMn4XEeWzSw
فیلم صحنه دار آواره های تهران - نسخه بدون سانسور و رنگی شده,https://www.youtube.com/watch?v=Np7qxV-zSXo
فیلم صحنه داراعجوبه ها  -  نسخه رنگی و بدون سانسور,https://www.youtube.com/watch?v=Dm5juWai8yI
فیلم صحنه دار الکلی -  نسخه بدون سانسور و رنگی شده - با بازی سعید راد,https://www.youtube.com/watch?v=C4lyXpWqitk
فیلم زیبای با شرفها -  صحنه دار و بدون سانسور - با بازی جمشید مشایخی,https://www.youtube.com/watch?v=-5rAIRdlRT0
فیلم زیبای بی گناه  - نسخه رنگی بازسازی شده - بی سانسور,https://www.youtube.com/watch?v=Q8Rt4_OxU7M
فیلم زیبای آقا مهدی کله پز -  نسخه رنگی اختصاصی بدون سانسور,https://www.youtube.com/watch?v=Bw0zDUD_H_8
فیلم زیبای دختر فراری - بدون سانسور و نسخه رنگی,https://www.youtube.com/watch?v=_6IkJfS17fM
عروسک پشت پرده - بدون سانسور - با بازی شهلا ریاحی,https://www.youtube.com/watch?v=weYHpSEKe0E
فیلم پسران قارون  - داستان عشق سه پسر به یک دختر -  نسخه بدون سانسور,https://www.youtube.com/watch?v=FUbLMorGG_Q
فیلم حادثه ایی اسیر -  با حضور بازیگر های مطرح خارجی جونیت آرکین و فیلیز آکین,https://www.youtube.com/watch?v=90_9tqDbB58
فیلم بدون سانسوربا معرفتها با بازی ناصر ملک مطیعی  - نسخه رنگی شده,https://www.youtube.com/watch?v=N2-tG_Di6n4
دزد سیاهپوش - بدون سانسور - با بازی بهروز وثوق,https://www.youtube.com/watch?v=rDQRCYw-ugM
فیلم صحنه داردنیای آبی - با بازی بهروز وثوقی,https://www.youtube.com/watch?v=THErZRgdDmM
فیلم اکشن اضطراب - نسخه رنگی اورجینال بدون سانسور,https://www.youtube.com/watch?v=gYPhl9v_KNs
ایرج قادری در فیلم کامل آژیر خطر -  کمدی - عاشقانه بدون سانسور,https://www.youtube.com/watch?v=S7BKbGRqhFw
شهناز تهرانی در فیلم بدون سانسور آب توبه   نسخه رنگی بازسازی شده - کارگردان محمد رضا فاضلی,https://www.youtube.com/watch?v=jwwIuDX32GY
فیلم قدیمی حسن دینامیت بدون سانسور +18 - با هنرمندی رضا بیک,https://www.youtube.com/watch?v=woey658g54c
ابرام در پاریس   بدون سانسور-,https://www.youtube.com/watch?v=cWUpbZ3f960
ثریا قاسمی در فیلم آرامش در حضور دیگران   اولین فیلم ثریا قاسمی بدون حجاب,https://www.youtube.com/watch?v=E1VWwyzTjXo
حسین گیل در فیلم اکشن آخرین مبارزه   بدون سانسور رنگی,https://www.youtube.com/watch?v=8drh40Rg-jU
فیلم اکشن آخرین گذرگاه   نسخه رنگی بدون سانسور- کارگردان خسرو پرویزی,https://www.youtube.com/watch?v=LonwkDj_yGk
دنیا مال منه - بدون سانسور  کارگردان خسرو پرویزی,https://www.youtube.com/watch?v=LVPMUHNK2tY
فیلم قدیمی غریبه   صحنه دار و بدون سانسور- با هنرمندی بهروز وثوقی,https://www.youtube.com/watch?v=KWptwehpRzs
فیلم جوجه فوکلی   +18 بدون سانسور-,https://www.youtube.com/watch?v=FSiIeWzNHeY
نسخه رنگی و بدون سانسور فیلم ایمان  - با هنرنمایی بهروز وثوقی و لیلا فروهر,https://www.youtube.com/watch?v=CDU5tv4-er8
فیلم کامل الماس 33 فیلمی از داریوش مهرجویی - با بازی رضا فاضلی,https://www.youtube.com/watch?v=OO4sDmRAwnU
قمار زندگی - فیلم بدون سانسور با هنرمندی رضا بیک ایمانوردی,https://www.youtube.com/watch?v=26ooh4vI8qM
فیلم زیبای زرخرید - با بازی منوچهر وثوق - رنگی شده,https://www.youtube.com/watch?v=bfBFb57ibWg
پسر ایران از مادرش بی خبر است - با بازی رضا ژیان و آهو خردمند,https://www.youtube.com/watch?v=k2o8NpdPxt8
ذبیح - نسخه بدون سانسور فیلم قدیمی,https://www.youtube.com/watch?v=8GBc88sCEQ8
دلقکها  - با هنرمندی رضا بیک و حمیده خیر آبادی,https://www.youtube.com/watch?v=1dsmcvhtZmg
فیلم جنگی شیرین و فرهاد -,https://www.youtube.com/watch?v=ACiuKfPaYak
رفیق - به کارگردانی ایرج قادری,https://www.youtube.com/watch?v=K-QNUwJBdPo
بهشت دور نیست - با هنرمندی فردین و شهلا ریاحی بدون سانسور رنگی,https://www.youtube.com/watch?v=jb887gXIwJc
میلیونرهای گرسنه - با هنرمندی کتایون و رضا بیک,https://www.youtube.com/watch?v=cHq71I2RNSE
نسخه رنگی فیلم بسیار زیبای گاو -  فیلمی از داریوش مهرجویی -  برنده چندین جایزه بین المللی,https://www.youtube.com/watch?v=p8NS7m5IxTw
فیلم زیبای بابا نان داد  - 1352 رنگی بدون سانسور - با بازی رضا بیک,https://www.youtube.com/watch?v=8oKWjZZtg1w
نوید محمدزاده، بهرام افشار و باران کوثری در فیلم زیبای لانتوری  -  داستان واقعی اسیدپاشی,https://www.youtube.com/watch?v=o5ddHRmm6yE
نسخه کامل فیلم آدم و حوا -  بدون سانسور -  رنگی HD,https://www.youtube.com/watch?v=Ho6ULbiFQrw
فیلم عاشقانه احساس داغ با حضور گوگوش  - بدون سانسور,https://www.youtube.com/watch?v=t6cV_nST4bk
فیلم بدون سانسور اتل متل توتوله - با بازی ایرج قادری,https://www.youtube.com/watch?v=EZ0ma_Ar2RI
فیلم جنگی سفر شبانه,https://www.youtube.com/watch?v=tluuMt24l5U
فیلم بدون سانسور ابنبات چوبی -  با بازی جمشید مشایخی,https://www.youtube.com/watch?v=bSVw8ehmDs4
فیلم حادثه ایی آبشار طلا  - 1351 بدون سانسور,https://www.youtube.com/watch?v=FE3elxm87-U
فیلم کامل ابر مرد  - 1353 رنگی -  با حضور حسین گیل و ناصر ملک مطیعی,https://www.youtube.com/watch?v=yRFnV-VOako
فیلم قدیمی صحنه دار هدف -  با حضور ایرج قادری و سعید راد  -  رنگی شده,https://www.youtube.com/watch?v=DUynQ2fjiOk
محمدرضاگلزار، پگاه آهنگری و خاطره اسدی در فیلم عاشقانه خشکسالی و دروغ,https://www.youtube.com/watch?v=qKxNWkWcOoQ
فیلم کمدی چه خوبه که برگشتی  - رضاعطاران، مهناز افشار و حامدبهداد  - فیلمی از داریوش مهرجویی,https://www.youtube.com/watch?v=LXfZiK-2Gxg
فیلم کامل آقای قرن بیستم  - رنگی شده بدون سانسور - با بازی فردین و پوران,https://www.youtube.com/watch?v=H5mPt45fBYM
ناصر ملک مطیعی در فیلم زیبای سد  -  بدون سانسور - با بازی ناصر ملک مطیعی,https://www.youtube.com/watch?v=KUktqZU38AQ
فیلم عاشقانه بی سانسورعشق کولی  - رنگی شده و صحنه دار,https://www.youtube.com/watch?v=MLvtYCDnFWw
فیلم قدیمی قبل انقلاب بی سانسورنسل شجاعان  -  نسخه رنگی و صحنه دار,https://www.youtube.com/watch?v=_laiKzJB9MI
فیلم قدیمی صحنه دار اول هیکل  -  نسخه رنگی و +18,https://www.youtube.com/watch?v=-scUZ15zWmU
فیلم صحنه داراین دست کجه  - نسخه رنگی شده و بدون سانسور,https://www.youtube.com/watch?v=NrVs19xnzOY
فیلم جنگی برزخیها   قدیمی و رنگی شده - کارگردان ایرج قادری,https://www.youtube.com/watch?v=0W6gB5q2MvU
فیلم زیبای قلاب   - با هنرنمایی مرجان و رضا بیک   بدون سانسور,https://www.youtube.com/watch?v=Sy4C-PAc4zA
فیلم بدون سانسوردشمن  - با بازی نوش آفرین و ناصر ملک مطیعی,https://www.youtube.com/watch?v=hd95ge7tJsw
فیلم زیبای قهرمان دهکده  - بدون سانسور-   با حضور ناصر ملک مطیعی,https://www.youtube.com/watch?v=UInTzvZHZyE
فیلم زیبای شکست ناپذیر  - با هنر نمایی فردین,https://www.youtube.com/watch?v=o8b6LXBOUuk
فیلم زیبای قصه شب  - با هنرنمایی فردین   بدون سانسور,https://www.youtube.com/watch?v=IntSHj7C5WU
فیلم صحنه دار سینه چاک -  با حضور ایرج قادری,https://www.youtube.com/watch?v=o6cyfRlUzhg
فیلم صحنه دار مرد هزار لبخند   - با بازی فردین -  رنگی,https://www.youtube.com/watch?v=g4TSSiGjf_I
فیلم صحنه دار دختر همسایه   رنگی و بدون سانسور,https://www.youtube.com/watch?v=vKBeRwPs74U
فیلم صحنه دار شاطر عباس   بدون سانسور  - با بازی لیلا فروهر,https://www.youtube.com/watch?v=d21Y3E3SeSc
فیلم صحنه دار میرم بابا بخرم   با بازی رضا بیک   بی سانسور,https://www.youtube.com/watch?v=Ud6H_o08xes
فریاد زیر آب | باحضور خواننده نسل ها داریوش,https://www.youtube.com/watch?v=EC2-3eSKtug
بهروز وثوقی در فیلم فرشته ای در خانه من - با حضور حمیده خیرآبادی,https://www.youtube.com/watch?v=T2PEAWQMutU
مرجان در فیلم بی حذفیات قدیر - رنگی شده و کامل,https://www.youtube.com/watch?v=Fpf2ee5_ysg
فیلم بدون سانسور بیگانه بیا   با هنرنمایی بهروز وثوقی   رنگی - کارگردان مسعود کیمیایی,https://www.youtube.com/watch?v=vyu74Z4VrvE
فیلم حادثه ایی شبیخون-با حضور جمشید هاشم پور,https://www.youtube.com/watch?v=NTAdMZWFeYE
فیلم بدون سانسور از یاد رفته   نسخه رنگی شده -به کارگردانی محمد زرین دست,https://www.youtube.com/watch?v=IVUKDiSGtLw
فیلم زیبای امروز و فردا با بازی جذاب بهروز وثوق   نسخه رنگی و بدون سانسور,https://www.youtube.com/watch?v=x6rX2xPJdoA
فیلم زیبای انگشت نما   صجنه دار وبدون سانسور   رنگی شده,https://www.youtube.com/watch?v=Xb1ptgNWsPA
فیلم بی سانسور هزار بار مردن - با بازی سعید راد - نسخه کامل,https://www.youtube.com/watch?v=_Ll0c6rwXGc
فیلم زیبای خر دجال   بدون سانسور   نسخه کامل -,https://www.youtube.com/watch?v=A9mT7vg2vNg
مجازات - با هنرمندی بهمن مفید,https://www.youtube.com/watch?v=ldeSKP_R1Cs
فیلم اکشن و صحنه دار استوار و پاسبان   رنگی شده وبدون سانسور,https://www.youtube.com/watch?v=RdVYKFOZ1-M
فیلم افسانه ای سارای,https://www.youtube.com/watch?v=v6DOA0IytD4
فیلم قدیمی غول بیابونی | بدون سانسور,https://www.youtube.com/watch?v=j_l40X1qKPY
فیلم جنگی زیبای حماسه مجنون- با هنرمندی جهانبخش سلطانی,https://www.youtube.com/watch?v=34GvAVnBNik
فیلم قدیمی پستچی   فیلمی از داریوش مهرجویی -با هنرمندی علی نصیریان,https://www.youtube.com/watch?v=rWxOgZwQftw
حامد بهداد و لیلا حاتمی در فیلم کامل نارنجی پوش    فیلمی از داریوش مهرجویی,https://www.youtube.com/watch?v=JQY4p1K885g
بهرام رادان و گلشیفته فراهانی در فیلم توقیفی سنتوری   فیلمی از داریوش مهرجویی,https://www.youtube.com/watch?v=XAZ8c6nxHxg
فیلم کمدی یک جیب پر پول   جوادرضویان، رضاشفیعی جم,https://www.youtube.com/watch?v=EXJiEzl1VQk
بهروز وثوقی در فیلم آرامش قبل از طوفان   صحنه دار و بدون سانسور + رنگی اختصاصی,https://www.youtube.com/watch?v=6yzp1-n3z8k
فردین در فیلم بدون سانسور زن وحشی   صحنه دار,https://www.youtube.com/watch?v=BbcLA4qRuGk
فیلم کمدی زیبای عیالوار,https://www.youtube.com/watch?v=mFBV0ULSvcc
جمشید هاشمپور، بهرام رادان، لیلا اوتادی و اندیشه فولادوند در فیلم چهار انگشتی,https://www.youtube.com/watch?v=7IfT_VasmR0
فیلم کمدی تگزاس 2   نسخه بدون سانسور 1,https://www.youtube.com/watch?v=khWiE_q6RvU
فیلم صحنه دار پنجره با هنرنمایی گوگوش و بهروز وثوقی,https://www.youtube.com/watch?v=GG-CCxH6ZKo
فیلم حماسی و تاریخی  دمرل - بی حذفیات,https://www.youtube.com/watch?v=h4Dlp8wV1lA
فیلم کامل عرق سرد - با نقش آفرینی باران کوثری - کامل و باکیفیت,https://www.youtube.com/watch?v=aKjIxlKdAhs
فیلم جدید مجبوریم کامل - با هنرنمایی پارسا پیروزفر و نگار جواهریان,https://www.youtube.com/watch?v=ijAfWVWH8JM
جواد رضویان در فیلم کمدی شاخه گلی برای عروس - با بازی حدیث فولادوند - نسخه کامل,https://www.youtube.com/watch?v=rBdAN4RUvNw
Film Kamel Madar Madar    فیلم ایرانی مادر مادر,https://www.youtube.com/watch?v=SUi9FzFvxcc
فیلم زیبای فاتحین صحرا - با حضور رضا بیک - بی حذفیات,https://www.youtube.com/watch?v=ehib6QLRxR4
فیلم کامل عملیات کرکوک - با بازی جهانبخش سلطانی - نسخه کامل,https://www.youtube.com/watch?v=vdpphD48Ssw
فیلم کامل زیبای  ساعت شلوغی - با بازی شاهرخ استخری و پژمان بازغی,https://www.youtube.com/watch?v=hpjgUVM7GSs
فیلم بدون حذفیات زیبای یوسف و زلیخا  -  نسخه با کیفیت و کامل,https://www.youtube.com/watch?v=AUazV0V-Cbo
نوید محمد زاده در فیلم زیبای عصبانی نیستم - با نقش آفرینی باران کوثری,https://www.youtube.com/watch?v=-0idk3zcUXg
بهروز وثوق در فیلم زیبای سازش  - باهنرنمایی نوش آفرین  - بدون حذفیات,https://www.youtube.com/watch?v=eFeN18FvoV8
فیلم جنگی سایه های هجوم - با بازی سیما تیرانداز,https://www.youtube.com/watch?v=QrkOoRyVLaA
فیلم قبل انقلاب فریاد زیر آب بدون سانسور با هنرنمایی داریوش اقبالی - با بازی شهره صولتی,https://www.youtube.com/watch?v=YTg95VazT24
بهروز وثوقی در فیلم بدون سانسور فرار از تله - با هنرنمایی داوود رشیدی,https://www.youtube.com/watch?v=KZs4C0lYTlQ
فیلم صحنه دار نیزار -  با نقش آفرینی رضا بیک  - نسخه رنگی,https://www.youtube.com/watch?v=aZjosR08fBY
ایرج قادری در فیلم عمو فوتبالی - نسخه رنگی و بی حذفیات,https://www.youtube.com/watch?v=bSKvi53oREw
بهروز وثوق در فیلم بدون سانسورزنی به نام شراب  - فیلمی در مورد خیانت,https://www.youtube.com/watch?v=BH5dyWzo_94
نیکی کریمی و پرویز پرستویی در فیلم زیبای روانی - نسخه باکیفیت,https://www.youtube.com/watch?v=7PIc1Ong7DA
فیلم کمدی زنها شگفت انگیزند - با بازی جمشید هاشمپور و بهاره رهنما,https://www.youtube.com/watch?v=-qNgZvfqpXU
فیلم جنگی تونل   برای اولین بار - نسخه کامل و با کیفیت,https://www.youtube.com/watch?v=Rj0UbpwxJCU
فیلم جدید دوزیست  - با بازی  جوادعزتی و پژمان جمشیدی,https://www.youtube.com/watch?v=xQLixyHdMnY
فیلم جنگی خلبان -  حمله به بغداد,https://www.youtube.com/watch?v=Ns8iV3oLi-Y
فیلم جدید جن زیبا کامل - با بازی بازیگر معروف ترک,https://www.youtube.com/watch?v=CclXoPUs4xc
فیلم جدید ایرانی تاکسیران - فیلمی از دل اجتماع - نسخه کامل,https://www.youtube.com/watch?v=V2ym4-2WLow
حامد بهداد در فیلم جدید بیتابی بیتا - با بازی الهه حصاری,https://www.youtube.com/watch?v=eD1QD724fBg
فیلم حادثه ایی تاواریش  - فیلمی از مهدی فخیم زاده,https://www.youtube.com/watch?v=5YW5OQjvxOY
فیلمی جنگی با حضور فرامرز قریبیان - با بازی رضا بیک,https://www.youtube.com/watch?v=Jz_OiPzusAk
فیلم زیبای محبوبه با بازی مازیار لرستانی - نسخه کامل بی حذفیات,https://www.youtube.com/watch?v=xl6NbScDkdc
آغاسی در فیلم قدیمی نعمت نفتی - بی سانسور و رنگی,https://www.youtube.com/watch?v=zjCdxgA0gog
ابوافضل پورعرب در فیلم معصوم - با بازی نگار فروزنده,https://www.youtube.com/watch?v=eJk7tLxgHbE
لیلا فروهر در فیلم قفس طلایی - با بازی ناصر ملک مطیعی,https://www.youtube.com/watch?v=1RGYagEKa3A
مهدی فخیم زاده در فیلم زیبای فری دست قشنگ - با بازی منوچهر وثوق,https://www.youtube.com/watch?v=97wjpg9aCXw
نوش آفرین در فیلم زیبای ماشین مشتی ممدلی - رنگی شده نسخه کامل,https://www.youtube.com/watch?v=pqMfPQfu7-A
فیلم زیبای بی سانسورمحکوم - نسخه باکیفیت و کامل,https://www.youtube.com/watch?v=UTuoAREsrj0
فیلم بی سانسور مرد میدان - نسخه کامل و رنگی شده,https://www.youtube.com/watch?v=S0mWaut-9Ko
فیلم 18+ آقا مهدی وارد می شود  - فیلم قدیمی نسخه رنگی  -  بدون سانسور,https://www.youtube.com/watch?v=G-DFoThLXPE
منوچهر وثوق در فیلم مسافر - بی سانسورو رنگی شده,https://www.youtube.com/watch?v=pknBruKDRiE
حمیده خیرآبادی در فیلم مشکل آقای اعتماد - بی حذفیات و کامل,https://www.youtube.com/watch?v=EzfOb_c3C4Q
ناصر ملک مطیعی در فیلم مهدی مشکی و شلوارک داغ - بی سانسور و رنگی,https://www.youtube.com/watch?v=QpuCEfsW6BU
فردین در فیلم مو طلایی شهر ما - بی سانسور و رنگی,https://www.youtube.com/watch?v=jBTwMzicjgw
فیلم بی حذفیات نانجیب - با بازی پوری بنایی - رنگی شده,https://www.youtube.com/watch?v=48U-y7wldx4
مهدی فخیم زاده در فیلم زیبای مجازات - با بازی بهمن مفید,https://www.youtube.com/watch?v=e5Vk1BIJg3c
رضا بیک در فیلم مرد بی ستاره - رنگی شده بی سانسور,https://www.youtube.com/watch?v=Zp5-WvQrUxQ
فیلم زیبای میخک سفید - با بازی فروزان - رنگی,https://www.youtube.com/watch?v=FhsrWL0qgMI
فیلم صحنه دار بدون سانسور هلوی پوس کنده - رنگی و کامل,https://www.youtube.com/watch?v=YV53Ta15wUA
فیلم جنگی باز باران -  نیروی هوایی ایران - نسخه کامل,https://www.youtube.com/watch?v=_a5-n5VVWXo
فیلم زیبای همقسم - با هنرنمایی مرجان - کامل و با کیفیت,https://www.youtube.com/watch?v=mYdZvueOelA
فیلم صحنه دار بدون سانسور توبه  - با بازی ایرج قادری,https://www.youtube.com/watch?v=8QKMY5hIVkE
بازگشت پرستوها  -  فیلمی در مورد اسیران جنگ عراق - با بازی کتایون ریاحی,https://www.youtube.com/watch?v=FMW84mAYoNY
فیلم صحنه دار جوانی هم عالمی دارد  - با بازی جمشید مشایخی  - رنگی شده,https://www.youtube.com/watch?v=ER8G-6kk8Js
بر بال فرشتگان فیلم دفاع مقدس - با بازی حسن جوهرچی,https://www.youtube.com/watch?v=YsBqOAkPSHU
فردین در فیلم بی سانسور میعادگاه خشم - با حضور ایرج قادری,https://www.youtube.com/watch?v=XPtCaqFHV3k
فیلم صحنه دار اکبر دیلماج - نسخه بدون سانسور -  کیفیت HD و رنگی شده اختصاصی,https://www.youtube.com/watch?v=UVMSWBPK5Wg
مرجان در فیلم بی سانسور همت - با بازی ناصر ملک مطیعی,https://www.youtube.com/watch?v=wM7kN0OWhnM
فیلم کوتاه آخرین تفحص از دوران جنگ - فیلم جنگی با کیفیت بالا,https://www.youtube.com/watch?v=QPzYBZiKYBw
قفس فیلمی از ایرج قادری - نسخه بی سانسور و رنگی,https://www.youtube.com/watch?v=NZUshLGhZEE
ناصر ملک مطیعی در فیلم زیبای قلندر - رنگی نسخه کامل,https://www.youtube.com/watch?v=tgZPhK8a7TQ
فیلم زیبای کاکو - با حضور ناصر ملک مطیعی  - باکیفیت,https://www.youtube.com/watch?v=uEgwRlNj_4U
فیلم زیبای لوطی قرن بیستم - با هنرنمایی رضا بیک,https://www.youtube.com/watch?v=kchz9BhVY3Y
فیلم بی سانسور ماجرای شب ژانویه  - نسخه کامل و رنگی شده,https://www.youtube.com/watch?v=zW5qN-t4bkI
فیلم زیبای لبنان عشق من - فیلم زیبای جنگی,https://www.youtube.com/watch?v=WXMPAx-NEzk
فیلم زیبای قایقرانان - با بازی پوری بنایی,https://www.youtube.com/watch?v=SzLiM7soy0s
فیلم بدون سانسور قربون هر چی خوشگله - همبازی شدن عارف و مرجان,https://www.youtube.com/watch?v=fh-eYLsMlGo
فردین در فیلم زیبای فردا روشن است - با حضور ویگن,https://www.youtube.com/watch?v=5wshCsX0hH4
فیلم زیبای یحیی - نسخه باکیفیت و کامل,https://www.youtube.com/watch?v=VOj12GvS7sY
فیلم زیبای قاتلین هم میگریند - نسخه کامل و بی حذفیات,https://www.youtube.com/watch?v=3xzSlFC0LqM
فیلم بی سانسور فرشته وحشی - نسخه کامل و رنگی,https://www.youtube.com/watch?v=sdx_c-VrxjA
رضا بیک در فیلم بی سانسور قادر - نسخه باکیفیت و رنگی,https://www.youtube.com/watch?v=qLi9W5j1SBk
فیلم جنگی نوروز - با بازی جهانبخش سلطانی,https://www.youtube.com/watch?v=RH58yE90Rms
فیلم زیبای فرار از بهشت - با بازی حمیده خیرابادی - نسخه کامل,https://www.youtube.com/watch?v=fRRjk3fDLAQ
فیلم بی سانسور فرزند گمراه - با بازی عباس مصدق,https://www.youtube.com/watch?v=X2hSxWecYTE
فیلم اکشن پنجاه روز التهاب - با حضور پردیس افکاری,https://www.youtube.com/watch?v=SQELnQlRtok
ناصر ملک مطیعی در فیلم زیبای فرار از حقیقت - نسخه بی سانسور,https://www.youtube.com/watch?v=zaxMd3gzNEE
فیلم دمعمایی پناهنده - با بازی مسعود کرامتی,https://www.youtube.com/watch?v=p9UobG0FWIM
مهدی پاکدل در فیلم زیبای یک روز معمولی - با بازی مازیار لرستانی,https://www.youtube.com/watch?v=O_shl1OhccU
فیلم زیبای فرار - نسخه رنگی و بی سانسور,https://www.youtube.com/watch?v=C-ng_ux9HDA
فیلم ممنوعه قدیمی غول بیابونی - نسخه کامل بی حذفیات,https://www.youtube.com/watch?v=2783NFEU7Fk
فیلم جنگی نجات یافتگان با حضور عاطفه رضوی - نسخه کامل,https://www.youtube.com/watch?v=0K9xUCepgjQ
فیلم لرزش زندگی با هنرنمایی علیرضا فروتن  با حضور لاله اسکندری,https://www.youtube.com/watch?v=4zs7iU7YBgg
فیلم حادثه ای لانه عقاب ها,https://www.youtube.com/watch?v=OdaTj5-62PM
قهرمان شهر ما | فیلم قدیمی بدون سانسور,https://www.youtube.com/watch?v=4flySOHGuTk
داوود رشیدی در فیلم زیبای هیولای درون - نسخه کامل,https://www.youtube.com/watch?v=luoOGTM0_9E
فیلم جدید لامینور 2022   فیلمی از داریوش مهرجویی - با بازی پردیس احمدی,https://www.youtube.com/watch?v=0PnPzjk1li0
فیلم زیبای طوفان در شهر ما - با بازی بهروز وثوقی,https://www.youtube.com/watch?v=XIqQYKv9sdY
فیلم عاشقانه گاگومان فیلمی واقعی در مورد ازدواج دو زندانی محکوم به حبس ابد,https://www.youtube.com/watch?v=8NfrQ-_BI5M
شهناز تهرانی در فیلم غلام زنگی - با بازی بهمن مفید - با کیفیت,https://www.youtube.com/watch?v=29YoAYd21FU
فیلم معمایی گریز از مرگ - نسخه کامل و با کیفیت,https://www.youtube.com/watch?v=nfoDfI9LRJ4
ناصر ملک مطیعی در فیلم طلسم شکسته - رنگی شده,https://www.youtube.com/watch?v=Z2JXuW4bvKo
فیلم عاشقانه عشق آفرین - با حضور عارف - رنگی شده,https://www.youtube.com/watch?v=MEw7lc1slp0
شیلا خداداد در فیلم قلب های نا آرام - با بازی آناهیتا همتی,https://www.youtube.com/watch?v=eH1JLtE-vFI
ناصر ملک مطیعی در فیلم عمو نوروز - نسخه کامل و رنگی شده,https://www.youtube.com/watch?v=dF_3rd_eNcI
فیلم زیبای قله دنیا - با بازی محمود پاک نیت,https://www.youtube.com/watch?v=XlwAebSJLzQ
#انگلیش توربو #بفرماییدشام,https://www.youtube.com/watch?v=AztRaK9moXU
شهلا ریاحی در فیلم عروس تهران - نسخه کامل بدون سانسور,https://www.youtube.com/watch?v=jl_yRBGza0Q
فیلم زیبای علی بی غم - حمیده خیرآبادی - رنگی شده,https://www.youtube.com/watch?v=sf9WKYt5ynA
فیلم زیبای عشقی ها - بدون سانسور نسخه کامل,https://www.youtube.com/watch?v=0PDFus5xeJk
فیلم زیبای از کنار هم میگذریم - با حضور مهران رجبی,https://www.youtube.com/watch?v=q9-BI1YSdjc
فیلم زیبای عشق و خشونت - با بازی رضا بیک - نسخه کامل,https://www.youtube.com/watch?v=ggdMc0K1JFM
فیلم بدون سانسور ساعت فاجعه - نسخه رنگی شده و باکیفیت,https://www.youtube.com/watch?v=PYhPuYVf15I
فیلم کمدی شکلات با هنرنمایی امین حیایی - با بازی زنده یاد سیروس گرجستانی,https://www.youtube.com/watch?v=2ejwi0pxL08
فیلم زیبای روزنه امید - بدون حذفیات و کامل,https://www.youtube.com/watch?v=2mv695ZQ3l0
رضا بیک در فیلم ضربت - نسخه کامل و رنگی,https://www.youtube.com/watch?v=pD3lWt6Wu1E
فیلم بدون سانسور دروغگوی کوچولو - با بازی منوچهر وثوق,https://www.youtube.com/watch?v=1mmGu-og_ks
پوری بنایی در فیلم زیبای زبون بسته - نسخه کامل ورنگی,https://www.youtube.com/watch?v=Qxd_Wm08Nf8
ایرج قادری در فیلم قدیمی رودخانه وحشی - با حضور پوری بنایی,https://www.youtube.com/watch?v=txpWWdfk63U
فیلم درامای روزی که زن شدم - بدون حذفیات و با کیفیت,https://www.youtube.com/watch?v=Dq1i3EjmREU
فردین در فیلم بدون سانسور دهکده طلایی - کامل و رنگی,https://www.youtube.com/watch?v=EzO4ouLQusQ
فیلم زیبای حادثه ای شب بی پایان - نسخه با کیفیت,https://www.youtube.com/watch?v=jzVGw-CCQqI
فیلم جنگی ستارگان خاک - کامل و بدون حذفیات,https://www.youtube.com/watch?v=vLaLH8xnK2E
فیلم زیبای ده سایه خطرناک - نسخه کامل و رنگی شده,https://www.youtube.com/watch?v=s7wSIPIcnJE
فیلم بدون حذفیات زیبای دزد و پاسبان - رنگی شده,https://www.youtube.com/watch?v=C112X5anxMg
نیکی کریمی وخسرو شکیبایی درفیلم سایه به سایه - نسخه کامل,https://www.youtube.com/watch?v=QuQyXL9bvno
فیلم بدون سانسور دلهره - با بازی زیبای رضا بیک - نسخه کامل,https://www.youtube.com/watch?v=YBmCQ_3dN2c
ابوالفضل پورعرب در فیلم زندانی - با بازی آناهیتا نعمتی,https://www.youtube.com/watch?v=NfQ7bqp9i48
شهلا ریاحی در فیلم دختر چوپان - نسخه کامل و با کیفیت,https://www.youtube.com/watch?v=wK3I4Q7NgWU
فیلم بدون سانسور دختر طلا - باکیفیت,https://www.youtube.com/watch?v=3hRHWFjv1AE
فیلم بدون سانسور خیلی هم ممنون - با بازی آغاسی,https://www.youtube.com/watch?v=v28BhJKxKEc
فیلم زیبای داماد فراری - بدون حذفیات,https://www.youtube.com/watch?v=G6pJkp83r8k
فیلم زیبای قدیمی پول,https://www.youtube.com/watch?v=YycDzu_N90A
پوری بنایی در فیلم بی سانسور خوشگذران - نسخه کامل,https://www.youtube.com/watch?v=3JLjE6t_y1w
جمشید هاشمپور در فیلم دیوانه وار - نسخه کامل,https://www.youtube.com/watch?v=2fQWpEv9n_k
فیلم بدون سانسور زیبای در جستجوی داماد - نسخه باکیفیت و رنگی,https://www.youtube.com/watch?v=KxWs2bHKA_0
فیلم جنگی و اکشن راه افتخار - با بازی جمشید مشایخی,https://www.youtube.com/watch?v=wnswtQMdIYA
فرامرز قریبیان درفیلم اکشن بندر مه آلود - نخه کامل و با کیفیت,https://www.youtube.com/watch?v=Ma9GpvgGvrw
فیلم بدون حذفیات در آمریکا اتفاق افتاد - نسخه کامل,https://www.youtube.com/watch?v=HRZtWEA-n_o
فیلم دار و ندار با بازی اکبر عبدی - فیلم کمدی باکیفیت,https://www.youtube.com/watch?v=kXIlqbSBxUA
فیلم زیبای دختران بلا مردان ناقلا - با بازی منوچهر وثوق - بدون حذفیات,https://www.youtube.com/watch?v=zUE5Gkkg5dI
فرامرز قریبیان در فیلم پلیسی چشمهایش - با بازی پرستو صالحی,https://www.youtube.com/watch?v=DUlVLhE2VTU
فیلم دیدنیه چکمه - فیلمی قدیمی با کیفیت,https://www.youtube.com/watch?v=zF4Xy8rfDTo
فیلم تلفن با بازی فاطمه گودرزی - نسخه کامل,https://www.youtube.com/watch?v=a7zQUtPgi1c
فیلم بوی خوش زندگی با بازی علیرضا خمسه - فیلمی کمدی با بازی گوهر خیراندیش,https://www.youtube.com/watch?v=QfoZXs-26PU
مشکلات دختران ترنس در ایران در فیلم دختری به نام تندر با بازی پارسا پیروز فر,https://www.youtube.com/watch?v=Lz7ahSiu_Rs
فیلم جنگی دکل - نسخه کامل و بدون حذفیات,https://www.youtube.com/watch?v=nZGMgjij8ik
فیلم کمدی جنگجوی پیروز با حضور اکبرعبدی - با نقش آفرینی فاطمه گودرزی,https://www.youtube.com/watch?v=4g7ylyvO640
فیلم کوردی جنگی چریکه هورام - با بازی هنرمند معروف هادی ضیاالدینی,https://www.youtube.com/watch?v=2cWGjwiGunk
فرامرز قریبیان در فیلم جنگی دایره سرخ - بدون حذفیات,https://www.youtube.com/watch?v=xULse_D2kTA
بهزاد فراهانی در فیلم آخرین تک سوار - فیلمی در دل طبیعت,https://www.youtube.com/watch?v=50vd1lMXGt4
فیلم جنگی  دفاع مقدس آبی مثل دریا - با بازی رویا تیموریان,https://www.youtube.com/watch?v=7E4RWFV0vVQ
حامد بهداد در فیلم آخر بازی - با بازی پوپک گلدره,https://www.youtube.com/watch?v=jx35gERTK78
فیلم ترسناک و معمایی آلما - با نقش آفرینی جمشید مشایخی,https://www.youtube.com/watch?v=0WDq6IfQPZs
جمشید هاشمپور در فیلم آخرین بندر - با حضور احمد نجفی - نسخه کامل,https://www.youtube.com/watch?v=rmDB-zlQoZ8
فیلم عاشقانه جدید یک ثانیه یک ماجرا - نسخه کامل,https://www.youtube.com/watch?v=7tvKAGmnyGI
فیلم جنگی بانی چاو با حضور پردیس افکاری - بدون حذفیات,https://www.youtube.com/watch?v=w55J22paU8I
نیکی کریمی در فیلم بازیگر - نسخه کامل و بدون حذفیات,https://www.youtube.com/watch?v=WZR6IOam-aU
امین حیایی درفیلم جنگی براده های خورشید - فیلمی از زمان دفاع مقدس,https://www.youtube.com/watch?v=_txflHMmyQE
فیلم آب و آتش با هنرنمایی لیلا حاتمی - با هنرنمایی پرویز پرستویی,https://www.youtube.com/watch?v=IXqHPHbPZJs
پریناز ایزدیار در فیلم جدید یک مرد یک شهر - با بازی زیبا بروفه,https://www.youtube.com/watch?v=cpjUuoNwxzQ
فیلم جنگی یورش - با بازی جمشید هاشمپور - نسخه کامل و باکیفیت,https://www.youtube.com/watch?v=mX77S7G-R40
فیلم ایرانی مزدوران - نسخه کامل,https://www.youtube.com/watch?v=1BKcu0ryqDk
پرویز پرستویی در فیلم زیبای موج مرده - با بازی آزیتا حاجیان,https://www.youtube.com/watch?v=_TP2e-cohNQ
سیاوش خیرابی در فیلم کمدی مرغ تخم طلا - باکیفیت و کامل,https://www.youtube.com/watch?v=UMfu8LN7u4o
فیلم کامل هفت ترانه - با حضور لعیا زنگنه,https://www.youtube.com/watch?v=hcyOhAkv6gU
علی صادقی و مجید صالحی وجواد عزتی در فیلم کمدی همه چی آرومه,https://www.youtube.com/watch?v=UZBqaaSyl1c
هادی کاظمی و بهنوش بختیاری در فیلم کمدی کار کاذب - با حضور هادی کاظمی,https://www.youtube.com/watch?v=valLBDxD6ZQ
فیلم کمدی ماه عسل یونانی - با بازی حدیث فولادوند و نیما شاهرخ شاهی,https://www.youtube.com/watch?v=QBs59Sw9ZeE
اکبر عبدی درفیلم زیبای مردی که موش شد - باکیفیت و کامل,https://www.youtube.com/watch?v=N4n6sWEZDC0
فیلم حادثه ای گالان - با بازی حمشید مشایخی,https://www.youtube.com/watch?v=KfDaVKlpuDE
شهاب حسینی ونازنین بیاتی در فیلم طعم شیرین خیال - نسخه کامل با کیفیت,https://www.youtube.com/watch?v=a-mcQnQqRMw
جمشید هاشم‌پور و سعید راد در فیلم کامل فرمان - نسخه باکیفیت,https://www.youtube.com/watch?v=A11liKt4e1w
فیلم قدیمی پنجره |  بهروز وثوق در کنار گوگوش,https://www.youtube.com/watch?v=Ewi2E14fiAU
خانواده سرکار غضنفر | فیلم قدیمی بدون سانسور,https://www.youtube.com/watch?v=hJfOXOdJg-g
خانه قمر خانم | قدیمی رنگی شده,https://www.youtube.com/watch?v=7jrldGuifu4
فیلم قدیمی حقه بازان |  بدون سانسور,https://www.youtube.com/watch?v=jdAvbwYgKRI
سحر قریشی در فیلم جدید زن مرد زندگی - با بازی لیلا اوتادی,https://www.youtube.com/watch?v=jx3NBsENnuw
حمید لولایی و نفیسه روشن در فیلم کمدی رویای پرواز - نسخه کامل و باکیفیت,https://www.youtube.com/watch?v=qOavfmhvT8Y
فیلم جدید  توقیف شده سقف مات برای اولین بار در یوتیوب - با بازی نیما شاهرخ شاهی,https://www.youtube.com/watch?v=YsiWzuWV7vs
فیلم عاشقانه شهرت  - با بازی شقایق فراهانی، شهرام پوراسد,https://www.youtube.com/watch?v=La91qQytpD8
علی صادقی در فیلم کمدی سعدالله به شرکت می رود - نسخه کامل و باکیفیت,https://www.youtube.com/watch?v=tmMWgotavqU
فیلم کمدی جدید ردپای شغال - با بازی پرستو صالحی - مجری عشق ابدی,https://www.youtube.com/watch?v=1lvXd3Wjteg
فیلم ایرانی چهره - با بازی ابوالفضل پورعرب، عاطفه رضوی، گوهر خیراندیش,https://www.youtube.com/watch?v=VlTOSKGlmPE
حامد بهداد و رضا رویگری در فیلم کامل پیشنهاد بیشرمانه به نقاش مرده,https://www.youtube.com/watch?v=ZDgbqS_VE-Y
فیلم کمدی تاکسی نارنجی - با بازی آزیتا حاجیان - نسخه کامل و باکیفیت,https://www.youtube.com/watch?v=Oscfy21q9qw
فیلم ممنوعه ناجورها | نسخه بدون سانسور | با حضور فردین و رضا بیک,https://www.youtube.com/watch?v=AlBlu6y2S8o
ناصر ملک مطیعی در فیلم زیبای کلک نزن خوشگله - نسخه کامل و با کیفیت,https://www.youtube.com/watch?v=A7tXib_iQ2M
فیلم بدون سانسور عروس پا برهنه - با بازی رضا بیک - رنگی شده,https://www.youtube.com/watch?v=x3XoJHQxEyI
فیلم کمدی و خاطره انگیز دو نفرونصفی - با حضور فرامرز قریبیان,https://www.youtube.com/watch?v=v9rhRtlYAvY
سعید راد در فیلم زیبای کافر - با حضور حمیده خیرآبادی,https://www.youtube.com/watch?v=yjkOd_2qlHI
بهروز وثوق در فیلم لیلی و مجنون - با بازی لیلا فروهر - نسخه کامل و با کیفیت,https://www.youtube.com/watch?v=XopFPMxQ3zQ
فیلم کمدی به همین خیال باش با بازی آرام جعفری - کامل و باکیفیت,https://www.youtube.com/watch?v=QF7FibDR8Kg
فیلم بی سانسور ماجرای یک دزد - نسخه کامل و رنگی شده,https://www.youtube.com/watch?v=6NAw2oCrn7M
فیلم جدید پ مثل پاییز - با حضور مهدی امینی خواه,https://www.youtube.com/watch?v=YzUo8-rNTCk
فیلم زیبای بدون حذفیات کیفر - با هنرنمایی بهمن مفید - نسخه کامل و رنگی,https://www.youtube.com/watch?v=Gji2qKYE-20
فیلم زیبای ماه پیشونی - نسخه رنگی و کامل باکیفیت,https://www.youtube.com/watch?v=3UYc9I0z8Rg
جمشید مشایخی در فیلم با شرفها - بدون سانسور و رنگی,https://www.youtube.com/watch?v=Vjo_mMVs_Oo
فیلم جدید کمدی بختک - فیلم اجتماعی نسخه کامل,https://www.youtube.com/watch?v=PTFP-zBIBtg
فیلم سینمایی زیبای اطراف آرامش - با بازی رضا رویگری - نسخه کامل,https://www.youtube.com/watch?v=vUbBO_LUDNk
فیلم جنگی مغولها - به کارگردانی پرویز کیمیایی - رنگی شده و کامل,https://www.youtube.com/watch?v=cIWYn2hIUbU
جمشید مشایخی در فیلم صحنه دار فریاد - با حضور بهمن مفید - بدون سانسور,https://www.youtube.com/watch?v=Aw2r5L7smMk
آغاسی در فیلم فاتح دلها - با بازی گیتی فروهر - رنگی شده,https://www.youtube.com/watch?v=_zBqk559Up0
فیلم بدون سانسور فقط آقا مهدی می تونه - با هنرنمایی پروین سلیمانی,https://www.youtube.com/watch?v=k191UM39s8Q
ایرج قادری در فیلم زیبای لبه تیغ - نسخه کامل و باکیفیت,https://www.youtube.com/watch?v=qBpOAA0LobI
پوری بنایی در فیلم مردی در قفس - نسخه کامل و با کیفیت,https://www.youtube.com/watch?v=hdxfF1-xec4
فیلم زیبای مبارزی در نیمه راه - نسخه با کیفیت و رنگی شده,https://www.youtube.com/watch?v=JUiknnjEZkA
رضا بیک در فیلم صحنه دار قسم - نسخه کامل و بدون حذفیات,https://www.youtube.com/watch?v=D8OdtIMfZ8Q
فیلم زیبای کلبه ای آنسوی رودخانه - با بازی ناصر ملک مطیعی - رنگی,https://www.youtube.com/watch?v=885BuAs0lFM
فیلم زیبای مرید حق - با حخور ناصر ملک مطیعی - نسخه با کیفیت و رنگی شده,https://www.youtube.com/watch?v=cylDEBHmc8U
فیلم یکی بود یکی نبود - قدیمی - رنگی شده,https://www.youtube.com/watch?v=GJMz41P9AFQ
بهروز وثوقی در فیلم بی سانسورغریبه - نسخه کامل و با کیفیت,https://www.youtube.com/watch?v=1Rs_b40DWCs
فیلم بدون سانسور پلی بسوی بهشت - با بازی منوچهر وثوق,https://www.youtube.com/watch?v=B14DbXIU8dE
فیلم صحنه دار وسوسه - نسخه کامل و بدون حذفیات,https://www.youtube.com/watch?v=mU-QlY1ZQAk
فیلم زیبای بی پناه - نسخه کامل و باکیفیت,https://www.youtube.com/watch?v=iDFo_VjrTOk
فیلم صحنه دار رفیق - بدون سانسور و کامل,https://www.youtube.com/watch?v=Y7uRcJpghn0
فیلم زیبای طوطی - بدون حذفیات با بازی پروین سلیمانی,https://www.youtube.com/watch?v=5zH27V74Cq0
ناصر ملک مطیعی در فیلم عروس فراری - بدون سانسور - رنگی شده,https://www.youtube.com/watch?v=y6D0_TQVctA
فیلم زیبای عیالوار - با بازی پوری بنایی - نسخه کامل و رنگی شده,https://www.youtube.com/watch?v=SWBVe3eajBk
بهروز وثوقی در فیلم بدون سانسور رشید - با نقش آفرینی بهمن مفید,https://www.youtube.com/watch?v=EJNRS43bCYw
بهروز وثوقی در فیلم بی سانسورذبیح - با حضور جمشید مشایخی - رنگی شده,https://www.youtube.com/watch?v=yzOpXhOAgiY
حضور فردین در فیلم راز درخت سنجد - بدون حذفیات و نسخه کامل,https://www.youtube.com/watch?v=8g8qMh15KUY
فردین در فیلم زیبای تعصب - با حضور حمیده خیرآبادی,https://www.youtube.com/watch?v=ap9nNOaUcCU
یک اتفاق ساده - برنده جایزه جشنواره برلین,https://www.youtube.com/watch?v=wbAol0gcIGA
فیلم کامل یک مرد و یک شهر - نقش افرینی بهروز وثوق و رضا بیک,https://www.youtube.com/watch?v=e8LwDzZHuZg
فیلم کامل خوشگل محله - با حضور فروزان و منوچهروثوق,https://www.youtube.com/watch?v=HHCGZ6MSTEg
فیلم قدیمی مومیایی | نسخه رنگی اصلاح شده,https://www.youtube.com/watch?v=2_EMPa6OlKg
فیلم بدون حذفیات نیم وجبی - با بازی کتایون - رنگی شده و نسخه کامل,https://www.youtube.com/watch?v=Q9jeCfYWAv0
فیلم زیبای همخون  - با هنر نمایی مهدی فخیم زاده در نقش معتاد,https://www.youtube.com/watch?v=QbnqDeyfEgo
ناصر ملک مطیعی در فیلم ناخدا - صحنه دار و بدون حذفیات,https://www.youtube.com/watch?v=Dod7krh8TvI
فیلم زیبای نخاله قهرمان - بدون سانسور - رنگی,https://www.youtube.com/watch?v=5aD-pb9PtJI
فردین در فیلم زیبای گرگهای گرسنه - با بازی پوران - رنگی شده,https://www.youtube.com/watch?v=J89q-N50HwQ
رضا بیک در فیلم گلهای گیلان - نسخه با کیفیت و بدون حذفیات,https://www.youtube.com/watch?v=DBbjfVlW7oU
فیلم بدون حذفیات گذشت - نسخه کامل و رنگی شده,https://www.youtube.com/watch?v=TpW_QJrC84Q
فیلم صحنه دار مروارید - بدون حذفیات و نسخه کامل,https://www.youtube.com/watch?v=eBcMXp8jD4c
فیلم زیبای مزد خونین - با بازی پوری,https://www.youtube.com/watch?v=lmidmtq_Eps
بهمن مفید در فیلم زیبای مشکی - بدون سانسور و نسخه کامل,https://www.youtube.com/watch?v=7BOenumev4Q
فیلم زیبای معجزه - نسخه کامل و رنگی و باکیفیت,https://www.youtube.com/watch?v=0GgOCqGfQzk
فیلم زیبای من مادرم - رنگی شده و با کیفیت,https://www.youtube.com/watch?v=JSGu_HC72qY
فیلم بدون سانسور مردی از جنوب شهر - بدون حذفیات و کامل,https://www.youtube.com/watch?v=3jqSzPhxAxo
فیلم زیبای مرد ده میلیون تومانی - نسخه با کیفیت و رنگی,https://www.youtube.com/watch?v=ZjwwVQv_nv0
سعید راد در فیلم بدون سانسور مرد شب - نسخه کامل,https://www.youtube.com/watch?v=aq6VbcttSN0
فیلم زیبا و بدون حذفیات کوثر - نسخه باکیفیت و رنگی,https://www.youtube.com/watch?v=oSgvxJOXx7c
فیلم صحنه دار کاکا سیاه - با بازی رضا بیک - با کیفیت و کامل,https://www.youtube.com/watch?v=WwSqDiDImWI
فیلم زیبای کوچ - با حضور رضا بیک,https://www.youtube.com/watch?v=TGvLsqFruBo
فیلم زیبای کلید بهشت - بدون حذفیات و کامل,https://www.youtube.com/watch?v=1u0oodn4Zlk
فیلم اکشن  کوهزاد - نسخه کامل و رنگی شده,https://www.youtube.com/watch?v=kBFnuAZSf2k
سعید راد در فیلم بدون سانسور کنیز - بدون سانسور و با کیفیت,https://www.youtube.com/watch?v=P45SDiz9-1Q
فیلم زیبای قول مرد - بدون سانسور و رنگی,https://www.youtube.com/watch?v=PFG4v4ZRP4c
بهمن مفید در فیلم فریادرس - بدون حذفیات و رنگی شده,https://www.youtube.com/watch?v=UfthBKWDY4c
کیومرث ملک مطیعی در فیلم زیبای تفنگ شکسته - باکیفیت و کامل,https://www.youtube.com/watch?v=IQjoND00Jck
Gharche Sami | جمشید هاشم پور در فیلم قارچ سمی,https://www.youtube.com/watch?v=nBYywsh27Rw
فیلم زیبای خورشید می درخشد - نسخه کامل و با کیفیت,https://www.youtube.com/watch?v=xZuDf-_WKjU
فیلم کامل بنده خدا - رنگی شده اختصاصی,https://www.youtube.com/watch?v=DO-RsCVcQ9A
فیلم تنها و گلها - عاشقانه بدون سانسور,https://www.youtube.com/watch?v=dKuBz9PT4cc
فیلم زیبای عشق طاهر - با حضور مانی کسراییان - با کیفیت بالا,https://www.youtube.com/watch?v=V8JIGhdXSRA
مهدی فخیم زاده در فیلم بدون سانسور زن باکره - رنگی و با کیفیت,https://www.youtube.com/watch?v=-cJlMJXySQo
فیلم زیبای بابا نان داد بدون سانسور - رنگی شده با حضور مرجان خواننده نسل,https://www.youtube.com/watch?v=1IOD2bapy30
محمد علی کشاورز در فیلم زیبای صادق کرده - بدون حذفیات,https://www.youtube.com/watch?v=hsAU2sPpmxM
فیلم زیبای شوهر آهو خانم - بدون حذفیات و با کیفیت,https://www.youtube.com/watch?v=LNafZy0PDMU
فیلم کامل زن خون آشام - ترسناک,https://www.youtube.com/watch?v=9zheOo8xPJM
ناصر ملک مطیعی در فیلم زیبای گذشت بزرگ - رنگی و بدون حذفیات,https://www.youtube.com/watch?v=6ZN_FAxE080
فیلم کامل عزیز قرقی | رنگی شده موزیکال,https://www.youtube.com/watch?v=RoYB5qSuqM4
فیلم قدیمی شیادان - با حضور کتایون,https://www.youtube.com/watch?v=F9-bu1K3bog
فیلم سرنوشت با حضور مارلین اشمیت | نسخه رنگی,https://www.youtube.com/watch?v=2pCb2gUCLnc
رضا بیک در فیلم یاور  + نسخه رنگی اختصاصی,https://www.youtube.com/watch?v=25Bre-Wu99c
فیلم کامل ریکاردو - صحنه دار بدون سانسور,https://www.youtube.com/watch?v=CnOtbcdFA7E
فیلم صحنه دار دو آقای با شخصیت - با بازی حمیده خیرآبادی - رنگی,https://www.youtube.com/watch?v=f52JjkGYqjA
ایرج قادری در فیلم دکتر و رقاصه - بدون سانسور و رنگی,https://www.youtube.com/watch?v=UBulZgp9svc
رضا بیک در فیلم زیبای رانده شده - نسخه کامل و بدون حذفیات,https://www.youtube.com/watch?v=MrdZJ0-m0Tg
فیلم زیبا و دیدنی زن - با بازی حمیده خیرآبادی,https://www.youtube.com/watch?v=d6pYAMweZl0
رضا بیک در فیلم رضا چلچله - نسخه کامل و رنگی شده,https://www.youtube.com/watch?v=eTdDjNyO0cQ
فیلم بدون حذفیات زیبای رامشگر - با هنرنمایی منوچهر وثوق,https://www.youtube.com/watch?v=1FcefAfQqV0
فیلم زیبای رابطه - با حضور ایرج قادری - نسخه کامل,https://www.youtube.com/watch?v=L3lQ5uUfEKw
فیلم بدون سانسور دلهای بی آرام - با بازی فریدون فرخزاد,https://www.youtube.com/watch?v=TO5fMts3jIM
بهروز وثوقی در فیلم زیبای دزد بانک - کامل و رنگی شده,https://www.youtube.com/watch?v=S2UEtzAKTdU
فیلم بدون سانسور دخترها اینطور دوست دارند - رنگی و با کیفیت,https://www.youtube.com/watch?v=KSFzyB2VOMs
فیلم جدید کهور - توقیف شده بدون حذفیات |  Film Jadid Kahour,https://www.youtube.com/watch?v=kQdJrocH5wc
فیلم زیبای دختر کدخدا - نسخه کامل و بدون حذفیات,https://www.youtube.com/watch?v=UIuwl8fYxYM
فیلم زیبای خوشگل و قهرمان - نسخه کامل و بدون حذفیات,https://www.youtube.com/watch?v=bUYHp6AbLH0
شهناز تهرانی در فیلم بدون سانسور مغربی - رنگی و باکیفیت,https://www.youtube.com/watch?v=hYDT9uI-OTg
فیلم بدون سانسور مرد شرقی زن فرنگی - نسخه کامل و با کیفیت,https://www.youtube.com/watch?v=7brMDEcSJpU
فیلم زیبای مرد اجاره ای - نسخه کامل و بدون سانسور,https://www.youtube.com/watch?v=N31g_-KwhdU
فیلم زیبای ولگرد قهرمان - بدون سانسور نسخه کامل,https://www.youtube.com/watch?v=EBwXCGpzUrE
پوری بنایی در فیلم مرخصی اجباری - کمدی و رنگی شده,https://www.youtube.com/watch?v=bGW4sS9Jol8
فیلم زیبای خر دجال - بدون سانسور - نسخه کامل,https://www.youtube.com/watch?v=OIkQoRdS7CU
منوچهر وثوق در فیلم خان نایب - بدون حذفیات - رنگی,https://www.youtube.com/watch?v=JVgWTRVI8Wg
ژاله علو در فیلم زیبای پیمان دوستی - نسخه کامل,https://www.youtube.com/watch?v=xFH1NJKFXnU
رضا بیک در فیلم پهلوان قرن اتم - رنگی و باکیفیت,https://www.youtube.com/watch?v=NyhPZHQyC2Q
فیلم بابا خالدار - نسخه کامل و رنگی شده,https://www.youtube.com/watch?v=ZzD1pW22Ddo
شهلا ریاحی در فیلم زیبای جاده مرگ - بدون سانسور و رنگی شده,https://www.youtube.com/watch?v=G21xYG9BKbk
سعید راد در فیلم زیبای خداحافظ رفیق - نسخه کامل و بدون سانسور,https://www.youtube.com/watch?v=61n3j7d8JhQ
فیلم بدون سانسور خانه به دوشان - باکیفیت و نسخه کامل,https://www.youtube.com/watch?v=eA1Yd9Co-SU
فیلم بدون حذفیات خانوم عوضی گرفتی - نسخه کامل,https://www.youtube.com/watch?v=4lWkoH52WWA
شهلا ریاحی در فیلم تاریخی خوابهای طلایی - بدون حذفیات,https://www.youtube.com/watch?v=oYnNLptNfz8
فیلم بدون سانسور پسر خوانده - با نقش آفرینی رضا بیک,https://www.youtube.com/watch?v=OCqtm9594ik
فیلم جنگی زیبای اسلحه - با بازی رضا بیک - رنگی,https://www.youtube.com/watch?v=XJoioE7tSiM
فیلم صحنه دار بابا شمل - بدون سانسور و نسخه کامل,https://www.youtube.com/watch?v=khPa6r5uZ1Q
فیلم زیبای اضطراب  - با بازی لیلا فروهر - نسخه کامل,https://www.youtube.com/watch?v=utbBKMs9KAk
فیلم زیبای انگشت نما - با هنرنمایی منوچهر وثوق - نسخه کامل,https://www.youtube.com/watch?v=woaIKfOw9DU
فیلم زیبای آهنگ دهکده - باکیفیت و رنگی شده,https://www.youtube.com/watch?v=YQLAj_iUuH0
فیلم زیبا و دیدنی آینه تاکسی - باکیفیت و نسخه کامل,https://www.youtube.com/watch?v=qayWq1IAtp4
فیلم زیبای اهریمن زیبا - نسخه کامل و باکیفیت,https://www.youtube.com/watch?v=Nlz6_tj0V70
ناصر ملک مطیعی در فیلم اول هیکل - بدون سنور نسخه کامل,https://www.youtube.com/watch?v=YOi-vS3olTM
فیلم زیبای ایستگاه ترن - رنگی و باکیفیت,https://www.youtube.com/watch?v=nQB7Qv4_9wE
فردین در فیلم زیبای یک خوشگل و هزار مشکل - با حضور پوری بنایی,https://www.youtube.com/watch?v=rnLQVPJQ83M
فیلم بدون حذفیات زیبای یوسف و زلیخا - نسخه با کیفیت و کامل,https://www.youtube.com/watch?v=4GZREKGLHMc
فیلم بدون سانسور یک میلیونر و دو مفلس - نسخه کامل و رنگی,https://www.youtube.com/watch?v=pI325KKXq6g
نوش آفرین در فیلم صحنه دار الکی خوش - بدون سانسور,https://www.youtube.com/watch?v=D3KK3LhTLxA
حمیده خیرآبادی در فیلم افق روشن  - با بازی منوچهر نوذری - بدون حذفیات,https://www.youtube.com/watch?v=d5N8z1JOp0w
فیلم لاشخور ها -  بدون سانسور,https://www.youtube.com/watch?v=voGdpizcRR0
فخری خوروش در فیلم لات جوانمرد | بدون سانسور,https://www.youtube.com/watch?v=OZXWZqo9JiM
فیلم گروگان - با حضور رضا بیک و شهناز تهرانی,https://www.youtube.com/watch?v=ssBm8855ID4
کلام حق - فیلم کامل  +18 - بدون سانسور,https://www.youtube.com/watch?v=52P5ml8WgLU
کاسبهای محل | نسخه بدون سانسور و رنگی شده,https://www.youtube.com/watch?v=7LnFhr8Ic8A
گوگوش در فیلم زیبای جنجال عروسی - نوستالژی بی سانسور,https://www.youtube.com/watch?v=ExycH35wkZY
پری بنایی و بهمن مفید در فیلم زیبای شیربها - بدون حذفیات,https://www.youtube.com/watch?v=vGUjUAWKGe0
رضا بیک در فیلم زیبای بندری - بدون سانسور,https://www.youtube.com/watch?v=PDFe3t_HCXY
فیلم زیبای هیاهو - بدون حذفیات و رنگی شده,https://www.youtube.com/watch?v=Ybz5QPhX7D0
فیلم بدون سانسور هفت دلاور - رنگی باکیفیت,https://www.youtube.com/watch?v=H1MVzsKgvuk
فیلم صحنه دار عاشقانه هفت شهر عشق - نسخه کامل و بدون سانسور,https://www.youtube.com/watch?v=0dj6OLWQzJs
فیلم زیبای نفس گیر - با بازی پروین سلیمانی - رنگی,https://www.youtube.com/watch?v=bhZsZnnuRu4
فیلم زیبای هشتمین روز هفته  بدون سانسور و رنگی,https://www.youtube.com/watch?v=1f8bLHD8XkQ
فیلم بدون سانسورمواظب کلات باش - با بازی فردین و شهناز تهرانی,https://www.youtube.com/watch?v=659dQ7a2QZY
فیلم زیبا و دیدنی نوبر اصفهان - بدون حذفیات و با کیفیت,https://www.youtube.com/watch?v=Hivt_4c9ew0
فیلم بدون سانسورنردبان ترقی - نسخه کامل و رنگی شده,https://www.youtube.com/watch?v=YN3PWCt_org
فیلم زیبای مصطفی لره - بدون حذفیات,https://www.youtube.com/watch?v=Umg9yzmiPPY
مهدی فخیم زاده در فیلم بدون سانسورمکافات - با کیفیت بالا و رنگی شده,https://www.youtube.com/watch?v=_ug4xjWUVX0
فیلم صحنه دار معرکه - بدون سانسور و رنگی,https://www.youtube.com/watch?v=H3FxQA1BpGA
منوچهر وثوق و بازیگران ترک در فیلم زیبای نمک نشناس - تسخه کامل,https://www.youtube.com/watch?v=MlwDDsyDSIM
پوری بنایی در فیلم مهر گیاه - با حضور علی نصیریان - بدون حذفیات,https://www.youtube.com/watch?v=uYEvLY9UHNI
Delbaran | فیلم دلبران در مورد مهاجرت غیرقانونی مهاجران افغان,https://www.youtube.com/watch?v=wPuRSo6iw8g
حمیده خیرآبادی در فیلم بدون سانسور رسوای عشق - رنگی,https://www.youtube.com/watch?v=eV1ueWfUVGo
ایرج قادری در فیلم مرگ در باران - بدون سانسور - کیفیت بالا,https://www.youtube.com/watch?v=DBm7V_inChY
فیلم نوستالژی کامل اتوبوس - با حضور هادی اسلامی,https://www.youtube.com/watch?v=eEG2ro9ovTg
فیلم بدون سانسور و جذاب کاسبهای محل  -,https://www.youtube.com/watch?v=0t1nimmtDf8
فیلم +18 عزیز قرقی  - فیلمی جذاب و بدون سانسور,https://www.youtube.com/watch?v=cOT7TpmLNmM
فیلم زیبای گلهای کاغذی - با نقش آفرینی مرتضی عقیلی,https://www.youtube.com/watch?v=dCWPmKK7QKA
فیلم بدون سانسور محبوب بچه ها - با حضور رضا بیک,https://www.youtube.com/watch?v=Tpx1dKUocRw
فردین در فیلم مردانه بکش - بدون سانسور - با کیفیت بالا,https://www.youtube.com/watch?v=rmj3umMSd5Y
فیلم جذاب و بدون سانسور تلافی - با هنرمندی بهمن مفید و پروین,https://www.youtube.com/watch?v=3nEnLlxg878
فیلم صحنه دار قدیمی مردی که رنج می برد - با کیفیت و رنگی شده,https://www.youtube.com/watch?v=6RAtbYPZPxg
فرامرز قریبیان در فیلم حادثه ای تارهای نامرئی - باکیفیت,https://www.youtube.com/watch?v=2CjtrJb3Jpw
ناصر ملک مطیعی در فیلم زیبای مرد - با بازی بهمن مفید,https://www.youtube.com/watch?v=xqA7uwnMaSM
فیلم بدون سانسور مردها و نامردها - با بازی بهمن مفید,https://www.youtube.com/watch?v=6yfdRJZ83uE
فیلم زیبای مردی از تهران - با حضور فردین - بدون سانسور,https://www.youtube.com/watch?v=MvvAycbCr-U
فیلم بدون سانسورمرد جنگل - نسخه کامل و با کیفیت,https://www.youtube.com/watch?v=1Gr9hMrOl4I
فیلم زیبای مراد - باکیفیت و رنگی شده,https://www.youtube.com/watch?v=GaVGQTC41RM
فیلم صحنه دار مرد افکن - با حضور ناتاشا - رنگی,https://www.youtube.com/watch?v=EF9NUT7Jerc
فیلم زیبای مردان خلیج - با نقش آفرینی ناصر ملک مطیعی,https://www.youtube.com/watch?v=6H-hJiKJ9Os
فیلم اکشن مرد نا آرام - با هنرنمایی رضا بیک,https://www.youtube.com/watch?v=Y5sLOEibRrA
فیلم بی سانسور گرداب گناه - همبازی شدن بهروز وثوق و پوری بنایی,https://www.youtube.com/watch?v=jSLj4HWGQ80
منوچهر وثوق در فیلم فریاد عشق - بدون سانسور,https://www.youtube.com/watch?v=mZXbX8wYtIo
فیلم بدون سانسورگلپری جون - با هنرنمایی رضا بیک - رنگی,https://www.youtube.com/watch?v=zqKK-7bnJg4
فیلم زیبای کینه - با بازی منوچهر وثوق,https://www.youtube.com/watch?v=TLeVbApjDFE
ناصر ملک مطیعی در فیلم لوطی - بدون حذفیات و رنگی شده,https://www.youtube.com/watch?v=Wwh4nCt1D34
حضور بهروز وثوق در فیلم زیبای کندو - بدون حذفیات,https://www.youtube.com/watch?v=sfSzl2UWyzk
فیلم زیبای بی سانسورمادموازل خاله - رنگی و باکیفیت,https://www.youtube.com/watch?v=jsCuljiwtP0
فیلم بدون سانسور گربه کوره - با حضور لیلا فروهر,https://www.youtube.com/watch?v=gxA6BP4K25w
داوود رشیدی در فیلم بی سانسور گذر اکبر - رنگی,https://www.youtube.com/watch?v=qPVM-SlryFc
فیلم زیبای ترنج با هنرنمایی علی نصیریان -,https://www.youtube.com/watch?v=a92yJ6rRBLc
منوچهر وثوق در فیلم سه دلباخته - بدون حذفیات,https://www.youtube.com/watch?v=cZnUll5UHwk
فیلم صحنه دار سه جوانمرد - بدون سانسور و رنگی,https://www.youtube.com/watch?v=X3pJH4s9e0M
فیلم صحنه دار شب اعدام - با هنرنمایی گیتی فروهر,https://www.youtube.com/watch?v=ltaq9a6avD8
بهروز وثوقی و ویگن در عروس دریا فیلم قدیمی بدون سانسور,https://www.youtube.com/watch?v=kDUWrc_5OoU
فیلم زیبای خاک مهر شده - رنگی و باکیفیت,https://www.youtube.com/watch?v=iERe8kJHkf0
فیلم زیبای حق و ناحق - رنگی و بدون سانسور - با هنرنمایی بهمن مفید,https://www.youtube.com/watch?v=XGJOe1MuNyo
فیلم پلیسی چشم شیطان - با بازی علیرضا خمسه,https://www.youtube.com/watch?v=X3YxeqUuxe8
ایرج قادری در فیلم فریاد دهکده - بدون سانسور,https://www.youtube.com/watch?v=RNS6by0e3t0
داریوش و شهره در فیلم فریاد زیر آب - بدون حذفیات و رنگی,https://www.youtube.com/watch?v=xjIAbmS1vXw
فیلم صحنه دار فدایی - فیلمی بدون سانسور - رنگی شده,https://www.youtube.com/watch?v=ljY-AEPYsMU
فیلم جنگی عباسه و جعفر برمکی - با بازی ژاله علو,https://www.youtube.com/watch?v=BQcD9Vjgpc4
فیلم زیبای فاصله - با بازی مرتضی عقیلی - بدون حذفیات,https://www.youtube.com/watch?v=Za2C5bZbQx8
فیلم زیبای ستاره صحرا - با بازی رضا بیک - رنگی,https://www.youtube.com/watch?v=tf-pnYuK2t4
فیلم زیبای سنگ صبور - با بازی لیلا فروهر,https://www.youtube.com/watch?v=7J-b3uVQ4L8
فیلم بدون سانسور فریاد دهکده - صحنه دار و رنگی شده,https://www.youtube.com/watch?v=IGA0UuJCiEc
فیلم زیبای شراره - بدون حذفیات و با کیفیت,https://www.youtube.com/watch?v=UIUI4l__FoQ
فیلم بدون سانسور سه فراری - با کیفیت و رنگی شده,https://www.youtube.com/watch?v=eiSqv0Vr4Rg
بهروز وثوقی در فیلم عروس دریا - بدون حذفیات و رنگی,https://www.youtube.com/watch?v=Rm9qQEhyBKU
فیلم بدون سانسور دختری از شیراز - رنگی شده,https://www.youtube.com/watch?v=TTBmHbtmFkw
فیلم زمان جنگ و تاریخی دختر لر,https://www.youtube.com/watch?v=dia8_PjMWFg
حضور فریبرز عرب نیا در فیلم کامل خسوف - با بازی محمدعلی کشاورز,https://www.youtube.com/watch?v=YXyNGka7nGU
سعید راد در فیلم جنگی سفر سنگ - بدون حذفیات,https://www.youtube.com/watch?v=ZO5zqAtkvVY
فیلم زیبای خانوم خانوما - بدون حذفیات - رنگی,https://www.youtube.com/watch?v=yzujBOPiAJ4
شهناز تهرانی در فیلم زیبای جنوبی - بدون سانسور,https://www.youtube.com/watch?v=Fsl41EU1baw
فیلم بدون سانسور زن دشمن خطرناکیست - نسخه کامل و رنگی شده,https://www.youtube.com/watch?v=HGncS3o_dxU
فیلم صحنه دار بی سانسور دوستت دارم - رنگی شده باکیفیت,https://www.youtube.com/watch?v=72oc5c9xdos
رضا بیک در فیلم زیبای  دلقک - زندگی یک رقاصه,https://www.youtube.com/watch?v=3KkaecqNJis
فیلم زیبای دشمن زن - با حضور ناصر ملک مطیعی,https://www.youtube.com/watch?v=-DeSih3xOdw
فیلم بی سانسور دزد سوم - با هنرنمایی سعید راد,https://www.youtube.com/watch?v=cAX1DN4Gx94
حمید لولایی در فیلم کمدی زبرجد - فیلم کمدی اجتماعی,https://www.youtube.com/watch?v=jkLSg5RaQAk
فیلم زیبای رعد و برق - بدون حذفیات و رنگی,https://www.youtube.com/watch?v=KtUJBTcVYz4
فیلم زیبای شاید همین جا - باکیفیت بالا,https://www.youtube.com/watch?v=bb5H-DcHwc8
فیلم صحنه دار زن یک شبه - بدون سانسور - با بازی پوری بنایی,https://www.youtube.com/watch?v=-z0rSKI79hI
ناصر ملک مطیعی در سایه سرنوشت - بدون حذفیات,https://www.youtube.com/watch?v=oLMC-5QAM30
منوچهر وثوق در زخم خنجر رفیق - کیفیت بالا - بدون حذفیات,https://www.youtube.com/watch?v=K6TWqdI6cR8
فیلم بی سانسور زیبای دنیای پول - با نقش آفرینی رضا بیک,https://www.youtube.com/watch?v=1GYUkagOshc
پژمان بازغی و علی اوجی فیلم کمدی جدید ماموریت غیر ممکن,https://www.youtube.com/watch?v=Mof7_GAXz9Y
فیلم بدون سانسور زندگی شیرین است - باکیفیت و رنگی,https://www.youtube.com/watch?v=BJD517BV13w
پوری بنایی در فیلم رسوایی - باکیفیت و رنگی شده,https://www.youtube.com/watch?v=GZrwpJFiDh8
فیلم زیبای دیدنی رنگین کمان - با حضور محمدرضا فاضلی,https://www.youtube.com/watch?v=jEiYwqxoiww
فیلم ممنوعه صحنه دار راننده اجباری - با بازی منوچهر وثوقی,https://www.youtube.com/watch?v=paDr94bFeVk
فیلم ترسناک ایرانی طلسم - با بازی جمشید مشایخی,https://www.youtube.com/watch?v=pqOq1XH71Oc
نوش آفرین در فیلم خاکستری - با نقش آفرینی سعید راد - بدون سانسور,https://www.youtube.com/watch?v=1fHnzE6fpbo
فیلم بدون حذفیات دشت سرخ - همبازی شدن بهروز وثوقی و ایرج قادری,https://www.youtube.com/watch?v=1qEvQyp7-lE
حمیده خیرآبادی در فیلم دست تقدیر - بدون حذفیات و رنگی,https://www.youtube.com/watch?v=gVI64xwDH74
پرویز پرستویی در حکایات آن مرد خوشبخت - با هنرنمایی کتایون ریاحی,https://www.youtube.com/watch?v=4qIG42uWT9o
فیلم صحنه دار دختر ولگرد - با حضور بهروز وثوقی,https://www.youtube.com/watch?v=5rw9AwEQrZ0
اکبر عبدی در فیلم جدید عروسی در شب - با حضور ثریا قاسمی,https://www.youtube.com/watch?v=XVKLi-MObPM
حضور پوری بنایی در خانم دلش موتور می خواد - بدون حذفیات - با بازی بهمن مفید,https://www.youtube.com/watch?v=Y3BjNrS0nk0
ایرج قادری در فیلم حکم تیر - صحنه دار - رنگی شده,https://www.youtube.com/watch?v=J2zopBbhjd8
نسخه اصلی فیلم جنگی بربال فرشتگان - با بازی حسن جوهرچی,https://www.youtube.com/watch?v=Jp0z0EeBmng
بهروز وثوقی در فیلم زیبای خاک - با حضور فرامرز قریبیان و پروین سلیمانی,https://www.youtube.com/watch?v=oAd2zLFSQ4Q
جمشید هاشمپور در فیلم خوشگلترین زن عالم - بدون سانسور,https://www.youtube.com/watch?v=tpU-RmFQOz0
فیلم صحنه دار خاطرخواه - با بازی ناصر ملک مطیعی و بهمن مفید,https://www.youtube.com/watch?v=mOkwQB41SPM
فیلم زیبای بگذارید میترا بخوابد,https://www.youtube.com/watch?v=jT08A3Z--jg
رضا بیک در فیلم زیبای حیدر - رنگی شده و قدیمی,https://www.youtube.com/watch?v=HLmCy4PkC9A
ایرج قادری در فیلم زیبای جان سخت - بدون حذفیات - رنگی,https://www.youtube.com/watch?v=GI87uFceaG8
حمیده خیرآبادی در فیلم تولدت مبارک - بدون حذفیات و با کیفیت,https://www.youtube.com/watch?v=33VBzi9fb-Q
مهرانه مهین ترابی در فیلم کامل گلبهار - قدیمی و با کیفیت,https://www.youtube.com/watch?v=eN27dvW8qyE
فیلم زیبای تنگنا - بدون سانسور - رنگی شده,https://www.youtube.com/watch?v=dkdupOlMBqU
علی رضا خمسه در فیلم کامل مهریه بی بی - با بازی زیبای پروین دخت یزدانیان (بی بی),https://www.youtube.com/watch?v=UixS3vekUeE
سعید راد در فیلم زیبای تیغ آفتاب - صحنه دار,https://www.youtube.com/watch?v=2FEuRiMVNTE
فیلم کمدی تاریخی وکیل اول - بدون حذفیات نسخه کامل,https://www.youtube.com/watch?v=43HPpnmD7-4
فیلم زیبای جاهلها و ژیگولها - بدون حذفیات رنگی,https://www.youtube.com/watch?v=w7wsUQ5rbiE
فیلم کمدی همخانه  با بازی اکبرعبدی - با حضور زنده یاد عسل بدیعی,https://www.youtube.com/watch?v=H5ede5MLAVQ
فیلم زیبای بی سانسور جاهل و رقاصه - با هنرنمایی بهمن مفید,https://www.youtube.com/watch?v=G7ktjt4Jz7Y
نوید محمدزاده در فیلم زیبای لانتوری - با نقش آفرینی باران کوثری,https://www.youtube.com/watch?v=9pt5H3cKBN4
فیلم صحنه دار جدال در کویر - نسخه کامل و باکیفیت,https://www.youtube.com/watch?v=nUjGhR515-A
فیلم زیبا و جذاب جنوب شهر - بدون حذفیات,https://www.youtube.com/watch?v=mGeFbu8N-zw
کتایون در فیلم بی حذفیات تاکسی عشق - با کیفیت - با بازی جهانگیر فروهر,https://www.youtube.com/watch?v=NR4mhEk6YU8
فیلم قدیمی صحنه دار تشنه باران - بدون سانسور با هنرنمایی حمیده خیرآبادی,https://www.youtube.com/watch?v=Hj17enXLBPk
فیلم کامل  زیبای ترانزیت - با نقش آفرینی فرامرز قریبیان,https://www.youtube.com/watch?v=EDI4d7nVj_g
فیلم بدون سانسور پسران علاالدین - فیلم نوستالژی رنگی شده با کیفیت,https://www.youtube.com/watch?v=1K8LtV9efYc
آغاسی در فیلم زیبای جعفر و گلنار - با نقش آفرینی فروزان - بی سانسور,https://www.youtube.com/watch?v=y5Qm7feL828
جمشید هاشمپور در فیلم تیغ و ابریشم - با حضور زنده یاد سیروس گرجستانی,https://www.youtube.com/watch?v=ozx8ewb-p_I
حمیده خیرآبادی در فیلم بی سانسور شب عروسی - نسخه رنگی و با کیفیت,https://www.youtube.com/watch?v=8OkuVrGj4Pk
فردین در فیلم بهشت دور نیست - با حضور فروزان - بدون سانسور,https://www.youtube.com/watch?v=UUUN3g7oqYM
جمشید مشایخی در فیلم زیبای پیراک - با حضور حمیده خیرآبادی,https://www.youtube.com/watch?v=zbemIEhfga4
فیلم زیبای سه تا بزن بهادر - نسخه رنگی شده بدون حذفیات,https://www.youtube.com/watch?v=DS7Ildhbq9w
فیلم زیبا و بدون سانسور جاده - کیفیت HD,https://www.youtube.com/watch?v=nIj5jUiG6gk
فیلم جنگی عروس حلبچه - فیلمی از دل جنگ - باکیفیت بالا,https://www.youtube.com/watch?v=--cffqsgpUk
فیلم کامل عروسی خوبان - با بازی رویا نونهالی,https://www.youtube.com/watch?v=A4D-1EiXVec
فیلم جنگی انفجار در اتاق عمل - با هنرنمایی فرامرز قریبیان,https://www.youtube.com/watch?v=dWdQtVnYdUc
فیلم زیبای راز - بدون حذفیات و نسخه رنگی با حضور جلال پیشواییان,https://www.youtube.com/watch?v=N-537hIt9ZY
فیلم کمدی تگزاس 2  نسخه بدون سانسور - با بازی پژمان جمشیدی,https://www.youtube.com/watch?v=bo3q-_JSImQ
فیلم تونل در مورد خیانت - بدون سانسور و کیفیت بالا,https://www.youtube.com/watch?v=jz50sEXYPvs
فیلم زیبای سه تفنگدار - کیفیت بالا رنگی شده,https://www.youtube.com/watch?v=LAIyhqI0qsA
فریماه فرجامی  در فیلم زیبای بی پناه - فیلم قدیمی با کیفیت بالا,https://www.youtube.com/watch?v=HOaJ5s_gkWU
علیرضاخمسه در فیلم کمدی  جیب برها به بهشت نمی روند - با حضور حمیده خیرآبادی,https://www.youtube.com/watch?v=n8OLzimhi9Q
اینجا از بیرانوند تا بهنوش بختیاری میان تا جیگر و چنجه کباب بخورن🍗(عشقی های 2),https://www.youtube.com/watch?v=onOUWMDtB1w
فیلم نوستالژیک زیبای رنو تهران 29 - با کیفیت بالا,https://www.youtube.com/watch?v=DrhkRx_RYcE
فیلم زیبای دعوت نامه - با نقش آفرینی شقایق فراهانی,https://www.youtube.com/watch?v=IeEqvZkX3Mw
فیلم زیبای والده آقا مصطفی با حضور بهمن مفید - بدون حذفیات و باکیفیت,https://www.youtube.com/watch?v=hbN0EEInuZQ
پرویز پرستویی در فیلم جنگی دیار عاشقان - فیلم نوستالژی قدیمی,https://www.youtube.com/watch?v=7mXreH6xv9k
تختخواب سه نفره ماجرای دو زن و یک مرد - بدون سانسور و رنگی,https://www.youtube.com/watch?v=v2GKLVyOYYQ
حضور بهروز وثوقی در فیلم صد کیلو داماد - نسخه بدون حذفیات,https://www.youtube.com/watch?v=ovp5xVVqM44
مهناز افشار چه خوبه که برگشتی  - با هنرنمایی رضا عطاران,https://www.youtube.com/watch?v=Bm3awf-KhaA
حضور ژاله علو در فیلم زیبای  واسطه ها - با هنرنمایی رضا بیک,https://www.youtube.com/watch?v=w1a7n6v9Rak
جمشید مشایخی در فیلم زیبای سراب - بدون حذفیات,https://www.youtube.com/watch?v=Z8OAmpO9--g
شهناز تهرانی در فیلم بدون سانسور رفاقت - با هنرنمایی بهمن مفید,https://www.youtube.com/watch?v=jV4-VvnktQw
علیرضا خمسه در فیلم دلاوران کوچه دلگشا - با بازی زهره حمیدی - با کیفیت بالا,https://www.youtube.com/watch?v=9q7fQvJhHMk
جمشیدهاشمپوردر فیلم  زیبای فاتح - با حضور محمدرضا فروتن,https://www.youtube.com/watch?v=a-0kCwAJq8w
فیلم صحنه دار جوانی هم عالمی دارد - با بازی جمشید مشایخی - رنگی شده,https://www.youtube.com/watch?v=9SVOL1fYjdI
حامد بهداد در فیلم جدید بیتابی بیتا - با بازی الهه حصاری,https://www.youtube.com/watch?v=fwECuwM1sbc
فیلم زیبای جنگجویان کوچولو - قدیمی بدون حذفیات,https://www.youtube.com/watch?v=9sBmz0mOhb8
حمیده خیرآبادی در فیلم شادیهای زندگی ما - با هنرنمایی ناصر ملک مطیعی,https://www.youtube.com/watch?v=rT3zDOSpQvY
روناک یونسی درفیلم ایرانی گرگ و میش - با بازی علیرام نورایی,https://www.youtube.com/watch?v=VhtacjlyOOg
گوگوش در فیلم بی سانسورشب فرشتگان - کیفیت HD,https://www.youtube.com/watch?v=NyiSQkheRak
فیلم دیدنی و زیبای زیر گنبد کبود - بدون سانسور - رنگی,https://www.youtube.com/watch?v=dXWZB8Pg3VQ
بهروز وثوق در فیلم بدون سانسورزنی به نام شراب - فیلمی در مورد خیانت,https://www.youtube.com/watch?v=N13ihWD40Bo
فیلم بدون سانسورزیبای سرکش - نسخه رنگی و باکیفیت,https://www.youtube.com/watch?v=KTBlU4sFLfI
فیلم زیبای تنهایی- باهنرنمایی منوچهر وثوق,https://www.youtube.com/watch?v=d5oEalxMh7Q
فیلم زیبای ساحل دور نیست - بدون حذفیات,https://www.youtube.com/watch?v=GrnsNbdOkWw
فیلم صحنه دار بدون سانسور توبه - با بازی ایرج قادری,https://www.youtube.com/watch?v=GjqTStFZABY
ناصر ملک مطیعی در فیلم دو مرد خشن - بدون حذفیات,https://www.youtube.com/watch?v=RkOUs6uRVks
فیلم زیبای زندگی وارونه - نسخه رنگی شده و بدون حذفیات,https://www.youtube.com/watch?v=qiHKce5zauM
فیلم بدون سانسورپاپوش - با نقش آفرینی رضا بیک,https://www.youtube.com/watch?v=bH9zGPqJINU
فیلم پاشنه طلا با بازی ناصر ملک مطیعی - باکیفیت و بدون حذفیات,https://www.youtube.com/watch?v=ncc1BbKgDGo
بهروز وثوق در فیلم زیبای سازش - باهنرنمایی نوش آفرین - بدون حذفیات,https://www.youtube.com/watch?v=pvnzzW_0vkU
فیلم بی سامسور صحنه دار بیگانه - همبازی شدن ایرج قادری و پوری بنایی,https://www.youtube.com/watch?v=tYlC7XxbqcE
فیلم عاشقانه بی سانسور زشت و زیبا - نسخه رنگی شده,https://www.youtube.com/watch?v=8DI9q25qeV0
فیلم صحنه دار غم ها و شادی ها -  با بازی منوچهر وثوق - بدون سانسور,https://www.youtube.com/watch?v=DzldLaCK2_0
فیلم زیبای ستاره ای چشمک زد - بدون حذفیات,https://www.youtube.com/watch?v=7ve4VW8J76k
فیلم بدون سانسور جدال در مهتاب - صحنه دار و رنگی,https://www.youtube.com/watch?v=cp00eI7ABg0
حمیده خیرآبادی در فیلم سه کارآگاه خصوصی - بدون سانسور و نسخه رنگی,https://www.youtube.com/watch?v=mS0zk5U6xZk
ایرج قادری در فیلم زیبای شاهرگ - بی سانسور و رنگی شده,https://www.youtube.com/watch?v=yL1OMBA1k6I
رضا عطاران در فیلم کمدی  سراسر  خنده | بهنوش بختیاری و الناز شاکردوست,https://www.youtube.com/watch?v=EZoZgrs_g4s
فیلم بدون سانسور زیبای خداحافظ کوچولو - با بازی مرتضی عقیلی - رنگی,https://www.youtube.com/watch?v=u9EcDibJOBU
بهروز وثوقی در فیلم غریب - بدون حذفیات و رنگی شده,https://www.youtube.com/watch?v=aebFrmL4xIQ
فیلم زیبای بدون سانسور تعطیلات داش اسمال - با هنرنمایی جهانگیر فروهر,https://www.youtube.com/watch?v=VvM2AOenuUE
فیلم عاشقانه جمعه شیرین - بدون سانسور و نسخه رنگی,https://www.youtube.com/watch?v=-Vb5skbyP10
فیلم بدون سانسور زیبای عذاب مرگ  -  با بازی کتایون,https://www.youtube.com/watch?v=Rr1Zn-nEtto
فیلم زیبای قهرمانان نمی میرند - بدون سانسور - +18,https://www.youtube.com/watch?v=vo8a4otupgo
جمشید مشایخی در فیلم بدون سانسور مطرب - نسخه رنگی,https://www.youtube.com/watch?v=2_ZonfnLvrQ
فیلم زیبای فتانه - با هنرنمایی فرنگیس فروهر - بدون حذفیات,https://www.youtube.com/watch?v=ixvcLJ1CaJk
ایرج قادری درفیلم زیبای عطش - بدون سانسور و رنگی,https://www.youtube.com/watch?v=1SQLpmi80vg
فیلم زیبای فریاد انسانها - باکیفیت و نسخه رنگی,https://www.youtube.com/watch?v=slo61-H_rvw
فیلم قدیمی زیبای قزل ارسلان - نسخه رنگی - با بازی عباس مصدق,https://www.youtube.com/watch?v=Rb75BC3kqQo
فیلم  صحنه دار قلبهای طلایی - با نقش آفرینی پوری بنایی - رنگی,https://www.youtube.com/watch?v=7wGAhdTOcFU
فیلم زیبای بدون سانسور مبارزه با شیطان - با هنرنمایی رضا بیک,https://www.youtube.com/watch?v=SdQswrcldXM
شهرام شپ پره در فیلم ماهی ها در خاک می میرند - با بازی جمشید مشایخی - نسخه رنگی,https://www.youtube.com/watch?v=oZili9bJubc
لیلا فروهر و شهناز تهرانی در فیلم میهمان - با نقش آفرینی حمیده خیرآبادی  -  بدون سانسور,https://www.youtube.com/watch?v=Rd2g5GHmPec
فیلم زیبای بی سانسور هرجایی - باهنرنمایی مرجان - نسخه رنگی,https://www.youtube.com/watch?v=33KxNlq5eb8
گوگوش در فیلم بی سانسورقصاص -  با بازی پوری بنایی,https://www.youtube.com/watch?v=w_rJxS0egt8
ایرج قادری در فیلم مامور دو جانبه - بدون سانسور,https://www.youtube.com/watch?v=KuKJovnCYzA
جمشید مشایخی در فیلم زیبای مردان خشن - بدون سانسور - رنگی,https://www.youtube.com/watch?v=H1LZccbC56o
فیلم زیبای مشهدی عباد - بدون حذفیات نسخه رنگی,https://www.youtube.com/watch?v=W5fgHcpwyG4
فیلم جنگی زیبای گوهر شب چراغ - با بازی فروزان و منوچهر نوذری,https://www.youtube.com/watch?v=NLIuzFkKu4k
ایرج قادری در فیلم ماجرای جنگل - با حضور تهمینه - بدون سانسور,https://www.youtube.com/watch?v=8mVsfaGZ09s
فیلم صحنه دار زیبای مادر فداکار - بدون حذفیات,https://www.youtube.com/watch?v=fpOVqct4XMk
فیلم صحنه  دار مامور 114 - بدون سانسور - رنگی,https://www.youtube.com/watch?v=lpNU4eBMr-s
فیلم زیبای لج و لج بازی - صحنه دار - با کیفیت,https://www.youtube.com/watch?v=LLfMb4Zz_Kc
فیلم زیبای بی سانسور دو انسان - نسخه رنگی و با کیفیت,https://www.youtube.com/watch?v=bDvQnDKeW1I
فیلم زیبای دو کله شق - بدون سانسور با حضور ایرج قادری,https://www.youtube.com/watch?v=KYZl2VySq4U
کمربند زرین - قهرمان کشتی عاشق دختر صاحب باشگاه می شود - بدون سانسور,https://www.youtube.com/watch?v=saJKm9vPtHg
نوش آفرین در فیلم بی سانسوردشمن - با حضور ناصر ملک مطیعی,https://www.youtube.com/watch?v=_LGB_DXSNNI
فیلم زیبای خوشگلا عوضی گرفتین - بدون حذفیات و نسخه رنگی,https://www.youtube.com/watch?v=FrxrcsR4bMM
فیلم زیبای بدون سانسور پهلوان پهلوانان - نسخه رنگی,https://www.youtube.com/watch?v=-6r6vsT18Jw
سعید راد در فیلم بدون سانسور خشم و خون - بدون حذفیات,https://www.youtube.com/watch?v=7wCCnGhHmOA
فیلم عاشقانه شام آخر | روایت عشق وخیانت - بدون سانسور,https://www.youtube.com/watch?v=GfKXtokhcYQ
تعطیلات داش اسمال | بدون سانسور کامل -رنگی HD,https://www.youtube.com/watch?v=IALsOVj7HsE
فیلم اکشن جاده مرگ | رنگی شده اختصاصی,https://www.youtube.com/watch?v=sbds2vTyXvc
جمعه شیرین ۱۳۴۹ | عاشقانه - بدون سانسور,https://www.youtube.com/watch?v=TXHkCDE2_yo
فیلم بدون سانسور نان و نمک - با هنرنمایی رضا بیک - رنگی شده,https://www.youtube.com/watch?v=TM4g7AaAP8I
خواننده هنگامه و چنگیز وثوقی تا آخرین نفس | رنگی شده HD,https://www.youtube.com/watch?v=mERnQ18KP4E
فردین در فیلم ترکمن | نسخه رنگی بدون سانسور,https://www.youtube.com/watch?v=QHTpanmEX9U
ایرج قادری در ناخدا باخدا | صحنه دار - رنگی شدده,https://www.youtube.com/watch?v=sWnFV4UWGSM
بهمن مفید در فیلم پخمه | رنگی سانسور نشده,https://www.youtube.com/watch?v=eORX2OR5RAo
منوچهر وثوق در هیچکی بابا نمیشه | با خوانندگی ستار و عهدیه,https://www.youtube.com/watch?v=enQ7Y-AvGR0
رضا بیک در فیلم همراهان | صحنه دار- بدون سانسور,https://www.youtube.com/watch?v=MaFWDE9B-W0
منوچهر وثوق و رضا بیک در فیلم صحنه دار زیبای پررو | رنگی شده | Zibaye Por_Ro,https://www.youtube.com/watch?v=kw7x86fPyaA
شهناز تهرانی و بهمن مفید در فیلم پشمالو - نسخه رنگی شده,https://www.youtube.com/watch?v=TmgOYcGDM6M
محمد علی فردین و شهلا در فیلم  خشم کولی | رنگی بدون سانسور,https://www.youtube.com/watch?v=sX64w5rmbPM
فیلم اکشن مترس - بدون حذفیات - صحنه دار,https://www.youtube.com/watch?v=sI6iXVjeSDI
فیلم بدون سانسورخروس جنگی - با حضور لیلا فروهر - رنگی شده,https://www.youtube.com/watch?v=lQuO-C1VL7A
فیلم غمناک زیبای پسرک - بدون حذفیات و نسخه رنگی شده,https://www.youtube.com/watch?v=47LYZ_huSuI
لیلا فروهر در فیلم زیبای همکلاس - با بازی حمیده خیرآبادی,https://www.youtube.com/watch?v=H7e5qsdcqjQ
ایرج قادری در فیلم بدون سانسور نا محرم - نسخه رنگی,https://www.youtube.com/watch?v=UAS3Q6YrPE8
فیلم زیبای گریز از مرگ - با کیفیت بالا بدون حذفیات,https://www.youtube.com/watch?v=ucHA-w_zFJ0
فیلم زیبای کلید - نسخه بدون حذفیات و رنگی شده,https://www.youtube.com/watch?v=F9Yifk3qtmM
فیلم زیبای جنگی میراث - با بازی پری بنایی - رنگی شده و بدون حذفیات,https://www.youtube.com/watch?v=LZPdMV8lVL4
منوچهر نوذری در فیلم حسین کرد شبستری - با حضور ناصر ملک مطیعی,https://www.youtube.com/watch?v=iwGAmQ-Wx98
فردین درفیلم بدون سانسور خوشگل خوشگلا - نسخه رنگی شده,https://www.youtube.com/watch?v=uw0r7TiNhLg
سهید راد درفیلم زیبای خروس - بدون حذفیات و رنگی,https://www.youtube.com/watch?v=doF-r3YM748
بهروز وثوقی در فیلم بی سانسور نفس بریده - نسخه رنگی شده باکیفیت,https://www.youtube.com/watch?v=4Nlb3JqLaB8
ناصر ملک مطیعی در فیلم زیبای سد - بدون سانسور,https://www.youtube.com/watch?v=-7cx4n6L8Y8
فیلم بدون سانسور زیبای یکی خوش صدا یکی خوش دست - با هنرنمایی رضا بیک,https://www.youtube.com/watch?v=i7WrqaLQ81M
فیلم صحنه دار نیزار - با نقش آفرینی رضا بیک - نسخه رنگی,https://www.youtube.com/watch?v=9gwErzOvMTY
مرجان در فیلم بی سانسورهرجایی - با بازی منوچهر وثوق,https://www.youtube.com/watch?v=8qym58JaSJw
فیلم بدون سانسور یک اصفهانی در سرزمین هیتلر - نسخه رنگی شده با کیفیت بالا,https://www.youtube.com/watch?v=3PxbYguJjng
ناصر ملک مطیعی در فیلم سرباز - بدون حذفیات - رنگی,https://www.youtube.com/watch?v=9Ox-gKIeCC4
فیلم زیبای جنگی فاتح - با بازی دو هنرمند معروف - نسخه رنگی,https://www.youtube.com/watch?v=ypBawzzOaps
فیلم بدون سانسور بیگانه بیا - با هنرنمایی بهروز وثوقی - رنگی,https://www.youtube.com/watch?v=Je3KbMkHqmw
فیلم زیبای نابغه هفت ماهه  - بدون سانسور - نسخه رنگی,https://www.youtube.com/watch?v=ZP3mWGBKtr8
فیلم زیبای پل - با نقش آفرینی جمشید مشایخی - با کیفیت,https://www.youtube.com/watch?v=K1w6w8TXd_w
فیلم زیبای بدون سانسورقهوه خانه قنبر- با هنرنمایی فرنگیس فروهر,https://www.youtube.com/watch?v=df1BrWe3F98
لیلا فروهر در فیلم بدون سانسور نا مادری - صحنه دار,https://www.youtube.com/watch?v=M6WkHyfPAzE
بهروز وثوقی در فیلم نفرین - با بازی جمشید مشایخی - بدون سانسور,https://www.youtube.com/watch?v=-h9Ju0z0Tk0
سعید راد در فیلم زیبای گدای اشراف زاده - با حضور علیرضا داوود نژاد -رنگی,https://www.youtube.com/watch?v=yVvSPD7n6aA
فیلم بدون سانسور کی دسته گل به آب داده - با کیفیت بالا - نسخه رنگی,https://www.youtube.com/watch?v=oncJvoQCJ2o
فیلم عاشقانه کاکل زری - همبازی شدن مرجان و رضا بیک - بدون سانسور,https://www.youtube.com/watch?v=W1i5juG8GR4
فیلم زیبای پرستوها به لانه باز میگردند - جدایی پدر و پسر رنگی شده,https://www.youtube.com/watch?v=I_YVu8kyNZA
فیلم  زیبای هیجانی کمین - با نقش آفرینی سعید راد - بدون سانسور,https://www.youtube.com/watch?v=9CiUFRjnFhw
ایرج قادری در فیلم قدیمی بی نشان - نسخه بدون حذفیات و رنگی,https://www.youtube.com/watch?v=-BAdBIy7MxQ
شهرام شب پره در فیلم بوی گندم - بدون حذفیات,https://www.youtube.com/watch?v=f2LdRSgKjTM
سعید راد و حمیده خیرآبادی در فیلم کافر - بدون حذفیات و رنگی شده,https://www.youtube.com/watch?v=kTB5eCVjgvo
بهروز وثوقی در فیلم دلهره آور گربه در قفس - بدون حذفیات,https://www.youtube.com/watch?v=uAGvwKblVkM
فردین در فیلم بدون سانسور زن وحشی - صحنه دار,https://www.youtube.com/watch?v=07r1LYNyhuw
فیلم زیبای گنجینه سلیمان - با بازی جهانگیر فروهر - بدون سانسور,https://www.youtube.com/watch?v=xK5SP0906Fo
فیلم بدون سانسورناخدا باخدا - نسخه باکیفیت و رنگی,https://www.youtube.com/watch?v=LbFA1Tx4foo
فیلم زیبای پیشکسوت - با بازی مهدی فخیم زاده و حمیده خیرآبادی - بدون سانسور,https://www.youtube.com/watch?v=DdHV0NzZjF0
گوگوش در فیلم فیل و فنجان - بدون سانسور,https://www.youtube.com/watch?v=WHIEEP4THlA
فردین در فیلم زمین تلخ - با هنرنمایی رضا بیک - رنگی,https://www.youtube.com/watch?v=MZjLPnzZ5Oc
منوچهر وثوق در فیلم زیبای مشت مرد - بدون سانسور - قدیمی رنگی شده,https://www.youtube.com/watch?v=Hp5LwEmAZsk
لیلا فروهر در فیلم گل خشخاش - بدون حذفیات نسخه باکیفیت,https://www.youtube.com/watch?v=1JJ2Z7G2tl8
ناصر ملک مطیعی در فیلم بدون سانسوردو مرد خشن - نسخه رنگی شده,https://www.youtube.com/watch?v=DVDLlcPgSjM
فیلم زیبای غفلت - با نقش آفرینی ناصر ملک مطیعی,https://www.youtube.com/watch?v=ZmMfj85P8Y8
فیلم بدون سانسور مرد روز - صحنه دار - با هنرنمایی رضا بیک,https://www.youtube.com/watch?v=wSIUCObLKJs
فیلم زیبای پا تو کفش من نکن - بدون سانسور - قدیمی رنگی شده,https://www.youtube.com/watch?v=56FoIZG0Cqg
گوگوش در فیلم زیبای سه دیوانه - باکیفیت و رنگی,https://www.youtube.com/watch?v=H7Rq_PqYzso
ناصر ملک مطیعی در فیلم زیبای به خاطر دخترم - بدون سانسور,https://www.youtube.com/watch?v=A6CE0H059Y0
فیلم اکشن ایرانی سه بمب آتشین - بدون حذفیات و رنگی شده,https://www.youtube.com/watch?v=8ze2BJkdHao
پروین غفاری در فیلم سکه دو رو  | بدون سانسور و حذفیات,https://www.youtube.com/watch?v=05YSplDHqeU
فیلم زیبای قدیمی آلونک- نسخه رنگی و بدون سانسور,https://www.youtube.com/watch?v=CvsjsS6GgSI
Akhare Bazi | حامد بهداد در فیلم آخر بازی,https://www.youtube.com/watch?v=IJ2sEV5fjmY
فیلم عاشقانه بدون سانسور قصه شب یلدا - با نقش آفرینی حمیده خیرآبادی,https://www.youtube.com/watch?v=UPEt-IBScmk
فیلم زیبای مامور ما در کراچی - نسخه رنگی و بدون سانسور,https://www.youtube.com/watch?v=rKIBG8-aa0k
فیلم جنجالی مسافری از بهشت - با حضور حمیده خیرآبادی - بدون سانسور,https://www.youtube.com/watch?v=0MPqgcWZ2WI
فیلم درام پسر زاینده رود - با نقش آفرینی جمشید مشایخی - رنگی,https://www.youtube.com/watch?v=Aoj4msB7h68
فیلم جنجالی پریزاد - با هنرنمایی فروزان - بدون حذفیات,https://www.youtube.com/watch?v=VxW9XQJwm_A
فیلم زیبای درام مالک دوزخ - همبازی شدن ویکتوریا و منوچهر وثوق - بدون حذفیات,https://www.youtube.com/watch?v=-bqR0b10p7g
فیلم عاشقانه ولی نعمت - با هنرنمایی بهمن مفید - بدون حذفیات,https://www.youtube.com/watch?v=rHBK40AuuLI
ایرج قادری در فیلم بیدار در شهر - بدون سانسور,https://www.youtube.com/watch?v=LteDxQj8k48
فیلم هیجانی مسیر رودخانه - با کیفیت - با حضور فردین,https://www.youtube.com/watch?v=IJzJzS8-Icg
فیلم زیبای علی سورچی - بدون حذفیات - با بازی پوری بنایی,https://www.youtube.com/watch?v=VP4areWqWL4
فیلم اکشن بدون سانسورمامور 114 - با نقش آفرینی رضا بیک - نسخه رنگی,https://www.youtube.com/watch?v=zGOwyy1unoU
فیلم مردها و جاده ها با بازی ناصر ملک مطیعی - بدون حذفیات,https://www.youtube.com/watch?v=WxDERxf5ySw
فیلم زیبای قلاب - با هنرنمایی مرجان و رضا بیک - بدون سانسور,https://www.youtube.com/watch?v=AkvfRmChiKg
فیلم زیبای مادر دوستت دارم - بدون سانسور - +18,https://www.youtube.com/watch?v=uM0HbRVn3y4
فیلم هیجانی مردی در آتش - نسخه باکیفیت رنگی - بدون سانسور,https://www.youtube.com/watch?v=n_FW6IDcp5Y
فیلم بدون سانسورپنجه آهنین - صحنه دار,https://www.youtube.com/watch?v=J8z0pdt4R2Q
فیلم بدون سانسورقصه ماهان - نسخه رنگی شده و با کیفیت,https://www.youtube.com/watch?v=ljpt4trMRuc
فیلم بی سانسورپخمه - با نقش آفرینی لیلا فروهذر و شهناز,https://www.youtube.com/watch?v=pa9i9ZZHePI
فیلم زیبای مستاجر - بدون سانسور - رنگی,https://www.youtube.com/watch?v=74Azibiy9mU
فیلم زیبای گلنسا در پاریس - بدون حذفیات نسخه رنگی,https://www.youtube.com/watch?v=KjuBETgtSBg
فیلم جنجالی مرد دو چهره - نسخه بدون حذفیات و با کیفیت,https://www.youtube.com/watch?v=KTD1C4ydVYE
فیلم هیجانی مادر جونم عاشق شده با هنرنمایی مرجان و حمیده خیرآبادی,https://www.youtube.com/watch?v=bEuVUXKh8DQ
فیلم جذاب و زیبای پسر دهاتی - بدون سانسور - با کیفیت بالا,https://www.youtube.com/watch?v=wOkn4slRiTg
نسخه کمیاب فیلم سرخپوستها - با حضور ناصر ملک مطیعی- رنگی اختصاصی,https://www.youtube.com/watch?v=i-mo1W2eGdg
تار عنکبوت با حضور ویکتوریا و ایرج قادری - رنگی شده,https://www.youtube.com/watch?v=ucW1-Q4PMC0
فردین در فیلم گردش روزگار - رنگی شده اختصاصی,https://www.youtube.com/watch?v=2oQn6Ju7EUQ
فیلم هیجانی طوفان در شهر ما - بدون حذفیات,https://www.youtube.com/watch?v=N8k4U7gJtHo
فیلم زیبای پرتگاه مخوف با هنرنمایی گوگوش - بدون سانسور,https://www.youtube.com/watch?v=9r-x3XpwEqg
فیلم زیبای شوخی نکن دلخور میشم - با هنرنمایی فروزان,https://www.youtube.com/watch?v=d6amYwt-JSc
فیلم مرد بی ستاره با هنرنمایی رضا بیک - بدون حذفیات,https://www.youtube.com/watch?v=IeoLqcEiikQ
فیلم زیبای محکوم - با کیفیت بالا - بدون سانسور,https://www.youtube.com/watch?v=oEGjQglUP0M
فیلم بدون سانسور ماشین مشتی ممدلی - بدون حذفیات و رنگی شده,https://www.youtube.com/watch?v=O6kZ43PDAzE
فیلم زیبای هم قسم - با هنرنمایی مرجان - بدون سانسور,https://www.youtube.com/watch?v=gVloZfwFOiY
فیلم زیبای گناه من چیست - نسخه رنگی کیفیت بالا بدون حذفیات,https://www.youtube.com/watch?v=qOgO0BGJ8sY
فیلم هیجانی عمو فوتبالی - با نقش آفرینی ایرج قادری - باکیفیت,https://www.youtube.com/watch?v=JdEVN6ioSpE
فیلم جنجالی فرزند گمراه - صحنه دار - با کیفیت بالا - بدون حذفیات,https://www.youtube.com/watch?v=6rEB62VxYuA
فیلم بدون سانسورعطش با بازی ایرج قادری - رنگی شده,https://www.youtube.com/watch?v=eASKP9kcCNM
فیلم زیبای طلسم شکسته  - رنگی و بدون حذفیات,https://www.youtube.com/watch?v=hVZlkPBKJEs
فیلم صحنه دار ضربت - بدون سانسور باکیفیت رنگی,https://www.youtube.com/watch?v=jsJV1eByWPI
فیلم صحنه دار شهر گناه  -  با نقش آفرینی پوری بنایی - رنگی شده,https://www.youtube.com/watch?v=UrOrb_sroLI
حمیده خیرآبادی در فیلم شکوفه های امید - نسخه بدون حذفیات,https://www.youtube.com/watch?v=3936AzH6CBQ
فیلم زیبای قصه شب - با هنرنمایی فردین - بدون سانسور,https://www.youtube.com/watch?v=pJyqcINJiIQ
فیلم اکشن فاتحین صحرا - هیجانی باکیفیت بالا - نسخه رنگی,https://www.youtube.com/watch?v=zLwSk4jynA4
فیلم عاشقانه زیبا قایقرانان - بدون سانسور - با حضور پوری بنایی,https://www.youtube.com/watch?v=I57RD5mLN8M
فیلم ناموسی شکار انسان - همبازی شدن مرجان و جمشید مشایخی,https://www.youtube.com/watch?v=uPBR5mFVCG0
فیلم جنجالی عاشفانه میهمان - همبازی شدن لیلا فروهر شهناز تهرانی و حمیده خیرآبادی,https://www.youtube.com/watch?v=2ONkzWhKU4k
فیلم بدون سانسور عشق آفرین با بازی عارف - کیفیت بالا,https://www.youtube.com/watch?v=LmL5noz-bLM
فیلم زیبای شهر آشوب - با هنرنمایی فروزان - باکیفیت بالا,https://www.youtube.com/watch?v=a22MYwUOsVc
فیلم عاشقانه فرار از حقیقت - همبازی شدن فروزان و ناصر ملک مطیعی,https://www.youtube.com/watch?v=BN8bcbknzbs
فیلم +۱۸ خانه کنار دریا | بدون حذفیات -رنگی شده ذختصاصی HD,https://www.youtube.com/watch?v=6vRWkMva91g
فیبم زیبای جیب بر خوشگله - بدون سانسور - با بازی ایرج قادری,https://www.youtube.com/watch?v=vzZCg7E4PPY
فیلم زیبای قفس طلایی بدون حذفیات - با بازی ناصر ملک مطیعی,https://www.youtube.com/watch?v=Fg74VuoB2C4
فیلم هیجانی غول بیابونی - رنگی صحنه دار,https://www.youtube.com/watch?v=m3bPnlY6fxE
فیلم جنجالی قاتلین هم میگریند - رنگی شده - بی سانسور,https://www.youtube.com/watch?v=cVGW7ULf6Jw
فیلم زیبای مشکل آقای اعتماد - بدون سانسور کیفیت بالا,https://www.youtube.com/watch?v=sZOU5OCOGVk
فیلم صحنه دارعاشقانه عشقی ها - کیفیت بالا - بدون سانسور,https://www.youtube.com/watch?v=bb-QmdR9MHk
فیلم بدون سانسور عشق و خشونت - نسخه رنگی بدون حذفیات,https://www.youtube.com/watch?v=-Lm5qg9x-S4
شهناز تهرانی در فیلم بی سانسورغلام زنگی - کیفیت بالا,https://www.youtube.com/watch?v=FZhLi1Nahag
فیلم عاشقانه عمو نوروز - با حضور پوران - بدون حذفیات,https://www.youtube.com/watch?v=6TvfmPw_TOI
فیلم بی سانسورنعمت نفتی - نسخه رنگی و بدون حذفیات,https://www.youtube.com/watch?v=GlpDxgSiE70
فیلم زیبای علی بی غم - با هنرنمایی ناصر ملک مطیعی,https://www.youtube.com/watch?v=k_bcLmNSY6s
فیلم جنجالی ماجرای شب ژانویه - نسخه رنگی شده بدون سانسور,https://www.youtube.com/watch?v=RfgP6_e6nAw
فیلم بدون سانسور فرار از بهشت - با نقش آفرینی حمیده خیرآبادی,https://www.youtube.com/watch?v=1GgJw7lJC9U
فیلم جنجالی هزار بار مردن - با حضور سعید راد و مهدی فخیم زاده,https://www.youtube.com/watch?v=ZTVIvScTJL4
فیلم صحنه دار مسافر - با هنرنمایی منوچهر وثوق - نسخه رنگی بدون حذفیات,https://www.youtube.com/watch?v=jKknFNZnSdE
فیلم فرنگی مهدی مشکی و شلوارک داغ - با حضور ناصر ملک مطیعی - بدون سانسور,https://www.youtube.com/watch?v=CY90M-DuJLM
فیلم درام پشت و خنجر - همبازی شدن فروزان و ایرج قادری - بدون سانسور,https://www.youtube.com/watch?v=Rqoe3inKYmQ
شهناز تهرانی در فیلم پری خوشگله - بدون سانسور کیفیت بالا و رنگی شده,https://www.youtube.com/watch?v=rPTLiFkPYIo
فیلم زیبای همت - با نقش آفرینی مرجان و ناصر ملک مطیعی,https://www.youtube.com/watch?v=6H3pMt6TOBg
فیلم قدیمی قفس - نسخه بدون حذفیات و رنگی شده - با بازی ایرج قادری,https://www.youtube.com/watch?v=qQQPs5tRYbA
فیلم زیبای مرد میدان - باکیفیت و رنگی شده - بدون حذفیات,https://www.youtube.com/watch?v=DtV3i-v4w8k
گوگوش در فیلم ستاره هفت آسمون - فیلمی بدون سانسور و زیبا,https://www.youtube.com/watch?v=CyN6u2xwehA
فیلم درام نانجیب - بدون حذفیات - با بازی پوری بنایی,https://www.youtube.com/watch?v=Mgpes6EVL6A
فیلم بدون سانسور مو طلایی شهر ما - بدون سانسور - کیفیت بالا - با نقش آفرینی فردین,https://www.youtube.com/watch?v=H4Iyu5W1BUA
فیلم زیبای مجازات - با حضور مهدی فخیم زاده - رنگی,https://www.youtube.com/watch?v=Jf-aKCm0liM
Shokolat  | فیلم کمدی شکلات با هنرنمایی امین حیایی,https://www.youtube.com/watch?v=M5v8HCeU-xQ
فیلم بدون سانسورقصاص - با هنرنمایی گوگوش و ناصر ملک مطیعی - رنگی,https://www.youtube.com/watch?v=Wp5Lo4KBIqM
فیلم زیبای لوطی قرن بیستم - رنگی شده - با نقش آفرینی رضا بیک,https://www.youtube.com/watch?v=EwTzb5GDA5k
ناصر ملک مطیعی و فروزان در فیلم قلندر  | رنگی شده اختصاصی HD,https://www.youtube.com/watch?v=of3Xh7bnfis
منوچهر وثوق و ناصر ملک مطیعی در فیلم کاکو  | صحنه دار,https://www.youtube.com/watch?v=fTM3ji9qHUw
فیلم +۱۸ روزنه امید | رنگی شده HD,https://www.youtube.com/watch?v=1ddxA389BZA
فیلم عاشقانه زمزمه محبت | نسخه رنگی FHD,https://www.youtube.com/watch?v=QiMJM7M3Hqo
فیلم عاشقانه فرشته ای در خانه من | نسخه رنگی بدون سانسور,https://www.youtube.com/watch?v=6fKZWrVG7Z4
فیلم کامل حسن سیاه  | بدون سانسور HD,https://www.youtube.com/watch?v=1gXWkwbRPNw
فیلم زیبای عروس بیانکا - همبازی شدن فروزان و منوچهر وثوق - بدون حذفیات,https://www.youtube.com/watch?v=1-AiqqembDU
فیلم زیبای دیوار شیشه ای - با حضور پوری بنایی و هما روستا - رنگی,https://www.youtube.com/watch?v=7AYZH3kLQr4
فیلم زیبای قرار بزرگ - با نقش آفرینی فردین - بدون حذفیات و رنگی,https://www.youtube.com/watch?v=fjMn2OzbnLQ
فیلم بدون سانسورتوبه - با بازی ایرج قادری - نسخه رنگی,https://www.youtube.com/watch?v=6lVWdRwBV8w
فیلم زیبای غیرت - با هنرنمایی رضا بیک - بدون سانسور,https://www.youtube.com/watch?v=RlkeJv8Lp04
فیلم عاشقانه بی عشق هرگز- بدون حذفیات و نسخه رنگی,https://www.youtube.com/watch?v=53Z4y_kVNJM
فیلم جنجالی سوگند سکوت - با نقش آفرینی ایرج قادری - رنگی,https://www.youtube.com/watch?v=hfn-koXyuhk
فیلم صحنه داربی حجاب - با بازی شهناز تهرانی - نسخه رنگی شده,https://www.youtube.com/watch?v=dN1ELfvd3UY
فیلم زیبای عشق و انتقام - نسخه بدون حذفیات و رنگی - با هنرنمایی فردین,https://www.youtube.com/watch?v=VmNX9riMa2E
فیلم درام و عاشقانه میخک سفید - با حضور فروزان - نسخه رنگی,https://www.youtube.com/watch?v=atzFFLoyxDw
فیلم هیجانی میعادگاه خشم - با بازی فردین و داوود رشیدی - رنگی شده و بی سانسور,https://www.youtube.com/watch?v=9iUEb5l1Lx8
فیلم جنجالی سیاه بخت - با حضور شهناز - بدون سانسور,https://www.youtube.com/watch?v=cLIbfV0WalA
فیلم زیبای تعصب - با بازی فردین و حمیده خیرآبادی - نسخه رنگی و بی سانسور,https://www.youtube.com/watch?v=KDpOMd30tF0
فیلم اکشن فرار - نسخه رنگی و بدون حذفیات,https://www.youtube.com/watch?v=lBtH2kbUf-0
فیلم بدون سانسور قدیر - نسخه رنگی - با حضور مرجان,https://www.youtube.com/watch?v=vlfkoqprxzE
فیلم زیبای غربتی ها - بدون سانسور - با بازی شهناز تهرانی,https://www.youtube.com/watch?v=HpzchUvaYBE
فیلم زیبای خانه قمر خانم - نسخه رنگی و بدون حذفیات,https://www.youtube.com/watch?v=9pRXzSFZowo
فروزان در فیلم صحنه دار ده سایه خطرناک | رنگی شده HD,https://www.youtube.com/watch?v=Ef8trTHHYQk
فیلم عاشقانه دلهره | فیلمی زیبا از ساموئل خاچیکیان - بدون سانسور HD,https://www.youtube.com/watch?v=rKeLVDIWDUM
مهدی فخیم زاده در فیلم کمدی خانواده سرکار غضنفر | نسخه بدون سانسور HD,https://www.youtube.com/watch?v=n-qGSz9Y2K0
فبلم قدیمی حقه بازان | نسخه رنگی صحنه دار و بدون سانسور,https://www.youtube.com/watch?v=YASg3C-M5rU
فیلم صحنه دار فری دست قشنگ - با نقش آفرینی مهدی فخیم زاده,https://www.youtube.com/watch?v=uAzop4GK7zI
فیلم جنجالی قادر - با حضور رضا بیک - بدون حذفیات,https://www.youtube.com/watch?v=ZX7AVw-khGY
فیلم جنجالی تکیه بر باد - با بازی مرجان - نسخه رنگی,https://www.youtube.com/watch?v=S55dNS3p85M
فیلم زیبای قربون هر چی خوشگله - با حضور مرجان و عارف - بدون سانسور,https://www.youtube.com/watch?v=-LCkJPtGWDs
فیلم غم انگیز فرشته وحشی - نسخه رنگی شده - بدون حذفیات,https://www.youtube.com/watch?v=GesswWSujmk
فیلم زیبای فردا روشن است - با بازی فردین و ویگن - بدون سانسور,https://www.youtube.com/watch?v=ZGhypnE3xNY
فیلم بدون سانسورعروس تهران - با بازی شهلا ریاحی - نسخه رنگی,https://www.youtube.com/watch?v=lX1aMKYZlHs
فیلم زیبای در جستجوی داماد - نسخه بدون حذفیات و رنگی,https://www.youtube.com/watch?v=CME2B_ArNhM
فیلم جنجالی ساعت فاجعه - با بازی ژاله علو - بدون سانسور,https://www.youtube.com/watch?v=Uwmf8u2kkGs
فیلم صحنه دار دروغگوی کوچولو - با حضور شهناز - نسخه رنگی شده,https://www.youtube.com/watch?v=3OvK85Letq0
فیلم بدون سانسور داماد فراری - رنگی و +18,https://www.youtube.com/watch?v=ckflbeWzwkc
فیلم زیبای دهکده طلایی - با بازی فردین - نسخه بدون حذفیات,https://www.youtube.com/watch?v=Z4HAO2NAWHs
فیلم زیبای در آمریکا اتفاق افتاد | نسخه رنگی اصلاح شده,https://www.youtube.com/watch?v=7tnL9TPYYXM
فیلم قدیمی کمدی دزد و پاسبان | نسخه رنگی بدون سانسور HD,https://www.youtube.com/watch?v=-a1dI9lJzW8
فیلم احساسی رودخانه وحشی | به نقش آفرینی ایرج قادری - بدون سانسور و رنگی شده,https://www.youtube.com/watch?v=w_3OAR5U3_o
فیلم عاشقانه زبون بسته | بدون سانسور و رنگی شده اختصاصی HD,https://www.youtube.com/watch?v=Mr5X173UGGY
فیلم بدون سانسور بدکاران - نسخه رنگی شده,https://www.youtube.com/watch?v=l9g3_dTWmYs
فیلم بدون سانسور حسن دینامیت - با بازی رضا بیک - رنگی,https://www.youtube.com/watch?v=kcjirg8VGKg
فیلم بدون سانسور فرار از زندگی - رنگی - صحنه دار,https://www.youtube.com/watch?v=RmhYjz4ncBM
فیلم بدون سانسور دزد سیاهپوش - با هنرنمایی بهروز وثوق و پوری بنایی,https://www.youtube.com/watch?v=2R1bJvNjde0
فیلم جنجالی دختر فراری - نسخه رنگی شده بدون سانسور,https://www.youtube.com/watch?v=_yeAeIEk4ts
فیلم معمایی دو انسان - رنگی شده - با بازی ایرج قادری,https://www.youtube.com/watch?v=s0eZAIKW4j8
فیلم زیبای دام عشق - بدون سانسور رنگی شده,https://www.youtube.com/watch?v=Iy9fbNUHcPA
فیلم غم انگیز صلات ظهر - تجاوز به دختری جوان - رنگی شده,https://www.youtube.com/watch?v=jmVUVWmYHS4
فیلم زیبای درختان ایستاده می میرند - با بازی منوچهر وثوق - رنگی,https://www.youtube.com/watch?v=irLKDVYEYOo
فیلم پلیسی جمعه - نسخه رنگی و بدون حذفیات,https://www.youtube.com/watch?v=vsIg08NzSTY
فیلم صحنه دار دختر همسایه - رنگی و بدون سانسور,https://www.youtube.com/watch?v=1ow30PFN-h8
فیلم عاشقانه دنیا مال منه - صحنه دار - رنگی شده,https://www.youtube.com/watch?v=oDF2jSkemmw
فیلم زیبای ترانه های روستایی - با حضور فردین و حمیده خیرآبادی - بدون سانسور,https://www.youtube.com/watch?v=Q2M1p9rAP0U
فیلم عاشقانه داش احمد - نسخه رنگی بدون حذفیات,https://www.youtube.com/watch?v=X_H8svGyZs0
فیلم بدون سانسوردشمن - با بازی نوش آفرین و ناصر ملک مطیعی,https://www.youtube.com/watch?v=wKrnN_5Pk1M
فیلم زیبای در شهر خبری نیست با هنرنمایی مرتضی عقیلی - رنگی شده,https://www.youtube.com/watch?v=5Nx6w8JEbMU
فیلم بدون سانسوردنیای آبی - با هنرنمایی بهروز وثوق و پوری بنایی,https://www.youtube.com/watch?v=5RRQaM8yMfw
فیلم جنجالی داغ ننگ - با حضور ایرج قادری - بدون سانسور,https://www.youtube.com/watch?v=zv9YjJmD1CM
فیلم صحنه دار قربون زن ایرونی | بدون سانسور و رنگی شده,https://www.youtube.com/watch?v=p1oYYQz1EhI
فیلم زیبای علاالدین و چراغ جادو - نسخه رنگی بدون حذفیات,https://www.youtube.com/watch?v=ggpr9A6ZNgg
فیلم اکشن صخره سیاه |  رنگی شده HD,https://www.youtube.com/watch?v=kfzbDj9Mm5s
طلای سفید | نسخه رنگی بدون سانسور,https://www.youtube.com/watch?v=HJ1n8ziRF60
فیلم کمدی  جایزه خوشبختی | با حضور چهر های سرشناس علی نصیریان و داوود رشیدی,https://www.youtube.com/watch?v=iN-5s2TVLKQ
فیلم زیبای شکست ناپذیر | با هنر نمایی فردین,https://www.youtube.com/watch?v=4vNeXhE5vRA
خانه کنار دریا | صحنه دار,https://www.youtube.com/watch?v=gAeYnPz-CNg
فیلم کمدی دل خودش میخواد | بدون سانسور رنگی,https://www.youtube.com/watch?v=W8OrTsAKvtk
فیلم راز آلود سوداگران مرگ - نسخه رنگی بدون حذفیات,https://www.youtube.com/watch?v=geSU90snKwE
فیلم صحنه دار قهرمان قهرمانان - با هنرنمایی فردین - بدون سانسور,https://www.youtube.com/watch?v=7mkhoNNLQVY
فیلم زیبا و بدون سانسور عشق قارون - با بازی منوچهر وثوق - صحنه دار,https://www.youtube.com/watch?v=DFTPNQRX2_c
فیلم بدون سانسور ساحره - با حضور فروزان - رنگی شده,https://www.youtube.com/watch?v=p_tzWRWrTA8
فیلم زیبای عروسک پشت پرده با بازی شهلا ریاحی - نسخه رنگی شده,https://www.youtube.com/watch?v=muyQ0t0OqVE
فیلم حادثه ای تلافی با هنرنمایی پوری بنایی - رنگی شده,https://www.youtube.com/watch?v=9ew94sCzryk
فیلم بدون سانسور قاصدک - با حضور نوش آفرین و سعید راد,https://www.youtube.com/watch?v=5da5O_vP7VY
فیلم بدون حذفیات سه ناقلا در ژاپن - رنگی - صحنه دار,https://www.youtube.com/watch?v=VUcDdU3wmbw
فیلم زیبای شاهراه زندگی با بازی ایرج قادری - نسخه رنگی بدون حذفیات,https://www.youtube.com/watch?v=VfzExg1Zduw
فیلم بدون سانسور شارلاتان با بازی رضا بیک و شهلا ریاحی,https://www.youtube.com/watch?v=fHBfuy0z5EA
فیلم زیبای عدل الهی - با بازی فروزان - رنگی بدون حذفیات,https://www.youtube.com/watch?v=DPc0WIeMxEU
فیلم ماجرای جنگل |  نسخه رنگی بدون حذفیات,https://www.youtube.com/watch?v=vdmVvA6k3UI
فیلم بدون سانسور لذت گناه با حضور بهروز وثوق - رنگی شده و بدون حذفیات,https://www.youtube.com/watch?v=0wAB9K2mBiU
فیلم زیبای ضرب شست - نسخه رنگی بدون حذفیات,https://www.youtube.com/watch?v=AV7BGdvNTF8
فیلم زیبای عاشقانه تنها مرد محله - بدون سانسور - با حضور پوری بنایی,https://www.youtube.com/watch?v=9XWQGqGoMIo
فیلم اکشن طوفان بر فراز پاترا - با هنرنمایی فردین - رنگی,https://www.youtube.com/watch?v=rgZgvcsUtYg
فیلم عاشقانه طغرل - با بازی سعید راد - نسخه رنگی شده,https://www.youtube.com/watch?v=2UHkRmHLyyM
فیلم تاریخی شیر خفته - با حضور عزت الله انتظامی - بدون حذفیات و رنگی,https://www.youtube.com/watch?v=9DdJQsAazHQ
فیلم حادثه ای ظفر- با بازی فروزان و رضا بیک - بدون سانسور,https://www.youtube.com/watch?v=6Oi_NCXweRo
فیلم بدون سانسورضعیفه - با بازی مرجان - صحنه دار,https://www.youtube.com/watch?v=BPLXvuO5JrM
فیلم جنگی عاصی - با هنرنمایی پوری بنایی و ناصر ملک مطیعی - رنگی,https://www.youtube.com/watch?v=MBZ3GMNCOCs
فیلم زیبای سالومه - صحنه دار - با بازی مرجان و سعید راد,https://www.youtube.com/watch?v=IJVXSHAQWnI
فیلم جنجالی صبح روز چهارم - با هنرنمایی سعید راد - نسخه رنگی,https://www.youtube.com/watch?v=RfmglaRhnso
فیلم زیبای شهر آفتاب با حضور حمیده خیرآبادی - نسخه رنگی بدون حذفیات,https://www.youtube.com/watch?v=4q8D8o0wvH4
فیلم عاشقانه زیبای ستارگان میدرخشند - با هنرنمایی پوران و ناصر ملک مطیعی,https://www.youtube.com/watch?v=mu_fIfphqlk
فیلم عاشقانه غرور و تعصب - بدون سانسور - نسخه رنگی,https://www.youtube.com/watch?v=mxxNlC8UIT4
فیلم حادثه ای صبح خاکستر - با هنرنمایی رضا بیک - بی سانسور,https://www.youtube.com/watch?v=FY7PAjuYcbc
فیلم زیبای شمسی پهلوون - نسخه رنگی بدون حذفیات,https://www.youtube.com/watch?v=Erzl7pOLuyo
فیلم زیبای جنجال - با هنرنمایی رضا بیک - بدون سانسور,https://www.youtube.com/watch?v=OvOiOrQJM_M
فیلم زیبای سوگلی - نسخه رنگی بدون حذفیات,https://www.youtube.com/watch?v=cbbXW-9GqYk
فیلم زیبای شب غریبان با هنرنمایی گوگوش و شهرام شب پره - بدون حذفیات نسخه رنگی,https://www.youtube.com/watch?v=FxWj83b6Lys
فیلم جنجالی عنتر و منتر -  با حضور رضا بیک - نسخه رنگی بدون حذفیات,https://www.youtube.com/watch?v=PF-64EKstoA
فیلم زیبای شرف - با حضور سعید راد - نسخه بدون حذفیات,https://www.youtube.com/watch?v=3c4nfRU6wa8
فیلم بدون سانسورعلی کنکوری - رنگی شده - صحنه دار,https://www.youtube.com/watch?v=llWr_i0443c
فیلم زیبای ستیز با بازی منوچهر وثوق - بدون حذفیات - نسخه رنگی,https://www.youtube.com/watch?v=MDTSww9vjdU
فیلم زیبای صفر علی - نسخه رنگی و بدون حذفیات,https://www.youtube.com/watch?v=pZ8Zeq3Rd6I
فیلم حادثه ای مو سرخه - با بازی ایرج قادری - نسخه بدون حذفیات,https://www.youtube.com/watch?v=NZtTs5gViAk
فیلم صحنه دارتنها حامی - بدون حذفیات و نسخه رنگی,https://www.youtube.com/watch?v=GRyIsRIWOSY
فیلم زیبای دزد شهر - با بازی پوری بنایی - رنگی و بدون سانسور,https://www.youtube.com/watch?v=x5lA-zbWJc0
فیلم معمایی ماجراجویان خشن -  با حضور حمیده خیرآبادی یدون حجاب - بدون سانسور و رنگی شده اختصاصی HF,https://www.youtube.com/watch?v=S6hpu_lr4RE
فیلم صحنه دار عقاب طلایی - بی سانسور,https://www.youtube.com/watch?v=Ovzz4kj1ioA
فیلم حادثه ای گناه مادر - بدون سانسور - صحنه دار | اولین نسخه رنگی شده اختصاصی,https://www.youtube.com/watch?v=NUMXwSMDQLE
فیلم معمایی خشم عقابها - با حضور ایرج قادری - رنگی,https://www.youtube.com/watch?v=z2qgjd3Izgw
همایون و سهیلا در فیلم مرد حنجره طلایی | بدون سانسور,https://www.youtube.com/watch?v=KwQgeZ9IrXU
ناصر ملک مطیعی در فیلم +18 قصه دلها | رنگی HD,https://www.youtube.com/watch?v=oApOJ51nRvg
فیلم صحنه دار فراشباشی | نسخه رنگی HD,https://www.youtube.com/watch?v=bChCdxdByLk
فیلم صحنه دار مرد صحرا | نسخه بدون سانسور,https://www.youtube.com/watch?v=qFIuXi2R00Y
رضا بیک در فیلم حادثه ایی حریص | نسخه بدون سانسور +18,https://www.youtube.com/watch?v=LA28s1LJStk
فیلم کامل شهر هرت | نسخه رنگی بدون سانسور,https://www.youtube.com/watch?v=ms2C6hN2oBE
فیلم زیبای فرشته نجات - بدون سانسور - رنگی شده,https://www.youtube.com/watch?v=ha8N9UzaSWg
فیلم بدون سانسور حادثه ای غلام ژاندارم - با حضور ایرج قادری,https://www.youtube.com/watch?v=ydVvjXQCfu8
فیلم معمایی دنیای پر امید - با بازی فردین,https://www.youtube.com/watch?v=LINfZfybmAc
فیلم صحنه دار جوانمرد - با هنرنمایی فردین - رنگی شده,https://www.youtube.com/watch?v=O2FlP8JJc2E
فیلم بدون سانسور دختر نگو بلا بگو - صحنه دار - رنگی,https://www.youtube.com/watch?v=OIjpHZsmYa0
فیلم حادثه ای و معمایی شب قوزی - با بازی محمد علی کشاورز,https://www.youtube.com/watch?v=U7iLTp1j0bY
فیلم زیبای فریاد نیمه شب - با هنرنمایی فردین - بی سانسور,https://www.youtube.com/watch?v=bLAyi50KtT4
فیلم بدون سانسور یاران - با بازی جمشید هاشمپور - صحنه دار,https://www.youtube.com/watch?v=ZaTiuZo3qN0
فیلم عاشقانه گربه رو دم حجله میکشن - با حضور حمیده خبرآبادی - رنگی شده,https://www.youtube.com/watch?v=WtOmlFvANzE
فیلم صحنه دار همیشه قهرمان - با بازی شهناز تهرانی - بی سانسور,https://www.youtube.com/watch?v=fTpxhhYSwZA
فیلم زیبای فرار از حجله - بدون سانسور,https://www.youtube.com/watch?v=UKXpFI_c95A
فیلم حادثه ای هیولا - با حضور رضا بیک - بدون سانسور,https://www.youtube.com/watch?v=0rt7Mi1Og5I
فیلم جنگی بی سانسور صلاح الدین ایوبی - رنگی شده,https://www.youtube.com/watch?v=6hvyupWhB1s
فیلم زیبای هنگامه - با بازی بهروز وثوق - رنگی شده,https://www.youtube.com/watch?v=C-3JRZxqCGs
فیلم صحنه دار میرم بابا بخرم - با بازی رضا بیک - بی سانسور,https://www.youtube.com/watch?v=dja7PH4Z7Zc
فیلم صحنه دار مرد هزار لبخند - با بازی فردین - رنگی,https://www.youtube.com/watch?v=xuZRrBXt5mE
فیلم حادثه ای نعره طوفان - بدون سانسور - با حضور فردین,https://www.youtube.com/watch?v=urCP325Nqgg
فیلم  زیبای حادثه ای جاده زرین سمرقند - بدون سانسور - صحنه در,https://www.youtube.com/watch?v=__9T_hc6HkQ
فیلم بی سانسورمردان سحر - با بازی رضا بیک و پوری بنایی - رنگی,https://www.youtube.com/watch?v=WU0DbM5wraw
فیلم زیبای سایه های بلند باد - با بازی فرامرز قریبیان - رنگی شده,https://www.youtube.com/watch?v=nrY2mnTlhFE
فیلم بدون سانسور کج کلاه خان - صحنه دار - با بازی رضا بیک,https://www.youtube.com/watch?v=HCrarF2FpA4
فیلم زیبای هاشم خان - بدون سانسور - +18 - با حضور بهروز وثوقی,https://www.youtube.com/watch?v=72zGucC3VMM
فیلم صحنه دار بدنام - با حضور منوچهر وثوق - بدون سانسور,https://www.youtube.com/watch?v=g2MaJQ1iOOQ
فیلم زیبای بت شکن - با بازی بهروز وثوق و جمشید مشایخی - رنگی,https://www.youtube.com/watch?v=wRCeUyuwy1s
فیلم زیبای برای که قلبها می تپد - با بازی پوری بنایی و ایرج قادری - بدون سانسور,https://www.youtube.com/watch?v=oZoa9dG3mKM
فیلم قبل انقلاب صحنه دار جوانان امروزی - بدون سانسور,https://www.youtube.com/watch?v=mJ3c3Mx9sD0
فیلم زیبا و قدیمی بسترهای جداگانه - بدون سانسور - با حضور ایرج قادری,https://www.youtube.com/watch?v=cK7P2pyezjw
فیلم زیبای بیست سال انتظار - با بازی بهروز وثوق و شهلا ریاحی,https://www.youtube.com/watch?v=wBQ2tNpqD18
فیلم صحنه دار شاطر عباس - بدون سانسور - با بازی لیلا فروهر,https://www.youtube.com/watch?v=Idyz89oPEDc
ففیلم بدون سانسور گناه زیبایی - با حضور گوگوش - رنگی,https://www.youtube.com/watch?v=6GqEToCGDLg
فیلم زیبای علفهای هرز - صحنه دار - رنگی شده,https://www.youtube.com/watch?v=2-t8ZhBpRUI
فیلم زیبای قیامت عشق - با بازی عزت الله انتظامی - بدون سانسور,https://www.youtube.com/watch?v=h3E3SQ2P3ek
فیلم صحنه دار حسرت - رنگی شده - بدون سانسور,https://www.youtube.com/watch?v=vwyD78naIm8
فیلم زیبای چهره آشنا - بدون سانسور و صحنه دار,https://www.youtube.com/watch?v=7L0TRkm8a4g
فیلم قدیمی بی سانسور بارگاه شیطان - رنگی شده,https://www.youtube.com/watch?v=FzVIRkurZuU
فیلم بدون سانسور چلچراغ - رنگی - با بازی ایرج قادری و ناصر ملک مطیعی,https://www.youtube.com/watch?v=B5yzTSl37Fc
Shoufer Khoshgele | فیلم بدون سانسور شوفر خوشگله,https://www.youtube.com/watch?v=9o9Kl2cVUpI
فیلم صحنه دار چهار تا شیطون - با بازی حمیده خیرآبادی - بدون سانسور,https://www.youtube.com/watch?v=OPL37cAknAc
فیلم زیبای حاجی جبار در پاریس - بدون سانسور - رنگی,https://www.youtube.com/watch?v=r6sBviVwYjs
فیلم بدون سانسورمعشوقه - رنگی شده,https://www.youtube.com/watch?v=HW6gTAFOx_U
فیلم صحنه دار سینه چاک - با حضور ایرج قادری,https://www.youtube.com/watch?v=PodS1ztttz0
فیلم بدون سانسورساقی - صحنه دار - رنگی شده,https://www.youtube.com/watch?v=3wsjjL0xX_g
فیلم خانوادگی بدون سانسورسکوت بزرگ - همبازی شدن نوش آفرین و سعید راد,https://www.youtube.com/watch?v=NSVUhVwbERY
فیلم زیبای یعقوب لیث صفاری - رنگی شده - صحنه دار,https://www.youtube.com/watch?v=kWlJWlhovus
فیلم زیبای حاتم طایی - با بازی فردین و پوری بنایی - بدون سانسور,https://www.youtube.com/watch?v=I5iWCo4FNhQ
فیلم کمدی بدون سانسور چیچو و فرانکو وطنی - رنگی شده - صحنه دار,https://www.youtube.com/watch?v=2O5-2rAaguc
فیلم زیبای علی بابا و چهل دزد بغداد - بدون سانسور- با بازی رضا بیک و حمیده خیرآبادی,https://www.youtube.com/watch?v=K7VWIYbx5dc
فیلم زیبای صحنه دارچهارراه حوادث - با بازی ناصر ملک مطیعی,https://www.youtube.com/watch?v=7sbGe_vZHs8
فیلم زیبای قهرمان دهکده - بدون سانسور - با حضور ناصر ملک مطیعی,https://www.youtube.com/watch?v=tjFEqtNsjps
فیلم بدون سانسورغول - رنگی شده,https://www.youtube.com/watch?v=FX0uGtGUg-U
فیلم بدون سانسورطغیانگر - رنگی و صحنه دار,https://www.youtube.com/watch?v=om8xgWF29Ck
فیلم عاشقانه بی سانسورعشق کولی - رنگی شده و صحنه دار,https://www.youtube.com/watch?v=JwR0X901_OM
فیلم قبل از انقلاب بی سانسورعروس استانبول - با بازی ناصر ملک مطیعی - رنگی,https://www.youtube.com/watch?v=M19m3fN07cg
فیلم صحنه داربی سانسورشرور - رنگی شده,https://www.youtube.com/watch?v=hQaSGOnsSUs
فیلم درام چرخ بازیگر با حضور لیلا فروهر - بی سانسور و رنگی,https://www.youtube.com/watch?v=9wwctvqexeA
فیلم قدیمی صحنه دار هدف - با حضور ایرج قادری و سعید راد - رنگی شده,https://www.youtube.com/watch?v=YhDova4dqy8
فیلم زیبای جلاد  - اکشن صحنه دار بدون سانسور با حضور رضا بیک,https://www.youtube.com/watch?v=tXrwLaepiwQ
فیلم اکشن اضطراب | نسخه رنگی بدون سانسور  - با حضور لیلا فروهر و بهزاد جوانبخش,https://www.youtube.com/watch?v=8PNy0nTXbhY
فیلم صحنه دار مرغ تخم طلا - نسخه رنگی,https://www.youtube.com/watch?v=opqn24OWM8I
فیلم صحنه دار بازی شانس - +18 - نسخه رنگی شده,https://www.youtube.com/watch?v=JDombTNkQhw
فیلم صحنه دار بابا خالدار | نسخه رنگی بدون حذفیات,https://www.youtube.com/watch?v=6iuIIO5LrTI
فیلم باغ سنگی | برنده خرس نقره ایی جشنواره برلین,https://www.youtube.com/watch?v=t6ixXk3oMIc
فیلم عاشقانه افسونگر - نسخه رنگی FHD -  با هنر نمایی ناصر ملک مطیعی و دلکش,https://www.youtube.com/watch?v=HUYghP6Hf6M
فیلم عاشقانه انسان پرنده | صحنه دار نسخه رنگی بدون حذفیات,https://www.youtube.com/watch?v=pfjBWTlrkZQ
فیلم خانوادگی زیبای با هم ولی تنها | نسخه اصلی رنگی شده,https://www.youtube.com/watch?v=937yjl_Tokw
فیلم قدیمی بدون سانسور چشمه آب حیات - با بازی فردین - رنگی,https://www.youtube.com/watch?v=XlJQ62scPrg
فیلم قدیمی قبل انقلاب بی سانسورنسل شجاعان - نسخه رنگی و صحنه دار,https://www.youtube.com/watch?v=RXTJYXxTIPk
فیلم بدون سانسورخانه خراب - با حضور شهلا ریاحی - نسخه رنگی,https://www.youtube.com/watch?v=H_B05snqD7Y
فیلم جنایی عاشقانه صحنه دار ایوالله - نسخه رنگی,https://www.youtube.com/watch?v=VGQwHeMuR2Y
فیلم زیبای عاشقانه بلبل مزرعه - نسخه رنگی و بدون سانسور,https://www.youtube.com/watch?v=i58dJ9DukpU
فیلم بدون سانسور بزن بریم دزدی با بازی حمیده خیرآبادی و عارف - نسخه رنگی شده,https://www.youtube.com/watch?v=78Pu2eZoinc
بده در راه خدا,https://www.youtube.com/watch?v=W8ne48ERjJE
فیلم کمدی عاشقانه بدون سانسوربچه های محل - نسخه رنگی شده,https://www.youtube.com/watch?v=RV_wEZu3WLg
فیلم صحنه دار بابا شمل - نسخه رنگی شده,https://www.youtube.com/watch?v=uc1OdBJgjOU
فیلم جنگی بوسه بر لبهای خونین - بدون سانسور - رنگی,https://www.youtube.com/watch?v=lyx7p62_Mk0
فیلم اکشن 18+ ببر رینگ - نسخه رنگی و بدون سانسور,https://www.youtube.com/watch?v=Xe4sYCErQGo
نسخه کامل فبلم اکی مستر ـ رنگی شده و صحنه دار - بدون سانسور,https://www.youtube.com/watch?v=2mgULR78IfY
فیلم 18+ بلوچ با بازی بهروز وثوق - داستان ناموسی - بدون سانسور,https://www.youtube.com/watch?v=W9hcGxIv54I
فیلم زیبای پدر که ناخلف افتد +18 - رنگی و بدون سانسور,https://www.youtube.com/watch?v=qkb7hWIec9s
فیلم بدون سانسور این گروه محکومین - با حضور محمد علی کشاورز و عزت الله انتظامی,https://www.youtube.com/watch?v=Z70FDSung4Q
فیلم جنایی عاشقانه برادر کشی - با بازی ایرج قادری - رنگی شده و بدون سانسور,https://www.youtube.com/watch?v=hiolHJqlULA
فیلم 18+ بابا گلی به جمالت با حضور ناصر ملک مطیعی - رنگی شده,https://www.youtube.com/watch?v=KnFIoeOAaBA
فیلم بدون سانسور و رنگی شده ایوب - با بازی فردین,https://www.youtube.com/watch?v=XDSFKcvtAdU
فیلم قدیمی بدون سانسورباغ بلور با حضور لیلا فروهر - نسخه رنگی,https://www.youtube.com/watch?v=8Cwe4aG2ah4
فیلم 18+ آقا مهدی وارد می شود - فیلم قدیمی نسخه رنگی - بدون سانسور,https://www.youtube.com/watch?v=WVrfjQ9U8-k
فیلم درام امشب دختری میمیرد - نسخه رنگی - بدون سانسور,https://www.youtube.com/watch?v=doa7VPoIYX8
فیلم زیبای باجناق با بازی حمیده خیرآبادی - نسخه رنگی شده - صحنه دار,https://www.youtube.com/watch?v=SXfOSsLGIdA
فیلم ترسناک بی سانسورانتقام روح - نسخه رنگی,https://www.youtube.com/watch?v=7UGLbFQpZTY
فیلم زیبای بابا کوهی - فیلم قبل انقلاب - رنگی شده,https://www.youtube.com/watch?v=XSZEpd_BuAQ
فیلم عاشقانه و صحنه دار آلوده - با حضور منوچهر وثوق - نسخه رنگی,https://www.youtube.com/watch?v=Pdrlny5NloI
فیلم جنایی صحنه دارالماس 33 - نسخه رنگی و بدون سانسور,https://www.youtube.com/watch?v=Lw7EQz4Bdx8
فیلم قدیمی صحنه دار اول هیکل - نسخه رنگی و +18,https://www.youtube.com/watch?v=myVvn5lVWm4
فیلم قدیمی صحنه دار برهنه خوشحال - رنگی شده,https://www.youtube.com/watch?v=sYyBy9R5RAY
فیلم زیبای بهلول - نسخه رنگی و +18,https://www.youtube.com/watch?v=pKTSDxOz7qw
فیلم صحنه دار آرامش در حضور دیگران - فیلمی بدون سانسور از بی بند و باری - با حضور ثریا قاسمی,https://www.youtube.com/watch?v=2LgMKLbF1_o
فیلم جاده تبهکاران با بازی پوری بنایی - نسخه بدون سانسور و رنگی,https://www.youtube.com/watch?v=cStaejRsQ20
فیلم زیبای تپلی با بازی مهدی فخیم زاده - نسخه رنگی و بدون سانسور,https://www.youtube.com/watch?v=PDBOjQI-MlE
فیلم آینه زمان با بازی جذاب عارف خواننده - نسخه رنگی و بدون سانسور,https://www.youtube.com/watch?v=gGb4td_ZKWk
فیلم تازه به دوران رسیده با حضور حمیده خیرآبادی - نسخه رنگی و بدون سانسور,https://www.youtube.com/watch?v=nwK8Gsr_rMw
فیلم جانی و تپل با حضور شهناز تهرانی - نسخه رنگی شده و بدون سانسور,https://www.youtube.com/watch?v=2oLI7YqcTt0
فیلم زیبای تهمت با حضور منوچهر وثوق - نسخه رنگی و بدون سانسور,https://www.youtube.com/watch?v=zhUQ2IBtTPw
فیلم جنایی جاهل محل - نسخه بدون سانسور و رنگی,https://www.youtube.com/watch?v=Mgogk3D3e5E
فیلم صحنه داراین دست کجه - نسخه رنگی شده و بدون سانسور,https://www.youtube.com/watch?v=NviZAqGfZls
فیلم بدون سانسوربا معرفتها با بازی ناصر ملک مطیعی - نسخه رنگی شده,https://www.youtube.com/watch?v=baXVzvk1ziA
فیلم کمدی بدون سانسوربابا کرم - نسخه رنگی شده,https://www.youtube.com/watch?v=zMO5lI4IoTQ
فیلم زیبای پهلوان بابا - نسخه رنگی و بدون سانسور,https://www.youtube.com/watch?v=PDnqCBr9Mz0
فیلم زیبای امروز و فردا با بازی جذاب بهروز وثوق - نسخه رنگی و بدون سانسور,https://www.youtube.com/watch?v=rIaubIaF1lM
فیلم زیبای انسانها - سرگذشت سه دوست نسخه رنگی و بدون سانسور,https://www.youtube.com/watch?v=PDXIl7mNed0
فیلم صحنه دار آواره های تهران- نسخه بدون سانسور و رنگی شده,https://www.youtube.com/watch?v=Y38X4q-mhSs
فیلم آقای لر به شهر می رود با حضور سعید راد- نسخه رنگی و بدون سانسور,https://www.youtube.com/watch?v=LhI8ZiqCAWw
فیلم کامل افسانه دهکده | نسخه رنگی  HD - موزیکال,https://www.youtube.com/watch?v=s_tGs6-WrYg
فیلم بسیار زیبای آفت زندگی یا مورفین | نسخه رنگی اصلاح شده,https://www.youtube.com/watch?v=VfsxTSar4ls
فیلم کامل آقا دزده - نسخه بدون سانسور,https://www.youtube.com/watch?v=Tcn_WZnQxNA
فیلم زیبای آقا مهدی کله پز - نسخه رنگی اختصاصی بدون سانسور,https://www.youtube.com/watch?v=IsLWr6GwxY8
پهلوان مفرد - فیلم قدیمی بدون سانسور رنگی شده با هنرنمایی رضا بیک و ناصر ملک مطیعی,https://www.youtube.com/watch?v=9LtvzUIFjGc
فیلم کمدی صحنه دار آقا رضای گل - بدون سانسور رنگی شده,https://www.youtube.com/watch?v=rBrpiE9q3dk
حمیده خیرابادی بدون حجاب در فیلم اشکها و خنده ها | نسخه بدون سانسور رنگی شده,https://www.youtube.com/watch?v=YwSSGNfYpps
فیلم زیبای پلنگ در شب | نسخه رنگی شده اختصاصی - با حضور مهدی فحیم زاده و حمیده خیرابادی,https://www.youtube.com/watch?v=eVRTghrn7lw
فیلم پسران قارون | داستان عشق سه پسر به یک دختر - نسخه بدون سانسور,https://www.youtube.com/watch?v=JYPhwSrs1JY
فیلم بدون سانسور آقای جاهل - نسخه رنگی اصلاح شده - صحنه دار,https://www.youtube.com/watch?v=ajQGj_IkVlo
فیلم کامل آقای قرن بیستم | رنگی شده بدون سانسور,https://www.youtube.com/watch?v=zMFiz7q5b6w
فیلم زیبای بی گناه | نسخه رنگی بازسازی شده,https://www.youtube.com/watch?v=_IVngZBZFhk
فیلم عاشقانه آشوبگر | نسخه رنگی و صحنه دار بدون سانسور,https://www.youtube.com/watch?v=vygPR1wVtKg
فیلم صحنه دار الکلی - نسخه بدون سانسور و رنگی شده,https://www.youtube.com/watch?v=WKXsHYKLGiA
فیلم صحنه داراعجوبه ها - نسخه رنگی و بدون سانسور,https://www.youtube.com/watch?v=w-zLyItZdfk
فیلم قدیمی عاشقانه اعتراف -نسخه بدون سانسور و رنگی,https://www.youtube.com/watch?v=71jyKVTT4So
فیلم زیبای قدیمی پسر زاینده رود | نسخه رنگی ترمیم شده بدون سانسور - با حضور جمشید مشایخی,https://www.youtube.com/watch?v=64E5YeEe69o
فیلم بدون سانسور آرشین مالالان - نسخه رنگی,https://www.youtube.com/watch?v=vo50VpEDHz4
لیلا فروهر در فیلم عاشقانه پرستوهای عاشق - نسخه بدون سانسور و رنگی شده HD,https://www.youtube.com/watch?v=_x4CgAHVsZk
فیلم قدیمی اشک شوق | نسخه رنگی بدون سانسور,https://www.youtube.com/watch?v=aQttnAg8a8E
فیلم زیبای با شرفها - صحنه دار و بدون سانسور,https://www.youtube.com/watch?v=pJ9QnfWZTTY
فیلم کامل ارادتمند شما عزرائیل - بدون سانسور,https://www.youtube.com/watch?v=liakjPsCpgs
فیلم صحنه دار آخرین هوس - با هنرنمایی حمیده خبرآبادی,https://www.youtube.com/watch?v=9o1k6cioNtQ
گوگوش و منوچهر وثوق در فیلم  آسمون بی ستاره  - رنگی بدون سانسور,https://www.youtube.com/watch?v=nGygQoJKsRM
بهروز وثوقی در فیلم آرامش قبل از طوفان | صحنه دار و بدون سانسور + رنگی اختصاصی,https://www.youtube.com/watch?v=I-rQHXA2W9k
حسین گیل در فیلم اکشن آخرین مبارزه | بدون سانسور رنگی,https://www.youtube.com/watch?v=Jw7pIChv0L0
فیلم اکشن آخرین گذرگاه - نسخه رنگی بدون سانسور,https://www.youtube.com/watch?v=YPWeVn-Xk74
فیلم قدیمی احمد چوپان | صحنه دار بدون سانسور - با حضور رضا بیک و شهین,https://www.youtube.com/watch?v=x6yrwggT82M
فیلم قدیمی آراس خان | نسخه رنگی - با حضور ناصر ملک مطیعی,https://www.youtube.com/watch?v=J6kGqXTyxJ8
فیلم صحنه دار اشک رقاصه با حضور شهناز تهرانی - بدون سانسور و رنگی,https://www.youtube.com/watch?v=9gBqKB6sjJI
فیلم زیبای افق روشن - با حضور کتایون ریاحی و منوچهر نوذری,https://www.youtube.com/watch?v=lAwd1trS-Qg
فیلم اکشن و صحنه دار استوار و پاسبان - رنگی شده وبدون سانسور,https://www.youtube.com/watch?v=SYiORvqjmcI
فیلم اکشن اسلحه | نسخه رنگی بدون سانسور,https://www.youtube.com/watch?v=YugnhIcKfK0
فیلم عاشقانه . مهیج آینه تاکسی | نسخه رنگی بدون سانسور,https://www.youtube.com/watch?v=6Q0q7SW7Xck
فیلم اکشن اضطراب | نسخه رنگی اورجینال بدون سانسور,https://www.youtube.com/watch?v=MSmeCuc1Glk
فیلم بدون سانسور از یاد رفته | نسخه رنگی شده,https://www.youtube.com/watch?v=_g18fWYJwyM
فیلم قدیمی بسیار زیبای اشک یتیم | نسخه رنگی شده,https://www.youtube.com/watch?v=hg79gmT-_-c
فیلم حادثه ایی اسیر | با حضور بازیگر های مطرح خارجی جونیت آرکین و فیلیز آکین,https://www.youtube.com/watch?v=8olCPt0UxyM
فیلم عاشقانه ازدواج ایرانی | بدون سانسور و بازسازی شده,https://www.youtube.com/watch?v=nWePH1kKw3M
فیلم کمدی آقای هفت رنگ - با نقش افرینی حمیده خیرابادی بدون حجاب,https://www.youtube.com/watch?v=bReUQsRBIGM
ایرج قادری در فیلم کامل آژیر خطر - کمدی/ عاشقانه بدون سانسور,https://www.youtube.com/watch?v=k_s3W4NPMyQ
فیلم عاشقانه  اهریمن زیبا | بدون سانسور و رنگی شده,https://www.youtube.com/watch?v=z1v_xDZX4h0
فیلم زیبای انگشت نما | صجنه دار وبدون سانسور - رنگی شده,https://www.youtube.com/watch?v=6dBIEHUk6xE
نسخه بدون سانسور وصحنه دار  اخم نکن سرکار - رنگی شده اختصاصی,https://www.youtube.com/watch?v=8WQSgrGQq9Q
فیلم موزیکال  احمد چکمه ای | نسخه بازسازی شده - بدون سانسور,https://www.youtube.com/watch?v=uwN5ZdoDMXo
فیلم قدیمی بوف کور رنگی شده اختصاصی | فیلمی بر اساس رمان صادق هدابت,https://www.youtube.com/watch?v=pBpBesK27VI
Iman  | نسخه رنگی و بدون سانسور فیلم ایمان - با هنرنمایی بهروز وثوقی و لیلا فروهر,https://www.youtube.com/watch?v=RUFwvvbb7tI
نسخه رنگی فیلم امشب اشکی میریزد |  رنگی شده اختصاصی | با حضور فرامرز قریبیان و آیلین ایگن,https://www.youtube.com/watch?v=rbtje5Zdf8A
فیلم کمدی شانس بزرگ  1344 | رنگی شده اختصاصی HD,https://www.youtube.com/watch?v=gyA5aMYWF7A
فیلم صحنه دار اکبر دیلماج | نسخه بدون سانسور - کیفیت HD و رنگی شده اختصاصی,https://www.youtube.com/watch?v=orbfC2hBVFM
نسخه کامل فیلم آدم و حوا | بدون سانسور - رنگی HD  ترمیم اختصاصی,https://www.youtube.com/watch?v=2rYszzTWyFk
mive gonah | فیلم زیبای میوه گناه - رنگی شده اختصاصی 1080,https://www.youtube.com/watch?v=964HJUVNrZ8
شهناز تهرانی در فیلم بدون سانسور آب توبه | نسخه رنگی بازسازی شده,https://www.youtube.com/watch?v=C0GHJz9ztDU
ثریا قاسمی در فیلم آرامش در حضور دیگران | اولین فیلم ثریا قاسمی بدون حجاب,https://www.youtube.com/watch?v=ejvO4Gxkjl0
ehsase dagh | فیلم عاشقانه احساس داغ با حضور گوگوش - بدون سانسور,https://www.youtube.com/watch?v=QL2uNI8lblo
Abnabat Chobi | فیلم بدون سانسور ابنبات چوبی | ترمیم شده اختصاصی,https://www.youtube.com/watch?v=0eN1KUXh_Us
Holooye Poost Kandeh  | فیلم صحنه دار بدون سانسور هلوی پوس کنده -,https://www.youtube.com/watch?v=tCOI15IAmk8
Ali konkoori | فیلم زیبای علی کنکوری - بدون سانسور,https://www.youtube.com/watch?v=0qjwRmvbZ5M
abar mard  | فیلم کامل ابر مرد | 1353 رنگی - با حضور حسین گیل و ناصر ملک مطیعی,https://www.youtube.com/watch?v=XJBSFeYV5wY
Baba Nan Dad | فیلم زیبای بابا نان داد | 1352 رنگی بدون سانسور,https://www.youtube.com/watch?v=70ooRcUDT_8
ابرام در پاریس - بدون سانسور | Ebram Dar Paris,https://www.youtube.com/watch?v=4Mnss6Rm2WQ
abshare tala  | فیلم حادثه ایی آبشار طلا | 1351 بدون سانسور,https://www.youtube.com/watch?v=Ci3Ucvyuir8
Gharibeh 1351 | فیلم قدیمی غریبه - صحنه دار و بدون سانسور,https://www.youtube.com/watch?v=hl5r2frGMhU
atal matal totole | فیلم بدون سانسور اتل متل توتوله,https://www.youtube.com/watch?v=c_-PVV2QmY4
Jooje Fokoli | فیلم جوجه فوکلی - +18 بدون سانسور,https://www.youtube.com/watch?v=DsEaQSzkulI
Farar Az Taleh |  بهروز وثوقی در فیلم بدون سانسور فرار از تله,https://www.youtube.com/watch?v=eRobdJpIa7E
reza motori | فیلم کامل رضا موتوری بدون سانسور,https://www.youtube.com/watch?v=HVqxWCBzmpI
hasan dinamit   | فیلم قدیمی حسن دینامیت بدون سانسور +18,https://www.youtube.com/watch?v=LixCLg4xnK8
panjere  | فیلم صحنه دار پنجره با هنرنمایی گوگوش و بهروز وثوقی,https://www.youtube.com/watch?v=jqDbvsrCI68
faryad zire ab | فیلم قبل انقلاب فریاد زیر آب بدون ساسور با هنرنمایی داریوش اقبالی,https://www.youtube.com/watch?v=awmGWn_IFw0
Az Kenare Ham Migozarim | فیلم زیبای از کنار هم میگذریم,https://www.youtube.com/watch?v=694cqfGzzw8
فیلم عاشقانه گاگومان فیلمی واقعی در مورد ازدواج دو زندانی محکوم به حبس ابد,https://www.youtube.com/watch?v=y35V8oLWJG4
Salam Be Entezar | فیلم سلام به انتظار با هنرنمایی جمشید مشایخی,https://www.youtube.com/watch?v=L6_CVgNR9KM
Boradehaye Khorshid | امین حیایی درفیلم جنگی براده های خورشید,https://www.youtube.com/watch?v=iPYjB1elysg
Norooz | فیلم جنگی نوروز,https://www.youtube.com/watch?v=5x_PWQtzNeY
Larzeshe Zendegi | فیلم لرزش زندگی با هنرنمایی علیرضا فروتن,https://www.youtube.com/watch?v=sHh4IQGzrS4
Saye Be Saye | نیکی کریمی وخسرو شکیبایی درفیلم سایه به سایه,https://www.youtube.com/watch?v=D3STBnMq6S4
Nejat Yaftegan | فیلم جنگی نجات یافتگان با حضور عاطفه رضوی,https://www.youtube.com/watch?v=_AM4jzbkyqk
Dara Va Nadar | فیلم دار و ندار با بازی اکبر عبدی,https://www.youtube.com/watch?v=O_RY0hyhqEg
Goriz Az Marg | فیلم معمایی گریز از مرگ,https://www.youtube.com/watch?v=V7tr-WSttyU
Gholeye Donya | فیلم زیبای قله دنیا,https://www.youtube.com/watch?v=dMc8Az2Y0ug
Ghalbhaye Naaram | شیلا خداداد در فیلم قلب های نا آرام,https://www.youtube.com/watch?v=iIZYMgzxvHs
Abo Atash | فیلم آب و آتش با هنرنمایی لیلا حاتمی,https://www.youtube.com/watch?v=_tlcGlbwR60
BaniChaw | فیلم جنگی بانی چاو با حضور پردیس افکاری,https://www.youtube.com/watch?v=7k4XsfOv-nI
مشکلات دختران ترنس در ایران در فیلم دختری به نام تندربا بازی پارسا پیروز فر,https://www.youtube.com/watch?v=c22ABFZgzhs
Setaregane Khak | فیلم جنگی ستارگان خاک,https://www.youtube.com/watch?v=VIFHK-Sats4
Shabe Bi Payan | فیلم زیبای حادثه ای شب بی پایان,https://www.youtube.com/watch?v=4gtJQ3w6yQs
Yahya | فیلم زیبای یحیی,https://www.youtube.com/watch?v=XBEWxV9ySWg
yek roze mamoli | فیلم زیبای یک روز معمولی,https://www.youtube.com/watch?v=69Pk9tInLig
Rahe Eftekhar | فیلم جنگی و اکشن راه افتخار,https://www.youtube.com/watch?v=MgRUly1FC8Q
Roozi Ke Zan Shodam | فیلم درامای روزی که زن شدم,https://www.youtube.com/watch?v=TWGbmQKN8-I
Shirino Farhad | فیلم جنگی شیرین و فرهاد,https://www.youtube.com/watch?v=eY9smpOZf4M
Shohrat | فیلم شهرت با بازی شقایق فراهانی,https://www.youtube.com/watch?v=jqaxRLFxc0Y
Pool | فیلم زیبای قدیمی پول,https://www.youtube.com/watch?v=sqDU7qpTSr0
Telephon | فیلم تلفن با بازی فاطمه گودرزی,https://www.youtube.com/watch?v=Kx8cYiJAPEo
Domrol | فیلم نبرد قهرمانان دمرل,https://www.youtube.com/watch?v=uJ1D9t5sH4U
Dayere | فیلم معمایی زیبای دایره,https://www.youtube.com/watch?v=FjBA7hKb0aY
Chashmhayash  | فرامرز قریبیان در فیلم پلیسی چشمهایش,https://www.youtube.com/watch?v=vg7VzLLMQqA
Bazigar | نیکی کریمی در فیلم بازیگر,https://www.youtube.com/watch?v=0lwOtZIgrRY
Booye Khoshe Zendegi | فیلم بوی خوش زندگی با بازی علیرضا خمسه,https://www.youtube.com/watch?v=UQhGKACh4vM
Mehriyeye Bibi | فیلم کمدی و زیبای مهریه بی بی,https://www.youtube.com/watch?v=HAIz0qVuo5g
Panahande | فیلم دمعمایی پناهنده,https://www.youtube.com/watch?v=SEKepNWBhtw
Akharin Taksavar | بهزاد فراهانی در فیلم آخرین تک سوار,https://www.youtube.com/watch?v=RAlPaICkpWU
Masoom | ابوافضل پورعرب در فیلم معصوم,https://www.youtube.com/watch?v=RuSX6OqiusM
Cheshme Sheytan | فیلم چشم شیطان با حضور علیرضا خمسه,https://www.youtube.com/watch?v=oCuomHgQnSY
Abi Mesle Darya | فیلم جنگی  دفاع مقدس آبی مثل دریا,https://www.youtube.com/watch?v=1x1cuvxW-VQ
Jangjooye Pirooz | فیلم کمدی با حضور اکبر عبدی,https://www.youtube.com/watch?v=BiEkdsEcFtM
Akharin Tafahos| فیلم کوتاه آخرین تفحص از دوران جنگ,https://www.youtube.com/watch?v=QE1II7W6VRE
Bi To Hargez |شهلا ریاحی در فیلم بی تو هرگز,https://www.youtube.com/watch?v=lcGfvBe6utM
Koodakani Az AboGel | فیلم جنگی کودکانی از آب و گل,https://www.youtube.com/watch?v=vkC4MO1pYM0
Khosoof | فیلم دیدنی و جذاب خسوف,https://www.youtube.com/watch?v=yQWPMO1ktI4
Tavarish | فیلم حادثه ایی تاواریش - فیلمی از مهدی فخیم زاده,https://www.youtube.com/watch?v=SF3PgQtB_W0
Labeye Tigh | فیلم معمایی لبه تیغ,https://www.youtube.com/watch?v=jNqPeywKvPk
Bandare MehAlood | فیلم اکشن بندر مه آلود,https://www.youtube.com/watch?v=cGZGvacTv5g
Panjah Rooz Eltehab | فیلم اکشن پنجاه روز التهاب,https://www.youtube.com/watch?v=BUrYOTES5hQ
Safare Shabane | فیلم جنگی سفر شبانه,https://www.youtube.com/watch?v=EEPP5hYvgAI
Chakme |فیلم دیدنیه چکمه,https://www.youtube.com/watch?v=4Hg8WUFKfvk
Teranzit | فیلم ترانزیت با بازی جذاب فرامرز قریبیان,https://www.youtube.com/watch?v=fP2rIm1JF6o
Mahbobe |  فیلم زیبای محبوبه با بازی مازیار لرستانی,https://www.youtube.com/watch?v=u3j04tYqYmM
Kelide Ezdevaj | فیلم کمدی کلید ازدواج,https://www.youtube.com/watch?v=b-8bPz3SbT4
Saray | فیلم افسانه ای سارای,https://www.youtube.com/watch?v=Sfh4lHHBM_k
Alma | فیلم ترسناک و معمایی آلما,https://www.youtube.com/watch?v=X6697rsxv3A
Ayalvar | فیلم کمدی زیبای عیالوار,https://www.youtube.com/watch?v=eV4qZv35x_s
Bar Bale Fereshtegan | بر بال فرشتگان فیلم دفاع مقدس,https://www.youtube.com/watch?v=YVXF-i6vqR4
Sara | نیکی کریمی در فیلم  سارا فیلمی از داریوش مهرجویی,https://www.youtube.com/watch?v=jUvbq1Ne5zo
ravani | نیکی کریمی و پرویز پرستویی در فیلم زیبای روانی,https://www.youtube.com/watch?v=gYXlQ9_iq2c
Sayehaye Hojoom | فیلم جنگی سایه های هجوم,https://www.youtube.com/watch?v=Li7YkZVyaFk
Tarhaye Namarei | تارهای نامرئی,https://www.youtube.com/watch?v=HcpVzIWbBxY
Tamase Sheytani | جمشید هاشمپور فیلم اکشن تماس شیطانی,https://www.youtube.com/watch?v=LrNKv6_XUU0
Bazgashte Parastooha - بازگشت پرستوها | فیلمی در مورد اسیران جنگ عراق,https://www.youtube.com/watch?v=nnvtZpa0BNc
Bado Shaghayegh - فیلم زیبای باد و شقایق,https://www.youtube.com/watch?v=TrK_Pz7s0ZE
اموزش پخت کیک پرتغالی خوشمزه- این اموزش رو از دست ندید,https://www.youtube.com/watch?v=6d3e-BkeZ0s
فیلم جدید کمدی با حضور ستاره های کمدی ایران: جواد رضویان، یوسف صیادی،  بهنوش بختیاری، ارژنگ امیرفضلی,https://www.youtube.com/watch?v=hqGiHXQtjcg
Akhare Bazi | حامد بهداد در فیلم عاشقانه آخر بازی,https://www.youtube.com/watch?v=6zjVDrcYw_0
حمیدرضا آذرنگ - شقایق فراهانی و میترا حجار در فیلم جدید دعوت نامه,https://www.youtube.com/watch?v=DnOjGzxkGXI
Soda END |  فیلم جدید پلیسی-اکشن-معمایی سودا پارت آخر,https://www.youtube.com/watch?v=ikCiw_-0gSE
Soda Part 2 |  فیلم جدید پلیسی-اکشن-معمایی سودا پارت دوم,https://www.youtube.com/watch?v=S7idAmMK04k
Soda Part 1|  فیلم جدید پلیسی-اکشن-معمایی سودا پارت اول,https://www.youtube.com/watch?v=IW3b6ITED0U
فیلم بهای عشق عاشقانه ای از وحیده محمدی فر درباره داریوش مهرجویی,https://www.youtube.com/watch?v=fWOZoDuwH0s
حامد بهداد و لیلا حاتمی در فیلم کامل نارنجی پوش |  فیلمی از داریوش مهرجویی,https://www.youtube.com/watch?v=ilhYjdlC57Q
یوسف تیموری و اکبر عبدی در فیلم کمدی در شب عروسی,https://www.youtube.com/watch?v=ZNTX_OUdHAs
Film Kamele Bitabi Bita  |  حامد بهداد در فیلم جدید بیتابی بیتا,https://www.youtube.com/watch?v=oAUKUySSYmo
Eradatmand  -  فیلم توقیفی ارادتمند؛ نازنین بهاره تینا (نسخه بدون سانسور),https://www.youtube.com/watch?v=nHaRIeOGkqc
Film Kamele Dozist  | فیلم جدید دوزیست  - جوادعزتی و پژمان جمشیدی,https://www.youtube.com/watch?v=X65R5aNYCoM
بیست دقیقه پشت صحنه ناب از فیلم زیبای آخرین سرقت - پوریا پورسرخ نیما شاهرخ شاهی و خاطره اسدی,https://www.youtube.com/watch?v=X3IX4b48yYw
مصطفی زمانی، پگاه آهنگری و رضایزدانی در فیلم زیبای تیک آف,https://www.youtube.com/watch?v=jtl_lj1qt1g
فیلم زیبای  بیگانه | امیرجدیدی، مهناز افشار و پانته آ بهرام,https://www.youtube.com/watch?v=tWxqC2uRTQE
فیلم کمدی چه خوبه که برگشتی - رضاعطاران، مهناز افشار و حامدبهداد - فیلمی از داریوش مهرجویی,https://www.youtube.com/watch?v=J--K9FgG_AQ
فیلم کمدی آخرین سرقت | خاطره اسدی، پوریا پورسرخ و نیما شاهرخ شاهی,https://www.youtube.com/watch?v=HUoMLP5x7eI
نوید محمدزاده، بهرام افشار و باران کوثری در فیلم زیبای لانتوری - داستان واقعی اسیدپاشی,https://www.youtube.com/watch?v=L0NGtv48C3g
لیلا حاتمی علی مصفا در فیلم زیبای لیلا - فیلمی از داریوش مهرجویی,https://www.youtube.com/watch?v=-WTFYWXoUvs
بهرام رادان و گلشیفته فراهانی در فیلم توقیفی سنتوری - فیلمی از داریوش مهرجویی,https://www.youtube.com/watch?v=PiYeX5FdKBY
نسخه رنگی فیلم بسیار زیبای گاو - فیلمی از داریوش مهرجویی - برنده چندین جایزه بین‌المللی,https://www.youtube.com/watch?v=T8XxglI_Bw4
نوید محمد زاده و باران کوثری  در فیلم زیبای عصبانی نیستم,https://www.youtube.com/watch?v=a7udEQeNDes
Full Movie Laminor | فیلم جدید لامینور 2022 - فیلمی از داریوش مهرجویی,https://www.youtube.com/watch?v=OHqff34yNQY
حامد بهداد، نیکی کریمی و شقایق فراهانی  در فیلم بیداری,https://www.youtube.com/watch?v=6N2_ryoRFQA
Sara  |  نیکی کریمی در فیلم زیبای سارا - فیلمی از داریوش مهرجویی,https://www.youtube.com/watch?v=qGpVlLmC4v4
Film Jadid Majborm | فیلم جدید مجبوریم (کامل),https://www.youtube.com/watch?v=euE6CnTMXEY
Serial Soda E10 | سریال پلیسی جدید سودا قسمت آخر - نسخه بدون سانسور,https://www.youtube.com/watch?v=6BEqXZ0qAE4
Serial Soda E09 | سریال پلیسی جدید سودا قسمت نهم - نسخه بدون سانسور,https://www.youtube.com/watch?v=dlIoUMbkLjk
Serial Soda E08 | سریال پلیسی جدید سودا قسمت هشتم - نسخه بدون سانسور,https://www.youtube.com/watch?v=tGmlTRxwu5I
Serial Soda E07 | سریال پلیسی جدید سودا قسمت هفتم - نسخه بدون سانسور,https://www.youtube.com/watch?v=qvCFuv0nZKc
Serial Soda E06 | سریال پلیسی جدید سودا قسمت ششم - نسخه بدون سانسور,https://www.youtube.com/watch?v=1v0MhguMANk
Serial Soda E05 | سریال پلیسی جدید سودا قسمت پنجم- نسخه بدون سانسور,https://www.youtube.com/watch?v=yw_Vp4khU2Q
Serial Soda E04 | سریال پلیسی جدید سودا قسمت چهارم - نسخه بدون سانسور,https://www.youtube.com/watch?v=6At4BzADAsg
Serial Soda E03 | سریال پلیسی جدید سودا قسمت سوم - نسخه بدون سانسور,https://www.youtube.com/watch?v=pSZptG3dE1M
Film Comedy Ayalvar |  فیلم کمدی عیالوار,https://www.youtube.com/watch?v=NgJXGp5JHUo
Serial Soda E02 | سریال پلیسی جدید سودا قسمت دوم - نسخه بدون سانسور,https://www.youtube.com/watch?v=1AoY7oSEnUY
Film Kamele Khaneh Arvah |  یوسف سیادی و سحر زکریا در فیلم ترسناک خانه ارواح,https://www.youtube.com/watch?v=Ft1k0Nh1uu0
Film Comedy Be Hamin khial Bash | فیلم کمدی به همین خیال باش-شراره رخام،آرام جعفری و مهدی امینی خواه,https://www.youtube.com/watch?v=o7FpWf6yTDc
Film Irani Atrafe Aramesh |  فیلم سینمایی اطراف آرامش,https://www.youtube.com/watch?v=1ajRMSwMhrc
Serial Soda E01 | سریال پلیسی جدید سودا قسمت اول - نسخه بدون سانسور,https://www.youtube.com/watch?v=08G52Lj42AM
Film Kamele Begozarid Mitra Bekhabad |  فیلم زیبای بگذارید میترا بخوابد,https://www.youtube.com/watch?v=aVJYSK4ktwQ
Film Kamele Shayad Hamin Ja | فیلم زیبای شاید همین جا,https://www.youtube.com/watch?v=z0Mb1XLB3Ag
Film Jadid Yek Saniyeh Yek Majera | فیلم عاشقانه جدید یک ثانیه یک ماجرا,https://www.youtube.com/watch?v=tl50czu7Xbs
Film Comedy Voroud Be Jazireh | فیلم کمدی ورود به جزیره - رضاداودنژاد، احمدپورمخبر، رضا رویگری,https://www.youtube.com/watch?v=WJvATBJ0XGY
Film Comedy ZebarJad | حمید لولایی در فیلم کمدی زبرجد,https://www.youtube.com/watch?v=aQbo_-goP04
Film Comedy Taxi Narenji |  فیلم کمدی تاکسی نارنجی,https://www.youtube.com/watch?v=dCFmqGMS5cs
Film Comedy MorgheTokhmTala | فیلم کمدی مرغ تخم طلا,https://www.youtube.com/watch?v=FsLrvJDmYgk
Film Kamele Akhare Khalaf | فیلم کمدی آخر خلاف - حمیدلولایی، مهران رجبی,https://www.youtube.com/watch?v=R_Q-WhKMwM4
Film Kamele BiPanah | فیلم حادثه ایی بی پناه,https://www.youtube.com/watch?v=DBOA-aepIzU
Film Comedy Bakhtak |  فیلم جدید کمدی بختک,https://www.youtube.com/watch?v=AQ_fz3pcRpg
Film irani P Mesl e Paeiz | فیلم جدید پ مثل پاییز,https://www.youtube.com/watch?v=PhWe-h82ERk
Full Movie Do Nafaro Nesfi | فیلم کمدی و خاطره انگیز دو نفرونصفی,https://www.youtube.com/watch?v=5nn6jRJo69Y
Full Movie Mah Asal Yonani | فیلم کمدی ماه عسل یونانی,https://www.youtube.com/watch?v=S_Mxb3S0mBw
Moochin E17 |  حمید لولایی وعلی صادقی درسریال کمدی موچین قسمت آخر,https://www.youtube.com/watch?v=iy9NxTgvnA4
Film Comedy Rade Paye Shoghal | فیلم کمدی جدید ردپای شغال,https://www.youtube.com/watch?v=c35pdsuZ-g0
Moochin E16 |  حمید لولایی وعلی صادقی درسریال کمدی موچین قسمت شانزدهم,https://www.youtube.com/watch?v=aXLr7dyLFnA
Moochin E15 |  حمید لولایی وعلی صادقی درسریال کمدی موچین قسمت پانزدهم,https://www.youtube.com/watch?v=QikeHoc76IM
Moochin E14 |  حمید لولایی وعلی صادقی درسریال کمدی موچین قسمت چهاردهم,https://www.youtube.com/watch?v=HTcSdhZh48w
Moochin E13 |  حمید لولایی وعلی صادقی درسریال کمدی موچین قسمت سیزدهم,https://www.youtube.com/watch?v=2MuXMBhLT5U
Moochin E12 |  حمید لولایی وعلی صادقی درسریال کمدی موچین قسمت دوازدهم,https://www.youtube.com/watch?v=3ySgN_2jts0
Moochin E11 |  حمید لولایی وعلی صادقی درسریال کمدی موچین قسمت یازدهم,https://www.youtube.com/watch?v=9MT7Dv-8210
Moochin E10 |  حمید لولایی وعلی صادقی درسریال کمدی موچین قسمت دهم,https://www.youtube.com/watch?v=yefaIk0dReE
Moochin E09 |  حمید لولایی وعلی صادقی درسریال کمدی موچین قسمت نهم,https://www.youtube.com/watch?v=rZHdgqGIggk
Moochin E08 |  حمید لولایی وعلی صادقی درسریال کمدی موچین قسمت هشتم,https://www.youtube.com/watch?v=MzklAvN7dCU
Moochin E07 |  حمید لولایی وعلی صادقی درسریال کمدی موچین قسمت هفتم,https://www.youtube.com/watch?v=PVoE6bRDM3Y
Moochin E06 |  حمید لولایی وعلی صادقی درسریال کمدی موچین قسمت ششم,https://www.youtube.com/watch?v=ICpZTVt97FA
Moochin E05 |  حمید لولایی وعلی صادقی درسریال کمدی موچین قسمت پنجم,https://www.youtube.com/watch?v=p2Vj3DwzSdU
Moochin E04 |  حمید لولایی وعلی صادقی درسریال کمدی موچین قسمت چهارم,https://www.youtube.com/watch?v=EACVQy0QUGc
Moochin E03 |  حمید لولایی وعلی صادقی درسریال کمدی موچین قسمت سوم,https://www.youtube.com/watch?v=2XuqrAt2Sfo
Moochin E02 |  حمید لولایی وعلی صادقی درسریال کمدی موچین قسمت دوم,https://www.youtube.com/watch?v=1K0PBp1uBvY
Moochin E01 |  حمید لولایی وعلی صادقی درسریال کمدی موچین قسمت اول,https://www.youtube.com/watch?v=SlRjR18enps
Saghfe Mat | فیلم جدید  توقیف شده سقف مات برای اولین بار در یوتیوب,https://www.youtube.com/watch?v=x2Hqs8Oj5co
حامد بهداد و رضا رویگری در فیلم کامل پیشنهاد بیشرمانه به نقاش مرده,https://www.youtube.com/watch?v=oZu461UBGZ4
Film Kamele Langargah |  علیرضا خمسه در فیلم جنگی لنگرگاه,https://www.youtube.com/watch?v=dWlqFpKNbf8
Film Haft Taraneh | فیلم کامل هفت ترانه - لعیا زنگنه و سحر جعفری جوزانی,https://www.youtube.com/watch?v=5Wlt2s5yhAU
Film Kamele Salam Cinama | نسخه کامل فیلم سلام سینما برگزیده جشنواره کن,https://www.youtube.com/watch?v=o463mNhoaGs
Film Kamele Vakile Aval | فیلم کمدی تاریخی وکیل اول,https://www.youtube.com/watch?v=B8aEu7Yuo_4
Full Movie Toranj |  فیلم زیبای ترنج با هنرنمایی علی نصیریان,https://www.youtube.com/watch?v=g__w-nzytz8
فیلم زیبای موج مرده با هنرنمایی پرویز پرستویی و آزیتاحاجیان | کارگردان ابراهیم حاتمی کیا,https://www.youtube.com/watch?v=yIGMMp5sI8o
Be Name Pedar  | پرویز پرستویی و گلشیفته فراهانی در فیلم به نام پدر,https://www.youtube.com/watch?v=3sH0w1sTfGc
سکانس آخر فیلم چشم شیطان,https://www.youtube.com/watch?v=LK4bk67BYQI
Film irani Cheshme Sheytan  | فیلم پلیسی چشم شیطان,https://www.youtube.com/watch?v=qWHBCs3n7xM
فیلم ایرانی چهره |  ابوالفضل پورعرب، عاطفه رضوی، سگوهر خیراندیش,https://www.youtube.com/watch?v=JDCKMKkINAs
Film Jadid YekMard YekShahr |  فیلم جدید یک مرد یک شهر,https://www.youtube.com/watch?v=uxhM8dD9uNc
Film Irani MardiKeMooshShod | فیلم زیبای مردی که موش شد - اکیرعبدی,https://www.youtube.com/watch?v=CQQBbDicfgU
Mahlakeh Series Episode 7 | سریال مهلکه   قسمت هفتم,https://www.youtube.com/watch?v=iWA8wnMjiXk
Mahlakeh Series Episode 6 | سریال مهلکه قسمت ششم,https://www.youtube.com/watch?v=A8Cqnt7pTYk
Mahlakeh Series Episode 5 | سریال مهلکه قسمت پنجم,https://www.youtube.com/watch?v=RknJ3Jj05uM
Bi Hame Chiz Teaser  |  تیزر رسمی فیلم بی همه چیز با بازی پرویز پرستویی,https://www.youtube.com/watch?v=hWEkH1WRIVI
Mahlakeh Series Episode 4 | سریال مهلکه قسمت چهارم,https://www.youtube.com/watch?v=OLs1AaQIV60
Film Comedy Dar Shiraz Etefagh Oftad | فیلم کمدی در شیراز اتفاق افتاد,https://www.youtube.com/watch?v=x3rXP1Oqizc
Mahlakeh Series Episode 3 | سریال مهلکه قسمت سوم,https://www.youtube.com/watch?v=F-owb5lYuf4
Mahlakeh Series Episode 2 | سریال مهلکه قسمت دوم,https://www.youtube.com/watch?v=yDRuRC0KToA
Mahlakeh Series Episode 1 | سریال کمدی مهلکه   قسمت اول,https://www.youtube.com/watch?v=x17FFzDJwvM
Film Kamele Telesm |  فیلم ترسناک ایرانی طلسم,https://www.youtube.com/watch?v=u-h9Kw_ex-U
Film Kamele Haiolaye Daron | فیلم زیبای هیولای درون,https://www.youtube.com/watch?v=Ji5TdM_EQYY
مردی که به زن پنجمش بال مرغ داد | مستند | پشت پرده زنها شگفت انگیزند,https://www.youtube.com/watch?v=rAUP2AjQEZA
Film Kamle Jene Ziba  | فیلم جدید جن زیبا کامل,https://www.youtube.com/watch?v=r7YHxH5V-Zg
Full Movie Hamkhaneh | فیلم کمدی همخانه | اکبرعبدی,https://www.youtube.com/watch?v=HICN8aqoN3Q
Aramesh dar Miyan Mordegan |  فیلم زیبای آرامش در میان مردگان,https://www.youtube.com/watch?v=OJS8oS-iFUY
delavarane koche delgosha |  علیرضا خمسه در فیلم دلاوران کوچه دلگشا,https://www.youtube.com/watch?v=0Ng8Q7RaYsc
shame savehi E02 |  مجموعه زیبای شام ساوه ای قسمت دوم,https://www.youtube.com/watch?v=1uI2AzQWimM
Az Ma Behtaro | رضا عطاران در فیلم کمدی از ما بهترون,https://www.youtube.com/watch?v=3wNkxNJcnvc
Film Kamele Moama | فیلم کامل معما,https://www.youtube.com/watch?v=QYt6rPSRDtk
Film Kamele Hadeseh |  فیلم زیبای حادثه,https://www.youtube.com/watch?v=0ytMK6MpeaI
Movie Aragh Sard  | فیلم کامل عرق سرد,https://www.youtube.com/watch?v=FTMNjaLMrbc
Film Kamele Bitabi Bita |  حامد بهداد در فیلم جدید بیتابی بیتا,https://www.youtube.com/watch?v=Rgkuw00ULV4
Film Kamel Asabani Nistam |  نوید محمد زاده در فیلم زیبای عصبانی نیستم,https://www.youtube.com/watch?v=nt87kbKB4d0
Film Irani Lantouri | نوید محمدزاده در فیلم زیبای لانتوری,https://www.youtube.com/watch?v=-6gqF0NyrV4
Film comedy Zanha Shegeft Angizand | فیلم کمدی زنها شگفت انگیزند,https://www.youtube.com/watch?v=AXTzCbnmYpI
Film Kamel Gorg O Mish | فیلم ایرانی گرگ و میش,https://www.youtube.com/watch?v=w_UF4N6F3qQ
Film Kamle Jene Ziba | فیلم جدید جن زیبا کامل,https://www.youtube.com/watch?v=ipJQYZULpPo