title,url
کوچه اقاقیا سریال پر از خاطره با بازی یوسف تیموری و رضا شفیعی جم😎قسمت 52,https://www.youtube.com/watch?v=RIeP4rzCZSQ
شاهکار هوش برتر نبینی از دستت رفته🤣,https://www.youtube.com/watch?v=skZYzUjIuuQ
فیلم کمدی نوستالژی آخرین روز ماه با بازی امیر جعفری و ریما رامین فر,https://www.youtube.com/watch?v=rP_W_Rnpv4g
رضا عطاران در کوچه اقاقیا سریال پر از خاطره😎قسمت 51,https://www.youtube.com/watch?v=yPO-TX_9Qfk
علی نصیریان، محمدعلی کشاورز در فیلم کمدی نوستالژی کفش های میرزا نوروز,https://www.youtube.com/watch?v=YwohIBZ37QM
رضا عطاران در کوچه اقاقیا سریال پر از خاطره😎قسمت 50,https://www.youtube.com/watch?v=DlEOzTPCeDU
من شوهر خالتم حاجی🤣,https://www.youtube.com/watch?v=H2xNawiCXYc
رضا عطاران در کوچه اقاقیا سریال پر از خاطره😎قسمت 49,https://www.youtube.com/watch?v=frHKAv7rgX0
"🚗 یک سفر شمال، یک مادرزن و هزار دردسر! فیلم کمدی ""موج دریا"" 😂",https://www.youtube.com/watch?v=PnTjVmrvTM0
کوچه اقاقیا سریال پر از خاطره با بازی یوسف تیموری و رضا شفیعی جم😎قسمت 48,https://www.youtube.com/watch?v=mFd0yBmcyZs
فیلم کمدی و نوستالژی آتش بس با بازی مهناز افشاری و محمدرضا گلزار,https://www.youtube.com/watch?v=YAHCVuXoXFA
تیکه های خنده دار سریال کمدی ایرانی پایتخت 5، یعنی ارسطو و نقی معمولی عالین😂🤣💖,https://www.youtube.com/watch?v=FEnklULGPTk
کوچه اقاقیا سریال پر از خاطره با بازی یوسف تیموری و رضا شفیعی جم😎قسمت 47,https://www.youtube.com/watch?v=S9HuT7mzhSY
یوسف تیموری و جواد رضویان در فیلم کمدی نوستالژی به روح پدرم,https://www.youtube.com/watch?v=B-YeMd5jpxY
کوچه اقاقیا سریال پر از خاطره با بازی رضاعطاران وعلی صادقی😎قسمت 46,https://www.youtube.com/watch?v=j1e3GNAkX4k
کوچه اقاقیا سریال پر از خاطره با بازی یوسف تیموری و رضا شفیعی جم😎قسمت 45,https://www.youtube.com/watch?v=-CDp9_jIqQ0
جوادعزتی و سیامک نصاری در فیلم بدون سانسورخرگیوش,https://www.youtube.com/watch?v=P97SK9Hl0YY
کوچه اقاقیا سریال پر از خاطره با بازی یوسف تیموری و رضا شفیعی جم😎قسمت 44,https://www.youtube.com/watch?v=YthljlaJ608
عجب چیزیه!!🤣,https://www.youtube.com/watch?v=Lz_-5maaB_Q
هومن حاج عبدالهی در فیلم کمدی نوستالژی یکی بود یکی هست,https://www.youtube.com/watch?v=xahom4M4ohQ
کوچه اقاقیا سریال پر از خاطره با بازی یوسف تیموری و رضا شفیعی جم😎قسمت 43,https://www.youtube.com/watch?v=1h7vjechXxI
زنده یاد اکبر‌عبدی در فیلم کمدی نوستالژی شاباش,https://www.youtube.com/watch?v=NB-kf31GSmk
کوچه اقاقیا سریال پر از خاطره با بازی یوسف تیموری و رضا شفیعی جم😎قسمت 42,https://www.youtube.com/watch?v=4ZsDfiFhaVw
گل مراد می خنده وقتی Dior می پوشه🤣,https://www.youtube.com/watch?v=HEgy_YtMfWE
فیلم کمدی و خنده دار آفتو جنگ شیراز با بازی زنده یاد سیروس گرجستانی و مریم امیرجلالی,https://www.youtube.com/watch?v=NDEo5sJCh7Y
کوچه اقاقیا سریال پر از خاطره با بازی یوسف تیموری و رضا شفیعی جم😎قسمت 41,https://www.youtube.com/watch?v=IKuGCJqhva8
کله خری من و رفیقم!🤣,https://www.youtube.com/watch?v=m4qyTX7MQtA
عباس جمشیدی فر،امیرحسین صدیق در فیلم کمدی ایرانی بهترین همسایه دنیا - The Best Neighbor In The World,https://www.youtube.com/watch?v=sUNQcd5TYQ4
کوچه اقاقیا سریال پر از خاطره با بازی یوسف تیموری و رضا شفیعی جم😎قسمت 40,https://www.youtube.com/watch?v=96GfhuOzBDI
فیلم سینمایی کمدی  خواب فروش  با بازی حمید لولایی، شهرام قائدی، غلامرضا نیکخواه,https://www.youtube.com/watch?v=XxAO4-J5NLk
امروز نمی خوام با کسی دعوا کنم🤣 #مریم_امیر_جلالی,https://www.youtube.com/watch?v=EAyI4H8R5-4
سریال کمدی آخرین بازی: شروع ماجراجویی‌های قباد در لیگ برتر | قسمت 40⚽🍿,https://www.youtube.com/watch?v=86z9syZae6Y
کوچه اقاقیا سریال پر از خاطره با بازی یوسف تیموری و رضا شفیعی جم😎قسمت 39,https://www.youtube.com/watch?v=HhAl-OF_5Eg
فیلم کمدی نوستالژی دو برادر با بازی بهنوش بختیاری و خشایارراد,https://www.youtube.com/watch?v=X87w9PiurMg
سریال کمدی آخرین بازی: شروع ماجراجویی‌های قباد در لیگ برتر | قسمت 39⚽🍿,https://www.youtube.com/watch?v=eqJmv7sn-Gg
کوچه اقاقیا سریال پر از خاطره با بازی یوسف تیموری و رضا شفیعی جم😎قسمت 38,https://www.youtube.com/watch?v=ZanuOUMFGbA
کت واک جواد رضویان به سبک Dior 🤣,https://www.youtube.com/watch?v=1piWihAel3Q
کامبیز دیرباز در فیلم کمدی نوستالژی یه خواب راحت,https://www.youtube.com/watch?v=B56aU83i2yc
سریال کمدی آخرین بازی: شروع ماجراجویی‌های قباد در لیگ برتر | قسمت 38⚽🍿,https://www.youtube.com/watch?v=rg2fSbDDepg
رضا عطاران و علی صادقی در کوچه اقاقیا سریال پر از خاطره 😎قسمت 37,https://www.youtube.com/watch?v=9fJkNmTr0XA
زنده یاد اکبر‌عبدی در فیلم کمدی نوستالژی در مدت معلوم,https://www.youtube.com/watch?v=HiOQycHbATY
سریال کمدی آخرین بازی: شروع ماجراجویی‌های قباد در لیگ برتر | قسمت 37⚽🍿,https://www.youtube.com/watch?v=e83sf5l-9zE
رضا عطاران و علی صادقی در کوچه اقاقیا سریال پر از خاطره 😎قسمت 36,https://www.youtube.com/watch?v=KfJXNIrqO44
اکبر عبدی در فیلم کمدی ایرانی جنجال بزرگ | Comedy Film Irani Great controversy,https://www.youtube.com/watch?v=WGpnAj86VoA
پایان یک عمر خنده…💔,https://www.youtube.com/watch?v=haKYB7BD63g
سریال کمدی آخرین بازی: شروع ماجراجویی‌های قباد در لیگ برتر | قسمت 36⚽🍿,https://www.youtube.com/watch?v=NPx2SthaYfI
کوچه اقاقیا سریال پر از خاطره با بازی یوسف تیموری و رضا شفیعی جم😎قسمت 35,https://www.youtube.com/watch?v=yqlG2wIO2t8
رقص شمالی بهتاش و ارسطو🤣,https://www.youtube.com/watch?v=cAJc7uVR9fg
فیلم کمدی و خنده دار خانه بخت با بازی حمید لولایی | Iranian Comedy Movie,https://www.youtube.com/watch?v=FqMvMVtF_UI
سریال کمدی آخرین بازی: شروع ماجراجویی‌های قباد در لیگ برتر | قسمت 35⚽🍿,https://www.youtube.com/watch?v=v0V0CWdS2aU
کوچه اقاقیا سریال پر از خاطره با بازی یوسف تیموری و رضا شفیعی جم😎قسمت 34,https://www.youtube.com/watch?v=iy3hZDKw9ys
"فیلم سینمایی کمدی ""بمانی هفتم"" با بازی رضا شفیعی جم و یوسف صیادی",https://www.youtube.com/watch?v=vbXHL_SXEPI
سریال کمدی آخرین بازی: شروع ماجراجویی‌های قباد در لیگ برتر | قسمت 34⚽🍿,https://www.youtube.com/watch?v=8YBHsDNEjj0
کوچه اقاقیا سریال پر از خاطره با بازی یوسف تیموری و رضا شفیعی جم😎قسمت 33,https://www.youtube.com/watch?v=BoqFV5foA_k
سکانس برتر 🎬 پایتخت 5 😂😅 #sorts #سکانس خنده دار #movie #پایتخت,https://www.youtube.com/watch?v=B5FiXAMAkew
مهران غفوریان در فیلم کمدی نوستالژی سر پیری و معرکه گیری,https://www.youtube.com/watch?v=nRIQae1ADHM
سریال کمدی آخرین بازی: شروع ماجراجویی‌های قباد در لیگ برتر | قسمت 33⚽🍿,https://www.youtube.com/watch?v=gMOyOklAyWY
کوچه اقاقیا سریال پر از خاطره با بازی یوسف تیموری و رضا شفیعی جم😎قسمت 32,https://www.youtube.com/watch?v=5DzJgnsCBoc
علی صادقی و رضا شفیعی جم در فیلم کمدی و خنده دار شوخی های خدا 😂,https://www.youtube.com/watch?v=shm55cdfDkY
سریال کمدی آخرین بازی: شروع ماجراجویی‌های قباد در لیگ برتر | قسمت 32⚽🍿,https://www.youtube.com/watch?v=DqTtxoUzRyg
کوچه اقاقیا سریال پر از خاطره با بازی یوسف تیموری و رضا شفیعی جم😎قسمت 31,https://www.youtube.com/watch?v=0NeA-PnfvGg
رل زدن مریم امیر جلالی🤣,https://www.youtube.com/watch?v=29LlY8JiSqI
بهنام تشکر و فریبا نادری در فیلم کمدی ایرانی فرید بهاری | Comedy Film Irani Farid Bahari,https://www.youtube.com/watch?v=CE-o5lYR2K0
سریال کمدی آخرین بازی: شروع ماجراجویی‌های قباد در لیگ برتر | قسمت 31⚽🍿,https://www.youtube.com/watch?v=xB_cMlBuAaQ
کوچه اقاقیا سریال پر از خاطره با بازی یوسف تیموری و رضا شفیعی جم😎قسمت 30,https://www.youtube.com/watch?v=G6xMgM9vNvA
امیرجعفری و سیامک انصاری در فیلم کمدی نوستالژی هندونه شب یلدا🤣,https://www.youtube.com/watch?v=8YhTlsrI8sU
سریال کمدی آخرین بازی: شروع ماجراجویی‌های قباد در لیگ برتر | قسمت 30⚽🍿,https://www.youtube.com/watch?v=x0mdtEEzy-w
رضا عطاران و علی صادقی در کوچه اقاقیا سریال پر از خاطره 😎قسمت 29,https://www.youtube.com/watch?v=v6A92X6WbAQ
با رفیقام همه تو دانس🤣,https://www.youtube.com/watch?v=56mZc6l3Iow
سریال کمدی آخرین بازی: شروع ماجراجویی‌های قباد در لیگ برتر | قسمت 29⚽🍿,https://www.youtube.com/watch?v=vDDI2wbsQp4
رضا عطاران و علی صادقی در کوچه اقاقیا سریال پر از خاطره 😎قسمت 28,https://www.youtube.com/watch?v=8qX1nlHK618
چه بزرگ!!! سانسور شد😮,https://www.youtube.com/watch?v=r8HW1Ema0rA
فیلم کمدی و به شدت باحال خنده در باران، با بازی مرجانه گلچین، بهاره رهنما، گوهر خیراندیش,https://www.youtube.com/watch?v=C9heT_0y9PU
سریال کمدی آخرین بازی: شروع ماجراجویی‌های قباد در لیگ برتر | قسمت 28⚽🍿,https://www.youtube.com/watch?v=h1VYAqKXMvM
رضا عطاران و علی صادقی در کوچه اقاقیا سریال پر از خاطره 😎قسمت 27,https://www.youtube.com/watch?v=MQa5e2d4ClA
فیلم کمدی نوستالژی  معتاد اجباری  با بازی جواد رضویان و شهرام قائدی,https://www.youtube.com/watch?v=0Rw0nNL-o1Y
رضا عطاران و علی صادقی در کوچه اقاقیا سریال پر از خاطره 😎قسمت 26,https://www.youtube.com/watch?v=RWgzItBeVeg
دعوای عموپورنگ با ساسی😮,https://www.youtube.com/watch?v=1ip8841L7tI
اکبر عبدی با اجرای نقش های متفاوت در فیلم کمدی و خنده دار داستان عوضی,https://www.youtube.com/watch?v=xAa1JofBxNo
سریال کمدی آخرین بازی: شروع ماجراجویی‌های قباد در لیگ برتر | قسمت 27⚽🍿,https://www.youtube.com/watch?v=9z-4jgsZPeg
کوچه اقاقیا سریال پر از خاطره با بازی رضا عطاران و رضا شفیعی جم😎قسمت 25,https://www.youtube.com/watch?v=JeMELNE3mS8
فیلم سینمایی کمدی  ول کن دستمو  با بازی علی صادقی و سیروس گرجستانی,https://www.youtube.com/watch?v=If9lkmLmku8
سریال کمدی آخرین بازی: شروع ماجراجویی‌های قباد در لیگ برتر | قسمت 26⚽🍿,https://www.youtube.com/watch?v=HritYqHC89U
کوچه اقاقیا سریال پر از خاطره با بازی منوچهرنوذری و رضا شفیعی جم😎قسمت 24,https://www.youtube.com/watch?v=9Kg-L57vj4c
نرو مرضیه نرو!!!🤣,https://www.youtube.com/watch?v=daoRGO_O9X0
ایرج طهماسب در فیلم کمدی نوستالژی زیر بام های شهر😉,https://www.youtube.com/watch?v=F6ykOmt6fEw
سریال کمدی آخرین بازی: شروع ماجراجویی‌های قباد در لیگ برتر | قسمت 25⚽🍿,https://www.youtube.com/watch?v=GJ8fjHVIMyY
کوچه اقاقیا سریال پر از خاطره با بازی یوسف تیموری و رضا شفیعی جم😎قسمت 23,https://www.youtube.com/watch?v=VPwNNLnIn0s
فیلم سینمایی کمدی  مرد عوضی  با بازی پرویز پرستویی و فاطمه معتمدآریا Film Irani The Wrong Man,https://www.youtube.com/watch?v=TQvFA8CgCJU
سریال کمدی آخرین بازی: شروع ماجراجویی‌های قباد در لیگ برتر | قسمت 24⚽🍿,https://www.youtube.com/watch?v=-5g560slX50
کوچه اقاقیا سریال پر از خاطره با بازی منوچهرنوذری و رضا شفیعی جم😎قسمت 22,https://www.youtube.com/watch?v=M0EvuFHPtVo
بابا این از کیسه صفرام بود🤣🤣#علی_صادقی,https://www.youtube.com/watch?v=GIyuJGvV7KM
سریال کمدی آخرین بازی: شروع ماجراجویی‌های قباد در لیگ برتر | قسمت 23⚽🍿,https://www.youtube.com/watch?v=5lxhVGFPy1E
سریال نوستالژیک و کمدی کوچه اقاقیا | با بازی شقایق دهقان و روشنک عجمیان | قسمت 21,https://www.youtube.com/watch?v=w3SoeLzC5Iw
مجیدصالحی و علی صادقی کمدی نوستالژی جذاب پیتزامخلوط🤣,https://www.youtube.com/watch?v=16YeeLnJRIo
سریال کمدی آخرین بازی: شروع ماجراجویی‌های قباد در لیگ برتر | قسمت 22⚽🍿,https://www.youtube.com/watch?v=CrW4GMHiLvA
کوچه اقاقیا سریال پر از خاطره با بازی منوچهرنوذری و رضا شفیعی جم😎قسمت 20,https://www.youtube.com/watch?v=wap5rYZABXA
سریال کمدی آخرین بازی: شروع ماجراجویی‌های قباد در لیگ برتر | قسمت چهاردهم⚽🍿,https://www.youtube.com/watch?v=U4d9w_0rNv8
سریال کمدی آخرین بازی: شروع ماجراجویی‌های قباد در لیگ برتر | قسمت 21⚽🍿,https://www.youtube.com/watch?v=qXTCF-cOpe8
مجید صالحی در سریال نوستالژیک و طنز کوچه اقاقیا | قسمت 19,https://www.youtube.com/watch?v=OeINeJeJ4K8
فیلم کمدی نوستالژی و پرستاره یه حبه قند با بازی نگار جواهریان,https://www.youtube.com/watch?v=aRYVkycJeaE
سریال کمدی آخرین بازی: شروع ماجراجویی‌های قباد در لیگ برتر | قسمت بیستم⚽🍿,https://www.youtube.com/watch?v=QwRcyOaoIC8
کوچه اقاقیا سریال پر از خاطره با بازی منوچهرنوذری و رضا شفیعی جم😎قسمت ۱۸,https://www.youtube.com/watch?v=hHg8XTxvNVI
فیلم سینمایی کمدی پسر آدم، دختر حوا😂با بازی مهناز افشار و حامد کمیلی,https://www.youtube.com/watch?v=BS4OdYZR_Vo
سریال کمدی آخرین بازی: شروع ماجراجویی‌های قباد در لیگ برتر | قسمت نوزدهم⚽🍿,https://www.youtube.com/watch?v=QX8ONZLurcw
کوچه اقاقیا سریال پر از خاطره با بازی منوچهرنوذری و رضا شفیعی جم😎قسمت هفدهم,https://www.youtube.com/watch?v=bhtrKFqiEWE
سریال کمدی آخرین بازی: شروع ماجراجویی‌های قباد در لیگ برتر | قسمت هجدهم⚽🍿,https://www.youtube.com/watch?v=kA1dyg8Ck0c
زنده یاد منوچهر نوذری درسریال نوستالژیک و طنز کوچه اقاقیا | قسمت 16,https://www.youtube.com/watch?v=F9wlzGIEf1A
نعیمه نظام دوست در فیلم کمدی مردها دروغ نمی گویند😍,https://www.youtube.com/watch?v=iU0IUrgHLt8
سریال کمدی آخرین بازی: شروع ماجراجویی‌های قباد در لیگ برتر | قسمت هفدهم⚽🍿,https://www.youtube.com/watch?v=ukXWecUtXbU
سریال نوستالژیک و کمدی کوچه اقاقیا | با بازی شقایق دهقان و روشنک عجمیان | قسمت پانزدهم,https://www.youtube.com/watch?v=BCDexsPv-vA
فیلم کمدی مسابقه ازدواج با بازی مجید واشقانی، عباس جمشیدی فر و شهرزاد کمال زاده💓,https://www.youtube.com/watch?v=RohHXtHiap0
سریال کمدی آخرین بازی: شروع ماجراجویی‌های قباد در لیگ برتر | قسمت شانزدهم⚽🍿,https://www.youtube.com/watch?v=QVPuIAIen9A
مجیدصالحی و علی صادقی درسریال نوستالژیک کوچه اقاقیا | قسمت چهاردهم,https://www.youtube.com/watch?v=hita5n4aQ0s
ایرج نوذری و شهرام حقیقت دوست در فیلم کمدی نوستالژی ملودی🤣,https://www.youtube.com/watch?v=P2GiXtpo0iw
سریال کمدی آخرین بازی: شروع ماجراجویی‌های قباد در لیگ برتر | قسمت 15⚽🍿,https://www.youtube.com/watch?v=58ZE3Ld-UtU
مجیدصالحی و علی صادقی درسریال نوستالژیک کوچه اقاقیا | قسمت 13,https://www.youtube.com/watch?v=YnX3Wp8upEg
رضا عطاران در فیلم نوستالژی کمدی توفیق اجباری😃,https://www.youtube.com/watch?v=IbzkiiU_BIk
کوچه اقاقیا سریال پر از خاطره با بازی منوچهرنوذری و رضا شفیعی جم😎 قسمت 12,https://www.youtube.com/watch?v=zOwQNEPV6D8
مهناز افشار چه دعوایی می کنه با رضا عطاران🤣,https://www.youtube.com/watch?v=gc8eEL0yEqg
فیلم کمدی و باحال ده رقمی با بازی فوق العاده جواد رضویان - Dah Raghami Comedy Film,https://www.youtube.com/watch?v=GzwfnYfJg6Q
کوچه اقاقیا سریال پر از خاطره با بازی منوچهرنوذری و رضا شفیعی جم😎قسمت 11,https://www.youtube.com/watch?v=LfvaKn9k57s
مهران غفوریان و عباس جمشدی فر در فیلم کمدی تو این خون چه خبره🤓,https://www.youtube.com/watch?v=SN9ieysz0ug
سریال کمدی آخرین بازی: شروع ماجراجویی‌های قباد در لیگ برتر | قسمت سیزدهم⚽🍿,https://www.youtube.com/watch?v=GBbTtveUpJY
مجیدصالحی و علی صادقی درسریال نوستالژیک کوچه اقاقیا | قسمت دهم,https://www.youtube.com/watch?v=N_liZube0OQ
توتون خوردی لعنتی!!!😮,https://www.youtube.com/watch?v=sbleK72_5BU
فیلم کمدی ردکارپت با بازی جذاب رضاعطاران😉,https://www.youtube.com/watch?v=mxxuThvzllw
سریال کمدی آخرین بازی: شروع ماجراجویی‌های قباد در لیگ برتر | قسمت دوازدهم⚽🍿,https://www.youtube.com/watch?v=I3hkTFlodeo
کوچه اقاقیا سریال پر از خاطره با بازی منوچهرنوذری و علی صادقی😎قسمت نهم,https://www.youtube.com/watch?v=VoP3fRGCYbY
فیلم خنده دار و کمدی عشقولانس با بازی علی صادقی 😂❤,https://www.youtube.com/watch?v=myKmebt1Fak
سریال کمدی آخرین بازی: شروع ماجراجویی‌های قباد در لیگ برتر | قسمت یازدهم⚽🍿,https://www.youtube.com/watch?v=jOM6uHSBNa4
کوچه اقاقیا سریال پر از خاطره با بازی منوچهرنوذری و رضا شفیعی جم😎قسمت هشتم,https://www.youtube.com/watch?v=xQ1nPmVivdg
تو آب بزرگ می شه!!!😉,https://www.youtube.com/watch?v=7XcUvBWMLCU
مهدی سلوکی در سریال کمدی نوستالژِی آخرین بازی | قسمت دهم⚽🍿,https://www.youtube.com/watch?v=lytGitNrApY
مجید صالحی در سریال نوستالژیک و طنز کوچه اقاقیا | قسمت هفتم,https://www.youtube.com/watch?v=gr7ZbPE4COU
حمید لولایی، ارژنگ امیرفضلی و محمد شیری در فیلم کمدی ماجرای ازدواج مجید,https://www.youtube.com/watch?v=-Z5-iMuDWps
بهاره افشاری در سریال کمدی نوستالژی آخرین بازی | قسمت نهم⚽🍿,https://www.youtube.com/watch?v=0yv8X8dpLp8
سریال نوستالژیک و کمدی کوچه اقاقیا | با بازی شقایق دهقان و روشنک عجمیان | قسمت ششم,https://www.youtube.com/watch?v=lApPVEyXlYc
عجب کره خر خریه😉,https://www.youtube.com/watch?v=soaHWfIWIf0
فیلم جدید کمدی قرارگاه مسکونی با بازی علی صادقی و مهران غفوریان🤣,https://www.youtube.com/watch?v=dVJAsQvUQzk
سریال کمدی آخرین بازی با بازی امیرحسین رستمی | قسمت هشتم⚽🍿,https://www.youtube.com/watch?v=9Zx9lCG0dxs
سریال نوستالژیک و کمدی کوچه اقاقیا | با بازی علی صادقی و منوچهرنوذری | قسمت پنجم,https://www.youtube.com/watch?v=Wsh77URmzYk
وقتی برنامه ایرانی می شه، دیگه تحمل ندارم🤣,https://www.youtube.com/watch?v=3FWzqjU2EWc
جواد عزتی، عباس جمشیدی فر و مجید صالحی در فیلم کمدی، پلیسی نیش به نویسندگی سعید آقاخانی,https://www.youtube.com/watch?v=yGVf8xEphUU
سریال کمدی آخرین بازی: شروع ماجراجویی‌های قباد در لیگ برتر | قسمت هفتم⚽🍿,https://www.youtube.com/watch?v=l-RshcCaZEk
سریال نوستالژیک و کمدی کوچه اقاقیا | با بازی یوسف تیموری و رضا عطاران | قسمت چهارم,https://www.youtube.com/watch?v=9ihxCrcFHsk
عجب دافیه لعنتی!!!🤣,https://www.youtube.com/watch?v=QeBwGvZ6Rvw
جواد عزتی در فیلم کمدی نوستالژی پشت درهای بسته🤣,https://www.youtube.com/watch?v=sMy6SJ1glWU
شفیعی جم دهن سیامک انصاری و سرویس کرد😮,https://www.youtube.com/watch?v=h3ttUrpfcxM
سریال کمدی آخرین بازی: شروع ماجراجویی‌های قباد در لیگ برتر | قسمت ششم⚽🍿,https://www.youtube.com/watch?v=sFVtww2zXL4
زنده یاد منوچهر نوذری درسریال نوستالژیک و طنز کوچه اقاقیا | قسمت سوم,https://www.youtube.com/watch?v=yd1XQoYLQI4
این موی کجاش!!!🤣,https://www.youtube.com/watch?v=xUExXJ-0SRQ
مهران غفوریان، حمید لولایی و نعیمه نظام دوست در فیلم کمدی یک روز به یاد ماندنی🤓,https://www.youtube.com/watch?v=BIqjnBkZ9jQ
سریال کمدی آخرین بازی با بازی مهدی سلوکی و امیرحسین رستمی | قسمت پنجم⚽🍿,https://www.youtube.com/watch?v=LntEMGLMyGA
مجیدصالحی و علی صادقی درسریال نوستالژیک کوچه اقاقیا | قسمت دوم,https://www.youtube.com/watch?v=NBpQBKqx0Gw
مهران غفوریان در فیلم خنده دار یه اتفاق ساده | Film Irani Comedy A simple Event,https://www.youtube.com/watch?v=GNcvaZ72NdA
امیرحسین رستمی سریال کمدی آخرین بازی | قسمت چهارم⚽🍿,https://www.youtube.com/watch?v=MvjCNcDdRcQ
کوچه اقاقیا سریال پر از خاطره با بازی منوچهرنوذری و رضا شفیعی جم😎,https://www.youtube.com/watch?v=66HV_T4rVO8
دادا مگه من گاوم!!🤣,https://www.youtube.com/watch?v=9J83hCeo4OQ
سریال کمدی آخرین بازی: شروع ماجراجویی‌های قباد در لیگ برتر | قسمت سوم⚽🍿,https://www.youtube.com/watch?v=CDDpfdN43ks
فیلم کمدی و خنده دار هم سایه ها با بازی هوتن شکیبا، امیرحسین رستمی و آناهیتا افشار😎,https://www.youtube.com/watch?v=mULdoGcUXws
اکبر عبدی چه سوتی می ده😮,https://www.youtube.com/watch?v=QZbP0Bp-5dw
سریال نوستالژی کمدی آخرین بازی | با بازی امیرحسین رستمی و بهاره افشاری | قسمت دوم⚽🍿,https://www.youtube.com/watch?v=JM1WKZjGBIs
فیلم کمدی جدید نقره داغ با بازی حاشیه ساز و خنده دار اکبرعبدی😎,https://www.youtube.com/watch?v=TQXUFlX1Dmw
سریال کمدی آخرین بازی: شروع ماجراجویی‌های قباد در لیگ برتر | قسمت اول⚽🍿,https://www.youtube.com/watch?v=uonG5UeKUzs
علی صادقی در فیلم کمدی نوستالژی رفقای خوب🤣,https://www.youtube.com/watch?v=NBQdyXFaBk8
جنجالی ترین سکانس های حذف شده😮,https://www.youtube.com/watch?v=VQCCOPpjLDU
نوستالژی ساعت خوش | سکانس های خند دار رضا عطاران و حمید لولایی🤣قسمت چهاردهم,https://www.youtube.com/watch?v=4It6j_Er7bU
نوستالژی ساعت خوش | وقتی رضا عطاران و حمید لولایی تیم می شن🤣قسمت سیزدهم,https://www.youtube.com/watch?v=G2atvvzCzuI
هدیه تهرانی عاشق شریفی نیا شد🤣,https://www.youtube.com/watch?v=KlT6-hf-UHU
فیلم کمدی نوستالژی دنیا با بازی هدیه تهرانی و شریفی نیا🤣,https://www.youtube.com/watch?v=vOeocH1oZOY
نوستالژی ساعت خوش | مهران مدیری چه تیکه ای می ندازه🤣قسمت دوازدهم,https://www.youtube.com/watch?v=mOoyjiCyRao
زیرآسمان شهر عزادار شد، شهرزاد جواهری در گذشت🥀,https://www.youtube.com/watch?v=YfdDpJZwlIg
بازیگر سریال نوستالژی زیر آسمان شهر در گذشت🥀,https://www.youtube.com/watch?v=j9OMxSokVpk
ساعت خوش | نوستالژی مهران مدیری با کلی خنده 🤣 قسمت یازدهم,https://www.youtube.com/watch?v=pIC2eppFPjw
وقتی علی صادقی و مجید صالحی میخوان مخ بزنن😮,https://www.youtube.com/watch?v=vaHEi_e290U
خنده‌دارترین لحظات سریال‌های مدیری 🤣 مسخره کردناش تمومی نداره,https://www.youtube.com/watch?v=6QS1FSQ5Ik8
فقط بخندید! | بهترین لحظات سریال ساعت خوش با مهران مدیری 🤯 قسمت دهم,https://www.youtube.com/watch?v=P4RVe8YVHEA
وقتی جواد عزتی فک می کنه چه دافی نسیبش شده🤣,https://www.youtube.com/watch?v=LG2v8a28ytA
علی صادقی در فیلم کمدی نوستالژی، تاریخی داش آکل😎,https://www.youtube.com/watch?v=fRt6duOZ7Fs
ساعت خوش | نوستالژی مهران مدیری با کلی خنده 🤣 قسمت نهم,https://www.youtube.com/watch?v=5lNMwXAQwWs
نیکول کیدمن چه دافیه🤣,https://www.youtube.com/watch?v=bvpPlK1Wx4w
ساعت خوش | نوستالژی مهران مدیری با کلی خنده 🤣 قسمت هشتم,https://www.youtube.com/watch?v=a2eQVc8snRE
مهران مدیری چی می گه !!!!😮,https://www.youtube.com/watch?v=-6EWx_csAOA
فیلم کمدی و خفن چراغ قرمز با بازی الناز شاکردوست و رضا شفیعی جم,https://www.youtube.com/watch?v=ojN-Y8qZtR8
نوستالژی ساعت خوش | سکانس های خند دار رضا عطاران و حمید لولایی🤣قسمت هفتم,https://www.youtube.com/watch?v=37-AkGiq98I
ساعت خوش | نوستالژی مهران مدیری با کلی خنده 🤣 قسمت ششم,https://www.youtube.com/watch?v=cShY9cs_kq8
رضا چه دزدیه🤣,https://www.youtube.com/watch?v=jhYGiLC00Bs
مرجانه گلچین و رضا شفیعی جم در فیلم خنده دار با من شوخی نکن | Do not joke with me,https://www.youtube.com/watch?v=bD7JgbAaVdA
ساعت خوش | نوستالژی مهران مدیری با کلی خنده 🤣 قسمت پنجم,https://www.youtube.com/watch?v=e8U0n28XC8A
👑 تاج پادشاهی کمدی ایران روی سر کی میره؟ | بتل بزرگ فیلم‌های خنده‌دار,https://www.youtube.com/watch?v=_ZgNBUCnJJs
سوتی تاریخی شیرزاد؛ این یکی رو دیگه ندیده بودید!🔥,https://www.youtube.com/watch?v=lSzI88DcG_w
ساعت خوش | نوستالژی مهران مدیری با کلی خنده 🤣 قسمت چهارم,https://www.youtube.com/watch?v=P9g2YljZi2o
اوفففف بگو تو دستشویی چه خبر بود🤣,https://www.youtube.com/watch?v=tTjQ-Dxp9hE
ساعت خوش | نوستالژی مهران مدیری با کلی خنده 🤣 قسمت سوم,https://www.youtube.com/watch?v=7vn9jKN5M9M
ساعت خوش | نوستالژِی از مهران مدیری با کلی خنده 🤣 قسمت دوم,https://www.youtube.com/watch?v=BHUDwwHG3nA
ساعت خوش | نوستالژی مهران مدیری با کلی خنده 🤣 قسمت اول,https://www.youtube.com/watch?v=iQFR-YLDFKA
لونه زنیور فیلم کمدی جدید با بازی محسن کیایی و بهاره کیان افشار,https://www.youtube.com/watch?v=P9oGlS_Uqo8
نبینی از کفت رفته 🤣 #comedy #tanztv,https://www.youtube.com/watch?v=Qlv1hRHhqwA
محمدرضا علیمردانی، علی صالحی، فریبا متخصص در سریال کمدی جذاب قرعه (قسمت آخر),https://www.youtube.com/watch?v=At8GmVUUofQ
وقتی روز عقدت از عروس کتک میخوری 🤣,https://www.youtube.com/watch?v=ql11L-reEtQ
فیلم کمدی جدید عینک قرمز | حامد بهداد، هادی کاظمی و سروش صحت به دنبال گنج قارون! 😂,https://www.youtube.com/watch?v=uGFuH8HOI_w
محمدرضا علیمردانی، علی صالحی، فریبا متخصص در سریال کمدی جذاب قرعه (قسمت 14),https://www.youtube.com/watch?v=Hgb4uVzmV2k
علی صادقی سم خالص🤣,https://www.youtube.com/watch?v=EP6cxk-XUkM
فیلم کمدی خنده دار یک دهم با بازی بهنوش بختیاری و خشایار راد🤣,https://www.youtube.com/watch?v=tQaOQaKJtf4
محمدرضا علیمردانی، علی صالحی، فریبا متخصص در سریال کمدی جذاب قرعه (قسمت 13),https://www.youtube.com/watch?v=hXNZyMk0kgg
موز خوردی تا حالا🤣,https://www.youtube.com/watch?v=iwfsRwmCIXs
علی صادقی و مهران غفوریان در فیلم کمدی جذاب میش🤣,https://www.youtube.com/watch?v=W-bqJgr16Uc
محمدرضا علیمردانی، علی صالحی، فریبا متخصص در سریال کمدی جذاب قرعه (قسمت 12),https://www.youtube.com/watch?v=oRFFAXeKepQ
اوف چه لاسی می زنه جواد رضویان🤣,https://www.youtube.com/watch?v=5p5fQpcb_zc
علی صادقی و مهدی سلوکی در فیلم کمدی پاشنه بلند 2🤣,https://www.youtube.com/watch?v=mIK8dMxh-pI
محمدرضا علیمردانی، علی صالحی، فریبا متخصص در سریال کمدی جذاب قرعه (قسمت 11),https://www.youtube.com/watch?v=8Ai1V2ujVRU
محمدرضا علیمردانی، علی صالحی، فریبا متخصص در سریال کمدی جذاب قرعه (قسمت 10),https://www.youtube.com/watch?v=baM8JSdyz64
محمدرضا علیمردانی، علی صالحی، فریبا متخصص در سریال کمدی جذاب قرعه (قسمت 9),https://www.youtube.com/watch?v=tOPh9-p_axc
جواد رضویان در فیلم کمدی جدید پاشنه بلند,https://www.youtube.com/watch?v=UTfmAk_BPIg
محمدرضا علیمردانی، علی صالحی، فریبا متخصص در سریال کمدی جذاب قرعه (قسمت 8),https://www.youtube.com/watch?v=y1cVK_FxUEI
فیلم کمدی جدید ما خیلی باحالیم با بازی مهران غفوریان و مجید صالحی🤣,https://www.youtube.com/watch?v=bNsAxx5dNao
پروستات عین موم تو دستامه!!!🤣,https://www.youtube.com/watch?v=VfpzGq6QfjI
محمدرضا علیمردانی، علی صالحی، فریبا متخصص در سریال کمدی جذاب قرعه (قسمت 7),https://www.youtube.com/watch?v=pA2CAFedgzo
فیلم سینمایی کمدی و نوستالژی دزد عروسک ها با بازی اکبر عبدی و آزیتا حاجیان,https://www.youtube.com/watch?v=2bpWw2skw4k
گلزار اینقد جدی آخه🤣,https://www.youtube.com/watch?v=Uo1D0V0Nexk
محمدرضا علیمردانی، علی صالحی، فریبا متخصص در سریال کمدی جذاب قرعه (قسمت 6),https://www.youtube.com/watch?v=-ZYIaOt3ldg
بابا من زن بگیر نیستم |  فیلم کمدی، عاشقائه جدید با بازی رضا نیکخواه و یوسف صیادی,https://www.youtube.com/watch?v=M-VDb3Utwcs
عجب نویز گیریه!!!!🤣,https://www.youtube.com/watch?v=10NHnmIlxcA
سریال کمدی نوستالژی قرعه | قسمت پنجم🤣,https://www.youtube.com/watch?v=VgxMQzWJUnk
حمیدرضا آذرنگ و فریبا متخصص در سریال کمدی نوستالژی قرعه | قسمت چهارم🤣,https://www.youtube.com/watch?v=kPwvQkR0lkg
وقتی مامان با چشم اشاره می‌کنه: «اون موزا رو بردار» 👀,https://www.youtube.com/watch?v=8cgt9YoOSEo
سریال کمدی نوستالژی قرعه با بازی محمدرضا علیمردانی | قسمت سوم🤣,https://www.youtube.com/watch?v=08OgF5gqt78
علی صادقی خواستگاریو به خاک و خون کشید 😂,https://www.youtube.com/watch?v=o3l0mxCg9C8
غلامرضا نیکخواه در سریال کمدی نوستالژی قرعه | قسمت دوم🤣,https://www.youtube.com/watch?v=sao_1EsgheU
وقتی مجید صالحی با یوسف صیادی لاس می زنه🤣,https://www.youtube.com/watch?v=Jl8WUN8ZGCI
فیلم کمدی جدید و جذاب دارچین تلخ با بازی سیاوش خیرابی,https://www.youtube.com/watch?v=cm2iLINbNV0
محمدرضا علیمردانی، علی صالحی، فریبا متخصص در سریال کمدی جذاب قرعه (قسمت ۱),https://www.youtube.com/watch?v=X0YnIlA5ah4
مگه آدم می تونه این سم و یادش بره🤣,https://www.youtube.com/watch?v=_Wkc7z4cLiY
سریال کمدی جدید آرماندو با بازی علی اوجی (قسمت آخر),https://www.youtube.com/watch?v=4PLfJ68p3SA
مرجان گلچین در سریال جدید آرماندو(قسمت شانزدهم),https://www.youtube.com/watch?v=TMl-xsJiKyw
به قید قرعه | فیلم کمدی جدید ایرانی با ایمان صفا و کاوه خداشناس,https://www.youtube.com/watch?v=wqmeKwDN-20
سریال کمدی جدید آرماندو با بازی علی اوجی، مرجانه گلچین، منوچهر هادی و علیرضا استادی (قسمت پانزدهم),https://www.youtube.com/watch?v=GyoAaFzVSag
دادگاه کمدی فیلم‌های دهه ۸۰ | شاهکار واقعی یا فقط نوستالژی؟😎,https://www.youtube.com/watch?v=OCyn5MDHjgM
سریال کمدی آرماندو| با بازی مرجان گلچین و سحر ولدبیگی (قسمت چهاردهم),https://www.youtube.com/watch?v=RHhgGhusnns
برای قافلگیری اموات🤣,https://www.youtube.com/watch?v=x1kYNNbr5gc
سریال کمدی جدید آرماندو با بازی علی اوجی (قسمت سیزدهم),https://www.youtube.com/watch?v=0jMPbQm8MSw
یوسف تیموری عجب راسوییه🤣,https://www.youtube.com/watch?v=rlTp0JljGrQ
رضا شفیعی جم و علی صادقی در فیلم کمدی سیازنگی😎,https://www.youtube.com/watch?v=wgUqE3ocRnE
سریال کمدی جدید آرماندو (قسمت دهم),https://www.youtube.com/watch?v=NCwovLp8kic
سریال کمدی جدید آرماندو با بازی مرجان گلچین وعلی اوجی (قسمت نهم),https://www.youtube.com/watch?v=KvW05OGaFqs
چیز خودشو می گه🤣,https://www.youtube.com/watch?v=9-L_TXpiHlY
فیلم معروف مزاحمت به کارگردانی ایرج ملکی  چطور به تو گیر ندادن؟! 😁,https://www.youtube.com/watch?v=UtN-CS3nfaQ
سریال کمدی جدید آرماندو با بازی علی اوجی (قسمت هشتم),https://www.youtube.com/watch?v=IWw6XBcsbFc
سریال کمدی جدید آرماندو با بازی مرجان گلچین (قسمت دوازدهم),https://www.youtube.com/watch?v=q1l3o68-1mg
تیکه حذف شد ورود خروج ممنوع🚫,https://www.youtube.com/watch?v=hTAvvQ3nWFc
فیلم کمدی جدید ویلای موروثی با بازی سیروس همتی، مریم امیرجلالی و خشایار راد 1080,https://www.youtube.com/watch?v=NJmTfhl45qA
سریال کمدی آرماندو| با بازی مرجان گلچین و سحر ولدبیگی (قسمت یازدهم),https://www.youtube.com/watch?v=HowWYRutagU
سریال کمدی جدید آرماندو با بازی مرجان گلچین (قسمت هفتم),https://www.youtube.com/watch?v=dJ8X67Nd1po
فیلم کمدی چقدر وقت داری؟ | زنده یاد سعید پیردوست و خشایار راد😎,https://www.youtube.com/watch?v=R5ErpN3AX7A
«شاگردِ بوگاتی‌باز 😎»,https://www.youtube.com/watch?v=7hjYShdcvRY
مرجان گلچین در سریال جدید آرماندو(قسمت ششم),https://www.youtube.com/watch?v=_8uXaI2AjY4
چه قریییییییییی میده جواد رضویان🤣,https://www.youtube.com/watch?v=enO6hG5D2aI
سریال کمدی جدید آرماندو با بازی الیکا عبدالرزاقی (قسمت پنجم),https://www.youtube.com/watch?v=BuUKUAa7h2M
سیامک چی زده😂,https://www.youtube.com/watch?v=QQ2ITpH_sB0
"🚨فیلم توقیفی، کمدی و جدید ""ورود و خروج ممنوع"" با بازی علی صادقی،اکبرعبدی🚨",https://www.youtube.com/watch?v=Ni1hrAAiTL0
سریال کمدی جدید آرماندو با بازی علی اوجی (قسمت چهارم),https://www.youtube.com/watch?v=1b6IN3cWpu0
وقتی بهتاش تانک می بینه 😂,https://www.youtube.com/watch?v=w2_Uhp8oz-k
سریال کمدی آرماندو| با بازی مرجان گلچین و سحر ولدبیگی (قسمت سوم),https://www.youtube.com/watch?v=hvJzlNUJc_g
فیلم کمدی به همین راحتی با بازی نسرین مقانلو,https://www.youtube.com/watch?v=2MhR4EfJKiE
سریال آرماندو | خنده های پیاپی علی اوجی و مرجان گلچین (قسمت دوم),https://www.youtube.com/watch?v=59vlEMVQfpI
اگه انبه‌خور بودی، هسته‌شو تا ته می‌خوردی😄,https://www.youtube.com/watch?v=a11MHiNw_QQ
دهه 80 با فیلم های کمدی علی صادقی,https://www.youtube.com/watch?v=eYh3sUUY308
سریال کمدی جدید آرماندو با بازی علی اوجی، مرجانه گلچین، منوچهر هادی و علیرضا استادی (قسمت ۱),https://www.youtube.com/watch?v=3d0AUsBKFkc
وای وای دلم وای دلم🤣,https://www.youtube.com/watch?v=EZFgRIV898g
ما فرشته نیستیم سریال کمدی با بازی علی صادقی و برزو ارجمند | قسمت یازدهم,https://www.youtube.com/watch?v=PJ6TDWRAkDQ
فیلم کمدی جدید کی داده کی گرفته با بازی نیماشاهرخ شاهی,https://www.youtube.com/watch?v=HbJPBQIHcos
ما فرشته نیستیم سریال کمدی با بازی علی صادقی و برزو ارجمند | قسمت دهم,https://www.youtube.com/watch?v=69MvpCzXGZo
بهاره رهنما، محمد نادری و سپند امیرسلیمانی در تئاتر کمدی و جذاب بلافیگورا با کیفیت عالی,https://www.youtube.com/watch?v=kbgJP-lsDSE
علی صادقی وگوهرخیراندیش درسریال کمدی و جدید ما فرشته نیستیم | قسمت نهم,https://www.youtube.com/watch?v=6etO_S0sjHc
عروس ننم می شی🤣,https://www.youtube.com/watch?v=zLHSHZvBBfA
عباس جمشیدی فر در فیلم کمدی جدید میخوام بازیگر شم,https://www.youtube.com/watch?v=Fu3JEAlEAC0
علی صادقی وگوهرخیراندیش درسریال کمدی و جدید ما فرشته نیستیم | قسمت هشتم,https://www.youtube.com/watch?v=w9vrRxEOWvs
نیماشاهرخ شاهی در فیلم کمدی شمال شهر جنوب شهر,https://www.youtube.com/watch?v=uAj2teqOzZA
علی صادقی در سریال کمدی جدید ما فرشته نیستیم | قسمت هفتم,https://www.youtube.com/watch?v=bl4qSji_mhE
ما فرشته نیستیم سریال کمدی با بازی علی صادقی و برزو ارجمند | قسمت ششم,https://www.youtube.com/watch?v=ZiTR81o6uhs
یوسف تیموری و خشایار راد در فیلم کمدی جدید ازدواج جنجالی 😉😂,https://www.youtube.com/watch?v=el5x9BDxXfY
گوهرخیراندیش در سریال کمدی و جدید ما فرشته نیستیم | قسمت پنجم,https://www.youtube.com/watch?v=E-JJRNYTraM
فاق شلوار جوان ایرانی به زمین نشست😂,https://www.youtube.com/watch?v=G88WfXSgwwY
شهره لرستانی در سریال کمدی جدید ما فرشته نیستیم | قسمت چهارم,https://www.youtube.com/watch?v=te7eHXyLf2M
چه جونی می گه سیامک انصاری🤣,https://www.youtube.com/watch?v=-ELtMzopz-c
ما فرشته نیستیم سریال کمدی با بازی علی صادقی و برزو ارجمند | قسمت سوم,https://www.youtube.com/watch?v=vYHxd-TJa4c
از کجات محافظت می کنه آقای بادیگارد🤣,https://www.youtube.com/watch?v=qlvpMvTwlfc
علی صادقی در سریال کمدی و جدید ما فرشته نیستیم | قسمت دوم,https://www.youtube.com/watch?v=KBaRkEi3xAQ
شیطنت جوادعزتی و رضا عطاران😂,https://www.youtube.com/watch?v=LeimpiJ3jEI
علی صادقی در سریال کمدی و جدید ما فرشته نیستیم با شهره لرستانی و گوهر خیراندیش😍,https://www.youtube.com/watch?v=q_QFKt53fCM
جواد عزتی | قسمت دوم کمدی جدید هزارپا,https://www.youtube.com/watch?v=831kJX0B4S4
سیامک انصاری درسریال کمدی جدید شبکه مخفی زنان (قسمت آخر),https://www.youtube.com/watch?v=Fig14V7fCvo
سریال کمدی جدید شبکه مخفی زنان (قسمت شانزدهم),https://www.youtube.com/watch?v=aIJPaVdVGxA
مگه اینجا دستشویی شیرزاد🤣,https://www.youtube.com/watch?v=xIezSVGKqsU
فیلم کمدی و دیدنی بابای اجباری با بازی حمید لولایی، عباس جمشیدی فر و یوسف صیادی,https://www.youtube.com/watch?v=TireOF3SpIM
سیامک انصاری و باران کوثری در سریال کمدی جدید شبکه مخفی زنان (قسمت پانزدهم),https://www.youtube.com/watch?v=A8F4FnkZYMs
آبادان برزیلته🤣مسابقه طنز هوش برتر,https://www.youtube.com/watch?v=45DErBh--28
شبکه مخفی زنان سریال کمدی جدید با بازی باران کوثری و لیلا حاتمی (قسمت چهاردهم),https://www.youtube.com/watch?v=5JTaji1BU14
باران کوثری، سیامک انصاری و لیلا حاتمی در سریال جدید و کمدی شبکه مخفی زنان (قسمت سیزدهم),https://www.youtube.com/watch?v=TBuOzX03_qo
وقتی انرژی هسته ای رو با اوزون برون یکی می کنه🤣🤣,https://www.youtube.com/watch?v=zbduWgjy220
سیامک انصاری و باران کوثری در سریال کمدی شبکه مخفی زنان | قسمت دوازدهم,https://www.youtube.com/watch?v=WzyMPxOzsRg
فیلم کمدی جدید کاتیوشا با بازی احمد مهران فر,https://www.youtube.com/watch?v=2yinpKB4Dog
پدر عاشقی بسوزه🤣,https://www.youtube.com/watch?v=sXScF7-GD5A
سریال کمدی جدید شبکه مخفی زنان (قسمت یازدهم),https://www.youtube.com/watch?v=1csd69lN55U
پارساپیروزفر در فیلم کمدی نوستالژی عروس خوش قدم,https://www.youtube.com/watch?v=chvEp5wZ-MU
سیامک انصاری و باران کوثری در سریال کمدی جدید شبکه مخفی زنان (قسمت دهم),https://www.youtube.com/watch?v=oHLtd_r1d0Q
وقتی سیامک انصاری میخواد مخ بزنه!!!🤣,https://www.youtube.com/watch?v=PW9ytzBwy3I
تا کی هر روز یه قیمت!!😂😂سری جدید مسابقه طنز هوش برتر,https://www.youtube.com/watch?v=XtpnkG-JPc8
سریال کمدی جدید شبکه مخفی زنان (قسمت نهم),https://www.youtube.com/watch?v=datHgajv5tA
فیلم کمدی و معروف اخراجی ها با بازی زنده یاد اکبر‌عبدی و امین حیایی,https://www.youtube.com/watch?v=pQR6oH5hAQk
سریال کمدی جدید شبکه مخفی زنان (قسمت هشتم),https://www.youtube.com/watch?v=f5a9yeOh19M
لینچان کجا مسی کجا اینا چه ربطی دارن🤣,https://www.youtube.com/watch?v=iYOfNxQBHwQ
سیامک انصاری و باران کوثری در سریال کمدی جدید شبکه مخفی زنان (قسمت هفتم),https://www.youtube.com/watch?v=biCcHS-O2r0
شبکه مخفی سریال کمدی جدید با بازی باران کوثری و سیامک انصاری (قسمت ششم),https://www.youtube.com/watch?v=tslEn23CNCg
یهو من و گاز نگیری🤣🤣 یارو پرید,https://www.youtube.com/watch?v=o7c5K06_A2s
سیامک انصاری و لیلا حاتمی در سریال کمدی جدید شبکه مخفی زنان (قسمت پنجم),https://www.youtube.com/watch?v=mA7gLBY4Fpw
هزارپا فیلم کمدی جدید جواد عزتی,https://www.youtube.com/watch?v=mxhkREkaVUg
هرچی می گم تن ماهی میگه خیار🤣🤣,https://www.youtube.com/watch?v=8HtLp2MZNag
شبنم مقدمی و مهدی هاشمی در سریال کمدی جدید شبکه مخفی زنان (قسمت چهارم),https://www.youtube.com/watch?v=uCJ6sgyQxfs
فیلم کمدی جدید شغل شریف زنده یاد داریوش اسد زاده,https://www.youtube.com/watch?v=e4_x0QjnMrY
سه زن بدبخت🤣,https://www.youtube.com/watch?v=okH1RffzV0Q
پس انداز می کنیم ژل بزنم🤣🤣,https://www.youtube.com/watch?v=e2HRi3mAlJE
سیامک انصاری و باران کوثری در سریال کمدی جدید شبکه مخفی زنان (قسمت سوم),https://www.youtube.com/watch?v=pN0oy5Ny0PY
زنده یاد علی انصاریان در فیلم کمدی جدید کلوپ همسران,https://www.youtube.com/watch?v=GLHCmCLxOMU
دلار 4200 تومنی رو هم دیدی!😂😂,https://www.youtube.com/watch?v=b7_qzRk2H9c
سریال کمدی جدید شبکه مخفی زنان (قسمت دوم),https://www.youtube.com/watch?v=wxvb2LHrYb4
ما خودمون زخم خورده دزد زالوصفتیم! 😂,https://www.youtube.com/watch?v=eQAF6B5q42E
جوادعزتی و سیامک نصاری در فیلم بدون سانسورخرگیوش,https://www.youtube.com/watch?v=E53v5uIgwGA
رقص هندی مجری وسط برنامه ! 😂😂 مسابقه طنز هوش برتر,https://www.youtube.com/watch?v=17RnRcGc9hk
سیامک انصاری و باران کوثری در سریال کمدی شبکه مخفی زنان | قسمت اول,https://www.youtube.com/watch?v=VvgkbcA1cRE
کمدی جدید خرچنگ با بازی حامد آهنگی و علیمردانی,https://www.youtube.com/watch?v=0gjdkFtHu5w
قهرکردن به سبک فرزاد فرزین😎,https://www.youtube.com/watch?v=RM80H-TwC4E
دعوای شرکت کنندگان مسابقه طنز هوش برتر! 😂😂,https://www.youtube.com/watch?v=sZ-FzAUFtdk
🎬قسمت آخر سریال کمدی گلشیفته | Golshifteh series,https://www.youtube.com/watch?v=WsbBwedUrHA
یوسف تیموری، مهران غفوریان و ثریا قاسمی در فیلم کمدی ایرانی دخترمیلیونر,https://www.youtube.com/watch?v=1qq0tc7MTEk
وقتی هرچی بهت می گن نمی فهمی🤣,https://www.youtube.com/watch?v=vfusGieUv54
احتمال هندی بودن مادر حجر بن عدی! 😂😂 مسابقه خنده دار هوش برتر,https://www.youtube.com/watch?v=nUCVub7_Fss
قسمت 15 سریال کمدی گلشیفته با بازی هومن سیدی، امیرمهدی ژوله,https://www.youtube.com/watch?v=Y1nKeRmtiRs
کلید کردن رو لیاخوف روسی ولشم نمی کنن! 🤣🤣 هوش برتر (مسابقه طنز),https://www.youtube.com/watch?v=rlw3R-aUGLc
🎬قسمت 14 سریال کمدی گلشیفته | Golshifteh series,https://www.youtube.com/watch?v=RtADcsEKSxY
امین حیایی و نیکی کریمی در فیلم کمدی نوستالژی شام عروسی,https://www.youtube.com/watch?v=GNQdIjxeS8A
رقص جنجالی مجید صالحی😃,https://www.youtube.com/watch?v=kCkwkaVq2SY
عین کروکودیل دهنتو باز نکن! 😂😂 سری جدید مسابقه طنز هوش برتر😉,https://www.youtube.com/watch?v=QDnYj0820n8
قسمت 13 سریال کمدی گلشیفته با بازی مهناز افشار و محمد بحرانی,https://www.youtube.com/watch?v=_zfKMtjzgts
برزو ارجمند در فیلم کمدی جدید سه بیگنه,https://www.youtube.com/watch?v=HCPnh_lR0aM
اسمت نباشه آبرو ریزیش کمتر🤣,https://www.youtube.com/watch?v=wU5Z0xv_BoM
کی با فاق و خشتک و شلوار در ارتباطه؟ 😂😂,https://www.youtube.com/watch?v=R59IzCs4_Y4
🎬قسمت 12 سریال کمدی گلشیفته | Golshifteh series,https://www.youtube.com/watch?v=N0VwMeGN0jI
فیلم کمدی جدید گوربه گور با بازی پریناز ایزدیار,https://www.youtube.com/watch?v=O7UEvgrLZjk
آقای ملیکا!!!وای این ترکیبیه🤣,https://www.youtube.com/watch?v=pSLm199ewdE
بهمن اومد روت؟! 😂😂 سری جدید مسابقه طنز هوش برتر😉,https://www.youtube.com/watch?v=UQfA6QT8kT0
🎬قسمت 11 سریال کمدی گلشیفته با بازی مهناز افشار، نازنین بیاتی، سیامک انصاری,https://www.youtube.com/watch?v=PiVOQFk5rps
جواد عزتی، امیر جعفری در بهترین و خنده دارترین فیلم کمدی اکسیدان (فیلم توقیف شده),https://www.youtube.com/watch?v=THEHKgSNhHc
ما خودمون زخم خورده دزد زالوصفتیم! 😂😂سری جدید مسابقه هوش برتر آخر خنده,https://www.youtube.com/watch?v=MI8aDSsdPwE
قسمت 10 سریال کمدی گلشیفته با بازی مهناز افشار و محمد بحرانی,https://www.youtube.com/watch?v=sJms_floPJA
هدیه تهرانی و بهران رادان در فیلم کمدی تهران ۱۵۰۰,https://www.youtube.com/watch?v=eW8VD4iaSmk
درود به شرف حضرت حافظ! 😁برنامه جدید هوش برتر,https://www.youtube.com/watch?v=o4yxXXyJUYI
🎬قسمت 9 سریال کمدی گلشیفته | Golshifteh series,https://www.youtube.com/watch?v=I2VADpn5xM0
الناز شاکردوست در فیلم کمدی 2 خواهر,https://www.youtube.com/watch?v=lycsUowSWtg
خدا یکی زن یکی! من با دلارام چی کار دارم؟! 😂😂مسابقه هوش برتر آخر خنده 🤣,https://www.youtube.com/watch?v=xbkB6xlcOig
قسمت 8 سریال کمدی گلشیفته با بازی هومن سیدی، امیرمهدی ژوله,https://www.youtube.com/watch?v=oaoW4iP9I2o
محسن کیایی در فیلم کمدی ضد گلوله🤣,https://www.youtube.com/watch?v=QoqWQ6R0boI
قسمت 6 سریال کمدی گلشیفته با بازی مهناز افشار و محمد بحرانی,https://www.youtube.com/watch?v=VWMPriShBCw
فیلم کمدی و پرفروش نهنگ عنبر۲ با بازی رضا عطاران و مهناز افشار - Nahang Anbar With English Subtitles,https://www.youtube.com/watch?v=jP77Jsi0k8g
🎬قسمت 7 سریال کمدی گلشیفته | Golshifteh series,https://www.youtube.com/watch?v=AatbveRDD5c
فیلک کمدی جدید نهنگ عنبر 1 با بازی رضا عطاران و مهناز افشار😍,https://www.youtube.com/watch?v=3VswylbIkmA
🎬قسمت 5 سریال کمدی گلشیفته | Golshifteh series,https://www.youtube.com/watch?v=-3-_9-7IMgg
شهین تسلیمی در فیلم نوستالژی کمدی سه سوت عاشقی😍,https://www.youtube.com/watch?v=mjGAa5e9WrA
سری جدید مسابقه طنز هوش برتر  مرفه بی درد بی روغن! 😂😂,https://www.youtube.com/watch?v=j6Dk8pjGISE
قسمت 4 سریال کمدی گلشیفته با بازی هومن سیدی، امیرمهدی ژوله,https://www.youtube.com/watch?v=Ny22Rn8OfOQ
فیلم کمدی تو و من با بازی گلزار و الناز شاکردوست🤣,https://www.youtube.com/watch?v=ObVU3Qx6jMU
ببینم می تونی یه کاری کنی ف.ک  بیاد بگیرتمون؟! 😢,https://www.youtube.com/watch?v=Fv-VMvfhrlQ
قسمت 3 سریال کمدی گلشیفته با بازی مهناز افشار و محمد بحرانی,https://www.youtube.com/watch?v=jrRo2Zkadco
فیلم کمدی و خنده دار ویلای ساحلی با بازی رضا عطاران، پژمان جمشیدی - Villaye Saheli Comedy Film,https://www.youtube.com/watch?v=V2B-b1BHvhk
نقد بی رحمانه به وضع اقتصاد! 😂😂سری جدید مسابقه طنز هوش برتر😉😁,https://www.youtube.com/watch?v=YfLP9mJSxCs
قسمت 2 سریال کمدی گلشیفته با بازی هومن سیدی، امیرمهدی ژوله,https://www.youtube.com/watch?v=moflSRYjZX8
فرزاد فرزین در فیلم کمدی جدید آهنگ دو نفره😃,https://www.youtube.com/watch?v=DRITV8eul1w
کل کل فوتبالی شرکت کننده های پرسپولیسی و استقلالی وسط مسابقه طنز هوش برتر!! 😂😂,https://www.youtube.com/watch?v=U3PHAm-m5_4
🎬قسمت اول سریال کمدی گلشیفته با بازی مهناز افشار، نازنین بیاتی، سیامک انصاری,https://www.youtube.com/watch?v=L_KnJ53OJOU
اکبر عبدی، جواد رضویان، الهام حمیدی، مجید صالحی و یوسف صیادی در فیلم کمدی فارسی دلداده,https://www.youtube.com/watch?v=NxiL_86dFdo
اینا به روح اعتقاد ندارن!! 😂😂 مسابقه طنز هوش برتر😍,https://www.youtube.com/watch?v=WVfjzmrhB2c
جواد عزتی در فیلم کمدی جدید پارادایس | Paradise Film farsi Comedy Film,https://www.youtube.com/watch?v=g7RAP9N6oeg
بهبود به نقی چک زد😱 | Paytakht 5,https://www.youtube.com/watch?v=FG7QJinyYTA
"توقیفی ترین فیلم فارسی | فیلم کمدی ""مارمولک"" با بازی پرویز پرستویی همراه با زیرنویس انگلیسی",https://www.youtube.com/watch?v=BY6jR7S0Des
امیرحسین قیاسی | دراگون تاحالا گازت گرفته🤣,https://www.youtube.com/watch?v=Rtp5nXatE38
رقص جنجالی محسن افشانی با آمیتا پاچان😃,https://www.youtube.com/watch?v=kJbFYtg3tx0
فیلم کمدی جدید دوست من باچان | آمیتا پاچان😃,https://www.youtube.com/watch?v=Hxo8Raz0mgQ
🎬 مشاعره جذاب خانم شیرزاد و ابراهیم رئیسی (آخرش سوپرایزه😂),https://www.youtube.com/watch?v=leUEDAh3kHI
فیلم سینمایی کمدی نوستالژی گشت ارشاد 1 با بازی حمید فرخ نژاد😂,https://www.youtube.com/watch?v=2XFyi1hbHC0
حامد آهنگی، پژمان جمشیدی و احمد مهران فر در فیلم کمدی طهران 57😂,https://www.youtube.com/watch?v=05XmdNVUjDk
تیزرجدید فیلم کمدی طهران 57 با بازی پزمان جمشیدی و آناهیتا درگاهی🤣,https://www.youtube.com/watch?v=69kwjrfeonk
فیلم کمدی یه آسمون آبی سقف اتاق من 🤣 با بازی زنده یاد سعید پیردوست,https://www.youtube.com/watch?v=W9pUiXhCArw
رضا عطاران در فیلم کمدی تیغ زن😎,https://www.youtube.com/watch?v=OF4c8n_QNnE
فیلم کمدی چقدر وقت داری؟ | زنده یاد سعید پیردوست و خشایار راد😎,https://www.youtube.com/watch?v=Ce5byIKfdRg
فیلم کمدی کلاس هنرپیشگی | با بازی زده یاد رضا داوودنژاد و پردیس احمدیه😎,https://www.youtube.com/watch?v=rjkcRKn6_os
فیلم کمدی کمدی انسانی با بازی هومن سیدی، نیکی کریمی، بهاره کیان افشار و آرمان درویش,https://www.youtube.com/watch?v=dLnhabJZvP4
فیلم کمدی سال های انتظار با بازی رضا ناجی و سمانه پاکدل,https://www.youtube.com/watch?v=KroAKJBNb4A
فیلم کمدی شاخه گلی برای عروس با بازی حدیث فولادوند و مجید صالحی🤣,https://www.youtube.com/watch?v=nVLhkXO8TwE
فیلم کمدی کالسکه با بازی حمید لولایی و مهران غفوریان,https://www.youtube.com/watch?v=iBAgJkSLY-o
نعیمه نظام دوست | فیلم کمدی بازیگوش ها😂,https://www.youtube.com/watch?v=Te-1Tu8hkrs
فیلم نوستالژی کمدی کلاهی برای باران با بازی رضا عطاران😍,https://www.youtube.com/watch?v=0CxqPmsA69I
شیر و عسل  فیلم کمدی با بازی علی صادقی، پوریا پورسرخ و مهران غفوریان,https://www.youtube.com/watch?v=Fr3awdSAzxY
دزدی در سریال زخم کاری😁 در برنامه نیمه شب با امیرحسین قیاسی 😁,https://www.youtube.com/watch?v=rLXcmAUobvQ
ماجراهای عموپورنگ و ساسی مانکن 😁 در برنامه نیمه شب با امیرحسین قیاسی 😁,https://www.youtube.com/watch?v=jk4LNL-vhD4
نمونه ادرار ترانه علیدوستی 😁 در برنامه نیمه شب با امیرحسین قیاسی 😁,https://www.youtube.com/watch?v=-F2LiMIZ90k
وزیر امور خارجه واقعیه یا کیکه 😁 در برنامه نیمه شب با امیرحسین قیاسی 😁,https://www.youtube.com/watch?v=5akONRAhjAw
خرید خرس های قطبی برای زیدهای دو قطبی 😁 در برنامه نیمه شب با امیرحسین قیاسی 😁,https://www.youtube.com/watch?v=p6-JNNI8t0s
دعوت کردن برنامه کنای مجلس به کردان 😁 در برنامه نیمه شب با امیرحسین قیاسی 😁,https://www.youtube.com/watch?v=QIrAG8Iladc
بینا شدن ورزشکار نابینا ایرانی در المپیک 🤔 در برنامه نیمه شب با امیرحسین قیاسی 😁,https://www.youtube.com/watch?v=HdD1GYIHvN0
ساختن برجستگی رو بدن، می‌ارزه به گرفتن معافیت سربازی؟ | سکانس خنده دار فیلم دم سرخ ها,https://www.youtube.com/watch?v=tIZywVnrjy4
واقعا کنعانی توی اتوبوس چکار میکرد؟ 🤔 در برنامه نیمه شب با امیرحسین قیاسی 😁,https://www.youtube.com/watch?v=skr9oD30hDY
چاقو کشی مردان آهنین وسط برنامه در برنامه نیمه شب با امیرحسین قیاسی 😁,https://www.youtube.com/watch?v=018F1AtZ2Qg
سفر احمدی نژاد به گواتمالا برای آب در برنامه نیمه شب با امیرحسین قیاسی 😁,https://www.youtube.com/watch?v=TvOF9XPu4Vc
انقلاب لر ها در برنامه نیمه شب با امیرحسین قیاسی 😁,https://www.youtube.com/watch?v=Q6Pg3v2NCLc
صحبت کردن مرغ ها در برنامه زنده 🤣 نیمه شب با امیرحسین قیاسی,https://www.youtube.com/watch?v=wvg9IqEzxnQ
رقابت نفسگیر حسن یزدانی با جومونگ 🤣 نیمه شب با امیرحسین قیاسی,https://www.youtube.com/watch?v=qNOmIn9qmYA
اگه رونالدو سالی یه بار بیاد ایران، تمام مشکلاتمون حل میشه! 🤣 نیمه شب با امیرحسین قیاسی,https://www.youtube.com/watch?v=19haehVZ6L4
مهندسی معکوس دسته بیل مهندسان غیور ایرانی 🤣 نیمه شب با امیرحسین قیاسی,https://www.youtube.com/watch?v=Fyv1XYf6_8g
تیکه امیرحسین قیاسی به رفیق بازی دولت رئیسی!!! 🤣 نیمه شب با امیرحسین قیاسی,https://www.youtube.com/watch?v=mTqC3T8iT0Q
انگشت به دندان شدن خارجی ها از پیشرفت ایران 🤣 نیمه شب با امیرحسین قیاسی,https://www.youtube.com/watch?v=X_tekCAdLtY
از پرورش ماریجوانا در دانشگاه کرمانشاه تا کشت تریاک با آب های ایران 🤣 نیمه شب با امیرحسین قیاسی,https://www.youtube.com/watch?v=Ugm16Jt15Ms
مهدی تاج میخواد رونالدو رو بیاره تیم ملی 🤣 نیمه شب با امیرحسین قیاسی,https://www.youtube.com/watch?v=zcH4ER3tGPQ
زلزله کنسرت تیلور سوییفت اونا و سیل کنسرت علیرضا قربانی ما! 🤣 نیمه شب با امیرحسین قیاسی,https://www.youtube.com/watch?v=QaWXtX0JKsE
افتتاح کوه توسط استاندار قزوین که با 18 تا ماشین اسکورتش کردند!! 🤣 نیمه شب با امیرحسین قیاسی,https://www.youtube.com/watch?v=qhpVDnoRmbc
گروه تف اندازان باشگاه استقلال تا پزشکان متقلب 🤣 نیمه شب با امیرحسین قیاسی,https://www.youtube.com/watch?v=x0Q2GTeZA9g
ماجرای بودار مالیات اینستاگرام و اختلاس بانک و البته روزبه بمانی 🤣 نیمه شب با امیرحسین قیاسی,https://www.youtube.com/watch?v=YOSuS8qwzug
ازدواج گلزار با کروکدیل بعد از دعوا با هانی کرده 🤣 نیمه شب با امیرحسین قیاسی,https://www.youtube.com/watch?v=rmcAMz0Tf54
قرار دعوا ایلان ماسک از زاکربرگ در رباط کریم 🤣 نیمه شب با امیرحسین قیاسی,https://www.youtube.com/watch?v=7v7UW0lb20Y
نجات دادن زندگی گلزار توسط نازنین 14 ساله از قم 🤣 نیمه شب با امیرحسین قیاسی,https://www.youtube.com/watch?v=R2eQui-heO0
فیلم کمدی کلانتری غیرانتفاعی با بازی امیر جعفری، گوهر خیراندیش و فردوس کاویانی,https://www.youtube.com/watch?v=IijsOAgbflo
فیلم سینمایی کمدی من زمین را دوست دارم با بازی علیرضا خمسه و فریبرز عرب نیا,https://www.youtube.com/watch?v=G2YR5BAH9AQ
فیلم سینمایی ایرانی همسر ساخته مهدی فخیم زاده با بازی فاطمه معتمدآریا، نسرین مقانلو و مهدی هاشمی,https://www.youtube.com/watch?v=XOnKUwAdBy0
فیلم سینمایی ایرانی هی جو با بازی سعید پورصمیمی و فتحعلی اویسی,https://www.youtube.com/watch?v=RE1bLVfH1mE
فیلم سینمایی ایرانی و تماشایی بیراهه با هنرنمایی مهدی فقیه، اصغر همت و زهرا سعیدی,https://www.youtube.com/watch?v=C-GKuRnfEOU
مهدی هاشمی در فیلم سینمایی ایرانی خارج از محدوده ساخته رخشان بنی اعتماد,https://www.youtube.com/watch?v=-09AsIs7Smk
الناز شاکردوست در فیلم سینمایی کمدی فانتزی موزیکال مبارک,https://www.youtube.com/watch?v=MblMlySNYh0
فیلم سینمایی کمدی ساده لوح ساخته مهدی فخیم زاده با بازی پوراندخت مهیمن و هادی اسلامی,https://www.youtube.com/watch?v=p6D3CJyEIoA
فیلم سینمایی کمدی ایرانی راننده تاکسی با بازی محمد رضا داوودنژاد و لاله اسکندری,https://www.youtube.com/watch?v=UqyvYOOjH_Q
فیلم سینمایی کمدی ایرانی داماد خجالتی با بازی فتحعلی اویسی، حمید گودرزی و بهنوش بختیاری,https://www.youtube.com/watch?v=GSP0nTox4xo
علی صادقی در فیلم کمدی آخرین مجرد😁,https://www.youtube.com/watch?v=2P1zESruWAI
مجید مشیری و پوراندخت مهیمن در سریال کمدی معراجی ها 😃 قسمت 27 (قسمت آخر),https://www.youtube.com/watch?v=42qdiFbiNvQ
محمدرضا شریفی نیا و مریم کاویانی در سریال کمدی معراجی ها 😃 قسمت 26,https://www.youtube.com/watch?v=z0qfXod5a14
دانیال عبادی و بهاره افشاری در سریال کمدی معراجی ها 😃 قسمت 25,https://www.youtube.com/watch?v=wvMbJojG34E
سمانه پاکدل و نیما شاهرخ شاهی در سریال کمدی معراجی ها 😃 قسمت 24,https://www.youtube.com/watch?v=BjIa4wuWtl8
برزو ارجمند و حمید لولایی در سریال کمدی معراجی ها 😃 قسمت 23,https://www.youtube.com/watch?v=yvoYEghgqHM
علی صادقی و اکبر عبدی در سریال کمدی معراجی ها 😃 قسمت 22,https://www.youtube.com/watch?v=kpCG5riexC4
سید جواد هاشمی و سید مهرداد ضیایی در سریال کمدی معراجی ها 😃 قسمت 21,https://www.youtube.com/watch?v=OVH5l7NaolI
حمید ماهی صفت و زنده یاد علی ابوالحسنی در فیلم کمدی ایرانی سوگند,https://www.youtube.com/watch?v=COiG-KPnpkY
کیانوش گرامی و رضا رویگری در سریال کمدی معراجی ها 😃 قسمت 20,https://www.youtube.com/watch?v=2f7JLxpLykU
لاله صبوری و کاوه خداشناس در سریال کمدی معراجی ها 😃 قسمت 19,https://www.youtube.com/watch?v=uW85kqkt4Xw
فیلم سینمایی کمدی ده رقمی ساخته همایون اسعدیان با بازی جواد رضویان، بهاره رهنما و بهنوش بختیاری,https://www.youtube.com/watch?v=6_8luz3U0q0
پندار اکبری و حدیثه تهرانی در سریال کمدی معراجی ها 😃 قسمت 18,https://www.youtube.com/watch?v=IjAEfayoxNw
فیلم کمدی و پربازیگر قهرمانان کوچک با برزو ارجمند، بهنوش بختیاری، آناهیتا همتی و بیژن بنفشه خواه,https://www.youtube.com/watch?v=DNyo6uREbj8
مجید مشیری و پوراندخت مهیمن در سریال کمدی معراجی ها 😃 قسمت 17,https://www.youtube.com/watch?v=U7AYoCpZ_jo
فیلم سینمایی کمدی سورچی گلستان با بازی میرطاهر مظلومی و حدیث فولادوند,https://www.youtube.com/watch?v=k6zQnnnjjEc
محمدرضا شریفی نیا و مریم کاویانی در سریال کمدی معراجی ها 😃 قسمت 16,https://www.youtube.com/watch?v=v8ZBXwYl-OA
دانیال عبادی و بهاره افشاری در سریال کمدی معراجی ها 😃 قسمت 15,https://www.youtube.com/watch?v=buAoXmyifyM
فیلم سینمایی کمدی هدیه پرماجرا با بازی مریم امیرجلالی و میرطاهر مظلومی,https://www.youtube.com/watch?v=mzceeErfBzo
سمانه پاکدل و نیما شاهرخ شاهی در سریال کمدی معراجی ها 😃 قسمت 14,https://www.youtube.com/watch?v=xLE3CJu-Aqg
فیلم سینمایی کمدی ایرانی هیش با بازی امیر غفارمنش و عباس جمشیدی فر | Film Irani Hish,https://www.youtube.com/watch?v=MSBWV99vodQ
حمید لولایی و برزو ارجمند در سریال کمدی معراجی ها 😃 قسمت 13,https://www.youtube.com/watch?v=DT3ATTmVvo8
فیلم سینمایی کمدی دکتر سه سوت با بازی امیرحسین رستمی، زهره حمیدی و ارژنگ امیرفضلی,https://www.youtube.com/watch?v=EcQo3i9ckxQ
علی صادقی و اکبر عبدی در سریال کمدی معراجی ها 😃 قسمت 12,https://www.youtube.com/watch?v=3pW9TBxaZgw
فیلم سینمایی کمدی ایرانی شیپورچی با بازی حسین مهری و مهران رجبی | Film Irani,https://www.youtube.com/watch?v=VNbHQJ6YD2M
سید جواد هاشمی و سید مهرداد ضیایی در سریال کمدی معراجی ها 😃 قسمت 11,https://www.youtube.com/watch?v=5IZsRSP9o0Q
فیلم سینمایی کمدی ایرانی میخوام بازیگر شم با بازی سحر قریشی، نیما شاهرخ شاهی و عباس جمشیدی فر,https://www.youtube.com/watch?v=5TH8miakB0s
کیانوش گرامی و رضا رویگری در سریال کمدی معراجی ها 😃 قسمت 10,https://www.youtube.com/watch?v=0r1s9ZswIB8
فیلم سینمایی کمدی ایرانی مهمان بابا با بازی مهران رجبی و مریم سلطانی,https://www.youtube.com/watch?v=f663sxVmc6I
امیر نوری و اکبر عبدی در سریال کمدی معراجی ها 😃 قسمت 9,https://www.youtube.com/watch?v=HGYY-uvm2jo
فیلم سینمایی کمدی ایرانی ملک پدری با بازی کیانوش گرامی و علی ابوالحسنی | Film Irani Melke Pedari,https://www.youtube.com/watch?v=Eyw5aSqtRF4
لاله صبوری و کاوه خداشناس در سریال کمدی معراجی ها 😃 قسمت 8,https://www.youtube.com/watch?v=G0_EpclPtDw
فیلم سینمایی کمدی ایرانی مار پله ساخته حسین حیدری با بازی ندا قاسمی | Film Irani Mar Pelle,https://www.youtube.com/watch?v=1WeMMhSSyxI
پندار اکبری و حدیثه تهرانی در سریال کمدی معراجی ها 😃 قسمت 7,https://www.youtube.com/watch?v=toDiDkwCfiA
مجید مشیری و پوراندخت مهیمن در سریال کمدی معراجی ها 😃 قسمت 6,https://www.youtube.com/watch?v=NHXNRHdfpiM
فیلم سینمایی کمدی لبخند در مراسم ترحیم با بازی اردلان شجاع کاوه، امیرحسین صدیق و آناهیتا همتی,https://www.youtube.com/watch?v=37BUjigMPQY
مریم کاویانی و محمدرضا شریفی‌نیا در سریال کمدی معراجی ها 😃 قسمت 5,https://www.youtube.com/watch?v=_7lcBIDBA1c
فیلم سینمایی کمدی غلط انداز با بازی امیرحسین صدیق، رامین راستاد و زنده یاد شهرام عبدلی,https://www.youtube.com/watch?v=6xUJJYb_Wpo
دانیال عبادی و بهاره افشاری در سریال کمدی معراجی ها 😃 قسمت 4,https://www.youtube.com/watch?v=iECyu69nrS4
سمانه پاکدل و نیما شاهرخ شاهی در سریال کمدی معراجی ها 😃 قسمت 3,https://www.youtube.com/watch?v=G1xtar1wPAg
حمید لولایی و برزو ارجمند در سریال کمدی معراجی ها 😃 قسمت 2,https://www.youtube.com/watch?v=TeJYC1slv9w
اکبر عبدی و علی صادقی در سریال کمدی معراجی ها 😃 قسمت 1,https://www.youtube.com/watch?v=Xp6mysvlmlQ
فیلم سینمایی جدید و جنجالی رها و انگشتر جادو/ Raha And The Magic Ring Cinematic Movie,https://www.youtube.com/watch?v=Q0mWGCXMouk
فیلم سینمایی کمدی شمال شهر جنوب شهر با بازی نیما شاهرخ شاهی و بهاره افشاری,https://www.youtube.com/watch?v=RYkKAQppaL8
فیلم سینمایی کمدی داستان عوضی ساخته فریدون جیرانی با بازی اکبر عبدی و علیرضا خمسه,https://www.youtube.com/watch?v=G_shpfxDWng
علیرضا خمسه در سریال کمدی پایتخت 5 :: قسمت هفدهم :: با کیفیت عالی 4k (بالاترین کیفیت),https://www.youtube.com/watch?v=_Zw752K2jrw
بهرام افشاری در سریال کمدی پایتخت 5 :: قسمت شانزدهم :: با کیفیت عالی 4k (بالاترین کیفیت),https://www.youtube.com/watch?v=586-jLzwKrg
فیلم سینمایی کمدی دو ماجرا برای یک ازدواج با بازی خاطره حاتمی و شیدا خلیق و ناهید مسلمی,https://www.youtube.com/watch?v=6_mw2ip6KRA
نیلوفر رجایی فر در سریال کمدی پایتخت 5 :: قسمت پانزدهم :: با کیفیت عالی 4k (بالاترین کیفیت),https://www.youtube.com/watch?v=JVOPt3LaAJ0
فیلم سینمایی ایرانی حرفه ای با بازی حمیدرضا پگاه، لادن طباطبایی و مریم امیرجلالی,https://www.youtube.com/watch?v=dumy7kJgSAQ
ریما رامین فر در سریال کمدی پایتخت 5 :: قسمت چهاردهم :: با کیفیت عالی 4k (بالاترین کیفیت),https://www.youtube.com/watch?v=ES3vl4rP6g8
عباس جمشیدی فر در فیلم سینمایی کمدی ایرانی به دام افتاده,https://www.youtube.com/watch?v=X7PjQ2RS8bU
محسن تنابنده در سریال کمدی پایتخت 5 :: قسمت سیزدهم :: با کیفیت عالی 4k (بالاترین کیفیت),https://www.youtube.com/watch?v=07FpqHSvro8
بهرام افشاری در سریال کمدی پایتخت 5 :: قسمت دوازدهم :: با کیفیت عالی 4k (بالاترین کیفیت),https://www.youtube.com/watch?v=lk8c5U2U-BE
فیلم سینمایی کمدی ایرانی عشق ساندویچی با بازی فلامک جنیدی، میرطاهر مظلومی و امیر غفارمنش,https://www.youtube.com/watch?v=JJs3tvrQRwE
نیلوفر رجایی فر در سریال کمدی پایتخت 5 :: قسمت یازدهم :: با کیفیت عالی 4k (بالاترین کیفیت),https://www.youtube.com/watch?v=5SBP3QXpIqI
فیلم سینمایی کمدی دریا کنار با بازی سحر قریشی، زهره حمیدی، سیروس گرجستانی و فتحعلی اویسی,https://www.youtube.com/watch?v=mZ7Eu9khN5c
بهرام افشاری و احمد مهرانفر در سریال کمدی پایتخت 5 :: قسمت دهم :: با کیفیت عالی 4k (بالاترین کیفیت),https://www.youtube.com/watch?v=hX6MdYVRNuU
فیلم سینمایی طنز آن روی سکه با بازی نفیسه روشن، رضا توکلی و مهران ضیغمی,https://www.youtube.com/watch?v=Is07AoavNzw
علیرضا خمسه و محسن تنابنده در سریال کمدی پایتخت 5 :: قسمت نهم :: با کیفیت عالی 4k (بالاترین کیفیت),https://www.youtube.com/watch?v=TuCT7fdWgDc
علی صادقی و هومن برق نورد در فیلم سینمایی کمدی آدم آهنی 😂,https://www.youtube.com/watch?v=zsJIjjQyRb0
هومن حاجی عبداللهی در سریال کمدی پایتخت 5 :: قسمت هشتم :: با کیفیت عالی 4k (بالاترین کیفیت),https://www.youtube.com/watch?v=Fk3X7BjbmPw
فیلم سینمایی کمدی تاریخی مظفرنامه با بازی اکبر عبدی، بهزاد فراهانی و شقایق فراهانی,https://www.youtube.com/watch?v=kNBv6JizBIg
ریما رامین فر و نسرین نصرتی در سریال کمدی پایتخت 5 :: قسمت هفتم :: با کیفیت عالی 4k (بالاترین کیفیت),https://www.youtube.com/watch?v=WNY1HLPauL4
فیلم کمدی پر بازیگر قاعده بازی با حضور اکبر عبدی، الناز شاکردوست، هوشنگ حریرچیان و حمید لولایی,https://www.youtube.com/watch?v=f64tE3oNdMM
سارا و نیکا فرقانی اصل در سریال کمدی پایتخت 5 :: قسمت ششم :: با کیفیت عالی 4k (بالاترین کیفیت),https://www.youtube.com/watch?v=dvrXQsFcJNk
فیلم سینمایی ایرانی فرشته ها با هم می آیند با بازی جواد عزتی و نازنین بیاتی,https://www.youtube.com/watch?v=JEXlNe784T0
نسرین نصرتی و بهرام افشاری در سریال کمدی پایتخت 5 :: قسمت پنجم 5 :: با کیفیت عالی 4k,https://www.youtube.com/watch?v=pRLqyybgtIk
یوسف تیموری و خشایار راد در فیلم کمدی جدید ازدواج جنجالی 😉😂,https://www.youtube.com/watch?v=rsAS5shnyLM
نسرین نصرتی و بهرام افشاری در سریال کمدی پایتخت 5 :: قسمت چهارم 4 :: با کیفیت عالی 4k,https://www.youtube.com/watch?v=txI17cwHnuI
فیلم سینمایی ایرانی کمدی بی ستاره با بازی سروش صحت، مهران غفوریان و مریم امیرجلالی,https://www.youtube.com/watch?v=fws6Y2pYbQ4
ریما رامین فر و هومن حاجی عبداللهی در سریال کمدی پایتخت 5 :: قسمت سوم 3 :: با کیفیت عالی 4k,https://www.youtube.com/watch?v=Z_A8bjDxUjI
فیلم کمدی و جدید یک دهم با بازی خشایار راد، بهنوش بختیاری و میثم درویشان پور,https://www.youtube.com/watch?v=RcaJ0nA6lUI
علیرضا خمسه و احمد مهران فر در سریال کمدی پایتخت 5 :: قسمت دوم 2 :: با کیفیت عالی 4k,https://www.youtube.com/watch?v=3zCPEwFS_OU
فیلم کمدی و عاشقانه نوک برج ساخته کیومرث پوراحمد نوشته سروش صحت با بازی محمدرضا فروتن و نیکی کریمی,https://www.youtube.com/watch?v=1CqqfQkxGQY
محسن تنابنده و بهرام افشاری در سریال کمدی پایتخت 5 :: قسمت اول 1 :: با کیفیت عالی 4k,https://www.youtube.com/watch?v=tQ5_qnI0FCc
فیلم سینمایی کمدی به دنبال خوشبختی 😁 با بازی پوریا پورسرخ، لیلا اوتادی و مریم امیرجلالی,https://www.youtube.com/watch?v=wt-6no1fREA
فیلم سینمایی ایرانی آبنبات 🍭 با بازی مهدی امینی خواه، رضا توکلی و شراره رخام,https://www.youtube.com/watch?v=lLXuwL1g5QI
فیلم سینمایی پربازیگر آذر، شهدخت، پرویز و دیگران با بازی گوهر خیراندیش، مانی حقیقی، رامبد جوان و ...,https://www.youtube.com/watch?v=XBvMhZshb_M
سریال کمدی و جدید ماهچراغ (نوروز 1402) با حضور سیاوش مفیدی - قسمت 24 (قسمت آخر),https://www.youtube.com/watch?v=5W43heaBbPw
سریال کمدی و جدید ماهچراغ (نوروز 1402) با حضور علی غریب  - قسمت 23,https://www.youtube.com/watch?v=EI_pNawmG9o
سریال کمدی و جدید ماهچراغ (نوروز 1402) با حضور عباس صفا  - قسمت 22,https://www.youtube.com/watch?v=dxhrWGXkXFE
سریال کمدی و جدید ماهچراغ (نوروز 1402) با حضور آسو پاشاپور - قسمت 21,https://www.youtube.com/watch?v=SIH26K5ebdU
سریال کمدی و جدید ماهچراغ (نوروز 1402) با حضورعلی غریب - قسمت 20,https://www.youtube.com/watch?v=FkL2Dht1Okw
سریال کمدی و جدید ماهچراغ (نوروز 1402) با حضور احمد نجفی  - قسمت 19,https://www.youtube.com/watch?v=kGIDAm2Ixpg
سریال کمدی و جدید ماهچراغ (نوروز 1402) با حضور حدیثه تهرانی - قسمت 18,https://www.youtube.com/watch?v=lOmPCTWj4s8
سریال کمدی و جدید ماهچراغ (نوروز 1402) با حضور آزیتا ترکاشوند - قسمت 17,https://www.youtube.com/watch?v=PNAEdBaTHsM
سریال کمدی و جدید ماهچراغ (نوروز 1402) با حضور سیاوش مفیدی - قسمت 16,https://www.youtube.com/watch?v=TlW9dfTQDkk
سریال کمدی و جدید ماهچراغ (نوروز 1402) با حضور اشکان اشتیاق - قسمت 15,https://www.youtube.com/watch?v=qihAnNsRVL0
سریال کمدی و جدید ماهچراغ (نوروز 1402) با حضور حدیثه تهرانی - قسمت 14,https://www.youtube.com/watch?v=inJ2eJId_Y4
سریال کمدی و جدید ماهچراغ (نوروز 1402) با حضور علی غریب- قسمت 13,https://www.youtube.com/watch?v=iXbzpcN7R-E
سریال کمدی و جدید ماهچراغ (نوروز 1402) با حضور سیاوش مفیدی - قسمت 12,https://www.youtube.com/watch?v=sRODC2-MjLA
سریال کمدی و جدید ماهچراغ (نوروز 1402) با حضور آزیتا ترکاشوند - قسمت 11,https://www.youtube.com/watch?v=N8jSkdaRkx0
سریال کمدی و جدید ماهچراغ (نوروز 1402) با حضور اشکان اشتیاق - قسمت 10,https://www.youtube.com/watch?v=gGSuKWSH39s
سریال کمدی و جدید ماهچراغ (نوروز 1402) با حضور حدیثه تهرانی - قسمت 9,https://www.youtube.com/watch?v=2XpSKLUcBak
سریال کمدی و جدید ماهچراغ (نوروز 1402) با حضور سیاوش مفیدی - قسمت 8,https://www.youtube.com/watch?v=MmQxIYYeV6k
سریال کمدی و جدید ماهچراغ (نوروز 1402) با حضور علی غریب - قسمت 7,https://www.youtube.com/watch?v=ancKCkJa-SI
سریال کمدی و جدید ماهچراغ (نوروز 1402) با حضور آزیتا ترکاشوند - قسمت 6,https://www.youtube.com/watch?v=Q4k_OUimuK8
سریال کمدی و جدید ماهچراغ (نوروز 1402) با حضور اشکان اشتیاق - قسمت 5,https://www.youtube.com/watch?v=bznJZvNS1gI
سریال کمدی و جدید ماهچراغ (نوروز 1402) با حضور احمد نجفی - قسمت 4,https://www.youtube.com/watch?v=ysP61lxwTyU
سریال کمدی و جدید ماهچراغ (نوروز 1402) با حضور حدیثه تهرانی - قسمت 3,https://www.youtube.com/watch?v=-Pk9Hrb-s94
سریال کمدی و جدید ماهچراغ (نوروز 1402) با حضور احمد نجفی و علی غریب - قسمت 2,https://www.youtube.com/watch?v=jdIev0skeqA
سریال کمدی و جدید ماهچراغ (نوروز 1402) با حضور اشکان اشتیاق و سیاوش مفیدی - قسمت 1,https://www.youtube.com/watch?v=j4I_gcIJp8s
حمید لولایی و هومن حاجی عبداللهی و عباس جمشیدی فر در سریال کمدی خوشنام 😉 قسمت آخر,https://www.youtube.com/watch?v=HwZhOy-vm6A
عباس جمشیدی فر و امیر کربلایی زاده در سریال کمدی خوشنام 😉 قسمت سی و یکم,https://www.youtube.com/watch?v=mmNgqE09WT8
نیلوفر رجایی فر و امیر کربلایی زاده در سریال کمدی خوشنام 😉 قسمت سی ام,https://www.youtube.com/watch?v=f7u2jJSjZcg
سحر ولدبیگی و شهره (مازیار) لرستانی در سریال کمدی خوشنام 😉 قسمت بیست و نهم,https://www.youtube.com/watch?v=BICJSrB2A8Q
حمید لولایی و عباس جمشیدی فر در سریال کمدی خوشنام 😉 قسمت بیست و هشتم,https://www.youtube.com/watch?v=EWz3drq7NLM
عباس جمشیدی فر و هومن حاجی عبداللهی در سریال کمدی خوشنام 😉 قسمت بیست و هفتم,https://www.youtube.com/watch?v=C8iuJcZuiGo
سحر ولدبیگی و شهره (مازیار) لرستانی در سریال کمدی خوشنام 😉 قسمت بیست و ششم,https://www.youtube.com/watch?v=SRKMV2xzQsc
سریال کمدی نوستالژیک این زمینی ها 🌍 با بازی لاله صبوری و ژاله صامتی - قسمت آخر,https://www.youtube.com/watch?v=QR9VMVXoTmI
حمید لولایی و عباس جمشیدی فر در سریال کمدی خوشنام 😉 قسمت بیست و پنجم,https://www.youtube.com/watch?v=Km5VrLnGZY8
سریال کمدی نوستالژیک این زمینی ها 🌍 با بازی ژاله صامتی - قسمت 35,https://www.youtube.com/watch?v=WGYRaa7CnP0
هومن حاجی عبداللهی و عباس جمشیدی فر در سریال کمدی خوشنام 😉 قسمت بیست و چهارم,https://www.youtube.com/watch?v=ZRXMi8pxljw
سریال کمدی نوستالژیک این زمینی ها 🌍 با بازی شهنام شهابی - قسمت 34,https://www.youtube.com/watch?v=qRm10PmyJ-o
حمید لولایی و سحر ولدبیگی در سریال کمدی خوشنام 😉 قسمت بیست و سوم,https://www.youtube.com/watch?v=fyEo_iY_UAE
سریال کمدی نوستالژیک این زمینی ها 🌍 با بازی امیرحسین صدیق - قسمت 33,https://www.youtube.com/watch?v=6Q0WgPsoKMk
عباس جمشیدی فر و امیر کربلایی زاده در سریال کمدی خوشنام 😉 قسمت بیست و دوم,https://www.youtube.com/watch?v=Js6Q25kqUL4
سریال کمدی نوستالژیک این زمینی ها 🌍 با بازی لاله صبوری - قسمت 32,https://www.youtube.com/watch?v=GoRY0Cw3OkU
امیر کربلایی زاده و نیلوفر رجایی فر در سریال کمدی خوشنام 😉 قسمت بیست و یکم,https://www.youtube.com/watch?v=Qp7C5xZty1A
سریال کمدی نوستالژیک این زمینی ها 🌍 با بازی علی عمرانی - قسمت 31,https://www.youtube.com/watch?v=GdR9yu2aOv8
سحر ولدبیگی و شهره (مازیار) لرستانی در سریال کمدی خوشنام 😉 قسمت بیستم,https://www.youtube.com/watch?v=eGGEF8H2OCk
سریال کمدی نوستالژیک این زمینی ها 🌍 با بازی لاله صبوری - قسمت 30,https://www.youtube.com/watch?v=X_elYwbOm7o
حمید لولایی و عباس جمشیدی فر در سریال کمدی خوشنام 😉 قسمت نوزدهم,https://www.youtube.com/watch?v=BS89cey96tc
سریال کمدی نوستالژیک این زمینی ها 🌍 با بازی سیامک انصاری - قسمت 29,https://www.youtube.com/watch?v=QX14ngFlf_Y
عباس جمشیدی فر و هومن حاجی عبداللهی در سریال کمدی خوشنام 😉 قسمت هجدهم,https://www.youtube.com/watch?v=wNGSdvLxM0w
سریال کمدی نوستالژیک این زمینی ها 🌍 با بازی شهنام شهابی - قسمت 28,https://www.youtube.com/watch?v=IL-DuALWrRc
امیر غفارمنش و امیر کربلایی زاده در سریال کمدی خوشنام 😉 قسمت هفدهم,https://www.youtube.com/watch?v=FBqoT_O29w4
سریال کمدی نوستالژیک این زمینی ها 🌍 با بازی مهدی صبایی - قسمت 27,https://www.youtube.com/watch?v=0fXdGmYAXEk
مازیار لرستانی و سحر ولدبیگی در سریال کمدی خوشنام 😉 قسمت شانزدهم,https://www.youtube.com/watch?v=IGoDRfIBtls
سریال کمدی نوستالژیک این زمینی ها 🌍 با بازی امیرحسین صدیق - قسمت 26,https://www.youtube.com/watch?v=Wcjpzn5YXMs
حمید لولایی و هومن حاجی عبداللهی در سریال کمدی خوشنام 😉 قسمت پانزدهم,https://www.youtube.com/watch?v=NxQQaan2Y_A
سریال کمدی نوستالژیک این زمینی ها 🌍 با بازی لاله صبوری - قسمت 25,https://www.youtube.com/watch?v=iHAAu2gj3ng
حمید لولایی و سحر ولدبیگی در سریال کمدی خوشنام 😉 قسمت چهاردهم,https://www.youtube.com/watch?v=yioVt1y5UWY
سریال کمدی نوستالژیک این زمینی ها 🌍 با بازی مریم سعادت - قسمت 24,https://www.youtube.com/watch?v=Z7ItWxjhen0
عباس جمشیدی فر و امیر کربلایی زاده در سریال کمدی خوشنام 😉 قسمت سیزدهم,https://www.youtube.com/watch?v=VBb8g6wbOrs
سریال کمدی نوستالژیک این زمینی ها 🌍 با بازی بهنوش بختیاری - قسمت 23,https://www.youtube.com/watch?v=M9SO_P6R0Ro
امیر غفارمنش و نیلوفر رجایی فر در سریال کمدی خوشنام 😉 قسمت دوازدهم,https://www.youtube.com/watch?v=dNIZPtoCjEw
سریال کمدی نوستالژیک این زمینی ها 🌍 با بازی علی عمرانی - قسمت 22,https://www.youtube.com/watch?v=uSy4HiPHg9s
شهره (مازیار) لرستانی و سحر ولدبیگی در سریال کمدی خوشنام 😉 قسمت یازدهم,https://www.youtube.com/watch?v=9_-2TxssiiI
سریال کمدی نوستالژیک این زمینی ها 🌍 با بازی رضا بابک - قسمت 21,https://www.youtube.com/watch?v=9MF46GQTzpc
حمید لولایی و عباس جمشیدی فر در سریال کمدی خوشنام 😉 قسمت دهم,https://www.youtube.com/watch?v=ej4qkwXFmFM
سریال کمدی نوستالژیک این زمینی ها 🌍 با بازی مهران ضیغمی - قسمت 20,https://www.youtube.com/watch?v=oSzI_V7mqZo
عباس جمشیدی فر و امیر کربلایی زاده در سریال کمدی خوشنام 😉 قسمت نهم,https://www.youtube.com/watch?v=zl_TCfvDmLc
سریال کمدی نوستالژیک این زمینی ها 🌍 با بازی امیرحسین صدیق - قسمت 19,https://www.youtube.com/watch?v=UO8L2ozWy-s
فریده سپاه منصور و نیلوفر رجایی فر در سریال کمدی خوشنام 😉 قسمت هشتم,https://www.youtube.com/watch?v=KUUQOXbZgbY
سریال کمدی نوستالژیک این زمینی ها 🌍 با بازی لاله صبوری - قسمت 18,https://www.youtube.com/watch?v=hesZe6gRROo
حمید لولایی و مازیار لرستانی در سریال کمدی خوشنام 😉 قسمت هفتم,https://www.youtube.com/watch?v=nQw9AgJktDU
سریال کمدی نوستالژیک این زمینی ها 🌍 با بازی مهدی صبایی - قسمت 17,https://www.youtube.com/watch?v=kJOnpYh8Ni0
هومن حاجی عبداللهی و نیلوفر رجایی فر در سریال کمدی خوشنام 😉 قسمت ششم,https://www.youtube.com/watch?v=haZOWvP3wwM
سریال کمدی نوستالژیک این زمینی ها 🌍 با بازی ژاله صامتی - قسمت 16,https://www.youtube.com/watch?v=NXUe4FhFy4A
حمید لولایی و شهره لرستانی در سریال کمدی خوشنام 😉 قسمت پنجم,https://www.youtube.com/watch?v=2WFmi38STW0
سریال کمدی نوستالژیک این زمینی ها 🌍 با بازی مریم سعادت - قسمت 15,https://www.youtube.com/watch?v=PKfwbhK4If8
عباس جمشیدی فر و فریده سپاه منصور در سریال کمدی خوشنام 😉 قسمت چهارم,https://www.youtube.com/watch?v=3dWgSKe-lDQ
سریال کمدی نوستالژیک این زمینی ها 🌍 با بازی سیامک انصاری - قسمت 14,https://www.youtube.com/watch?v=lisGf8loub4
نیلوفر رجایی فر و امیر غفارمنش در سریال کمدی خوشنام 😉 قسمت سوم,https://www.youtube.com/watch?v=NIBSi6Attc0
سریال کمدی نوستالژیک این زمینی ها 🌍 با بازی ژاله صامتی - قسمت 13,https://www.youtube.com/watch?v=7T14-ReluPQ
عباس جمشیدی فر و سحر ولدبیگی در سریال کمدی خوشنام 😉 قسمت دوم,https://www.youtube.com/watch?v=WDG0hP8dmw4
سریال کمدی نوستالژیک این زمینی ها 🌍 با بازی شهنام شهابی - قسمت 12,https://www.youtube.com/watch?v=Nqqfm1cmxF0
حمید لولایی و هومن حاجی عبداللهی در سریال کمدی خوشنام 😉 قسمت اول,https://www.youtube.com/watch?v=DOsfNYsg4Tw
سریال کمدی نوستالژیک این زمینی ها 🌍 با بازی بهنوش بختیاری - قسمت 11,https://www.youtube.com/watch?v=Bn2AdU_36l0
سریال کمدی نوستالژیک این زمینی ها 🌍 با بازی سیامک انصاری - قسمت 10,https://www.youtube.com/watch?v=g6KHKEOs7Rs
سریال کمدی نوستالژیک این زمینی ها 🌍 با بازی مهدی صبایی - قسمت 9,https://www.youtube.com/watch?v=yLdcSXCZe6Q
سریال کمدی نوستالژیک این زمینی ها 🌍 با بازی لاله صبوری - قسمت 8,https://www.youtube.com/watch?v=HNOrEtl8RTw
سریال کمدی نوستالژیک این زمینی ها 🌍 با بازی علی عمرانی - قسمت 7,https://www.youtube.com/watch?v=1vTr5T5o6bc
سریال کمدی نوستالژیک این زمینی ها 🌍 با بازی محبوبه بیات - قسمت 6,https://www.youtube.com/watch?v=5fEbM5l-e3c
سریال کمدی نوستالژیک این زمینی ها 🌍 با بازی مریم کاظمی - قسمت 5,https://www.youtube.com/watch?v=RaDJmSEA6H4
سریال کمدی نوستالژیک این زمینی ها 🌍 با بازی مریم سعادت - قسمت 4,https://www.youtube.com/watch?v=Nm7g5oHWXCk
سریال کمدی نوستالژیک این زمینی ها 🌍 با بازی شهنام شهابی - قسمت 3,https://www.youtube.com/watch?v=Qewl0pfIjGc
سریال کمدی نوستالژیک این زمینی ها 🌍 با بازی امیرحسین صدیق - قسمت 2,https://www.youtube.com/watch?v=ieQR2mn9-R8
سریال کمدی نوستالژیک این زمینی ها 🌍 با بازی لاله صبوری - قسمت 1,https://www.youtube.com/watch?v=2_MrVdzprkY
سریال نوستالژیک، قدیمی و کمدی ◀️ مثل زندگی ▶️ ساخته بهروز بقایی با بازی شقایق دهقان - قسمت آخر,https://www.youtube.com/watch?v=kComgY_gVmI
سریال نوستالژیک، قدیمی و کمدی ◀️ مثل زندگی ▶️ ساخته بهروز بقایی با بازی کامران ملک مطیعی - قسمت 13,https://www.youtube.com/watch?v=mr0E82z-95k
سریال نوستالژیک، قدیمی و کمدی ◀️ مثل زندگی ▶️ ساخته بهروز بقایی با بازی پرستو گلستانی - قسمت 12,https://www.youtube.com/watch?v=ew9l09ODoz8
سریال نوستالژیک، قدیمی و کمدی ◀️ مثل زندگی ▶️ ساخته بهروز بقایی با بازی نیما فلاح - قسمت 11,https://www.youtube.com/watch?v=eg13f6qTAxw
علیرام نورایی در مجموعه طنز کاریکارتون 😁 راز اعتیاد به بازی کامپیوتری! 😁,https://www.youtube.com/watch?v=gIX52nWQyJU
سریال نوستالژیک، قدیمی و کمدی ◀️ مثل زندگی ▶️ ساخته بهروز بقایی با بازی علیرضا رئیسی - قسمت 10,https://www.youtube.com/watch?v=wxlYi-QdHqo
علی عامل هاشمی در مجموعه طنز کاریکارتون 😁 این چه طرز برخورد با هنرمنداست؟!,https://www.youtube.com/watch?v=N88v5-uS6Jo
سریال نوستالژیک، قدیمی و کمدی ◀️ مثل زندگی ▶️ ساخته بهروز بقایی با بازی نیما فلاح - قسمت 9,https://www.youtube.com/watch?v=ghn0Z9c-6Fg
علیرام نورایی در مجموعه طنز کاریکارتون 😁 در سفر زمان کردم! 😁,https://www.youtube.com/watch?v=-xQShWNQ2m8
سریال نوستالژیک، قدیمی و کمدی ◀️ مثل زندگی ▶️ ساخته بهروز بقایی با بازی پرستو گلستانی - قسمت 8,https://www.youtube.com/watch?v=OFYK3HV0y6k
علی عامل هاشمی در مجموعه طنز کاریکارتون 😁 خاطراتت بو گرفته!,https://www.youtube.com/watch?v=8V4KbTbtXEk
سریال نوستالژیک، قدیمی و کمدی ◀️ مثل زندگی ▶️ ساخته بهروز بقایی با بازی شقایق دهقان - قسمت 7,https://www.youtube.com/watch?v=6C_Fz5eEfD0
علیرام نورایی در مجموعه طنز کاریکارتون 😁 قیچی صمد سلمونی باعث شروع جنگ جهانی اول شد! 😁,https://www.youtube.com/watch?v=esw-rp6iSt0
سریال نوستالژیک، قدیمی و کمدی ◀️ مثل زندگی ▶️ ساخته بهروز بقایی با بازی کامران ملک مطیعی - قسمت 6,https://www.youtube.com/watch?v=Q-BcJ_MONNE
علی عامل هاشمی در مجموعه طنز کاریکارتون 😁 دخترها دنیا رو نجات میدن,https://www.youtube.com/watch?v=JZ7uu-pyajk
سریال نوستالژیک، قدیمی و کمدی ◀️ مثل زندگی ▶️ با بازی علیرضا رئیسی و پرستو گلستانی - قسمت 5,https://www.youtube.com/watch?v=RRIJqft-jZo
علیرام نورایی در مجموعه طنز کاریکارتون 😁 کلیه آکبندشو گذاشته برا فروش! 😁,https://www.youtube.com/watch?v=39oE_VHouaM
سریال نوستالژیک، قدیمی و کمدی ◀️ مثل زندگی ▶️ با بازی شقایق دهقان و نیما فلاح - قسمت 4,https://www.youtube.com/watch?v=C6FVOkFwvvs
علی عامل هاشمی در مجموعه طنز کاریکارتون 😁 عمل زیبایی تبدیل سگ به گربه,https://www.youtube.com/watch?v=IMHojSzyi9M
سریال نوستالژیک، قدیمی و کمدی ◀️ مثل زندگی ▶️ با بازی پرستو گلستانی و کامران ملک مطیعی - قسمت 3,https://www.youtube.com/watch?v=ro70rE6X2O4
علیرام نورایی در مجموعه طنز کاریکارتون 😁 عاقبت احتکار کردن پیاز!! 😁,https://www.youtube.com/watch?v=jfB8SsLgjZk
سریال نوستالژیک، قدیمی و کمدی ◀️ مثل زندگی ▶️ با بازی کامران ملک مطیعی و علیرضا رئیسی - قسمت 2,https://www.youtube.com/watch?v=2hViYXAagrY
علی عامل هاشمی در مجموعه طنز کاریکارتون 😁 قیمت‌های نجومی خودرو,https://www.youtube.com/watch?v=tq8UMJIEDCM
سریال نوستالژیک، قدیمی و کمدی ◀️ مثل زندگی ▶️ با بازی شقایق دهقان و پرستو گلستانی - قسمت 1,https://www.youtube.com/watch?v=Vgs7vWv-lb0
علیرام نورایی در مجموعه طنز کاریکارتون 😁 جلسه هیئت مدیره انواع عرق ها!! 😁,https://www.youtube.com/watch?v=8KaOta_SBhI
زنده یاد سیروس گرجستانی، فتحعلی اویسی و خسرو شکیبایی در سریال نوستالژِی کمدی در کنارهم😍 قسمت آخر,https://www.youtube.com/watch?v=MC8XsEGkrr8
علی عامل هاشمی در مجموعه طنز کاریکارتون 😁 مدیرا اخراج نمیشن از جایی به جای دیگر منتقل میشن!,https://www.youtube.com/watch?v=Gdad_HMd3bU
سریال کمدی در کنار هم 😍 با بازی امیرحسین صدیق و سیروس گرجستانی 😍 قسمت 24,https://www.youtube.com/watch?v=a_F0aWKzQFw
علیرام نورایی در مجموعه طنز کاریکارتون 😁 امان از دست مسئولین قلابی!! 😁,https://www.youtube.com/watch?v=TWtqnfisnlU
سریال کمدی در کنار هم 😍 با بازی شراره دولت آبادی و سیما گرجستانی 😍 قسمت 23,https://www.youtube.com/watch?v=g2WXB7xKZ-s
علی عامل هاشمی در مجموعه طنز کاریکارتون 😁 متخصص زیبایی لب و بقیه جاها! 😉,https://www.youtube.com/watch?v=fTS9GpDSg6U
سریال کمدی در کنار هم 😍 با بازی رامین ناصر نصیر و برزو ارجمند 😍 قسمت 22,https://www.youtube.com/watch?v=6BERzgnhnGs
علیرام نورایی در مجموعه طنز کاریکارتون 😁 کاش اینقدر شارلاتان نبودی!! 😁,https://www.youtube.com/watch?v=5msk3ltT9FQ
سریال کمدی در کنار هم 😍 با بازی الیزابت امینی و برزو ارجمند 😍 قسمت 21,https://www.youtube.com/watch?v=G4UKX34J130
علی عامل هاشمی در مجموعه طنز کاریکارتون 😁 وقتی 12 سال کلاس اول باشی!,https://www.youtube.com/watch?v=DR0JTLU6aPo
سریال کمدی در کنار هم 😍 با بازی فتحعلی اویسی و الیزابت امینی 😍 قسمت 20,https://www.youtube.com/watch?v=1Rn3YURntBM
علیرام نورایی در مجموعه طنز کاریکارتون 😁 دخل و خرج مرغه یکی نبود!! 😁,https://www.youtube.com/watch?v=93pSVBaoLLU
زنده یاد سیروس گرجستانی در سریال نوستالژِی کمدی در کنارهم😍 قسمت 19,https://www.youtube.com/watch?v=stTk-rhZeY8
علی عامل هاشمی در مجموعه طنز کاریکارتون 😁 خر هم وارد کردن داره؟!,https://www.youtube.com/watch?v=dgoobkHOe8I
سریال کمدی در کنار هم 😍 با بازی شراره دولت آبادی و مهرانه مهین ترابی 😍 قسمت 18,https://www.youtube.com/watch?v=BbtNwx3MC4M
علیرام نورایی در مجموعه طنز کاریکارتون 😁 با مرغ هاشور شوخی نکنید! 😁,https://www.youtube.com/watch?v=9L2ecHYGWZM
سریال کمدی در کنار هم 😍 با بازی خسرو شکیبایی و فتحعلی اویسی 😍 قسمت 17,https://www.youtube.com/watch?v=yLjPjRywYow
علی عامل هاشمی در مجموعه طنز کاریکارتون 😁 تست دوپینگ عمه گلی مثبت دراومده! 😂,https://www.youtube.com/watch?v=-vYZgGiq1DQ
سریال کمدی در کنار هم 😍 با بازی خسرو شکیبایی و مهرانه مهین ترابی 😍 قسمت 16,https://www.youtube.com/watch?v=6EU_g9KjYnw
علیرام نورایی در مجموعه طنز کاریکارتون 😁 پاک کردن هوا با جاروبرقی 😁,https://www.youtube.com/watch?v=m-BRoBJCXJc
سریال کمدی در کنار هم 😍 با بازی امیرحسین صدیق و شراره دولت آبادی 😍 قسمت 15,https://www.youtube.com/watch?v=cLjaKcv8g80
علی عامل هاشمی در مجموعه طنز کاریکارتون 😁 کم‌کم از فضاهای ذهنی‌مون هم اجاره می‌گیرن!,https://www.youtube.com/watch?v=MQgUHAoZals
سریال کمدی در کنار هم 😍 با بازی برزو ارجمند و الیزابت امینی 😍 قسمت 14,https://www.youtube.com/watch?v=1kFHpFBEFUY
علیرام نورایی در مجموعه طنز کاریکارتون 😁 تو که لالایی بلدی چرا خوابت نمی بره؟ 😁,https://www.youtube.com/watch?v=FmXsMJKV6LM
سریال کمدی در کنار هم 😍 با بازی سیروس گرجستانی و رامین ناصر نصیر 😍 قسمت 13,https://www.youtube.com/watch?v=9eQ6HvGGl2E
علی عامل هاشمی در مجموعه طنز کاریکارتون 😁 این کارها آخر و عاقبت نداره!,https://www.youtube.com/watch?v=MGskQemmogI
برزو ارجمند و امیرحسین صدیق سریال کمدی در کنار هم 😍 قسمت 12,https://www.youtube.com/watch?v=zTDJ7-qyiFE
علیرام نورایی در مجموعه طنز کاریکارتون 😁 انجمن رشوه گیران مقیم مرکز! 😁,https://www.youtube.com/watch?v=dlyJ6DtfI2s
سریال کمدی در کنار هم 😍 با بازی خسرو شکیبایی و مهرانه مهین ترابی 😍 قسمت 11,https://www.youtube.com/watch?v=TBFp2TYfsvA
علی عامل هاشمی در مجموعه طنز کاریکارتون 😁 پس خط فقر این شکلیه؟!,https://www.youtube.com/watch?v=y8WAkOFs3Do
سریال کمدی در کنار هم 😍 با بازی خسرو شکیبایی و شراره دولت آبادی 😍 قسمت 10,https://www.youtube.com/watch?v=5rtDP4EDdvk
علیرام نورایی در مجموعه طنز کاریکارتون 😁 کیسه هوا برای انسان! 😁,https://www.youtube.com/watch?v=p7Ti5jyV4nY
زنده یاد فتحعلی اویسی در سریال نوستالژِی کمدی در کنارهم🤣قسمت نهم,https://www.youtube.com/watch?v=ZiKVscYG0cs
علی عامل هاشمی در مجموعه طنز کاریکارتون 😁 از کودکان کار پول هم گرفتی؟! 😱,https://www.youtube.com/watch?v=yIZOwSz85GY
سریال کمدی در کنار هم 😍 با بازی مهرانه مهین ترابی و شراره دولت آبادی 😍 قسمت 8,https://www.youtube.com/watch?v=0n6FMFktXrc
علیرام نورایی در مجموعه طنز کاریکارتون 😁 داشتن این مدل کتاب ها حبس داره! 😁,https://www.youtube.com/watch?v=_cIXIqRMKnY
زنده یاد سیروس گرجستانی در سریال نوستالژِی کمدی در کنارهم🤣قسمت هفتم,https://www.youtube.com/watch?v=1ZxuL8gnKXQ
علی عامل هاشمی در مجموعه طنز کاریکارتون 😁 تهمت نزنیم چی کار کنیم؟! 😁,https://www.youtube.com/watch?v=HZ4Ov1o_gT8
سریال کمدی در کنار هم 😍 با بازی زنده یاد خسرو شکیبایی و فتحعلی اویسی 😍 قسمت 6,https://www.youtube.com/watch?v=en5KsQ5ntJ8
علیرام نورایی در مجموعه طنز کاریکارتون 😁 علامت مخصوص سیگاری ها 😁,https://www.youtube.com/watch?v=7QFAIwS563I
سریال کمدی در کنار هم 😍 با بازی برزو ارجمند و رامین ناصرنصیر 😍 قسمت 5,https://www.youtube.com/watch?v=X06QooCFa8o
علی عامل هاشمی در مجموعه طنز کاریکارتون 😁 سیزده بدر بدون اورژانس نمیشه! 😱,https://www.youtube.com/watch?v=GtGQrLPV63k
زنده یاد خسروشکیبایی در سریال نوستالژِی کمدی در کنارهم🤣قسمت چهارم,https://www.youtube.com/watch?v=TjKzKnaf-WM
علیرام نورایی در مجموعه طنز کاریکارتون 😁 چرا سیب خوردی افتادی پایین؟ 😁,https://www.youtube.com/watch?v=sfGd5yUiXMA
زنده یاد سیروس گرجستانی در سریال نوستالژِی کمدی در کنارهم🤣قسمت سوم,https://www.youtube.com/watch?v=LMHruN_RBDE
علی عامل هاشمی در مجموعه طنز کاریکارتون 😁 کتونی مخصوص فرار مالیاتی! 🤣,https://www.youtube.com/watch?v=agXrDRoeYIA
سریال نوستالژی خنده دار در کنارهم با بازی زنده یاد فتعلی اویسی و سیروس گرجستانی💓,https://www.youtube.com/watch?v=V8Fugbe5Po0
علیرام نورایی در مجموعه طنز کاریکارتون 😁شما محصول یک اتصالی,https://www.youtube.com/watch?v=cY2r00rZZm8
زنده یاد فتحعلی اویسی در سریال کمدی نوستالژی در کنارهم💓قسمت اول,https://www.youtube.com/watch?v=ZQhxdeqXfPc
علی عامل هاشمی در مجموعه طنز کاریکارتون 😁 اتاق خاطرات منو به خاک دادی! 🤣,https://www.youtube.com/watch?v=RYg66WpEUms
سریال کمدی و پربازیگر فروشگاه 😍 با بازی مهران غفوریان و رامبد جوان 😍 قسمت آخر (قسمت 30),https://www.youtube.com/watch?v=94RdLVIi_hc
علیرام نورایی در مجموعه طنز کاریکارتون 😁وقتی پای پول وسطه! 💣,https://www.youtube.com/watch?v=nZQU28GCcNg
سریال کمدی و پربازیگر فروشگاه 😍 با بازی داریوش اسدزاده و مریم مهاجر 😍 قسمت 29,https://www.youtube.com/watch?v=PXrj3t5iQWI
علی عامل هاشمی در مجموعه طنز کاریکارتون 😁 تربیت فرزندان خود را به عمه خانم بسپارید! 🤣,https://www.youtube.com/watch?v=HyO2N00AF4s
سریال کمدی و پربازیگر فروشگاه 😍 با بازی حسن پورشیرازی و نیما بانکی 😍 قسمت 28,https://www.youtube.com/watch?v=6z52k6ENqVM
علیرام نورایی در مجموعه طنز کاریکارتون 😁ترکیدن از خنده نتونستن برنامه رو تموم کنن! 🤣,https://www.youtube.com/watch?v=1HgXou9BuG8
سریال کمدی و پربازیگر فروشگاه 😍 با بازی پوراندخت مهیمن و افسانه چهره آزاد 😍 قسمت 27,https://www.youtube.com/watch?v=2PieoH-BrKs
علی عامل هاشمی در مجموعه طنز کاریکارتون 😁 تو بمون با مرغات! 🤣,https://www.youtube.com/watch?v=sTM-6jE1RkA
سریال کمدی و پربازیگر فروشگاه 😍 با بازی مرتضی احمدی و داریوش اسدزاده 😍 قسمت 26,https://www.youtube.com/watch?v=xG5qV3MJUxQ
علیرام نورایی در مجموعه طنز کاریکارتون 😁درخت بددهن خیابونی! 🤣,https://www.youtube.com/watch?v=U7MC4T13lS8
سریال کمدی و پربازیگر فروشگاه 😍 با بازی رضا بابک و شهلا ریاحی 😍 قسمت 25,https://www.youtube.com/watch?v=FrzKzLNZwjs
علی عامل هاشمی در مجموعه طنز کاریکارتون 😁 جنگ جهانی سوم!! 🤣,https://www.youtube.com/watch?v=q9tcOjXlUaY
سریال کمدی و پربازیگر فروشگاه 😍 با بازی مهران غفوریان و رامبد جوان 😍 قسمت 24,https://www.youtube.com/watch?v=Ro2wlTX5jQg
علیرام نورایی در مجموعه طنز کاریکارتون 😁حاجی فیروز رو گرفته ولش نمی‌کنه!! 🤣,https://www.youtube.com/watch?v=jzn6kytHffk
سریال کمدی و پربازیگر فروشگاه 😍 با بازی شهلا ریاحی و پوراندخت مهیمن 😍 قسمت 23,https://www.youtube.com/watch?v=peVwGH1NoBo
سریال کمدی و پربازیگر فروشگاه 😍 با بازی عزت الله مهرآوران و مهران غفوریان 😍 قسمت 22,https://www.youtube.com/watch?v=2zALyGV4B_4
سریال کمدی و پربازیگر فروشگاه 😍 با بازی عزت الله مهرآوران و مهران غفوریان 😍 قسمت 21,https://www.youtube.com/watch?v=ftQF3tdVW90
علی عامل هاشمی در مجموعه طنز کاریکارتون 😁 شیر حمومو از من نگیر!! 🤣,https://www.youtube.com/watch?v=yhuondB6TLM
سریال کمدی و پربازیگر فروشگاه 😍 با بازی مرتضی احمدی و مهران غفوریان 😍 قسمت 20,https://www.youtube.com/watch?v=rpuZZvBnw7o
علیرام نورایی در مجموعه طنز کاریکارتون 😁 2 میلیون تومن مرغ توخالی؟!؟!! 🫤🤣,https://www.youtube.com/watch?v=yQ5MbQZHyC8
سریال کمدی و پربازیگر فروشگاه 😍 با بازی افسانه چهره آزاد و رامبد جوان 😍 قسمت 19,https://www.youtube.com/watch?v=V8FNeLL8jb0
علی عامل هاشمی در مجموعه طنز کاریکارتون 😁 کارتون کش حمال! 🤣,https://www.youtube.com/watch?v=kdM5Sm6ldq4
سریال کمدی و پربازیگر فروشگاه 😍 با بازی حسن پورشیرازی و نگار استخر 😍 قسمت 18,https://www.youtube.com/watch?v=xBOHQhj6wx0
علیرام نورایی در مجموعه طنز کاریکارتون 😁 وقتی با سیندرلا بخوای بری دیت برات کالسکه‌شو می‌فرسته! 🤣,https://www.youtube.com/watch?v=Vg-UaVmaIcc
سریال کمدی و پربازیگر فروشگاه 😍 با بازی رامبد جوان و نیما بانکی 😍 قسمت 17,https://www.youtube.com/watch?v=Nh4KQn7Xv6Q
علی عامل هاشمی در مجموعه طنز کاریکارتون 😁 هیچی تو زندگی جای زن رو پر نمی‌کنه! 🤣,https://www.youtube.com/watch?v=QD82HtMY61k
سریال کمدی و پربازیگر فروشگاه 😍 با بازی رضا بابک و پوراندخت مهیمن 😍 قسمت 16,https://www.youtube.com/watch?v=qGbFZwndMlM
علیرام نورایی در مجموعه طنز کاریکارتون 😁 وقتی بابات گردن نمی‌گیرتت! 🤣,https://www.youtube.com/watch?v=feGoBDtW6BE
سریال کمدی و پربازیگر فروشگاه 😍 با بازی شهلا ریاحی و داریوش اسدزاده 😍 قسمت 15,https://www.youtube.com/watch?v=vHzefEduMe0
سریال کمدی و پربازیگر فروشگاه 😍 با بازی پوراندخت مهیمن و افسانه چهره آزاد 😍 قسمت 14,https://www.youtube.com/watch?v=H4KrxKRfyYA
سریال کمدی و پربازیگر فروشگاه 😍 با بازی نیما بانکی و حسن پورشیرازی 😍 قسمت 13,https://www.youtube.com/watch?v=uJFpAwjNXFg
سریال کمدی و پربازیگر فروشگاه 😍 با بازی مهران غفوریان و عزت الله مهرآوران 😍 قسمت 12,https://www.youtube.com/watch?v=Ijk6cX4SrJE
سریال کمدی و پربازیگر فروشگاه 😍 با بازی رضا بابک و حسن پورشیرازی 😍 قسمت 11,https://www.youtube.com/watch?v=rvmH_sNIlnw
سریال کمدی و پربازیگر فروشگاه 😍 با بازی مرتضی احمدی و داریوش اسدزاده 😍 قسمت 10,https://www.youtube.com/watch?v=mfIaiVilxLY
سریال کمدی و پربازیگر فروشگاه 😍 با بازی رامبد جوان و مهران غفوریان 😍 قسمت 9,https://www.youtube.com/watch?v=5e6FYV9OOJs
سریال کمدی و پربازیگر فروشگاه 😍 با بازی حسن پورشیرازی و نگار استخر 😍 قسمت 8,https://www.youtube.com/watch?v=fDkfoNj0KoQ
سریال کمدی و پربازیگر فروشگاه 😍 با بازی رامبد جوان و مهران غفوریان 😍 قسمت 7,https://www.youtube.com/watch?v=flQ333gCJPA
سریال کمدی و پربازیگر فروشگاه 😍 با بازی شهلا ریاحی و رضا بابک 😍 قسمت 6,https://www.youtube.com/watch?v=M_1o77cygPw
سریال کمدی و پربازیگر فروشگاه 😍 با بازی مهران غفوریان و افسانه چهره‌آزاد 😍 قسمت 5,https://www.youtube.com/watch?v=5sgWjZmtbag
سریال کمدی و پربازیگر فروشگاه 😍 با بازی داریوش اسدزاده و پوراندخت مهیمن 😍 قسمت 4,https://www.youtube.com/watch?v=uia1gG9defg
سریال کمدی و پربازیگر فروشگاه 😍 با بازی حسن پورشیرازی و نیما بانکی 😍 قسمت 3,https://www.youtube.com/watch?v=LT3RqoSoOkY
سریال کمدی و پربازیگر فروشگاه 😍 با بازی مهران غفوریان و رامبد جوان 😍 قسمت 2,https://www.youtube.com/watch?v=y0fMpPaMaC4
سریال کمدی و پربازیگر فروشگاه 😍 با بازی مهران غفوریان و رضا بابک 😍 قسمت 1,https://www.youtube.com/watch?v=BHjnC9pW1Ds
فیلم سینمایی کمدی ویلای پرماجرا 😆 با بازی کیومرث ملک مطیعی و سعید پیردوست,https://www.youtube.com/watch?v=079K5kL4ISQ
عباس جمشیدی فر و خشایار راد در فیلم سینمایی کمدی خنده دار آقای بازیگر (مرد 4 چهره) 😆,https://www.youtube.com/watch?v=8YccmHGzE-I
فیلم سینمایی کمدی اینجا جای من نیست 😉 با بازی عباس جمشیدی فر، خشایار راد و سیروس میمنت,https://www.youtube.com/watch?v=EKZgn8BRMkw
مجموعه طنز دست به نقد: قافیه که تنگ آید؛ شاعر به جفنگ آید! 🤣,https://www.youtube.com/watch?v=Z-miTsW-4ps
سریال کمدی شهرک جیم ** با عباس جمشیدی فر ** قسمت 25,https://www.youtube.com/watch?v=2rDBrd5ck80
سریال کمدی در کنار هم 😍 با بازی مهرانه مهین ترابی و شراره دولت آبادی 😍 قسمت 8,https://www.youtube.com/watch?v=8fxkiABeQn0
مجموعه طنز دست به نقد: مسئولی که تا فردا میپیچونتت! 🤣,https://www.youtube.com/watch?v=PPloiC5HZNU
فیلم سینمایی کمدی در مدت معلوم بدون سانسور 😆 با جواد عزتی، هومن سیدی و ویشکا آسایش (13+),https://www.youtube.com/watch?v=ckAegKbfm4E
سریال کمدی شهرک جیم ** با بیژن بنفشه خواه ** قسمت 24,https://www.youtube.com/watch?v=B4ZcZhOZna4
سریال کمدی در کنار هم 😍 با بازی سیروس گرجستانی و امیرحسین صدیق 😍 قسمت 7,https://www.youtube.com/watch?v=Ly6ca4pBJpw
مجموعه طنز دست به نقد: وقتی بعد شیش تا دختر تنها چیزی که میخوای داشتن پسره! 🤣,https://www.youtube.com/watch?v=OJ-sADEHxRY
سریال کمدی شهرک جیم ** با امیر کربلایی زاده ** قسمت 23,https://www.youtube.com/watch?v=h24rNjXpuJk
سریال کمدی در کنار هم 😍 با بازی خسرو شکیبایی و فتحعلی اویسی 😍 قسمت 6,https://www.youtube.com/watch?v=yeTNO05FMk8
سریال کمدی شهرک جیم ** با سوسن پرور ** قسمت 22,https://www.youtube.com/watch?v=XMpadQwiIA8
سریال کمدی در کنار هم 😍 با بازی برزو ارجمند و رامین ناصرنصیر 😍 قسمت 5,https://www.youtube.com/watch?v=v3ktIjMj3-4
سریال کمدی شهرک جیم ** با نگین معتضدی ** قسمت 21,https://www.youtube.com/watch?v=TtmSqgTqjgw
سریال کمدی در کنار هم 😍 با بازی مهرانه مهین ترابی و الیزابت امینی 😍 قسمت 4,https://www.youtube.com/watch?v=9coD8OhE0ek
مجموعه طنز دست به نقد: پولِ تپل الان توی قبرستونه! 🤣,https://www.youtube.com/watch?v=Kf-mXje1-Dk
سریال کمدی شهرک جیم ** با عباس جمشیدی فر ** قسمت 20,https://www.youtube.com/watch?v=waUiEJ6e-7M
سریال کمدی در کنار هم 😍 با بازی برزو ارجمند و امیرحسین صدیق 😍 قسمت 3,https://www.youtube.com/watch?v=AGKoDQSqo6A
مجموعه طنز دست به نقد: بعضی وقتا باید خواب‌هارو جدی گرفت! 🤣,https://www.youtube.com/watch?v=S1G3LgvNYBM
سریال کمدی شهرک جیم ** با امیر کربلایی زاده ** قسمت 19,https://www.youtube.com/watch?v=r51Q_e67-AU
سریال کمدی در کنار هم 😍 با بازی فتحعلی اویسی و سیروس گرجستانی 😍 قسمت 2,https://www.youtube.com/watch?v=moFO6iDjA-U
مجموعه طنز دست به نقد: وقتی چهل تا پشمالو با هم تو استخر خمپاره ای میرن! 🤣,https://www.youtube.com/watch?v=TqeqysO6BLE
سریال کمدی شهرک جیم ** با بیژن بنفشه خواه ** قسمت 18,https://www.youtube.com/watch?v=wBpn6HpPCHo
سریال کمدی در کنار هم 😍 با بازی خسرو شکیبایی و مهرانه مهین ترابی 😍 قسمت 1,https://www.youtube.com/watch?v=uiOxpRRvwzs
مجموعه طنز دست به نقد: معلوم الحال ترین کارکنان دنیا! 🤣,https://www.youtube.com/watch?v=Obfo0f9hkng
سریال کمدی شهرک جیم ** با سوسن پرور ** قسمت 17,https://www.youtube.com/watch?v=9kaNbcX5o4o
اشکان خطیبی در سریال کمدی اگه بابام زنده بود 😉 قسمت بیست و سوم (قسمت آخر),https://www.youtube.com/watch?v=5HvA9dDwdcI
مجموعه طنز دست به نقد: وقتی دست خالی به خدمات پس از فروش میری! 🤣,https://www.youtube.com/watch?v=vbTPWKPC_1o
سریال کمدی شهرک جیم ** با روشنک عجمیان ** قسمت 16,https://www.youtube.com/watch?v=4AIWjZlBBDI
مهرانه مهین ترابی در سریال کمدی اگه بابام زنده بود 😉 قسمت بیست و دوم,https://www.youtube.com/watch?v=TiqlkwfS5O8
مجموعه طنز دست به نقد: مامور مالیات مرده رو هم زنده میکنه! 🤣,https://www.youtube.com/watch?v=nK2J3e432rk
پوریا شکیبایی در فیلم سینمایی کمدی سینماخر (مشمشه) 😉,https://www.youtube.com/watch?v=_eOeuYnYMgU
سریال کمدی شهرک جیم ** با نگین معتضدی ** قسمت 15,https://www.youtube.com/watch?v=yBQL6Ay5hgk
سیامک انصاری در سریال کمدی اگه بابام زنده بود 😉 قسمت بیست و یکم,https://www.youtube.com/watch?v=Hw68-uTC5tg
مجموعه طنز دست به نقد: وقتی پنت هوس نشینی و از بقیه میخوای با لبخند زنده بمونن🤣,https://www.youtube.com/watch?v=4a576w8bYTM
سریال کمدی شهرک جیم ** با بیژن بنفشه خواه ** قسمت 14,https://www.youtube.com/watch?v=-G_1Wt-nYsc
نادر سلیمانی در سریال کمدی اگه بابام زنده بود 😉 قسمت بیستم,https://www.youtube.com/watch?v=lg2nm9DGuBw
فیلم سینمایی کمدی و خنده دار معادله 😆 با بازی حسین یاری و مریلا زارعی,https://www.youtube.com/watch?v=j96iSc9wP-c
سریال کمدی شهرک جیم ** با امیر کربلایی زاده ** قسمت 13,https://www.youtube.com/watch?v=xmbXfeGJad0
اشکان خطیبی در سریال کمدی اگه بابام زنده بود 😉 قسمت نوزدهم,https://www.youtube.com/watch?v=EaX8bY8_AmQ
سریال کمدی شهرک جیم ** با عباس جمشیدی فر ** قسمت 12,https://www.youtube.com/watch?v=bOnPXPrUHXA
مهرانه مهین ترابی در سریال کمدی اگه بابام زنده بود 😉 قسمت هجدهم,https://www.youtube.com/watch?v=TYkcDQZX80Q
سریال کمدی و جدید خوزستانی 💠 سی سرا 💠 ساخت سال 1400 ◀ قسمت 26 (قسمت آخر),https://www.youtube.com/watch?v=xuuRbsyhghk
سریال کمدی شهرک جیم ** با سوسن پرور ** قسمت 11,https://www.youtube.com/watch?v=_FmCWxTyBHg
مهوش وقاری در سریال کمدی اگه بابام زنده بود 😉 قسمت هفدهم,https://www.youtube.com/watch?v=lmRfeVfyeO4
سریال کمدی و جدید خوزستانی 💠 سی سرا 💠 ساخت سال 1400 ◀ قسمت 25,https://www.youtube.com/watch?v=xNvI6gariEw
سریال کمدی شهرک جیم ** با نگین معتضدی ** قسمت 10,https://www.youtube.com/watch?v=xYXGwGhncpo
اشکان خطیبی در سریال کمدی اگه بابام زنده بود 😉 قسمت شانزدهم,https://www.youtube.com/watch?v=331BaLeTHkQ
سریال کمدی و جدید خوزستانی 💠 سی سرا 💠 ساخت سال 1400 ◀ قسمت 24,https://www.youtube.com/watch?v=AmTwDX2Dlk4
سریال کمدی شهرک جیم ** با روشنک عجمیان ** قسمت 9,https://www.youtube.com/watch?v=d8WHTPmIc-I
مهرانه مهین ترابی در سریال کمدی اگه بابام زنده بود 😉 قسمت پانزدهم,https://www.youtube.com/watch?v=8_1wykNvSIc
سریال کمدی و جدید خوزستانی 💠 سی سرا 💠 ساخت سال 1400 ◀ قسمت 23,https://www.youtube.com/watch?v=fOO2S_ZxEA8
سریال کمدی شهرک جیم ** با عباس جمشیدی فر ** قسمت 8,https://www.youtube.com/watch?v=QyMmHeia240
سیامک انصاری در سریال کمدی اگه بابام زنده بود 😉 قسمت چهاردهم,https://www.youtube.com/watch?v=3R3sIx0oJk4
سریال کمدی و جدید خوزستانی 💠 سی سرا 💠 ساخت سال 1400 ◀ قسمت 22,https://www.youtube.com/watch?v=QLE6KVJCqLA
سریال کمدی شهرک جیم ** با امیر کربلایی زاده ** قسمت 7,https://www.youtube.com/watch?v=N5wSApJLjGs
نادر سلیمانی در سریال کمدی اگه بابام زنده بود 😉 قسمت سیزدهم,https://www.youtube.com/watch?v=NLiWUcGB5qc
سریال کمدی و جدید خوزستانی 💠 سی سرا 💠 ساخت سال 1400 ◀ قسمت 21,https://www.youtube.com/watch?v=keLdvIS_C6U
سریال کمدی شهرک جیم ** با بازی سوسن پرور ** قسمت 6,https://www.youtube.com/watch?v=xraD_nQ2xew
سریال کمدی و جدید خوزستانی 💠 سی سرا 💠 ساخت سال 1400 ◀ قسمت 20,https://www.youtube.com/watch?v=djmfISWx_jI
مهرانه مهین ترابی در سریال کمدی اگه بابام زنده بود 😉 قسمت دوازدهم,https://www.youtube.com/watch?v=_4NyoNnNGNA
سریال کمدی شهرک جیم ** با بازی عباس جمشیدی فر ** قسمت 5,https://www.youtube.com/watch?v=B3cb-qzkLSo
سریال کمدی و جدید خوزستانی 💠 سی سرا 💠 ساخت سال 1400 ◀ قسمت 19,https://www.youtube.com/watch?v=8jOy7VSLMKY
اشکان خطیبی در سریال کمدی اگه بابام زنده بود 😉 قسمت یازدهم,https://www.youtube.com/watch?v=454pEyGFeLg
سریال کمدی شهرک جیم ** با بازی روشنک عجمیان ** قسمت 4,https://www.youtube.com/watch?v=mS86eNVnsoY
نادر سلیمانی در سریال کمدی اگه بابام زنده بود 😉 قسمت دهم,https://www.youtube.com/watch?v=zwE7WRQ04UA
سریال کمدی و جدید خوزستانی 💠 سی سرا 💠 ساخت سال 1400 ◀ قسمت 18,https://www.youtube.com/watch?v=vXKyxNDaaPg
سریال کمدی شهرک جیم ** با بازی بیژن بنفشه خواه ** قسمت 3,https://www.youtube.com/watch?v=-U5Dyv0MwXc
سیامک انصاری در سریال کمدی اگه بابام زنده بود ~~~ قسمت نهم,https://www.youtube.com/watch?v=b7cT0qA4zMQ
سریال کمدی و جدید خوزستانی 💠 سی سرا 💠 ساخت سال 1400 ◀ قسمت 17,https://www.youtube.com/watch?v=bsObKEcq63c
سریال کمدی شهرک جیم ** با بازی نگین معتضدی ** قسمت 2,https://www.youtube.com/watch?v=uETdHUPhjpE
زنده یاد محسن قاضی مرادی در سریال کمدی اگه بابام زنده بود ~~~ قسمت هشتم,https://www.youtube.com/watch?v=pX43PLOnW3k
سریال کمدی و جدید خوزستانی 💠 سی سرا 💠 ساخت سال 1400 ◀ قسمت 16,https://www.youtube.com/watch?v=2geVwcNVGvU
سریال کمدی شهرک جیم ** با بازی عباس جمشیدی فر ** قسمت 1,https://www.youtube.com/watch?v=WltzNO6RqE8
مهوش وقاری در سریال کمدی اگه بابام زنده بود ~~~ قسمت هفتم,https://www.youtube.com/watch?v=VgF3LZ3a7Xg
سریال کمدی و جدید خوزستانی 💠 سی سرا 💠 ساخت سال 1400 ◀ قسمت 15,https://www.youtube.com/watch?v=PV4H9gfiQR0
مهرانه مهین ترابی در سریال کمدی اگه بابام زنده بود 😉 قسمت ششم,https://www.youtube.com/watch?v=4w8o1xkjWU4
سریال کمدی و جدید خوزستانی 💠 سی سرا 💠 ساخت سال 1400 ◀ قسمت 14,https://www.youtube.com/watch?v=2mnwU9hseww
اشکان خطیبی در سریال کمدی اگه بابام زنده بود ~~~ قسمت پنجم,https://www.youtube.com/watch?v=NnBjdcg_vRg
سریال کمدی و جدید خوزستانی 💠 سی سرا 💠 ساخت سال 1400 ◀ قسمت 13,https://www.youtube.com/watch?v=84dHv67E2dM
نادر سلیمانی در سریال کمدی اگه بابام زنده بود ~~~ قسمت چهارم,https://www.youtube.com/watch?v=P0ztRSsf4_c
سریال کمدی و جدید خوزستانی 💠 سی سرا 💠 ساخت سال 1400 ◀ قسمت 12,https://www.youtube.com/watch?v=DD_MFjOEuCw
سیامک انصاری در سریال کمدی اگه بابام زنده بود ~~~ قسمت سوم,https://www.youtube.com/watch?v=4uGgdDUAcLI
سریال کمدی و جدید خوزستانی 💠 سی سرا 💠 ساخت سال 1400 ◀ قسمت 11,https://www.youtube.com/watch?v=dNWoPGxsKxA
مهرانه مهین ترابی در سریال کمدی اگه بابام زنده بود 😉 قسمت دوم,https://www.youtube.com/watch?v=b1hm7zJyDHs
سریال کمدی و جدید خوزستانی 💠 سی سرا 💠 ساخت سال 1400 ◀ قسمت 10,https://www.youtube.com/watch?v=VUUpawTVXKQ
اشکان خطیبی در سریال کمدی اگه بابام زنده بود 😉 قسمت اول,https://www.youtube.com/watch?v=SrRJXIMC1HA
سریال کمدی و جدید خوزستانی 💠 سی سرا 💠 ساخت سال 1400 ◀ قسمت 9,https://www.youtube.com/watch?v=fNeNhuSW0XE
سریال کمدی و جدید خوزستانی 💠 سی سرا 💠 ساخت سال 1400 ◀ قسمت 8,https://www.youtube.com/watch?v=1qCzlPH-xjM
سریال کمدی و جدید خوزستانی 💠 سی سرا 💠 ساخت سال 1400 ◀ قسمت 7,https://www.youtube.com/watch?v=r1K48KFyVnY
سریال کمدی و جدید خوزستانی 💠 سی سرا 💠 ساخت سال 1400 ◀ قسمت 6,https://www.youtube.com/watch?v=vMzsHH3CKrI
پدرخوانده ???? سریال کمدی و خنده دار با بازی اکبر عبدی ???? قسمت آخر (قسمت یازدهم),https://www.youtube.com/watch?v=YBAJUTAYXsM
سریال کمدی و جدید خوزستانی 💠 سی سرا 💠 ساخت سال 1400 ◀ قسمت 5,https://www.youtube.com/watch?v=zHsrQ-rHBCQ
پدرخوانده 😃 سریال کمدی و خنده دار با بازی یکتا ناصر 😃 قسمت دهم,https://www.youtube.com/watch?v=HsNkQTARfrk
سریال کمدی و جدید خوزستانی 💠 سی سرا 💠 ساخت سال 1400 ◀ قسمت 4,https://www.youtube.com/watch?v=uLUtJBeJSvg
پدرخوانده ???? سریال کمدی و خنده دار با بازی اکرم محمدی ???? قسمت نهم,https://www.youtube.com/watch?v=YLvRCtZC0WI
سریال کمدی و جدید خوزستانی 💠 سی سرا 💠 ساخت سال 1400 ◀ قسمت 3,https://www.youtube.com/watch?v=89-nMEkXChc
پدرخوانده ~~~ سریال کمدی و خنده دار با بازی حمیده خیرآبادی ~~~ قسمت هشتم,https://www.youtube.com/watch?v=pke0TJ6wNlo
سریال کمدی و جدید خوزستانی 💠 سی سرا 💠 ساخت سال 1400 ◀ قسمت 2,https://www.youtube.com/watch?v=2yJx55XuJLM
پدرخوانده ~~~ سریال کمدی و خنده دار با بازی محمود عزیزی ~~~ قسمت هفتم,https://www.youtube.com/watch?v=iBoafEP1YQ4
سریال کمدی و جدید خوزستانی 💠 سی سرا 💠 ساخت سال 1400 ◀ قسمت 1,https://www.youtube.com/watch?v=KDEJldCoZLs
پدرخوانده ~~~ سریال کمدی و خنده دار با بازی یکتا ناصر ~~~ قسمت ششم,https://www.youtube.com/watch?v=N8GMGSwyft4
پدرخوانده ~~~ سریال کمدی و خنده دار با بازی اکبر عبدی ~~~ قسمت پنجم,https://www.youtube.com/watch?v=vadhaQKAg0k
پدرخوانده ~~~ سریال کمدی و خنده دار با بازی حمیده خیرآبادی ~~~ قسمت چهارم,https://www.youtube.com/watch?v=VLheMFGv4jo
پدرخوانده ~~~ سریال کمدی و خنده دار با بازی آناهیتا همتی ~~~ قسمت سوم,https://www.youtube.com/watch?v=6jCZJJpaOTI
پدرخوانده ~~~ سریال کمدی و خنده دار با بازی یکتا ناصر ~~~ قسمت دوم,https://www.youtube.com/watch?v=wgl3v6kuFZo
پدرخوانده ~~~ سریال کمدی و خنده دار با بازی اکبر عبدی ~~~ قسمت اول,https://www.youtube.com/watch?v=VXRU8IEuSVQ
سریال جدید و کمدی روزهای آبی 💙 با بازی بازیگران درجه یک 💙 قسمت 22 (قسمت آخر),https://www.youtube.com/watch?v=7rozP-IvGDU
سریال جدید و کمدی روزهای آبی 💙 با بازی اکبر عبدی 💙 قسمت 21,https://www.youtube.com/watch?v=zPx4qhyfOqU
سریال جدید و کمدی روزهای آبی 💙 با بازی ویدا جوان💙 قسمت 20,https://www.youtube.com/watch?v=fU4DfnZ0_Z0
سریال جدید و کمدی روزهای آبی 💙 با بازی ویدا جوان 💙 قسمت 19,https://www.youtube.com/watch?v=4VnWuxvz7ao
سریال جدید و کمدی روزهای آبی 💙 با بازی علی سلیمانی 💙 قسمت 18,https://www.youtube.com/watch?v=7p7oO3kUjTw
سریال جدید و کمدی روزهای آبی 💙 با بازی نادر سلیمانی 💙 قسمت 17,https://www.youtube.com/watch?v=tbKIXQWDktI
سریال جدید و کمدی روزهای آبی 💙 با بازی امیر غفارمنش 💙 قسمت 16,https://www.youtube.com/watch?v=GP3Mc_-F71A
سریال جدید و کمدی روزهای آبی 💙 با بازی ایرج نوذری 💙 قسمت 15,https://www.youtube.com/watch?v=siurAKA-OaQ
سریال جدید و کمدی روزهای آبی 💙 با بازی فریبا متخصص 💙 قسمت 14,https://www.youtube.com/watch?v=eb7gHdjVLpE
سریال جدید و کمدی روزهای آبی 💙 با بازی سامان صفاری 💙 قسمت 13,https://www.youtube.com/watch?v=3m_zk_YGviU
سریال جدید و کمدی روزهای آبی 💙 با بازی اکبر عبدی 💙 قسمت 12,https://www.youtube.com/watch?v=DgyDQivy57o
سریال جدید و کمدی روزهای آبی 💙 با بازی ویدا جوان 💙 قسمت 11,https://www.youtube.com/watch?v=gtSW4h_hipM
سریال جدید و کمدی روزهای آبی 💙 با بازی رامین ناصرنصیر 💙 قسمت 10,https://www.youtube.com/watch?v=Rwba1sY_4_o
سریال جدید و کمدی روزهای آبی 💙 با بازی امیر غفارمنش 💙 قسمت 9,https://www.youtube.com/watch?v=U8nu6b5_5QQ
سریال جدید و کمدی روزهای آبی 💙 با بازی علی سلیمانی 💙 قسمت 8,https://www.youtube.com/watch?v=IsU2rjf02bo
سریال جدید و کمدی روزهای آبی 💙 با بازی فریبا متخصص 💙 قسمت 7,https://www.youtube.com/watch?v=LLd8ECiL39c
سریال جدید و کمدی روزهای آبی 💙 با بازی سامان صفاری 💙 قسمت 6,https://www.youtube.com/watch?v=HBk1Fpw9qak
سریال جدید و کمدی روزهای آبی 💙 با بازی رامین ناصر نصیر 💙 قسمت 5,https://www.youtube.com/watch?v=ebUVOIYoCqA
سریال جدید و کمدی روزهای آبی 💙 با بازی نادر سلیمانی 💙 قسمت 4,https://www.youtube.com/watch?v=GuSWgC2MKQs
سریال جدید و کمدی روزهای آبی 💙 با بازی ایرج نوذری 💙 قسمت 3,https://www.youtube.com/watch?v=cqzGbL6RGho
سریال جدید و کمدی روزهای آبی 💙 با بازی اکبر عبدی 💙 قسمت 2,https://www.youtube.com/watch?v=c9-AlcDc5iE
سریال جدید و کمدی روزهای آبی 💙 با بازی ویدا جوان 💙 قسمت 1,https://www.youtube.com/watch?v=FborWBZrNKY
تیکه ای از فیلم کمدی قندون جهیزیه 😂 اینقدر به اون کوفتی فکر نکن!! (18+) 🤣,https://www.youtube.com/watch?v=DPv434DrlE4
فیلم سینمایی کمدی و باحال سن پطرزبورگ 😂😎 با بازی پیمان قاسم خانی، امین حیایی و محسن طنابنده,https://www.youtube.com/watch?v=U5aVzJ5axz8
رضا عطاران و جواد عزتی در فیلم سینمایی کمدی درام کلاشینکف 🤩😃,https://www.youtube.com/watch?v=OotihIilgo4
فیلم سینمایی کمدی اجتماعی بابای دوست داشتنی 😉 با بازی اردلان شجاع کاوه و نادر سلیمانی 😍,https://www.youtube.com/watch?v=1_B5ce_RMDU
گزارش طنز تله‌تیش از نمایشگاه آگروفود 2022 😂 همه‌رو مچل خودش کرد!,https://www.youtube.com/watch?v=aW1goWj7F_4
علی صادقی، مهران غفوریان، امیر جعفری و سعید آقاخانی در فیلم کمدی ایرانی میش - Mish Film Irani,https://www.youtube.com/watch?v=wXoukFUUc4Q
سریال کمدی خنده دار تاکسی پلیس 😉😁 قسمت 6 (قسمت آخر),https://www.youtube.com/watch?v=qcjQz9KC9Ro
سریال کمدی خنده دار تاکسی پلیس 😉😁 قسمت 5,https://www.youtube.com/watch?v=UYmdKM9rFh4
سریال کمدی خنده دار تاکسی پلیس 😉😁 قسمت 4,https://www.youtube.com/watch?v=iDrdijUVc5o
سریال کمدی خنده دار تاکسی پلیس 😉😁 قسمت 3,https://www.youtube.com/watch?v=JejaDDpFvdo
سریال کمدی خنده دار تاکسی پلیس 😉😁 قسمت 2,https://www.youtube.com/watch?v=F0XIkvWadxI
سریال کمدی خنده دار تاکسی پلیس 😉😁 قسمت 1,https://www.youtube.com/watch?v=KESrCkMrwIE
علی صادقی و مجید صالحی در فیلم سینمایی کمدی ازدواج در وقت اضافه 😉🤣😍,https://www.youtube.com/watch?v=eGhlKV0XoNQ
انیمیشن قمپز: هشدار که آرامش ما را نخراشی 🧿😂😉,https://www.youtube.com/watch?v=BGe2nxlLHM0
انیمیشن قمپز: عید دیدنی و همه سوالات فامیل 😂😁,https://www.youtube.com/watch?v=24wwj43fqO0
فیلم سینمایی کمدی ت مثل تقلب با بازی بهرام شاه محمدلو و طناز طباطبایی 😁,https://www.youtube.com/watch?v=hg8LG7PPULw
انیمیشن قمپز: انقدر زود قضاوت نکنین! بد میشه! +18 😂😁,https://www.youtube.com/watch?v=GE5vEyjPVwY
خوب بد زشت  | دفعه  آخرت باشه اسم ناموس مردم رو میاری,https://www.youtube.com/watch?v=LcBTI-EIisk
انیمیشن قمپز: گوشت با صدای نانسی 😂😁,https://www.youtube.com/watch?v=5kNPyuEI7Dk
خوب بد زشت  | من باید بفهمم که دوماد آیندم سالمه یا نه,https://www.youtube.com/watch?v=bOfTYGpZo2E
سریال جدید و کمدی چای نت 😃 با بازی اشکان اشتیاق و یوسف صیادی 😃 قسمت 5,https://www.youtube.com/watch?v=a79cxA7jQv0
انیمیشن قمپز: آهنگ جدید ساسی درباره لوله ها 😂😁,https://www.youtube.com/watch?v=WPSoorivSiQ
خوب بد زشت  | آبجی ما از اون پاشنه ترکیده هاش نیستیم که,https://www.youtube.com/watch?v=SNqMGlzkPRU
سریال جدید و کمدی چای نت 😃 با بازی اشکان اشتیاق و یوسف صیادی 😃 قسمت 4,https://www.youtube.com/watch?v=_I5Vwzu4arA
انیمیشن قمپز: جیپسی کینگ ایرانی 😂😁,https://www.youtube.com/watch?v=nWFx2mnPrx4
فیلم سینمایی به من نگو قراضه 😁 با بازی جمشید مشایخی، خسرو احمدی و علیرضا خمسه,https://www.youtube.com/watch?v=ij5o39wKVqQ
سریال جدید و کمدی چای نت 😃 با بازی اشکان اشتیاق و یوسف صیادی 😃 قسمت 3,https://www.youtube.com/watch?v=X5zUsX1CEpU
خوب بد زشت  | من خیلی خدا خدا میکردم که دوباره شما رو ببینم,https://www.youtube.com/watch?v=GWv_rydaql8
انیمیشن قمپز: ورژن جدید آهنگ چالیم چلیم 😂😁,https://www.youtube.com/watch?v=4AYAGDeD82c
انیمیشن قمپز: عیدی نمی دم! 😂😁,https://www.youtube.com/watch?v=ckGR8yE1dXw
طناز طباطبایی در فیلم سینمایی کمدی ماموریت فرخنده 😁,https://www.youtube.com/watch?v=JYTMUqi_S-I
سریال جدید و کمدی چای نت 😃 با بازی اشکان اشتیاق و یوسف صیادی 😃 قسمت 2,https://www.youtube.com/watch?v=-M8vx_WZhSs
خوب بد زشت  |  خدایا این دنیای مجازی چه کرده با زندگی مردم,https://www.youtube.com/watch?v=12vcmp5UjsU
انیمیشن قمپز: قیمه های تو ماستا 😂😁,https://www.youtube.com/watch?v=9qp0hQGHbnw
سریال جدید و کمدی چای نت 😃 با بازی اشکان اشتیاق و یوسف صیادی 😃 قسمت 1,https://www.youtube.com/watch?v=ZTbUp1ESxmA
خوب بد زشت  |  مردا اولش انگار آبمیوه صد در صد طبیعین,https://www.youtube.com/watch?v=Xlw2VOFH0Zg
فیلم سینمایی عملیات مهدکودک با بازی لیلا بلوکات، اکبر عبدی و علیرضا خمسه 🤣,https://www.youtube.com/watch?v=2iiR3cHoRNQ
سریال طنز آقا و خانم سنگی 🔻 کامبیز دیرباز و عباس جمشیدی فر 🔺 قسمت آخر (قسمت 26),https://www.youtube.com/watch?v=rpPKJzMYDsk
خوب بد زشت  |  کاش تو ثبت ازدواج حق دماغ داشتیم,https://www.youtube.com/watch?v=pps5AIBQtwU
فیلم سینمایی کمدی قهر و آشتی 😁 با بازی طناز طباطبایی,https://www.youtube.com/watch?v=Kdlz6kJAPDY
سریال طنز آقا و خانم سنگی 🔻 کامبیز دیرباز و عباس جمشیدی فر 🔺 قسمت 25,https://www.youtube.com/watch?v=R5qtzh6ME7Q
خوب بد زشت  | من پولدار بشم میام حبست رو میکشم که آزاد شی,https://www.youtube.com/watch?v=9WjEzSZMgPk
اکبر عبدی در فیلم سینمایی آقای شانس 🤣🤩,https://www.youtube.com/watch?v=Wq3h3J1EeMY
سریال طنز آقا و خانم سنگی 🔻 کامبیز دیرباز و عباس جمشیدی فر 🔺 قسمت 24,https://www.youtube.com/watch?v=I0uo3OP_0cU
خوب بد زشت  | تمام ضرب و شتم های من منکراتی بوده,https://www.youtube.com/watch?v=Tomrxgxo_N8
رضا داوودنژاد، فرزاد فرزین و زهره فکورصبور در فیلم سینمایی کمدی کنسرت روی آب 🤣🤩,https://www.youtube.com/watch?v=wE1I2lEz7Vg
سریال طنز آقا و خانم سنگی 🔻 کامبیز دیرباز و عباس جمشیدی فر 🔺 قسمت 23,https://www.youtube.com/watch?v=rhYGiOos5T4
خوب بد زشت  | شوهرم منو با عکس های قبل از عملم تهدید میکنه,https://www.youtube.com/watch?v=rrdXVIRvQtk
فیلم سینمایی عاشقانه تلافی 😍 با بازی حمید گودرزی و نیوشا ضیغمی,https://www.youtube.com/watch?v=AFPDB23FP5o
سریال طنز آقا و خانم سنگی 🔻 کامبیز دیرباز و عباس جمشیدی فر 🔺 قسمت 22,https://www.youtube.com/watch?v=idMKbR7ALFA
خوب بد زشت  |  دعوای مامان بابا سر دماغ مامان,https://www.youtube.com/watch?v=aNGazEhHnTw
فیلم سینمایی کمدی مجرد ۴۰ ساله 😆 با بازی مجید صالحی و مهران غفوریان,https://www.youtube.com/watch?v=kBSiUaU2gug
سریال طنز آقا و خانم سنگی 🔻 کامبیز دیرباز و عباس جمشیدی فر 🔺 قسمت 21,https://www.youtube.com/watch?v=k7nUgZxOcCg
خوب بد زشت  | تا کی شما میخواین تو خونه باباتون بمونین,https://www.youtube.com/watch?v=ro5CFFf0yMA
سریال طنز آقا و خانم سنگی 🔻 کامبیز دیرباز و عباس جمشیدی فر 🔺 قسمت 20,https://www.youtube.com/watch?v=0LyKJhUo9kU
خوب بد زشت | دخترای شما چِش ندارن ببینن باباشون میخواد زن بگیره,https://www.youtube.com/watch?v=fVUTG-PrHxk
ما خونه نیستیم 😉 فیلم سینمایی کمدی با بازی علیرضا خمسه و فاطمه گودرزی,https://www.youtube.com/watch?v=EXxBEmeduCY
سریال طنز آقا و خانم سنگی 🔻 عباس جمشیدی فر و کامبیز دیرباز 🔺 قسمت 19,https://www.youtube.com/watch?v=ZrpAFCRCGMg
سریال طنز آقا و خانم سنگی 🔻 کامبیز دیرباز و حدیثه تهرانی 🔺 قسمت 18,https://www.youtube.com/watch?v=Z9M6FSFSGqc
سریال طنز آقا و خانم سنگی 🔻 کامبیز دیرباز و حدیثه تهرانی 🔺 قسمت 17,https://www.youtube.com/watch?v=5de0bEscY54
سریال طنز آقا و خانم سنگی 🔻 کامبیز دیرباز و حدیثه تهرانی 🔺 قسمت 16,https://www.youtube.com/watch?v=6AYZDTiabRM
سریال طنز آقا و خانم سنگی 🔻 کامبیز دیرباز و حدیثه تهرانی 🔺 قسمت 15,https://www.youtube.com/watch?v=uKRcSctQJNE
رضا عطاران و مسعود فراستی در فیلم سینمایی کمدی 🤩 زندگی در شهر بزرگ 🤩 با روایت علی صادقی,https://www.youtube.com/watch?v=-FwOTUqpMko
سریال طنز آقا و خانم سنگی 🔻 کامبیز دیرباز و حدیثه تهرانی 🔺 قسمت 14,https://www.youtube.com/watch?v=U9vLyJeKW7I
سریال طنز آقا و خانم سنگی 🔻 کامبیز دیرباز و حدیثه تهرانی 🔺 قسمت 13,https://www.youtube.com/watch?v=oiVDP1Vy_u0
فیلم سینمایی کمدی آقا اجازه 😁 با بازی رضا بابک و طناز طباطبایی,https://www.youtube.com/watch?v=82gTUWFjMXU
سریال طنز آقا و خانم سنگی 🔻 کامبیز دیرباز و حدیثه تهرانی 🔺 قسمت 12,https://www.youtube.com/watch?v=4L6E1U8FnnU
سریال طنز آقا و خانم سنگی 🔻 کامبیز دیرباز و حدیثه تهرانی 🔺 قسمت 11,https://www.youtube.com/watch?v=wU2sycDXj6Q
سریال طنز آقا و خانم سنگی 🔻 کامبیز دیرباز و حدیثه تهرانی 🔺 قسمت 10,https://www.youtube.com/watch?v=ciDeY7oh3-k
فیلم سینمایی کمدی پادرازی 😁 با هنرنمایی طناز طباطبایی و فردوس کاویانی,https://www.youtube.com/watch?v=sIZY7IjcFWA
سریال طنز آقا و خانم سنگی 🔻 کامبیز دیرباز و حدیثه تهرانی 🔺 قسمت 9,https://www.youtube.com/watch?v=kFYl3TDpJeY
سریال طنز آقا و خانم سنگی 🔻 کامبیز دیرباز و حدیثه تهرانی 🔺 قسمت 8,https://www.youtube.com/watch?v=i0q600DXgGs
انیمیشن قمپز: اگه بازی مرکب تو ایران بود 😲😱😁,https://www.youtube.com/watch?v=hD0bodC4m64
طناز طباطبایی و امیررضا وزیری در فیلم سینمایی کمدی آبگوشت مکبث 😁,https://www.youtube.com/watch?v=vvT1DcEfz-Y
سکانس خنده دار | روش‌های مخ زنی دکتر😂 پیمان قاسم خانی و محسن تنابنده در بهترین سکانس سن پطرزبورگ,https://www.youtube.com/watch?v=NY4ZSwbB0es
سریال طنز آقا و خانم سنگی 🔻 کامبیز دیرباز و حدیثه تهرانی 🔺 قسمت 7,https://www.youtube.com/watch?v=93UHt4vlSMY
سریال طنز آقا و خانم سنگی 🔻 کامبیز دیرباز و حدیثه تهرانی 🔺 قسمت 6,https://www.youtube.com/watch?v=WPl_5FNZ_XE
فیلم سینمایی کمدی آدم باش آدم 😁 با بازی طناز طباطبایی و سولماز حصاری,https://www.youtube.com/watch?v=t9_Le6630dI
سریال طنز آقا و خانم سنگی 🔻 کامبیز دیرباز و حدیثه تهرانی 🔺 قسمت 5,https://www.youtube.com/watch?v=rmw-nua3E-k
سریال طنز آقا و خانم سنگی 🔻 کامبیز دیرباز و حدیثه تهرانی 🔺 قسمت 4,https://www.youtube.com/watch?v=GK3aXyY6OlY
زیرآسمان شهر |  ای خورشت قیمه رو خودت درست کردی؟,https://www.youtube.com/watch?v=WjA-GuomTeI
سریال طنز آقا و خانم سنگی 🔻 کامبیز دیرباز و حدیثه تهرانی 🔺 قسمت 3,https://www.youtube.com/watch?v=NrlUyp-xOFs
زیرآسمان شهر | یه چهار دیواری اختیاری نشونت بدم من,https://www.youtube.com/watch?v=eoIrVdZ8m8k
طناز طباطبایی در فیلم سینمایی کمدی ته توی قضایا 😁,https://www.youtube.com/watch?v=JzpTcXlPBwE
سریال طنز آقا و خانم سنگی 🔻 کامبیز دیرباز و حدیثه تهرانی 🔺 قسمت 2,https://www.youtube.com/watch?v=JdVbR38mxY8
سکانس خنده دار | کل کل الناز شاکردوست و امین حیایی در فیلم آتیش بازی 😂,https://www.youtube.com/watch?v=CzotIj0p9sY
سریال طنز آقا و خانم سنگی 🔻 کامبیز دیرباز و حدیثه تهرانی 🔺 قسمت 1,https://www.youtube.com/watch?v=9PN4CuNOXs0
زیر آسمان شهر  | مگه من چقد جون دارم که همه ی این کارا رو بکنم,https://www.youtube.com/watch?v=Vbv6u7rWQls
فیلم سینمایی کمدی قصه گمشده 😉 با بازی طناز طباطبایی,https://www.youtube.com/watch?v=1zPFkqyqdDA
سکانس خنده دار | فرار از سربازی 😂 از فیلم دم سرخ‌ها با بازی جواد رضویان و رضا شفیعی جم,https://www.youtube.com/watch?v=kkGcKpk4bXo
زیر آسمان شهر  |  یه بار دیگه به من بگی چرا میزنم دک و دهنت رو خورد میکنم,https://www.youtube.com/watch?v=iNXCywnooNg
سکانس خنده دار | روح پدرش دست از سر جواد رضویان برنمیداره😂 از فیلم به روح پدرم,https://www.youtube.com/watch?v=-DkNFH9c5hs
سریال باحال و دیدنی یادداشت های یک زن خانه دار 🤩📝 با بازی شقایق دهقان و امیررضا دلاوری - قسمت آخر,https://www.youtube.com/watch?v=T7pP75AR18E
انیمیشن قمپز: دیگه گوگل هم به زبون اومد 🤣😆,https://www.youtube.com/watch?v=PM_5nwIhUDg
طناز طباطبایی و مهرانه مهین ترابی در فیلم سینمایی کمدی بازی در بازی 😃😍,https://www.youtube.com/watch?v=SmFOYG0j3m4
سریال باحال و دیدنی یادداشت های یک زن خانه دار 🤩📝 با بازی شقایق دهقان و امیررضا دلاوری - قسمت 48,https://www.youtube.com/watch?v=7SI1-k-FQYc
زیرآسمان شهر  | آخه وسط فیلمبرداری پشه میکُشن,https://www.youtube.com/watch?v=xiIRlt_Ww1A
انیمیشن قمپز: ورژن جدید آهنگ بسمه بهنام بانی 😁😂 (طنز),https://www.youtube.com/watch?v=Mqaoq0mz1Ac
سریال باحال و دیدنی یادداشت های یک زن خانه دار 🤩📝 با بازی شقایق دهقان و امیررضا دلاوری - قسمت 47,https://www.youtube.com/watch?v=4vwrH4qE2LI
زیرآسمان شهر  |  من بچه گاراژ قدیر ژانگولرم ها,https://www.youtube.com/watch?v=TZ4hL2PKgeA
سریال باحال و دیدنی یادداشت های یک زن خانه دار 🤩📝 با بازی شقایق دهقان و امیررضا دلاوری - قسمت 46,https://www.youtube.com/watch?v=ERRcjYyMMQI
فیلم سینمایی کمدی چهارشنبه عزیز 😃🤩 با هنرنمایی علیرضا خمسه، مرجانه گلچین و محمدعلی کشاورز,https://www.youtube.com/watch?v=rXiWPtpitxQ
سکانس خنده دار | ده قرار اول لیلا اوتادی و حمیدگودرزی در فیلم چپ دست 😂,https://www.youtube.com/watch?v=DO1gMiX-t2E
سریال باحال و دیدنی یادداشت های یک زن خانه دار 🤩📝 با بازی شقایق دهقان و امیررضا دلاوری - قسمت 45,https://www.youtube.com/watch?v=M07zRKEeys0
زیرآسمان شهر |  این فرق دوربین عکاسی و فیلم برداری رو نمیدونه,https://www.youtube.com/watch?v=jSUEiPbiwr8
سکانس خنده دار | رحمان پرواز کرد 😂 فیلم کمدی جنجالی رحمان 1400 با بازی مهران مدیری و محمدرضا گلزار,https://www.youtube.com/watch?v=JhpQntd4TMk
سریال باحال و دیدنی یادداشت های یک زن خانه دار 🤩📝 با بازی شقایق دهقان و امیررضا دلاوری - قسمت 44,https://www.youtube.com/watch?v=U_2aiYadKx0
زیرآسمان شهر | از دید من همگی تو این ساختمون مشکوکن,https://www.youtube.com/watch?v=I2wNYYKVAvI
هوشنگ حریرچیان در فیلم سینمایی کمدی اختراع آقاجون 😆,https://www.youtube.com/watch?v=MOmflDP1DyI
سکانس خنده دار | چطوری بکشنمون 😂 فیلم کمدی جنجالی رحمان 1400 با بازی مهران مدیری و محمدرضا گلزار,https://www.youtube.com/watch?v=vO0RlHRteYk
سریال باحال و دیدنی یادداشت های یک زن خانه دار 🤩📝 با بازی شقایق دهقان و امیررضا دلاوری - قسمت 43,https://www.youtube.com/watch?v=0oz-dD0jajE
خندوانه | ما تو شهرستانمون مدرسه تیزهوشان نداریم، استند آپ آخرخنده هانا ستوهی,https://www.youtube.com/watch?v=lXXrYcPXk8Q
فیلم سینمایی کمدی قندون جهیزیه 😁 با بازی صابر ابر، نگار جواهریان و اکبر عبدی,https://www.youtube.com/watch?v=NSiW6yvqymo
سریال باحال و دیدنی یادداشت های یک زن خانه دار 🤩📝 با بازی شقایق دهقان و امیررضا دلاوری - قسمت 42,https://www.youtube.com/watch?v=BZ5sBVHmj3I
زیرآسمان شهر  | خشایار از صدای ترقه زبونش بند اومده,https://www.youtube.com/watch?v=jIu4FltCGKg
الکی دعواگیری نکن برادر پوتین در تونل مکان | دم خروس,https://www.youtube.com/watch?v=N5rbfftbI60
فیلم سینمایی طنز اجتماعی من دیوانه نیستم 🤩 با بازی پژمان جمشیدی، مجید صالحی و هادی کاظمی,https://www.youtube.com/watch?v=aas14DM4tT8
سکانس خنده دار | حمله جانانه به مردم سر صحنه، در فیلم گشت ارشاد 2 😆,https://www.youtube.com/watch?v=8y-ePP12RU8
سریال باحال و دیدنی یادداشت های یک زن خانه دار 🤩📝 با بازی شقایق دهقان و امیررضا دلاوری - قسمت 41,https://www.youtube.com/watch?v=SEEehZbgu20
خندوانه | به شرف پدرت من فندک ندارم,https://www.youtube.com/watch?v=Cs2Gxc4WIvI
اکبر عبدی در فیلم سینمایی کمدی رویای نیمه شب تابستان 😆😁,https://www.youtube.com/watch?v=N4Pkxh3VdJE
سریال باحال و دیدنی یادداشت های یک زن خانه دار 🤩📝 با بازی شقایق دهقان و امیررضا دلاوری - قسمت 40,https://www.youtube.com/watch?v=U9wFmw3_tzk
زیرآسمان شهر |  خشایار رفته تو کار ساخت موشک و قایق موتوری,https://www.youtube.com/watch?v=E9rIzv0H4V0
بیانیه آیا مال ما خار دارد؟ 😁 در تونل مکان | دم خروس,https://www.youtube.com/watch?v=0wIJHTlGEoA
سریال باحال و دیدنی یادداشت های یک زن خانه دار 🤩📝 با بازی شقایق دهقان و امیررضا دلاوری - قسمت 39,https://www.youtube.com/watch?v=nRl79qKM4ak
برنامه ریزی ازدواج قبل از به دنیا اومدن با استاد کاظمی 😃 دم خروس,https://www.youtube.com/watch?v=cDGALi4cVl0
فیلم سینمایی کمدی چشماتو نبند 😆😁 با بازی امیرحسین رستمی و مهدی سلوکی,https://www.youtube.com/watch?v=gX3sYMkhqV0
سریال باحال و دیدنی یادداشت های یک زن خانه دار 🤩📝 با بازی شقایق دهقان و امیررضا دلاوری - قسمت 38,https://www.youtube.com/watch?v=MZWzQgaRfvQ
زیرآسمان شهر  | این با خوردن این همه قرص الان باید مُرده باشه,https://www.youtube.com/watch?v=qv7HgN40fB0
فیلم سینمایی کمدی جنایی مومیایی 3 😆😁 با بازی پرویز پرستویی و مهتاب کرامتی,https://www.youtube.com/watch?v=GdUZYrOe9cs
سکانس خنده دار | هجوم غیرقانونی به دفترِ دشمن😆 فیلم پسر آدم دختر حوا با مهناز افشار و حامد کمیلی,https://www.youtube.com/watch?v=KZbNUc0ZO8M
سریال باحال و دیدنی یادداشت های یک زن خانه دار 🤩📝 با بازی شقایق دهقان و امیررضا دلاوری - قسمت 37,https://www.youtube.com/watch?v=A04p14iEQ2k
زیرآسمان شهر  |  نصفه شبی دره خونه ما چی میخوای؟,https://www.youtube.com/watch?v=mTR8sprmsvY
داری اشتباه می زنی داداچ با استاد کاظمی 😃 دم خروس,https://www.youtube.com/watch?v=QNg03SP8LVs
سریال باحال و دیدنی یادداشت های یک زن خانه دار 🤩📝 با بازی شقایق دهقان و امیررضا دلاوری - قسمت 36,https://www.youtube.com/watch?v=P1xHjSAOJ8M
خانم در خدمت باشیم برسونیمت در جنون جوانی 🤣 دم خروس,https://www.youtube.com/watch?v=AZP3cL8skmA
مریم امیرجلالی در فیلم سینمایی کمدی ثروت خفته 🤣😉,https://www.youtube.com/watch?v=4XRgE0OOwRY
سکانس خنده دار| آشنایی حامد کمیلی و سارا بهرامی در فیلم ایتالیا ایتالیا,https://www.youtube.com/watch?v=h2SermyvtRQ
سریال باحال و دیدنی یادداشت های یک زن خانه دار 🤩📝 با بازی شقایق دهقان و امیررضا دلاوری - قسمت 35,https://www.youtube.com/watch?v=seBF5u0b0A0
زیرآسمان شهر  |  اگه دست از پا خطا کنی حکم تخلیه خونه دستته,https://www.youtube.com/watch?v=2Ae02FNMoUU