title,url
مهران غفوریان در فیلم سینمایی کمدی توهم 😁😆,https://www.youtube.com/watch?v=2uzz0uSv80s
سریال باحال و دیدنی یادداشت های یک زن خانه دار 🤩📝 با بازی شقایق دهقان و امیررضا دلاوری - قسمت 34,https://www.youtube.com/watch?v=lBgc6u2FiL0
زیرآسمان شهر | من اگه آب داشتم این جوری میشدم,https://www.youtube.com/watch?v=lls0MH9dx5c
قانون پایستگی خرس قرمز با استاد کاظمی 😃 دم خروس,https://www.youtube.com/watch?v=VtQVZNv6slw
بهمن مفید و امین حیایی در فیلم سینمایی کمدی سرود تولد 😁🤩,https://www.youtube.com/watch?v=a_IRPkiY6s0
سریال باحال و دیدنی یادداشت های یک زن خانه دار 🤩📝 با بازی شقایق دهقان و امیررضا دلاوری - قسمت 33,https://www.youtube.com/watch?v=GrzUA1lgDg8
شکم فتحعلی شاه قاجار و رژیم روسیه ای 😁 در تونل مکان | دم خروس,https://www.youtube.com/watch?v=umqxi1ovgGw
گلشیفته فراهانی و مهران مدیری در فیلم سینمایی کمدی همیشه پای یک زن در میان است 😁,https://www.youtube.com/watch?v=R8GWJ0xYE1s
سریال باحال و دیدنی یادداشت های یک زن خانه دار 🤩📝 با بازی شقایق دهقان و امیررضا دلاوری - قسمت 32,https://www.youtube.com/watch?v=nO1fjLXaR90
زیر آسمان شهر 39,https://www.youtube.com/watch?v=d2gur4WWats
آبروی دختر مثل روغنه در جنون جوانی 🤣 دم خروس,https://www.youtube.com/watch?v=vFRuRtZqmmA
سریال باحال و دیدنی یادداشت های یک زن خانه دار 🤩📝 با بازی شقایق دهقان و امیررضا دلاوری - قسمت 31,https://www.youtube.com/watch?v=cMcvUJGn2JM
زیرآسمان شهر  |  خجالت نمیکشن با این سنشون دنبال بازی کردنن,https://www.youtube.com/watch?v=KXId84sDkhw
فیلم سینمایی کمدی چشمک با بازی اکبر عبدی، رضا رویگری و افسانه بایگان 😁😂,https://www.youtube.com/watch?v=Zo9lyD8FBVc
سریال باحال و دیدنی یادداشت های یک زن خانه دار 🤩📝 با بازی شقایق دهقان و امیررضا دلاوری - قسمت 30,https://www.youtube.com/watch?v=V9-_cp6js_g
پشت پرده عصر جدید احسان علیخانی با استاد کاظمی 😃 دم خروس,https://www.youtube.com/watch?v=Xr9vb7NFijk
فیلم سینمایی کمدی روز باشکوه 😃 ساخته کیانوش عیاری با بازی بهترین های سینما,https://www.youtube.com/watch?v=5yGWDusiPRo
سکانس خنده دار | دست از سر هم برنمیدارن 😆 از فیلم پسر آدم دختر حوا با بازی مهناز افشار و حامد کمیلی,https://www.youtube.com/watch?v=oMTjiFmFa2Y
سریال باحال و دیدنی یادداشت های یک زن خانه دار 🤩📝 با بازی شقایق دهقان و امیررضا دلاوری - قسمت 29,https://www.youtube.com/watch?v=QfXQ_HKxHEA
زیرآسمان شهر  | بیچاره شدم تموم سرمایه م به باد رفت,https://www.youtube.com/watch?v=XvqQJ7nJwJU
سفر با مایو و کوله در جنون جوانی 🤣 دم خروس,https://www.youtube.com/watch?v=eYbbL7oSWbM
مهدی هاشمی و گلاب آدینه در فیلم سینمایی کمدی معجزه خنده 😁😂,https://www.youtube.com/watch?v=vdvWlKpHzPg
سریال باحال و دیدنی یادداشت های یک زن خانه دار 🤩📝 با بازی شقایق دهقان و امیررضا دلاوری - قسمت 28,https://www.youtube.com/watch?v=5B5acERbGTU
زیرآسمان شهر  |  شب ها کم بخور که کمتر کابوس ببینی,https://www.youtube.com/watch?v=cUbbHRK9A-w
میتینگ با رفقای شعبون بی مخ! 😁 در تونل مکان | دم خروس,https://www.youtube.com/watch?v=Jtyk2hxd32Y
حمید لولایی و نفیسه روشن در فیلم سینمایی کمدی شگون 😁😂,https://www.youtube.com/watch?v=e0YKASUlrXM
سکانس خنده دار | شیطون و فرشته به هم چسبیدن 😂 از فیلم چارچنگولی با بازی جواد رضویان و رضا شفیعی جم,https://www.youtube.com/watch?v=KhfH0jbL2NI
سریال باحال و دیدنی یادداشت های یک زن خانه دار 🤩📝 با بازی شقایق دهقان و امیررضا دلاوری - قسمت 27,https://www.youtube.com/watch?v=JTaiY5lNuFs
عصبانیت اکبرها | دم خروس,https://www.youtube.com/watch?v=x56W7hoL8hM
فیلم سینمایی کمدی ایرانی شب به یاد ماندنی 😁🤩 با بازی هادی کاظمی و بهنوش بختیاری,https://www.youtube.com/watch?v=bsbfBUOI6So
سکانس خنده دار | 🤣 بپوشون شراره های آتشت رِ🤣 سکانس تاریخی گشت ارشاد,https://www.youtube.com/watch?v=U5mt-599oQc
سریال باحال و دیدنی یادداشت های یک زن خانه دار 🤩📝 با بازی شقایق دهقان و امیررضا دلاوری - قسمت 26,https://www.youtube.com/watch?v=yOatsMU0pWk
زیرآسمان شهر  | سه بار تخم مرغ گذاشتم هر سه بارغیب شد,https://www.youtube.com/watch?v=NX0wxRgdCLE
ول کن تا ول کنم در جنون جوانی 🤣 دم خروس,https://www.youtube.com/watch?v=ESu-gwu-1sE
سریال باحال و دیدنی یادداشت های یک زن خانه دار 🤩📝 با بازی شقایق دهقان و امیررضا دلاوری - قسمت 25,https://www.youtube.com/watch?v=oFecKW4CzY0
زیرآسمان شهر | دعوای زباله ای بچه های آپارتمان,https://www.youtube.com/watch?v=yfZgy4L5Gb0
کی پشت این پفک نمکیه؟! 🤣 استاد کاظمی | دم خروس,https://www.youtube.com/watch?v=j_CFovq1eHA
سکانس خنده دار | باران اسم دختر نیست؟ 😂 محاصره شدن فرشاد توسط دختران اغفال شده از فیلم سن پترزبورگ,https://www.youtube.com/watch?v=9NJcnmC_g5Q
انیمیشن قمپز: این عفریته کیه فالوش کردی؟ 😁😂,https://www.youtube.com/watch?v=waEp6-GsPKY
گنج پنهان فیلم سینمایی کمدی با بازی علیرضا خمسه و رضا کیانیان 😁🤣,https://www.youtube.com/watch?v=F76J8oaEhWA
سریال باحال و دیدنی یادداشت های یک زن خانه دار 🤩📝 با بازی شقایق دهقان و امیررضا دلاوری - قسمت 24,https://www.youtube.com/watch?v=hS_qRau1Sco
زیرآسمان شهر  |  من جوونم میخوام زنده بمونم,https://www.youtube.com/watch?v=ey2LwWCiNLc
دادین رفت؟! 🤦‍♂️😁 در تونل مکان | دم خروس,https://www.youtube.com/watch?v=LVmWhXhTkcA
سکانس خنده دار | پرویز پرستویی میخواد برگرده خونشون هی بیشتر میره تو دل عراقیا 😂فیلم لیلی با من است,https://www.youtube.com/watch?v=P4OXE1hV_gA
سریال باحال و دیدنی یادداشت های یک زن خانه دار 🤩📝 با بازی شقایق دهقان و امیررضا دلاوری - قسمت 23,https://www.youtube.com/watch?v=WDs2bNIr51s
زیرآسمان شهر |  اگه اعتراف نکنی میام می کُشمت,https://www.youtube.com/watch?v=3fFKitlj5pE
این حق دخترم نیست در جنون جوانی 🤣 دم خروس,https://www.youtube.com/watch?v=BI8KCm2aOpI
سکانس خنده دار | روش های مختلف قتل مادربزرگ سخت جون 😂😂 سکانسی +12 از فیلم ازدواج در وقت اضافه,https://www.youtube.com/watch?v=cJyVzeer97s
سریال باحال و دیدنی یادداشت های یک زن خانه دار 🤩📝 با بازی شقایق دهقان و امیررضا دلاوری - قسمت 22,https://www.youtube.com/watch?v=cN7sxXgYmbg
احمدی نژادی که لولو برده بودش، قراره برگرده 🤣 استاد کاظمی | دم خروس,https://www.youtube.com/watch?v=y_Xy3B6pTvQ
فیلم سینمایی کمدی در شهر خبری نیست هست 😂 با بازی فرهاد آئیش و محمدرضا شریفی نیا,https://www.youtube.com/watch?v=UeoC9NlaU4Y
سکانس خنده دار | 😆 یکی از خنده دار ترین تیکه‌های گشت ارشاد یک 🤣 سیبیل جناب نیچه,https://www.youtube.com/watch?v=KdOvZTeNpBo
سریال باحال و دیدنی یادداشت های یک زن خانه دار 🤩📝 با بازی شقایق دهقان و امیررضا دلاوری - قسمت 21,https://www.youtube.com/watch?v=BhCdvZKeZgE
زیرآسمان شهر | تو غلط میکنی که نمیذاری بچه ی من بیاد تعمیرگاه,https://www.youtube.com/watch?v=8MpCjk7TApg
چگونه سرویس نشویم! در جنون جوانی 🤣 دم خروس,https://www.youtube.com/watch?v=popR7zqaDtU
سریال باحال و دیدنی یادداشت های یک زن خانه دار 🤩📝 با بازی شقایق دهقان و امیررضا دلاوری - قسمت 20,https://www.youtube.com/watch?v=-EU9smuioUk
زیرآسمان شهر  | به جون مامانم می کوشمتون بی معرفت ها,https://www.youtube.com/watch?v=CeTBX7BI15U
خانم های گلچین شده در استادیوم | دم خروس,https://www.youtube.com/watch?v=FdqLpCXyZho
سریال باحال و دیدنی یادداشت های یک زن خانه دار 🤩📝 با بازی شقایق دهقان و امیررضا دلاوری - قسمت 19,https://www.youtube.com/watch?v=xOGTkIfzpIY
روس گیر آوردین ما رو؟! 😁 در تونل مکان | دم خروس,https://www.youtube.com/watch?v=IKIosCJkGrg
فیلم سینمایی کمدی مکس بدون سانسور 😂 با بازی درخشان فرهاد آئیش در نقش خواننده لوس آنجلسی,https://www.youtube.com/watch?v=4C1BbL6gn5k
سریال باحال و دیدنی یادداشت های یک زن خانه دار 🤩📝 با بازی شقایق دهقان و امیررضا دلاوری - قسمت 18,https://www.youtube.com/watch?v=gKgBDN_snZg
زیرآسمان شهر  |  خودم با این دوتا چشم خودم دیدمش روح بود,https://www.youtube.com/watch?v=03mFCWhMyRg
کارگاه کسب مهارت های چند همسری 🤣 استاد کاظمی | دم خروس,https://www.youtube.com/watch?v=RdsFV-w5XvM
فیلم سینمایی کمدی پسر آدم، دختر حوا 😂 با بازی مهناز افشار و حامد کمیلی,https://www.youtube.com/watch?v=DXPok7RdYqI
سریال باحال و دیدنی یادداشت های یک زن خانه دار 🤩📝 با بازی شقایق دهقان و امیررضا دلاوری - قسمت 17,https://www.youtube.com/watch?v=FxIBmWs4lsU
زیرآسمان شهر  |  همسایه ها یاری نمیکنن که من عروس داری کنم,https://www.youtube.com/watch?v=Rv6kc38QnXc
تمام منقلب شدگان در ورزشگاه در جنون جوانی 🤣 دم خروس,https://www.youtube.com/watch?v=FClzRW3KaVY
پرویز پرستویی در فیلم سینمایی کمدی جنگی لیلی با من است 😁😂,https://www.youtube.com/watch?v=39S2U_1TNiI
سریال باحال و دیدنی یادداشت های یک زن خانه دار 🤩📝 با بازی شقایق دهقان و امیررضا دلاوری - قسمت 16,https://www.youtube.com/watch?v=XpI0het3SoA
اپلیکیشن چهارپا: خط تولید بومی الاغ 🤣 استاد کاظمی | دم خروس,https://www.youtube.com/watch?v=SPZFdEoBySg
سریال باحال و دیدنی یادداشت های یک زن خانه دار 🤩📝 با بازی شقایق دهقان و امیررضا دلاوری - قسمت 15,https://www.youtube.com/watch?v=D6_uBapBdxQ
زیرآسمان شهر | این مادر بهروز کی می خواد غذا پختن رو یاد بگیره,https://www.youtube.com/watch?v=-I5ZHhvg-RA
عزیزم بگو برمی گردی 😁 در تونل مکان | دم خروس,https://www.youtube.com/watch?v=5P8e-oj3CjI
فیلم سینمایی تارزن و تارزان 😂 با بازی اکبر عبدی و ستاره اسکندری,https://www.youtube.com/watch?v=EbSZJd1_UVM
سریال باحال و دیدنی یادداشت های یک زن خانه دار 🤩📝 با بازی شقایق دهقان و امیررضا دلاوری - قسمت 14,https://www.youtube.com/watch?v=uoDpR_rBvvg
زیرآسمان شهر | تو میگی همه ی ما تو این ساختمون دزدیم ؟,https://www.youtube.com/watch?v=BaviuHZ3zH4
پشت تی تاپ چه کسی است؟! 🤣 استاد کاظمی | دم خروس,https://www.youtube.com/watch?v=RmPVG_qsZIs
انیمیشن قمپز: سالروز خاک تو سر من؟! 😁😂,https://www.youtube.com/watch?v=GfUD6fwXlyg
فیلم سینمایی کمدی بیستون چهلستون با بازی طناز طباطبایی 😃😍,https://www.youtube.com/watch?v=HqfmkgAZR1c
سکانس خنده دار | هشت،باقرزاده،نه،ده 😂  پیمان قاسم خانی و محسن تنابنده در بهترین سکانس سن پطرزبورگ,https://www.youtube.com/watch?v=a37FiPl2c8o
سریال باحال و دیدنی یادداشت های یک زن خانه دار 🤩📝 با بازی شقایق دهقان و امیررضا دلاوری - قسمت 13,https://www.youtube.com/watch?v=cgpGDOUEqds
خودشیفتگی مفرط در جنون جوانی 🤣 دم خروس,https://www.youtube.com/watch?v=b3zhQblVmXY
سریال باحال و دیدنی یادداشت های یک زن خانه دار 🤩📝 با بازی شقایق دهقان و امیررضا دلاوری - قسمت 12,https://www.youtube.com/watch?v=ybvhstHfYO4
ساختمان پزشکان  | ای وای من ازدواج کردم ؟ واقعا,https://www.youtube.com/watch?v=EJbCrhO9aaM
زیرآسمان شهر |  اصلا تابلو نبود برای فضولی اومدین ؟,https://www.youtube.com/watch?v=To_1G74bnCk
شرکت خاردار گستر شرق 😁 در تونل مکان | دم خروس,https://www.youtube.com/watch?v=nUQcrqV0laE
فیلم سینمایی کیش و مات 😂 با بازی حمید گودرزی، الناز شاکردوست و علی صادقی,https://www.youtube.com/watch?v=isHt6LYGkSQ
سریال باحال و دیدنی یادداشت های یک زن خانه دار 🤩📝 با بازی شقایق دهقان و امیررضا دلاوری - قسمت 11,https://www.youtube.com/watch?v=A1f-1OzKkBc
دعوا سر یه مشت ته دیگ سیب زمینی در جنون جوانی 🤣 دم خروس,https://www.youtube.com/watch?v=KanKaSGaNQo
سریال باحال و دیدنی یادداشت های یک زن خانه دار 🤩📝 با بازی شقایق دهقان و امیررضا دلاوری - قسمت 10,https://www.youtube.com/watch?v=qfFmOZWZPYU
ساختمان پزشکان  |  اون آدامس رو از دهنت در بیار,https://www.youtube.com/watch?v=1jJ5JjoV8tQ
زیرآسمان شهر |  این خوشمزه همونیه که شبیه حوله ست ؟,https://www.youtube.com/watch?v=2xM65DjBZY8
هر چینی یک شیره کش خانه در تونل مکان | دم خروس,https://www.youtube.com/watch?v=aY0R55-nxaE
طناز طباطبایی در فیلم سینمایی کمدی کبوتران خسته 😃😉,https://www.youtube.com/watch?v=EneEeEUolcE
سریال باحال و دیدنی یادداشت های یک زن خانه دار 🤩📝 با بازی شقایق دهقان و امیررضا دلاوری - قسمت 9,https://www.youtube.com/watch?v=1_FdUZlxQvM
همه وسواس های عجیب و غریب در جنون جوانی 🤣 دم خروس,https://www.youtube.com/watch?v=jH-wGI_QgRo
رضا شفیعی جم و ترلان پروانه در فیلم سینمایی خروس بی محل 😂,https://www.youtube.com/watch?v=-cuKMyIGDOU
سریال باحال و دیدنی یادداشت های یک زن خانه دار 🤩📝 با بازی شقایق دهقان و امیررضا دلاوری - قسمت 8,https://www.youtube.com/watch?v=WAlyWH1K52o
ساختمان پزشکان  |  به دکتر ملکی گفتی آشپزی بلد نیستی ؟,https://www.youtube.com/watch?v=9vH08U6Thto
زیر آسمان شهر  | شاهکار روزگاری با این خبر دادنت,https://www.youtube.com/watch?v=g8Oz6Xe2N4Y
عشوه خرکی هندیا در تونل مکان | دم خروس,https://www.youtube.com/watch?v=TpH3VFghC_E
فیلم سینمایی کمدی و خنده دار گزارش گمانه های یک ذهن 😃,https://www.youtube.com/watch?v=cr1ONuRRkIE
سریال باحال و دیدنی یادداشت های یک زن خانه دار 🤩📝 با بازی شقایق دهقان و امیررضا دلاوری - قسمت 7,https://www.youtube.com/watch?v=kMId6dKtpF8
افسرده عمته در جنون جوانی 🤣 دم خروس,https://www.youtube.com/watch?v=fN8wXF1lbq0
سریال باحال و دیدنی یادداشت های یک زن خانه دار 🤩📝 با بازی شقایق دهقان و امیررضا دلاوری - قسمت 6,https://www.youtube.com/watch?v=me2Vsx1YHC4
ساختمان پزشکان  |  همسرتون خیلی با حالن آقای دکتر ملکی,https://www.youtube.com/watch?v=ncqbB5ZG4jA
زیرآسمان شهر  | بهروز خالی بند دزد از آب در اومده,https://www.youtube.com/watch?v=7FHLI2OqUVE
شعله بیوتی: میشه جیگرتو بخورم؟! 🤣 دم خروس,https://www.youtube.com/watch?v=QopyRuOFbGg
عشق و مکافات 😁 فیلم سینمایی کمدی با بازی علی صادقی,https://www.youtube.com/watch?v=jiiTCVUc9Ng
سریال باحال و دیدنی یادداشت های یک زن خانه دار 🤩📝 با بازی شقایق دهقان و امیررضا دلاوری - قسمت 5,https://www.youtube.com/watch?v=zs_fXtENIiY
فیلم سینمایی کمدی سوگواری صمیمانه با بازی امیرحسین صدیق و طناز طباطبایی 😃😉,https://www.youtube.com/watch?v=pEkDiSm7hT0
سریال باحال و دیدنی یادداشت های یک زن خانه دار 🤩📝 با بازی شقایق دهقان و امیررضا دلاوری - قسمت 4,https://www.youtube.com/watch?v=_6R_WpTLWKg
ساختمان پزشکان  |  ما باید قبل عروسی دکتر عروسی بگیریم,https://www.youtube.com/watch?v=E3bM6zEP8rs
زیرآسمان شهر  | شما هیکل گُنده کردی که هرهر بخندی؟,https://www.youtube.com/watch?v=B1xvG5DdNeA
انیمیشن قمپز: دِ خب تلاش کنین بچه دار شین دیگه! 😁😁,https://www.youtube.com/watch?v=xnoBzy58xMc
سریال باحال و دیدنی یادداشت های یک زن خانه دار 🤩📝 با بازی شقایق دهقان و امیررضا دلاوری - قسمت 3,https://www.youtube.com/watch?v=Wi0qB7kzLpk
حمله با دکلته قرمز در تونل مکان | دم خروس,https://www.youtube.com/watch?v=dQeKSlCoiH8
سریال باحال و دیدنی یادداشت های یک زن خانه دار 🤩📝 با بازی شقایق دهقان و امیررضا دلاوری - قسمت 2,https://www.youtube.com/watch?v=v9OtvWvQfJY
ساختمان پزشکان  | آقای دکتر با نامزدش حداقل بیست سال تفاوت سنی دارن,https://www.youtube.com/watch?v=XKxIUE2syvk
زیر آسمان شهر  |  آقا دست نزن موهام خراب میشه,https://www.youtube.com/watch?v=idmwaUfRsPw
شیوه نوین دلبری با پشه کشی در جنون جوانی 🤣 دم خروس,https://www.youtube.com/watch?v=G4pBrezr1NA
فیلم سینمایی کمدی روزی که خواستگار آمد 💐😁 با بازی محمدعلی کشاورز و حسن جوهرچی,https://www.youtube.com/watch?v=0F6hOIv36aU
سریال باحال و دیدنی یادداشت های یک زن خانه دار 🤩📝 با بازی شقایق دهقان و امیررضا دلاوری - قسمت 1,https://www.youtube.com/watch?v=IplusigcTCE
تحلیل هالک و اسپایدرمن و دوستان توسط استاد کاظمی 😂 | دم خروس,https://www.youtube.com/watch?v=XuvfyvLYLzM
فیلم سینمایی کمدی شانس یا ... 😃 با بازی سمانه پاکدل و محسن افشانی,https://www.youtube.com/watch?v=O_H4X1YpBYU
سریال تماشایی و کمدی 💍 حلقه شانس 💍 قسمت آخر (قسمت 13),https://www.youtube.com/watch?v=u7NiungBYZQ
ساختمان پزشکان  |  من تازه دیشب بله م رو دادم,https://www.youtube.com/watch?v=LxHgFqrhKHo
زیر آسمان شهر  |  خوشتیپ ها رو میگیرن آقا فرار کنین,https://www.youtube.com/watch?v=vRRMBVODA-0
همه سوشیال فرندها در جنون جوانی با پشت صحنه 🤣 دم خروس,https://www.youtube.com/watch?v=j9I_yH2c-WA
سریال تماشایی و کمدی 💍 حلقه شانس 💍 قسمت 12,https://www.youtube.com/watch?v=W5m3RfulcF0
شروع بوقی بوقی جنگ جهانی اول در تونل مکان | دم خروس,https://www.youtube.com/watch?v=bvRdra1tg3Y
انیمیشن قمپز 18+ : اگه قول میدی زیرنویسا رو نخونی بازش کن! 😂,https://www.youtube.com/watch?v=co-jJVl7YlM
طناز طباطبایی و ثریا قاسمی در فیلم سینمایی کمدی یک سبد مرغ عشق 😃😉,https://www.youtube.com/watch?v=qucS_d2Xzrc
سریال تماشایی و کمدی 💍 حلقه شانس 💍 قسمت 11,https://www.youtube.com/watch?v=eWY1V4zuVUI
زیر آسمان شهر  |  من اگه موهای تو رو داشتم میرفتم مدیر عامل شرکت میشدم,https://www.youtube.com/watch?v=rKSX0pJa6y4
ساختمان پزشکان  | انگشتر برلیان مادرش رو برام آورده,https://www.youtube.com/watch?v=C97gOZ7rzl0
استریپ دنس نوزاد یک ساله 🤣 استاد کاظمی | دم خروس,https://www.youtube.com/watch?v=KQSsukdNjis
یک اشتباه کوچولو 😁 فیلم سینمایی کمدی با بازی امین حیایی و محمدرضا شریفی نیا,https://www.youtube.com/watch?v=zWYrsx002IA
سریال تماشایی و کمدی 💍 حلقه شانس 💍 قسمت 10,https://www.youtube.com/watch?v=QJTxc2e3jE0
شعله بیوتی: مادر حقوق زنان 🤣 دم خروس,https://www.youtube.com/watch?v=sLa-gefghpA
مهران غفوریان و علی صادقی در فیلم سینمایی کمدی گدایان تهران 😃🤣,https://www.youtube.com/watch?v=VRyRMUKCbm0
سریال تماشایی و کمدی 💍 حلقه شانس 💍 قسمت 9,https://www.youtube.com/watch?v=3zbHVtgYcqQ
ساختمان پزشکان | من یه کلبه درویشی دارم دوهزار متره,https://www.youtube.com/watch?v=kMFTUOVsd-4
زیرآسمان شهر  | من تموم دنیا رو گشتم همچین موی خوشگلی ندیدم,https://www.youtube.com/watch?v=4JzhyceyqRU
اینم شد زندگی؟ کله اش به این گندگی! در تونل مکان | دم خروس,https://www.youtube.com/watch?v=hjfU_5ZnVUU
دوربین نه چندان مخفی فیلم سینمایی کمدی با هنرمندی رضا کیانیان، طناز طباطبایی و مهرداد صدیقیان,https://www.youtube.com/watch?v=dN2LOw38oSw
سریال تماشایی و کمدی 💍 حلقه شانس 💍 قسمت 8,https://www.youtube.com/watch?v=K4j6Jl1xOMs
بسه این انتظار، سالواتوره بیا 🤣 استاد کاظمی | دم خروس,https://www.youtube.com/watch?v=60wttVB77ak
طناز طباطبایی در فیلم سینمایی کمدی تخمه ژاپنی ????????,https://www.youtube.com/watch?v=aTyvbBokuvQ
سریال تماشایی و کمدی 💍 حلقه شانس 💍 قسمت 7,https://www.youtube.com/watch?v=8IRzSifesH4
ساختمان پزشکان  |  این رو زودتر شوهرش بدیم بره,https://www.youtube.com/watch?v=u43AgQVqOqM
زیرآسمان شهر  |  همه این جیغ و دادها مال دو تا سوسکه ؟,https://www.youtube.com/watch?v=olxdpA9U-FY
اجازه خروج از تخت خواب برای زنان تا اجازه خروج از کشور 🤣 دم خروس,https://www.youtube.com/watch?v=aCZkvVu4Mzs
فیلم سینمایی عاشقانه و کمدی پیچ عشاق با بازی نصرالله رادش و ملیكا شریفی‌نیا 💕😂,https://www.youtube.com/watch?v=CK39z2l0rns
سریال تماشایی و کمدی 💍 حلقه شانس 💍 قسمت 6,https://www.youtube.com/watch?v=Tdtvn3iuB9c
خندوانه  | قایقتون سوراخ میشه کوسه ها بهتون حمله میکنن,https://www.youtube.com/watch?v=qBkSw-Se8CQ
رگ روسی و حنابندون جیمی کارتر در تونل مکان | دم خروس,https://www.youtube.com/watch?v=DwbvEL8BUZg
سریال تماشایی و کمدی 💍 حلقه شانس 💍 قسمت 5,https://www.youtube.com/watch?v=XpOepD78NBU
ساختمان پزشکان   | آقای ارسطو گلوشون پیش خانم شیرزاد گیر کرده,https://www.youtube.com/watch?v=eqXxuqS_LSo
زیرآسمان شهر  |  نباید بذاریم که یه خون ریزی دیگه را بیفته,https://www.youtube.com/watch?v=ulsUORZSOB8
صنعت مظلوم خودرو و نماینده های مظلوم تر 🤣غیرعلنی | دم خروس,https://www.youtube.com/watch?v=4H6svgIXPgs
سریال تماشایی و کمدی 💍 حلقه شانس 💍 قسمت 4,https://www.youtube.com/watch?v=0H6pR9yu3KE
مرد چهارشونه یا داف مینی ژوپ پوش، کدومو بدم؟ در تونل مکان | دم خروس,https://www.youtube.com/watch?v=awNc3AoIsKQ
مهران غفوریان و ارژنگ امیرفضلی در فیلم سینمایی کمدی تلخ اما شیرین 😃🤣,https://www.youtube.com/watch?v=qNOz5Ov5VT0
سریال تماشایی و کمدی 💍 حلقه شانس 💍 قسمت 3,https://www.youtube.com/watch?v=anievX9DUX8
ساختمان پزشکان  |  شما فکر نمیکنید زمین نمی تونه گرد باشه ؟,https://www.youtube.com/watch?v=e8gFJm7cooo
زیرآسمان شهر  |  این سیب باید دقیق از وسط به دو نیم بشه,https://www.youtube.com/watch?v=WPwms0oYgjQ
دردسرهای بدن زنانه 🤣 دم خروس,https://www.youtube.com/watch?v=yCgsMfh8lO8
اکبر عبدی، ارژنگ امیرفضلی در فیلم سینمایی کمدی و اکشن چهار اصفهانی در بغداد 😁😉,https://www.youtube.com/watch?v=j3No8SXWShY
سریال تماشایی و کمدی 💍 حلقه شانس 💍 قسمت 2,https://www.youtube.com/watch?v=iwyh-qJ36Rg
پشم ریزون مردم فهیم پراگ در تونل مکان | دم خروس,https://www.youtube.com/watch?v=oZpOEl5rRg4
دو برادر دو زن برادر فیلم سینمایی کمدی با بازی اکبر عبدی و طناز طباطبایی 😉😃,https://www.youtube.com/watch?v=b_7g0x7SXFk
سریال تماشایی و کمدی 💍 حلقه شانس 💍 قسمت 1,https://www.youtube.com/watch?v=Jzen6vqQmlI
ساختمان پزشکان  | ای وای خاک بر سرم همش قاطی میکنم,https://www.youtube.com/watch?v=2uciE8muIw4
زیرآسمان شهر | پولش رو یکی دیگه میبره دعواش رو شما میکنین,https://www.youtube.com/watch?v=UVQX4ap3Jr0
آخرین افشای جنجالی استاد کاظمی 😂 شما دیگه وقت ازدواجته | دم خروس,https://www.youtube.com/watch?v=GDuNJeyGXuA
فیلم سینمایی کمدی شبی در تهران با بازی رامبد جوان و ماهایا پطروسیان,https://www.youtube.com/watch?v=RzojhhUU9OY
اشکان خطیبی و علیرضا خمسه در ▶  سریال کمدی تهران پلاک یک  ◀  قسمت آخر,https://www.youtube.com/watch?v=h6CSPS-xpUc
هدیه رو واکرده پس نفرستاد تونل مکان | دم خروس,https://www.youtube.com/watch?v=1vNGDY9aXSI
انیمیشن قمپز: ای پدر مقدس ما را با شاسگولان محشور نفرما!  😁😁,https://www.youtube.com/watch?v=ZeJZOLAoI20
ویدئوی فیلم رحمان 1400 با ریمیکس جدید آهنگ مثلا روم زوم کنی بوم بوم کنه قلبم زانکو 🤩💃,https://www.youtube.com/watch?v=LS_kVboyp7w
اشکان خطیبی و علیرضا خمسه در ▶  سریال کمدی تهران پلاک یک  ◀  قسمت 29,https://www.youtube.com/watch?v=jEt_UAhDZPM
ساختمان پزشکان  | من از کجا باید بفهمم ورود ممنوع مال من نیست,https://www.youtube.com/watch?v=39H7lU9rORY
زیر آسمان شهر  | مگه مریضی تو بزنم تو مخت,https://www.youtube.com/watch?v=Mol5FMHd_-M
پایلوت مردتو بگیر دستت نذارش رو اوتو!  🤣 دم خروس,https://www.youtube.com/watch?v=y4yNXL28uUQ
انیمیشن قمپز: پاپانوئل بیفته روت! 😁😁,https://www.youtube.com/watch?v=XnBnf4YIsoY
مهران غفوریان و رضا شفیعی جم در فیلم سینمایی کمدی فوتبالی ها ⚽😁,https://www.youtube.com/watch?v=qNo6_X9dqsI
اشکان خطیبی و علیرضا خمسه در ▶  سریال کمدی تهران پلاک یک  ◀  قسمت 28,https://www.youtube.com/watch?v=Ahuzvzg-ltM
داداش گوگوش در مراسم خواستگاری در جنون جوانی! 🤣 دم خروس,https://www.youtube.com/watch?v=460Xb_5oAcc
اشکان خطیبی و علیرضا خمسه در ▶  سریال کمدی تهران پلاک یک  ◀  قسمت 27,https://www.youtube.com/watch?v=bxAqqdID0nM
ساختمان پزشکان  |  تو ای دکتر بلند قد همچون چناری,https://www.youtube.com/watch?v=P3maePVc6C4
زیرآسمان شهر  | ای وای دست پسرم قطع شده,https://www.youtube.com/watch?v=uH9o34-JaPA
باد در خلا در تونل مکان | دم خروس,https://www.youtube.com/watch?v=V0Pbwb6ehQs
علی صادقی، مهران غفوریان و مجید صالحی در فیلم سینمایی کمدی و خنده دار پیتزا مخلوط 🤣,https://www.youtube.com/watch?v=hr_EXCtgi0c
اشکان خطیبی و علیرضا خمسه در ▶  سریال کمدی تهران پلاک یک  ◀  قسمت 26,https://www.youtube.com/watch?v=h58ZLnCAEt8
اسیر کردن تضمینی مرد با شعله بیوتی 🤣 دم خروس,https://www.youtube.com/watch?v=EtzafjOTxnM
انیمیشن قمپز: تیکه سنگین قمپز به خواب بودن مسئولین 😁😁,https://www.youtube.com/watch?v=feqJlxNTgu4
فیلم سینمایی کمدی تخیلی چگونه میلیاردر شدم 😉😁 با بازی فتحعلی اویسی و مریم امیرجلالی,https://www.youtube.com/watch?v=G5aL2-T5xJo
اشکان خطیبی و علیرضا خمسه در ▶  سریال کمدی تهران پلاک یک  ◀  قسمت 25,https://www.youtube.com/watch?v=Tm2lLYLxOWs
ساختمان پزشکان   | حسودی کردن بقیه منشی ها به خانم شیرزاد,https://www.youtube.com/watch?v=xSceu9doP_w
زیرآسمان شهر | من خودم دیدیم که یه نفر رو برداشت برد تو خونه,https://www.youtube.com/watch?v=4Pn6UtXXdvU
نیمه پنهان دم خروسی ها | بالاخره سانسور هم خوبه 😂,https://www.youtube.com/watch?v=IxhbQSsl1wM
گشت ارشاد 2 🤣 فیلم سینمایی کمدی و جنجالی آخرررر خنده,https://www.youtube.com/watch?v=hr60ADkZjQw
اشکان خطیبی و علیرضا خمسه در ▶  سریال کمدی تهران پلاک یک  ◀  قسمت 24,https://www.youtube.com/watch?v=EWcqXYDgXtY
خندوانه  | در افتادن مهران غفوریان با خفاش ها,https://www.youtube.com/watch?v=e_HEC_sCO1Y
مش شبرنگ هندونه ای ویژه شب یلدا 🤣 دم خروس,https://www.youtube.com/watch?v=QPEWWfmA03A
انیمیشن قمپز: تب تب یلدایی 😁😁,https://www.youtube.com/watch?v=myRFy3Hzd5k
اشکان خطیبی و علیرضا خمسه در ▶  سریال کمدی تهران پلاک یک  ◀  قسمت 23,https://www.youtube.com/watch?v=EZy_xlluOSQ
ساختمان پزشکان  |  من فکر میکردم هر سال ایران استرالیا رو میبره,https://www.youtube.com/watch?v=AeMvLe-8k74
زیرآسمان شهر | ترک دوتا دوچرخه کورسی میشینیم ، بستنی هم میخوریم,https://www.youtube.com/watch?v=2EkX6qtwP0w
جیگرتو خام خام بخورم در تونل مکان | دم خروس,https://www.youtube.com/watch?v=Mmq-TLKqMJc
فیلم سینمایی کمدی خنده دار سفر بخیر با بازی اکبر عبدی 😉😁,https://www.youtube.com/watch?v=0XCj-Nnsevs
اشکان خطیبی و علیرضا خمسه در ▶  سریال کمدی تهران پلاک یک  ◀  قسمت 22,https://www.youtube.com/watch?v=2Xt9QmwHSw8
خندوانه  | قرارمون واسه ساعت پنج و شیش  تو باغچه,https://www.youtube.com/watch?v=jkttKD9tXns
خاطرات سفر آریایی 🤣 دم خروس,https://www.youtube.com/watch?v=yAFrUPjBZlg
شب سگی فیلم سینمایی کمدی با بازی امیر آقایی و طناز طباطبایی 😉😃,https://www.youtube.com/watch?v=dyAO8-4YKIE
اشکان خطیبی و علیرضا خمسه در ▶  سریال کمدی تهران پلاک یک  ◀  قسمت 21,https://www.youtube.com/watch?v=E61cEqUOfjc
ساختمان پزشکان  | مرد گنده خجالت نمیکشه هیچ وقت پول تو جیبش نیست,https://www.youtube.com/watch?v=_bFrpUIeiCU
زیر آسمان شهر  |  آدم هرچی بیشتر داشته باشه گداتره ها,https://www.youtube.com/watch?v=U6FXJVxn8fM
شیوه های دور زدن تحریم با استاد کاظمی | دم خروس 😂,https://www.youtube.com/watch?v=pmavC9-xctU
مهران غفوریان، رضا شفیعی جم و رامبد جوان در فیلم سینمایی کمدی زن بدلی 😃😃,https://www.youtube.com/watch?v=eO2_yYR4T9M
اشکان خطیبی و علیرضا خمسه در ▶  سریال کمدی تهران پلاک یک  ◀  قسمت 20,https://www.youtube.com/watch?v=jZwZG_rnjk4
استندآپ کمدی  |  مامان ، بابا رو با یه خانم دیدم,https://www.youtube.com/watch?v=t_poDpi7sVU
ام الفساد در تونل مکان | دم خروس,https://www.youtube.com/watch?v=Em5NR7DmJn0
اشکان خطیبی و علیرضا خمسه در ▶  سریال کمدی تهران پلاک یک  ◀  قسمت 19,https://www.youtube.com/watch?v=pSiLZAnW7e4
ساختمان پزشکان |  چقدر این خانم شیرزاد دکترها رو حرص میده,https://www.youtube.com/watch?v=bWRioPD3uSY
زیرآسمان شهر  |  یه فکری برام بکن وگرنه میزنم تو مخت,https://www.youtube.com/watch?v=pFZCupluMFA
دایرکت شعله بیوتی به حامد حدادی 🤣 دم خروس,https://www.youtube.com/watch?v=f_onjDhbf-A
لج و لجبازی فیلمی کمدی با بازی سحر قریشی، نیما شاهرخ شاهی، امیر جعفری و ... 😃😃,https://www.youtube.com/watch?v=BZcdENHwYHk
اشکان خطیبی و علیرضا خمسه در ▶  سریال کمدی تهران پلاک یک  ◀  قسمت 18,https://www.youtube.com/watch?v=Sz7serCnxBs
خندوانه  |  عنبر نسارا مگه اعتیاد میاره,https://www.youtube.com/watch?v=lrF_ViHGZQY
نبینم خر چشم بادومیای عزیز ما رو بگیرینا! 🤣 استاد کاظمی | دم خروس,https://www.youtube.com/watch?v=HRS38s2774Y
اکبر عبدی، طناز طباطبایی و شاهرخ استخری در فیلم سینمایی کمدی یک بقچه توهم 😉😃,https://www.youtube.com/watch?v=PdrYTT_M9lU
اشکان خطیبی و علیرضا خمسه در ▶  سریال کمدی تهران پلاک یک  ◀  قسمت 17,https://www.youtube.com/watch?v=8wcjNPATxGo
ساختمان پزشکان | قاتل من رو نکشه ،خانم شیرزاد منو میکشه,https://www.youtube.com/watch?v=d-hkQTDxvD0
زیرآسمان شهر  |  ماشین رو شستی آب رفته یه کمی برات تنگ شده,https://www.youtube.com/watch?v=WMb4yMxqP_0
بفرمایین تو، دم در بده! 🤣 دم خروس,https://www.youtube.com/watch?v=BX9Kx3ytzC8
فیلم سینمایی کمدی و خنده دار 😃 شوخی ممنوع 😃 با هنرنمایی کمدین های سینما,https://www.youtube.com/watch?v=6CT0Gs0k1f4
اشکان خطیبی و علیرضا خمسه در ▶  سریال کمدی تهران پلاک یک  ◀  قسمت 16,https://www.youtube.com/watch?v=Obmdr_8fHdk
خندوانه  | ما آدم فروشی نمی کنیم ولی پرنده فروشی می کنیم,https://www.youtube.com/watch?v=sbOPaLZ8NFY
کرونا بشینه رو بعضیا، ایدز می گیره میره! 🤣 دم خروس,https://www.youtube.com/watch?v=hdcUh2a1XLI
علی صادقی و سحر قریشی در فیلم سینمایی کمدی و خنده دار شیر یا خط 🤣,https://www.youtube.com/watch?v=HJedpvZ9Frk
اشکان خطیبی و علیرضا خمسه در ▶  سریال کمدی تهران پلاک یک  ◀  قسمت 15,https://www.youtube.com/watch?v=x_EsThQ66S0
ساختمان پزشکان  |  شما چند روز برو گم و گور شو,https://www.youtube.com/watch?v=8nyJRtF58d0
زیرآسمان شهر  |  شیطونه میگه بزنم تو مخش,https://www.youtube.com/watch?v=r6Oo-pxg5Uo
غرق شدن ویروس کرونا در تبادل تف فرنچ کیس 🤣 استاد کاظمی | دم خروس,https://www.youtube.com/watch?v=ix6_uu5B5BU
اشکان خطیبی و علیرضا خمسه در ▶  سریال کمدی تهران پلاک یک  ◀  قسمت 14,https://www.youtube.com/watch?v=K7W3wqTlzb0
خوشگلین یا خوب می‌رقصین؟ در تونل مکان | دم خروس,https://www.youtube.com/watch?v=cuuxmzEYl1E
سارا بهرامی و حامد کمیلی در فیلم خیلی باحال ایتالیا ایتالیا 😍😍,https://www.youtube.com/watch?v=DoWm0iMQAS0
اشکان خطیبی و علیرضا خمسه در ▶  سریال کمدی تهران پلاک یک  ◀  قسمت 13,https://www.youtube.com/watch?v=oJpyPkA1y_0
ساختمان پزشکان  | مقتول نباید به سزای اعمال ننگینش برسه ؟,https://www.youtube.com/watch?v=kYhGbzZ319o
زیر آسمان شهر | میخوام کوتاه نیاد خودم کوتاش کنم,https://www.youtube.com/watch?v=f2CIs3CqLaM
لایو مشترک نجم الدین شریعتی با سلنا گومز! 🤣 استاد کاظمی | دم خروس,https://www.youtube.com/watch?v=-KPde7eL1MQ
علی صادقی در فیلم سینمایی کمدی و خنده دار گور طلایی 🤣,https://www.youtube.com/watch?v=f7sAiX0Yr3o
اشکان خطیبی و علیرضا خمسه در ▶  سریال کمدی تهران پلاک یک  ◀  قسمت 12,https://www.youtube.com/watch?v=Z572tC21zYY
دورهمی  |  الان همسرتون شما رو ببینه میشناستتون,https://www.youtube.com/watch?v=jpvPW_zsPUA
خندوانه  |  ما دیونه بودیم بعد شدیم بازیگر,https://www.youtube.com/watch?v=_DMdjJRIxew
چی فکر می کردیم و چی شد! 🤣 دم خروس,https://www.youtube.com/watch?v=s_7Swtzcmyw
پارسا پیروزفر و امین حیایی در فیلم سینمایی کمدی 😃 مهمان مامان 😃 ساخته داریوش مهرجویی,https://www.youtube.com/watch?v=JML1DBYdD_s
اشکان خطیبی و علیرضا خمسه در ▶  سریال کمدی تهران پلاک یک  ◀  قسمت 11,https://www.youtube.com/watch?v=H1OMGhHObvk
ساختمان پزشکان |  اگه یه مدت با کامپیوتر کار نکنی خاموش میشه,https://www.youtube.com/watch?v=U1_9zt9rBOw
زیر اسمان شهر  |  یه سرفه تو صورتت بکنه سه سوت بعد سل گرفتی,https://www.youtube.com/watch?v=H6gKZKKlAlQ
ارتباط آهنگ دکتر ساسی با کرونا 🤣 استاد کاظمی | دم خروس,https://www.youtube.com/watch?v=NxSWmoGWexo
انیمیشن قمپز: آموزش زبان شیرازی به سبک قمپز و رفقا 😁😁,https://www.youtube.com/watch?v=dXU1rPbVWuw
فیلم سینمایی کمدی کات کلانتری با بازی یوسف تیموری و امیر نوری 😂😂,https://www.youtube.com/watch?v=tlrJl6wMK9A
اشکان خطیبی و علیرضا خمسه در ▶  سریال کمدی تهران پلاک یک  ◀  قسمت 10,https://www.youtube.com/watch?v=bD6YbifvMQI
شعله بیوتی سلطان ویروس منطقه🤣 دم خروس,https://www.youtube.com/watch?v=1nbihW8rdRE
کمدی فارسی زنگ ها 😆 فیلمی نوستالژی و کمدی نوشته محسن مخملباف,https://www.youtube.com/watch?v=EStbDy52U48
اشکان خطیبی و علیرضا خمسه در ▶  سریال کمدی تهران پلاک یک  ◀  قسمت 9,https://www.youtube.com/watch?v=_NzEdR6Vfow
ساختمان پزشکان | آیا مادرتون غرغرو و ایراد گیر هستن؟🤣,https://www.youtube.com/watch?v=0MfqXqlkDLU
زیر آسمان شهر |  پسر تو مگه مخ تو اون کله ت نیست,https://www.youtube.com/watch?v=zkCNcAWHCXQ
لایک و بوس همایونی در تونل مکان | دم خروس,https://www.youtube.com/watch?v=TUsRpdfHptU
اشکان خطیبی و علیرضا خمسه در ▶  سریال کمدی تهران پلاک یک  ◀  قسمت 8,https://www.youtube.com/watch?v=sfTk5BlLd7M
جا به جایی مرزهای خیانت با شعله بیوتی 🤣 دم خروس,https://www.youtube.com/watch?v=ntwF2gsk1oE
اشکان خطیبی و علیرضا خمسه در ▶  سریال کمدی تهران پلاک یک  ◀  قسمت 7,https://www.youtube.com/watch?v=UfZBaTNEHW8
ساختمان پزشکان  |  این بمیره من چه جوری از ورثه ش پولمو بگیرم,https://www.youtube.com/watch?v=8KL2-6segGU
زیر آسمان شهر | حسود ، چش نداره منو خوش تیپ ببینه,https://www.youtube.com/watch?v=3coMxHS1JD4
محافظت بازی با داف ها در تونل مکان | دم خروس,https://www.youtube.com/watch?v=7blyv207ui4
فیلم سینمایی کمدی خنده دار عزیز میلیون دلاری با بازی علی صادقی و هوشنگ حریرچیان 😍,https://www.youtube.com/watch?v=84jYVexjgEc
اشکان خطیبی و علیرضا خمسه در ▶  سریال کمدی تهران پلاک یک  ◀  قسمت 6,https://www.youtube.com/watch?v=5X3L7puvgOU
روزنامه نمایش | سفر ویژه سام و بریتنی با جت شخصی اسپیرز,https://www.youtube.com/watch?v=Qsl-ak_I8Y4
روی تخت یا پای تخت؟! 🤣 استاد کاظمی | دم خروس,https://www.youtube.com/watch?v=6_tA7CQG8VY
محمدرضا گلزار و امین حیایی در فیلم سینمایی کمدی شیش و بش 😃🤩,https://www.youtube.com/watch?v=M4EMY9kwxZA
اشکان خطیبی و علیرضا خمسه در ▶  سریال کمدی تهران پلاک یک  ◀  قسمت 5,https://www.youtube.com/watch?v=jJ1ru321Uo4
روزنامه نمایش |  رونمایی محمدرضا گلزار از رنگ جدد موهایش,https://www.youtube.com/watch?v=2x-s0ZvT2kw
باردار شدن؛ حلال تمام مشکلات 🤣 دم خروس,https://www.youtube.com/watch?v=q3jZmjI8o4w
علی صادقی و جواد رضویان در فیلم کمدی زندگی شیرین🤣,https://www.youtube.com/watch?v=AEoeeswMJ_8
اشکان خطیبی و علیرضا خمسه در ▶  سریال کمدی تهران پلاک یک  ◀  قسمت 4,https://www.youtube.com/watch?v=Nl5pVJz1OsE
ساختمان پزشکان   | دکتر افشار خودشم نیاز به روانشناس پیدا کرده,https://www.youtube.com/watch?v=fPrUtpUJJG4
زیر آسمان شهر  |  پسرمی اختیارت رو دارم ،میزنمت,https://www.youtube.com/watch?v=latkM931nZk
چند پیک ادرار شتر به سلامتی شما 🤣 استاد کاظمی | دم خروس,https://www.youtube.com/watch?v=yPq6J5xq04Q
فیلم سینمایی کمدی ماهی دم قرمز با بازی علی صادقی 😍😃,https://www.youtube.com/watch?v=eZxqq5fGYM0
اشکان خطیبی و علیرضا خمسه در ▶  سریال کمدی تهران پلاک یک  ◀  قسمت 3,https://www.youtube.com/watch?v=sP2Dmqu23uQ
ساختمان پزشکان  |  چهار ماهه حقوق من رو ندادین,https://www.youtube.com/watch?v=r1hqNnau4Ig
دورهمی  |  این سیم لخت کنه پیشرفتست,https://www.youtube.com/watch?v=CRHU1F2xM8M
چرا کشتیش؟ چون گفت بخورش!! | دم خروس,https://www.youtube.com/watch?v=9_OG-6fOcYc
اشکان خطیبی و علیرضا خمسه در ▶  سریال کمدی تهران پلاک یک  ◀  قسمت 2,https://www.youtube.com/watch?v=VNT7YV88FMs
زیر آسمان شهر  | اون ماسک رو بردار تا با مخ نزدم تو صورتت,https://www.youtube.com/watch?v=D9wy6TwYJhw
روزنامه نمایش  | جنجال جدید رامبد (پول ندارید ؟ رژیم بگیرید !),https://www.youtube.com/watch?v=nTLzGu14SOM
روش های پولدار شدن با شعله بیوتی! 🤣 دم خروس,https://www.youtube.com/watch?v=EB4FxJDah_U
فیلم سینمایی کمدی بعد از ظهر سگی سگی با بازی بهترین کمدین های ایران؛ رضا عطاران، علی صادقی و ... 😉😁,https://www.youtube.com/watch?v=qxzb60pd2f4
اشکان خطیبی و علیرضا خمسه در ▶  سریال کمدی تهران پلاک یک  ◀  قسمت 1,https://www.youtube.com/watch?v=PudvlIjrwq0
ساختمان پزشکان | شما مگه پدر منین یا شوهر منین که ازم سوال می پرسین,https://www.youtube.com/watch?v=KrgIHcXpS64
روزنامه نمایش   | تهران گردی رضا گلزار با اهنگ بهزاد لیتو,https://www.youtube.com/watch?v=6-9oRf_nrEw
وا بده تزار جان! وا بده! در تونل مکان | دم خروس,https://www.youtube.com/watch?v=NZuLfMEXfeA
فیلم سینمایی کمدی فراری با بازی حامد کمیلی و لیندا کیانی 😍😃,https://www.youtube.com/watch?v=zUN-IAg4jBc
چرا کشتیش؟ چون با کته رو با وایتکس می پخت!! | دم خروس,https://www.youtube.com/watch?v=KRtJVCG3H4E
فیلم سینمایی کمدی لامبورگینی با بازی علی صادقی 😍😂 Lamborgini Full Movie,https://www.youtube.com/watch?v=kqoY4lurtRo
O+ Serial Irani 😁 سریال کمدی او مثبت با بازی مجید صالحی قسمت آخر (قسمت 15),https://www.youtube.com/watch?v=rOMJZdywU1E
ساختمان پزشکان   | من جمله مو خیلی تو فلافل گفتم,https://www.youtube.com/watch?v=zvjw4bNDu6U
سوراخ اوزون یا صفر پول ملی؟! 🤣 استاد کاظمی | دم خروس,https://www.youtube.com/watch?v=bJTOhyA0i_M
سحرقریشی والنازشاکردوست در فیلم کمدی نوستالژی آتیش بازی🤣,https://www.youtube.com/watch?v=jgn3Rp-hnIE
O+ Serial Irani 😁 سریال کمدی او مثبت با بازی مجید صالحی قسمت 14,https://www.youtube.com/watch?v=dYz8Jk3mssA
ساختمان پزشکان  |  ما اینجا خیلی بدبختیم هیچی نداریم,https://www.youtube.com/watch?v=lrLIn8hIRhs
هورمون ما می توانیم در تونل مکان | دم خروس,https://www.youtube.com/watch?v=L14nv4KShE0
O+ Serial Irani 😁 سریال کمدی او مثبت با بازی مجید صالحی قسمت 13,https://www.youtube.com/watch?v=LyGIjFcPd74
آشنایی با بستنی قیفی! 🤣 دم خروس,https://www.youtube.com/watch?v=WCpB6yJQX28
O+ Serial Irani 😁 سریال کمدی او مثبت با بازی مجید صالحی قسمت 12,https://www.youtube.com/watch?v=4ASLpiWDuW4
موتور سواری آزاده صمدی در خیابان های تهران,https://www.youtube.com/watch?v=6a_w_fo7FnU
پیش بینی زلزله با استفاده از مورچه 🤣 استاد کاظمی | دم خروس,https://www.youtube.com/watch?v=Ncxl_o6KgXE
انیمیشن قمپز: بچه دنیا: شاخ مجازی تازه متولد 😁😁,https://www.youtube.com/watch?v=qlfM-rYn79Y
O+ Serial Irani 😁 سریال کمدی او مثبت با بازی مجید صالحی قسمت 11,https://www.youtube.com/watch?v=SvSlfc54fJw
ساختمان پزشکان   | من چهره م خیلی کمتر از سنم می خورد با این حال قصد ازدواج دارم,https://www.youtube.com/watch?v=MvVGSn6JW2s
بغل کردن عاشقانه جواد عزتی و همسرش,https://www.youtube.com/watch?v=9Ih6gAeqVlE
انیمیشن قمپز: معلمای قدیم 😁😁,https://www.youtube.com/watch?v=g4R9916t1hc
O+ Serial Irani 😁 سریال کمدی او مثبت با بازی مجید صالحی قسمت 10,https://www.youtube.com/watch?v=fFwMRVu9j6k
تبریک روز جهانی مرد به سبک گلزار,https://www.youtube.com/watch?v=HHkZu1I8KrU
مگه اینجا مکانه؟ در تونل مکان | دم خروس,https://www.youtube.com/watch?v=Rs_o4PJjuOE
O+ Serial Irani 😁 سریال کمدی او مثبت با بازی مجید صالحی قسمت 9,https://www.youtube.com/watch?v=gMzpBq_KbZY
ساختمان پزشکان  | پاشو بینیم بابا اینجا جای منه,https://www.youtube.com/watch?v=WCb4Ng2AuRw
شیشلیک های شیطان پرستی! 🤣 استاد کاظمی | دم خروس,https://www.youtube.com/watch?v=T22rpa4c14A
O+ Serial Irani 😁 سریال کمدی او مثبت با بازی مجید صالحی قسمت 8,https://www.youtube.com/watch?v=fNdYYjg84K4
دورهمی  |  لطفا آبروی من رو جلوی مهمون ها نبری,https://www.youtube.com/watch?v=hU5QITkHbJ0
شغال وال استریت 🤣 دم خروس,https://www.youtube.com/watch?v=FLS1FcE0Oqk
جواد رضویان و رضا شفیعی جم در فیلم سینمایی کمدی چارچنگولی 😂😂 آخر خنده,https://www.youtube.com/watch?v=ZV4tt1dfjPI
O+ Serial Irani 😁 سریال کمدی او مثبت با بازی مجید صالحی قسمت 7,https://www.youtube.com/watch?v=q14AWV3xibE
ساختمان پزشکان  | کارهای شما چه ربطی به همسر سابقتون داره آخه,https://www.youtube.com/watch?v=lrAHKPLEHqY
باغ مظفر |  برادر منو جادو جنبل کردی ،برادر دزد,https://www.youtube.com/watch?v=ptYLxWg3u0E
گرگ وال استریت زاخاریا در تونل مکان | دم خروس,https://www.youtube.com/watch?v=pP4yI0TN5Ak
تردست فیلمی سینمایی با بازی شهرام حقیقت دوست و نیوشا ضیغمی,https://www.youtube.com/watch?v=f8OLgA_ovCM
O+ Serial Irani 😁 سریال کمدی او مثبت با بازی مجید صالحی قسمت 6,https://www.youtube.com/watch?v=z6BNxej1zF4
اندام مقبول با نچرال بیوتی 🤣 دم خروس,https://www.youtube.com/watch?v=jj7WvuMqHOI
فیلم سینمایی کمدی آدم برفی با کیفیت عالی 😍⛄😂 Adam Barfi Full Movie High Quality,https://www.youtube.com/watch?v=z1gUnS0ClRs
O+ Serial Irani 😁 سریال کمدی او مثبت با بازی مجید صالحی قسمت 5,https://www.youtube.com/watch?v=iXRbw8mg7BQ
ساختمان پزشکان  | امیدوارم دماغتون رو عمل کنید و بختتون باز بشه,https://www.youtube.com/watch?v=GjKz5l7cXy4
باغ مظفر  |  به به همه تو این خونه فوتبالین,https://www.youtube.com/watch?v=DsBTjD5ZTIo
خواستگاری در زیر پتو در جنون جوانی! 🤣 دم خروس,https://www.youtube.com/watch?v=zH-vzO8Gxzc
فیلم سینمایی کمدی گوشواره با هنرنمایی اکبر عبدی، مسعود رایگان و رویا تیموریان 🤩,https://www.youtube.com/watch?v=ZQmZ5p7Gt-Y
O+ Serial Irani 😁 سریال کمدی او مثبت با بازی مجید صالحی قسمت 4,https://www.youtube.com/watch?v=8WhPjLxOnCU
سلطان رشوه در تونل مکان | دم خروس,https://www.youtube.com/watch?v=3limsRQWrGs
O+ Serial Irani 😁 سریال کمدی او مثبت با بازی مجید صالحی قسمت 3,https://www.youtube.com/watch?v=Oa6hTbmi0Gg
ساختمان پزشکان | شما جد اندر جد زن زلیل بودین🤯,https://www.youtube.com/watch?v=XLi4u0ipYto
باغ مظفر |  هر چیزی تو این دنیا بهتر از بی شوهر بودنه,https://www.youtube.com/watch?v=K85Nj9IHzks
پیشنهاد ویژه کالج بیوتی: راه حل شما داشتن شوگر دَدیه! 🤣 دم خروس,https://www.youtube.com/watch?v=ZhOEtYejSdY
فیلم سینمایی کمدی و به یاد موندنی نان و عشق و موتور هزار 😍😂,https://www.youtube.com/watch?v=OSYyJr_hUSQ
O+ Serial Irani 😁 سریال کمدی او مثبت با بازی مجید صالحی قسمت 2,https://www.youtube.com/watch?v=JINTXONv9So
سورپرایز رئیس با اخراجی تضمینی در جنون جوانی! 🤣 دم خروس,https://www.youtube.com/watch?v=AexSbcnk1DA
مهران غفوریان و زنده یاد فتحعلی اویسی در فیلم سینمایی و کمدی انتخاب 😃,https://www.youtube.com/watch?v=MJEXJDU2eeA
O+ Serial Irani 😁 سریال کمدی او مثبت با بازی مجید صالحی قسمت 1,https://www.youtube.com/watch?v=aAyehHn0jfA
ساختمان پزشکان   | من یه بستنی میخوام که روش چتر و فشفشه باشه,https://www.youtube.com/watch?v=1AdE-JUyHWw
باغ مظفر  |  هرگز قند را در چای فرو نمیکنیم,https://www.youtube.com/watch?v=7ncKGbMvAhs
طلسم بریدن و زبون قفل کردن و بخت باز کردن با شعله بیوتی 🤣 دم خروس,https://www.youtube.com/watch?v=byZdTFh8GlI
رضا عطاران و علی صادقی در فیلم سینمایی کمدی و باحال سه درجه تب 😁,https://www.youtube.com/watch?v=tPoWvrFwx0A
Atse Serial Irani 😁 سریال طنز عطسه به کارگردانی مهران مدیری قسمت 10 (قسمت آخر),https://www.youtube.com/watch?v=8zdi5Lr1KSo
کجا به این زودی؟ تازه سر شب لاتاست! در تونل مکان | دم خروس,https://www.youtube.com/watch?v=wvX4muQvXac
فیلم سینمایی ایرانی باور آرامش ساخته شهره لرستانی,https://www.youtube.com/watch?v=--fMfHDYGqQ
Atse Serial Irani 😁 سریال طنز عطسه به کارگردانی مهران مدیری قسمت 9,https://www.youtube.com/watch?v=qhqw7JFWo58
ساختمان پزشکان  | لباس عروس دختر خاله شو گرفته پوشیده,https://www.youtube.com/watch?v=a7KwOEtw9n0
باغ مظفر | بوفالو آخه نصفه شبی قصه چی میخوای از هیکلت خجالت بکش,https://www.youtube.com/watch?v=-7y3X3J1_QI
هر موقع داون شدین، کال شعله بیوتی! 🤣 دم خروس,https://www.youtube.com/watch?v=IQpJJJexwhA
ناصرالدین شاه در مترو تهران!! ◀ فیلم سینمایی کمدی باغ ناصری 😃,https://www.youtube.com/watch?v=xfxcEHVYX5M
Atse Serial Irani 😁 سریال طنز عطسه به کارگردانی مهران مدیری قسمت 8,https://www.youtube.com/watch?v=6ydjdg7vtPk
کفش پدر مادر دار حلال زاده!  🤣 استاد کاظمی | دم خروس,https://www.youtube.com/watch?v=MQRK3sFEj88
Atse Serial Irani 😁 سریال طنز عطسه به کارگردانی مهران مدیری قسمت 7,https://www.youtube.com/watch?v=6A4-_MHX3Wo
ساختمان پزشکان | دکترها جواب ندادن رفتی سراغ منشی ها,https://www.youtube.com/watch?v=hn8EIAktk_U
باغ مظفر  |  قلمراد آخرین بار پارسال تو دریا خودشو شسته,https://www.youtube.com/watch?v=TR1LRLnYykU
چی تنته؟ در جنون جوانی! 🤣 دم خروس,https://www.youtube.com/watch?v=I0wInre3zO0
فیلم سینمایی کمدی ایرانی ◀ دزدی که برای شام آمد 😃,https://www.youtube.com/watch?v=KGRJIXWe2CY
Atse Serial Irani 😁 سریال طنز عطسه به کارگردانی مهران مدیری قسمت 6,https://www.youtube.com/watch?v=nuYtnuKFs2c
داداش مرگ من یواش در تونل مکان | دم خروس,https://www.youtube.com/watch?v=VPFNGlEDBvM
Atse Serial Irani 😁 سریال طنز عطسه به کارگردانی مهران مدیری قسمت 5,https://www.youtube.com/watch?v=vcOcfkAZ0Ac
ساختمان پزشکان  | واقعا خجالت داره ، شما در مورد من چه فکری کردین,https://www.youtube.com/watch?v=U4FMxlaxbT8
باغ مظفر |  فروغ جون یه شوهر نمیر نیاز داره ، همه شوهراش مُردن,https://www.youtube.com/watch?v=I9waF1FR-5o
اپیلاسیون صدف طاهریان زیر نظر شعله بیوتی 🤣 دم خروس,https://www.youtube.com/watch?v=B41q9YBRXvE
پرویز پرستویی، فاطمه معتمد آریا و افسانه بایگان در فیلم کمدی ایرانی مرد عوضی 😆,https://www.youtube.com/watch?v=YNPSzLN2BOc
Atse Serial Irani 😁 سریال طنز عطسه به کارگردانی مهران مدیری قسمت 4,https://www.youtube.com/watch?v=Mjqx27O47Z8
ساختمان پزشکان  | پانزده تا خواستگاری واسه یه روز زیاد نیست,https://www.youtube.com/watch?v=tz4MRgJe1g0
تاکید روی قل قل قل در تبلیغات صدا و سیما! 🤣 استاد کاظمی | دم خروس,https://www.youtube.com/watch?v=R6DLWPyfjMs
فیلم کمدی ایرانی کلمبوس با بازی مجید صالحی، هانیه توسلی و فرهاد اصلانی 😆,https://www.youtube.com/watch?v=M7aMvVws0rg
Atse Serial Irani 😁 سریال طنز عطسه به کارگردانی مهران مدیری قسمت 3,https://www.youtube.com/watch?v=__bYtLJQUDQ
باغ مظفر  |  بگذارید لب و لوچه مان رو تنظیم کنیم,https://www.youtube.com/watch?v=y_IyKVoNqk4
چگونه ترشیده نشویم؟! با شعله بیوتی! 🤣 دم خروس,https://www.youtube.com/watch?v=jQIehAzs3HA
پرستو صالحی در فیلم کمدی ایرانی عروس و ملوس 😆,https://www.youtube.com/watch?v=TZ8XcF8-DiE
Atse Serial Irani 😁 سریال طنز عطسه به کارگردانی مهران مدیری قسمت 2,https://www.youtube.com/watch?v=iZnG8DSGcAM
ساختمان پزشکان   | شما تو روز تولدتون دزد کادوتون رو دزدید,https://www.youtube.com/watch?v=E_fbQkATnhw
جرم استارها در زندان!! 🤣 استاد کاظمی | دم خروس,https://www.youtube.com/watch?v=rPKGUsx5sZs
انیمیشن قمپز: پشم اضاف 😁😁,https://www.youtube.com/watch?v=iLzJdGQ--os
Atse Serial Irani 😁 سریال طنز عطسه به کارگردانی مهران مدیری قسمت 1,https://www.youtube.com/watch?v=BGoyudsPJJM
باغ مظفر  |  داره از خوشی دق میکنه باورش نمیشه,https://www.youtube.com/watch?v=Q_BAQiOEo1s
این 123 کیه هی بهش زنگ می زنی؟! ها؟! 🤣 دم خروس,https://www.youtube.com/watch?v=2GL0Cc_JEaI
سریال کمدی باحال ساختمان پزشکان ◀ قسمت آخر (قسمت پنجاه و هفتم),https://www.youtube.com/watch?v=bNLoAK0AWVk
ساختمان پزشکان   | این انصاف نیست شما چلوکباب بخوری ما شیرینی,https://www.youtube.com/watch?v=Y18Ao7rT8jE
فروش شورت مامان دوز کارکرده کاملاً در حد آکبند! 😲😅 استاد کاظمی | دم خروس,https://www.youtube.com/watch?v=EcBTZQqPGCo
رضا عطاران و جواد رضویان در فیلم کمدی اخلاقتو خوب کن 😁😉,https://www.youtube.com/watch?v=7qsYoWr3zUw
سریال کمدی باحال ساختمان پزشکان ◀ قسمت پنجاه و ششم,https://www.youtube.com/watch?v=5qVqvD_QfsQ
باغ مظفر  |  خرخرش ماله خودمه ، خودم میخورمش,https://www.youtube.com/watch?v=Uc_aCLHpJ5w
گلاب به روتون! بحث کثافت کاریه؟! 🤣 دم خروس,https://www.youtube.com/watch?v=l-fgXpQVsuM
مرتضی احمدی در فیلم سینمایی کمدی مدرک جرم,https://www.youtube.com/watch?v=43IpRGXFC9k
بهنام تشکرو هومن برق نورد در سریال کمدی ساختمان پزشکان ◀ قسمت پنجاه و پنجم,https://www.youtube.com/watch?v=LGvKmlqd-ic
ساختمان پزشکان  | داوری که دغدغه مالی داشته باشه نمیتونه خوب سوت بزنه,https://www.youtube.com/watch?v=Q9QEq_sOwIc
درد زود ارسالی جوان ها 🤣 استاد کاظمی | دم خروس,https://www.youtube.com/watch?v=hMOE49pRv0M
فیلم سینمایی کمدی و اکشن به من نگو دزد 😃😃,https://www.youtube.com/watch?v=6S9-utK00xs
سریال کمدی باحال ساختمان پزشکان ◀ قسمت پنجاه و چهارم,https://www.youtube.com/watch?v=4YdJ28pXxIc
داشتن سوشیال فرند برای پر کردن حفره های زندگی 🤣 دم خروس,https://www.youtube.com/watch?v=VKQP82sWEl8
فیلم کمدی و عاشقانه 💕 شرط ازدواج 💕 با بازی نیما شاهرخ شاهی و فریبا نادری,https://www.youtube.com/watch?v=wUBiBLTHyvA
سریال کمدی باحال ساختمان پزشکان ◀ قسمت پنجاه و سوم,https://www.youtube.com/watch?v=iaDDE-7WOoU
باغ مظفر| خانم دکتر شیان  واسه پول زن منصور خان شده,https://www.youtube.com/watch?v=_FfkPuC_aSQ
عزیزم بگو برمی گردی در تونل مکان | دم خروس,https://www.youtube.com/watch?v=NWUp2h11nK4
فیلم کمدی نوستالژی 😍😃 عزیزم من کوک نیستم 😍😃 با هنرنمایی پرویز پرستویی و فاطمه معتمدآریا,https://www.youtube.com/watch?v=mREpxZAwG1o
جناب خان مرد و مردونه زنگ می زنه به کامبیز رقیب عشقیش!! 😎😎,https://www.youtube.com/watch?v=pA7WlqDrgbM
سریال کمدی باحال ساختمان پزشکان ◀ قسمت پنجاه و دوم,https://www.youtube.com/watch?v=Nqp6rxN4yfA
ساختمان پزشکان  | کسی قصد کشتن شما رو داره؟,https://www.youtube.com/watch?v=PcfT-xV976c
حضور فرماسون ها در سریال های اینترنتی 😱😁 استاد کاظمی | دم خروس,https://www.youtube.com/watch?v=T7UiU120abo
انیمیشن قمپز: ازی سگ چیش 😁😁,https://www.youtube.com/watch?v=pAUPxtAAldU
فیلم کمدی جنجالی رحمان 1400 بدون سانسور 🤩😄 با بازی مهران مدیری، بهرام افشاری و محمدرضا گلزار,https://www.youtube.com/watch?v=mZKXi74CmIY
نعیمه نظام‌دوست در سریال کمدی ساختمان پزشکان ◀ قسمت پنجاه و یکم,https://www.youtube.com/watch?v=lC8qmcBeujA
باغ مظفر   | خاک بر سر ما که یک بیماری برای تجدید فراش نداریم,https://www.youtube.com/watch?v=onqBG2OHXIc
زن هر چی خرجش بیشتر، ارجش بیشتر 🤣 دم خروس,https://www.youtube.com/watch?v=8AXteCNtEBM
فیلم باحال و خنده دار اکازیون با هنرمندی رضا شفیعی جم! 😂,https://www.youtube.com/watch?v=GN-CYvEbg48
رابطه بین چای خوردن جناب خان و بارون اومدن تو رختخوابش 🤣🤣 فقط با یه استکان,https://www.youtube.com/watch?v=skgMBFgo46A
سریال کمدی باحال ساختمان پزشکان ◀ قسمت پنجاهم,https://www.youtube.com/watch?v=iAqTzjAlisQ
ساختمان پزشکان   |  دکتر چرت مرغوب میزنه نشونه معتاد شدنه,https://www.youtube.com/watch?v=L-GBBmBzQHo
دهانت را می بویند مبادا شله قلمکار خورده باشی! 🤣 استاد کاظمی | دم خروس,https://www.youtube.com/watch?v=msNLOcg-t64
سریال کمدی باحال ساختمان پزشکان ◀ قسمت چهل و نهم,https://www.youtube.com/watch?v=fog93tuq2dc
باغ مظفر |  حیون خودتی میمون,https://www.youtube.com/watch?v=_WDaw-be6Ec
قاطی خوردی یا با فاطی خوردی؟ در تونل مکان | دم خروس,https://www.youtube.com/watch?v=Y86elAcdmzA
سریال کمدی نوستالژی خنده دارساختمان پزشکان ◀ قسمت چهل و هشتم,https://www.youtube.com/watch?v=kjzR4TFThuk
ساختمان  پزشکان   | خانم شیرزاد در حال غذا دادن به  موموخ و می میخ,https://www.youtube.com/watch?v=o8zIIKyCHA8
زن من چه کم از جنیفر داره که بیمه اش نکنم؟! 🤣 دم خروس,https://www.youtube.com/watch?v=tq3kTLyFlCI
انیمیشن قمپز: نه به واکسن اجباری قسمت دوم (طنز) 😁😁,https://www.youtube.com/watch?v=YWQerE9VTKo
سریال کمدی باحال ساختمان پزشکان ◀ قسمت چهل و هفتم,https://www.youtube.com/watch?v=gnwb0u22GjI
باغ مظفر |  با این دل خسته عاشق چیکار کنیم,https://www.youtube.com/watch?v=0OOYQh_t3Yo
کادر حرفه ای انیستیتو زیبایی شعله بیوتی 🤣 دم خروس,https://www.youtube.com/watch?v=sH4qcxIVuWc
دیگه کسی تعصبمونو نمی کشه! تعصبامون دست نخورده مونده! 😁😁 | استندآپ کمدی باحال ابوطالب حسینی,https://www.youtube.com/watch?v=vnvAGCfWbL4
سریال کمدی باحال ساختمان پزشکان ◀ قسمت چهل و ششم,https://www.youtube.com/watch?v=aABTZ2cwAZU
باغ مظفر | مادر دخترم فوت شده من خیلی جوون بودم که ازدواج کردم,https://www.youtube.com/watch?v=B1FsOzx_gBU
پیشگویی سمپسون ها درباره وضعیت ایران 😱 باورنکردنی 😲 استاد کاظمی | دم خروس,https://www.youtube.com/watch?v=ipDz4Or6BBo
جناب خان می ترکونه سی همشهریای خودش 💃🕺😍,https://www.youtube.com/watch?v=JiEpomLr0Dw
سریال کمدی باحال ساختمان پزشکان ◀ قسمت چهل و پنجم,https://www.youtube.com/watch?v=KM2yxVW0DJ0
ساختمان پزشکان   یکیشون قدش کوتاه اون یکی دل نمیبنده یکی دیگه همراهه,https://www.youtube.com/watch?v=4Ssn9ul_gN0
گشت زیر بغل محلات یا جنبش لباس های بی آستین در تونل مکان | دم خروس,https://www.youtube.com/watch?v=N4hnMcGOYLM
خانم شیرزاد درسریال کمدی باحال ساختمان پزشکان ◀ قسمت چهل و چهارم,https://www.youtube.com/watch?v=sM4k1jKGlxQ
باغ مظفر | این پیرمرد با دیدن خانم دکترجوون ، دهنش باز میمونه,https://www.youtube.com/watch?v=GW_v3LmamNU
فال قهوه برای آقا رونالدو! 🤣 دم خروس,https://www.youtube.com/watch?v=-UXEvb3YtkY
سریال کمدی باحال ساختمان پزشکان ◀ قسمت چهل و سوم,https://www.youtube.com/watch?v=3GFNubBRkGs
ساختمان پزشکان | تو دخلتون فقط سه هزار تومن هست بدم خدمتتون,https://www.youtube.com/watch?v=XwBALFcSiQA
همه مزدورا! 🤣 توپخونه | دم خروس,https://www.youtube.com/watch?v=uv8yanJ7Yeg
سریال کمدی باحال ساختمان پزشکان ◀ قسمت چهل و دوم,https://www.youtube.com/watch?v=OG_3zYFuRW8
باغ مظفر | شوهرم همش به من فکر میکنه هی می ترسه من مریض بشم,https://www.youtube.com/watch?v=6wL7MqBS6lQ
بی اجازه دست به ابزار فرزندآوری خود نزنید!! 🤣 دم خروس,https://www.youtube.com/watch?v=-v8GssNnn9Q
رمز و رازهای باشگاه داری و خرید بازیکن از زبان جناب خان 😂😂,https://www.youtube.com/watch?v=dlR4JU3WtfA
سریال کمدی باحال ساختمان پزشکان ◀ قسمت چهل و یکم,https://www.youtube.com/watch?v=-ric5uQkf9Y
ساختمان پزشکان | از منشی جماعت انتقاد کنید این مطب رو ،رو سرتون خراب میکنم,https://www.youtube.com/watch?v=dAIQ1lTOdTM
توریست تفنگ به دست یا تفاوت فرهنگی در تونل مکان | دم خروس,https://www.youtube.com/watch?v=Q5O2ga3KAfY
آلبوم دختران مورد نظر سهیل غلامرضاپور برای ازدواج 😂😂,https://www.youtube.com/watch?v=DGvTLcTg-TQ
سریال کمدی باحال ساختمان پزشکان ◀ قسمت چهلم,https://www.youtube.com/watch?v=lB4Q4gP9MAQ
باغ مظفر | این جور مراسم ها جزء رسومات خانه های اشرافیست,https://www.youtube.com/watch?v=xPxtRSRrudc
اجرت با آقایان مارکس و انگلس 🤣 دم خروس,https://www.youtube.com/watch?v=VkXnW67FYpA
زنده یاد فتحعلی اویسی در فیلم کمدی دزدان خیابان جردن 😍😁,https://www.youtube.com/watch?v=b_B0bx3iytM
سریال کمدی باحال ساختمان پزشکان ◀ قسمت سی و نهم,https://www.youtube.com/watch?v=gAHzeSb7TJE
ساختمان پزشکان  |  یه جوری تغییر صدا دادم که دکتر نفهمید,https://www.youtube.com/watch?v=tRDVLAa2QbQ
یه بوس کوچولو تا مسکو در تونل مکان | دم خروس,https://www.youtube.com/watch?v=XWpxl9qqWrw
افراطی ها 😃 فیلمی کمدی با بازی اکبر عبدی و زنده یاد فتحعلی اویسی,https://www.youtube.com/watch?v=iblvEC8Ci1I
جناب خان عصبانی شده می خواد چوبو ب... 🙊😂😂,https://www.youtube.com/watch?v=teDjuW7S9k8
سریال کمدی باحال ساختمان پزشکان با بازی بهنام تشکر ◀ قسمت سی و هشتم,https://www.youtube.com/watch?v=fK6QbEYNj78
باغ مظفر  | یک اشراف زاده هیچ وقت در نمی زنه,https://www.youtube.com/watch?v=9KD0V5cJs0s
داریوش و شهرام شب پره در یک قاب نمی گنجند! 🤣 دم خروس,https://www.youtube.com/watch?v=wNCZGQenEAo
خواستگار محترم 😍 فیلم سینمایی کمدی و عاشقانه با هنرنمایی فرهاد آئیش,https://www.youtube.com/watch?v=Lyq2JVsLndE
جناب خان مسائل خصوصی و شخصی رامبد جوان رو لو داد!! 😱😱🤣🤣,https://www.youtube.com/watch?v=AX9WhsbZK2Q
سریال کمدی باحال ساختمان پزشکان ◀ قسمت سی و هفتم,https://www.youtube.com/watch?v=0u3oSFCNB1o
ساختمان پزشکان  | حالا این کی هست ، منم برم دماغمو عمل کنم,https://www.youtube.com/watch?v=boY0Fp-yAdM
قوتویی برای افزایش میل جنگی مردم در تونل مکان | دم خروس,https://www.youtube.com/watch?v=tp-HRQljucc
انیمیشن قمپز: ما رو خر فرض کردین یا مارو فر خرض کردین؟ 😁😁,https://www.youtube.com/watch?v=eKab9_jl6Yo
کادوی ویژه جناب خان برای رجبی ها: داروی ضد اسهال 😁😂,https://www.youtube.com/watch?v=6cu89Q4YyMM
سریال کمدی نوستالژی باحال ساختمان پزشکان ◀ قسمت سی و ششم,https://www.youtube.com/watch?v=65mPoPcUCxA
باغ مظفر  |  این سه چهارتا شوهر رو سر به نیست کرده,https://www.youtube.com/watch?v=gSVlVoIbAw0
فشیون روز با شعله بیوتی دیزاین 🤣 دم خروس,https://www.youtube.com/watch?v=290RtQhCLQI
انیمیشن قمپز: نه به واکسن اجباری (طنز) 😁😁,https://www.youtube.com/watch?v=hocyKMslWrU
یک فراری از بگبو 😃 کمدی درجه یک با بازی علی صادقی,https://www.youtube.com/watch?v=iYuqqjs7U4k
سریال کمدی باحال ساختمان پزشکان ◀ قسمت سی و پنجم,https://www.youtube.com/watch?v=xTe6NvLhEbc
خندوانه  | از نظر روانی کارهایی که پدر احلام در حق ما میکنه روا نیست,https://www.youtube.com/watch?v=iUkM6pdNjtg
ساختمان پزشکان   | دکتر ملکی هم با خانم شیرزاد اسفناج سبز میکنن,https://www.youtube.com/watch?v=PuNBp9h5VFk
دعوای تاریخی عروس و مادرشوهر در تونل مکان | دم خروس,https://www.youtube.com/watch?v=d4JSxHaQInQ
چپ دست 😄🤩 فیلم سینمایی کمدی با هنرنمایی لیلا اوتادی و حمید گودرزی,https://www.youtube.com/watch?v=LgdSW1j-UZ4
سریال کمدی باحال ساختمان پزشکان ◀ قسمت سی و چهارم,https://www.youtube.com/watch?v=n1Lam6YreiM
باغ مظفر |  بلند شو برو خونه شوهرت قیافت رو نبینم,https://www.youtube.com/watch?v=_vzzHCw5StY
قلنج شکنی با همایون شجریان و سحر دولتشاهی 🤣 دم خروس,https://www.youtube.com/watch?v=oBWl3yQ6Cxg
ساختمان پزشکان سریال کمدی باحال با بازی هومن برق نورد ◀ قسمت سی و سوم,https://www.youtube.com/watch?v=v9atjNVOQJk
خندوانه   | اگه کسی غیر از من اسم احلام رو بیاره دهنش رو کاه گل میگرم,https://www.youtube.com/watch?v=l6zXS6ykDCY
ساختمان پزشکان   | نباید از دماغتون خجالت بکشین،چون ژنتون اینجوریه,https://www.youtube.com/watch?v=ZDUOEEMui8k
آقازاده حیا کن مملکت رو رها کن در تونل مکان | دم خروس,https://www.youtube.com/watch?v=CrynDP0VvQc
سریال کمدی باحال ساختمان پزشکان ◀ قسمت سی و دوم,https://www.youtube.com/watch?v=6mMyiVdDpq0
باغ مظفر | این لباس ها چیه پوشیدی مگه اومدی بالماسکه,https://www.youtube.com/watch?v=L6Ip-FmjwVk
رزومه 100 در 70 تمام قد رنگی ترجیحاً خوش هیکل و مهربان 🤣 دم خروس,https://www.youtube.com/watch?v=98X97whkCqM
حمید لولایی و مریم امیرجلالی  در فیلم سینمایی کمدی قبر مشترک 😁😁,https://www.youtube.com/watch?v=z1RVGFbs28I
سریال کمدی باحال ساختمان پزشکان ◀ قسمت سی و یکم,https://www.youtube.com/watch?v=9yjvd5_dxh8
کشته شده های میدون تیان آن من در تونل مکان | دم خروس,https://www.youtube.com/watch?v=btslpx4PvqU
شقایق دهقان در سریال کمدی نوستالژی ساختمان پزشکان ◀ قسمت سی ام,https://www.youtube.com/watch?v=3CyBomxW3Go
خندوانه   | احلام دوست داره بهش بگم خانم دکتر,https://www.youtube.com/watch?v=UHuC4jLR5Jc
ساختمان پزشکان  | کار منشی دکتر آبروداریه؟,https://www.youtube.com/watch?v=4gNy1qtJBl4
صفر کیلومتر یا کارکرده در حد نو؟! 🤣 دم خروس,https://www.youtube.com/watch?v=7k_ig3FsbGY
زنده یاد فتحعلی اویسی در فیلم سینمایی کمدی مادر زن سلام 😄😄,https://www.youtube.com/watch?v=KVCIE3qYHoY
جناب خان رامبد رو می پیچونه با خودش تولد نمی بره! 😂🤣,https://www.youtube.com/watch?v=bbYraA9hoKs
سریال کمدی باحال ساختمان پزشکان ◀ قسمت بیست و نهم,https://www.youtube.com/watch?v=FOtfwZIr2T0
باغ مظفر |  به من رحم نمی کنید به زنم رحم کنید,https://www.youtube.com/watch?v=CrS1-rTgpT4
ترامپ خودش بستر زخم کنه! 🤣 دم خروس,https://www.youtube.com/watch?v=8BJbhDa7IKA
برنامه ورزشی سه شنبه های جناب خان: دعوا با محمود نسیمی با چماق 🤣🤣,https://www.youtube.com/watch?v=jV0mmkoilp4
سریال کمدی باحال ساختمان پزشکان به کارگردانی سروش صحت ◀ قسمت بیست و هشتم,https://www.youtube.com/watch?v=n3-JRwV1uDg
ساختمان پزشکان   |  می خواین سکه ونزوئلا یی مهریه بدین,https://www.youtube.com/watch?v=9dBDrqVa8MU
خندوانه  | بایرام قاطی کرده رو خانم برنجی و کنجدی حساسه,https://www.youtube.com/watch?v=6IHRjYd0MtI
مبارزه برای فین کردن با صدای بلند در تونل مکان | دم خروس,https://www.youtube.com/watch?v=4p7IoSTV3Uk
حلقه های ازدواج فیلمی کمدی با بازی بهترین کمدین های سینما,https://www.youtube.com/watch?v=7KQYrMsVgzQ
کیا غیرتی شده، به رامبد گیر میده که واسه چی می خوای شاگردای خانم منو ببینی؟! 😂😂😂,https://www.youtube.com/watch?v=86u6od6n-Hs
سریال کمدی باحال ساختمان پزشکان ◀ قسمت بیست و هفتم,https://www.youtube.com/watch?v=uv2dacaLBkA
باغ مظفر  | آخه  مگه همچین خانی ما تو تاریخ داشتیم,https://www.youtube.com/watch?v=SFd7Pq0XlLI
شعله بیوتی: مادر دیت خاورمیانه 🤣 دم خروس,https://www.youtube.com/watch?v=Tp46YW34XxE
سریال کمدی باحال ساختمان پزشکان ◀ قسمت بیست و ششم,https://www.youtube.com/watch?v=3M0DCkhU8bQ
ساختمان پزشکان  | اینا میخوان تمام اموال منو از چنگم در بیارن,https://www.youtube.com/watch?v=p2l7O0f9708
خندوانه  | این زیر شلوارمو خیییییلی گرون خریدم,https://www.youtube.com/watch?v=127TrrdpoVo
پلنگ السلطنه سوگلی محبوب ناصرالدین شاه در تونل مکان | دم خروس,https://www.youtube.com/watch?v=0AZ8fgBnGHo
سحر قریشی و نیما شاهرخ شاهی در فیلم سینمایی کمدی رجب آرتیست می شود,https://www.youtube.com/watch?v=kB5WmnMF7tc
سریال کمدی نوستالژی ساختمان پزشکان با بازی نعیمه نظام دوست ◀ قسمت بیست و پنجم,https://www.youtube.com/watch?v=Nz8PbczQCoU
باغ مظفر   | خونشون رو ندیدین  پر از وسایله عتیقه ست,https://www.youtube.com/watch?v=qv2RKPWrYxo
آخرین غوغای شعله بیوتی 🤣 دم خروس,https://www.youtube.com/watch?v=_knqA1LEz7c
فیلم سینمایی کمدی، جذاب و دیدنی تولد جنجالی 😄🎉,https://www.youtube.com/watch?v=iqcwOBpJ8go
سریال کمدی باحال ساختمان پزشکان ◀ قسمت بیست و چهارم,https://www.youtube.com/watch?v=1W7OcnnZNto
خندوانه  |  بچه پانزده روزه چه نیازی به اجازه خارج رفتن میخواد آخه,https://www.youtube.com/watch?v=GI8bqxrVzxs
ساختمان پزشکان  | تو چند ثانیه  پدر دکتر رو کشت خاکشم کرد,https://www.youtube.com/watch?v=PTpETni4ncA
فرزند خواری به شیوه استالین در تونل مکان | دم خروس,https://www.youtube.com/watch?v=DXGocBmavtc
فیلم کمدی ایرانی سیلی شیرین 😆 عاشقی که با حساب و کتاب نمیشه!,https://www.youtube.com/watch?v=-xEInCeR4c8
سریال کمدی باحال ساختمان پزشکان ◀ قسمت بیست و سوم,https://www.youtube.com/watch?v=_Uycsyu97DY
باغ مظفر  |  قوزفیچ  بیماری خطرناکیه واسه مردها,https://www.youtube.com/watch?v=4AZeLAndFr0
مردان عاقل و زنان بی آبرو🤣 دم خروس,https://www.youtube.com/watch?v=k31HnAJr-zc
فیلم سینمایی کمدی و باحال بازنشسته ها 😂,https://www.youtube.com/watch?v=FTM0JJS4bFs
جناب خان می خواد رامبد رو بندازه زندان تا گیساش مثل دندوناش سفید شه 🤣😁🤣,https://www.youtube.com/watch?v=ocVkfribATw
ساختمان پزشکان سریال کمدی نوستالژی با بازی بهنام تشکر و شقایق دهقان😂 ◀ قسمت بیست و دوم,https://www.youtube.com/watch?v=aVRWWpKxd7c
خندوانه  | تو میای مهمونی چرا به خودت عطر نمیزنی,https://www.youtube.com/watch?v=ADTmfyZ15fs
ساختمتن پزشکان  | من فعلا دارم خواستگارامو بررسی میکنم,https://www.youtube.com/watch?v=XeSwXVMup7o
نجات بشر توسط کایلی جنر در تونل مکان | دم خروس,https://www.youtube.com/watch?v=yDe0z52LFXo
فیلم کمدی ایرانی دامادی به نام صفر با بازی یوسف تیموری و سحر ولدبیگی 😆,https://www.youtube.com/watch?v=aFNm7qiuOug
سریال کمدی باحال ساختمان پزشکان🤣 ◀ قسمت بیست و یکم,https://www.youtube.com/watch?v=TcP3u_89jP0
باغ مظفر  | یاد فردای  روز عروسیمون افتادم,https://www.youtube.com/watch?v=2vPRXN8X7xk
تو کرونا رو بگیر خیالت راحت بقیه‌اش با من! 🤣 دم خروس,https://www.youtube.com/watch?v=Jzshd20S1qo
سریال کمدی باحال ساختمان پزشکان ◀ قسمت بیستم,https://www.youtube.com/watch?v=9K8KXfEHaV4
خندوانه  |  قلدر بازی جناب خان جلو احلام کار دسش داد,https://www.youtube.com/watch?v=kbtqL0_iBio
ساختمان پزشکان   | من طوری رفتار کردم که کسی نفهمید,https://www.youtube.com/watch?v=kK8AQAH4odU
تا روغن بنفشه هست چرا واکسن؟! 🤣غیرعلنی | دم خروس,https://www.youtube.com/watch?v=mXdRCkX0v0w
اگه رامبد جوان دهه شصت مجری بود... 😂😂😂,https://www.youtube.com/watch?v=iE1kv9XQyvU
هومن‌ برق‌نورد درسریال کمدی باحال ساختمان پزشکان ◀ قسمت نوزدهم,https://www.youtube.com/watch?v=2Q5ui7aWPy8
باغ مظفر  |  ما تصادفی از این هپروت ها تو جیبمون پیدا میشه,https://www.youtube.com/watch?v=gKjJOsPQpeg
مشتری مورد دار و بی شعوری خودخواسته شعله بیوتی 🤣 دم خروس,https://www.youtube.com/watch?v=oNuI5kmZXfk
حرفای دلی جناب خان برای علی انصاریان و مهرداد میناوند 💔💔,https://www.youtube.com/watch?v=5Aq4y3ERHSc
سریال کمدی باحال ساختمان پزشکان ◀ قسمت هجدهم,https://www.youtube.com/watch?v=JBbmULRtKWA
ساختمان پزشکان   | شما تو فیلم اره بازی کردین,https://www.youtube.com/watch?v=FxTkKiZtf3s
تغییر تاریخ عراق با یه آب نبات و یه سیلی و یه بچه ننر در تونل مکان | دم خروس,https://www.youtube.com/watch?v=gvbrrrIxLMk
آخرین متد جناب خان برای به دست آوردن دل احلام!! 😂😂 داری اشتباه می زنی دادا! 🤦‍♂️😂,https://www.youtube.com/watch?v=1OPNiK0lX98
بهنام تشکر درسریال کمدی باحال ساختمان پزشکان 😂◀ قسمت هفدهم,https://www.youtube.com/watch?v=LJIj4oefZws
باغ مظفر  | من میخوام برای همسر آیندم یه زندگی رویایی بسازم,https://www.youtube.com/watch?v=HjOotSkRM8s
شعله بت سایت جدید شرطبندی شعله بیوتی 🤣 دم خروس,https://www.youtube.com/watch?v=fhnfl3fo9wU
رامبد عصبی شده فحش ناموسی میده وسط برنامه! جناب خان می خواد آرومش کنه! 🤬😂,https://www.youtube.com/watch?v=P4BDX3NslYs
سریال کمدی باحال ساختمان پزشکان ◀ قسمت شانزدهم,https://www.youtube.com/watch?v=zABg70f_AhQ
خندوانه  |  من اگه توهند بودم همین راه رفتنم حرکت موزون حساب میشد,https://www.youtube.com/watch?v=zz2tnnFBzOQ
ساختمان پزشکان  | اینو از کجا پیدا کردین واقعا,https://www.youtube.com/watch?v=Aso2QtaCwOE
از جنایتکاران وطن فروش ایران ناسیونال تا مدیران باکفایت ایران خودرو در تونل مکان | دم خروس,https://www.youtube.com/watch?v=9TwfcxOPN30
سریال کمدی باحال ساختمان پزشکان ◀ قسمت پانزدهم,https://www.youtube.com/watch?v=RbwNQk30VfU
باغ مظفر |  گارسون این دوهزاری رو بگیر و چند دیقه ای این دوروبر نبینمت,https://www.youtube.com/watch?v=wnCIHlCSbSA
هم خوشگل است هم بور است 🤣غیرعلنی | دم خروس,https://www.youtube.com/watch?v=r-Q3YmIFkPw
شقایق‌دهقان درسریال کمدی باحال ساختمان پزشکان ◀ قسمت چهاردهم,https://www.youtube.com/watch?v=Ohsmr-Jctoo
ساختمان پزشکان | خاک تو سرم شما گفتین رابطه خوب است,https://www.youtube.com/watch?v=4lpnS9nz7vk
اهمیت اون چند گرم بیشتر مردا با شعله بیوتی 🤣 دم خروس,https://www.youtube.com/watch?v=e307w4avx0w
فیلم سینمایی و کمدی وفا با بازی و کارگردانی رضا شفیعی جم 😉,https://www.youtube.com/watch?v=h78dBlD5xk0
کیا و رفقای اینترنتی جدیدش؛ خانم کنجدی و خانم روغنی 😂😂,https://www.youtube.com/watch?v=3_-uO2gxoTw
بیژن بنفشه‌خواه درسریال کمدی باحال ساختمان پزشکان ◀ قسمت سیزدهم,https://www.youtube.com/watch?v=wG4V81YfTE8
دورهمی  |  مگه خودتون پیرزن ندارین پیرزن مردم رو اذیت میکنین,https://www.youtube.com/watch?v=zJ0n2WSIhqY
باغ مظفر  | این دختره  با این دماغش چه دامادی باهاش عروسی میکنه,https://www.youtube.com/watch?v=P0Z2CSIEjzs
ویلا با ژیلا در تونل مکان | دم خروس,https://www.youtube.com/watch?v=d_Wxexjlj9U
انیمیشن قمپز: دنیای بدون محمدرضا گلزار! 😁😁,https://www.youtube.com/watch?v=1LrsIPjcE4U
بایرام از خانومش کتک می خوره، میگه دوست دارم خشونت رو!! 😂😂😂,https://www.youtube.com/watch?v=H6CebgNEZgM
سریال کمدی باحال ساختمان پزشکان ◀ قسمت دوازدهم,https://www.youtube.com/watch?v=NPTzxN46b7g
ساختمان پزشکان  | پژمان جمشیدی دیونه شده اومده پیش روانشناس,https://www.youtube.com/watch?v=9Z4SyUVbaEs
خشونت علیه نمایندگان مجلس را پایان دهید! 🤣غیرعلنی | دم خروس,https://www.youtube.com/watch?v=SAJub9E7pVA
من پلیس نیستم فیلمی کمدی با بازی و کارگردانی مهران غفوریان 😁🎉,https://www.youtube.com/watch?v=GA81fH_Rgh0
سریال کمدی باحال ساختمان پزشکان ◀ قسمت یازدهم,https://www.youtube.com/watch?v=pPW-y2Bv2Kk
باغ مظفر  |  چرا نمیخواین طرف جونش براتون درآد,https://www.youtube.com/watch?v=V3Rs0jsf4lM
اومدی زیارت یا که چشم چرونی؟ 🤣 تونل مکان | دم خروس,https://www.youtube.com/watch?v=FtjTPxijvCY
زیگزاگ فیلمی کمدی با بازی امیرحسین رستمی و لیندا کیانی ❤,https://www.youtube.com/watch?v=1VgGvMuSmd4
همکاری مشترک جناب خان و پینک فلوید! 😉,https://www.youtube.com/watch?v=TsIe53bHLAQ
سریال کمدی باحال ساختمان پزشکان ◀ قسمت دهم,https://www.youtube.com/watch?v=HP0WCASLnuY
ساختمان پزشکان  | هیچ چیزی همین جوری الکی نمیاد پایین؟,https://www.youtube.com/watch?v=IUtMeqBD47Q
همه نمایندگان کال آف دیوتی باز مجلس! 🤣غیرعلنی | دم خروس,https://www.youtube.com/watch?v=NDJQXWoo2wM
جواد رضویان در فیلم سینمایی کمدی : به روح پدرم 😁,https://www.youtube.com/watch?v=3MbKs4uKr8M
سریال کمدی باحال ساختمان پزشکان ◀ قسمت نهم,https://www.youtube.com/watch?v=qn-7cqlGLhU
دورهمی  | مهران به قرآن قسم داغون داغونم,https://www.youtube.com/watch?v=sAtpZPj6U0M
باغ مظفر  |  آدم باید سوء استفاده هاش رو بکنه دیگه,https://www.youtube.com/watch?v=_qg7QNMKE6Y
برادران قاچاقچی در تونل مکان | دم خروس,https://www.youtube.com/watch?v=LUzRcIQica8
فیلم سینمایی کمدی پنج شنبه آخر ماه با بازی سینا مهراد و شبنم قلی خانی,https://www.youtube.com/watch?v=AUteYsskeuk
شقایق دهقان درسریال کمدی باحال ساختمان پزشکان ◀ قسمت هشتم,https://www.youtube.com/watch?v=HKqkfGzoD2E
ساختمان پزشکان  |  عمل عدم اتصال و ممانعت از ورود دو تا مقوله ی مجزاست,https://www.youtube.com/watch?v=EqPmj0p4gZ0
شکست عشقی زیر نظر شعله بیوتی 🤣 دم خروس,https://www.youtube.com/watch?v=ii4sEd3hUS4
ازدواج مشروط ❤👈 فیلم سینمایی کمدی با بازی علی صادقی,https://www.youtube.com/watch?v=5f8dY-Ag9i0
دورهمی ساده به سبک جناب خان 😂😂😎😎,https://www.youtube.com/watch?v=2bCzVA0vJ-Y
نعیمه نظام‌دوست درسریال کمدی باحال ساختمان پزشکان ◀ قسمت هفتم,https://www.youtube.com/watch?v=yTGruyDsEG4
باغ مظفر | من حاضر نیستم با هر آدم بی اصل و نسبی ازدواج کنم,https://www.youtube.com/watch?v=h7ODlkyK8kE
الکی ادای حال بدا رو در نیار! 🤣غیرعلنی | دم خروس,https://www.youtube.com/watch?v=37l8FqcXmgk
فیلم سینمایی کمدی یک اتفاق ساده با هنرنمایی مهران غفوریان و سحر قریشی 😁,https://www.youtube.com/watch?v=ChG7dz7YJhI
جناب خان زده تو کار قاچاق محصولات صوتی و تصویری 😂😂,https://www.youtube.com/watch?v=Fx95VpHosIM
سریال کمدی باحال ساختمان پزشکان با بازی بهنام تشکروشقایق دهقان ◀ قسمت ششم🤣,https://www.youtube.com/watch?v=y_T8eHjB6n4
ساختمان پزشکان | هیچ وقت کفش کِرم رو با مقنعه سرمه ای سرم نمیکنم,https://www.youtube.com/watch?v=bUB4NX8pXVU
ماساژ با هپی اندینگ 🤣 تونل مکان | دم خروس,https://www.youtube.com/watch?v=_OJosB_zLBI
انیمیشن قمپز: وزارت راه,https://www.youtube.com/watch?v=7JvPFZUEcn4
استندآپ کمدی باحال و خنده دار میثم درویشان پور از تفریحات قدیم دهه شصتیا 😂😂,https://www.youtube.com/watch?v=T3wjORiEH5Q
خانم شیرزاد درسریال کمدی باحال ساختمان پزشکان ◀ قسمت پنجم,https://www.youtube.com/watch?v=Agt25RUtrm8
باغ مظفر   | وقتی امیر سام  بهم پیشنهاد ازدواج داد باورم نشد,https://www.youtube.com/watch?v=2PFSUTaruUM
او کیست؟ تبدیل کننده ریال به پیاز و دلار به خیار 🤣 تونل مکان | دم خروس,https://www.youtube.com/watch?v=D3BV4fWL7rg
تایماز موتوری فیلمی کمدی با بازی علی صادقی و یوسف تیموری,https://www.youtube.com/watch?v=p3R8P0JwbaY
جناب خان می خواد شبنم مقدمی رو ببره پاری سن ژرمن بذاره کنار نیمار 🤣🤣,https://www.youtube.com/watch?v=VfOTOtihpeQ
سریال کمدی باحال ساختمان پزشکان ◀ قسمت چهارم,https://www.youtube.com/watch?v=F_5e-G22YW4
زیر و بم های سریال قورباغه با استاد کاظمی | دم خروس,https://www.youtube.com/watch?v=18q9Z29G3no
فیلم سینمایی خنده دار و کمدی پاپوش باهنرنمایی علی صادقی، مجید صالحی و شقایق دهقان 😁,https://www.youtube.com/watch?v=iCuvSVd3me8
سریال کمدی باحال ساختمان پزشکان ◀ قسمت سوم,https://www.youtube.com/watch?v=lUQ441g7DmI
ساختمان پزشکان  |  چه ایرادی داره بعدن خودش خشک میشه,https://www.youtube.com/watch?v=-oHlpHn5bfI
باغ مظفر  | این بهترین لباس منه فاستونی درجه یکه,https://www.youtube.com/watch?v=Kw6BybabWM8
زالوی زمین خوار 🤣 تونل مکان | دم خروس,https://www.youtube.com/watch?v=1oT9OGb3nqQ
علی صادقی و جواد رضویان در فیلم کمدی و خفن دم سرخ ها🤣,https://www.youtube.com/watch?v=GmuN243_DgM
ته موسیقی راک ایران : جناب خان 😂😂🎸🎤🎶,https://www.youtube.com/watch?v=gqhNYuALY8A
سریال کمدی باحال ساختمان پزشکان ◀ قسمت دوم,https://www.youtube.com/watch?v=LGCwwq3KEvk
خندوانه  | بایرام خندوانه رو رسما به باغ وحش تبدیل کرد,https://www.youtube.com/watch?v=rikBugwDhGc
دورهمی  |  راضی هستین که همه اینا پخش بشه مردم ببینن,https://www.youtube.com/watch?v=uHPTdhLfxFE
چگونه پلنگ شویم؟ 🤣 تونل مکان | دم خروس,https://www.youtube.com/watch?v=2uswDlp7Cr4
انیمیشن قمپز: دما,https://www.youtube.com/watch?v=p-FvvtQf4Ew
تینا آخوندتبار و حامد کمیلی در فیلم سینمایی طلاق به سبک ایرونی,https://www.youtube.com/watch?v=yvbK1YMsiNc
سریال کمدی باحال ساختمان پزشکان | کارگردان سروش صحت ◀ قسمت اول,https://www.youtube.com/watch?v=MX9JKccoKUk
ساختمان پزشکان  | من همیشه این اورژانس و آژانس رو با هم قاطی میکنم,https://www.youtube.com/watch?v=2P5Y1CurpwQ
باغ مظفر | آخه یه مرد چقدر میتونه تمیز و مرتب باشه,https://www.youtube.com/watch?v=k-z2fRpMKNA
بارداری از اینترنت! 🤣 استاد کاظمی | دم خروس,https://www.youtube.com/watch?v=hlCX-g51QlA
پسر ارشد من | فیلم کمدی ایرانی با بازی مریم امیرجلالی و رضا بابک,https://www.youtube.com/watch?v=lHs1-hHnDVk
دورهمی  |  یه صندل جلو باز دارم طرح سرویس بهداشتی,https://www.youtube.com/watch?v=L9PQA7hyfb4
دورهمی | ما تو فاز اول تشخیص میدیم تو فاز دوم کالای مربوط به تشخیصمون رو میفروشیم,https://www.youtube.com/watch?v=r26-ljiv8xE
شما خیلی غلط می کنی بری هنرستان نمایش بخونی! 😂 شعله بیوتی | دم خروس,https://www.youtube.com/watch?v=RAS_XMkBAcI
فیلم کمدی ایرانی ارث شیرین با بازی یوسف تیموری و زنده یاد سیروس گرجستانی,https://www.youtube.com/watch?v=8vZ2DnBGmvg
کامبیز شب عاشقانه جناب خان و احلام رو بهم زد! دل جناب خان بدجور شکسته! 💔😞😵,https://www.youtube.com/watch?v=MoA1vMfBo_I
دورهمی  | ژست حاضری برای عشقمون چیکار کنی,https://www.youtube.com/watch?v=vImJquEKSBQ
دورهمی  |  خوردم وااااااای الان چقده خوبم,https://www.youtube.com/watch?v=YmmBuEEe98k
جناب خان با پارچه پیرهنی رامبد، خشتک شلوار عمو اصغر رو دوخته! 😂😂😂,https://www.youtube.com/watch?v=dpx4fHQyzWI
دورهمی  | بریم چهار راه  پارک وی لیف بفروشیم با صابون,https://www.youtube.com/watch?v=RS_c5rPcYf4
دورهمی  |  ای روزگار آدم ها به خاطر پول چرا عوض میشن,https://www.youtube.com/watch?v=Hod-xsaGTEI
سری جدید مسابقه طنز هوش برتر: ما خودمون زخم خورده دزد زالوصفتیم! 😂😂,https://www.youtube.com/watch?v=fTwNWSvOwaw
علی صادقی و یوسف تیموری در فیلم کمدی ایرانی عاشقی با اعمال شاقه 😉,https://www.youtube.com/watch?v=W1sqru70YA4
جناب خان برا هر کی تولد بگیره بیچاره ش می کنه 🤣🤣,https://www.youtube.com/watch?v=jwH3ZA15C9A
دورهمی  | قیمت به مهران مدیری پیشنهاد میده که زوج هنری بشن,https://www.youtube.com/watch?v=HYTcfk5Bjcs
دورهمی  | من هیچی تو صورتم عملی نیست مخصوصا دماغم,https://www.youtube.com/watch?v=455OSkqzj2U
سری جدید مسابقه طنز هوش برتر: کی با فاق و خشتک و شلوار در ارتباطه؟ 😂😂,https://www.youtube.com/watch?v=Cigegb80f-c
فیلم کمدی ایرانی با من شوخی نکن با بازی رضا شفیعی جم، بهزاد محمدی و مرجانه گلچین 😆,https://www.youtube.com/watch?v=0ajdgSTgVtI
دورهمی  |   به سلامتی بازیگری که عوض شد ولی عوضی نشد,https://www.youtube.com/watch?v=p4x3ZtnaFf0
دورهمی  |  بزرگترین عامل بدشانسیتون همین شوهر چغر و بد بدنه,https://www.youtube.com/watch?v=TbxI59jNOvM
سری جدید مسابقه طنز هوش برتر: احتمال هندی بودن مادر حجر بن عدی! 😂😂,https://www.youtube.com/watch?v=u4lz8Vi6hpw
فیلم کمدی ایرانی لیموترش ساخته جواد رضویان با بازی هوشنگ حریرچیان و ارژنگ امیرفضلی 😆,https://www.youtube.com/watch?v=lNYqcK4MIH8
کلاس جدید جناب خان: چگونه در 10 جلسه نقل محافل باشیم با استاد زرافه زاده! 🤣🤣,https://www.youtube.com/watch?v=oA8mxprS1Ns
سری جدید مسابقه طنز هوش برتر: نقد بی رحمانه به وضع اقتصاد! 😂😂,https://www.youtube.com/watch?v=c5nV_QXSKxY
جناب خان کنکور داره ولی نمیدونه پاسخنامه چیه! 🤣🤣,https://www.youtube.com/watch?v=k3INXLaI6ag
دورهمی  | اگه مشکلی داری آزمایش نمیدی به خودم بگو ماس مالیش کنم,https://www.youtube.com/watch?v=n3LV7lCpiXw
دورهمی  | عجیب ترین خواستگاری که تا حالا شنیده بودم,https://www.youtube.com/watch?v=oGQ9Hy9Ns2o
سری جدید مسابقه طنز هوش برتر: عین کروکودیل دهنتو باز نکن! 😂😂,https://www.youtube.com/watch?v=Awlr1IF1VCU
انیمیشن قمپز: برزخ,https://www.youtube.com/watch?v=vWzpDdm3YFI
جناب خان قرار بوده نقش حاج کاظم رو به جای پرویز پرستویی بازی کنه 😂😂😂,https://www.youtube.com/watch?v=AKcTA1abikg
خندوانه  | وارد حریم خصوصی زندگی مردم نشیم,https://www.youtube.com/watch?v=FmhpFEDEmho
سری جدید مسابقه طنز هوش برتر: درود به شرف حضرت حافظ! 😁,https://www.youtube.com/watch?v=6Zp85uKuC0Y
آهنگ کردی جناب خان به افتخار همه کردها 🤩🤩🤩,https://www.youtube.com/watch?v=oVkHy7wGWsI
سری جدید مسابقه طنز هوش برتر: این همه پول دارن باز چشمشون به یه ذره پول ماست!! 😵😒,https://www.youtube.com/watch?v=ADocg1ly-eU
رابطه عمیق و قلبی جناب خان و راکی 4 و فرانکی 😂😂😂,https://www.youtube.com/watch?v=K_1q4yG7TQc
دورهمی  | من یه بغل بدم حالت خوب شه,https://www.youtube.com/watch?v=TVGhZNq5_os
دورهمی  |  خواهر گله گیهات به سرم ،عروسی پسرم,https://www.youtube.com/watch?v=_nbhKasj-XI
دعوای شرکت کنندگان مسابقه طنز هوش برتر! 😂😂,https://www.youtube.com/watch?v=7fGL3sltQgM
آزمایش روی جناب خان ریتمیک به همراه رقص 😂😂😂,https://www.youtube.com/watch?v=cQXJZyW3N-Y
دورهمی  | جانی شلوارش دوتاشده,https://www.youtube.com/watch?v=QIzKRc17zvM
دورهمی  | من اگه پول داشتم برم مسافرت که نمیومدم اینجا بدم بدم راه بندازم,https://www.youtube.com/watch?v=xyAK_o4m05w
سری جدید مسابقه طنز هوش برتر: رقص هندی مجری وسط برنامه ! 😂😂,https://www.youtube.com/watch?v=yYsrui38fUA
گلایه جناب خان به بهنام: هی گفتم این فیلمای 18+ نشون من نده! 😂😂😂,https://www.youtube.com/watch?v=e8qAhDlHakE
دورهمی  |  ایشالا این بالا هیچکی به حرفات نخنده سنگ رو یخ بشی,https://www.youtube.com/watch?v=Q9rig8cFKHI
دورهمی {غده هیپوفیزم اذیتم میکنه,https://www.youtube.com/watch?v=vckNNFc6iNA
سری جدید مسابقه طنز هوش برتر: این چه وضعیه؟ مگه سیزده به دره؟! 😂😂,https://www.youtube.com/watch?v=ozkr0mwbgT8
جناب خان شاه حسینی رو آتیش می زنه!! 😱😱😂,https://www.youtube.com/watch?v=-8KtDKBOnTM
دورهمی  |  آدم تو عروسی نوه ش باید بخوره دیگه,https://www.youtube.com/watch?v=wGcwqrdCeXk
دورهمی   | در این مسابقه قدرت و سرعت داماد مشخص میشه,https://www.youtube.com/watch?v=ZH3TPyCJWDs
سری جدید مسابقه طنز هوش برتر: با زن من چی کار داری؟! 😂😂,https://www.youtube.com/watch?v=DOiWpEPDbQs
جناب خان می خواد زنگ بزنه رفقاش بیان رامبدُ ببافن! 😂😂😂,https://www.youtube.com/watch?v=eXiadCGV4BE
دورهمی   | این مزمهل داره بیشتر از این به ازمهلال دچار میشه,https://www.youtube.com/watch?v=J7lrYDxbLr8
دورهمی  |  آنکه مرا مونس و جان بود پدر بود,https://www.youtube.com/watch?v=csOMayAfy8A
سری جدید مسابقه طنز هوش برتر: مرفه بی درد بی روغن! 😂😂,https://www.youtube.com/watch?v=Lb72pzTAO_A
انیمیشن قمپز: سخت ترین دوراهی این روزها,https://www.youtube.com/watch?v=k6gGDaP-SBU
گیر دادن بایرام به رامبد: منو به دنیا آوردی باید بهم برسی 🤣🤣,https://www.youtube.com/watch?v=WySJJPvDJHE
دورهمی  |   دلبر فقط یکیه اونم رفیق,https://www.youtube.com/watch?v=POI2tk7S5Y8
سری جدید مسابقه طنز هوش برتر: ببین می تونی یه کاری کنی ف. ک. بیاد بگیرتمون؟! 😂😂,https://www.youtube.com/watch?v=NvxLYvZFo7s
آهنگ عربی جناب خان با عشق تقدیم به همه عرب ها 🤩🤩🤩,https://www.youtube.com/watch?v=xSOYy2aFXK8
سری جدید مسابقه طنز هوش برتر: خدا یکی زن یکی! من با دلارام چی کار دارم؟! 😂😂,https://www.youtube.com/watch?v=ZMT9FtU1ZgY
از کنار پارک های تهران رد شی تا 40 روز تست اعتیادت مثبت میشه 🤣🤣 استندآپ کمدی باحال حسین شاهرخیان,https://www.youtube.com/watch?v=ckCx1G9oBfc
کل کل فوتبالی شرکت کننده های پرسپولیسی و استقلالی وسط مسابقه طنز هوش برتر!! 😂😂,https://www.youtube.com/watch?v=-yIfaIddX5I
رقابت تموم نشدنی جناب خان و کامبیز سر به دست آوردن احلام 😂😂,https://www.youtube.com/watch?v=Weqm3AA5usI
سری جدید مسابقه طنز هوش برتر: اینا به روح اعتقاد ندارن!! 😂😂,https://www.youtube.com/watch?v=3NNEu9o-4V8
اگه یه روز جای سهیل غلامرضاپور با باباش عوض شه چی میشه 🤣🤣🤣,https://www.youtube.com/watch?v=0-OtnUVgx9M
سری جدید مسابقه طنز هوش برتر: وای به روزی که بفهمد ننه ات!! 😂😂,https://www.youtube.com/watch?v=JcHEXjopE1k
کل کل تموم نشدنی جناب خان با رامبد 🤣🤣🤣,https://www.youtube.com/watch?v=H1m46HN5z5c
سری جدید مسابقه طنز هوش برتر: بهمن اومد روت؟! 😂😂,https://www.youtube.com/watch?v=cdH5htjSbAc
جناب خان بیماری مراقبتی گرفته! 😂😂 وای این قسمتو از دست ندین 🤣🤣,https://www.youtube.com/watch?v=Ee3eWOz9v_o
سری جدید مسابقه طنز هوش برتر: شما مراقب گاز خودت باش! 😂😂,https://www.youtube.com/watch?v=MnA6_pCy1pg
جهش ویروس از زبون جناب خان 😆😆,https://www.youtube.com/watch?v=q_P5ppmL480
جناب خان پول دستی می گیره! داره برا خرید نیمار پول جمع می کنه! 😂😂,https://www.youtube.com/watch?v=aeOLucolqpI
مسابقه طنز هوش برتر: علی کفاشیان به ریاست یوفا رسید! 😂😂,https://www.youtube.com/watch?v=iRVUrgQHzAM
دلیل معافیت آغا محمد خان قاجار از سربازی 😁😁 | استندآپ کمدی باحال ابوطالب حسینی,https://www.youtube.com/watch?v=l0jESFp5MHk
دورهمی  | وقتی یه عده به تلسکوپ میگن ضد هوایی,https://www.youtube.com/watch?v=alWGXTTAPo4
دورهمی  |  وقتی که من چای می خورم دنیا برام رنگ دیگه ست,https://www.youtube.com/watch?v=kCKdszX9iA0
مسابقه طنز هوش برتر: با حضور خفت گیران قلدر!! 🤣🤣,https://www.youtube.com/watch?v=qbHsKZQG2WE
جناب خان مثل همیشه ترکوند 😍😍,https://www.youtube.com/watch?v=khZsXAln9qA
دورهمی  | قیمت به همایش بین دو خط بران میرود,https://www.youtube.com/watch?v=NPFTzmBXv2w
دورهمی   | با این قیافه شما نقطه پایان علم ژنتیک هستین,https://www.youtube.com/watch?v=2j6XSFSXPi4
مسابقه طنز هوش برتر: اوزون برون اتمی!! 🤣🤣,https://www.youtube.com/watch?v=nSr0nV5mlPY
تیکه جناب خان به مسئولانی که مردم رو انداختن تو دام بورس 😐,https://www.youtube.com/watch?v=r72awH0Vi74
مسابقه طنز هوش برتر: وقتی مجری برنامه از دست شرکت کنندگان قهر می کنه و میره!! 🤣🤣,https://www.youtube.com/watch?v=brQma0b_yTs
انیمیشن قمپز: صیانت,https://www.youtube.com/watch?v=P_HN-4r7s4s
خندوانه | چیزی تو دماغ و دهن من نمی تونی بکنی ! 🤣🤣,https://www.youtube.com/watch?v=j4ok1aD5S_E
دورهمی  |  من از سوسک بدم نمیاد فقط چندشم میشه,https://www.youtube.com/watch?v=IMMBiFlEgFs
مسابقه طنز هوش برتر: کله پاچه و کارت شارژ برای حضرت حافظ!! 🤣🤣,https://www.youtube.com/watch?v=1J_MgCLXnRY
وقتی جناب خان شادی برنامه رو تقدیم می کنه به دزدان دریایی 😆😆,https://www.youtube.com/watch?v=ffTUfxFB9aE
مسابقه طنز هوش برتر با حضور هم دوره های سرجوخه هیتلر!! 🤣🤣,https://www.youtube.com/watch?v=vfCEffD0SKw
خاطره جالب جناب خان از سفرش به هند 😆😆,https://www.youtube.com/watch?v=TyxGdvQxAno
مسابقه طنز هوش برتر: حضور درخشان اشرف لپه دزد در هوش برتر!! 🤣🤣,https://www.youtube.com/watch?v=UE1-ndjC4bY
خندوانه  | اونی که میذارن لای سررسید میدن به طرف چیه؟,https://www.youtube.com/watch?v=HEbOpzYXPuM
مسابقه طنز هوش برتر: یونسکو رو سوراخ کردن!! 🤣🤣,https://www.youtube.com/watch?v=7GFsXv-go9I
مسابقه والیبال جناب خان و رقیب عشقیش سر بدست آوردن احلام,https://www.youtube.com/watch?v=gZQuWYi4Ciw
پایتخت  |  ما باید چیکار کنیم که بتونیم بریم ترکیه,https://www.youtube.com/watch?v=F7mYZRpjFGo
مسابقه طنز هوش برتر: ماشالا شما تا ده تا فلان هم جا دارین!! 🤣🤣,https://www.youtube.com/watch?v=uzN_SCppuZc
لو رفتن پارتی توسط علی صبوری 😂😂😂 خوبه سانسور نشده 😆😆😆,https://www.youtube.com/watch?v=1oWxATSRJcE
خندوانه  | وقتی جناب خان لبولبو رو به انگلیسی ترجمه میکنه,https://www.youtube.com/watch?v=tOvXvpS5oZk
جناب خان با فروش لبو می خواد مسی رو بخره برا پاریس سن ژرمن 🤣🤣,https://www.youtube.com/watch?v=xRsTKfKYDNo
خندوانه  |  من از بچگی با لبو بزرگ شدم,https://www.youtube.com/watch?v=ap-OMY933_M
مسابقه طنز هوش برتر: زیاد فشار نیارین! می ترکینا!! 🤣🤣,https://www.youtube.com/watch?v=85IOnIyRKuw
جناب خان استاد مسخره بازیه! 🤣🤣,https://www.youtube.com/watch?v=1hZhRD-94j4
مسابقه طنز هوش برتر: کلید کردن رو لیاخوف روسی ولشم نمی کنن! 🤣🤣,https://www.youtube.com/watch?v=khwIad51rhM
جناب‌خان سر تا پای رامبد جوانو قهوه ای میکنه! از قیافش تا قدش 😂😂,https://www.youtube.com/watch?v=xyoQODtuFKY
مسابقه طنز هوش برتر: این باهوشا پرتغال رو از کشوری انداختن! 😂😂🤦‍♂️,https://www.youtube.com/watch?v=ru1njEStIpM
انیمیشن قمپز: شعر و شیراز,https://www.youtube.com/watch?v=n5Ucv-p2nbw
جناب خان با زبان ژاپنی هم بی خیال رامبد نمیشه!! 🤣🤣,https://www.youtube.com/watch?v=lPPMpupLCzw
مسابقه طنز هوش برتر: 5 درصد آدم آبه! اون 5 درصدم میاد بیرون و میره!! 😆😅💧,https://www.youtube.com/watch?v=6qz-swhTseE
جناب خان گرم گرم آب شتر مصرف می کرده واسه درمان کروناش! 😅🤣🤣💧,https://www.youtube.com/watch?v=vsbL37gBjtw
مسابقه طنز هوش برتر: یه ببر وقتی لازم باشه همه کاری می کنه! 😆,https://www.youtube.com/watch?v=CkUL0SkEpuc
انیمیشن قمپز: کثافت کاری 😁,https://www.youtube.com/watch?v=3ePJKlmivBM
فحش خواهر مادر رامبد در خندوانه! جناب خان شوکه شده از دست رامبد! 😱😱,https://www.youtube.com/watch?v=3jiYz-7i8x4
مسابقه طنز هوش برتر: بز آرتروزدار در هوش برتر!! 🐐🐐😂🤣,https://www.youtube.com/watch?v=BI8McJvuPi4
پرده برداری جناب خان از رازهای زندگی بتهوون و چایکوفسکی!! 😆😆,https://www.youtube.com/watch?v=ZAdp7mYWVQo
مسابقه طنز هوش برتر: دعوای پرسپولیس و استقلال سر فتح اورست!! 🤦‍♂️😂😂,https://www.youtube.com/watch?v=5pKcdPEj618
وقتی همه جای جناب خان خالی میکنه! 😂😂 عااااااااالی از دست ندین 😂😂,https://www.youtube.com/watch?v=oNAgDKv9MVU
مسابقه طنز هوش برتر: این باهوشا مغز مجری رو رنده کردن 🤯😂,https://www.youtube.com/watch?v=WRnwKXGnqpk
مسابقه طنز هوش برتر: پانتومیم مخصوص آی کیوی زیر 10 😂😂,https://www.youtube.com/watch?v=fab0aJ_C49I
انیمیشن قمپز: تابستون,https://www.youtube.com/watch?v=f11tYTJUxrQ
جناب خان رامبد جوان رو دیوونه کرده - رامبد مادر 30 تا بچه شد ! 😂,https://www.youtube.com/watch?v=iqODhP-ZscA
مسابقه طنز هوش برتر (آخر خنده): آخه مگه لین چان فوتبالیسته؟! 🤦‍♂️😂😂,https://www.youtube.com/watch?v=xjeL8AyoIQ8
انیمیشن قمپز: رپ کردن,https://www.youtube.com/watch?v=cmoGCTgWCqM
ترسوترین و جیغ جیغوترین شرکت کننده دورهـمی با اختلاف! 😂,https://www.youtube.com/watch?v=RVP-lj2fAzw
جناب خان پیرمرد بدبختو جلوی مهمونای خندوانه تیغ میزنه 😂😂😂,https://www.youtube.com/watch?v=bUukKy2eFi4
😂😂 چگونه بین عروس و مادرشوهر روابط حسنه برقرار کنیم با روش کیا,https://www.youtube.com/watch?v=GXM1twDdBUw
جناب خان فیلم خـاک بر سـری فروخته کمیته افتاده دنبالش 😂😂,https://www.youtube.com/watch?v=cMMyAhFazB0
جناب خان دعوت شده خونه رامبد، شب هم می خواد بمونه 😆😅,https://www.youtube.com/watch?v=buJ8JBeDGOE
جناب خان رو به دوربین ادای ناز و عشوه های احلام رو در میاره! 😂😂😂,https://www.youtube.com/watch?v=tURjLwJMUhk
دورهمی | درخواست شرکت کننده دورهمی: آبرومو پیش مادرشوهرم حفظ کن! 😱,https://www.youtube.com/watch?v=z7zecrUuYdw
دورهمی | اعتراف شرکت کننده دورهمی: برای امیر خیر مزاحم شدم! 😱,https://www.youtube.com/watch?v=bvpqZcJcxc8
جناب خان شلوارشو حساااااابی خیس کرده 😂😂,https://www.youtube.com/watch?v=UicLPDNNui0
جناب‌خان گوه شانس ترین آدم دنیاست 😂😂😂,https://www.youtube.com/watch?v=5QNOb67L8Sw
محمود نسیمی قراره دهن جناب خانو سرویس کنه 😂😭,https://www.youtube.com/watch?v=WE5fKYeTzzU
جناب خان مخ رامبدو با یک گل میزنه 🤤کاش هیچوقت این صدارو نشنیده بودم 😂,https://www.youtube.com/watch?v=oKFswvKephk
دورهمی | مدیری سکته کرد از دست این خانم! 😱,https://www.youtube.com/watch?v=05e7UqmRCi4
خندوانه | لخت شدن و حموم آفتاب بایرام جلوی چشم همه همسایه ها 😅😱,https://www.youtube.com/watch?v=IAvlTn_3wo4
استندآپ کمدی فوق العاده خنده دار میثم درویشان پور از مصیبت‌های کرونا 😂😂,https://www.youtube.com/watch?v=Nj6qNOsINp4
معافیت سربازی استندآپ کمدی سهیل غلامرضاپور 🤣🤣 رامبد ترکید از خنده,https://www.youtube.com/watch?v=D6ndbxM3RIw
اجرای پشم ریزون موسیقی گیم آف ترونز توسط جناب خان در آنتن تلوزیون 😨😍,https://www.youtube.com/watch?v=sWKGPqsC_HA
تیکه مدیری به شرکت کننده دورهمی: تو خودت فایل صوتی هستی! 😅😁,https://www.youtube.com/watch?v=6U6ZHdnv8Wc
وقتی مدیری بدجنس می‌شود! شیطونه میگه با درجه 5 بچرخونمشا! 😁😆🤣🤣,https://www.youtube.com/watch?v=PFtbdXDKflo
برره  | یه دوست مثل شیرفرهاد داشته باشی دیگه نیازی به دشمن نداری,https://www.youtube.com/watch?v=OB3YKEJL39k
درمان قطعی و بدون درد با ابوطالب 🤣🤣 استندآپ کمدی خنده دار,https://www.youtube.com/watch?v=GVg-a3ZHUcU
سلبریتی‌ها با دیدن چهره جدید مهران غفوریان کف و خون قاطی میکنن!!,https://www.youtube.com/watch?v=Oje5YQr_umU
برره  | لپ های شیر فرهاد با خوردن پلو رگ به رگ شده,https://www.youtube.com/watch?v=ZIiG1Nh3lis
مراسم خاکسپاری سامورایی ها در استندآپ کمدی جنجالی و فوق خنده داااااار میثم درویشان پور 🤣🤣,https://www.youtube.com/watch?v=DnP3eV0hCR8
برره  | غذاهای برره ای در ظاهر یکین ولی محتواشان با هم فرق داره,https://www.youtube.com/watch?v=W9OAmmiQH5M
تیکه سنگین جناب خان به وزنه برداری داریوش ارجمند و یخچال لیلا حاتمی 🤣🤣🤣,https://www.youtube.com/watch?v=kmX2R21ynWA
این شرکت کننده دورهمی، مهران مدیری رو دیوونه کرد! 😱🤯,https://www.youtube.com/watch?v=N3luk1jgmkU
امشب شب جناب خانه 😍😍 درخواست جهیزیه سنگین از احلام در اولین شب قرار 🤣🤣,https://www.youtube.com/watch?v=tbxO0uZQVkQ
برره  | نصف شب بهت ماده خرس هم نمیدن ، می خوای بری خواستگاری,https://www.youtube.com/watch?v=5NDIqtF-UYs
مهران مدیری: هر چقد دوست داری عررررررررربده بکش 😂😂😂,https://www.youtube.com/watch?v=gdaYnajED8M
برره  | من خوشتیپ بیدم همه منو دوست وداشته بیدن,https://www.youtube.com/watch?v=6ddf12MeLvw
علت قطعی برق تهران مشخص شد: جناب خان و شاه حسینی 😐😅😱😂,https://www.youtube.com/watch?v=_UZ9nZKAiSU
برره  | کیوون سبیلش رو می زنه که بهش زن بدن,https://www.youtube.com/watch?v=HOkDq0xeJ_k
درخواست عجیب شرکت کننده دورهمی! مدیری میگه دیگه ادامه نده! 😱,https://www.youtube.com/watch?v=9gmxTo4TWiU
آموزش روش های نزدیکی به خانم ها توسط جناب خان 😂😂,https://www.youtube.com/watch?v=Ys_Xyp6_qGo
دورهمی || مدیری ادای جیغ زدن شرکت کننده دورهمی رو در میاره 😆,https://www.youtube.com/watch?v=EtlYHMpDpBE
جناب خان رو دارن می برن اونجا که عرب نی می اندازه!! 😱😂,https://www.youtube.com/watch?v=maIcvY_o-S8
برره | هر کی دروغ گنده تری بگه ، برنده عشولانه سال میشه,https://www.youtube.com/watch?v=F31S3iDPRY8
دلداری مهران مدیری: ترس نداره که فقط دو بار روبات جدا شده افتاده!,https://www.youtube.com/watch?v=omVsWRx4F-c
تاثیر زیتون بر ایجاد علاقه || استندآپ کمدی بانمک سهیل غلامرضاپور,https://www.youtube.com/watch?v=w9hxQS87gh8
برره | بعد از مراسم خواستگار زنون میشه مراسم عروس تو گونی برون,https://www.youtube.com/watch?v=3aeQijxCes4
خندوانه | جناب خان و دوستاش دهن متولد رو سرویس کردن! آخر خنده,https://www.youtube.com/watch?v=y-hoyAL9Ei4
برره | این برره ای ها هم مثل هندی ها همه چی رو به اسم خودشون تموم میکنن,https://www.youtube.com/watch?v=kPq8z97wGUo
وقتی هم چاقی هم سرباز! استند آپ کمدی خنده دار حسین شاهرخیان,https://www.youtube.com/watch?v=h1r9O8fjwoc
برره | بوای سردار خان جانش از تنش جدا شده,https://www.youtube.com/watch?v=TA5BMk337T8
برره |مگه میشه جنسیت بچه رو تعیین کرد،شما دست دکترای ژنتیک رو از پشت بستین,https://www.youtube.com/watch?v=7A71QS6ZT4M
انقد کولی بازی در آورد که کمربندش رو هوا باز شد,https://www.youtube.com/watch?v=aqZ-5Pd4Bbo
برره {چاپ مقاله,https://www.youtube.com/watch?v=q2EY7AsIMeY
خندوانه | استند آپ کمدی علی صبوری - جرررر,https://www.youtube.com/watch?v=MinzhkN7AJE
برره | این بلقیس ترشیده رو خوب شد که دکتر بگرفت,https://www.youtube.com/watch?v=6P0D0CAYsX4
خندوانه | وقتی جناب خان فاز خوندن برمیداره ودوتا آهنگ رو با هم ترکیب میکنه,https://www.youtube.com/watch?v=m7cYctRZRcg
خندوانه | جناب خان دهن هرکی تو استودیو بود رو سرویس کرد,https://www.youtube.com/watch?v=I6IkcNEcsqw
برره | کی می تونه این دو تا کینه شتری رو با هم آشتی بده,https://www.youtube.com/watch?v=M557abVyySg
برره | کیوون نصف شب پتوی شیرفرهاد رو کش رفته,https://www.youtube.com/watch?v=XHCxWHaIhfc
خندوانه | جان جناب خان با صدای دخترونه ، چی میشه,https://www.youtube.com/watch?v=qY8cTOhZu2Q
برره | برره ای ها تا اسم پول رو می شنون حالشون خراب میشه,https://www.youtube.com/watch?v=rT4ciKrsNK0
خندوانه | ایشالا ثابت شده بهت که تمام این آهنگ ها رو من ساختم,https://www.youtube.com/watch?v=WcNopAsv_uI
خندوانه | کادو دادن جناب خان به قهرمان وزنه برداری جهان,https://www.youtube.com/watch?v=EEw7kbzbjXE
برره | همین خانم هایی که باهوشن، با نیرنگ و دورو هم هستن,https://www.youtube.com/watch?v=JUx_ygQO_Bo
برره | این قسمت ورود دایی ببری به برره,https://www.youtube.com/watch?v=1qHIZekxa9U
نون خ | خلیل خانزاده نماینده رسمی کانکس های حاشیه روخانه,https://www.youtube.com/watch?v=s5jdTah2jVM
دورهمی | قیمت : خارشتر بخورم با عنبرنسا افاقه میکنه,https://www.youtube.com/watch?v=3WbM03EPK5s
دورهمی | بیست تا پلیس ریختن روش با قپونی بردنش تو اتاق,https://www.youtube.com/watch?v=51N2587oxKY
ساموشن | سال دیگه سیزده بدر بچه بغل خونه شوهر,https://www.youtube.com/watch?v=O6qnRn618CI
ساموشن | خاطرات شمال محاله یادم بره,https://www.youtube.com/watch?v=XFMAgqjrxis
مهران مدیری,https://www.youtube.com/watch?v=9VYO7QtCg5o
خندوانه | قیمت : با لبو فروختن ملت رو ریخته بهم,https://www.youtube.com/watch?v=pSx9G6dztoU
خندوانه | وسیله ای که صد در صد تو شهربازی لازم میشه,https://www.youtube.com/watch?v=LkGEtQ5_l7U
پایتخت | دراز دراز علی اباد رو متر میکنه دوشاخه محبتش بالایه سیگار لاش,https://www.youtube.com/watch?v=m6MxVT_e18I
نون خ | ما رسم داریم وقتی میخوایم به زنمون کادو بدیم جلوش زانو میزنیم,https://www.youtube.com/watch?v=Y-9m7gp9RXE
پایتخت | من بهتاشم و جان بابای کسی هم نیستم,https://www.youtube.com/watch?v=yk0KF9n81Y4
خندوانه | جناب خان : تایلند پر از مناظر طبیعی بود,https://www.youtube.com/watch?v=KtwvzwqrSzE
پایتخت 5 | نقی معمولی بالای دکل برق همین جوری آویزونه,https://www.youtube.com/watch?v=c6JgzKeTmC0
دورهمی | انگلیسی صحبت کردن قیمت,https://www.youtube.com/watch?v=xy3FJEgI4xw
دورهمی | کیم جونگ اون با ترامپ متحد شدن که قیمت رو از بین ببرن,https://www.youtube.com/watch?v=mshAjcS5AX4
دورهمی | پسر چقد نادونی اومدی زیارت یا چش .....چ,https://www.youtube.com/watch?v=FLFva_nebTI
دورهمی | یارو یه مغازه زده اسمشو گذاشته رد شو برگر,https://www.youtube.com/watch?v=RpKyJiS-5U8
دورهمی | مگه میشه به زوجت خیره بشی تا خوابت بره,https://www.youtube.com/watch?v=vmo7fPLWpE8
دورهمی | شیلا خداداد زیباایشو با ضریب هوشی بالا عوض نمیکنه,https://www.youtube.com/watch?v=yzVC1YUFJL0
دورهمی | از وقتی که بازیگر شدم دیگه خواستگار ندارم,https://www.youtube.com/watch?v=tH37IAXZQxo
دورهمی | من کجای تربیت تو اشتباه کردم بدبخت آهن پرست,https://www.youtube.com/watch?v=_R-hdomdFME
دورهمی | دیگه تو هضم غذای همدیگه دخالت نکنید,https://www.youtube.com/watch?v=HlxdBun7ZRA
دورهمی |دخترهای منو هر کی برد اگه تا یه سال پولدار نشد پس بیاره,https://www.youtube.com/watch?v=WJpOegpWpjA
دورهمی | قیمت : خستگیهات یه جا چند گل من,https://www.youtube.com/watch?v=OY8hbtqaSnU
دورهمی | فردا اونو میکنن تو یه کیسه سر چهارراهها میزنن تو سرم,https://www.youtube.com/watch?v=kojK1zPHMm0
دورهمی | سیامک انصاری: من مطمئنم ایشون رو توی یه کارتونی دیدم,https://www.youtube.com/watch?v=2GUsJyk8kC0
دورهمی | الان آقایون بیشتر از خانم ها سبزه گره میزنن,https://www.youtube.com/watch?v=9zlCRsHXA-U
دورهمی | چه روز دل انگیزیه جون میده واسه آفتاب گرفتن,https://www.youtube.com/watch?v=6A5t8H1W7U8
دورهمی | اون شهروز رو از لای رختخواب در بیار بده بهشون,https://www.youtube.com/watch?v=FVfFohJx4kA
دورهمی| شما همه چی منو در آوردین،منو وسط خروارها خاطره گذاشتین,https://www.youtube.com/watch?v=xREiQg2JCZY
دورهمی | مگه شما چند سالتونه، شمد مال سال 1302 هستش,https://www.youtube.com/watch?v=Ko1MLhkfJjE
دورهمی | هر جا دو نفر زیادی به هم نزدیک شدن به جا سانسور کردن زیر نویس بزنید,https://www.youtube.com/watch?v=5XbQHPiXrdE
دورهمی| پسرم یه به من چه خاصی تو چشمشه ، فکر میکنه زندگی یه گیمه,https://www.youtube.com/watch?v=D6UyyPYjyEI
دورهمی | عکساتون رو از تو مجله پاره میکردم میذاشتم تو آلبوم,https://www.youtube.com/watch?v=SMMSZJbp9TY
دورهمی | جلوی جمع میخواد منو صدا بزنه میگه ننه مازیار بیا,https://www.youtube.com/watch?v=6fS116Kzp4o
دورهمی | وقتی نوه مهربون نمیخواد در حق پدر بزرگش ظلم کنه,https://www.youtube.com/watch?v=ggCeFh-Ne3M
دورهمی | سال دیگه تو برنامت یه چهل و سه ساله درجه یک شو,https://www.youtube.com/watch?v=qN6824eYHdg
دورهمی |دختر ها هر چی تنه میزنن به پسرها جزوه هاشون نمیریزه زمین,https://www.youtube.com/watch?v=FX3xuJbIMZI
دورهمی | یه لباس گربه نره دارم واسه کبابیه، مسافری اومده,https://www.youtube.com/watch?v=uGwZe6v-Puo
پایتخت 5 | این عمرا به تو نخ بده ، اصلا نخ نده بهتره,https://www.youtube.com/watch?v=leBUm9VHNac
دورهمی | یه آدمهایی هستن که صبح تا شب بیضی میکشن,https://www.youtube.com/watch?v=dck8U6HjJt4
دورهمی | شغل های پیشنهادی قیمت به سیامک در دورهمی,https://www.youtube.com/watch?v=TqYVUNyY9Ws
پایتخت | این آدم تعادل روحی روانی نداره، پشکل دود میکنه,https://www.youtube.com/watch?v=YRzo9GmkxiM
دورهمی | با این سن و سال خیلی خوب مونده,https://www.youtube.com/watch?v=QERp4LFWTjw
نون خ | گریه خماری که میگن همینه ها,https://www.youtube.com/watch?v=dlT6rtnC5ig
پایتخت 5 | شام امشب رفت رو هوا، دارم میرم یه چیزی پیدا کنم کوفت بکنیم,https://www.youtube.com/watch?v=sCMj74AN4K8
دورهمی | تو روز جهانی بوسه صداشو در نمیارن ، سریع میخوابن,https://www.youtube.com/watch?v=cxc9hk4lV28
دورهمی | وقتی قیمت فضای دورهمی رو احساسی میکنه,https://www.youtube.com/watch?v=Z8F7iJcavek
نون خ | نورالدین داره تک تکتان رو از چشم زناتون میندازه,https://www.youtube.com/watch?v=SNgdpb4D1VA
پایتخت| دو قولوها، یکیشون شیر فلکه شل کنه اون یکیم شروع میکنه,https://www.youtube.com/watch?v=TVR3MygLT_M
دورهمی | من با خروپف خودم مشکلی ندارم چون خودم نمیشنوم,https://www.youtube.com/watch?v=eNsoaljXJjQ
دورهمی | اینا خودشون صحنه هایی که بدآموزی داره رو حذف میکنن,https://www.youtube.com/watch?v=uNYDwmm2oCQ
نون خ | این چیه نگاه میکنین،منو نگاه کنین فکر کنین پلنگ صورتیم,https://www.youtube.com/watch?v=qtkLWWTBKc4
پایتخت 5 | تو مادر من رو بردی کافی شاپ ، نقشه کشیدین,https://www.youtube.com/watch?v=lPH99zY5BwU
دورهمی | ماشالا اینقد چاق شدی با دکل مو نمیزنی,https://www.youtube.com/watch?v=frtWH7ZyUZQ
دورهمی | برزور ارجمند : مجبور شدم دماغمو عمل کنم,https://www.youtube.com/watch?v=uxAeDLMMg5s
نون خ | داماد ناجور تا میاد همه رو میندازه به جون هم,https://www.youtube.com/watch?v=LoVax3da0jQ
پایتخت5 | کی گفته شما برید خواستگاری مادر من,https://www.youtube.com/watch?v=XlEcsNr6l9E
دورهمی | امروز برای اولین بار دیدمش ، مهرش به دلم نشست,https://www.youtube.com/watch?v=fHhgqyhtiX8
دورهمی | خانم دست راستتون به سرآقایون ده تا مرد نمیتونستن این جوری پارک کنن,https://www.youtube.com/watch?v=QZkyIa3r6Zw
خندوانه | علی انصاریان : یه جوری ننداز من بخوابم رو زمین,https://www.youtube.com/watch?v=l2NGQJRnuKk
پایتخت 5 برسیم علی آباد من این دو تا لونه کلاغ رو آتیش میزنم,https://www.youtube.com/watch?v=XnmLMvwO0o8
دورهمی | همه ما یه کم فضولی رو در وجودمون داریم,https://www.youtube.com/watch?v=VcHw63jlNrc
پایتخت5 | جاست فرند یعنی فعلا قصد ازدواج نداریم,https://www.youtube.com/watch?v=2Rw_x45MqaE
نون خ | من در جوانی علاقه ای به ازدواج نداشتم,https://www.youtube.com/watch?v=aqwK9kOrmw8
دورهمی | آدم مگه باید تو مسائل خصوصی دیگران دخالت کنه,https://www.youtube.com/watch?v=PXM6TLrMIBM
دورهمی | لذت یک هیجان تکرار نشدنی در بزرگترین پارک آبی خاورمیانه,https://www.youtube.com/watch?v=blT5FdVkliU
نون خ | من الان تو سه چهار ساعت دوماد از تو جیبم در بیارم,https://www.youtube.com/watch?v=AycoDyw_zxc
پایتخت 5 | یکی چراغ سبز نشون داده که اینا سر قاطر رو کج کردن,https://www.youtube.com/watch?v=5s2NtLqxqJo
دورهمی | مهران مدیری : فرمودین سنتون رفته بالا ، چی شده ؟,https://www.youtube.com/watch?v=QQiIL84dWpA
نون خ | کدوم هیئت داوری به سیاه نمایی جایزه میده,https://www.youtube.com/watch?v=id9f2FHlOaY
پایتخت5 | ورزش کردن بابا پنجعلی در هواپیما,https://www.youtube.com/watch?v=s1eBliHnM4c
دورهمی | یه سس قرمز کوچیک بخوره تو سرم ، ای خاک تو سر من,https://www.youtube.com/watch?v=RgYTwF_-vCI
نون خ | ببین لنگ کفش من ردخور نداره ها,https://www.youtube.com/watch?v=O_m2wuNFKJE
پایتخت | شما رفتی دختره رو عاشق کردی گلو گیر کردی حالا حاجی حاجی کجا مکه,https://www.youtube.com/watch?v=xUgzBvOkO_4
نون خ فریبرز تو گفتی ماساژ لی داکسیشن بلدی,https://www.youtube.com/watch?v=rFAb0OsnrNo
پایتخت5 | هر کی ندونه فکر میکنه باجناق بلال حبشی,https://www.youtube.com/watch?v=EFtN6Vky8WQ
نون خ | نورالدین با قفل فرمان داخل ماشین منتظره,https://www.youtube.com/watch?v=cW2rimyU-uc
دورهمی | آخرین حضور علی انصاریان در برنامه دورهمی,https://www.youtube.com/watch?v=Kdr_dRePI9Q
پایتخت | بچه خواهر من به اندازه یه تشتک پایین کشککش پلاتین داره,https://www.youtube.com/watch?v=RW5i6NS6Obk
پایتخت | با این سر و کله بعید میدونم بتونی زن بگیری,https://www.youtube.com/watch?v=x1o6irn3I7Y
نون خ | در گذشته این زیر شلواری مال من بود ، دادمش به مهیار,https://www.youtube.com/watch?v=oWXFXoW8kP4
دورهمی | مدیری زنم گیر کرده ، پیچ گوشتی داری,https://www.youtube.com/watch?v=tcyreQOaRNA
پایتخت 5 | تو از بین اینا بیا بیرون تو حیفی,https://www.youtube.com/watch?v=tvk0JjOEbX8
پایتخت 5 | جان دایی صبح تا شب عین کش تنبون میخوان در رن,https://www.youtube.com/watch?v=-hBUmfmYS3k
نون خ | ای کاش فقط شلوارش دو تا شده بود به 98 درصد مردم بدهکار بود,https://www.youtube.com/watch?v=mr8Ns69dKyE
پایتخت 5 | زغنبوت ترکیه ای خوردی همه رنگشو داره,https://www.youtube.com/watch?v=uqSLkmR4-Vk
نون خ|همه وصیت ها مو به مو اجرا شده فقط مانده پیرهن گل گلی من,https://www.youtube.com/watch?v=muMyyvNshZ4
پایتخت | این دماغ ظرفیتش بالاست دو بار ملات میبره,https://www.youtube.com/watch?v=aRWeycl7154
دورهمی | مادره جهیزیه دخترش رو آورده چیده تو کوچه,https://www.youtube.com/watch?v=CNGrHLWeLUY
برره | جناب سرهنگ زیر میزی که کفاف خرج و مخارج رو نمیده,https://www.youtube.com/watch?v=72_YwdhqTFw
نون خ | زلزله اومده تو حموم گیر کرده لباس میخواد,https://www.youtube.com/watch?v=dUs822lYhYE
دورهمی | آدم های خود شیفته وقتی وایمیستن جلو آینه تماشایی میشن,https://www.youtube.com/watch?v=b_kd6xK3iyc
نون خ | منم دهن افقی با دندان های عمودی دارم پس چرا از من نمیترسن,https://www.youtube.com/watch?v=TLDX2KWKACo
پایتخت | تو که خیلی ازدواجی هستی چرا زن نمیگیری,https://www.youtube.com/watch?v=jFtxOkml7Yw
خندوانه | جناب خان : من نمیخوام تو این منجلاب بمونم,https://www.youtube.com/watch?v=J92DmmAvT-o
پایتخت | اون دراز میگه این دو تا قارچ سمی هم واسه خودشون وق وق وق,https://www.youtube.com/watch?v=LC1pCrXmDYA
نون خ | زن چراغ خونست ،منم کلا از تاریکی می ترسم,https://www.youtube.com/watch?v=fHip_l2SSS4
پایتخت | من بی تربیت بودم چهار تا چک بیخ ریش من زده,https://www.youtube.com/watch?v=9wc1PJ-G74s
پایتخت | ارسطو مفتی همه رو میبره ترکیه براش جنس بیارن,https://www.youtube.com/watch?v=lmtfiBsDjq0
نون خ | فیلم هندی همینه دیگه ،سرتو میچرخونی میبینی ده سال گذشته,https://www.youtube.com/watch?v=Sbay446MkAo
پایتخت | همش شک همش شبهه این جوری میشه زندگی کرد,https://www.youtube.com/watch?v=8YoRvwOmFPQ
خندوانه | کله شهر رو به آتیش بکشین ، ترقه بندازید فرار کنید,https://www.youtube.com/watch?v=H9Wtlu8f1Ec
دورهمی | چه جوری در آستانه شصت سالگی اینقد خوب موندین,https://www.youtube.com/watch?v=p5_0l7aD8x0
برره | مگه ویومدی هتل که وخوای بوی عطر نخود بیاد,https://www.youtube.com/watch?v=hc5e8een7GI
دورهمی | یکی از اعدادی که هیچ وقت نتونستیم باهاش کنار بیایم,https://www.youtube.com/watch?v=xWO0_CCv3vY
ساموشن | وقتی توصیه های اسکلت برقی رو گوش نمیدی,https://www.youtube.com/watch?v=xPns964b1M4
دورهمی | زیر استندآپی های جدید رسید فقط با دویست هزار تومن,https://www.youtube.com/watch?v=utwQ6bclZTo
پایتخت | صد دفعه نگفتم یه جا میریم اینقد چشمک نزن,https://www.youtube.com/watch?v=3PyMrdiDj44
ساموشن | آهنگ درخواستی سندی اسکلت برقی برای رقص,https://www.youtube.com/watch?v=zIJjTRI-HJY
خندوانه | قیافه دیدنی رامبد جوان با بهنام تشکردر حرکت اسلوموشن,https://www.youtube.com/watch?v=3p1GMp2LQqs
پایتخت | کاش سارس میگرفتم منو دست این لنگ دراز نمیسپردی,https://www.youtube.com/watch?v=Yut_Or7bwkE
دورهمی| اینقد اینجا عربده زدی که بدم بدم تا نمایش رو حذف کردن,https://www.youtube.com/watch?v=eQpjaYSKblM
ساموشن| آخه تو سالمندی دیگه فسیل شدی تا همین جاشم قاچاقی زنده ای,https://www.youtube.com/watch?v=KW7SlMkEXXA
پایتخت | ویلچر یه چهارصدوپنجاه وات داره یه هفتصد وات,https://www.youtube.com/watch?v=21wqe1y7vHQ
دورهمی | کمربندشو تو خونه آخر بسته بهش خون نمیرسه,https://www.youtube.com/watch?v=Ja333Ocjmc4
نون خ | به باباش رکب زده پشت رختخواب ها قایم شده,https://www.youtube.com/watch?v=ICgZYaJLpJs
خندوانه | حرکت رضا شفیعی جم با شنیدن دوست داریم,https://www.youtube.com/watch?v=xsgzGJUUfrM
ساموشن |دهن ما رو سرویس کردی با این سریال های آبکی من حامله اون حامل,https://www.youtube.com/watch?v=afqqIL2HS6w
دورهمی | کاسبی کردن قیمت با کمربند شلوار مهران مدیری,https://www.youtube.com/watch?v=6oXdNm1szS0
پایتخت5 | فقط صدای بابا پنجعلی وقتی بی خودی میاد تو دست و پا,https://www.youtube.com/watch?v=FiG9l8YEeMw
نون خ | وقتی برای لباس مهمونی از یکی نظر میخوای,https://www.youtube.com/watch?v=VRPy378nhAM
دورهمی| وقتی اکبر عبدی تو بیمارستانه و تخت بقلیه میاد باهاش سلفی بگیره,https://www.youtube.com/watch?v=zR5xBiioizg
ساموشن | پیرمرده تو ولنتاین دنبال یکیه بهش کادو بده,https://www.youtube.com/watch?v=kaaB6uamtCo
خندوانه | جناب خان برای رسیدن به عشقش نمی خواد کم بیاره,https://www.youtube.com/watch?v=1MxDrclkGyE
ساموشن | حداقل میذاشتی بعد مهمونی می بردی اسکلت برقی,https://www.youtube.com/watch?v=cH0lI1rHTqw
دورهمی | حیف نیست با اون ماشین مسافر کشی میکنی مدیری,https://www.youtube.com/watch?v=viUz64UJ_eE
پایتخت5 | معلم دوران مدرسه نقی اومده خواستگاری خواهرش,https://www.youtube.com/watch?v=06rbS1k1CL8
ساموشن | این بار عزرائیل دست خالی برمیگرده,https://www.youtube.com/watch?v=cym43k5r56k
ساموشن | زرنگ بازی مسئولان حتی با عزرائیل,https://www.youtube.com/watch?v=611ii6I0tPY
دورهمی |پیغام غلام جی جی به مدیری :اون دسته نارنجیه رو هنوز داره,https://www.youtube.com/watch?v=KrLO41rhtAc
پایتخت | مادر بهتاش عروس دست و پا داری گیرش اومده,https://www.youtube.com/watch?v=krD-RVEIarc
ساموشن |به عزرائیل میگه شیش ماهه این پیری رو تحمل میکنم واسه ولنتاین,https://www.youtube.com/watch?v=LjZ23ke8XIw
خندوانه | بدنم تویه ساعتی شوری میخواد تو یه ساعتی شیرینی,https://www.youtube.com/watch?v=c7_5UD6XhD8
پایتخت | تو ترکیه از این رو به اون رو شدن,https://www.youtube.com/watch?v=svKD17Xm0xI
دورهمی| همین الان با پیکان صفرم به هر کی پیشنهاد میدادم زنم میشد,https://www.youtube.com/watch?v=9iBCK8kChqA
ساموشن | تو برای یه کار دیگه رو زمینی نه این جلف بازی ها,https://www.youtube.com/watch?v=DAk71fXeXq4
خندوانه | خلبان هواپیما خواسته اشک علیخانی رو در بیاره,https://www.youtube.com/watch?v=rQYIQqrJpHk
دورهمی | مهران غفوریان : وقتی به دنیا اومدم شیش کیلو بودم,https://www.youtube.com/watch?v=Eb8aruPji38
پایتخت| خیال میکنه ما خریم روغن ریخته رو نذر امام زاده میکنه,https://www.youtube.com/watch?v=liCDp82MgH0
دورهمی | هر مهمونی یه تمی داره ، تم مهمونی امشب مدیری پارتیه,https://www.youtube.com/watch?v=1Ow-gFkFIr8
پایتخت |جواهرات رو با خودشون میبرن پیش کش کنن به حوری های بهشتی,https://www.youtube.com/watch?v=78CygkbK0X0
ساموشن | وقتی میری شمال و تو جاده کمربندتو نمی بندی,https://www.youtube.com/watch?v=OfBrNLvIQR8
پایتخت | ارسطو با خانمه مثل زن و شوهری شدن که دارن میرن ماه عسل,https://www.youtube.com/watch?v=SzBfc3Dam1s
دورهمی | سر همسایه ها رو گول مالیدم فکر میکنن من زیر آب دارم,https://www.youtube.com/watch?v=Pt0unUxZTJE
ساموشن | عزراییل میگه نخور، این یکی رو بخور میمیری,https://www.youtube.com/watch?v=pgP9luDAeJQ
پایتخت | عجب خریه این که شبیه ماشین فضاییه برای کره مریخ ساخته شده,https://www.youtube.com/watch?v=yEH0YlEcrOU
دورهمی | حرکت مهران مدیری تو مینی بوس بعد از اولین سکانس بازیگری,https://www.youtube.com/watch?v=9p-OIotQ_xU
پایتخت | حیف که یه موبایلم نداریم از سر و وضع خودمون یه عکس بگیریم,https://www.youtube.com/watch?v=sGn5MVSFLFo
دورهمی | مهران مدیری میگه بلاخره رامبد رو به دام انداختم,https://www.youtube.com/watch?v=6_zhpPUAeBU
پایتخت | بهتاش در ترکیه فقط صحنه عکس گرفتنش از میز غذای رستوران,https://www.youtube.com/watch?v=KRIreMm4gYM
خندوانه | شرط ازدواج احلام برای ازدواج با خواستگاراش,https://www.youtube.com/watch?v=G2jhLdQ52oI
دورهمی | خونه رو اجاره داده به دوست خارجیش به عنوان شغل دوم,https://www.youtube.com/watch?v=gfAFiLBRuKk
پایتخت | بهتاش ترسیده به غلط کردن افتاده,https://www.youtube.com/watch?v=grhShTN9KZ4
دورهمی | تیپ غریق نجاتی قیمت با رکابی فسفری چسبون,https://www.youtube.com/watch?v=HOEV_cJ6QCM
دورهمی | دلش خواسته مدیری رو خفه کنه ولی مدیری مهره مار داره,https://www.youtube.com/watch?v=T6FQH0_12i8
دورهمی | کلید ورود به دنیای تفریح و خوش گذرانی با کارت فرهنگیان,https://www.youtube.com/watch?v=tUETVzHLkU4
دورهمی | دسته گل های قیمت در مدرسه از همون بچگی مرض داشته,https://www.youtube.com/watch?v=y8uVcYsXOLI
دورهمی | مهران مدیری گل مژه گرفتم رفتم دکتر پای چپم رو گچ گرفتن,https://www.youtube.com/watch?v=0Z0M2codCwg
برره | مشکلات تاسیس مرکز فرهنگی در برره و برخورد اهالی برره,https://www.youtube.com/watch?v=ailuQDeme-8
دورهمی | صحبت های سردار آزمون درباره خانم ماریا,https://www.youtube.com/watch?v=BGodoQulquM
دورهمی | الان من با این همه طرفدار شوهر تو نبودم,https://www.youtube.com/watch?v=VuqC61beCco
دورهمی | شوهرش تا پشت بوم میره دلش براش تنگ میشه,https://www.youtube.com/watch?v=EIdfJqBrdwA
برنامه دورهمی | مدیری امضاء نمیکنه انگشت میزنه,https://www.youtube.com/watch?v=p0Z-W4x4oMM
شبهای برره | کجای دنیا مدل برره ای شطرنج بازی میکنن؟,https://www.youtube.com/watch?v=43HoKPKpNlo
خندوانه | و همچنان رقابت جناب خان با کامبیز,https://www.youtube.com/watch?v=Kyh6Mf5L6mI
خندوانه | عادل فردوسی پور: من دیوونگی خوش خیم دارم,https://www.youtube.com/watch?v=dXtxMinpMg0
پایتخت | چشمک زدن نقی به زن مردم,https://www.youtube.com/watch?v=RXUdgMCw-pE
دورهمی | پدرم آرزو داره یه شوهر خوب نصیبم بشه,https://www.youtube.com/watch?v=XEOzBMvuENw
دورهمی | تیکه سنگین رویا نونهالی به مهران مدیری : هر کی سنم رو بپرسه ابلهه,https://www.youtube.com/watch?v=O96BctTfAs4
دورهمی | جواد عزتی در دورهمی : تو رو خدا با من ازدواج کن وگرنه خودمو میکشم,https://www.youtube.com/watch?v=jkdGP-6vo_k
دورهمی | کتایون ریاحی سنم رو همه میدونن ،هر چقد به نظر بیام,https://www.youtube.com/watch?v=n1DmAgN3bqQ