title,url
کوچه اقاقیا سریال پر از خاطره با بازی یوسف تیموری و رضا شفیعی جم😎قسمت 52,https://www.youtube.com/watch?v=RIeP4rzCZSQ
شاهکار هوش برتر نبینی از دستت رفته🤣,https://www.youtube.com/watch?v=skZYzUjIuuQ
فیلم کمدی نوستالژی آخرین روز ماه با بازی امیر جعفری و ریما رامین فر,https://www.youtube.com/watch?v=rP_W_Rnpv4g
رضا عطاران در کوچه اقاقیا سریال پر از خاطره😎قسمت 51,https://www.youtube.com/watch?v=yPO-TX_9Qfk
علی نصیریان، محمدعلی کشاورز در فیلم کمدی نوستالژی کفش های میرزا نوروز,https://www.youtube.com/watch?v=YwohIBZ37QM
رضا عطاران در کوچه اقاقیا سریال پر از خاطره😎قسمت 50,https://www.youtube.com/watch?v=DlEOzTPCeDU
من شوهر خالتم حاجی🤣,https://www.youtube.com/watch?v=H2xNawiCXYc
رضا عطاران در کوچه اقاقیا سریال پر از خاطره😎قسمت 49,https://www.youtube.com/watch?v=frHKAv7rgX0
"🚗 یک سفر شمال، یک مادرزن و هزار دردسر! فیلم کمدی ""موج دریا"" 😂",https://www.youtube.com/watch?v=PnTjVmrvTM0
کوچه اقاقیا سریال پر از خاطره با بازی یوسف تیموری و رضا شفیعی جم😎قسمت 48,https://www.youtube.com/watch?v=mFd0yBmcyZs
فیلم کمدی و نوستالژی آتش بس با بازی مهناز افشاری و محمدرضا گلزار,https://www.youtube.com/watch?v=YAHCVuXoXFA
تیکه های خنده دار سریال کمدی ایرانی پایتخت 5، یعنی ارسطو و نقی معمولی عالین😂🤣💖,https://www.youtube.com/watch?v=FEnklULGPTk
کوچه اقاقیا سریال پر از خاطره با بازی یوسف تیموری و رضا شفیعی جم😎قسمت 47,https://www.youtube.com/watch?v=S9HuT7mzhSY
یوسف تیموری و جواد رضویان در فیلم کمدی نوستالژی به روح پدرم,https://www.youtube.com/watch?v=B-YeMd5jpxY
کوچه اقاقیا سریال پر از خاطره با بازی رضاعطاران وعلی صادقی😎قسمت 46,https://www.youtube.com/watch?v=j1e3GNAkX4k
کوچه اقاقیا سریال پر از خاطره با بازی یوسف تیموری و رضا شفیعی جم😎قسمت 45,https://www.youtube.com/watch?v=-CDp9_jIqQ0
جوادعزتی و سیامک نصاری در فیلم بدون سانسورخرگیوش,https://www.youtube.com/watch?v=P97SK9Hl0YY
کوچه اقاقیا سریال پر از خاطره با بازی یوسف تیموری و رضا شفیعی جم😎قسمت 44,https://www.youtube.com/watch?v=YthljlaJ608
عجب چیزیه!!🤣,https://www.youtube.com/watch?v=Lz_-5maaB_Q
هومن حاج عبدالهی در فیلم کمدی نوستالژی یکی بود یکی هست,https://www.youtube.com/watch?v=xahom4M4ohQ
کوچه اقاقیا سریال پر از خاطره با بازی یوسف تیموری و رضا شفیعی جم😎قسمت 43,https://www.youtube.com/watch?v=1h7vjechXxI
زنده یاد اکبر‌عبدی در فیلم کمدی نوستالژی شاباش,https://www.youtube.com/watch?v=NB-kf31GSmk
کوچه اقاقیا سریال پر از خاطره با بازی یوسف تیموری و رضا شفیعی جم😎قسمت 42,https://www.youtube.com/watch?v=4ZsDfiFhaVw
گل مراد می خنده وقتی Dior می پوشه🤣,https://www.youtube.com/watch?v=HEgy_YtMfWE
فیلم کمدی و خنده دار آفتو جنگ شیراز با بازی زنده یاد سیروس گرجستانی و مریم امیرجلالی,https://www.youtube.com/watch?v=NDEo5sJCh7Y
کوچه اقاقیا سریال پر از خاطره با بازی یوسف تیموری و رضا شفیعی جم😎قسمت 41,https://www.youtube.com/watch?v=IKuGCJqhva8
کله خری من و رفیقم!🤣,https://www.youtube.com/watch?v=m4qyTX7MQtA
عباس جمشیدی فر،امیرحسین صدیق در فیلم کمدی ایرانی بهترین همسایه دنیا - The Best Neighbor In The World,https://www.youtube.com/watch?v=sUNQcd5TYQ4
کوچه اقاقیا سریال پر از خاطره با بازی یوسف تیموری و رضا شفیعی جم😎قسمت 40,https://www.youtube.com/watch?v=96GfhuOzBDI
فیلم سینمایی کمدی  خواب فروش  با بازی حمید لولایی، شهرام قائدی، غلامرضا نیکخواه,https://www.youtube.com/watch?v=XxAO4-J5NLk
امروز نمی خوام با کسی دعوا کنم🤣 #مریم_امیر_جلالی,https://www.youtube.com/watch?v=EAyI4H8R5-4
سریال کمدی آخرین بازی: شروع ماجراجویی‌های قباد در لیگ برتر | قسمت 40⚽🍿,https://www.youtube.com/watch?v=86z9syZae6Y
کوچه اقاقیا سریال پر از خاطره با بازی یوسف تیموری و رضا شفیعی جم😎قسمت 39,https://www.youtube.com/watch?v=HhAl-OF_5Eg
فیلم کمدی نوستالژی دو برادر با بازی بهنوش بختیاری و خشایارراد,https://www.youtube.com/watch?v=X87w9PiurMg
سریال کمدی آخرین بازی: شروع ماجراجویی‌های قباد در لیگ برتر | قسمت 39⚽🍿,https://www.youtube.com/watch?v=eqJmv7sn-Gg
کوچه اقاقیا سریال پر از خاطره با بازی یوسف تیموری و رضا شفیعی جم😎قسمت 38,https://www.youtube.com/watch?v=ZanuOUMFGbA
کت واک جواد رضویان به سبک Dior 🤣,https://www.youtube.com/watch?v=1piWihAel3Q
کامبیز دیرباز در فیلم کمدی نوستالژی یه خواب راحت,https://www.youtube.com/watch?v=B56aU83i2yc
سریال کمدی آخرین بازی: شروع ماجراجویی‌های قباد در لیگ برتر | قسمت 38⚽🍿,https://www.youtube.com/watch?v=rg2fSbDDepg
رضا عطاران و علی صادقی در کوچه اقاقیا سریال پر از خاطره 😎قسمت 37,https://www.youtube.com/watch?v=9fJkNmTr0XA
زنده یاد اکبر‌عبدی در فیلم کمدی نوستالژی در مدت معلوم,https://www.youtube.com/watch?v=HiOQycHbATY
سریال کمدی آخرین بازی: شروع ماجراجویی‌های قباد در لیگ برتر | قسمت 37⚽🍿,https://www.youtube.com/watch?v=e83sf5l-9zE
رضا عطاران و علی صادقی در کوچه اقاقیا سریال پر از خاطره 😎قسمت 36,https://www.youtube.com/watch?v=KfJXNIrqO44
اکبر عبدی در فیلم کمدی ایرانی جنجال بزرگ | Comedy Film Irani Great controversy,https://www.youtube.com/watch?v=WGpnAj86VoA
پایان یک عمر خنده…💔,https://www.youtube.com/watch?v=haKYB7BD63g
سریال کمدی آخرین بازی: شروع ماجراجویی‌های قباد در لیگ برتر | قسمت 36⚽🍿,https://www.youtube.com/watch?v=NPx2SthaYfI
کوچه اقاقیا سریال پر از خاطره با بازی یوسف تیموری و رضا شفیعی جم😎قسمت 35,https://www.youtube.com/watch?v=yqlG2wIO2t8
رقص شمالی بهتاش و ارسطو🤣,https://www.youtube.com/watch?v=cAJc7uVR9fg
فیلم کمدی و خنده دار خانه بخت با بازی حمید لولایی | Iranian Comedy Movie,https://www.youtube.com/watch?v=FqMvMVtF_UI
سریال کمدی آخرین بازی: شروع ماجراجویی‌های قباد در لیگ برتر | قسمت 35⚽🍿,https://www.youtube.com/watch?v=v0V0CWdS2aU
کوچه اقاقیا سریال پر از خاطره با بازی یوسف تیموری و رضا شفیعی جم😎قسمت 34,https://www.youtube.com/watch?v=iy3hZDKw9ys
"فیلم سینمایی کمدی ""بمانی هفتم"" با بازی رضا شفیعی جم و یوسف صیادی",https://www.youtube.com/watch?v=vbXHL_SXEPI
سریال کمدی آخرین بازی: شروع ماجراجویی‌های قباد در لیگ برتر | قسمت 34⚽🍿,https://www.youtube.com/watch?v=8YBHsDNEjj0
کوچه اقاقیا سریال پر از خاطره با بازی یوسف تیموری و رضا شفیعی جم😎قسمت 33,https://www.youtube.com/watch?v=BoqFV5foA_k
سکانس برتر 🎬 پایتخت 5 😂😅 #sorts #سکانس خنده دار #movie #پایتخت,https://www.youtube.com/watch?v=B5FiXAMAkew
مهران غفوریان در فیلم کمدی نوستالژی سر پیری و معرکه گیری,https://www.youtube.com/watch?v=nRIQae1ADHM
سریال کمدی آخرین بازی: شروع ماجراجویی‌های قباد در لیگ برتر | قسمت 33⚽🍿,https://www.youtube.com/watch?v=gMOyOklAyWY
کوچه اقاقیا سریال پر از خاطره با بازی یوسف تیموری و رضا شفیعی جم😎قسمت 32,https://www.youtube.com/watch?v=5DzJgnsCBoc
علی صادقی و رضا شفیعی جم در فیلم کمدی و خنده دار شوخی های خدا 😂,https://www.youtube.com/watch?v=shm55cdfDkY
سریال کمدی آخرین بازی: شروع ماجراجویی‌های قباد در لیگ برتر | قسمت 32⚽🍿,https://www.youtube.com/watch?v=DqTtxoUzRyg
کوچه اقاقیا سریال پر از خاطره با بازی یوسف تیموری و رضا شفیعی جم😎قسمت 31,https://www.youtube.com/watch?v=0NeA-PnfvGg
رل زدن مریم امیر جلالی🤣,https://www.youtube.com/watch?v=29LlY8JiSqI
بهنام تشکر و فریبا نادری در فیلم کمدی ایرانی فرید بهاری | Comedy Film Irani Farid Bahari,https://www.youtube.com/watch?v=CE-o5lYR2K0
سریال کمدی آخرین بازی: شروع ماجراجویی‌های قباد در لیگ برتر | قسمت 31⚽🍿,https://www.youtube.com/watch?v=xB_cMlBuAaQ
کوچه اقاقیا سریال پر از خاطره با بازی یوسف تیموری و رضا شفیعی جم😎قسمت 30,https://www.youtube.com/watch?v=G6xMgM9vNvA
امیرجعفری و سیامک انصاری در فیلم کمدی نوستالژی هندونه شب یلدا🤣,https://www.youtube.com/watch?v=8YhTlsrI8sU
سریال کمدی آخرین بازی: شروع ماجراجویی‌های قباد در لیگ برتر | قسمت 30⚽🍿,https://www.youtube.com/watch?v=x0mdtEEzy-w
رضا عطاران و علی صادقی در کوچه اقاقیا سریال پر از خاطره 😎قسمت 29,https://www.youtube.com/watch?v=v6A92X6WbAQ
با رفیقام همه تو دانس🤣,https://www.youtube.com/watch?v=56mZc6l3Iow
سریال کمدی آخرین بازی: شروع ماجراجویی‌های قباد در لیگ برتر | قسمت 29⚽🍿,https://www.youtube.com/watch?v=vDDI2wbsQp4
رضا عطاران و علی صادقی در کوچه اقاقیا سریال پر از خاطره 😎قسمت 28,https://www.youtube.com/watch?v=8qX1nlHK618
چه بزرگ!!! سانسور شد😮,https://www.youtube.com/watch?v=r8HW1Ema0rA
فیلم کمدی و به شدت باحال خنده در باران، با بازی مرجانه گلچین، بهاره رهنما، گوهر خیراندیش,https://www.youtube.com/watch?v=C9heT_0y9PU
سریال کمدی آخرین بازی: شروع ماجراجویی‌های قباد در لیگ برتر | قسمت 28⚽🍿,https://www.youtube.com/watch?v=h1VYAqKXMvM
رضا عطاران و علی صادقی در کوچه اقاقیا سریال پر از خاطره 😎قسمت 27,https://www.youtube.com/watch?v=MQa5e2d4ClA
فیلم کمدی نوستالژی  معتاد اجباری  با بازی جواد رضویان و شهرام قائدی,https://www.youtube.com/watch?v=0Rw0nNL-o1Y
رضا عطاران و علی صادقی در کوچه اقاقیا سریال پر از خاطره 😎قسمت 26,https://www.youtube.com/watch?v=RWgzItBeVeg
دعوای عموپورنگ با ساسی😮,https://www.youtube.com/watch?v=1ip8841L7tI
اکبر عبدی با اجرای نقش های متفاوت در فیلم کمدی و خنده دار داستان عوضی,https://www.youtube.com/watch?v=xAa1JofBxNo
سریال کمدی آخرین بازی: شروع ماجراجویی‌های قباد در لیگ برتر | قسمت 27⚽🍿,https://www.youtube.com/watch?v=9z-4jgsZPeg
کوچه اقاقیا سریال پر از خاطره با بازی رضا عطاران و رضا شفیعی جم😎قسمت 25,https://www.youtube.com/watch?v=JeMELNE3mS8
فیلم سینمایی کمدی  ول کن دستمو  با بازی علی صادقی و سیروس گرجستانی,https://www.youtube.com/watch?v=If9lkmLmku8
سریال کمدی آخرین بازی: شروع ماجراجویی‌های قباد در لیگ برتر | قسمت 26⚽🍿,https://www.youtube.com/watch?v=HritYqHC89U
کوچه اقاقیا سریال پر از خاطره با بازی منوچهرنوذری و رضا شفیعی جم😎قسمت 24,https://www.youtube.com/watch?v=9Kg-L57vj4c
نرو مرضیه نرو!!!🤣,https://www.youtube.com/watch?v=daoRGO_O9X0
ایرج طهماسب در فیلم کمدی نوستالژی زیر بام های شهر😉,https://www.youtube.com/watch?v=F6ykOmt6fEw
سریال کمدی آخرین بازی: شروع ماجراجویی‌های قباد در لیگ برتر | قسمت 25⚽🍿,https://www.youtube.com/watch?v=GJ8fjHVIMyY
کوچه اقاقیا سریال پر از خاطره با بازی یوسف تیموری و رضا شفیعی جم😎قسمت 23,https://www.youtube.com/watch?v=VPwNNLnIn0s
فیلم سینمایی کمدی  مرد عوضی  با بازی پرویز پرستویی و فاطمه معتمدآریا Film Irani The Wrong Man,https://www.youtube.com/watch?v=TQvFA8CgCJU
سریال کمدی آخرین بازی: شروع ماجراجویی‌های قباد در لیگ برتر | قسمت 24⚽🍿,https://www.youtube.com/watch?v=-5g560slX50
کوچه اقاقیا سریال پر از خاطره با بازی منوچهرنوذری و رضا شفیعی جم😎قسمت 22,https://www.youtube.com/watch?v=M0EvuFHPtVo
بابا این از کیسه صفرام بود🤣🤣#علی_صادقی,https://www.youtube.com/watch?v=GIyuJGvV7KM
سریال کمدی آخرین بازی: شروع ماجراجویی‌های قباد در لیگ برتر | قسمت 23⚽🍿,https://www.youtube.com/watch?v=5lxhVGFPy1E
سریال نوستالژیک و کمدی کوچه اقاقیا | با بازی شقایق دهقان و روشنک عجمیان | قسمت 21,https://www.youtube.com/watch?v=w3SoeLzC5Iw
مجیدصالحی و علی صادقی کمدی نوستالژی جذاب پیتزامخلوط🤣,https://www.youtube.com/watch?v=16YeeLnJRIo
سریال کمدی آخرین بازی: شروع ماجراجویی‌های قباد در لیگ برتر | قسمت 22⚽🍿,https://www.youtube.com/watch?v=CrW4GMHiLvA
کوچه اقاقیا سریال پر از خاطره با بازی منوچهرنوذری و رضا شفیعی جم😎قسمت 20,https://www.youtube.com/watch?v=wap5rYZABXA
سریال کمدی آخرین بازی: شروع ماجراجویی‌های قباد در لیگ برتر | قسمت چهاردهم⚽🍿,https://www.youtube.com/watch?v=U4d9w_0rNv8
سریال کمدی آخرین بازی: شروع ماجراجویی‌های قباد در لیگ برتر | قسمت 21⚽🍿,https://www.youtube.com/watch?v=qXTCF-cOpe8
مجید صالحی در سریال نوستالژیک و طنز کوچه اقاقیا | قسمت 19,https://www.youtube.com/watch?v=OeINeJeJ4K8
فیلم کمدی نوستالژی و پرستاره یه حبه قند با بازی نگار جواهریان,https://www.youtube.com/watch?v=aRYVkycJeaE
سریال کمدی آخرین بازی: شروع ماجراجویی‌های قباد در لیگ برتر | قسمت بیستم⚽🍿,https://www.youtube.com/watch?v=QwRcyOaoIC8
کوچه اقاقیا سریال پر از خاطره با بازی منوچهرنوذری و رضا شفیعی جم😎قسمت ۱۸,https://www.youtube.com/watch?v=hHg8XTxvNVI
فیلم سینمایی کمدی پسر آدم، دختر حوا😂با بازی مهناز افشار و حامد کمیلی,https://www.youtube.com/watch?v=BS4OdYZR_Vo
سریال کمدی آخرین بازی: شروع ماجراجویی‌های قباد در لیگ برتر | قسمت نوزدهم⚽🍿,https://www.youtube.com/watch?v=QX8ONZLurcw
کوچه اقاقیا سریال پر از خاطره با بازی منوچهرنوذری و رضا شفیعی جم😎قسمت هفدهم,https://www.youtube.com/watch?v=bhtrKFqiEWE
سریال کمدی آخرین بازی: شروع ماجراجویی‌های قباد در لیگ برتر | قسمت هجدهم⚽🍿,https://www.youtube.com/watch?v=kA1dyg8Ck0c
زنده یاد منوچهر نوذری درسریال نوستالژیک و طنز کوچه اقاقیا | قسمت 16,https://www.youtube.com/watch?v=F9wlzGIEf1A
نعیمه نظام دوست در فیلم کمدی مردها دروغ نمی گویند😍,https://www.youtube.com/watch?v=iU0IUrgHLt8
سریال کمدی آخرین بازی: شروع ماجراجویی‌های قباد در لیگ برتر | قسمت هفدهم⚽🍿,https://www.youtube.com/watch?v=ukXWecUtXbU
سریال نوستالژیک و کمدی کوچه اقاقیا | با بازی شقایق دهقان و روشنک عجمیان | قسمت پانزدهم,https://www.youtube.com/watch?v=BCDexsPv-vA
فیلم کمدی مسابقه ازدواج با بازی مجید واشقانی، عباس جمشیدی فر و شهرزاد کمال زاده💓,https://www.youtube.com/watch?v=RohHXtHiap0
سریال کمدی آخرین بازی: شروع ماجراجویی‌های قباد در لیگ برتر | قسمت شانزدهم⚽🍿,https://www.youtube.com/watch?v=QVPuIAIen9A
مجیدصالحی و علی صادقی درسریال نوستالژیک کوچه اقاقیا | قسمت چهاردهم,https://www.youtube.com/watch?v=hita5n4aQ0s
ایرج نوذری و شهرام حقیقت دوست در فیلم کمدی نوستالژی ملودی🤣,https://www.youtube.com/watch?v=P2GiXtpo0iw
سریال کمدی آخرین بازی: شروع ماجراجویی‌های قباد در لیگ برتر | قسمت 15⚽🍿,https://www.youtube.com/watch?v=58ZE3Ld-UtU
مجیدصالحی و علی صادقی درسریال نوستالژیک کوچه اقاقیا | قسمت 13,https://www.youtube.com/watch?v=YnX3Wp8upEg
رضا عطاران در فیلم نوستالژی کمدی توفیق اجباری😃,https://www.youtube.com/watch?v=IbzkiiU_BIk
کوچه اقاقیا سریال پر از خاطره با بازی منوچهرنوذری و رضا شفیعی جم😎 قسمت 12,https://www.youtube.com/watch?v=zOwQNEPV6D8
مهناز افشار چه دعوایی می کنه با رضا عطاران🤣,https://www.youtube.com/watch?v=gc8eEL0yEqg
فیلم کمدی و باحال ده رقمی با بازی فوق العاده جواد رضویان - Dah Raghami Comedy Film,https://www.youtube.com/watch?v=GzwfnYfJg6Q
کوچه اقاقیا سریال پر از خاطره با بازی منوچهرنوذری و رضا شفیعی جم😎قسمت 11,https://www.youtube.com/watch?v=LfvaKn9k57s
مهران غفوریان و عباس جمشدی فر در فیلم کمدی تو این خون چه خبره🤓,https://www.youtube.com/watch?v=SN9ieysz0ug
سریال کمدی آخرین بازی: شروع ماجراجویی‌های قباد در لیگ برتر | قسمت سیزدهم⚽🍿,https://www.youtube.com/watch?v=GBbTtveUpJY
مجیدصالحی و علی صادقی درسریال نوستالژیک کوچه اقاقیا | قسمت دهم,https://www.youtube.com/watch?v=N_liZube0OQ
توتون خوردی لعنتی!!!😮,https://www.youtube.com/watch?v=sbleK72_5BU
فیلم کمدی ردکارپت با بازی جذاب رضاعطاران😉,https://www.youtube.com/watch?v=mxxuThvzllw
سریال کمدی آخرین بازی: شروع ماجراجویی‌های قباد در لیگ برتر | قسمت دوازدهم⚽🍿,https://www.youtube.com/watch?v=I3hkTFlodeo
کوچه اقاقیا سریال پر از خاطره با بازی منوچهرنوذری و علی صادقی😎قسمت نهم,https://www.youtube.com/watch?v=VoP3fRGCYbY
فیلم خنده دار و کمدی عشقولانس با بازی علی صادقی 😂❤,https://www.youtube.com/watch?v=myKmebt1Fak
سریال کمدی آخرین بازی: شروع ماجراجویی‌های قباد در لیگ برتر | قسمت یازدهم⚽🍿,https://www.youtube.com/watch?v=jOM6uHSBNa4
کوچه اقاقیا سریال پر از خاطره با بازی منوچهرنوذری و رضا شفیعی جم😎قسمت هشتم,https://www.youtube.com/watch?v=xQ1nPmVivdg
تو آب بزرگ می شه!!!😉,https://www.youtube.com/watch?v=7XcUvBWMLCU
مهدی سلوکی در سریال کمدی نوستالژِی آخرین بازی | قسمت دهم⚽🍿,https://www.youtube.com/watch?v=lytGitNrApY
مجید صالحی در سریال نوستالژیک و طنز کوچه اقاقیا | قسمت هفتم,https://www.youtube.com/watch?v=gr7ZbPE4COU
حمید لولایی، ارژنگ امیرفضلی و محمد شیری در فیلم کمدی ماجرای ازدواج مجید,https://www.youtube.com/watch?v=-Z5-iMuDWps
بهاره افشاری در سریال کمدی نوستالژی آخرین بازی | قسمت نهم⚽🍿,https://www.youtube.com/watch?v=0yv8X8dpLp8
سریال نوستالژیک و کمدی کوچه اقاقیا | با بازی شقایق دهقان و روشنک عجمیان | قسمت ششم,https://www.youtube.com/watch?v=lApPVEyXlYc
عجب کره خر خریه😉,https://www.youtube.com/watch?v=soaHWfIWIf0
فیلم جدید کمدی قرارگاه مسکونی با بازی علی صادقی و مهران غفوریان🤣,https://www.youtube.com/watch?v=dVJAsQvUQzk
سریال کمدی آخرین بازی با بازی امیرحسین رستمی | قسمت هشتم⚽🍿,https://www.youtube.com/watch?v=9Zx9lCG0dxs
سریال نوستالژیک و کمدی کوچه اقاقیا | با بازی علی صادقی و منوچهرنوذری | قسمت پنجم,https://www.youtube.com/watch?v=Wsh77URmzYk
وقتی برنامه ایرانی می شه، دیگه تحمل ندارم🤣,https://www.youtube.com/watch?v=3FWzqjU2EWc
جواد عزتی، عباس جمشیدی فر و مجید صالحی در فیلم کمدی، پلیسی نیش به نویسندگی سعید آقاخانی,https://www.youtube.com/watch?v=yGVf8xEphUU
سریال کمدی آخرین بازی: شروع ماجراجویی‌های قباد در لیگ برتر | قسمت هفتم⚽🍿,https://www.youtube.com/watch?v=l-RshcCaZEk
سریال نوستالژیک و کمدی کوچه اقاقیا | با بازی یوسف تیموری و رضا عطاران | قسمت چهارم,https://www.youtube.com/watch?v=9ihxCrcFHsk
عجب دافیه لعنتی!!!🤣,https://www.youtube.com/watch?v=QeBwGvZ6Rvw
جواد عزتی در فیلم کمدی نوستالژی پشت درهای بسته🤣,https://www.youtube.com/watch?v=sMy6SJ1glWU
شفیعی جم دهن سیامک انصاری و سرویس کرد😮,https://www.youtube.com/watch?v=h3ttUrpfcxM
سریال کمدی آخرین بازی: شروع ماجراجویی‌های قباد در لیگ برتر | قسمت ششم⚽🍿,https://www.youtube.com/watch?v=sFVtww2zXL4
زنده یاد منوچهر نوذری درسریال نوستالژیک و طنز کوچه اقاقیا | قسمت سوم,https://www.youtube.com/watch?v=yd1XQoYLQI4
این موی کجاش!!!🤣,https://www.youtube.com/watch?v=xUExXJ-0SRQ
مهران غفوریان، حمید لولایی و نعیمه نظام دوست در فیلم کمدی یک روز به یاد ماندنی🤓,https://www.youtube.com/watch?v=BIqjnBkZ9jQ
سریال کمدی آخرین بازی با بازی مهدی سلوکی و امیرحسین رستمی | قسمت پنجم⚽🍿,https://www.youtube.com/watch?v=LntEMGLMyGA
مجیدصالحی و علی صادقی درسریال نوستالژیک کوچه اقاقیا | قسمت دوم,https://www.youtube.com/watch?v=NBpQBKqx0Gw
مهران غفوریان در فیلم خنده دار یه اتفاق ساده | Film Irani Comedy A simple Event,https://www.youtube.com/watch?v=GNcvaZ72NdA
امیرحسین رستمی سریال کمدی آخرین بازی | قسمت چهارم⚽🍿,https://www.youtube.com/watch?v=MvjCNcDdRcQ
کوچه اقاقیا سریال پر از خاطره با بازی منوچهرنوذری و رضا شفیعی جم😎,https://www.youtube.com/watch?v=66HV_T4rVO8
دادا مگه من گاوم!!🤣,https://www.youtube.com/watch?v=9J83hCeo4OQ
سریال کمدی آخرین بازی: شروع ماجراجویی‌های قباد در لیگ برتر | قسمت سوم⚽🍿,https://www.youtube.com/watch?v=CDDpfdN43ks
فیلم کمدی و خنده دار هم سایه ها با بازی هوتن شکیبا، امیرحسین رستمی و آناهیتا افشار😎,https://www.youtube.com/watch?v=mULdoGcUXws
اکبر عبدی چه سوتی می ده😮,https://www.youtube.com/watch?v=QZbP0Bp-5dw
سریال نوستالژی کمدی آخرین بازی | با بازی امیرحسین رستمی و بهاره افشاری | قسمت دوم⚽🍿,https://www.youtube.com/watch?v=JM1WKZjGBIs
فیلم کمدی جدید نقره داغ با بازی حاشیه ساز و خنده دار اکبرعبدی😎,https://www.youtube.com/watch?v=TQXUFlX1Dmw
سریال کمدی آخرین بازی: شروع ماجراجویی‌های قباد در لیگ برتر | قسمت اول⚽🍿,https://www.youtube.com/watch?v=uonG5UeKUzs
علی صادقی در فیلم کمدی نوستالژی رفقای خوب🤣,https://www.youtube.com/watch?v=NBQdyXFaBk8
جنجالی ترین سکانس های حذف شده😮,https://www.youtube.com/watch?v=VQCCOPpjLDU
نوستالژی ساعت خوش | سکانس های خند دار رضا عطاران و حمید لولایی🤣قسمت چهاردهم,https://www.youtube.com/watch?v=4It6j_Er7bU
نوستالژی ساعت خوش | وقتی رضا عطاران و حمید لولایی تیم می شن🤣قسمت سیزدهم,https://www.youtube.com/watch?v=G2atvvzCzuI
هدیه تهرانی عاشق شریفی نیا شد🤣,https://www.youtube.com/watch?v=KlT6-hf-UHU
فیلم کمدی نوستالژی دنیا با بازی هدیه تهرانی و شریفی نیا🤣,https://www.youtube.com/watch?v=vOeocH1oZOY
نوستالژی ساعت خوش | مهران مدیری چه تیکه ای می ندازه🤣قسمت دوازدهم,https://www.youtube.com/watch?v=mOoyjiCyRao
زیرآسمان شهر عزادار شد، شهرزاد جواهری در گذشت🥀,https://www.youtube.com/watch?v=YfdDpJZwlIg
بازیگر سریال نوستالژی زیر آسمان شهر در گذشت🥀,https://www.youtube.com/watch?v=j9OMxSokVpk
ساعت خوش | نوستالژی مهران مدیری با کلی خنده 🤣 قسمت یازدهم,https://www.youtube.com/watch?v=pIC2eppFPjw
وقتی علی صادقی و مجید صالحی میخوان مخ بزنن😮,https://www.youtube.com/watch?v=vaHEi_e290U
خنده‌دارترین لحظات سریال‌های مدیری 🤣 مسخره کردناش تمومی نداره,https://www.youtube.com/watch?v=6QS1FSQ5Ik8
فقط بخندید! | بهترین لحظات سریال ساعت خوش با مهران مدیری 🤯 قسمت دهم,https://www.youtube.com/watch?v=P4RVe8YVHEA
وقتی جواد عزتی فک می کنه چه دافی نسیبش شده🤣,https://www.youtube.com/watch?v=LG2v8a28ytA
علی صادقی در فیلم کمدی نوستالژی، تاریخی داش آکل😎,https://www.youtube.com/watch?v=fRt6duOZ7Fs
ساعت خوش | نوستالژی مهران مدیری با کلی خنده 🤣 قسمت نهم,https://www.youtube.com/watch?v=5lNMwXAQwWs
نیکول کیدمن چه دافیه🤣,https://www.youtube.com/watch?v=bvpPlK1Wx4w
ساعت خوش | نوستالژی مهران مدیری با کلی خنده 🤣 قسمت هشتم,https://www.youtube.com/watch?v=a2eQVc8snRE
مهران مدیری چی می گه !!!!😮,https://www.youtube.com/watch?v=-6EWx_csAOA
فیلم کمدی و خفن چراغ قرمز با بازی الناز شاکردوست و رضا شفیعی جم,https://www.youtube.com/watch?v=ojN-Y8qZtR8
نوستالژی ساعت خوش | سکانس های خند دار رضا عطاران و حمید لولایی🤣قسمت هفتم,https://www.youtube.com/watch?v=37-AkGiq98I
ساعت خوش | نوستالژی مهران مدیری با کلی خنده 🤣 قسمت ششم,https://www.youtube.com/watch?v=cShY9cs_kq8
رضا چه دزدیه🤣,https://www.youtube.com/watch?v=jhYGiLC00Bs
مرجانه گلچین و رضا شفیعی جم در فیلم خنده دار با من شوخی نکن | Do not joke with me,https://www.youtube.com/watch?v=bD7JgbAaVdA
ساعت خوش | نوستالژی مهران مدیری با کلی خنده 🤣 قسمت پنجم,https://www.youtube.com/watch?v=e8U0n28XC8A
👑 تاج پادشاهی کمدی ایران روی سر کی میره؟ | بتل بزرگ فیلم‌های خنده‌دار,https://www.youtube.com/watch?v=_ZgNBUCnJJs
سوتی تاریخی شیرزاد؛ این یکی رو دیگه ندیده بودید!🔥,https://www.youtube.com/watch?v=lSzI88DcG_w
ساعت خوش | نوستالژی مهران مدیری با کلی خنده 🤣 قسمت چهارم,https://www.youtube.com/watch?v=P9g2YljZi2o
اوفففف بگو تو دستشویی چه خبر بود🤣,https://www.youtube.com/watch?v=tTjQ-Dxp9hE
ساعت خوش | نوستالژی مهران مدیری با کلی خنده 🤣 قسمت سوم,https://www.youtube.com/watch?v=7vn9jKN5M9M
ساعت خوش | نوستالژِی از مهران مدیری با کلی خنده 🤣 قسمت دوم,https://www.youtube.com/watch?v=BHUDwwHG3nA
ساعت خوش | نوستالژی مهران مدیری با کلی خنده 🤣 قسمت اول,https://www.youtube.com/watch?v=iQFR-YLDFKA
لونه زنیور فیلم کمدی جدید با بازی محسن کیایی و بهاره کیان افشار,https://www.youtube.com/watch?v=P9oGlS_Uqo8
نبینی از کفت رفته 🤣 #comedy #tanztv,https://www.youtube.com/watch?v=Qlv1hRHhqwA
محمدرضا علیمردانی، علی صالحی، فریبا متخصص در سریال کمدی جذاب قرعه (قسمت آخر),https://www.youtube.com/watch?v=At8GmVUUofQ
وقتی روز عقدت از عروس کتک میخوری 🤣,https://www.youtube.com/watch?v=ql11L-reEtQ
فیلم کمدی جدید عینک قرمز | حامد بهداد، هادی کاظمی و سروش صحت به دنبال گنج قارون! 😂,https://www.youtube.com/watch?v=uGFuH8HOI_w
محمدرضا علیمردانی، علی صالحی، فریبا متخصص در سریال کمدی جذاب قرعه (قسمت 14),https://www.youtube.com/watch?v=Hgb4uVzmV2k
علی صادقی سم خالص🤣,https://www.youtube.com/watch?v=EP6cxk-XUkM
فیلم کمدی خنده دار یک دهم با بازی بهنوش بختیاری و خشایار راد🤣,https://www.youtube.com/watch?v=tQaOQaKJtf4
محمدرضا علیمردانی، علی صالحی، فریبا متخصص در سریال کمدی جذاب قرعه (قسمت 13),https://www.youtube.com/watch?v=hXNZyMk0kgg
موز خوردی تا حالا🤣,https://www.youtube.com/watch?v=iwfsRwmCIXs
علی صادقی و مهران غفوریان در فیلم کمدی جذاب میش🤣,https://www.youtube.com/watch?v=W-bqJgr16Uc
محمدرضا علیمردانی، علی صالحی، فریبا متخصص در سریال کمدی جذاب قرعه (قسمت 12),https://www.youtube.com/watch?v=oRFFAXeKepQ
اوف چه لاسی می زنه جواد رضویان🤣,https://www.youtube.com/watch?v=5p5fQpcb_zc
علی صادقی و مهدی سلوکی در فیلم کمدی پاشنه بلند 2🤣,https://www.youtube.com/watch?v=mIK8dMxh-pI
محمدرضا علیمردانی، علی صالحی، فریبا متخصص در سریال کمدی جذاب قرعه (قسمت 11),https://www.youtube.com/watch?v=8Ai1V2ujVRU
محمدرضا علیمردانی، علی صالحی، فریبا متخصص در سریال کمدی جذاب قرعه (قسمت 10),https://www.youtube.com/watch?v=baM8JSdyz64
محمدرضا علیمردانی، علی صالحی، فریبا متخصص در سریال کمدی جذاب قرعه (قسمت 9),https://www.youtube.com/watch?v=tOPh9-p_axc
جواد رضویان در فیلم کمدی جدید پاشنه بلند,https://www.youtube.com/watch?v=UTfmAk_BPIg
محمدرضا علیمردانی، علی صالحی، فریبا متخصص در سریال کمدی جذاب قرعه (قسمت 8),https://www.youtube.com/watch?v=y1cVK_FxUEI
فیلم کمدی جدید ما خیلی باحالیم با بازی مهران غفوریان و مجید صالحی🤣,https://www.youtube.com/watch?v=bNsAxx5dNao
پروستات عین موم تو دستامه!!!🤣,https://www.youtube.com/watch?v=VfpzGq6QfjI
محمدرضا علیمردانی، علی صالحی، فریبا متخصص در سریال کمدی جذاب قرعه (قسمت 7),https://www.youtube.com/watch?v=pA2CAFedgzo
فیلم سینمایی کمدی و نوستالژی دزد عروسک ها با بازی اکبر عبدی و آزیتا حاجیان,https://www.youtube.com/watch?v=2bpWw2skw4k
گلزار اینقد جدی آخه🤣,https://www.youtube.com/watch?v=Uo1D0V0Nexk
محمدرضا علیمردانی، علی صالحی، فریبا متخصص در سریال کمدی جذاب قرعه (قسمت 6),https://www.youtube.com/watch?v=-ZYIaOt3ldg
بابا من زن بگیر نیستم |  فیلم کمدی، عاشقائه جدید با بازی رضا نیکخواه و یوسف صیادی,https://www.youtube.com/watch?v=M-VDb3Utwcs
عجب نویز گیریه!!!!🤣,https://www.youtube.com/watch?v=10NHnmIlxcA
سریال کمدی نوستالژی قرعه | قسمت پنجم🤣,https://www.youtube.com/watch?v=VgxMQzWJUnk
حمیدرضا آذرنگ و فریبا متخصص در سریال کمدی نوستالژی قرعه | قسمت چهارم🤣,https://www.youtube.com/watch?v=kPwvQkR0lkg
وقتی مامان با چشم اشاره می‌کنه: «اون موزا رو بردار» 👀,https://www.youtube.com/watch?v=8cgt9YoOSEo
سریال کمدی نوستالژی قرعه با بازی محمدرضا علیمردانی | قسمت سوم🤣,https://www.youtube.com/watch?v=08OgF5gqt78
علی صادقی خواستگاریو به خاک و خون کشید 😂,https://www.youtube.com/watch?v=o3l0mxCg9C8
غلامرضا نیکخواه در سریال کمدی نوستالژی قرعه | قسمت دوم🤣,https://www.youtube.com/watch?v=sao_1EsgheU
وقتی مجید صالحی با یوسف صیادی لاس می زنه🤣,https://www.youtube.com/watch?v=Jl8WUN8ZGCI
فیلم کمدی جدید و جذاب دارچین تلخ با بازی سیاوش خیرابی,https://www.youtube.com/watch?v=cm2iLINbNV0
محمدرضا علیمردانی، علی صالحی، فریبا متخصص در سریال کمدی جذاب قرعه (قسمت ۱),https://www.youtube.com/watch?v=X0YnIlA5ah4
مگه آدم می تونه این سم و یادش بره🤣,https://www.youtube.com/watch?v=_Wkc7z4cLiY
سریال کمدی جدید آرماندو با بازی علی اوجی (قسمت آخر),https://www.youtube.com/watch?v=4PLfJ68p3SA
مرجان گلچین در سریال جدید آرماندو(قسمت شانزدهم),https://www.youtube.com/watch?v=TMl-xsJiKyw
به قید قرعه | فیلم کمدی جدید ایرانی با ایمان صفا و کاوه خداشناس,https://www.youtube.com/watch?v=wqmeKwDN-20
سریال کمدی جدید آرماندو با بازی علی اوجی، مرجانه گلچین، منوچهر هادی و علیرضا استادی (قسمت پانزدهم),https://www.youtube.com/watch?v=GyoAaFzVSag
دادگاه کمدی فیلم‌های دهه ۸۰ | شاهکار واقعی یا فقط نوستالژی؟😎,https://www.youtube.com/watch?v=OCyn5MDHjgM
سریال کمدی آرماندو| با بازی مرجان گلچین و سحر ولدبیگی (قسمت چهاردهم),https://www.youtube.com/watch?v=RHhgGhusnns
برای قافلگیری اموات🤣,https://www.youtube.com/watch?v=x1kYNNbr5gc
سریال کمدی جدید آرماندو با بازی علی اوجی (قسمت سیزدهم),https://www.youtube.com/watch?v=0jMPbQm8MSw
یوسف تیموری عجب راسوییه🤣,https://www.youtube.com/watch?v=rlTp0JljGrQ
رضا شفیعی جم و علی صادقی در فیلم کمدی سیازنگی😎,https://www.youtube.com/watch?v=wgUqE3ocRnE
سریال کمدی جدید آرماندو (قسمت دهم),https://www.youtube.com/watch?v=NCwovLp8kic
سریال کمدی جدید آرماندو با بازی مرجان گلچین وعلی اوجی (قسمت نهم),https://www.youtube.com/watch?v=KvW05OGaFqs
چیز خودشو می گه🤣,https://www.youtube.com/watch?v=9-L_TXpiHlY
فیلم معروف مزاحمت به کارگردانی ایرج ملکی  چطور به تو گیر ندادن؟! 😁,https://www.youtube.com/watch?v=UtN-CS3nfaQ
سریال کمدی جدید آرماندو با بازی علی اوجی (قسمت هشتم),https://www.youtube.com/watch?v=IWw6XBcsbFc
سریال کمدی جدید آرماندو با بازی مرجان گلچین (قسمت دوازدهم),https://www.youtube.com/watch?v=q1l3o68-1mg
تیکه حذف شد ورود خروج ممنوع🚫,https://www.youtube.com/watch?v=hTAvvQ3nWFc
فیلم کمدی جدید ویلای موروثی با بازی سیروس همتی، مریم امیرجلالی و خشایار راد 1080,https://www.youtube.com/watch?v=NJmTfhl45qA
سریال کمدی آرماندو| با بازی مرجان گلچین و سحر ولدبیگی (قسمت یازدهم),https://www.youtube.com/watch?v=HowWYRutagU
سریال کمدی جدید آرماندو با بازی مرجان گلچین (قسمت هفتم),https://www.youtube.com/watch?v=dJ8X67Nd1po
فیلم کمدی چقدر وقت داری؟ | زنده یاد سعید پیردوست و خشایار راد😎,https://www.youtube.com/watch?v=R5ErpN3AX7A
«شاگردِ بوگاتی‌باز 😎»,https://www.youtube.com/watch?v=7hjYShdcvRY
مرجان گلچین در سریال جدید آرماندو(قسمت ششم),https://www.youtube.com/watch?v=_8uXaI2AjY4
چه قریییییییییی میده جواد رضویان🤣,https://www.youtube.com/watch?v=enO6hG5D2aI
سریال کمدی جدید آرماندو با بازی الیکا عبدالرزاقی (قسمت پنجم),https://www.youtube.com/watch?v=BuUKUAa7h2M
سیامک چی زده😂,https://www.youtube.com/watch?v=QQ2ITpH_sB0
"🚨فیلم توقیفی، کمدی و جدید ""ورود و خروج ممنوع"" با بازی علی صادقی،اکبرعبدی🚨",https://www.youtube.com/watch?v=Ni1hrAAiTL0
سریال کمدی جدید آرماندو با بازی علی اوجی (قسمت چهارم),https://www.youtube.com/watch?v=1b6IN3cWpu0
وقتی بهتاش تانک می بینه 😂,https://www.youtube.com/watch?v=w2_Uhp8oz-k
سریال کمدی آرماندو| با بازی مرجان گلچین و سحر ولدبیگی (قسمت سوم),https://www.youtube.com/watch?v=hvJzlNUJc_g
فیلم کمدی به همین راحتی با بازی نسرین مقانلو,https://www.youtube.com/watch?v=2MhR4EfJKiE
سریال آرماندو | خنده های پیاپی علی اوجی و مرجان گلچین (قسمت دوم),https://www.youtube.com/watch?v=59vlEMVQfpI
اگه انبه‌خور بودی، هسته‌شو تا ته می‌خوردی😄,https://www.youtube.com/watch?v=a11MHiNw_QQ
دهه 80 با فیلم های کمدی علی صادقی,https://www.youtube.com/watch?v=eYh3sUUY308
سریال کمدی جدید آرماندو با بازی علی اوجی، مرجانه گلچین، منوچهر هادی و علیرضا استادی (قسمت ۱),https://www.youtube.com/watch?v=3d0AUsBKFkc
وای وای دلم وای دلم🤣,https://www.youtube.com/watch?v=EZFgRIV898g
ما فرشته نیستیم سریال کمدی با بازی علی صادقی و برزو ارجمند | قسمت یازدهم,https://www.youtube.com/watch?v=PJ6TDWRAkDQ
فیلم کمدی جدید کی داده کی گرفته با بازی نیماشاهرخ شاهی,https://www.youtube.com/watch?v=HbJPBQIHcos
ما فرشته نیستیم سریال کمدی با بازی علی صادقی و برزو ارجمند | قسمت دهم,https://www.youtube.com/watch?v=69MvpCzXGZo
بهاره رهنما، محمد نادری و سپند امیرسلیمانی در تئاتر کمدی و جذاب بلافیگورا با کیفیت عالی,https://www.youtube.com/watch?v=kbgJP-lsDSE
علی صادقی وگوهرخیراندیش درسریال کمدی و جدید ما فرشته نیستیم | قسمت نهم,https://www.youtube.com/watch?v=6etO_S0sjHc
عروس ننم می شی🤣,https://www.youtube.com/watch?v=zLHSHZvBBfA
عباس جمشیدی فر در فیلم کمدی جدید میخوام بازیگر شم,https://www.youtube.com/watch?v=Fu3JEAlEAC0
علی صادقی وگوهرخیراندیش درسریال کمدی و جدید ما فرشته نیستیم | قسمت هشتم,https://www.youtube.com/watch?v=w9vrRxEOWvs
نیماشاهرخ شاهی در فیلم کمدی شمال شهر جنوب شهر,https://www.youtube.com/watch?v=uAj2teqOzZA
علی صادقی در سریال کمدی جدید ما فرشته نیستیم | قسمت هفتم,https://www.youtube.com/watch?v=bl4qSji_mhE
ما فرشته نیستیم سریال کمدی با بازی علی صادقی و برزو ارجمند | قسمت ششم,https://www.youtube.com/watch?v=ZiTR81o6uhs
یوسف تیموری و خشایار راد در فیلم کمدی جدید ازدواج جنجالی 😉😂,https://www.youtube.com/watch?v=el5x9BDxXfY
گوهرخیراندیش در سریال کمدی و جدید ما فرشته نیستیم | قسمت پنجم,https://www.youtube.com/watch?v=E-JJRNYTraM
فاق شلوار جوان ایرانی به زمین نشست😂,https://www.youtube.com/watch?v=G88WfXSgwwY
شهره لرستانی در سریال کمدی جدید ما فرشته نیستیم | قسمت چهارم,https://www.youtube.com/watch?v=te7eHXyLf2M
چه جونی می گه سیامک انصاری🤣,https://www.youtube.com/watch?v=-ELtMzopz-c
ما فرشته نیستیم سریال کمدی با بازی علی صادقی و برزو ارجمند | قسمت سوم,https://www.youtube.com/watch?v=vYHxd-TJa4c
از کجات محافظت می کنه آقای بادیگارد🤣,https://www.youtube.com/watch?v=qlvpMvTwlfc
علی صادقی در سریال کمدی و جدید ما فرشته نیستیم | قسمت دوم,https://www.youtube.com/watch?v=KBaRkEi3xAQ
شیطنت جوادعزتی و رضا عطاران😂,https://www.youtube.com/watch?v=LeimpiJ3jEI
علی صادقی در سریال کمدی و جدید ما فرشته نیستیم با شهره لرستانی و گوهر خیراندیش😍,https://www.youtube.com/watch?v=q_QFKt53fCM
جواد عزتی | قسمت دوم کمدی جدید هزارپا,https://www.youtube.com/watch?v=831kJX0B4S4
سیامک انصاری درسریال کمدی جدید شبکه مخفی زنان (قسمت آخر),https://www.youtube.com/watch?v=Fig14V7fCvo
سریال کمدی جدید شبکه مخفی زنان (قسمت شانزدهم),https://www.youtube.com/watch?v=aIJPaVdVGxA
مگه اینجا دستشویی شیرزاد🤣,https://www.youtube.com/watch?v=xIezSVGKqsU
فیلم کمدی و دیدنی بابای اجباری با بازی حمید لولایی، عباس جمشیدی فر و یوسف صیادی,https://www.youtube.com/watch?v=TireOF3SpIM
سیامک انصاری و باران کوثری در سریال کمدی جدید شبکه مخفی زنان (قسمت پانزدهم),https://www.youtube.com/watch?v=A8F4FnkZYMs
آبادان برزیلته🤣مسابقه طنز هوش برتر,https://www.youtube.com/watch?v=45DErBh--28
شبکه مخفی زنان سریال کمدی جدید با بازی باران کوثری و لیلا حاتمی (قسمت چهاردهم),https://www.youtube.com/watch?v=5JTaji1BU14
باران کوثری، سیامک انصاری و لیلا حاتمی در سریال جدید و کمدی شبکه مخفی زنان (قسمت سیزدهم),https://www.youtube.com/watch?v=TBuOzX03_qo
وقتی انرژی هسته ای رو با اوزون برون یکی می کنه🤣🤣,https://www.youtube.com/watch?v=zbduWgjy220
سیامک انصاری و باران کوثری در سریال کمدی شبکه مخفی زنان | قسمت دوازدهم,https://www.youtube.com/watch?v=WzyMPxOzsRg
فیلم کمدی جدید کاتیوشا با بازی احمد مهران فر,https://www.youtube.com/watch?v=2yinpKB4Dog
پدر عاشقی بسوزه🤣,https://www.youtube.com/watch?v=sXScF7-GD5A
سریال کمدی جدید شبکه مخفی زنان (قسمت یازدهم),https://www.youtube.com/watch?v=1csd69lN55U
پارساپیروزفر در فیلم کمدی نوستالژی عروس خوش قدم,https://www.youtube.com/watch?v=chvEp5wZ-MU
سیامک انصاری و باران کوثری در سریال کمدی جدید شبکه مخفی زنان (قسمت دهم),https://www.youtube.com/watch?v=oHLtd_r1d0Q
وقتی سیامک انصاری میخواد مخ بزنه!!!🤣,https://www.youtube.com/watch?v=PW9ytzBwy3I
تا کی هر روز یه قیمت!!😂😂سری جدید مسابقه طنز هوش برتر,https://www.youtube.com/watch?v=XtpnkG-JPc8
سریال کمدی جدید شبکه مخفی زنان (قسمت نهم),https://www.youtube.com/watch?v=datHgajv5tA
فیلم کمدی و معروف اخراجی ها با بازی زنده یاد اکبر‌عبدی و امین حیایی,https://www.youtube.com/watch?v=pQR6oH5hAQk
سریال کمدی جدید شبکه مخفی زنان (قسمت هشتم),https://www.youtube.com/watch?v=f5a9yeOh19M
لینچان کجا مسی کجا اینا چه ربطی دارن🤣,https://www.youtube.com/watch?v=iYOfNxQBHwQ
سیامک انصاری و باران کوثری در سریال کمدی جدید شبکه مخفی زنان (قسمت هفتم),https://www.youtube.com/watch?v=biCcHS-O2r0
شبکه مخفی سریال کمدی جدید با بازی باران کوثری و سیامک انصاری (قسمت ششم),https://www.youtube.com/watch?v=tslEn23CNCg
یهو من و گاز نگیری🤣🤣 یارو پرید,https://www.youtube.com/watch?v=o7c5K06_A2s
سیامک انصاری و لیلا حاتمی در سریال کمدی جدید شبکه مخفی زنان (قسمت پنجم),https://www.youtube.com/watch?v=mA7gLBY4Fpw
هزارپا فیلم کمدی جدید جواد عزتی,https://www.youtube.com/watch?v=mxhkREkaVUg
هرچی می گم تن ماهی میگه خیار🤣🤣,https://www.youtube.com/watch?v=8HtLp2MZNag
شبنم مقدمی و مهدی هاشمی در سریال کمدی جدید شبکه مخفی زنان (قسمت چهارم),https://www.youtube.com/watch?v=uCJ6sgyQxfs
فیلم کمدی جدید شغل شریف زنده یاد داریوش اسد زاده,https://www.youtube.com/watch?v=e4_x0QjnMrY
سه زن بدبخت🤣,https://www.youtube.com/watch?v=okH1RffzV0Q
پس انداز می کنیم ژل بزنم🤣🤣,https://www.youtube.com/watch?v=e2HRi3mAlJE
سیامک انصاری و باران کوثری در سریال کمدی جدید شبکه مخفی زنان (قسمت سوم),https://www.youtube.com/watch?v=pN0oy5Ny0PY
زنده یاد علی انصاریان در فیلم کمدی جدید کلوپ همسران,https://www.youtube.com/watch?v=GLHCmCLxOMU
دلار 4200 تومنی رو هم دیدی!😂😂,https://www.youtube.com/watch?v=b7_qzRk2H9c
سریال کمدی جدید شبکه مخفی زنان (قسمت دوم),https://www.youtube.com/watch?v=wxvb2LHrYb4
ما خودمون زخم خورده دزد زالوصفتیم! 😂,https://www.youtube.com/watch?v=eQAF6B5q42E
جوادعزتی و سیامک نصاری در فیلم بدون سانسورخرگیوش,https://www.youtube.com/watch?v=E53v5uIgwGA
رقص هندی مجری وسط برنامه ! 😂😂 مسابقه طنز هوش برتر,https://www.youtube.com/watch?v=17RnRcGc9hk
سیامک انصاری و باران کوثری در سریال کمدی شبکه مخفی زنان | قسمت اول,https://www.youtube.com/watch?v=VvgkbcA1cRE
کمدی جدید خرچنگ با بازی حامد آهنگی و علیمردانی,https://www.youtube.com/watch?v=0gjdkFtHu5w
قهرکردن به سبک فرزاد فرزین😎,https://www.youtube.com/watch?v=RM80H-TwC4E
دعوای شرکت کنندگان مسابقه طنز هوش برتر! 😂😂,https://www.youtube.com/watch?v=sZ-FzAUFtdk
🎬قسمت آخر سریال کمدی گلشیفته | Golshifteh series,https://www.youtube.com/watch?v=WsbBwedUrHA
یوسف تیموری، مهران غفوریان و ثریا قاسمی در فیلم کمدی ایرانی دخترمیلیونر,https://www.youtube.com/watch?v=1qq0tc7MTEk
وقتی هرچی بهت می گن نمی فهمی🤣,https://www.youtube.com/watch?v=vfusGieUv54
احتمال هندی بودن مادر حجر بن عدی! 😂😂 مسابقه خنده دار هوش برتر,https://www.youtube.com/watch?v=nUCVub7_Fss
قسمت 15 سریال کمدی گلشیفته با بازی هومن سیدی، امیرمهدی ژوله,https://www.youtube.com/watch?v=Y1nKeRmtiRs
کلید کردن رو لیاخوف روسی ولشم نمی کنن! 🤣🤣 هوش برتر (مسابقه طنز),https://www.youtube.com/watch?v=rlw3R-aUGLc
🎬قسمت 14 سریال کمدی گلشیفته | Golshifteh series,https://www.youtube.com/watch?v=RtADcsEKSxY
امین حیایی و نیکی کریمی در فیلم کمدی نوستالژی شام عروسی,https://www.youtube.com/watch?v=GNQdIjxeS8A
رقص جنجالی مجید صالحی😃,https://www.youtube.com/watch?v=kCkwkaVq2SY
عین کروکودیل دهنتو باز نکن! 😂😂 سری جدید مسابقه طنز هوش برتر😉,https://www.youtube.com/watch?v=QDnYj0820n8
قسمت 13 سریال کمدی گلشیفته با بازی مهناز افشار و محمد بحرانی,https://www.youtube.com/watch?v=_zfKMtjzgts
برزو ارجمند در فیلم کمدی جدید سه بیگنه,https://www.youtube.com/watch?v=HCPnh_lR0aM
اسمت نباشه آبرو ریزیش کمتر🤣,https://www.youtube.com/watch?v=wU5Z0xv_BoM
کی با فاق و خشتک و شلوار در ارتباطه؟ 😂😂,https://www.youtube.com/watch?v=R59IzCs4_Y4
🎬قسمت 12 سریال کمدی گلشیفته | Golshifteh series,https://www.youtube.com/watch?v=N0VwMeGN0jI
فیلم کمدی جدید گوربه گور با بازی پریناز ایزدیار,https://www.youtube.com/watch?v=O7UEvgrLZjk
آقای ملیکا!!!وای این ترکیبیه🤣,https://www.youtube.com/watch?v=pSLm199ewdE
بهمن اومد روت؟! 😂😂 سری جدید مسابقه طنز هوش برتر😉,https://www.youtube.com/watch?v=UQfA6QT8kT0
🎬قسمت 11 سریال کمدی گلشیفته با بازی مهناز افشار، نازنین بیاتی، سیامک انصاری,https://www.youtube.com/watch?v=PiVOQFk5rps
جواد عزتی، امیر جعفری در بهترین و خنده دارترین فیلم کمدی اکسیدان (فیلم توقیف شده),https://www.youtube.com/watch?v=THEHKgSNhHc
ما خودمون زخم خورده دزد زالوصفتیم! 😂😂سری جدید مسابقه هوش برتر آخر خنده,https://www.youtube.com/watch?v=MI8aDSsdPwE
قسمت 10 سریال کمدی گلشیفته با بازی مهناز افشار و محمد بحرانی,https://www.youtube.com/watch?v=sJms_floPJA
هدیه تهرانی و بهران رادان در فیلم کمدی تهران ۱۵۰۰,https://www.youtube.com/watch?v=eW8VD4iaSmk
درود به شرف حضرت حافظ! 😁برنامه جدید هوش برتر,https://www.youtube.com/watch?v=o4yxXXyJUYI
🎬قسمت 9 سریال کمدی گلشیفته | Golshifteh series,https://www.youtube.com/watch?v=I2VADpn5xM0
الناز شاکردوست در فیلم کمدی 2 خواهر,https://www.youtube.com/watch?v=lycsUowSWtg
خدا یکی زن یکی! من با دلارام چی کار دارم؟! 😂😂مسابقه هوش برتر آخر خنده 🤣,https://www.youtube.com/watch?v=xbkB6xlcOig
قسمت 8 سریال کمدی گلشیفته با بازی هومن سیدی، امیرمهدی ژوله,https://www.youtube.com/watch?v=oaoW4iP9I2o
محسن کیایی در فیلم کمدی ضد گلوله🤣,https://www.youtube.com/watch?v=QoqWQ6R0boI
قسمت 6 سریال کمدی گلشیفته با بازی مهناز افشار و محمد بحرانی,https://www.youtube.com/watch?v=VWMPriShBCw
فیلم کمدی و پرفروش نهنگ عنبر۲ با بازی رضا عطاران و مهناز افشار - Nahang Anbar With English Subtitles,https://www.youtube.com/watch?v=jP77Jsi0k8g
🎬قسمت 7 سریال کمدی گلشیفته | Golshifteh series,https://www.youtube.com/watch?v=AatbveRDD5c
فیلک کمدی جدید نهنگ عنبر 1 با بازی رضا عطاران و مهناز افشار😍,https://www.youtube.com/watch?v=3VswylbIkmA
🎬قسمت 5 سریال کمدی گلشیفته | Golshifteh series,https://www.youtube.com/watch?v=-3-_9-7IMgg
شهین تسلیمی در فیلم نوستالژی کمدی سه سوت عاشقی😍,https://www.youtube.com/watch?v=mjGAa5e9WrA
سری جدید مسابقه طنز هوش برتر  مرفه بی درد بی روغن! 😂😂,https://www.youtube.com/watch?v=j6Dk8pjGISE
قسمت 4 سریال کمدی گلشیفته با بازی هومن سیدی، امیرمهدی ژوله,https://www.youtube.com/watch?v=Ny22Rn8OfOQ
فیلم کمدی تو و من با بازی گلزار و الناز شاکردوست🤣,https://www.youtube.com/watch?v=ObVU3Qx6jMU
ببینم می تونی یه کاری کنی ف.ک  بیاد بگیرتمون؟! 😢,https://www.youtube.com/watch?v=Fv-VMvfhrlQ
قسمت 3 سریال کمدی گلشیفته با بازی مهناز افشار و محمد بحرانی,https://www.youtube.com/watch?v=jrRo2Zkadco
فیلم کمدی و خنده دار ویلای ساحلی با بازی رضا عطاران، پژمان جمشیدی - Villaye Saheli Comedy Film,https://www.youtube.com/watch?v=V2B-b1BHvhk
نقد بی رحمانه به وضع اقتصاد! 😂😂سری جدید مسابقه طنز هوش برتر😉😁,https://www.youtube.com/watch?v=YfLP9mJSxCs
قسمت 2 سریال کمدی گلشیفته با بازی هومن سیدی، امیرمهدی ژوله,https://www.youtube.com/watch?v=moflSRYjZX8
فرزاد فرزین در فیلم کمدی جدید آهنگ دو نفره😃,https://www.youtube.com/watch?v=DRITV8eul1w
کل کل فوتبالی شرکت کننده های پرسپولیسی و استقلالی وسط مسابقه طنز هوش برتر!! 😂😂,https://www.youtube.com/watch?v=U3PHAm-m5_4
🎬قسمت اول سریال کمدی گلشیفته با بازی مهناز افشار، نازنین بیاتی، سیامک انصاری,https://www.youtube.com/watch?v=L_KnJ53OJOU
اکبر عبدی، جواد رضویان، الهام حمیدی، مجید صالحی و یوسف صیادی در فیلم کمدی فارسی دلداده,https://www.youtube.com/watch?v=NxiL_86dFdo
اینا به روح اعتقاد ندارن!! 😂😂 مسابقه طنز هوش برتر😍,https://www.youtube.com/watch?v=WVfjzmrhB2c
جواد عزتی در فیلم کمدی جدید پارادایس | Paradise Film farsi Comedy Film,https://www.youtube.com/watch?v=g7RAP9N6oeg
بهبود به نقی چک زد😱 | Paytakht 5,https://www.youtube.com/watch?v=FG7QJinyYTA
"توقیفی ترین فیلم فارسی | فیلم کمدی ""مارمولک"" با بازی پرویز پرستویی همراه با زیرنویس انگلیسی",https://www.youtube.com/watch?v=BY6jR7S0Des
امیرحسین قیاسی | دراگون تاحالا گازت گرفته🤣,https://www.youtube.com/watch?v=Rtp5nXatE38
رقص جنجالی محسن افشانی با آمیتا پاچان😃,https://www.youtube.com/watch?v=kJbFYtg3tx0
فیلم کمدی جدید دوست من باچان | آمیتا پاچان😃,https://www.youtube.com/watch?v=Hxo8Raz0mgQ
🎬 مشاعره جذاب خانم شیرزاد و ابراهیم رئیسی (آخرش سوپرایزه😂),https://www.youtube.com/watch?v=leUEDAh3kHI
فیلم سینمایی کمدی نوستالژی گشت ارشاد 1 با بازی حمید فرخ نژاد😂,https://www.youtube.com/watch?v=2XFyi1hbHC0
حامد آهنگی، پژمان جمشیدی و احمد مهران فر در فیلم کمدی طهران 57😂,https://www.youtube.com/watch?v=05XmdNVUjDk
تیزرجدید فیلم کمدی طهران 57 با بازی پزمان جمشیدی و آناهیتا درگاهی🤣,https://www.youtube.com/watch?v=69kwjrfeonk
فیلم کمدی یه آسمون آبی سقف اتاق من 🤣 با بازی زنده یاد سعید پیردوست,https://www.youtube.com/watch?v=W9pUiXhCArw
رضا عطاران در فیلم کمدی تیغ زن😎,https://www.youtube.com/watch?v=OF4c8n_QNnE
فیلم کمدی چقدر وقت داری؟ | زنده یاد سعید پیردوست و خشایار راد😎,https://www.youtube.com/watch?v=Ce5byIKfdRg
فیلم کمدی کلاس هنرپیشگی | با بازی زده یاد رضا داوودنژاد و پردیس احمدیه😎,https://www.youtube.com/watch?v=rjkcRKn6_os
فیلم کمدی کمدی انسانی با بازی هومن سیدی، نیکی کریمی، بهاره کیان افشار و آرمان درویش,https://www.youtube.com/watch?v=dLnhabJZvP4
فیلم کمدی سال های انتظار با بازی رضا ناجی و سمانه پاکدل,https://www.youtube.com/watch?v=KroAKJBNb4A
فیلم کمدی شاخه گلی برای عروس با بازی حدیث فولادوند و مجید صالحی🤣,https://www.youtube.com/watch?v=nVLhkXO8TwE
فیلم کمدی کالسکه با بازی حمید لولایی و مهران غفوریان,https://www.youtube.com/watch?v=iBAgJkSLY-o
نعیمه نظام دوست | فیلم کمدی بازیگوش ها😂,https://www.youtube.com/watch?v=Te-1Tu8hkrs
فیلم نوستالژی کمدی کلاهی برای باران با بازی رضا عطاران😍,https://www.youtube.com/watch?v=0CxqPmsA69I
شیر و عسل  فیلم کمدی با بازی علی صادقی، پوریا پورسرخ و مهران غفوریان,https://www.youtube.com/watch?v=Fr3awdSAzxY
دزدی در سریال زخم کاری😁 در برنامه نیمه شب با امیرحسین قیاسی 😁,https://www.youtube.com/watch?v=rLXcmAUobvQ
ماجراهای عموپورنگ و ساسی مانکن 😁 در برنامه نیمه شب با امیرحسین قیاسی 😁,https://www.youtube.com/watch?v=jk4LNL-vhD4
نمونه ادرار ترانه علیدوستی 😁 در برنامه نیمه شب با امیرحسین قیاسی 😁,https://www.youtube.com/watch?v=-F2LiMIZ90k
وزیر امور خارجه واقعیه یا کیکه 😁 در برنامه نیمه شب با امیرحسین قیاسی 😁,https://www.youtube.com/watch?v=5akONRAhjAw
خرید خرس های قطبی برای زیدهای دو قطبی 😁 در برنامه نیمه شب با امیرحسین قیاسی 😁,https://www.youtube.com/watch?v=p6-JNNI8t0s
دعوت کردن برنامه کنای مجلس به کردان 😁 در برنامه نیمه شب با امیرحسین قیاسی 😁,https://www.youtube.com/watch?v=QIrAG8Iladc
بینا شدن ورزشکار نابینا ایرانی در المپیک 🤔 در برنامه نیمه شب با امیرحسین قیاسی 😁,https://www.youtube.com/watch?v=HdD1GYIHvN0
ساختن برجستگی رو بدن، می‌ارزه به گرفتن معافیت سربازی؟ | سکانس خنده دار فیلم دم سرخ ها,https://www.youtube.com/watch?v=tIZywVnrjy4
واقعا کنعانی توی اتوبوس چکار میکرد؟ 🤔 در برنامه نیمه شب با امیرحسین قیاسی 😁,https://www.youtube.com/watch?v=skr9oD30hDY
چاقو کشی مردان آهنین وسط برنامه در برنامه نیمه شب با امیرحسین قیاسی 😁,https://www.youtube.com/watch?v=018F1AtZ2Qg
سفر احمدی نژاد به گواتمالا برای آب در برنامه نیمه شب با امیرحسین قیاسی 😁,https://www.youtube.com/watch?v=TvOF9XPu4Vc
انقلاب لر ها در برنامه نیمه شب با امیرحسین قیاسی 😁,https://www.youtube.com/watch?v=Q6Pg3v2NCLc
صحبت کردن مرغ ها در برنامه زنده 🤣 نیمه شب با امیرحسین قیاسی,https://www.youtube.com/watch?v=wvg9IqEzxnQ
رقابت نفسگیر حسن یزدانی با جومونگ 🤣 نیمه شب با امیرحسین قیاسی,https://www.youtube.com/watch?v=qNOmIn9qmYA
اگه رونالدو سالی یه بار بیاد ایران، تمام مشکلاتمون حل میشه! 🤣 نیمه شب با امیرحسین قیاسی,https://www.youtube.com/watch?v=19haehVZ6L4
مهندسی معکوس دسته بیل مهندسان غیور ایرانی 🤣 نیمه شب با امیرحسین قیاسی,https://www.youtube.com/watch?v=Fyv1XYf6_8g
تیکه امیرحسین قیاسی به رفیق بازی دولت رئیسی!!! 🤣 نیمه شب با امیرحسین قیاسی,https://www.youtube.com/watch?v=mTqC3T8iT0Q
انگشت به دندان شدن خارجی ها از پیشرفت ایران 🤣 نیمه شب با امیرحسین قیاسی,https://www.youtube.com/watch?v=X_tekCAdLtY
از پرورش ماریجوانا در دانشگاه کرمانشاه تا کشت تریاک با آب های ایران 🤣 نیمه شب با امیرحسین قیاسی,https://www.youtube.com/watch?v=Ugm16Jt15Ms
مهدی تاج میخواد رونالدو رو بیاره تیم ملی 🤣 نیمه شب با امیرحسین قیاسی,https://www.youtube.com/watch?v=zcH4ER3tGPQ
زلزله کنسرت تیلور سوییفت اونا و سیل کنسرت علیرضا قربانی ما! 🤣 نیمه شب با امیرحسین قیاسی,https://www.youtube.com/watch?v=QaWXtX0JKsE
افتتاح کوه توسط استاندار قزوین که با 18 تا ماشین اسکورتش کردند!! 🤣 نیمه شب با امیرحسین قیاسی,https://www.youtube.com/watch?v=qhpVDnoRmbc
گروه تف اندازان باشگاه استقلال تا پزشکان متقلب 🤣 نیمه شب با امیرحسین قیاسی,https://www.youtube.com/watch?v=x0Q2GTeZA9g
ماجرای بودار مالیات اینستاگرام و اختلاس بانک و البته روزبه بمانی 🤣 نیمه شب با امیرحسین قیاسی,https://www.youtube.com/watch?v=YOSuS8qwzug
ازدواج گلزار با کروکدیل بعد از دعوا با هانی کرده 🤣 نیمه شب با امیرحسین قیاسی,https://www.youtube.com/watch?v=rmcAMz0Tf54
قرار دعوا ایلان ماسک از زاکربرگ در رباط کریم 🤣 نیمه شب با امیرحسین قیاسی,https://www.youtube.com/watch?v=7v7UW0lb20Y
نجات دادن زندگی گلزار توسط نازنین 14 ساله از قم 🤣 نیمه شب با امیرحسین قیاسی,https://www.youtube.com/watch?v=R2eQui-heO0
فیلم کمدی کلانتری غیرانتفاعی با بازی امیر جعفری، گوهر خیراندیش و فردوس کاویانی,https://www.youtube.com/watch?v=IijsOAgbflo
فیلم سینمایی کمدی من زمین را دوست دارم با بازی علیرضا خمسه و فریبرز عرب نیا,https://www.youtube.com/watch?v=G2YR5BAH9AQ
فیلم سینمایی ایرانی همسر ساخته مهدی فخیم زاده با بازی فاطمه معتمدآریا، نسرین مقانلو و مهدی هاشمی,https://www.youtube.com/watch?v=XOnKUwAdBy0
فیلم سینمایی ایرانی هی جو با بازی سعید پورصمیمی و فتحعلی اویسی,https://www.youtube.com/watch?v=RE1bLVfH1mE
فیلم سینمایی ایرانی و تماشایی بیراهه با هنرنمایی مهدی فقیه، اصغر همت و زهرا سعیدی,https://www.youtube.com/watch?v=C-GKuRnfEOU
مهدی هاشمی در فیلم سینمایی ایرانی خارج از محدوده ساخته رخشان بنی اعتماد,https://www.youtube.com/watch?v=-09AsIs7Smk
الناز شاکردوست در فیلم سینمایی کمدی فانتزی موزیکال مبارک,https://www.youtube.com/watch?v=MblMlySNYh0
فیلم سینمایی کمدی ساده لوح ساخته مهدی فخیم زاده با بازی پوراندخت مهیمن و هادی اسلامی,https://www.youtube.com/watch?v=p6D3CJyEIoA
فیلم سینمایی کمدی ایرانی راننده تاکسی با بازی محمد رضا داوودنژاد و لاله اسکندری,https://www.youtube.com/watch?v=UqyvYOOjH_Q
فیلم سینمایی کمدی ایرانی داماد خجالتی با بازی فتحعلی اویسی، حمید گودرزی و بهنوش بختیاری,https://www.youtube.com/watch?v=GSP0nTox4xo
علی صادقی در فیلم کمدی آخرین مجرد😁,https://www.youtube.com/watch?v=2P1zESruWAI
مجید مشیری و پوراندخت مهیمن در سریال کمدی معراجی ها 😃 قسمت 27 (قسمت آخر),https://www.youtube.com/watch?v=42qdiFbiNvQ
محمدرضا شریفی نیا و مریم کاویانی در سریال کمدی معراجی ها 😃 قسمت 26,https://www.youtube.com/watch?v=z0qfXod5a14
دانیال عبادی و بهاره افشاری در سریال کمدی معراجی ها 😃 قسمت 25,https://www.youtube.com/watch?v=wvMbJojG34E
سمانه پاکدل و نیما شاهرخ شاهی در سریال کمدی معراجی ها 😃 قسمت 24,https://www.youtube.com/watch?v=BjIa4wuWtl8
برزو ارجمند و حمید لولایی در سریال کمدی معراجی ها 😃 قسمت 23,https://www.youtube.com/watch?v=yvoYEghgqHM
علی صادقی و اکبر عبدی در سریال کمدی معراجی ها 😃 قسمت 22,https://www.youtube.com/watch?v=kpCG5riexC4
سید جواد هاشمی و سید مهرداد ضیایی در سریال کمدی معراجی ها 😃 قسمت 21,https://www.youtube.com/watch?v=OVH5l7NaolI
حمید ماهی صفت و زنده یاد علی ابوالحسنی در فیلم کمدی ایرانی سوگند,https://www.youtube.com/watch?v=COiG-KPnpkY
کیانوش گرامی و رضا رویگری در سریال کمدی معراجی ها 😃 قسمت 20,https://www.youtube.com/watch?v=2f7JLxpLykU
لاله صبوری و کاوه خداشناس در سریال کمدی معراجی ها 😃 قسمت 19,https://www.youtube.com/watch?v=uW85kqkt4Xw
فیلم سینمایی کمدی ده رقمی ساخته همایون اسعدیان با بازی جواد رضویان، بهاره رهنما و بهنوش بختیاری,https://www.youtube.com/watch?v=6_8luz3U0q0
پندار اکبری و حدیثه تهرانی در سریال کمدی معراجی ها 😃 قسمت 18,https://www.youtube.com/watch?v=IjAEfayoxNw
فیلم کمدی و پربازیگر قهرمانان کوچک با برزو ارجمند، بهنوش بختیاری، آناهیتا همتی و بیژن بنفشه خواه,https://www.youtube.com/watch?v=DNyo6uREbj8
مجید مشیری و پوراندخت مهیمن در سریال کمدی معراجی ها 😃 قسمت 17,https://www.youtube.com/watch?v=U7AYoCpZ_jo
فیلم سینمایی کمدی سورچی گلستان با بازی میرطاهر مظلومی و حدیث فولادوند,https://www.youtube.com/watch?v=k6zQnnnjjEc
محمدرضا شریفی نیا و مریم کاویانی در سریال کمدی معراجی ها 😃 قسمت 16,https://www.youtube.com/watch?v=v8ZBXwYl-OA
دانیال عبادی و بهاره افشاری در سریال کمدی معراجی ها 😃 قسمت 15,https://www.youtube.com/watch?v=buAoXmyifyM
فیلم سینمایی کمدی هدیه پرماجرا با بازی مریم امیرجلالی و میرطاهر مظلومی,https://www.youtube.com/watch?v=mzceeErfBzo
سمانه پاکدل و نیما شاهرخ شاهی در سریال کمدی معراجی ها 😃 قسمت 14,https://www.youtube.com/watch?v=xLE3CJu-Aqg
فیلم سینمایی کمدی ایرانی هیش با بازی امیر غفارمنش و عباس جمشیدی فر | Film Irani Hish,https://www.youtube.com/watch?v=MSBWV99vodQ
حمید لولایی و برزو ارجمند در سریال کمدی معراجی ها 😃 قسمت 13,https://www.youtube.com/watch?v=DT3ATTmVvo8
فیلم سینمایی کمدی دکتر سه سوت با بازی امیرحسین رستمی، زهره حمیدی و ارژنگ امیرفضلی,https://www.youtube.com/watch?v=EcQo3i9ckxQ
علی صادقی و اکبر عبدی در سریال کمدی معراجی ها 😃 قسمت 12,https://www.youtube.com/watch?v=3pW9TBxaZgw
فیلم سینمایی کمدی ایرانی شیپورچی با بازی حسین مهری و مهران رجبی | Film Irani,https://www.youtube.com/watch?v=VNbHQJ6YD2M
سید جواد هاشمی و سید مهرداد ضیایی در سریال کمدی معراجی ها 😃 قسمت 11,https://www.youtube.com/watch?v=5IZsRSP9o0Q
فیلم سینمایی کمدی ایرانی میخوام بازیگر شم با بازی سحر قریشی، نیما شاهرخ شاهی و عباس جمشیدی فر,https://www.youtube.com/watch?v=5TH8miakB0s
کیانوش گرامی و رضا رویگری در سریال کمدی معراجی ها 😃 قسمت 10,https://www.youtube.com/watch?v=0r1s9ZswIB8
فیلم سینمایی کمدی ایرانی مهمان بابا با بازی مهران رجبی و مریم سلطانی,https://www.youtube.com/watch?v=f663sxVmc6I
امیر نوری و اکبر عبدی در سریال کمدی معراجی ها 😃 قسمت 9,https://www.youtube.com/watch?v=HGYY-uvm2jo
فیلم سینمایی کمدی ایرانی ملک پدری با بازی کیانوش گرامی و علی ابوالحسنی | Film Irani Melke Pedari,https://www.youtube.com/watch?v=Eyw5aSqtRF4
لاله صبوری و کاوه خداشناس در سریال کمدی معراجی ها 😃 قسمت 8,https://www.youtube.com/watch?v=G0_EpclPtDw
فیلم سینمایی کمدی ایرانی مار پله ساخته حسین حیدری با بازی ندا قاسمی | Film Irani Mar Pelle,https://www.youtube.com/watch?v=1WeMMhSSyxI
پندار اکبری و حدیثه تهرانی در سریال کمدی معراجی ها 😃 قسمت 7,https://www.youtube.com/watch?v=toDiDkwCfiA
مجید مشیری و پوراندخت مهیمن در سریال کمدی معراجی ها 😃 قسمت 6,https://www.youtube.com/watch?v=NHXNRHdfpiM
فیلم سینمایی کمدی لبخند در مراسم ترحیم با بازی اردلان شجاع کاوه، امیرحسین صدیق و آناهیتا همتی,https://www.youtube.com/watch?v=37BUjigMPQY
مریم کاویانی و محمدرضا شریفی‌نیا در سریال کمدی معراجی ها 😃 قسمت 5,https://www.youtube.com/watch?v=_7lcBIDBA1c
فیلم سینمایی کمدی غلط انداز با بازی امیرحسین صدیق، رامین راستاد و زنده یاد شهرام عبدلی,https://www.youtube.com/watch?v=6xUJJYb_Wpo
دانیال عبادی و بهاره افشاری در سریال کمدی معراجی ها 😃 قسمت 4,https://www.youtube.com/watch?v=iECyu69nrS4
سمانه پاکدل و نیما شاهرخ شاهی در سریال کمدی معراجی ها 😃 قسمت 3,https://www.youtube.com/watch?v=G1xtar1wPAg
حمید لولایی و برزو ارجمند در سریال کمدی معراجی ها 😃 قسمت 2,https://www.youtube.com/watch?v=TeJYC1slv9w
اکبر عبدی و علی صادقی در سریال کمدی معراجی ها 😃 قسمت 1,https://www.youtube.com/watch?v=Xp6mysvlmlQ
فیلم سینمایی جدید و جنجالی رها و انگشتر جادو/ Raha And The Magic Ring Cinematic Movie,https://www.youtube.com/watch?v=Q0mWGCXMouk
فیلم سینمایی کمدی شمال شهر جنوب شهر با بازی نیما شاهرخ شاهی و بهاره افشاری,https://www.youtube.com/watch?v=RYkKAQppaL8
فیلم سینمایی کمدی داستان عوضی ساخته فریدون جیرانی با بازی اکبر عبدی و علیرضا خمسه,https://www.youtube.com/watch?v=G_shpfxDWng
علیرضا خمسه در سریال کمدی پایتخت 5 :: قسمت هفدهم :: با کیفیت عالی 4k (بالاترین کیفیت),https://www.youtube.com/watch?v=_Zw752K2jrw
بهرام افشاری در سریال کمدی پایتخت 5 :: قسمت شانزدهم :: با کیفیت عالی 4k (بالاترین کیفیت),https://www.youtube.com/watch?v=586-jLzwKrg
فیلم سینمایی کمدی دو ماجرا برای یک ازدواج با بازی خاطره حاتمی و شیدا خلیق و ناهید مسلمی,https://www.youtube.com/watch?v=6_mw2ip6KRA
نیلوفر رجایی فر در سریال کمدی پایتخت 5 :: قسمت پانزدهم :: با کیفیت عالی 4k (بالاترین کیفیت),https://www.youtube.com/watch?v=JVOPt3LaAJ0
فیلم سینمایی ایرانی حرفه ای با بازی حمیدرضا پگاه، لادن طباطبایی و مریم امیرجلالی,https://www.youtube.com/watch?v=dumy7kJgSAQ
ریما رامین فر در سریال کمدی پایتخت 5 :: قسمت چهاردهم :: با کیفیت عالی 4k (بالاترین کیفیت),https://www.youtube.com/watch?v=ES3vl4rP6g8
عباس جمشیدی فر در فیلم سینمایی کمدی ایرانی به دام افتاده,https://www.youtube.com/watch?v=X7PjQ2RS8bU
محسن تنابنده در سریال کمدی پایتخت 5 :: قسمت سیزدهم :: با کیفیت عالی 4k (بالاترین کیفیت),https://www.youtube.com/watch?v=07FpqHSvro8
بهرام افشاری در سریال کمدی پایتخت 5 :: قسمت دوازدهم :: با کیفیت عالی 4k (بالاترین کیفیت),https://www.youtube.com/watch?v=lk8c5U2U-BE
فیلم سینمایی کمدی ایرانی عشق ساندویچی با بازی فلامک جنیدی، میرطاهر مظلومی و امیر غفارمنش,https://www.youtube.com/watch?v=JJs3tvrQRwE
نیلوفر رجایی فر در سریال کمدی پایتخت 5 :: قسمت یازدهم :: با کیفیت عالی 4k (بالاترین کیفیت),https://www.youtube.com/watch?v=5SBP3QXpIqI
فیلم سینمایی کمدی دریا کنار با بازی سحر قریشی، زهره حمیدی، سیروس گرجستانی و فتحعلی اویسی,https://www.youtube.com/watch?v=mZ7Eu9khN5c
بهرام افشاری و احمد مهرانفر در سریال کمدی پایتخت 5 :: قسمت دهم :: با کیفیت عالی 4k (بالاترین کیفیت),https://www.youtube.com/watch?v=hX6MdYVRNuU
فیلم سینمایی طنز آن روی سکه با بازی نفیسه روشن، رضا توکلی و مهران ضیغمی,https://www.youtube.com/watch?v=Is07AoavNzw
علیرضا خمسه و محسن تنابنده در سریال کمدی پایتخت 5 :: قسمت نهم :: با کیفیت عالی 4k (بالاترین کیفیت),https://www.youtube.com/watch?v=TuCT7fdWgDc
علی صادقی و هومن برق نورد در فیلم سینمایی کمدی آدم آهنی 😂,https://www.youtube.com/watch?v=zsJIjjQyRb0
هومن حاجی عبداللهی در سریال کمدی پایتخت 5 :: قسمت هشتم :: با کیفیت عالی 4k (بالاترین کیفیت),https://www.youtube.com/watch?v=Fk3X7BjbmPw
فیلم سینمایی کمدی تاریخی مظفرنامه با بازی اکبر عبدی، بهزاد فراهانی و شقایق فراهانی,https://www.youtube.com/watch?v=kNBv6JizBIg
ریما رامین فر و نسرین نصرتی در سریال کمدی پایتخت 5 :: قسمت هفتم :: با کیفیت عالی 4k (بالاترین کیفیت),https://www.youtube.com/watch?v=WNY1HLPauL4
فیلم کمدی پر بازیگر قاعده بازی با حضور اکبر عبدی، الناز شاکردوست، هوشنگ حریرچیان و حمید لولایی,https://www.youtube.com/watch?v=f64tE3oNdMM
سارا و نیکا فرقانی اصل در سریال کمدی پایتخت 5 :: قسمت ششم :: با کیفیت عالی 4k (بالاترین کیفیت),https://www.youtube.com/watch?v=dvrXQsFcJNk
فیلم سینمایی ایرانی فرشته ها با هم می آیند با بازی جواد عزتی و نازنین بیاتی,https://www.youtube.com/watch?v=JEXlNe784T0
نسرین نصرتی و بهرام افشاری در سریال کمدی پایتخت 5 :: قسمت پنجم 5 :: با کیفیت عالی 4k,https://www.youtube.com/watch?v=pRLqyybgtIk
یوسف تیموری و خشایار راد در فیلم کمدی جدید ازدواج جنجالی 😉😂,https://www.youtube.com/watch?v=rsAS5shnyLM
نسرین نصرتی و بهرام افشاری در سریال کمدی پایتخت 5 :: قسمت چهارم 4 :: با کیفیت عالی 4k,https://www.youtube.com/watch?v=txI17cwHnuI
فیلم سینمایی ایرانی کمدی بی ستاره با بازی سروش صحت، مهران غفوریان و مریم امیرجلالی,https://www.youtube.com/watch?v=fws6Y2pYbQ4
ریما رامین فر و هومن حاجی عبداللهی در سریال کمدی پایتخت 5 :: قسمت سوم 3 :: با کیفیت عالی 4k,https://www.youtube.com/watch?v=Z_A8bjDxUjI
فیلم کمدی و جدید یک دهم با بازی خشایار راد، بهنوش بختیاری و میثم درویشان پور,https://www.youtube.com/watch?v=RcaJ0nA6lUI
علیرضا خمسه و احمد مهران فر در سریال کمدی پایتخت 5 :: قسمت دوم 2 :: با کیفیت عالی 4k,https://www.youtube.com/watch?v=3zCPEwFS_OU
فیلم کمدی و عاشقانه نوک برج ساخته کیومرث پوراحمد نوشته سروش صحت با بازی محمدرضا فروتن و نیکی کریمی,https://www.youtube.com/watch?v=1CqqfQkxGQY
محسن تنابنده و بهرام افشاری در سریال کمدی پایتخت 5 :: قسمت اول 1 :: با کیفیت عالی 4k,https://www.youtube.com/watch?v=tQ5_qnI0FCc
فیلم سینمایی کمدی به دنبال خوشبختی 😁 با بازی پوریا پورسرخ، لیلا اوتادی و مریم امیرجلالی,https://www.youtube.com/watch?v=wt-6no1fREA
فیلم سینمایی ایرانی آبنبات 🍭 با بازی مهدی امینی خواه، رضا توکلی و شراره رخام,https://www.youtube.com/watch?v=lLXuwL1g5QI
فیلم سینمایی پربازیگر آذر، شهدخت، پرویز و دیگران با بازی گوهر خیراندیش، مانی حقیقی، رامبد جوان و ...,https://www.youtube.com/watch?v=XBvMhZshb_M
سریال کمدی و جدید ماهچراغ (نوروز 1402) با حضور سیاوش مفیدی - قسمت 24 (قسمت آخر),https://www.youtube.com/watch?v=5W43heaBbPw
سریال کمدی و جدید ماهچراغ (نوروز 1402) با حضور علی غریب  - قسمت 23,https://www.youtube.com/watch?v=EI_pNawmG9o
سریال کمدی و جدید ماهچراغ (نوروز 1402) با حضور عباس صفا  - قسمت 22,https://www.youtube.com/watch?v=dxhrWGXkXFE
سریال کمدی و جدید ماهچراغ (نوروز 1402) با حضور آسو پاشاپور - قسمت 21,https://www.youtube.com/watch?v=SIH26K5ebdU
سریال کمدی و جدید ماهچراغ (نوروز 1402) با حضورعلی غریب - قسمت 20,https://www.youtube.com/watch?v=FkL2Dht1Okw
سریال کمدی و جدید ماهچراغ (نوروز 1402) با حضور احمد نجفی  - قسمت 19,https://www.youtube.com/watch?v=kGIDAm2Ixpg
سریال کمدی و جدید ماهچراغ (نوروز 1402) با حضور حدیثه تهرانی - قسمت 18,https://www.youtube.com/watch?v=lOmPCTWj4s8
سریال کمدی و جدید ماهچراغ (نوروز 1402) با حضور آزیتا ترکاشوند - قسمت 17,https://www.youtube.com/watch?v=PNAEdBaTHsM
سریال کمدی و جدید ماهچراغ (نوروز 1402) با حضور سیاوش مفیدی - قسمت 16,https://www.youtube.com/watch?v=TlW9dfTQDkk
سریال کمدی و جدید ماهچراغ (نوروز 1402) با حضور اشکان اشتیاق - قسمت 15,https://www.youtube.com/watch?v=qihAnNsRVL0
سریال کمدی و جدید ماهچراغ (نوروز 1402) با حضور حدیثه تهرانی - قسمت 14,https://www.youtube.com/watch?v=inJ2eJId_Y4
سریال کمدی و جدید ماهچراغ (نوروز 1402) با حضور علی غریب- قسمت 13,https://www.youtube.com/watch?v=iXbzpcN7R-E
سریال کمدی و جدید ماهچراغ (نوروز 1402) با حضور سیاوش مفیدی - قسمت 12,https://www.youtube.com/watch?v=sRODC2-MjLA
سریال کمدی و جدید ماهچراغ (نوروز 1402) با حضور آزیتا ترکاشوند - قسمت 11,https://www.youtube.com/watch?v=N8jSkdaRkx0
سریال کمدی و جدید ماهچراغ (نوروز 1402) با حضور اشکان اشتیاق - قسمت 10,https://www.youtube.com/watch?v=gGSuKWSH39s
سریال کمدی و جدید ماهچراغ (نوروز 1402) با حضور حدیثه تهرانی - قسمت 9,https://www.youtube.com/watch?v=2XpSKLUcBak
سریال کمدی و جدید ماهچراغ (نوروز 1402) با حضور سیاوش مفیدی - قسمت 8,https://www.youtube.com/watch?v=MmQxIYYeV6k
سریال کمدی و جدید ماهچراغ (نوروز 1402) با حضور علی غریب - قسمت 7,https://www.youtube.com/watch?v=ancKCkJa-SI
سریال کمدی و جدید ماهچراغ (نوروز 1402) با حضور آزیتا ترکاشوند - قسمت 6,https://www.youtube.com/watch?v=Q4k_OUimuK8
سریال کمدی و جدید ماهچراغ (نوروز 1402) با حضور اشکان اشتیاق - قسمت 5,https://www.youtube.com/watch?v=bznJZvNS1gI
سریال کمدی و جدید ماهچراغ (نوروز 1402) با حضور احمد نجفی - قسمت 4,https://www.youtube.com/watch?v=ysP61lxwTyU
سریال کمدی و جدید ماهچراغ (نوروز 1402) با حضور حدیثه تهرانی - قسمت 3,https://www.youtube.com/watch?v=-Pk9Hrb-s94
سریال کمدی و جدید ماهچراغ (نوروز 1402) با حضور احمد نجفی و علی غریب - قسمت 2,https://www.youtube.com/watch?v=jdIev0skeqA
سریال کمدی و جدید ماهچراغ (نوروز 1402) با حضور اشکان اشتیاق و سیاوش مفیدی - قسمت 1,https://www.youtube.com/watch?v=j4I_gcIJp8s
حمید لولایی و هومن حاجی عبداللهی و عباس جمشیدی فر در سریال کمدی خوشنام 😉 قسمت آخر,https://www.youtube.com/watch?v=HwZhOy-vm6A
عباس جمشیدی فر و امیر کربلایی زاده در سریال کمدی خوشنام 😉 قسمت سی و یکم,https://www.youtube.com/watch?v=mmNgqE09WT8
نیلوفر رجایی فر و امیر کربلایی زاده در سریال کمدی خوشنام 😉 قسمت سی ام,https://www.youtube.com/watch?v=f7u2jJSjZcg
سحر ولدبیگی و شهره (مازیار) لرستانی در سریال کمدی خوشنام 😉 قسمت بیست و نهم,https://www.youtube.com/watch?v=BICJSrB2A8Q
حمید لولایی و عباس جمشیدی فر در سریال کمدی خوشنام 😉 قسمت بیست و هشتم,https://www.youtube.com/watch?v=EWz3drq7NLM
عباس جمشیدی فر و هومن حاجی عبداللهی در سریال کمدی خوشنام 😉 قسمت بیست و هفتم,https://www.youtube.com/watch?v=C8iuJcZuiGo
سحر ولدبیگی و شهره (مازیار) لرستانی در سریال کمدی خوشنام 😉 قسمت بیست و ششم,https://www.youtube.com/watch?v=SRKMV2xzQsc
سریال کمدی نوستالژیک این زمینی ها 🌍 با بازی لاله صبوری و ژاله صامتی - قسمت آخر,https://www.youtube.com/watch?v=QR9VMVXoTmI
حمید لولایی و عباس جمشیدی فر در سریال کمدی خوشنام 😉 قسمت بیست و پنجم,https://www.youtube.com/watch?v=Km5VrLnGZY8
سریال کمدی نوستالژیک این زمینی ها 🌍 با بازی ژاله صامتی - قسمت 35,https://www.youtube.com/watch?v=WGYRaa7CnP0
هومن حاجی عبداللهی و عباس جمشیدی فر در سریال کمدی خوشنام 😉 قسمت بیست و چهارم,https://www.youtube.com/watch?v=ZRXMi8pxljw
سریال کمدی نوستالژیک این زمینی ها 🌍 با بازی شهنام شهابی - قسمت 34,https://www.youtube.com/watch?v=qRm10PmyJ-o
حمید لولایی و سحر ولدبیگی در سریال کمدی خوشنام 😉 قسمت بیست و سوم,https://www.youtube.com/watch?v=fyEo_iY_UAE
سریال کمدی نوستالژیک این زمینی ها 🌍 با بازی امیرحسین صدیق - قسمت 33,https://www.youtube.com/watch?v=6Q0WgPsoKMk
عباس جمشیدی فر و امیر کربلایی زاده در سریال کمدی خوشنام 😉 قسمت بیست و دوم,https://www.youtube.com/watch?v=Js6Q25kqUL4
سریال کمدی نوستالژیک این زمینی ها 🌍 با بازی لاله صبوری - قسمت 32,https://www.youtube.com/watch?v=GoRY0Cw3OkU
امیر کربلایی زاده و نیلوفر رجایی فر در سریال کمدی خوشنام 😉 قسمت بیست و یکم,https://www.youtube.com/watch?v=Qp7C5xZty1A
سریال کمدی نوستالژیک این زمینی ها 🌍 با بازی علی عمرانی - قسمت 31,https://www.youtube.com/watch?v=GdR9yu2aOv8
سحر ولدبیگی و شهره (مازیار) لرستانی در سریال کمدی خوشنام 😉 قسمت بیستم,https://www.youtube.com/watch?v=eGGEF8H2OCk
سریال کمدی نوستالژیک این زمینی ها 🌍 با بازی لاله صبوری - قسمت 30,https://www.youtube.com/watch?v=X_elYwbOm7o
حمید لولایی و عباس جمشیدی فر در سریال کمدی خوشنام 😉 قسمت نوزدهم,https://www.youtube.com/watch?v=BS89cey96tc
سریال کمدی نوستالژیک این زمینی ها 🌍 با بازی سیامک انصاری - قسمت 29,https://www.youtube.com/watch?v=QX14ngFlf_Y
عباس جمشیدی فر و هومن حاجی عبداللهی در سریال کمدی خوشنام 😉 قسمت هجدهم,https://www.youtube.com/watch?v=wNGSdvLxM0w
سریال کمدی نوستالژیک این زمینی ها 🌍 با بازی شهنام شهابی - قسمت 28,https://www.youtube.com/watch?v=IL-DuALWrRc
امیر غفارمنش و امیر کربلایی زاده در سریال کمدی خوشنام 😉 قسمت هفدهم,https://www.youtube.com/watch?v=FBqoT_O29w4
سریال کمدی نوستالژیک این زمینی ها 🌍 با بازی مهدی صبایی - قسمت 27,https://www.youtube.com/watch?v=0fXdGmYAXEk
مازیار لرستانی و سحر ولدبیگی در سریال کمدی خوشنام 😉 قسمت شانزدهم,https://www.youtube.com/watch?v=IGoDRfIBtls
سریال کمدی نوستالژیک این زمینی ها 🌍 با بازی امیرحسین صدیق - قسمت 26,https://www.youtube.com/watch?v=Wcjpzn5YXMs
حمید لولایی و هومن حاجی عبداللهی در سریال کمدی خوشنام 😉 قسمت پانزدهم,https://www.youtube.com/watch?v=NxQQaan2Y_A
سریال کمدی نوستالژیک این زمینی ها 🌍 با بازی لاله صبوری - قسمت 25,https://www.youtube.com/watch?v=iHAAu2gj3ng
حمید لولایی و سحر ولدبیگی در سریال کمدی خوشنام 😉 قسمت چهاردهم,https://www.youtube.com/watch?v=yioVt1y5UWY
سریال کمدی نوستالژیک این زمینی ها 🌍 با بازی مریم سعادت - قسمت 24,https://www.youtube.com/watch?v=Z7ItWxjhen0
عباس جمشیدی فر و امیر کربلایی زاده در سریال کمدی خوشنام 😉 قسمت سیزدهم,https://www.youtube.com/watch?v=VBb8g6wbOrs
سریال کمدی نوستالژیک این زمینی ها 🌍 با بازی بهنوش بختیاری - قسمت 23,https://www.youtube.com/watch?v=M9SO_P6R0Ro
امیر غفارمنش و نیلوفر رجایی فر در سریال کمدی خوشنام 😉 قسمت دوازدهم,https://www.youtube.com/watch?v=dNIZPtoCjEw
سریال کمدی نوستالژیک این زمینی ها 🌍 با بازی علی عمرانی - قسمت 22,https://www.youtube.com/watch?v=uSy4HiPHg9s
شهره (مازیار) لرستانی و سحر ولدبیگی در سریال کمدی خوشنام 😉 قسمت یازدهم,https://www.youtube.com/watch?v=9_-2TxssiiI
سریال کمدی نوستالژیک این زمینی ها 🌍 با بازی رضا بابک - قسمت 21,https://www.youtube.com/watch?v=9MF46GQTzpc
حمید لولایی و عباس جمشیدی فر در سریال کمدی خوشنام 😉 قسمت دهم,https://www.youtube.com/watch?v=ej4qkwXFmFM
سریال کمدی نوستالژیک این زمینی ها 🌍 با بازی مهران ضیغمی - قسمت 20,https://www.youtube.com/watch?v=oSzI_V7mqZo
عباس جمشیدی فر و امیر کربلایی زاده در سریال کمدی خوشنام 😉 قسمت نهم,https://www.youtube.com/watch?v=zl_TCfvDmLc
سریال کمدی نوستالژیک این زمینی ها 🌍 با بازی امیرحسین صدیق - قسمت 19,https://www.youtube.com/watch?v=UO8L2ozWy-s
فریده سپاه منصور و نیلوفر رجایی فر در سریال کمدی خوشنام 😉 قسمت هشتم,https://www.youtube.com/watch?v=KUUQOXbZgbY
سریال کمدی نوستالژیک این زمینی ها 🌍 با بازی لاله صبوری - قسمت 18,https://www.youtube.com/watch?v=hesZe6gRROo
حمید لولایی و مازیار لرستانی در سریال کمدی خوشنام 😉 قسمت هفتم,https://www.youtube.com/watch?v=nQw9AgJktDU
سریال کمدی نوستالژیک این زمینی ها 🌍 با بازی مهدی صبایی - قسمت 17,https://www.youtube.com/watch?v=kJOnpYh8Ni0
هومن حاجی عبداللهی و نیلوفر رجایی فر در سریال کمدی خوشنام 😉 قسمت ششم,https://www.youtube.com/watch?v=haZOWvP3wwM
سریال کمدی نوستالژیک این زمینی ها 🌍 با بازی ژاله صامتی - قسمت 16,https://www.youtube.com/watch?v=NXUe4FhFy4A
حمید لولایی و شهره لرستانی در سریال کمدی خوشنام 😉 قسمت پنجم,https://www.youtube.com/watch?v=2WFmi38STW0
سریال کمدی نوستالژیک این زمینی ها 🌍 با بازی مریم سعادت - قسمت 15,https://www.youtube.com/watch?v=PKfwbhK4If8
عباس جمشیدی فر و فریده سپاه منصور در سریال کمدی خوشنام 😉 قسمت چهارم,https://www.youtube.com/watch?v=3dWgSKe-lDQ
سریال کمدی نوستالژیک این زمینی ها 🌍 با بازی سیامک انصاری - قسمت 14,https://www.youtube.com/watch?v=lisGf8loub4
نیلوفر رجایی فر و امیر غفارمنش در سریال کمدی خوشنام 😉 قسمت سوم,https://www.youtube.com/watch?v=NIBSi6Attc0
سریال کمدی نوستالژیک این زمینی ها 🌍 با بازی ژاله صامتی - قسمت 13,https://www.youtube.com/watch?v=7T14-ReluPQ
عباس جمشیدی فر و سحر ولدبیگی در سریال کمدی خوشنام 😉 قسمت دوم,https://www.youtube.com/watch?v=WDG0hP8dmw4
سریال کمدی نوستالژیک این زمینی ها 🌍 با بازی شهنام شهابی - قسمت 12,https://www.youtube.com/watch?v=Nqqfm1cmxF0
حمید لولایی و هومن حاجی عبداللهی در سریال کمدی خوشنام 😉 قسمت اول,https://www.youtube.com/watch?v=DOsfNYsg4Tw
سریال کمدی نوستالژیک این زمینی ها 🌍 با بازی بهنوش بختیاری - قسمت 11,https://www.youtube.com/watch?v=Bn2AdU_36l0
سریال کمدی نوستالژیک این زمینی ها 🌍 با بازی سیامک انصاری - قسمت 10,https://www.youtube.com/watch?v=g6KHKEOs7Rs
سریال کمدی نوستالژیک این زمینی ها 🌍 با بازی مهدی صبایی - قسمت 9,https://www.youtube.com/watch?v=yLdcSXCZe6Q
سریال کمدی نوستالژیک این زمینی ها 🌍 با بازی لاله صبوری - قسمت 8,https://www.youtube.com/watch?v=HNOrEtl8RTw
سریال کمدی نوستالژیک این زمینی ها 🌍 با بازی علی عمرانی - قسمت 7,https://www.youtube.com/watch?v=1vTr5T5o6bc
سریال کمدی نوستالژیک این زمینی ها 🌍 با بازی محبوبه بیات - قسمت 6,https://www.youtube.com/watch?v=5fEbM5l-e3c
سریال کمدی نوستالژیک این زمینی ها 🌍 با بازی مریم کاظمی - قسمت 5,https://www.youtube.com/watch?v=RaDJmSEA6H4
سریال کمدی نوستالژیک این زمینی ها 🌍 با بازی مریم سعادت - قسمت 4,https://www.youtube.com/watch?v=Nm7g5oHWXCk
سریال کمدی نوستالژیک این زمینی ها 🌍 با بازی شهنام شهابی - قسمت 3,https://www.youtube.com/watch?v=Qewl0pfIjGc
سریال کمدی نوستالژیک این زمینی ها 🌍 با بازی امیرحسین صدیق - قسمت 2,https://www.youtube.com/watch?v=ieQR2mn9-R8
سریال کمدی نوستالژیک این زمینی ها 🌍 با بازی لاله صبوری - قسمت 1,https://www.youtube.com/watch?v=2_MrVdzprkY
سریال نوستالژیک، قدیمی و کمدی ◀️ مثل زندگی ▶️ ساخته بهروز بقایی با بازی شقایق دهقان - قسمت آخر,https://www.youtube.com/watch?v=kComgY_gVmI
سریال نوستالژیک، قدیمی و کمدی ◀️ مثل زندگی ▶️ ساخته بهروز بقایی با بازی کامران ملک مطیعی - قسمت 13,https://www.youtube.com/watch?v=mr0E82z-95k
سریال نوستالژیک، قدیمی و کمدی ◀️ مثل زندگی ▶️ ساخته بهروز بقایی با بازی پرستو گلستانی - قسمت 12,https://www.youtube.com/watch?v=ew9l09ODoz8
سریال نوستالژیک، قدیمی و کمدی ◀️ مثل زندگی ▶️ ساخته بهروز بقایی با بازی نیما فلاح - قسمت 11,https://www.youtube.com/watch?v=eg13f6qTAxw
علیرام نورایی در مجموعه طنز کاریکارتون 😁 راز اعتیاد به بازی کامپیوتری! 😁,https://www.youtube.com/watch?v=gIX52nWQyJU
سریال نوستالژیک، قدیمی و کمدی ◀️ مثل زندگی ▶️ ساخته بهروز بقایی با بازی علیرضا رئیسی - قسمت 10,https://www.youtube.com/watch?v=wxlYi-QdHqo
علی عامل هاشمی در مجموعه طنز کاریکارتون 😁 این چه طرز برخورد با هنرمنداست؟!,https://www.youtube.com/watch?v=N88v5-uS6Jo
سریال نوستالژیک، قدیمی و کمدی ◀️ مثل زندگی ▶️ ساخته بهروز بقایی با بازی نیما فلاح - قسمت 9,https://www.youtube.com/watch?v=ghn0Z9c-6Fg
علیرام نورایی در مجموعه طنز کاریکارتون 😁 در سفر زمان کردم! 😁,https://www.youtube.com/watch?v=-xQShWNQ2m8
سریال نوستالژیک، قدیمی و کمدی ◀️ مثل زندگی ▶️ ساخته بهروز بقایی با بازی پرستو گلستانی - قسمت 8,https://www.youtube.com/watch?v=OFYK3HV0y6k
علی عامل هاشمی در مجموعه طنز کاریکارتون 😁 خاطراتت بو گرفته!,https://www.youtube.com/watch?v=8V4KbTbtXEk
سریال نوستالژیک، قدیمی و کمدی ◀️ مثل زندگی ▶️ ساخته بهروز بقایی با بازی شقایق دهقان - قسمت 7,https://www.youtube.com/watch?v=6C_Fz5eEfD0
علیرام نورایی در مجموعه طنز کاریکارتون 😁 قیچی صمد سلمونی باعث شروع جنگ جهانی اول شد! 😁,https://www.youtube.com/watch?v=esw-rp6iSt0
سریال نوستالژیک، قدیمی و کمدی ◀️ مثل زندگی ▶️ ساخته بهروز بقایی با بازی کامران ملک مطیعی - قسمت 6,https://www.youtube.com/watch?v=Q-BcJ_MONNE
علی عامل هاشمی در مجموعه طنز کاریکارتون 😁 دخترها دنیا رو نجات میدن,https://www.youtube.com/watch?v=JZ7uu-pyajk
سریال نوستالژیک، قدیمی و کمدی ◀️ مثل زندگی ▶️ با بازی علیرضا رئیسی و پرستو گلستانی - قسمت 5,https://www.youtube.com/watch?v=RRIJqft-jZo
علیرام نورایی در مجموعه طنز کاریکارتون 😁 کلیه آکبندشو گذاشته برا فروش! 😁,https://www.youtube.com/watch?v=39oE_VHouaM
سریال نوستالژیک، قدیمی و کمدی ◀️ مثل زندگی ▶️ با بازی شقایق دهقان و نیما فلاح - قسمت 4,https://www.youtube.com/watch?v=C6FVOkFwvvs
علی عامل هاشمی در مجموعه طنز کاریکارتون 😁 عمل زیبایی تبدیل سگ به گربه,https://www.youtube.com/watch?v=IMHojSzyi9M
سریال نوستالژیک، قدیمی و کمدی ◀️ مثل زندگی ▶️ با بازی پرستو گلستانی و کامران ملک مطیعی - قسمت 3,https://www.youtube.com/watch?v=ro70rE6X2O4
علیرام نورایی در مجموعه طنز کاریکارتون 😁 عاقبت احتکار کردن پیاز!! 😁,https://www.youtube.com/watch?v=jfB8SsLgjZk
سریال نوستالژیک، قدیمی و کمدی ◀️ مثل زندگی ▶️ با بازی کامران ملک مطیعی و علیرضا رئیسی - قسمت 2,https://www.youtube.com/watch?v=2hViYXAagrY
علی عامل هاشمی در مجموعه طنز کاریکارتون 😁 قیمت‌های نجومی خودرو,https://www.youtube.com/watch?v=tq8UMJIEDCM
سریال نوستالژیک، قدیمی و کمدی ◀️ مثل زندگی ▶️ با بازی شقایق دهقان و پرستو گلستانی - قسمت 1,https://www.youtube.com/watch?v=Vgs7vWv-lb0
علیرام نورایی در مجموعه طنز کاریکارتون 😁 جلسه هیئت مدیره انواع عرق ها!! 😁,https://www.youtube.com/watch?v=8KaOta_SBhI
زنده یاد سیروس گرجستانی، فتحعلی اویسی و خسرو شکیبایی در سریال نوستالژِی کمدی در کنارهم😍 قسمت آخر,https://www.youtube.com/watch?v=MC8XsEGkrr8
علی عامل هاشمی در مجموعه طنز کاریکارتون 😁 مدیرا اخراج نمیشن از جایی به جای دیگر منتقل میشن!,https://www.youtube.com/watch?v=Gdad_HMd3bU
سریال کمدی در کنار هم 😍 با بازی امیرحسین صدیق و سیروس گرجستانی 😍 قسمت 24,https://www.youtube.com/watch?v=a_F0aWKzQFw
علیرام نورایی در مجموعه طنز کاریکارتون 😁 امان از دست مسئولین قلابی!! 😁,https://www.youtube.com/watch?v=TWtqnfisnlU
سریال کمدی در کنار هم 😍 با بازی شراره دولت آبادی و سیما گرجستانی 😍 قسمت 23,https://www.youtube.com/watch?v=g2WXB7xKZ-s
علی عامل هاشمی در مجموعه طنز کاریکارتون 😁 متخصص زیبایی لب و بقیه جاها! 😉,https://www.youtube.com/watch?v=fTS9GpDSg6U
سریال کمدی در کنار هم 😍 با بازی رامین ناصر نصیر و برزو ارجمند 😍 قسمت 22,https://www.youtube.com/watch?v=6BERzgnhnGs
علیرام نورایی در مجموعه طنز کاریکارتون 😁 کاش اینقدر شارلاتان نبودی!! 😁,https://www.youtube.com/watch?v=5msk3ltT9FQ
سریال کمدی در کنار هم 😍 با بازی الیزابت امینی و برزو ارجمند 😍 قسمت 21,https://www.youtube.com/watch?v=G4UKX34J130
علی عامل هاشمی در مجموعه طنز کاریکارتون 😁 وقتی 12 سال کلاس اول باشی!,https://www.youtube.com/watch?v=DR0JTLU6aPo
سریال کمدی در کنار هم 😍 با بازی فتحعلی اویسی و الیزابت امینی 😍 قسمت 20,https://www.youtube.com/watch?v=1Rn3YURntBM
علیرام نورایی در مجموعه طنز کاریکارتون 😁 دخل و خرج مرغه یکی نبود!! 😁,https://www.youtube.com/watch?v=93pSVBaoLLU
زنده یاد سیروس گرجستانی در سریال نوستالژِی کمدی در کنارهم😍 قسمت 19,https://www.youtube.com/watch?v=stTk-rhZeY8
علی عامل هاشمی در مجموعه طنز کاریکارتون 😁 خر هم وارد کردن داره؟!,https://www.youtube.com/watch?v=dgoobkHOe8I
سریال کمدی در کنار هم 😍 با بازی شراره دولت آبادی و مهرانه مهین ترابی 😍 قسمت 18,https://www.youtube.com/watch?v=BbtNwx3MC4M
علیرام نورایی در مجموعه طنز کاریکارتون 😁 با مرغ هاشور شوخی نکنید! 😁,https://www.youtube.com/watch?v=9L2ecHYGWZM
سریال کمدی در کنار هم 😍 با بازی خسرو شکیبایی و فتحعلی اویسی 😍 قسمت 17,https://www.youtube.com/watch?v=yLjPjRywYow
علی عامل هاشمی در مجموعه طنز کاریکارتون 😁 تست دوپینگ عمه گلی مثبت دراومده! 😂,https://www.youtube.com/watch?v=-vYZgGiq1DQ
سریال کمدی در کنار هم 😍 با بازی خسرو شکیبایی و مهرانه مهین ترابی 😍 قسمت 16,https://www.youtube.com/watch?v=6EU_g9KjYnw
علیرام نورایی در مجموعه طنز کاریکارتون 😁 پاک کردن هوا با جاروبرقی 😁,https://www.youtube.com/watch?v=m-BRoBJCXJc
سریال کمدی در کنار هم 😍 با بازی امیرحسین صدیق و شراره دولت آبادی 😍 قسمت 15,https://www.youtube.com/watch?v=cLjaKcv8g80
علی عامل هاشمی در مجموعه طنز کاریکارتون 😁 کم‌کم از فضاهای ذهنی‌مون هم اجاره می‌گیرن!,https://www.youtube.com/watch?v=MQgUHAoZals
سریال کمدی در کنار هم 😍 با بازی برزو ارجمند و الیزابت امینی 😍 قسمت 14,https://www.youtube.com/watch?v=1kFHpFBEFUY
علیرام نورایی در مجموعه طنز کاریکارتون 😁 تو که لالایی بلدی چرا خوابت نمی بره؟ 😁,https://www.youtube.com/watch?v=FmXsMJKV6LM
سریال کمدی در کنار هم 😍 با بازی سیروس گرجستانی و رامین ناصر نصیر 😍 قسمت 13,https://www.youtube.com/watch?v=9eQ6HvGGl2E
علی عامل هاشمی در مجموعه طنز کاریکارتون 😁 این کارها آخر و عاقبت نداره!,https://www.youtube.com/watch?v=MGskQemmogI
برزو ارجمند و امیرحسین صدیق سریال کمدی در کنار هم 😍 قسمت 12,https://www.youtube.com/watch?v=zTDJ7-qyiFE
علیرام نورایی در مجموعه طنز کاریکارتون 😁 انجمن رشوه گیران مقیم مرکز! 😁,https://www.youtube.com/watch?v=dlyJ6DtfI2s
سریال کمدی در کنار هم 😍 با بازی خسرو شکیبایی و مهرانه مهین ترابی 😍 قسمت 11,https://www.youtube.com/watch?v=TBFp2TYfsvA
علی عامل هاشمی در مجموعه طنز کاریکارتون 😁 پس خط فقر این شکلیه؟!,https://www.youtube.com/watch?v=y8WAkOFs3Do
سریال کمدی در کنار هم 😍 با بازی خسرو شکیبایی و شراره دولت آبادی 😍 قسمت 10,https://www.youtube.com/watch?v=5rtDP4EDdvk
علیرام نورایی در مجموعه طنز کاریکارتون 😁 کیسه هوا برای انسان! 😁,https://www.youtube.com/watch?v=p7Ti5jyV4nY
زنده یاد فتحعلی اویسی در سریال نوستالژِی کمدی در کنارهم🤣قسمت نهم,https://www.youtube.com/watch?v=ZiKVscYG0cs
علی عامل هاشمی در مجموعه طنز کاریکارتون 😁 از کودکان کار پول هم گرفتی؟! 😱,https://www.youtube.com/watch?v=yIZOwSz85GY
سریال کمدی در کنار هم 😍 با بازی مهرانه مهین ترابی و شراره دولت آبادی 😍 قسمت 8,https://www.youtube.com/watch?v=0n6FMFktXrc
علیرام نورایی در مجموعه طنز کاریکارتون 😁 داشتن این مدل کتاب ها حبس داره! 😁,https://www.youtube.com/watch?v=_cIXIqRMKnY
زنده یاد سیروس گرجستانی در سریال نوستالژِی کمدی در کنارهم🤣قسمت هفتم,https://www.youtube.com/watch?v=1ZxuL8gnKXQ
علی عامل هاشمی در مجموعه طنز کاریکارتون 😁 تهمت نزنیم چی کار کنیم؟! 😁,https://www.youtube.com/watch?v=HZ4Ov1o_gT8
سریال کمدی در کنار هم 😍 با بازی زنده یاد خسرو شکیبایی و فتحعلی اویسی 😍 قسمت 6,https://www.youtube.com/watch?v=en5KsQ5ntJ8
علیرام نورایی در مجموعه طنز کاریکارتون 😁 علامت مخصوص سیگاری ها 😁,https://www.youtube.com/watch?v=7QFAIwS563I
سریال کمدی در کنار هم 😍 با بازی برزو ارجمند و رامین ناصرنصیر 😍 قسمت 5,https://www.youtube.com/watch?v=X06QooCFa8o
علی عامل هاشمی در مجموعه طنز کاریکارتون 😁 سیزده بدر بدون اورژانس نمیشه! 😱,https://www.youtube.com/watch?v=GtGQrLPV63k
زنده یاد خسروشکیبایی در سریال نوستالژِی کمدی در کنارهم🤣قسمت چهارم,https://www.youtube.com/watch?v=TjKzKnaf-WM
علیرام نورایی در مجموعه طنز کاریکارتون 😁 چرا سیب خوردی افتادی پایین؟ 😁,https://www.youtube.com/watch?v=sfGd5yUiXMA
زنده یاد سیروس گرجستانی در سریال نوستالژِی کمدی در کنارهم🤣قسمت سوم,https://www.youtube.com/watch?v=LMHruN_RBDE
علی عامل هاشمی در مجموعه طنز کاریکارتون 😁 کتونی مخصوص فرار مالیاتی! 🤣,https://www.youtube.com/watch?v=agXrDRoeYIA
سریال نوستالژی خنده دار در کنارهم با بازی زنده یاد فتعلی اویسی و سیروس گرجستانی💓,https://www.youtube.com/watch?v=V8Fugbe5Po0
علیرام نورایی در مجموعه طنز کاریکارتون 😁شما محصول یک اتصالی,https://www.youtube.com/watch?v=cY2r00rZZm8
زنده یاد فتحعلی اویسی در سریال کمدی نوستالژی در کنارهم💓قسمت اول,https://www.youtube.com/watch?v=ZQhxdeqXfPc
علی عامل هاشمی در مجموعه طنز کاریکارتون 😁 اتاق خاطرات منو به خاک دادی! 🤣,https://www.youtube.com/watch?v=RYg66WpEUms
سریال کمدی و پربازیگر فروشگاه 😍 با بازی مهران غفوریان و رامبد جوان 😍 قسمت آخر (قسمت 30),https://www.youtube.com/watch?v=94RdLVIi_hc
علیرام نورایی در مجموعه طنز کاریکارتون 😁وقتی پای پول وسطه! 💣,https://www.youtube.com/watch?v=nZQU28GCcNg
سریال کمدی و پربازیگر فروشگاه 😍 با بازی داریوش اسدزاده و مریم مهاجر 😍 قسمت 29,https://www.youtube.com/watch?v=PXrj3t5iQWI
علی عامل هاشمی در مجموعه طنز کاریکارتون 😁 تربیت فرزندان خود را به عمه خانم بسپارید! 🤣,https://www.youtube.com/watch?v=HyO2N00AF4s
سریال کمدی و پربازیگر فروشگاه 😍 با بازی حسن پورشیرازی و نیما بانکی 😍 قسمت 28,https://www.youtube.com/watch?v=6z52k6ENqVM
علیرام نورایی در مجموعه طنز کاریکارتون 😁ترکیدن از خنده نتونستن برنامه رو تموم کنن! 🤣,https://www.youtube.com/watch?v=1HgXou9BuG8
سریال کمدی و پربازیگر فروشگاه 😍 با بازی پوراندخت مهیمن و افسانه چهره آزاد 😍 قسمت 27,https://www.youtube.com/watch?v=2PieoH-BrKs
علی عامل هاشمی در مجموعه طنز کاریکارتون 😁 تو بمون با مرغات! 🤣,https://www.youtube.com/watch?v=sTM-6jE1RkA
سریال کمدی و پربازیگر فروشگاه 😍 با بازی مرتضی احمدی و داریوش اسدزاده 😍 قسمت 26,https://www.youtube.com/watch?v=xG5qV3MJUxQ
علیرام نورایی در مجموعه طنز کاریکارتون 😁درخت بددهن خیابونی! 🤣,https://www.youtube.com/watch?v=U7MC4T13lS8
سریال کمدی و پربازیگر فروشگاه 😍 با بازی رضا بابک و شهلا ریاحی 😍 قسمت 25,https://www.youtube.com/watch?v=FrzKzLNZwjs
علی عامل هاشمی در مجموعه طنز کاریکارتون 😁 جنگ جهانی سوم!! 🤣,https://www.youtube.com/watch?v=q9tcOjXlUaY
سریال کمدی و پربازیگر فروشگاه 😍 با بازی مهران غفوریان و رامبد جوان 😍 قسمت 24,https://www.youtube.com/watch?v=Ro2wlTX5jQg
علیرام نورایی در مجموعه طنز کاریکارتون 😁حاجی فیروز رو گرفته ولش نمی‌کنه!! 🤣,https://www.youtube.com/watch?v=jzn6kytHffk
سریال کمدی و پربازیگر فروشگاه 😍 با بازی شهلا ریاحی و پوراندخت مهیمن 😍 قسمت 23,https://www.youtube.com/watch?v=peVwGH1NoBo
سریال کمدی و پربازیگر فروشگاه 😍 با بازی عزت الله مهرآوران و مهران غفوریان 😍 قسمت 22,https://www.youtube.com/watch?v=2zALyGV4B_4
سریال کمدی و پربازیگر فروشگاه 😍 با بازی عزت الله مهرآوران و مهران غفوریان 😍 قسمت 21,https://www.youtube.com/watch?v=ftQF3tdVW90
علی عامل هاشمی در مجموعه طنز کاریکارتون 😁 شیر حمومو از من نگیر!! 🤣,https://www.youtube.com/watch?v=yhuondB6TLM
سریال کمدی و پربازیگر فروشگاه 😍 با بازی مرتضی احمدی و مهران غفوریان 😍 قسمت 20,https://www.youtube.com/watch?v=rpuZZvBnw7o
علیرام نورایی در مجموعه طنز کاریکارتون 😁 2 میلیون تومن مرغ توخالی؟!؟!! 🫤🤣,https://www.youtube.com/watch?v=yQ5MbQZHyC8
سریال کمدی و پربازیگر فروشگاه 😍 با بازی افسانه چهره آزاد و رامبد جوان 😍 قسمت 19,https://www.youtube.com/watch?v=V8FNeLL8jb0
علی عامل هاشمی در مجموعه طنز کاریکارتون 😁 کارتون کش حمال! 🤣,https://www.youtube.com/watch?v=kdM5Sm6ldq4
سریال کمدی و پربازیگر فروشگاه 😍 با بازی حسن پورشیرازی و نگار استخر 😍 قسمت 18,https://www.youtube.com/watch?v=xBOHQhj6wx0
علیرام نورایی در مجموعه طنز کاریکارتون 😁 وقتی با سیندرلا بخوای بری دیت برات کالسکه‌شو می‌فرسته! 🤣,https://www.youtube.com/watch?v=Vg-UaVmaIcc
سریال کمدی و پربازیگر فروشگاه 😍 با بازی رامبد جوان و نیما بانکی 😍 قسمت 17,https://www.youtube.com/watch?v=Nh4KQn7Xv6Q
علی عامل هاشمی در مجموعه طنز کاریکارتون 😁 هیچی تو زندگی جای زن رو پر نمی‌کنه! 🤣,https://www.youtube.com/watch?v=QD82HtMY61k
سریال کمدی و پربازیگر فروشگاه 😍 با بازی رضا بابک و پوراندخت مهیمن 😍 قسمت 16,https://www.youtube.com/watch?v=qGbFZwndMlM
علیرام نورایی در مجموعه طنز کاریکارتون 😁 وقتی بابات گردن نمی‌گیرتت! 🤣,https://www.youtube.com/watch?v=feGoBDtW6BE
سریال کمدی و پربازیگر فروشگاه 😍 با بازی شهلا ریاحی و داریوش اسدزاده 😍 قسمت 15,https://www.youtube.com/watch?v=vHzefEduMe0
سریال کمدی و پربازیگر فروشگاه 😍 با بازی پوراندخت مهیمن و افسانه چهره آزاد 😍 قسمت 14,https://www.youtube.com/watch?v=H4KrxKRfyYA
سریال کمدی و پربازیگر فروشگاه 😍 با بازی نیما بانکی و حسن پورشیرازی 😍 قسمت 13,https://www.youtube.com/watch?v=uJFpAwjNXFg
سریال کمدی و پربازیگر فروشگاه 😍 با بازی مهران غفوریان و عزت الله مهرآوران 😍 قسمت 12,https://www.youtube.com/watch?v=Ijk6cX4SrJE
سریال کمدی و پربازیگر فروشگاه 😍 با بازی رضا بابک و حسن پورشیرازی 😍 قسمت 11,https://www.youtube.com/watch?v=rvmH_sNIlnw
سریال کمدی و پربازیگر فروشگاه 😍 با بازی مرتضی احمدی و داریوش اسدزاده 😍 قسمت 10,https://www.youtube.com/watch?v=mfIaiVilxLY
سریال کمدی و پربازیگر فروشگاه 😍 با بازی رامبد جوان و مهران غفوریان 😍 قسمت 9,https://www.youtube.com/watch?v=5e6FYV9OOJs
سریال کمدی و پربازیگر فروشگاه 😍 با بازی حسن پورشیرازی و نگار استخر 😍 قسمت 8,https://www.youtube.com/watch?v=fDkfoNj0KoQ
سریال کمدی و پربازیگر فروشگاه 😍 با بازی رامبد جوان و مهران غفوریان 😍 قسمت 7,https://www.youtube.com/watch?v=flQ333gCJPA
سریال کمدی و پربازیگر فروشگاه 😍 با بازی شهلا ریاحی و رضا بابک 😍 قسمت 6,https://www.youtube.com/watch?v=M_1o77cygPw
سریال کمدی و پربازیگر فروشگاه 😍 با بازی مهران غفوریان و افسانه چهره‌آزاد 😍 قسمت 5,https://www.youtube.com/watch?v=5sgWjZmtbag
سریال کمدی و پربازیگر فروشگاه 😍 با بازی داریوش اسدزاده و پوراندخت مهیمن 😍 قسمت 4,https://www.youtube.com/watch?v=uia1gG9defg
سریال کمدی و پربازیگر فروشگاه 😍 با بازی حسن پورشیرازی و نیما بانکی 😍 قسمت 3,https://www.youtube.com/watch?v=LT3RqoSoOkY
سریال کمدی و پربازیگر فروشگاه 😍 با بازی مهران غفوریان و رامبد جوان 😍 قسمت 2,https://www.youtube.com/watch?v=y0fMpPaMaC4
سریال کمدی و پربازیگر فروشگاه 😍 با بازی مهران غفوریان و رضا بابک 😍 قسمت 1,https://www.youtube.com/watch?v=BHjnC9pW1Ds
فیلم سینمایی کمدی ویلای پرماجرا 😆 با بازی کیومرث ملک مطیعی و سعید پیردوست,https://www.youtube.com/watch?v=079K5kL4ISQ
عباس جمشیدی فر و خشایار راد در فیلم سینمایی کمدی خنده دار آقای بازیگر (مرد 4 چهره) 😆,https://www.youtube.com/watch?v=8YccmHGzE-I
فیلم سینمایی کمدی اینجا جای من نیست 😉 با بازی عباس جمشیدی فر، خشایار راد و سیروس میمنت,https://www.youtube.com/watch?v=EKZgn8BRMkw
مجموعه طنز دست به نقد: قافیه که تنگ آید؛ شاعر به جفنگ آید! 🤣,https://www.youtube.com/watch?v=Z-miTsW-4ps
سریال کمدی شهرک جیم ** با عباس جمشیدی فر ** قسمت 25,https://www.youtube.com/watch?v=2rDBrd5ck80
سریال کمدی در کنار هم 😍 با بازی مهرانه مهین ترابی و شراره دولت آبادی 😍 قسمت 8,https://www.youtube.com/watch?v=8fxkiABeQn0
مجموعه طنز دست به نقد: مسئولی که تا فردا میپیچونتت! 🤣,https://www.youtube.com/watch?v=PPloiC5HZNU
فیلم سینمایی کمدی در مدت معلوم بدون سانسور 😆 با جواد عزتی، هومن سیدی و ویشکا آسایش (13+),https://www.youtube.com/watch?v=ckAegKbfm4E
سریال کمدی شهرک جیم ** با بیژن بنفشه خواه ** قسمت 24,https://www.youtube.com/watch?v=B4ZcZhOZna4
سریال کمدی در کنار هم 😍 با بازی سیروس گرجستانی و امیرحسین صدیق 😍 قسمت 7,https://www.youtube.com/watch?v=Ly6ca4pBJpw
مجموعه طنز دست به نقد: وقتی بعد شیش تا دختر تنها چیزی که میخوای داشتن پسره! 🤣,https://www.youtube.com/watch?v=OJ-sADEHxRY
سریال کمدی شهرک جیم ** با امیر کربلایی زاده ** قسمت 23,https://www.youtube.com/watch?v=h24rNjXpuJk
سریال کمدی در کنار هم 😍 با بازی خسرو شکیبایی و فتحعلی اویسی 😍 قسمت 6,https://www.youtube.com/watch?v=yeTNO05FMk8
سریال کمدی شهرک جیم ** با سوسن پرور ** قسمت 22,https://www.youtube.com/watch?v=XMpadQwiIA8
سریال کمدی در کنار هم 😍 با بازی برزو ارجمند و رامین ناصرنصیر 😍 قسمت 5,https://www.youtube.com/watch?v=v3ktIjMj3-4
سریال کمدی شهرک جیم ** با نگین معتضدی ** قسمت 21,https://www.youtube.com/watch?v=TtmSqgTqjgw
سریال کمدی در کنار هم 😍 با بازی مهرانه مهین ترابی و الیزابت امینی 😍 قسمت 4,https://www.youtube.com/watch?v=9coD8OhE0ek
مجموعه طنز دست به نقد: پولِ تپل الان توی قبرستونه! 🤣,https://www.youtube.com/watch?v=Kf-mXje1-Dk
سریال کمدی شهرک جیم ** با عباس جمشیدی فر ** قسمت 20,https://www.youtube.com/watch?v=waUiEJ6e-7M
سریال کمدی در کنار هم 😍 با بازی برزو ارجمند و امیرحسین صدیق 😍 قسمت 3,https://www.youtube.com/watch?v=AGKoDQSqo6A
مجموعه طنز دست به نقد: بعضی وقتا باید خواب‌هارو جدی گرفت! 🤣,https://www.youtube.com/watch?v=S1G3LgvNYBM
سریال کمدی شهرک جیم ** با امیر کربلایی زاده ** قسمت 19,https://www.youtube.com/watch?v=r51Q_e67-AU
سریال کمدی در کنار هم 😍 با بازی فتحعلی اویسی و سیروس گرجستانی 😍 قسمت 2,https://www.youtube.com/watch?v=moFO6iDjA-U
مجموعه طنز دست به نقد: وقتی چهل تا پشمالو با هم تو استخر خمپاره ای میرن! 🤣,https://www.youtube.com/watch?v=TqeqysO6BLE
سریال کمدی شهرک جیم ** با بیژن بنفشه خواه ** قسمت 18,https://www.youtube.com/watch?v=wBpn6HpPCHo
سریال کمدی در کنار هم 😍 با بازی خسرو شکیبایی و مهرانه مهین ترابی 😍 قسمت 1,https://www.youtube.com/watch?v=uiOxpRRvwzs
مجموعه طنز دست به نقد: معلوم الحال ترین کارکنان دنیا! 🤣,https://www.youtube.com/watch?v=Obfo0f9hkng
سریال کمدی شهرک جیم ** با سوسن پرور ** قسمت 17,https://www.youtube.com/watch?v=9kaNbcX5o4o
اشکان خطیبی در سریال کمدی اگه بابام زنده بود 😉 قسمت بیست و سوم (قسمت آخر),https://www.youtube.com/watch?v=5HvA9dDwdcI
مجموعه طنز دست به نقد: وقتی دست خالی به خدمات پس از فروش میری! 🤣,https://www.youtube.com/watch?v=vbTPWKPC_1o
سریال کمدی شهرک جیم ** با روشنک عجمیان ** قسمت 16,https://www.youtube.com/watch?v=4AIWjZlBBDI
مهرانه مهین ترابی در سریال کمدی اگه بابام زنده بود 😉 قسمت بیست و دوم,https://www.youtube.com/watch?v=TiqlkwfS5O8
مجموعه طنز دست به نقد: مامور مالیات مرده رو هم زنده میکنه! 🤣,https://www.youtube.com/watch?v=nK2J3e432rk
پوریا شکیبایی در فیلم سینمایی کمدی سینماخر (مشمشه) 😉,https://www.youtube.com/watch?v=_eOeuYnYMgU
سریال کمدی شهرک جیم ** با نگین معتضدی ** قسمت 15,https://www.youtube.com/watch?v=yBQL6Ay5hgk
سیامک انصاری در سریال کمدی اگه بابام زنده بود 😉 قسمت بیست و یکم,https://www.youtube.com/watch?v=Hw68-uTC5tg
مجموعه طنز دست به نقد: وقتی پنت هوس نشینی و از بقیه میخوای با لبخند زنده بمونن🤣,https://www.youtube.com/watch?v=4a576w8bYTM
سریال کمدی شهرک جیم ** با بیژن بنفشه خواه ** قسمت 14,https://www.youtube.com/watch?v=-G_1Wt-nYsc
نادر سلیمانی در سریال کمدی اگه بابام زنده بود 😉 قسمت بیستم,https://www.youtube.com/watch?v=lg2nm9DGuBw
فیلم سینمایی کمدی و خنده دار معادله 😆 با بازی حسین یاری و مریلا زارعی,https://www.youtube.com/watch?v=j96iSc9wP-c
سریال کمدی شهرک جیم ** با امیر کربلایی زاده ** قسمت 13,https://www.youtube.com/watch?v=xmbXfeGJad0
اشکان خطیبی در سریال کمدی اگه بابام زنده بود 😉 قسمت نوزدهم,https://www.youtube.com/watch?v=EaX8bY8_AmQ
سریال کمدی شهرک جیم ** با عباس جمشیدی فر ** قسمت 12,https://www.youtube.com/watch?v=bOnPXPrUHXA
مهرانه مهین ترابی در سریال کمدی اگه بابام زنده بود 😉 قسمت هجدهم,https://www.youtube.com/watch?v=TYkcDQZX80Q
سریال کمدی و جدید خوزستانی 💠 سی سرا 💠 ساخت سال 1400 ◀ قسمت 26 (قسمت آخر),https://www.youtube.com/watch?v=xuuRbsyhghk
سریال کمدی شهرک جیم ** با سوسن پرور ** قسمت 11,https://www.youtube.com/watch?v=_FmCWxTyBHg
مهوش وقاری در سریال کمدی اگه بابام زنده بود 😉 قسمت هفدهم,https://www.youtube.com/watch?v=lmRfeVfyeO4
سریال کمدی و جدید خوزستانی 💠 سی سرا 💠 ساخت سال 1400 ◀ قسمت 25,https://www.youtube.com/watch?v=xNvI6gariEw
سریال کمدی شهرک جیم ** با نگین معتضدی ** قسمت 10,https://www.youtube.com/watch?v=xYXGwGhncpo
اشکان خطیبی در سریال کمدی اگه بابام زنده بود 😉 قسمت شانزدهم,https://www.youtube.com/watch?v=331BaLeTHkQ
سریال کمدی و جدید خوزستانی 💠 سی سرا 💠 ساخت سال 1400 ◀ قسمت 24,https://www.youtube.com/watch?v=AmTwDX2Dlk4
سریال کمدی شهرک جیم ** با روشنک عجمیان ** قسمت 9,https://www.youtube.com/watch?v=d8WHTPmIc-I
مهرانه مهین ترابی در سریال کمدی اگه بابام زنده بود 😉 قسمت پانزدهم,https://www.youtube.com/watch?v=8_1wykNvSIc
سریال کمدی و جدید خوزستانی 💠 سی سرا 💠 ساخت سال 1400 ◀ قسمت 23,https://www.youtube.com/watch?v=fOO2S_ZxEA8
سریال کمدی شهرک جیم ** با عباس جمشیدی فر ** قسمت 8,https://www.youtube.com/watch?v=QyMmHeia240
سیامک انصاری در سریال کمدی اگه بابام زنده بود 😉 قسمت چهاردهم,https://www.youtube.com/watch?v=3R3sIx0oJk4
سریال کمدی و جدید خوزستانی 💠 سی سرا 💠 ساخت سال 1400 ◀ قسمت 22,https://www.youtube.com/watch?v=QLE6KVJCqLA
سریال کمدی شهرک جیم ** با امیر کربلایی زاده ** قسمت 7,https://www.youtube.com/watch?v=N5wSApJLjGs
نادر سلیمانی در سریال کمدی اگه بابام زنده بود 😉 قسمت سیزدهم,https://www.youtube.com/watch?v=NLiWUcGB5qc
سریال کمدی و جدید خوزستانی 💠 سی سرا 💠 ساخت سال 1400 ◀ قسمت 21,https://www.youtube.com/watch?v=keLdvIS_C6U
سریال کمدی شهرک جیم ** با بازی سوسن پرور ** قسمت 6,https://www.youtube.com/watch?v=xraD_nQ2xew
سریال کمدی و جدید خوزستانی 💠 سی سرا 💠 ساخت سال 1400 ◀ قسمت 20,https://www.youtube.com/watch?v=djmfISWx_jI
مهرانه مهین ترابی در سریال کمدی اگه بابام زنده بود 😉 قسمت دوازدهم,https://www.youtube.com/watch?v=_4NyoNnNGNA
سریال کمدی شهرک جیم ** با بازی عباس جمشیدی فر ** قسمت 5,https://www.youtube.com/watch?v=B3cb-qzkLSo
سریال کمدی و جدید خوزستانی 💠 سی سرا 💠 ساخت سال 1400 ◀ قسمت 19,https://www.youtube.com/watch?v=8jOy7VSLMKY
اشکان خطیبی در سریال کمدی اگه بابام زنده بود 😉 قسمت یازدهم,https://www.youtube.com/watch?v=454pEyGFeLg
سریال کمدی شهرک جیم ** با بازی روشنک عجمیان ** قسمت 4,https://www.youtube.com/watch?v=mS86eNVnsoY
نادر سلیمانی در سریال کمدی اگه بابام زنده بود 😉 قسمت دهم,https://www.youtube.com/watch?v=zwE7WRQ04UA
سریال کمدی و جدید خوزستانی 💠 سی سرا 💠 ساخت سال 1400 ◀ قسمت 18,https://www.youtube.com/watch?v=vXKyxNDaaPg
سریال کمدی شهرک جیم ** با بازی بیژن بنفشه خواه ** قسمت 3,https://www.youtube.com/watch?v=-U5Dyv0MwXc
سیامک انصاری در سریال کمدی اگه بابام زنده بود ~~~ قسمت نهم,https://www.youtube.com/watch?v=b7cT0qA4zMQ
سریال کمدی و جدید خوزستانی 💠 سی سرا 💠 ساخت سال 1400 ◀ قسمت 17,https://www.youtube.com/watch?v=bsObKEcq63c
سریال کمدی شهرک جیم ** با بازی نگین معتضدی ** قسمت 2,https://www.youtube.com/watch?v=uETdHUPhjpE
زنده یاد محسن قاضی مرادی در سریال کمدی اگه بابام زنده بود ~~~ قسمت هشتم,https://www.youtube.com/watch?v=pX43PLOnW3k
سریال کمدی و جدید خوزستانی 💠 سی سرا 💠 ساخت سال 1400 ◀ قسمت 16,https://www.youtube.com/watch?v=2geVwcNVGvU
سریال کمدی شهرک جیم ** با بازی عباس جمشیدی فر ** قسمت 1,https://www.youtube.com/watch?v=WltzNO6RqE8
مهوش وقاری در سریال کمدی اگه بابام زنده بود ~~~ قسمت هفتم,https://www.youtube.com/watch?v=VgF3LZ3a7Xg
سریال کمدی و جدید خوزستانی 💠 سی سرا 💠 ساخت سال 1400 ◀ قسمت 15,https://www.youtube.com/watch?v=PV4H9gfiQR0
مهرانه مهین ترابی در سریال کمدی اگه بابام زنده بود 😉 قسمت ششم,https://www.youtube.com/watch?v=4w8o1xkjWU4
سریال کمدی و جدید خوزستانی 💠 سی سرا 💠 ساخت سال 1400 ◀ قسمت 14,https://www.youtube.com/watch?v=2mnwU9hseww
اشکان خطیبی در سریال کمدی اگه بابام زنده بود ~~~ قسمت پنجم,https://www.youtube.com/watch?v=NnBjdcg_vRg
سریال کمدی و جدید خوزستانی 💠 سی سرا 💠 ساخت سال 1400 ◀ قسمت 13,https://www.youtube.com/watch?v=84dHv67E2dM
نادر سلیمانی در سریال کمدی اگه بابام زنده بود ~~~ قسمت چهارم,https://www.youtube.com/watch?v=P0ztRSsf4_c
سریال کمدی و جدید خوزستانی 💠 سی سرا 💠 ساخت سال 1400 ◀ قسمت 12,https://www.youtube.com/watch?v=DD_MFjOEuCw
سیامک انصاری در سریال کمدی اگه بابام زنده بود ~~~ قسمت سوم,https://www.youtube.com/watch?v=4uGgdDUAcLI
سریال کمدی و جدید خوزستانی 💠 سی سرا 💠 ساخت سال 1400 ◀ قسمت 11,https://www.youtube.com/watch?v=dNWoPGxsKxA
مهرانه مهین ترابی در سریال کمدی اگه بابام زنده بود 😉 قسمت دوم,https://www.youtube.com/watch?v=b1hm7zJyDHs
سریال کمدی و جدید خوزستانی 💠 سی سرا 💠 ساخت سال 1400 ◀ قسمت 10,https://www.youtube.com/watch?v=VUUpawTVXKQ
اشکان خطیبی در سریال کمدی اگه بابام زنده بود 😉 قسمت اول,https://www.youtube.com/watch?v=SrRJXIMC1HA
سریال کمدی و جدید خوزستانی 💠 سی سرا 💠 ساخت سال 1400 ◀ قسمت 9,https://www.youtube.com/watch?v=fNeNhuSW0XE
سریال کمدی و جدید خوزستانی 💠 سی سرا 💠 ساخت سال 1400 ◀ قسمت 8,https://www.youtube.com/watch?v=1qCzlPH-xjM
سریال کمدی و جدید خوزستانی 💠 سی سرا 💠 ساخت سال 1400 ◀ قسمت 7,https://www.youtube.com/watch?v=r1K48KFyVnY
سریال کمدی و جدید خوزستانی 💠 سی سرا 💠 ساخت سال 1400 ◀ قسمت 6,https://www.youtube.com/watch?v=vMzsHH3CKrI
پدرخوانده ???? سریال کمدی و خنده دار با بازی اکبر عبدی ???? قسمت آخر (قسمت یازدهم),https://www.youtube.com/watch?v=YBAJUTAYXsM
سریال کمدی و جدید خوزستانی 💠 سی سرا 💠 ساخت سال 1400 ◀ قسمت 5,https://www.youtube.com/watch?v=zHsrQ-rHBCQ
پدرخوانده 😃 سریال کمدی و خنده دار با بازی یکتا ناصر 😃 قسمت دهم,https://www.youtube.com/watch?v=HsNkQTARfrk
سریال کمدی و جدید خوزستانی 💠 سی سرا 💠 ساخت سال 1400 ◀ قسمت 4,https://www.youtube.com/watch?v=uLUtJBeJSvg
پدرخوانده ???? سریال کمدی و خنده دار با بازی اکرم محمدی ???? قسمت نهم,https://www.youtube.com/watch?v=YLvRCtZC0WI
سریال کمدی و جدید خوزستانی 💠 سی سرا 💠 ساخت سال 1400 ◀ قسمت 3,https://www.youtube.com/watch?v=89-nMEkXChc
پدرخوانده ~~~ سریال کمدی و خنده دار با بازی حمیده خیرآبادی ~~~ قسمت هشتم,https://www.youtube.com/watch?v=pke0TJ6wNlo
سریال کمدی و جدید خوزستانی 💠 سی سرا 💠 ساخت سال 1400 ◀ قسمت 2,https://www.youtube.com/watch?v=2yJx55XuJLM
پدرخوانده ~~~ سریال کمدی و خنده دار با بازی محمود عزیزی ~~~ قسمت هفتم,https://www.youtube.com/watch?v=iBoafEP1YQ4
سریال کمدی و جدید خوزستانی 💠 سی سرا 💠 ساخت سال 1400 ◀ قسمت 1,https://www.youtube.com/watch?v=KDEJldCoZLs
پدرخوانده ~~~ سریال کمدی و خنده دار با بازی یکتا ناصر ~~~ قسمت ششم,https://www.youtube.com/watch?v=N8GMGSwyft4
پدرخوانده ~~~ سریال کمدی و خنده دار با بازی اکبر عبدی ~~~ قسمت پنجم,https://www.youtube.com/watch?v=vadhaQKAg0k
پدرخوانده ~~~ سریال کمدی و خنده دار با بازی حمیده خیرآبادی ~~~ قسمت چهارم,https://www.youtube.com/watch?v=VLheMFGv4jo
پدرخوانده ~~~ سریال کمدی و خنده دار با بازی آناهیتا همتی ~~~ قسمت سوم,https://www.youtube.com/watch?v=6jCZJJpaOTI
پدرخوانده ~~~ سریال کمدی و خنده دار با بازی یکتا ناصر ~~~ قسمت دوم,https://www.youtube.com/watch?v=wgl3v6kuFZo
پدرخوانده ~~~ سریال کمدی و خنده دار با بازی اکبر عبدی ~~~ قسمت اول,https://www.youtube.com/watch?v=VXRU8IEuSVQ
سریال جدید و کمدی روزهای آبی 💙 با بازی بازیگران درجه یک 💙 قسمت 22 (قسمت آخر),https://www.youtube.com/watch?v=7rozP-IvGDU
سریال جدید و کمدی روزهای آبی 💙 با بازی اکبر عبدی 💙 قسمت 21,https://www.youtube.com/watch?v=zPx4qhyfOqU
سریال جدید و کمدی روزهای آبی 💙 با بازی ویدا جوان💙 قسمت 20,https://www.youtube.com/watch?v=fU4DfnZ0_Z0
سریال جدید و کمدی روزهای آبی 💙 با بازی ویدا جوان 💙 قسمت 19,https://www.youtube.com/watch?v=4VnWuxvz7ao
سریال جدید و کمدی روزهای آبی 💙 با بازی علی سلیمانی 💙 قسمت 18,https://www.youtube.com/watch?v=7p7oO3kUjTw
سریال جدید و کمدی روزهای آبی 💙 با بازی نادر سلیمانی 💙 قسمت 17,https://www.youtube.com/watch?v=tbKIXQWDktI
سریال جدید و کمدی روزهای آبی 💙 با بازی امیر غفارمنش 💙 قسمت 16,https://www.youtube.com/watch?v=GP3Mc_-F71A
سریال جدید و کمدی روزهای آبی 💙 با بازی ایرج نوذری 💙 قسمت 15,https://www.youtube.com/watch?v=siurAKA-OaQ
سریال جدید و کمدی روزهای آبی 💙 با بازی فریبا متخصص 💙 قسمت 14,https://www.youtube.com/watch?v=eb7gHdjVLpE
سریال جدید و کمدی روزهای آبی 💙 با بازی سامان صفاری 💙 قسمت 13,https://www.youtube.com/watch?v=3m_zk_YGviU
سریال جدید و کمدی روزهای آبی 💙 با بازی اکبر عبدی 💙 قسمت 12,https://www.youtube.com/watch?v=DgyDQivy57o
سریال جدید و کمدی روزهای آبی 💙 با بازی ویدا جوان 💙 قسمت 11,https://www.youtube.com/watch?v=gtSW4h_hipM
سریال جدید و کمدی روزهای آبی 💙 با بازی رامین ناصرنصیر 💙 قسمت 10,https://www.youtube.com/watch?v=Rwba1sY_4_o
سریال جدید و کمدی روزهای آبی 💙 با بازی امیر غفارمنش 💙 قسمت 9,https://www.youtube.com/watch?v=U8nu6b5_5QQ
سریال جدید و کمدی روزهای آبی 💙 با بازی علی سلیمانی 💙 قسمت 8,https://www.youtube.com/watch?v=IsU2rjf02bo
سریال جدید و کمدی روزهای آبی 💙 با بازی فریبا متخصص 💙 قسمت 7,https://www.youtube.com/watch?v=LLd8ECiL39c
سریال جدید و کمدی روزهای آبی 💙 با بازی سامان صفاری 💙 قسمت 6,https://www.youtube.com/watch?v=HBk1Fpw9qak
سریال جدید و کمدی روزهای آبی 💙 با بازی رامین ناصر نصیر 💙 قسمت 5,https://www.youtube.com/watch?v=ebUVOIYoCqA
سریال جدید و کمدی روزهای آبی 💙 با بازی نادر سلیمانی 💙 قسمت 4,https://www.youtube.com/watch?v=GuSWgC2MKQs
سریال جدید و کمدی روزهای آبی 💙 با بازی ایرج نوذری 💙 قسمت 3,https://www.youtube.com/watch?v=cqzGbL6RGho
سریال جدید و کمدی روزهای آبی 💙 با بازی اکبر عبدی 💙 قسمت 2,https://www.youtube.com/watch?v=c9-AlcDc5iE
سریال جدید و کمدی روزهای آبی 💙 با بازی ویدا جوان 💙 قسمت 1,https://www.youtube.com/watch?v=FborWBZrNKY
تیکه ای از فیلم کمدی قندون جهیزیه 😂 اینقدر به اون کوفتی فکر نکن!! (18+) 🤣,https://www.youtube.com/watch?v=DPv434DrlE4
فیلم سینمایی کمدی و باحال سن پطرزبورگ 😂😎 با بازی پیمان قاسم خانی، امین حیایی و محسن طنابنده,https://www.youtube.com/watch?v=U5aVzJ5axz8
رضا عطاران و جواد عزتی در فیلم سینمایی کمدی درام کلاشینکف 🤩😃,https://www.youtube.com/watch?v=OotihIilgo4
فیلم سینمایی کمدی اجتماعی بابای دوست داشتنی 😉 با بازی اردلان شجاع کاوه و نادر سلیمانی 😍,https://www.youtube.com/watch?v=1_B5ce_RMDU
گزارش طنز تله‌تیش از نمایشگاه آگروفود 2022 😂 همه‌رو مچل خودش کرد!,https://www.youtube.com/watch?v=aW1goWj7F_4
علی صادقی، مهران غفوریان، امیر جعفری و سعید آقاخانی در فیلم کمدی ایرانی میش - Mish Film Irani,https://www.youtube.com/watch?v=wXoukFUUc4Q
سریال کمدی خنده دار تاکسی پلیس 😉😁 قسمت 6 (قسمت آخر),https://www.youtube.com/watch?v=qcjQz9KC9Ro
سریال کمدی خنده دار تاکسی پلیس 😉😁 قسمت 5,https://www.youtube.com/watch?v=UYmdKM9rFh4
سریال کمدی خنده دار تاکسی پلیس 😉😁 قسمت 4,https://www.youtube.com/watch?v=iDrdijUVc5o
سریال کمدی خنده دار تاکسی پلیس 😉😁 قسمت 3,https://www.youtube.com/watch?v=JejaDDpFvdo
سریال کمدی خنده دار تاکسی پلیس 😉😁 قسمت 2,https://www.youtube.com/watch?v=F0XIkvWadxI
سریال کمدی خنده دار تاکسی پلیس 😉😁 قسمت 1,https://www.youtube.com/watch?v=KESrCkMrwIE
علی صادقی و مجید صالحی در فیلم سینمایی کمدی ازدواج در وقت اضافه 😉🤣😍,https://www.youtube.com/watch?v=eGhlKV0XoNQ
انیمیشن قمپز: هشدار که آرامش ما را نخراشی 🧿😂😉,https://www.youtube.com/watch?v=BGe2nxlLHM0
انیمیشن قمپز: عید دیدنی و همه سوالات فامیل 😂😁,https://www.youtube.com/watch?v=24wwj43fqO0
فیلم سینمایی کمدی ت مثل تقلب با بازی بهرام شاه محمدلو و طناز طباطبایی 😁,https://www.youtube.com/watch?v=hg8LG7PPULw
انیمیشن قمپز: انقدر زود قضاوت نکنین! بد میشه! +18 😂😁,https://www.youtube.com/watch?v=GE5vEyjPVwY
خوب بد زشت  | دفعه  آخرت باشه اسم ناموس مردم رو میاری,https://www.youtube.com/watch?v=LcBTI-EIisk
انیمیشن قمپز: گوشت با صدای نانسی 😂😁,https://www.youtube.com/watch?v=5kNPyuEI7Dk
خوب بد زشت  | من باید بفهمم که دوماد آیندم سالمه یا نه,https://www.youtube.com/watch?v=bOfTYGpZo2E
سریال جدید و کمدی چای نت 😃 با بازی اشکان اشتیاق و یوسف صیادی 😃 قسمت 5,https://www.youtube.com/watch?v=a79cxA7jQv0
انیمیشن قمپز: آهنگ جدید ساسی درباره لوله ها 😂😁,https://www.youtube.com/watch?v=WPSoorivSiQ
خوب بد زشت  | آبجی ما از اون پاشنه ترکیده هاش نیستیم که,https://www.youtube.com/watch?v=SNqMGlzkPRU
سریال جدید و کمدی چای نت 😃 با بازی اشکان اشتیاق و یوسف صیادی 😃 قسمت 4,https://www.youtube.com/watch?v=_I5Vwzu4arA
انیمیشن قمپز: جیپسی کینگ ایرانی 😂😁,https://www.youtube.com/watch?v=nWFx2mnPrx4
فیلم سینمایی به من نگو قراضه 😁 با بازی جمشید مشایخی، خسرو احمدی و علیرضا خمسه,https://www.youtube.com/watch?v=ij5o39wKVqQ
سریال جدید و کمدی چای نت 😃 با بازی اشکان اشتیاق و یوسف صیادی 😃 قسمت 3,https://www.youtube.com/watch?v=X5zUsX1CEpU
خوب بد زشت  | من خیلی خدا خدا میکردم که دوباره شما رو ببینم,https://www.youtube.com/watch?v=GWv_rydaql8
انیمیشن قمپز: ورژن جدید آهنگ چالیم چلیم 😂😁,https://www.youtube.com/watch?v=4AYAGDeD82c
انیمیشن قمپز: عیدی نمی دم! 😂😁,https://www.youtube.com/watch?v=ckGR8yE1dXw
طناز طباطبایی در فیلم سینمایی کمدی ماموریت فرخنده 😁,https://www.youtube.com/watch?v=JYTMUqi_S-I
سریال جدید و کمدی چای نت 😃 با بازی اشکان اشتیاق و یوسف صیادی 😃 قسمت 2,https://www.youtube.com/watch?v=-M8vx_WZhSs
خوب بد زشت  |  خدایا این دنیای مجازی چه کرده با زندگی مردم,https://www.youtube.com/watch?v=12vcmp5UjsU
انیمیشن قمپز: قیمه های تو ماستا 😂😁,https://www.youtube.com/watch?v=9qp0hQGHbnw
سریال جدید و کمدی چای نت 😃 با بازی اشکان اشتیاق و یوسف صیادی 😃 قسمت 1,https://www.youtube.com/watch?v=ZTbUp1ESxmA
خوب بد زشت  |  مردا اولش انگار آبمیوه صد در صد طبیعین,https://www.youtube.com/watch?v=Xlw2VOFH0Zg
فیلم سینمایی عملیات مهدکودک با بازی لیلا بلوکات، اکبر عبدی و علیرضا خمسه 🤣,https://www.youtube.com/watch?v=2iiR3cHoRNQ
سریال طنز آقا و خانم سنگی 🔻 کامبیز دیرباز و عباس جمشیدی فر 🔺 قسمت آخر (قسمت 26),https://www.youtube.com/watch?v=rpPKJzMYDsk
خوب بد زشت  |  کاش تو ثبت ازدواج حق دماغ داشتیم,https://www.youtube.com/watch?v=pps5AIBQtwU
فیلم سینمایی کمدی قهر و آشتی 😁 با بازی طناز طباطبایی,https://www.youtube.com/watch?v=Kdlz6kJAPDY
سریال طنز آقا و خانم سنگی 🔻 کامبیز دیرباز و عباس جمشیدی فر 🔺 قسمت 25,https://www.youtube.com/watch?v=R5qtzh6ME7Q
خوب بد زشت  | من پولدار بشم میام حبست رو میکشم که آزاد شی,https://www.youtube.com/watch?v=9WjEzSZMgPk
اکبر عبدی در فیلم سینمایی آقای شانس 🤣🤩,https://www.youtube.com/watch?v=Wq3h3J1EeMY
سریال طنز آقا و خانم سنگی 🔻 کامبیز دیرباز و عباس جمشیدی فر 🔺 قسمت 24,https://www.youtube.com/watch?v=I0uo3OP_0cU
خوب بد زشت  | تمام ضرب و شتم های من منکراتی بوده,https://www.youtube.com/watch?v=Tomrxgxo_N8
رضا داوودنژاد، فرزاد فرزین و زهره فکورصبور در فیلم سینمایی کمدی کنسرت روی آب 🤣🤩,https://www.youtube.com/watch?v=wE1I2lEz7Vg
سریال طنز آقا و خانم سنگی 🔻 کامبیز دیرباز و عباس جمشیدی فر 🔺 قسمت 23,https://www.youtube.com/watch?v=rhYGiOos5T4
خوب بد زشت  | شوهرم منو با عکس های قبل از عملم تهدید میکنه,https://www.youtube.com/watch?v=rrdXVIRvQtk
فیلم سینمایی عاشقانه تلافی 😍 با بازی حمید گودرزی و نیوشا ضیغمی,https://www.youtube.com/watch?v=AFPDB23FP5o
سریال طنز آقا و خانم سنگی 🔻 کامبیز دیرباز و عباس جمشیدی فر 🔺 قسمت 22,https://www.youtube.com/watch?v=idMKbR7ALFA
خوب بد زشت  |  دعوای مامان بابا سر دماغ مامان,https://www.youtube.com/watch?v=aNGazEhHnTw
فیلم سینمایی کمدی مجرد ۴۰ ساله 😆 با بازی مجید صالحی و مهران غفوریان,https://www.youtube.com/watch?v=kBSiUaU2gug
سریال طنز آقا و خانم سنگی 🔻 کامبیز دیرباز و عباس جمشیدی فر 🔺 قسمت 21,https://www.youtube.com/watch?v=k7nUgZxOcCg
خوب بد زشت  | تا کی شما میخواین تو خونه باباتون بمونین,https://www.youtube.com/watch?v=ro5CFFf0yMA
سریال طنز آقا و خانم سنگی 🔻 کامبیز دیرباز و عباس جمشیدی فر 🔺 قسمت 20,https://www.youtube.com/watch?v=0LyKJhUo9kU
خوب بد زشت | دخترای شما چِش ندارن ببینن باباشون میخواد زن بگیره,https://www.youtube.com/watch?v=fVUTG-PrHxk
ما خونه نیستیم 😉 فیلم سینمایی کمدی با بازی علیرضا خمسه و فاطمه گودرزی,https://www.youtube.com/watch?v=EXxBEmeduCY
سریال طنز آقا و خانم سنگی 🔻 عباس جمشیدی فر و کامبیز دیرباز 🔺 قسمت 19,https://www.youtube.com/watch?v=ZrpAFCRCGMg
سریال طنز آقا و خانم سنگی 🔻 کامبیز دیرباز و حدیثه تهرانی 🔺 قسمت 18,https://www.youtube.com/watch?v=Z9M6FSFSGqc
سریال طنز آقا و خانم سنگی 🔻 کامبیز دیرباز و حدیثه تهرانی 🔺 قسمت 17,https://www.youtube.com/watch?v=5de0bEscY54
سریال طنز آقا و خانم سنگی 🔻 کامبیز دیرباز و حدیثه تهرانی 🔺 قسمت 16,https://www.youtube.com/watch?v=6AYZDTiabRM
سریال طنز آقا و خانم سنگی 🔻 کامبیز دیرباز و حدیثه تهرانی 🔺 قسمت 15,https://www.youtube.com/watch?v=uKRcSctQJNE
رضا عطاران و مسعود فراستی در فیلم سینمایی کمدی 🤩 زندگی در شهر بزرگ 🤩 با روایت علی صادقی,https://www.youtube.com/watch?v=-FwOTUqpMko
سریال طنز آقا و خانم سنگی 🔻 کامبیز دیرباز و حدیثه تهرانی 🔺 قسمت 14,https://www.youtube.com/watch?v=U9vLyJeKW7I
سریال طنز آقا و خانم سنگی 🔻 کامبیز دیرباز و حدیثه تهرانی 🔺 قسمت 13,https://www.youtube.com/watch?v=oiVDP1Vy_u0
فیلم سینمایی کمدی آقا اجازه 😁 با بازی رضا بابک و طناز طباطبایی,https://www.youtube.com/watch?v=82gTUWFjMXU
سریال طنز آقا و خانم سنگی 🔻 کامبیز دیرباز و حدیثه تهرانی 🔺 قسمت 12,https://www.youtube.com/watch?v=4L6E1U8FnnU
سریال طنز آقا و خانم سنگی 🔻 کامبیز دیرباز و حدیثه تهرانی 🔺 قسمت 11,https://www.youtube.com/watch?v=wU2sycDXj6Q
سریال طنز آقا و خانم سنگی 🔻 کامبیز دیرباز و حدیثه تهرانی 🔺 قسمت 10,https://www.youtube.com/watch?v=ciDeY7oh3-k
فیلم سینمایی کمدی پادرازی 😁 با هنرنمایی طناز طباطبایی و فردوس کاویانی,https://www.youtube.com/watch?v=sIZY7IjcFWA
سریال طنز آقا و خانم سنگی 🔻 کامبیز دیرباز و حدیثه تهرانی 🔺 قسمت 9,https://www.youtube.com/watch?v=kFYl3TDpJeY
سریال طنز آقا و خانم سنگی 🔻 کامبیز دیرباز و حدیثه تهرانی 🔺 قسمت 8,https://www.youtube.com/watch?v=i0q600DXgGs
انیمیشن قمپز: اگه بازی مرکب تو ایران بود 😲😱😁,https://www.youtube.com/watch?v=hD0bodC4m64
طناز طباطبایی و امیررضا وزیری در فیلم سینمایی کمدی آبگوشت مکبث 😁,https://www.youtube.com/watch?v=vvT1DcEfz-Y
سکانس خنده دار | روش‌های مخ زنی دکتر😂 پیمان قاسم خانی و محسن تنابنده در بهترین سکانس سن پطرزبورگ,https://www.youtube.com/watch?v=NY4ZSwbB0es
سریال طنز آقا و خانم سنگی 🔻 کامبیز دیرباز و حدیثه تهرانی 🔺 قسمت 7,https://www.youtube.com/watch?v=93UHt4vlSMY
سریال طنز آقا و خانم سنگی 🔻 کامبیز دیرباز و حدیثه تهرانی 🔺 قسمت 6,https://www.youtube.com/watch?v=WPl_5FNZ_XE
فیلم سینمایی کمدی آدم باش آدم 😁 با بازی طناز طباطبایی و سولماز حصاری,https://www.youtube.com/watch?v=t9_Le6630dI
سریال طنز آقا و خانم سنگی 🔻 کامبیز دیرباز و حدیثه تهرانی 🔺 قسمت 5,https://www.youtube.com/watch?v=rmw-nua3E-k
سریال طنز آقا و خانم سنگی 🔻 کامبیز دیرباز و حدیثه تهرانی 🔺 قسمت 4,https://www.youtube.com/watch?v=GK3aXyY6OlY
زیرآسمان شهر |  ای خورشت قیمه رو خودت درست کردی؟,https://www.youtube.com/watch?v=WjA-GuomTeI
سریال طنز آقا و خانم سنگی 🔻 کامبیز دیرباز و حدیثه تهرانی 🔺 قسمت 3,https://www.youtube.com/watch?v=NrlUyp-xOFs
زیرآسمان شهر | یه چهار دیواری اختیاری نشونت بدم من,https://www.youtube.com/watch?v=eoIrVdZ8m8k
طناز طباطبایی در فیلم سینمایی کمدی ته توی قضایا 😁,https://www.youtube.com/watch?v=JzpTcXlPBwE
سریال طنز آقا و خانم سنگی 🔻 کامبیز دیرباز و حدیثه تهرانی 🔺 قسمت 2,https://www.youtube.com/watch?v=JdVbR38mxY8
سکانس خنده دار | کل کل الناز شاکردوست و امین حیایی در فیلم آتیش بازی 😂,https://www.youtube.com/watch?v=CzotIj0p9sY
سریال طنز آقا و خانم سنگی 🔻 کامبیز دیرباز و حدیثه تهرانی 🔺 قسمت 1,https://www.youtube.com/watch?v=9PN4CuNOXs0
زیر آسمان شهر  | مگه من چقد جون دارم که همه ی این کارا رو بکنم,https://www.youtube.com/watch?v=Vbv6u7rWQls
فیلم سینمایی کمدی قصه گمشده 😉 با بازی طناز طباطبایی,https://www.youtube.com/watch?v=1zPFkqyqdDA
سکانس خنده دار | فرار از سربازی 😂 از فیلم دم سرخ‌ها با بازی جواد رضویان و رضا شفیعی جم,https://www.youtube.com/watch?v=kkGcKpk4bXo
زیر آسمان شهر  |  یه بار دیگه به من بگی چرا میزنم دک و دهنت رو خورد میکنم,https://www.youtube.com/watch?v=iNXCywnooNg
سکانس خنده دار | روح پدرش دست از سر جواد رضویان برنمیداره😂 از فیلم به روح پدرم,https://www.youtube.com/watch?v=-DkNFH9c5hs
سریال باحال و دیدنی یادداشت های یک زن خانه دار 🤩📝 با بازی شقایق دهقان و امیررضا دلاوری - قسمت آخر,https://www.youtube.com/watch?v=T7pP75AR18E
انیمیشن قمپز: دیگه گوگل هم به زبون اومد 🤣😆,https://www.youtube.com/watch?v=PM_5nwIhUDg
طناز طباطبایی و مهرانه مهین ترابی در فیلم سینمایی کمدی بازی در بازی 😃😍,https://www.youtube.com/watch?v=SmFOYG0j3m4
سریال باحال و دیدنی یادداشت های یک زن خانه دار 🤩📝 با بازی شقایق دهقان و امیررضا دلاوری - قسمت 48,https://www.youtube.com/watch?v=7SI1-k-FQYc
زیرآسمان شهر  | آخه وسط فیلمبرداری پشه میکُشن,https://www.youtube.com/watch?v=xiIRlt_Ww1A
انیمیشن قمپز: ورژن جدید آهنگ بسمه بهنام بانی 😁😂 (طنز),https://www.youtube.com/watch?v=Mqaoq0mz1Ac
سریال باحال و دیدنی یادداشت های یک زن خانه دار 🤩📝 با بازی شقایق دهقان و امیررضا دلاوری - قسمت 47,https://www.youtube.com/watch?v=4vwrH4qE2LI
زیرآسمان شهر  |  من بچه گاراژ قدیر ژانگولرم ها,https://www.youtube.com/watch?v=TZ4hL2PKgeA
سریال باحال و دیدنی یادداشت های یک زن خانه دار 🤩📝 با بازی شقایق دهقان و امیررضا دلاوری - قسمت 46,https://www.youtube.com/watch?v=ERRcjYyMMQI
فیلم سینمایی کمدی چهارشنبه عزیز 😃🤩 با هنرنمایی علیرضا خمسه، مرجانه گلچین و محمدعلی کشاورز,https://www.youtube.com/watch?v=rXiWPtpitxQ
سکانس خنده دار | ده قرار اول لیلا اوتادی و حمیدگودرزی در فیلم چپ دست 😂,https://www.youtube.com/watch?v=DO1gMiX-t2E
سریال باحال و دیدنی یادداشت های یک زن خانه دار 🤩📝 با بازی شقایق دهقان و امیررضا دلاوری - قسمت 45,https://www.youtube.com/watch?v=M07zRKEeys0
زیرآسمان شهر |  این فرق دوربین عکاسی و فیلم برداری رو نمیدونه,https://www.youtube.com/watch?v=jSUEiPbiwr8
سکانس خنده دار | رحمان پرواز کرد 😂 فیلم کمدی جنجالی رحمان 1400 با بازی مهران مدیری و محمدرضا گلزار,https://www.youtube.com/watch?v=JhpQntd4TMk
سریال باحال و دیدنی یادداشت های یک زن خانه دار 🤩📝 با بازی شقایق دهقان و امیررضا دلاوری - قسمت 44,https://www.youtube.com/watch?v=U_2aiYadKx0
زیرآسمان شهر | از دید من همگی تو این ساختمون مشکوکن,https://www.youtube.com/watch?v=I2wNYYKVAvI
هوشنگ حریرچیان در فیلم سینمایی کمدی اختراع آقاجون 😆,https://www.youtube.com/watch?v=MOmflDP1DyI
سکانس خنده دار | چطوری بکشنمون 😂 فیلم کمدی جنجالی رحمان 1400 با بازی مهران مدیری و محمدرضا گلزار,https://www.youtube.com/watch?v=vO0RlHRteYk
سریال باحال و دیدنی یادداشت های یک زن خانه دار 🤩📝 با بازی شقایق دهقان و امیررضا دلاوری - قسمت 43,https://www.youtube.com/watch?v=0oz-dD0jajE
خندوانه | ما تو شهرستانمون مدرسه تیزهوشان نداریم، استند آپ آخرخنده هانا ستوهی,https://www.youtube.com/watch?v=lXXrYcPXk8Q
فیلم سینمایی کمدی قندون جهیزیه 😁 با بازی صابر ابر، نگار جواهریان و اکبر عبدی,https://www.youtube.com/watch?v=NSiW6yvqymo
سریال باحال و دیدنی یادداشت های یک زن خانه دار 🤩📝 با بازی شقایق دهقان و امیررضا دلاوری - قسمت 42,https://www.youtube.com/watch?v=BZ5sBVHmj3I
زیرآسمان شهر  | خشایار از صدای ترقه زبونش بند اومده,https://www.youtube.com/watch?v=jIu4FltCGKg
الکی دعواگیری نکن برادر پوتین در تونل مکان | دم خروس,https://www.youtube.com/watch?v=N5rbfftbI60
فیلم سینمایی طنز اجتماعی من دیوانه نیستم 🤩 با بازی پژمان جمشیدی، مجید صالحی و هادی کاظمی,https://www.youtube.com/watch?v=aas14DM4tT8
سکانس خنده دار | حمله جانانه به مردم سر صحنه، در فیلم گشت ارشاد 2 😆,https://www.youtube.com/watch?v=8y-ePP12RU8
سریال باحال و دیدنی یادداشت های یک زن خانه دار 🤩📝 با بازی شقایق دهقان و امیررضا دلاوری - قسمت 41,https://www.youtube.com/watch?v=SEEehZbgu20
خندوانه | به شرف پدرت من فندک ندارم,https://www.youtube.com/watch?v=Cs2Gxc4WIvI
اکبر عبدی در فیلم سینمایی کمدی رویای نیمه شب تابستان 😆😁,https://www.youtube.com/watch?v=N4Pkxh3VdJE
سریال باحال و دیدنی یادداشت های یک زن خانه دار 🤩📝 با بازی شقایق دهقان و امیررضا دلاوری - قسمت 40,https://www.youtube.com/watch?v=U9wFmw3_tzk
زیرآسمان شهر |  خشایار رفته تو کار ساخت موشک و قایق موتوری,https://www.youtube.com/watch?v=E9rIzv0H4V0
بیانیه آیا مال ما خار دارد؟ 😁 در تونل مکان | دم خروس,https://www.youtube.com/watch?v=0wIJHTlGEoA
سریال باحال و دیدنی یادداشت های یک زن خانه دار 🤩📝 با بازی شقایق دهقان و امیررضا دلاوری - قسمت 39,https://www.youtube.com/watch?v=nRl79qKM4ak
برنامه ریزی ازدواج قبل از به دنیا اومدن با استاد کاظمی 😃 دم خروس,https://www.youtube.com/watch?v=cDGALi4cVl0
فیلم سینمایی کمدی چشماتو نبند 😆😁 با بازی امیرحسین رستمی و مهدی سلوکی,https://www.youtube.com/watch?v=gX3sYMkhqV0
سریال باحال و دیدنی یادداشت های یک زن خانه دار 🤩📝 با بازی شقایق دهقان و امیررضا دلاوری - قسمت 38,https://www.youtube.com/watch?v=MZWzQgaRfvQ
زیرآسمان شهر  | این با خوردن این همه قرص الان باید مُرده باشه,https://www.youtube.com/watch?v=qv7HgN40fB0
فیلم سینمایی کمدی جنایی مومیایی 3 😆😁 با بازی پرویز پرستویی و مهتاب کرامتی,https://www.youtube.com/watch?v=GdUZYrOe9cs
سکانس خنده دار | هجوم غیرقانونی به دفترِ دشمن😆 فیلم پسر آدم دختر حوا با مهناز افشار و حامد کمیلی,https://www.youtube.com/watch?v=KZbNUc0ZO8M
سریال باحال و دیدنی یادداشت های یک زن خانه دار 🤩📝 با بازی شقایق دهقان و امیررضا دلاوری - قسمت 37,https://www.youtube.com/watch?v=A04p14iEQ2k
زیرآسمان شهر  |  نصفه شبی دره خونه ما چی میخوای؟,https://www.youtube.com/watch?v=mTR8sprmsvY
داری اشتباه می زنی داداچ با استاد کاظمی 😃 دم خروس,https://www.youtube.com/watch?v=QNg03SP8LVs
سریال باحال و دیدنی یادداشت های یک زن خانه دار 🤩📝 با بازی شقایق دهقان و امیررضا دلاوری - قسمت 36,https://www.youtube.com/watch?v=P1xHjSAOJ8M
خانم در خدمت باشیم برسونیمت در جنون جوانی 🤣 دم خروس,https://www.youtube.com/watch?v=AZP3cL8skmA
مریم امیرجلالی در فیلم سینمایی کمدی ثروت خفته 🤣😉,https://www.youtube.com/watch?v=4XRgE0OOwRY
سکانس خنده دار| آشنایی حامد کمیلی و سارا بهرامی در فیلم ایتالیا ایتالیا,https://www.youtube.com/watch?v=h2SermyvtRQ
سریال باحال و دیدنی یادداشت های یک زن خانه دار 🤩📝 با بازی شقایق دهقان و امیررضا دلاوری - قسمت 35,https://www.youtube.com/watch?v=seBF5u0b0A0
زیرآسمان شهر  |  اگه دست از پا خطا کنی حکم تخلیه خونه دستته,https://www.youtube.com/watch?v=2Ae02FNMoUU
مهران غفوریان در فیلم سینمایی کمدی توهم 😁😆,https://www.youtube.com/watch?v=2uzz0uSv80s
سریال باحال و دیدنی یادداشت های یک زن خانه دار 🤩📝 با بازی شقایق دهقان و امیررضا دلاوری - قسمت 34,https://www.youtube.com/watch?v=lBgc6u2FiL0
زیرآسمان شهر | من اگه آب داشتم این جوری میشدم,https://www.youtube.com/watch?v=lls0MH9dx5c
قانون پایستگی خرس قرمز با استاد کاظمی 😃 دم خروس,https://www.youtube.com/watch?v=VtQVZNv6slw
بهمن مفید و امین حیایی در فیلم سینمایی کمدی سرود تولد 😁🤩,https://www.youtube.com/watch?v=a_IRPkiY6s0
سریال باحال و دیدنی یادداشت های یک زن خانه دار 🤩📝 با بازی شقایق دهقان و امیررضا دلاوری - قسمت 33,https://www.youtube.com/watch?v=GrzUA1lgDg8
شکم فتحعلی شاه قاجار و رژیم روسیه ای 😁 در تونل مکان | دم خروس,https://www.youtube.com/watch?v=umqxi1ovgGw
گلشیفته فراهانی و مهران مدیری در فیلم سینمایی کمدی همیشه پای یک زن در میان است 😁,https://www.youtube.com/watch?v=R8GWJ0xYE1s
سریال باحال و دیدنی یادداشت های یک زن خانه دار 🤩📝 با بازی شقایق دهقان و امیررضا دلاوری - قسمت 32,https://www.youtube.com/watch?v=nO1fjLXaR90
زیر آسمان شهر 39,https://www.youtube.com/watch?v=d2gur4WWats
آبروی دختر مثل روغنه در جنون جوانی 🤣 دم خروس,https://www.youtube.com/watch?v=vFRuRtZqmmA
سریال باحال و دیدنی یادداشت های یک زن خانه دار 🤩📝 با بازی شقایق دهقان و امیررضا دلاوری - قسمت 31,https://www.youtube.com/watch?v=cMcvUJGn2JM
زیرآسمان شهر  |  خجالت نمیکشن با این سنشون دنبال بازی کردنن,https://www.youtube.com/watch?v=KXId84sDkhw
فیلم سینمایی کمدی چشمک با بازی اکبر عبدی، رضا رویگری و افسانه بایگان 😁😂,https://www.youtube.com/watch?v=Zo9lyD8FBVc
سریال باحال و دیدنی یادداشت های یک زن خانه دار 🤩📝 با بازی شقایق دهقان و امیررضا دلاوری - قسمت 30,https://www.youtube.com/watch?v=V9-_cp6js_g
پشت پرده عصر جدید احسان علیخانی با استاد کاظمی 😃 دم خروس,https://www.youtube.com/watch?v=Xr9vb7NFijk
فیلم سینمایی کمدی روز باشکوه 😃 ساخته کیانوش عیاری با بازی بهترین های سینما,https://www.youtube.com/watch?v=5yGWDusiPRo
سکانس خنده دار | دست از سر هم برنمیدارن 😆 از فیلم پسر آدم دختر حوا با بازی مهناز افشار و حامد کمیلی,https://www.youtube.com/watch?v=oMTjiFmFa2Y
سریال باحال و دیدنی یادداشت های یک زن خانه دار 🤩📝 با بازی شقایق دهقان و امیررضا دلاوری - قسمت 29,https://www.youtube.com/watch?v=QfXQ_HKxHEA
زیرآسمان شهر  | بیچاره شدم تموم سرمایه م به باد رفت,https://www.youtube.com/watch?v=XvqQJ7nJwJU
سفر با مایو و کوله در جنون جوانی 🤣 دم خروس,https://www.youtube.com/watch?v=eYbbL7oSWbM
مهدی هاشمی و گلاب آدینه در فیلم سینمایی کمدی معجزه خنده 😁😂,https://www.youtube.com/watch?v=vdvWlKpHzPg
سریال باحال و دیدنی یادداشت های یک زن خانه دار 🤩📝 با بازی شقایق دهقان و امیررضا دلاوری - قسمت 28,https://www.youtube.com/watch?v=5B5acERbGTU
زیرآسمان شهر  |  شب ها کم بخور که کمتر کابوس ببینی,https://www.youtube.com/watch?v=cUbbHRK9A-w
میتینگ با رفقای شعبون بی مخ! 😁 در تونل مکان | دم خروس,https://www.youtube.com/watch?v=Jtyk2hxd32Y
حمید لولایی و نفیسه روشن در فیلم سینمایی کمدی شگون 😁😂,https://www.youtube.com/watch?v=e0YKASUlrXM
سکانس خنده دار | شیطون و فرشته به هم چسبیدن 😂 از فیلم چارچنگولی با بازی جواد رضویان و رضا شفیعی جم,https://www.youtube.com/watch?v=KhfH0jbL2NI
سریال باحال و دیدنی یادداشت های یک زن خانه دار 🤩📝 با بازی شقایق دهقان و امیررضا دلاوری - قسمت 27,https://www.youtube.com/watch?v=JTaiY5lNuFs
عصبانیت اکبرها | دم خروس,https://www.youtube.com/watch?v=x56W7hoL8hM
فیلم سینمایی کمدی ایرانی شب به یاد ماندنی 😁🤩 با بازی هادی کاظمی و بهنوش بختیاری,https://www.youtube.com/watch?v=bsbfBUOI6So
سکانس خنده دار | 🤣 بپوشون شراره های آتشت رِ🤣 سکانس تاریخی گشت ارشاد,https://www.youtube.com/watch?v=U5mt-599oQc
سریال باحال و دیدنی یادداشت های یک زن خانه دار 🤩📝 با بازی شقایق دهقان و امیررضا دلاوری - قسمت 26,https://www.youtube.com/watch?v=yOatsMU0pWk
زیرآسمان شهر  | سه بار تخم مرغ گذاشتم هر سه بارغیب شد,https://www.youtube.com/watch?v=NX0wxRgdCLE
ول کن تا ول کنم در جنون جوانی 🤣 دم خروس,https://www.youtube.com/watch?v=ESu-gwu-1sE
سریال باحال و دیدنی یادداشت های یک زن خانه دار 🤩📝 با بازی شقایق دهقان و امیررضا دلاوری - قسمت 25,https://www.youtube.com/watch?v=oFecKW4CzY0
زیرآسمان شهر | دعوای زباله ای بچه های آپارتمان,https://www.youtube.com/watch?v=yfZgy4L5Gb0
کی پشت این پفک نمکیه؟! 🤣 استاد کاظمی | دم خروس,https://www.youtube.com/watch?v=j_CFovq1eHA
سکانس خنده دار | باران اسم دختر نیست؟ 😂 محاصره شدن فرشاد توسط دختران اغفال شده از فیلم سن پترزبورگ,https://www.youtube.com/watch?v=9NJcnmC_g5Q
انیمیشن قمپز: این عفریته کیه فالوش کردی؟ 😁😂,https://www.youtube.com/watch?v=waEp6-GsPKY
گنج پنهان فیلم سینمایی کمدی با بازی علیرضا خمسه و رضا کیانیان 😁🤣,https://www.youtube.com/watch?v=F76J8oaEhWA
سریال باحال و دیدنی یادداشت های یک زن خانه دار 🤩📝 با بازی شقایق دهقان و امیررضا دلاوری - قسمت 24,https://www.youtube.com/watch?v=hS_qRau1Sco
زیرآسمان شهر  |  من جوونم میخوام زنده بمونم,https://www.youtube.com/watch?v=ey2LwWCiNLc
دادین رفت؟! 🤦‍♂️😁 در تونل مکان | دم خروس,https://www.youtube.com/watch?v=LVmWhXhTkcA
سکانس خنده دار | پرویز پرستویی میخواد برگرده خونشون هی بیشتر میره تو دل عراقیا 😂فیلم لیلی با من است,https://www.youtube.com/watch?v=P4OXE1hV_gA
سریال باحال و دیدنی یادداشت های یک زن خانه دار 🤩📝 با بازی شقایق دهقان و امیررضا دلاوری - قسمت 23,https://www.youtube.com/watch?v=WDs2bNIr51s
زیرآسمان شهر |  اگه اعتراف نکنی میام می کُشمت,https://www.youtube.com/watch?v=3fFKitlj5pE
این حق دخترم نیست در جنون جوانی 🤣 دم خروس,https://www.youtube.com/watch?v=BI8KCm2aOpI
سکانس خنده دار | روش های مختلف قتل مادربزرگ سخت جون 😂😂 سکانسی +12 از فیلم ازدواج در وقت اضافه,https://www.youtube.com/watch?v=cJyVzeer97s
سریال باحال و دیدنی یادداشت های یک زن خانه دار 🤩📝 با بازی شقایق دهقان و امیررضا دلاوری - قسمت 22,https://www.youtube.com/watch?v=cN7sxXgYmbg
احمدی نژادی که لولو برده بودش، قراره برگرده 🤣 استاد کاظمی | دم خروس,https://www.youtube.com/watch?v=y_Xy3B6pTvQ
فیلم سینمایی کمدی در شهر خبری نیست هست 😂 با بازی فرهاد آئیش و محمدرضا شریفی نیا,https://www.youtube.com/watch?v=UeoC9NlaU4Y
سکانس خنده دار | 😆 یکی از خنده دار ترین تیکه‌های گشت ارشاد یک 🤣 سیبیل جناب نیچه,https://www.youtube.com/watch?v=KdOvZTeNpBo
سریال باحال و دیدنی یادداشت های یک زن خانه دار 🤩📝 با بازی شقایق دهقان و امیررضا دلاوری - قسمت 21,https://www.youtube.com/watch?v=BhCdvZKeZgE
زیرآسمان شهر | تو غلط میکنی که نمیذاری بچه ی من بیاد تعمیرگاه,https://www.youtube.com/watch?v=8MpCjk7TApg
چگونه سرویس نشویم! در جنون جوانی 🤣 دم خروس,https://www.youtube.com/watch?v=popR7zqaDtU
سریال باحال و دیدنی یادداشت های یک زن خانه دار 🤩📝 با بازی شقایق دهقان و امیررضا دلاوری - قسمت 20,https://www.youtube.com/watch?v=-EU9smuioUk
زیرآسمان شهر  | به جون مامانم می کوشمتون بی معرفت ها,https://www.youtube.com/watch?v=CeTBX7BI15U
خانم های گلچین شده در استادیوم | دم خروس,https://www.youtube.com/watch?v=FdqLpCXyZho
سریال باحال و دیدنی یادداشت های یک زن خانه دار 🤩📝 با بازی شقایق دهقان و امیررضا دلاوری - قسمت 19,https://www.youtube.com/watch?v=xOGTkIfzpIY
روس گیر آوردین ما رو؟! 😁 در تونل مکان | دم خروس,https://www.youtube.com/watch?v=IKIosCJkGrg
فیلم سینمایی کمدی مکس بدون سانسور 😂 با بازی درخشان فرهاد آئیش در نقش خواننده لوس آنجلسی,https://www.youtube.com/watch?v=4C1BbL6gn5k
سریال باحال و دیدنی یادداشت های یک زن خانه دار 🤩📝 با بازی شقایق دهقان و امیررضا دلاوری - قسمت 18,https://www.youtube.com/watch?v=gKgBDN_snZg
زیرآسمان شهر  |  خودم با این دوتا چشم خودم دیدمش روح بود,https://www.youtube.com/watch?v=03mFCWhMyRg
کارگاه کسب مهارت های چند همسری 🤣 استاد کاظمی | دم خروس,https://www.youtube.com/watch?v=RdsFV-w5XvM
فیلم سینمایی کمدی پسر آدم، دختر حوا 😂 با بازی مهناز افشار و حامد کمیلی,https://www.youtube.com/watch?v=DXPok7RdYqI
سریال باحال و دیدنی یادداشت های یک زن خانه دار 🤩📝 با بازی شقایق دهقان و امیررضا دلاوری - قسمت 17,https://www.youtube.com/watch?v=FxIBmWs4lsU
زیرآسمان شهر  |  همسایه ها یاری نمیکنن که من عروس داری کنم,https://www.youtube.com/watch?v=Rv6kc38QnXc
تمام منقلب شدگان در ورزشگاه در جنون جوانی 🤣 دم خروس,https://www.youtube.com/watch?v=FClzRW3KaVY
پرویز پرستویی در فیلم سینمایی کمدی جنگی لیلی با من است 😁😂,https://www.youtube.com/watch?v=39S2U_1TNiI
سریال باحال و دیدنی یادداشت های یک زن خانه دار 🤩📝 با بازی شقایق دهقان و امیررضا دلاوری - قسمت 16,https://www.youtube.com/watch?v=XpI0het3SoA
اپلیکیشن چهارپا: خط تولید بومی الاغ 🤣 استاد کاظمی | دم خروس,https://www.youtube.com/watch?v=SPZFdEoBySg
سریال باحال و دیدنی یادداشت های یک زن خانه دار 🤩📝 با بازی شقایق دهقان و امیررضا دلاوری - قسمت 15,https://www.youtube.com/watch?v=D6_uBapBdxQ
زیرآسمان شهر | این مادر بهروز کی می خواد غذا پختن رو یاد بگیره,https://www.youtube.com/watch?v=-I5ZHhvg-RA
عزیزم بگو برمی گردی 😁 در تونل مکان | دم خروس,https://www.youtube.com/watch?v=5P8e-oj3CjI
فیلم سینمایی تارزن و تارزان 😂 با بازی اکبر عبدی و ستاره اسکندری,https://www.youtube.com/watch?v=EbSZJd1_UVM
سریال باحال و دیدنی یادداشت های یک زن خانه دار 🤩📝 با بازی شقایق دهقان و امیررضا دلاوری - قسمت 14,https://www.youtube.com/watch?v=uoDpR_rBvvg
زیرآسمان شهر | تو میگی همه ی ما تو این ساختمون دزدیم ؟,https://www.youtube.com/watch?v=BaviuHZ3zH4
پشت تی تاپ چه کسی است؟! 🤣 استاد کاظمی | دم خروس,https://www.youtube.com/watch?v=RmPVG_qsZIs
انیمیشن قمپز: سالروز خاک تو سر من؟! 😁😂,https://www.youtube.com/watch?v=GfUD6fwXlyg
فیلم سینمایی کمدی بیستون چهلستون با بازی طناز طباطبایی 😃😍,https://www.youtube.com/watch?v=HqfmkgAZR1c
سکانس خنده دار | هشت،باقرزاده،نه،ده 😂  پیمان قاسم خانی و محسن تنابنده در بهترین سکانس سن پطرزبورگ,https://www.youtube.com/watch?v=a37FiPl2c8o
سریال باحال و دیدنی یادداشت های یک زن خانه دار 🤩📝 با بازی شقایق دهقان و امیررضا دلاوری - قسمت 13,https://www.youtube.com/watch?v=cgpGDOUEqds
خودشیفتگی مفرط در جنون جوانی 🤣 دم خروس,https://www.youtube.com/watch?v=b3zhQblVmXY
سریال باحال و دیدنی یادداشت های یک زن خانه دار 🤩📝 با بازی شقایق دهقان و امیررضا دلاوری - قسمت 12,https://www.youtube.com/watch?v=ybvhstHfYO4
ساختمان پزشکان  | ای وای من ازدواج کردم ؟ واقعا,https://www.youtube.com/watch?v=EJbCrhO9aaM
زیرآسمان شهر |  اصلا تابلو نبود برای فضولی اومدین ؟,https://www.youtube.com/watch?v=To_1G74bnCk
شرکت خاردار گستر شرق 😁 در تونل مکان | دم خروس,https://www.youtube.com/watch?v=nUQcrqV0laE
فیلم سینمایی کیش و مات 😂 با بازی حمید گودرزی، الناز شاکردوست و علی صادقی,https://www.youtube.com/watch?v=isHt6LYGkSQ
سریال باحال و دیدنی یادداشت های یک زن خانه دار 🤩📝 با بازی شقایق دهقان و امیررضا دلاوری - قسمت 11,https://www.youtube.com/watch?v=A1f-1OzKkBc
دعوا سر یه مشت ته دیگ سیب زمینی در جنون جوانی 🤣 دم خروس,https://www.youtube.com/watch?v=KanKaSGaNQo
سریال باحال و دیدنی یادداشت های یک زن خانه دار 🤩📝 با بازی شقایق دهقان و امیررضا دلاوری - قسمت 10,https://www.youtube.com/watch?v=qfFmOZWZPYU
ساختمان پزشکان  |  اون آدامس رو از دهنت در بیار,https://www.youtube.com/watch?v=1jJ5JjoV8tQ
زیرآسمان شهر |  این خوشمزه همونیه که شبیه حوله ست ؟,https://www.youtube.com/watch?v=2xM65DjBZY8
هر چینی یک شیره کش خانه در تونل مکان | دم خروس,https://www.youtube.com/watch?v=aY0R55-nxaE
طناز طباطبایی در فیلم سینمایی کمدی کبوتران خسته 😃😉,https://www.youtube.com/watch?v=EneEeEUolcE
سریال باحال و دیدنی یادداشت های یک زن خانه دار 🤩📝 با بازی شقایق دهقان و امیررضا دلاوری - قسمت 9,https://www.youtube.com/watch?v=1_FdUZlxQvM
همه وسواس های عجیب و غریب در جنون جوانی 🤣 دم خروس,https://www.youtube.com/watch?v=jH-wGI_QgRo
رضا شفیعی جم و ترلان پروانه در فیلم سینمایی خروس بی محل 😂,https://www.youtube.com/watch?v=-cuKMyIGDOU
سریال باحال و دیدنی یادداشت های یک زن خانه دار 🤩📝 با بازی شقایق دهقان و امیررضا دلاوری - قسمت 8,https://www.youtube.com/watch?v=WAlyWH1K52o
ساختمان پزشکان  |  به دکتر ملکی گفتی آشپزی بلد نیستی ؟,https://www.youtube.com/watch?v=9vH08U6Thto
زیر آسمان شهر  | شاهکار روزگاری با این خبر دادنت,https://www.youtube.com/watch?v=g8Oz6Xe2N4Y
عشوه خرکی هندیا در تونل مکان | دم خروس,https://www.youtube.com/watch?v=TpH3VFghC_E
فیلم سینمایی کمدی و خنده دار گزارش گمانه های یک ذهن 😃,https://www.youtube.com/watch?v=cr1ONuRRkIE
سریال باحال و دیدنی یادداشت های یک زن خانه دار 🤩📝 با بازی شقایق دهقان و امیررضا دلاوری - قسمت 7,https://www.youtube.com/watch?v=kMId6dKtpF8
افسرده عمته در جنون جوانی 🤣 دم خروس,https://www.youtube.com/watch?v=fN8wXF1lbq0
سریال باحال و دیدنی یادداشت های یک زن خانه دار 🤩📝 با بازی شقایق دهقان و امیررضا دلاوری - قسمت 6,https://www.youtube.com/watch?v=me2Vsx1YHC4
ساختمان پزشکان  |  همسرتون خیلی با حالن آقای دکتر ملکی,https://www.youtube.com/watch?v=ncqbB5ZG4jA
زیرآسمان شهر  | بهروز خالی بند دزد از آب در اومده,https://www.youtube.com/watch?v=7FHLI2OqUVE
شعله بیوتی: میشه جیگرتو بخورم؟! 🤣 دم خروس,https://www.youtube.com/watch?v=QopyRuOFbGg
عشق و مکافات 😁 فیلم سینمایی کمدی با بازی علی صادقی,https://www.youtube.com/watch?v=jiiTCVUc9Ng
سریال باحال و دیدنی یادداشت های یک زن خانه دار 🤩📝 با بازی شقایق دهقان و امیررضا دلاوری - قسمت 5,https://www.youtube.com/watch?v=zs_fXtENIiY
فیلم سینمایی کمدی سوگواری صمیمانه با بازی امیرحسین صدیق و طناز طباطبایی 😃😉,https://www.youtube.com/watch?v=pEkDiSm7hT0
سریال باحال و دیدنی یادداشت های یک زن خانه دار 🤩📝 با بازی شقایق دهقان و امیررضا دلاوری - قسمت 4,https://www.youtube.com/watch?v=_6R_WpTLWKg
ساختمان پزشکان  |  ما باید قبل عروسی دکتر عروسی بگیریم,https://www.youtube.com/watch?v=E3bM6zEP8rs
زیرآسمان شهر  | شما هیکل گُنده کردی که هرهر بخندی؟,https://www.youtube.com/watch?v=B1xvG5DdNeA
انیمیشن قمپز: دِ خب تلاش کنین بچه دار شین دیگه! 😁😁,https://www.youtube.com/watch?v=xnoBzy58xMc
سریال باحال و دیدنی یادداشت های یک زن خانه دار 🤩📝 با بازی شقایق دهقان و امیررضا دلاوری - قسمت 3,https://www.youtube.com/watch?v=Wi0qB7kzLpk
حمله با دکلته قرمز در تونل مکان | دم خروس,https://www.youtube.com/watch?v=dQeKSlCoiH8
سریال باحال و دیدنی یادداشت های یک زن خانه دار 🤩📝 با بازی شقایق دهقان و امیررضا دلاوری - قسمت 2,https://www.youtube.com/watch?v=v9OtvWvQfJY
ساختمان پزشکان  | آقای دکتر با نامزدش حداقل بیست سال تفاوت سنی دارن,https://www.youtube.com/watch?v=XKxIUE2syvk
زیر آسمان شهر  |  آقا دست نزن موهام خراب میشه,https://www.youtube.com/watch?v=idmwaUfRsPw
شیوه نوین دلبری با پشه کشی در جنون جوانی 🤣 دم خروس,https://www.youtube.com/watch?v=G4pBrezr1NA
فیلم سینمایی کمدی روزی که خواستگار آمد 💐😁 با بازی محمدعلی کشاورز و حسن جوهرچی,https://www.youtube.com/watch?v=0F6hOIv36aU
سریال باحال و دیدنی یادداشت های یک زن خانه دار 🤩📝 با بازی شقایق دهقان و امیررضا دلاوری - قسمت 1,https://www.youtube.com/watch?v=IplusigcTCE
تحلیل هالک و اسپایدرمن و دوستان توسط استاد کاظمی 😂 | دم خروس,https://www.youtube.com/watch?v=XuvfyvLYLzM
فیلم سینمایی کمدی شانس یا ... 😃 با بازی سمانه پاکدل و محسن افشانی,https://www.youtube.com/watch?v=O_H4X1YpBYU
سریال تماشایی و کمدی 💍 حلقه شانس 💍 قسمت آخر (قسمت 13),https://www.youtube.com/watch?v=u7NiungBYZQ
ساختمان پزشکان  |  من تازه دیشب بله م رو دادم,https://www.youtube.com/watch?v=LxHgFqrhKHo
زیر آسمان شهر  |  خوشتیپ ها رو میگیرن آقا فرار کنین,https://www.youtube.com/watch?v=vRRMBVODA-0
همه سوشیال فرندها در جنون جوانی با پشت صحنه 🤣 دم خروس,https://www.youtube.com/watch?v=j9I_yH2c-WA
سریال تماشایی و کمدی 💍 حلقه شانس 💍 قسمت 12,https://www.youtube.com/watch?v=W5m3RfulcF0
شروع بوقی بوقی جنگ جهانی اول در تونل مکان | دم خروس,https://www.youtube.com/watch?v=bvRdra1tg3Y
انیمیشن قمپز 18+ : اگه قول میدی زیرنویسا رو نخونی بازش کن! 😂,https://www.youtube.com/watch?v=co-jJVl7YlM
طناز طباطبایی و ثریا قاسمی در فیلم سینمایی کمدی یک سبد مرغ عشق 😃😉,https://www.youtube.com/watch?v=qucS_d2Xzrc
سریال تماشایی و کمدی 💍 حلقه شانس 💍 قسمت 11,https://www.youtube.com/watch?v=eWY1V4zuVUI
زیر آسمان شهر  |  من اگه موهای تو رو داشتم میرفتم مدیر عامل شرکت میشدم,https://www.youtube.com/watch?v=rKSX0pJa6y4
ساختمان پزشکان  | انگشتر برلیان مادرش رو برام آورده,https://www.youtube.com/watch?v=C97gOZ7rzl0
استریپ دنس نوزاد یک ساله 🤣 استاد کاظمی | دم خروس,https://www.youtube.com/watch?v=KQSsukdNjis
یک اشتباه کوچولو 😁 فیلم سینمایی کمدی با بازی امین حیایی و محمدرضا شریفی نیا,https://www.youtube.com/watch?v=zWYrsx002IA
سریال تماشایی و کمدی 💍 حلقه شانس 💍 قسمت 10,https://www.youtube.com/watch?v=QJTxc2e3jE0
شعله بیوتی: مادر حقوق زنان 🤣 دم خروس,https://www.youtube.com/watch?v=sLa-gefghpA
مهران غفوریان و علی صادقی در فیلم سینمایی کمدی گدایان تهران 😃🤣,https://www.youtube.com/watch?v=VRyRMUKCbm0
سریال تماشایی و کمدی 💍 حلقه شانس 💍 قسمت 9,https://www.youtube.com/watch?v=3zbHVtgYcqQ
ساختمان پزشکان | من یه کلبه درویشی دارم دوهزار متره,https://www.youtube.com/watch?v=kMFTUOVsd-4
زیرآسمان شهر  | من تموم دنیا رو گشتم همچین موی خوشگلی ندیدم,https://www.youtube.com/watch?v=4JzhyceyqRU
اینم شد زندگی؟ کله اش به این گندگی! در تونل مکان | دم خروس,https://www.youtube.com/watch?v=hjfU_5ZnVUU
دوربین نه چندان مخفی فیلم سینمایی کمدی با هنرمندی رضا کیانیان، طناز طباطبایی و مهرداد صدیقیان,https://www.youtube.com/watch?v=dN2LOw38oSw
سریال تماشایی و کمدی 💍 حلقه شانس 💍 قسمت 8,https://www.youtube.com/watch?v=K4j6Jl1xOMs
بسه این انتظار، سالواتوره بیا 🤣 استاد کاظمی | دم خروس,https://www.youtube.com/watch?v=60wttVB77ak
طناز طباطبایی در فیلم سینمایی کمدی تخمه ژاپنی ????????,https://www.youtube.com/watch?v=aTyvbBokuvQ
سریال تماشایی و کمدی 💍 حلقه شانس 💍 قسمت 7,https://www.youtube.com/watch?v=8IRzSifesH4
ساختمان پزشکان  |  این رو زودتر شوهرش بدیم بره,https://www.youtube.com/watch?v=u43AgQVqOqM
زیرآسمان شهر  |  همه این جیغ و دادها مال دو تا سوسکه ؟,https://www.youtube.com/watch?v=olxdpA9U-FY
اجازه خروج از تخت خواب برای زنان تا اجازه خروج از کشور 🤣 دم خروس,https://www.youtube.com/watch?v=aCZkvVu4Mzs
فیلم سینمایی عاشقانه و کمدی پیچ عشاق با بازی نصرالله رادش و ملیكا شریفی‌نیا 💕😂,https://www.youtube.com/watch?v=CK39z2l0rns
سریال تماشایی و کمدی 💍 حلقه شانس 💍 قسمت 6,https://www.youtube.com/watch?v=Tdtvn3iuB9c
خندوانه  | قایقتون سوراخ میشه کوسه ها بهتون حمله میکنن,https://www.youtube.com/watch?v=qBkSw-Se8CQ
رگ روسی و حنابندون جیمی کارتر در تونل مکان | دم خروس,https://www.youtube.com/watch?v=DwbvEL8BUZg
سریال تماشایی و کمدی 💍 حلقه شانس 💍 قسمت 5,https://www.youtube.com/watch?v=XpOepD78NBU
ساختمان پزشکان   | آقای ارسطو گلوشون پیش خانم شیرزاد گیر کرده,https://www.youtube.com/watch?v=eqXxuqS_LSo
زیرآسمان شهر  |  نباید بذاریم که یه خون ریزی دیگه را بیفته,https://www.youtube.com/watch?v=ulsUORZSOB8
صنعت مظلوم خودرو و نماینده های مظلوم تر 🤣غیرعلنی | دم خروس,https://www.youtube.com/watch?v=4H6svgIXPgs
سریال تماشایی و کمدی 💍 حلقه شانس 💍 قسمت 4,https://www.youtube.com/watch?v=0H6pR9yu3KE
مرد چهارشونه یا داف مینی ژوپ پوش، کدومو بدم؟ در تونل مکان | دم خروس,https://www.youtube.com/watch?v=awNc3AoIsKQ
مهران غفوریان و ارژنگ امیرفضلی در فیلم سینمایی کمدی تلخ اما شیرین 😃🤣,https://www.youtube.com/watch?v=qNOz5Ov5VT0
سریال تماشایی و کمدی 💍 حلقه شانس 💍 قسمت 3,https://www.youtube.com/watch?v=anievX9DUX8
ساختمان پزشکان  |  شما فکر نمیکنید زمین نمی تونه گرد باشه ؟,https://www.youtube.com/watch?v=e8gFJm7cooo
زیرآسمان شهر  |  این سیب باید دقیق از وسط به دو نیم بشه,https://www.youtube.com/watch?v=WPwms0oYgjQ
دردسرهای بدن زنانه 🤣 دم خروس,https://www.youtube.com/watch?v=yCgsMfh8lO8
اکبر عبدی، ارژنگ امیرفضلی در فیلم سینمایی کمدی و اکشن چهار اصفهانی در بغداد 😁😉,https://www.youtube.com/watch?v=j3No8SXWShY
سریال تماشایی و کمدی 💍 حلقه شانس 💍 قسمت 2,https://www.youtube.com/watch?v=iwyh-qJ36Rg
پشم ریزون مردم فهیم پراگ در تونل مکان | دم خروس,https://www.youtube.com/watch?v=oZpOEl5rRg4
دو برادر دو زن برادر فیلم سینمایی کمدی با بازی اکبر عبدی و طناز طباطبایی 😉😃,https://www.youtube.com/watch?v=b_7g0x7SXFk
سریال تماشایی و کمدی 💍 حلقه شانس 💍 قسمت 1,https://www.youtube.com/watch?v=Jzen6vqQmlI
ساختمان پزشکان  | ای وای خاک بر سرم همش قاطی میکنم,https://www.youtube.com/watch?v=2uciE8muIw4
زیرآسمان شهر | پولش رو یکی دیگه میبره دعواش رو شما میکنین,https://www.youtube.com/watch?v=UVQX4ap3Jr0
آخرین افشای جنجالی استاد کاظمی 😂 شما دیگه وقت ازدواجته | دم خروس,https://www.youtube.com/watch?v=GDuNJeyGXuA
فیلم سینمایی کمدی شبی در تهران با بازی رامبد جوان و ماهایا پطروسیان,https://www.youtube.com/watch?v=RzojhhUU9OY
اشکان خطیبی و علیرضا خمسه در ▶  سریال کمدی تهران پلاک یک  ◀  قسمت آخر,https://www.youtube.com/watch?v=h6CSPS-xpUc
هدیه رو واکرده پس نفرستاد تونل مکان | دم خروس,https://www.youtube.com/watch?v=1vNGDY9aXSI
انیمیشن قمپز: ای پدر مقدس ما را با شاسگولان محشور نفرما!  😁😁,https://www.youtube.com/watch?v=ZeJZOLAoI20
ویدئوی فیلم رحمان 1400 با ریمیکس جدید آهنگ مثلا روم زوم کنی بوم بوم کنه قلبم زانکو 🤩💃,https://www.youtube.com/watch?v=LS_kVboyp7w
اشکان خطیبی و علیرضا خمسه در ▶  سریال کمدی تهران پلاک یک  ◀  قسمت 29,https://www.youtube.com/watch?v=jEt_UAhDZPM
ساختمان پزشکان  | من از کجا باید بفهمم ورود ممنوع مال من نیست,https://www.youtube.com/watch?v=39H7lU9rORY
زیر آسمان شهر  | مگه مریضی تو بزنم تو مخت,https://www.youtube.com/watch?v=Mol5FMHd_-M
پایلوت مردتو بگیر دستت نذارش رو اوتو!  🤣 دم خروس,https://www.youtube.com/watch?v=y4yNXL28uUQ
انیمیشن قمپز: پاپانوئل بیفته روت! 😁😁,https://www.youtube.com/watch?v=XnBnf4YIsoY
مهران غفوریان و رضا شفیعی جم در فیلم سینمایی کمدی فوتبالی ها ⚽😁,https://www.youtube.com/watch?v=qNo6_X9dqsI
اشکان خطیبی و علیرضا خمسه در ▶  سریال کمدی تهران پلاک یک  ◀  قسمت 28,https://www.youtube.com/watch?v=Ahuzvzg-ltM
داداش گوگوش در مراسم خواستگاری در جنون جوانی! 🤣 دم خروس,https://www.youtube.com/watch?v=460Xb_5oAcc
اشکان خطیبی و علیرضا خمسه در ▶  سریال کمدی تهران پلاک یک  ◀  قسمت 27,https://www.youtube.com/watch?v=bxAqqdID0nM
ساختمان پزشکان  |  تو ای دکتر بلند قد همچون چناری,https://www.youtube.com/watch?v=P3maePVc6C4
زیرآسمان شهر  | ای وای دست پسرم قطع شده,https://www.youtube.com/watch?v=uH9o34-JaPA
باد در خلا در تونل مکان | دم خروس,https://www.youtube.com/watch?v=V0Pbwb6ehQs
علی صادقی، مهران غفوریان و مجید صالحی در فیلم سینمایی کمدی و خنده دار پیتزا مخلوط 🤣,https://www.youtube.com/watch?v=hr_EXCtgi0c
اشکان خطیبی و علیرضا خمسه در ▶  سریال کمدی تهران پلاک یک  ◀  قسمت 26,https://www.youtube.com/watch?v=h58ZLnCAEt8
اسیر کردن تضمینی مرد با شعله بیوتی 🤣 دم خروس,https://www.youtube.com/watch?v=EtzafjOTxnM
انیمیشن قمپز: تیکه سنگین قمپز به خواب بودن مسئولین 😁😁,https://www.youtube.com/watch?v=feqJlxNTgu4
فیلم سینمایی کمدی تخیلی چگونه میلیاردر شدم 😉😁 با بازی فتحعلی اویسی و مریم امیرجلالی,https://www.youtube.com/watch?v=G5aL2-T5xJo
اشکان خطیبی و علیرضا خمسه در ▶  سریال کمدی تهران پلاک یک  ◀  قسمت 25,https://www.youtube.com/watch?v=Tm2lLYLxOWs
ساختمان پزشکان   | حسودی کردن بقیه منشی ها به خانم شیرزاد,https://www.youtube.com/watch?v=xSceu9doP_w
زیرآسمان شهر | من خودم دیدیم که یه نفر رو برداشت برد تو خونه,https://www.youtube.com/watch?v=4Pn6UtXXdvU
نیمه پنهان دم خروسی ها | بالاخره سانسور هم خوبه 😂,https://www.youtube.com/watch?v=IxhbQSsl1wM
گشت ارشاد 2 🤣 فیلم سینمایی کمدی و جنجالی آخرررر خنده,https://www.youtube.com/watch?v=hr60ADkZjQw
اشکان خطیبی و علیرضا خمسه در ▶  سریال کمدی تهران پلاک یک  ◀  قسمت 24,https://www.youtube.com/watch?v=EWcqXYDgXtY
خندوانه  | در افتادن مهران غفوریان با خفاش ها,https://www.youtube.com/watch?v=e_HEC_sCO1Y
مش شبرنگ هندونه ای ویژه شب یلدا 🤣 دم خروس,https://www.youtube.com/watch?v=QPEWWfmA03A
انیمیشن قمپز: تب تب یلدایی 😁😁,https://www.youtube.com/watch?v=myRFy3Hzd5k
اشکان خطیبی و علیرضا خمسه در ▶  سریال کمدی تهران پلاک یک  ◀  قسمت 23,https://www.youtube.com/watch?v=EZy_xlluOSQ
ساختمان پزشکان  |  من فکر میکردم هر سال ایران استرالیا رو میبره,https://www.youtube.com/watch?v=AeMvLe-8k74
زیرآسمان شهر | ترک دوتا دوچرخه کورسی میشینیم ، بستنی هم میخوریم,https://www.youtube.com/watch?v=2EkX6qtwP0w
جیگرتو خام خام بخورم در تونل مکان | دم خروس,https://www.youtube.com/watch?v=Mmq-TLKqMJc
فیلم سینمایی کمدی خنده دار سفر بخیر با بازی اکبر عبدی 😉😁,https://www.youtube.com/watch?v=0XCj-Nnsevs
اشکان خطیبی و علیرضا خمسه در ▶  سریال کمدی تهران پلاک یک  ◀  قسمت 22,https://www.youtube.com/watch?v=2Xt9QmwHSw8
خندوانه  | قرارمون واسه ساعت پنج و شیش  تو باغچه,https://www.youtube.com/watch?v=jkttKD9tXns
خاطرات سفر آریایی 🤣 دم خروس,https://www.youtube.com/watch?v=yAFrUPjBZlg
شب سگی فیلم سینمایی کمدی با بازی امیر آقایی و طناز طباطبایی 😉😃,https://www.youtube.com/watch?v=dyAO8-4YKIE
اشکان خطیبی و علیرضا خمسه در ▶  سریال کمدی تهران پلاک یک  ◀  قسمت 21,https://www.youtube.com/watch?v=E61cEqUOfjc
ساختمان پزشکان  | مرد گنده خجالت نمیکشه هیچ وقت پول تو جیبش نیست,https://www.youtube.com/watch?v=_bFrpUIeiCU
زیر آسمان شهر  |  آدم هرچی بیشتر داشته باشه گداتره ها,https://www.youtube.com/watch?v=U6FXJVxn8fM
شیوه های دور زدن تحریم با استاد کاظمی | دم خروس 😂,https://www.youtube.com/watch?v=pmavC9-xctU
مهران غفوریان، رضا شفیعی جم و رامبد جوان در فیلم سینمایی کمدی زن بدلی 😃😃,https://www.youtube.com/watch?v=eO2_yYR4T9M
اشکان خطیبی و علیرضا خمسه در ▶  سریال کمدی تهران پلاک یک  ◀  قسمت 20,https://www.youtube.com/watch?v=jZwZG_rnjk4
استندآپ کمدی  |  مامان ، بابا رو با یه خانم دیدم,https://www.youtube.com/watch?v=t_poDpi7sVU
ام الفساد در تونل مکان | دم خروس,https://www.youtube.com/watch?v=Em5NR7DmJn0
اشکان خطیبی و علیرضا خمسه در ▶  سریال کمدی تهران پلاک یک  ◀  قسمت 19,https://www.youtube.com/watch?v=pSiLZAnW7e4
ساختمان پزشکان |  چقدر این خانم شیرزاد دکترها رو حرص میده,https://www.youtube.com/watch?v=bWRioPD3uSY
زیرآسمان شهر  |  یه فکری برام بکن وگرنه میزنم تو مخت,https://www.youtube.com/watch?v=pFZCupluMFA
دایرکت شعله بیوتی به حامد حدادی 🤣 دم خروس,https://www.youtube.com/watch?v=f_onjDhbf-A
لج و لجبازی فیلمی کمدی با بازی سحر قریشی، نیما شاهرخ شاهی، امیر جعفری و ... 😃😃,https://www.youtube.com/watch?v=BZcdENHwYHk
اشکان خطیبی و علیرضا خمسه در ▶  سریال کمدی تهران پلاک یک  ◀  قسمت 18,https://www.youtube.com/watch?v=Sz7serCnxBs
خندوانه  |  عنبر نسارا مگه اعتیاد میاره,https://www.youtube.com/watch?v=lrF_ViHGZQY
نبینم خر چشم بادومیای عزیز ما رو بگیرینا! 🤣 استاد کاظمی | دم خروس,https://www.youtube.com/watch?v=HRS38s2774Y
اکبر عبدی، طناز طباطبایی و شاهرخ استخری در فیلم سینمایی کمدی یک بقچه توهم 😉😃,https://www.youtube.com/watch?v=PdrYTT_M9lU
اشکان خطیبی و علیرضا خمسه در ▶  سریال کمدی تهران پلاک یک  ◀  قسمت 17,https://www.youtube.com/watch?v=8wcjNPATxGo
ساختمان پزشکان | قاتل من رو نکشه ،خانم شیرزاد منو میکشه,https://www.youtube.com/watch?v=d-hkQTDxvD0
زیرآسمان شهر  |  ماشین رو شستی آب رفته یه کمی برات تنگ شده,https://www.youtube.com/watch?v=WMb4yMxqP_0
بفرمایین تو، دم در بده! 🤣 دم خروس,https://www.youtube.com/watch?v=BX9Kx3ytzC8
فیلم سینمایی کمدی و خنده دار 😃 شوخی ممنوع 😃 با هنرنمایی کمدین های سینما,https://www.youtube.com/watch?v=6CT0Gs0k1f4
اشکان خطیبی و علیرضا خمسه در ▶  سریال کمدی تهران پلاک یک  ◀  قسمت 16,https://www.youtube.com/watch?v=Obmdr_8fHdk
خندوانه  | ما آدم فروشی نمی کنیم ولی پرنده فروشی می کنیم,https://www.youtube.com/watch?v=sbOPaLZ8NFY
کرونا بشینه رو بعضیا، ایدز می گیره میره! 🤣 دم خروس,https://www.youtube.com/watch?v=hdcUh2a1XLI
علی صادقی و سحر قریشی در فیلم سینمایی کمدی و خنده دار شیر یا خط 🤣,https://www.youtube.com/watch?v=HJedpvZ9Frk
اشکان خطیبی و علیرضا خمسه در ▶  سریال کمدی تهران پلاک یک  ◀  قسمت 15,https://www.youtube.com/watch?v=x_EsThQ66S0
ساختمان پزشکان  |  شما چند روز برو گم و گور شو,https://www.youtube.com/watch?v=8nyJRtF58d0
زیرآسمان شهر  |  شیطونه میگه بزنم تو مخش,https://www.youtube.com/watch?v=r6Oo-pxg5Uo
غرق شدن ویروس کرونا در تبادل تف فرنچ کیس 🤣 استاد کاظمی | دم خروس,https://www.youtube.com/watch?v=ix6_uu5B5BU
اشکان خطیبی و علیرضا خمسه در ▶  سریال کمدی تهران پلاک یک  ◀  قسمت 14,https://www.youtube.com/watch?v=K7W3wqTlzb0
خوشگلین یا خوب می‌رقصین؟ در تونل مکان | دم خروس,https://www.youtube.com/watch?v=cuuxmzEYl1E
سارا بهرامی و حامد کمیلی در فیلم خیلی باحال ایتالیا ایتالیا 😍😍,https://www.youtube.com/watch?v=DoWm0iMQAS0
اشکان خطیبی و علیرضا خمسه در ▶  سریال کمدی تهران پلاک یک  ◀  قسمت 13,https://www.youtube.com/watch?v=oJpyPkA1y_0
ساختمان پزشکان  | مقتول نباید به سزای اعمال ننگینش برسه ؟,https://www.youtube.com/watch?v=kYhGbzZ319o
زیر آسمان شهر | میخوام کوتاه نیاد خودم کوتاش کنم,https://www.youtube.com/watch?v=f2CIs3CqLaM
لایو مشترک نجم الدین شریعتی با سلنا گومز! 🤣 استاد کاظمی | دم خروس,https://www.youtube.com/watch?v=-KPde7eL1MQ
علی صادقی در فیلم سینمایی کمدی و خنده دار گور طلایی 🤣,https://www.youtube.com/watch?v=f7sAiX0Yr3o
اشکان خطیبی و علیرضا خمسه در ▶  سریال کمدی تهران پلاک یک  ◀  قسمت 12,https://www.youtube.com/watch?v=Z572tC21zYY
دورهمی  |  الان همسرتون شما رو ببینه میشناستتون,https://www.youtube.com/watch?v=jpvPW_zsPUA
خندوانه  |  ما دیونه بودیم بعد شدیم بازیگر,https://www.youtube.com/watch?v=_DMdjJRIxew
چی فکر می کردیم و چی شد! 🤣 دم خروس,https://www.youtube.com/watch?v=s_7Swtzcmyw
پارسا پیروزفر و امین حیایی در فیلم سینمایی کمدی 😃 مهمان مامان 😃 ساخته داریوش مهرجویی,https://www.youtube.com/watch?v=JML1DBYdD_s
اشکان خطیبی و علیرضا خمسه در ▶  سریال کمدی تهران پلاک یک  ◀  قسمت 11,https://www.youtube.com/watch?v=H1OMGhHObvk
ساختمان پزشکان |  اگه یه مدت با کامپیوتر کار نکنی خاموش میشه,https://www.youtube.com/watch?v=U1_9zt9rBOw
زیر اسمان شهر  |  یه سرفه تو صورتت بکنه سه سوت بعد سل گرفتی,https://www.youtube.com/watch?v=H6gKZKKlAlQ
ارتباط آهنگ دکتر ساسی با کرونا 🤣 استاد کاظمی | دم خروس,https://www.youtube.com/watch?v=NxSWmoGWexo
انیمیشن قمپز: آموزش زبان شیرازی به سبک قمپز و رفقا 😁😁,https://www.youtube.com/watch?v=dXU1rPbVWuw
فیلم سینمایی کمدی کات کلانتری با بازی یوسف تیموری و امیر نوری 😂😂,https://www.youtube.com/watch?v=tlrJl6wMK9A
اشکان خطیبی و علیرضا خمسه در ▶  سریال کمدی تهران پلاک یک  ◀  قسمت 10,https://www.youtube.com/watch?v=bD6YbifvMQI
شعله بیوتی سلطان ویروس منطقه🤣 دم خروس,https://www.youtube.com/watch?v=1nbihW8rdRE
کمدی فارسی زنگ ها 😆 فیلمی نوستالژی و کمدی نوشته محسن مخملباف,https://www.youtube.com/watch?v=EStbDy52U48
اشکان خطیبی و علیرضا خمسه در ▶  سریال کمدی تهران پلاک یک  ◀  قسمت 9,https://www.youtube.com/watch?v=_NzEdR6Vfow
ساختمان پزشکان | آیا مادرتون غرغرو و ایراد گیر هستن؟🤣,https://www.youtube.com/watch?v=0MfqXqlkDLU
زیر آسمان شهر |  پسر تو مگه مخ تو اون کله ت نیست,https://www.youtube.com/watch?v=zkCNcAWHCXQ
لایک و بوس همایونی در تونل مکان | دم خروس,https://www.youtube.com/watch?v=TUsRpdfHptU
اشکان خطیبی و علیرضا خمسه در ▶  سریال کمدی تهران پلاک یک  ◀  قسمت 8,https://www.youtube.com/watch?v=sfTk5BlLd7M
جا به جایی مرزهای خیانت با شعله بیوتی 🤣 دم خروس,https://www.youtube.com/watch?v=ntwF2gsk1oE
اشکان خطیبی و علیرضا خمسه در ▶  سریال کمدی تهران پلاک یک  ◀  قسمت 7,https://www.youtube.com/watch?v=UfZBaTNEHW8
ساختمان پزشکان  |  این بمیره من چه جوری از ورثه ش پولمو بگیرم,https://www.youtube.com/watch?v=8KL2-6segGU
زیر آسمان شهر | حسود ، چش نداره منو خوش تیپ ببینه,https://www.youtube.com/watch?v=3coMxHS1JD4
محافظت بازی با داف ها در تونل مکان | دم خروس,https://www.youtube.com/watch?v=7blyv207ui4
فیلم سینمایی کمدی خنده دار عزیز میلیون دلاری با بازی علی صادقی و هوشنگ حریرچیان 😍,https://www.youtube.com/watch?v=84jYVexjgEc
اشکان خطیبی و علیرضا خمسه در ▶  سریال کمدی تهران پلاک یک  ◀  قسمت 6,https://www.youtube.com/watch?v=5X3L7puvgOU
روزنامه نمایش | سفر ویژه سام و بریتنی با جت شخصی اسپیرز,https://www.youtube.com/watch?v=Qsl-ak_I8Y4
روی تخت یا پای تخت؟! 🤣 استاد کاظمی | دم خروس,https://www.youtube.com/watch?v=6_tA7CQG8VY
محمدرضا گلزار و امین حیایی در فیلم سینمایی کمدی شیش و بش 😃🤩,https://www.youtube.com/watch?v=M4EMY9kwxZA
اشکان خطیبی و علیرضا خمسه در ▶  سریال کمدی تهران پلاک یک  ◀  قسمت 5,https://www.youtube.com/watch?v=jJ1ru321Uo4
روزنامه نمایش |  رونمایی محمدرضا گلزار از رنگ جدد موهایش,https://www.youtube.com/watch?v=2x-s0ZvT2kw
باردار شدن؛ حلال تمام مشکلات 🤣 دم خروس,https://www.youtube.com/watch?v=q3jZmjI8o4w
علی صادقی و جواد رضویان در فیلم کمدی زندگی شیرین🤣,https://www.youtube.com/watch?v=AEoeeswMJ_8
اشکان خطیبی و علیرضا خمسه در ▶  سریال کمدی تهران پلاک یک  ◀  قسمت 4,https://www.youtube.com/watch?v=Nl5pVJz1OsE
ساختمان پزشکان   | دکتر افشار خودشم نیاز به روانشناس پیدا کرده,https://www.youtube.com/watch?v=fPrUtpUJJG4
زیر آسمان شهر  |  پسرمی اختیارت رو دارم ،میزنمت,https://www.youtube.com/watch?v=latkM931nZk
چند پیک ادرار شتر به سلامتی شما 🤣 استاد کاظمی | دم خروس,https://www.youtube.com/watch?v=yPq6J5xq04Q
فیلم سینمایی کمدی ماهی دم قرمز با بازی علی صادقی 😍😃,https://www.youtube.com/watch?v=eZxqq5fGYM0
اشکان خطیبی و علیرضا خمسه در ▶  سریال کمدی تهران پلاک یک  ◀  قسمت 3,https://www.youtube.com/watch?v=sP2Dmqu23uQ
ساختمان پزشکان  |  چهار ماهه حقوق من رو ندادین,https://www.youtube.com/watch?v=r1hqNnau4Ig
دورهمی  |  این سیم لخت کنه پیشرفتست,https://www.youtube.com/watch?v=CRHU1F2xM8M
چرا کشتیش؟ چون گفت بخورش!! | دم خروس,https://www.youtube.com/watch?v=9_OG-6fOcYc
اشکان خطیبی و علیرضا خمسه در ▶  سریال کمدی تهران پلاک یک  ◀  قسمت 2,https://www.youtube.com/watch?v=VNT7YV88FMs
زیر آسمان شهر  | اون ماسک رو بردار تا با مخ نزدم تو صورتت,https://www.youtube.com/watch?v=D9wy6TwYJhw
روزنامه نمایش  | جنجال جدید رامبد (پول ندارید ؟ رژیم بگیرید !),https://www.youtube.com/watch?v=nTLzGu14SOM
روش های پولدار شدن با شعله بیوتی! 🤣 دم خروس,https://www.youtube.com/watch?v=EB4FxJDah_U
فیلم سینمایی کمدی بعد از ظهر سگی سگی با بازی بهترین کمدین های ایران؛ رضا عطاران، علی صادقی و ... 😉😁,https://www.youtube.com/watch?v=qxzb60pd2f4
اشکان خطیبی و علیرضا خمسه در ▶  سریال کمدی تهران پلاک یک  ◀  قسمت 1,https://www.youtube.com/watch?v=PudvlIjrwq0
ساختمان پزشکان | شما مگه پدر منین یا شوهر منین که ازم سوال می پرسین,https://www.youtube.com/watch?v=KrgIHcXpS64
روزنامه نمایش   | تهران گردی رضا گلزار با اهنگ بهزاد لیتو,https://www.youtube.com/watch?v=6-9oRf_nrEw
وا بده تزار جان! وا بده! در تونل مکان | دم خروس,https://www.youtube.com/watch?v=NZuLfMEXfeA
فیلم سینمایی کمدی فراری با بازی حامد کمیلی و لیندا کیانی 😍😃,https://www.youtube.com/watch?v=zUN-IAg4jBc
چرا کشتیش؟ چون با کته رو با وایتکس می پخت!! | دم خروس,https://www.youtube.com/watch?v=KRtJVCG3H4E
فیلم سینمایی کمدی لامبورگینی با بازی علی صادقی 😍😂 Lamborgini Full Movie,https://www.youtube.com/watch?v=kqoY4lurtRo
O+ Serial Irani 😁 سریال کمدی او مثبت با بازی مجید صالحی قسمت آخر (قسمت 15),https://www.youtube.com/watch?v=rOMJZdywU1E
ساختمان پزشکان   | من جمله مو خیلی تو فلافل گفتم,https://www.youtube.com/watch?v=zvjw4bNDu6U
سوراخ اوزون یا صفر پول ملی؟! 🤣 استاد کاظمی | دم خروس,https://www.youtube.com/watch?v=bJTOhyA0i_M
سحرقریشی والنازشاکردوست در فیلم کمدی نوستالژی آتیش بازی🤣,https://www.youtube.com/watch?v=jgn3Rp-hnIE
O+ Serial Irani 😁 سریال کمدی او مثبت با بازی مجید صالحی قسمت 14,https://www.youtube.com/watch?v=dYz8Jk3mssA
ساختمان پزشکان  |  ما اینجا خیلی بدبختیم هیچی نداریم,https://www.youtube.com/watch?v=lrLIn8hIRhs
هورمون ما می توانیم در تونل مکان | دم خروس,https://www.youtube.com/watch?v=L14nv4KShE0
O+ Serial Irani 😁 سریال کمدی او مثبت با بازی مجید صالحی قسمت 13,https://www.youtube.com/watch?v=LyGIjFcPd74
آشنایی با بستنی قیفی! 🤣 دم خروس,https://www.youtube.com/watch?v=WCpB6yJQX28
O+ Serial Irani 😁 سریال کمدی او مثبت با بازی مجید صالحی قسمت 12,https://www.youtube.com/watch?v=4ASLpiWDuW4
موتور سواری آزاده صمدی در خیابان های تهران,https://www.youtube.com/watch?v=6a_w_fo7FnU
پیش بینی زلزله با استفاده از مورچه 🤣 استاد کاظمی | دم خروس,https://www.youtube.com/watch?v=Ncxl_o6KgXE
انیمیشن قمپز: بچه دنیا: شاخ مجازی تازه متولد 😁😁,https://www.youtube.com/watch?v=qlfM-rYn79Y
O+ Serial Irani 😁 سریال کمدی او مثبت با بازی مجید صالحی قسمت 11,https://www.youtube.com/watch?v=SvSlfc54fJw
ساختمان پزشکان   | من چهره م خیلی کمتر از سنم می خورد با این حال قصد ازدواج دارم,https://www.youtube.com/watch?v=MvVGSn6JW2s
بغل کردن عاشقانه جواد عزتی و همسرش,https://www.youtube.com/watch?v=9Ih6gAeqVlE
انیمیشن قمپز: معلمای قدیم 😁😁,https://www.youtube.com/watch?v=g4R9916t1hc
O+ Serial Irani 😁 سریال کمدی او مثبت با بازی مجید صالحی قسمت 10,https://www.youtube.com/watch?v=fFwMRVu9j6k
تبریک روز جهانی مرد به سبک گلزار,https://www.youtube.com/watch?v=HHkZu1I8KrU
مگه اینجا مکانه؟ در تونل مکان | دم خروس,https://www.youtube.com/watch?v=Rs_o4PJjuOE
O+ Serial Irani 😁 سریال کمدی او مثبت با بازی مجید صالحی قسمت 9,https://www.youtube.com/watch?v=gMzpBq_KbZY
ساختمان پزشکان  | پاشو بینیم بابا اینجا جای منه,https://www.youtube.com/watch?v=WCb4Ng2AuRw
شیشلیک های شیطان پرستی! 🤣 استاد کاظمی | دم خروس,https://www.youtube.com/watch?v=T22rpa4c14A
O+ Serial Irani 😁 سریال کمدی او مثبت با بازی مجید صالحی قسمت 8,https://www.youtube.com/watch?v=fNdYYjg84K4
دورهمی  |  لطفا آبروی من رو جلوی مهمون ها نبری,https://www.youtube.com/watch?v=hU5QITkHbJ0
شغال وال استریت 🤣 دم خروس,https://www.youtube.com/watch?v=FLS1FcE0Oqk
جواد رضویان و رضا شفیعی جم در فیلم سینمایی کمدی چارچنگولی 😂😂 آخر خنده,https://www.youtube.com/watch?v=ZV4tt1dfjPI
O+ Serial Irani 😁 سریال کمدی او مثبت با بازی مجید صالحی قسمت 7,https://www.youtube.com/watch?v=q14AWV3xibE
ساختمان پزشکان  | کارهای شما چه ربطی به همسر سابقتون داره آخه,https://www.youtube.com/watch?v=lrAHKPLEHqY
باغ مظفر |  برادر منو جادو جنبل کردی ،برادر دزد,https://www.youtube.com/watch?v=ptYLxWg3u0E
گرگ وال استریت زاخاریا در تونل مکان | دم خروس,https://www.youtube.com/watch?v=pP4yI0TN5Ak
تردست فیلمی سینمایی با بازی شهرام حقیقت دوست و نیوشا ضیغمی,https://www.youtube.com/watch?v=f8OLgA_ovCM
O+ Serial Irani 😁 سریال کمدی او مثبت با بازی مجید صالحی قسمت 6,https://www.youtube.com/watch?v=z6BNxej1zF4
اندام مقبول با نچرال بیوتی 🤣 دم خروس,https://www.youtube.com/watch?v=jj7WvuMqHOI
فیلم سینمایی کمدی آدم برفی با کیفیت عالی 😍⛄😂 Adam Barfi Full Movie High Quality,https://www.youtube.com/watch?v=z1gUnS0ClRs
O+ Serial Irani 😁 سریال کمدی او مثبت با بازی مجید صالحی قسمت 5,https://www.youtube.com/watch?v=iXRbw8mg7BQ
ساختمان پزشکان  | امیدوارم دماغتون رو عمل کنید و بختتون باز بشه,https://www.youtube.com/watch?v=GjKz5l7cXy4
باغ مظفر  |  به به همه تو این خونه فوتبالین,https://www.youtube.com/watch?v=DsBTjD5ZTIo
خواستگاری در زیر پتو در جنون جوانی! 🤣 دم خروس,https://www.youtube.com/watch?v=zH-vzO8Gxzc
فیلم سینمایی کمدی گوشواره با هنرنمایی اکبر عبدی، مسعود رایگان و رویا تیموریان 🤩,https://www.youtube.com/watch?v=ZQmZ5p7Gt-Y
O+ Serial Irani 😁 سریال کمدی او مثبت با بازی مجید صالحی قسمت 4,https://www.youtube.com/watch?v=8WhPjLxOnCU
سلطان رشوه در تونل مکان | دم خروس,https://www.youtube.com/watch?v=3limsRQWrGs
O+ Serial Irani 😁 سریال کمدی او مثبت با بازی مجید صالحی قسمت 3,https://www.youtube.com/watch?v=Oa6hTbmi0Gg
ساختمان پزشکان | شما جد اندر جد زن زلیل بودین🤯,https://www.youtube.com/watch?v=XLi4u0ipYto
باغ مظفر |  هر چیزی تو این دنیا بهتر از بی شوهر بودنه,https://www.youtube.com/watch?v=K85Nj9IHzks
پیشنهاد ویژه کالج بیوتی: راه حل شما داشتن شوگر دَدیه! 🤣 دم خروس,https://www.youtube.com/watch?v=ZhOEtYejSdY
فیلم سینمایی کمدی و به یاد موندنی نان و عشق و موتور هزار 😍😂,https://www.youtube.com/watch?v=OSYyJr_hUSQ
O+ Serial Irani 😁 سریال کمدی او مثبت با بازی مجید صالحی قسمت 2,https://www.youtube.com/watch?v=JINTXONv9So
سورپرایز رئیس با اخراجی تضمینی در جنون جوانی! 🤣 دم خروس,https://www.youtube.com/watch?v=AexSbcnk1DA
مهران غفوریان و زنده یاد فتحعلی اویسی در فیلم سینمایی و کمدی انتخاب 😃,https://www.youtube.com/watch?v=MJEXJDU2eeA
O+ Serial Irani 😁 سریال کمدی او مثبت با بازی مجید صالحی قسمت 1,https://www.youtube.com/watch?v=aAyehHn0jfA
ساختمان پزشکان   | من یه بستنی میخوام که روش چتر و فشفشه باشه,https://www.youtube.com/watch?v=1AdE-JUyHWw
باغ مظفر  |  هرگز قند را در چای فرو نمیکنیم,https://www.youtube.com/watch?v=7ncKGbMvAhs
طلسم بریدن و زبون قفل کردن و بخت باز کردن با شعله بیوتی 🤣 دم خروس,https://www.youtube.com/watch?v=byZdTFh8GlI
رضا عطاران و علی صادقی در فیلم سینمایی کمدی و باحال سه درجه تب 😁,https://www.youtube.com/watch?v=tPoWvrFwx0A
Atse Serial Irani 😁 سریال طنز عطسه به کارگردانی مهران مدیری قسمت 10 (قسمت آخر),https://www.youtube.com/watch?v=8zdi5Lr1KSo
کجا به این زودی؟ تازه سر شب لاتاست! در تونل مکان | دم خروس,https://www.youtube.com/watch?v=wvX4muQvXac
فیلم سینمایی ایرانی باور آرامش ساخته شهره لرستانی,https://www.youtube.com/watch?v=--fMfHDYGqQ
Atse Serial Irani 😁 سریال طنز عطسه به کارگردانی مهران مدیری قسمت 9,https://www.youtube.com/watch?v=qhqw7JFWo58
ساختمان پزشکان  | لباس عروس دختر خاله شو گرفته پوشیده,https://www.youtube.com/watch?v=a7KwOEtw9n0
باغ مظفر | بوفالو آخه نصفه شبی قصه چی میخوای از هیکلت خجالت بکش,https://www.youtube.com/watch?v=-7y3X3J1_QI
هر موقع داون شدین، کال شعله بیوتی! 🤣 دم خروس,https://www.youtube.com/watch?v=IQpJJJexwhA
ناصرالدین شاه در مترو تهران!! ◀ فیلم سینمایی کمدی باغ ناصری 😃,https://www.youtube.com/watch?v=xfxcEHVYX5M
Atse Serial Irani 😁 سریال طنز عطسه به کارگردانی مهران مدیری قسمت 8,https://www.youtube.com/watch?v=6ydjdg7vtPk
کفش پدر مادر دار حلال زاده!  🤣 استاد کاظمی | دم خروس,https://www.youtube.com/watch?v=MQRK3sFEj88
Atse Serial Irani 😁 سریال طنز عطسه به کارگردانی مهران مدیری قسمت 7,https://www.youtube.com/watch?v=6A4-_MHX3Wo
ساختمان پزشکان | دکترها جواب ندادن رفتی سراغ منشی ها,https://www.youtube.com/watch?v=hn8EIAktk_U
باغ مظفر  |  قلمراد آخرین بار پارسال تو دریا خودشو شسته,https://www.youtube.com/watch?v=TR1LRLnYykU
چی تنته؟ در جنون جوانی! 🤣 دم خروس,https://www.youtube.com/watch?v=I0wInre3zO0
فیلم سینمایی کمدی ایرانی ◀ دزدی که برای شام آمد 😃,https://www.youtube.com/watch?v=KGRJIXWe2CY
Atse Serial Irani 😁 سریال طنز عطسه به کارگردانی مهران مدیری قسمت 6,https://www.youtube.com/watch?v=nuYtnuKFs2c
داداش مرگ من یواش در تونل مکان | دم خروس,https://www.youtube.com/watch?v=VPFNGlEDBvM
Atse Serial Irani 😁 سریال طنز عطسه به کارگردانی مهران مدیری قسمت 5,https://www.youtube.com/watch?v=vcOcfkAZ0Ac
ساختمان پزشکان  | واقعا خجالت داره ، شما در مورد من چه فکری کردین,https://www.youtube.com/watch?v=U4FMxlaxbT8
باغ مظفر |  فروغ جون یه شوهر نمیر نیاز داره ، همه شوهراش مُردن,https://www.youtube.com/watch?v=I9waF1FR-5o
اپیلاسیون صدف طاهریان زیر نظر شعله بیوتی 🤣 دم خروس,https://www.youtube.com/watch?v=B41q9YBRXvE
پرویز پرستویی، فاطمه معتمد آریا و افسانه بایگان در فیلم کمدی ایرانی مرد عوضی 😆,https://www.youtube.com/watch?v=YNPSzLN2BOc
Atse Serial Irani 😁 سریال طنز عطسه به کارگردانی مهران مدیری قسمت 4,https://www.youtube.com/watch?v=Mjqx27O47Z8
ساختمان پزشکان  | پانزده تا خواستگاری واسه یه روز زیاد نیست,https://www.youtube.com/watch?v=tz4MRgJe1g0
تاکید روی قل قل قل در تبلیغات صدا و سیما! 🤣 استاد کاظمی | دم خروس,https://www.youtube.com/watch?v=R6DLWPyfjMs
فیلم کمدی ایرانی کلمبوس با بازی مجید صالحی، هانیه توسلی و فرهاد اصلانی 😆,https://www.youtube.com/watch?v=M7aMvVws0rg
Atse Serial Irani 😁 سریال طنز عطسه به کارگردانی مهران مدیری قسمت 3,https://www.youtube.com/watch?v=__bYtLJQUDQ
باغ مظفر  |  بگذارید لب و لوچه مان رو تنظیم کنیم,https://www.youtube.com/watch?v=y_IyKVoNqk4
چگونه ترشیده نشویم؟! با شعله بیوتی! 🤣 دم خروس,https://www.youtube.com/watch?v=jQIehAzs3HA
پرستو صالحی در فیلم کمدی ایرانی عروس و ملوس 😆,https://www.youtube.com/watch?v=TZ8XcF8-DiE
Atse Serial Irani 😁 سریال طنز عطسه به کارگردانی مهران مدیری قسمت 2,https://www.youtube.com/watch?v=iZnG8DSGcAM
ساختمان پزشکان   | شما تو روز تولدتون دزد کادوتون رو دزدید,https://www.youtube.com/watch?v=E_fbQkATnhw
جرم استارها در زندان!! 🤣 استاد کاظمی | دم خروس,https://www.youtube.com/watch?v=rPKGUsx5sZs
انیمیشن قمپز: پشم اضاف 😁😁,https://www.youtube.com/watch?v=iLzJdGQ--os
Atse Serial Irani 😁 سریال طنز عطسه به کارگردانی مهران مدیری قسمت 1,https://www.youtube.com/watch?v=BGoyudsPJJM
باغ مظفر  |  داره از خوشی دق میکنه باورش نمیشه,https://www.youtube.com/watch?v=Q_BAQiOEo1s
این 123 کیه هی بهش زنگ می زنی؟! ها؟! 🤣 دم خروس,https://www.youtube.com/watch?v=2GL0Cc_JEaI
سریال کمدی باحال ساختمان پزشکان ◀ قسمت آخر (قسمت پنجاه و هفتم),https://www.youtube.com/watch?v=bNLoAK0AWVk
ساختمان پزشکان   | این انصاف نیست شما چلوکباب بخوری ما شیرینی,https://www.youtube.com/watch?v=Y18Ao7rT8jE
فروش شورت مامان دوز کارکرده کاملاً در حد آکبند! 😲😅 استاد کاظمی | دم خروس,https://www.youtube.com/watch?v=EcBTZQqPGCo
رضا عطاران و جواد رضویان در فیلم کمدی اخلاقتو خوب کن 😁😉,https://www.youtube.com/watch?v=7qsYoWr3zUw
سریال کمدی باحال ساختمان پزشکان ◀ قسمت پنجاه و ششم,https://www.youtube.com/watch?v=5qVqvD_QfsQ
باغ مظفر  |  خرخرش ماله خودمه ، خودم میخورمش,https://www.youtube.com/watch?v=Uc_aCLHpJ5w
گلاب به روتون! بحث کثافت کاریه؟! 🤣 دم خروس,https://www.youtube.com/watch?v=l-fgXpQVsuM
مرتضی احمدی در فیلم سینمایی کمدی مدرک جرم,https://www.youtube.com/watch?v=43IpRGXFC9k
بهنام تشکرو هومن برق نورد در سریال کمدی ساختمان پزشکان ◀ قسمت پنجاه و پنجم,https://www.youtube.com/watch?v=LGvKmlqd-ic
ساختمان پزشکان  | داوری که دغدغه مالی داشته باشه نمیتونه خوب سوت بزنه,https://www.youtube.com/watch?v=Q9QEq_sOwIc
درد زود ارسالی جوان ها 🤣 استاد کاظمی | دم خروس,https://www.youtube.com/watch?v=hMOE49pRv0M
فیلم سینمایی کمدی و اکشن به من نگو دزد 😃😃,https://www.youtube.com/watch?v=6S9-utK00xs
سریال کمدی باحال ساختمان پزشکان ◀ قسمت پنجاه و چهارم,https://www.youtube.com/watch?v=4YdJ28pXxIc
داشتن سوشیال فرند برای پر کردن حفره های زندگی 🤣 دم خروس,https://www.youtube.com/watch?v=VKQP82sWEl8
فیلم کمدی و عاشقانه 💕 شرط ازدواج 💕 با بازی نیما شاهرخ شاهی و فریبا نادری,https://www.youtube.com/watch?v=wUBiBLTHyvA
سریال کمدی باحال ساختمان پزشکان ◀ قسمت پنجاه و سوم,https://www.youtube.com/watch?v=iaDDE-7WOoU
باغ مظفر| خانم دکتر شیان  واسه پول زن منصور خان شده,https://www.youtube.com/watch?v=_FfkPuC_aSQ
عزیزم بگو برمی گردی در تونل مکان | دم خروس,https://www.youtube.com/watch?v=NWUp2h11nK4
فیلم کمدی نوستالژی 😍😃 عزیزم من کوک نیستم 😍😃 با هنرنمایی پرویز پرستویی و فاطمه معتمدآریا,https://www.youtube.com/watch?v=mREpxZAwG1o
جناب خان مرد و مردونه زنگ می زنه به کامبیز رقیب عشقیش!! 😎😎,https://www.youtube.com/watch?v=pA7WlqDrgbM
سریال کمدی باحال ساختمان پزشکان ◀ قسمت پنجاه و دوم,https://www.youtube.com/watch?v=Nqp6rxN4yfA
ساختمان پزشکان  | کسی قصد کشتن شما رو داره؟,https://www.youtube.com/watch?v=PcfT-xV976c
حضور فرماسون ها در سریال های اینترنتی 😱😁 استاد کاظمی | دم خروس,https://www.youtube.com/watch?v=T7UiU120abo
انیمیشن قمپز: ازی سگ چیش 😁😁,https://www.youtube.com/watch?v=pAUPxtAAldU
فیلم کمدی جنجالی رحمان 1400 بدون سانسور 🤩😄 با بازی مهران مدیری، بهرام افشاری و محمدرضا گلزار,https://www.youtube.com/watch?v=mZKXi74CmIY
نعیمه نظام‌دوست در سریال کمدی ساختمان پزشکان ◀ قسمت پنجاه و یکم,https://www.youtube.com/watch?v=lC8qmcBeujA
باغ مظفر   | خاک بر سر ما که یک بیماری برای تجدید فراش نداریم,https://www.youtube.com/watch?v=onqBG2OHXIc
زن هر چی خرجش بیشتر، ارجش بیشتر 🤣 دم خروس,https://www.youtube.com/watch?v=8AXteCNtEBM
فیلم باحال و خنده دار اکازیون با هنرمندی رضا شفیعی جم! 😂,https://www.youtube.com/watch?v=GN-CYvEbg48
رابطه بین چای خوردن جناب خان و بارون اومدن تو رختخوابش 🤣🤣 فقط با یه استکان,https://www.youtube.com/watch?v=skgMBFgo46A
سریال کمدی باحال ساختمان پزشکان ◀ قسمت پنجاهم,https://www.youtube.com/watch?v=iAqTzjAlisQ
ساختمان پزشکان   |  دکتر چرت مرغوب میزنه نشونه معتاد شدنه,https://www.youtube.com/watch?v=L-GBBmBzQHo
دهانت را می بویند مبادا شله قلمکار خورده باشی! 🤣 استاد کاظمی | دم خروس,https://www.youtube.com/watch?v=msNLOcg-t64
سریال کمدی باحال ساختمان پزشکان ◀ قسمت چهل و نهم,https://www.youtube.com/watch?v=fog93tuq2dc
باغ مظفر |  حیون خودتی میمون,https://www.youtube.com/watch?v=_WDaw-be6Ec
قاطی خوردی یا با فاطی خوردی؟ در تونل مکان | دم خروس,https://www.youtube.com/watch?v=Y86elAcdmzA
سریال کمدی نوستالژی خنده دارساختمان پزشکان ◀ قسمت چهل و هشتم,https://www.youtube.com/watch?v=kjzR4TFThuk
ساختمان  پزشکان   | خانم شیرزاد در حال غذا دادن به  موموخ و می میخ,https://www.youtube.com/watch?v=o8zIIKyCHA8
زن من چه کم از جنیفر داره که بیمه اش نکنم؟! 🤣 دم خروس,https://www.youtube.com/watch?v=tq3kTLyFlCI
انیمیشن قمپز: نه به واکسن اجباری قسمت دوم (طنز) 😁😁,https://www.youtube.com/watch?v=YWQerE9VTKo
سریال کمدی باحال ساختمان پزشکان ◀ قسمت چهل و هفتم,https://www.youtube.com/watch?v=gnwb0u22GjI
باغ مظفر |  با این دل خسته عاشق چیکار کنیم,https://www.youtube.com/watch?v=0OOYQh_t3Yo
کادر حرفه ای انیستیتو زیبایی شعله بیوتی 🤣 دم خروس,https://www.youtube.com/watch?v=sH4qcxIVuWc
دیگه کسی تعصبمونو نمی کشه! تعصبامون دست نخورده مونده! 😁😁 | استندآپ کمدی باحال ابوطالب حسینی,https://www.youtube.com/watch?v=vnvAGCfWbL4
سریال کمدی باحال ساختمان پزشکان ◀ قسمت چهل و ششم,https://www.youtube.com/watch?v=aABTZ2cwAZU
باغ مظفر | مادر دخترم فوت شده من خیلی جوون بودم که ازدواج کردم,https://www.youtube.com/watch?v=B1FsOzx_gBU
پیشگویی سمپسون ها درباره وضعیت ایران 😱 باورنکردنی 😲 استاد کاظمی | دم خروس,https://www.youtube.com/watch?v=ipDz4Or6BBo
جناب خان می ترکونه سی همشهریای خودش 💃🕺😍,https://www.youtube.com/watch?v=JiEpomLr0Dw
سریال کمدی باحال ساختمان پزشکان ◀ قسمت چهل و پنجم,https://www.youtube.com/watch?v=KM2yxVW0DJ0
ساختمان پزشکان   یکیشون قدش کوتاه اون یکی دل نمیبنده یکی دیگه همراهه,https://www.youtube.com/watch?v=4Ssn9ul_gN0
گشت زیر بغل محلات یا جنبش لباس های بی آستین در تونل مکان | دم خروس,https://www.youtube.com/watch?v=N4hnMcGOYLM
خانم شیرزاد درسریال کمدی باحال ساختمان پزشکان ◀ قسمت چهل و چهارم,https://www.youtube.com/watch?v=sM4k1jKGlxQ
باغ مظفر | این پیرمرد با دیدن خانم دکترجوون ، دهنش باز میمونه,https://www.youtube.com/watch?v=GW_v3LmamNU
فال قهوه برای آقا رونالدو! 🤣 دم خروس,https://www.youtube.com/watch?v=-UXEvb3YtkY
سریال کمدی باحال ساختمان پزشکان ◀ قسمت چهل و سوم,https://www.youtube.com/watch?v=3GFNubBRkGs
ساختمان پزشکان | تو دخلتون فقط سه هزار تومن هست بدم خدمتتون,https://www.youtube.com/watch?v=XwBALFcSiQA
همه مزدورا! 🤣 توپخونه | دم خروس,https://www.youtube.com/watch?v=uv8yanJ7Yeg
سریال کمدی باحال ساختمان پزشکان ◀ قسمت چهل و دوم,https://www.youtube.com/watch?v=OG_3zYFuRW8
باغ مظفر | شوهرم همش به من فکر میکنه هی می ترسه من مریض بشم,https://www.youtube.com/watch?v=6wL7MqBS6lQ
بی اجازه دست به ابزار فرزندآوری خود نزنید!! 🤣 دم خروس,https://www.youtube.com/watch?v=-v8GssNnn9Q
رمز و رازهای باشگاه داری و خرید بازیکن از زبان جناب خان 😂😂,https://www.youtube.com/watch?v=dlR4JU3WtfA
سریال کمدی باحال ساختمان پزشکان ◀ قسمت چهل و یکم,https://www.youtube.com/watch?v=-ric5uQkf9Y
ساختمان پزشکان | از منشی جماعت انتقاد کنید این مطب رو ،رو سرتون خراب میکنم,https://www.youtube.com/watch?v=dAIQ1lTOdTM
توریست تفنگ به دست یا تفاوت فرهنگی در تونل مکان | دم خروس,https://www.youtube.com/watch?v=Q5O2ga3KAfY
آلبوم دختران مورد نظر سهیل غلامرضاپور برای ازدواج 😂😂,https://www.youtube.com/watch?v=DGvTLcTg-TQ
سریال کمدی باحال ساختمان پزشکان ◀ قسمت چهلم,https://www.youtube.com/watch?v=lB4Q4gP9MAQ
باغ مظفر | این جور مراسم ها جزء رسومات خانه های اشرافیست,https://www.youtube.com/watch?v=xPxtRSRrudc
اجرت با آقایان مارکس و انگلس 🤣 دم خروس,https://www.youtube.com/watch?v=VkXnW67FYpA
زنده یاد فتحعلی اویسی در فیلم کمدی دزدان خیابان جردن 😍😁,https://www.youtube.com/watch?v=b_B0bx3iytM
سریال کمدی باحال ساختمان پزشکان ◀ قسمت سی و نهم,https://www.youtube.com/watch?v=gAHzeSb7TJE
ساختمان پزشکان  |  یه جوری تغییر صدا دادم که دکتر نفهمید,https://www.youtube.com/watch?v=tRDVLAa2QbQ
یه بوس کوچولو تا مسکو در تونل مکان | دم خروس,https://www.youtube.com/watch?v=XWpxl9qqWrw
افراطی ها 😃 فیلمی کمدی با بازی اکبر عبدی و زنده یاد فتحعلی اویسی,https://www.youtube.com/watch?v=iblvEC8Ci1I
جناب خان عصبانی شده می خواد چوبو ب... 🙊😂😂,https://www.youtube.com/watch?v=teDjuW7S9k8
سریال کمدی باحال ساختمان پزشکان با بازی بهنام تشکر ◀ قسمت سی و هشتم,https://www.youtube.com/watch?v=fK6QbEYNj78
باغ مظفر  | یک اشراف زاده هیچ وقت در نمی زنه,https://www.youtube.com/watch?v=9KD0V5cJs0s
داریوش و شهرام شب پره در یک قاب نمی گنجند! 🤣 دم خروس,https://www.youtube.com/watch?v=wNCZGQenEAo
خواستگار محترم 😍 فیلم سینمایی کمدی و عاشقانه با هنرنمایی فرهاد آئیش,https://www.youtube.com/watch?v=Lyq2JVsLndE
جناب خان مسائل خصوصی و شخصی رامبد جوان رو لو داد!! 😱😱🤣🤣,https://www.youtube.com/watch?v=AX9WhsbZK2Q
سریال کمدی باحال ساختمان پزشکان ◀ قسمت سی و هفتم,https://www.youtube.com/watch?v=0u3oSFCNB1o
ساختمان پزشکان  | حالا این کی هست ، منم برم دماغمو عمل کنم,https://www.youtube.com/watch?v=boY0Fp-yAdM
قوتویی برای افزایش میل جنگی مردم در تونل مکان | دم خروس,https://www.youtube.com/watch?v=tp-HRQljucc
انیمیشن قمپز: ما رو خر فرض کردین یا مارو فر خرض کردین؟ 😁😁,https://www.youtube.com/watch?v=eKab9_jl6Yo
کادوی ویژه جناب خان برای رجبی ها: داروی ضد اسهال 😁😂,https://www.youtube.com/watch?v=6cu89Q4YyMM
سریال کمدی نوستالژی باحال ساختمان پزشکان ◀ قسمت سی و ششم,https://www.youtube.com/watch?v=65mPoPcUCxA
باغ مظفر  |  این سه چهارتا شوهر رو سر به نیست کرده,https://www.youtube.com/watch?v=gSVlVoIbAw0
فشیون روز با شعله بیوتی دیزاین 🤣 دم خروس,https://www.youtube.com/watch?v=290RtQhCLQI
انیمیشن قمپز: نه به واکسن اجباری (طنز) 😁😁,https://www.youtube.com/watch?v=hocyKMslWrU
یک فراری از بگبو 😃 کمدی درجه یک با بازی علی صادقی,https://www.youtube.com/watch?v=iYuqqjs7U4k
سریال کمدی باحال ساختمان پزشکان ◀ قسمت سی و پنجم,https://www.youtube.com/watch?v=xTe6NvLhEbc
خندوانه  | از نظر روانی کارهایی که پدر احلام در حق ما میکنه روا نیست,https://www.youtube.com/watch?v=iUkM6pdNjtg
ساختمان پزشکان   | دکتر ملکی هم با خانم شیرزاد اسفناج سبز میکنن,https://www.youtube.com/watch?v=PuNBp9h5VFk
دعوای تاریخی عروس و مادرشوهر در تونل مکان | دم خروس,https://www.youtube.com/watch?v=d4JSxHaQInQ
چپ دست 😄🤩 فیلم سینمایی کمدی با هنرنمایی لیلا اوتادی و حمید گودرزی,https://www.youtube.com/watch?v=LgdSW1j-UZ4
سریال کمدی باحال ساختمان پزشکان ◀ قسمت سی و چهارم,https://www.youtube.com/watch?v=n1Lam6YreiM
باغ مظفر |  بلند شو برو خونه شوهرت قیافت رو نبینم,https://www.youtube.com/watch?v=_vzzHCw5StY
قلنج شکنی با همایون شجریان و سحر دولتشاهی 🤣 دم خروس,https://www.youtube.com/watch?v=oBWl3yQ6Cxg
ساختمان پزشکان سریال کمدی باحال با بازی هومن برق نورد ◀ قسمت سی و سوم,https://www.youtube.com/watch?v=v9atjNVOQJk
خندوانه   | اگه کسی غیر از من اسم احلام رو بیاره دهنش رو کاه گل میگرم,https://www.youtube.com/watch?v=l6zXS6ykDCY
ساختمان پزشکان   | نباید از دماغتون خجالت بکشین،چون ژنتون اینجوریه,https://www.youtube.com/watch?v=ZDUOEEMui8k
آقازاده حیا کن مملکت رو رها کن در تونل مکان | دم خروس,https://www.youtube.com/watch?v=CrynDP0VvQc
سریال کمدی باحال ساختمان پزشکان ◀ قسمت سی و دوم,https://www.youtube.com/watch?v=6mMyiVdDpq0
باغ مظفر | این لباس ها چیه پوشیدی مگه اومدی بالماسکه,https://www.youtube.com/watch?v=L6Ip-FmjwVk
رزومه 100 در 70 تمام قد رنگی ترجیحاً خوش هیکل و مهربان 🤣 دم خروس,https://www.youtube.com/watch?v=98X97whkCqM
حمید لولایی و مریم امیرجلالی  در فیلم سینمایی کمدی قبر مشترک 😁😁,https://www.youtube.com/watch?v=z1RVGFbs28I
سریال کمدی باحال ساختمان پزشکان ◀ قسمت سی و یکم,https://www.youtube.com/watch?v=9yjvd5_dxh8
کشته شده های میدون تیان آن من در تونل مکان | دم خروس,https://www.youtube.com/watch?v=btslpx4PvqU
شقایق دهقان در سریال کمدی نوستالژی ساختمان پزشکان ◀ قسمت سی ام,https://www.youtube.com/watch?v=3CyBomxW3Go
خندوانه   | احلام دوست داره بهش بگم خانم دکتر,https://www.youtube.com/watch?v=UHuC4jLR5Jc
ساختمان پزشکان  | کار منشی دکتر آبروداریه؟,https://www.youtube.com/watch?v=4gNy1qtJBl4
صفر کیلومتر یا کارکرده در حد نو؟! 🤣 دم خروس,https://www.youtube.com/watch?v=7k_ig3FsbGY
زنده یاد فتحعلی اویسی در فیلم سینمایی کمدی مادر زن سلام 😄😄,https://www.youtube.com/watch?v=KVCIE3qYHoY
جناب خان رامبد رو می پیچونه با خودش تولد نمی بره! 😂🤣,https://www.youtube.com/watch?v=bbYraA9hoKs
سریال کمدی باحال ساختمان پزشکان ◀ قسمت بیست و نهم,https://www.youtube.com/watch?v=FOtfwZIr2T0
باغ مظفر |  به من رحم نمی کنید به زنم رحم کنید,https://www.youtube.com/watch?v=CrS1-rTgpT4
ترامپ خودش بستر زخم کنه! 🤣 دم خروس,https://www.youtube.com/watch?v=8BJbhDa7IKA
برنامه ورزشی سه شنبه های جناب خان: دعوا با محمود نسیمی با چماق 🤣🤣,https://www.youtube.com/watch?v=jV0mmkoilp4
سریال کمدی باحال ساختمان پزشکان به کارگردانی سروش صحت ◀ قسمت بیست و هشتم,https://www.youtube.com/watch?v=n3-JRwV1uDg
ساختمان پزشکان   |  می خواین سکه ونزوئلا یی مهریه بدین,https://www.youtube.com/watch?v=9dBDrqVa8MU
خندوانه  | بایرام قاطی کرده رو خانم برنجی و کنجدی حساسه,https://www.youtube.com/watch?v=6IHRjYd0MtI
مبارزه برای فین کردن با صدای بلند در تونل مکان | دم خروس,https://www.youtube.com/watch?v=4p7IoSTV3Uk
حلقه های ازدواج فیلمی کمدی با بازی بهترین کمدین های سینما,https://www.youtube.com/watch?v=7KQYrMsVgzQ
کیا غیرتی شده، به رامبد گیر میده که واسه چی می خوای شاگردای خانم منو ببینی؟! 😂😂😂,https://www.youtube.com/watch?v=86u6od6n-Hs
سریال کمدی باحال ساختمان پزشکان ◀ قسمت بیست و هفتم,https://www.youtube.com/watch?v=uv2dacaLBkA
باغ مظفر  | آخه  مگه همچین خانی ما تو تاریخ داشتیم,https://www.youtube.com/watch?v=SFd7Pq0XlLI
شعله بیوتی: مادر دیت خاورمیانه 🤣 دم خروس,https://www.youtube.com/watch?v=Tp46YW34XxE
سریال کمدی باحال ساختمان پزشکان ◀ قسمت بیست و ششم,https://www.youtube.com/watch?v=3M0DCkhU8bQ
ساختمان پزشکان  | اینا میخوان تمام اموال منو از چنگم در بیارن,https://www.youtube.com/watch?v=p2l7O0f9708
خندوانه  | این زیر شلوارمو خیییییلی گرون خریدم,https://www.youtube.com/watch?v=127TrrdpoVo
پلنگ السلطنه سوگلی محبوب ناصرالدین شاه در تونل مکان | دم خروس,https://www.youtube.com/watch?v=0AZ8fgBnGHo
سحر قریشی و نیما شاهرخ شاهی در فیلم سینمایی کمدی رجب آرتیست می شود,https://www.youtube.com/watch?v=kB5WmnMF7tc
سریال کمدی نوستالژی ساختمان پزشکان با بازی نعیمه نظام دوست ◀ قسمت بیست و پنجم,https://www.youtube.com/watch?v=Nz8PbczQCoU
باغ مظفر   | خونشون رو ندیدین  پر از وسایله عتیقه ست,https://www.youtube.com/watch?v=qv2RKPWrYxo
آخرین غوغای شعله بیوتی 🤣 دم خروس,https://www.youtube.com/watch?v=_knqA1LEz7c
فیلم سینمایی کمدی، جذاب و دیدنی تولد جنجالی 😄🎉,https://www.youtube.com/watch?v=iqcwOBpJ8go
سریال کمدی باحال ساختمان پزشکان ◀ قسمت بیست و چهارم,https://www.youtube.com/watch?v=1W7OcnnZNto
خندوانه  |  بچه پانزده روزه چه نیازی به اجازه خارج رفتن میخواد آخه,https://www.youtube.com/watch?v=GI8bqxrVzxs
ساختمان پزشکان  | تو چند ثانیه  پدر دکتر رو کشت خاکشم کرد,https://www.youtube.com/watch?v=PTpETni4ncA
فرزند خواری به شیوه استالین در تونل مکان | دم خروس,https://www.youtube.com/watch?v=DXGocBmavtc
فیلم کمدی ایرانی سیلی شیرین 😆 عاشقی که با حساب و کتاب نمیشه!,https://www.youtube.com/watch?v=-xEInCeR4c8
سریال کمدی باحال ساختمان پزشکان ◀ قسمت بیست و سوم,https://www.youtube.com/watch?v=_Uycsyu97DY
باغ مظفر  |  قوزفیچ  بیماری خطرناکیه واسه مردها,https://www.youtube.com/watch?v=4AZeLAndFr0
مردان عاقل و زنان بی آبرو🤣 دم خروس,https://www.youtube.com/watch?v=k31HnAJr-zc
فیلم سینمایی کمدی و باحال بازنشسته ها 😂,https://www.youtube.com/watch?v=FTM0JJS4bFs
جناب خان می خواد رامبد رو بندازه زندان تا گیساش مثل دندوناش سفید شه 🤣😁🤣,https://www.youtube.com/watch?v=ocVkfribATw
ساختمان پزشکان سریال کمدی نوستالژی با بازی بهنام تشکر و شقایق دهقان😂 ◀ قسمت بیست و دوم,https://www.youtube.com/watch?v=aVRWWpKxd7c
خندوانه  | تو میای مهمونی چرا به خودت عطر نمیزنی,https://www.youtube.com/watch?v=ADTmfyZ15fs
ساختمتن پزشکان  | من فعلا دارم خواستگارامو بررسی میکنم,https://www.youtube.com/watch?v=XeSwXVMup7o
نجات بشر توسط کایلی جنر در تونل مکان | دم خروس,https://www.youtube.com/watch?v=yDe0z52LFXo
فیلم کمدی ایرانی دامادی به نام صفر با بازی یوسف تیموری و سحر ولدبیگی 😆,https://www.youtube.com/watch?v=aFNm7qiuOug
سریال کمدی باحال ساختمان پزشکان🤣 ◀ قسمت بیست و یکم,https://www.youtube.com/watch?v=TcP3u_89jP0
باغ مظفر  | یاد فردای  روز عروسیمون افتادم,https://www.youtube.com/watch?v=2vPRXN8X7xk
تو کرونا رو بگیر خیالت راحت بقیه‌اش با من! 🤣 دم خروس,https://www.youtube.com/watch?v=Jzshd20S1qo
سریال کمدی باحال ساختمان پزشکان ◀ قسمت بیستم,https://www.youtube.com/watch?v=9K8KXfEHaV4
خندوانه  |  قلدر بازی جناب خان جلو احلام کار دسش داد,https://www.youtube.com/watch?v=kbtqL0_iBio
ساختمان پزشکان   | من طوری رفتار کردم که کسی نفهمید,https://www.youtube.com/watch?v=kK8AQAH4odU
تا روغن بنفشه هست چرا واکسن؟! 🤣غیرعلنی | دم خروس,https://www.youtube.com/watch?v=mXdRCkX0v0w
اگه رامبد جوان دهه شصت مجری بود... 😂😂😂,https://www.youtube.com/watch?v=iE1kv9XQyvU
هومن‌ برق‌نورد درسریال کمدی باحال ساختمان پزشکان ◀ قسمت نوزدهم,https://www.youtube.com/watch?v=2Q5ui7aWPy8
باغ مظفر  |  ما تصادفی از این هپروت ها تو جیبمون پیدا میشه,https://www.youtube.com/watch?v=gKjJOsPQpeg
مشتری مورد دار و بی شعوری خودخواسته شعله بیوتی 🤣 دم خروس,https://www.youtube.com/watch?v=oNuI5kmZXfk
حرفای دلی جناب خان برای علی انصاریان و مهرداد میناوند 💔💔,https://www.youtube.com/watch?v=5Aq4y3ERHSc
سریال کمدی باحال ساختمان پزشکان ◀ قسمت هجدهم,https://www.youtube.com/watch?v=JBbmULRtKWA
ساختمان پزشکان   | شما تو فیلم اره بازی کردین,https://www.youtube.com/watch?v=FxTkKiZtf3s
تغییر تاریخ عراق با یه آب نبات و یه سیلی و یه بچه ننر در تونل مکان | دم خروس,https://www.youtube.com/watch?v=gvbrrrIxLMk
آخرین متد جناب خان برای به دست آوردن دل احلام!! 😂😂 داری اشتباه می زنی دادا! 🤦‍♂️😂,https://www.youtube.com/watch?v=1OPNiK0lX98
بهنام تشکر درسریال کمدی باحال ساختمان پزشکان 😂◀ قسمت هفدهم,https://www.youtube.com/watch?v=LJIj4oefZws
باغ مظفر  | من میخوام برای همسر آیندم یه زندگی رویایی بسازم,https://www.youtube.com/watch?v=HjOotSkRM8s
شعله بت سایت جدید شرطبندی شعله بیوتی 🤣 دم خروس,https://www.youtube.com/watch?v=fhnfl3fo9wU
رامبد عصبی شده فحش ناموسی میده وسط برنامه! جناب خان می خواد آرومش کنه! 🤬😂,https://www.youtube.com/watch?v=P4BDX3NslYs
سریال کمدی باحال ساختمان پزشکان ◀ قسمت شانزدهم,https://www.youtube.com/watch?v=zABg70f_AhQ
خندوانه  |  من اگه توهند بودم همین راه رفتنم حرکت موزون حساب میشد,https://www.youtube.com/watch?v=zz2tnnFBzOQ
ساختمان پزشکان  | اینو از کجا پیدا کردین واقعا,https://www.youtube.com/watch?v=Aso2QtaCwOE
از جنایتکاران وطن فروش ایران ناسیونال تا مدیران باکفایت ایران خودرو در تونل مکان | دم خروس,https://www.youtube.com/watch?v=9TwfcxOPN30
سریال کمدی باحال ساختمان پزشکان ◀ قسمت پانزدهم,https://www.youtube.com/watch?v=RbwNQk30VfU
باغ مظفر |  گارسون این دوهزاری رو بگیر و چند دیقه ای این دوروبر نبینمت,https://www.youtube.com/watch?v=wnCIHlCSbSA
هم خوشگل است هم بور است 🤣غیرعلنی | دم خروس,https://www.youtube.com/watch?v=r-Q3YmIFkPw
شقایق‌دهقان درسریال کمدی باحال ساختمان پزشکان ◀ قسمت چهاردهم,https://www.youtube.com/watch?v=Ohsmr-Jctoo
ساختمان پزشکان | خاک تو سرم شما گفتین رابطه خوب است,https://www.youtube.com/watch?v=4lpnS9nz7vk
اهمیت اون چند گرم بیشتر مردا با شعله بیوتی 🤣 دم خروس,https://www.youtube.com/watch?v=e307w4avx0w
فیلم سینمایی و کمدی وفا با بازی و کارگردانی رضا شفیعی جم 😉,https://www.youtube.com/watch?v=h78dBlD5xk0
کیا و رفقای اینترنتی جدیدش؛ خانم کنجدی و خانم روغنی 😂😂,https://www.youtube.com/watch?v=3_-uO2gxoTw
بیژن بنفشه‌خواه درسریال کمدی باحال ساختمان پزشکان ◀ قسمت سیزدهم,https://www.youtube.com/watch?v=wG4V81YfTE8
دورهمی  |  مگه خودتون پیرزن ندارین پیرزن مردم رو اذیت میکنین,https://www.youtube.com/watch?v=zJ0n2WSIhqY
باغ مظفر  | این دختره  با این دماغش چه دامادی باهاش عروسی میکنه,https://www.youtube.com/watch?v=P0Z2CSIEjzs
ویلا با ژیلا در تونل مکان | دم خروس,https://www.youtube.com/watch?v=d_Wxexjlj9U
انیمیشن قمپز: دنیای بدون محمدرضا گلزار! 😁😁,https://www.youtube.com/watch?v=1LrsIPjcE4U
بایرام از خانومش کتک می خوره، میگه دوست دارم خشونت رو!! 😂😂😂,https://www.youtube.com/watch?v=H6CebgNEZgM
سریال کمدی باحال ساختمان پزشکان ◀ قسمت دوازدهم,https://www.youtube.com/watch?v=NPTzxN46b7g
ساختمان پزشکان  | پژمان جمشیدی دیونه شده اومده پیش روانشناس,https://www.youtube.com/watch?v=9Z4SyUVbaEs
خشونت علیه نمایندگان مجلس را پایان دهید! 🤣غیرعلنی | دم خروس,https://www.youtube.com/watch?v=SAJub9E7pVA
من پلیس نیستم فیلمی کمدی با بازی و کارگردانی مهران غفوریان 😁🎉,https://www.youtube.com/watch?v=GA81fH_Rgh0
سریال کمدی باحال ساختمان پزشکان ◀ قسمت یازدهم,https://www.youtube.com/watch?v=pPW-y2Bv2Kk
باغ مظفر  |  چرا نمیخواین طرف جونش براتون درآد,https://www.youtube.com/watch?v=V3Rs0jsf4lM
اومدی زیارت یا که چشم چرونی؟ 🤣 تونل مکان | دم خروس,https://www.youtube.com/watch?v=FtjTPxijvCY
زیگزاگ فیلمی کمدی با بازی امیرحسین رستمی و لیندا کیانی ❤,https://www.youtube.com/watch?v=1VgGvMuSmd4
همکاری مشترک جناب خان و پینک فلوید! 😉,https://www.youtube.com/watch?v=TsIe53bHLAQ
سریال کمدی باحال ساختمان پزشکان ◀ قسمت دهم,https://www.youtube.com/watch?v=HP0WCASLnuY
ساختمان پزشکان  | هیچ چیزی همین جوری الکی نمیاد پایین؟,https://www.youtube.com/watch?v=IUtMeqBD47Q
همه نمایندگان کال آف دیوتی باز مجلس! 🤣غیرعلنی | دم خروس,https://www.youtube.com/watch?v=NDJQXWoo2wM
جواد رضویان در فیلم سینمایی کمدی : به روح پدرم 😁,https://www.youtube.com/watch?v=3MbKs4uKr8M
سریال کمدی باحال ساختمان پزشکان ◀ قسمت نهم,https://www.youtube.com/watch?v=qn-7cqlGLhU
دورهمی  | مهران به قرآن قسم داغون داغونم,https://www.youtube.com/watch?v=sAtpZPj6U0M
باغ مظفر  |  آدم باید سوء استفاده هاش رو بکنه دیگه,https://www.youtube.com/watch?v=_qg7QNMKE6Y
برادران قاچاقچی در تونل مکان | دم خروس,https://www.youtube.com/watch?v=LUzRcIQica8
فیلم سینمایی کمدی پنج شنبه آخر ماه با بازی سینا مهراد و شبنم قلی خانی,https://www.youtube.com/watch?v=AUteYsskeuk
شقایق دهقان درسریال کمدی باحال ساختمان پزشکان ◀ قسمت هشتم,https://www.youtube.com/watch?v=HKqkfGzoD2E
ساختمان پزشکان  |  عمل عدم اتصال و ممانعت از ورود دو تا مقوله ی مجزاست,https://www.youtube.com/watch?v=EqPmj0p4gZ0
شکست عشقی زیر نظر شعله بیوتی 🤣 دم خروس,https://www.youtube.com/watch?v=ii4sEd3hUS4
ازدواج مشروط ❤👈 فیلم سینمایی کمدی با بازی علی صادقی,https://www.youtube.com/watch?v=5f8dY-Ag9i0
دورهمی ساده به سبک جناب خان 😂😂😎😎,https://www.youtube.com/watch?v=2bCzVA0vJ-Y
نعیمه نظام‌دوست درسریال کمدی باحال ساختمان پزشکان ◀ قسمت هفتم,https://www.youtube.com/watch?v=yTGruyDsEG4
باغ مظفر | من حاضر نیستم با هر آدم بی اصل و نسبی ازدواج کنم,https://www.youtube.com/watch?v=h7ODlkyK8kE
الکی ادای حال بدا رو در نیار! 🤣غیرعلنی | دم خروس,https://www.youtube.com/watch?v=37l8FqcXmgk
فیلم سینمایی کمدی یک اتفاق ساده با هنرنمایی مهران غفوریان و سحر قریشی 😁,https://www.youtube.com/watch?v=ChG7dz7YJhI
جناب خان زده تو کار قاچاق محصولات صوتی و تصویری 😂😂,https://www.youtube.com/watch?v=Fx95VpHosIM
سریال کمدی باحال ساختمان پزشکان با بازی بهنام تشکروشقایق دهقان ◀ قسمت ششم🤣,https://www.youtube.com/watch?v=y_T8eHjB6n4
ساختمان پزشکان | هیچ وقت کفش کِرم رو با مقنعه سرمه ای سرم نمیکنم,https://www.youtube.com/watch?v=bUB4NX8pXVU
ماساژ با هپی اندینگ 🤣 تونل مکان | دم خروس,https://www.youtube.com/watch?v=_OJosB_zLBI
انیمیشن قمپز: وزارت راه,https://www.youtube.com/watch?v=7JvPFZUEcn4
استندآپ کمدی باحال و خنده دار میثم درویشان پور از تفریحات قدیم دهه شصتیا 😂😂,https://www.youtube.com/watch?v=T3wjORiEH5Q
خانم شیرزاد درسریال کمدی باحال ساختمان پزشکان ◀ قسمت پنجم,https://www.youtube.com/watch?v=Agt25RUtrm8
باغ مظفر   | وقتی امیر سام  بهم پیشنهاد ازدواج داد باورم نشد,https://www.youtube.com/watch?v=2PFSUTaruUM
او کیست؟ تبدیل کننده ریال به پیاز و دلار به خیار 🤣 تونل مکان | دم خروس,https://www.youtube.com/watch?v=D3BV4fWL7rg
تایماز موتوری فیلمی کمدی با بازی علی صادقی و یوسف تیموری,https://www.youtube.com/watch?v=p3R8P0JwbaY
جناب خان می خواد شبنم مقدمی رو ببره پاری سن ژرمن بذاره کنار نیمار 🤣🤣,https://www.youtube.com/watch?v=VfOTOtihpeQ
سریال کمدی باحال ساختمان پزشکان ◀ قسمت چهارم,https://www.youtube.com/watch?v=F_5e-G22YW4
زیر و بم های سریال قورباغه با استاد کاظمی | دم خروس,https://www.youtube.com/watch?v=18q9Z29G3no
فیلم سینمایی خنده دار و کمدی پاپوش باهنرنمایی علی صادقی، مجید صالحی و شقایق دهقان 😁,https://www.youtube.com/watch?v=iCuvSVd3me8
سریال کمدی باحال ساختمان پزشکان ◀ قسمت سوم,https://www.youtube.com/watch?v=lUQ441g7DmI
ساختمان پزشکان  |  چه ایرادی داره بعدن خودش خشک میشه,https://www.youtube.com/watch?v=-oHlpHn5bfI
باغ مظفر  | این بهترین لباس منه فاستونی درجه یکه,https://www.youtube.com/watch?v=Kw6BybabWM8
زالوی زمین خوار 🤣 تونل مکان | دم خروس,https://www.youtube.com/watch?v=1oT9OGb3nqQ
علی صادقی و جواد رضویان در فیلم کمدی و خفن دم سرخ ها🤣,https://www.youtube.com/watch?v=GmuN243_DgM
ته موسیقی راک ایران : جناب خان 😂😂🎸🎤🎶,https://www.youtube.com/watch?v=gqhNYuALY8A
سریال کمدی باحال ساختمان پزشکان ◀ قسمت دوم,https://www.youtube.com/watch?v=LGCwwq3KEvk
خندوانه  | بایرام خندوانه رو رسما به باغ وحش تبدیل کرد,https://www.youtube.com/watch?v=rikBugwDhGc
دورهمی  |  راضی هستین که همه اینا پخش بشه مردم ببینن,https://www.youtube.com/watch?v=uHPTdhLfxFE
چگونه پلنگ شویم؟ 🤣 تونل مکان | دم خروس,https://www.youtube.com/watch?v=2uswDlp7Cr4
انیمیشن قمپز: دما,https://www.youtube.com/watch?v=p-FvvtQf4Ew
تینا آخوندتبار و حامد کمیلی در فیلم سینمایی طلاق به سبک ایرونی,https://www.youtube.com/watch?v=yvbK1YMsiNc
سریال کمدی باحال ساختمان پزشکان | کارگردان سروش صحت ◀ قسمت اول,https://www.youtube.com/watch?v=MX9JKccoKUk
ساختمان پزشکان  | من همیشه این اورژانس و آژانس رو با هم قاطی میکنم,https://www.youtube.com/watch?v=2P5Y1CurpwQ
باغ مظفر | آخه یه مرد چقدر میتونه تمیز و مرتب باشه,https://www.youtube.com/watch?v=k-z2fRpMKNA
بارداری از اینترنت! 🤣 استاد کاظمی | دم خروس,https://www.youtube.com/watch?v=hlCX-g51QlA
پسر ارشد من | فیلم کمدی ایرانی با بازی مریم امیرجلالی و رضا بابک,https://www.youtube.com/watch?v=lHs1-hHnDVk
دورهمی  |  یه صندل جلو باز دارم طرح سرویس بهداشتی,https://www.youtube.com/watch?v=L9PQA7hyfb4
دورهمی | ما تو فاز اول تشخیص میدیم تو فاز دوم کالای مربوط به تشخیصمون رو میفروشیم,https://www.youtube.com/watch?v=r26-ljiv8xE
شما خیلی غلط می کنی بری هنرستان نمایش بخونی! 😂 شعله بیوتی | دم خروس,https://www.youtube.com/watch?v=RAS_XMkBAcI
فیلم کمدی ایرانی ارث شیرین با بازی یوسف تیموری و زنده یاد سیروس گرجستانی,https://www.youtube.com/watch?v=8vZ2DnBGmvg
کامبیز شب عاشقانه جناب خان و احلام رو بهم زد! دل جناب خان بدجور شکسته! 💔😞😵,https://www.youtube.com/watch?v=MoA1vMfBo_I
دورهمی  | ژست حاضری برای عشقمون چیکار کنی,https://www.youtube.com/watch?v=vImJquEKSBQ
دورهمی  |  خوردم وااااااای الان چقده خوبم,https://www.youtube.com/watch?v=YmmBuEEe98k
جناب خان با پارچه پیرهنی رامبد، خشتک شلوار عمو اصغر رو دوخته! 😂😂😂,https://www.youtube.com/watch?v=dpx4fHQyzWI
دورهمی  | بریم چهار راه  پارک وی لیف بفروشیم با صابون,https://www.youtube.com/watch?v=RS_c5rPcYf4
دورهمی  |  ای روزگار آدم ها به خاطر پول چرا عوض میشن,https://www.youtube.com/watch?v=Hod-xsaGTEI
سری جدید مسابقه طنز هوش برتر: ما خودمون زخم خورده دزد زالوصفتیم! 😂😂,https://www.youtube.com/watch?v=fTwNWSvOwaw
علی صادقی و یوسف تیموری در فیلم کمدی ایرانی عاشقی با اعمال شاقه 😉,https://www.youtube.com/watch?v=W1sqru70YA4
جناب خان برا هر کی تولد بگیره بیچاره ش می کنه 🤣🤣,https://www.youtube.com/watch?v=jwH3ZA15C9A
دورهمی  | قیمت به مهران مدیری پیشنهاد میده که زوج هنری بشن,https://www.youtube.com/watch?v=HYTcfk5Bjcs
دورهمی  | من هیچی تو صورتم عملی نیست مخصوصا دماغم,https://www.youtube.com/watch?v=455OSkqzj2U
سری جدید مسابقه طنز هوش برتر: کی با فاق و خشتک و شلوار در ارتباطه؟ 😂😂,https://www.youtube.com/watch?v=Cigegb80f-c
فیلم کمدی ایرانی با من شوخی نکن با بازی رضا شفیعی جم، بهزاد محمدی و مرجانه گلچین 😆,https://www.youtube.com/watch?v=0ajdgSTgVtI
دورهمی  |   به سلامتی بازیگری که عوض شد ولی عوضی نشد,https://www.youtube.com/watch?v=p4x3ZtnaFf0
دورهمی  |  بزرگترین عامل بدشانسیتون همین شوهر چغر و بد بدنه,https://www.youtube.com/watch?v=TbxI59jNOvM
سری جدید مسابقه طنز هوش برتر: احتمال هندی بودن مادر حجر بن عدی! 😂😂,https://www.youtube.com/watch?v=u4lz8Vi6hpw
فیلم کمدی ایرانی لیموترش ساخته جواد رضویان با بازی هوشنگ حریرچیان و ارژنگ امیرفضلی 😆,https://www.youtube.com/watch?v=lNYqcK4MIH8
کلاس جدید جناب خان: چگونه در 10 جلسه نقل محافل باشیم با استاد زرافه زاده! 🤣🤣,https://www.youtube.com/watch?v=oA8mxprS1Ns
سری جدید مسابقه طنز هوش برتر: نقد بی رحمانه به وضع اقتصاد! 😂😂,https://www.youtube.com/watch?v=c5nV_QXSKxY
جناب خان کنکور داره ولی نمیدونه پاسخنامه چیه! 🤣🤣,https://www.youtube.com/watch?v=k3INXLaI6ag
دورهمی  | اگه مشکلی داری آزمایش نمیدی به خودم بگو ماس مالیش کنم,https://www.youtube.com/watch?v=n3LV7lCpiXw
دورهمی  | عجیب ترین خواستگاری که تا حالا شنیده بودم,https://www.youtube.com/watch?v=oGQ9Hy9Ns2o
سری جدید مسابقه طنز هوش برتر: عین کروکودیل دهنتو باز نکن! 😂😂,https://www.youtube.com/watch?v=Awlr1IF1VCU
انیمیشن قمپز: برزخ,https://www.youtube.com/watch?v=vWzpDdm3YFI
جناب خان قرار بوده نقش حاج کاظم رو به جای پرویز پرستویی بازی کنه 😂😂😂,https://www.youtube.com/watch?v=AKcTA1abikg
خندوانه  | وارد حریم خصوصی زندگی مردم نشیم,https://www.youtube.com/watch?v=FmhpFEDEmho
سری جدید مسابقه طنز هوش برتر: درود به شرف حضرت حافظ! 😁,https://www.youtube.com/watch?v=6Zp85uKuC0Y
آهنگ کردی جناب خان به افتخار همه کردها 🤩🤩🤩,https://www.youtube.com/watch?v=oVkHy7wGWsI
سری جدید مسابقه طنز هوش برتر: این همه پول دارن باز چشمشون به یه ذره پول ماست!! 😵😒,https://www.youtube.com/watch?v=ADocg1ly-eU
رابطه عمیق و قلبی جناب خان و راکی 4 و فرانکی 😂😂😂,https://www.youtube.com/watch?v=K_1q4yG7TQc
دورهمی  | من یه بغل بدم حالت خوب شه,https://www.youtube.com/watch?v=TVGhZNq5_os
دورهمی  |  خواهر گله گیهات به سرم ،عروسی پسرم,https://www.youtube.com/watch?v=_nbhKasj-XI
دعوای شرکت کنندگان مسابقه طنز هوش برتر! 😂😂,https://www.youtube.com/watch?v=7fGL3sltQgM
آزمایش روی جناب خان ریتمیک به همراه رقص 😂😂😂,https://www.youtube.com/watch?v=cQXJZyW3N-Y
دورهمی  | جانی شلوارش دوتاشده,https://www.youtube.com/watch?v=QIzKRc17zvM
دورهمی  | من اگه پول داشتم برم مسافرت که نمیومدم اینجا بدم بدم راه بندازم,https://www.youtube.com/watch?v=xyAK_o4m05w
سری جدید مسابقه طنز هوش برتر: رقص هندی مجری وسط برنامه ! 😂😂,https://www.youtube.com/watch?v=yYsrui38fUA
گلایه جناب خان به بهنام: هی گفتم این فیلمای 18+ نشون من نده! 😂😂😂,https://www.youtube.com/watch?v=e8qAhDlHakE
دورهمی  |  ایشالا این بالا هیچکی به حرفات نخنده سنگ رو یخ بشی,https://www.youtube.com/watch?v=Q9rig8cFKHI
دورهمی {غده هیپوفیزم اذیتم میکنه,https://www.youtube.com/watch?v=vckNNFc6iNA
سری جدید مسابقه طنز هوش برتر: این چه وضعیه؟ مگه سیزده به دره؟! 😂😂,https://www.youtube.com/watch?v=ozkr0mwbgT8
جناب خان شاه حسینی رو آتیش می زنه!! 😱😱😂,https://www.youtube.com/watch?v=-8KtDKBOnTM
دورهمی  |  آدم تو عروسی نوه ش باید بخوره دیگه,https://www.youtube.com/watch?v=wGcwqrdCeXk
دورهمی   | در این مسابقه قدرت و سرعت داماد مشخص میشه,https://www.youtube.com/watch?v=ZH3TPyCJWDs
سری جدید مسابقه طنز هوش برتر: با زن من چی کار داری؟! 😂😂,https://www.youtube.com/watch?v=DOiWpEPDbQs
جناب خان می خواد زنگ بزنه رفقاش بیان رامبدُ ببافن! 😂😂😂,https://www.youtube.com/watch?v=eXiadCGV4BE
دورهمی   | این مزمهل داره بیشتر از این به ازمهلال دچار میشه,https://www.youtube.com/watch?v=J7lrYDxbLr8
دورهمی  |  آنکه مرا مونس و جان بود پدر بود,https://www.youtube.com/watch?v=csOMayAfy8A
سری جدید مسابقه طنز هوش برتر: مرفه بی درد بی روغن! 😂😂,https://www.youtube.com/watch?v=Lb72pzTAO_A
انیمیشن قمپز: سخت ترین دوراهی این روزها,https://www.youtube.com/watch?v=k6gGDaP-SBU
گیر دادن بایرام به رامبد: منو به دنیا آوردی باید بهم برسی 🤣🤣,https://www.youtube.com/watch?v=WySJJPvDJHE
دورهمی  |   دلبر فقط یکیه اونم رفیق,https://www.youtube.com/watch?v=POI2tk7S5Y8
سری جدید مسابقه طنز هوش برتر: ببین می تونی یه کاری کنی ف. ک. بیاد بگیرتمون؟! 😂😂,https://www.youtube.com/watch?v=NvxLYvZFo7s
آهنگ عربی جناب خان با عشق تقدیم به همه عرب ها 🤩🤩🤩,https://www.youtube.com/watch?v=xSOYy2aFXK8
سری جدید مسابقه طنز هوش برتر: خدا یکی زن یکی! من با دلارام چی کار دارم؟! 😂😂,https://www.youtube.com/watch?v=ZMT9FtU1ZgY
از کنار پارک های تهران رد شی تا 40 روز تست اعتیادت مثبت میشه 🤣🤣 استندآپ کمدی باحال حسین شاهرخیان,https://www.youtube.com/watch?v=ckCx1G9oBfc
کل کل فوتبالی شرکت کننده های پرسپولیسی و استقلالی وسط مسابقه طنز هوش برتر!! 😂😂,https://www.youtube.com/watch?v=-yIfaIddX5I
رقابت تموم نشدنی جناب خان و کامبیز سر به دست آوردن احلام 😂😂,https://www.youtube.com/watch?v=Weqm3AA5usI
سری جدید مسابقه طنز هوش برتر: اینا به روح اعتقاد ندارن!! 😂😂,https://www.youtube.com/watch?v=3NNEu9o-4V8
اگه یه روز جای سهیل غلامرضاپور با باباش عوض شه چی میشه 🤣🤣🤣,https://www.youtube.com/watch?v=0-OtnUVgx9M
سری جدید مسابقه طنز هوش برتر: وای به روزی که بفهمد ننه ات!! 😂😂,https://www.youtube.com/watch?v=JcHEXjopE1k
کل کل تموم نشدنی جناب خان با رامبد 🤣🤣🤣,https://www.youtube.com/watch?v=H1m46HN5z5c
سری جدید مسابقه طنز هوش برتر: بهمن اومد روت؟! 😂😂,https://www.youtube.com/watch?v=cdH5htjSbAc
جناب خان بیماری مراقبتی گرفته! 😂😂 وای این قسمتو از دست ندین 🤣🤣,https://www.youtube.com/watch?v=Ee3eWOz9v_o
سری جدید مسابقه طنز هوش برتر: شما مراقب گاز خودت باش! 😂😂,https://www.youtube.com/watch?v=MnA6_pCy1pg
جهش ویروس از زبون جناب خان 😆😆,https://www.youtube.com/watch?v=q_P5ppmL480
جناب خان پول دستی می گیره! داره برا خرید نیمار پول جمع می کنه! 😂😂,https://www.youtube.com/watch?v=aeOLucolqpI
مسابقه طنز هوش برتر: علی کفاشیان به ریاست یوفا رسید! 😂😂,https://www.youtube.com/watch?v=iRVUrgQHzAM
دلیل معافیت آغا محمد خان قاجار از سربازی 😁😁 | استندآپ کمدی باحال ابوطالب حسینی,https://www.youtube.com/watch?v=l0jESFp5MHk
دورهمی  | وقتی یه عده به تلسکوپ میگن ضد هوایی,https://www.youtube.com/watch?v=alWGXTTAPo4
دورهمی  |  وقتی که من چای می خورم دنیا برام رنگ دیگه ست,https://www.youtube.com/watch?v=kCKdszX9iA0
مسابقه طنز هوش برتر: با حضور خفت گیران قلدر!! 🤣🤣,https://www.youtube.com/watch?v=qbHsKZQG2WE
جناب خان مثل همیشه ترکوند 😍😍,https://www.youtube.com/watch?v=khZsXAln9qA
دورهمی  | قیمت به همایش بین دو خط بران میرود,https://www.youtube.com/watch?v=NPFTzmBXv2w
دورهمی   | با این قیافه شما نقطه پایان علم ژنتیک هستین,https://www.youtube.com/watch?v=2j6XSFSXPi4
مسابقه طنز هوش برتر: اوزون برون اتمی!! 🤣🤣,https://www.youtube.com/watch?v=nSr0nV5mlPY
تیکه جناب خان به مسئولانی که مردم رو انداختن تو دام بورس 😐,https://www.youtube.com/watch?v=r72awH0Vi74
مسابقه طنز هوش برتر: وقتی مجری برنامه از دست شرکت کنندگان قهر می کنه و میره!! 🤣🤣,https://www.youtube.com/watch?v=brQma0b_yTs
انیمیشن قمپز: صیانت,https://www.youtube.com/watch?v=P_HN-4r7s4s
خندوانه | چیزی تو دماغ و دهن من نمی تونی بکنی ! 🤣🤣,https://www.youtube.com/watch?v=j4ok1aD5S_E
دورهمی  |  من از سوسک بدم نمیاد فقط چندشم میشه,https://www.youtube.com/watch?v=IMMBiFlEgFs
مسابقه طنز هوش برتر: کله پاچه و کارت شارژ برای حضرت حافظ!! 🤣🤣,https://www.youtube.com/watch?v=1J_MgCLXnRY
وقتی جناب خان شادی برنامه رو تقدیم می کنه به دزدان دریایی 😆😆,https://www.youtube.com/watch?v=ffTUfxFB9aE
مسابقه طنز هوش برتر با حضور هم دوره های سرجوخه هیتلر!! 🤣🤣,https://www.youtube.com/watch?v=vfCEffD0SKw
خاطره جالب جناب خان از سفرش به هند 😆😆,https://www.youtube.com/watch?v=TyxGdvQxAno
مسابقه طنز هوش برتر: حضور درخشان اشرف لپه دزد در هوش برتر!! 🤣🤣,https://www.youtube.com/watch?v=UE1-ndjC4bY
خندوانه  | اونی که میذارن لای سررسید میدن به طرف چیه؟,https://www.youtube.com/watch?v=HEbOpzYXPuM
مسابقه طنز هوش برتر: یونسکو رو سوراخ کردن!! 🤣🤣,https://www.youtube.com/watch?v=7GFsXv-go9I
مسابقه والیبال جناب خان و رقیب عشقیش سر بدست آوردن احلام,https://www.youtube.com/watch?v=gZQuWYi4Ciw
پایتخت  |  ما باید چیکار کنیم که بتونیم بریم ترکیه,https://www.youtube.com/watch?v=F7mYZRpjFGo
مسابقه طنز هوش برتر: ماشالا شما تا ده تا فلان هم جا دارین!! 🤣🤣,https://www.youtube.com/watch?v=uzN_SCppuZc
لو رفتن پارتی توسط علی صبوری 😂😂😂 خوبه سانسور نشده 😆😆😆,https://www.youtube.com/watch?v=1oWxATSRJcE
خندوانه  | وقتی جناب خان لبولبو رو به انگلیسی ترجمه میکنه,https://www.youtube.com/watch?v=tOvXvpS5oZk
جناب خان با فروش لبو می خواد مسی رو بخره برا پاریس سن ژرمن 🤣🤣,https://www.youtube.com/watch?v=xRsTKfKYDNo
خندوانه  |  من از بچگی با لبو بزرگ شدم,https://www.youtube.com/watch?v=ap-OMY933_M
مسابقه طنز هوش برتر: زیاد فشار نیارین! می ترکینا!! 🤣🤣,https://www.youtube.com/watch?v=85IOnIyRKuw
جناب خان استاد مسخره بازیه! 🤣🤣,https://www.youtube.com/watch?v=1hZhRD-94j4
مسابقه طنز هوش برتر: کلید کردن رو لیاخوف روسی ولشم نمی کنن! 🤣🤣,https://www.youtube.com/watch?v=khwIad51rhM
جناب‌خان سر تا پای رامبد جوانو قهوه ای میکنه! از قیافش تا قدش 😂😂,https://www.youtube.com/watch?v=xyoQODtuFKY
مسابقه طنز هوش برتر: این باهوشا پرتغال رو از کشوری انداختن! 😂😂🤦‍♂️,https://www.youtube.com/watch?v=ru1njEStIpM
انیمیشن قمپز: شعر و شیراز,https://www.youtube.com/watch?v=n5Ucv-p2nbw
جناب خان با زبان ژاپنی هم بی خیال رامبد نمیشه!! 🤣🤣,https://www.youtube.com/watch?v=lPPMpupLCzw
مسابقه طنز هوش برتر: 5 درصد آدم آبه! اون 5 درصدم میاد بیرون و میره!! 😆😅💧,https://www.youtube.com/watch?v=6qz-swhTseE
جناب خان گرم گرم آب شتر مصرف می کرده واسه درمان کروناش! 😅🤣🤣💧,https://www.youtube.com/watch?v=vsbL37gBjtw
مسابقه طنز هوش برتر: یه ببر وقتی لازم باشه همه کاری می کنه! 😆,https://www.youtube.com/watch?v=CkUL0SkEpuc
انیمیشن قمپز: کثافت کاری 😁,https://www.youtube.com/watch?v=3ePJKlmivBM
فحش خواهر مادر رامبد در خندوانه! جناب خان شوکه شده از دست رامبد! 😱😱,https://www.youtube.com/watch?v=3jiYz-7i8x4
مسابقه طنز هوش برتر: بز آرتروزدار در هوش برتر!! 🐐🐐😂🤣,https://www.youtube.com/watch?v=BI8McJvuPi4
پرده برداری جناب خان از رازهای زندگی بتهوون و چایکوفسکی!! 😆😆,https://www.youtube.com/watch?v=ZAdp7mYWVQo
مسابقه طنز هوش برتر: دعوای پرسپولیس و استقلال سر فتح اورست!! 🤦‍♂️😂😂,https://www.youtube.com/watch?v=5pKcdPEj618
وقتی همه جای جناب خان خالی میکنه! 😂😂 عااااااااالی از دست ندین 😂😂,https://www.youtube.com/watch?v=oNAgDKv9MVU
مسابقه طنز هوش برتر: این باهوشا مغز مجری رو رنده کردن 🤯😂,https://www.youtube.com/watch?v=WRnwKXGnqpk
مسابقه طنز هوش برتر: پانتومیم مخصوص آی کیوی زیر 10 😂😂,https://www.youtube.com/watch?v=fab0aJ_C49I
انیمیشن قمپز: تابستون,https://www.youtube.com/watch?v=f11tYTJUxrQ
جناب خان رامبد جوان رو دیوونه کرده - رامبد مادر 30 تا بچه شد ! 😂,https://www.youtube.com/watch?v=iqODhP-ZscA
مسابقه طنز هوش برتر (آخر خنده): آخه مگه لین چان فوتبالیسته؟! 🤦‍♂️😂😂,https://www.youtube.com/watch?v=xjeL8AyoIQ8
انیمیشن قمپز: رپ کردن,https://www.youtube.com/watch?v=cmoGCTgWCqM
ترسوترین و جیغ جیغوترین شرکت کننده دورهـمی با اختلاف! 😂,https://www.youtube.com/watch?v=RVP-lj2fAzw
جناب خان پیرمرد بدبختو جلوی مهمونای خندوانه تیغ میزنه 😂😂😂,https://www.youtube.com/watch?v=bUukKy2eFi4
😂😂 چگونه بین عروس و مادرشوهر روابط حسنه برقرار کنیم با روش کیا,https://www.youtube.com/watch?v=GXM1twDdBUw
جناب خان فیلم خـاک بر سـری فروخته کمیته افتاده دنبالش 😂😂,https://www.youtube.com/watch?v=cMMyAhFazB0
جناب خان دعوت شده خونه رامبد، شب هم می خواد بمونه 😆😅,https://www.youtube.com/watch?v=buJ8JBeDGOE
جناب خان رو به دوربین ادای ناز و عشوه های احلام رو در میاره! 😂😂😂,https://www.youtube.com/watch?v=tURjLwJMUhk
دورهمی | درخواست شرکت کننده دورهمی: آبرومو پیش مادرشوهرم حفظ کن! 😱,https://www.youtube.com/watch?v=z7zecrUuYdw
دورهمی | اعتراف شرکت کننده دورهمی: برای امیر خیر مزاحم شدم! 😱,https://www.youtube.com/watch?v=bvpqZcJcxc8
جناب خان شلوارشو حساااااابی خیس کرده 😂😂,https://www.youtube.com/watch?v=UicLPDNNui0
جناب‌خان گوه شانس ترین آدم دنیاست 😂😂😂,https://www.youtube.com/watch?v=5QNOb67L8Sw
محمود نسیمی قراره دهن جناب خانو سرویس کنه 😂😭,https://www.youtube.com/watch?v=WE5fKYeTzzU
جناب خان مخ رامبدو با یک گل میزنه 🤤کاش هیچوقت این صدارو نشنیده بودم 😂,https://www.youtube.com/watch?v=oKFswvKephk
دورهمی | مدیری سکته کرد از دست این خانم! 😱,https://www.youtube.com/watch?v=05e7UqmRCi4
خندوانه | لخت شدن و حموم آفتاب بایرام جلوی چشم همه همسایه ها 😅😱,https://www.youtube.com/watch?v=IAvlTn_3wo4
استندآپ کمدی فوق العاده خنده دار میثم درویشان پور از مصیبت‌های کرونا 😂😂,https://www.youtube.com/watch?v=Nj6qNOsINp4
معافیت سربازی استندآپ کمدی سهیل غلامرضاپور 🤣🤣 رامبد ترکید از خنده,https://www.youtube.com/watch?v=D6ndbxM3RIw
اجرای پشم ریزون موسیقی گیم آف ترونز توسط جناب خان در آنتن تلوزیون 😨😍,https://www.youtube.com/watch?v=sWKGPqsC_HA
تیکه مدیری به شرکت کننده دورهمی: تو خودت فایل صوتی هستی! 😅😁,https://www.youtube.com/watch?v=6U6ZHdnv8Wc
وقتی مدیری بدجنس می‌شود! شیطونه میگه با درجه 5 بچرخونمشا! 😁😆🤣🤣,https://www.youtube.com/watch?v=PFtbdXDKflo
برره  | یه دوست مثل شیرفرهاد داشته باشی دیگه نیازی به دشمن نداری,https://www.youtube.com/watch?v=OB3YKEJL39k
درمان قطعی و بدون درد با ابوطالب 🤣🤣 استندآپ کمدی خنده دار,https://www.youtube.com/watch?v=GVg-a3ZHUcU
سلبریتی‌ها با دیدن چهره جدید مهران غفوریان کف و خون قاطی میکنن!!,https://www.youtube.com/watch?v=Oje5YQr_umU
برره  | لپ های شیر فرهاد با خوردن پلو رگ به رگ شده,https://www.youtube.com/watch?v=ZIiG1Nh3lis
مراسم خاکسپاری سامورایی ها در استندآپ کمدی جنجالی و فوق خنده داااااار میثم درویشان پور 🤣🤣,https://www.youtube.com/watch?v=DnP3eV0hCR8
برره  | غذاهای برره ای در ظاهر یکین ولی محتواشان با هم فرق داره,https://www.youtube.com/watch?v=W9OAmmiQH5M
تیکه سنگین جناب خان به وزنه برداری داریوش ارجمند و یخچال لیلا حاتمی 🤣🤣🤣,https://www.youtube.com/watch?v=kmX2R21ynWA
این شرکت کننده دورهمی، مهران مدیری رو دیوونه کرد! 😱🤯,https://www.youtube.com/watch?v=N3luk1jgmkU
امشب شب جناب خانه 😍😍 درخواست جهیزیه سنگین از احلام در اولین شب قرار 🤣🤣,https://www.youtube.com/watch?v=tbxO0uZQVkQ
برره  | نصف شب بهت ماده خرس هم نمیدن ، می خوای بری خواستگاری,https://www.youtube.com/watch?v=5NDIqtF-UYs
مهران مدیری: هر چقد دوست داری عررررررررربده بکش 😂😂😂,https://www.youtube.com/watch?v=gdaYnajED8M
برره  | من خوشتیپ بیدم همه منو دوست وداشته بیدن,https://www.youtube.com/watch?v=6ddf12MeLvw
علت قطعی برق تهران مشخص شد: جناب خان و شاه حسینی 😐😅😱😂,https://www.youtube.com/watch?v=_UZ9nZKAiSU
برره  | کیوون سبیلش رو می زنه که بهش زن بدن,https://www.youtube.com/watch?v=HOkDq0xeJ_k
درخواست عجیب شرکت کننده دورهمی! مدیری میگه دیگه ادامه نده! 😱,https://www.youtube.com/watch?v=9gmxTo4TWiU
آموزش روش های نزدیکی به خانم ها توسط جناب خان 😂😂,https://www.youtube.com/watch?v=Ys_Xyp6_qGo
دورهمی || مدیری ادای جیغ زدن شرکت کننده دورهمی رو در میاره 😆,https://www.youtube.com/watch?v=EtlYHMpDpBE
جناب خان رو دارن می برن اونجا که عرب نی می اندازه!! 😱😂,https://www.youtube.com/watch?v=maIcvY_o-S8
برره | هر کی دروغ گنده تری بگه ، برنده عشولانه سال میشه,https://www.youtube.com/watch?v=F31S3iDPRY8
دلداری مهران مدیری: ترس نداره که فقط دو بار روبات جدا شده افتاده!,https://www.youtube.com/watch?v=omVsWRx4F-c
تاثیر زیتون بر ایجاد علاقه || استندآپ کمدی بانمک سهیل غلامرضاپور,https://www.youtube.com/watch?v=w9hxQS87gh8
برره | بعد از مراسم خواستگار زنون میشه مراسم عروس تو گونی برون,https://www.youtube.com/watch?v=3aeQijxCes4
خندوانه | جناب خان و دوستاش دهن متولد رو سرویس کردن! آخر خنده,https://www.youtube.com/watch?v=y-hoyAL9Ei4
برره | این برره ای ها هم مثل هندی ها همه چی رو به اسم خودشون تموم میکنن,https://www.youtube.com/watch?v=kPq8z97wGUo
وقتی هم چاقی هم سرباز! استند آپ کمدی خنده دار حسین شاهرخیان,https://www.youtube.com/watch?v=h1r9O8fjwoc
برره | بوای سردار خان جانش از تنش جدا شده,https://www.youtube.com/watch?v=TA5BMk337T8
برره |مگه میشه جنسیت بچه رو تعیین کرد،شما دست دکترای ژنتیک رو از پشت بستین,https://www.youtube.com/watch?v=7A71QS6ZT4M
انقد کولی بازی در آورد که کمربندش رو هوا باز شد,https://www.youtube.com/watch?v=aqZ-5Pd4Bbo
برره {چاپ مقاله,https://www.youtube.com/watch?v=q2EY7AsIMeY
خندوانه | استند آپ کمدی علی صبوری - جرررر,https://www.youtube.com/watch?v=MinzhkN7AJE
برره | این بلقیس ترشیده رو خوب شد که دکتر بگرفت,https://www.youtube.com/watch?v=6P0D0CAYsX4
خندوانه | وقتی جناب خان فاز خوندن برمیداره ودوتا آهنگ رو با هم ترکیب میکنه,https://www.youtube.com/watch?v=m7cYctRZRcg
خندوانه | جناب خان دهن هرکی تو استودیو بود رو سرویس کرد,https://www.youtube.com/watch?v=I6IkcNEcsqw
برره | کی می تونه این دو تا کینه شتری رو با هم آشتی بده,https://www.youtube.com/watch?v=M557abVyySg
برره | کیوون نصف شب پتوی شیرفرهاد رو کش رفته,https://www.youtube.com/watch?v=XHCxWHaIhfc
خندوانه | جان جناب خان با صدای دخترونه ، چی میشه,https://www.youtube.com/watch?v=qY8cTOhZu2Q
برره | برره ای ها تا اسم پول رو می شنون حالشون خراب میشه,https://www.youtube.com/watch?v=rT4ciKrsNK0
خندوانه | ایشالا ثابت شده بهت که تمام این آهنگ ها رو من ساختم,https://www.youtube.com/watch?v=WcNopAsv_uI
خندوانه | کادو دادن جناب خان به قهرمان وزنه برداری جهان,https://www.youtube.com/watch?v=EEw7kbzbjXE
برره | همین خانم هایی که باهوشن، با نیرنگ و دورو هم هستن,https://www.youtube.com/watch?v=JUx_ygQO_Bo
برره | این قسمت ورود دایی ببری به برره,https://www.youtube.com/watch?v=1qHIZekxa9U
نون خ | خلیل خانزاده نماینده رسمی کانکس های حاشیه روخانه,https://www.youtube.com/watch?v=s5jdTah2jVM
دورهمی | قیمت : خارشتر بخورم با عنبرنسا افاقه میکنه,https://www.youtube.com/watch?v=3WbM03EPK5s
دورهمی | بیست تا پلیس ریختن روش با قپونی بردنش تو اتاق,https://www.youtube.com/watch?v=51N2587oxKY
ساموشن | سال دیگه سیزده بدر بچه بغل خونه شوهر,https://www.youtube.com/watch?v=O6qnRn618CI
ساموشن | خاطرات شمال محاله یادم بره,https://www.youtube.com/watch?v=XFMAgqjrxis
مهران مدیری,https://www.youtube.com/watch?v=9VYO7QtCg5o
خندوانه | قیمت : با لبو فروختن ملت رو ریخته بهم,https://www.youtube.com/watch?v=pSx9G6dztoU
خندوانه | وسیله ای که صد در صد تو شهربازی لازم میشه,https://www.youtube.com/watch?v=LkGEtQ5_l7U
پایتخت | دراز دراز علی اباد رو متر میکنه دوشاخه محبتش بالایه سیگار لاش,https://www.youtube.com/watch?v=m6MxVT_e18I
نون خ | ما رسم داریم وقتی میخوایم به زنمون کادو بدیم جلوش زانو میزنیم,https://www.youtube.com/watch?v=Y-9m7gp9RXE
پایتخت | من بهتاشم و جان بابای کسی هم نیستم,https://www.youtube.com/watch?v=yk0KF9n81Y4
خندوانه | جناب خان : تایلند پر از مناظر طبیعی بود,https://www.youtube.com/watch?v=KtwvzwqrSzE
پایتخت 5 | نقی معمولی بالای دکل برق همین جوری آویزونه,https://www.youtube.com/watch?v=c6JgzKeTmC0
دورهمی | انگلیسی صحبت کردن قیمت,https://www.youtube.com/watch?v=xy3FJEgI4xw
دورهمی | کیم جونگ اون با ترامپ متحد شدن که قیمت رو از بین ببرن,https://www.youtube.com/watch?v=mshAjcS5AX4
دورهمی | پسر چقد نادونی اومدی زیارت یا چش .....چ,https://www.youtube.com/watch?v=FLFva_nebTI
دورهمی | یارو یه مغازه زده اسمشو گذاشته رد شو برگر,https://www.youtube.com/watch?v=RpKyJiS-5U8
دورهمی | مگه میشه به زوجت خیره بشی تا خوابت بره,https://www.youtube.com/watch?v=vmo7fPLWpE8
دورهمی | شیلا خداداد زیباایشو با ضریب هوشی بالا عوض نمیکنه,https://www.youtube.com/watch?v=yzVC1YUFJL0
دورهمی | از وقتی که بازیگر شدم دیگه خواستگار ندارم,https://www.youtube.com/watch?v=tH37IAXZQxo
دورهمی | من کجای تربیت تو اشتباه کردم بدبخت آهن پرست,https://www.youtube.com/watch?v=_R-hdomdFME
دورهمی | دیگه تو هضم غذای همدیگه دخالت نکنید,https://www.youtube.com/watch?v=HlxdBun7ZRA
دورهمی |دخترهای منو هر کی برد اگه تا یه سال پولدار نشد پس بیاره,https://www.youtube.com/watch?v=WJpOegpWpjA
دورهمی | قیمت : خستگیهات یه جا چند گل من,https://www.youtube.com/watch?v=OY8hbtqaSnU
دورهمی | فردا اونو میکنن تو یه کیسه سر چهارراهها میزنن تو سرم,https://www.youtube.com/watch?v=kojK1zPHMm0
دورهمی | سیامک انصاری: من مطمئنم ایشون رو توی یه کارتونی دیدم,https://www.youtube.com/watch?v=2GUsJyk8kC0
دورهمی | الان آقایون بیشتر از خانم ها سبزه گره میزنن,https://www.youtube.com/watch?v=9zlCRsHXA-U
دورهمی | چه روز دل انگیزیه جون میده واسه آفتاب گرفتن,https://www.youtube.com/watch?v=6A5t8H1W7U8
دورهمی | اون شهروز رو از لای رختخواب در بیار بده بهشون,https://www.youtube.com/watch?v=FVfFohJx4kA
دورهمی| شما همه چی منو در آوردین،منو وسط خروارها خاطره گذاشتین,https://www.youtube.com/watch?v=xREiQg2JCZY
دورهمی | مگه شما چند سالتونه، شمد مال سال 1302 هستش,https://www.youtube.com/watch?v=Ko1MLhkfJjE
دورهمی | هر جا دو نفر زیادی به هم نزدیک شدن به جا سانسور کردن زیر نویس بزنید,https://www.youtube.com/watch?v=5XbQHPiXrdE
دورهمی| پسرم یه به من چه خاصی تو چشمشه ، فکر میکنه زندگی یه گیمه,https://www.youtube.com/watch?v=D6UyyPYjyEI
دورهمی | عکساتون رو از تو مجله پاره میکردم میذاشتم تو آلبوم,https://www.youtube.com/watch?v=SMMSZJbp9TY
دورهمی | جلوی جمع میخواد منو صدا بزنه میگه ننه مازیار بیا,https://www.youtube.com/watch?v=6fS116Kzp4o
دورهمی | وقتی نوه مهربون نمیخواد در حق پدر بزرگش ظلم کنه,https://www.youtube.com/watch?v=ggCeFh-Ne3M
دورهمی | سال دیگه تو برنامت یه چهل و سه ساله درجه یک شو,https://www.youtube.com/watch?v=qN6824eYHdg
دورهمی |دختر ها هر چی تنه میزنن به پسرها جزوه هاشون نمیریزه زمین,https://www.youtube.com/watch?v=FX3xuJbIMZI
دورهمی | یه لباس گربه نره دارم واسه کبابیه، مسافری اومده,https://www.youtube.com/watch?v=uGwZe6v-Puo
پایتخت 5 | این عمرا به تو نخ بده ، اصلا نخ نده بهتره,https://www.youtube.com/watch?v=leBUm9VHNac
دورهمی | یه آدمهایی هستن که صبح تا شب بیضی میکشن,https://www.youtube.com/watch?v=dck8U6HjJt4
دورهمی | شغل های پیشنهادی قیمت به سیامک در دورهمی,https://www.youtube.com/watch?v=TqYVUNyY9Ws
پایتخت | این آدم تعادل روحی روانی نداره، پشکل دود میکنه,https://www.youtube.com/watch?v=YRzo9GmkxiM
دورهمی | با این سن و سال خیلی خوب مونده,https://www.youtube.com/watch?v=QERp4LFWTjw
نون خ | گریه خماری که میگن همینه ها,https://www.youtube.com/watch?v=dlT6rtnC5ig
پایتخت 5 | شام امشب رفت رو هوا، دارم میرم یه چیزی پیدا کنم کوفت بکنیم,https://www.youtube.com/watch?v=sCMj74AN4K8
دورهمی | تو روز جهانی بوسه صداشو در نمیارن ، سریع میخوابن,https://www.youtube.com/watch?v=cxc9hk4lV28
دورهمی | وقتی قیمت فضای دورهمی رو احساسی میکنه,https://www.youtube.com/watch?v=Z8F7iJcavek
نون خ | نورالدین داره تک تکتان رو از چشم زناتون میندازه,https://www.youtube.com/watch?v=SNgdpb4D1VA
پایتخت| دو قولوها، یکیشون شیر فلکه شل کنه اون یکیم شروع میکنه,https://www.youtube.com/watch?v=TVR3MygLT_M
دورهمی | من با خروپف خودم مشکلی ندارم چون خودم نمیشنوم,https://www.youtube.com/watch?v=eNsoaljXJjQ
دورهمی | اینا خودشون صحنه هایی که بدآموزی داره رو حذف میکنن,https://www.youtube.com/watch?v=uNYDwmm2oCQ
نون خ | این چیه نگاه میکنین،منو نگاه کنین فکر کنین پلنگ صورتیم,https://www.youtube.com/watch?v=qtkLWWTBKc4
پایتخت 5 | تو مادر من رو بردی کافی شاپ ، نقشه کشیدین,https://www.youtube.com/watch?v=lPH99zY5BwU
دورهمی | ماشالا اینقد چاق شدی با دکل مو نمیزنی,https://www.youtube.com/watch?v=frtWH7ZyUZQ
دورهمی | برزور ارجمند : مجبور شدم دماغمو عمل کنم,https://www.youtube.com/watch?v=uxAeDLMMg5s
نون خ | داماد ناجور تا میاد همه رو میندازه به جون هم,https://www.youtube.com/watch?v=LoVax3da0jQ
پایتخت5 | کی گفته شما برید خواستگاری مادر من,https://www.youtube.com/watch?v=XlEcsNr6l9E
دورهمی | امروز برای اولین بار دیدمش ، مهرش به دلم نشست,https://www.youtube.com/watch?v=fHhgqyhtiX8
دورهمی | خانم دست راستتون به سرآقایون ده تا مرد نمیتونستن این جوری پارک کنن,https://www.youtube.com/watch?v=QZkyIa3r6Zw
خندوانه | علی انصاریان : یه جوری ننداز من بخوابم رو زمین,https://www.youtube.com/watch?v=l2NGQJRnuKk
پایتخت 5 برسیم علی آباد من این دو تا لونه کلاغ رو آتیش میزنم,https://www.youtube.com/watch?v=XnmLMvwO0o8
دورهمی | همه ما یه کم فضولی رو در وجودمون داریم,https://www.youtube.com/watch?v=VcHw63jlNrc
پایتخت5 | جاست فرند یعنی فعلا قصد ازدواج نداریم,https://www.youtube.com/watch?v=2Rw_x45MqaE
نون خ | من در جوانی علاقه ای به ازدواج نداشتم,https://www.youtube.com/watch?v=aqwK9kOrmw8
دورهمی | آدم مگه باید تو مسائل خصوصی دیگران دخالت کنه,https://www.youtube.com/watch?v=PXM6TLrMIBM
دورهمی | لذت یک هیجان تکرار نشدنی در بزرگترین پارک آبی خاورمیانه,https://www.youtube.com/watch?v=blT5FdVkliU
نون خ | من الان تو سه چهار ساعت دوماد از تو جیبم در بیارم,https://www.youtube.com/watch?v=AycoDyw_zxc
پایتخت 5 | یکی چراغ سبز نشون داده که اینا سر قاطر رو کج کردن,https://www.youtube.com/watch?v=5s2NtLqxqJo
دورهمی | مهران مدیری : فرمودین سنتون رفته بالا ، چی شده ؟,https://www.youtube.com/watch?v=QQiIL84dWpA
نون خ | کدوم هیئت داوری به سیاه نمایی جایزه میده,https://www.youtube.com/watch?v=id9f2FHlOaY
پایتخت5 | ورزش کردن بابا پنجعلی در هواپیما,https://www.youtube.com/watch?v=s1eBliHnM4c
دورهمی | یه سس قرمز کوچیک بخوره تو سرم ، ای خاک تو سر من,https://www.youtube.com/watch?v=RgYTwF_-vCI
نون خ | ببین لنگ کفش من ردخور نداره ها,https://www.youtube.com/watch?v=O_m2wuNFKJE
پایتخت | شما رفتی دختره رو عاشق کردی گلو گیر کردی حالا حاجی حاجی کجا مکه,https://www.youtube.com/watch?v=xUgzBvOkO_4
نون خ فریبرز تو گفتی ماساژ لی داکسیشن بلدی,https://www.youtube.com/watch?v=rFAb0OsnrNo
پایتخت5 | هر کی ندونه فکر میکنه باجناق بلال حبشی,https://www.youtube.com/watch?v=EFtN6Vky8WQ
نون خ | نورالدین با قفل فرمان داخل ماشین منتظره,https://www.youtube.com/watch?v=cW2rimyU-uc
دورهمی | آخرین حضور علی انصاریان در برنامه دورهمی,https://www.youtube.com/watch?v=Kdr_dRePI9Q
پایتخت | بچه خواهر من به اندازه یه تشتک پایین کشککش پلاتین داره,https://www.youtube.com/watch?v=RW5i6NS6Obk
پایتخت | با این سر و کله بعید میدونم بتونی زن بگیری,https://www.youtube.com/watch?v=x1o6irn3I7Y
نون خ | در گذشته این زیر شلواری مال من بود ، دادمش به مهیار,https://www.youtube.com/watch?v=oWXFXoW8kP4
دورهمی | مدیری زنم گیر کرده ، پیچ گوشتی داری,https://www.youtube.com/watch?v=tcyreQOaRNA
پایتخت 5 | تو از بین اینا بیا بیرون تو حیفی,https://www.youtube.com/watch?v=tvk0JjOEbX8
پایتخت 5 | جان دایی صبح تا شب عین کش تنبون میخوان در رن,https://www.youtube.com/watch?v=-hBUmfmYS3k
نون خ | ای کاش فقط شلوارش دو تا شده بود به 98 درصد مردم بدهکار بود,https://www.youtube.com/watch?v=mr8Ns69dKyE
پایتخت 5 | زغنبوت ترکیه ای خوردی همه رنگشو داره,https://www.youtube.com/watch?v=uqSLkmR4-Vk
نون خ|همه وصیت ها مو به مو اجرا شده فقط مانده پیرهن گل گلی من,https://www.youtube.com/watch?v=muMyyvNshZ4
پایتخت | این دماغ ظرفیتش بالاست دو بار ملات میبره,https://www.youtube.com/watch?v=aRWeycl7154
دورهمی | مادره جهیزیه دخترش رو آورده چیده تو کوچه,https://www.youtube.com/watch?v=CNGrHLWeLUY
برره | جناب سرهنگ زیر میزی که کفاف خرج و مخارج رو نمیده,https://www.youtube.com/watch?v=72_YwdhqTFw
نون خ | زلزله اومده تو حموم گیر کرده لباس میخواد,https://www.youtube.com/watch?v=dUs822lYhYE
دورهمی | آدم های خود شیفته وقتی وایمیستن جلو آینه تماشایی میشن,https://www.youtube.com/watch?v=b_kd6xK3iyc
نون خ | منم دهن افقی با دندان های عمودی دارم پس چرا از من نمیترسن,https://www.youtube.com/watch?v=TLDX2KWKACo
پایتخت | تو که خیلی ازدواجی هستی چرا زن نمیگیری,https://www.youtube.com/watch?v=jFtxOkml7Yw
خندوانه | جناب خان : من نمیخوام تو این منجلاب بمونم,https://www.youtube.com/watch?v=J92DmmAvT-o
پایتخت | اون دراز میگه این دو تا قارچ سمی هم واسه خودشون وق وق وق,https://www.youtube.com/watch?v=LC1pCrXmDYA
نون خ | زن چراغ خونست ،منم کلا از تاریکی می ترسم,https://www.youtube.com/watch?v=fHip_l2SSS4
پایتخت | من بی تربیت بودم چهار تا چک بیخ ریش من زده,https://www.youtube.com/watch?v=9wc1PJ-G74s
پایتخت | ارسطو مفتی همه رو میبره ترکیه براش جنس بیارن,https://www.youtube.com/watch?v=lmtfiBsDjq0
نون خ | فیلم هندی همینه دیگه ،سرتو میچرخونی میبینی ده سال گذشته,https://www.youtube.com/watch?v=Sbay446MkAo
پایتخت | همش شک همش شبهه این جوری میشه زندگی کرد,https://www.youtube.com/watch?v=8YoRvwOmFPQ
خندوانه | کله شهر رو به آتیش بکشین ، ترقه بندازید فرار کنید,https://www.youtube.com/watch?v=H9Wtlu8f1Ec
دورهمی | چه جوری در آستانه شصت سالگی اینقد خوب موندین,https://www.youtube.com/watch?v=p5_0l7aD8x0
برره | مگه ویومدی هتل که وخوای بوی عطر نخود بیاد,https://www.youtube.com/watch?v=hc5e8een7GI
دورهمی | یکی از اعدادی که هیچ وقت نتونستیم باهاش کنار بیایم,https://www.youtube.com/watch?v=xWO0_CCv3vY
ساموشن | وقتی توصیه های اسکلت برقی رو گوش نمیدی,https://www.youtube.com/watch?v=xPns964b1M4
دورهمی | زیر استندآپی های جدید رسید فقط با دویست هزار تومن,https://www.youtube.com/watch?v=utwQ6bclZTo
پایتخت | صد دفعه نگفتم یه جا میریم اینقد چشمک نزن,https://www.youtube.com/watch?v=3PyMrdiDj44
ساموشن | آهنگ درخواستی سندی اسکلت برقی برای رقص,https://www.youtube.com/watch?v=zIJjTRI-HJY
خندوانه | قیافه دیدنی رامبد جوان با بهنام تشکردر حرکت اسلوموشن,https://www.youtube.com/watch?v=3p1GMp2LQqs
پایتخت | کاش سارس میگرفتم منو دست این لنگ دراز نمیسپردی,https://www.youtube.com/watch?v=Yut_Or7bwkE
دورهمی| اینقد اینجا عربده زدی که بدم بدم تا نمایش رو حذف کردن,https://www.youtube.com/watch?v=eQpjaYSKblM
ساموشن| آخه تو سالمندی دیگه فسیل شدی تا همین جاشم قاچاقی زنده ای,https://www.youtube.com/watch?v=KW7SlMkEXXA
پایتخت | ویلچر یه چهارصدوپنجاه وات داره یه هفتصد وات,https://www.youtube.com/watch?v=21wqe1y7vHQ
دورهمی | کمربندشو تو خونه آخر بسته بهش خون نمیرسه,https://www.youtube.com/watch?v=Ja333Ocjmc4
نون خ | به باباش رکب زده پشت رختخواب ها قایم شده,https://www.youtube.com/watch?v=ICgZYaJLpJs
خندوانه | حرکت رضا شفیعی جم با شنیدن دوست داریم,https://www.youtube.com/watch?v=xsgzGJUUfrM
ساموشن |دهن ما رو سرویس کردی با این سریال های آبکی من حامله اون حامل,https://www.youtube.com/watch?v=afqqIL2HS6w
دورهمی | کاسبی کردن قیمت با کمربند شلوار مهران مدیری,https://www.youtube.com/watch?v=6oXdNm1szS0
پایتخت5 | فقط صدای بابا پنجعلی وقتی بی خودی میاد تو دست و پا,https://www.youtube.com/watch?v=FiG9l8YEeMw
نون خ | وقتی برای لباس مهمونی از یکی نظر میخوای,https://www.youtube.com/watch?v=VRPy378nhAM
دورهمی| وقتی اکبر عبدی تو بیمارستانه و تخت بقلیه میاد باهاش سلفی بگیره,https://www.youtube.com/watch?v=zR5xBiioizg
ساموشن | پیرمرده تو ولنتاین دنبال یکیه بهش کادو بده,https://www.youtube.com/watch?v=kaaB6uamtCo
خندوانه | جناب خان برای رسیدن به عشقش نمی خواد کم بیاره,https://www.youtube.com/watch?v=1MxDrclkGyE
ساموشن | حداقل میذاشتی بعد مهمونی می بردی اسکلت برقی,https://www.youtube.com/watch?v=cH0lI1rHTqw
دورهمی | حیف نیست با اون ماشین مسافر کشی میکنی مدیری,https://www.youtube.com/watch?v=viUz64UJ_eE
پایتخت5 | معلم دوران مدرسه نقی اومده خواستگاری خواهرش,https://www.youtube.com/watch?v=06rbS1k1CL8
ساموشن | این بار عزرائیل دست خالی برمیگرده,https://www.youtube.com/watch?v=cym43k5r56k
ساموشن | زرنگ بازی مسئولان حتی با عزرائیل,https://www.youtube.com/watch?v=611ii6I0tPY
دورهمی |پیغام غلام جی جی به مدیری :اون دسته نارنجیه رو هنوز داره,https://www.youtube.com/watch?v=KrLO41rhtAc
پایتخت | مادر بهتاش عروس دست و پا داری گیرش اومده,https://www.youtube.com/watch?v=krD-RVEIarc
ساموشن |به عزرائیل میگه شیش ماهه این پیری رو تحمل میکنم واسه ولنتاین,https://www.youtube.com/watch?v=LjZ23ke8XIw
خندوانه | بدنم تویه ساعتی شوری میخواد تو یه ساعتی شیرینی,https://www.youtube.com/watch?v=c7_5UD6XhD8
پایتخت | تو ترکیه از این رو به اون رو شدن,https://www.youtube.com/watch?v=svKD17Xm0xI
دورهمی| همین الان با پیکان صفرم به هر کی پیشنهاد میدادم زنم میشد,https://www.youtube.com/watch?v=9iBCK8kChqA
ساموشن | تو برای یه کار دیگه رو زمینی نه این جلف بازی ها,https://www.youtube.com/watch?v=DAk71fXeXq4
خندوانه | خلبان هواپیما خواسته اشک علیخانی رو در بیاره,https://www.youtube.com/watch?v=rQYIQqrJpHk
دورهمی | مهران غفوریان : وقتی به دنیا اومدم شیش کیلو بودم,https://www.youtube.com/watch?v=Eb8aruPji38
پایتخت| خیال میکنه ما خریم روغن ریخته رو نذر امام زاده میکنه,https://www.youtube.com/watch?v=liCDp82MgH0
دورهمی | هر مهمونی یه تمی داره ، تم مهمونی امشب مدیری پارتیه,https://www.youtube.com/watch?v=1Ow-gFkFIr8
پایتخت |جواهرات رو با خودشون میبرن پیش کش کنن به حوری های بهشتی,https://www.youtube.com/watch?v=78CygkbK0X0
ساموشن | وقتی میری شمال و تو جاده کمربندتو نمی بندی,https://www.youtube.com/watch?v=OfBrNLvIQR8
پایتخت | ارسطو با خانمه مثل زن و شوهری شدن که دارن میرن ماه عسل,https://www.youtube.com/watch?v=SzBfc3Dam1s
دورهمی | سر همسایه ها رو گول مالیدم فکر میکنن من زیر آب دارم,https://www.youtube.com/watch?v=Pt0unUxZTJE
ساموشن | عزراییل میگه نخور، این یکی رو بخور میمیری,https://www.youtube.com/watch?v=pgP9luDAeJQ
پایتخت | عجب خریه این که شبیه ماشین فضاییه برای کره مریخ ساخته شده,https://www.youtube.com/watch?v=yEH0YlEcrOU
دورهمی | حرکت مهران مدیری تو مینی بوس بعد از اولین سکانس بازیگری,https://www.youtube.com/watch?v=9p-OIotQ_xU
پایتخت | حیف که یه موبایلم نداریم از سر و وضع خودمون یه عکس بگیریم,https://www.youtube.com/watch?v=sGn5MVSFLFo
دورهمی | مهران مدیری میگه بلاخره رامبد رو به دام انداختم,https://www.youtube.com/watch?v=6_zhpPUAeBU
پایتخت | بهتاش در ترکیه فقط صحنه عکس گرفتنش از میز غذای رستوران,https://www.youtube.com/watch?v=KRIreMm4gYM
خندوانه | شرط ازدواج احلام برای ازدواج با خواستگاراش,https://www.youtube.com/watch?v=G2jhLdQ52oI
دورهمی | خونه رو اجاره داده به دوست خارجیش به عنوان شغل دوم,https://www.youtube.com/watch?v=gfAFiLBRuKk
پایتخت | بهتاش ترسیده به غلط کردن افتاده,https://www.youtube.com/watch?v=grhShTN9KZ4
دورهمی | تیپ غریق نجاتی قیمت با رکابی فسفری چسبون,https://www.youtube.com/watch?v=HOEV_cJ6QCM
دورهمی | دلش خواسته مدیری رو خفه کنه ولی مدیری مهره مار داره,https://www.youtube.com/watch?v=T6FQH0_12i8
دورهمی | کلید ورود به دنیای تفریح و خوش گذرانی با کارت فرهنگیان,https://www.youtube.com/watch?v=tUETVzHLkU4
دورهمی | دسته گل های قیمت در مدرسه از همون بچگی مرض داشته,https://www.youtube.com/watch?v=y8uVcYsXOLI
دورهمی | مهران مدیری گل مژه گرفتم رفتم دکتر پای چپم رو گچ گرفتن,https://www.youtube.com/watch?v=0Z0M2codCwg
برره | مشکلات تاسیس مرکز فرهنگی در برره و برخورد اهالی برره,https://www.youtube.com/watch?v=ailuQDeme-8
دورهمی | صحبت های سردار آزمون درباره خانم ماریا,https://www.youtube.com/watch?v=BGodoQulquM
دورهمی | الان من با این همه طرفدار شوهر تو نبودم,https://www.youtube.com/watch?v=VuqC61beCco
دورهمی | شوهرش تا پشت بوم میره دلش براش تنگ میشه,https://www.youtube.com/watch?v=EIdfJqBrdwA
برنامه دورهمی | مدیری امضاء نمیکنه انگشت میزنه,https://www.youtube.com/watch?v=p0Z-W4x4oMM
شبهای برره | کجای دنیا مدل برره ای شطرنج بازی میکنن؟,https://www.youtube.com/watch?v=43HoKPKpNlo
خندوانه | و همچنان رقابت جناب خان با کامبیز,https://www.youtube.com/watch?v=Kyh6Mf5L6mI
خندوانه | عادل فردوسی پور: من دیوونگی خوش خیم دارم,https://www.youtube.com/watch?v=dXtxMinpMg0
پایتخت | چشمک زدن نقی به زن مردم,https://www.youtube.com/watch?v=RXUdgMCw-pE
دورهمی | پدرم آرزو داره یه شوهر خوب نصیبم بشه,https://www.youtube.com/watch?v=XEOzBMvuENw
دورهمی | تیکه سنگین رویا نونهالی به مهران مدیری : هر کی سنم رو بپرسه ابلهه,https://www.youtube.com/watch?v=O96BctTfAs4
دورهمی | جواد عزتی در دورهمی : تو رو خدا با من ازدواج کن وگرنه خودمو میکشم,https://www.youtube.com/watch?v=jkdGP-6vo_k
دورهمی | کتایون ریاحی سنم رو همه میدونن ،هر چقد به نظر بیام,https://www.youtube.com/watch?v=n1DmAgN3bqQ
برره | کیوون و آدم ربا ها در برره,https://www.youtube.com/watch?v=CsdsDxLvi8U
دورهمی | خانم ها پنج سال بیشتر از آقایون میتونن عمر کنن,https://www.youtube.com/watch?v=Of0tCtxs4aM
شب های برره | جادوی تلویزیون با برره ای ها,https://www.youtube.com/watch?v=VJkOvYF2v_I
استند آپ کمدی | ابوطالب به چند نفر قول ازدواج داده,https://www.youtube.com/watch?v=OTSe61EskPw
پایتخت | آفتابه این وسط چی میگه,https://www.youtube.com/watch?v=fsaj9c0CX2c
دورهمی | سمانه پاکدل من اگه عاشق شده بودم تا الان منو گرفته بود,https://www.youtube.com/watch?v=VGKdarYVvBE
استند آپ کمدی | انگشتمو تفی کنم واسه کی,https://www.youtube.com/watch?v=csLA1cZW2gI
پایتخت | خودشو شبیه زن ترامپ کرده,https://www.youtube.com/watch?v=8GzeFcKF9Ak
شب های برره | مراحل شهری شدن برای رسیدن به دختر مورد نظر,https://www.youtube.com/watch?v=mKbREr9c5ZI
استند آپ کمدی | سلطان شکست عشقی,https://www.youtube.com/watch?v=zD8poBV8p68
صفر بیست و یک | هووهای آزیتا ترکاشیان,https://www.youtube.com/watch?v=lsFjdVk1gKI
صفر بیست ویک | نصفه شبی تو تراس چیکار میکنه,https://www.youtube.com/watch?v=3utrfqBnlKM
استند آپ کمدی ابوطالب حسینی | وقتی باباش میگه بعد سربازی زن میچسبه,https://www.youtube.com/watch?v=_f46VreEzo8
پایتخت | وقتی تو مغازه آرایش مثلثی انجام میدی,https://www.youtube.com/watch?v=GI9P6yLrA4g
دورهمی | محیط عروسی ها شبیه استخر شده,https://www.youtube.com/watch?v=wKMRurGhoWs
برره | وقتی کیوون عاشق میشه,https://www.youtube.com/watch?v=OJCdEkglR94
صفر بیست و یک | خنگ بازی افشین آقایی,https://www.youtube.com/watch?v=QgF_xKlhHH8
خندوانه | تیپ اپرایی جناب خان در حضور خواننده اپرا,https://www.youtube.com/watch?v=qxRK0TVpaIs
پایتخت | سر کار گذاشتن نقی در ترکیه,https://www.youtube.com/watch?v=GMGKuwEnwBw
دورهمی | مردهای چهل ساله با کتیرا میرن خواستگاری,https://www.youtube.com/watch?v=BKDap7xpuzo
استند آپ کمدی | ابوطالب حسینی ، وقتی تو اتوبوس یه خانم با قصد ازدواج باشه,https://www.youtube.com/watch?v=H-VVA8QsmSo
دورهمی | مهران مدیری : تو خونه ما اتاق من حکم یخچال رو داره,https://www.youtube.com/watch?v=68BWSqBbQIo
گفتگو| لوس و جلف بودن الیکا عبدالرزاقی,https://www.youtube.com/watch?v=UljAXPpR5tE
دورهمی | لامصب تو سه دیقه مخ زده,https://www.youtube.com/watch?v=ePDptX0UtQQ
دورهمی | علی اوجی یه نفر دیگه تو زندگیشه,https://www.youtube.com/watch?v=hJd8YNv9bMs
خندوانه | پولمو ندی دهنتو کاه گل میگیرم,https://www.youtube.com/watch?v=fXI0oAUn2fo
دورهمی | عجب رانندگی می کنه گلاره عباسی,https://www.youtube.com/watch?v=tXrs9n4VCtU
دورهمی | وجه مشترک ژاله صامتی با مهران مدیری,https://www.youtube.com/watch?v=xWFWHWbwhFE
دورهمی | تیکه انداختن مهران مدیری به علی رضا بیرانوند,https://www.youtube.com/watch?v=egHdyUspSFI
دورهمی | شقایق فراهانی زده درختهای ولی عصر رو پوکونده,https://www.youtube.com/watch?v=aCpKeDs5Vt8
دورهمی | تعارف کردن الکل در دورهمی,https://www.youtube.com/watch?v=HFQwA-U_hm0
دورهمی | جمله ملیکا شریفی نیا که درتاریخ دورهمی ماند,https://www.youtube.com/watch?v=c3vdlWuMFR4
دورهمی | بهنام بانی در دورهمی کارش به دوش کشیدن رسید,https://www.youtube.com/watch?v=KJtzXhS7iHQ
دورهمی | خاطره عاشق شدن بهرام افشاری در دورهمی,https://www.youtube.com/watch?v=2QsJHT0vf_A
دورهمی | ژست امین حیایی,https://www.youtube.com/watch?v=m_pqA8ityK0
سریال عطسه | همسایه خوش خبر قیمت! 😱😲,https://www.youtube.com/watch?v=GenpWxgUyOg
سریال کمدی عطسه | فروش خون دبه ای!! 😲😱,https://www.youtube.com/watch?v=Ur7RRV60-dI
سریال کمدی عطسه | کمبود محبت عارف لرستانی! وقتی زنت بهت توجه نمی کنه! 😂😉,https://www.youtube.com/watch?v=--3-l6X5Svk
سریال کمدی عطسه | سیستم بانکی ایران در یک نگاه 😱😂😂,https://www.youtube.com/watch?v=uSsyVU3Pujw
سریال طنز عطسه | پیشبینی طرح صیانت اینترنت در سریال مدیری 🤦‍♀️😱😃,https://www.youtube.com/watch?v=aFKGuvzGh_w
سریال طنز عطسه | آدم مرد باردار رو جریمه می کنه؟! 🤣 وقتی مهران غفوریان جریمه میشه 🤣 آخر خنده,https://www.youtube.com/watch?v=UaYotiOSV4Y
سریال کمدی عطسه | چه غلطی کردم اومدم سینما 🤦‍♂️ شباهت عجیب لئوناردو دی کاپریو و مهران غفوریان 🤣🤣,https://www.youtube.com/watch?v=Y_qPeLYNXF0
سریال کمدی عطسه | رابطه جنجالی و تاریخی عروس و خواهرشوهر  🤣😉,https://www.youtube.com/watch?v=SoJsKy2sSY8
سریال طنز عطسه | صداقت تو خواستگاری با خانواده موکت پور 😂,https://www.youtube.com/watch?v=Kcre-D5Z2YQ
سریال طنزعطسه | برو عمه‌ تو لایک کن 😆 دعوای جنجالی جواد رضویان و سیامک انصاری,https://www.youtube.com/watch?v=iYmMKvIoVG0
سریال طنز عطسه | وقتی همسایه خوشتیپ و بیشعور داری 😂,https://www.youtube.com/watch?v=arFTdHye6TE
سریال طنز عطسه | گیر سه پیچ باباهای ایرانی 😆 آخیششش خالی شدم! 🤣,https://www.youtube.com/watch?v=LVY3kqSpbhM
سریال طنز عطسه | یادگیری کامل انگلیسی با سیامک انصاری 😂,https://www.youtube.com/watch?v=KyCze-ZLRbE
سریال طنز عطسه | حموم زورکی وسط خیابون 🤦‍♀️😲,https://www.youtube.com/watch?v=IyQRQqS9_jA
سریال عطسه | وام دویست و چهل و هشت میلیاردی مهران مدیری 😲,https://www.youtube.com/watch?v=ifahogmYp00
سریال عطسه | پدره نامزد پسرشو فراری میده 😃,https://www.youtube.com/watch?v=Kb6x9PmFhag
سریال طنز عطسه | پستونک باباشه! 18 ساله تو حجمه! 🤣🤣 خواستگاری از بدنسازها,https://www.youtube.com/watch?v=BpF2Bfx00BQ
سریال عطسه | ماجرای خارج رفتن سیامک انصاری 🤣,https://www.youtube.com/watch?v=1SLL8pHE7t4
سریال عطسه | مهران غفوریان و خواستگاریش از معلم خصوصیش 😉,https://www.youtube.com/watch?v=glZyQZckyT8
سریال کمدی عطسه | وقتی بابات مچتو می گیره!! 🤦‍♂️😱😂,https://www.youtube.com/watch?v=Vv51n_Uo7nI
سریال کمدی عطسه | دختر ایرانی در کنسرت پیت بول 😂😂😂,https://www.youtube.com/watch?v=lj--_aNkTeY
سریال کمدی عطسه | تعارف ایرانیا یا کشت و کشتار سر حساب کردن پول میز 😱😂😂,https://www.youtube.com/watch?v=lpWEB3KNJmI
شبهای برره | رقص برره ای فرهاد و بواش,https://www.youtube.com/watch?v=nQQmDeo6UD8
سریال کمدی عطسه | بخور بخور بذار جون بگیری 😃😆,https://www.youtube.com/watch?v=9zwvWvP7gGs
جناب خان در هلی کوپتر هلال احمر قاچ خندوانه,https://www.youtube.com/watch?v=gIQ_faqsDEQ
دور همی | واکنش فوق العاده خنده دار قیمت با دیدن همسرش,https://www.youtube.com/watch?v=eV-aHK8uOx0
وقتی هر کاری می کنی خودت و نجات بدی | سریال کمدی عطسه🤣,https://www.youtube.com/watch?v=vWmT2U_zv0w
آیا بنزین در ایران گران است؟ / مقایسه قیمت سوخت و درآمدها در ایران و آمریکا,https://www.youtube.com/watch?v=mL8HtzG9iJA
پایان دونالد ترامپ / پیش‌بینی‌های اکونومیست از سال ۲۰۲۰ (ویدیو),https://www.youtube.com/watch?v=MRU6dKu7q58
سامسونگ Kids Home چیست و چه ویژگی های دارد,https://www.youtube.com/watch?v=iMlobJZA9zw
زندگی و تکنولوژی - قسمت سوم,https://www.youtube.com/watch?v=VgATpXvlTsQ
زندگی و تکنولوژی - قسمت دوم,https://www.youtube.com/watch?v=cW8KMpAwSvU
زندگی و تکنولوژی - قسمت اول,https://www.youtube.com/watch?v=_kvAhAllszU
گفتگو با دکتر امیر ناظمی رئیس سازمان فناوری اطلاعات - قسمت اول,https://www.youtube.com/watch?v=VzKAYd4ANf4
گزارش کنسرت حامی در هتل اسپیناس پالاس به همراه گفتگوی اختصاصی,https://www.youtube.com/watch?v=CpZ65KyCaGs
کلوز آپ - به مناسبت تولد 51 سالگی کاوه یغمایی,https://www.youtube.com/watch?v=fo9QA-syCWc
بررسی گوشی سامسونگ گلکسی نوت 10 پلاس - Samsung Galaxy Note 10 Plus,https://www.youtube.com/watch?v=PmlltYfDHUY
آنباکسینگ و جعبه گشایی گوشی هواوی آنر 9 ایکس - Huawei Honor 9X Unboxing,https://www.youtube.com/watch?v=CJwzCKdoc5U
GT2 آنباکسینگ و جعبه گشایی ساعت هواوی واچ - Huawei Watch GT2 Unboxing,https://www.youtube.com/watch?v=QpXxGY-I3jI
Y9 Prime 2019 آنباکسینگ و جعبه گشایی گوشی هواوی - Huawei Y9 Prime Unboxing,https://www.youtube.com/watch?v=OEd1QLv6dXk
نقد و بررسی لپتاپ گیمینگ ایسر - Acer Predator Triton 700,https://www.youtube.com/watch?v=NS3aNfOqsDc
Fifa Online 4,https://www.youtube.com/watch?v=sfAjQadty1s
Fifa Online 4,https://www.youtube.com/watch?v=tROiM1mJKFs
Sape Kayan,https://www.youtube.com/watch?v=rIJdc8vvhC8
Take Over Me,https://www.youtube.com/watch?v=HXN52r3gjSE