title,url
نسیم ادبی، صحرا اسدالهی و مرتضی امینی تبار در فیلم درام مرجان | Marjan Movie,https://www.youtube.com/watch?v=6_AejAaxO68
گفتم ابراهیم گرگه، سرتو میبره #بدنام,https://www.youtube.com/watch?v=cvmxRHewOGI
سریال بدنام - قسمت 16 | Badnam Series - Episode 16,https://www.youtube.com/watch?v=Aq9QcoUzfXo
سریال آرزوهای چپکی - تیزر قسمت 3 | Arezohaye Chapaki Series - Teaser Episode 3,https://www.youtube.com/watch?v=4btMc2siMAA
خیلی بی غیرتی #بدنام,https://www.youtube.com/watch?v=LydAnBXXyfo
سریال صداتو - فصل 1 - تیزر قسمت 1 | Sedato Series - Season 1 - Teaser Episode 1,https://www.youtube.com/watch?v=eFdwRXLklz0
سریال بدنام - قسمت 15 | Badnam Series - Episode 15,https://www.youtube.com/watch?v=W9zelzMCfuQ
ببین بچه، جلو توپچی ترقه در نکن #بدنام,https://www.youtube.com/watch?v=t39STgHIvu4
بچه های ما غیرتی ان... - سریال بدنام,https://www.youtube.com/watch?v=fT6B7i4JmxY
سریال آرزوهای چپکی - تیزر قسمت 2 | Arezohaye Chapaki Series - Teaser Episode 2,https://www.youtube.com/watch?v=BDXaASguvKc
سریال گل یا پوچ - تیزر قسمت 10 | Gol Ya Pooch Series - Teaser Episode 10,https://www.youtube.com/watch?v=nQ_uZw9GnGg
سریال بدنام - تیزر قسمت 18 | Badnam Series - Teaser Episode 18,https://www.youtube.com/watch?v=97WsROu2Lug
سریال قطب شمال - تیزر قسمت 10 | Ghotbe Shomal Series - Teaser Episode 10,https://www.youtube.com/watch?v=Ho5iP0UprRI
سریال حیثیت گمشده - تیزر قسمت 8 | Heysiate Gomshode Series - Teaser Episode 8,https://www.youtube.com/watch?v=nzOcas9ZLHQ
سریال کلاغ - قسمت 7 | Kalagh Series - Episode 7,https://www.youtube.com/watch?v=yvqt8ke2zyk
سریال شام ایرانی 3 - فصل 7 - تیزر قسمت 1 | Serial Shame Irani 3 - Season 7 - Teaser Episode 1,https://www.youtube.com/watch?v=b6r0H9CZZoU
سریال شام ایرانی 3 - فصل 1 - تیزر قسمت 1 | Serial Shame Irani 3 - Season 1 - Teaser Episode 1,https://www.youtube.com/watch?v=Mq3W5csCnHk
آخرش مثل مامانم میشم؟ - سریال کلاغ,https://www.youtube.com/watch?v=vzhDqyCh9hQ
جلال تقلب نکنیا! #کلاغ,https://www.youtube.com/watch?v=1woejFaJJC4
سریال کلاغ - تیزر قسمت 10 | Kalagh Series - Teaser Episode 10,https://www.youtube.com/watch?v=WQFBAyncfDc
یادته میگفتی ساز با آدم قهر می کنه؟ #بدنام,https://www.youtube.com/watch?v=9qBga-aSWaE
سریال بدنام - قسمت 14 | Badnam Series - Episode 14,https://www.youtube.com/watch?v=4KVnXGIPfwg
مهم این که گردن تو و بابات نیوفته #بدنام,https://www.youtube.com/watch?v=yDSm_eH4jxk
حساب و کتاب محبت ها - سریال بدنام,https://www.youtube.com/watch?v=qocrSj6riQs
سریال بدنام - تیزر قسمت 17 | Badnam Series - Teaser Episode 17,https://www.youtube.com/watch?v=1dNr_3aGpm8
حالا استانبولی بود یه چیزی! #کلاغ,https://www.youtube.com/watch?v=dzIYlXBpcQs
سریال کلاغ - قسمت 6 | Kalagh Series - Episode 6,https://www.youtube.com/watch?v=2FGgC-QzluQ
پدرت اصرار کرد، نفهم! - سریال کلاغ,https://www.youtube.com/watch?v=NxeTVkLdFX0
نقشه فروختن ابراهیم کار تو بود؟ #کلاغ,https://www.youtube.com/watch?v=yZOUc-xBsm0
سریال کلاغ - تیزر قسمت 9 | Kalagh Series - Teaser Episode 9,https://www.youtube.com/watch?v=Gn0azneK_hY
با این دوتا بزرگ شدیم - بفرمایید جام,https://www.youtube.com/watch?v=rY1cApdO5dk
قدر مادرتو بدون - بفرمایید جام,https://www.youtube.com/watch?v=0Q1oJQjYzYs
همه مردم ایران اکبر عبدی را دوست دارند #اکبر_عبدی,https://www.youtube.com/watch?v=1KhbWZUThzA
یعنی یه تاکتیک خاصیه؟! #بفرمایید_جام,https://www.youtube.com/watch?v=FD7Sdh92tNA
تو موزیکم کلی بند هست#بفرمایید_جام,https://www.youtube.com/watch?v=kAUokFeDYE4
قیاسی منفجر شد! - بفرمایید جام,https://www.youtube.com/watch?v=AMSn1p8eSG0
قیاسی گیرشون انداخت! - بفرمایید جام,https://www.youtube.com/watch?v=oh5SMXnLT2c
ببین من یه ذره مستم ولی خنگ نیستم #بدنام,https://www.youtube.com/watch?v=Aicn_xDdA8o
بدجوری بازی خوردم … - سریال بدنام,https://www.youtube.com/watch?v=V9GWwn_espA
سریال بدنام - قسمت 13 | Badnam Series - Episode 13,https://www.youtube.com/watch?v=82NT3YH4ygA
میدونی بدتر از بی آبرویی چیه؟ #بدنام,https://www.youtube.com/watch?v=tqc2CX4TyI4
الآن چندی تو؟ برای پرسپولیس چقدر تموم میشه؟ #بفرمایید_جام,https://www.youtube.com/watch?v=ai8Gd_KgaDc
سریال بدنام - تیزر قسمت 16 | Badnam Series - Teaser Episode 16,https://www.youtube.com/watch?v=NEcGlF3lMlg
بفرمایید جام امیرحسین قیاسی - قسمت 24 (مهدی قائدی و بهزاد بمرانی) قسمت آخر | Befarmayid Jaam,https://www.youtube.com/watch?v=O9WV7w3LTb8
دقت کردین از وقتی VAR اومده دیگه پرسپولیس قهرمان نشده #بفرمایید_جام,https://www.youtube.com/watch?v=OrIDUXeoCyg
میخوام کمکت کنم #کلاغ,https://www.youtube.com/watch?v=fAq_G_rhCaw
سریال کلاغ - قسمت 5 | Kalagh Series - Episode 5,https://www.youtube.com/watch?v=1Go3yEiwSrs
عکاسی با رعایت شئونات اسلامی #بفرمایید_جام,https://www.youtube.com/watch?v=akuAyCEIegc
کی‌روش، برانکو یا قلعه نویی؟ - بفرمایید جام,https://www.youtube.com/watch?v=QcrTa1IaPf8
بفرمایید جام امیرحسین قیاسی - قسمت 23 (سیدجلال حسینی و علی قلی زاده) | Befarmayid Jaam,https://www.youtube.com/watch?v=5gvx9mG9GWU
بگو سایه کجاست؟ - سریال کلاغ,https://www.youtube.com/watch?v=zDLOkyMS1NY
تو مجبورم کردی این تصمیم زشتو بگیرم #کلاغ,https://www.youtube.com/watch?v=GXfO7ahlMC4
رو مخ ترین هم بازیت کی بود؟ #بفرمایید_جام,https://www.youtube.com/watch?v=Kmuh7mijqSY
سریال کلاغ - تیزر قسمت 8 | Kalagh Series - Teaser Episode 8,https://www.youtube.com/watch?v=HVjIaFRlW6U
سریال شفرونی 2 - تا کباب بناب هست، چرا سوشی؟ 🍛🔥 | Cheferoni 2 Series - Teaser,https://www.youtube.com/watch?v=celZKQ6eMfQ
تماشای رایگان قسمت بیست و دوم بفرمایید جام در کانال تلویکا #بفرماییدجام,https://www.youtube.com/watch?v=T4XeaMoUrMg
بفرمایید جام امیرحسین قیاسی - قسمت 22 (سپند امیرسلیمانی و مونا کرمی) | Befarmayid Jaam,https://www.youtube.com/watch?v=LEgNVGIxm90
عامل جدایی زوجین - بفرمایید جام,https://www.youtube.com/watch?v=NTGyTzkvcdk
تماشای رایگان قسمت بیست و یکم بفرمایید جام در کانال تلویکا #بفرمایید_جام,https://www.youtube.com/watch?v=7dnsRlHERd8
نذاشت سلام کنه! - بفرمایید جام,https://www.youtube.com/watch?v=qUZvX_H3ZMg
قرار اول کجا رفتید؟ #بفرمایید_جام,https://www.youtube.com/watch?v=mcL8GbSths0
نیکول کیدمن کیس مناسب ازدواج غلامرضا نیکخواه #بفرمایید_جام,https://www.youtube.com/watch?v=LJEuG2Tg_6M
بفرمایید جام امیرحسین قیاسی - قسمت 21 (حمید لولایی و رضا شفیعی جم) | Befarmayid Jaam,https://www.youtube.com/watch?v=2vaU-A3ig-g
شما حیوان آزاری؟ #بفرمایید_جام,https://www.youtube.com/watch?v=gxu6f0gxJZM
تماشای رایگان قسمت بیستم بفرمایید جام در کانال تلویکا #بفرماییدجام,https://www.youtube.com/watch?v=UNOeQY2ZC5U
شوک فرهنگی به لژیونرها - بفرمایید جام,https://www.youtube.com/watch?v=UG__hPBVjso
بفرمایید جام امیرحسین قیاسی - قسمت 20 (علیرضا جهانبخش و علی کریمی) | Befarmayid Jaam,https://www.youtube.com/watch?v=LU7SnkxEFrk
نعیمه نظام دوست بی فیلتر - بفرمایید جام,https://www.youtube.com/watch?v=-gTwA18vPU4
من نمیخوام تموم کنم #بفرمایید_جام,https://www.youtube.com/watch?v=ZegQmUs9YEM
اسپانیایی حرف زدن میلاد محمدی #بفرمایید_جام,https://www.youtube.com/watch?v=Ly_tqJHSCBk
فیلم سینمایی مرجان - تیزر | Marjan Movie - Teaser,https://www.youtube.com/watch?v=uTfpzTYlx2U
تماشای رایگان قسمت نوزدهم بفرمایید جام در کانال تلویکا #بفرماییدجام,https://www.youtube.com/watch?v=eZzIbbi9ziE
بفرمایید جام امیرحسین قیاسی - قسمت 19 (ناهید مسلمی و کمند امیرسلیمانی) | Befarmayid Jaam,https://www.youtube.com/watch?v=-9we4LjWYqc
تماشای رایگان قسمت هفدهم بفرمایید جام در کانال تلویکا #بفرماییدجام,https://www.youtube.com/watch?v=ADiPai-rpv8
سوغات کشور همسایه - بفرمایید جام,https://www.youtube.com/watch?v=2_zAUKgc_XM
دردت یه چیز دیگه‌ست! #بدنام,https://www.youtube.com/watch?v=T1z4RK3phh4
ته زندگیم مشخصه! - سریال بدنام,https://www.youtube.com/watch?v=xPrxlliybZs
تماشای رایگان قسمت چهارم سریال کلاغ در کانال تلویکا #کلاغ,https://www.youtube.com/watch?v=9_UOzKvyTAo
تماشای رایگان قسمت دوازدهم سریال بدنام در کانال تلویکا #بدنام,https://www.youtube.com/watch?v=jzADzeeUrBc
سریال بدنام - قسمت 12 | Badnam Series - Episode 12,https://www.youtube.com/watch?v=0G6oWfmHj_o
خیلی سخته نگاه آدم بهش نیفته #بفرمایید_جام,https://www.youtube.com/watch?v=U1gXWtntcSU
Pick Me بهونه ست؟ - بفرمایید جام,https://www.youtube.com/watch?v=6i-e5eePRHI
تماشای رایگان قسمت هجدهم بفرمایید جام در کانال تلویکا #بفرمایید_جام,https://www.youtube.com/watch?v=T58JfDBBkJg
بفرمایید جام امیرحسین قیاسی - قسمت 18 (عباس جمشیدی‌فر و جواد خواجوی) | Befarmayid Jaam,https://www.youtube.com/watch?v=_ZT1AnZhe1I
عطاران به قیاسی: به مادرت سلام برسون! #بفرمایید_جام,https://www.youtube.com/watch?v=y4L-jsk3NGE
سریال منشور - قسمت 15 (قسمت آخر) | Manshoor Series - Episode 15,https://www.youtube.com/watch?v=3y9U7LjGp1g
بفرمایید جام امیرحسین قیاسی - قسمت 17 (نصرالله رادش و یوسف صیادی) | Befarmayid Jaam,https://www.youtube.com/watch?v=B_deQwIJKio
سریال بدنام - آنونس | Badnam - Teaser,https://www.youtube.com/watch?v=VwL0Uhgo68g
سریال کلاغ - قسمت 4 | Kalagh Series - Episode 4,https://www.youtube.com/watch?v=6ojxWI0dBeE
خاطره از هاشم چی داری؟ - بفرمایید جام,https://www.youtube.com/watch?v=jG031G7IZA0
تماشای رایگان قسمت شانزدهم بفرمایید جام در کانال تلویکا #بفرماییدجام,https://www.youtube.com/watch?v=Nb7-7ppnrrg
بفرمایید جام امیرحسین قیاسی - قسمت 16 (خسرو حیدری و داریوش فرضیایی) | Befarmayid Jaam,https://www.youtube.com/watch?v=quCDwXWiTRs
زن و بچه دار جورکشی نه! - سریال کلاغ,https://www.youtube.com/watch?v=yBtyQgcY83w
ممنون که نرفتی باهاش برقصی #کلاغ,https://www.youtube.com/watch?v=rEzlxMNalrc
خواسته مادر عمو پورنگ #بفرمایید_جام,https://www.youtube.com/watch?v=n5fbeEVKYas
سریال کلاغ - تیزر قسمت 7 | Kalagh Series - Teaser Episode 7,https://www.youtube.com/watch?v=0Pob6sGS4n8
تماشای رایگان قسمت پانزدهم بفرمایید جام #بفرمایید_جام,https://www.youtube.com/watch?v=3Zw2V1rSYKs
بفرمایید جام امیرحسین قیاسی - قسمت 15 ( آرن و کیارش) | Befarmayid Jaam,https://www.youtube.com/watch?v=37eJbOJFfmE
گلزار رو نجات میدی یا تتلو؟ #بفرمایید_جام,https://www.youtube.com/watch?v=jXDV5pnKALE
عینک نقشه شجاع نبود #بفرمایید_جام,https://www.youtube.com/watch?v=JwdsYCtXDC4
تماشای رایگان قسمت چهاردهم بفرمایید جام #بفرمایید_جام,https://www.youtube.com/watch?v=vArY2YrGpkw
پدرم عاشق استقلاله - بفرمایید جام,https://www.youtube.com/watch?v=Yaxpie_kYUs
بفرمایید جام امیرحسین قیاسی - قسمت 14 (علیرضا بیرانوند) | Befarmayid Jaam,https://www.youtube.com/watch?v=ZWKkGKN6_Z8
تماشای رایگان قسمت سیزدهم بفرمایید جام #بفرمایید_جام,https://www.youtube.com/watch?v=mbjXz4g1VGo
بفرمایید جام امیرحسین قیاسی - قسمت 13 (سیروس میمنت و غلامرضا نیکخواه) | Befarmayid Jaam,https://www.youtube.com/watch?v=mIkRCSV3Orw
نمکدون پشت صحنه - بفرمایید جام,https://www.youtube.com/watch?v=SI2Nb8LjyK8
بهترین بازیگر ایران کیه؟ - بفرمایید جام,https://www.youtube.com/watch?v=KiricFBa7RY
گفتم نه فیلم های شما رو خوشم نمیاد #بفرمایید_جام,https://www.youtube.com/watch?v=_5RsVsE8ajs
سریال مگه تموم عمر چند تا بهاره - تیزر قسمت 8 | Mage Tamoome Omr Chand Ta Bahare Series,https://www.youtube.com/watch?v=AG7GcDQKgZE
من جلوی دوربین لخت نمیشم همش #بفرمایید_جام,https://www.youtube.com/watch?v=QLDHqorfyik
"تماشای رایگان قسمت یازدهم سریال ""بدنام"" در کانال یوتیوب تلویکا #بدنام",https://www.youtube.com/watch?v=LhPG9RpZkPI
سریال بدنام - قسمت 11 | Badnam Series - Episode 11,https://www.youtube.com/watch?v=GF2-0Q6SQr8
از کارهای عماد خبر داری؟ - سریال بدنام,https://www.youtube.com/watch?v=gT4jxEFc3aE
چرا پشت همه در میای جز من؟ #بدنام,https://www.youtube.com/watch?v=NrtQq5VEG-E
سریال بدنام - تیزر قسمت 14 | Badnam Series - Teaser Episode 14,https://www.youtube.com/watch?v=jkblO3gmlOI
سریال منشور - قسمت 14 | Manshoor Series - Episode 14,https://www.youtube.com/watch?v=pcspAzGkiY0
"تماشای رایگان قسمت چهاردهم سریال ""منشور"" در کانال یوتیوب تلویکا #منشور",https://www.youtube.com/watch?v=sG4kjEm9Q-8
با پای جداشده هم جنگیدم - سریال منشور,https://www.youtube.com/watch?v=p3afIcnXTa4
با کیمیا خیلی صمیمی بودم #منشور,https://www.youtube.com/watch?v=ouuceFz6LHg
تماشای رایگان قسمت نهم بفرمایید جام #بفرمایید_جام,https://www.youtube.com/watch?v=jbxi4mVW_7A
"تماشای رایگان قسمت سوم سریال ""کلاغ"" در کانال یوتیوب تلویکا #کلاغ",https://www.youtube.com/watch?v=5Bkvrl_Ii7Q
سریال کلاغ - قسمت 3 | Kalagh Series - Episode 3,https://www.youtube.com/watch?v=DepCi_I35JM
سریال منشور - تیزر قسمت 15 | Manshoor Series - Teaser Episode 15,https://www.youtube.com/watch?v=dne3ypbOVq4
"تماشای رایگان فیلم سینمایی ""ماریا"" در کانال یوتیوب تلویکا #ماریا",https://www.youtube.com/watch?v=PkBie3GO8TI
به خانوما قول دادیم! - سریال کلاغ,https://www.youtube.com/watch?v=tnRujKu4J9o
دختره هم دوسش داشت؟ #کلاغ,https://www.youtube.com/watch?v=gswxaQsi0wY
سریال کلاغ - تیزر قسمت 6 | Kalagh Series - Teaser Episode 6,https://www.youtube.com/watch?v=nvvFVkV1A6o
سریال شام ایرانی 3 - فصل 11 - قسمت 4 | Serial Shame Irani 3 - Season 11 - Episode 4,https://www.youtube.com/watch?v=2lAWkRb0lsE
تماشای رایگان قسمت چهارم از فصل یازدهم سریال شام ایرانی 3 در تلویکا #شام_ایرانی3,https://www.youtube.com/watch?v=3fdfMnF1G94
صابر ابر و پانته آ پناهی ها در فیلم عاشقانه ماریا | Maria Movie,https://www.youtube.com/watch?v=fMZlq_A6bjA
مبانی شنا چیه؟! #بفرمایید_جام,https://www.youtube.com/watch?v=2engVscaStg
وقتی برای اولین بار می خوای غیبت کنی #بفرمایید_جام,https://www.youtube.com/watch?v=h1lnpcNE-sE
بفرمایید جام امیرحسین قیاسی - قسمت 12 (هادی حجازی‌ فر و مهرداد صدیقیان) | Befarmayid Jaam,https://www.youtube.com/watch?v=8dS63HPp4Ow
نیمار رو میشناسم خیلی پسر خوبیه #بفرمایید_جام,https://www.youtube.com/watch?v=ZLCFSxKvvTg
"تماشای رایگان قسمت دهم سریال ""بدنام"" در کانال یوتیوب تلویکا #بدنام",https://www.youtube.com/watch?v=HhF_QY77eos
سریال بدنام - قسمت 10 | Badnam Series - Episode 10,https://www.youtube.com/watch?v=H36KbQriVT0
محاله دستت به من برسه #بدنام,https://www.youtube.com/watch?v=bJz8bjWJpuQ
ادای یوسف تیموری توسط علی صادقی #بفرمایید_جام,https://www.youtube.com/watch?v=1VabO1zp5jE
من هیچ وقت پارتی نمیرم #بفرمایید_جام,https://www.youtube.com/watch?v=iKlTpeClOeg
آقازاده ام عروسش رو میاره - سریال بدنام,https://www.youtube.com/watch?v=x4EfiVXSnio
بفرمایید جام امیرحسین قیاسی - قسمت 11 (علی صادقی و اشکان اشتیاق) | Befarmayid Jaam,https://www.youtube.com/watch?v=Hk1_mrpfwQ8
قرار بود مربی بشم #بفرمایید_جام,https://www.youtube.com/watch?v=W51DGKH3rR0
سریال بدنام - تیزر قسمت 13 | Badnam Series - Teaser Episode 13,https://www.youtube.com/watch?v=ziQheX6q8zk
بفرمایید جام امیرحسین قیاسی - قسمت 10 (نعیمه نظام دوست و فرشته کریمی) | Befarmayid Jaam,https://www.youtube.com/watch?v=U93i1VFgC88
چرا انقدر سفته؟! #منشور,https://www.youtube.com/watch?v=SakL-SPh3Ug
توضیح اضافی ممنوع! - سریال منشور,https://www.youtube.com/watch?v=bK5EHzeugd4
سریال کلاغ - قسمت 2 | Kalagh Series - Episode 2,https://www.youtube.com/watch?v=xsQBWnqmirM
"تماشای رایگان قسمت دوم سریال ""کلاغ"" در کانال یوتیوب تلویکا #کلاغ",https://www.youtube.com/watch?v=mDM1Stgb4xk
عجیب ترین درخواست - بفرمایید جام,https://www.youtube.com/watch?v=dD4REa4BMCk
بفرمایید جام امیرحسین قیاسی - قسمت 9 (سیاوش خیرابی و محسن مسلمان) | Befarmayid Jaam,https://www.youtube.com/watch?v=9BZS-oM4ehM
یه چرت مشتی زدم #بفرمایید_جام,https://www.youtube.com/watch?v=NyNZ-KCmVTM
قول بده پیداش می کنی! - سریال کلاغ,https://www.youtube.com/watch?v=WsJfh1U7HwU
روم نمیشه تو صورتشون نگاه کنم #کلاغ,https://www.youtube.com/watch?v=u_aoUS0z8xY
سریال کلاغ - تیزر قسمت 5 | Kalagh Series - Teaser Episode 5,https://www.youtube.com/watch?v=l14uwy6Vp3Y
سریال کن دو - تیزر | Can Do Series - Teaser,https://www.youtube.com/watch?v=P_pa7hjz__w
به افتخار ایران به ما غذا بده - سریال شام ایرانی 3 - فصل 11,https://www.youtube.com/watch?v=F-tZ6654Las
اذیت کردن های آقای ابوطالب... #شام_ایرانی3,https://www.youtube.com/watch?v=X4IeKXHQokI
سریال منشور - تیزر قسمت 14 | Manshoor Series - Teaser Episode 14,https://www.youtube.com/watch?v=3VnHx5Y3bQI
تو از اول انقدر گنده بودی؟ - بفرمایید جام,https://www.youtube.com/watch?v=jbCc9QsI3AU
سریال شام ایرانی 3 - فصل 11 - تیزر قسمت 4 | Serial Shame Irani 3 - Season 11 - Teaser Episode 4,https://www.youtube.com/watch?v=2OwR0f72ifg
سریال منشور - تیزر | Manshoor Series - Teaser,https://www.youtube.com/watch?v=7ja36CSnN3U
فیلم سینمایی ماریا - تیزر | Maria Movie - Teaser,https://www.youtube.com/watch?v=tsKQNmBFS1A
بیا امشب رو خراب نکنیم - سریال بدنام,https://www.youtube.com/watch?v=dy0Z3Ce8-S0
دوست ندارم زنم زیر دین کسی باشه #بدنام,https://www.youtube.com/watch?v=69Y7o5Db_dQ
پرسپولیسی نبودی، شدی استقلالی - بفرمایید جام,https://www.youtube.com/watch?v=Haef7BFTeVY
به عنوان تیم شیشم ادعای آسیا داری؟ #بفرمایید_جام,https://www.youtube.com/watch?v=_uSTLEwlMEA
سریال بدنام - تیزر قسمت 12 | Badnam Series - Teaser Episode 12,https://www.youtube.com/watch?v=_uNmOmX-1u8
سریال کلاغ - تیزر قسمت 4 | Kalagh Series - Teaser Episode 4,https://www.youtube.com/watch?v=r0b749_yf_U
"تماشای رایگان قسمت نهم سریال ""بدنام"" در کانال یوتیوب تلویکا #بدنام",https://www.youtube.com/watch?v=YAdyOHRPBWs
کسی بهت گفته بود اینجا قراره راحت بگذره؟ #بفرمایید_جام,https://www.youtube.com/watch?v=wDDHQKzhkOo
چرا انقدر تو خودخواهی؟ - بفرمایید جام,https://www.youtube.com/watch?v=UKnUVIk8cRU
سریال بدنام - قسمت 9 | Badnam Series - Episode 9,https://www.youtube.com/watch?v=jnHIAUQSnL4
پس من و بچه ها چی؟ #کلاغ,https://www.youtube.com/watch?v=4SLo6z5_fes
بهت دستور میدم گمشو بیرون! - سریال کلاغ,https://www.youtube.com/watch?v=NiPLL9GFW60
سریال منشور - قسمت 13 | Manshoor Series - Episode 13,https://www.youtube.com/watch?v=bv8u7F6WAGM
تو صدتای اول معروفا نبودی #بفرمایید_جام,https://www.youtube.com/watch?v=2u5AZGtWOSE
دعوا با سردار آزمون در برنامه - بفرمایید جام,https://www.youtube.com/watch?v=ZAm2fqPG368
سریال جیران - تیزر قسمت 28 | Jeyran Series - Teaser Episode 28,https://www.youtube.com/watch?v=mY-VVhpj5_U
"تماشای رایگان فیلم سینمایی ""رها"" در کانال یوتیوب تلویکا #رها",https://www.youtube.com/watch?v=Y2lwGLlxVro
شهاب حسینی و غزل شاکری در فیلم درام رها | Raha Movie,https://www.youtube.com/watch?v=RiQzUntIpuM
سریال زخم کاری انتقام - تیزر قسمت 12 | Zakhm Kari Entegham Series - Teaser Episode 12,https://www.youtube.com/watch?v=VNbXATGfHTw
میرعلمی بمب فوتبالی - بفرمایید جام,https://www.youtube.com/watch?v=mAIf_jTkn7s
لایی رو دیدی #بفرمایید_جام,https://www.youtube.com/watch?v=LygRmm5rXHM
سریال شبهای مافیا زودیاک - فصل 2 - تیزر قسمت 10 | Shabhaye Mafia Zodiac - Season2 - Teaser Episode10,https://www.youtube.com/watch?v=JSHmqUizy_g
طرفدار دو آتیشه کارلوس کی‌روش؟ - بفرمایید جام,https://www.youtube.com/watch?v=bvSNiqi8mNk
بدون سانسور بخون #بفرمایید_جام,https://www.youtube.com/watch?v=f7Qu0Y71lqQ
تلویکا با شما 1 میلیونی شد!,https://www.youtube.com/watch?v=2xUYe2VFsyI
یکی از گل های ملیت رو مدیون منی #بفرمایید_جام,https://www.youtube.com/watch?v=MHEyehzB3J4
داور پرسپولیسی بود؟ - بفرمایید جام,https://www.youtube.com/watch?v=sk9d3gnhOGA
"تماشای رایگان فیلم سینمایی ""لتیان"" در کانال یوتیوب تلویکا #لتیان",https://www.youtube.com/watch?v=SQkgqV6ak7Q
"تماشای رایگان قسمت هشتم سریال ""بدنام"" در کانال یوتیوب تلویکا #بدنام",https://www.youtube.com/watch?v=156aZIhZwx0
آقای آغداشلو؛ اسم خاص - سریال منشور,https://www.youtube.com/watch?v=ztACY_23Jjg
مرگ مقصده #منشور,https://www.youtube.com/watch?v=hX2LldcW9b8
مهدی فخیم زاده و گوهر خیراندیش در فیلم کمدی مشت آخر | Moshte Akhar Movie,https://www.youtube.com/watch?v=XtkSsAVhgYE
هنوز سلام نکرده شروع کرده #بفرمایید_جام,https://www.youtube.com/watch?v=e-3GUpTEEVg
بفرمایید جام امیرحسین قیاسی - قسمت 8 (امیرمهدی ژوله و مهراب قاسم خانی) | Befarmayid Jaam,https://www.youtube.com/watch?v=BUbfxVhy3ic
"تماشای رایگان قسمت دوازدهم سریال ""منشور"" در کانال یوتیوب تلویکا #منشور",https://www.youtube.com/watch?v=P0yWx0UOBJw
این دختر کیه؟ - سریال بدنام,https://www.youtube.com/watch?v=XTaiwIrXvD8
سریال منشور - تیزر قسمت 13 | Manshoor Series - Teaser Episode 13,https://www.youtube.com/watch?v=n7DtNeMrWk8
یه کاری کردی اصلا آدم حسابم نمیکنه #بدنام,https://www.youtube.com/watch?v=GkyGvU2ManU
شماره منو توی مدرسه دخترونه فروخته بودن #بفرمایید_جام,https://www.youtube.com/watch?v=Y2XHMmzSgCc
سریال بدنام - قسمت 8 | Badnam Series - Episode 8,https://www.youtube.com/watch?v=wVf6Y9vDzlI
سریال منشور - قسمت 12 | Manshoor Series - Episode 12,https://www.youtube.com/watch?v=K8D1sxlu0Ok
بفرمایید جام امیرحسین قیاسی - قسمت 7 (حنیف عمران زاده و پژمان بازغی) | Befarmayid Jaam,https://www.youtube.com/watch?v=rLQi8y7_l4E
"تماشای رایگان قسمت یازدهم سریال ""منشور"" در کانال یوتیوب تلویکا #منشور",https://www.youtube.com/watch?v=7atfj0Ztpvo
سوتی هاشم بیک زاده و خشم امیر قلعه نویی #بفرمایید_جام,https://www.youtube.com/watch?v=gByVxZVzbhw
سریال بدنام - تیزر قسمت 11 | Badnam Series - Teaser Episode 11,https://www.youtube.com/watch?v=SPf4FHQ6m2I
پریناز ایزدیار و سارا بهرامی در فیلم درام لتیان | Latyan Movie,https://www.youtube.com/watch?v=M8Q8qCexxEE
سریال منشور - قسمت 11 | Manshoor Series - Episode 11,https://www.youtube.com/watch?v=_GKpB9s2pgs
سوالی که پورعلی‌گنجی دوست نداشت بشنوه! #بفرمایید_جام,https://www.youtube.com/watch?v=ZPaD3-oKLNc
بفرمایید جام امیرحسین قیاسی - قسمت 6 (پیروز قربانی و مرتضی پورعلی گنجی) | Befarmayid Jaam,https://www.youtube.com/watch?v=MakF1zAk5Rk
"تماشای رایگان قسمت دهم سریال ""منشور"" در کانال یوتیوب تلویکا #منشور",https://www.youtube.com/watch?v=ZJE3JmLxcoA
تماشای رایگان قسمت پنجم بفرمایید جام #بفرمایید_جام,https://www.youtube.com/watch?v=S67VXoXRtiE
"تماشای رایگان قسمت اول سریال ""کلاغ"" در کانال یوتیوب تلویکا #کلاغ",https://www.youtube.com/watch?v=eD4DEj0zpOo
سریال کلاغ - قسمت 1 | Kalagh Series - Episode 1,https://www.youtube.com/watch?v=4MVVIGAEv-I
سریال منشور - قسمت 10 | Manshoor Series - Episode 10,https://www.youtube.com/watch?v=aspppYKRtHk
بفرمایید جام امیرحسین قیاسی - قسمت 5 (حمیدرضا آذرنگ و آرش برهانی) | Befarmayid Jaam,https://www.youtube.com/watch?v=RRZEWwpmxo4
تماشای رایگان قسمت سوم بفرمایید جام #بفرمایید_جام,https://www.youtube.com/watch?v=6ZsuA-4F3ck
اطلاعات فوتبالی رویا میرعلمی #بفرمایید_جام,https://www.youtube.com/watch?v=pvUVQif_2BA
چه ماموری تو شدی جلال! #کلاغ,https://www.youtube.com/watch?v=kSUY-PW4Dj4
کجایی تو سایه... - سریال کلاغ,https://www.youtube.com/watch?v=FV7o5_9an0I
تیکه غیرمستقیم قیاسی به قلعه نویی #بفرمایید_جام,https://www.youtube.com/watch?v=Hbpr73HRaF8
قدرت تخریب آقا هاشم 10/10 #بفرمایید_جام,https://www.youtube.com/watch?v=XPjpJah0xTs
سریال کلاغ - تیزر قسمت 3 | Kalagh Series - Teaser Episode 3,https://www.youtube.com/watch?v=HgTU_g6SODc
بفرمایید جام امیرحسین قیاسی - قسمت 4 (سوسن پرور و رویا میرعلمی) | Befarmayid Jaam,https://www.youtube.com/watch?v=XKJlWr8GqU0
سریال منشور - قسمت 9 | Manshoor Series - Episode 9,https://www.youtube.com/watch?v=JT975WZadEk
سریال شام ایرانی 3 - فصل 11 - قسمت 3 | Serial Shame Irani 3 - Season 11 - Episode 3,https://www.youtube.com/watch?v=Ark2czkATUo
"تماشای رایگان قسمت هشتم سریال ""منشور"" در کانال یوتیوب تلویکا #منشور",https://www.youtube.com/watch?v=y7lTQrJYrRA
بفرمایید جام امیرحسین قیاسی - قسمت 3 (هاشم بیک‌زاده و حسین ماهینی) | Befarmayid Jaam,https://www.youtube.com/watch?v=aC4Ff31LvaI
سریال منشور - قسمت 8 | Manshoor Series - Episode 8,https://www.youtube.com/watch?v=a3sx-th0t6w
بفرمایید جام امیرحسین قیاسی - قسمت 2 (جواد نکونام) | Befarmayid Jaam,https://www.youtube.com/watch?v=YkDOTii4K8Y
بوس دادن رامبد جوان #بفرمایید_جام,https://www.youtube.com/watch?v=2dHxx1OU7_k
چرا دیگه سریال نمی سازی؟؟ - سریال بفرمایید جام,https://www.youtube.com/watch?v=rDDYliut_ZQ
بفرمایید جام امیرحسین قیاسی - قسمت 1 (رامبد جوان) | Befarmayid Jaam,https://www.youtube.com/watch?v=BAInY2X9YCM
پژمان جمشیدی و نعیمه نظام دوست در فیلم کمدی قسطنطنیه | Ghostantanieh Movie,https://www.youtube.com/watch?v=62-VbU85aWA
"تماشای رایگان قسمت ششم سریال ""منشور"" در کانال یوتیوب تلویکا #منشور",https://www.youtube.com/watch?v=Bp9m3cmKrSY
تماشای رایگان قسمت اول از فصل یازدهم سریال شام ایرانی 3 در تلویکا #شام_ایرانی3,https://www.youtube.com/watch?v=pJbmNJbbRTo
"تماشای رایگان فیلم سینمایی ""گربه سیاه"" در کانال یوتیوب تلویکا #گربه_سیاه",https://www.youtube.com/watch?v=1e_PcuxWkXY
سریال شبهای مافیا زودیاک - فصل 2 - تیزر قسمت 9 | Shabhaye Mafia Zodiac - Season 2 - Teaser Episode 9,https://www.youtube.com/watch?v=YEEJYTfc1jA
"تماشای رایگان قسمت پنجم سریال ""منشور"" در کانال یوتیوب تلویکا #منشور",https://www.youtube.com/watch?v=6dDC1_FPLwM
سریال منشور - قسمت 6 | Manshoor Series - Episode 6,https://www.youtube.com/watch?v=t390LisCHdI
بهرام رادان و ترلان پروانه در فیلم خانوادگی گربه سیاه | Gorbe Siah Movie,https://www.youtube.com/watch?v=nfnziwaAhN4
سریال منشور - تیزر قسمت 12 | Manshoor Series - Teaser Episode 12,https://www.youtube.com/watch?v=aCgz_QwYT9g
سریال شبهای مافیا زودیاک - فصل 2 - تیزر قسمت 8 | Shabhaye Mafia Zodiac - Season 2 - Teaser Episode 8,https://www.youtube.com/watch?v=ygQcUMNuCI4
"تماشای رایگان قسمت چهارم سریال ""منشور"" در کانال یوتیوب تلویکا #منشور",https://www.youtube.com/watch?v=kEOXPXSLuPQ
سریال منشور - قسمت 5 | Manshoor Series - Episode 5,https://www.youtube.com/watch?v=zr1caoJ5v0k
سریال بدنام - قسمت 7 | Badnam Series - Episode 7,https://www.youtube.com/watch?v=0WVN5KN3Sb4
تو اصلا میفهمی داری چیکار میکنی! #بدنام,https://www.youtube.com/watch?v=7r4YYwrT8To
بیخیال این رابطه بشین - سریال بدنام,https://www.youtube.com/watch?v=EgrKFOkSKik
کتابدارها قشر مظلومین #منشور,https://www.youtube.com/watch?v=RhiVxBsUb1U
بلاگر نیستم؛ واینرم - سریال منشور,https://www.youtube.com/watch?v=WEWu27ZTbm8
سریال بدنام - تیزر قسمت 10 | Badnam Series - Teaser Episode 10,https://www.youtube.com/watch?v=_JskjZxUt4I
"تماشای رایگان قسمت هفتم سریال ""بدنام"" در کانال یوتیوب تلویکا #بدنام",https://www.youtube.com/watch?v=T0h_la7ILO4
"تماشای رایگان قسمت سوم سریال ""منشور"" در کانال یوتیوب تلویکا #منشور",https://www.youtube.com/watch?v=oF32ccnQFb8
سریال منشور - قسمت 4 | Manshoor Series - Episode 4,https://www.youtube.com/watch?v=TqHzjzXwAMg
مهران احمدی و حسین محجوب در فیلم درام دریا موج کاکا | Darya Moje Kaka Movie,https://www.youtube.com/watch?v=z6qH1VGl_vs
"تماشای رایگان قسمت دوم سریال ""منشور"" در کانال یوتیوب تلویکا #منشور",https://www.youtube.com/watch?v=M4_OPtMxV-M
سریال منشور - قسمت 3 | Manshoor Series - Episode 3,https://www.youtube.com/watch?v=wRXgfkMjVxI
سریال شبهای مافیا زودیاک - فصل 2 - تیزر قسمت 7 | Shabhaye Mafia Zodiac - Season 2 - Teaser Episode 7,https://www.youtube.com/watch?v=k--0Kf-zza4
"تماشای رایگان قسمت اول سریال ""منشور"" در کانال یوتیوب تلویکا #منشور",https://www.youtube.com/watch?v=-_fPxeCt9Gg
گرسنه ات می شه وحشی می شی؟ - سریال کلاغ,https://www.youtube.com/watch?v=socgLl3yvv0
داری از هیچی دعوا درست می کنی #کلاغ #سریال_جدید,https://www.youtube.com/watch?v=AxZY0A7o7Kw
سریال منشور - قسمت 2 | Manshoor Series - Episode 2,https://www.youtube.com/watch?v=FgKyROSuUXE
سریال کلاغ - تیزر قسمت 2 | Kalagh Series - Teaser Episode 2,https://www.youtube.com/watch?v=mvIonwY4joU
سریال شام ایرانی 3 - فصل 11 - قسمت 2 | Serial Shame Irani 3 - Season 11 - Episode 2,https://www.youtube.com/watch?v=fjqsEiMH5x8
زن ها مرد غیرتی می خوان؟ - سریال شام ایرانی 3 - فصل 11,https://www.youtube.com/watch?v=EAXg6kRapN4
سورپرایز دارم براتون #شام_ایرانی3,https://www.youtube.com/watch?v=tnEnFArCSyc
سریال شام ایرانی 3 - فصل 11 - تیزر قسمت 3 | Serial Shame Irani 3 - Season 11 - Teaser Episode 3,https://www.youtube.com/watch?v=nzt6RgLP0w8
سریال منشور - قسمت 1 | Manshoor Series - Episode 1,https://www.youtube.com/watch?v=eb5e0sD6iuM
"تماشای رایگان فیلم سینمایی ""تارا"" در کانال یوتیوب تلویکا #تارا",https://www.youtube.com/watch?v=q6pOlHUw3n4
رعنا آزادی ور و مهدی پاکدل در فیلم سینمایی تارا | Tara Movie,https://www.youtube.com/watch?v=r6IPuIyNrNk
فیلم سینمایی رها - تیزر | Raha Movie - Teaser,https://www.youtube.com/watch?v=kEUxbA2ZCR0
"تماشای رایگان فیلم سینمایی ""عطر داغ"" در کانال یوتیوب تلویکا #عطر_داغ",https://www.youtube.com/watch?v=DUTMCIpfzPQ
"تماشای رایگان فیلم سینمایی ""طلاخون"" در کانال یوتیوب تلویکا #طلاخون",https://www.youtube.com/watch?v=vKmJk-xXK0c
بهاره کیان افشار و مهرداد صدیقیان در فیلم خانوادگی عطر داغ | Atre Dagh Movie,https://www.youtube.com/watch?v=jaltwPoE__Y
"تماشای رایگان قسمت ششم سریال ""بدنام"" در کانال یوتیوب تلویکا",https://www.youtube.com/watch?v=nMsQjvUxvCk
سریال بدنام - قسمت 6 | Badnam Series - Episode 6,https://www.youtube.com/watch?v=8gJ4YoPizl0
سریال بدنام - تیزر قسمت 9 | Badnam Series - Teaser Episode 9,https://www.youtube.com/watch?v=DMYdmkF-UnE
من خط قرمز حالیم نمیشه!دودمانتو به باد میدم,https://www.youtube.com/watch?v=9uCF0Rx1MQc
من از ابراهیم زخم خوردم! - سریال بدنام,https://www.youtube.com/watch?v=Tp6VIYevpMk
شهاب حسینی و حسام منظور در فیلم درام طلاخون | Tala Khoon Movie,https://www.youtube.com/watch?v=cC7BLP42APM
سریال منشور - تیزر قسمت 11 | Manshoor Series - Teaser Episode 11,https://www.youtube.com/watch?v=tWH17NwT0Js
تراپی برای همه واجبه #منشور,https://www.youtube.com/watch?v=5GesdnBLiMw
چرا احساس ناکافی میدی؟ - سریال منشور,https://www.youtube.com/watch?v=3iwWxaxr4y0
امشبم تولدته خلق خودتو تنگ نکن #کلاغ #هادی_حجازی_فر,https://www.youtube.com/watch?v=ilMWjAB9bxw
مگه مراقبم نیستی؟؟ - سریال کلاغ,https://www.youtube.com/watch?v=ZKdKBzYiWrY
تماشای رایگان قسمت اول از فصل یازدهم سریال شام ایرانی 3 در تلویکا #شام_ایرانی3,https://www.youtube.com/watch?v=rBW3IXnVWjM
سریال شام ایرانی 3 - فصل 11 - قسمت 1 | Serial Shame Irani 3 - Season 11 - Episode 1,https://www.youtube.com/watch?v=Fx2U4u8Cats
یک روز مانده به آغاز سریال عاشقانه کلاغ #shorts,https://www.youtube.com/watch?v=IEVkdJhwW5Q
سریال شام ایرانی 3 - فصل 11 - تیزر قسمت 2 | Serial Shame Irani 3 - Season 11 - Teaser Episode 2,https://www.youtube.com/watch?v=HdfKn7IMxg0
سریال کلاغ - آنونس | Kalagh Series - Teaser,https://www.youtube.com/watch?v=yN5CivocpZ8
اگه ازم تعریف نکنید ناراحت میشم #شام_ایرانی3,https://www.youtube.com/watch?v=YxeCdE6r-DI
امروز دیگه رعایت می کنم - سریال شام ایرانی 3 - فصل 11,https://www.youtube.com/watch?v=Doasqo7g2lw
سریال گل یا پوچ 2 - تیزر قسمت 9 | Gol Ya Pooch 2 Series - Teaser Episode 9,https://www.youtube.com/watch?v=KjNpkgTURCo
بابا باریکلا!!! - سریال گل یا پوچ 2,https://www.youtube.com/watch?v=UGLR9_3RL2g
"تماشای رایگان فیلم سینمایی ""جهیزیه"" در کانال یوتیوب تلویکا #جهیزیه",https://www.youtube.com/watch?v=GmaeZV7112A
به افتخار آقا طاهر #گل_یا_پوچ2,https://www.youtube.com/watch?v=6LyOZcPX3oM
مهران احمدی، یوسف صیادی و الیکا عبدالرزاقی در فیلم کمدی جهیزیه | Jahiziye Movie,https://www.youtube.com/watch?v=fFdrf8HoFkU
سریال گل یا پوچ 2 - تیزر قسمت 8 | Gol Ya Pooch 2 Series - Teaser Episode 8,https://www.youtube.com/watch?v=HL578NMN2uM
"تماشای رایگان فیلم سینمایی ""خون شد"" در کانال یوتیوب تلویکا #خون_شد",https://www.youtube.com/watch?v=9pLuqQyBpwo
"تماشای رایگان فیلم سینمایی ""درخونگاه"" در کانال یوتیوب تلویکا #درخونگاه",https://www.youtube.com/watch?v=TE-vP8swzqY
امین حیایی و ژاله صامتی در فیلم درام درخونگاه | Darkhoongah Movie,https://www.youtube.com/watch?v=xLOQSKeqMtU
سریال منشور - تیزر قسمت 3 | Manshoor Series - Teaser Episode 3,https://www.youtube.com/watch?v=FeFvnQS76wQ
تماشای رایگان قسمت چهارم از فصل دهم سریال شام ایرانی در تلویکا #شام_ایرانی,https://www.youtube.com/watch?v=rQKNzBTNBcQ
زن و مرد با هم هیچ فرقی نمیکنن #منشور,https://www.youtube.com/watch?v=L8WgJ2itKNE
وقتی حس‌ها نواخته شدند - سریال منشور,https://www.youtube.com/watch?v=sYZqayjvV3E
"تماشای رایگان قسمت پنجم سریال ""بدنام"" در کانال یوتیوب تلویکا #بدنام",https://www.youtube.com/watch?v=qqF-lS96mSo
سریال بدنام - قسمت 5 | Badnam Series - Episode 5,https://www.youtube.com/watch?v=PhZq7PKFuXU
نمیذارم کسی منو برقصونه #بدنام #سریال_جدید,https://www.youtube.com/watch?v=OabV_Wc8ABc
شما مال ایشونی یا مال من - سریال بدنام,https://www.youtube.com/watch?v=r-QC-5kHxhA
سریال بدنام - تیزر قسمت 8 | Badnam Series - Teaser Episode 8,https://www.youtube.com/watch?v=qFnjUEblhFM
سعید آقاخانی و لیلا زارع در فیلم درام خون شد | Khoon Shod Movie,https://www.youtube.com/watch?v=nOcmSSDpcn4
سریال منشور - تیزر قسمت 10 | Manshoor Series - Teaser Episode 10,https://www.youtube.com/watch?v=IPqC4GdFU_Q
سریال کلاغ - تیزر | Kalagh Series - Teaser,https://www.youtube.com/watch?v=63bsJ859ou8
سریال منشور - تیزر قسمت 2 | Manshoor Series - Teaser Episode 2,https://www.youtube.com/watch?v=EsMHBb9ImlM
هرکسی دیر بیاد با کلاسه؟؟! - سریال شام ایرانی 3 - فصل 11,https://www.youtube.com/watch?v=x8JkTjMVmxc
مهمان حبیب خداست #شام_ایرانی3 #کمدی,https://www.youtube.com/watch?v=ewy_IVXHDGo
سریال شام ایرانی 3 - فصل 10 - قسمت 4 | Serial Shame Irani 3 - Season 10 - Episode 4,https://www.youtube.com/watch?v=gybQwWxcRo8
سریال شام ایرانی 3 - فصل 11 - تیزر قسمت 1 | Serial Shame Irani 3 - Season 11 - Teaser Episode 1,https://www.youtube.com/watch?v=9eWHCkALgr0
سریال منشور - تیزر قسمت 1 | Manshoor Series - Teaser Episode 1,https://www.youtube.com/watch?v=oiGMKAiHwAA
سریال شام ایرانی - شب های طلایی | Serial Shame Irani - Shabhaye Talayi,https://www.youtube.com/watch?v=CjG5z4zSS0M
فیلم سینمایی جهیزیه - تیزر | Jahiziye Movie - Teaser,https://www.youtube.com/watch?v=6l6-pYyRzhg
فیلم سینمایی قسطنطنیه - تیزر | Ghostantanieh Movie - Teaesr,https://www.youtube.com/watch?v=Ggrkk2itAJY
سریال منشور - تیزر قسمت 9 | Manshoor Series - Teaser Episode 9,https://www.youtube.com/watch?v=wixehv20jzo
سریال بدنام - تیزر قسمت 3 | Badnam Series - Teaser Episode 3,https://www.youtube.com/watch?v=E7aYpLXwYPA
حمیدرضا آذرنگ و ریما رامین فر در فیلم درام چهل و هفت | Chehel o Haft Movie,https://www.youtube.com/watch?v=fY9TZbegFM8
فیلم کمدی ناجورها - تیزر | Najoorha Movie - Teaser,https://www.youtube.com/watch?v=kvebHbD7jKE
دنیا رو ببین کی به کی میگه بفهم! #چهل_و_هفت,https://www.youtube.com/watch?v=Z_hcKUftRGg
فیلم کمدی هاوایی - تیزر | Hawaii Movie - Teaser,https://www.youtube.com/watch?v=bSBiRKjTCpQ
"بهترین شاهگل های ""گل یا پوچ"" | Gol Ya Pooch 2",https://www.youtube.com/watch?v=xsmwxOQLmVc
فیلم درام بی سر و صدا - تیزر | Bi Saro Seda Movie - Teaser,https://www.youtube.com/watch?v=c9mJ97c699c
ما در وضعیتی هستیم باید به بقیه بگیم چشم قربان #بدنام,https://www.youtube.com/watch?v=gSuljGS6mwc
سریال بدنام - قسمت 4 | Badnam Series - Episode 4,https://www.youtube.com/watch?v=YS6oOh07rl4
این قهرمانی ارزش داره؟ #منشور,https://www.youtube.com/watch?v=Rpy5uMHURRY
هوادار استقلالم ولی شما ...- سریال منشور,https://www.youtube.com/watch?v=-2-qAwHYscI
سریال بدنام - تیزر قسمت 7 | Badnam Series - Teaser Episode 7,https://www.youtube.com/watch?v=G3eN5_cxnPE
تو باید زن من شی...- سریال بدنام,https://www.youtube.com/watch?v=x2IVW9v2uiY
هنوز وقتش نرسیده درموردش حرف بزنیم #بدنام #امیر_آقایی,https://www.youtube.com/watch?v=nnUhtT20qSs
وقتی هیچ کس اخلاق نداره - سریال شام ایرانی 3 - فصل 10,https://www.youtube.com/watch?v=t4eIunVo3IU
بزن بشکن #شام_ایرانی3 #کمدی,https://www.youtube.com/watch?v=Bt4TLzCeBQU
آخرین خالی بازی #گل_یا_پوچ2 #مسابقه,https://www.youtube.com/watch?v=j8SXDqQ7yGI
از چپ اش می افته... - سریال گل یا پوچ 2,https://www.youtube.com/watch?v=YyW8D-4OOOk
سریال شام ایرانی 3 - فصل 10 - قسمت 3 | Serial Shame Irani 3 - Season 10 - Episode 3,https://www.youtube.com/watch?v=-NnBm4EICo0
با اجازه ی بزرگترها نه ! #گل_یا_پوچ2,https://www.youtube.com/watch?v=f4aiWt14PJo
جلوت دست پوچ نمیارم - سریال گل یا پوچ 2,https://www.youtube.com/watch?v=Y1bTitDcXCU
سریال شام ایرانی 3 - فصل 10 - تیزر قسمت 4 | Serial Shame Irani 3 - Season 10 - Teaser Episode 4,https://www.youtube.com/watch?v=BGt1xuHOCwU
سریال شام ایرانی 3 - فصل 9 - تیزر قسمت 4 | Serial Shame Irani 3 - Season 9 - Teaser Episode 4,https://www.youtube.com/watch?v=fUSZV71tEGA
هر کی فالوم میکرد منم بک میکردم #منشور #نعیمه_نظام_دوست,https://www.youtube.com/watch?v=WMFC7nGYMKY
خجالت بکش نعیمه! - سریال منشور,https://www.youtube.com/watch?v=aPKz2IofaKI
سریال گل یا پوچ 2 - تیزر قسمت 7 | Gol Ya Pooch 2 Series - Teaser Episode 7,https://www.youtube.com/watch?v=a0RXrbHKlJE
سریال اکنون - تیزر قسمت 65 | Aknoon Series - Teaser Episode 65,https://www.youtube.com/watch?v=chDSfLPEMyQ
سریال محکوم - تیزر قسمت 22 | Mahkoum Series - Teaser Episode 22,https://www.youtube.com/watch?v=ecKh0FskPKE
سریال شام ایرانی 3 - فصل 9 - تیزر قسمت 3 | Serial Shame Irani 3 - Season 9 - Teaser Episode 3,https://www.youtube.com/watch?v=RFn34KncolU
"تماشای رایگان قسمت سوم سریال ""بدنام"" در کانال یوتیوب تلویکا #بدنام",https://www.youtube.com/watch?v=5W-d3HM7CyI
سریال گل یا پوچ 2 - تیزر قسمت 6 | Gol Ya Pooch 2 Series - Teaser Episode 6,https://www.youtube.com/watch?v=b842cX7UYiU
سریال اکنون - تیزر قسمت 64 | Aknoon Series - Teaser Episode 64,https://www.youtube.com/watch?v=Hz3qkzUaGxM
حامد بهداد و پانته‌آ پناهی‌ها در فیلم اجتماعی برای رعنا | Baraye Rana Movie,https://www.youtube.com/watch?v=TrRNBcELk58
سریال اکنون - تیزر قسمت 63 | Aknoon Series - Teaser Episode 63,https://www.youtube.com/watch?v=lUF0_9RhU6g
"تماشای رایگان فیلم سینمایی ""آقای سانسور"" در کانال یوتیوب تلویکا #آقای_سانسور #کمدی",https://www.youtube.com/watch?v=fXum91jkLwE
سریال شام ایرانی 3 - فصل 9 - تیزر قسمت 2 | Serial Shame Irani 3 - Season 9 - Teaser Episode 2,https://www.youtube.com/watch?v=SD1KNq7X8Wk
سریال شام ایرانی 3 - فصل 9 - تیزر قسمت 1 | Serial Shame Irani 3 - Season 9 - Teaser Episode 1,https://www.youtube.com/watch?v=QQ3-8wV5Alk
سریال اکنون - تیزر قسمت 17 | Aknoon Series - Teaser Episode 17,https://www.youtube.com/watch?v=Ycfnyv7sKy8
سریال بدنام - تیزر قسمت 4 | Badnam Series - Teaser Episode 4,https://www.youtube.com/watch?v=_q2Bv52A0MQ
"تماشای رایگان فیلم سینمایی ""برای رعنا"" در کانال یوتیوب تلویکا #برای_رعنا #حامد_بهداد",https://www.youtube.com/watch?v=snBn9HQZwXE
سریال منشور - تیزر قسمت 5 | Manshoor Series - Teaser Episode 5,https://www.youtube.com/watch?v=xTzxKPMMYNs
سریال محکوم - تیزر قسمت 21 | Mahkoum Series - Teaser Episode 21,https://www.youtube.com/watch?v=3Sef2FqQeDE
خیلی اهل ازدواج نیستم #منشور #امید_حاجیلی,https://www.youtube.com/watch?v=l0QWZwRJhy0
معروف به زندگی سالم - سریال منشور,https://www.youtube.com/watch?v=KayCHGWXDWs
همیشه دوست داشتم بدونم پشت این پنجره ها چه خبره #بدنام #امیر_آقایی,https://www.youtube.com/watch?v=NSb2koHENYk
هر تضمینی بخوای میدم - سریال بدنام,https://www.youtube.com/watch?v=-GaSnzx0zk4
سریال بدنام - قسمت 3 | Badnam Series - Episode 3,https://www.youtube.com/watch?v=_U7NqBWZ9VA
سریال بدنام - تیزر قسمت 6 | Badnam Series - Teaser Episode 6,https://www.youtube.com/watch?v=PrBzIXvFQx4
سریال منشور - تیزر قسمت 8 | Manshoor Series - Teaser Episode 8,https://www.youtube.com/watch?v=kgaDMFPmjeI
بیکار که میشه ایستگاه همه رو میگیره #گل_یا_پوچ2,https://www.youtube.com/watch?v=JHVr68S0xfU
حافظ گل - سریال گل یا پوچ 2,https://www.youtube.com/watch?v=XJa5QCqktd4
سریال محکوم - تیزر قسمت 20 | Mahkoum Series - Teaser Episode 20,https://www.youtube.com/watch?v=lWDyRriFMgk
آشپزی بهتره یا مافیا بازی؟ - سریال شام ایرانی 3 - فصل 10,https://www.youtube.com/watch?v=0gGdg3mcITo
خونه همسر داییمه #شام_ایرانی3,https://www.youtube.com/watch?v=qmwIhjeG-Yk
سریال منشور - تیزر قسمت 4 | Manshoor Series - Teaser Episode 4,https://www.youtube.com/watch?v=jPE16_wPkY8
فیلم برای رعنا - تیزر | Baraye Rana Movie - Teaser,https://www.youtube.com/watch?v=DsZQe4rR3RY
دست خوش بهت #گل_یا_پوچ2,https://www.youtube.com/watch?v=sFFpSqzUQxg
عجب شاه پوچی دادی عمو - سریال گل یا پوچ 2,https://www.youtube.com/watch?v=SUVmMU9o9sk
سریال شام ایرانی 3 - فصل 10 - تیزر قسمت 3 | Serial Shame Irani 3 - Season 10 - Teaser Episode 3,https://www.youtube.com/watch?v=XBTA_osGqss
سریال شام ایرانی 3 - فصل 10 - قسمت 2 | Serial Shame Irani 3 - Season 10 - Episode 2,https://www.youtube.com/watch?v=ucMklety3gw
وقتی دست ها می رقصند - سریال گل یا پوچ 2,https://www.youtube.com/watch?v=SrTW792KwVo
واسه برد می جنگم #گل_یا_پوچ2,https://www.youtube.com/watch?v=-8jdEw1Ns6Y
سریال شام ایرانی 3 - فصل 10 - تیزر قسمت 2 | Serial Shame Irani 3 - Season 10 - Teaser Episode 2,https://www.youtube.com/watch?v=CwnIL8OnPnU
سریال بدنام - تیزر قسمت 2 | Badnam Series - Teaser Episode 2,https://www.youtube.com/watch?v=tmDlZLp_SeQ
سریال گل یا پوچ 2 - تیزر قسمت 5 | Gol Ya Pooch 2 Series - Teaser Episode 5,https://www.youtube.com/watch?v=W31hMc-POak
شیر برای ما همیشه شیره! - سریال گل یا پوچ 2,https://www.youtube.com/watch?v=Je3WIgIUX3E
هر هفته، یک فیلم جدید رایگان در چنل یوتیوب تلویکا #فیلم,https://www.youtube.com/watch?v=drFgZePw1EM
آنتن اینور سیگنال نداره #گل_یا_پوچ2,https://www.youtube.com/watch?v=IR4xqkV0d2Q
سرت سلامت آقا بهمن #گل_یا_پوچ2 #گیم_شو,https://www.youtube.com/watch?v=B8jj-V5_KKA
این یه بازی خیلی سخته - سریال گل یا پوچ 2,https://www.youtube.com/watch?v=zqb9AqGkNNk
بدنام، جمعه ها رایگان در تلویکا #بدنام #امیر_آقایی,https://www.youtube.com/watch?v=EXuCz-7BtVc
سریال شغال - قسمت 23 (قسمت آخر) | Shoghal Series - Episode 23,https://www.youtube.com/watch?v=FA6gOLRa_Cg
سریال شام ایرانی 3 - فصل 10 - قسمت 1 | Serial Shame Irani 3 - Season 10 - Episode 1,https://www.youtube.com/watch?v=1g1p5tqIm90
منتخب لحظات آشوب در شهر - سریال شبهای مافیا زودیاک - فصل 2,https://www.youtube.com/watch?v=fXuQH2e3YuE
الان این گره به دست تو باز میشه #بدنام,https://www.youtube.com/watch?v=sRUA9SZDBqA
باز شبمون رو گند زدی - سریال بدنام,https://www.youtube.com/watch?v=-Ru-PmaZrug
سریال شغال - قسمت 22 | Shoghal Series - Episode 22,https://www.youtube.com/watch?v=dUE7drE5ar0
دغدغه های محیط زیست بچه های تیم ملی,https://www.youtube.com/watch?v=M0EcvXPF5Mo
محیط زیست دغدغه ای ملی - سریال منشور,https://www.youtube.com/watch?v=ZxoleB6fQIA
"تماشای رایگان فیلم ""ناجورها"" در کانال یوتیوب تلویکا #ناجورها",https://www.youtube.com/watch?v=OsjU3fbHMEA
پژمان جمشیدی و محسن کیایی در فیلم کمدی ناجورها | Najoorha Movie,https://www.youtube.com/watch?v=EYAq7MkCzuM
تو بخاطراین پسره اومدی زیر سرم بدبخت! #بدنام,https://www.youtube.com/watch?v=X9uSgQUwsRo
چه میدونم شوهر یا هر چی - سریال بدنام,https://www.youtube.com/watch?v=8BnWfGA6-vA
سریال شغال - قسمت 21 | Shoghal Series - Episode 21,https://www.youtube.com/watch?v=rbYnzhCrzCQ
"تماشای رایگان قسمت دوم سریال ""بدنام"" در کانال یوتیوب تلویکا #بدنام",https://www.youtube.com/watch?v=-Cax73wqKTk
سریال بدنام - قسمت 2 | Badnam Series - Episode 2,https://www.youtube.com/watch?v=taD6c664LmU
سریال بدنام - تیزر قسمت 5 | Badnam Series - Teaser Episode 5,https://www.youtube.com/watch?v=n13lLv2QZbA
دی ماهی ام ،بز کوهی ام  #منشور,https://www.youtube.com/watch?v=JQWe1OkBc3A
پشیمونی و عذاب وجدان - سریال منشور,https://www.youtube.com/watch?v=vqFBfChMRBE
یه نفر هست در ساختمان پلاسکو که آتش گرفت #اکنون,https://www.youtube.com/watch?v=-s63dtP-1pY
26 سال تلاش بیهوده؟ - سریال اکنون,https://www.youtube.com/watch?v=Jt6ZVp3UplA
سریال شغال - قسمت 20 | Shoghal Series - Episode 20,https://www.youtube.com/watch?v=i2Nc1tq9MrQ
سریال شام ایرانی 3 - فصل 9 - قسمت 4 | Serial Shame Irani 3 - Season 9 - Episode 4,https://www.youtube.com/watch?v=BksLHq_2PGU
آخرین نفس در سکوت - سریال محکوم,https://www.youtube.com/watch?v=s8MITtsO2IM
بازداشتش کن زیاد حرف میزنه #محکوم #پژمان_جمشیدی,https://www.youtube.com/watch?v=SKrYfUGjsh4
سریال شغال - قسمت 19 | Shoghal Series - Episode 19,https://www.youtube.com/watch?v=LYwG-vdVRBI
سریال شام ایرانی 3 - فصل 9 - قسمت 3 | Serial Shame Irani 3 - Season 9 - Episode 3,https://www.youtube.com/watch?v=4w6I7aucahU
میخواستم اذیتت کنم #شام_ایرانی3 #آرام_جعفری,https://www.youtube.com/watch?v=46JszPI3Lx4
هر کاری خواستید بکنید! - سریال شام ایرانی 3 - فصل 10,https://www.youtube.com/watch?v=BgCc4oKkc6s
سیاستمدارای ما جرات سوار شدن به اون پرواز رو نداشتن  #منشور #مرضیه_جعفری,https://www.youtube.com/watch?v=SyRk83KGSc0
گفت و گو با مربی سال آسیا - سریال منشور,https://www.youtube.com/watch?v=_5dppWj0Qxg
سریال شغال - قسمت 18 | Shoghal Series - Episode 18,https://www.youtube.com/watch?v=DEdX0ZE84IM
سریال شام ایرانی 3 - فصل 9 - قسمت 2 | Serial Shame Irani 3 - Season 9 - Episode 2,https://www.youtube.com/watch?v=amybEUjJ8dw
تضمین من اون دختره ست #بدنام #حسن_پورشیرازی,https://www.youtube.com/watch?v=4PMJRU8SrN4
تو خیلی خوبی! - سریال بدنام,https://www.youtube.com/watch?v=rMQ0A0O4AX8
به دوپامین شبکه های مجازی اعتیاد داریم #اکنون #سروش_صحت,https://www.youtube.com/watch?v=QdugOGuZ_Ww
تقابل عواطف و احساسات - سریال اکنون,https://www.youtube.com/watch?v=Uh3l_QRYlZ0
لحظه بد حال شدن آرام جعفری در شام ایرانی #شام_ایرانی3 #کمدی,https://www.youtube.com/watch?v=yyXKz5NFBX8
گروه کدبانوها - سریال شام ایرانی 3 - فصل 10,https://www.youtube.com/watch?v=OAVg5FeNDiQ
آز آلمان تا جدایی در ایران - سریال منشور,https://www.youtube.com/watch?v=ViGbhUFTnN4
موزیک‌های خودتو گوش می‌دی؟ #منشور #بهاره_افشاری,https://www.youtube.com/watch?v=G51ED4E0B5g
کراشش تویی/ سریال بدنام قسمت اول #بدنام #امیر_آقایی,https://www.youtube.com/watch?v=pZr3OhbfGYs
یه شرط خوشگل داره - سریال بدنام,https://www.youtube.com/watch?v=syb0ZQWH5k8
سریال شغال - قسمت 17 | Shoghal Series - Episode 17,https://www.youtube.com/watch?v=cUWJL1YihKc
سریال شام ایرانی 3 - فصل 9 - قسمت 1 | Serial Shame Irani 3 - Season 9 - Episode 1,https://www.youtube.com/watch?v=9o65Yxof_1A
اینا باز یه کلکی دارن! #شام_ایرانی3 #کمدی,https://www.youtube.com/watch?v=yS3vvHP-OdM
حامد وکیلی❌  شف بین المللی✅ - سریال شام ایرانی 3 - فصل 9,https://www.youtube.com/watch?v=_fkkx4pdv28
سریال شغال - قسمت 16 | Shoghal Series - Episode 16,https://www.youtube.com/watch?v=wXSIhcWvHWE
قیمت دسر روشه! #شام_ایرانی3 #کمدی,https://www.youtube.com/watch?v=ZntTsG-cpaU
باز هم ساعت فیک؟!! - سریال شام ایرانی 3 - فصل 9,https://www.youtube.com/watch?v=-g3DN20r7x8
خیلی وقته دارن دنبالمون میان #محکوم #پژمان_جمشیدی,https://www.youtube.com/watch?v=ZYRyDcQPKqc
سر به صحرا میزنم، لیکن حیا زنجیر پاست... #اکنون #رشید_کاکاوند,https://www.youtube.com/watch?v=5hG0pxMlaA4
بحران کم آبی در آینده ایران - سریال اکنون,https://www.youtube.com/watch?v=IhZziaw3GVc
این خانوم شوهر داره #بدنام #سریال_جدید,https://www.youtube.com/watch?v=tPoNBO1f3Sk
سریال شغال - قسمت 15 | Shoghal Series - Episode 15,https://www.youtube.com/watch?v=co3hExQCDbc
بهرام افشاری و هومن حاجی عبدالهی در فیلم کمدی مرد عینکی | Marde Eynaki Movie,https://www.youtube.com/watch?v=V4kHDmqnnFc
توسط این آقا تضمین این قرارداد شدم - سریال بدنام,https://www.youtube.com/watch?v=zFep_BYA-gQ
کشف باستانی غارهای اطراف لرستان #اکنون #بز_کوهی,https://www.youtube.com/watch?v=IEa6OudsPFk
زندگی در 9000 سال پیش... - سریال اکنون,https://www.youtube.com/watch?v=RS7wSnrHPb0
سریال شغال - قسمت 14 | Shoghal Series - Episode 14,https://www.youtube.com/watch?v=1lYDsnbH704
اصلا مهمه قاتل بچه تو بگیرن؟ - سریال محکوم,https://www.youtube.com/watch?v=cWnigCSH8FU
چیزی می‌خواستی بگی!! #سریال #محکوم,https://www.youtube.com/watch?v=yn2tgo87zm4
یکی از معضلات دانشگاهی ما فدا کردن کیفیت برای کمیت است #اکنون #محمدحسین_پاپلی_یزدی,https://www.youtube.com/watch?v=b2tWp_z0ohs
حمام عمومی در زمان قدیم - سریال اکنون,https://www.youtube.com/watch?v=YlWhBeyQVe4
اگه تو داشته باشی و بقیه نداشته باشن، به درد تو هم نمی‌خوره #منشور #بهاره_افشاری,https://www.youtube.com/watch?v=o7wNuQONr6c
تلاش برای تشکیل رابطه و جدا شدن - سریال منشور,https://www.youtube.com/watch?v=zI7ey5JUfxU
سریال شغال - قسمت 13 | Shoghal Series - Episode 13,https://www.youtube.com/watch?v=4s6x2X9npqQ
سریال منشور - تیزر قسمت 6 | Manshoor Series - Teaser Episode 6,https://www.youtube.com/watch?v=0pr-m3vT1JE
پیاز با دوغ؟!! #شام_ایرانی3 #کمدی,https://www.youtube.com/watch?v=3Id8GNjtWGE
خانواده ام همه قصه گو هستن #اکنون #شرمین_نادری,https://www.youtube.com/watch?v=VYH21xmfvZg
چه هدیه جذابی!! - سریال شام ایرانی 3 - فصل 9,https://www.youtube.com/watch?v=Jo7Iia1J_bg
فرشته نجات در روستاها - سریال اکنون,https://www.youtube.com/watch?v=FejRGpT58Y4
سریال شغال - قسمت 12 | Shoghal Series - Episode 12,https://www.youtube.com/watch?v=XzALaC9wuaA
شما چرا اسمم رو نپرسیدی/ سریال بدنام #بدنام #امیر_آقایی,https://www.youtube.com/watch?v=WYqXnqxM-_Y
سریال شغال - قسمت 11 | Shoghal Series - Episode 11,https://www.youtube.com/watch?v=wXXn4VlBX-I
سریال زیرزمین - قسمت 6 (قسمت آخر) | Zirzamin Series - Episode 6,https://www.youtube.com/watch?v=abZ9v6tJ7tg
سریال زیرزمین - قسمت 5 | Zirzamin Series - Episode 5,https://www.youtube.com/watch?v=W2OPpovBpMU
سریال زیرزمین - قسمت 4 | Zirzamin Series - Episode 4,https://www.youtube.com/watch?v=t9IqoWjE_C8
سریال شام ایرانی 3 - فصل 10 - تیزر قسمت 1 | Serial Shame Irani 3 - Season 10 - Teaser Episode 1,https://www.youtube.com/watch?v=9Dt-hBybkqo
سریال بدنام - تیزر | Badnam Series - Teaser,https://www.youtube.com/watch?v=wwwDTiTNf24
فیلم سالن چهار - تیزر | Salone Chahar Movie - Teaser,https://www.youtube.com/watch?v=vksJSN7KmHA
سریال شغال - قسمت 10 | Shoghal Series - Episode 10,https://www.youtube.com/watch?v=rTCyep1fNOM
سریال زیرزمین - قسمت 3 | Zirzamin Series - Episode 3,https://www.youtube.com/watch?v=8Bo8G9YeOkI
سریال زیرزمین - قسمت 2 | Zirzamin Series - Episode 2,https://www.youtube.com/watch?v=fRodiUjJxdY
سریال زیرزمین - قسمت 1 | Zirzamin Series - Episode 1,https://www.youtube.com/watch?v=pHang4y5G9k
سریال شغال - قسمت 9 | Shoghal Series - Episode 9,https://www.youtube.com/watch?v=OXPlOSLfkCI
"تماشای رایگان فیلم ""سالن 4"" در کانال یوتیوب تلویکا  #سالن_4 #فیلم_جدید",https://www.youtube.com/watch?v=W00wmu-qS3s
میلاد کی مرام و مهراوه شریفی نیا در فیلم درام سالن چهار | Salone Chahar Movie,https://www.youtube.com/watch?v=uF6CfL_A_Rs
سریال شغال - قسمت 8 | Shoghal Series - Episode 8,https://www.youtube.com/watch?v=4elktyGrTKw
فیلم مرد عینکی - تیزر |  Marde Eynaki Movie - Teaser,https://www.youtube.com/watch?v=q8u1n8BAtXI
لحظه های حساس یاغی - سریال یاغی,https://www.youtube.com/watch?v=jWgZio-avUk
سریال شغال - قسمت 7 | Shoghal Series - Episode 7,https://www.youtube.com/watch?v=bAXcWIBjDpw
سریال بدنام - قسمت 1 | Badnam Series - Episode 1,https://www.youtube.com/watch?v=Qw9eGQbp0ys
تماشای رایگان قسمت 1 سریال جدید بدنام در کانال یوتیوب تلویکا #بدنام #امیر_آقایی,https://www.youtube.com/watch?v=0YVPgIDOhQg
"تماشای رایگان سریال ""شغال"" در کانال یوتیوب تلویکا #شغال#سریال",https://www.youtube.com/watch?v=1oxQMJ25Aks
سریال شغال - قسمت 6 | Shoghal Series - Episode 6,https://www.youtube.com/watch?v=p62wirIkBA4
سریال شغال - قسمت 5 | Shoghal Series - Episode 5,https://www.youtube.com/watch?v=HmFGQzY3sRE
سریال ایرانگردی با بنیامین بلوچی 2 - قسمت 10 | Irangardi ba Benyamin Balouchi 2 Series - Episode 10,https://www.youtube.com/watch?v=aPC9vJE083c
سریال ایرانگردی با بنیامین بلوچی 2 - قسمت 9 | Irangardi ba Benyamin Balouchi 2 Series - Episode 9,https://www.youtube.com/watch?v=flbwAO_ysCg
سریال ایرانگردی با بنیامین بلوچی 2 - قسمت 8 | Irangardi ba Benyamin Balouchi 2 Series - Episode 8,https://www.youtube.com/watch?v=QfGfUZoj2go
سریال ایرانگردی با بنیامین بلوچی 2 - قسمت 6 | Irangardi ba Benyamin Balouchi 2 Series - Episode 6,https://www.youtube.com/watch?v=Kf-y4It_zA8
سریال شغال - قسمت 4 | Shoghal Series - Episode 4,https://www.youtube.com/watch?v=qnIyDY5YSu8
سریال ایرانگردی با بنیامین بلوچی 2 - قسمت 7 | Irangardi ba Benyamin Balouchi 2 Series - Episode 7,https://www.youtube.com/watch?v=3wczFWva568
سریال ایرانگردی با بنیامین بلوچی 2 - قسمت 5 | Irangardi ba Benyamin Balouchi 2 Series - Episode 5,https://www.youtube.com/watch?v=TQWL843IuiU
سریال ایرانگردی با بنیامین بلوچی 2 - قسمت 4 | Irangardi ba Benyamin Balouchi 2 Series - Episode 4,https://www.youtube.com/watch?v=UCL5SRc58tU
سریال ایرانگردی با بنیامین بلوچی 2 - قسمت 3 | Irangardi ba Benyamin Balouchi 2 Series - Episode 3,https://www.youtube.com/watch?v=h9yHYLTaIdI
سریال ایرانگردی با بنیامین بلوچی 2 - قسمت 2 | Irangardi ba Benyamin Balouchi 2 Series - Episode 2,https://www.youtube.com/watch?v=ujBKlrRRfDI
سریال ایرانگردی با بنیامین بلوچی 2 - قسمت 1 | Irangardi ba Benyamin Balouchi 2 Series - Episode 1,https://www.youtube.com/watch?v=NPLJOldlZgw
سریال شغال - قسمت 3 | Shoghal Series - Episode 3,https://www.youtube.com/watch?v=JoK0EHTw3P4
سریال ایرانگردی با بنیامین بلوچی 1 - قسمت 10 | Irangardi ba Benyamin Balouchi 1 Series - Episode 10,https://www.youtube.com/watch?v=9--QE6Ma_SA
سریال ایرانگردی با بنیامین بلوچی 1 - قسمت 9 | Irangardi ba Benyamin Balouchi 1 Series - Episode 9,https://www.youtube.com/watch?v=3OgAJh8FEXg
سریال ایرانگردی با بنیامین بلوچی 1 - قسمت 8 | Irangardi ba Benyamin Balouchi 1 Series - Episode 8,https://www.youtube.com/watch?v=MUxy_xYhrUs
سریال ایرانگردی با بنیامین بلوچی 1 - قسمت 7 | Irangardi ba Benyamin Balouchi 1 Series - Episode 7,https://www.youtube.com/watch?v=3QFO46K2Wyw
سریال ایرانگردی با بنیامین بلوچی 1 - قسمت 6 | Irangardi ba Benyamin Balouchi 1 Series - Episode 6,https://www.youtube.com/watch?v=6CQv5ArcGX0
سریال ایرانگردی با بنیامین بلوچی 1 - قسمت 5 | Irangardi ba Benyamin Balouchi 1 Series - Episode 5,https://www.youtube.com/watch?v=8HHTLTVNEvg
سریال ایرانگردی با بنیامین بلوچی 1 - قسمت 4 | Irangardi ba Benyamin Balouchi 1 Series - Episode 4,https://www.youtube.com/watch?v=PYJlqt01qxk
سریال ایرانگردی با بنیامین بلوچی 1 - قسمت 3 | Irangardi ba Benyamin Balouchi 1 Series - Episode 3,https://www.youtube.com/watch?v=h4yMLvENsGI
سریال ایرانگردی با بنیامین بلوچی 1 - قسمت 2 | Irangardi ba Benyamin Balouchi 1 Series - Episode 2,https://www.youtube.com/watch?v=kUq8ifDGse4
سریال ایرانگردی با بنیامین بلوچی 1 - قسمت 1 | Irangardi ba Benyamin Balouchi 1 Series - Episode 1,https://www.youtube.com/watch?v=glXfP8PDpMk
سریال شغال - قسمت 2 | Shoghal Series - Episode 2,https://www.youtube.com/watch?v=gGvesjLLIQs
سریال گل یا پوچ 2 - قسمت 10 | Gol Ya Pooch 2 Series - Episode 10,https://www.youtube.com/watch?v=A_1Oxz5xSzQ
"خنده های بی وقفه ""جوکر 1"" - سریال جوکر 1",https://www.youtube.com/watch?v=CqBhs5nN80w
سریال گل یا پوچ 2 - قسمت 9 | Gol Ya Pooch 2 Series - Episode 9,https://www.youtube.com/watch?v=pCCHvn8-C0g
سریال شام ایرانی 2 - فصل 9 - قسمت 4 | Serial Shame Irani 2 - Season 9 - Episode 4,https://www.youtube.com/watch?v=V4XB7IXMjZo
سریال شام ایرانی 2 - فصل 8 - قسمت 4 | Serial Shame Irani 2 - Season 8 - Episode 4,https://www.youtube.com/watch?v=JlmlXa4L67I
سریال گل یا پوچ 2 - قسمت 8 | Gol Ya Pooch 2 Series - Episode 8,https://www.youtube.com/watch?v=y-B1xAmk0jA
فیلم جنجالی پریا به کارگردانی شاهین صمدپور - فیلم کوتاه | Pariya Movie - Short Movie,https://www.youtube.com/watch?v=uPWwP93NWLo
سریال اکنون - قسمت 65 | Aknoon Series - Episode 65,https://www.youtube.com/watch?v=Esg-rz_jdo0
سریال شام ایرانی 2 - فصل 4 - قسمت 4 | Serial Shame Irani 2 - Season 4 - Episode 4,https://www.youtube.com/watch?v=k19KIVwTnzI
سریال گل یا پوچ 2 - قسمت 7 | Gol Ya Pooch 2 Series - Episode 7,https://www.youtube.com/watch?v=w2OCZ1Vx0gk
ژاله صامتی و آرمان درویش در فیلم درام پسرکشی | Pesar Koshi Movie,https://www.youtube.com/watch?v=L17yFqpm-jM
سریال اکنون - قسمت 64 | Aknoon Series - Episode 64,https://www.youtube.com/watch?v=-ZCL6Zjg4XE
جمشید هاشم پور و پگاه آهنگرانی در فیلم اکشن و پلیسی برای مرجان | Baraye Marjan Movie,https://www.youtube.com/watch?v=AqAGIl19sbE
سریال محکوم - قسمت 22 (قسمت آخر) | Mahkoum Series - Episode 22,https://www.youtube.com/watch?v=mephfD3wYVQ
علی مصفا و لیلا حاتمی در فیلم خانوادگی نبودن | Naboodan Movie,https://www.youtube.com/watch?v=6fueOFb5u-k
میترا حجار و روزبه حصاری در فیلم سینمایی ستون 14 | Sotoone Chahardah Movie,https://www.youtube.com/watch?v=e9eFSpm_fbc
سریال گل یا پوچ 2 - قسمت 6 | Gol Ya Pooch 2 Series - Episode 6,https://www.youtube.com/watch?v=CCqK13tV8Pc
پیمان معادی، هانیه توسلی و فرشته حسینی در فیلم درام بی سر و صدا | Bi Saro Seda Movie,https://www.youtube.com/watch?v=4BYGcvr7vq8
سریال اکنون - قسمت 63 | Aknoon Series - Episode 63,https://www.youtube.com/watch?v=wfCaK6bNHtc
بهناز جعفری و مهران احمدی در فیلم خانوادگی لیپار | Lipar Movie,https://www.youtube.com/watch?v=39vEH8nGsWg
سریال محکوم - قسمت 21 | Mahkoum Series - Episode 21,https://www.youtube.com/watch?v=u-j7cDohc98
سریال اکنون - قسمت 62 | Aknoon Series - Episode 62,https://www.youtube.com/watch?v=vqKeRnx4E7g
سریال اکنون - قسمت 61 | Aknoon Series - Episode 61,https://www.youtube.com/watch?v=weS948_Is_o
سریال سپنج - قسمت 50 (قسمت آخر) | Sepanj Series - Episode 50,https://www.youtube.com/watch?v=R6U3TX8MuMw
سریال گل یا پوچ 2 - قسمت 5 | Gol Ya Pooch 2 Series - Episode 5,https://www.youtube.com/watch?v=bBsN8I6Zf_Y
سریال گل یا پوچ 2 - قسمت 4 | Gol Ya Pooch 2 Series - Episode 4,https://www.youtube.com/watch?v=JaPtp01jIGs
سریال اکنون - قسمت 60 | Aknoon Series - Episode 60,https://www.youtube.com/watch?v=MWvFMn1Uv-0
سریال گل یا پوچ 2 - قسمت 3 | Gol Ya Pooch 2 Series - Episode 3,https://www.youtube.com/watch?v=rmSLZvv_JUA
سریال محکوم - قسمت 20 | Mahkoum Series - Episode 20,https://www.youtube.com/watch?v=7rCsmAimJuo
سریال گل یا پوچ 2 - قسمت 2 | Gol Ya Pooch 2 Series - Episode 2,https://www.youtube.com/watch?v=k_MTNQ7zHno
سریال محکوم - قسمت 19 | Mahkoum Series - Episode 19,https://www.youtube.com/watch?v=7htQGZv8gQM
سریال گل یا پوچ 2 - قسمت 1 | Gol Ya Pooch 2 Series - Episode 1,https://www.youtube.com/watch?v=Y7k8RoWsG8c
سریال محکوم - قسمت 18 | Mahkoum Series - Episode 18,https://www.youtube.com/watch?v=meM-k9L31VU
سریال محکوم - قسمت 17 | Mahkoum Series - Episode 17,https://www.youtube.com/watch?v=t4isDZVAZUo
سریال مگه تموم عمر چند تا بهاره - پشت صحنه قسمت 2 | Mage Tamoome Omr Chand Ta Bahare Series,https://www.youtube.com/watch?v=U6znnAvWAIk
سریال اکنون - قسمت 59 | Aknoon Series - Episode 59,https://www.youtube.com/watch?v=HE57qhgJyio
سریال مگه تموم عمر چند تا بهاره - پشت صحنه قسمت 1 | Mage Tamoome Omr Chand Ta Bahare Series,https://www.youtube.com/watch?v=Hft6eXQ_CXc
"تماشای رایگان فیلم ""سیاه سنگ"" در کانال یوتیوب تلویکا  #سیاه_سنگ #فیلم_جدید",https://www.youtube.com/watch?v=hAqjv7GSA04
نصرالله رادش و سجاد افشاریان در فیلم کوتاه سیاه سنگ | Siyah Sang Movie,https://www.youtube.com/watch?v=91Lm7hcD8iM
سریال مگه تموم عمر چند تا بهاره - قسمت 25 | Mage Tamoome Omr Chand Ta Bahare Series - Episode 25,https://www.youtube.com/watch?v=8SBqHibU3oQ
تماشای رایگان قسمت شانزدهم سریال محکوم در کانال یوتیوب تلویکا #پژمان_جمشیدی #محکوم,https://www.youtube.com/watch?v=8XWK0LbC7Lg
سریال محکوم - قسمت 16 | Mahkoum Series - Episode 16,https://www.youtube.com/watch?v=9RbVxuOJg4E
سریال مگه تموم عمر چند تا بهاره - قسمت 24 | Mage Tamoome Omr Chand Ta Bahare Series - Episode 24,https://www.youtube.com/watch?v=eidFk5MeSlk
کی تورو فرستاده دنبال من؟ #محکوم #مهران_غفوریان,https://www.youtube.com/watch?v=FEUkpwW0Cu4
از من به جایی نمی رسی - سریال محکوم,https://www.youtube.com/watch?v=hlNCOXE82fU
سریال محکوم - تیزر قسمت 19 | Mahkoum Series - Teaser Episode 19,https://www.youtube.com/watch?v=5O5B0sjKTAM
سریال مگه تموم عمر چند تا بهاره - قسمت 23 | Mage Tamoome Omr Chand Ta Bahare Series - Episode 23,https://www.youtube.com/watch?v=2Tvtx2bHybY
هرکسی هرچیزی بگه ممکنه غلط باشه! #اکنون #سروش_صحت,https://www.youtube.com/watch?v=gJhjqgjEbb8
دروغ در قالب تبلیغات... - سریال اکنون,https://www.youtube.com/watch?v=5PxTgIPiHGc
سریال اکنون - تیزر قسمت 59 | Aknoon Series - Teaser Episode 59,https://www.youtube.com/watch?v=1MtxSW-zZAs
سریال مگه تموم عمر چند تا بهاره - قسمت 22 | Mage Tamoome Omr Chand Ta Bahare Series - Episode 22,https://www.youtube.com/watch?v=bE_hyrzPW7I
فیلم کوتاه سیاه سنگ - تیزر | Siyah Sang Movie - Teaesr,https://www.youtube.com/watch?v=wGuHH3A6gfg
فیلم سینمایی لیپار - تیزر | Lipar Movie - Teaser,https://www.youtube.com/watch?v=x5v8sJlojws
"تماشای رایگان فیلم ""شادروان"" در کانال یوتیوب تلویکا  #شادروان #فیلم_جدید",https://www.youtube.com/watch?v=yEdg7dGEEnA
سریال سپنج - قسمت 49 | Sepanj Series - Episode 49,https://www.youtube.com/watch?v=Lno_lYsCBTM
سریال مگه تموم عمر چند تا بهاره - قسمت 21 | Mage Tamoome Omr Chand Ta Bahare Series - Episode 21,https://www.youtube.com/watch?v=Nv436v5cYIQ
"تماشای رایگان قسمت پنجاه و هشتم ""اکنون"" در کانال یوتیوب تلویکا #اکنون #سروش_صحت",https://www.youtube.com/watch?v=KaB2W5hIsss
نمایش بازی می‌کنی یا نقاب می‌زنی؟ #سپنج #داوود_کیانیان,https://www.youtube.com/watch?v=mhghZDsAXcQ
براستی چه کسی برنده، چه کسی خوشحاله؟ - سریال سپنج,https://www.youtube.com/watch?v=kh68C0N_vBg
کم سن ترین، پلیر این فصل از گل یا پوچ #گل_یا_پوچ2 #گیم_شو,https://www.youtube.com/watch?v=Gjy22a8UmfA
پرچم رشت بالاست! - سریال گل یا پوچ 2,https://www.youtube.com/watch?v=Ikk7bxFCk94
معرفی بازیکنان گروه چهارم گل یا پوچ فصل 2 #گل_یا_پوچ #صابر_ابر,https://www.youtube.com/watch?v=kHbPAnlSdYI
معرفی بازیکنان گروه سوم گل یا پوچ فصل 2 #گل_یا_پوچ #صابر_ابر,https://www.youtube.com/watch?v=NF_PuDisgq8
سریال سپنج - تیزر قسمت 49 | Sepanj Series - Teaser Episode 49,https://www.youtube.com/watch?v=TkZRPWZgISM
سریال گل یا پوچ 2 - تیزر قسمت 2 | Gol Ya Pooch 2 Series - Teaser Episode 2,https://www.youtube.com/watch?v=hSZqZwCKqgg
نذار یه خون دیگه بیوفته رو گردنت آزاد... #شغال #سریال_جدید,https://www.youtube.com/watch?v=pZ7OQWxYALQ
سریال اکنون - قسمت 58 | Aknoon Series - Episode 58,https://www.youtube.com/watch?v=PKVI7rQpcA8
سریال مگه تموم عمر چند تا بهاره - قسمت 20 | Mage Tamoome Omr Chand Ta Bahare Series - Episode 20,https://www.youtube.com/watch?v=nvE-3u4gU4I
سریال مگه تموم عمر چند تا بهاره - قسمت 19 | Mage Tamoome Omr Chand Ta Bahare Series - Episode 19,https://www.youtube.com/watch?v=PO--cGSICls
رسیدیم آخر خط - سریال شغال,https://www.youtube.com/watch?v=c0sEh4WJE28
سریال شغال - تیزر قسمت 23 | Shoghal Series - Teaser Episode 23,https://www.youtube.com/watch?v=1KT_SwTZlB0
سریال مگه تموم عمر چند تا بهاره - قسمت 18 | Mage Tamoome Omr Chand Ta Bahare Series - Episode 18,https://www.youtube.com/watch?v=w64ZD-jyV2U
سریال محکوم - قسمت 15 | Mahkoum Series - Episode 15,https://www.youtube.com/watch?v=mqZdnTTIkZ4
سریال مگه تموم عمر چند تا بهاره - قسمت 17 | Mage Tamoome Omr Chand Ta Bahare Series - Episode 17,https://www.youtube.com/watch?v=svKW7WElPfg
"تماشای رایگان فیلم ""اتومبیل"" در کانال یوتیوب تلویکا  #اتومبیل #فیلم_جدید",https://www.youtube.com/watch?v=aAzcIZWk-uw
حواستون باشه گروگان داره! - سریال محکوم,https://www.youtube.com/watch?v=YFTYRZGaYLE
یه جسد اینجاست! #محکوم #سریال_جدید,https://www.youtube.com/watch?v=B2P8Nw9Z-9w
پژمان بازغی و کوروش تهامی در فیلم کمدی سلفی با دموکراسی | Selfie Ba Democracy Movie,https://www.youtube.com/watch?v=YC3gBi3f8ps
سریال مگه تموم عمر چند تا بهاره - قسمت 16 | Mage Tamoome Omr Chand Ta Bahare Series - Episode 16,https://www.youtube.com/watch?v=uburSIWEHV4
سریال محکوم - تیزر قسمت 18 | Mahkoum Series - Teaser Episode 18,https://www.youtube.com/watch?v=ZPfTVVDDIyU
"تماشای رایگان فیلم ""عنکبوت"" در کانال یوتیوب تلویکا  #عنکبوت #فیلم_جدید",https://www.youtube.com/watch?v=5URHEYiUf4w
تعریف ساده هنر! - سریال اکنون,https://www.youtube.com/watch?v=C8fK72ujt90
"تماشای رایگان فیلم ""پری‌سا"" در کانال یوتیوب تلویکا  #پری‌_سا #فیلم_جدید",https://www.youtube.com/watch?v=v5x_HimpAmo
مقایسه باب راس و ونگوگ #اکنون #سروش_صحت,https://www.youtube.com/watch?v=JIaa_IYB7uo
"تماشای رایگان فیلم ""خوب، بد، جلف 2"" در کانال یوتیوب تلویکا  #خوب_بد_جلف2 #فیلم_جدید",https://www.youtube.com/watch?v=6yuv1SvVoUA
سریال اکنون - تیزر قسمت 58 | Aknoon Series - Teaser Episode 58,https://www.youtube.com/watch?v=fVys8MMfnuA
سریال مگه تموم عمر چند تا بهاره - قسمت 15 | Mage Tamoome Omr Chand Ta Bahare Series - Episode 15,https://www.youtube.com/watch?v=9JZALZ49UDw
سریال سپنج - قسمت 48 | Sepanj Series - Episode 48,https://www.youtube.com/watch?v=6bJXSfvkg8I
سریال مگه تموم عمر چند تا بهاره - قسمت 14 | Mage Tamoome Omr Chand Ta Bahare Series - Episode 14,https://www.youtube.com/watch?v=eU8wGy4gh00
"تماشای رایگان قسمت پنجاه و هفتم ""اکنون"" در کانال یوتیوب تلویکا #اکنون #سروش_صحت",https://www.youtube.com/watch?v=kHijP92GO4c
قسمت اول گل یا پوچ سری دوم #گل_یا_پوچ #صابر_ابر,https://www.youtube.com/watch?v=E4FwYfidtOA
"داستان 1,5 میلیاردی شروع شد! - سریال گل یا پوچ 2",https://www.youtube.com/watch?v=6QgNaRP_ao0
سحر قریشی و اکبر عبدی در فیلم درام اتومبیل | Automobile Movie,https://www.youtube.com/watch?v=z4u0L3Dy8vg
سریال گل یا پوچ 2 - تیزر قسمت 1 | Gol Ya Pooch 2 Series - Teaser Episode 1,https://www.youtube.com/watch?v=icSkYlCvDEY
سریال مگه تموم عمر چند تا بهاره - قسمت 13 | Mage Tamoome Omr Chand Ta Bahare Series - Episode 13,https://www.youtube.com/watch?v=2Ucy6lqO0Cs
قیمت آدم #سپنج,https://www.youtube.com/watch?v=okTara9vhjg
وقتی موسیقی از دل مردمه - سریال سپنج,https://www.youtube.com/watch?v=6_Ydespor0w
سریال سپنج - تیزر قسمت 48 | Sepanj Series - Teaser Episode 48,https://www.youtube.com/watch?v=vT1C-Y5V9xk
سریال اکنون - قسمت 57 | Aknoon Series - Episode 57,https://www.youtube.com/watch?v=Zr6axforS1Q
سریال مگه تموم عمر چند تا بهاره - قسمت 12 | Mage Tamoome Omr Chand Ta Bahare Series - Episode 12,https://www.youtube.com/watch?v=510uVrhGBIU
ادامه‌ی سکانس سریال شغال قسمت 22 #شغال #سریال_جدید,https://www.youtube.com/watch?v=5DgUaoY24sA
به من بگو دروغ می گه؟ - سریال شغال,https://www.youtube.com/watch?v=cwJgyx9jNq8
سریال مهمونی - فصل 2 - قسمت 30 (قسمت آخر) | Mehmoni Series - Season 2 - Episode 30,https://www.youtube.com/watch?v=MZ_quD7rIh8
سریال مهمونی - فصل 2 - قسمت 29 | Mehmoni Series - Season 2 - Episode 29,https://www.youtube.com/watch?v=5j0G7HbgLuE
سریال مهمونی - فصل 2 - قسمت 28 | Mehmoni Series - Season 2 - Episode 28,https://www.youtube.com/watch?v=uA6jevl0v-w
سریال مهمونی - فصل 2 - قسمت 27 | Mehmoni Series - Season 2 - Episode 27,https://www.youtube.com/watch?v=k5Q9KpkFyf0
ساره بیات و محسن تنابنده در فیلم اجتماعی عنکبوت | Ankaboot Movie,https://www.youtube.com/watch?v=-dHDVhwsveU
سریال مهمونی - فصل 2 - قسمت 26 | Mehmoni Series - Season 2 - Episode 26,https://www.youtube.com/watch?v=eBz52b9_P40
سریال شغال - تیزر قسمت 22 | Shoghal Series - Teaser Episode 22,https://www.youtube.com/watch?v=gkjvfO7kRXo
سریال مگه تموم عمر چند تا بهاره - قسمت 11 | Mage Tamoome Omr Chand Ta Bahare Series - Episode 11,https://www.youtube.com/watch?v=j5PEr-1-6wU
سریال مهمونی - فصل 2 - قسمت 25 | Mehmoni Series - Season 2 - Episode 25,https://www.youtube.com/watch?v=ljwnimeAWUc
سریال مهمونی - فصل 2 - قسمت 24 | Mehmoni Series - Season 2 - Episode 24,https://www.youtube.com/watch?v=s2c_IFO5ENg
سریال مهمونی - فصل 2 - قسمت 23 | Mehmoni Series - Season 2 - Episode 23,https://www.youtube.com/watch?v=YEy8qlie-B8
سریال مهمونی - فصل 2 - قسمت 22 | Mehmoni Series - Season 2 - Episode 22,https://www.youtube.com/watch?v=_Mr1in7FQI0
سریال مهمونی - فصل 2 - قسمت 21 | Mehmoni Series - Season 2 - Episode 21,https://www.youtube.com/watch?v=JZU4csKuR3E
گل یا پوچ دیگه فقط یه رقابت نیست،یه داستانه… - سری دوم بازی گل یا پوچ,https://www.youtube.com/watch?v=BFs5avptOQY
سریال مهمونی - فصل 2 - قسمت 20 | Mehmoni Series - Season 2 - Episode 20,https://www.youtube.com/watch?v=4CGE_FetrH0
سریال مگه تموم عمر چند تا بهاره - قسمت 10 | Mage Tamoome Omr Chand Ta Bahare Series - Episode 10,https://www.youtube.com/watch?v=XgXCh-udGWo
سریال محکوم - قسمت 14 | Mahkoum Series - Episode 14,https://www.youtube.com/watch?v=W9eZt11WO1A
تماشای رایگان قسمت دوازدهم شفرونی در کانال یوتیوب تلویکا #کمدی  #شفرونی,https://www.youtube.com/watch?v=jQhVbxRRmGY
ازت می‌خوام کمکم کنی... #سریال_جدید #محکوم,https://www.youtube.com/watch?v=ZCcSNH0zebs
تنها سرنخ ما از بین رفت... - سریال محکوم,https://www.youtube.com/watch?v=kShw2zQcIDc
سریال مهمونی - فصل 2 - قسمت 19 | Mehmoni Series - Season 2 - Episode 19,https://www.youtube.com/watch?v=0tsBdmw6veU
سریال مهمونی - فصل 2 - قسمت 18 | Mehmoni Series - Season 2 - Episode 18,https://www.youtube.com/watch?v=lqL29ATVE0k
سریال مهمونی - فصل 2 - قسمت 17 | Mehmoni Series - Season 2 - Episode 17,https://www.youtube.com/watch?v=YoBUvfcvBpc
سریال مهمونی - فصل 2 - قسمت 16 | Mehmoni Series - Season 2 - Episode 16,https://www.youtube.com/watch?v=dQ5p17ceYeE
سریال مهمونی - فصل 2 - قسمت 15 | Mehmoni Series - Season 2 - Episode 15,https://www.youtube.com/watch?v=N4lXAn3Pgvk
گلاره عباسی و نازنین بیاتی در فیلم کمدی شادروان | Shadravan Movie,https://www.youtube.com/watch?v=4UUaZHMwJDo
سریال مهمونی - فصل 2 - قسمت 14 | Mehmoni Series - Season 2 - Episode 14,https://www.youtube.com/watch?v=QkG7HCqDYYQ
سریال مگه تموم عمر چند تا بهاره - قسمت 9 | Mage Tamoome Omr Chand Ta Bahare Series - Episode 9,https://www.youtube.com/watch?v=zQvfjwb3gYc
سریال محکوم - تیزر قسمت 17 | Mahkoum Series - Teaser Episode 17,https://www.youtube.com/watch?v=787A9P41ZNw
تماشای رایگان سریال مگه تموم عمر چند تا بهاره در کانال تلویکا #مگه_تموم_عمر_چندتا_بهاره,https://www.youtube.com/watch?v=5rWrc-yZcsE
رفتار به ظاهر درست اما غلط... - سریال اکنون,https://www.youtube.com/watch?v=_or2hlIoPBc
معمولا به مهمون ها قهوه تعارف نمی‌کردی #اکنون #سروش_صحت,https://www.youtube.com/watch?v=CCHw_Qb3u1w
سریال اکنون - تیزر قسمت 57 | Aknoon Series - Teaser Episode 57,https://www.youtube.com/watch?v=Q8N0H-Yo3Ho
سریال مهمونی - فصل 2 - قسمت 13 | Mehmoni Series - Season 2 - Episode 13,https://www.youtube.com/watch?v=bC07haP0HU4
سریال مهمونی - فصل 2 - قسمت 12 | Mehmoni Series - Season 2 - Episode 12,https://www.youtube.com/watch?v=j1ewFQ9G-NA
سریال مهمونی - فصل 2 - قسمت 11 | Mehmoni Series - Season 2 - Episode 11,https://www.youtube.com/watch?v=bYT8KXTv49A
سریال مهمونی - فصل 2 - قسمت 10 | Mehmoni Series - Season 2 - Episode 10,https://www.youtube.com/watch?v=pvJxSj8H4vw
سریال مهمونی - فصل 2 - قسمت 9 | Mehmoni Series - Season 2 - Episode 9,https://www.youtube.com/watch?v=mFBe8XYbu4M
تماشای رایگان فصل دوم مهمونی در کانال یوتیوب تلویکا #کمدی  #مهمونی,https://www.youtube.com/watch?v=HgEonRY7C8I
سریال مهمونی - فصل 2 - قسمت 8 | Mehmoni Series - Season 2 - Episode 8,https://www.youtube.com/watch?v=vi0jRnleHVk
سریال مگه تموم عمر چند تا بهاره - قسمت 8 | Mage Tamoome Omr Chand Ta Bahare Series - Episode 8,https://www.youtube.com/watch?v=R1hssLBTgM8
سریال شفرونی - قسمت 12 (قسمت آخر) | Cheferoni Series - Episode 12,https://www.youtube.com/watch?v=FQLZit1lhaA
سریال مهمونی - فصل 2 - قسمت 7 | Mehmoni Series - Season 2 - Episode 7,https://www.youtube.com/watch?v=1e0BccJARUQ
سریال مهمونی - فصل 2 - قسمت 6 | Mehmoni Series - Season 2 - Episode 6,https://www.youtube.com/watch?v=GFmCYgXCCC8
سریال مهمونی - فصل 2 - قسمت 5 | Mehmoni Series - Season 2 - Episode 5,https://www.youtube.com/watch?v=dG8k0sChwuk
سریال مهمونی - فصل 2 - قسمت 4 | Mehmoni Series - Season 2 - Episode 4,https://www.youtube.com/watch?v=Lbdtqhdyq9g
سریال مهمونی - فصل 2 - قسمت 3 | Mehmoni Series - Season 2 - Episode 3,https://www.youtube.com/watch?v=PnWD3hPGEAs
سریال سپنج - قسمت 47 | Sepanj Series - Episode 47,https://www.youtube.com/watch?v=qzGoZXJ4XhA
سریال مهمونی - فصل 2 - قسمت 2 | Mehmoni Series - Season 2 - Episode 2,https://www.youtube.com/watch?v=he5BSTfl8fE
سریال مگه تموم عمر چند تا بهاره - قسمت 7 | Mage Tamoome Omr Chand Ta Bahare Series - Episode 7,https://www.youtube.com/watch?v=q374vRTcvFQ
ترلان پروانه و بهاره افشاری در فیلم درام پری سا | Parisa Movie,https://www.youtube.com/watch?v=OoFbCdZm9tk
سریال مگه تموم عمر چند تا بهاره - قسمت 6 | Mage Tamoome Omr Chand Ta Bahare Series - Episode 6,https://www.youtube.com/watch?v=kIMHelGbt54
تماشای رایگان قسمت یازدهم شفرونی در کانال یوتیوب تلویکا #کمدی  #شفرونی,https://www.youtube.com/watch?v=IBK74_3-djQ
"تماشای رایگان قسمت پنجاه و ششم ""اکنون"" در کانال یوتیوب تلویکا #رشید_کاکاوند #اکنون #سریال",https://www.youtube.com/watch?v=R4YK_yDa2oc
"تماشای رایگان قسمت پنجاه و پنجم ""اکنون"" در کانال یوتیوب تلویکا #رشید_کاکاوند #اکنون",https://www.youtube.com/watch?v=Wt0hA7Yj-4I
حال و احوال امروز انسان - سریال سپنج,https://www.youtube.com/watch?v=zQxPVaA3J14
جان زندگی به چیست؟ #سپنج #نسرین_مصفا,https://www.youtube.com/watch?v=2hOB71Dfbb0
سریال سپنج - تیزر قسمت 47 | Sepanj Series - Teaser Episode 47,https://www.youtube.com/watch?v=rh4qwGS4QU0
سریال اکنون - قسمت 56 | Aknoon Series - Episode 56,https://www.youtube.com/watch?v=UotR9Y-gRlw
سریال مگه تموم عمر چند تا بهاره - قسمت 5 | Mage Tamoome Omr Chand Ta Bahare Series - Episode 5,https://www.youtube.com/watch?v=C_3GTgtZ-e8
همه چیز رو به سیاوش گفتم - سریال شغال,https://www.youtube.com/watch?v=UnDnngQWr3I
تا پلیس نیومده، مدارک رو بیار #شغال #سریال_جدید,https://www.youtube.com/watch?v=-r21Rf_xbrY
"سام درخشانی و پژمان جمشیدی در فیلم کمدی خوب، بد، جلف 2 | Khoob, Bad, Jelf 2 Movie",https://www.youtube.com/watch?v=-3R77vJR4xE
سریال مگه تموم عمر چند تا بهاره - قسمت 4 | Mage Tamoome Omr Chand Ta Bahare Series - Episode 4,https://www.youtube.com/watch?v=jOeuHTfi7us
سریال شغال - تیزر قسمت 21 | Shoghal Series - Teaser Episode 21,https://www.youtube.com/watch?v=HIdKhC6Zkjo
تماشای رایگان قسمت سیزدهم سریال محکوم در کانال یوتیوب تلویکا #پژمان_جمشیدی #محکوم,https://www.youtube.com/watch?v=MOEQeQ3uXQw
"تماشای رایگان فیلم ""ستاره بازی"" در کانال یوتیوب تلویکا  #ستاره_بازی #فیلم_جدید",https://www.youtube.com/watch?v=v9DiN3zreHg
"تماشای رایگان فیلم ""شنای پروانه"" در کانال یوتیوب تلویکا  #شنای_پروانه #فیلم_جدید",https://www.youtube.com/watch?v=K9vOK8lbao4
سریال محکوم - قسمت 13 | Mahkoum Series - Episode 13,https://www.youtube.com/watch?v=EHh1aDQ0Xww
سریال مگه تموم عمر چند تا بهاره - قسمت 3 | Mage Tamoome Omr Chand Ta Bahare Series - Episode 3,https://www.youtube.com/watch?v=I4b7scTlxrI
حرف می‌زنی یا از شوگر مامی ات بپرسم؟ #محکوم #سریال_جدید,https://www.youtube.com/watch?v=MLHUyDV2SEo
هیچ اثری از مهیار پیدا نکردیم! - سریال محکوم,https://www.youtube.com/watch?v=TmvOQSGsWfw
سریال محکوم - تیزر قسمت 16 | Mahkoum Series - Teaser Episode 16,https://www.youtube.com/watch?v=WTMUUJsdD98
سریال مگه تموم عمر چند تا بهاره - قسمت 2 | Mage Tamoome Omr Chand Ta Bahare Series - Episode 2,https://www.youtube.com/watch?v=QUVx6i-AXz8
تهمت می‌زنی، درحالی که خودت آلوده هستی! #اکنون #عبدالمحمود_رضوانی,https://www.youtube.com/watch?v=zKo6v6CxuIs
استاد خوش بیان ادبیات ایران عبدالمحمود رضوانی - سریال اکنون,https://www.youtube.com/watch?v=EpeVzN_foZY
سریال اکنون - تیزر قسمت 56 | Aknoon Series - Teaser Episode 56,https://www.youtube.com/watch?v=KoZzgao5LPk
قسمت آخر شفرونی #شفرونی #حمید_لولایی,https://www.youtube.com/watch?v=6Exv_57lvt4
کبابی می زنم که سیخشو می خوری - سریال شفرونی,https://www.youtube.com/watch?v=9PP6iKizqNo
سریال شفرونی - قسمت 11 | Cheferoni Series - Episode 11,https://www.youtube.com/watch?v=BW_Z9s98yM4
سریال مگه تموم عمر چند تا بهاره - قسمت 1 | Mage Tamoome Omr Chand Ta Bahare Series - Episode 1,https://www.youtube.com/watch?v=mN42fsR2GUQ
سریال شفرونی - تیزر قسمت 12 | Cheferoni Series - Teaser Epsidoe 12,https://www.youtube.com/watch?v=vmCOhb6IHhI
سریال جادوگر - قسمت 13 (قسمت آخر) | Jadugar Series - Episode 13,https://www.youtube.com/watch?v=CR4pDv-s9qw
سریال شفرونی - معرفی مهمانان - حمید لولایی و علی صادقی | Cheferoni Series - Teaser,https://www.youtube.com/watch?v=Pl_Tk7Js3Gs
سریال سپنج - قسمت 46 | Sepanj Series - Episode 46,https://www.youtube.com/watch?v=bubsfcr2LVw
سریال جادوگر - قسمت 12 | Jadugar Series - Episode 12,https://www.youtube.com/watch?v=b7kclz1hM9o
سریال جادوگر - قسمت 11 | Jadugar Series - Episode 11,https://www.youtube.com/watch?v=3P53wnb1X5U
سریال جادوگر - قسمت 10 | Jadugar Series - Episode 10,https://www.youtube.com/watch?v=uqANFdJzgqE
سریال جادوگر - قسمت 9 | Jadugar Series - Episode 9,https://www.youtube.com/watch?v=5Txg0w10ugs
سریال جادوگر - قسمت 8 | Jadugar Series - Episode 8,https://www.youtube.com/watch?v=_RY20XC5J1o
سریال جادوگر - قسمت 7 | Jadugar Series - Episode 7,https://www.youtube.com/watch?v=RixFh5WnqKQ
سریال جادوگر - قسمت 6 | Jadugar Series - Episode 6,https://www.youtube.com/watch?v=-RAAeh10Y-I
تماشای رایگان قسمت دوازدهم سریال محکوم در کانال یوتیوب تلویکا #ساره_بیات  #محکوم,https://www.youtube.com/watch?v=wMTEQG-CY7Q
سریال جادوگر - قسمت 5 | Jadugar Series - Episode 5,https://www.youtube.com/watch?v=MfUUjsKikAo
سریال جادوگر - قسمت 4 | Jadugar Series - Episode 4,https://www.youtube.com/watch?v=GGAeejsjKf0
سریال جادوگر - قسمت 3 | Jadugar Series - Episode 3,https://www.youtube.com/watch?v=HTn0UrVTuUo
سریال جادوگر - قسمت 2 | Jadugar Series - Episode 2,https://www.youtube.com/watch?v=t3vGR6BFAac
سریال جادوگر - قسمت 1 | Jadugar Series - Episode 1,https://www.youtube.com/watch?v=PPeQL0TBKag
فرهاد اصلانی و شبنم مقدمی در فیلم درام ستاره بازی | Setareh Bazi Movie,https://www.youtube.com/watch?v=5laJeQ0Uofs
عدالت، را از کودکی آموزش بدیم! #سپنج #یحیی_یثربی,https://www.youtube.com/watch?v=nky2MkufJpg
معنای واقعی تفکر... - سریال سپنج,https://www.youtube.com/watch?v=Daqm4gvEVjU
تماشای رایگان قسمت اول برنامه گنگ در کانال یوتیوب تلویکا #گنگ #gang,https://www.youtube.com/watch?v=1nX6unEBvEQ
مثل شایع - برنامه گنگ,https://www.youtube.com/watch?v=670MgjHtaS8
برنامه گنگ - قسمت 1 | Gang Program - Episode 1,https://www.youtube.com/watch?v=cqUrmS_4a5s
برنامه گنگ - تیزر رسمی قسمت 1 | Gang Program - Teaser Episode 1,https://www.youtube.com/watch?v=QH8k78kiUKE
رپری که پرو نباشه، رپر نیست... #گنگ #رپ,https://www.youtube.com/watch?v=T2rcfBiHeuo
برنامه گنگ - تیزر قسمت 1 | Gang Program - Teaser Episode 1,https://www.youtube.com/watch?v=CoYJec_FaFo
سریال هم گناه - فصل 2 - قسمت 12 (قسمت آخر) | Ham Gonah Series - Season 2 - Episode 12,https://www.youtube.com/watch?v=sg7j9MFSMf4
سریال هم گناه - فصل 2 - قسمت 11 | Ham Gonah Series - Season 2 - Episode 11,https://www.youtube.com/watch?v=ocgoVhf2Ofo
سریال هم گناه - فصل 2 - قسمت 10 | Ham Gonah Series - Season 2 - Episode 10,https://www.youtube.com/watch?v=iVb-LMdy8U4
سریال هم گناه - فصل 2 - قسمت 9 | Ham Gonah Series - Season 2 - Episode 9,https://www.youtube.com/watch?v=e0_Zq52p6do
سریال هم گناه - فصل 2 - قسمت 8 | Ham Gonah Series - Season 2 - Episode 8,https://www.youtube.com/watch?v=bWwaRHMCWU4
سریال اکنون - قسمت 55 | Aknoon Series - Episode 55,https://www.youtube.com/watch?v=sDgAVf_O8CQ
سریال هم گناه - فصل 2 - قسمت 7 | Ham Gonah Series - Season 2 - Episode 7,https://www.youtube.com/watch?v=2LoMIV77D68
سریال هم گناه - فصل 2 - قسمت 6 | Ham Gonah Series - Season 2 - Episode 6,https://www.youtube.com/watch?v=hWIH2qPsN6o
سریال هم گناه - فصل 2 - قسمت 5 | Ham Gonah Series - Season 2 - Episode 5,https://www.youtube.com/watch?v=EveNZoY5lJY
سریال هم گناه - فصل 2 - قسمت 4 | Ham Gonah Series - Season 2 - Episode 4,https://www.youtube.com/watch?v=XbeNxEW_2TQ
سریال هم گناه - فصل 2 - قسمت 3 | Ham Gonah Series - Season 2 - Episode 3,https://www.youtube.com/watch?v=Z0KThoLlyZ8
سریال هم گناه - فصل 2 - قسمت 2 | Ham Gonah Series - Season 2 - Episode 2,https://www.youtube.com/watch?v=iLPM7hlIMjw
سریال هم گناه - فصل 2 - قسمت 1 | Ham Gonah Series - Season 2 - Episode 1,https://www.youtube.com/watch?v=EXvH46-YmqA
سریال هم گناه - فصل 1 - قسمت 12 | Ham Gonah Series - Season 1 - Episode 12,https://www.youtube.com/watch?v=U_C_zxwb0l8
سریال هم گناه - فصل 1 - قسمت 11 | Ham Gonah Series - Season 1 - Episode 11,https://www.youtube.com/watch?v=hoZa9oM9Q9A
سریال هم گناه - فصل 1 - قسمت 10 | Ham Gonah Series - Season 1 - Episode 10,https://www.youtube.com/watch?v=0G7QkVpGyN0
قضیه کیف رو بهت توضیح می‌دم #شغال #سریال_جدید,https://www.youtube.com/watch?v=8oWVwMAvPis
تاوان کارهای تو گردن منو گرفته - سریال شغال,https://www.youtube.com/watch?v=35_3WERFsDo
سریال هم گناه - فصل 1 - قسمت 9 | Ham Gonah Series - Season 1 - Episode 9,https://www.youtube.com/watch?v=l0etRb9aRQo
سریال هم گناه - فصل 1 - قسمت 8 | Ham Gonah Series - Season 1 - Episode 8,https://www.youtube.com/watch?v=2TEO-sCjZGg
سریال هم گناه - فصل 1 - قسمت 7 | Ham Gonah Series - Season 1 - Episode 7,https://www.youtube.com/watch?v=dUldQCcvbaA
سریال هم گناه - فصل 1 - قسمت 6 | Ham Gonah Series - Season 1 - Episode 6,https://www.youtube.com/watch?v=htjbIQjgbnM
سریال هم گناه - فصل 1 - قسمت 5 | Ham Gonah Series - Season 1 - Episode 5,https://www.youtube.com/watch?v=lXsdtkK4EXo
سریال هم گناه - فصل 1 - قسمت 4 | Ham Gonah Series - Season 1 - Episode 4,https://www.youtube.com/watch?v=H_PK40X6Ghs
سریال هم گناه - فصل 1 - قسمت 3 | Ham Gonah Series - Season 1 - Episode 3,https://www.youtube.com/watch?v=xm6-rT1CpXA
سریال هم گناه - فصل 1 - قسمت 2 | Ham Gonah Series - Season 1 - Episode 2,https://www.youtube.com/watch?v=FdfgsHYDxHQ
سریال هم گناه - فصل 1 - قسمت 1 | Ham Gonah Series - Season 1 - Episode 1,https://www.youtube.com/watch?v=DCB8XMSr9_Y
تماشای رایگان سریال هم گناه در کانال یوتیوب تلویکا #سریال_ایرانی #هم_گناه,https://www.youtube.com/watch?v=GEY5z0cvZ6M
سریال روزی روزگاری مریخ - قسمت 26 (قسمت آخر) | Roozi Roozegari Merikh Series - Episode 26,https://www.youtube.com/watch?v=rTyk7MC1QtY
سریال روزی روزگاری مریخ - قسمت 25 | Roozi Roozegari Merikh Series - Episode 25,https://www.youtube.com/watch?v=bLYGLIQ1G0s
سریال روزی روزگاری مریخ - قسمت 24 | Roozi Roozegari Merikh Series - Episode 24,https://www.youtube.com/watch?v=iJW81miyiX0
سریال روزی روزگاری مریخ - قسمت 23 | Roozi Roozegari Merikh Series - Episode 23,https://www.youtube.com/watch?v=yL0T-nEQ7Xs
سریال روزی روزگاری مریخ - قسمت 22 | Roozi Roozegari Merikh Series - Episode 22,https://www.youtube.com/watch?v=ksHHyX02x4A
سریال روزی روزگاری مریخ - قسمت 21 | Roozi Roozegari Merikh Series - Episode 21,https://www.youtube.com/watch?v=DoqjbUFXuRs
حمید فرخ نژاد و شبنم مقدمی در فیلم درام جنایی زنبور کارگر | Zanboore Kargar Movie,https://www.youtube.com/watch?v=J89YrDm5sVw
سریال روزی روزگاری مریخ - قسمت 20 | Roozi Roozegari Merikh Series - Episode 20,https://www.youtube.com/watch?v=61nR4KiVHYM
سریال شغال - تیزر قسمت 20 | Shoghal Series - Teaser Episode 20,https://www.youtube.com/watch?v=OvgigHSgCkg
سریال روزی روزگاری مریخ - قسمت 19 | Roozi Roozegari Merikh Series - Episode 19,https://www.youtube.com/watch?v=bu-grTFVj5I
سریال روزی روزگاری مریخ - قسمت 18 | Roozi Roozegari Merikh Series - Episode 18,https://www.youtube.com/watch?v=UVyhix29qgM
سریال روزی روزگاری مریخ - قسمت 17 | Roozi Roozegari Merikh Series - Episode 17,https://www.youtube.com/watch?v=M7pfOR4rnOs
سریال روزی روزگاری مریخ - قسمت 16 | Roozi Roozegari Merikh Series - Episode 16,https://www.youtube.com/watch?v=PRtXdrcknAs
سریال روزی روزگاری مریخ - قسمت 15 | Roozi Roozegari Merikh Series - Episode 15,https://www.youtube.com/watch?v=AWgXzU5I7uI
سریال روزی روزگاری مریخ - قسمت 14 | Roozi Roozegari Merikh Series - Episode 14,https://www.youtube.com/watch?v=IoU_U4E6YMU
سریال روزی روزگاری مریخ - قسمت 13 | Roozi Roozegari Merikh Series - Episode 13,https://www.youtube.com/watch?v=V-4jaVM2H5s
سریال روزی روزگاری مریخ - قسمت 12 | Roozi Roozegari Merikh Series - Episode 12,https://www.youtube.com/watch?v=SzyX6otmuCk
سریال روزی روزگاری مریخ - قسمت 11 | Roozi Roozegari Merikh Series - Episode 11,https://www.youtube.com/watch?v=jAx3JIacpug
سریال روزی روزگاری مریخ - قسمت 10 | Roozi Roozegari Merikh Series - Episode 10,https://www.youtube.com/watch?v=XHONSaa17UQ
سریال روزی روزگاری مریخ - قسمت 9 | Roozi Roozegari Merikh Series - Episode 9,https://www.youtube.com/watch?v=FJNr0ygrfMQ
سریال روزی روزگاری مریخ - قسمت 8 | Roozi Roozegari Merikh Series - Episode 8,https://www.youtube.com/watch?v=yj-QtVO6GgM
سریال روزی روزگاری مریخ - قسمت 7 | Roozi Roozegari Merikh Series - Episode 7,https://www.youtube.com/watch?v=Oka-6zqpaqI
سریال روزی روزگاری مریخ - قسمت 6 | Roozi Roozegari Merikh Series - Episode 6,https://www.youtube.com/watch?v=GkgdnrwBO9w
سریال روزی روزگاری مریخ - قسمت 5 | Roozi Roozegari Merikh Series - Episode 5,https://www.youtube.com/watch?v=VBeJK0piNME
سریال روزی روزگاری مریخ - قسمت 4 | Roozi Roozegari Merikh Series - Episode 4,https://www.youtube.com/watch?v=sShh4OGpOBA
تماشای رایگان سریال روزی روزگاری مریخ در کانال یوتیوب تلویکا #کمدی  #روزی_روزگاری_مریخ,https://www.youtube.com/watch?v=z40jdnuEmsk
سریال روزی روزگاری مریخ - قسمت 3 | Roozi Roozegari Merikh Series - Episode 3,https://www.youtube.com/watch?v=pZP512SSutA
سریال روزی روزگاری مریخ - قسمت 1 و 2 |  Roozi Roozegari Merikh Series - Episode 1 & 2,https://www.youtube.com/watch?v=Yjp4M4JdGYI
بلد نیستی، نه؟ #شفرونی #کمدی,https://www.youtube.com/watch?v=W-ZH5cO1jko
سریال محکوم - قسمت 12 | Mahkoum Series - Episode 12,https://www.youtube.com/watch?v=G4wbaPkM9kI
چرا خسرو رو به حال خودش رها کردی؟ #محکوم #سریال_جدید,https://www.youtube.com/watch?v=3-8E5BPdAjY
پسرم از دیشب نیومده خونه - سریال محکوم,https://www.youtube.com/watch?v=b2iVsHIFjBg
سریال محکوم - تیزر قسمت 15 | Mahkoum Series - Teaser Episode 15,https://www.youtube.com/watch?v=rW_60lpCYPk
سریال هم گناه - تیزر | Ham Gonah Series - Teaser,https://www.youtube.com/watch?v=HwzoUV5GeJ0
"سروش صحت و رامبد جوان در فیلم کمدی چپ، راست | Chap, Rast Movie",https://www.youtube.com/watch?v=E3H2Ta-1Ozo
فیلم سینمایی ستاره بازی - تیزر | Setareh Bazi Movie - Teaser,https://www.youtube.com/watch?v=aXfPSlcRtew
فرهنگ فارسی با آقای دیپلومات دراگو اشتامبوک - سریال اکنون,https://www.youtube.com/watch?v=6sb6FR2FrL0
کل کل از همین جا شروع شد! - سریال شفرونی,https://www.youtube.com/watch?v=hSE6zDxKVQA
مترجم کتاب شما، همکلاسی من بود! #اکنون #سروش_صحت,https://www.youtube.com/watch?v=v7OgqC8Wb3k
قبل از اقدام من پسر بود #شفرونی #نیما_شعبان_نژاد,https://www.youtube.com/watch?v=O-ju3VagfTg
سریال اکنون - تیزر قسمت 55 | Aknoon Series - Teaser Episode 55,https://www.youtube.com/watch?v=iyasSs7AsRY
سریال شفرونی - تیزر مهمون مخفی قسمت 11 | Cheferoni Series - Teaser,https://www.youtube.com/watch?v=wCNWglT6HOQ
سریال شفرونی - قسمت 10 | Cheferoni Series - Episode 10,https://www.youtube.com/watch?v=yQqTSdcJ1BQ
تماشای رایگان قسمت دهم شفرونی در کانال یوتیوب تلویکا #کمدی  #شفرونی,https://www.youtube.com/watch?v=ZYs3_J_LURw
سریال شفرونی - تیزر قسمت 11 | Cheferoni Series - Teaser Epsidoe 11,https://www.youtube.com/watch?v=ZbSSAWuf7B0
"تماشای رایگان فیلم ""هفته ای یکبار آدم باش"" در کانال یوتیوب تلویکا  #هفته_ای_یکبار_آدم_باش #فیلم_جدید",https://www.youtube.com/watch?v=JF2zjD5VwG8
"تماشای رایگان فیلم ""زعفرانیه 14 تیر"" در کانال یوتیوب تلویکا  #زعفرانیه_14_تیر #فیلم_جدید",https://www.youtube.com/watch?v=fkECUNcPINQ
نازنین بیاتی و مهدی هاشمی در فیلم زعفرانیه 14 تیر | Zaferaniyeh 14 Tir Movie,https://www.youtube.com/watch?v=vrZBRqIAnCE
سریال سپنج - قسمت 45 | Sepanj Series - Episode 45,https://www.youtube.com/watch?v=Ol2wewNbvwQ
سریال شفرونی - معرفی مهمانان - دارا حیایی و کیسان دیباج | Cheferoni Series - Teaser,https://www.youtube.com/watch?v=Tm9ga8Jy3xU
فیلم سینمایی زنبور کارگر - تیزر | Zanboore Kargar Movie - Teaser,https://www.youtube.com/watch?v=GhVDfgSlujw
فیلم سینمایی زعفرانیه 14 تیر - تیزر | Zaferaniyeh 14 Tir Movie - Teaser,https://www.youtube.com/watch?v=FvrRQi49goA
پشت صحنه سریال ساخت ایران - فصل 3  | Sakhte Iran Series - Season 3,https://www.youtube.com/watch?v=nfzhjp_BKPY
پژمان جمشیدی و رعنا آزادی ور در فیلم کمدی هفته ای یک بار آدم باش | Haftei Yek Bar Adam Bash Movie,https://www.youtube.com/watch?v=qApB3BQzrFY
منابع داریم، اما نمی‌تونیم استفاده کنیم #سپنج #مسعود_نیلی,https://www.youtube.com/watch?v=EyWv-fBz3Jc
میراثی برای آیندگان... - سریال سپنج,https://www.youtube.com/watch?v=Ggp4PBz6EHE
سریال سپنج - تیزر قسمت 45 | Sepanj Series - Teaser Episode 45,https://www.youtube.com/watch?v=HGjjZOkWH8Q
سریال اکنون - قسمت 54 | Aknoon Series - Episode 54,https://www.youtube.com/watch?v=uN2rc4_Bbck
"تماشای رایگان قسمت پنجاه و چهارم ""اکنون"" در کانال یوتیوب تلویکا #سروش_صحت #اکنون",https://www.youtube.com/watch?v=GDSLy6uLdCw
دیگه، دنبال فرار نیستم... #شغال #سریال_جدید,https://www.youtube.com/watch?v=buwl3kwG3CI
تو دکتری یا بازجو؟؟ - سریال شغال,https://www.youtube.com/watch?v=t_fblgUX-i4
نیما شعبان نژاد و آناهیتا درگاهی در فیلم کمدی تورقوزآباد | Tur quz Abad Movie,https://www.youtube.com/watch?v=UyMqpIdXhiQ
"تماشای رایگان فیلم ""تورقوزآباد"" در کانال یوتیوب تلویکا  #تورقوزآباد #فیلم_جدید",https://www.youtube.com/watch?v=5j-SNs_Rjrs
سریال شغال - تیزر قسمت 19 | Shoghal Series - Teaser Episode 19,https://www.youtube.com/watch?v=mzR-u3p8zKQ
سریال محکوم - قسمت 11 | Mahkoum Series - Episode 11,https://www.youtube.com/watch?v=mO1-hfcB7u4
تماشای رایگان قسمت یازدهم سریال محکوم در کانال یوتیوب تلویکا #ساره_بیات  #محکوم,https://www.youtube.com/watch?v=JwlFHEHYVyE
سریال نهنگ آبی - خلاصه قسمت های 1 تا 15 | Nahange Abi Series - Kholase 1-15,https://www.youtube.com/watch?v=Iilwmb28FCs
"تماشای رایگان فیلم ""مغز استخوان"" در کانال یوتیوب تلویکا  #مغز_استخوان #جواد_عزتی",https://www.youtube.com/watch?v=EIcGASX-oWM
"تماشای رایگان فیلم ""کارزار"" در کانال یوتیوب تلویکا  #کارزار #فیلم_جدید",https://www.youtube.com/watch?v=qdKxXcEGjyw
اون دختره رو من کشتم #محکوم #ساره_بیات,https://www.youtube.com/watch?v=Fm4jaLwHubs
برای چی تیکه به من میندازی؟؟ - سریال محکوم,https://www.youtube.com/watch?v=KokmmZXhgG8
پریناز ایزدیار و جواد عزتی در فیلم درام مغز استخوان | Maghze Ostokhan Movie,https://www.youtube.com/watch?v=E0MgPe0WpXg
سریال محکوم - تیزر قسمت 14 | Mahkoum Series - Teaser Episode 14,https://www.youtube.com/watch?v=AmqCmz2K8AE
یه جوک تعریف کنم؟ #اکنون #سروش_صحت,https://www.youtube.com/watch?v=ceR6sYLdv08
نه آقا اون تو فیلمه #شفرونی #کمدی,https://www.youtube.com/watch?v=iu4Cs5ZR4f4
دوقلوهای پرحاشیه - سریال شفرونی,https://www.youtube.com/watch?v=jFjQTCgWax0
طهران شهری فراموش شده... - سریال اکنون,https://www.youtube.com/watch?v=xKrtR7jJCl4
سریال اکنون - تیزر قسمت 54 | Aknoon Series - Teaser Episode 54,https://www.youtube.com/watch?v=9uP1oFKhcUg
سریال شفرونی - قسمت 9 | Cheferoni Series - Episode 9,https://www.youtube.com/watch?v=QKve93XfX6Q
تماشای رایگان قسمت نهم شفرونی در کانال یوتیوب تلویکا #کمدی  #شفرونی,https://www.youtube.com/watch?v=G1jOhu5mFlo
سریال شفرونی - تیزر قسمت 10 | Cheferoni Series - Teaser Epsidoe 10,https://www.youtube.com/watch?v=kSSCghpAvxI
پریناز ایزدیار در مغز استخوان #مغز_استخوان #پریناز_ایزدیار,https://www.youtube.com/watch?v=QE-bOdaA364
ممیزی - فصل 3 - قسمت 17 (قسمت آخر) | Momayezi - Season 3 - Episode 17,https://www.youtube.com/watch?v=5N77551kCnU
امیر آقایی و نسیم ادبی در فیلم درام خانوادگی کارزار | Karzar Movie,https://www.youtube.com/watch?v=P6df_XI_i_k
سریال سپنج - قسمت 44 | Sepanj Series - Episode 44,https://www.youtube.com/watch?v=b0mqp0rLhPE
"تماشای رایگان فیلم ""خط استوا"" در کانال یوتیوب تلویکا #خط_استوا #فیلم_جدید",https://www.youtube.com/watch?v=Y2tb3iDA6mI
جواد عزتی در مغز استخوان #مغز_استخوان #جواد_عزتی,https://www.youtube.com/watch?v=m0gVVZp-s_c
فیلم سینمایی تورقوزآباد - تیزر رسمی | Turquz Abad - Teaser,https://www.youtube.com/watch?v=gNbJEQl2OMA
فرهاد اصلانی و سیامک انصاری در فیلم کمدی خط استوا | Khate Ostova Movie,https://www.youtube.com/watch?v=JNfB0EoTQOI
"تماشای رایگان فیلم ""گشت ارشاد 3"" در کانال یوتیوب تلویکا #گشت_ارشاد_3 #فیلم_جدید",https://www.youtube.com/watch?v=4_SD1dPGCis
"تماشای رایگان فیلم ""صحنه زنی"" در کانال یوتیوب تلویکا #صحنه_زنی #فیلم_جدید",https://www.youtube.com/watch?v=Z7QPWCwUqbs
فیلم سینمایی مغز استخوان - تیزر رسمی | Maghze Ostokhan Movie - Teaser,https://www.youtube.com/watch?v=0ADs4KjDNvk
تماشای رایگان قسمت دهم سریال محکوم در کانال یوتیوب تلویکا #مهران_غفوریان  #محکوم,https://www.youtube.com/watch?v=uxLxnWDqVwE
"تماشای رایگان قسمت پنجاه و سوم ""اکنون"" در کانال یوتیوب تلویکا #سروش_صحت #اکنون",https://www.youtube.com/watch?v=Ig7RWf5NH-Y
فیلم سینمایی خط استوا - تیزر | Khate Ostova Movie - Teaser,https://www.youtube.com/watch?v=Mqh8mjppip4
باید دوست بداریم، تا دوستمان داشته باشند #سپنج #تاک_شو,https://www.youtube.com/watch?v=cTM_tjvPoQI
عشق حال دل رو خوب می کنه! - سریال سپنج,https://www.youtube.com/watch?v=aQ7klPDS8cw
سریال سپنج - تیزر قسمت 44 | Sepanj Series - Teaser Episode 44,https://www.youtube.com/watch?v=agzylixmXRY
سریال اکنون - قسمت 53 | Aknoon Series - Episode 53,https://www.youtube.com/watch?v=MxHZUloLOAQ
تو چی می‌دونی که به ما نگفتی #شغال #سریال_جدید,https://www.youtube.com/watch?v=lyhV8N3Dx4Q
اینم از زنت یاد گرفتی؟ - سریال شغال,https://www.youtube.com/watch?v=3dH3e_o6lQs
بهرام افشاری و مهتاب کرامتی در فیلم خانوادگی صحنه زنی | Sahne Zani Movie,https://www.youtube.com/watch?v=oDC4adjRPwI
سریال شغال - تیزر قسمت 18 | Shoghal Series - Teaser Episode 18,https://www.youtube.com/watch?v=ZIwplIoC6Xg
فیلم سینمایی کارزار - تیزر | Karzar Movie - Teaser,https://www.youtube.com/watch?v=6Dcx4f3GHpg
سریال محکوم - قسمت 10 | Mahkoum Series - Episode 10,https://www.youtube.com/watch?v=mj3K8qeJyaY
فیلم سینمایی صحنه زنی - تیزر | Sahne Zani Movie - Teaser,https://www.youtube.com/watch?v=c1CH4kc1OOs
فقط یک درصد... برای نجات یک بی گناه #محکوم #پژمان_جمشیدی,https://www.youtube.com/watch?v=fnd-9zB6LsU
یه قدم اومدی... برای رضایت؟ - سریال محکوم,https://www.youtube.com/watch?v=LHG7pfWhOyg
سریال محکوم - تیزر قسمت 13 | Mahkoum Series - Teaser Episode 13,https://www.youtube.com/watch?v=oliZYLWifHA
فیلم سینمایی گشت ارشاد 3 - تیزر | Gashte Ershad 3 Movie - Teaser,https://www.youtube.com/watch?v=j4w3jEru-1o
ساعد سهیلی و امیر جعفری در فیلم کمدی گشت ارشاد 3 | Gashte Ershad 3 Movie,https://www.youtube.com/watch?v=uvHgV0aQ9RU
فیلم سینمایی تی تی - تیزر بین المللی | Titi Movie - Teaser,https://www.youtube.com/watch?v=ZxXR9FKZbFg
تماشای رایگان قسمت هشتم شفرونی در کانال یوتیوب تلویکا #کمدی  #شفرونی,https://www.youtube.com/watch?v=dpjESko7UCw
سریال سپنج - تیزر قسمت 43 | Sepanj Series - Teaser Episode 43,https://www.youtube.com/watch?v=Okal1H6Jzrk
کلاس درس بازیگری با آقای بازیگر - سریال اکنون,https://www.youtube.com/watch?v=K3_qVR0qsPU
بازیگر، باید خوب ببینه و خوب بشنوه! #اکنون #پرویز_پرستویی,https://www.youtube.com/watch?v=-V6YHl2-YCY
سریال اکنون - تیزر قسمت 53 | Aknoon Series - Teaser Episode 53,https://www.youtube.com/watch?v=T7AmhnE8FxU
ما خارج بودیم #شفرونی #نیما_شعبان_نژاد,https://www.youtube.com/watch?v=eu0--K8sxR8
کابلی پلو رسید... کت تن کیه؟ - سریال شفرونی,https://www.youtube.com/watch?v=ZB5jV2SY22k
نهمین راز مخفی شفرونی کی میتونه باشه #شفرونی #نیما_شعبان_نژاد,https://www.youtube.com/watch?v=CMJ8pDDg6E4
سریال شفرونی - معرفی مهمانان - هلیا امامی و محیا دهقانی | Cheferoni Series - Teaser,https://www.youtube.com/watch?v=4ATcYnn6itU
سریال شفرونی - تیزر قسمت 9 | Cheferoni Series - Teaser Epsidoe 9,https://www.youtube.com/watch?v=jViQlqqBSMk
سریال شفرونی - قسمت 8 | Cheferoni Series - Episode 8,https://www.youtube.com/watch?v=JMvTqrR71tk
پژمان جمشیدی و امیر جعفری در فیلم کمدی دایناسور | Dinosaur Movie,https://www.youtube.com/watch?v=n5nvItzSayk
"تماشای رایگان فیلم ""دایناسور"" در کانال یوتیوب تلویکا #دایناسور #فیلم_جدید",https://www.youtube.com/watch?v=Rw4vZ_pqZ7U
سریال سپنج - قسمت 43 | Sepanj Series - Episode 43,https://www.youtube.com/watch?v=a1YAyQCI_Js
"تماشای رایگان قسمت پنجاه و دوم ""اکنون"" در کانال یوتیوب تلویکا #سروش_صحت #اکنون",https://www.youtube.com/watch?v=p4pO0oe9yrE
"تماشای رایگان فیلم ""تی تی"" در کانال یوتیوب تلویکا #تی_تی #فیلم_جدید",https://www.youtube.com/watch?v=l3FgqD73qKY
"تماشای رایگان فیلم ""شب طلایی"" در کانال یوتیوب تلویکا #شب_طلایی #فیلم_جدید",https://www.youtube.com/watch?v=GaN5gQivAE0
الناز شاکردوست و هوتن شکیبا در فیلم عاشقانه تی تی | Titi Movie,https://www.youtube.com/watch?v=z7zYqV03Qsg
فیلم سینمایی دایناسور - تیزر | Dinosaur Movie - Teaser,https://www.youtube.com/watch?v=zaE9nl0bQEE
معلمان آینده کشور... #سپنج,https://www.youtube.com/watch?v=Fsys7SpKCJo
تسلط دنیا روی قواعد... - سریال سپنج,https://www.youtube.com/watch?v=82_jMCDz9jc
سریال اکنون - قسمت 52 | Aknoon Series - Episode 52,https://www.youtube.com/watch?v=573z4w5Abvk
این شراکت به نفع همه ماست - سریال شغال,https://www.youtube.com/watch?v=TKy5vONM0Ls
خب بیا خونه ما #شغال #سریال_جدید,https://www.youtube.com/watch?v=4CAAlpEBb8c
امین حیایی و امیر جعفری در فیلم کمدی هاوایی | Hawaii Movie,https://www.youtube.com/watch?v=KB6ei0dWTq0
سریال شغال - تیزر قسمت 17 | Shoghal Series - Teaser Episode 17,https://www.youtube.com/watch?v=GlGOMjUElIQ
تماشای رایگان قسمت نهم سریال محکوم در کانال یوتیوب تلویکا #ساره_بیات  #محکوم,https://www.youtube.com/watch?v=hXsVvM50rRc
سریال محکوم - قسمت 9 | Mahkoum Series - Episode 9,https://www.youtube.com/watch?v=xvamzTahmW0
آیین رهایی مرگ و باورها - سریال اکنون,https://www.youtube.com/watch?v=TYlJqmXzCUI
من چجوری باور کنم #محکوم #ساره_بیات,https://www.youtube.com/watch?v=VG_U4stm8VQ
تو رو ازشون می گیرم... هر طور شده - سریال محکوم,https://www.youtube.com/watch?v=FlLnFVIKe7I
سریال محکوم - تیزر قسمت 12 | Mahkoum Series - Teaser Episode 12,https://www.youtube.com/watch?v=IM8xSyIofqo
یکتا ناصر و حسن معجونی در فیلم درام شب طلایی | Shabe Talaei Movie,https://www.youtube.com/watch?v=vb34ZyQx6is
فیلم سینمایی شب طلایی - تیزر رسمی | Shab Talaei Movie - Teaser,https://www.youtube.com/watch?v=kC9ET73TAag
"قسمت جدید برنامه ""اکنون"": هند #اکنون #سروش_صحت",https://www.youtube.com/watch?v=hi3KfBkNrEs
سریال اکنون - تیزر قسمت 52 | Aknoon Series - Teaser Episode 52,https://www.youtube.com/watch?v=2ruBaq70mlo
سریال شفرونی - قسمت 7 | Cheferoni Series - Episode 7,https://www.youtube.com/watch?v=BQ6OJLUffqk
خاطره نیما شعبان نژاد از اتفاق عجیب توی هتل ترکیه! #شفرونی #نیما_شعبان_نژاد,https://www.youtube.com/watch?v=TCKHpRswadQ
ضرب المثل های ترکی #شفرونی #نیما_شعبان_نژاد,https://www.youtube.com/watch?v=-Ti21f4PWug
شب ترکی عشق آبکی! - سریال شفرونی,https://www.youtube.com/watch?v=6tLglfS9SxA
هشتمین راز مخفی شفرونی کی میتونه باشه #شفرونی #رویا_میر_علمی,https://www.youtube.com/watch?v=lat6kBbw-Co
سریال سپنج - قسمت 42 | Sepanj Series - Episode 42,https://www.youtube.com/watch?v=y9g-VlV8ZZs
سریال شفرونی - شب ترکیه در شفرونی؛ دونِر فرمانروایی می‌کنه - تیزر قسمت 8 | Cheferoni Series - Teaser,https://www.youtube.com/watch?v=w-_WIdBT1Jw
سریال شفرونی - تیزر قسمت 8 | Cheferoni Series - Teaser Episode 8,https://www.youtube.com/watch?v=h6qa-qkrYX0
قیمت گذاری چه‌طور انجام می‌شه؟ #سپنج,https://www.youtube.com/watch?v=OZ99qCWqwts
در ایران کارمند آمریکایی داشتیم! - سریال سپنج,https://www.youtube.com/watch?v=Y1NlX7KUJvA
تماشای رایگان قسمت هشتم سریال محکوم در کانال یوتیوب تلویکا #ساره_بیات  #محکوم,https://www.youtube.com/watch?v=TudGUURygGI
سریال سپنج - تیزر قسمت 42 | Sepanj Series - Teaser Episode 42,https://www.youtube.com/watch?v=bi7vm3LNvn0
چرا دیشب به پلیس نگفتی؟ #شغال #سریال_جدید,https://www.youtube.com/watch?v=Wkzd4WguRGk
جفت تون رو چال می کنم - سریال شغال,https://www.youtube.com/watch?v=mhlZmOMjzbM
"تماشای رایگان قسمت پنجاه و یکم ""اکنون"" در کانال یوتیوب تلویکا #سروش_صحت #اکنون",https://www.youtube.com/watch?v=FjSIq5Xz_N4
سریال اکنون - قسمت 51 | Aknoon Series - Episode 51,https://www.youtube.com/watch?v=2TjHhPe11Uk
سریال شغال - تیزر قسمت 16 | Shoghal Series - Teaser Episode 16,https://www.youtube.com/watch?v=gshm1NnHuh8
همایون ارشادی، رویا نونهالی و رضا کیانیان در فیلم داستان دست انداز | Dastane Dastandaz Movie,https://www.youtube.com/watch?v=qW4W3NqkQMg
"تماشای رایگان فیلم ""داستان دست انداز"" در کانال یوتیوب تلویکا #داستان_دست_انداز #فیلم_جدید",https://www.youtube.com/watch?v=viuTYlaTz1g
سریال محکوم - قسمت 8 | Mahkoum Series - Episode 8,https://www.youtube.com/watch?v=E2q_Eyst_Yw
میخوای بدونی چاقو کجاست؟ - سریال محکوم,https://www.youtube.com/watch?v=IqS9MiKgKxI
تو الان خوشحالی؟! #محکوم #سریال_جدید,https://www.youtube.com/watch?v=44SaAkf_iUw
سریال محکوم - تیزر قسمت 11 | Mahkoum Series - Teaser Episode 11,https://www.youtube.com/watch?v=CHY0JyPN6mA
نسل سوخته یعنی کدوم نسل؟ - سریال اکنون,https://www.youtube.com/watch?v=R0LuS75wzv4
هر چیزی رو سفید یا سیاه مطلق نبینیم #اکنون #آذرخش_مکری,https://www.youtube.com/watch?v=YsJUsryLCrk
سریال اکنون - تیزر قسمت 51 | Aknoon Series - Teaesr Episode 51,https://www.youtube.com/watch?v=024XsbnDc6E
تماشای رایگان قسمت ششم شفرونی در کانال یوتیوب تلویکا #کمدی  #شفرونی,https://www.youtube.com/watch?v=L9D_PML8LlU
سریال شفرونی - قسمت 6 | Cheferoni Series - Episode 6,https://www.youtube.com/watch?v=-UtCMg96uEU
یه شب ایتالیایی و کلی پیتزا - سریال شفرونی,https://www.youtube.com/watch?v=63HATGv92C8
شفرونی قسمت هفتم #شفرونی #نیما_شعبان_نژاد,https://www.youtube.com/watch?v=_c_1J45j5sY
گُل واسه آشناهاست، واسه غریبه پوچه… - سری دوم بازی گل یا پوچ,https://www.youtube.com/watch?v=PZ3n-87ANZQ
سریال شفرونی - تیزر قسمت 7 | Cheferoni Series - Teaser Episode 7,https://www.youtube.com/watch?v=4CxKGU8HfmM
سریال سپنج - قسمت 41 | Sepanj Series - Episode 41,https://www.youtube.com/watch?v=aXC6Y-pccQM
"10 سکانس تاثیرگذار از برنامه ""اکنون"" به انتخاب تلویکا #اکنون #سکانس_برتر",https://www.youtube.com/watch?v=rdB35xwtCAE
سریال شفرونی - معرفی مهمانان - الیکا عبدالرزاقی و جواد خواجوی | Cheferoni Series - Teaser,https://www.youtube.com/watch?v=YiKA4Xb5BxU
10 سکانس تاثیر گذار از برنامه اکنون به انتخاب تلویکا - سریال اکنون,https://www.youtube.com/watch?v=AXZjbsxlY_Y
سریال سپنج - تیزر قسمت 41 | Sepanj Series - Teaser Episode 41,https://www.youtube.com/watch?v=qeAMirSZh-g
زمان مدرسه بی دلیل کتک می زدن - سریال سپنج,https://www.youtube.com/watch?v=05_iOLEaWeo
از بچگی، هنر بیاموزیم #سپنج,https://www.youtube.com/watch?v=ITEfRocLjwY
سریال اکنون - قسمت 50 | Aknoon Series - Episode 50,https://www.youtube.com/watch?v=wvQibG5wU98
"تماشای رایگان قسمت پنجاهم ""اکنون"" در کانال یوتیوب تلویکا #سروش_صحت #اکنون",https://www.youtube.com/watch?v=oxwsaK-x_c0
شما برای چی اومدید شمال؟ #شغال #سریال_جدید,https://www.youtube.com/watch?v=piiddTiBsOE
ما باید تمومش کنیم - سریال شغال,https://www.youtube.com/watch?v=iAdIPh2CoNI
علی صادقی، سوسن پرور و پوریا پورسرخ در فیلم سلام علیکم حاج آقا | Salam Alaikum Haj Agha Movie,https://www.youtube.com/watch?v=W03y4ZrT-ZI
"تماشای رایگان فیلم ""سلام علیکم حاج آقا"" در کانال یوتیوب تلویکا #سلام_علیکم_حاج_آقا #فیلم_کمدی",https://www.youtube.com/watch?v=BDm_wajB5x4
تماشای رایگان قسمت یازدهم فصل 5 «ممیزی» در کانال یوتیوب تلویکا #ممیزی,https://www.youtube.com/watch?v=WLtaKWLCjL4
سریال شغال - تیزر قسمت 15 | Shoghal Series - Teaser Episode 15,https://www.youtube.com/watch?v=_YAXyXmGmW8
سریال ممیزی - فصل 5 - قسمت 11 | Serial Momayyezi - Season 5 - Episode 11,https://www.youtube.com/watch?v=zffd0vQZwzE
تماشای رایگان قسمت هفتم سریال محکوم در کانال یوتیوب تلویکا #پژمان_جمشیدی #محکوم,https://www.youtube.com/watch?v=2Pn6GA-I7pA
سریال محکوم - قسمت 7 | Mahkoum Series - Episode 7,https://www.youtube.com/watch?v=Qr1fWvyp_tc
تماشای رایگان قسمت ششم سریال محکوم در کانال یوتیوب تلویکا #پژمان_جمشیدی #محکوم,https://www.youtube.com/watch?v=VvGx76E93Kk
ببخشید، امروز تندی کردم #محکوم #ساره_بیات,https://www.youtube.com/watch?v=-gU1goqXGl4
دلم می خواد نابودت کنم - سریال محکوم,https://www.youtube.com/watch?v=7zQ5yPzXgjs
سریال محکوم - تیزر قسمت 10 | Mahkoum Series - Teaser Episode 10,https://www.youtube.com/watch?v=w_Rwko70AQQ
امید به بازسازی بافتِ بدن... #اکنون #سروش_صحت,https://www.youtube.com/watch?v=jk9PGMx5XTk
ورودی های دریافت انسان - سریال اکنون,https://www.youtube.com/watch?v=UFV71SJyuEA
سریال اکنون - تیزر قسمت 50 | Aknoon Series - Teaesr Episode 50,https://www.youtube.com/watch?v=BbIO9s56taE
تماشای رایگان قسمت پنجم شفرونی در کانال یوتیوب تلویکا #کمدی  #شفرونی,https://www.youtube.com/watch?v=fEYfhl42h3Q
سریال شفرونی - قسمت 5 | Cheferoni Series - Episode 5,https://www.youtube.com/watch?v=SSgxfD6_2SA
فیلم سینمایی سلام علیکم حاج آقا - تیزر | Salam Alaikum Haj Agha Movie - Teaser,https://www.youtube.com/watch?v=uqJHZ8XtC2c
ترسناک نیستم جذبه دارم - سریال شفرونی,https://www.youtube.com/watch?v=4RNzDUwrVww
شب شفرونی چین اصلا یه طور دیگه‌س #شفرونی #مریم_امیرجلالی,https://www.youtube.com/watch?v=zYxyZV9LQiU
شب چین اژدها وارد میشود #شفرونی #کمدی,https://www.youtube.com/watch?v=iIu-SY4akJg
سریال شفرونی - تیزر قسمت 6 | Cheferoni Series - Teaser Episode 6,https://www.youtube.com/watch?v=n2wgjQ4qK3U
سریال سپنج - قسمت 40 | Sepanj Series - Episode 40,https://www.youtube.com/watch?v=ZaNrDoilBdY
"تماشای رایگان فیلم سینمایی ""آریاشهر دو نفر"" در کانال یوتیوب تلویکا #آریاشهر_دو_نفر #فیلم_کمدی",https://www.youtube.com/watch?v=djnt2mwEyxQ
سریال شفرونی - معرفی مهمانان - مریم امیر جلالی و نصرالله رادش | Cheferoni Series - Teaser,https://www.youtube.com/watch?v=VSB6S6yVNaM
سریال ممیزی - فصل 5 - تیزر قسمت 11 | Serial Momayyezi - Season 5 -Teaser Episode 11,https://www.youtube.com/watch?v=_y13jRSXh9M
خوردن، وایتکس با لیموترش! #سپنج,https://www.youtube.com/watch?v=4GTseC18YPQ
اتفاقات عجیب در دوران کرونا! - سریال سپنج,https://www.youtube.com/watch?v=DtBKt3JpE28
سریال سپنج - تیزر قسمت 40 | Sepanj Series - Teaser Episode 40,https://www.youtube.com/watch?v=CG58B10BeK0
"تماشای رایگان فیلم سینمایی ""آریاشهر دو نفر"" در کانال یوتیوب تلویکا #آریا_شهر_دو_نفر #فیلم_کمدی",https://www.youtube.com/watch?v=ozWbQTHO5bo
محسن کیایی، مهران احمدی و علی اوجی در فیلم آریاشهر دو نفر | Aryashahr Do Nafar Movie,https://www.youtube.com/watch?v=F--dei9n3oA
"تماشای رایگان قسمت چهل و نهم ""اکنون"" در کانال یوتیوب تلویکا #سروش_صحت #اکنون",https://www.youtube.com/watch?v=pekC3cK0wc4
سریال اکنون - قسمت 49 | Aknoon Series - Episode 49,https://www.youtube.com/watch?v=PshGo9uoGKU
کاری که تو کردی، حیون هم نمی‌کرد #شغال,https://www.youtube.com/watch?v=hiTXmolAlCE
اون پنج نفر دیگه کیا بودن؟ - سریال شغال,https://www.youtube.com/watch?v=_-xQ-ioXzAY
سریال شغال - تیزر قسمت 14 | Shoghal Series - Teaser Episode 14,https://www.youtube.com/watch?v=qjEGZXG0alU
رضا بابک و گلچهره سجادیه در فیلم ترک عمیق | Tarake Amigh Movie,https://www.youtube.com/watch?v=USlUA0DMe3M
"تماشای رایگان فیلم سینمایی ""ترک عمیق"" در کانال یوتیوب تلویکا #ترک_عمیق #رضا_بابک",https://www.youtube.com/watch?v=mqphtiAD4lk
سریال ممیزی - فصل 5 - قسمت 10 | Serial Momayyezi - Season 5 - Episode 10,https://www.youtube.com/watch?v=_RPZZqIODXU
تماشای رایگان قسمت دهم فصل 5 «ممیزی» در کانال یوتیوب تلویکا #ممیزی,https://www.youtube.com/watch?v=9fzro5uDL8Y
سریال محکوم - قسمت 6 | Mahkoum Series - Episode 6,https://www.youtube.com/watch?v=BQf13kfZnIM
دوست داشتم... چرا نفهمیدی؟ - سریال محکوم,https://www.youtube.com/watch?v=bWqgUncYbGg
تو ساقی‌گری نون هست؟ آره #محکوم #پژمان_جمشیدی,https://www.youtube.com/watch?v=iyd1Sd274ck
"تماشای رایگان قسمت چهل و هشتم ""اکنون"" در کانال یوتیوب تلویکا #سروش_صحت #اکنون",https://www.youtube.com/watch?v=dUJyYgvZnvU
سریال اکنون - قسمت 48 | Aknoon Series - Episode 48,https://www.youtube.com/watch?v=ZaK7erMi3F0
فیلم سینمایی آریاشهر دو نفر - تیزر | Aryashahr Do Nafar Movie - Teaser,https://www.youtube.com/watch?v=w0fVC7fsUjc
سریال محکوم - تیزر قسمت 9 | Mahkoum Series - Teaser Episode 9,https://www.youtube.com/watch?v=C9R2kiisfdQ
آیا دلار بخریم؟ #اکنون #سروش_صحت,https://www.youtube.com/watch?v=2ivD3EjN4zA
ما اقتصاد رو نمی فهمیم!! - سریال اکنون,https://www.youtube.com/watch?v=v2vIA_yjIeY
تماشای رایگان قسمت چهارم شفرونی در کانال یوتیوب تلویکا #نیما_شعبان_نژاد #شفرونی,https://www.youtube.com/watch?v=nuCoyIgrBl0
سریال اکنون - تیزر قسمت 49 | Aknoon Series - Teaser Episode 49,https://www.youtube.com/watch?v=R3QcRjcLclc
سریال شفرونی - قسمت 4 | Cheferoni Series - Episode 4,https://www.youtube.com/watch?v=u6nE-RYZst4
جواد عزتی و رعنا آزادی ور در فیلم سینمایی زخم کاری انتقام | Zakhm Kari Entegham Movie,https://www.youtube.com/watch?v=6lnFB8wXNlg
آشپزی در ارتفاع زیاد - سریال شفرونی,https://www.youtube.com/watch?v=lOYxYnJu_Qo
حادثه برای مهران غفوریان! #شفرونی #مهران_غفوریان,https://www.youtube.com/watch?v=26ROY5ulJHI
تیزر مهمان مخفی شفرونی قسمت 5 #شفرونی #کمدی,https://www.youtube.com/watch?v=HCFopE0_2DY
سریال سپنج - قسمت 39 | Sepanj Series - Episode 39,https://www.youtube.com/watch?v=rTarwGW1UqM
سریال شفرونی - وقتی فلافل یکه تازی میکنه و خودش و جای چلو گردن جا میزنه! | Cheferoni Series - Teaser,https://www.youtube.com/watch?v=1mp4K-gY_nc
"تماشای رایگان قسمت چهل و هفتم ""اکنون"" در کانال یوتیوب تلویکا #امیر_خادم #اکنون",https://www.youtube.com/watch?v=ciXRLcMDsx4