title,url
نسیم ادبی، صحرا اسدالهی و مرتضی امینی تبار در فیلم درام مرجان | Marjan Movie,https://www.youtube.com/watch?v=6_AejAaxO68
گفتم ابراهیم گرگه، سرتو میبره #بدنام,https://www.youtube.com/watch?v=cvmxRHewOGI
سریال بدنام - قسمت 16 | Badnam Series - Episode 16,https://www.youtube.com/watch?v=Aq9QcoUzfXo
سریال آرزوهای چپکی - تیزر قسمت 3 | Arezohaye Chapaki Series - Teaser Episode 3,https://www.youtube.com/watch?v=4btMc2siMAA
خیلی بی غیرتی #بدنام,https://www.youtube.com/watch?v=LydAnBXXyfo
سریال صداتو - فصل 1 - تیزر قسمت 1 | Sedato Series - Season 1 - Teaser Episode 1,https://www.youtube.com/watch?v=eFdwRXLklz0
سریال بدنام - قسمت 15 | Badnam Series - Episode 15,https://www.youtube.com/watch?v=W9zelzMCfuQ
ببین بچه، جلو توپچی ترقه در نکن #بدنام,https://www.youtube.com/watch?v=t39STgHIvu4
بچه های ما غیرتی ان... - سریال بدنام,https://www.youtube.com/watch?v=fT6B7i4JmxY
سریال آرزوهای چپکی - تیزر قسمت 2 | Arezohaye Chapaki Series - Teaser Episode 2,https://www.youtube.com/watch?v=BDXaASguvKc
سریال گل یا پوچ - تیزر قسمت 10 | Gol Ya Pooch Series - Teaser Episode 10,https://www.youtube.com/watch?v=nQ_uZw9GnGg
سریال بدنام - تیزر قسمت 18 | Badnam Series - Teaser Episode 18,https://www.youtube.com/watch?v=97WsROu2Lug
سریال قطب شمال - تیزر قسمت 10 | Ghotbe Shomal Series - Teaser Episode 10,https://www.youtube.com/watch?v=Ho5iP0UprRI
سریال حیثیت گمشده - تیزر قسمت 8 | Heysiate Gomshode Series - Teaser Episode 8,https://www.youtube.com/watch?v=nzOcas9ZLHQ
سریال کلاغ - قسمت 7 | Kalagh Series - Episode 7,https://www.youtube.com/watch?v=yvqt8ke2zyk
سریال شام ایرانی 3 - فصل 7 - تیزر قسمت 1 | Serial Shame Irani 3 - Season 7 - Teaser Episode 1,https://www.youtube.com/watch?v=b6r0H9CZZoU
سریال شام ایرانی 3 - فصل 1 - تیزر قسمت 1 | Serial Shame Irani 3 - Season 1 - Teaser Episode 1,https://www.youtube.com/watch?v=Mq3W5csCnHk
آخرش مثل مامانم میشم؟ - سریال کلاغ,https://www.youtube.com/watch?v=vzhDqyCh9hQ
جلال تقلب نکنیا! #کلاغ,https://www.youtube.com/watch?v=1woejFaJJC4
سریال کلاغ - تیزر قسمت 10 | Kalagh Series - Teaser Episode 10,https://www.youtube.com/watch?v=WQFBAyncfDc
یادته میگفتی ساز با آدم قهر می کنه؟ #بدنام,https://www.youtube.com/watch?v=9qBga-aSWaE
سریال بدنام - قسمت 14 | Badnam Series - Episode 14,https://www.youtube.com/watch?v=4KVnXGIPfwg
مهم این که گردن تو و بابات نیوفته #بدنام,https://www.youtube.com/watch?v=yDSm_eH4jxk
حساب و کتاب محبت ها - سریال بدنام,https://www.youtube.com/watch?v=qocrSj6riQs
سریال بدنام - تیزر قسمت 17 | Badnam Series - Teaser Episode 17,https://www.youtube.com/watch?v=1dNr_3aGpm8
حالا استانبولی بود یه چیزی! #کلاغ,https://www.youtube.com/watch?v=dzIYlXBpcQs
سریال کلاغ - قسمت 6 | Kalagh Series - Episode 6,https://www.youtube.com/watch?v=2FGgC-QzluQ
پدرت اصرار کرد، نفهم! - سریال کلاغ,https://www.youtube.com/watch?v=NxeTVkLdFX0
نقشه فروختن ابراهیم کار تو بود؟ #کلاغ,https://www.youtube.com/watch?v=yZOUc-xBsm0
سریال کلاغ - تیزر قسمت 9 | Kalagh Series - Teaser Episode 9,https://www.youtube.com/watch?v=Gn0azneK_hY
با این دوتا بزرگ شدیم - بفرمایید جام,https://www.youtube.com/watch?v=rY1cApdO5dk
قدر مادرتو بدون - بفرمایید جام,https://www.youtube.com/watch?v=0Q1oJQjYzYs
همه مردم ایران اکبر عبدی را دوست دارند #اکبر_عبدی,https://www.youtube.com/watch?v=1KhbWZUThzA
یعنی یه تاکتیک خاصیه؟! #بفرمایید_جام,https://www.youtube.com/watch?v=FD7Sdh92tNA
تو موزیکم کلی بند هست#بفرمایید_جام,https://www.youtube.com/watch?v=kAUokFeDYE4
قیاسی منفجر شد! - بفرمایید جام,https://www.youtube.com/watch?v=AMSn1p8eSG0
قیاسی گیرشون انداخت! - بفرمایید جام,https://www.youtube.com/watch?v=oh5SMXnLT2c
ببین من یه ذره مستم ولی خنگ نیستم #بدنام,https://www.youtube.com/watch?v=Aicn_xDdA8o
بدجوری بازی خوردم … - سریال بدنام,https://www.youtube.com/watch?v=V9GWwn_espA
سریال بدنام - قسمت 13 | Badnam Series - Episode 13,https://www.youtube.com/watch?v=82NT3YH4ygA
میدونی بدتر از بی آبرویی چیه؟ #بدنام,https://www.youtube.com/watch?v=tqc2CX4TyI4
الآن چندی تو؟ برای پرسپولیس چقدر تموم میشه؟ #بفرمایید_جام,https://www.youtube.com/watch?v=ai8Gd_KgaDc
سریال بدنام - تیزر قسمت 16 | Badnam Series - Teaser Episode 16,https://www.youtube.com/watch?v=NEcGlF3lMlg
بفرمایید جام امیرحسین قیاسی - قسمت 24 (مهدی قائدی و بهزاد بمرانی) قسمت آخر | Befarmayid Jaam,https://www.youtube.com/watch?v=O9WV7w3LTb8
دقت کردین از وقتی VAR اومده دیگه پرسپولیس قهرمان نشده #بفرمایید_جام,https://www.youtube.com/watch?v=OrIDUXeoCyg
میخوام کمکت کنم #کلاغ,https://www.youtube.com/watch?v=fAq_G_rhCaw
سریال کلاغ - قسمت 5 | Kalagh Series - Episode 5,https://www.youtube.com/watch?v=1Go3yEiwSrs
عکاسی با رعایت شئونات اسلامی #بفرمایید_جام,https://www.youtube.com/watch?v=akuAyCEIegc
کی‌روش، برانکو یا قلعه نویی؟ - بفرمایید جام,https://www.youtube.com/watch?v=QcrTa1IaPf8
بفرمایید جام امیرحسین قیاسی - قسمت 23 (سیدجلال حسینی و علی قلی زاده) | Befarmayid Jaam,https://www.youtube.com/watch?v=5gvx9mG9GWU
بگو سایه کجاست؟ - سریال کلاغ,https://www.youtube.com/watch?v=zDLOkyMS1NY
تو مجبورم کردی این تصمیم زشتو بگیرم #کلاغ,https://www.youtube.com/watch?v=GXfO7ahlMC4
رو مخ ترین هم بازیت کی بود؟ #بفرمایید_جام,https://www.youtube.com/watch?v=Kmuh7mijqSY
سریال کلاغ - تیزر قسمت 8 | Kalagh Series - Teaser Episode 8,https://www.youtube.com/watch?v=HVjIaFRlW6U
سریال شفرونی 2 - تا کباب بناب هست، چرا سوشی؟ 🍛🔥 | Cheferoni 2 Series - Teaser,https://www.youtube.com/watch?v=celZKQ6eMfQ
تماشای رایگان قسمت بیست و دوم بفرمایید جام در کانال تلویکا #بفرماییدجام,https://www.youtube.com/watch?v=T4XeaMoUrMg
بفرمایید جام امیرحسین قیاسی - قسمت 22 (سپند امیرسلیمانی و مونا کرمی) | Befarmayid Jaam,https://www.youtube.com/watch?v=LEgNVGIxm90
عامل جدایی زوجین - بفرمایید جام,https://www.youtube.com/watch?v=NTGyTzkvcdk
تماشای رایگان قسمت بیست و یکم بفرمایید جام در کانال تلویکا #بفرمایید_جام,https://www.youtube.com/watch?v=7dnsRlHERd8
نذاشت سلام کنه! - بفرمایید جام,https://www.youtube.com/watch?v=qUZvX_H3ZMg
قرار اول کجا رفتید؟ #بفرمایید_جام,https://www.youtube.com/watch?v=mcL8GbSths0
نیکول کیدمن کیس مناسب ازدواج غلامرضا نیکخواه #بفرمایید_جام,https://www.youtube.com/watch?v=LJEuG2Tg_6M
بفرمایید جام امیرحسین قیاسی - قسمت 21 (حمید لولایی و رضا شفیعی جم) | Befarmayid Jaam,https://www.youtube.com/watch?v=2vaU-A3ig-g
شما حیوان آزاری؟ #بفرمایید_جام,https://www.youtube.com/watch?v=gxu6f0gxJZM
تماشای رایگان قسمت بیستم بفرمایید جام در کانال تلویکا #بفرماییدجام,https://www.youtube.com/watch?v=UNOeQY2ZC5U
شوک فرهنگی به لژیونرها - بفرمایید جام,https://www.youtube.com/watch?v=UG__hPBVjso
بفرمایید جام امیرحسین قیاسی - قسمت 20 (علیرضا جهانبخش و علی کریمی) | Befarmayid Jaam,https://www.youtube.com/watch?v=LU7SnkxEFrk
نعیمه نظام دوست بی فیلتر - بفرمایید جام,https://www.youtube.com/watch?v=-gTwA18vPU4
من نمیخوام تموم کنم #بفرمایید_جام,https://www.youtube.com/watch?v=ZegQmUs9YEM
اسپانیایی حرف زدن میلاد محمدی #بفرمایید_جام,https://www.youtube.com/watch?v=Ly_tqJHSCBk
فیلم سینمایی مرجان - تیزر | Marjan Movie - Teaser,https://www.youtube.com/watch?v=uTfpzTYlx2U
تماشای رایگان قسمت نوزدهم بفرمایید جام در کانال تلویکا #بفرماییدجام,https://www.youtube.com/watch?v=eZzIbbi9ziE
بفرمایید جام امیرحسین قیاسی - قسمت 19 (ناهید مسلمی و کمند امیرسلیمانی) | Befarmayid Jaam,https://www.youtube.com/watch?v=-9we4LjWYqc
تماشای رایگان قسمت هفدهم بفرمایید جام در کانال تلویکا #بفرماییدجام,https://www.youtube.com/watch?v=ADiPai-rpv8
سوغات کشور همسایه - بفرمایید جام,https://www.youtube.com/watch?v=2_zAUKgc_XM
دردت یه چیز دیگه‌ست! #بدنام,https://www.youtube.com/watch?v=T1z4RK3phh4
ته زندگیم مشخصه! - سریال بدنام,https://www.youtube.com/watch?v=xPrxlliybZs
تماشای رایگان قسمت چهارم سریال کلاغ در کانال تلویکا #کلاغ,https://www.youtube.com/watch?v=9_UOzKvyTAo
تماشای رایگان قسمت دوازدهم سریال بدنام در کانال تلویکا #بدنام,https://www.youtube.com/watch?v=jzADzeeUrBc
سریال بدنام - قسمت 12 | Badnam Series - Episode 12,https://www.youtube.com/watch?v=0G6oWfmHj_o
خیلی سخته نگاه آدم بهش نیفته #بفرمایید_جام,https://www.youtube.com/watch?v=U1gXWtntcSU
Pick Me بهونه ست؟ - بفرمایید جام,https://www.youtube.com/watch?v=6i-e5eePRHI
تماشای رایگان قسمت هجدهم بفرمایید جام در کانال تلویکا #بفرمایید_جام,https://www.youtube.com/watch?v=T58JfDBBkJg
بفرمایید جام امیرحسین قیاسی - قسمت 18 (عباس جمشیدی‌فر و جواد خواجوی) | Befarmayid Jaam,https://www.youtube.com/watch?v=_ZT1AnZhe1I
عطاران به قیاسی: به مادرت سلام برسون! #بفرمایید_جام,https://www.youtube.com/watch?v=y4L-jsk3NGE
سریال منشور - قسمت 15 (قسمت آخر) | Manshoor Series - Episode 15,https://www.youtube.com/watch?v=3y9U7LjGp1g
بفرمایید جام امیرحسین قیاسی - قسمت 17 (نصرالله رادش و یوسف صیادی) | Befarmayid Jaam,https://www.youtube.com/watch?v=B_deQwIJKio
سریال بدنام - آنونس | Badnam - Teaser,https://www.youtube.com/watch?v=VwL0Uhgo68g
سریال کلاغ - قسمت 4 | Kalagh Series - Episode 4,https://www.youtube.com/watch?v=6ojxWI0dBeE
خاطره از هاشم چی داری؟ - بفرمایید جام,https://www.youtube.com/watch?v=jG031G7IZA0
تماشای رایگان قسمت شانزدهم بفرمایید جام در کانال تلویکا #بفرماییدجام,https://www.youtube.com/watch?v=Nb7-7ppnrrg
بفرمایید جام امیرحسین قیاسی - قسمت 16 (خسرو حیدری و داریوش فرضیایی) | Befarmayid Jaam,https://www.youtube.com/watch?v=quCDwXWiTRs
زن و بچه دار جورکشی نه! - سریال کلاغ,https://www.youtube.com/watch?v=yBtyQgcY83w
ممنون که نرفتی باهاش برقصی #کلاغ,https://www.youtube.com/watch?v=rEzlxMNalrc
خواسته مادر عمو پورنگ #بفرمایید_جام,https://www.youtube.com/watch?v=n5fbeEVKYas
سریال کلاغ - تیزر قسمت 7 | Kalagh Series - Teaser Episode 7,https://www.youtube.com/watch?v=0Pob6sGS4n8
تماشای رایگان قسمت پانزدهم بفرمایید جام #بفرمایید_جام,https://www.youtube.com/watch?v=3Zw2V1rSYKs
بفرمایید جام امیرحسین قیاسی - قسمت 15 ( آرن و کیارش) | Befarmayid Jaam,https://www.youtube.com/watch?v=37eJbOJFfmE
گلزار رو نجات میدی یا تتلو؟ #بفرمایید_جام,https://www.youtube.com/watch?v=jXDV5pnKALE
عینک نقشه شجاع نبود #بفرمایید_جام,https://www.youtube.com/watch?v=JwdsYCtXDC4
تماشای رایگان قسمت چهاردهم بفرمایید جام #بفرمایید_جام,https://www.youtube.com/watch?v=vArY2YrGpkw
پدرم عاشق استقلاله - بفرمایید جام,https://www.youtube.com/watch?v=Yaxpie_kYUs
بفرمایید جام امیرحسین قیاسی - قسمت 14 (علیرضا بیرانوند) | Befarmayid Jaam,https://www.youtube.com/watch?v=ZWKkGKN6_Z8
تماشای رایگان قسمت سیزدهم بفرمایید جام #بفرمایید_جام,https://www.youtube.com/watch?v=mbjXz4g1VGo
بفرمایید جام امیرحسین قیاسی - قسمت 13 (سیروس میمنت و غلامرضا نیکخواه) | Befarmayid Jaam,https://www.youtube.com/watch?v=mIkRCSV3Orw
نمکدون پشت صحنه - بفرمایید جام,https://www.youtube.com/watch?v=SI2Nb8LjyK8
بهترین بازیگر ایران کیه؟ - بفرمایید جام,https://www.youtube.com/watch?v=KiricFBa7RY
گفتم نه فیلم های شما رو خوشم نمیاد #بفرمایید_جام,https://www.youtube.com/watch?v=_5RsVsE8ajs
سریال مگه تموم عمر چند تا بهاره - تیزر قسمت 8 | Mage Tamoome Omr Chand Ta Bahare Series,https://www.youtube.com/watch?v=AG7GcDQKgZE
من جلوی دوربین لخت نمیشم همش #بفرمایید_جام,https://www.youtube.com/watch?v=QLDHqorfyik
"تماشای رایگان قسمت یازدهم سریال ""بدنام"" در کانال یوتیوب تلویکا #بدنام",https://www.youtube.com/watch?v=LhPG9RpZkPI
سریال بدنام - قسمت 11 | Badnam Series - Episode 11,https://www.youtube.com/watch?v=GF2-0Q6SQr8
از کارهای عماد خبر داری؟ - سریال بدنام,https://www.youtube.com/watch?v=gT4jxEFc3aE
چرا پشت همه در میای جز من؟ #بدنام,https://www.youtube.com/watch?v=NrtQq5VEG-E
سریال بدنام - تیزر قسمت 14 | Badnam Series - Teaser Episode 14,https://www.youtube.com/watch?v=jkblO3gmlOI
سریال منشور - قسمت 14 | Manshoor Series - Episode 14,https://www.youtube.com/watch?v=pcspAzGkiY0
"تماشای رایگان قسمت چهاردهم سریال ""منشور"" در کانال یوتیوب تلویکا #منشور",https://www.youtube.com/watch?v=sG4kjEm9Q-8
با پای جداشده هم جنگیدم - سریال منشور,https://www.youtube.com/watch?v=p3afIcnXTa4
با کیمیا خیلی صمیمی بودم #منشور,https://www.youtube.com/watch?v=ouuceFz6LHg
تماشای رایگان قسمت نهم بفرمایید جام #بفرمایید_جام,https://www.youtube.com/watch?v=jbxi4mVW_7A
"تماشای رایگان قسمت سوم سریال ""کلاغ"" در کانال یوتیوب تلویکا #کلاغ",https://www.youtube.com/watch?v=5Bkvrl_Ii7Q
سریال کلاغ - قسمت 3 | Kalagh Series - Episode 3,https://www.youtube.com/watch?v=DepCi_I35JM
سریال منشور - تیزر قسمت 15 | Manshoor Series - Teaser Episode 15,https://www.youtube.com/watch?v=dne3ypbOVq4
"تماشای رایگان فیلم سینمایی ""ماریا"" در کانال یوتیوب تلویکا #ماریا",https://www.youtube.com/watch?v=PkBie3GO8TI
به خانوما قول دادیم! - سریال کلاغ,https://www.youtube.com/watch?v=tnRujKu4J9o
دختره هم دوسش داشت؟ #کلاغ,https://www.youtube.com/watch?v=gswxaQsi0wY
سریال کلاغ - تیزر قسمت 6 | Kalagh Series - Teaser Episode 6,https://www.youtube.com/watch?v=nvvFVkV1A6o
سریال شام ایرانی 3 - فصل 11 - قسمت 4 | Serial Shame Irani 3 - Season 11 - Episode 4,https://www.youtube.com/watch?v=2lAWkRb0lsE
تماشای رایگان قسمت چهارم از فصل یازدهم سریال شام ایرانی 3 در تلویکا #شام_ایرانی3,https://www.youtube.com/watch?v=3fdfMnF1G94
صابر ابر و پانته آ پناهی ها در فیلم عاشقانه ماریا | Maria Movie,https://www.youtube.com/watch?v=fMZlq_A6bjA
مبانی شنا چیه؟! #بفرمایید_جام,https://www.youtube.com/watch?v=2engVscaStg
وقتی برای اولین بار می خوای غیبت کنی #بفرمایید_جام,https://www.youtube.com/watch?v=h1lnpcNE-sE
بفرمایید جام امیرحسین قیاسی - قسمت 12 (هادی حجازی‌ فر و مهرداد صدیقیان) | Befarmayid Jaam,https://www.youtube.com/watch?v=8dS63HPp4Ow
نیمار رو میشناسم خیلی پسر خوبیه #بفرمایید_جام,https://www.youtube.com/watch?v=ZLCFSxKvvTg
"تماشای رایگان قسمت دهم سریال ""بدنام"" در کانال یوتیوب تلویکا #بدنام",https://www.youtube.com/watch?v=HhF_QY77eos
سریال بدنام - قسمت 10 | Badnam Series - Episode 10,https://www.youtube.com/watch?v=H36KbQriVT0
محاله دستت به من برسه #بدنام,https://www.youtube.com/watch?v=bJz8bjWJpuQ
ادای یوسف تیموری توسط علی صادقی #بفرمایید_جام,https://www.youtube.com/watch?v=1VabO1zp5jE
من هیچ وقت پارتی نمیرم #بفرمایید_جام,https://www.youtube.com/watch?v=iKlTpeClOeg
آقازاده ام عروسش رو میاره - سریال بدنام,https://www.youtube.com/watch?v=x4EfiVXSnio
بفرمایید جام امیرحسین قیاسی - قسمت 11 (علی صادقی و اشکان اشتیاق) | Befarmayid Jaam,https://www.youtube.com/watch?v=Hk1_mrpfwQ8
قرار بود مربی بشم #بفرمایید_جام,https://www.youtube.com/watch?v=W51DGKH3rR0
سریال بدنام - تیزر قسمت 13 | Badnam Series - Teaser Episode 13,https://www.youtube.com/watch?v=ziQheX6q8zk
بفرمایید جام امیرحسین قیاسی - قسمت 10 (نعیمه نظام دوست و فرشته کریمی) | Befarmayid Jaam,https://www.youtube.com/watch?v=U93i1VFgC88
چرا انقدر سفته؟! #منشور,https://www.youtube.com/watch?v=SakL-SPh3Ug
توضیح اضافی ممنوع! - سریال منشور,https://www.youtube.com/watch?v=bK5EHzeugd4
سریال کلاغ - قسمت 2 | Kalagh Series - Episode 2,https://www.youtube.com/watch?v=xsQBWnqmirM
"تماشای رایگان قسمت دوم سریال ""کلاغ"" در کانال یوتیوب تلویکا #کلاغ",https://www.youtube.com/watch?v=mDM1Stgb4xk
عجیب ترین درخواست - بفرمایید جام,https://www.youtube.com/watch?v=dD4REa4BMCk
بفرمایید جام امیرحسین قیاسی - قسمت 9 (سیاوش خیرابی و محسن مسلمان) | Befarmayid Jaam,https://www.youtube.com/watch?v=9BZS-oM4ehM
یه چرت مشتی زدم #بفرمایید_جام,https://www.youtube.com/watch?v=NyNZ-KCmVTM
قول بده پیداش می کنی! - سریال کلاغ,https://www.youtube.com/watch?v=WsJfh1U7HwU
روم نمیشه تو صورتشون نگاه کنم #کلاغ,https://www.youtube.com/watch?v=u_aoUS0z8xY
سریال کلاغ - تیزر قسمت 5 | Kalagh Series - Teaser Episode 5,https://www.youtube.com/watch?v=l14uwy6Vp3Y
سریال کن دو - تیزر | Can Do Series - Teaser,https://www.youtube.com/watch?v=P_pa7hjz__w
به افتخار ایران به ما غذا بده - سریال شام ایرانی 3 - فصل 11,https://www.youtube.com/watch?v=F-tZ6654Las
اذیت کردن های آقای ابوطالب... #شام_ایرانی3,https://www.youtube.com/watch?v=X4IeKXHQokI
سریال منشور - تیزر قسمت 14 | Manshoor Series - Teaser Episode 14,https://www.youtube.com/watch?v=3VnHx5Y3bQI
تو از اول انقدر گنده بودی؟ - بفرمایید جام,https://www.youtube.com/watch?v=jbCc9QsI3AU
سریال شام ایرانی 3 - فصل 11 - تیزر قسمت 4 | Serial Shame Irani 3 - Season 11 - Teaser Episode 4,https://www.youtube.com/watch?v=2OwR0f72ifg
سریال منشور - تیزر | Manshoor Series - Teaser,https://www.youtube.com/watch?v=7ja36CSnN3U
فیلم سینمایی ماریا - تیزر | Maria Movie - Teaser,https://www.youtube.com/watch?v=tsKQNmBFS1A
بیا امشب رو خراب نکنیم - سریال بدنام,https://www.youtube.com/watch?v=dy0Z3Ce8-S0
دوست ندارم زنم زیر دین کسی باشه #بدنام,https://www.youtube.com/watch?v=69Y7o5Db_dQ
پرسپولیسی نبودی، شدی استقلالی - بفرمایید جام,https://www.youtube.com/watch?v=Haef7BFTeVY
به عنوان تیم شیشم ادعای آسیا داری؟ #بفرمایید_جام,https://www.youtube.com/watch?v=_uSTLEwlMEA
سریال بدنام - تیزر قسمت 12 | Badnam Series - Teaser Episode 12,https://www.youtube.com/watch?v=_uNmOmX-1u8
سریال کلاغ - تیزر قسمت 4 | Kalagh Series - Teaser Episode 4,https://www.youtube.com/watch?v=r0b749_yf_U
"تماشای رایگان قسمت نهم سریال ""بدنام"" در کانال یوتیوب تلویکا #بدنام",https://www.youtube.com/watch?v=YAdyOHRPBWs
کسی بهت گفته بود اینجا قراره راحت بگذره؟ #بفرمایید_جام,https://www.youtube.com/watch?v=wDDHQKzhkOo
چرا انقدر تو خودخواهی؟ - بفرمایید جام,https://www.youtube.com/watch?v=UKnUVIk8cRU
سریال بدنام - قسمت 9 | Badnam Series - Episode 9,https://www.youtube.com/watch?v=jnHIAUQSnL4
پس من و بچه ها چی؟ #کلاغ,https://www.youtube.com/watch?v=4SLo6z5_fes
بهت دستور میدم گمشو بیرون! - سریال کلاغ,https://www.youtube.com/watch?v=NiPLL9GFW60
سریال منشور - قسمت 13 | Manshoor Series - Episode 13,https://www.youtube.com/watch?v=bv8u7F6WAGM
تو صدتای اول معروفا نبودی #بفرمایید_جام,https://www.youtube.com/watch?v=2u5AZGtWOSE
دعوا با سردار آزمون در برنامه - بفرمایید جام,https://www.youtube.com/watch?v=ZAm2fqPG368
سریال جیران - تیزر قسمت 28 | Jeyran Series - Teaser Episode 28,https://www.youtube.com/watch?v=mY-VVhpj5_U
"تماشای رایگان فیلم سینمایی ""رها"" در کانال یوتیوب تلویکا #رها",https://www.youtube.com/watch?v=Y2lwGLlxVro
شهاب حسینی و غزل شاکری در فیلم درام رها | Raha Movie,https://www.youtube.com/watch?v=RiQzUntIpuM
سریال زخم کاری انتقام - تیزر قسمت 12 | Zakhm Kari Entegham Series - Teaser Episode 12,https://www.youtube.com/watch?v=VNbXATGfHTw
میرعلمی بمب فوتبالی - بفرمایید جام,https://www.youtube.com/watch?v=mAIf_jTkn7s
لایی رو دیدی #بفرمایید_جام,https://www.youtube.com/watch?v=LygRmm5rXHM
سریال شبهای مافیا زودیاک - فصل 2 - تیزر قسمت 10 | Shabhaye Mafia Zodiac - Season2 - Teaser Episode10,https://www.youtube.com/watch?v=JSHmqUizy_g
طرفدار دو آتیشه کارلوس کی‌روش؟ - بفرمایید جام,https://www.youtube.com/watch?v=bvSNiqi8mNk
بدون سانسور بخون #بفرمایید_جام,https://www.youtube.com/watch?v=f7Qu0Y71lqQ
تلویکا با شما 1 میلیونی شد!,https://www.youtube.com/watch?v=2xUYe2VFsyI
یکی از گل های ملیت رو مدیون منی #بفرمایید_جام,https://www.youtube.com/watch?v=MHEyehzB3J4
داور پرسپولیسی بود؟ - بفرمایید جام,https://www.youtube.com/watch?v=sk9d3gnhOGA
"تماشای رایگان فیلم سینمایی ""لتیان"" در کانال یوتیوب تلویکا #لتیان",https://www.youtube.com/watch?v=SQkgqV6ak7Q
"تماشای رایگان قسمت هشتم سریال ""بدنام"" در کانال یوتیوب تلویکا #بدنام",https://www.youtube.com/watch?v=156aZIhZwx0
آقای آغداشلو؛ اسم خاص - سریال منشور,https://www.youtube.com/watch?v=ztACY_23Jjg
مرگ مقصده #منشور,https://www.youtube.com/watch?v=hX2LldcW9b8
مهدی فخیم زاده و گوهر خیراندیش در فیلم کمدی مشت آخر | Moshte Akhar Movie,https://www.youtube.com/watch?v=XtkSsAVhgYE
هنوز سلام نکرده شروع کرده #بفرمایید_جام,https://www.youtube.com/watch?v=e-3GUpTEEVg
بفرمایید جام امیرحسین قیاسی - قسمت 8 (امیرمهدی ژوله و مهراب قاسم خانی) | Befarmayid Jaam,https://www.youtube.com/watch?v=BUbfxVhy3ic
"تماشای رایگان قسمت دوازدهم سریال ""منشور"" در کانال یوتیوب تلویکا #منشور",https://www.youtube.com/watch?v=P0yWx0UOBJw
این دختر کیه؟ - سریال بدنام,https://www.youtube.com/watch?v=XTaiwIrXvD8
سریال منشور - تیزر قسمت 13 | Manshoor Series - Teaser Episode 13,https://www.youtube.com/watch?v=n7DtNeMrWk8
یه کاری کردی اصلا آدم حسابم نمیکنه #بدنام,https://www.youtube.com/watch?v=GkyGvU2ManU
شماره منو توی مدرسه دخترونه فروخته بودن #بفرمایید_جام,https://www.youtube.com/watch?v=Y2XHMmzSgCc
سریال بدنام - قسمت 8 | Badnam Series - Episode 8,https://www.youtube.com/watch?v=wVf6Y9vDzlI
سریال منشور - قسمت 12 | Manshoor Series - Episode 12,https://www.youtube.com/watch?v=K8D1sxlu0Ok
بفرمایید جام امیرحسین قیاسی - قسمت 7 (حنیف عمران زاده و پژمان بازغی) | Befarmayid Jaam,https://www.youtube.com/watch?v=rLQi8y7_l4E
"تماشای رایگان قسمت یازدهم سریال ""منشور"" در کانال یوتیوب تلویکا #منشور",https://www.youtube.com/watch?v=7atfj0Ztpvo
سوتی هاشم بیک زاده و خشم امیر قلعه نویی #بفرمایید_جام,https://www.youtube.com/watch?v=gByVxZVzbhw
سریال بدنام - تیزر قسمت 11 | Badnam Series - Teaser Episode 11,https://www.youtube.com/watch?v=SPf4FHQ6m2I
پریناز ایزدیار و سارا بهرامی در فیلم درام لتیان | Latyan Movie,https://www.youtube.com/watch?v=M8Q8qCexxEE
سریال منشور - قسمت 11 | Manshoor Series - Episode 11,https://www.youtube.com/watch?v=_GKpB9s2pgs
سوالی که پورعلی‌گنجی دوست نداشت بشنوه! #بفرمایید_جام,https://www.youtube.com/watch?v=ZPaD3-oKLNc
بفرمایید جام امیرحسین قیاسی - قسمت 6 (پیروز قربانی و مرتضی پورعلی گنجی) | Befarmayid Jaam,https://www.youtube.com/watch?v=MakF1zAk5Rk
"تماشای رایگان قسمت دهم سریال ""منشور"" در کانال یوتیوب تلویکا #منشور",https://www.youtube.com/watch?v=ZJE3JmLxcoA
تماشای رایگان قسمت پنجم بفرمایید جام #بفرمایید_جام,https://www.youtube.com/watch?v=S67VXoXRtiE
"تماشای رایگان قسمت اول سریال ""کلاغ"" در کانال یوتیوب تلویکا #کلاغ",https://www.youtube.com/watch?v=eD4DEj0zpOo
سریال کلاغ - قسمت 1 | Kalagh Series - Episode 1,https://www.youtube.com/watch?v=4MVVIGAEv-I
سریال منشور - قسمت 10 | Manshoor Series - Episode 10,https://www.youtube.com/watch?v=aspppYKRtHk
بفرمایید جام امیرحسین قیاسی - قسمت 5 (حمیدرضا آذرنگ و آرش برهانی) | Befarmayid Jaam,https://www.youtube.com/watch?v=RRZEWwpmxo4
تماشای رایگان قسمت سوم بفرمایید جام #بفرمایید_جام,https://www.youtube.com/watch?v=6ZsuA-4F3ck
اطلاعات فوتبالی رویا میرعلمی #بفرمایید_جام,https://www.youtube.com/watch?v=pvUVQif_2BA
چه ماموری تو شدی جلال! #کلاغ,https://www.youtube.com/watch?v=kSUY-PW4Dj4
کجایی تو سایه... - سریال کلاغ,https://www.youtube.com/watch?v=FV7o5_9an0I
تیکه غیرمستقیم قیاسی به قلعه نویی #بفرمایید_جام,https://www.youtube.com/watch?v=Hbpr73HRaF8
قدرت تخریب آقا هاشم 10/10 #بفرمایید_جام,https://www.youtube.com/watch?v=XPjpJah0xTs
سریال کلاغ - تیزر قسمت 3 | Kalagh Series - Teaser Episode 3,https://www.youtube.com/watch?v=HgTU_g6SODc
بفرمایید جام امیرحسین قیاسی - قسمت 4 (سوسن پرور و رویا میرعلمی) | Befarmayid Jaam,https://www.youtube.com/watch?v=XKJlWr8GqU0
سریال منشور - قسمت 9 | Manshoor Series - Episode 9,https://www.youtube.com/watch?v=JT975WZadEk
سریال شام ایرانی 3 - فصل 11 - قسمت 3 | Serial Shame Irani 3 - Season 11 - Episode 3,https://www.youtube.com/watch?v=Ark2czkATUo
"تماشای رایگان قسمت هشتم سریال ""منشور"" در کانال یوتیوب تلویکا #منشور",https://www.youtube.com/watch?v=y7lTQrJYrRA
بفرمایید جام امیرحسین قیاسی - قسمت 3 (هاشم بیک‌زاده و حسین ماهینی) | Befarmayid Jaam,https://www.youtube.com/watch?v=aC4Ff31LvaI
سریال منشور - قسمت 8 | Manshoor Series - Episode 8,https://www.youtube.com/watch?v=a3sx-th0t6w
بفرمایید جام امیرحسین قیاسی - قسمت 2 (جواد نکونام) | Befarmayid Jaam,https://www.youtube.com/watch?v=YkDOTii4K8Y
بوس دادن رامبد جوان #بفرمایید_جام,https://www.youtube.com/watch?v=2dHxx1OU7_k
چرا دیگه سریال نمی سازی؟؟ - سریال بفرمایید جام,https://www.youtube.com/watch?v=rDDYliut_ZQ
بفرمایید جام امیرحسین قیاسی - قسمت 1 (رامبد جوان) | Befarmayid Jaam,https://www.youtube.com/watch?v=BAInY2X9YCM
پژمان جمشیدی و نعیمه نظام دوست در فیلم کمدی قسطنطنیه | Ghostantanieh Movie,https://www.youtube.com/watch?v=62-VbU85aWA
"تماشای رایگان قسمت ششم سریال ""منشور"" در کانال یوتیوب تلویکا #منشور",https://www.youtube.com/watch?v=Bp9m3cmKrSY
تماشای رایگان قسمت اول از فصل یازدهم سریال شام ایرانی 3 در تلویکا #شام_ایرانی3,https://www.youtube.com/watch?v=pJbmNJbbRTo
"تماشای رایگان فیلم سینمایی ""گربه سیاه"" در کانال یوتیوب تلویکا #گربه_سیاه",https://www.youtube.com/watch?v=1e_PcuxWkXY
سریال شبهای مافیا زودیاک - فصل 2 - تیزر قسمت 9 | Shabhaye Mafia Zodiac - Season 2 - Teaser Episode 9,https://www.youtube.com/watch?v=YEEJYTfc1jA
"تماشای رایگان قسمت پنجم سریال ""منشور"" در کانال یوتیوب تلویکا #منشور",https://www.youtube.com/watch?v=6dDC1_FPLwM
سریال منشور - قسمت 6 | Manshoor Series - Episode 6,https://www.youtube.com/watch?v=t390LisCHdI
بهرام رادان و ترلان پروانه در فیلم خانوادگی گربه سیاه | Gorbe Siah Movie,https://www.youtube.com/watch?v=nfnziwaAhN4
سریال منشور - تیزر قسمت 12 | Manshoor Series - Teaser Episode 12,https://www.youtube.com/watch?v=aCgz_QwYT9g
سریال شبهای مافیا زودیاک - فصل 2 - تیزر قسمت 8 | Shabhaye Mafia Zodiac - Season 2 - Teaser Episode 8,https://www.youtube.com/watch?v=ygQcUMNuCI4
"تماشای رایگان قسمت چهارم سریال ""منشور"" در کانال یوتیوب تلویکا #منشور",https://www.youtube.com/watch?v=kEOXPXSLuPQ
سریال منشور - قسمت 5 | Manshoor Series - Episode 5,https://www.youtube.com/watch?v=zr1caoJ5v0k
سریال بدنام - قسمت 7 | Badnam Series - Episode 7,https://www.youtube.com/watch?v=0WVN5KN3Sb4
تو اصلا میفهمی داری چیکار میکنی! #بدنام,https://www.youtube.com/watch?v=7r4YYwrT8To
بیخیال این رابطه بشین - سریال بدنام,https://www.youtube.com/watch?v=EgrKFOkSKik
کتابدارها قشر مظلومین #منشور,https://www.youtube.com/watch?v=RhiVxBsUb1U
بلاگر نیستم؛ واینرم - سریال منشور,https://www.youtube.com/watch?v=WEWu27ZTbm8
سریال بدنام - تیزر قسمت 10 | Badnam Series - Teaser Episode 10,https://www.youtube.com/watch?v=_JskjZxUt4I
"تماشای رایگان قسمت هفتم سریال ""بدنام"" در کانال یوتیوب تلویکا #بدنام",https://www.youtube.com/watch?v=T0h_la7ILO4
"تماشای رایگان قسمت سوم سریال ""منشور"" در کانال یوتیوب تلویکا #منشور",https://www.youtube.com/watch?v=oF32ccnQFb8
سریال منشور - قسمت 4 | Manshoor Series - Episode 4,https://www.youtube.com/watch?v=TqHzjzXwAMg
مهران احمدی و حسین محجوب در فیلم درام دریا موج کاکا | Darya Moje Kaka Movie,https://www.youtube.com/watch?v=z6qH1VGl_vs
"تماشای رایگان قسمت دوم سریال ""منشور"" در کانال یوتیوب تلویکا #منشور",https://www.youtube.com/watch?v=M4_OPtMxV-M
سریال منشور - قسمت 3 | Manshoor Series - Episode 3,https://www.youtube.com/watch?v=wRXgfkMjVxI
سریال شبهای مافیا زودیاک - فصل 2 - تیزر قسمت 7 | Shabhaye Mafia Zodiac - Season 2 - Teaser Episode 7,https://www.youtube.com/watch?v=k--0Kf-zza4
"تماشای رایگان قسمت اول سریال ""منشور"" در کانال یوتیوب تلویکا #منشور",https://www.youtube.com/watch?v=-_fPxeCt9Gg
گرسنه ات می شه وحشی می شی؟ - سریال کلاغ,https://www.youtube.com/watch?v=socgLl3yvv0
داری از هیچی دعوا درست می کنی #کلاغ #سریال_جدید,https://www.youtube.com/watch?v=AxZY0A7o7Kw
سریال منشور - قسمت 2 | Manshoor Series - Episode 2,https://www.youtube.com/watch?v=FgKyROSuUXE
سریال کلاغ - تیزر قسمت 2 | Kalagh Series - Teaser Episode 2,https://www.youtube.com/watch?v=mvIonwY4joU
سریال شام ایرانی 3 - فصل 11 - قسمت 2 | Serial Shame Irani 3 - Season 11 - Episode 2,https://www.youtube.com/watch?v=fjqsEiMH5x8
زن ها مرد غیرتی می خوان؟ - سریال شام ایرانی 3 - فصل 11,https://www.youtube.com/watch?v=EAXg6kRapN4
سورپرایز دارم براتون #شام_ایرانی3,https://www.youtube.com/watch?v=tnEnFArCSyc
سریال شام ایرانی 3 - فصل 11 - تیزر قسمت 3 | Serial Shame Irani 3 - Season 11 - Teaser Episode 3,https://www.youtube.com/watch?v=nzt6RgLP0w8
سریال منشور - قسمت 1 | Manshoor Series - Episode 1,https://www.youtube.com/watch?v=eb5e0sD6iuM
"تماشای رایگان فیلم سینمایی ""تارا"" در کانال یوتیوب تلویکا #تارا",https://www.youtube.com/watch?v=q6pOlHUw3n4
رعنا آزادی ور و مهدی پاکدل در فیلم سینمایی تارا | Tara Movie,https://www.youtube.com/watch?v=r6IPuIyNrNk
فیلم سینمایی رها - تیزر | Raha Movie - Teaser,https://www.youtube.com/watch?v=kEUxbA2ZCR0
"تماشای رایگان فیلم سینمایی ""عطر داغ"" در کانال یوتیوب تلویکا #عطر_داغ",https://www.youtube.com/watch?v=DUTMCIpfzPQ
"تماشای رایگان فیلم سینمایی ""طلاخون"" در کانال یوتیوب تلویکا #طلاخون",https://www.youtube.com/watch?v=vKmJk-xXK0c
بهاره کیان افشار و مهرداد صدیقیان در فیلم خانوادگی عطر داغ | Atre Dagh Movie,https://www.youtube.com/watch?v=jaltwPoE__Y
"تماشای رایگان قسمت ششم سریال ""بدنام"" در کانال یوتیوب تلویکا",https://www.youtube.com/watch?v=nMsQjvUxvCk
سریال بدنام - قسمت 6 | Badnam Series - Episode 6,https://www.youtube.com/watch?v=8gJ4YoPizl0
سریال بدنام - تیزر قسمت 9 | Badnam Series - Teaser Episode 9,https://www.youtube.com/watch?v=DMYdmkF-UnE
من خط قرمز حالیم نمیشه!دودمانتو به باد میدم,https://www.youtube.com/watch?v=9uCF0Rx1MQc
من از ابراهیم زخم خوردم! - سریال بدنام,https://www.youtube.com/watch?v=Tp6VIYevpMk
شهاب حسینی و حسام منظور در فیلم درام طلاخون | Tala Khoon Movie,https://www.youtube.com/watch?v=cC7BLP42APM
سریال منشور - تیزر قسمت 11 | Manshoor Series - Teaser Episode 11,https://www.youtube.com/watch?v=tWH17NwT0Js
تراپی برای همه واجبه #منشور,https://www.youtube.com/watch?v=5GesdnBLiMw
چرا احساس ناکافی میدی؟ - سریال منشور,https://www.youtube.com/watch?v=3iwWxaxr4y0
امشبم تولدته خلق خودتو تنگ نکن #کلاغ #هادی_حجازی_فر,https://www.youtube.com/watch?v=ilMWjAB9bxw
مگه مراقبم نیستی؟؟ - سریال کلاغ,https://www.youtube.com/watch?v=ZKdKBzYiWrY
تماشای رایگان قسمت اول از فصل یازدهم سریال شام ایرانی 3 در تلویکا #شام_ایرانی3,https://www.youtube.com/watch?v=rBW3IXnVWjM
سریال شام ایرانی 3 - فصل 11 - قسمت 1 | Serial Shame Irani 3 - Season 11 - Episode 1,https://www.youtube.com/watch?v=Fx2U4u8Cats
یک روز مانده به آغاز سریال عاشقانه کلاغ #shorts,https://www.youtube.com/watch?v=IEVkdJhwW5Q
سریال شام ایرانی 3 - فصل 11 - تیزر قسمت 2 | Serial Shame Irani 3 - Season 11 - Teaser Episode 2,https://www.youtube.com/watch?v=HdfKn7IMxg0
سریال کلاغ - آنونس | Kalagh Series - Teaser,https://www.youtube.com/watch?v=yN5CivocpZ8
اگه ازم تعریف نکنید ناراحت میشم #شام_ایرانی3,https://www.youtube.com/watch?v=YxeCdE6r-DI
امروز دیگه رعایت می کنم - سریال شام ایرانی 3 - فصل 11,https://www.youtube.com/watch?v=Doasqo7g2lw
سریال گل یا پوچ 2 - تیزر قسمت 9 | Gol Ya Pooch 2 Series - Teaser Episode 9,https://www.youtube.com/watch?v=KjNpkgTURCo
بابا باریکلا!!! - سریال گل یا پوچ 2,https://www.youtube.com/watch?v=UGLR9_3RL2g
"تماشای رایگان فیلم سینمایی ""جهیزیه"" در کانال یوتیوب تلویکا #جهیزیه",https://www.youtube.com/watch?v=GmaeZV7112A
به افتخار آقا طاهر #گل_یا_پوچ2,https://www.youtube.com/watch?v=6LyOZcPX3oM
مهران احمدی، یوسف صیادی و الیکا عبدالرزاقی در فیلم کمدی جهیزیه | Jahiziye Movie,https://www.youtube.com/watch?v=fFdrf8HoFkU
سریال گل یا پوچ 2 - تیزر قسمت 8 | Gol Ya Pooch 2 Series - Teaser Episode 8,https://www.youtube.com/watch?v=HL578NMN2uM
"تماشای رایگان فیلم سینمایی ""خون شد"" در کانال یوتیوب تلویکا #خون_شد",https://www.youtube.com/watch?v=9pLuqQyBpwo
"تماشای رایگان فیلم سینمایی ""درخونگاه"" در کانال یوتیوب تلویکا #درخونگاه",https://www.youtube.com/watch?v=TE-vP8swzqY
امین حیایی و ژاله صامتی در فیلم درام درخونگاه | Darkhoongah Movie,https://www.youtube.com/watch?v=xLOQSKeqMtU
سریال منشور - تیزر قسمت 3 | Manshoor Series - Teaser Episode 3,https://www.youtube.com/watch?v=FeFvnQS76wQ
تماشای رایگان قسمت چهارم از فصل دهم سریال شام ایرانی در تلویکا #شام_ایرانی,https://www.youtube.com/watch?v=rQKNzBTNBcQ
زن و مرد با هم هیچ فرقی نمیکنن #منشور,https://www.youtube.com/watch?v=L8WgJ2itKNE
وقتی حس‌ها نواخته شدند - سریال منشور,https://www.youtube.com/watch?v=sYZqayjvV3E
"تماشای رایگان قسمت پنجم سریال ""بدنام"" در کانال یوتیوب تلویکا #بدنام",https://www.youtube.com/watch?v=qqF-lS96mSo
سریال بدنام - قسمت 5 | Badnam Series - Episode 5,https://www.youtube.com/watch?v=PhZq7PKFuXU
نمیذارم کسی منو برقصونه #بدنام #سریال_جدید,https://www.youtube.com/watch?v=OabV_Wc8ABc
شما مال ایشونی یا مال من - سریال بدنام,https://www.youtube.com/watch?v=r-QC-5kHxhA
سریال بدنام - تیزر قسمت 8 | Badnam Series - Teaser Episode 8,https://www.youtube.com/watch?v=qFnjUEblhFM
سعید آقاخانی و لیلا زارع در فیلم درام خون شد | Khoon Shod Movie,https://www.youtube.com/watch?v=nOcmSSDpcn4
سریال منشور - تیزر قسمت 10 | Manshoor Series - Teaser Episode 10,https://www.youtube.com/watch?v=IPqC4GdFU_Q
سریال کلاغ - تیزر | Kalagh Series - Teaser,https://www.youtube.com/watch?v=63bsJ859ou8
سریال منشور - تیزر قسمت 2 | Manshoor Series - Teaser Episode 2,https://www.youtube.com/watch?v=EsMHBb9ImlM
هرکسی دیر بیاد با کلاسه؟؟! - سریال شام ایرانی 3 - فصل 11,https://www.youtube.com/watch?v=x8JkTjMVmxc
مهمان حبیب خداست #شام_ایرانی3 #کمدی,https://www.youtube.com/watch?v=ewy_IVXHDGo
سریال شام ایرانی 3 - فصل 10 - قسمت 4 | Serial Shame Irani 3 - Season 10 - Episode 4,https://www.youtube.com/watch?v=gybQwWxcRo8
سریال شام ایرانی 3 - فصل 11 - تیزر قسمت 1 | Serial Shame Irani 3 - Season 11 - Teaser Episode 1,https://www.youtube.com/watch?v=9eWHCkALgr0
سریال منشور - تیزر قسمت 1 | Manshoor Series - Teaser Episode 1,https://www.youtube.com/watch?v=oiGMKAiHwAA
سریال شام ایرانی - شب های طلایی | Serial Shame Irani - Shabhaye Talayi,https://www.youtube.com/watch?v=CjG5z4zSS0M
فیلم سینمایی جهیزیه - تیزر | Jahiziye Movie - Teaser,https://www.youtube.com/watch?v=6l6-pYyRzhg
فیلم سینمایی قسطنطنیه - تیزر | Ghostantanieh Movie - Teaesr,https://www.youtube.com/watch?v=Ggrkk2itAJY
سریال منشور - تیزر قسمت 9 | Manshoor Series - Teaser Episode 9,https://www.youtube.com/watch?v=wixehv20jzo
سریال بدنام - تیزر قسمت 3 | Badnam Series - Teaser Episode 3,https://www.youtube.com/watch?v=E7aYpLXwYPA
حمیدرضا آذرنگ و ریما رامین فر در فیلم درام چهل و هفت | Chehel o Haft Movie,https://www.youtube.com/watch?v=fY9TZbegFM8
فیلم کمدی ناجورها - تیزر | Najoorha Movie - Teaser,https://www.youtube.com/watch?v=kvebHbD7jKE
دنیا رو ببین کی به کی میگه بفهم! #چهل_و_هفت,https://www.youtube.com/watch?v=Z_hcKUftRGg
فیلم کمدی هاوایی - تیزر | Hawaii Movie - Teaser,https://www.youtube.com/watch?v=bSBiRKjTCpQ
"بهترین شاهگل های ""گل یا پوچ"" | Gol Ya Pooch 2",https://www.youtube.com/watch?v=xsmwxOQLmVc
فیلم درام بی سر و صدا - تیزر | Bi Saro Seda Movie - Teaser,https://www.youtube.com/watch?v=c9mJ97c699c
ما در وضعیتی هستیم باید به بقیه بگیم چشم قربان #بدنام,https://www.youtube.com/watch?v=gSuljGS6mwc
سریال بدنام - قسمت 4 | Badnam Series - Episode 4,https://www.youtube.com/watch?v=YS6oOh07rl4
این قهرمانی ارزش داره؟ #منشور,https://www.youtube.com/watch?v=Rpy5uMHURRY
هوادار استقلالم ولی شما ...- سریال منشور,https://www.youtube.com/watch?v=-2-qAwHYscI
سریال بدنام - تیزر قسمت 7 | Badnam Series - Teaser Episode 7,https://www.youtube.com/watch?v=G3eN5_cxnPE
تو باید زن من شی...- سریال بدنام,https://www.youtube.com/watch?v=x2IVW9v2uiY
هنوز وقتش نرسیده درموردش حرف بزنیم #بدنام #امیر_آقایی,https://www.youtube.com/watch?v=nnUhtT20qSs
وقتی هیچ کس اخلاق نداره - سریال شام ایرانی 3 - فصل 10,https://www.youtube.com/watch?v=t4eIunVo3IU
بزن بشکن #شام_ایرانی3 #کمدی,https://www.youtube.com/watch?v=Bt4TLzCeBQU
آخرین خالی بازی #گل_یا_پوچ2 #مسابقه,https://www.youtube.com/watch?v=j8SXDqQ7yGI
از چپ اش می افته... - سریال گل یا پوچ 2,https://www.youtube.com/watch?v=YyW8D-4OOOk
سریال شام ایرانی 3 - فصل 10 - قسمت 3 | Serial Shame Irani 3 - Season 10 - Episode 3,https://www.youtube.com/watch?v=-NnBm4EICo0
با اجازه ی بزرگترها نه ! #گل_یا_پوچ2,https://www.youtube.com/watch?v=f4aiWt14PJo
جلوت دست پوچ نمیارم - سریال گل یا پوچ 2,https://www.youtube.com/watch?v=Y1bTitDcXCU
سریال شام ایرانی 3 - فصل 10 - تیزر قسمت 4 | Serial Shame Irani 3 - Season 10 - Teaser Episode 4,https://www.youtube.com/watch?v=BGt1xuHOCwU
سریال شام ایرانی 3 - فصل 9 - تیزر قسمت 4 | Serial Shame Irani 3 - Season 9 - Teaser Episode 4,https://www.youtube.com/watch?v=fUSZV71tEGA
هر کی فالوم میکرد منم بک میکردم #منشور #نعیمه_نظام_دوست,https://www.youtube.com/watch?v=WMFC7nGYMKY
خجالت بکش نعیمه! - سریال منشور,https://www.youtube.com/watch?v=aPKz2IofaKI
سریال گل یا پوچ 2 - تیزر قسمت 7 | Gol Ya Pooch 2 Series - Teaser Episode 7,https://www.youtube.com/watch?v=a0RXrbHKlJE
سریال اکنون - تیزر قسمت 65 | Aknoon Series - Teaser Episode 65,https://www.youtube.com/watch?v=chDSfLPEMyQ
سریال محکوم - تیزر قسمت 22 | Mahkoum Series - Teaser Episode 22,https://www.youtube.com/watch?v=ecKh0FskPKE
سریال شام ایرانی 3 - فصل 9 - تیزر قسمت 3 | Serial Shame Irani 3 - Season 9 - Teaser Episode 3,https://www.youtube.com/watch?v=RFn34KncolU
"تماشای رایگان قسمت سوم سریال ""بدنام"" در کانال یوتیوب تلویکا #بدنام",https://www.youtube.com/watch?v=5W-d3HM7CyI
سریال گل یا پوچ 2 - تیزر قسمت 6 | Gol Ya Pooch 2 Series - Teaser Episode 6,https://www.youtube.com/watch?v=b842cX7UYiU
سریال اکنون - تیزر قسمت 64 | Aknoon Series - Teaser Episode 64,https://www.youtube.com/watch?v=Hz3qkzUaGxM
حامد بهداد و پانته‌آ پناهی‌ها در فیلم اجتماعی برای رعنا | Baraye Rana Movie,https://www.youtube.com/watch?v=TrRNBcELk58
سریال اکنون - تیزر قسمت 63 | Aknoon Series - Teaser Episode 63,https://www.youtube.com/watch?v=lUF0_9RhU6g
"تماشای رایگان فیلم سینمایی ""آقای سانسور"" در کانال یوتیوب تلویکا #آقای_سانسور #کمدی",https://www.youtube.com/watch?v=fXum91jkLwE
سریال شام ایرانی 3 - فصل 9 - تیزر قسمت 2 | Serial Shame Irani 3 - Season 9 - Teaser Episode 2,https://www.youtube.com/watch?v=SD1KNq7X8Wk
سریال شام ایرانی 3 - فصل 9 - تیزر قسمت 1 | Serial Shame Irani 3 - Season 9 - Teaser Episode 1,https://www.youtube.com/watch?v=QQ3-8wV5Alk
سریال اکنون - تیزر قسمت 17 | Aknoon Series - Teaser Episode 17,https://www.youtube.com/watch?v=Ycfnyv7sKy8
سریال بدنام - تیزر قسمت 4 | Badnam Series - Teaser Episode 4,https://www.youtube.com/watch?v=_q2Bv52A0MQ
"تماشای رایگان فیلم سینمایی ""برای رعنا"" در کانال یوتیوب تلویکا #برای_رعنا #حامد_بهداد",https://www.youtube.com/watch?v=snBn9HQZwXE
سریال منشور - تیزر قسمت 5 | Manshoor Series - Teaser Episode 5,https://www.youtube.com/watch?v=xTzxKPMMYNs
سریال محکوم - تیزر قسمت 21 | Mahkoum Series - Teaser Episode 21,https://www.youtube.com/watch?v=3Sef2FqQeDE
خیلی اهل ازدواج نیستم #منشور #امید_حاجیلی,https://www.youtube.com/watch?v=l0QWZwRJhy0
معروف به زندگی سالم - سریال منشور,https://www.youtube.com/watch?v=KayCHGWXDWs
همیشه دوست داشتم بدونم پشت این پنجره ها چه خبره #بدنام #امیر_آقایی,https://www.youtube.com/watch?v=NSb2koHENYk
هر تضمینی بخوای میدم - سریال بدنام,https://www.youtube.com/watch?v=-GaSnzx0zk4
سریال بدنام - قسمت 3 | Badnam Series - Episode 3,https://www.youtube.com/watch?v=_U7NqBWZ9VA
سریال بدنام - تیزر قسمت 6 | Badnam Series - Teaser Episode 6,https://www.youtube.com/watch?v=PrBzIXvFQx4
سریال منشور - تیزر قسمت 8 | Manshoor Series - Teaser Episode 8,https://www.youtube.com/watch?v=kgaDMFPmjeI
بیکار که میشه ایستگاه همه رو میگیره #گل_یا_پوچ2,https://www.youtube.com/watch?v=JHVr68S0xfU
حافظ گل - سریال گل یا پوچ 2,https://www.youtube.com/watch?v=XJa5QCqktd4
سریال محکوم - تیزر قسمت 20 | Mahkoum Series - Teaser Episode 20,https://www.youtube.com/watch?v=lWDyRriFMgk
آشپزی بهتره یا مافیا بازی؟ - سریال شام ایرانی 3 - فصل 10,https://www.youtube.com/watch?v=0gGdg3mcITo
خونه همسر داییمه #شام_ایرانی3,https://www.youtube.com/watch?v=qmwIhjeG-Yk
سریال منشور - تیزر قسمت 4 | Manshoor Series - Teaser Episode 4,https://www.youtube.com/watch?v=jPE16_wPkY8
فیلم برای رعنا - تیزر | Baraye Rana Movie - Teaser,https://www.youtube.com/watch?v=DsZQe4rR3RY
دست خوش بهت #گل_یا_پوچ2,https://www.youtube.com/watch?v=sFFpSqzUQxg
عجب شاه پوچی دادی عمو - سریال گل یا پوچ 2,https://www.youtube.com/watch?v=SUVmMU9o9sk
سریال شام ایرانی 3 - فصل 10 - تیزر قسمت 3 | Serial Shame Irani 3 - Season 10 - Teaser Episode 3,https://www.youtube.com/watch?v=XBTA_osGqss
سریال شام ایرانی 3 - فصل 10 - قسمت 2 | Serial Shame Irani 3 - Season 10 - Episode 2,https://www.youtube.com/watch?v=ucMklety3gw
وقتی دست ها می رقصند - سریال گل یا پوچ 2,https://www.youtube.com/watch?v=SrTW792KwVo
واسه برد می جنگم #گل_یا_پوچ2,https://www.youtube.com/watch?v=-8jdEw1Ns6Y
سریال شام ایرانی 3 - فصل 10 - تیزر قسمت 2 | Serial Shame Irani 3 - Season 10 - Teaser Episode 2,https://www.youtube.com/watch?v=CwnIL8OnPnU
سریال بدنام - تیزر قسمت 2 | Badnam Series - Teaser Episode 2,https://www.youtube.com/watch?v=tmDlZLp_SeQ
سریال گل یا پوچ 2 - تیزر قسمت 5 | Gol Ya Pooch 2 Series - Teaser Episode 5,https://www.youtube.com/watch?v=W31hMc-POak
شیر برای ما همیشه شیره! - سریال گل یا پوچ 2,https://www.youtube.com/watch?v=Je3WIgIUX3E
هر هفته، یک فیلم جدید رایگان در چنل یوتیوب تلویکا #فیلم,https://www.youtube.com/watch?v=drFgZePw1EM
آنتن اینور سیگنال نداره #گل_یا_پوچ2,https://www.youtube.com/watch?v=IR4xqkV0d2Q
سرت سلامت آقا بهمن #گل_یا_پوچ2 #گیم_شو,https://www.youtube.com/watch?v=B8jj-V5_KKA
این یه بازی خیلی سخته - سریال گل یا پوچ 2,https://www.youtube.com/watch?v=zqb9AqGkNNk
بدنام، جمعه ها رایگان در تلویکا #بدنام #امیر_آقایی,https://www.youtube.com/watch?v=EXuCz-7BtVc
سریال شغال - قسمت 23 (قسمت آخر) | Shoghal Series - Episode 23,https://www.youtube.com/watch?v=FA6gOLRa_Cg
سریال شام ایرانی 3 - فصل 10 - قسمت 1 | Serial Shame Irani 3 - Season 10 - Episode 1,https://www.youtube.com/watch?v=1g1p5tqIm90
منتخب لحظات آشوب در شهر - سریال شبهای مافیا زودیاک - فصل 2,https://www.youtube.com/watch?v=fXuQH2e3YuE
الان این گره به دست تو باز میشه #بدنام,https://www.youtube.com/watch?v=sRUA9SZDBqA
باز شبمون رو گند زدی - سریال بدنام,https://www.youtube.com/watch?v=-Ru-PmaZrug
سریال شغال - قسمت 22 | Shoghal Series - Episode 22,https://www.youtube.com/watch?v=dUE7drE5ar0
دغدغه های محیط زیست بچه های تیم ملی,https://www.youtube.com/watch?v=M0EcvXPF5Mo
محیط زیست دغدغه ای ملی - سریال منشور,https://www.youtube.com/watch?v=ZxoleB6fQIA
"تماشای رایگان فیلم ""ناجورها"" در کانال یوتیوب تلویکا #ناجورها",https://www.youtube.com/watch?v=OsjU3fbHMEA
پژمان جمشیدی و محسن کیایی در فیلم کمدی ناجورها | Najoorha Movie,https://www.youtube.com/watch?v=EYAq7MkCzuM
تو بخاطراین پسره اومدی زیر سرم بدبخت! #بدنام,https://www.youtube.com/watch?v=X9uSgQUwsRo
چه میدونم شوهر یا هر چی - سریال بدنام,https://www.youtube.com/watch?v=8BnWfGA6-vA
سریال شغال - قسمت 21 | Shoghal Series - Episode 21,https://www.youtube.com/watch?v=rbYnzhCrzCQ
"تماشای رایگان قسمت دوم سریال ""بدنام"" در کانال یوتیوب تلویکا #بدنام",https://www.youtube.com/watch?v=-Cax73wqKTk
سریال بدنام - قسمت 2 | Badnam Series - Episode 2,https://www.youtube.com/watch?v=taD6c664LmU
سریال بدنام - تیزر قسمت 5 | Badnam Series - Teaser Episode 5,https://www.youtube.com/watch?v=n13lLv2QZbA
دی ماهی ام ،بز کوهی ام  #منشور,https://www.youtube.com/watch?v=JQWe1OkBc3A
پشیمونی و عذاب وجدان - سریال منشور,https://www.youtube.com/watch?v=vqFBfChMRBE
یه نفر هست در ساختمان پلاسکو که آتش گرفت #اکنون,https://www.youtube.com/watch?v=-s63dtP-1pY
26 سال تلاش بیهوده؟ - سریال اکنون,https://www.youtube.com/watch?v=Jt6ZVp3UplA
سریال شغال - قسمت 20 | Shoghal Series - Episode 20,https://www.youtube.com/watch?v=i2Nc1tq9MrQ
سریال شام ایرانی 3 - فصل 9 - قسمت 4 | Serial Shame Irani 3 - Season 9 - Episode 4,https://www.youtube.com/watch?v=BksLHq_2PGU
آخرین نفس در سکوت - سریال محکوم,https://www.youtube.com/watch?v=s8MITtsO2IM
بازداشتش کن زیاد حرف میزنه #محکوم #پژمان_جمشیدی,https://www.youtube.com/watch?v=SKrYfUGjsh4
سریال شغال - قسمت 19 | Shoghal Series - Episode 19,https://www.youtube.com/watch?v=LYwG-vdVRBI
سریال شام ایرانی 3 - فصل 9 - قسمت 3 | Serial Shame Irani 3 - Season 9 - Episode 3,https://www.youtube.com/watch?v=4w6I7aucahU
میخواستم اذیتت کنم #شام_ایرانی3 #آرام_جعفری,https://www.youtube.com/watch?v=46JszPI3Lx4
هر کاری خواستید بکنید! - سریال شام ایرانی 3 - فصل 10,https://www.youtube.com/watch?v=BgCc4oKkc6s
سیاستمدارای ما جرات سوار شدن به اون پرواز رو نداشتن  #منشور #مرضیه_جعفری,https://www.youtube.com/watch?v=SyRk83KGSc0
گفت و گو با مربی سال آسیا - سریال منشور,https://www.youtube.com/watch?v=_5dppWj0Qxg
سریال شغال - قسمت 18 | Shoghal Series - Episode 18,https://www.youtube.com/watch?v=DEdX0ZE84IM
سریال شام ایرانی 3 - فصل 9 - قسمت 2 | Serial Shame Irani 3 - Season 9 - Episode 2,https://www.youtube.com/watch?v=amybEUjJ8dw
تضمین من اون دختره ست #بدنام #حسن_پورشیرازی,https://www.youtube.com/watch?v=4PMJRU8SrN4
تو خیلی خوبی! - سریال بدنام,https://www.youtube.com/watch?v=rMQ0A0O4AX8
به دوپامین شبکه های مجازی اعتیاد داریم #اکنون #سروش_صحت,https://www.youtube.com/watch?v=QdugOGuZ_Ww
تقابل عواطف و احساسات - سریال اکنون,https://www.youtube.com/watch?v=Uh3l_QRYlZ0
لحظه بد حال شدن آرام جعفری در شام ایرانی #شام_ایرانی3 #کمدی,https://www.youtube.com/watch?v=yyXKz5NFBX8
گروه کدبانوها - سریال شام ایرانی 3 - فصل 10,https://www.youtube.com/watch?v=OAVg5FeNDiQ
آز آلمان تا جدایی در ایران - سریال منشور,https://www.youtube.com/watch?v=ViGbhUFTnN4
موزیک‌های خودتو گوش می‌دی؟ #منشور #بهاره_افشاری,https://www.youtube.com/watch?v=G51ED4E0B5g
کراشش تویی/ سریال بدنام قسمت اول #بدنام #امیر_آقایی,https://www.youtube.com/watch?v=pZr3OhbfGYs
یه شرط خوشگل داره - سریال بدنام,https://www.youtube.com/watch?v=syb0ZQWH5k8
سریال شغال - قسمت 17 | Shoghal Series - Episode 17,https://www.youtube.com/watch?v=cUWJL1YihKc
سریال شام ایرانی 3 - فصل 9 - قسمت 1 | Serial Shame Irani 3 - Season 9 - Episode 1,https://www.youtube.com/watch?v=9o65Yxof_1A
اینا باز یه کلکی دارن! #شام_ایرانی3 #کمدی,https://www.youtube.com/watch?v=yS3vvHP-OdM
حامد وکیلی❌  شف بین المللی✅ - سریال شام ایرانی 3 - فصل 9,https://www.youtube.com/watch?v=_fkkx4pdv28
سریال شغال - قسمت 16 | Shoghal Series - Episode 16,https://www.youtube.com/watch?v=wXSIhcWvHWE
قیمت دسر روشه! #شام_ایرانی3 #کمدی,https://www.youtube.com/watch?v=ZntTsG-cpaU
باز هم ساعت فیک؟!! - سریال شام ایرانی 3 - فصل 9,https://www.youtube.com/watch?v=-g3DN20r7x8
خیلی وقته دارن دنبالمون میان #محکوم #پژمان_جمشیدی,https://www.youtube.com/watch?v=ZYRyDcQPKqc
سر به صحرا میزنم، لیکن حیا زنجیر پاست... #اکنون #رشید_کاکاوند,https://www.youtube.com/watch?v=5hG0pxMlaA4
بحران کم آبی در آینده ایران - سریال اکنون,https://www.youtube.com/watch?v=IhZziaw3GVc
این خانوم شوهر داره #بدنام #سریال_جدید,https://www.youtube.com/watch?v=tPoNBO1f3Sk
سریال شغال - قسمت 15 | Shoghal Series - Episode 15,https://www.youtube.com/watch?v=co3hExQCDbc
بهرام افشاری و هومن حاجی عبدالهی در فیلم کمدی مرد عینکی | Marde Eynaki Movie,https://www.youtube.com/watch?v=V4kHDmqnnFc
توسط این آقا تضمین این قرارداد شدم - سریال بدنام,https://www.youtube.com/watch?v=zFep_BYA-gQ
کشف باستانی غارهای اطراف لرستان #اکنون #بز_کوهی,https://www.youtube.com/watch?v=IEa6OudsPFk
زندگی در 9000 سال پیش... - سریال اکنون,https://www.youtube.com/watch?v=RS7wSnrHPb0
سریال شغال - قسمت 14 | Shoghal Series - Episode 14,https://www.youtube.com/watch?v=1lYDsnbH704
اصلا مهمه قاتل بچه تو بگیرن؟ - سریال محکوم,https://www.youtube.com/watch?v=cWnigCSH8FU
چیزی می‌خواستی بگی!! #سریال #محکوم,https://www.youtube.com/watch?v=yn2tgo87zm4
یکی از معضلات دانشگاهی ما فدا کردن کیفیت برای کمیت است #اکنون #محمدحسین_پاپلی_یزدی,https://www.youtube.com/watch?v=b2tWp_z0ohs
حمام عمومی در زمان قدیم - سریال اکنون,https://www.youtube.com/watch?v=YlWhBeyQVe4
اگه تو داشته باشی و بقیه نداشته باشن، به درد تو هم نمی‌خوره #منشور #بهاره_افشاری,https://www.youtube.com/watch?v=o7wNuQONr6c
تلاش برای تشکیل رابطه و جدا شدن - سریال منشور,https://www.youtube.com/watch?v=zI7ey5JUfxU
سریال شغال - قسمت 13 | Shoghal Series - Episode 13,https://www.youtube.com/watch?v=4s6x2X9npqQ
سریال منشور - تیزر قسمت 6 | Manshoor Series - Teaser Episode 6,https://www.youtube.com/watch?v=0pr-m3vT1JE
پیاز با دوغ؟!! #شام_ایرانی3 #کمدی,https://www.youtube.com/watch?v=3Id8GNjtWGE
خانواده ام همه قصه گو هستن #اکنون #شرمین_نادری,https://www.youtube.com/watch?v=VYH21xmfvZg
چه هدیه جذابی!! - سریال شام ایرانی 3 - فصل 9,https://www.youtube.com/watch?v=Jo7Iia1J_bg
فرشته نجات در روستاها - سریال اکنون,https://www.youtube.com/watch?v=FejRGpT58Y4
سریال شغال - قسمت 12 | Shoghal Series - Episode 12,https://www.youtube.com/watch?v=XzALaC9wuaA
شما چرا اسمم رو نپرسیدی/ سریال بدنام #بدنام #امیر_آقایی,https://www.youtube.com/watch?v=WYqXnqxM-_Y
سریال شغال - قسمت 11 | Shoghal Series - Episode 11,https://www.youtube.com/watch?v=wXXn4VlBX-I
سریال زیرزمین - قسمت 6 (قسمت آخر) | Zirzamin Series - Episode 6,https://www.youtube.com/watch?v=abZ9v6tJ7tg
سریال زیرزمین - قسمت 5 | Zirzamin Series - Episode 5,https://www.youtube.com/watch?v=W2OPpovBpMU
سریال زیرزمین - قسمت 4 | Zirzamin Series - Episode 4,https://www.youtube.com/watch?v=t9IqoWjE_C8
سریال شام ایرانی 3 - فصل 10 - تیزر قسمت 1 | Serial Shame Irani 3 - Season 10 - Teaser Episode 1,https://www.youtube.com/watch?v=9Dt-hBybkqo
سریال بدنام - تیزر | Badnam Series - Teaser,https://www.youtube.com/watch?v=wwwDTiTNf24
فیلم سالن چهار - تیزر | Salone Chahar Movie - Teaser,https://www.youtube.com/watch?v=vksJSN7KmHA
سریال شغال - قسمت 10 | Shoghal Series - Episode 10,https://www.youtube.com/watch?v=rTCyep1fNOM
سریال زیرزمین - قسمت 3 | Zirzamin Series - Episode 3,https://www.youtube.com/watch?v=8Bo8G9YeOkI
سریال زیرزمین - قسمت 2 | Zirzamin Series - Episode 2,https://www.youtube.com/watch?v=fRodiUjJxdY
سریال زیرزمین - قسمت 1 | Zirzamin Series - Episode 1,https://www.youtube.com/watch?v=pHang4y5G9k
سریال شغال - قسمت 9 | Shoghal Series - Episode 9,https://www.youtube.com/watch?v=OXPlOSLfkCI
"تماشای رایگان فیلم ""سالن 4"" در کانال یوتیوب تلویکا  #سالن_4 #فیلم_جدید",https://www.youtube.com/watch?v=W00wmu-qS3s
میلاد کی مرام و مهراوه شریفی نیا در فیلم درام سالن چهار | Salone Chahar Movie,https://www.youtube.com/watch?v=uF6CfL_A_Rs
سریال شغال - قسمت 8 | Shoghal Series - Episode 8,https://www.youtube.com/watch?v=4elktyGrTKw
فیلم مرد عینکی - تیزر |  Marde Eynaki Movie - Teaser,https://www.youtube.com/watch?v=q8u1n8BAtXI
لحظه های حساس یاغی - سریال یاغی,https://www.youtube.com/watch?v=jWgZio-avUk
سریال شغال - قسمت 7 | Shoghal Series - Episode 7,https://www.youtube.com/watch?v=bAXcWIBjDpw
سریال بدنام - قسمت 1 | Badnam Series - Episode 1,https://www.youtube.com/watch?v=Qw9eGQbp0ys
تماشای رایگان قسمت 1 سریال جدید بدنام در کانال یوتیوب تلویکا #بدنام #امیر_آقایی,https://www.youtube.com/watch?v=0YVPgIDOhQg
"تماشای رایگان سریال ""شغال"" در کانال یوتیوب تلویکا #شغال#سریال",https://www.youtube.com/watch?v=1oxQMJ25Aks
سریال شغال - قسمت 6 | Shoghal Series - Episode 6,https://www.youtube.com/watch?v=p62wirIkBA4
سریال شغال - قسمت 5 | Shoghal Series - Episode 5,https://www.youtube.com/watch?v=HmFGQzY3sRE
سریال ایرانگردی با بنیامین بلوچی 2 - قسمت 10 | Irangardi ba Benyamin Balouchi 2 Series - Episode 10,https://www.youtube.com/watch?v=aPC9vJE083c
سریال ایرانگردی با بنیامین بلوچی 2 - قسمت 9 | Irangardi ba Benyamin Balouchi 2 Series - Episode 9,https://www.youtube.com/watch?v=flbwAO_ysCg
سریال ایرانگردی با بنیامین بلوچی 2 - قسمت 8 | Irangardi ba Benyamin Balouchi 2 Series - Episode 8,https://www.youtube.com/watch?v=QfGfUZoj2go
سریال ایرانگردی با بنیامین بلوچی 2 - قسمت 6 | Irangardi ba Benyamin Balouchi 2 Series - Episode 6,https://www.youtube.com/watch?v=Kf-y4It_zA8
سریال شغال - قسمت 4 | Shoghal Series - Episode 4,https://www.youtube.com/watch?v=qnIyDY5YSu8
سریال ایرانگردی با بنیامین بلوچی 2 - قسمت 7 | Irangardi ba Benyamin Balouchi 2 Series - Episode 7,https://www.youtube.com/watch?v=3wczFWva568
سریال ایرانگردی با بنیامین بلوچی 2 - قسمت 5 | Irangardi ba Benyamin Balouchi 2 Series - Episode 5,https://www.youtube.com/watch?v=TQWL843IuiU
سریال ایرانگردی با بنیامین بلوچی 2 - قسمت 4 | Irangardi ba Benyamin Balouchi 2 Series - Episode 4,https://www.youtube.com/watch?v=UCL5SRc58tU
سریال ایرانگردی با بنیامین بلوچی 2 - قسمت 3 | Irangardi ba Benyamin Balouchi 2 Series - Episode 3,https://www.youtube.com/watch?v=h9yHYLTaIdI
سریال ایرانگردی با بنیامین بلوچی 2 - قسمت 2 | Irangardi ba Benyamin Balouchi 2 Series - Episode 2,https://www.youtube.com/watch?v=ujBKlrRRfDI
سریال ایرانگردی با بنیامین بلوچی 2 - قسمت 1 | Irangardi ba Benyamin Balouchi 2 Series - Episode 1,https://www.youtube.com/watch?v=NPLJOldlZgw
سریال شغال - قسمت 3 | Shoghal Series - Episode 3,https://www.youtube.com/watch?v=JoK0EHTw3P4
سریال ایرانگردی با بنیامین بلوچی 1 - قسمت 10 | Irangardi ba Benyamin Balouchi 1 Series - Episode 10,https://www.youtube.com/watch?v=9--QE6Ma_SA
سریال ایرانگردی با بنیامین بلوچی 1 - قسمت 9 | Irangardi ba Benyamin Balouchi 1 Series - Episode 9,https://www.youtube.com/watch?v=3OgAJh8FEXg
سریال ایرانگردی با بنیامین بلوچی 1 - قسمت 8 | Irangardi ba Benyamin Balouchi 1 Series - Episode 8,https://www.youtube.com/watch?v=MUxy_xYhrUs
سریال ایرانگردی با بنیامین بلوچی 1 - قسمت 7 | Irangardi ba Benyamin Balouchi 1 Series - Episode 7,https://www.youtube.com/watch?v=3QFO46K2Wyw
سریال ایرانگردی با بنیامین بلوچی 1 - قسمت 6 | Irangardi ba Benyamin Balouchi 1 Series - Episode 6,https://www.youtube.com/watch?v=6CQv5ArcGX0
سریال ایرانگردی با بنیامین بلوچی 1 - قسمت 5 | Irangardi ba Benyamin Balouchi 1 Series - Episode 5,https://www.youtube.com/watch?v=8HHTLTVNEvg
سریال ایرانگردی با بنیامین بلوچی 1 - قسمت 4 | Irangardi ba Benyamin Balouchi 1 Series - Episode 4,https://www.youtube.com/watch?v=PYJlqt01qxk
سریال ایرانگردی با بنیامین بلوچی 1 - قسمت 3 | Irangardi ba Benyamin Balouchi 1 Series - Episode 3,https://www.youtube.com/watch?v=h4yMLvENsGI
سریال ایرانگردی با بنیامین بلوچی 1 - قسمت 2 | Irangardi ba Benyamin Balouchi 1 Series - Episode 2,https://www.youtube.com/watch?v=kUq8ifDGse4
سریال ایرانگردی با بنیامین بلوچی 1 - قسمت 1 | Irangardi ba Benyamin Balouchi 1 Series - Episode 1,https://www.youtube.com/watch?v=glXfP8PDpMk
سریال شغال - قسمت 2 | Shoghal Series - Episode 2,https://www.youtube.com/watch?v=gGvesjLLIQs
سریال گل یا پوچ 2 - قسمت 10 | Gol Ya Pooch 2 Series - Episode 10,https://www.youtube.com/watch?v=A_1Oxz5xSzQ
"خنده های بی وقفه ""جوکر 1"" - سریال جوکر 1",https://www.youtube.com/watch?v=CqBhs5nN80w
سریال گل یا پوچ 2 - قسمت 9 | Gol Ya Pooch 2 Series - Episode 9,https://www.youtube.com/watch?v=pCCHvn8-C0g
سریال شام ایرانی 2 - فصل 9 - قسمت 4 | Serial Shame Irani 2 - Season 9 - Episode 4,https://www.youtube.com/watch?v=V4XB7IXMjZo
سریال شام ایرانی 2 - فصل 8 - قسمت 4 | Serial Shame Irani 2 - Season 8 - Episode 4,https://www.youtube.com/watch?v=JlmlXa4L67I
سریال گل یا پوچ 2 - قسمت 8 | Gol Ya Pooch 2 Series - Episode 8,https://www.youtube.com/watch?v=y-B1xAmk0jA
فیلم جنجالی پریا به کارگردانی شاهین صمدپور - فیلم کوتاه | Pariya Movie - Short Movie,https://www.youtube.com/watch?v=uPWwP93NWLo
سریال اکنون - قسمت 65 | Aknoon Series - Episode 65,https://www.youtube.com/watch?v=Esg-rz_jdo0
سریال شام ایرانی 2 - فصل 4 - قسمت 4 | Serial Shame Irani 2 - Season 4 - Episode 4,https://www.youtube.com/watch?v=k19KIVwTnzI
سریال گل یا پوچ 2 - قسمت 7 | Gol Ya Pooch 2 Series - Episode 7,https://www.youtube.com/watch?v=w2OCZ1Vx0gk
ژاله صامتی و آرمان درویش در فیلم درام پسرکشی | Pesar Koshi Movie,https://www.youtube.com/watch?v=L17yFqpm-jM
سریال اکنون - قسمت 64 | Aknoon Series - Episode 64,https://www.youtube.com/watch?v=-ZCL6Zjg4XE
جمشید هاشم پور و پگاه آهنگرانی در فیلم اکشن و پلیسی برای مرجان | Baraye Marjan Movie,https://www.youtube.com/watch?v=AqAGIl19sbE
سریال محکوم - قسمت 22 (قسمت آخر) | Mahkoum Series - Episode 22,https://www.youtube.com/watch?v=mephfD3wYVQ
علی مصفا و لیلا حاتمی در فیلم خانوادگی نبودن | Naboodan Movie,https://www.youtube.com/watch?v=6fueOFb5u-k
میترا حجار و روزبه حصاری در فیلم سینمایی ستون 14 | Sotoone Chahardah Movie,https://www.youtube.com/watch?v=e9eFSpm_fbc
سریال گل یا پوچ 2 - قسمت 6 | Gol Ya Pooch 2 Series - Episode 6,https://www.youtube.com/watch?v=CCqK13tV8Pc
پیمان معادی، هانیه توسلی و فرشته حسینی در فیلم درام بی سر و صدا | Bi Saro Seda Movie,https://www.youtube.com/watch?v=4BYGcvr7vq8
سریال اکنون - قسمت 63 | Aknoon Series - Episode 63,https://www.youtube.com/watch?v=wfCaK6bNHtc
بهناز جعفری و مهران احمدی در فیلم خانوادگی لیپار | Lipar Movie,https://www.youtube.com/watch?v=39vEH8nGsWg
سریال محکوم - قسمت 21 | Mahkoum Series - Episode 21,https://www.youtube.com/watch?v=u-j7cDohc98
سریال اکنون - قسمت 62 | Aknoon Series - Episode 62,https://www.youtube.com/watch?v=vqKeRnx4E7g
سریال اکنون - قسمت 61 | Aknoon Series - Episode 61,https://www.youtube.com/watch?v=weS948_Is_o
سریال سپنج - قسمت 50 (قسمت آخر) | Sepanj Series - Episode 50,https://www.youtube.com/watch?v=R6U3TX8MuMw
سریال گل یا پوچ 2 - قسمت 5 | Gol Ya Pooch 2 Series - Episode 5,https://www.youtube.com/watch?v=bBsN8I6Zf_Y
سریال گل یا پوچ 2 - قسمت 4 | Gol Ya Pooch 2 Series - Episode 4,https://www.youtube.com/watch?v=JaPtp01jIGs
سریال اکنون - قسمت 60 | Aknoon Series - Episode 60,https://www.youtube.com/watch?v=MWvFMn1Uv-0
سریال گل یا پوچ 2 - قسمت 3 | Gol Ya Pooch 2 Series - Episode 3,https://www.youtube.com/watch?v=rmSLZvv_JUA
سریال محکوم - قسمت 20 | Mahkoum Series - Episode 20,https://www.youtube.com/watch?v=7rCsmAimJuo
سریال گل یا پوچ 2 - قسمت 2 | Gol Ya Pooch 2 Series - Episode 2,https://www.youtube.com/watch?v=k_MTNQ7zHno
سریال محکوم - قسمت 19 | Mahkoum Series - Episode 19,https://www.youtube.com/watch?v=7htQGZv8gQM
سریال گل یا پوچ 2 - قسمت 1 | Gol Ya Pooch 2 Series - Episode 1,https://www.youtube.com/watch?v=Y7k8RoWsG8c
سریال محکوم - قسمت 18 | Mahkoum Series - Episode 18,https://www.youtube.com/watch?v=meM-k9L31VU
سریال محکوم - قسمت 17 | Mahkoum Series - Episode 17,https://www.youtube.com/watch?v=t4isDZVAZUo
سریال مگه تموم عمر چند تا بهاره - پشت صحنه قسمت 2 | Mage Tamoome Omr Chand Ta Bahare Series,https://www.youtube.com/watch?v=U6znnAvWAIk
سریال اکنون - قسمت 59 | Aknoon Series - Episode 59,https://www.youtube.com/watch?v=HE57qhgJyio
سریال مگه تموم عمر چند تا بهاره - پشت صحنه قسمت 1 | Mage Tamoome Omr Chand Ta Bahare Series,https://www.youtube.com/watch?v=Hft6eXQ_CXc
"تماشای رایگان فیلم ""سیاه سنگ"" در کانال یوتیوب تلویکا  #سیاه_سنگ #فیلم_جدید",https://www.youtube.com/watch?v=hAqjv7GSA04
نصرالله رادش و سجاد افشاریان در فیلم کوتاه سیاه سنگ | Siyah Sang Movie,https://www.youtube.com/watch?v=91Lm7hcD8iM
سریال مگه تموم عمر چند تا بهاره - قسمت 25 | Mage Tamoome Omr Chand Ta Bahare Series - Episode 25,https://www.youtube.com/watch?v=8SBqHibU3oQ
تماشای رایگان قسمت شانزدهم سریال محکوم در کانال یوتیوب تلویکا #پژمان_جمشیدی #محکوم,https://www.youtube.com/watch?v=8XWK0LbC7Lg
سریال محکوم - قسمت 16 | Mahkoum Series - Episode 16,https://www.youtube.com/watch?v=9RbVxuOJg4E
سریال مگه تموم عمر چند تا بهاره - قسمت 24 | Mage Tamoome Omr Chand Ta Bahare Series - Episode 24,https://www.youtube.com/watch?v=eidFk5MeSlk
کی تورو فرستاده دنبال من؟ #محکوم #مهران_غفوریان,https://www.youtube.com/watch?v=FEUkpwW0Cu4
از من به جایی نمی رسی - سریال محکوم,https://www.youtube.com/watch?v=hlNCOXE82fU
سریال محکوم - تیزر قسمت 19 | Mahkoum Series - Teaser Episode 19,https://www.youtube.com/watch?v=5O5B0sjKTAM
سریال مگه تموم عمر چند تا بهاره - قسمت 23 | Mage Tamoome Omr Chand Ta Bahare Series - Episode 23,https://www.youtube.com/watch?v=2Tvtx2bHybY
هرکسی هرچیزی بگه ممکنه غلط باشه! #اکنون #سروش_صحت,https://www.youtube.com/watch?v=gJhjqgjEbb8
دروغ در قالب تبلیغات... - سریال اکنون,https://www.youtube.com/watch?v=5PxTgIPiHGc
سریال اکنون - تیزر قسمت 59 | Aknoon Series - Teaser Episode 59,https://www.youtube.com/watch?v=1MtxSW-zZAs
سریال مگه تموم عمر چند تا بهاره - قسمت 22 | Mage Tamoome Omr Chand Ta Bahare Series - Episode 22,https://www.youtube.com/watch?v=bE_hyrzPW7I
فیلم کوتاه سیاه سنگ - تیزر | Siyah Sang Movie - Teaesr,https://www.youtube.com/watch?v=wGuHH3A6gfg
فیلم سینمایی لیپار - تیزر | Lipar Movie - Teaser,https://www.youtube.com/watch?v=x5v8sJlojws
"تماشای رایگان فیلم ""شادروان"" در کانال یوتیوب تلویکا  #شادروان #فیلم_جدید",https://www.youtube.com/watch?v=yEdg7dGEEnA
سریال سپنج - قسمت 49 | Sepanj Series - Episode 49,https://www.youtube.com/watch?v=Lno_lYsCBTM
سریال مگه تموم عمر چند تا بهاره - قسمت 21 | Mage Tamoome Omr Chand Ta Bahare Series - Episode 21,https://www.youtube.com/watch?v=Nv436v5cYIQ
"تماشای رایگان قسمت پنجاه و هشتم ""اکنون"" در کانال یوتیوب تلویکا #اکنون #سروش_صحت",https://www.youtube.com/watch?v=KaB2W5hIsss
نمایش بازی می‌کنی یا نقاب می‌زنی؟ #سپنج #داوود_کیانیان,https://www.youtube.com/watch?v=mhghZDsAXcQ
براستی چه کسی برنده، چه کسی خوشحاله؟ - سریال سپنج,https://www.youtube.com/watch?v=kh68C0N_vBg
کم سن ترین، پلیر این فصل از گل یا پوچ #گل_یا_پوچ2 #گیم_شو,https://www.youtube.com/watch?v=Gjy22a8UmfA
پرچم رشت بالاست! - سریال گل یا پوچ 2,https://www.youtube.com/watch?v=Ikk7bxFCk94
معرفی بازیکنان گروه چهارم گل یا پوچ فصل 2 #گل_یا_پوچ #صابر_ابر,https://www.youtube.com/watch?v=kHbPAnlSdYI
معرفی بازیکنان گروه سوم گل یا پوچ فصل 2 #گل_یا_پوچ #صابر_ابر,https://www.youtube.com/watch?v=NF_PuDisgq8
سریال سپنج - تیزر قسمت 49 | Sepanj Series - Teaser Episode 49,https://www.youtube.com/watch?v=TkZRPWZgISM
سریال گل یا پوچ 2 - تیزر قسمت 2 | Gol Ya Pooch 2 Series - Teaser Episode 2,https://www.youtube.com/watch?v=hSZqZwCKqgg
نذار یه خون دیگه بیوفته رو گردنت آزاد... #شغال #سریال_جدید,https://www.youtube.com/watch?v=pZ7OQWxYALQ
سریال اکنون - قسمت 58 | Aknoon Series - Episode 58,https://www.youtube.com/watch?v=PKVI7rQpcA8
سریال مگه تموم عمر چند تا بهاره - قسمت 20 | Mage Tamoome Omr Chand Ta Bahare Series - Episode 20,https://www.youtube.com/watch?v=nvE-3u4gU4I
سریال مگه تموم عمر چند تا بهاره - قسمت 19 | Mage Tamoome Omr Chand Ta Bahare Series - Episode 19,https://www.youtube.com/watch?v=PO--cGSICls
رسیدیم آخر خط - سریال شغال,https://www.youtube.com/watch?v=c0sEh4WJE28
سریال شغال - تیزر قسمت 23 | Shoghal Series - Teaser Episode 23,https://www.youtube.com/watch?v=1KT_SwTZlB0
سریال مگه تموم عمر چند تا بهاره - قسمت 18 | Mage Tamoome Omr Chand Ta Bahare Series - Episode 18,https://www.youtube.com/watch?v=w64ZD-jyV2U
سریال محکوم - قسمت 15 | Mahkoum Series - Episode 15,https://www.youtube.com/watch?v=mqZdnTTIkZ4
سریال مگه تموم عمر چند تا بهاره - قسمت 17 | Mage Tamoome Omr Chand Ta Bahare Series - Episode 17,https://www.youtube.com/watch?v=svKW7WElPfg
"تماشای رایگان فیلم ""اتومبیل"" در کانال یوتیوب تلویکا  #اتومبیل #فیلم_جدید",https://www.youtube.com/watch?v=aAzcIZWk-uw
حواستون باشه گروگان داره! - سریال محکوم,https://www.youtube.com/watch?v=YFTYRZGaYLE
یه جسد اینجاست! #محکوم #سریال_جدید,https://www.youtube.com/watch?v=B2P8Nw9Z-9w
پژمان بازغی و کوروش تهامی در فیلم کمدی سلفی با دموکراسی | Selfie Ba Democracy Movie,https://www.youtube.com/watch?v=YC3gBi3f8ps
سریال مگه تموم عمر چند تا بهاره - قسمت 16 | Mage Tamoome Omr Chand Ta Bahare Series - Episode 16,https://www.youtube.com/watch?v=uburSIWEHV4
سریال محکوم - تیزر قسمت 18 | Mahkoum Series - Teaser Episode 18,https://www.youtube.com/watch?v=ZPfTVVDDIyU
"تماشای رایگان فیلم ""عنکبوت"" در کانال یوتیوب تلویکا  #عنکبوت #فیلم_جدید",https://www.youtube.com/watch?v=5URHEYiUf4w
تعریف ساده هنر! - سریال اکنون,https://www.youtube.com/watch?v=C8fK72ujt90
"تماشای رایگان فیلم ""پری‌سا"" در کانال یوتیوب تلویکا  #پری‌_سا #فیلم_جدید",https://www.youtube.com/watch?v=v5x_HimpAmo
مقایسه باب راس و ونگوگ #اکنون #سروش_صحت,https://www.youtube.com/watch?v=JIaa_IYB7uo
"تماشای رایگان فیلم ""خوب، بد، جلف 2"" در کانال یوتیوب تلویکا  #خوب_بد_جلف2 #فیلم_جدید",https://www.youtube.com/watch?v=6yuv1SvVoUA
سریال اکنون - تیزر قسمت 58 | Aknoon Series - Teaser Episode 58,https://www.youtube.com/watch?v=fVys8MMfnuA
سریال مگه تموم عمر چند تا بهاره - قسمت 15 | Mage Tamoome Omr Chand Ta Bahare Series - Episode 15,https://www.youtube.com/watch?v=9JZALZ49UDw
سریال سپنج - قسمت 48 | Sepanj Series - Episode 48,https://www.youtube.com/watch?v=6bJXSfvkg8I
سریال مگه تموم عمر چند تا بهاره - قسمت 14 | Mage Tamoome Omr Chand Ta Bahare Series - Episode 14,https://www.youtube.com/watch?v=eU8wGy4gh00
"تماشای رایگان قسمت پنجاه و هفتم ""اکنون"" در کانال یوتیوب تلویکا #اکنون #سروش_صحت",https://www.youtube.com/watch?v=kHijP92GO4c
قسمت اول گل یا پوچ سری دوم #گل_یا_پوچ #صابر_ابر,https://www.youtube.com/watch?v=E4FwYfidtOA
"داستان 1,5 میلیاردی شروع شد! - سریال گل یا پوچ 2",https://www.youtube.com/watch?v=6QgNaRP_ao0
سحر قریشی و اکبر عبدی در فیلم درام اتومبیل | Automobile Movie,https://www.youtube.com/watch?v=z4u0L3Dy8vg
سریال گل یا پوچ 2 - تیزر قسمت 1 | Gol Ya Pooch 2 Series - Teaser Episode 1,https://www.youtube.com/watch?v=icSkYlCvDEY
سریال مگه تموم عمر چند تا بهاره - قسمت 13 | Mage Tamoome Omr Chand Ta Bahare Series - Episode 13,https://www.youtube.com/watch?v=2Ucy6lqO0Cs
قیمت آدم #سپنج,https://www.youtube.com/watch?v=okTara9vhjg
وقتی موسیقی از دل مردمه - سریال سپنج,https://www.youtube.com/watch?v=6_Ydespor0w
سریال سپنج - تیزر قسمت 48 | Sepanj Series - Teaser Episode 48,https://www.youtube.com/watch?v=vT1C-Y5V9xk
سریال اکنون - قسمت 57 | Aknoon Series - Episode 57,https://www.youtube.com/watch?v=Zr6axforS1Q
سریال مگه تموم عمر چند تا بهاره - قسمت 12 | Mage Tamoome Omr Chand Ta Bahare Series - Episode 12,https://www.youtube.com/watch?v=510uVrhGBIU
ادامه‌ی سکانس سریال شغال قسمت 22 #شغال #سریال_جدید,https://www.youtube.com/watch?v=5DgUaoY24sA
به من بگو دروغ می گه؟ - سریال شغال,https://www.youtube.com/watch?v=cwJgyx9jNq8
سریال مهمونی - فصل 2 - قسمت 30 (قسمت آخر) | Mehmoni Series - Season 2 - Episode 30,https://www.youtube.com/watch?v=MZ_quD7rIh8
سریال مهمونی - فصل 2 - قسمت 29 | Mehmoni Series - Season 2 - Episode 29,https://www.youtube.com/watch?v=5j0G7HbgLuE
سریال مهمونی - فصل 2 - قسمت 28 | Mehmoni Series - Season 2 - Episode 28,https://www.youtube.com/watch?v=uA6jevl0v-w
سریال مهمونی - فصل 2 - قسمت 27 | Mehmoni Series - Season 2 - Episode 27,https://www.youtube.com/watch?v=k5Q9KpkFyf0
ساره بیات و محسن تنابنده در فیلم اجتماعی عنکبوت | Ankaboot Movie,https://www.youtube.com/watch?v=-dHDVhwsveU
سریال مهمونی - فصل 2 - قسمت 26 | Mehmoni Series - Season 2 - Episode 26,https://www.youtube.com/watch?v=eBz52b9_P40
سریال شغال - تیزر قسمت 22 | Shoghal Series - Teaser Episode 22,https://www.youtube.com/watch?v=gkjvfO7kRXo
سریال مگه تموم عمر چند تا بهاره - قسمت 11 | Mage Tamoome Omr Chand Ta Bahare Series - Episode 11,https://www.youtube.com/watch?v=j5PEr-1-6wU
سریال مهمونی - فصل 2 - قسمت 25 | Mehmoni Series - Season 2 - Episode 25,https://www.youtube.com/watch?v=ljwnimeAWUc
سریال مهمونی - فصل 2 - قسمت 24 | Mehmoni Series - Season 2 - Episode 24,https://www.youtube.com/watch?v=s2c_IFO5ENg
سریال مهمونی - فصل 2 - قسمت 23 | Mehmoni Series - Season 2 - Episode 23,https://www.youtube.com/watch?v=YEy8qlie-B8
سریال مهمونی - فصل 2 - قسمت 22 | Mehmoni Series - Season 2 - Episode 22,https://www.youtube.com/watch?v=_Mr1in7FQI0
سریال مهمونی - فصل 2 - قسمت 21 | Mehmoni Series - Season 2 - Episode 21,https://www.youtube.com/watch?v=JZU4csKuR3E
گل یا پوچ دیگه فقط یه رقابت نیست،یه داستانه… - سری دوم بازی گل یا پوچ,https://www.youtube.com/watch?v=BFs5avptOQY
سریال مهمونی - فصل 2 - قسمت 20 | Mehmoni Series - Season 2 - Episode 20,https://www.youtube.com/watch?v=4CGE_FetrH0
سریال مگه تموم عمر چند تا بهاره - قسمت 10 | Mage Tamoome Omr Chand Ta Bahare Series - Episode 10,https://www.youtube.com/watch?v=XgXCh-udGWo
سریال محکوم - قسمت 14 | Mahkoum Series - Episode 14,https://www.youtube.com/watch?v=W9eZt11WO1A
تماشای رایگان قسمت دوازدهم شفرونی در کانال یوتیوب تلویکا #کمدی  #شفرونی,https://www.youtube.com/watch?v=jQhVbxRRmGY
ازت می‌خوام کمکم کنی... #سریال_جدید #محکوم,https://www.youtube.com/watch?v=ZCcSNH0zebs
تنها سرنخ ما از بین رفت... - سریال محکوم,https://www.youtube.com/watch?v=kShw2zQcIDc
سریال مهمونی - فصل 2 - قسمت 19 | Mehmoni Series - Season 2 - Episode 19,https://www.youtube.com/watch?v=0tsBdmw6veU
سریال مهمونی - فصل 2 - قسمت 18 | Mehmoni Series - Season 2 - Episode 18,https://www.youtube.com/watch?v=lqL29ATVE0k
سریال مهمونی - فصل 2 - قسمت 17 | Mehmoni Series - Season 2 - Episode 17,https://www.youtube.com/watch?v=YoBUvfcvBpc
سریال مهمونی - فصل 2 - قسمت 16 | Mehmoni Series - Season 2 - Episode 16,https://www.youtube.com/watch?v=dQ5p17ceYeE
سریال مهمونی - فصل 2 - قسمت 15 | Mehmoni Series - Season 2 - Episode 15,https://www.youtube.com/watch?v=N4lXAn3Pgvk
گلاره عباسی و نازنین بیاتی در فیلم کمدی شادروان | Shadravan Movie,https://www.youtube.com/watch?v=4UUaZHMwJDo
سریال مهمونی - فصل 2 - قسمت 14 | Mehmoni Series - Season 2 - Episode 14,https://www.youtube.com/watch?v=QkG7HCqDYYQ
سریال مگه تموم عمر چند تا بهاره - قسمت 9 | Mage Tamoome Omr Chand Ta Bahare Series - Episode 9,https://www.youtube.com/watch?v=zQvfjwb3gYc
سریال محکوم - تیزر قسمت 17 | Mahkoum Series - Teaser Episode 17,https://www.youtube.com/watch?v=787A9P41ZNw
تماشای رایگان سریال مگه تموم عمر چند تا بهاره در کانال تلویکا #مگه_تموم_عمر_چندتا_بهاره,https://www.youtube.com/watch?v=5rWrc-yZcsE
رفتار به ظاهر درست اما غلط... - سریال اکنون,https://www.youtube.com/watch?v=_or2hlIoPBc
معمولا به مهمون ها قهوه تعارف نمی‌کردی #اکنون #سروش_صحت,https://www.youtube.com/watch?v=CCHw_Qb3u1w
سریال اکنون - تیزر قسمت 57 | Aknoon Series - Teaser Episode 57,https://www.youtube.com/watch?v=Q8N0H-Yo3Ho
سریال مهمونی - فصل 2 - قسمت 13 | Mehmoni Series - Season 2 - Episode 13,https://www.youtube.com/watch?v=bC07haP0HU4
سریال مهمونی - فصل 2 - قسمت 12 | Mehmoni Series - Season 2 - Episode 12,https://www.youtube.com/watch?v=j1ewFQ9G-NA
سریال مهمونی - فصل 2 - قسمت 11 | Mehmoni Series - Season 2 - Episode 11,https://www.youtube.com/watch?v=bYT8KXTv49A
سریال مهمونی - فصل 2 - قسمت 10 | Mehmoni Series - Season 2 - Episode 10,https://www.youtube.com/watch?v=pvJxSj8H4vw
سریال مهمونی - فصل 2 - قسمت 9 | Mehmoni Series - Season 2 - Episode 9,https://www.youtube.com/watch?v=mFBe8XYbu4M
تماشای رایگان فصل دوم مهمونی در کانال یوتیوب تلویکا #کمدی  #مهمونی,https://www.youtube.com/watch?v=HgEonRY7C8I
سریال مهمونی - فصل 2 - قسمت 8 | Mehmoni Series - Season 2 - Episode 8,https://www.youtube.com/watch?v=vi0jRnleHVk
سریال مگه تموم عمر چند تا بهاره - قسمت 8 | Mage Tamoome Omr Chand Ta Bahare Series - Episode 8,https://www.youtube.com/watch?v=R1hssLBTgM8
سریال شفرونی - قسمت 12 (قسمت آخر) | Cheferoni Series - Episode 12,https://www.youtube.com/watch?v=FQLZit1lhaA
سریال مهمونی - فصل 2 - قسمت 7 | Mehmoni Series - Season 2 - Episode 7,https://www.youtube.com/watch?v=1e0BccJARUQ
سریال مهمونی - فصل 2 - قسمت 6 | Mehmoni Series - Season 2 - Episode 6,https://www.youtube.com/watch?v=GFmCYgXCCC8
سریال مهمونی - فصل 2 - قسمت 5 | Mehmoni Series - Season 2 - Episode 5,https://www.youtube.com/watch?v=dG8k0sChwuk
سریال مهمونی - فصل 2 - قسمت 4 | Mehmoni Series - Season 2 - Episode 4,https://www.youtube.com/watch?v=Lbdtqhdyq9g
سریال مهمونی - فصل 2 - قسمت 3 | Mehmoni Series - Season 2 - Episode 3,https://www.youtube.com/watch?v=PnWD3hPGEAs
سریال سپنج - قسمت 47 | Sepanj Series - Episode 47,https://www.youtube.com/watch?v=qzGoZXJ4XhA
سریال مهمونی - فصل 2 - قسمت 2 | Mehmoni Series - Season 2 - Episode 2,https://www.youtube.com/watch?v=he5BSTfl8fE
سریال مگه تموم عمر چند تا بهاره - قسمت 7 | Mage Tamoome Omr Chand Ta Bahare Series - Episode 7,https://www.youtube.com/watch?v=q374vRTcvFQ
ترلان پروانه و بهاره افشاری در فیلم درام پری سا | Parisa Movie,https://www.youtube.com/watch?v=OoFbCdZm9tk
سریال مگه تموم عمر چند تا بهاره - قسمت 6 | Mage Tamoome Omr Chand Ta Bahare Series - Episode 6,https://www.youtube.com/watch?v=kIMHelGbt54
تماشای رایگان قسمت یازدهم شفرونی در کانال یوتیوب تلویکا #کمدی  #شفرونی,https://www.youtube.com/watch?v=IBK74_3-djQ
"تماشای رایگان قسمت پنجاه و ششم ""اکنون"" در کانال یوتیوب تلویکا #رشید_کاکاوند #اکنون #سریال",https://www.youtube.com/watch?v=R4YK_yDa2oc
"تماشای رایگان قسمت پنجاه و پنجم ""اکنون"" در کانال یوتیوب تلویکا #رشید_کاکاوند #اکنون",https://www.youtube.com/watch?v=Wt0hA7Yj-4I
حال و احوال امروز انسان - سریال سپنج,https://www.youtube.com/watch?v=zQxPVaA3J14
جان زندگی به چیست؟ #سپنج #نسرین_مصفا,https://www.youtube.com/watch?v=2hOB71Dfbb0
سریال سپنج - تیزر قسمت 47 | Sepanj Series - Teaser Episode 47,https://www.youtube.com/watch?v=rh4qwGS4QU0
سریال اکنون - قسمت 56 | Aknoon Series - Episode 56,https://www.youtube.com/watch?v=UotR9Y-gRlw
سریال مگه تموم عمر چند تا بهاره - قسمت 5 | Mage Tamoome Omr Chand Ta Bahare Series - Episode 5,https://www.youtube.com/watch?v=C_3GTgtZ-e8
همه چیز رو به سیاوش گفتم - سریال شغال,https://www.youtube.com/watch?v=UnDnngQWr3I
تا پلیس نیومده، مدارک رو بیار #شغال #سریال_جدید,https://www.youtube.com/watch?v=-r21Rf_xbrY
"سام درخشانی و پژمان جمشیدی در فیلم کمدی خوب، بد، جلف 2 | Khoob, Bad, Jelf 2 Movie",https://www.youtube.com/watch?v=-3R77vJR4xE
سریال مگه تموم عمر چند تا بهاره - قسمت 4 | Mage Tamoome Omr Chand Ta Bahare Series - Episode 4,https://www.youtube.com/watch?v=jOeuHTfi7us
سریال شغال - تیزر قسمت 21 | Shoghal Series - Teaser Episode 21,https://www.youtube.com/watch?v=HIdKhC6Zkjo
تماشای رایگان قسمت سیزدهم سریال محکوم در کانال یوتیوب تلویکا #پژمان_جمشیدی #محکوم,https://www.youtube.com/watch?v=MOEQeQ3uXQw
"تماشای رایگان فیلم ""ستاره بازی"" در کانال یوتیوب تلویکا  #ستاره_بازی #فیلم_جدید",https://www.youtube.com/watch?v=v9DiN3zreHg
"تماشای رایگان فیلم ""شنای پروانه"" در کانال یوتیوب تلویکا  #شنای_پروانه #فیلم_جدید",https://www.youtube.com/watch?v=K9vOK8lbao4
سریال محکوم - قسمت 13 | Mahkoum Series - Episode 13,https://www.youtube.com/watch?v=EHh1aDQ0Xww
سریال مگه تموم عمر چند تا بهاره - قسمت 3 | Mage Tamoome Omr Chand Ta Bahare Series - Episode 3,https://www.youtube.com/watch?v=I4b7scTlxrI
حرف می‌زنی یا از شوگر مامی ات بپرسم؟ #محکوم #سریال_جدید,https://www.youtube.com/watch?v=MLHUyDV2SEo
هیچ اثری از مهیار پیدا نکردیم! - سریال محکوم,https://www.youtube.com/watch?v=TmvOQSGsWfw
سریال محکوم - تیزر قسمت 16 | Mahkoum Series - Teaser Episode 16,https://www.youtube.com/watch?v=WTMUUJsdD98
سریال مگه تموم عمر چند تا بهاره - قسمت 2 | Mage Tamoome Omr Chand Ta Bahare Series - Episode 2,https://www.youtube.com/watch?v=QUVx6i-AXz8
تهمت می‌زنی، درحالی که خودت آلوده هستی! #اکنون #عبدالمحمود_رضوانی,https://www.youtube.com/watch?v=zKo6v6CxuIs
استاد خوش بیان ادبیات ایران عبدالمحمود رضوانی - سریال اکنون,https://www.youtube.com/watch?v=EpeVzN_foZY
سریال اکنون - تیزر قسمت 56 | Aknoon Series - Teaser Episode 56,https://www.youtube.com/watch?v=KoZzgao5LPk
قسمت آخر شفرونی #شفرونی #حمید_لولایی,https://www.youtube.com/watch?v=6Exv_57lvt4
کبابی می زنم که سیخشو می خوری - سریال شفرونی,https://www.youtube.com/watch?v=9PP6iKizqNo
سریال شفرونی - قسمت 11 | Cheferoni Series - Episode 11,https://www.youtube.com/watch?v=BW_Z9s98yM4
سریال مگه تموم عمر چند تا بهاره - قسمت 1 | Mage Tamoome Omr Chand Ta Bahare Series - Episode 1,https://www.youtube.com/watch?v=mN42fsR2GUQ
سریال شفرونی - تیزر قسمت 12 | Cheferoni Series - Teaser Epsidoe 12,https://www.youtube.com/watch?v=vmCOhb6IHhI
سریال جادوگر - قسمت 13 (قسمت آخر) | Jadugar Series - Episode 13,https://www.youtube.com/watch?v=CR4pDv-s9qw
سریال شفرونی - معرفی مهمانان - حمید لولایی و علی صادقی | Cheferoni Series - Teaser,https://www.youtube.com/watch?v=Pl_Tk7Js3Gs
سریال سپنج - قسمت 46 | Sepanj Series - Episode 46,https://www.youtube.com/watch?v=bubsfcr2LVw
سریال جادوگر - قسمت 12 | Jadugar Series - Episode 12,https://www.youtube.com/watch?v=b7kclz1hM9o
سریال جادوگر - قسمت 11 | Jadugar Series - Episode 11,https://www.youtube.com/watch?v=3P53wnb1X5U
سریال جادوگر - قسمت 10 | Jadugar Series - Episode 10,https://www.youtube.com/watch?v=uqANFdJzgqE
سریال جادوگر - قسمت 9 | Jadugar Series - Episode 9,https://www.youtube.com/watch?v=5Txg0w10ugs
سریال جادوگر - قسمت 8 | Jadugar Series - Episode 8,https://www.youtube.com/watch?v=_RY20XC5J1o
سریال جادوگر - قسمت 7 | Jadugar Series - Episode 7,https://www.youtube.com/watch?v=RixFh5WnqKQ
سریال جادوگر - قسمت 6 | Jadugar Series - Episode 6,https://www.youtube.com/watch?v=-RAAeh10Y-I
تماشای رایگان قسمت دوازدهم سریال محکوم در کانال یوتیوب تلویکا #ساره_بیات  #محکوم,https://www.youtube.com/watch?v=wMTEQG-CY7Q
سریال جادوگر - قسمت 5 | Jadugar Series - Episode 5,https://www.youtube.com/watch?v=MfUUjsKikAo
سریال جادوگر - قسمت 4 | Jadugar Series - Episode 4,https://www.youtube.com/watch?v=GGAeejsjKf0
سریال جادوگر - قسمت 3 | Jadugar Series - Episode 3,https://www.youtube.com/watch?v=HTn0UrVTuUo
سریال جادوگر - قسمت 2 | Jadugar Series - Episode 2,https://www.youtube.com/watch?v=t3vGR6BFAac
سریال جادوگر - قسمت 1 | Jadugar Series - Episode 1,https://www.youtube.com/watch?v=PPeQL0TBKag
فرهاد اصلانی و شبنم مقدمی در فیلم درام ستاره بازی | Setareh Bazi Movie,https://www.youtube.com/watch?v=5laJeQ0Uofs
عدالت، را از کودکی آموزش بدیم! #سپنج #یحیی_یثربی,https://www.youtube.com/watch?v=nky2MkufJpg
معنای واقعی تفکر... - سریال سپنج,https://www.youtube.com/watch?v=Daqm4gvEVjU
تماشای رایگان قسمت اول برنامه گنگ در کانال یوتیوب تلویکا #گنگ #gang,https://www.youtube.com/watch?v=1nX6unEBvEQ
مثل شایع - برنامه گنگ,https://www.youtube.com/watch?v=670MgjHtaS8
برنامه گنگ - قسمت 1 | Gang Program - Episode 1,https://www.youtube.com/watch?v=cqUrmS_4a5s
برنامه گنگ - تیزر رسمی قسمت 1 | Gang Program - Teaser Episode 1,https://www.youtube.com/watch?v=QH8k78kiUKE
رپری که پرو نباشه، رپر نیست... #گنگ #رپ,https://www.youtube.com/watch?v=T2rcfBiHeuo
برنامه گنگ - تیزر قسمت 1 | Gang Program - Teaser Episode 1,https://www.youtube.com/watch?v=CoYJec_FaFo
سریال هم گناه - فصل 2 - قسمت 12 (قسمت آخر) | Ham Gonah Series - Season 2 - Episode 12,https://www.youtube.com/watch?v=sg7j9MFSMf4
سریال هم گناه - فصل 2 - قسمت 11 | Ham Gonah Series - Season 2 - Episode 11,https://www.youtube.com/watch?v=ocgoVhf2Ofo
سریال هم گناه - فصل 2 - قسمت 10 | Ham Gonah Series - Season 2 - Episode 10,https://www.youtube.com/watch?v=iVb-LMdy8U4
سریال هم گناه - فصل 2 - قسمت 9 | Ham Gonah Series - Season 2 - Episode 9,https://www.youtube.com/watch?v=e0_Zq52p6do
سریال هم گناه - فصل 2 - قسمت 8 | Ham Gonah Series - Season 2 - Episode 8,https://www.youtube.com/watch?v=bWwaRHMCWU4
سریال اکنون - قسمت 55 | Aknoon Series - Episode 55,https://www.youtube.com/watch?v=sDgAVf_O8CQ
سریال هم گناه - فصل 2 - قسمت 7 | Ham Gonah Series - Season 2 - Episode 7,https://www.youtube.com/watch?v=2LoMIV77D68
سریال هم گناه - فصل 2 - قسمت 6 | Ham Gonah Series - Season 2 - Episode 6,https://www.youtube.com/watch?v=hWIH2qPsN6o
سریال هم گناه - فصل 2 - قسمت 5 | Ham Gonah Series - Season 2 - Episode 5,https://www.youtube.com/watch?v=EveNZoY5lJY
سریال هم گناه - فصل 2 - قسمت 4 | Ham Gonah Series - Season 2 - Episode 4,https://www.youtube.com/watch?v=XbeNxEW_2TQ
سریال هم گناه - فصل 2 - قسمت 3 | Ham Gonah Series - Season 2 - Episode 3,https://www.youtube.com/watch?v=Z0KThoLlyZ8
سریال هم گناه - فصل 2 - قسمت 2 | Ham Gonah Series - Season 2 - Episode 2,https://www.youtube.com/watch?v=iLPM7hlIMjw
سریال هم گناه - فصل 2 - قسمت 1 | Ham Gonah Series - Season 2 - Episode 1,https://www.youtube.com/watch?v=EXvH46-YmqA
سریال هم گناه - فصل 1 - قسمت 12 | Ham Gonah Series - Season 1 - Episode 12,https://www.youtube.com/watch?v=U_C_zxwb0l8
سریال هم گناه - فصل 1 - قسمت 11 | Ham Gonah Series - Season 1 - Episode 11,https://www.youtube.com/watch?v=hoZa9oM9Q9A
سریال هم گناه - فصل 1 - قسمت 10 | Ham Gonah Series - Season 1 - Episode 10,https://www.youtube.com/watch?v=0G7QkVpGyN0
قضیه کیف رو بهت توضیح می‌دم #شغال #سریال_جدید,https://www.youtube.com/watch?v=8oWVwMAvPis
تاوان کارهای تو گردن منو گرفته - سریال شغال,https://www.youtube.com/watch?v=35_3WERFsDo
سریال هم گناه - فصل 1 - قسمت 9 | Ham Gonah Series - Season 1 - Episode 9,https://www.youtube.com/watch?v=l0etRb9aRQo
سریال هم گناه - فصل 1 - قسمت 8 | Ham Gonah Series - Season 1 - Episode 8,https://www.youtube.com/watch?v=2TEO-sCjZGg
سریال هم گناه - فصل 1 - قسمت 7 | Ham Gonah Series - Season 1 - Episode 7,https://www.youtube.com/watch?v=dUldQCcvbaA
سریال هم گناه - فصل 1 - قسمت 6 | Ham Gonah Series - Season 1 - Episode 6,https://www.youtube.com/watch?v=htjbIQjgbnM
سریال هم گناه - فصل 1 - قسمت 5 | Ham Gonah Series - Season 1 - Episode 5,https://www.youtube.com/watch?v=lXsdtkK4EXo
سریال هم گناه - فصل 1 - قسمت 4 | Ham Gonah Series - Season 1 - Episode 4,https://www.youtube.com/watch?v=H_PK40X6Ghs
سریال هم گناه - فصل 1 - قسمت 3 | Ham Gonah Series - Season 1 - Episode 3,https://www.youtube.com/watch?v=xm6-rT1CpXA
سریال هم گناه - فصل 1 - قسمت 2 | Ham Gonah Series - Season 1 - Episode 2,https://www.youtube.com/watch?v=FdfgsHYDxHQ
سریال هم گناه - فصل 1 - قسمت 1 | Ham Gonah Series - Season 1 - Episode 1,https://www.youtube.com/watch?v=DCB8XMSr9_Y
تماشای رایگان سریال هم گناه در کانال یوتیوب تلویکا #سریال_ایرانی #هم_گناه,https://www.youtube.com/watch?v=GEY5z0cvZ6M
سریال روزی روزگاری مریخ - قسمت 26 (قسمت آخر) | Roozi Roozegari Merikh Series - Episode 26,https://www.youtube.com/watch?v=rTyk7MC1QtY
سریال روزی روزگاری مریخ - قسمت 25 | Roozi Roozegari Merikh Series - Episode 25,https://www.youtube.com/watch?v=bLYGLIQ1G0s
سریال روزی روزگاری مریخ - قسمت 24 | Roozi Roozegari Merikh Series - Episode 24,https://www.youtube.com/watch?v=iJW81miyiX0
سریال روزی روزگاری مریخ - قسمت 23 | Roozi Roozegari Merikh Series - Episode 23,https://www.youtube.com/watch?v=yL0T-nEQ7Xs
سریال روزی روزگاری مریخ - قسمت 22 | Roozi Roozegari Merikh Series - Episode 22,https://www.youtube.com/watch?v=ksHHyX02x4A
سریال روزی روزگاری مریخ - قسمت 21 | Roozi Roozegari Merikh Series - Episode 21,https://www.youtube.com/watch?v=DoqjbUFXuRs
حمید فرخ نژاد و شبنم مقدمی در فیلم درام جنایی زنبور کارگر | Zanboore Kargar Movie,https://www.youtube.com/watch?v=J89YrDm5sVw
سریال روزی روزگاری مریخ - قسمت 20 | Roozi Roozegari Merikh Series - Episode 20,https://www.youtube.com/watch?v=61nR4KiVHYM
سریال شغال - تیزر قسمت 20 | Shoghal Series - Teaser Episode 20,https://www.youtube.com/watch?v=OvgigHSgCkg
سریال روزی روزگاری مریخ - قسمت 19 | Roozi Roozegari Merikh Series - Episode 19,https://www.youtube.com/watch?v=bu-grTFVj5I
سریال روزی روزگاری مریخ - قسمت 18 | Roozi Roozegari Merikh Series - Episode 18,https://www.youtube.com/watch?v=UVyhix29qgM
سریال روزی روزگاری مریخ - قسمت 17 | Roozi Roozegari Merikh Series - Episode 17,https://www.youtube.com/watch?v=M7pfOR4rnOs
سریال روزی روزگاری مریخ - قسمت 16 | Roozi Roozegari Merikh Series - Episode 16,https://www.youtube.com/watch?v=PRtXdrcknAs
سریال روزی روزگاری مریخ - قسمت 15 | Roozi Roozegari Merikh Series - Episode 15,https://www.youtube.com/watch?v=AWgXzU5I7uI
سریال روزی روزگاری مریخ - قسمت 14 | Roozi Roozegari Merikh Series - Episode 14,https://www.youtube.com/watch?v=IoU_U4E6YMU
سریال روزی روزگاری مریخ - قسمت 13 | Roozi Roozegari Merikh Series - Episode 13,https://www.youtube.com/watch?v=V-4jaVM2H5s
سریال روزی روزگاری مریخ - قسمت 12 | Roozi Roozegari Merikh Series - Episode 12,https://www.youtube.com/watch?v=SzyX6otmuCk
سریال روزی روزگاری مریخ - قسمت 11 | Roozi Roozegari Merikh Series - Episode 11,https://www.youtube.com/watch?v=jAx3JIacpug
سریال روزی روزگاری مریخ - قسمت 10 | Roozi Roozegari Merikh Series - Episode 10,https://www.youtube.com/watch?v=XHONSaa17UQ
سریال روزی روزگاری مریخ - قسمت 9 | Roozi Roozegari Merikh Series - Episode 9,https://www.youtube.com/watch?v=FJNr0ygrfMQ
سریال روزی روزگاری مریخ - قسمت 8 | Roozi Roozegari Merikh Series - Episode 8,https://www.youtube.com/watch?v=yj-QtVO6GgM
سریال روزی روزگاری مریخ - قسمت 7 | Roozi Roozegari Merikh Series - Episode 7,https://www.youtube.com/watch?v=Oka-6zqpaqI
سریال روزی روزگاری مریخ - قسمت 6 | Roozi Roozegari Merikh Series - Episode 6,https://www.youtube.com/watch?v=GkgdnrwBO9w
سریال روزی روزگاری مریخ - قسمت 5 | Roozi Roozegari Merikh Series - Episode 5,https://www.youtube.com/watch?v=VBeJK0piNME
سریال روزی روزگاری مریخ - قسمت 4 | Roozi Roozegari Merikh Series - Episode 4,https://www.youtube.com/watch?v=sShh4OGpOBA
تماشای رایگان سریال روزی روزگاری مریخ در کانال یوتیوب تلویکا #کمدی  #روزی_روزگاری_مریخ,https://www.youtube.com/watch?v=z40jdnuEmsk
سریال روزی روزگاری مریخ - قسمت 3 | Roozi Roozegari Merikh Series - Episode 3,https://www.youtube.com/watch?v=pZP512SSutA
سریال روزی روزگاری مریخ - قسمت 1 و 2 |  Roozi Roozegari Merikh Series - Episode 1 & 2,https://www.youtube.com/watch?v=Yjp4M4JdGYI
بلد نیستی، نه؟ #شفرونی #کمدی,https://www.youtube.com/watch?v=W-ZH5cO1jko
سریال محکوم - قسمت 12 | Mahkoum Series - Episode 12,https://www.youtube.com/watch?v=G4wbaPkM9kI
چرا خسرو رو به حال خودش رها کردی؟ #محکوم #سریال_جدید,https://www.youtube.com/watch?v=3-8E5BPdAjY
پسرم از دیشب نیومده خونه - سریال محکوم,https://www.youtube.com/watch?v=b2iVsHIFjBg
سریال محکوم - تیزر قسمت 15 | Mahkoum Series - Teaser Episode 15,https://www.youtube.com/watch?v=rW_60lpCYPk
سریال هم گناه - تیزر | Ham Gonah Series - Teaser,https://www.youtube.com/watch?v=HwzoUV5GeJ0
"سروش صحت و رامبد جوان در فیلم کمدی چپ، راست | Chap, Rast Movie",https://www.youtube.com/watch?v=E3H2Ta-1Ozo
فیلم سینمایی ستاره بازی - تیزر | Setareh Bazi Movie - Teaser,https://www.youtube.com/watch?v=aXfPSlcRtew
فرهنگ فارسی با آقای دیپلومات دراگو اشتامبوک - سریال اکنون,https://www.youtube.com/watch?v=6sb6FR2FrL0
کل کل از همین جا شروع شد! - سریال شفرونی,https://www.youtube.com/watch?v=hSE6zDxKVQA
مترجم کتاب شما، همکلاسی من بود! #اکنون #سروش_صحت,https://www.youtube.com/watch?v=v7OgqC8Wb3k
قبل از اقدام من پسر بود #شفرونی #نیما_شعبان_نژاد,https://www.youtube.com/watch?v=O-ju3VagfTg
سریال اکنون - تیزر قسمت 55 | Aknoon Series - Teaser Episode 55,https://www.youtube.com/watch?v=iyasSs7AsRY
سریال شفرونی - تیزر مهمون مخفی قسمت 11 | Cheferoni Series - Teaser,https://www.youtube.com/watch?v=wCNWglT6HOQ
سریال شفرونی - قسمت 10 | Cheferoni Series - Episode 10,https://www.youtube.com/watch?v=yQqTSdcJ1BQ
تماشای رایگان قسمت دهم شفرونی در کانال یوتیوب تلویکا #کمدی  #شفرونی,https://www.youtube.com/watch?v=ZYs3_J_LURw
سریال شفرونی - تیزر قسمت 11 | Cheferoni Series - Teaser Epsidoe 11,https://www.youtube.com/watch?v=ZbSSAWuf7B0
"تماشای رایگان فیلم ""هفته ای یکبار آدم باش"" در کانال یوتیوب تلویکا  #هفته_ای_یکبار_آدم_باش #فیلم_جدید",https://www.youtube.com/watch?v=JF2zjD5VwG8
"تماشای رایگان فیلم ""زعفرانیه 14 تیر"" در کانال یوتیوب تلویکا  #زعفرانیه_14_تیر #فیلم_جدید",https://www.youtube.com/watch?v=fkECUNcPINQ
نازنین بیاتی و مهدی هاشمی در فیلم زعفرانیه 14 تیر | Zaferaniyeh 14 Tir Movie,https://www.youtube.com/watch?v=vrZBRqIAnCE
سریال سپنج - قسمت 45 | Sepanj Series - Episode 45,https://www.youtube.com/watch?v=Ol2wewNbvwQ
سریال شفرونی - معرفی مهمانان - دارا حیایی و کیسان دیباج | Cheferoni Series - Teaser,https://www.youtube.com/watch?v=Tm9ga8Jy3xU
فیلم سینمایی زنبور کارگر - تیزر | Zanboore Kargar Movie - Teaser,https://www.youtube.com/watch?v=GhVDfgSlujw
فیلم سینمایی زعفرانیه 14 تیر - تیزر | Zaferaniyeh 14 Tir Movie - Teaser,https://www.youtube.com/watch?v=FvrRQi49goA
پشت صحنه سریال ساخت ایران - فصل 3  | Sakhte Iran Series - Season 3,https://www.youtube.com/watch?v=nfzhjp_BKPY
پژمان جمشیدی و رعنا آزادی ور در فیلم کمدی هفته ای یک بار آدم باش | Haftei Yek Bar Adam Bash Movie,https://www.youtube.com/watch?v=qApB3BQzrFY
منابع داریم، اما نمی‌تونیم استفاده کنیم #سپنج #مسعود_نیلی,https://www.youtube.com/watch?v=EyWv-fBz3Jc
میراثی برای آیندگان... - سریال سپنج,https://www.youtube.com/watch?v=Ggp4PBz6EHE
سریال سپنج - تیزر قسمت 45 | Sepanj Series - Teaser Episode 45,https://www.youtube.com/watch?v=HGjjZOkWH8Q
سریال اکنون - قسمت 54 | Aknoon Series - Episode 54,https://www.youtube.com/watch?v=uN2rc4_Bbck
"تماشای رایگان قسمت پنجاه و چهارم ""اکنون"" در کانال یوتیوب تلویکا #سروش_صحت #اکنون",https://www.youtube.com/watch?v=GDSLy6uLdCw
دیگه، دنبال فرار نیستم... #شغال #سریال_جدید,https://www.youtube.com/watch?v=buwl3kwG3CI
تو دکتری یا بازجو؟؟ - سریال شغال,https://www.youtube.com/watch?v=t_fblgUX-i4
نیما شعبان نژاد و آناهیتا درگاهی در فیلم کمدی تورقوزآباد | Tur quz Abad Movie,https://www.youtube.com/watch?v=UyMqpIdXhiQ
"تماشای رایگان فیلم ""تورقوزآباد"" در کانال یوتیوب تلویکا  #تورقوزآباد #فیلم_جدید",https://www.youtube.com/watch?v=5j-SNs_Rjrs
سریال شغال - تیزر قسمت 19 | Shoghal Series - Teaser Episode 19,https://www.youtube.com/watch?v=mzR-u3p8zKQ
سریال محکوم - قسمت 11 | Mahkoum Series - Episode 11,https://www.youtube.com/watch?v=mO1-hfcB7u4
تماشای رایگان قسمت یازدهم سریال محکوم در کانال یوتیوب تلویکا #ساره_بیات  #محکوم,https://www.youtube.com/watch?v=JwlFHEHYVyE
سریال نهنگ آبی - خلاصه قسمت های 1 تا 15 | Nahange Abi Series - Kholase 1-15,https://www.youtube.com/watch?v=Iilwmb28FCs
"تماشای رایگان فیلم ""مغز استخوان"" در کانال یوتیوب تلویکا  #مغز_استخوان #جواد_عزتی",https://www.youtube.com/watch?v=EIcGASX-oWM
"تماشای رایگان فیلم ""کارزار"" در کانال یوتیوب تلویکا  #کارزار #فیلم_جدید",https://www.youtube.com/watch?v=qdKxXcEGjyw
اون دختره رو من کشتم #محکوم #ساره_بیات,https://www.youtube.com/watch?v=Fm4jaLwHubs
برای چی تیکه به من میندازی؟؟ - سریال محکوم,https://www.youtube.com/watch?v=KokmmZXhgG8
پریناز ایزدیار و جواد عزتی در فیلم درام مغز استخوان | Maghze Ostokhan Movie,https://www.youtube.com/watch?v=E0MgPe0WpXg
سریال محکوم - تیزر قسمت 14 | Mahkoum Series - Teaser Episode 14,https://www.youtube.com/watch?v=AmqCmz2K8AE
یه جوک تعریف کنم؟ #اکنون #سروش_صحت,https://www.youtube.com/watch?v=ceR6sYLdv08
نه آقا اون تو فیلمه #شفرونی #کمدی,https://www.youtube.com/watch?v=iu4Cs5ZR4f4
دوقلوهای پرحاشیه - سریال شفرونی,https://www.youtube.com/watch?v=jFjQTCgWax0
طهران شهری فراموش شده... - سریال اکنون,https://www.youtube.com/watch?v=xKrtR7jJCl4
سریال اکنون - تیزر قسمت 54 | Aknoon Series - Teaser Episode 54,https://www.youtube.com/watch?v=9uP1oFKhcUg
سریال شفرونی - قسمت 9 | Cheferoni Series - Episode 9,https://www.youtube.com/watch?v=QKve93XfX6Q
تماشای رایگان قسمت نهم شفرونی در کانال یوتیوب تلویکا #کمدی  #شفرونی,https://www.youtube.com/watch?v=G1jOhu5mFlo
سریال شفرونی - تیزر قسمت 10 | Cheferoni Series - Teaser Epsidoe 10,https://www.youtube.com/watch?v=kSSCghpAvxI
پریناز ایزدیار در مغز استخوان #مغز_استخوان #پریناز_ایزدیار,https://www.youtube.com/watch?v=QE-bOdaA364
ممیزی - فصل 3 - قسمت 17 (قسمت آخر) | Momayezi - Season 3 - Episode 17,https://www.youtube.com/watch?v=5N77551kCnU
امیر آقایی و نسیم ادبی در فیلم درام خانوادگی کارزار | Karzar Movie,https://www.youtube.com/watch?v=P6df_XI_i_k
سریال سپنج - قسمت 44 | Sepanj Series - Episode 44,https://www.youtube.com/watch?v=b0mqp0rLhPE
"تماشای رایگان فیلم ""خط استوا"" در کانال یوتیوب تلویکا #خط_استوا #فیلم_جدید",https://www.youtube.com/watch?v=Y2tb3iDA6mI
جواد عزتی در مغز استخوان #مغز_استخوان #جواد_عزتی,https://www.youtube.com/watch?v=m0gVVZp-s_c
فیلم سینمایی تورقوزآباد - تیزر رسمی | Turquz Abad - Teaser,https://www.youtube.com/watch?v=gNbJEQl2OMA
فرهاد اصلانی و سیامک انصاری در فیلم کمدی خط استوا | Khate Ostova Movie,https://www.youtube.com/watch?v=JNfB0EoTQOI
"تماشای رایگان فیلم ""گشت ارشاد 3"" در کانال یوتیوب تلویکا #گشت_ارشاد_3 #فیلم_جدید",https://www.youtube.com/watch?v=4_SD1dPGCis
"تماشای رایگان فیلم ""صحنه زنی"" در کانال یوتیوب تلویکا #صحنه_زنی #فیلم_جدید",https://www.youtube.com/watch?v=Z7QPWCwUqbs
فیلم سینمایی مغز استخوان - تیزر رسمی | Maghze Ostokhan Movie - Teaser,https://www.youtube.com/watch?v=0ADs4KjDNvk
تماشای رایگان قسمت دهم سریال محکوم در کانال یوتیوب تلویکا #مهران_غفوریان  #محکوم,https://www.youtube.com/watch?v=uxLxnWDqVwE
"تماشای رایگان قسمت پنجاه و سوم ""اکنون"" در کانال یوتیوب تلویکا #سروش_صحت #اکنون",https://www.youtube.com/watch?v=Ig7RWf5NH-Y
فیلم سینمایی خط استوا - تیزر | Khate Ostova Movie - Teaser,https://www.youtube.com/watch?v=Mqh8mjppip4
باید دوست بداریم، تا دوستمان داشته باشند #سپنج #تاک_شو,https://www.youtube.com/watch?v=cTM_tjvPoQI
عشق حال دل رو خوب می کنه! - سریال سپنج,https://www.youtube.com/watch?v=aQ7klPDS8cw
سریال سپنج - تیزر قسمت 44 | Sepanj Series - Teaser Episode 44,https://www.youtube.com/watch?v=agzylixmXRY
سریال اکنون - قسمت 53 | Aknoon Series - Episode 53,https://www.youtube.com/watch?v=MxHZUloLOAQ
تو چی می‌دونی که به ما نگفتی #شغال #سریال_جدید,https://www.youtube.com/watch?v=lyhV8N3Dx4Q
اینم از زنت یاد گرفتی؟ - سریال شغال,https://www.youtube.com/watch?v=3dH3e_o6lQs
بهرام افشاری و مهتاب کرامتی در فیلم خانوادگی صحنه زنی | Sahne Zani Movie,https://www.youtube.com/watch?v=oDC4adjRPwI
سریال شغال - تیزر قسمت 18 | Shoghal Series - Teaser Episode 18,https://www.youtube.com/watch?v=ZIwplIoC6Xg
فیلم سینمایی کارزار - تیزر | Karzar Movie - Teaser,https://www.youtube.com/watch?v=6Dcx4f3GHpg
سریال محکوم - قسمت 10 | Mahkoum Series - Episode 10,https://www.youtube.com/watch?v=mj3K8qeJyaY
فیلم سینمایی صحنه زنی - تیزر | Sahne Zani Movie - Teaser,https://www.youtube.com/watch?v=c1CH4kc1OOs
فقط یک درصد... برای نجات یک بی گناه #محکوم #پژمان_جمشیدی,https://www.youtube.com/watch?v=fnd-9zB6LsU
یه قدم اومدی... برای رضایت؟ - سریال محکوم,https://www.youtube.com/watch?v=LHG7pfWhOyg
سریال محکوم - تیزر قسمت 13 | Mahkoum Series - Teaser Episode 13,https://www.youtube.com/watch?v=oliZYLWifHA
فیلم سینمایی گشت ارشاد 3 - تیزر | Gashte Ershad 3 Movie - Teaser,https://www.youtube.com/watch?v=j4w3jEru-1o
ساعد سهیلی و امیر جعفری در فیلم کمدی گشت ارشاد 3 | Gashte Ershad 3 Movie,https://www.youtube.com/watch?v=uvHgV0aQ9RU
فیلم سینمایی تی تی - تیزر بین المللی | Titi Movie - Teaser,https://www.youtube.com/watch?v=ZxXR9FKZbFg
تماشای رایگان قسمت هشتم شفرونی در کانال یوتیوب تلویکا #کمدی  #شفرونی,https://www.youtube.com/watch?v=dpjESko7UCw
سریال سپنج - تیزر قسمت 43 | Sepanj Series - Teaser Episode 43,https://www.youtube.com/watch?v=Okal1H6Jzrk
کلاس درس بازیگری با آقای بازیگر - سریال اکنون,https://www.youtube.com/watch?v=K3_qVR0qsPU
بازیگر، باید خوب ببینه و خوب بشنوه! #اکنون #پرویز_پرستویی,https://www.youtube.com/watch?v=-V6YHl2-YCY
سریال اکنون - تیزر قسمت 53 | Aknoon Series - Teaser Episode 53,https://www.youtube.com/watch?v=T7AmhnE8FxU
ما خارج بودیم #شفرونی #نیما_شعبان_نژاد,https://www.youtube.com/watch?v=eu0--K8sxR8
کابلی پلو رسید... کت تن کیه؟ - سریال شفرونی,https://www.youtube.com/watch?v=ZB5jV2SY22k
نهمین راز مخفی شفرونی کی میتونه باشه #شفرونی #نیما_شعبان_نژاد,https://www.youtube.com/watch?v=CMJ8pDDg6E4
سریال شفرونی - معرفی مهمانان - هلیا امامی و محیا دهقانی | Cheferoni Series - Teaser,https://www.youtube.com/watch?v=4ATcYnn6itU
سریال شفرونی - تیزر قسمت 9 | Cheferoni Series - Teaser Epsidoe 9,https://www.youtube.com/watch?v=jViQlqqBSMk
سریال شفرونی - قسمت 8 | Cheferoni Series - Episode 8,https://www.youtube.com/watch?v=JMvTqrR71tk
پژمان جمشیدی و امیر جعفری در فیلم کمدی دایناسور | Dinosaur Movie,https://www.youtube.com/watch?v=n5nvItzSayk
"تماشای رایگان فیلم ""دایناسور"" در کانال یوتیوب تلویکا #دایناسور #فیلم_جدید",https://www.youtube.com/watch?v=Rw4vZ_pqZ7U
سریال سپنج - قسمت 43 | Sepanj Series - Episode 43,https://www.youtube.com/watch?v=a1YAyQCI_Js
"تماشای رایگان قسمت پنجاه و دوم ""اکنون"" در کانال یوتیوب تلویکا #سروش_صحت #اکنون",https://www.youtube.com/watch?v=p4pO0oe9yrE
"تماشای رایگان فیلم ""تی تی"" در کانال یوتیوب تلویکا #تی_تی #فیلم_جدید",https://www.youtube.com/watch?v=l3FgqD73qKY
"تماشای رایگان فیلم ""شب طلایی"" در کانال یوتیوب تلویکا #شب_طلایی #فیلم_جدید",https://www.youtube.com/watch?v=GaN5gQivAE0
الناز شاکردوست و هوتن شکیبا در فیلم عاشقانه تی تی | Titi Movie,https://www.youtube.com/watch?v=z7zYqV03Qsg
فیلم سینمایی دایناسور - تیزر | Dinosaur Movie - Teaser,https://www.youtube.com/watch?v=zaE9nl0bQEE
معلمان آینده کشور... #سپنج,https://www.youtube.com/watch?v=Fsys7SpKCJo
تسلط دنیا روی قواعد... - سریال سپنج,https://www.youtube.com/watch?v=82_jMCDz9jc
سریال اکنون - قسمت 52 | Aknoon Series - Episode 52,https://www.youtube.com/watch?v=573z4w5Abvk
این شراکت به نفع همه ماست - سریال شغال,https://www.youtube.com/watch?v=TKy5vONM0Ls
خب بیا خونه ما #شغال #سریال_جدید,https://www.youtube.com/watch?v=4CAAlpEBb8c
امین حیایی و امیر جعفری در فیلم کمدی هاوایی | Hawaii Movie,https://www.youtube.com/watch?v=KB6ei0dWTq0
سریال شغال - تیزر قسمت 17 | Shoghal Series - Teaser Episode 17,https://www.youtube.com/watch?v=GlGOMjUElIQ
تماشای رایگان قسمت نهم سریال محکوم در کانال یوتیوب تلویکا #ساره_بیات  #محکوم,https://www.youtube.com/watch?v=hXsVvM50rRc
سریال محکوم - قسمت 9 | Mahkoum Series - Episode 9,https://www.youtube.com/watch?v=xvamzTahmW0
آیین رهایی مرگ و باورها - سریال اکنون,https://www.youtube.com/watch?v=TYlJqmXzCUI
من چجوری باور کنم #محکوم #ساره_بیات,https://www.youtube.com/watch?v=VG_U4stm8VQ
تو رو ازشون می گیرم... هر طور شده - سریال محکوم,https://www.youtube.com/watch?v=FlLnFVIKe7I
سریال محکوم - تیزر قسمت 12 | Mahkoum Series - Teaser Episode 12,https://www.youtube.com/watch?v=IM8xSyIofqo
یکتا ناصر و حسن معجونی در فیلم درام شب طلایی | Shabe Talaei Movie,https://www.youtube.com/watch?v=vb34ZyQx6is
فیلم سینمایی شب طلایی - تیزر رسمی | Shab Talaei Movie - Teaser,https://www.youtube.com/watch?v=kC9ET73TAag
"قسمت جدید برنامه ""اکنون"": هند #اکنون #سروش_صحت",https://www.youtube.com/watch?v=hi3KfBkNrEs
سریال اکنون - تیزر قسمت 52 | Aknoon Series - Teaser Episode 52,https://www.youtube.com/watch?v=2ruBaq70mlo
سریال شفرونی - قسمت 7 | Cheferoni Series - Episode 7,https://www.youtube.com/watch?v=BQ6OJLUffqk
خاطره نیما شعبان نژاد از اتفاق عجیب توی هتل ترکیه! #شفرونی #نیما_شعبان_نژاد,https://www.youtube.com/watch?v=TCKHpRswadQ
ضرب المثل های ترکی #شفرونی #نیما_شعبان_نژاد,https://www.youtube.com/watch?v=-Ti21f4PWug
شب ترکی عشق آبکی! - سریال شفرونی,https://www.youtube.com/watch?v=6tLglfS9SxA
هشتمین راز مخفی شفرونی کی میتونه باشه #شفرونی #رویا_میر_علمی,https://www.youtube.com/watch?v=lat6kBbw-Co
سریال سپنج - قسمت 42 | Sepanj Series - Episode 42,https://www.youtube.com/watch?v=y9g-VlV8ZZs
سریال شفرونی - شب ترکیه در شفرونی؛ دونِر فرمانروایی می‌کنه - تیزر قسمت 8 | Cheferoni Series - Teaser,https://www.youtube.com/watch?v=w-_WIdBT1Jw
سریال شفرونی - تیزر قسمت 8 | Cheferoni Series - Teaser Episode 8,https://www.youtube.com/watch?v=h6qa-qkrYX0
قیمت گذاری چه‌طور انجام می‌شه؟ #سپنج,https://www.youtube.com/watch?v=OZ99qCWqwts
در ایران کارمند آمریکایی داشتیم! - سریال سپنج,https://www.youtube.com/watch?v=Y1NlX7KUJvA
تماشای رایگان قسمت هشتم سریال محکوم در کانال یوتیوب تلویکا #ساره_بیات  #محکوم,https://www.youtube.com/watch?v=TudGUURygGI
سریال سپنج - تیزر قسمت 42 | Sepanj Series - Teaser Episode 42,https://www.youtube.com/watch?v=bi7vm3LNvn0
چرا دیشب به پلیس نگفتی؟ #شغال #سریال_جدید,https://www.youtube.com/watch?v=Wkzd4WguRGk
جفت تون رو چال می کنم - سریال شغال,https://www.youtube.com/watch?v=mhlZmOMjzbM
"تماشای رایگان قسمت پنجاه و یکم ""اکنون"" در کانال یوتیوب تلویکا #سروش_صحت #اکنون",https://www.youtube.com/watch?v=FjSIq5Xz_N4
سریال اکنون - قسمت 51 | Aknoon Series - Episode 51,https://www.youtube.com/watch?v=2TjHhPe11Uk
سریال شغال - تیزر قسمت 16 | Shoghal Series - Teaser Episode 16,https://www.youtube.com/watch?v=gshm1NnHuh8
همایون ارشادی، رویا نونهالی و رضا کیانیان در فیلم داستان دست انداز | Dastane Dastandaz Movie,https://www.youtube.com/watch?v=qW4W3NqkQMg
"تماشای رایگان فیلم ""داستان دست انداز"" در کانال یوتیوب تلویکا #داستان_دست_انداز #فیلم_جدید",https://www.youtube.com/watch?v=viuTYlaTz1g
سریال محکوم - قسمت 8 | Mahkoum Series - Episode 8,https://www.youtube.com/watch?v=E2q_Eyst_Yw
میخوای بدونی چاقو کجاست؟ - سریال محکوم,https://www.youtube.com/watch?v=IqS9MiKgKxI
تو الان خوشحالی؟! #محکوم #سریال_جدید,https://www.youtube.com/watch?v=44SaAkf_iUw
سریال محکوم - تیزر قسمت 11 | Mahkoum Series - Teaser Episode 11,https://www.youtube.com/watch?v=CHY0JyPN6mA
نسل سوخته یعنی کدوم نسل؟ - سریال اکنون,https://www.youtube.com/watch?v=R0LuS75wzv4
هر چیزی رو سفید یا سیاه مطلق نبینیم #اکنون #آذرخش_مکری,https://www.youtube.com/watch?v=YsJUsryLCrk
سریال اکنون - تیزر قسمت 51 | Aknoon Series - Teaesr Episode 51,https://www.youtube.com/watch?v=024XsbnDc6E
تماشای رایگان قسمت ششم شفرونی در کانال یوتیوب تلویکا #کمدی  #شفرونی,https://www.youtube.com/watch?v=L9D_PML8LlU
سریال شفرونی - قسمت 6 | Cheferoni Series - Episode 6,https://www.youtube.com/watch?v=-UtCMg96uEU
یه شب ایتالیایی و کلی پیتزا - سریال شفرونی,https://www.youtube.com/watch?v=63HATGv92C8
شفرونی قسمت هفتم #شفرونی #نیما_شعبان_نژاد,https://www.youtube.com/watch?v=_c_1J45j5sY
گُل واسه آشناهاست، واسه غریبه پوچه… - سری دوم بازی گل یا پوچ,https://www.youtube.com/watch?v=PZ3n-87ANZQ
سریال شفرونی - تیزر قسمت 7 | Cheferoni Series - Teaser Episode 7,https://www.youtube.com/watch?v=4CxKGU8HfmM
سریال سپنج - قسمت 41 | Sepanj Series - Episode 41,https://www.youtube.com/watch?v=aXC6Y-pccQM
"10 سکانس تاثیرگذار از برنامه ""اکنون"" به انتخاب تلویکا #اکنون #سکانس_برتر",https://www.youtube.com/watch?v=rdB35xwtCAE
سریال شفرونی - معرفی مهمانان - الیکا عبدالرزاقی و جواد خواجوی | Cheferoni Series - Teaser,https://www.youtube.com/watch?v=YiKA4Xb5BxU
10 سکانس تاثیر گذار از برنامه اکنون به انتخاب تلویکا - سریال اکنون,https://www.youtube.com/watch?v=AXZjbsxlY_Y
سریال سپنج - تیزر قسمت 41 | Sepanj Series - Teaser Episode 41,https://www.youtube.com/watch?v=qeAMirSZh-g
زمان مدرسه بی دلیل کتک می زدن - سریال سپنج,https://www.youtube.com/watch?v=05_iOLEaWeo
از بچگی، هنر بیاموزیم #سپنج,https://www.youtube.com/watch?v=ITEfRocLjwY
سریال اکنون - قسمت 50 | Aknoon Series - Episode 50,https://www.youtube.com/watch?v=wvQibG5wU98
"تماشای رایگان قسمت پنجاهم ""اکنون"" در کانال یوتیوب تلویکا #سروش_صحت #اکنون",https://www.youtube.com/watch?v=oxwsaK-x_c0
شما برای چی اومدید شمال؟ #شغال #سریال_جدید,https://www.youtube.com/watch?v=piiddTiBsOE
ما باید تمومش کنیم - سریال شغال,https://www.youtube.com/watch?v=iAdIPh2CoNI
علی صادقی، سوسن پرور و پوریا پورسرخ در فیلم سلام علیکم حاج آقا | Salam Alaikum Haj Agha Movie,https://www.youtube.com/watch?v=W03y4ZrT-ZI
"تماشای رایگان فیلم ""سلام علیکم حاج آقا"" در کانال یوتیوب تلویکا #سلام_علیکم_حاج_آقا #فیلم_کمدی",https://www.youtube.com/watch?v=BDm_wajB5x4
تماشای رایگان قسمت یازدهم فصل 5 «ممیزی» در کانال یوتیوب تلویکا #ممیزی,https://www.youtube.com/watch?v=WLtaKWLCjL4
سریال شغال - تیزر قسمت 15 | Shoghal Series - Teaser Episode 15,https://www.youtube.com/watch?v=_YAXyXmGmW8
سریال ممیزی - فصل 5 - قسمت 11 | Serial Momayyezi - Season 5 - Episode 11,https://www.youtube.com/watch?v=zffd0vQZwzE
تماشای رایگان قسمت هفتم سریال محکوم در کانال یوتیوب تلویکا #پژمان_جمشیدی #محکوم,https://www.youtube.com/watch?v=2Pn6GA-I7pA
سریال محکوم - قسمت 7 | Mahkoum Series - Episode 7,https://www.youtube.com/watch?v=Qr1fWvyp_tc
تماشای رایگان قسمت ششم سریال محکوم در کانال یوتیوب تلویکا #پژمان_جمشیدی #محکوم,https://www.youtube.com/watch?v=VvGx76E93Kk
ببخشید، امروز تندی کردم #محکوم #ساره_بیات,https://www.youtube.com/watch?v=-gU1goqXGl4
دلم می خواد نابودت کنم - سریال محکوم,https://www.youtube.com/watch?v=7zQ5yPzXgjs
سریال محکوم - تیزر قسمت 10 | Mahkoum Series - Teaser Episode 10,https://www.youtube.com/watch?v=w_Rwko70AQQ
امید به بازسازی بافتِ بدن... #اکنون #سروش_صحت,https://www.youtube.com/watch?v=jk9PGMx5XTk
ورودی های دریافت انسان - سریال اکنون,https://www.youtube.com/watch?v=UFV71SJyuEA
سریال اکنون - تیزر قسمت 50 | Aknoon Series - Teaesr Episode 50,https://www.youtube.com/watch?v=BbIO9s56taE
تماشای رایگان قسمت پنجم شفرونی در کانال یوتیوب تلویکا #کمدی  #شفرونی,https://www.youtube.com/watch?v=fEYfhl42h3Q
سریال شفرونی - قسمت 5 | Cheferoni Series - Episode 5,https://www.youtube.com/watch?v=SSgxfD6_2SA
فیلم سینمایی سلام علیکم حاج آقا - تیزر | Salam Alaikum Haj Agha Movie - Teaser,https://www.youtube.com/watch?v=uqJHZ8XtC2c
ترسناک نیستم جذبه دارم - سریال شفرونی,https://www.youtube.com/watch?v=4RNzDUwrVww
شب شفرونی چین اصلا یه طور دیگه‌س #شفرونی #مریم_امیرجلالی,https://www.youtube.com/watch?v=zYxyZV9LQiU
شب چین اژدها وارد میشود #شفرونی #کمدی,https://www.youtube.com/watch?v=iIu-SY4akJg
سریال شفرونی - تیزر قسمت 6 | Cheferoni Series - Teaser Episode 6,https://www.youtube.com/watch?v=n2wgjQ4qK3U
سریال سپنج - قسمت 40 | Sepanj Series - Episode 40,https://www.youtube.com/watch?v=ZaNrDoilBdY
"تماشای رایگان فیلم سینمایی ""آریاشهر دو نفر"" در کانال یوتیوب تلویکا #آریاشهر_دو_نفر #فیلم_کمدی",https://www.youtube.com/watch?v=djnt2mwEyxQ
سریال شفرونی - معرفی مهمانان - مریم امیر جلالی و نصرالله رادش | Cheferoni Series - Teaser,https://www.youtube.com/watch?v=VSB6S6yVNaM
سریال ممیزی - فصل 5 - تیزر قسمت 11 | Serial Momayyezi - Season 5 -Teaser Episode 11,https://www.youtube.com/watch?v=_y13jRSXh9M
خوردن، وایتکس با لیموترش! #سپنج,https://www.youtube.com/watch?v=4GTseC18YPQ
اتفاقات عجیب در دوران کرونا! - سریال سپنج,https://www.youtube.com/watch?v=DtBKt3JpE28
سریال سپنج - تیزر قسمت 40 | Sepanj Series - Teaser Episode 40,https://www.youtube.com/watch?v=CG58B10BeK0
"تماشای رایگان فیلم سینمایی ""آریاشهر دو نفر"" در کانال یوتیوب تلویکا #آریا_شهر_دو_نفر #فیلم_کمدی",https://www.youtube.com/watch?v=ozWbQTHO5bo
محسن کیایی، مهران احمدی و علی اوجی در فیلم آریاشهر دو نفر | Aryashahr Do Nafar Movie,https://www.youtube.com/watch?v=F--dei9n3oA
"تماشای رایگان قسمت چهل و نهم ""اکنون"" در کانال یوتیوب تلویکا #سروش_صحت #اکنون",https://www.youtube.com/watch?v=pekC3cK0wc4
سریال اکنون - قسمت 49 | Aknoon Series - Episode 49,https://www.youtube.com/watch?v=PshGo9uoGKU
کاری که تو کردی، حیون هم نمی‌کرد #شغال,https://www.youtube.com/watch?v=hiTXmolAlCE
اون پنج نفر دیگه کیا بودن؟ - سریال شغال,https://www.youtube.com/watch?v=_-xQ-ioXzAY
سریال شغال - تیزر قسمت 14 | Shoghal Series - Teaser Episode 14,https://www.youtube.com/watch?v=qjEGZXG0alU
رضا بابک و گلچهره سجادیه در فیلم ترک عمیق | Tarake Amigh Movie,https://www.youtube.com/watch?v=USlUA0DMe3M
"تماشای رایگان فیلم سینمایی ""ترک عمیق"" در کانال یوتیوب تلویکا #ترک_عمیق #رضا_بابک",https://www.youtube.com/watch?v=mqphtiAD4lk
سریال ممیزی - فصل 5 - قسمت 10 | Serial Momayyezi - Season 5 - Episode 10,https://www.youtube.com/watch?v=_RPZZqIODXU
تماشای رایگان قسمت دهم فصل 5 «ممیزی» در کانال یوتیوب تلویکا #ممیزی,https://www.youtube.com/watch?v=9fzro5uDL8Y
سریال محکوم - قسمت 6 | Mahkoum Series - Episode 6,https://www.youtube.com/watch?v=BQf13kfZnIM
دوست داشتم... چرا نفهمیدی؟ - سریال محکوم,https://www.youtube.com/watch?v=bWqgUncYbGg
تو ساقی‌گری نون هست؟ آره #محکوم #پژمان_جمشیدی,https://www.youtube.com/watch?v=iyd1Sd274ck
"تماشای رایگان قسمت چهل و هشتم ""اکنون"" در کانال یوتیوب تلویکا #سروش_صحت #اکنون",https://www.youtube.com/watch?v=dUJyYgvZnvU
سریال اکنون - قسمت 48 | Aknoon Series - Episode 48,https://www.youtube.com/watch?v=ZaK7erMi3F0
فیلم سینمایی آریاشهر دو نفر - تیزر | Aryashahr Do Nafar Movie - Teaser,https://www.youtube.com/watch?v=w0fVC7fsUjc
سریال محکوم - تیزر قسمت 9 | Mahkoum Series - Teaser Episode 9,https://www.youtube.com/watch?v=C9R2kiisfdQ
آیا دلار بخریم؟ #اکنون #سروش_صحت,https://www.youtube.com/watch?v=2ivD3EjN4zA
ما اقتصاد رو نمی فهمیم!! - سریال اکنون,https://www.youtube.com/watch?v=v2vIA_yjIeY
تماشای رایگان قسمت چهارم شفرونی در کانال یوتیوب تلویکا #نیما_شعبان_نژاد #شفرونی,https://www.youtube.com/watch?v=nuCoyIgrBl0
سریال اکنون - تیزر قسمت 49 | Aknoon Series - Teaser Episode 49,https://www.youtube.com/watch?v=R3QcRjcLclc
سریال شفرونی - قسمت 4 | Cheferoni Series - Episode 4,https://www.youtube.com/watch?v=u6nE-RYZst4
جواد عزتی و رعنا آزادی ور در فیلم سینمایی زخم کاری انتقام | Zakhm Kari Entegham Movie,https://www.youtube.com/watch?v=6lnFB8wXNlg
آشپزی در ارتفاع زیاد - سریال شفرونی,https://www.youtube.com/watch?v=lOYxYnJu_Qo
حادثه برای مهران غفوریان! #شفرونی #مهران_غفوریان,https://www.youtube.com/watch?v=26ROY5ulJHI
تیزر مهمان مخفی شفرونی قسمت 5 #شفرونی #کمدی,https://www.youtube.com/watch?v=HCFopE0_2DY
سریال سپنج - قسمت 39 | Sepanj Series - Episode 39,https://www.youtube.com/watch?v=rTarwGW1UqM
سریال شفرونی - وقتی فلافل یکه تازی میکنه و خودش و جای چلو گردن جا میزنه! | Cheferoni Series - Teaser,https://www.youtube.com/watch?v=1mp4K-gY_nc
"تماشای رایگان قسمت چهل و هفتم ""اکنون"" در کانال یوتیوب تلویکا #امیر_خادم #اکنون",https://www.youtube.com/watch?v=ciXRLcMDsx4
فیلم سینمایی ترک عمیق - تیزر | Tarake Amigh Movie - Teaser,https://www.youtube.com/watch?v=J1BptEXWB88
سریال شفرونی - تیزر قسمت 5 | Cheferoni Series - Teaser Episode 5,https://www.youtube.com/watch?v=38KbjbxfYzM
تماشای رایگان قسمت سوم شفرونی در کانال یوتیوب تلویکا #نیما_شعبان_نژاد #شفرونی,https://www.youtube.com/watch?v=0cYBrqY2fnk
مشکوکه ولی با مزست - فیلم سینمایی بخارست,https://www.youtube.com/watch?v=Spb72ZyM6bI
سریال شفرونی - قسمت 3 | Cheferoni Series - Episode 3,https://www.youtube.com/watch?v=lkxtVbOyTlU
من چرا حافظمو از دست دادم؟ #قطب_شمال,https://www.youtube.com/watch?v=0T3RGee6LF8
من عاشق شفق قطبیم #قطب_شمال,https://www.youtube.com/watch?v=Ny_HNHRiWuw
تی ان تی قسمت 23 رایگان شد #تی_ان_تی,https://www.youtube.com/watch?v=msJkmb4z6v4
تی ان تی قسمت 22 رایگان شد #تی_ان_تی,https://www.youtube.com/watch?v=Js70iY6hkFI
تی ان تی قسمت 18 رایگان شد #تی_ان_تی,https://www.youtube.com/watch?v=E9Au0kYEkN4
مدتها بود حالم چنین خوب نبوده - سریال سپنج,https://www.youtube.com/watch?v=BCeGj4usM0A
عشق مگر داد ودعواست...#سپنج,https://www.youtube.com/watch?v=PcLeSmwCvwM
سریال شغال - تیزر قسمت 13 | Shoghal Series - Teaser Episode 13,https://www.youtube.com/watch?v=ohDllF90if4
سریال قطب شمال - قسمت 12 (قسمت آخر) | Ghotbe Shomal Series - Episode 12,https://www.youtube.com/watch?v=grTgXLunTnU
سریال قطب شمال - قسمت 11 | Ghotbe Shomal Series - Episode 11,https://www.youtube.com/watch?v=lghYA3KhVeI
سریال قطب شمال - قسمت 10 | Ghotbe Shomal Series - Episode 10,https://www.youtube.com/watch?v=KBigSPvAb5Q
سریال قطب شمال - قسمت 9 | Ghotbe Shomal Series - Episode 9,https://www.youtube.com/watch?v=gvq6xDr2vqQ
سریال قطب شمال - قسمت 8 | Ghotbe Shomal Series - Episode 8,https://www.youtube.com/watch?v=oR_WHRq1lCk
سریال قطب شمال - قسمت 7 | Ghotbe Shomal Series - Episode 7,https://www.youtube.com/watch?v=PdSpOLAQmyE
سریال قطب شمال - قسمت 6 | Ghotbe Shomal Series - Episode 6,https://www.youtube.com/watch?v=rt-BtDa5WP4
سریال قطب شمال - قسمت 5 | Ghotbe Shomal Series - Episode 5,https://www.youtube.com/watch?v=G9nIcmT8FWI
سریال قطب شمال - قسمت 4 | Ghotbe Shomal Series - Episode 4,https://www.youtube.com/watch?v=37AbN5n4FOs
سریال قطب شمال - قسمت 3 | Ghotbe Shomal Series - Episode 3,https://www.youtube.com/watch?v=mTYwkmWq-Yo
تسلیت می‌گم سیاوش... #شغال,https://www.youtube.com/watch?v=ylwdAVmga6o
خدایا چرا من؟؟ - سریال شغال,https://www.youtube.com/watch?v=CXAAeVD3Umc
سریال قطب شمال - قسمت 2 | Ghotbe Shomal Series - Episode 2,https://www.youtube.com/watch?v=MBxNHGotEm0
مصطفی زمانی و بهاره افشاری در فیلم جنایی روز ششم | Rooze Sheshom Movie,https://www.youtube.com/watch?v=d4MEInY3lVA
"تماشای رایگان فیلم سینمایی ""روز ششم"" در کانال یوتیوب تلویکا #روز_ششم #امیر_جعفری #فیلم",https://www.youtube.com/watch?v=erUJBZ3GnhU
سریال ممیزی - فصل 5 - قسمت 9 | Serial Momayyezi - Season 5 - Episode 9,https://www.youtube.com/watch?v=5wJGLJWM7ZM
تماشای رایگان قسمت نهم فصل 5 «ممیزی» در کانال یوتیوب تلویکا #ممیزی,https://www.youtube.com/watch?v=4g86b6GiiFM
سریال تی ان تی - قسمت 23 (قسمت آخر) | TNT Series - Episode 23,https://www.youtube.com/watch?v=FvIqBXeJoiQ
سریال ممیزی - فصل 5 - تیزر قسمت 10 | Serial Momayyezi - Season 5 -Teaser Episode 10,https://www.youtube.com/watch?v=gcRkj-xVp_g
سریال تی ان تی - قسمت 22 | TNT Series - Episode 22,https://www.youtube.com/watch?v=CXuPD3qgVXs
سریال تی ان تی - قسمت 19 | TNT Series - Episode 19,https://www.youtube.com/watch?v=bTW9KhIVEcQ
امیرحسین رستمی در شفرونی #شفرونی #کمدی,https://www.youtube.com/watch?v=uQ3_1Lhdw4E
امیر کاظمی در شفرونی #شفرونی #کمدی,https://www.youtube.com/watch?v=5GhDMb5jcrI
تماشای رایگان قسمت پنجم سریال محکوم در کانال یوتیوب تلویکا #پژمان_جمشیدی #محکوم,https://www.youtube.com/watch?v=Drp_EnHQCL4
سریال تی ان تی - قسمت 21 | TNT Series - Episode 21,https://www.youtube.com/watch?v=XmmUVLwlqe4
سریال تی ان تی - قسمت 20 | TNT Series - Episode 20,https://www.youtube.com/watch?v=_Ou1V91vi18
سریال تی ان تی - قسمت 18 | TNT Series - Episode 18,https://www.youtube.com/watch?v=Y6v3Bj1RZeM
سریال تی ان تی - قسمت 17 | TNT Series - Episode 17,https://www.youtube.com/watch?v=ugdcHZ5Ryv0
سریال تی ان تی - قسمت 16 | TNT Series - Episode 16,https://www.youtube.com/watch?v=wblupmOZ8hM
سریال تی ان تی - قسمت 15 | TNT Series - Episode 15,https://www.youtube.com/watch?v=OEKyghbNVyk
سریال محکوم - قسمت 5 | Mahkoum Series - Episode 5,https://www.youtube.com/watch?v=8XMOGA5-b-4
لیلا حاتمی و مهرداد صدیقیان در فیلم عاشقانه تصور | Tasavor Movie,https://www.youtube.com/watch?v=bs6syJsgW5U
قسمت 8 سریال محکوم #محکوم #پژمان_جمشیدی,https://www.youtube.com/watch?v=sD4eEI2LfO4
هیچ کس اعتراف نمی کنه - سریال محکوم,https://www.youtube.com/watch?v=NZllBIhle3w
سریال محکوم - تیزر قسمت 8 | Mahkoum Series - Teaser Episode 8,https://www.youtube.com/watch?v=1Q4TWVvJlio
سریال اکنون - قسمت 47 | Aknoon Series - Episode 47,https://www.youtube.com/watch?v=prWeFkDZuJQ
احساسی ترین قسمت اکنون - سریال اکنون,https://www.youtube.com/watch?v=jnYzYpwaMjQ
عجیب‌ترین شگفتی‌های انسان #اکنون #سروش_صحت,https://www.youtube.com/watch?v=YOdUoxhwT2c
آخرین زنگ قرمز جوکر - سریال جوکر 2 - فصل 7,https://www.youtube.com/watch?v=aiiJqxVBCAM
سریال اکنون - تیزر قسمت 48 | Aknoon Series - Teaser Episode 48,https://www.youtube.com/watch?v=Jn3VCInFxAk
تماشای رایگان قسمت دوم شفرونی در کانال یوتیوب تلویکا #shorts  #شفرونی,https://www.youtube.com/watch?v=cVvPjkE8jRo
سریال شفرونی - قسمت 2 | Cheferoni Series - Episode 2,https://www.youtube.com/watch?v=wmF4c-_q7ao
جمع نویسندگان تنبل در کنارهم - سریال اکنون,https://www.youtube.com/watch?v=OAx3MA6L7SQ
شاه گل 1.5 میلیاردی - سریال گل یا پوچ,https://www.youtube.com/watch?v=RdqOaBtYYIw
چرا نماد فرانسه خروسه؟ #شفرونی #کمدی,https://www.youtube.com/watch?v=ypW1dzQ78RU
شب فرانسه جریمه اش میکس شد - سریال شفرونی,https://www.youtube.com/watch?v=Csd7qhR29wQ
سریال شفرونی - تیزر مهمون مخفی قسمت 4 | Cheferoni Series - Teaser,https://www.youtube.com/watch?v=epAN_zXUmXM
سریال شکارگاه - قسمت 9 (قسمت آخر) | Shekargah Series - Episode 9,https://www.youtube.com/watch?v=K2j9_FfPpkw
شکارگاه قسمت 9 رایگان شد #شکار_گاه,https://www.youtube.com/watch?v=yRTtVfPuGKQ
سریال شکارگاه - قسمت 8 | Shekargah Series - Episode 8,https://www.youtube.com/watch?v=PIsQ7WdSUgk
شکارگاه قسمت 7 رایگان شد #شکار_گاه,https://www.youtube.com/watch?v=4thSc3UFS2A
شکارگاه قسمت 6 رایگان شد #شکار_گاه,https://www.youtube.com/watch?v=pAV1sBYSAbk
سریال شکارگاه - قسمت 7 | Shekargah Series - Episode 7,https://www.youtube.com/watch?v=wS9RCgsj0s4
سریال شکارگاه - قسمت 6 | Shekargah Series - Episode 6,https://www.youtube.com/watch?v=bkesXn9Pwcg
سریال شکارگاه - قسمت 5 | Shekargah Series - Episode 5,https://www.youtube.com/watch?v=qaq438BrByk
سریال آرزوهای چپکی - قسمت 15 (قسمت آخر) | Arezohaye Chapaki Series - Episode 15,https://www.youtube.com/watch?v=SWeBAFaLIIY
سریال شکارگاه - قسمت 4 | Shekargah Series - Episode 4,https://www.youtube.com/watch?v=Z2mMWuQ0AMk
شکارگاه قسمت 3 رایگان شد #شکار_گاه,https://www.youtube.com/watch?v=6r3QS_hyCCE
شکارگاه قسمت 1 رایگان شد #شکار_گاه,https://www.youtube.com/watch?v=P1zwrHSxijI
سریال شکارگاه - قسمت 3 | Shekargah Series - Episode 3,https://www.youtube.com/watch?v=FxrPIAzWh5k
سریال شکارگاه - قسمت 2 | Shekargah Series - Episode 2,https://www.youtube.com/watch?v=p6O7TAd2IvM
سریال شکارگاه - قسمت 1 | Shekargah Series - Episode 1,https://www.youtube.com/watch?v=Q-mTzDXSeAk
تی ان تی قسمت 13 رایگان شد #تی_ان_تی,https://www.youtube.com/watch?v=UqBHQLrsNW0
تی ان تی قسمت 12 رایگان شد #تی_ان_تی,https://www.youtube.com/watch?v=o_JtqKlVbwA
تی ان تی قسمت 11 رایگان شد #تی_ان_تی,https://www.youtube.com/watch?v=QqDS_nXPdaU
گناه فرشته قسمت 9 رایگان شد #گناه_فرشته,https://www.youtube.com/watch?v=V9Qif2DvIsc
گناه فرشته قسمت 8 رایگان شد #گناه_فرشته,https://www.youtube.com/watch?v=S8L2hRnWwyc
سریال گناه فرشته - قسمت 18 (قسمت آخر) | Gonahe Fereshteh Series - Episode 18,https://www.youtube.com/watch?v=leGKuxEWPJQ
سریال گناه فرشته - قسمت 17 | Gonahe Fereshteh Series - Episode 17,https://www.youtube.com/watch?v=WmlKME-gMaE
سریال گناه فرشته - قسمت 16 | Gonahe Fereshteh Series - Episode 16,https://www.youtube.com/watch?v=DmSmgNksXWQ
سریال گناه فرشته - قسمت 15 | Gonahe Fereshteh Series - Episode 15,https://www.youtube.com/watch?v=DWdQM-L1CiI
سریال گناه فرشته - قسمت 14 | Gonahe Fereshteh Series - Episode 14,https://www.youtube.com/watch?v=YyTAEDOt_gU
آوا نیستش یعنی چی نیستش - سریال شغال,https://www.youtube.com/watch?v=_BDBX_54mG0
ادامه سکانس از قسمت 12 سریال شغال #شغال,https://www.youtube.com/watch?v=qyfY8DUvZ5w
سریال گناه فرشته - قسمت 13 | Gonahe Fereshteh Series - Episode 13,https://www.youtube.com/watch?v=zgGfsekKnjA
سریال ممیزی - فصل 5 - تیزر قسمت 9 | Serial Momayyezi - Season 5 -Teaser Episode 9,https://www.youtube.com/watch?v=i2a4D65D2WQ
سریال گناه فرشته - قسمت 12 | Gonahe Fereshteh Series - Episode 12,https://www.youtube.com/watch?v=P8UTFkSZJeo
سریال گناه فرشته - قسمت 11 | Gonahe Fereshteh Series - Episode 11,https://www.youtube.com/watch?v=wzk9gDkO0wY
"تماشای رایگان فیلم سینمایی ""آنجا همان ساعت"" در کانال یوتیوب تلویکا #آنجا_همان_ساعت #ماهور_الوند",https://www.youtube.com/watch?v=huCfABSNCWw
سریال گناه فرشته - قسمت 10 | Gonahe Fereshteh Series - Episode 10,https://www.youtube.com/watch?v=hXDza4E0TSg
سریال گناه فرشته - قسمت 9 | Gonahe Fereshteh Series - Episode 9,https://www.youtube.com/watch?v=Vka_219f5CY
سریال گناه فرشته - قسمت 8 | Gonahe Fereshteh Series - Episode 8,https://www.youtube.com/watch?v=e09HPtyhQPg
پرویز پرستویی و امیرحسین فتحی در فیلم آنجا همان ساعت | Anja Haman Saat Movie,https://www.youtube.com/watch?v=DIMB5EdDuzo
"تماشای رایگان فیلم سینمایی ""آنجا همان ساعت"" در کانال یوتیوب تلویکا #آنجا_همان_ساعت #پرویز_پرستویی",https://www.youtube.com/watch?v=14AIp9B2ZjU
رضا شفیعی جم و بهاره رهنما در فیلم کمدی بابا سیبیلو | Baba Sibiloo Movie,https://www.youtube.com/watch?v=nH1Dq4ww5Vs
سریال ممیزی - فصل 5 - قسمت 8 | Serial Momayyezi - Season 5 - Episode 8,https://www.youtube.com/watch?v=aruDPc9IMhQ
سریال تی ان تی - قسمت 13 | TNT Series - Episode 13,https://www.youtube.com/watch?v=EPUXAXIU2Z0
سریال تی ان تی - قسمت 12 | TNT Series - Episode 12,https://www.youtube.com/watch?v=bC3sbgVI46A
سریال تی ان تی - قسمت 11 | TNT Series - Episode 11,https://www.youtube.com/watch?v=DjSA32keB9A
سریال شغال - تیزر قسمت 12 | Shoghal Series - Teaser Episode 12,https://www.youtube.com/watch?v=dHw8OHo-nlw
تماشای رایگان قسمت چهارم سریال محکوم در کانال یوتیوب تلویکا #سریال_جدید #محکوم,https://www.youtube.com/watch?v=TvFOu0wrsRw
سریال محکوم - قسمت 4 | Mahkoum Series - Episode 4,https://www.youtube.com/watch?v=FsRwVwiHnJs
زود تصمیم نگرفتید آقای شهابی؟ #محکوم #سریال_جدید,https://www.youtube.com/watch?v=0prExcxVsh4
قاتل اصلی فرار کرده - سریال محکوم,https://www.youtube.com/watch?v=VQmBcXYlwew
فیلم سینمایی آنجا همان ساعت - تیزر | Anja Haman Saat Movie - Teaser,https://www.youtube.com/watch?v=kVMEqOJ5Unk
سریال محکوم - تیزر قسمت 7 | Mahkoum Series - Teaser Episode 7,https://www.youtube.com/watch?v=Tzp0cTHTbnE
تماشای رایگان قسمت چهاردهم سریال «لالایی» در کانال یوتیوب تلویکا #لالایی,https://www.youtube.com/watch?v=64azsYe6_0E
تماشای رایگان قسمت هشتم فصل 5 «ممیزی» در کانال یوتیوب تلویکا #ممیزی,https://www.youtube.com/watch?v=QRTobubyCIc
علی بندری، خیلی به من کمک کرد! #اکنون #امیر_خادم #سروش_صحت,https://www.youtube.com/watch?v=HdQNg4eunYk
دو مدال طلا تقدیم به شما - سریال اکنون,https://www.youtube.com/watch?v=X0BL0mekUcE
سریال اکنون - تیزر قسمت 47 | Aknoon Series - Teaser Episode 47,https://www.youtube.com/watch?v=CtlFbv3umg0
"تماشای رایگان قسمت چهل و پنجم ""اکنون"" در کانال یوتیوب تلویکا #فرامرز_پارسی #اکنون",https://www.youtube.com/watch?v=N1gTe6LoYLQ
سریال اکنون - قسمت 45 | Aknoon Series - Episode 45,https://www.youtube.com/watch?v=kqA_l9bQepY
"تماشای رایگان قسمت چهل و سوم ""اکنون"" در کانال یوتیوب تلویکا #امیر_نصری #اکنون",https://www.youtube.com/watch?v=eCclTEYQ5pA
سریال زخم کاری مجازات - قسمت 9 (قسمت آخر) | Zakhm Kari Mojazat Series - Episode 9,https://www.youtube.com/watch?v=dMXA1M9Nhpo
تماشای رایگان سریال «زخم کاری مجازات» در کانال یوتیوب تلویکا #shorts #زخم_کاری_مجازات,https://www.youtube.com/watch?v=vAqukpohVjc
سریال زخم کاری مجازات - قسمت 8 | Zakhm Kari Mojazat Series - Episode 8,https://www.youtube.com/watch?v=Yk2tdvy2lU4
تماشای رایگان «زخم کاری مجازات» در کانال یوتیوب تلویکا #shorts #زخم_کاری_مجازات,https://www.youtube.com/watch?v=Yr_2dgSv1SM
سریال زخم کاری مجازات - قسمت 7 | Zakhm Kari Mojazat Series - Episode 7,https://www.youtube.com/watch?v=CmAclWq-XLs
تماشای رایگان سریال «لالایی» در کانال یوتیوب تلویکا #shorts #لالایی,https://www.youtube.com/watch?v=UB471bayaTc
تماشای رایگان «لالایی» در کانال یوتیوب تلویکا #shorts #لالایی,https://www.youtube.com/watch?v=3l54BhEsRmw
به شما مربوطی نیست #shorts #شفرونی,https://www.youtube.com/watch?v=CxSdSfx4ZnY
قشنگ گفتین ماچا چیه - سریال شفرونی,https://www.youtube.com/watch?v=yPk338WnZXQ
سریال شفرونی - تیزر مهمون مخفی قسمت 3 | Cheferoni Series - Teaser,https://www.youtube.com/watch?v=NiOH4L-2tdA
سریال شفرونی - تیزر قسمت 3 | Cheferoni Series - Teaser Episode 3,https://www.youtube.com/watch?v=xzUQvt__U0U
سریال لالایی - قسمت 18 (قسمت آخر) | Lalaei Series - Episode 18,https://www.youtube.com/watch?v=xIUXVXbRqrI
سریال لالایی - قسمت 17 | Lalaei Series - Episode 17,https://www.youtube.com/watch?v=nXFu64Ddc2A
سریال لالایی - قسمت 16 | Lalaei Series - Episode 16,https://www.youtube.com/watch?v=koX_V3C-NK8
سریال لالایی - قسمت 15 | Lalaei Series - Episode 15,https://www.youtube.com/watch?v=YsQAOAVYdW4
سریال لالایی - قسمت 14 | Lalaei Series - Episode 14,https://www.youtube.com/watch?v=vDixP4ET2f0
سریال لالایی - قسمت 13 | Lalaei Series - Episode 13,https://www.youtube.com/watch?v=4O_J_bUPB5M
سریال شفرونی - تو آشپزخونه‌ی شفرونی، سامورایی‌ها با سوشی می‌جنگن نه شمشیر | Cheferoni Series,https://www.youtube.com/watch?v=JbcbfxWq124
تماشای رایگان قسمت سوم سریال محکوم در کانال یوتیوب تلویکا #shorts  #محکوم,https://www.youtube.com/watch?v=TyxXq-CVKRM
تماشای رایگان قسمت چهاردهم آرزوهای چپکی در کانال یوتیوب تلویکا #shorts  #آرزوهای_چپکی,https://www.youtube.com/watch?v=MytLHGyc-sk
"تماشای رایگان قسمت چهل و چهارم ""اکنون"" در کانال یوتیوب تلویکا #shorts  #اکنون",https://www.youtube.com/watch?v=umCGnAqkygE
سریال لالایی - قسمت 12 | Lalaei Series - Episode 12,https://www.youtube.com/watch?v=3P96maq84HA
سریال شفرونی - آماده باش، شب سوم #شفرونی قراره توکیو رو بیاره وسط آشپزخونه | Cheferoni Series,https://www.youtube.com/watch?v=0he8jpAR0CU
سریال آرزوهای چپکی - قسمت 14 | Arezohaye Chapaki Series - Episode 14,https://www.youtube.com/watch?v=P5Z34hIu8S8
سریال اکنون - قسمت 44 | Aknoon Series - Episode 44,https://www.youtube.com/watch?v=eV8ylyHCEuc
می‌گم تو سیگار داری؟ #shorts #شغال,https://www.youtube.com/watch?v=4qFE-8tyEDQ
سریال گناه فرشته - قسمت 7 | Gonahe Fereshteh Series - Episode 7,https://www.youtube.com/watch?v=J96fOdDzm1k
شکوه خانم مرد... - سریال شغال,https://www.youtube.com/watch?v=YMKWW6If2tI
علی مصفا و رضا کیانیان در فیلم عاشقانه آهو | Ahoo Movie,https://www.youtube.com/watch?v=NuwYhPmkHgA
تماشای رایگان قسمت هفتم فصل 5 «ممیزی» در کانال یوتیوب تلویکا #shorts #ممیزی,https://www.youtube.com/watch?v=vvH80-JBZ08
سریال ممیزی - فصل 5 - قسمت 7 | Serial Momayyezi - Season 5 - Episode 7,https://www.youtube.com/watch?v=ShZY7ZmL94E
سریال شغال - تیزر قسمت 11 | Shoghal Series - Teaser Episode 11,https://www.youtube.com/watch?v=AyQiu2KZzP4
سریال ممیزی - فصل 5 - تیزر قسمت 8 | Serial Momayyezi - Season 5 -Teaser Episode 8,https://www.youtube.com/watch?v=gVKs92IX9Is
"تماشای رایگان قسمت چهل و ششم ""اکنون"" در کانال یوتیوب تلویکا #shorts  #اکنون",https://www.youtube.com/watch?v=cypfg7ab6dY
سریال اکنون - قسمت 46 | Aknoon Series - Episode 46,https://www.youtube.com/watch?v=YQ5arPHQ6c4
توهم دانایی داشتم - سریال اکنون,https://www.youtube.com/watch?v=SgH8yu3HF_Q
اسم کوچیک، ببخشید اگه... - سریال شفرونی,https://www.youtube.com/watch?v=EefFSnPI2W8
سریال محکوم - قسمت 3 | Mahkoum Series - Episode 3,https://www.youtube.com/watch?v=QHVPOOMEsGw
تماشای رایگان قسمت اول شفرونی در کانال یوتیوب تلویکا #shorts  #شفرونی,https://www.youtube.com/watch?v=Qgl7Va4MNVU
ادامه سکانس از قسمت 10 «محکوم» #shorts #محکوم,https://www.youtube.com/watch?v=vGvgJkVa6rg
از حالا با هم پیش می ریم - سریال محکوم,https://www.youtube.com/watch?v=vYtnmPbLDd0
سریال شفرونی - قسمت 1 | Cheferoni Series - Episode 1,https://www.youtube.com/watch?v=61IRLvNFBiU
سریال اکنون - قسمت 43 | Aknoon Series - Episode 43,https://www.youtube.com/watch?v=kh2q4nsCDQo
سریال محکوم - تیزر قسمت 6 | Mahkoum Series - Teaser Episode 6,https://www.youtube.com/watch?v=EqLxo3vvdBM
در سن 7 سالگی، به من تعرض شد! #shorts #اکنون,https://www.youtube.com/watch?v=_bWTuFYyiTA
بازگشت مجتبی شکوری پس از 4 سال دوری - سریال اکنون,https://www.youtube.com/watch?v=pAnz49ltWY0
سریال اکنون - تیزر قسمت 46 | Aknoon Series - Teaser Episode 46,https://www.youtube.com/watch?v=DlrR5V91KYI
سریال زخم کاری مجازات - قسمت 6 | Zakhm Kari Mojazat Series - Episode 6,https://www.youtube.com/watch?v=6nKwrjj5v9Q
تشخیص بازیگران از پشت - سریال شفرونی,https://www.youtube.com/watch?v=T7M4_sWBCig
ببخشید شما هندی هستید؟؟ #shorts #شفرونی,https://www.youtube.com/watch?v=OuIsyM66lDk
سریال شفرونی - تیزر قسمت 2 | Cheferoni Series - Teaser Episode 2,https://www.youtube.com/watch?v=f1slpfOgEjU
سریال شفرونی - راز بزرگ شفرونی؛ مهمان مخفی از سراب تا شمال! | Cheferoni Series - Teaser,https://www.youtube.com/watch?v=OiAYCXEHj_Q
سریال لالایی - قسمت 11 | Lalaei Series - Episode 11,https://www.youtube.com/watch?v=MCpamIijZ50
تماشای رایگان قسمت سیزدهم آرزوهای چپکی در کانال یوتیوب تلویکا #shorts  #آرزوهای_چپکی,https://www.youtube.com/watch?v=i9S-d58Xno0
سریال آرزوهای چپکی - قسمت 13 | Arezohaye Chapaki Series - Episode 13,https://www.youtube.com/watch?v=ayzU527kH5g
سریال شفرونی - تیزر سوسن پرور | Cheferoni Series - Teaser,https://www.youtube.com/watch?v=ZMyZeUME6v4
"تماشای رایگان فیلم سینمایی ""نیلگون"" در کانال یوتیوب تلویکا #shorts #نیلگون",https://www.youtube.com/watch?v=vRX060zbQ9w
سریال شفرونی - معرفی مهمانان - متین ستوده | Cheferoni Series - Teaser,https://www.youtube.com/watch?v=63kezhX5KLU
مادرها رضایت دادن - سریال شغال,https://www.youtube.com/watch?v=L6PnRLikg_g
سریال گناه فرشته - قسمت 6 | Gonahe Fereshteh Series - Episode 6,https://www.youtube.com/watch?v=cflwVVdhF5g
هر چی باختم صدات در نمی‌آد #shorts #شغال,https://www.youtube.com/watch?v=5uqhNDXnFgA
سام درخشانی و محمدرضا فروتن در فیلم سینمایی نیلگون | Nilgoon Movie,https://www.youtube.com/watch?v=eDz3pHum_kY
تماشای رایگان قسمت ششم فصل 5 «ممیزی» در کانال یوتیوب تلویکا #shorts #ممیزی,https://www.youtube.com/watch?v=rI7BTlXkrx8
سریال شغال - تیزر قسمت 10 | Shoghal Series - Teaser Episode 10,https://www.youtube.com/watch?v=jGK6nPlSlJQ
سریال ممیزی - فصل 5 - قسمت 6 | Serial Momayyezi - Season 5 - Episode 6,https://www.youtube.com/watch?v=PdMU1FToWck
سریال ممیزی - فصل 5 - تیزر قسمت 7 | Serial Momayyezi - Season 5 - Teaser Episode 7,https://www.youtube.com/watch?v=D1FI2_kd41w
تماشای رایگان قسمت دوم سریال محکوم در کانال یوتیوب تلویکا #shorts  #محکوم,https://www.youtube.com/watch?v=kGN7L4nr39A
سریال محکوم - قسمت 2 | Mahkoum Series - Episode 2,https://www.youtube.com/watch?v=HkuEIh0xRfU
"تماشای رایگان قسمت چهل و دوم ""اکنون"" در کانال یوتیوب تلویکا #shorts  #اکنون",https://www.youtube.com/watch?v=3BKCWLYQxhk
با مصیب، چی‌کار داری؟ #shorts #محکوم,https://www.youtube.com/watch?v=zLdLdazt_Ng
توی بی همه چیز منو به این روز انداختی - سریال محکوم,https://www.youtube.com/watch?v=dwIrqLConvU
سریال اکنون - قسمت 42 | Aknoon Series - Episode 42,https://www.youtube.com/watch?v=HMDe4QzmSY0
سریال محکوم - تیزر قسمت 5 | Mahkoum Series - Teaser Episode 5,https://www.youtube.com/watch?v=QHBq3dMexko
عجیب‌ترین تجربه‌م رقم خورد #shorts #اکنون,https://www.youtube.com/watch?v=7-ABratuvvI
از دل طوفان... تا مردمانش - سریال اکنون,https://www.youtube.com/watch?v=OMvkPiQphUg
چه مثلث عشقی درست شده - سریال شفرونی,https://www.youtube.com/watch?v=NTtolcUN1w8
سریال اکنون - تیزر قسمت 45 | Aknoon Series - Teaser Episode 45,https://www.youtube.com/watch?v=h72gyApz8Vw
سریال زخم کاری مجازات - قسمت 5 | Zakhm Kari Mojazat Series - Episode 5,https://www.youtube.com/watch?v=nA0346srsQE
فیلم سینمایی نیلگون - دومین تیزر | Nilgoon Movie - Teaser,https://www.youtube.com/watch?v=MPVpbDIYfGM
هر هفته یک قسمت رایگان — سریال «محکوم» #shorts #محکوم,https://www.youtube.com/watch?v=edaP04wn7y8
قسمت اول شفرونی #shorts #شفرونی,https://www.youtube.com/watch?v=cIp_KdqYjSo
سریال شفرونی - تیزر قسمت 1 | Cheferoni Series - Teaser Episode 1,https://www.youtube.com/watch?v=f7WiDlfBJXM
سریال لالایی - قسمت 10 | Lalaei Series - Episode 10,https://www.youtube.com/watch?v=e6ZTSriI19w
سریال شفرونی - شروع متفاوت‌ترین رئالیتی‌شوی آشپزی ایران! - تیزر قسمت 1 | Cheferoni Series - Teaser,https://www.youtube.com/watch?v=916U5y_9PII
تماشای رایگان قسمت دوازدهم آرزوهای چپکی در کانال یوتیوب تلویکا #shorts  #آرزوهای_چپکی,https://www.youtube.com/watch?v=TiYhiM5E2s0
سریال شفرونی - تنها 2 روز تا شروع آشوب مکزیکی | Cheferoni Series - Teaser,https://www.youtube.com/watch?v=GL9J2IINvkQ
سریال آرزوهای چپکی - قسمت 12 | Arezohaye Chapaki Series - Episode 12,https://www.youtube.com/watch?v=AxqEBR72f_I
سریال آرزوهای چپکی - تیزر قسمت 15 | Arezohaye Chapaki Series - Teaser Episode 15,https://www.youtube.com/watch?v=WPEnwgwsPLE
قسمت آخر آرزوهای چپکی #shorts #آرزوهای_چپکی,https://www.youtube.com/watch?v=A5NCYeg3ifU
بغلی بگیر چیکارش کنم - سریال آرزوهای چپکی,https://www.youtube.com/watch?v=7ScAnv8fhyg
تنها 3 روز مانده تا شروع آشوب‌های بامزه‌ی «شفرونی» #shorts #شفرونی,https://www.youtube.com/watch?v=WyzUVae2xzI
سریال شفرونی - اینجا صحنه شفرونی، ‌جایی که قراره آتیش به پا کنیم | Cheferoni Series - Teaser,https://www.youtube.com/watch?v=eNt8Z1BuuBs
سریال گناه فرشته - قسمت 5 | Gonahe Fereshteh Series - Episode 5,https://www.youtube.com/watch?v=pyVgmdL81i4
این پسرِ نیکتاج نیست؟ #shorts  #شغال,https://www.youtube.com/watch?v=wzEASE8DSbA
چرا از من بدت میاد؟؟ - سریال شغال,https://www.youtube.com/watch?v=V73xy82_400
"تماشای رایگان فیلم سینمایی ""برف آخر"" در کانال یوتیوب تلویکا #shorts #برف_آخر",https://www.youtube.com/watch?v=sjEoN11st9U
فیلم سینمایی جدید برف آخر با بازی امین حیایی و لادن مستوفی | Barfe Akhar Movie,https://www.youtube.com/watch?v=GIrxIARQQec
تماشای رایگان قسمت پنجم فصل 5 «ممیزی» در کانال یوتیوب تلویکا #shorts #ممیزی,https://www.youtube.com/watch?v=lDH1xhnbdyU
سریال ممیزی - فصل 5 - قسمت 5 | Serial Momayyezi - Season 5 - Episode 5,https://www.youtube.com/watch?v=weWC5JmGnzQ
سریال شغال - تیزر قسمت 9 | Shoghal Series - Teaser Episode 9,https://www.youtube.com/watch?v=5NoTlZFs50U
سریال ممیزی - فصل 5 - تیزر قسمت 6 | Serial Momayyezi - Season 5 - Teaser Episode 6,https://www.youtube.com/watch?v=nyv9Ccdlkfo
سریال لالایی - قسمت 9 | Lalaei Series - Episode 9,https://www.youtube.com/watch?v=pMwg89_VOO4
سریال شفرونی - شفرونی چیدیم که آتیش به پا کنیم! | Cheferoni Series - Teaser,https://www.youtube.com/watch?v=1I6S1jR_268
"تماشای رایگان قسمت چهل و یکم ""اکنون"" در کانال یوتیوب تلویکا #shorts  #اکنون",https://www.youtube.com/watch?v=SaK_Ko-A9bs
بهتره این آقای لجباز رو راضی کنین! #shorts #محکوم,https://www.youtube.com/watch?v=uUluOEBWniM
کارم با تو تازه شروع شده! - سریال محکوم,https://www.youtube.com/watch?v=wDT-M8WF6uQ
سریال اکنون - قسمت 41 | Aknoon Series - Episode 41,https://www.youtube.com/watch?v=y3D8rN8s0ws
سریال محکوم - تیزر قسمت 4 | Mahkoum Series - Teaser Episode 4,https://www.youtube.com/watch?v=t4xnti1wbD4
نگران پاک شدنِ خاطرات ام نیستم #shorts #اکنون,https://www.youtube.com/watch?v=niTXZsEErE4
حسین پرید داخل استخر پر از مار - سریال اکنون,https://www.youtube.com/watch?v=AcOrxSNOP18
فیلم سینمایی برف آخر - تیزر | Barfe Akhar - Teaser,https://www.youtube.com/watch?v=vqokNmWdW_Y
سریال شفرونی - تیزر موزیکال | Cheferoni Series - Teaser,https://www.youtube.com/watch?v=zmWdAVhG9Ok
سریال اکنون - تیزر قسمت 44 | Aknoon Series - Teaser Episode 44,https://www.youtube.com/watch?v=QbResteai5I
سریال زخم کاری مجازات - قسمت 4 | Zakhm Kari Mojazat Series - Episode 4,https://www.youtube.com/watch?v=ftk2t5BbKPQ
سریال لالایی - قسمت 8 | Lalaei Series - Episode 8,https://www.youtube.com/watch?v=9sVd8s9FIOs
سریال شفرونی - تالار رنگارنگ شفرونی و تندیس‌های طلایی | Cheferoni Series - Teaser,https://www.youtube.com/watch?v=vrZ-HJGX9J0
موزیک ویدیو شغال #shorts  #شغال,https://www.youtube.com/watch?v=0QRgqk83WGM
سریال شفرونی - هر شب یه مدل نیما شعبان‌نژاد سرو میشه | Cheferoni Series - Teaser,https://www.youtube.com/watch?v=4sTzCHtuizM
سریال آرزوهای چپکی - قسمت 11 | Arezohaye Chapaki Series - Episode 11,https://www.youtube.com/watch?v=xWeNCW_-14E
تماشای رایگان قسمت یازدهم آرزوهای چپکی در کانال یوتیوب تلویکا #shorts  #آرزوهای_چپکی,https://www.youtube.com/watch?v=6hA80DBUqMY
مرد حسابی مرد ناحسابی - سریال آرزوهای چپکی,https://www.youtube.com/watch?v=QaEuU25njPU
اینجا کجای بهشته #shorts #آرزوهای_چپکی,https://www.youtube.com/watch?v=Ry2ppZ2HqUg
سریال آرزوهای چپکی - تیزر قسمت 14 | Arezohaye Chapaki Series - Teaser Episode 14,https://www.youtube.com/watch?v=2t9s6ypykvk
سریال گناه فرشته - قسمت 4 | Gonahe Fereshteh Series - Episode 4,https://www.youtube.com/watch?v=LG2AIaj7AyU
تکلیف این اسلحه رو مشخص کن! #shorts  #شغال,https://www.youtube.com/watch?v=m5bs9KMt3_0
کار کی بوده؟ - سریال شغال,https://www.youtube.com/watch?v=cP31d3PfBOc
مهدی هاشمی و لیلا اوتادی در فیلم کمدی یقه سفیدها | Yagheh Sefidha Movie,https://www.youtube.com/watch?v=O7wlVvn0-JA
"تماشای رایگان فیلم سینمایی ""یقه سفیدها"" در کانال یوتیوب تلویکا #shorts #یقه_سفیدها",https://www.youtube.com/watch?v=Dl1u6BXfrP8
تماشای رایگان قسمت چهارم فصل 5 «ممیزی» در کانال یوتیوب تلویکا #shorts #ممیزی,https://www.youtube.com/watch?v=LQhRloKBS1A
سریال ممیزی - فصل 5 - قسمت 4 | Serial Momayyezi - Season 5 - Episode 4,https://www.youtube.com/watch?v=HMowCj0w3m0
سریال شغال - تیزر قسمت 8 | Shoghal Series - Teaser Episode 8,https://www.youtube.com/watch?v=V5lIu0BEwKg
سریال ممیزی - فصل 5 - تیزر قسمت 5 | Serial Momayyezi - Season 5 - Teaser Episode 5,https://www.youtube.com/watch?v=tpUabdqFx_U
سریال محکوم - قسمت 1 | Mahkoum Series - Episode 1,https://www.youtube.com/watch?v=pymUC66bgsg
تماشای رایگان قسمت اول سریال محکوم در کانال یوتیوب تلویکا #shorts  #محکوم,https://www.youtube.com/watch?v=IClmNGwODmM
قسمت سوم سریال محکوم #shorts #محکوم,https://www.youtube.com/watch?v=xsjVUcJSGv4
گریه نکن تو مادر من نیستی - سریال محکوم,https://www.youtube.com/watch?v=nUvW7vp-uEU
سریال محکوم - تیزر قسمت 3 | Mahkoum Series - Teaser Episode 3,https://www.youtube.com/watch?v=0Jj5Mj1TI1w
سریال اکنون - قسمت 40 | Aknoon Series - Episode 40,https://www.youtube.com/watch?v=QSegSgAQfYE
سریال اکنون - تیزر قسمت 43 | Aknoon Series - Teaser Episode 43,https://www.youtube.com/watch?v=0aOsFI_LFQA
نگاه ها در فرهنگ های مختلف #shorts  #اکنون,https://www.youtube.com/watch?v=82dDDNJZJEc
به من نگو آقای دکتر! - سریال اکنون,https://www.youtube.com/watch?v=CNOSbEuwiqs
سریال زخم کاری مجازات - قسمت 3 | Zakhm Kari Mojazat Series - Episode 3,https://www.youtube.com/watch?v=LPJ97s4dcHg
شفرونی، به‌زودی و به‌صورت اختصاصی در تلویکا #shorts #شفرونی,https://www.youtube.com/watch?v=6c3fqzkDqZQ
سریال لالایی - قسمت 7 | Lalaei Series - Episode 7,https://www.youtube.com/watch?v=TdP-XRxKRaY
"تماشای رایگان فیلم سینمایی ""جزیره فضایی"" در کانال یوتیوب تلویکا #shorts #جزیره_فضایی",https://www.youtube.com/watch?v=6O2rZz2v0fc
سریال آرزوهای چپکی - قسمت 10 | Arezohaye Chapaki Series - Episode 10,https://www.youtube.com/watch?v=tvfDExthcLo
همه تپه‌ها رو آباد کردین‌ها - سریال آرزوهای چپکی,https://www.youtube.com/watch?v=gRhihzkur_Q
ما حرف نمی‌زدیم داشتیم شوخی می‌کردیم #shorts #آرزوهای_چپکی,https://www.youtube.com/watch?v=7ySpUtGlCq0
سریال آرزوهای چپکی - تیزر قسمت 13 | Arezohaye Chapaki Series - Teaser Episode 13,https://www.youtube.com/watch?v=5wVKXZb-DRM
سریال گناه فرشته - قسمت 3 | Gonahe Fereshteh Series - Episode 3,https://www.youtube.com/watch?v=vDJP6JHX3KM
سورپرایز یه مهمونیه - سریال شغال,https://www.youtube.com/watch?v=v5brXezBiIQ
تو رو هم دعوت کرد #shorts #شغال,https://www.youtube.com/watch?v=Brm5Rq8hZ1U
اکبر عبدی و کامران تفتی در فیلم ماجراجویی جزیره فضایی | Jazireye Fazayi Movie,https://www.youtube.com/watch?v=G-129VUo-4I
سریال ممیزی - فصل 5 - تیزر قسمت 4 | Serial Momayyezi - Season 5 - Teaser Episode 4,https://www.youtube.com/watch?v=HfN8NFcKc44
تماشای رایگان قسمت سوم فصل 5 «ممیزی» در کانال یوتیوب تلویکا #shorts #ممیزی,https://www.youtube.com/watch?v=GQv4iEXdnPQ
سریال شغال - تیزر قسمت 7 | Shoghal Series - Teaser Episode 7,https://www.youtube.com/watch?v=GAw-PdQGzmU
سریال ممیزی - فصل 5 - قسمت 3 | Serial Momayyezi - Season 5 - Episode 3,https://www.youtube.com/watch?v=XG2lj3Ij3Ws
سریال محکوم - تیزر قسمت 2 | Mahkoum Series - Teaser Episode 2,https://www.youtube.com/watch?v=9XACoKQE890
سریال لالایی - قسمت 6 | Lalaei Series - Episode 6,https://www.youtube.com/watch?v=CeNXL3h4FiE
بابا، پسره آدم کشته! #shorts #محکوم,https://www.youtube.com/watch?v=rhft83shccY
قاتل با مقتول رابطه داشته؟ - سریال محکوم,https://www.youtube.com/watch?v=fEzP1PK4oAE
سریال اکنون - قسمت 39 | Aknoon Series - Episode 39,https://www.youtube.com/watch?v=DqITpFRAC7s
من، ظرف 6 سال بی سرپرست شدم #shorts #اکنون,https://www.youtube.com/watch?v=eSmQsJVjdsw
خالق قصه های مجید - سریال اکنون,https://www.youtube.com/watch?v=1AWXHO-oMoA
سریال اکنون - تیزر قسمت 42 | Aknoon Series - Teaser Episode 42,https://www.youtube.com/watch?v=Rwn_pGtNpU8
سریال زخم کاری مجازات - قسمت 2 | Zakhm Kari Mojazat Series - Episode 2,https://www.youtube.com/watch?v=kt-LiNY6tvM
سریال لالایی - قسمت 5 | Lalaei Series - Episode 5,https://www.youtube.com/watch?v=2rPwEN5RFFA
فیلم جوکر تایم | Joker Time Movie,https://www.youtube.com/watch?v=r_VTq1u-UzA
تماشای رایگان ویژه برنامه جوکر در کانال یوتیوب تلویکا #shorts #جوکر_تایم #جوکر,https://www.youtube.com/watch?v=0qJPbuxSJAk
تماشای رایگان قسمت دوم فصل 5 «ممیزی» در کانال یوتیوب تلویکا #shorts #ممیزی,https://www.youtube.com/watch?v=ZjonohcXWmk
اینو دوباره امتحان کنم #shorts #آ رزوهای_چپکی,https://www.youtube.com/watch?v=KLgK4B_LCAo
تو اینارو نمی فهمی متوجه نیستی نفهم - سریال آرزوهای چپکی,https://www.youtube.com/watch?v=EUdVR2sh0s8
سریال گناه فرشته - قسمت 2 | Gonahe Fereshteh Series - Episode 2,https://www.youtube.com/watch?v=v26a-EJndpo
سریال آرزوهای چپکی - تیزر قسمت 12 | Arezohaye Chapaki Series - Teaser Episode 12,https://www.youtube.com/watch?v=gcjZOta33zg
کجاست این رفیق ما - سریال شغال,https://www.youtube.com/watch?v=VYsOhq7WPyw
قسمت 6 سریال شغال #shorts #شغال,https://www.youtube.com/watch?v=835kPK26onw
بهرام رادان و رویا تیموریان در فیلم درام پولاریس | Polaris Movie,https://www.youtube.com/watch?v=tNr5jwQZshg
"تماشای رایگان فیلم سینمایی ""پولاریس"" در کانال یوتیوب تلویکا #shorts #پولاریس",https://www.youtube.com/watch?v=4cYKcTAswhw
سریال شغال - تیزر قسمت 6 | Shoghal Series - Teaser Episode 6,https://www.youtube.com/watch?v=ZOsKsYBaSDM
سریال ممیزی - فصل 5 - قسمت 2 | Serial Momayyezi - Season 5 - Episode 2,https://www.youtube.com/watch?v=RnAiAXeptB4
سریال ممیزی - فصل 5 - تیزر قسمت 3 | Serial Momayyezi - Season 5 - Teaser Episode 3,https://www.youtube.com/watch?v=mZGJuVv-lqc
سریال لالایی - قسمت 4 | Lalaei Series - Episode 4,https://www.youtube.com/watch?v=RQSkSiE3NKM
داستانتو با مادرم تموم کن - سریال محکوم,https://www.youtube.com/watch?v=GcT32cekzb0
قسمت اول سریال محکوم #shorts #محکوم,https://www.youtube.com/watch?v=yJ6Oo0zYC_g
سریال محکوم - 1 روز مانده به پخش | Mahkoum Series - Teaser,https://www.youtube.com/watch?v=mMEOvgNyxns
سریال اکنون - قسمت 38 | Aknoon Series - Episode 38,https://www.youtube.com/watch?v=55E_te_clhs
سریال اکنون - تیزر قسمت 41 | Aknoon Series - Teaser Episode 41,https://www.youtube.com/watch?v=CqSgdzaXRiw
آیا واقعا رستم وجود داشته؟؟ - سریال اکنون,https://www.youtube.com/watch?v=MX8OvmQJxUc
چرا به فردوسی میگن حکیم؟ #shorts #اکنون,https://www.youtube.com/watch?v=NyfLyb_x4AQ
سریال محکوم - 2 روز مانده به پخش | Mahkoum Series - Teaser,https://www.youtube.com/watch?v=h9YR_RNoeRE
سریال زخم کاری انتقام - قسمت 14 (قسمت آخر) | Zakhm Kari Entegham Series - Episode 14,https://www.youtube.com/watch?v=LD9RZfqGz14
سریال لالایی - قسمت 3 | Lalaei Series - Episode 3,https://www.youtube.com/watch?v=O4PU5ZsXFHU
سریال محکوم - 3 روز مانده به پخش | Mahkoum Series - Teaser,https://www.youtube.com/watch?v=5GUVipiVTp8
تماشای رایگان قسمت نهم آرزوهای چپکی در کانال یوتیوب تلویکا #shorts  #آرزوهای_چپکی,https://www.youtube.com/watch?v=zf0lBp4akAA
سریال آرزوهای چپکی - قسمت 9 | Arezohaye Chapaki Series - Episode 9,https://www.youtube.com/watch?v=4iztvfSIXCQ
سریال محکوم - دومین تیزر | Mahkoum Series - Teaser,https://www.youtube.com/watch?v=jnkKi6oASvU
خوش اندام‌ ترین زن کره زمینی #shorts #آرزوهای_چپکی,https://www.youtube.com/watch?v=0xG6kqNCk2U
بپرسید چقدر شیرین زبون بود - سریال آرزوهای چپکی,https://www.youtube.com/watch?v=ExZnnCgzh4s
امیر غفارمنش و حمید لولایی در فیلم ماجراجویی بام بالا | Bam Bala - Movie,https://www.youtube.com/watch?v=pKrA1EdZ5ew
"تماشای رایگان فیلم سینمایی ""بام بالا"" در کانال یوتیوب تلویکا #shorts #بام_بالا",https://www.youtube.com/watch?v=M6TdeN6mC84
تازه کجاشو دیدی !؟ - سریال شغال,https://www.youtube.com/watch?v=loM_wDCcOz0
کاویان، نمی‌ذاره این عروسی سر بگیره! #shorts  #شغال,https://www.youtube.com/watch?v=Wa224dm7ueM
سریال آرزوهای چپکی - تیزر قسمت 11 | Arezohaye Chapaki Series - Teaser Episode 11,https://www.youtube.com/watch?v=MDWN2l-yDAk
"تماشای رایگان فیلم سینمایی ""بخارست"" در کانال یوتیوب تلویکا #shorts #بخارست",https://www.youtube.com/watch?v=pFR6rZ2lemg
پژمان جمشیدی و امیرحسین آرمان در فیلم کمدی بخارست | Bokharest Movie,https://www.youtube.com/watch?v=mhfCpK_QaeA
سریال شغال - تیزر قسمت 5 | Shoghal Series - Teaser Episode 5,https://www.youtube.com/watch?v=TOUwMXBfp1Y
شادی خلیلی در سریال محکوم #shorts #محکوم,https://www.youtube.com/watch?v=OcQItjORKqo
موسیقی متن شکارگاه #shorts  #شکارگاه,https://www.youtube.com/watch?v=2hbKLqRJvBg
سریال ممیزی - فصل 5 - تیزر قسمت 2 | Serial Momayyezi - Season 5 - Teaser Episode 2,https://www.youtube.com/watch?v=O6D3-3LTlV0
یونس حران اف در سریال محکوم #shorts #محکوم,https://www.youtube.com/watch?v=Mw730uP2774
سریال لالایی - قسمت 2 | Lalaei Series - Episode 2,https://www.youtube.com/watch?v=yvYVKowcH9Q
عیسی، نمی‌دونه که داریم از اینجا می‌ریم #shorts #شکارگاه,https://www.youtube.com/watch?v=_uGVc-G1cg8
دلم برات تنگ شده بود - سریال شکارگاه,https://www.youtube.com/watch?v=6wnRtvhRoJQ
سریال شکارگاه - تیزر قسمت 9 | Shekargah Series - Teaser Episode 9,https://www.youtube.com/watch?v=Ii6GLqkQmKs
"تماشای رایگان قسمت سی و هفتم ""اکنون"" در کانال یوتیوب تلویکا #shorts  #اکنون",https://www.youtube.com/watch?v=qFCWBHLFhIo
سریال اکنون - قسمت 37 | Aknoon Series - Episode 37,https://www.youtube.com/watch?v=GLO4Y2MQAQY
اسماعیل محرابی در سریال محکوم #shorts #محکوم,https://www.youtube.com/watch?v=9kh3_yyeWAQ
بعد از نیم قرن، موقع ساخت قطعه، هنوز استرس می‌گیرم #shorts,https://www.youtube.com/watch?v=C6zfQ1k9R_o
از Black Cats تا Yanni - سریال اکنون,https://www.youtube.com/watch?v=UwUBoG2o6J4
سریال اکنون - تیزر قسمت 40 | Aknoon Series - Teaser Episode 40,https://www.youtube.com/watch?v=XcIm_gRfxdE
سریال زخم کاری انتقام - قسمت 13 | Zakhm Kari Entegham Series - Episode 13,https://www.youtube.com/watch?v=xFJqLFuNISM
مهران غفوریان در سریال محکوم #shorts #محکوم,https://www.youtube.com/watch?v=TDy_dvjJDNc
الهام کردا در سریال محکوم #shorts #محکوم,https://www.youtube.com/watch?v=Ou2daR7IuC4
کوروش تهامی در سریال محکوم #shorts #محکوم,https://www.youtube.com/watch?v=ZGTHLq2WgL4
سریال شام ایرانی 3 - فصل 8 - قسمت 4 (قسمت آخر) | Serial Shame Irani 3 - Season 8 - Episode 4,https://www.youtube.com/watch?v=qYoz_up5R5Y
تماشای رایگان شام ایرانی 3 فصل هشتم قسمت چهارم در کانال یوتیوب تلویکا #shorts #شام ایرانی,https://www.youtube.com/watch?v=2M9IwdlVMqc
تماشای رایگان قسمت هشتم آرزوهای چپکی در کانال یوتیوب تلویکا #shorts  #آرزوهای_چپکی,https://www.youtube.com/watch?v=qbmo23Lbz10
سریال آرزوهای چپکی - قسمت 8 | Arezohaye Chapaki Series - Episode 8,https://www.youtube.com/watch?v=tVpzli38fsU
فیلم سینمایی بازی را بکش - دومین تیزر | Bazi Ra Bokosh - Teaser,https://www.youtube.com/watch?v=M5OscsiFD1s
تماشای رایگان قسمت اول سریال شغال در کانال یوتیوب تلویکا #shorts  #شغال,https://www.youtube.com/watch?v=QWcryJp1X8U
سریال شبهای مافیا زودیاک - فصل 2 - قسمت 15(قسمت آخر) | Shabhaye Mafia Zodiac - Season 2 - Episode 15,https://www.youtube.com/watch?v=aUafQqv-7cQ
سریال شغال - قسمت 1 | Shoghal Series - Episode 1,https://www.youtube.com/watch?v=jSf1q2j0vFs
ولی داداش اسلحه داشت #shorts  #شغال,https://www.youtube.com/watch?v=jDMSjbli0Lo
تا تو نخواهی نمیگذرم - سریال شغال,https://www.youtube.com/watch?v=ITOKkGHCrrY
سریال شغال - تیزر قسمت 4 | Shoghal Series - Teaser Episode 4,https://www.youtube.com/watch?v=zX49RZdJgtU
محسن کیایی و هدی زین العابدین در فیلم جدید بازی را بکش | Bazi Ra Bokosh Movie,https://www.youtube.com/watch?v=4lK6BweGwZo
"تماشای رایگان فیلم سینمایی ""بازی را بکش"" در کانال یوتیوب تلویکا #shorts #بازی_را_بکش",https://www.youtube.com/watch?v=6jF3nH2GBNI
سریال ممیزی - فصل 5 - قسمت 1 | Serial Momayyezi - Season 5 - Episode 1,https://www.youtube.com/watch?v=NFm6Cw9LldA
سریال زخم کاری انتقام - قسمت 12 | Zakhm Kari Entegham Series - Episode 12,https://www.youtube.com/watch?v=Mtkp4gYnx7s
پژمان جمشیدی در سریال محکوم #shorts #محکوم,https://www.youtube.com/watch?v=TDeAilZQ89U
"تماشای رایگان قسمت سی و ششم ""اکنون"" در کانال یوتیوب تلویکا #shorts  #اکنون",https://www.youtube.com/watch?v=53eiYjYlqnY
"تماشای رایگان قسمت بیست و سوم سریال ""تاسیان"" در کانال تلویکا #shorts  #تاسیان",https://www.youtube.com/watch?v=4pO90ppBP_s
سریال شکارگاه - تیزر قسمت 8 | Shekargah Series - Teaser Episode 8,https://www.youtube.com/watch?v=RNu2p5RZutw
من که عذرخواهی کردم، تصدقت بشم #shorts #شکارگاه,https://www.youtube.com/watch?v=Gc-g1PZeNbo
از عمارت فرار کن... - سریال شکارگاه,https://www.youtube.com/watch?v=gkto6a-vac0
زودیاک 2 قسمت 14 رایگان شد #shorts #زودیاک,https://www.youtube.com/watch?v=WzCqO2WoOrs
تماشای رایگان شام ایرانی 3 فصل هشتم قسمت سوم در کانال یوتیوب تلویکا #shorts,https://www.youtube.com/watch?v=-DVMpUJz2Kg
سریال اکنون - قسمت 36 | Aknoon Series - Episode 36,https://www.youtube.com/watch?v=i0HqF_yQWVE
فیلم سینمایی بازی را بکش - اولین تیزر | Bazi Ra Bokosh - Teaser,https://www.youtube.com/watch?v=X3EZKR_6Tpw
ساره بیات در سریال محکوم #shorts #محکوم,https://www.youtube.com/watch?v=iUmjphEzFA4
همه تعریف‎‌ها درباره شعر #shorts #اکنون,https://www.youtube.com/watch?v=3mYTGxmvu24
نه اصراری به زندگی، نه اصراری به مرگ - سریال اکنون,https://www.youtube.com/watch?v=i3w2RtJcRIc
سریال اکنون - تیزر قسمت 39 | Aknoon Series - Teaser Episode 39,https://www.youtube.com/watch?v=x-WSShHzm_Y
سریال شبهای مافیا زودیاک - فصل 2 - قسمت 14 | Shabhaye Mafia Zodiac - Season 2 - Episode 14,https://www.youtube.com/watch?v=EgsezD8ckiw
سریال شام ایرانی 3 - فصل 8 - قسمت 3 | Serial Shame Irani 3 - Season 8 - Episode 3,https://www.youtube.com/watch?v=hVnflms3b40
تماشای رایگان قسمت هفتم آرزوهای چپکی در کانال یوتیوب تلویکا #shorts  #آرزوهای_چپکی,https://www.youtube.com/watch?v=6kJXz5xkt7s
سریال آرزوهای چپکی - قسمت 7 | Arezohaye Chapaki Series - Episode 7,https://www.youtube.com/watch?v=-wV6BGwq-Is
"اسممو انتخاب کردم! ""مت من"" #shorts #آرزوهای_چپکی",https://www.youtube.com/watch?v=pjvT72KcIy4
دیگه پاک نمی شه! - سریال آرزوهای چپکی,https://www.youtube.com/watch?v=q3VAnoesLiI
سریال شغال - تیزر قسمت 3 | Shoghal Series - Teaser Episode 3,https://www.youtube.com/watch?v=aqMhUkpCYII
باید پای کاری که کردی وایستی #shorts #شغال,https://www.youtube.com/watch?v=5r43Q-yHJbY
چرا بچه دار نمی شی؟ - سریال شغال,https://www.youtube.com/watch?v=muE1IaHVVW0
سریال آرزوهای چپکی - تیزر قسمت 10 | Arezohaye Chapaki Series - Teaser Episode 10,https://www.youtube.com/watch?v=JT_i2wVAZ8s
سریال تاسیان - قسمت 23 (قسمت آخر) | Tasiyan Series - Episode 23,https://www.youtube.com/watch?v=yeSzuYMPkog
جواد عزتی، سحر دولتشاهی و هادی حجازی‌فر در فیلم عاشقانه آتابای | Atabai Movie,https://www.youtube.com/watch?v=w6SfD6ZV96c
"تماشای رایگان فیلم سینمایی ""آتابای"" در کانال یوتیوب تلویکا #shorts #آتابای",https://www.youtube.com/watch?v=LKzKs2RlalM
سریال زخم کاری انتقام - قسمت 11 | Zakhm Kari Entegham Series - Episode 11,https://www.youtube.com/watch?v=mERBbt0qebM
TELEVIKA Membership | ممبرشیپ تلویکا,https://www.youtube.com/watch?v=idQpDdNsXUs
فیلم آتابای - معرفی جواد عزتی | Atabai Movie,https://www.youtube.com/watch?v=73JK_Cvhgc8
دیروز باید خالی می شد - سریال شکارگاه,https://www.youtube.com/watch?v=_tuYcSRVJhg
به سلامتی شما #shorts #شکارگاه,https://www.youtube.com/watch?v=SBEW4TwbaaQ
سریال شکارگاه - تیزر قسمت 7 | Shekargah Series - Teaser Episode 7,https://www.youtube.com/watch?v=ZrqyDaoXnQM
"تماشای رایگان قسمت سی و پنجم ""اکنون"" در کانال یوتیوب تلویکا #shorts",https://www.youtube.com/watch?v=SH9jxvVrouw
سریال اکنون - قسمت 35 | Aknoon Series - Episode 35,https://www.youtube.com/watch?v=XU1DHMxoEgw
فیلم آتابای - معرفی هادی حجازی فر | Atabai Movie,https://www.youtube.com/watch?v=QKB5yD15S20
تله‌ی انرژی #shorts #اکنون,https://www.youtube.com/watch?v=N2T74AwLBsQ
جانوری به اسم انسان!! - سریال اکنون,https://www.youtube.com/watch?v=nNGCpDJow9M
سریال اکنون - تیزر قسمت 38 | Aknoon Series - Teaser Episode 38,https://www.youtube.com/watch?v=_mSOlqWZIl0
قسمت اول فینال فینالیست‌های زودیاک رایگان در کانال یوتیوب تلویکا #shorts,https://www.youtube.com/watch?v=CF9azOF1e9M
سریال شبهای مافیا زودیاک - فصل 2 - قسمت 13 | Shabhaye Mafia Zodiac - Season 2 - Episode 13,https://www.youtube.com/watch?v=PVUnAD7YsdM
سریال محکوم به زودی از کانال تلویکا #shorts,https://www.youtube.com/watch?v=ecnpVxbKCvo
تماشای رایگان شام ایرانی 3 فصل هشتم قسمت دوم در کانال یوتیوب تلویکا #shorts,https://www.youtube.com/watch?v=n1KtCGvnyy8
سریال شام ایرانی 3 - فصل 8 - قسمت 2 | Serial Shame Irani 3 - Season 8 - Episode 2,https://www.youtube.com/watch?v=Y8waEeZkogI
یادمه یه روز مستو مستونه #shorts,https://www.youtube.com/watch?v=pE_ahtRHRwA
"تماشای رایگان قسمت سی و چهارم ""اکنون"" در کانال یوتیوب تلویکا #shorts",https://www.youtube.com/watch?v=oa5ywvBwDgU
سریال آرزوهای چپکی - قسمت 6 | Arezohaye Chapaki Series - Episode 6,https://www.youtube.com/watch?v=BSqfiPQjugA
"تماشای رایگان قسمت بیست و دوم سریال ""تاسیان"" در کانال تلویکا #shorts",https://www.youtube.com/watch?v=LfDwdI6Dnsc
تو و کامیار هیچ فرقی برای من ندارین #shorts,https://www.youtube.com/watch?v=Z1dlYlqhp7g
الو پلیس جان سلام خوبی - سریال آرزوهای چپکی,https://www.youtube.com/watch?v=pwZFFBcpt1E
به من شریف تهمت می‌زنی #shorts,https://www.youtube.com/watch?v=38hCQiIg3dc
سریال آرزوهای چپکی - تیزر قسمت 9 | Arezohaye Chapaki Series - Teaser Episode 9,https://www.youtube.com/watch?v=u2nYbzo7-S0
سریال تاسیان - قسمت 22 | Tasiyan Series - Episode 22,https://www.youtube.com/watch?v=1TQrHMrt6EU
تا من نگم جایی نمی‌ری - سریال شغال,https://www.youtube.com/watch?v=Vvq0Cv0jAr0
سریال شغال - تیزر قسمت 2 | Shoghal Series - Teaser Episode 2,https://www.youtube.com/watch?v=lHrLSsczge4
"تماشای رایگان فیلم سینمایی ""بی صدا حلزون"" در کانال یوتیوب تلویکا #shorts",https://www.youtube.com/watch?v=vslcxCFJlnE
محسن کیایی و هانیه توسلی در فیلم درام بی صدا حلزون | Bi Seda Halazoon Movie,https://www.youtube.com/watch?v=Rqea74QhJeg
سریال زخم کاری انتقام - قسمت 10 | Zakhm Kari Entegham Series - Episode 10,https://www.youtube.com/watch?v=kzPSHA3jFY4
چرا فرار می‌کنی #shorts,https://www.youtube.com/watch?v=G7L5Mq9Z3Gw
داداشم عاشق یکی دیگه‌ست - سریال شکارگاه,https://www.youtube.com/watch?v=QoCOphLDw7k
سریال شکارگاه - تیزر قسمت 6 | Shekargah Series - Teaser Episode 6,https://www.youtube.com/watch?v=TwF_sbRgRJg
سریال اکنون - قسمت 34 | Aknoon Series - Episode 34,https://www.youtube.com/watch?v=5tDHn0K3hIE
سریال اکنون - تیزر قسمت 37 | Aknoon Series - Teaser Episode 37,https://www.youtube.com/watch?v=KcXX8rTz9qM
ستاره های خاموش - سریال اکنون,https://www.youtube.com/watch?v=gfeWP675ph0
"قصه‌ی عمه ""الیزابت"" #shorts",https://www.youtube.com/watch?v=pwLMVrHGF_A
سریال شبهای مافیا زودیاک - فصل 2 - قسمت 12 | Shabhaye Mafia Zodiac - Season 2 - Episode 12,https://www.youtube.com/watch?v=A8HGt7Tx89I
مجموعه مستند اکنون - قمار بازی - قسمت 5 | Aknoon Documentary - Episode 5,https://www.youtube.com/watch?v=vO1XeHLdgtg
تماشای رایگان شام ایرانی 3 فصل هشتم قسمت اول در کانال یوتیوب تلویکا #shorts,https://www.youtube.com/watch?v=o1uDSkZJmAo
"تماشای رایگان قسمت سی و سوم ""اکنون"" در کانال یوتیوب تلویکا #shorts",https://www.youtube.com/watch?v=2lyA57hO9kM
سریال شام ایرانی 3 - فصل 8 - قسمت 1 | Serial Shame Irani 3 - Season 8 - Episode 1,https://www.youtube.com/watch?v=vxwamjG_x3g
تماشای رایگان قسمت پنجم آرزوهای چپکی در کانال یوتیوب تلویکا #shorts,https://www.youtube.com/watch?v=n2FucMF61lU
خانوم امیرجلالی #shorts,https://www.youtube.com/watch?v=g6ndlMf3qLk
آقایون بیاید گوشت بکوبید - سریال شام ایرانی 3 - فصل 8,https://www.youtube.com/watch?v=32PhokKxAqQ
سریال شام ایرانی 3 - فصل 8 - تیزر قسمت 4 | Serial Shame Irani 3 - Season 8 - Teaser Episode 4,https://www.youtube.com/watch?v=cU3TPaeODYo
سریال آرزوهای چپکی - قسمت 5 | Arezohaye Chapaki Series - Episode 5,https://www.youtube.com/watch?v=zyXTAHQyMCo
"تماشای رایگان قسمت بیست و یکم سریال ""تاسیان"" در کانال تلویکا #shorts",https://www.youtube.com/watch?v=EqtHFISik8U
فقط دست‌هام پاک‌ کنه #shorts,https://www.youtube.com/watch?v=_9PItn5a8J4
وقتی دیدمت همه چی پرید - سریال آرزوهای چپکی,https://www.youtube.com/watch?v=johGtX1jag4
سریال آرزوهای چپکی - تیزر قسمت 8 | Arezohaye Chapaki Series - Teaser Episode 8,https://www.youtube.com/watch?v=7i_RBCZBBFw
سریال تاسیان - قسمت 21 | Tasiyan Series - Episode 21,https://www.youtube.com/watch?v=nhh_Ebm25CU
کی این بلا رو سرت آورده آوا؟ - سریال شغال,https://www.youtube.com/watch?v=wl02APAztPQ
بگو، بیخیال زمین ها بشه! #shorts,https://www.youtube.com/watch?v=tIRn54UHJ-w
سریال زخم کاری انتقام - قسمت 9 | Zakhm Kari Entegham Series - Episode 9,https://www.youtube.com/watch?v=-dpebqHG5zE
سریال شغال - تیزر قسمت 1 | Shoghal Series - Teaser Episode 1,https://www.youtube.com/watch?v=rUkhU35Nt6s
سریال شبهای مافیا زودیاک - فصل 2 - قسمت 11 | Shabhaye Mafia Zodiac - Season 2 - Episode 11,https://www.youtube.com/watch?v=IS2nl8lMmpY
مجموعه مستند اکنون - باد زار - قسمت 4 | Aknoon Documentary - Episode 4,https://www.youtube.com/watch?v=1NFigtyKMRQ
من مفتش نظمیه ام! - سریال شکارگاه,https://www.youtube.com/watch?v=vQUQiDIRAs4
این عمارت واقعا نفرین شده است #shorts,https://www.youtube.com/watch?v=i6S2zamwh2s
سریال شکارگاه - تیزر قسمت 5 | Shekargah Series - Teaser Episode 5,https://www.youtube.com/watch?v=sxHgE4ltUfU
سریال اکنون - قسمت 33 | Aknoon Series - Episode 33,https://www.youtube.com/watch?v=Fa6ZF_HQ-vs
سریال شبهای مافیا زودیاک - فصل 1 - قسمت 5 | Shabhaye Mafia Zodiac - Season 1 - Episode 5,https://www.youtube.com/watch?v=f692PDKQT1k
کابوس سیمین - سریال شکارگاه,https://www.youtube.com/watch?v=pHU8XWqbenQ
چرا همیشه مثبت‌اید؟ - سریال اکنون,https://www.youtube.com/watch?v=Xf4VO1ROKqQ
سریال اکنون - تیزر قسمت 36 | Aknoon Series - Teaser Episode 36,https://www.youtube.com/watch?v=tmroUIF-PG4
سریال تاسیان - قسمت 20 | Tasiyan Series - Episode 20,https://www.youtube.com/watch?v=NThwcHd5xI0
خیلی تن به کار می‌دادم #shorts,https://www.youtube.com/watch?v=WJmAKvTSbvs
سریال زخم کاری انتقام - قسمت 8 | Zakhm Kari Entegham Series - Episode 8,https://www.youtube.com/watch?v=J55RqFWy1Ak
سریال شام ایرانی 3 - فصل 8 - تیزر قسمت 3 | Serial Shame Irani 3 - Season 8 - Teaser Episode 3,https://www.youtube.com/watch?v=PY1-j-EXN0I
"تماشای رایگان فیلم سینمایی ""تصور"" در کانال یوتیوب تلویکا #shorts",https://www.youtube.com/watch?v=T6wJyXl1-n0
معرفی نورا محقق در سریال شغال #shorts,https://www.youtube.com/watch?v=JhbRsZKWvFE
سریال شغال - تیزر | Shoghal Series - Teaser,https://www.youtube.com/watch?v=MQQ--bIVxN0
ببین مریم چه کرده!! - سریال شام ایرانی 3 - فصل 8,https://www.youtube.com/watch?v=zKDaWH9LeW0
شانس آوردیم میخواستن دِرو کنن مارو #shorts,https://www.youtube.com/watch?v=9RBqXT1eRDM
سریال شبهای مافیا زودیاک - فصل 2 - قسمت 10 | Shabhaye Mafia Zodiac - Season 2 - Episode 10,https://www.youtube.com/watch?v=sajM2ojX-N4
معرفی امیرحسین فتحی در سریال شغال #shorts,https://www.youtube.com/watch?v=6aKiXVJ0VHM
"تماشای رایگان قسمت بیستم سریال ""تاسیان"" در کانال تلویکا #shorts",https://www.youtube.com/watch?v=O9c1jkcCGsI
معرفی کامبیز دیرباز در سریال شغال #shorts,https://www.youtube.com/watch?v=X7XyWDEPg7g
سریال آرزوهای چپکی - تیزر قسمت 7 | Arezohaye Chapaki Series - Teaser Episode 7,https://www.youtube.com/watch?v=S_R67Tg9TGQ
طوفان به دام افتاده - سریال آرزوهای چپکی,https://www.youtube.com/watch?v=f4hMRUGzETk
از جانب من ببوس رویش #shorts,https://www.youtube.com/watch?v=u1stgw2Zow0
دو دقیقه بیا مردونه حرف بزنیم - سریال تاسیان,https://www.youtube.com/watch?v=zPZF5TWugVA
قسمت آخر سریال تاسیان #shorts,https://www.youtube.com/watch?v=LLZCQMg12I8
سریال تاسیان - تیزر قسمت 23 | Tasiyan Series - Teaser Episode 23,https://www.youtube.com/watch?v=Xw6PM1XVTWE
1 روز مانده به قسمت پایانی سریال تاسیان #shorts,https://www.youtube.com/watch?v=frW-t1fsut4
سریال زخم کاری انتقام - قسمت 7 | Zakhm Kari Entegham Series - Episode 7,https://www.youtube.com/watch?v=HHTwOGb2Tm8
مجموعه مستند اکنون - سفر به نپال - قسمت 3 | Aknoon Documentary - Episode 3,https://www.youtube.com/watch?v=z8QU3-aVvGM
سریال شبهای مافیا زودیاک - فصل 2 - قسمت 9 | Shabhaye Mafia Zodiac - Season 2 - Episode 9,https://www.youtube.com/watch?v=QbpcoELDrsc
2 روز مانده به قسمت پایانی سریال تاسیان #shorts,https://www.youtube.com/watch?v=_Xcqk4xkc8Q
شاید قسمت نبوده این وصلت سر بگیره... #shorts,https://www.youtube.com/watch?v=4DNPlUUUehI
من عاشقتم پری - سریال شکارگاه,https://www.youtube.com/watch?v=ZMyjs9GzXIU
سریال شکارگاه - تیزر قسمت 4 | Shekargah Series - Teaser Episode 4,https://www.youtube.com/watch?v=Ab2yiu64J-8
سریال اکنون - قسمت 32 | Aknoon Series - Episode 32,https://www.youtube.com/watch?v=n1xJGOewcns
معرفی شبنم مقدمی در سریال شغال #shorts,https://www.youtube.com/watch?v=u7H0ogFAKNE
سریال اکنون - تیزر قسمت 35 | Aknoon Series - Teaser Episode 35,https://www.youtube.com/watch?v=eLOFPnrtdDY
دیوارهای مصنوعی مسموممان کرده - سریال اکنون,https://www.youtube.com/watch?v=WJVK84wHmVk
هدایت نمی‌خوان، حمایت می‌خوان #shorts,https://www.youtube.com/watch?v=Yr4-DSIt3LI
سریال شام ایرانی 3 - فصل 6 - قسمت 4 | Serial Shame Irani 3 - Season 6 - Episode 4,https://www.youtube.com/watch?v=ZnkElZAlomI
تماشای رایگان شام ایرانی 3 فصل ششم قسمت چهارم در کانال یوتیوب تلویکا #shorts,https://www.youtube.com/watch?v=GX4iXr5NCJI
معرفی مهدی سلطانی در سریال شغال #shorts,https://www.youtube.com/watch?v=5ybVLJUXb0c
سریال شام ایرانی 3 - فصل 7 - قسمت 4 | Serial Shame Irani 3 - Season 7 - Episode 4,https://www.youtube.com/watch?v=wXxOmklt2PQ
تماشای رایگان شام ایرانی 3 فصل هفتم قسمت چهارم در کانال یوتیوب تلویکا #shorts,https://www.youtube.com/watch?v=JfO3xAng3tA
یه دقیقه قبل از غذا یوگا کنیم؟ #shorts,https://www.youtube.com/watch?v=QpCPBswMtpY
شف بین المللی با دو برنج متفاوت - سریال شام ایرانی 3 - فصل 8,https://www.youtube.com/watch?v=EJ2KrupUnwc
سریال شام ایرانی 3 - فصل 8 - تیزر قسمت 2 | Serial Shame Irani 3 - Season 8 - Teaser Episode 2,https://www.youtube.com/watch?v=iJGyylABrds
سریال آرزوهای چپکی - قسمت 4 | Arezohaye Chapaki Series - Episode 4,https://www.youtube.com/watch?v=EnXAur13nwg
سریال اکنون - تیزر قسمت 30 | Aknoon Series - Teaser Episode 30,https://www.youtube.com/watch?v=jxybSEgCWqs
ماساژ مَکشی شروع شد بابا - سریال آرزوهای چپکی,https://www.youtube.com/watch?v=KoUIc2jSc64
سریال آرزوهای چپکی - تیزر قسمت 6 | Arezohaye Chapaki Series - Teaser Episode 6,https://www.youtube.com/watch?v=seudT6iDTrg
اگر بخوای خاتون قلبم بشی... #shorts,https://www.youtube.com/watch?v=YdP6wiSnypY
سریال تاسیان - تیزر قسمت 22 | Tasiyan Series - Teaser Episode 22,https://www.youtube.com/watch?v=JJ87PyD7_CE
سریال تاسیان - قسمت 19 | Tasiyan Series - Episode 19,https://www.youtube.com/watch?v=r8LN2x7S6uk
"تماشای رایگان قسمت نوزدهم سریال ""تاسیان"" در کانال تلویکا #shorts",https://www.youtube.com/watch?v=ug5C3gBIB6I
تو آدم کشتی؟؟ #shorts,https://www.youtube.com/watch?v=RzRsZeKpjSg
منو میخوان بفرستن خارج! - سریال تاسیان,https://www.youtube.com/watch?v=Fd5bUE4RCPs
تماشای رایگان قسمت ششم از فصل 7 «جوکر2» در کانال یوتیوب تلویکا #shorts,https://www.youtube.com/watch?v=lTINhNTgXB4
سریال صداتو - فصل 3 - قسمت 15 (قسمت آخر) | Sedato Series - Season 3 - Episode 15,https://www.youtube.com/watch?v=Q0TphQFwkXU
تماشای رایگان قسمت آخر صداتو 3 در کانال یوتیوب تلویکا #shorts,https://www.youtube.com/watch?v=1dpgXl_QQco
سریال جوکر 2 - فصل 7 - قسمت 6 | Joker 2 - Season 7 - Episode 6,https://www.youtube.com/watch?v=PI0eiCyP8js
سهراب پورناظری موسیقی سریال «هزار و یک شب» را می‌سازد#shorts,https://www.youtube.com/watch?v=M9Lf1KQCXsM
فیلم سینمایی صبحانه با زرافه ها - تیزر رسمی | Sobhaneh Ba Zarafeha - Teaser,https://www.youtube.com/watch?v=IOhhlAsmtsE
سریال شکارگاه - معرفی نیک آفرید سماواتی | Shekargah Series,https://www.youtube.com/watch?v=1MCDQRyHqVY
تماشای رایگان شام ایرانی 3 فصل هفتم قسمت سوم در کانال یوتیوب تلویکا #shorts,https://www.youtube.com/watch?v=N-NTfybkrgg
تماشای رایگان قسمت چهاردهم صداتو 3 در کانال یوتیوب تلویکا #shorts,https://www.youtube.com/watch?v=D0ZMt8JoiaE
تماشای رایگان قسمت دوم آرزوهای چپکی در کانال یوتیوب تلویکا #shorts,https://www.youtube.com/watch?v=5_CpLdnC76k
تماشای رایگان قسمت اول آرزوهای چپکی در کانال یوتیوب تلویکا #shorts,https://www.youtube.com/watch?v=EZPzmqZq5v0
این کی بود اومد تو زیرزمین #shorts,https://www.youtube.com/watch?v=65gQUYUR3Qo
مرهم زخمت پیش منه - سریال شکارگاه,https://www.youtube.com/watch?v=52WNbkeuom0
سریال اکنون - تیزر قسمت 34 | Aknoon Series - Teaser Episode 34,https://www.youtube.com/watch?v=e5sGGLBxlc8
سریال اکنون - قسمت 31 | Aknoon Series - Episode 31,https://www.youtube.com/watch?v=WUQxHDcIVwk
"تماشای رایگان قسمت سی و یکم ""اکنون"" در کانال یوتیوب تلویکا #shorts",https://www.youtube.com/watch?v=-vjJpG6uN8U
سریال شکارگاه - تیزر قسمت 3 | Shekargah Series - Teaser Episode 3,https://www.youtube.com/watch?v=MwzfXXoacBk
هوتن شکیبا و بهرام رادان در فیلم کمدی صبحانه با زرافه ها | Sobhaneh Ba Zarafeha Movie,https://www.youtube.com/watch?v=IStHDj31LBI
"تماشای رایگان فیلم سینمایی ""صبحانه با زرافه ‌ها"" در کانال یوتیوب تلویکا #shorts",https://www.youtube.com/watch?v=9Q6Y1l6ldd8
تماشای رایگان شام ایرانی 3 فصل پنجم قسمت چهارم در کانال یوتیوب تلویکا #shorts,https://www.youtube.com/watch?v=88WU1ZLRKlg
تماشای رایگان شام ایرانی 3 فصل پنجم قسمت سوم در کانال یوتیوب تلویکا #shorts,https://www.youtube.com/watch?v=KnwRbzsaJH8
تماشای رایگان قسمت سیزدهم صداتو 3 در کانال یوتیوب تلویکا #shorts,https://www.youtube.com/watch?v=BFxMaX4nJbo
تماشای رایگان قسمت دوازدهم صداتو 3 در کانال یوتیوب تلویکا #shorts,https://www.youtube.com/watch?v=dxaARwM35b8
خیلی کار داریم #shorts,https://www.youtube.com/watch?v=d8bnoYQlODM
زندگی پس از جنگ و بحران - سریال اکنون,https://www.youtube.com/watch?v=uujm3ukhaO8
سریال شغال - رونمایی از لوگو | Shoghal Series - Teaser,https://www.youtube.com/watch?v=_Z6TSKGsnko
سریال شام ایرانی 3 - فصل 6 - قسمت 3 | Serial Shame Irani 3 - Season 6 - Episode 3,https://www.youtube.com/watch?v=F7IfN8suEbA
تماشای رایگان شام ایرانی 3 فصل پنجم قسمت دوم در کانال یوتیوب تلویکا #shorts,https://www.youtube.com/watch?v=cEy8NrfLCmM
تماشای رایگان شام ایرانی 3 فصل پنجم قسمت اول در کانال یوتیوب تلویکا #shorts,https://www.youtube.com/watch?v=J8KslRUAZTM
اومدیم مهمونی خولی #shorts,https://www.youtube.com/watch?v=-a0B52jRIjc
ریسک پخت سه گانه - سریال شام ایرانی 3 - فصل 8,https://www.youtube.com/watch?v=7kuvZcQcaTc
سریال شام ایرانی 3 - فصل 7 - قسمت 3 | Serial Shame Irani 3 - Season 7 - Episode 3,https://www.youtube.com/watch?v=UbMBP_3nHPo
تماشای رایگان شام ایرانی 3 فصل چهارم قسمت چهارم در کانال یوتیوب تلویکا #shorts,https://www.youtube.com/watch?v=2-zKXNFvON8
فیلم صبحانه با زرافه ‌ها به‌زودی رایگان در کانال یوتیوب تلویکا #shorts,https://www.youtube.com/watch?v=RTMi9IgQhRg
تماشای رایگان شام ایرانی 3 فصل چهارم قسمت سوم در کانال یوتیوب تلویکا #shorts,https://www.youtube.com/watch?v=KN_zgoXuxs0
سریال شام ایرانی 3 - فصل 8 - تیزر قسمت 1 | Serial Shame Irani 3 - Season 8 - Teaser Episode 1,https://www.youtube.com/watch?v=lHLW6N5WmO4
سریال آرزوهای چپکی - قسمت 3 | Arezohaye Chapaki Series - Episode 3,https://www.youtube.com/watch?v=QkQYQ1iE7SQ
تماشای رایگان شام ایرانی 3 فصل چهارم قسمت دوم در کانال یوتیوب تلویکا #shorts,https://www.youtube.com/watch?v=4jdaN17CItk
تماشای رایگان شام ایرانی 3 فصل چهارم قسمت اول در کانال یوتیوب تلویکا #shorts,https://www.youtube.com/watch?v=wdr4YPurgnc
فیلم سینمایی صبحانه با زرافه ها - تیزر | Sobhaneh Ba Zarafeha - Teaser,https://www.youtube.com/watch?v=RQ5c5NwRNQM
سریال شکارگاه - تیزر قسمت 2 | Shekargah Series - Teaser Episode 2,https://www.youtube.com/watch?v=CcUNfzkbe9g
چقدر از این بدم میاد - سریال آرزوهای چپکی,https://www.youtube.com/watch?v=tF9-2aZS_RI
با صدای من دستا بالا #shorts,https://www.youtube.com/watch?v=ZOO3ISPy6Rk
سریال آرزوهای چپکی - تیزر قسمت 5 | Arezohaye Chapaki Series - Teaser Episode 5,https://www.youtube.com/watch?v=Lq5NFwSeO2s
بهرام افشاری و هوتن شکیبا در فیلم کمدی هفتاد سی | Haftad Si Movie,https://www.youtube.com/watch?v=zycabH8AQwM
"تماشای رایگان فیلم سینمایی ""هفتاد سی"" در کانال یوتیوب تلویکا #shorts",https://www.youtube.com/watch?v=MGOI5v-Olvs
اسلحتونو بندازین زمین، می‌زنمتون! - سریال تاسیان,https://www.youtube.com/watch?v=Ip4wAC5rJsA
ساواک ریخته تو خونتون #shorts,https://www.youtube.com/watch?v=yDaeive3AbE
سریال تاسیان - تیزر قسمت 21 | Tasiyan Series - Teaser Episode 21,https://www.youtube.com/watch?v=k0ks58TwZ1s
سریال شام ایرانی 3 - فصل 6 - قسمت 2 | Serial Shame Irani 3 - Season 6 - Episode 2,https://www.youtube.com/watch?v=uV2_ggoYCXI
"تماشای رایگان قسمت بیست و نهم ""اکنون"" در کانال یوتیوب تلویکا #shorts",https://www.youtube.com/watch?v=8IxxnhbE_nU
"تماشای رایگان قسمت هجدهم سریال ""تاسیان"" در کانال تلویکا #shorts",https://www.youtube.com/watch?v=eTfpNGuJzhk
تماشای رایگان جوکر خانوادگی در کانال یوتیوب تلویکا #shorts,https://www.youtube.com/watch?v=Tz_FZxd89tM
سریال صداتو - فصل 3 - تیزر قسمت 15 | Sedato Series - Season 3 - Teaser Episode 15,https://www.youtube.com/watch?v=WnOrvtHe1wk
سریال شام ایرانی 3 - فصل 6 - قسمت 1 | Serial Shame Irani 3 - Season 6 - Episode 1,https://www.youtube.com/watch?v=Cy-rvYZ0skE
"تماشای رایگان قسمت بیست و هشتم ""اکنون"" در کانال یوتیوب تلویکا #shorts",https://www.youtube.com/watch?v=o6XdKTy9baw
تماشای رایگان جوکر خانوادگی در کانال یوتیوب تلویکا #shorts,https://www.youtube.com/watch?v=6uVuI8j6AWM
"تماشای رایگان قسمت هفدهم سریال ""تاسیان"" در کانال تلویکا #shorts",https://www.youtube.com/watch?v=xUQpb2v8EaY
به جرم سرقت، محکوم به اعدامی #shorts,https://www.youtube.com/watch?v=XgeU0MmAF2w
اومدم حقمو بگیرم - سریال شکارگاه,https://www.youtube.com/watch?v=aVOofP55Nis
سریال اکنون - قسمت 30 | Aknoon Series - Episode 30,https://www.youtube.com/watch?v=EoAI1vV0zPc
"تماشای رایگان قسمت سی ام ""اکنون"" در کانال یوتیوب تلویکا #shorts",https://www.youtube.com/watch?v=HzFWl_36cVA
"تماشای رایگان قسمت شانزدهم سریال ""تاسیان"" در کانال تلویکا #shorts",https://www.youtube.com/watch?v=UJg6v6Bzhg4
هفتاد سی به‌زودی رایگان در کانال یوتیوب تلویکا #shorts,https://www.youtube.com/watch?v=mtK9jxl27Vg
"تماشای رایگان قسمت بیست و هفتم ""اکنون"" در کانال یوتیوب تلویکا #shorts",https://www.youtube.com/watch?v=_9J_KxgpgB8
سریال اکنون - تیزر قسمت 33 | Aknoon Series - Teaser Episode 33,https://www.youtube.com/watch?v=vCm1qZEXAlw
فیلم سینمایی هفتاد سی - تیزر | Haftad Si - Teaser,https://www.youtube.com/watch?v=QnGYHvYzaVs
گفت بریز بخوریم ... #shorts,https://www.youtube.com/watch?v=BtVMNt-b6B4
تدریس از سن 17 سالگی - سریال اکنون,https://www.youtube.com/watch?v=fczZmdBfFSk
تماشای رایگان شام ایرانی 3 فصل هفتم قسمت دوم در کانال یوتیوب تلویکا #shorts,https://www.youtube.com/watch?v=zDZHh__HXfo
تماشای رایگان قسمت سوم از فصل 7 «جوکر2» در کانال یوتیوب تلویکا #shorts,https://www.youtube.com/watch?v=LdcLps2v9FE
سریال صداتو - فصل 3 - قسمت 14 | Sedato Series - Season 3 - Episode 14,https://www.youtube.com/watch?v=uY5jrRzhyEY
"تماشای رایگان قسمت پانزدهم سریال ""تاسیان"" در کانال تلویکا #shorts",https://www.youtube.com/watch?v=iS0bmJhY2xU
تماشای رایگان شام ایرانی 3 فصل هفتم قسمت اول در کانال یوتیوب تلویکا #shorts,https://www.youtube.com/watch?v=RqkKe4Eqq10
سریال تاسیان - تیزر قسمت 20 | Tasiyan Series - Teaser Episode 20,https://www.youtube.com/watch?v=O9BlczRyqGQ
سریال شام ایرانی 3 - فصل 7 - قسمت 2 | Serial Shame Irani 3 - Season 7 - Episode 2,https://www.youtube.com/watch?v=_6_V-zk7Gxc
سریال آرزوهای چپکی - قسمت 2 | Arezohaye Chapaki Series - Episode 2,https://www.youtube.com/watch?v=MeDvl33CWe4
سریال تاسیان - قسمت 18 | Tasiyan Series - Episode 18,https://www.youtube.com/watch?v=gm_Ydy9kDYw
اوضاع اصلا نرمال نیست... - سریال تاسیان,https://www.youtube.com/watch?v=ZsWMJjgMVv8
اگر مزاحم ام بیام داخل؟ #shorts,https://www.youtube.com/watch?v=kPkgMeYi54k
"تماشای رایگان فیلم سینمایی ""فصل ماهی سفید"" در کانال یوتیوب تلویکا #shorts",https://www.youtube.com/watch?v=duMSDsNfeJQ
محمدرضا فروتن و لادن مستوفی در فیلم سینمایی فصل ماهی سفید | Fasle Mahi Sefid Movie,https://www.youtube.com/watch?v=RkxFGtrjEg0
داشت میگفت که آی لاو یو #shorts,https://www.youtube.com/watch?v=ICHHNxDB2eA
قسمت پایانی صداتو 3 - سریال صداتو - فصل 3,https://www.youtube.com/watch?v=GgdB5BnLqTg
شما دیگه نخندید آقای علیخانی #shorts,https://www.youtube.com/watch?v=3d0NJ7hV9Gw
خودتو برام جوجو کن - سریال جوکر 2 - فصل 7,https://www.youtube.com/watch?v=O8nLbwBEQsM
سریال جوکر 2 - فصل 7 - قسمت 5 | Joker 2 - Season 7 - Episode 5,https://www.youtube.com/watch?v=uBxpG-I7j5E
سریال اکنون - تیزر قسمت 31 | Aknoon Series - Teaser Episode 31,https://www.youtube.com/watch?v=t-KyUgC91DM
قسمت اول سریال شکارگاه در تلویکا #shorts,https://www.youtube.com/watch?v=OUs6c6ehT9M
ماموریت سلطنتی شروع شد - سریال شکارگاه,https://www.youtube.com/watch?v=-ndP719YwZw
سریال شکارگاه - تیزر قسمت 1 | Shekargah Series - Teaser Episode 1,https://www.youtube.com/watch?v=4ZmuJf8tD4s
هم اکنون سریال شکارگاه #shorts,https://www.youtube.com/watch?v=7p8HcFgYZB4
کارامل از کجا میاد #shorts,https://www.youtube.com/watch?v=mdSgvXmeHWc
ترکیبات کوبیده با عمو سیروس - سریال شام ایرانی 3 - فصل 7,https://www.youtube.com/watch?v=bj7SII_k1gw
مأمور نیستم عاشقم #shorts,https://www.youtube.com/watch?v=3X0sk6XWKBY
سریال اکنون - قسمت 29 | Aknoon Series - Episode 29,https://www.youtube.com/watch?v=u5HtndfWqmI
سریال جوکر 2 - فصل 7 - قسمت 4 | Joker 2 - Season 7 - Episode 4,https://www.youtube.com/watch?v=MrpMEmwhMK8
سریال شام ایرانی 3 - فصل 7 - تیزر قسمت 4 | Serial Shame Irani 3 - Season 7 - Teaser Episode 4,https://www.youtube.com/watch?v=eKwQAt7RfD0
سریال شکارگاه - معرفی رضا فیاضی | Shekargah Series,https://www.youtube.com/watch?v=gvzKue2RHUA
سعدی، مترونومِ زبان فارسیه... #shorts,https://www.youtube.com/watch?v=PNk0GI8SqiU
کوو*ید 19 یه موهبت بود - سریال اکنون,https://www.youtube.com/watch?v=1OLIOFYTlo4
2 روز مانده به پخش سریال شکارگاه #shorts,https://www.youtube.com/watch?v=zyE61OBOs0E
سریال اکنون - تیزر قسمت 32 | Aknoon Series - Teaser Episode 32,https://www.youtube.com/watch?v=ZueUh4BZ7KE
سریال صداتو - فصل 3 - قسمت 13 | Sedato Series - Season 3 - Episode 13,https://www.youtube.com/watch?v=YDM5nZNqo0w
فیلم سینمایی فصل ماهی سفید - تیزر | Fasle Mahi Sefid - Teaser,https://www.youtube.com/watch?v=W18Z0wLSmVQ
فیلم سینمایی زودپز - تیزر | ZoodPaz - Teaser,https://www.youtube.com/watch?v=5D3k2ZwZ5UU
مغول ها ایران را ویران کردند - سریال اکنون,https://www.youtube.com/watch?v=6-0sGR880GI
از کودکی، کتب خارجی می‌خواندم #shorts,https://www.youtube.com/watch?v=OakbuHFz7Tc
"تماشای رایگان فیلم سینمایی ""زودپز"" در کانال یوتیوب تلویکا #shorts",https://www.youtube.com/watch?v=sDyKma8NHQk
سریال شکارگاه - دومین تیزر | Shekargah Series - Teaser,https://www.youtube.com/watch?v=f2ONhaGsjoo
روانشناسی تکاملی #shorts,https://www.youtube.com/watch?v=vyYuB9axVeE
دندان دایناسور... - سریال اکنون,https://www.youtube.com/watch?v=ZFQfJ6no5gA
سریال شام ایرانی 3 - فصل 5 - قسمت 4 | Serial Shame Irani 3 - Season 5 - Episode 4,https://www.youtube.com/watch?v=miOa2Zfahxk
انفجار مهیب سنگ سگ جون - سریال آرزوهای چپکی,https://www.youtube.com/watch?v=mY_bkk0yua4
عجب نگهبان با کمالاتی #shorts,https://www.youtube.com/watch?v=0dkR3yg319E
به ما حرکات موزون تدریس می‌کردن #shorts,https://www.youtube.com/watch?v=FTlKSF0I0K0
محسن تنابنده و نوید محمدزاده در فیلم کمدی زودپز | ZoodPaz Movie,https://www.youtube.com/watch?v=CrLdH-6Blss
سریال شام ایرانی 3 - فصل 5 - قسمت 3 | Serial Shame Irani 3 - Season 5 - Episode 3,https://www.youtube.com/watch?v=a1oSGH_8j2M
سریال شکارگاه - معرفی عرفان ابراهیمی | Shekargah Series,https://www.youtube.com/watch?v=52zsWIQKamk
سریال آرزوهای چپکی - تیزر قسمت 4 | Arezohaye Chapaki Series - Teaser Episode 4,https://www.youtube.com/watch?v=FZJOSG3rVUs
اول تو قطع کن #shorts,https://www.youtube.com/watch?v=5rg00pOJAwI
حق ندارید دروغ بگین! - سریال آرزوهای چپکی,https://www.youtube.com/watch?v=WmvhfgXbA0c
سریال تاسیان - قسمت 17 | Tasiyan Series - Episode 17,https://www.youtube.com/watch?v=Gl4DjI4yE5w
روز جداییمون می میرم - سریال تاسیان,https://www.youtube.com/watch?v=gQPYp0MVAT8
یا به من میگی دختر من کجاست یا اینکه #shorts,https://www.youtube.com/watch?v=oA8Tf569uWo
سریال صداتو - فصل 3 - قسمت 12 | Sedato Series - Season 3 - Episode 12,https://www.youtube.com/watch?v=Exdt-y2_HMk
سریال شام ایرانی 3 - فصل 5 - قسمت 2 | Serial Shame Irani 3 - Season 5 - Episode 2,https://www.youtube.com/watch?v=sd-AC1V3dr0
سریال شکارگاه - معرفی الهام نامی | Shekargah Series,https://www.youtube.com/watch?v=EwO8xgaLtqg
سریال اکنون - قسمت 28 | Aknoon Series - Episode 28,https://www.youtube.com/watch?v=n0BeCrvcZAM
سریال شام ایرانی 3 - فصل 5 - قسمت 1 | Serial Shame Irani 3 - Season 5 - Episode 1,https://www.youtube.com/watch?v=2JX1Gr8DpU8
سریال آرزوهای چپکی - قسمت 1 | Arezohaye Chapaki Series - Episode 1,https://www.youtube.com/watch?v=RzRQPrYCm3k
سریال شام ایرانی 3 - فصل 4 - قسمت 4 | Serial Shame Irani 3 - Season 4 - Episode 4,https://www.youtube.com/watch?v=pVtunbAPQOo
سریال شام ایرانی 3 - فصل 4 - قسمت 3 | Serial Shame Irani 3 - Season 4 - Episode 3,https://www.youtube.com/watch?v=ububoHPas3Y
سریال تاسیان - قسمت 16 | Tasiyan Series - Episode 16,https://www.youtube.com/watch?v=7tpKsAX01bg
سریال شام ایرانی 3 - فصل 4 - قسمت 2 | Serial Shame Irani 3 - Season 4 - Episode 2,https://www.youtube.com/watch?v=lXrHsxSpWWM
سریال جوکر 2 - فصل 7 - قسمت 3 | Joker 2 - Season 7 - Episode 3,https://www.youtube.com/watch?v=DASTZ1rTk7g
سریال اکنون - قسمت 27 | Aknoon Series - Episode 27,https://www.youtube.com/watch?v=wHTugQf_zzs
سریال شام ایرانی 3 - فصل 4 - قسمت 1 | Serial Shame Irani 3 - Season 4 - Episode 1,https://www.youtube.com/watch?v=xrrdpLVT00A
تا وقتی که این نفس بره و بیاد #shorts,https://www.youtube.com/watch?v=Amy4Ym9pYWc
اینجا رو ترک کن برو خونه ات - سریال آرزوهای چپکی,https://www.youtube.com/watch?v=BQOjDVFhtDM
سریال شام ایرانی 3 - فصل 7 - قسمت 1 | Serial Shame Irani 3 - Season 7 - Episode 1,https://www.youtube.com/watch?v=6qjQDWss66A
مادر بالاسر این بچه نبوده، فقط من بودم #shorts,https://www.youtube.com/watch?v=0D9TkBoFfYE
شما این رو تایید می کنی؟ - سریال تاسیان,https://www.youtube.com/watch?v=L2hFgQBHtAg
سریال شام ایرانی 3 - فصل 3 - قسمت 4 | Serial Shame Irani 3 - Season 3 - Episode 4,https://www.youtube.com/watch?v=y_6ZLU0fiMA
سریال تاسیان - قسمت 15 | Tasiyan Series - Episode 15,https://www.youtube.com/watch?v=_466XdrTTeQ
سریال ممیزی - فصل 4 - قسمت 24 | Serial Momayyezi - Season 4 - Episode 24,https://www.youtube.com/watch?v=Zp9Ajjp0ADY
تماشای رایگان قسمت بیست و چهارم فصل جدید «ممیزی» در کانال یوتیوب تلویکا #shorts,https://www.youtube.com/watch?v=pHI7hvhzT4o
سریال تاسیان - تیزر قسمت 18 | Tasiyan Series - Teaser Episode 18,https://www.youtube.com/watch?v=k5pSgi9PaUY
سریال شکارگاه - معرفی امیر نوروزی | Shekargah Series,https://www.youtube.com/watch?v=wLtiNjOR1-A
تماشای رایگان شام ایرانی 3 فصل سوم قسمت سوم در کانال یوتیوب تلویکا #shorts,https://www.youtube.com/watch?v=d86ngXM9xbI
سریال شام ایرانی 3 - فصل 3 - قسمت 3 | Serial Shame Irani 3 - Season 3 - Episode 3,https://www.youtube.com/watch?v=8YT462ua9jU
سریال شکارگاه - معرفی سوگل خلیق | Shekargah Series,https://www.youtube.com/watch?v=7vIurOfl6cs
سریال جوکر 2 - فصل 7 - قسمت 2 | Joker 2 - Season 7 - Episode 2,https://www.youtube.com/watch?v=Xq114dhppSw
تماشای رایگان قسمت دوم از فصل 7 «جوکر2» در کانال یوتیوب تلویکا #shorts,https://www.youtube.com/watch?v=M94E79KWBzA
نبض جست و روی سرخ و زرد شد #shorts,https://www.youtube.com/watch?v=xobNaQYhAeM
سریال جوکر 2 - فصل 7 - تیزر قسمت 5 | Joker 2 - Season 7 - Teaser Episode 5,https://www.youtube.com/watch?v=aQkDo4pjEqA
یاکریم واکنش هاش چیه #shorts,https://www.youtube.com/watch?v=5aYhWHFNmqo
خنگ و خنگ تر در جوکر خانوادگی - سریال جوکر 2 - فصل 7,https://www.youtube.com/watch?v=6ZQLKj9aL9o
سریال شکارگاه - معرفی مهدی حسینی نیا | Shekargah Series,https://www.youtube.com/watch?v=a2OtP_Xb_6M
سریال اکنون - قسمت 26 | Aknoon Series - Episode 26,https://www.youtube.com/watch?v=IiHgXtccGlg
می‌خواد بگه از همه ما بهتره #shorts,https://www.youtube.com/watch?v=p6cfDBbzpuo
سریال شام ایرانی 3 - فصل 3 - قسمت 2 | Serial Shame Irani 3 - Season 3 - Episode 2,https://www.youtube.com/watch?v=v4O_U7mlxFA
تماشای رایگان شام ایرانی 3 فصل سوم قسمت دوم در کانال یوتیوب تلویکا #shorts,https://www.youtube.com/watch?v=Y1jjoVr-awo
آقای شریفی‌نیا نشسته بود پشت پیانو، بلدم نبود #shorts,https://www.youtube.com/watch?v=JeDvkYqDsOU
زیبایی‌ت توی چشم‌هاته - سریال اکنون,https://www.youtube.com/watch?v=CMhaulF9zpA
سریال شکارگاه - معرفی الهام پاوه نژاد | Shekargah Series,https://www.youtube.com/watch?v=fftapj-B5Y0
سریال صداتو - فصل 3 - قسمت 11 | Sedato Series - Season 3 - Episode 11,https://www.youtube.com/watch?v=sSN_HDo6gOI
تماشای رایگان قسمت یازدهم صداتو 3 در کانال یوتیوب تلویکا #shorts,https://www.youtube.com/watch?v=rWGgQOItwsw
سریال صداتو - فصل 3 - تیزر قسمت 14 | Sedato Series - Season 3 - Teaser Episode 14,https://www.youtube.com/watch?v=mco8O7oXR8Q
سریال اکنون - تیزر قسمت 29 | Aknoon Series - Teaser Episode 29,https://www.youtube.com/watch?v=ViHHaySdxNY
کشتی رو راه بنداز ناخدا - سریال صداتو - فصل 3,https://www.youtube.com/watch?v=L1Gf3s5xrZo
بابام گفت #shorts,https://www.youtube.com/watch?v=Dk-4jT7prK0
سریال شام ایرانی 3 - فصل 7 - تیزر قسمت 3 | Shame Irani 3 - Season 7 - Teaser Episode 3,https://www.youtube.com/watch?v=3zXDY1SO__A
من اگر جای تو بودم، اين تاريخ رو فراموش نمی‌كردم #shorts,https://www.youtube.com/watch?v=SGidwaqyZfM
سریال شام ایرانی 3 - فصل 3 - قسمت 1 | Serial Shame Irani 3 - Season 3 - Episode 1,https://www.youtube.com/watch?v=pTjPjYGqHeQ
شام ایرانی 3 فصل 3 قسمت 1 رایگان شد #shorts,https://www.youtube.com/watch?v=u90soRBqkR0
جلوی خودت باز کنم؟ - سریال شام ایرانی 3 - فصل 7,https://www.youtube.com/watch?v=gcEIApx-xIE
می‌خوام خواهر سیندرلا رو بگیرم #shorts,https://www.youtube.com/watch?v=zn2q2NlwyMc
"تماشای رایگان قسمت بیست و پنجم ""اکنون"" در کانال یوتیوب تلویکا #shorts",https://www.youtube.com/watch?v=Dv6SFluVZYY
سریال شام ایرانی 3 - فصل 2 - قسمت 4 | Serial Shame Irani 3 - Season 2 - Episode 4,https://www.youtube.com/watch?v=ylSmMOe0_tE
سریال آرزوهای چپکی -  تیزر | Arezohaye Chapaki Series - Teaser,https://www.youtube.com/watch?v=Al_4E4Ys9eo
تماشای رایگان شام ایرانی 3 فصل دوم قسمت چهارم در کانال یوتیوب تلویکا #shorts,https://www.youtube.com/watch?v=I4hiyMAwL3A
"تماشای رایگان قسمت چهاردهم ""تاسیان"" در کانال یوتیوب تلویکا #shorts",https://www.youtube.com/watch?v=g-5KDzZvD_s
گفت و گو مهمه ... اما با کی؟ - سریال اکنون,https://www.youtube.com/watch?v=0XUrVwbgKWo
معنای رفاقت #shorts,https://www.youtube.com/watch?v=0L6lSvWFuCw
سریال آرزوهای چپکی - تیزر قسمت 1 | Arezohaye Chapaki Series - Teaser Episode 1,https://www.youtube.com/watch?v=r0HlDh2-6os
سریال ممیزی - فصل 4 - تیزر قسمت 24 | Serial Momayyezi - Season 4 - Teaser Episode 24,https://www.youtube.com/watch?v=OHDrGMrSBPs
سریال صداتو - فصل 3 - دومین تیزر قسمت 10 | Sedato Series - Season 3 - Teaser Episode 10,https://www.youtube.com/watch?v=cptt_se5z1Q
تماشای رایگان قسمت بیست و سوم فصل جدید «ممیزی» در کانال یوتیوب تلویکا #shorts,https://www.youtube.com/watch?v=-RnsHk2DZXI
تماشای رایگان قسمت اول از فصل 7 «جوکر2» در کانال یوتیوب تلویکا #shorts,https://www.youtube.com/watch?v=PuZ2MV2gN8c
تماشای رایگان قسمت دهم صداتو 3 در کانال یوتیوب تلویکا #shorts,https://www.youtube.com/watch?v=XPy2ZZjuPZk
من خوبم، تو خوبی؟ #shorts,https://www.youtube.com/watch?v=_cCqn5Mv20I
چه خبرتونه؟ هاان - سریال آرزوهای چپکی,https://www.youtube.com/watch?v=cQS5a9Gi3V0
سریال جوکر 2 - فصل 7 - تیزر قسمت 4 | Joker 2 - Season 7 - Teaser Episode 4,https://www.youtube.com/watch?v=bqDlmhneMGo
چیو از ته دلت میخواستی #shorts,https://www.youtube.com/watch?v=QQ1ukIO-ZDk
حالا چشماتو باز کن - سریال تاسیان,https://www.youtube.com/watch?v=JomWNpKVPZs
سریال تاسیان - قسمت 14 | Tasiyan Series - Episode 14,https://www.youtube.com/watch?v=AJGu58AK84Y
سریال تاسیان - تیزر قسمت 17 | Tasiyan Series - Teaser Episode 17,https://www.youtube.com/watch?v=SKicWGwvTX4
تقلب سنگین در جوکر خانوادگی - سریال جوکر 2 - فصل 7,https://www.youtube.com/watch?v=LqB4kyn2Bro
کشف قاتل با چت جی پی تی! #shorts,https://www.youtube.com/watch?v=ibZW1uKrqRM
سریال ممیزی - فصل 4 - قسمت 23 | Serial Momayyezi - Season 4 - Episode 23,https://www.youtube.com/watch?v=6Q2VMbhWwbs
سریال شام ایرانی 3 - فصل 2 - قسمت 3 | Serial Shame Irani 3 - Season 2 - Episode 3,https://www.youtube.com/watch?v=l69Zz5-2fPI
تماشای رایگان شام ایرانی 3 فصل دوم قسمت سوم در کانال یوتیوب تلویکا #shorts,https://www.youtube.com/watch?v=OhPweDS_X70
سریال جوکر 2 - فصل 7 - قسمت 1 | Joker 2 - Season 7 - Episode 1,https://www.youtube.com/watch?v=VdLswbbY61Q
سریال اکنون - قسمت 25 | Aknoon Series - Episode 25,https://www.youtube.com/watch?v=8R5RG1-Iaws
سریال شام ایرانی 3 - فصل 2 - قسمت 2 | Serial Shame Irani 3 - Season 2 - Episode 2,https://www.youtube.com/watch?v=E6z0jJUI7Gw
سریال اکنون - تیزر قسمت 28 | Aknoon Series - Teaser Episode 28,https://www.youtube.com/watch?v=kYApEaPBBXU
سریال صداتو - فصل 3 - قسمت 10 | Sedato Series - Season 3 - Episode 10,https://www.youtube.com/watch?v=afqV-WovNU4
سلام من به تو یار قدیمی #shorts,https://www.youtube.com/watch?v=HMcG7ZGAjgs
یه قسمت شاد پرهیجان دیگه - سریال صداتو - فصل 3,https://www.youtube.com/watch?v=nd99Dj8FdRE
تماشای رایگان شام ایرانی 3 فصل دوم قسمت اول در کانال یوتیوب تلویکا #shorts,https://www.youtube.com/watch?v=nWTYoF_6F1k
علی صبوری شبیه کارتن یخچاله #shorts,https://www.youtube.com/watch?v=KkrT9rvqg-E
بالاخره شهید شد - سریال شام ایرانی 3 - فصل 7,https://www.youtube.com/watch?v=sC8U8IRMi-I
سریال شام ایرانی 3 - فصل 2 - قسمت 1 | Serial Shame Irani 3 - Season 2 - Episode 1,https://www.youtube.com/watch?v=52rZi_MdJm8
سریال صداتو - فصل 3 - اولین تیزر قسمت 13 | Sedato Series - Season 3 - Teaser Episode 13,https://www.youtube.com/watch?v=jxgNLWH60f8
"تماشای رایگان فیلم سینمایی ""تگزاس 3"" در کانال یوتیوب تلویکا #shorts",https://www.youtube.com/watch?v=Zc5xocy9nXQ
پژمان جمشیدی و سام درخشانی در فیلم کمدی تگزاس 3 | Texas 3 Movie,https://www.youtube.com/watch?v=SmAaLt6IIk4
سریال سپنج - قسمت 38 | Sepanj Series - Episode 38,https://www.youtube.com/watch?v=1ottAIfBTGo
سریال شام ایرانی 3 فصل هفتم قسمت دوم #shorts,https://www.youtube.com/watch?v=6O_i4uoWigw
سریال شام ایرانی 3 - فصل 1 - قسمت 4 | Serial Shame Irani 3 - Season 1 - Episode 4,https://www.youtube.com/watch?v=lGmAMEWXVOw
تماشای رایگان شام ایرانی 3 فصل اول قسمت چهارم در کانال یوتیوب تلویکا #shorts,https://www.youtube.com/watch?v=G1oMlscC8PQ
جامعه ی خوب کجاست؟؟ - سریال سپنج,https://www.youtube.com/watch?v=RamaeN9iTi4
!قبل از تغییر جامعه خودمان را تغییر دهیم #shorts,https://www.youtube.com/watch?v=3sIpqphemVs
"تماشای رایگان قسمت سیزدهم سریال ""تاسیان"" در کانال تلویکا #shorts",https://www.youtube.com/watch?v=bs4NAGoP-BI
سریال تاسیان - تیزر قسمت 16 | Tasiyan Series - Teaser Episode 16,https://www.youtube.com/watch?v=qi7k_SkPjkI
دست از سرم بردارین! - سریال تاسیان,https://www.youtube.com/watch?v=eWOzijBeR34
مگه خانواده ما چی بودن؟ #shorts,https://www.youtube.com/watch?v=guknyi1AXd0
سریال تاسیان - قسمت 13 | Tasiyan Series - Episode 13,https://www.youtube.com/watch?v=B-Yh6hA6leU
تماشای رایگان قسمت بیست و دوم فصل جدید «ممیزی» در کانال یوتیوب تلویکا #shorts,https://www.youtube.com/watch?v=7BoxvZR0_SE
سریال ممیزی - فصل 4 - قسمت 22 | Serial Momayyezi - Season 4 - Episode 22,https://www.youtube.com/watch?v=CeEG-uvMVks
سریال شام ایرانی 3 - فصل 1 - قسمت 3 | Serial Shame Irani 3 - Season 1 - Episode 3,https://www.youtube.com/watch?v=-nAOw8JdxQs
سریال ممیزی - فصل 4 - تیزر قسمت 23 | Serial Momayyezi - Season 4 - Teaser Episode 23,https://www.youtube.com/watch?v=0RHTRbKjZ4o
تماشای رایگان قسمت ششم از فصل 6 «جوکر2» در کانال یوتیوب تلویکا #shorts,https://www.youtube.com/watch?v=QycDAdAbtwE
سریال جوکر 2 - فصل 6 - قسمت 6 | Joker 2 - Season 6 - Episode 6,https://www.youtube.com/watch?v=BUpwaXqUWYw
تماشای رایگان شام ایرانی 3 فصل اول قسمت سوم در کانال یوتیوب تلویکا #shorts,https://www.youtube.com/watch?v=cZwcJxm4OPI
از زندگی مشترکت با امین راضی ای؟ #shorts,https://www.youtube.com/watch?v=p7DZMTkLSFQ
عاشقانه های علی اوجی - سریال جوکر 2 - فصل 7,https://www.youtube.com/watch?v=dm9RdpPjIAc
تماشای رایگان قسمت پنجم از فصل 6 «جوکر2» در کانال یوتیوب تلویکا #shorts,https://www.youtube.com/watch?v=8KCwif5WY44
سریال اکنون - قسمت 24 | Aknoon Series - Episode 24,https://www.youtube.com/watch?v=ssvKmXCzxS0
"تماشای رایگان قسمت بیست و چهار ""اکنون"" در کانال یوتیوب تلویکا #shorts",https://www.youtube.com/watch?v=Qy7m6mcA2nE
سریال جوکر 2 - فصل 7 - تیزر قسمت 3 | Joker 2 - Season 7 - Teaser Episode 3,https://www.youtube.com/watch?v=0UXSVxfWvaA
تماشای رایگان قسمت نهم صداتو 3 در کانال یوتیوب تلویکا #shorts,https://www.youtube.com/watch?v=4alt1q1By8M
تماشای رایگان شام ایرانی 3 فصل اول قسمت دوم در کانال یوتیوب تلویکا #shorts,https://www.youtube.com/watch?v=nWib_gaDZDY
سریال شام ایرانی 3 - فصل 1 - قسمت 2 | Serial Shame Irani 3 - Season 1 - Episode 2,https://www.youtube.com/watch?v=KZ2qYIcZVk4
سریال صداتو - فصل 3 - دومین تیزر قسمت 12 | Sedato Series - Season 3 - Teaser Episode 12,https://www.youtube.com/watch?v=pWD8pr-2-74
تصمیم گرفتیم خبر نخوریم #shorts,https://www.youtube.com/watch?v=C-CR8koBr-M
سریال شکارگاه - اولین تیزر | Shekargah Series - Teaser,https://www.youtube.com/watch?v=5mYSYmT5YBI
فیلمی که وقف شد!! - سریال اکنون,https://www.youtube.com/watch?v=Sbv0vBTpPfk
سریال اکنون - تیزر قسمت 27 | Aknoon Series - Teaser Episode 27,https://www.youtube.com/watch?v=6W2PN_6SO_I
سریال صداتو - فصل 3 - قسمت 9 | Sedato Series - Season 3 - Episode 9,https://www.youtube.com/watch?v=BfTXLfA1cvg
سریال صداتو - فصل 3 - دومین تیزر قسمت 9 | Sedato Series - Season 3 - Teaser Episode 9,https://www.youtube.com/watch?v=SF7jcG_8n34
وقتی اتاق فکر عجیب می زنه - سریال صداتو - فصل 3,https://www.youtube.com/watch?v=1gJ8BL0TfR4
شعر زیبای هوشنگ ابتهاج #shorts,https://www.youtube.com/watch?v=Nl9832BBdZE
سریال شبهای مافیا زودیاک - فصل 2 - قسمت 8 | Shabhaye Mafia Zodiac - Season 2 - Episode 8,https://www.youtube.com/watch?v=Vf2h7Jt8lsw
مجموعه مستند اکنون - سفر به نپال - قسمت 2 | Aknoon Documentary - Episode 2,https://www.youtube.com/watch?v=08BhRuTlYJQ
سریال ممیزی - فصل 4 - تیزر قسمت 22 | Serial Momayyezi - Season 4 - Teaser Episode 22,https://www.youtube.com/watch?v=RpQCjTI1Lro
سریال صداتو - فصل 3 - اولین تیزر قسمت 12 | Sedato Series - Season 3 - Teaser Episode 12,https://www.youtube.com/watch?v=yUNyR4sIEYQ
سیاوش و سیروس باهم آشتی کردن #shorts,https://www.youtube.com/watch?v=S67ILDvsnfI
من رو به زور شوهر دادن!! - سریال شام ایرانی 3 - فصل 7,https://www.youtube.com/watch?v=FsqEC2vhikE
سریال زخم کاری انتقام - قسمت 6 | Zakhm Kari Entegham Series - Episode 6,https://www.youtube.com/watch?v=upEblZsMKds
سریال شام ایرانی 3 - فصل 7 - تیزر قسمت 1 | Shame Irani 3 - Season 7 - Teaser Episode 1,https://www.youtube.com/watch?v=Jm7TiO_f0Gc
با چه انگیزه ای ادامه می دید؟ - سریال سپنج,https://www.youtube.com/watch?v=HQLjujMPoLY
بهره مند بودن از موهبت های هستی #shorts,https://www.youtube.com/watch?v=XT9JXgX5Stg
سریال سپنج - قسمت 37 | Sepanj Series - Episode 37,https://www.youtube.com/watch?v=Bs6old4b0pI
تماشای رایگان قسمت دوازدهم سریال تاسیان در کانال تلویکا #shorts,https://www.youtube.com/watch?v=fWLS0ZY04CA
سریال تاسیان - قسمت 12 | Tasiyan Series - Episode 12,https://www.youtube.com/watch?v=LGXtESbkumE
یه گل کوچولو اون گوشه #shorts,https://www.youtube.com/watch?v=AXGXB2iI69w
حوری جان آقا کیه؟ - سریال تاسیان,https://www.youtube.com/watch?v=9LQXVtDanns
سریال تاسیان - تیزر قسمت 15 | Tasiyan Series - Teaser Episode 15,https://www.youtube.com/watch?v=uWoaFCJ7K2o
سریال ممیزی - فصل 4 - قسمت 21 | Serial Momayyezi - Season 4 - Episode 21,https://www.youtube.com/watch?v=ynTSN_83Ro4
تماشای رایگان قسمت بیست و یکم فصل جدید «ممیزی» در کانال یوتیوب تلویکا #shorts,https://www.youtube.com/watch?v=fleow-kizfs
"تماشای رایگان فیلم سینمایی ""عزیز"" در کانال یوتیوب تلویکا #shorts",https://www.youtube.com/watch?v=mpaMNL0pw_c
آزاده صمدی و روزبه حصاری در فیلم عاشقانه عزیز | Aziz Movie,https://www.youtube.com/watch?v=EigxVB-xkOY
سریال جوکر 2 - فصل 6 - قسمت 5 | Joker 2 - Season 6 - Episode 5,https://www.youtube.com/watch?v=gpHnbk7jNWg
سه تا مورچه می‌رن خفت گیری #shorts,https://www.youtube.com/watch?v=OEcDUbfj1tU
اکبر عبدی یا نیوشا خانم؟ - سریال جوکر 2 - فصل 7,https://www.youtube.com/watch?v=6WAFPd3tezY
سریال جوکر 2 - فصل 7 - تیزر قسمت 2 | Joker 2 - Season 7 - Teaser Episode 2,https://www.youtube.com/watch?v=M36R_iRQGHg
حرف های کلیشه ای - سریال اکنون,https://www.youtube.com/watch?v=O4wSp1pIe6M
سریال اکنون - قسمت 23 | Aknoon Series - Episode 23,https://www.youtube.com/watch?v=hw6Xn26_bDg
"تماشای رایگان قسمت بیست و سه ""اکنون"" در کانال یوتیوب تلویکا #shorts",https://www.youtube.com/watch?v=F_mF7Bynojs
سریال اکنون - تیزر قسمت 26 | Aknoon Series - Teaser Episode 26,https://www.youtube.com/watch?v=AjHsRObHVks
حتی ملانصرالدین هم راضی بود! #shorts,https://www.youtube.com/watch?v=oCNHE9EDPUs
تماشای رایگان قسمت هشتم صداتو 3 در کانال یوتیوب تلویکا #shorts,https://www.youtube.com/watch?v=P01QmyO2ttY
سریال صداتو - فصل 3 - قسمت 8 | Sedato Series - Season 3 - Episode 8,https://www.youtube.com/watch?v=A3_XU4uPD6c
همیشه من رو از سر خودت وا کردی مامان… #shorts,https://www.youtube.com/watch?v=mUALjIGUtGU
صداش به تصویر نمی‌خورد #shorts,https://www.youtube.com/watch?v=DrLGBO1ygzY
تحلیل های خاص بی ویرگول - سریال صداتو - فصل 3,https://www.youtube.com/watch?v=hCw8sJMzoUA
سریال صداتو - فصل 3 - تیزر قسمت 11 | Sedato Series - Season 3 - Teaser Episode 11,https://www.youtube.com/watch?v=6zU3Eee84dg
سریال شبهای مافیا زودیاک - فصل 2 - قسمت 7 | Shabhaye Mafia Zodiac - Season 2 - Episode 7,https://www.youtube.com/watch?v=DQdeAhSRzQk
سریال ممیزی - فصل 4 - تیزر قسمت 21 | Serial Momayyezi - Season 4 - Teaser Episode 21,https://www.youtube.com/watch?v=5PYOIkVALPg
مجموعه مستند اکنون - سفر به نپال - قسمت 1 | Aknoon Documentary - Episode 1,https://www.youtube.com/watch?v=pslDUUkdEX4
بعد انتظار داره معروف هم بشه #shorts,https://www.youtube.com/watch?v=byMNGY6PlDk
کمتر از 9؟ اجحافه - سریال شام ایرانی 3 - فصل 6,https://www.youtube.com/watch?v=3__se9GyGAU
سریال شام ایرانی 3 - فصل 6 - تیزر قسمت 4 | Shame Irani 3 - Season 6 - Teaser Episode 4,https://www.youtube.com/watch?v=xBftD1p-BUs
سریال زخم کاری انتقام - قسمت 5 | Zakhm Kari Entegham Series - Episode 5,https://www.youtube.com/watch?v=L5IBgeR0Nys
فیلم سینمایی عزیز - تیزر | Aziz - Teaser,https://www.youtube.com/watch?v=qha1M4fvQBg
روح وجود خارجی ندارد! - سریال سپنج,https://www.youtube.com/watch?v=r9Aum2460sM
شاد زیستن یعنی چی؟ #shorts,https://www.youtube.com/watch?v=2HY0HoZ1Vos
سریال سپنج - قسمت 36 | Sepanj Series - Episode 36,https://www.youtube.com/watch?v=Hz34Yf922kY
سریال تاسیان - قسمت 11 | Tasiyan Series - Episode 11,https://www.youtube.com/watch?v=bdtimsjkP-w
تماشای رایگان قسمت یازدهم سریال تاسیان در کانال تلویکا #shorts,https://www.youtube.com/watch?v=olTFpX_toLY
پدرم، خط قرمز منه... #shorts,https://www.youtube.com/watch?v=IU6POJCcfNQ
من تصادف نکردم - سریال تاسیان,https://www.youtube.com/watch?v=Lx7izHRPqDU
"تماشای رایگان فیلم سینمایی ""پول و پارتی"" در کانال یوتیوب تلویکا #shorts",https://www.youtube.com/watch?v=PSPFD2_b7VE
ساعد سهیلی و پردیس احمدیه در فیلم کمدی پول و پارتی | Pool & Party Movie,https://www.youtube.com/watch?v=DGf7rOFp83M
سریال ممیزی - فصل 4 - قسمت 20 | Serial Momayyezi - Season 4 - Episode 20,https://www.youtube.com/watch?v=bhKnC8srqQk
تماشای رایگان قسمت بیستم فصل جدید «ممیزی» در کانال یوتیوب تلویکا #shorts,https://www.youtube.com/watch?v=14zskvs8oL4
سریال تاسیان - تیزر قسمت 14 | Tasiyan Series - Teaser Episode 14,https://www.youtube.com/watch?v=fjAT1VhyPGg
سریال سپنج - قسمت 35 | Sepanj Series - Episode 35,https://www.youtube.com/watch?v=59AKLxKsWUw
تماشای رایگان قسمت چهارم از فصل 6 «جوکر2» در کانال یوتیوب تلویکا #shorts,https://www.youtube.com/watch?v=_ZpCr0DC_kk
سریال جوکر 2 - فصل 6 - قسمت 4 | Joker 2 - Season 6 - Episode 4,https://www.youtube.com/watch?v=LhnP9Y3hle4
سریال سپنج - قسمت 34 | Sepanj Series - Episode 34,https://www.youtube.com/watch?v=aoXeR4WgX-k
تو فوتبال یکی گل می‌زنه اخراج می‌شه #shorts,https://www.youtube.com/watch?v=BJu9IU2l9s8
جوکر خانوادگی با حال و هوای تازه - سریال جوکر 2 - فصل 7,https://www.youtube.com/watch?v=DJkmqFPlRIw
تماشای رایگان قسمت هفتم صداتو 3 در کانال یوتیوب تلویکا #shorts,https://www.youtube.com/watch?v=63F-AEpMrnQ
سریال جوکر 2 - فصل 7 - تیزر قسمت 1 | Joker 2 - Season 7 - Teaser Episode 1,https://www.youtube.com/watch?v=v65hwCfSD2U
سریال اکنون - قسمت 22 | Aknoon Series - Episode 22,https://www.youtube.com/watch?v=voCtRkNZoIw
"تماشای رایگان قسمت بیست و دو ""اکنون"" در کانال یوتیوب تلویکا #shorts",https://www.youtube.com/watch?v=D9-wi4ci-gM
سریال سپنج - قسمت 33 | Sepanj Series - Episode 33,https://www.youtube.com/watch?v=S4uBfn5nQxg
سریال اکنون - تیزر قسمت 25 | Aknoon Series - Teaser Episode 25,https://www.youtube.com/watch?v=8HnEwiW5NUI
خود*کشی در نوجوانی - سریال اکنون,https://www.youtube.com/watch?v=5ZSbe078kBk
حاصل عمر من، سه سخن بیش نیست... #shorts,https://www.youtube.com/watch?v=vMXX0sSJfo0
فیلم کمدی پول و پارتی - دومین تیزر | Pool & Party Movie - Teaser,https://www.youtube.com/watch?v=BY385qs0ABI
سریال صداتو - فصل 3 - قسمت 7 | Sedato Series - Season 3 - Episode 7,https://www.youtube.com/watch?v=e_zX8_PR8D8
فرق ماسور با ماسیس چیه #shorts,https://www.youtube.com/watch?v=IfRJQk3gr-A
برعکس آقای خاص - سریال صداتو - فصل 3,https://www.youtube.com/watch?v=JwoTXUwJUFU
سریال صداتو - فصل 3 - اولین تیزر قسمت 10 | Sedato Series - Season 3 - Teaser Episode 10,https://www.youtube.com/watch?v=zzqlBnu_Sjs
آقای فردوسی‌پور شما دنبال چی می‌گردی #shorts,https://www.youtube.com/watch?v=xdQsDSqHceI
سریال شبهای مافیا زودیاک - فصل 2 - قسمت 6 | Shabhaye Mafia Zodiac - Season 2 - Episode 6,https://www.youtube.com/watch?v=v4xNDGiqMDY
کار بهش پیشنهاد نمی‌شه، توی خونه پنیر درست می‌کنه! #shorts,https://www.youtube.com/watch?v=zidqTI1Xu7A
گل یا پوچ بزنیم - سریال شام ایرانی 3 - فصل 6,https://www.youtube.com/watch?v=cZYWs0cvVCY
سریال شام ایرانی 3 - فصل 6 - تیزر قسمت 3 | Shame Irani 3 - Season 6 - Teaser Episode 3,https://www.youtube.com/watch?v=DGEJAR3h7xo
سریال ممیزی - فصل 4 - تیزر قسمت 20 | Serial Momayyezi - Season 4 - Teaser Episode 20,https://www.youtube.com/watch?v=qeYRnfl8mJw
سریال زخم کاری انتقام - قسمت 4 | Zakhm Kari Entegham Series - Episode 4,https://www.youtube.com/watch?v=eLZYlt49i6Y
فیلم کمدی پول و پارتی - اولین تیزر | Pool & Party Movie - Teaser,https://www.youtube.com/watch?v=KsIxvCatGHE
شاخه شاخه نپریم #shorts,https://www.youtube.com/watch?v=4HaRwQhiQEw
من مثل بولدوزرام !! - سریال سپنج,https://www.youtube.com/watch?v=nP6b3y80GSQ
سریال صداتو - فصل 3 - دومین تیزر قسمت 8 | Sedato Series - Season 3 - Teaser Episode 8,https://www.youtube.com/watch?v=Nlu7sLMpCgM
سریال تاسیان - قسمت 10 | Tasiyan Series - Episode 10,https://www.youtube.com/watch?v=ZJlDGVJDJ5k
"تماشای رایگان قسمت دهم ""تاسیان"" در کانال یوتیوب تلویکا",https://www.youtube.com/watch?v=Ws4P3E6rt0c
می‌خواستم ببینمت #shorts,https://www.youtube.com/watch?v=0HqXEkaKrrc
نمیدونم چی شد ولی دوست دارم - سریال تاسیان,https://www.youtube.com/watch?v=3d-7V8LtfDw
سریال تاسیان - تیزر قسمت 13 | Tasiyan Series - Teaser Episode 13,https://www.youtube.com/watch?v=1Sm4NycbS08
الناز شاکردوست و پژمان جمشیدی در فیلم خانوادگی بی بدن | Bi Badan Movie,https://www.youtube.com/watch?v=Zyb1yFG6NLQ
"تماشای رایگان فیلم سینمایی ""بی بدن"" در کانال یوتیوب تلویکا #shorts",https://www.youtube.com/watch?v=Xszt8tWom_E
کوچه تنگه، عروس قشنگه - سریال جوکر 2 - فصل 6,https://www.youtube.com/watch?v=u8F5SqTfo2k
پلیس هند چی می‌زنه؟ #shorts,https://www.youtube.com/watch?v=0HAguCvfjGY
سریال جوکر 2 - فصل 6 - تیزر قسمت 6 | Joker 2 - Season 6 - Teaser Episode 6,https://www.youtube.com/watch?v=FbOloQ9HUo0
سریال اکنون - قسمت 21 | Aknoon Series - Episode 21,https://www.youtube.com/watch?v=Xu3ZFgudowE
"تماشای رایگان قسمت بیست و یکم ""اکنون ""در کانال یوتیوب تلویکا #shorts",https://www.youtube.com/watch?v=F1tfkgV0VUY
از شیر مرغ تا جون آدمیزاد برات میاریم #shorts,https://www.youtube.com/watch?v=tK71TyPxcwU
فستیوال کوچه - سریال اکنون,https://www.youtube.com/watch?v=ykPtVWOnVzA
سریال اکنون - تیزر قسمت 24 | Aknoon Series - Teaser Episode 24,https://www.youtube.com/watch?v=atAYEvvz2C8
تماشای رایگان قسمت ششم صداتو 3 در کانال یوتیوب تلویکا #shorts,https://www.youtube.com/watch?v=jaDFjgNck9A
سریال صداتو - فصل 3 - قسمت 6 | Sedato Series - Season 3 - Episode 6,https://www.youtube.com/watch?v=pWpX5fgZfbs
یه روز بهم گفت علی‌رضا #shorts,https://www.youtube.com/watch?v=KMz71Dymf-M
جفتشون خواننده ان - سریال صداتو - فصل 3,https://www.youtube.com/watch?v=1B_1sW6AzBk
سریال صداتو - فصل 3 - اولین تیزر قسمت 9 | Sedato Series - Season 3 - Teaser Episode 9,https://www.youtube.com/watch?v=KTNqf-l5XRg
سریال شبهای مافیا زودیاک - فصل 2 - قسمت 5 | Shabhaye Mafia Zodiac - Season 2 - Episode 5,https://www.youtube.com/watch?v=Y9eLmtCs4Wo
سریال تاسیان - تیزر قسمت 12 | Tasiyan Series - Teaser Episode 12,https://www.youtube.com/watch?v=UjudSuKFfm0
قلبم یهو وایستاد - سریال شام ایرانی 3 - فصل 6,https://www.youtube.com/watch?v=pNRNAmduUog
چایی دو رنگ #shorts,https://www.youtube.com/watch?v=T0guTbJeCus
فیلم سینمایی روزی روزگاری آبادان - تیزر | Roozi Roozegari Abadan Movie - Teaser,https://www.youtube.com/watch?v=ciEPpDHZ40E
سریال زخم کاری انتقام - قسمت 3 | Zakhm Kari Entegham Series - Episode 3,https://www.youtube.com/watch?v=C8zY4xZixtY
سریال شام ایرانی 3 - فصل 6 - تیزر قسمت 2 | Shame Irani 3 - Season 6 - Teaser Episode 2,https://www.youtube.com/watch?v=FXDI1vNVjoc
تسلیت به مردم عزیز بندرعباس #shorts,https://www.youtube.com/watch?v=kZQ49MY7e_8
سریال ممیزی - فصل 4 - قسمت 19 | Serial Momayyezi - Season 4 - Episode 19,https://www.youtube.com/watch?v=MwYlVcBosnA
بی انصاف نباشیم! #shorts,https://www.youtube.com/watch?v=JTSVGKK6nnM
دانشمندان خیانت کردند - سریال سپنج,https://www.youtube.com/watch?v=0zz3of45hTg
تماشای رایگان قسمت نهم سریال تاسیان در کانال تلویکا #shorts,https://www.youtube.com/watch?v=Cp5uOLp5sUY
سریال تاسیان - قسمت 9 | Tasiyan Series - Episode 9,https://www.youtube.com/watch?v=AG6XZbF2vPM
حوری خانم زن منه - سریال تاسیان,https://www.youtube.com/watch?v=weFWoNL5ejg
بالاخره پیدات کردم! #shorts,https://www.youtube.com/watch?v=itCDEH9EBZs
برای بندرعباس #shorts,https://www.youtube.com/watch?v=pFM3z7aafGc
"تماشای رایگان فیلم سینمایی ""روزی روزگاری آبادان"" در کانال یوتیوب تلویکا #shorts",https://www.youtube.com/watch?v=ju3lLxEaj7U
فیلم سینمایی روزی روزگاری آبادان با بازی محسن تنابنده | Roozi Roozegari Abadan Movie,https://www.youtube.com/watch?v=1oGp6OvSRJw
تماشای رایگان قسمت دوم از فصل 6 «جوکر2» در کانال یوتیوب تلویکا #shorts,https://www.youtube.com/watch?v=kAEsZoQT7tE
تماشای رایگان قسمت سوم از فصل 6 «جوکر2» در کانال یوتیوب تلویکا #shorts,https://www.youtube.com/watch?v=3Qs080jZIY0
تی محله سنگ تراشون #shorts,https://www.youtube.com/watch?v=x0x3MHMrthg
سه هلپر گول می خورید - سریال صداتو - فصل 3,https://www.youtube.com/watch?v=Z1U7yKu8PDg
سریال جوکر 2 - فصل 6 - قسمت 3 | Joker 2 - Season 6 - Episode 3,https://www.youtube.com/watch?v=7neN35W6vow
تماشای رایگان قسمت اول از فصل 6 «جوکر2» در کانال یوتیوب تلویکا #shorts,https://www.youtube.com/watch?v=84L00_BmLu4
سریال صداتو - فصل 3 - اولین تیزر قسمت 8 | Sedato Series - Season 3 - Teaser Episode 8,https://www.youtube.com/watch?v=dzYdYz6aLKI
سریال اکنون - تیزر قسمت 23 | Aknoon Series - Teaser Episode 23,https://www.youtube.com/watch?v=6ynW8JoMF04
"تماشای رایگان قسمت بیستم ""اکنون ""در کانال یوتیوب تلویکا #shorts",https://www.youtube.com/watch?v=agmHci9OXQM
سریال اکنون - قسمت 20 | Aknoon Series - Episode 20,https://www.youtube.com/watch?v=hD0361OHuSY
مهاجرت، دگرگون کننده است #shorts,https://www.youtube.com/watch?v=-1mac6LyG3U
هامون مهرجویی - سریال اکنون,https://www.youtube.com/watch?v=36oTOumzs2A
تماشای رایگان قسمت پنجم صداتو 3 در کانال یوتیوب تلویکا #shorts,https://www.youtube.com/watch?v=wcRiQ6cqWGQ
سریال صداتو - فصل 3 - قسمت 5 | Sedato Series - Season 3 - Episode 5,https://www.youtube.com/watch?v=SBvDpeMK0mI
سریال سپنج - قسمت 32 | Sepanj Series - Episode 32,https://www.youtube.com/watch?v=gg2n-4J58yk
سریال سپنج - قسمت 31 | Sepanj Series - Episode 31,https://www.youtube.com/watch?v=Nkw6VbFisHg
سریال سپنج - قسمت 30 | Sepanj Series - Episode 30,https://www.youtube.com/watch?v=pGdcY4W2oWs
سریال سپنج - قسمت 29 | Sepanj Series - Episode 29,https://www.youtube.com/watch?v=1FOts-7YDng
سریال سپنج - قسمت 28 | Sepanj Series - Episode 28,https://www.youtube.com/watch?v=XEyKkF_3E98
سریال سپنج - قسمت 27 | Sepanj Series - Episode 27,https://www.youtube.com/watch?v=1lwQuAztzAE
سریال سپنج - قسمت 26 | Sepanj Series - Episode 26,https://www.youtube.com/watch?v=ATjcEX5105c
سریال سپنج - قسمت 25 | Sepanj Series - Episode 25,https://www.youtube.com/watch?v=YjHWWzm0wr4
سریال شبهای مافیا زودیاک - فصل 2 - قسمت 4 | Shabhaye Mafia Zodiac - Season 2 - Episode 4,https://www.youtube.com/watch?v=FwhHap3EfWU
سریال سپنج - قسمت 24 | Sepanj Series - Episode 24,https://www.youtube.com/watch?v=ydFVlnGWw2Y
سریال اکنون - تیزر قسمت 22 | Aknoon Series - Teaser Episode 22,https://www.youtube.com/watch?v=jWwSF5SGPxE
سریال سپنج - قسمت 23 | Sepanj Series - Episode 23,https://www.youtube.com/watch?v=DGDpYXbboms
سریال سپنج - قسمت 22 | Sepanj Series - Episode 22,https://www.youtube.com/watch?v=bCok4KWDHto
سریال سپنج - قسمت 21 | Sepanj Series - Episode 21,https://www.youtube.com/watch?v=ePEsgFInp8Y
سریال سپنج - قسمت 20 | Sepanj Series - Episode 20,https://www.youtube.com/watch?v=eFn7Ky7Hg5U
سریال سپنج - قسمت 19 | Sepanj Series - Episode 19,https://www.youtube.com/watch?v=-PjssPrkX44
سریال سپنج - قسمت 18 | Sepanj Series - Episode 18,https://www.youtube.com/watch?v=pQ2kX8Jenfk
سریال سپنج - قسمت 17 | Sepanj Series - Episode 17,https://www.youtube.com/watch?v=Rc4vGFnh6cg
همه با اسم من مشکل دارن #shorts,https://www.youtube.com/watch?v=HD1ZUxfAI8k
یه آشپزی متفاوت - سریال شام ایرانی 3 - فصل 6,https://www.youtube.com/watch?v=uJuTgrdUC1A
سریال شام ایرانی 3 - فصل 6 - تیزر قسمت 1 | Shame Irani 3 - Season 6 - Teaser Episode 1,https://www.youtube.com/watch?v=7Hy1iRDk5Ck
سپنج هفده تا سی و سه را بصورت رایگان از کانال تلویکا تماشا کنید #shorts,https://www.youtube.com/watch?v=4zqYV3IUDwg
سریال سپنج - قسمت 16 | Sepanj Series - Episode 16,https://www.youtube.com/watch?v=NWLUNqhSmzA
سریال سپنج - قسمت 15 | Sepanj Series - Episode 15,https://www.youtube.com/watch?v=Qb_nrIY3V9I
سریال سپنج - قسمت 14 | Sepanj Series - Episode 14,https://www.youtube.com/watch?v=Ccd7aCGE_go
سریال سپنج - قسمت 13 | Sepanj Series - Episode 13,https://www.youtube.com/watch?v=6yPercvr_9A
سریال سپنج - قسمت 12 | Sepanj Series - Episode 12,https://www.youtube.com/watch?v=AY3H1kjuTuE
سریال سپنج - قسمت 11 | Sepanj Series - Episode 11,https://www.youtube.com/watch?v=9kcYcYO2b6M
سریال سپنج - قسمت 10 | Sepanj Series - Episode 10,https://www.youtube.com/watch?v=f_mlWqCwEUE
سریال سپنج - قسمت 9 | Sepanj Series - Episode 9,https://www.youtube.com/watch?v=Cb54savMz6Y
سریال سپنج - قسمت 8 | Sepanj Series - Episode 8,https://www.youtube.com/watch?v=fgDp8RW95e8
سپنج یک تا شانزده را بصورت رایگان از کانال تلویکا تماشا کنید #shorts,https://www.youtube.com/watch?v=vwlj0Nn23jU
سریال سپنج - قسمت 7 | Sepanj Series - Episode 7,https://www.youtube.com/watch?v=zrZ38c2vC3Q
سریال سپنج - قسمت 6 | Sepanj Series - Episode 6,https://www.youtube.com/watch?v=0vwbG_kS2dI
سریال سپنج - قسمت 5 | Sepanj Series - Episode 5,https://www.youtube.com/watch?v=4noa6I0aDhY
سریال سپنج - قسمت 4 | Sepanj Series - Episode 4,https://www.youtube.com/watch?v=COR15Ud-7SU
سریال سپنج - قسمت 3 | Sepanj Series - Episode 3,https://www.youtube.com/watch?v=djnxOPP3m_4
تماشای رایگان قسمت هشتم سریال تاسیان در کانال تلویکا #shorts,https://www.youtube.com/watch?v=P-Ven73dLIs
سریال تاسیان - تیزر قسمت 11 | Tasiyan Series - Teaser Episode 11,https://www.youtube.com/watch?v=9zvUYrqf_1c
موقع غذا خوردن، یادم رفت سیانور رو در بیارم #shorts,https://www.youtube.com/watch?v=gi5-4usI0vE
سریال سپنج - قسمت 2 | Sepanj Series - Episode 2,https://www.youtube.com/watch?v=LzMbs_cbxBo
به آینده ایران امیدوارم - سریال سپنج,https://www.youtube.com/watch?v=RMfI7J-cj7g
سریال سپنج - قسمت 1 | Sepanj Series - Episode 1,https://www.youtube.com/watch?v=hLAfyROJz38
سریال تاسیان - قسمت 8 | Tasiyan Series - Episode 8,https://www.youtube.com/watch?v=39wxdwhEtZI
من مامور نیستم #shorts,https://www.youtube.com/watch?v=0zkxFpyvoR0
حرفتو بزن مثل آدم - سریال تاسیان,https://www.youtube.com/watch?v=PIXSTjFRiug
تماشای رایگان قسمت هجدهم فصل جدید «ممیزی» در کانال یوتیوب تلویکا #shorts,https://www.youtube.com/watch?v=DpQU1pUCDeE
سریال ممیزی - فصل 4 - قسمت 18 | Serial Momayyezi - Season 4 - Episode 18,https://www.youtube.com/watch?v=2pOz8zstcBY
"تماشای رایگان فیلم سینمایی ""یادگار جنوب"" در کانال یوتیوب تلویکا #shorts",https://www.youtube.com/watch?v=rCR8cr8xRyc
الناز شاکردوست و سحر دولتشاهی در فیلم عاشقانه یادگار جنوب | Yadegare Jonoob Movie,https://www.youtube.com/watch?v=Elxmp_J4vkc
سریال جوکر 2 - فصل 6 - قسمت 2 | Joker 2 - Season 6 - Episode 2,https://www.youtube.com/watch?v=xBsbhuw-ea4
سریال جوکر 2 - فصل 6 - تیزر قسمت 5 | Joker 2 - Season 6 - Teaser Episode 5,https://www.youtube.com/watch?v=TUuUNLHhRu4
خاله بی اعصاب - سریال جوکر 2 - فصل 6,https://www.youtube.com/watch?v=BlcoV7OLTRw
اون یه چیزی گفت، تو چرا جدی اش می‌گیری؟ #shorts,https://www.youtube.com/watch?v=K6FOAlSjUgM
"تماشای رایگان قسمت نوزدهم ""اکنون ""در کانال یوتیوب تلویکا #shorts",https://www.youtube.com/watch?v=nL_bxaNHWvQ
سریال اکنون - قسمت 19 | Aknoon Series - Episode 19,https://www.youtube.com/watch?v=pvSNRtzksVc
باید به جوان ها مجال صحبت کردن بدیم! #shorts,https://www.youtube.com/watch?v=YKKVi-M2FWk
انسان فضول! - سریال اکنون,https://www.youtube.com/watch?v=mlAoWq-yHXs
سریال صداتو - فصل 3 - تیزر قسمت 7 | Sedato Series - Season 3 - Teaser Episode 7,https://www.youtube.com/watch?v=Cx4nnEqAIzA
سریال صداتو - فصل 3 - قسمت 4 | Sedato Series - Season 3 - Episode 4,https://www.youtube.com/watch?v=nQcvnIcxWf0
تماشای رایگان قسمت چهارم صداتو 3 در کانال یوتیوب تلویکا #shorts,https://www.youtube.com/watch?v=6jh1WiB1Obg
دختر خوب بودن دیگه بسه - سریال صداتو - فصل 3,https://www.youtube.com/watch?v=QBXYn8hLyls
هم دورو و دورنگه #shorts,https://www.youtube.com/watch?v=nG6vYCE7SAk
هم نوازی محسن شریفیان و لیانا شریفیان - سریال صداتو - فصل 3,https://www.youtube.com/watch?v=7pIhbj6cSDs
عاشقانه ی محمد علیزاده برای محسن شریفیان و دخترش - سریال صداتو - فصل 3,https://www.youtube.com/watch?v=C-x5mSgPtxo
سریال ممیزی - فصل 4 - تیزر قسمت 18 | Serial Momayyezi - Season 4 - Teaser Episode 18,https://www.youtube.com/watch?v=EePM281aDr0
سریال شبهای مافیا زودیاک - فصل 2 - قسمت 3 | Shabhaye Mafia Zodiac - Season 2 - Episode 3,https://www.youtube.com/watch?v=sgEDvabQkds
سریال تاسیان - تیزر قسمت 10 | Tasiyan Series - Teaser Episode 10,https://www.youtube.com/watch?v=cTewBaMI0h4
حامد آهنگی و ابوالفضل پورعرب در فیلم کمدی چند میگیری گریه کنی 2 | Chand Migiri Geryeh Koni 2 Movie,https://www.youtube.com/watch?v=YEEnGAVAADM
"تماشای رایگان فیلم سینمایی ""چند میگیری گریه کنی 2"" در کانال یوتیوب تلویکا #shorts",https://www.youtube.com/watch?v=TwxNiQXYnt4
تماشای رایگان قسمت هفتم سریال تاسیان در کانال تلویکا #shorts,https://www.youtube.com/watch?v=9cCgoo14-yY
تماشای رایگان قسمت ششم سریال تاسیان در کانال تلویکا #shorts,https://www.youtube.com/watch?v=jW2ZpKuCZlg
"تماشای رایگان قسمت سوم ""صداتو 3"" در کانال یوتیوب تلویکا #shorts",https://www.youtube.com/watch?v=ZFiRqGGoH3U
"تماشای رایگان قسمت دوم ""صداتو 3"" در کانال یوتیوب تلویکا #shorts",https://www.youtube.com/watch?v=41H8100sXUk
درست زیستن و امیال داشتن #shorts,https://www.youtube.com/watch?v=xHjbzDyF4Wk
جواب دندان شکن! - سریال سپنج,https://www.youtube.com/watch?v=O3KE0cdNucU
سریال تاسیان - قسمت 7 | Tasiyan Series - Episode 7,https://www.youtube.com/watch?v=u4VxMXX72BI
امید یوسفی، سابقه سیاسی نداره... #shorts,https://www.youtube.com/watch?v=d1rpYUhWw_w
بریم دیزی بخوریم - سریال تاسیان,https://www.youtube.com/watch?v=BjCWTsFwYAs
تماشای رایگان قسمت هفدهم فصل جدید «ممیزی» در کانال یوتیوب تلویکا #shorts,https://www.youtube.com/watch?v=pueHFu1audo
سریال ممیزی - فصل 4 - قسمت 17 | Serial Momayyezi - Season 4 - Episode 17,https://www.youtube.com/watch?v=b7hwZkeSO-A
تماشای رایگان قسمت چهارم سریال تاسیان در کانال تلویکا #shorts,https://www.youtube.com/watch?v=PG4YZQNRXt0
تماشای رایگان قسمت پنجم سریال تاسیان در کانال تلویکا #shorts,https://www.youtube.com/watch?v=dSUA9llQiTU
سریال جوکر 2 - فصل 6 - تیزر قسمت 4 | Joker 2 - Season 6 - Teaser Episode 4,https://www.youtube.com/watch?v=KdCfGtbaNgA
خواستگاری از نعیمه - سریال جوکر 2 - فصل 6,https://www.youtube.com/watch?v=Ah7oHAfLq3k
آموزش ورزش رزمی در جوکر #shorts,https://www.youtube.com/watch?v=ggfG8lZWMEc
"تماشای رایگان قسمت هجدهم ""اکنون"" در کانال یوتیوب تلویکا #shorts",https://www.youtube.com/watch?v=dO_LtEPtr7I
سریال اکنون - قسمت 18 | Aknoon Series - Episode 18,https://www.youtube.com/watch?v=9RekpsEKjag
هوش مصنوعیِ خطرناک #shorts,https://www.youtube.com/watch?v=tnoUp003Iwk
ذات وحشی گری - سریال اکنون,https://www.youtube.com/watch?v=SOCXvmQ3w6A
سریال اکنون - تیزر قسمت 21 | Aknoon Series - Teaser Episode 21,https://www.youtube.com/watch?v=ne24UyEyep4
سریال صداتو - فصل 3 - قسمت 3 | Sedato Series - Season 3 - Episode 3,https://www.youtube.com/watch?v=-aR9De1p_Mo
یه اجرای خودمونی ولی خفن - سریال صداتو - فصل 3,https://www.youtube.com/watch?v=g2Iu_DLD22s
گل سنگم، چی بگم از دل تنگم #shorts,https://www.youtube.com/watch?v=0HOW2uw1c0w
سریال صداتو - فصل 3 - تیزر قسمت 6 | Sedato Series - Season 3 - Teaser Episode 6,https://www.youtube.com/watch?v=lJgGTOBfVHE
سریال شبهای مافیا زودیاک - فصل 2 - قسمت 2 | Shabhaye Mafia Zodiac - Season 2 - Episode 2,https://www.youtube.com/watch?v=2auk3BZQG6g
سریال زخم کاری انتقام - قسمت 2 | Zakhm Kari Entegham Series - Episode 2,https://www.youtube.com/watch?v=xFjz4-ilcX0
"تماشای رایگان قسمت هفدهم ""اکنون"" در کانال یوتیوب تلویکا #shorts",https://www.youtube.com/watch?v=DYeVt4X_vyM
سریال ممیزی - فصل 4 - تیزر قسمت 17 | Serial Momayyezi - Season 4 - Teaser Episode 17,https://www.youtube.com/watch?v=s8HwDzQKPKE
سریال تاسیان - تیزر قسمت 9 | Tasiyan Series - Teaser Episode 9,https://www.youtube.com/watch?v=K9O6pqFvsgc
سریال محکوم - اولین تیزر | Mahkoum Series - Teaser,https://www.youtube.com/watch?v=BnouLVNvnQY
فراتر از روزمرگی! - سریال سپنج,https://www.youtube.com/watch?v=8Gtx67xg38Q
ما نباید درِ علم را ببندیم! #shorts,https://www.youtube.com/watch?v=PBvgTXw6lbw
سریال نیسان آبی - فصل 2 - قسمت 15 (قسمت آخر) | Neysan Abi Series - Season 2 - Episode 15,https://www.youtube.com/watch?v=a8UDOtv6Kno
سریال نیسان آبی - فصل 2 - قسمت 14 | Neysan Abi Series - Season 2 - Episode 14,https://www.youtube.com/watch?v=dggTArjxteA
سریال نیسان آبی - فصل 2 - قسمت 13 | Neysan Abi Series - Season 2 - Episode 13,https://www.youtube.com/watch?v=1vfCt8BOngU
سریال نیسان آبی - فصل 2 - قسمت 12 | Neysan Abi Series - Season 2 - Episode 12,https://www.youtube.com/watch?v=ZbpfnIZK2x4
ما که امسال فال نداریم - سریال تاسیان,https://www.youtube.com/watch?v=EpMGvQB1ss4
من خیلی نگرانشونم #shorts,https://www.youtube.com/watch?v=UmT2U4ZOdTk
سریال جوکر 2 - فصل 5 - قسمت 6 | Joker 2 - Season 5 - Episode 6,https://www.youtube.com/watch?v=VPoVI7eTrKI
سریال جوکر 2 - فصل 5 - قسمت 5 | Joker 2 - Season 5 - Episode 5,https://www.youtube.com/watch?v=UQazfFiI6J8
سریال جوکر 2 - فصل 5 - قسمت 4 | Joker 2 - Season 5 - Episode 4,https://www.youtube.com/watch?v=y0eMa-Qux5U
سریال جوکر 2 - فصل 5 - قسمت 3 | Joker 2 - Season 5 - Episode 3,https://www.youtube.com/watch?v=nmCUVFVN164
سریال جوکر 2 - فصل 5 - قسمت 2 | Joker 2 - Season 5 - Episode 2,https://www.youtube.com/watch?v=etASaa1Ib6I
سریال جوکر 2 - فصل 5 - قسمت 1 | Joker 2 - Season 5 - Episode 1,https://www.youtube.com/watch?v=CTrHxVmqt9c
سریال ممیزی - فصل 4 - قسمت 16 | Serial Momayyezi - Season 4 - Episode 16,https://www.youtube.com/watch?v=EkRDxoe3WOc
تماشای رایگان قسمت شونزدهم فصل جدید «ممیزی» در کانال یوتیوب تلویکا #shorts,https://www.youtube.com/watch?v=3tUgw-AlRWE
سریال نیسان آبی - فصل 2 - قسمت 11 | Neysan Abi Series - Season 2 - Episode 11,https://www.youtube.com/watch?v=rqcyccB8jNw
سریال نیسان آبی - فصل 2 - قسمت 10 | Neysan Abi Series - Season 2 - Episode 10,https://www.youtube.com/watch?v=RxneGGh9oik
سریال نیسان آبی - فصل 2 - قسمت 9 | Neysan Abi Series - Season 2 - Episode 9,https://www.youtube.com/watch?v=4Q00feX_5g8
سریال نیسان آبی - فصل 2 - قسمت 8 | Neysan Abi Series - Season 2 - Episode 8,https://www.youtube.com/watch?v=v5DhHjiaR6o
تماشای رایگان سریال نیسان آبی فصل 2 در کانال یوتیوب تلویکا #shorts,https://www.youtube.com/watch?v=3HewqYTIABI
سریال نیسان آبی - فصل 2 - قسمت 7 | Neysan Abi Series - Season 2 - Episode 7,https://www.youtube.com/watch?v=sxwJq4vFCv8
می‌تونه بخنده بچه ها #shorts,https://www.youtube.com/watch?v=rtQZ5O4EusI
کی بلدِ چشمک بزنه؟ - سریال جوکر 2 - فصل 6,https://www.youtube.com/watch?v=E3IsNjeJ4G0
سریال اکنون - تیزر قسمت 20 | Aknoon Series - Teaser Episode 20,https://www.youtube.com/watch?v=atZo-qMYCcQ
سریال جوکر 2 - فصل 6 - تیزر قسمت 3 | Joker 2 - Season 6 - Teaser Episode 3,https://www.youtube.com/watch?v=oyt7Sai-r5g
سریال اکنون - قسمت 17 | Aknoon Series - Episode 17,https://www.youtube.com/watch?v=o480wYleGnc
این تیکه ی اصفهان هنوز شناخته نشده - سریال اکنون,https://www.youtube.com/watch?v=f7_W9not184
پدر من مهاجر بوده #shorts,https://www.youtube.com/watch?v=KqymdC1rgAQ
صداتوئه، سیبیلتو نیست که #shorts,https://www.youtube.com/watch?v=hlM-xfdLyew
سریال نیسان آبی - فصل 2 - قسمت 6 | Neysan Abi Series - Season 2 - Episode 6,https://www.youtube.com/watch?v=dvBMt5LY3iA
سریال نیسان آبی - فصل 2 - قسمت 5 | Neysan Abi Series - Season 2 - Episode 5,https://www.youtube.com/watch?v=WtralSAr3hE
سریال نیسان آبی - فصل 2 - قسمت 3 | Neysan Abi Series - Season 2 - Episode 3,https://www.youtube.com/watch?v=8U-PfqL8mAc
سریال نیسان آبی - فصل 2 - قسمت 2 | Neysan Abi Series - Season 2 - Episode 2,https://www.youtube.com/watch?v=Y4-HX9vHXQM
حمله به موسیقی - سریال صداتو - فصل 3,https://www.youtube.com/watch?v=Ugsuaow9YNw
محسن شریفیان، درجه یک #shorts,https://www.youtube.com/watch?v=09XH5IQx2ew
سریال تاسیان - تیزر قسمت 8 | Tasiyan Series - Teaser Episode 8,https://www.youtube.com/watch?v=zValRm9VxqI
سریال صداتو - فصل 3 - تیزر قسمت 5 | Sedato Series - Season 3 - Teaser Episode 5,https://www.youtube.com/watch?v=38vKWlpetXk
سریال جوکر 2 - فصل 4 - قسمت 6 | Joker 2 - Season 4 - Episode 6,https://www.youtube.com/watch?v=6ReioQaCgo4
سریال جوکر 2 - فصل 4 - قسمت 5 | Joker 2 - Season 4 - Episode 5,https://www.youtube.com/watch?v=kn9CPbql8R0
سریال جوکر 2 - فصل 4 - قسمت 4 | Joker 2 - Season 4 - Episode 4,https://www.youtube.com/watch?v=2z3-4iRYp9E
سریال جوکر 2 - فصل 4 - قسمت 3 | Joker 2 - Season 4 - Episode 3,https://www.youtube.com/watch?v=7ZgvPixJ_YQ
سریال جوکر 2 - فصل 4 - قسمت 1 | Joker 2 - Season 4 - Episode 1,https://www.youtube.com/watch?v=nwwafJG7f_A
سریال جوکر 2 - فصل 4 - قسمت 2 | Joker 2 - Season 4 - Episode 2,https://www.youtube.com/watch?v=3jgc-IbyoXU
تماشای رایگان سریال «جوکر2» فصل 4 #shorts,https://www.youtube.com/watch?v=2mHhCcaxUao
سریال جوکر 2 - فصل 3 - قسمت 6 | Joker 2 - Season 3 - Episode 6,https://www.youtube.com/watch?v=9h1kNtjUb6M
سریال جوکر 2 - فصل 3 - قسمت 5 | Joker 2 - Season 3 - Episode 5,https://www.youtube.com/watch?v=S9O3kmUST8A
سریال جوکر 2 - فصل 3 - قسمت 4 | Joker 2 - Season 3 - Episode 4,https://www.youtube.com/watch?v=t532rOuP4qQ
سریال جوکر 2 - فصل 3 - قسمت 3 | Joker 2 - Season 3 - Episode 3,https://www.youtube.com/watch?v=WliuX7ia2Yw
سریال جوکر 2 - فصل 3 - قسمت 2 | Joker 2 - Season 3 - Episode 2,https://www.youtube.com/watch?v=qvJEmXfs2s8
تماشای رایگان سریال «جوکر2» فصل 3 #shorts,https://www.youtube.com/watch?v=R2yEHOLbZj8
سریال جوکر 2 - فصل 3 - قسمت 1 | Joker 2 - Season 3 - Episode 1,https://www.youtube.com/watch?v=TE9erJ4sqBA
همیشه آماده باشیم که خود را نقد کنیم #shorts,https://www.youtube.com/watch?v=EAYKd8235tM
انسان آزاد #shorts,https://www.youtube.com/watch?v=fLCPYrhvE1g
همدیگه رو کامل می‌کنیم - سریال سپنج,https://www.youtube.com/watch?v=OzazIAZWsiA
از گفتار تا کردار یه دنیا راهه - سریال سپنج,https://www.youtube.com/watch?v=dESJ-Y9Z7rs
سریال اکنون - تیزر قسمت 19 | Aknoon Series - Teaser Episode 19,https://www.youtube.com/watch?v=hzH9pD0KMcE
سریال ممیزی - فصل 4 - تیزر قسمت 16 | Serial Momayyezi - Season 4 - Teaser Episode 16,https://www.youtube.com/watch?v=KVVp_i-5TH4
سریال تاسیان - قسمت 6 | Tasiyan Series - Episode 6,https://www.youtube.com/watch?v=BLx3d7m8l-c
چرا کمکشون نمی‌کنی؟ #shorts,https://www.youtube.com/watch?v=-Cj75_gNS0E
شما پدر منو ندیدید؟؟ - سریال تاسیان,https://www.youtube.com/watch?v=mm0_QDB0liM
سریال بازنده - قسمت 11 (قسمت آخر) | Bazande Series - Episode 11,https://www.youtube.com/watch?v=WEIqVe-gIXo
سریال بازنده - قسمت 10 | Bazande Series - Episode 10,https://www.youtube.com/watch?v=JfJLYJjlTzk
سریال بازنده - قسمت 9 | Bazande Series - Episode 9,https://www.youtube.com/watch?v=ui2LCenNkcc
سریال بازنده - قسمت 8 | Bazande Series - Episode 8,https://www.youtube.com/watch?v=pAp9KBR4rEc
سریال ممیزی - فصل 4 - قسمت 15 | Serial Momayyezi - Season 4 - Episode 15,https://www.youtube.com/watch?v=mzvPOd8lFTw
سریال بازنده - قسمت 7 | Bazande Series - Episode 7,https://www.youtube.com/watch?v=r-s8UXaR7hE
یکی بیاد پول گنده بده #shorts,https://www.youtube.com/watch?v=Be-aioINPtI
توی این خواستگارا کی دوماد میشه - سریال جوکر 2 - فصل 6,https://www.youtube.com/watch?v=WXEYHXShoJ0
سریال جوکر 2 - فصل 6 - تیزر قسمت 2 | Joker 2 - Season 6 - Teaser Episode 2,https://www.youtube.com/watch?v=fAguqwW0oIU
سریال بازنده - قسمت 6 | Bazande Series - Episode 6,https://www.youtube.com/watch?v=N5kMM76o1r4
سریال بازنده - قسمت 5 | Bazande Series - Episode 5,https://www.youtube.com/watch?v=yYFi1DPkb84
سریال بازنده - قسمت 4 | Bazande Series - Episode 4,https://www.youtube.com/watch?v=yNQbJu0ICR0
سریال بازنده - قسمت 3 | Bazande Series - Episode 3,https://www.youtube.com/watch?v=6oC7XG1KVR8
سریال بازنده - قسمت 2 | Bazande Series - Episode 2,https://www.youtube.com/watch?v=lvTlfc5jCfk
سریال جوکر 2 - فصل 6 - قسمت 1 | Joker 2 - Season 6 - Episode 1,https://www.youtube.com/watch?v=g_7DZfym4-U
سریال اکنون - قسمت 16 | Aknoon Series - Episode 16,https://www.youtube.com/watch?v=BPCN_nhxUeg
ما روح صادق هدایت رو احضار کردیم #shorts,https://www.youtube.com/watch?v=JKnwI8eR5f4
ایران کجاست و ایرانی کیست - سریال اکنون,https://www.youtube.com/watch?v=aiQyG7HOs8w
ما با اینا تا مرگ هم  می‌ریم #shorts,https://www.youtube.com/watch?v=KuU-B-lRftQ
مجلس خیلی مردونه شده - سریال صداتو - فصل 3,https://www.youtube.com/watch?v=wY_F58tuTqI
سریال صداتو - فصل 3 - قسمت 2 | Sedato Series - Season 3 - Episode 2,https://www.youtube.com/watch?v=cRK1vxMbXS8
سریال صداتو - فصل 2 - قسمت 15 (قسمت آخر) | Sedato Series - Season 2 - Episode 15,https://www.youtube.com/watch?v=kpmmbVxdTWw
سریال صداتو - فصل 2 - قسمت 14 | Sedato Series - Season 2 - Episode 14,https://www.youtube.com/watch?v=PQBIaBRF9jA
سریال صداتو - فصل 2 - قسمت 13 | Sedato Series - Season 2 - Episode 13,https://www.youtube.com/watch?v=HtOMwhzOBps
سریال صداتو - فصل 3 - تیزر قسمت 4 | Sedato Series - Season 3 - Teaser Episode 4,https://www.youtube.com/watch?v=KOwjU1KuvjQ
سریال صداتو - فصل 2 - قسمت 12 | Sedato Series - Season 2 - Episode 12,https://www.youtube.com/watch?v=HCi6gQl9wD8
سریال تاسیان - قسمت 5 | Tasiyan Series - Episode 5,https://www.youtube.com/watch?v=Xepdyj_BDew
سریال جوکر 2 - فصل 6 - تیزر قسمت 1 | Joker 2 - Season 6 - Teaser Episode 1,https://www.youtube.com/watch?v=G98TlhS62wo
سریال تاسیان - تیزر قسمت 7 | Tasiyan Series - Teaser Episode 7,https://www.youtube.com/watch?v=PQTyJqn2AkU
این مملکت مال کیه، مال همست #shorts,https://www.youtube.com/watch?v=OQoCSf7iZ6g
تماشای رایگان فیلم سینمایی «بی همه چیز» در کانال یوتیوب تلویکا #shorts,https://www.youtube.com/watch?v=ZB6jkXv05yA
پرویز پرستویی و هدیه تهرانی در فیلم سینمایی بی همه چیز | Bi Hame Chiz Movie,https://www.youtube.com/watch?v=wxFcJ8eXVho
نه #shorts,https://www.youtube.com/watch?v=EfPb0rjGNlE
قربونت برم مادر - سریال تاسیان,https://www.youtube.com/watch?v=D-IlQfYZmlA
سریال صداتو - فصل 2 - قسمت 11 | Sedato Series - Season 2 - Episode 11,https://www.youtube.com/watch?v=xXeuBlbscc4
سریال صداتو - فصل 2 - قسمت 9 | Sedato Series - Season 2 - Episode 9,https://www.youtube.com/watch?v=mzLM9PGcaa8
سریال صداتو - فصل 2 - قسمت 8 | Sedato Series - Season 2 - Episode 8,https://www.youtube.com/watch?v=T_zZfZjE4Io
سریال صداتو - فصل 2 - قسمت 7 | Sedato Series - Season 2 - Episode 7,https://www.youtube.com/watch?v=CvPenpk3ebE
رویا این نقاشی ها چی بود؟! #shorts,https://www.youtube.com/watch?v=wYlxEdAEtHM
دیگه رحم نمی کنم - سریال جوکر 2 - فصل 6,https://www.youtube.com/watch?v=yWENeU2OTqQ
سریال جوکر 2 - فصل 2 - قسمت 6 | Joker 2 - Season 2 - Episode 6,https://www.youtube.com/watch?v=970n_oXS2fA
سریال جوکر 2 - فصل 2 - قسمت 5 | Joker 2 - Season 2 - Episode 5,https://www.youtube.com/watch?v=wnTbrUI2AyI
سریال جوکر 2 - فصل 2 - قسمت 4 | Joker 2 - Season 2 - Episode 4,https://www.youtube.com/watch?v=duUqBULsuZs
سریال جوکر 2 - فصل 2 - قسمت 3 | Joker 2 - Season 2 - Episode 3,https://www.youtube.com/watch?v=by9vKy3g49g
سریال جوکر 2 - فصل 2 - قسمت 2 | Joker 2 - Season 2 - Episode 2,https://www.youtube.com/watch?v=mKI4T8qDBDw
تماشای رایگان سریال «جوکر2» فصل 2 #shorts,https://www.youtube.com/watch?v=ivotgztNNLU
سریال جوکر 2 - فصل 2 - قسمت 1 | Joker 2 - Season 2 - Episode 1,https://www.youtube.com/watch?v=CEjCMaUGg2A
سریال اکنون - قسمت 15 | Aknoon Series - Episode 15,https://www.youtube.com/watch?v=1GKvcZaSIaU
برای اینکه شعرم، چاپ بشه شیطنت کردم #shorts,https://www.youtube.com/watch?v=lY7xwV-0KkE
من آدم کوچه نبودم - سریال اکنون,https://www.youtube.com/watch?v=jLkjBEoKB2k
سریال اکنون - تیزر قسمت 18 | Aknoon Series - Teaser Episode 18,https://www.youtube.com/watch?v=X1xMUZy-LRw
سریال گل یا پوچ - قسمت 12 (قسمت آخر) | Gol Ya Pooch Series - Episode 12,https://www.youtube.com/watch?v=SHH077dYaLo
سریال گل یا پوچ - قسمت 11 | Gol Ya Pooch Series - Episode 11,https://www.youtube.com/watch?v=IXesdTL6Jdg
سریال گل یا پوچ - قسمت 10 | Gol Ya Pooch Series - Episode 10,https://www.youtube.com/watch?v=aobtdm8wTaY
سریال گل یا پوچ - قسمت 9 | Gol Ya Pooch Series - Episode 9,https://www.youtube.com/watch?v=wMlFWZVkCgY
سریال گل یا پوچ - قسمت 8 | Gol Ya Pooch Series - Episode 8,https://www.youtube.com/watch?v=QLLRjS35Sa0
تماشای رایگان سریال «گل یا پوچ» در کانال یوتیوب تلویکا 2 #shorts,https://www.youtube.com/watch?v=MtaIxpVxmsE
سریال گل یا پوچ - قسمت 7 | Gol Ya Pooch Series - Episode 7,https://www.youtube.com/watch?v=-1eKqVVlYRM
سریال گل یا پوچ - قسمت 6 | Gol Ya Pooch Series - Episode 6,https://www.youtube.com/watch?v=C8qlI9l6f1Q
سریال گل یا پوچ - قسمت 5 | Gol Ya Pooch Series - Episode 5,https://www.youtube.com/watch?v=fDeX0q2_WBg
سریال گل یا پوچ - قسمت 4 | Gol Ya Pooch Series - Episode 4,https://www.youtube.com/watch?v=Xd-8AenYxWM
سریال اکنون - قسمت 14 | Aknoon Series - Episode 14,https://www.youtube.com/watch?v=WdaZnhul9vk
"تماشای رایگان قسمت چهاردهم ""اکنون"" در کانال یوتیوب تلویکا #shorts",https://www.youtube.com/watch?v=8JNz_jMErkA
سریال گل یا پوچ - قسمت 3 | Gol Ya Pooch Series - Episode 3,https://www.youtube.com/watch?v=paBupNIh9pE
سریال گل یا پوچ - قسمت 2 | Gol Ya Pooch Series - Episode 2,https://www.youtube.com/watch?v=KEnBbEdnv8o
تماشای رایگان سریال «گل یا پوچ» در کانال یوتیوب تلویکا 1 #shorts,https://www.youtube.com/watch?v=1R9xuZ-WfGA
"تماشای رایگان قسمت سیزدهم ""اکنون"" در کانال یوتیوب تلویکا #shorts",https://www.youtube.com/watch?v=NDV8IBXAQcE
سریال اکنون - قسمت 13 | Aknoon Series - Episode 13,https://www.youtube.com/watch?v=K1Isj9H0Eww
سریال تاسیان - قسمت 4 | Tasiyan Series - Episode 4,https://www.youtube.com/watch?v=UqKvW7ggYWo
مسائل فیزیک در آکسفورد و کمبریج #shorts,https://www.youtube.com/watch?v=MfNWMSqr0e8
اعتنا به تفکر - سریال سپنج,https://www.youtube.com/watch?v=K5xjXnn8EYA
"تماشای رایگان قسمت دوازدهم ""اکنون"" در کانال یوتیوب تلویکا #shorts",https://www.youtube.com/watch?v=MddRVZwusws
سریال اکنون - قسمت 12 | Aknoon Series - Episode 12,https://www.youtube.com/watch?v=FmUXggaeaNg
جواد عزتی و الناز حبیبی در فیلم کمدی و اکشن تمساح خونی | Temsahe Khooni Movie,https://www.youtube.com/watch?v=gfLxC0Cg_Ro
تماشای رایگان فیلم سینمایی «تمساح خونی» در کانال یوتیوب تلویکا #shorts,https://www.youtube.com/watch?v=5MUi0KcnK2w
نامه خسرو به شیرین - سریال تاسیان,https://www.youtube.com/watch?v=jO_DuAoZ0P0
اونوقت چی به ما می‌رسه؟ #shorts,https://www.youtube.com/watch?v=YiY0aE_QBB0
سریال صداتو - فصل 2 - قسمت 6 | Sedato Series - Season 2 - Episode 6,https://www.youtube.com/watch?v=fxPEFo0KZqc
سریال صداتو - فصل 2 - قسمت 5 | Sedato Series - Season 2 - Episode 5,https://www.youtube.com/watch?v=XqjX4xLqwgk
سریال صداتو - فصل 2 - قسمت 4 | Sedato Series - Season 2 - Episode 4,https://www.youtube.com/watch?v=eo7Vei0kXGQ
سریال اکنون - قسمت 11 | Aknoon Series - Episode 11,https://www.youtube.com/watch?v=Rlk3Wh_zCnY
"تماشای رایگان قسمت یازدهم ""اکنون"" در کانال یوتیوب تلویکا #shorts",https://www.youtube.com/watch?v=CyWBAcFPR8A
سریال صداتو - فصل 2 - قسمت 3 | Sedato Series - Season 2 - Episode 3,https://www.youtube.com/watch?v=lDp4bZxRhjI
سریال صداتو - فصل 2 - قسمت 2 | Sedato Series - Season 2 - Episode 2,https://www.youtube.com/watch?v=4SivNfDBqbY
سریال جوکر 2 - فصل 1 - قسمت 5 | Joker 2 - Season 1 - Episode 5,https://www.youtube.com/watch?v=kS-nLFCwHt8
سریال جوکر 2 - فصل 1 - قسمت 4 | Joker 2 - Season 1 - Episode 4,https://www.youtube.com/watch?v=i2H1NiVf7EY
سریال اکنون - قسمت 10 | Aknoon Series - Episode 10,https://www.youtube.com/watch?v=qVXgGExn-7A
"تماشای رایگان قسمت دهم ""اکنون"" در کانال یوتیوب تلویکا #shorts",https://www.youtube.com/watch?v=T-3X8N1dShw
تماشای رایگان سریال «جوکر2» فصل 1 #shorts,https://www.youtube.com/watch?v=YOrltom2syc
سریال جوکر 2 - فصل 1 - قسمت 2 | Joker 2 - Season 1 - Episode 2,https://www.youtube.com/watch?v=g12k8RvtLU4
"تماشای رایگان قسمت نهم ""اکنون"" در کانال یوتیوب تلویکا #shorts",https://www.youtube.com/watch?v=pghepvGDjSs
سریال اکنون - قسمت 9 | Aknoon Series - Episode 9,https://www.youtube.com/watch?v=ARZx-Y3Wc6w
جامعه شناسی در ادامه‌ی جانور شناسیه #shorts,https://www.youtube.com/watch?v=eWBvrqDJcPA
شروین وکیلی: هویت ایرانی یعنی چی؟ - سریال اکنون,https://www.youtube.com/watch?v=op674KeZIxA
"تماشای رایگان قسمت هشتم ""اکنون"" در کانال یوتیوب تلویکا #shorts",https://www.youtube.com/watch?v=cAvtgMq1h_A
سریال اکنون - قسمت 8 | Aknoon Series - Episode 8,https://www.youtube.com/watch?v=qUwWCA0-hpY
"تماشای رایگان قسمت اول ""صداتو 3"" در کانال یوتیوب تلویکا #shorts",https://www.youtube.com/watch?v=lZ00m2WL1Oc
سریال صداتو - فصل 3 - قسمت 1 | Sedato Series - Season 3 - Episode 1,https://www.youtube.com/watch?v=7ME1Rx6Vtoc
سریال صداتو - فصل 3 - تیزر قسمت 3 | Sedato Series - Season 3 - Teaser Episode 3,https://www.youtube.com/watch?v=XYsPmULsqYA
دلم پی دلته جومه نارنجی #shorts,https://www.youtube.com/watch?v=cTDdBBrooZg
امشب شب ایشونه - سریال صداتو - فصل 3,https://www.youtube.com/watch?v=KJELulP_Q5A
فیلم سینمایی بی همه چیز - تیزر | Bi Hame Chiz Movie - Teaser,https://www.youtube.com/watch?v=DyHkgdAsccI
صداتو رو من بستم پیچانشو #shorts,https://www.youtube.com/watch?v=yGMYPyn7EZo
سریال اکنون - قسمت 7 | Aknoon Series - Episode 7,https://www.youtube.com/watch?v=d_BK4ADhPxo
تماشای رایگان قسمت هفتم «برنامه اکنون» در کانال یوتیوب تلویکا #shorts,https://www.youtube.com/watch?v=-dO1mB1XkKU
ورقی هستین، استاد #shorts,https://www.youtube.com/watch?v=6DfWf26Fyyo
جوکر و شما تا اینجا ... - فیلم جوکر تایم,https://www.youtube.com/watch?v=YpqfbUf7uyc
گلچین جوکر 2 #shorts,https://www.youtube.com/watch?v=0e4DvipD_Ys
تماشای رایگان قسمت ششم «برنامه اکنون» در کانال یوتیوب تلویکا #shorts,https://www.youtube.com/watch?v=PorX2tLNtDw
سریال اکنون - قسمت 6 | Aknoon Series - Episode 6,https://www.youtube.com/watch?v=o90uSfWSGJo
تماشای رایگان قسمت پنجم «برنامه اکنون» در کانال یوتیوب تلویکا #shorts,https://www.youtube.com/watch?v=hY82xFQjTy0
ما در سطح جامعه شاهد تغییر نیستیم! #shorts,https://www.youtube.com/watch?v=e3s-JEMAFWQ
جامعه درمانده - سریال سپنج,https://www.youtube.com/watch?v=Pk1pCRynhrA
سریال سپنج - تیزر قسمت 27 | Sepanj Series - Teaser Episode 27,https://www.youtube.com/watch?v=pE4RVDLltMc
سریال اکنون - قسمت 5 | Aknoon Series - Episode 5,https://www.youtube.com/watch?v=hIUtOCj4-1c
فقط خفه می شی میگی اطلاعی ندارم - سریال تاسیان,https://www.youtube.com/watch?v=rANKyytM8YU
بچه سر تهش حکایته #shorts,https://www.youtube.com/watch?v=fQFnHKuk9gU
تماشای رایگان قسمت چهاردهم فصل جدید «ممیزی» در کانال یوتیوب تلویکا #shorts,https://www.youtube.com/watch?v=N54RAtODHEA
سریال ممیزی - فصل 4 - قسمت 14 | Serial Momayyezi - Season 4 - Episode 14,https://www.youtube.com/watch?v=GbEAzkDwk7k
تماشای رایگان قسمت چهارم «برنامه اکنون» در کانال یوتیوب تلویکا #shorts,https://www.youtube.com/watch?v=mlrOxEohotw
سریال اکنون - قسمت 4 | Aknoon Series - Episode 4,https://www.youtube.com/watch?v=TTfui68J64U
سریال ممیزی - فصل 4 - تیزر قسمت 15 | Serial Momayyezi - Season 4 - Teaser Episode 15,https://www.youtube.com/watch?v=UKW2YHH8Zjc
تماشای رایگان قسمت سوم «برنامه اکنون» در کانال یوتیوب تلویکا #shorts,https://www.youtube.com/watch?v=oHT8nMRxRxM
سریال اکنون - قسمت 3 | Aknoon Series - Episode 3,https://www.youtube.com/watch?v=Bi1XWm80aCQ
تماشای رایگان قسمت دوم «برنامه اکنون» در کانال یوتیوب تلویکا #shorts,https://www.youtube.com/watch?v=OgsA4pRd4oY
سریال اکنون - قسمت 2 | Aknoon Series - Episode 2,https://www.youtube.com/watch?v=DzHMqi3PUys
سریال اکنون - تیزر قسمت 16 | Aknoon Series - Teaser Episode 16,https://www.youtube.com/watch?v=8Q6bbjGyebM
عبدالجبار کاکایی: این عکس همه چیز منه - سریال اکنون,https://www.youtube.com/watch?v=CZBUO_KIe3I
می‌گن حافظ بعضی از اشعارش، قول بوده #shorts,https://www.youtube.com/watch?v=KlRbM7I7wDM
جایزه 400 میلیونی اینجاست #shorts,https://www.youtube.com/watch?v=WROpfwi-iGA
سریال صداتو - فصل 1 - قسمت 10 | Sedato Series - Season 1 - Episode 10,https://www.youtube.com/watch?v=T8pruVrZr3I
خوانندگان آینده - سریال صداتو - فصل 3,https://www.youtube.com/watch?v=8W2mSxseoqU
سفت حرف نزنین #shorts,https://www.youtube.com/watch?v=fI4SWjmC9tk
انسان بودن! - سریال سپنج,https://www.youtube.com/watch?v=W9YksNMmDbI
انگلیسی ها کاملا بلد بودند فارسی صحبت کنند #shorts,https://www.youtube.com/watch?v=tooHutuQ_EA
سریال صداتو - فصل 3 - تیزر قسمت 2 | Sedato Series - Season 3 - Teaser Episode 2,https://www.youtube.com/watch?v=TJjhx-tKeWw
سریال سپنج - تیزر قسمت 26 | Sepanj Series - Teaser Episode 26,https://www.youtube.com/watch?v=asx4EGa9Ax0
من امشب آزاد میشم؟ - سریال تاسیان,https://www.youtube.com/watch?v=s8SCarrFFTo
امیر، شلوارش رو هم نمی‌تونه بالا بکشه، بره مامور بشه؟! #shorts,https://www.youtube.com/watch?v=Fy-6T-iAABw
تماشای رایگان قسمت سیزدهم فصل جدید «ممیزی» در کانال یوتیوب تلویکا #shorts,https://www.youtube.com/watch?v=WtOsA4NpQwY
سریال ممیزی - فصل 4 - قسمت 13 | Serial Momayyezi - Season 4 - Episode 13,https://www.youtube.com/watch?v=Ef3ndq_mBlE
سریال شبهای مافیا زودیاک - فصل 1 - قسمت 6 | Shabhaye Mafia Zodiac - Season 1 - Episode 6,https://www.youtube.com/watch?v=LpeK9XI0dPw
مراسم پیش از گوش دادن به موسیقی #shorts,https://www.youtube.com/watch?v=kMayvOdMPlU
حمید علیدوستی: دلیل نام ترانه دخترم - سریال اکنون,https://www.youtube.com/watch?v=cYCppo8D1Mg
سریال اکنون - تیزر قسمت 15 | Aknoon Series - Teaser Episode 15,https://www.youtube.com/watch?v=_wDevH2YAaE
سریال صداتو - فصل 3 - تیزر پیانو | Sedato Series - Season 3 - Teaser,https://www.youtube.com/watch?v=WltY6xpn80E
من گناه دارم ترسیدم - سریال صداتو - فصل 3,https://www.youtube.com/watch?v=87W3z2PiQoY
شصت، پرید #shorts,https://www.youtube.com/watch?v=Ltw-7-15awk
هم اکنون صداتو فصل 3 قسمت 1 #shorts,https://www.youtube.com/watch?v=sIA1hJ2H8k0
افتخار به فارسی چی‌ میشه؟ #shorts,https://www.youtube.com/watch?v=e9e5XLSUZ0A
پرسشی دشوار - سریال سپنج,https://www.youtube.com/watch?v=0zp8b1g9XMU
مستند شناسنامه - قسمت 2 | Shenasnameh Documentary - Episode 2,https://www.youtube.com/watch?v=xQazAyf-TCo
سریال پیکولو - قسمت 17 | Pikolo Series - Episode 17,https://www.youtube.com/watch?v=olpUyrZB8Zw
نخوریش ها، حیفه! - سریال شام ایرانی 3 - فصل 5,https://www.youtube.com/watch?v=Gbfp4zDpp2Q
اگر جایزه نمی‌دن، خودمون گلریزون کنیم #shorts,https://www.youtube.com/watch?v=s0s7yodnl9Q
سریال صداتو - فصل 3 - تیزر | Sedato Series - Season 3 - Teaser,https://www.youtube.com/watch?v=Fub7tLi6Sr8
سریال شام ایرانی 3 - فصل 5 - تیزر قسمت 4 | Shame Irani 3 - Season 5 - Teaser Episode 4,https://www.youtube.com/watch?v=GSvgKuvv7bo
صداتو 3 به زودی از کانال تلویکا #shorts,https://www.youtube.com/watch?v=ZIrhbXoklf8
سریال تاسیان - دومین تیزر قسمت 3 | Tasiyan Series - Teaser Episode 3,https://www.youtube.com/watch?v=6VqqcasWONc
سریال ممیزی - فصل 4 - تیزر قسمت 13 | Serial Momayyezi - Season 4 - Teaser Episode 13,https://www.youtube.com/watch?v=a5YnmSq7-f8
بیا بریم کوه #shorts,https://www.youtube.com/watch?v=mj2_TmHNirs
جواد عزتی و رعنا آزادی ور در فیلم سینمایی زخم کاری بازگشت | Zakhm Kari Bazgasht Movie,https://www.youtube.com/watch?v=CcjnoKe3HEE
مستند شناسنامه - قسمت 1 | Shenasnameh Documentary - Episode 1,https://www.youtube.com/watch?v=91Podd0R8CY
سریال ساخت ایران - فصل 3 - قسمت 20 | Sakhte Iran Series - Season 3 - Episode 20,https://www.youtube.com/watch?v=qDJeA_wGLlg
سریال ساخت ایران - فصل 3 - قسمت 21 (قسمت آخر) | Sakhte Iran Series - Season 3 - Episode 21,https://www.youtube.com/watch?v=VYQu5BKWCCM
سریال یاغی - قسمت 13 | Yaghi Series - Episode 13,https://www.youtube.com/watch?v=4aN2KmjP_tk
سریال یاغی - قسمت 9 | Yaghi Series - Episode 9,https://www.youtube.com/watch?v=9UluTMdnH9g
سریال یاغی - قسمت 12 | Yaghi Series - Episode 12,https://www.youtube.com/watch?v=vDdZ3MFQNoo
سریال یاغی - قسمت 10 | Yaghi Series - Episode 10,https://www.youtube.com/watch?v=8GEdD0Bv3DU
سریال یاغی - قسمت 15 | Yaghi Series - Episode 15,https://www.youtube.com/watch?v=anqCWNy3-gg
سریال یاغی - قسمت 16 | Yaghi Series - Episode 16,https://www.youtube.com/watch?v=cAtxq2NOAOk
سریال یاغی - قسمت 17 | Yaghi Series - Episode 17,https://www.youtube.com/watch?v=caY1r9St8DQ
سریال یاغی - قسمت 18 | Yaghi Series - Episode 18,https://www.youtube.com/watch?v=jGySkA1lhZk
سریال یاغی - قسمت 14 | Yaghi Series - Episode 14,https://www.youtube.com/watch?v=nPtc1dsAsTg
سریال یاغی - قسمت 19 | Yaghi Series - Episode 19,https://www.youtube.com/watch?v=tKqNRVAITXQ
سریال یاغی - قسمت 20 (قسمت آخر) | Yaghi Series - Episode 20,https://www.youtube.com/watch?v=xgpnC7IzzAU
سریال یاغی - قسمت 11 | Yaghi Series - Episode 11,https://www.youtube.com/watch?v=zCTmIRcOjcQ
سریال بی گناه - قسمت 19 | Bigonah Series - Episode 19,https://www.youtube.com/watch?v=YOwoHySG7C0
سریال بی گناه - قسمت 17 | Bigonah Series - Episode 17,https://www.youtube.com/watch?v=fCV96s7KhGM
سریال بی گناه - قسمت 20 | Bigonah Series - Episode 20,https://www.youtube.com/watch?v=kk2JuAnkmjA
سریال بی گناه - قسمت 16 | Bigonah Series - Episode 16,https://www.youtube.com/watch?v=oOmwVOHPxPA
سریال بی گناه - قسمت 22 | Bigonah Series - Episode 22,https://www.youtube.com/watch?v=tw2qfFOkVoE
سریال بی گناه - قسمت 23 (قسمت آخر) | Bigonah Series - Episode 23,https://www.youtube.com/watch?v=CDdfgqwxzqw
سریال بی گناه - قسمت 18 | Bigonah Series - Episode 18,https://www.youtube.com/watch?v=Ljx6M8TApcM
سریال بی گناه - قسمت 21 | Bigonah Series - Episode 21,https://www.youtube.com/watch?v=RjuzwUxq6QU
سریال سقوط - قسمت 9 (قسمت آخر) | Soghoot Series - Episode 9,https://www.youtube.com/watch?v=sCPtTdYVX04
سریال سقوط - قسمت 7 | Soghoot Series - Episode 7,https://www.youtube.com/watch?v=BpTtKnNj2qM
سریال سقوط - قسمت 8 | Soghoot Series - Episode 8,https://www.youtube.com/watch?v=budSmBJcA7I
سریال رهایم کن - قسمت 12 | Rahayam Kon Series - Episode 12,https://www.youtube.com/watch?v=MCdKq3NOPvc
سریال رهایم کن - قسمت 10 | Rahayam Kon Series - Episode 10,https://www.youtube.com/watch?v=4ZNEOakqXjU
سریال رهایم کن - قسمت 15 | Rahayam Kon Series - Episode 15,https://www.youtube.com/watch?v=DKdQerDC9qU
سریال رهایم کن - قسمت 14 | Rahayam Kon Series - Episode 14,https://www.youtube.com/watch?v=Xg9YHoUBDAw
سریال رهایم کن - قسمت 13 | Rahayam Kon Series - Episode 13,https://www.youtube.com/watch?v=YEEFtfsu6ng
سریال رهایم کن - قسمت 17 | Rahayam Kon Series - Episode 17,https://www.youtube.com/watch?v=a5rjhHeW-mU
سریال رهایم کن - قسمت 9 | Rahayam Kon Series - Episode 9,https://www.youtube.com/watch?v=g3JQOA_I2S0
سریال رهایم کن - قسمت 18 (قسمت آخر) | Rahayam Kon Series - Episode 18,https://www.youtube.com/watch?v=n5KSbHGZnxw
سریال رهایم کن - قسمت 16 | Rahayam Kon Series - Episode16,https://www.youtube.com/watch?v=uGtHQ-M4SYc
سریال رهایم کن - قسمت 11 | Rahayam Kon Series - Episode 11,https://www.youtube.com/watch?v=yVeWJRCVK8o
سریال نیوکمپ - قسمت 7 | Camp Nou Series - Episode 7,https://www.youtube.com/watch?v=8O_seVkEWzk
سریال نیوکمپ - قسمت 8 | Camp Nou Series - Episode 8,https://www.youtube.com/watch?v=ShKzgNiAhoI
سریال نیوکمپ - قسمت 9 | Camp Nou Series - Episode 9,https://www.youtube.com/watch?v=XCN-iYdsiG8
سریال نیوکمپ - قسمت 10 (قسمت آخر) | Camp Nou Series - Episode 10,https://www.youtube.com/watch?v=gFlVmNHmVyI
سریال صداتو - فصل 1 - قسمت 9 | Sedato Series - Season 1 - Episode 9,https://www.youtube.com/watch?v=oaH8dAEubtE
سریال صداتو - فصل 1 - قسمت 12 (قسمت آخر) | Sedato Series - Season 1 - Episode 12,https://www.youtube.com/watch?v=5NnDYPP8MFM
سریال صداتو - فصل 2 - قسمت 10 | Sedato Series - Season 2 - Episode 10,https://www.youtube.com/watch?v=7YkP3iLgIeI
سریال صداتو - فصل 2 - قسمت 1 | Sedato Series - Season 2 - Episode 1,https://www.youtube.com/watch?v=TTj-CAheXpM
سریال صداتو - فصل 1 - قسمت 8 | Sedato Series - Season 1 - Episode 8,https://www.youtube.com/watch?v=Y6q4_CtpjPs
سریال صداتو - فصل 1 - قسمت 11 | Sedato Series - Season 1 - Episode 11,https://www.youtube.com/watch?v=YlZL5nrugqM
سریال صداتو - فصل 1 - قسمت 7 | Sedato Series - Season 1 - Episode 7,https://www.youtube.com/watch?v=lZLEIyf0Mxo
سریال پیکولو - قسمت 12 | Pikolo Series - Episode 12,https://www.youtube.com/watch?v=wEIe7vAWQqg
سریال پیکولو - قسمت 3 | Pikolo Series - Episode 3,https://www.youtube.com/watch?v=xyVg23Lo4xU
سریال پیکولو - قسمت 14 | Pikolo Series - Episode 14,https://www.youtube.com/watch?v=zG5Gwrw4qIY
سریال پیکولو - قسمت 7 | Pikolo Series - Episode 7,https://www.youtube.com/watch?v=esGz1CamDGI
سریال پیکولو - قسمت 6 | Pikolo Series - Episode 6,https://www.youtube.com/watch?v=NOOCGWrgmqQ
سریال پیکولو - قسمت 22 | Pikolo Series - Episode 22,https://www.youtube.com/watch?v=VM03nfC1uoI
سریال پیکولو - قسمت 20 | Pikolo Series - Episode 20,https://www.youtube.com/watch?v=WbgJIGFyAnM
سریال پیکولو - قسمت 23 | Pikolo Series - Episode 23,https://www.youtube.com/watch?v=Y7SjZq5DmtU
سریال پیکولو - قسمت 13 | Pikolo Series - Episode 13,https://www.youtube.com/watch?v=eANgScIJAFo
سریال پیکولو - قسمت 10 | Pikolo Series - Episode 10,https://www.youtube.com/watch?v=f32EAJOOyH0
سریال پیکولو - قسمت 15 | Pikolo Series - Episode 15,https://www.youtube.com/watch?v=fP0AnhrDIWY
سریال پیکولو - قسمت 11 | Pikolo Series - Episode 11,https://www.youtube.com/watch?v=gE-AW94i5C0
سریال پیکولو - قسمت 9 | Pikolo Series - Episode 9,https://www.youtube.com/watch?v=j9AF8gZiqSA
سریال پیکولو - قسمت 8 | Pikolo Series - Episode 8,https://www.youtube.com/watch?v=-fvIzxl2KN0
سریال پیکولو - قسمت 25 (قسمت آخر) | Pikolo Series - Episode 25,https://www.youtube.com/watch?v=1ywmbF8tR7Q
سریال پیکولو - قسمت 4 | Pikolo Series - Episode 4,https://www.youtube.com/watch?v=380iiLTa20s
سریال پیکولو - قسمت 19 | Pikolo Series - Episode 19,https://www.youtube.com/watch?v=3RI4SZjRy6o
سریال پیکولو - قسمت 24 | Pikolo Series - Episode 24,https://www.youtube.com/watch?v=B7zg-cRuB1k
سریال پیکولو - قسمت 21 | Pikolo Series - Episode 21,https://www.youtube.com/watch?v=CM6ZEIjhEBs
سریال پیکولو - قسمت 2 | Pikolo Series - Episode 2,https://www.youtube.com/watch?v=J87jGkmI7uU
سریال پیکولو - قسمت 16 | Pikolo Series - Episode 16,https://www.youtube.com/watch?v=K0jQOKpVO-Y
سریال پیکولو - قسمت 18 | Pikolo Series - Episode 18,https://www.youtube.com/watch?v=MjFtSbyYYmI
سریال پیکولو - قسمت 5 | Pikolo Series - Episode 5,https://www.youtube.com/watch?v=NE4t7uP58a4
سریال شبهای مافیا زودیاک - فصل 1 - قسمت 11 | Shabhaye Mafia Zodiac - Season 1 - Episode 11,https://www.youtube.com/watch?v=-ZYSmYoravc
سریال شبهای مافیا زودیاک - فصل 1 - قسمت 8 | Shabhaye Mafia Zodiac - Season 1 - Episode 8,https://www.youtube.com/watch?v=Ltgf7Ol7RCc
سریال شبهای مافیا زودیاک - فصل 1 - قسمت 12 (قسمت آخر)| Shabhaye Mafia Zodiac - Season 1 - Episode 12,https://www.youtube.com/watch?v=M2ZbfyPm_o0
سریال شبهای مافیا زودیاک - فصل 1 - قسمت 9 | Shabhaye Mafia Zodiac - Season 1 - Episode 9,https://www.youtube.com/watch?v=_woDQDPrwHg
سریال شبهای مافیا زودیاک - فصل 1 - قسمت 10 | Shabhaye Mafia Zodiac - Season 1 - Episode 10,https://www.youtube.com/watch?v=nHbZomRrmDc
سریال حیثیت گمشده - قسمت 7 | Heysiate Gomshode Series - Episode 7,https://www.youtube.com/watch?v=2tfGiueOdcw
سریال حیثیت گمشده - قسمت 8 | Heysiate Gomshode Series - Episode 8,https://www.youtube.com/watch?v=Yafg7EY-wGY
سریال حیثیت گمشده - قسمت 9 (قسمت آخر) | Heysiate Gomshode Series - Episode 9,https://www.youtube.com/watch?v=szGb9LMM9v0
سریال 2شات - قسمت 40 | 2Shot Series - Episode 40,https://www.youtube.com/watch?v=-G5vN-BqLcQ
سریال 2شات - قسمت 38 | 2Shot Series - Episode 38,https://www.youtube.com/watch?v=8kSwUjvDTqE
سریال 2شات - قسمت 35 | 2Shot Series - Episode 35,https://www.youtube.com/watch?v=C_8jKKAIeG0
سریال 2شات - قسمت 33 | 2Shot Series - Episode 33,https://www.youtube.com/watch?v=lNiPU6Knq_M
سریال 2شات - قسمت 37 | 2Shot Series - Episode 37,https://www.youtube.com/watch?v=vN2-WRz81JI
سریال 2شات - قسمت 24 | 2Shot Series - Episode 24,https://www.youtube.com/watch?v=5eTM7g3OZKo
سریال 2شات - قسمت 26 | 2Shot Series - Episode 26,https://www.youtube.com/watch?v=YWPVV1JkSTE
سریال 2شات - قسمت 23 | 2Shot Series - Episode 23,https://www.youtube.com/watch?v=rvs1NK3SRYY
سریال 2شات - قسمت 17 | 2Shot Series - Episode 17,https://www.youtube.com/watch?v=iX6xcC1kzuY
سریال 2شات - قسمت 11 | 2Shot Series - Episode 11,https://www.youtube.com/watch?v=jzBrZbOlSIg
سریال 2شات - قسمت 9 | 2Shot Series - Episode 9,https://www.youtube.com/watch?v=kc74qzeRMa4
سریال 2شات - قسمت 31 | 2Shot Series - Episode 31,https://www.youtube.com/watch?v=ltkZfaRt-Mw
سریال 2شات - قسمت 16 | 2Shot Series - Episode 16,https://www.youtube.com/watch?v=m5_HCH7XlQI
سریال 2شات - قسمت 7 | 2Shot Series - Episode 7,https://www.youtube.com/watch?v=miUd8VrgP2o
سریال 2شات - قسمت 3 | 2Shot Series - Episode 3,https://www.youtube.com/watch?v=o8VeIZL1vcM
سریال 2شات - قسمت 14 | 2Shot Series - Episode 14,https://www.youtube.com/watch?v=tPRdztSwfJ4
سریال 2شات - قسمت 6 | 2Shot Series - Episode 6,https://www.youtube.com/watch?v=vVId61z6IVk
سریال 2شات - قسمت 21 | 2Shot Series - Episode 21,https://www.youtube.com/watch?v=ynX6-EdtcT8
سریال 2شات - قسمت 19 | 2Shot Series - Episode 19,https://www.youtube.com/watch?v=zMuBpDJjnio
سریال 2شات - قسمت 30 | 2Shot Series - Episode 30,https://www.youtube.com/watch?v=MDgqXAy4VLQ
سریال 2شات - قسمت 13 | 2Shot Series - Episode 13,https://www.youtube.com/watch?v=OqvH0DCHaEA
سریال 2شات - قسمت 20 | 2Shot Series - Episode 20,https://www.youtube.com/watch?v=Q7zPlRCjx5E
سریال 2شات - قسمت 36 | 2Shot Series - Episode 36,https://www.youtube.com/watch?v=S_EbBiXJxkg
سریال 2شات - قسمت 27 | 2Shot Series - Episode 27,https://www.youtube.com/watch?v=VWS7ObjWYFY
سریال 2شات - قسمت 28 | 2Shot Series - Episode 28,https://www.youtube.com/watch?v=YIxno-UYPfw
سریال 2شات - قسمت 10 | 2Shot Series - Episode 10,https://www.youtube.com/watch?v=Z-qhCDrVvDw
سریال 2شات - قسمت 25 | 2Shot Series - Episode 25,https://www.youtube.com/watch?v=_3GT38pqp-4
سریال 2شات - قسمت 4 | 2Shot Series - Episode 4,https://www.youtube.com/watch?v=b-B5_rNDgLQ
سریال 2شات - قسمت 39 | 2Shot Series - Episode 39,https://www.youtube.com/watch?v=hbCvAFW5uko
سریال 2شات - قسمت 32 | 2Shot Series - Episode 32,https://www.youtube.com/watch?v=-blzlbIzEyo
سریال 2شات - قسمت 18 | 2Shot Series - Episode 18,https://www.youtube.com/watch?v=0z50A7eQh4s
سریال 2شات - قسمت 15 | 2Shot Series - Episode 15,https://www.youtube.com/watch?v=1dieMpn_9Vs
سریال 2شات - قسمت 34 | 2Shot Series - Episode 34,https://www.youtube.com/watch?v=9ruTHqzxMUk
سریال 2شات - قسمت 2 | 2Shot Series - Episode 2,https://www.youtube.com/watch?v=BAmJsqARe9o
سریال 2شات - قسمت 12 | 2Shot Series - Episode 12,https://www.youtube.com/watch?v=BqCGFNqCAow
سریال 2شات - قسمت 22 | 2Shot Series - Episode 22,https://www.youtube.com/watch?v=D8q_lBGXkt4
سریال 2شات - قسمت 29 | 2Shot Series - Episode 29,https://www.youtube.com/watch?v=E1nyymseOG4
سریال 2شات - قسمت 5 | 2Shot Series - Episode 5,https://www.youtube.com/watch?v=F0v4TPPcGlk
سریال زخم کاری بازگشت - قسمت 9 | Zakhm Kari Bazgasht Series - Episode 9,https://www.youtube.com/watch?v=vn7FvwkBM50
سریال زخم کاری بازگشت - قسمت 8 | Zakhm Kari Bazgasht Series - Episode 8,https://www.youtube.com/watch?v=yfEF45Qh3Eo
سریال زخم کاری بازگشت - قسمت 12 | Zakhm Kari Bazgasht Series - Episode 12,https://www.youtube.com/watch?v=0evmNOPSOi8
سریال زخم کاری بازگشت - قسمت 7 | Zakhm Kari Bazgasht Series - Episode 7,https://www.youtube.com/watch?v=4Y-VU-505zg
سریال زخم کاری بازگشت - قسمت 2 | Zakhm Kari Bazgasht Series - Episode 2,https://www.youtube.com/watch?v=FKObGkRQI4c
سریال زخم کاری بازگشت - قسمت 10 | Zakhm Kari Bazgasht Series - Episode 10,https://www.youtube.com/watch?v=IiAqyHiJXEI
سریال زخم کاری بازگشت - قسمت 4 | Zakhm Kari Bazgasht Series - Episode 4,https://www.youtube.com/watch?v=Ma9Q855OuOc
سریال زخم کاری بازگشت - قسمت 5 | Zakhm Kari Bazgasht Series - Episode 5,https://www.youtube.com/watch?v=U5BvFAOBGlw
سریال زخم کاری بازگشت - قسمت 3 | Zakhm Kari Bazgasht Series - Episode 3,https://www.youtube.com/watch?v=W6qGvUlfZ2Y
سریال زخم کاری بازگشت - قسمت 6 | Zakhm Kari Bazgasht Series - Episode 6,https://www.youtube.com/watch?v=_yAUIanGkFk
سریال زخم کاری بازگشت - قسمت 11 | Zakhm Kari Bazgasht Series - Episode 11,https://www.youtube.com/watch?v=pRUbIbKJekY
سریال زخم کاری بازگشت - قسمت 13 (قسمت آخر) | Zakhm Kari Bazgasht Series - Episode 13,https://www.youtube.com/watch?v=ton72S32PE4
سریال زخم کاری - قسمت 7 | Zakhm Kari Series - Episode 7,https://www.youtube.com/watch?v=b8f16OEaMMU
سریال زخم کاری - قسمت 8 | Zakhm Kari Series - Episode 8,https://www.youtube.com/watch?v=d9qNvCYh4jE
سریال زخم کاری - قسمت 6 | Zakhm Kari Series - Episode 6,https://www.youtube.com/watch?v=tYTjb1mFyCA
سریال زخم کاری - قسمت 14 | Zakhm Kari Series - Episode 14,https://www.youtube.com/watch?v=yLB06L3U_Aw
سریال زخم کاری - قسمت 3 | Zakhm Kari Series - Episode 3,https://www.youtube.com/watch?v=14wUa8wBQg8
سریال زخم کاری - قسمت 10 | Zakhm Kari Series - Episode 10,https://www.youtube.com/watch?v=46PbCC48hJg
سریال زخم کاری - قسمت 2 | Zakhm Kari Series - Episode 2,https://www.youtube.com/watch?v=6iEUYCE0ctw
سریال زخم کاری - قسمت 4 | Zakhm Kari Series - Episode 4,https://www.youtube.com/watch?v=85WHbcn7nyU
سریال زخم کاری - قسمت 5 | Zakhm Kari Series - Episode 5,https://www.youtube.com/watch?v=GTQ5wmdku_A
سریال زخم کاری - قسمت 9 | Zakhm Kari Series - Episode 9,https://www.youtube.com/watch?v=H7RQYgGwp3o
سریال زخم کاری - قسمت 12 | Zakhm Kari Series - Episode 12,https://www.youtube.com/watch?v=OtgI8ciIIsM
سریال زخم کاری - قسمت 15 (قسمت آخر) | Zakhm Kari Series - Episode 15,https://www.youtube.com/watch?v=X4PydjSMvYg
سریال زخم کاری - قسمت 11 | Zakhm Kari Series - Episode 11,https://www.youtube.com/watch?v=XVGZ-rxqmf4
سریال زخم کاری - قسمت 13 | Zakhm Kari Series - Episode 13,https://www.youtube.com/watch?v=ZBmnpf72yG8
تماشای رایگان قسمت دوم سریال تاسیان در کانال تلویکا #shorts,https://www.youtube.com/watch?v=nPirjG8Ehp0
سریال تاسیان - قسمت 3 | Tasiyan Series - Episode 3,https://www.youtube.com/watch?v=ZrFi-Hi4GBk
تماشای رایگان قسمت سوم سریال تاسیان در کانال تلویکا #shorts,https://www.youtube.com/watch?v=DHlJe8tRbZY
سریال تاسیان - قسمت 2 | Tasiyan Series - Episode 2,https://www.youtube.com/watch?v=RTIPjOEVZIE
تماشای رایگان قسمت دوم سریال تاسیان در کانال تلویکا #shorts,https://www.youtube.com/watch?v=36A5Ihk0_v0
تماشای رایگان قسمت دوازدهم فصل جدید «ممیزی» در کانال یوتیوب تلویکا #shorts,https://www.youtube.com/watch?v=tEDQCVsiUJA
سریال ممیزی - فصل 4 - قسمت 12 | Serial Momayyezi - Season 4 - Episode 12,https://www.youtube.com/watch?v=WcJQQzCU8TY
حرکات نامنظم شاه ماهی سینمای ایران - سریال جوکر 2 - فصل 5,https://www.youtube.com/watch?v=2Mk38b2b5R8
قسمت آخر فینالِ مردانِ جوکر 2 #shorts,https://www.youtube.com/watch?v=7YtMeRQz71A
سریال جوکر 2 - فصل 5 - تیزر قسمت 6 | Joker 2 - Season 5 - Teaser Episode 6,https://www.youtube.com/watch?v=ljlexC56Yxc
نهال تجدد 47 سال دور از وطن - سریال اکنون,https://www.youtube.com/watch?v=e6FLnIDex2k
سه تا غول، سه تا غولِ عجیب و غریب #shorts,https://www.youtube.com/watch?v=N3fhSJgzilI
سریال اکنون - تیزر قسمت 14 | Aknoon Series - Teaser Episode 14,https://www.youtube.com/watch?v=6SZsa2a3xY0
چرا بازی بازی می‌کنی #shorts,https://www.youtube.com/watch?v=-VDn0OWCu7U
تولد مامان لادن داورا یواشکی آشپزی کردن - سریال شام ایرانی 3 - فصل 5,https://www.youtube.com/watch?v=ZR6eVYrOTnM
سریال شام ایرانی 3 - فصل 5 - تیزر قسمت 3 | Shame Irani 3 - Season 5 - Teaser Episode 3,https://www.youtube.com/watch?v=23HDSBWi-T0
سریال ممیزی - فصل 4 - تیزر قسمت 12 | Serial Momayyezi - Season 4 - Teaser Episode 12,https://www.youtube.com/watch?v=EWCaOSDXFSw
سریال تاسیان - اولین تیزر قسمت 3 | Tasiyan Series - Teaser Episode 3,https://www.youtube.com/watch?v=FPB0iD4eOMc
تماشای رایگان قسمت اول سریال تاسیان در کانال یوتیوب تلویکا #shorts,https://www.youtube.com/watch?v=cpmgyQZuvw4
سریال تاسیان - قسمت 1 | Tasiyan Series - Episode 1,https://www.youtube.com/watch?v=lBQfBKQ2-L4
من به هدفی که می خوام می رسم - سریال تاسیان,https://www.youtube.com/watch?v=JjrRI6xDb6I
من آمده ام وای وای، من آمده ام #shorts,https://www.youtube.com/watch?v=Z1YFxjYxo8A
تماشای رایگان قسمت یازدهم فصل چهارم «ممیزی» در کانال یوتیوب تلویکا #shorts,https://www.youtube.com/watch?v=W7S1p5wmLDw
سریال ممیزی - فصل 4 - قسمت 11 | Serial Momayyezi - Season 4 - Episode 11,https://www.youtube.com/watch?v=TwDiqIgUzno
من سندروم پشت بی‌قرار دارم #shorts,https://www.youtube.com/watch?v=_H1M53i075k
عروسی برای آقا رشید - سریال جوکر 2 - فصل 5,https://www.youtube.com/watch?v=BjGznPnSkTU
سریال جوکر 2 - فصل 5 - تیزر قسمت 5 | Joker 2 - Season 5 - Teaser Episode 5,https://www.youtube.com/watch?v=1LiNM_VGEDI
ایران با تهدید روبرو شده! - سریال اکنون,https://www.youtube.com/watch?v=NgGTLeBhee4
ما خیلی خوشبختیم، که با سعدی رفاقت می‌کنیم #shorts,https://www.youtube.com/watch?v=wE9OeaJNnhM
سریال اکنون - تیزر قسمت 13 | Aknoon Series - Teaser Episode 13,https://www.youtube.com/watch?v=SMNw-tfsHjU
این غذا ایراد داره - سریال شام ایرانی 3 - فصل 5,https://www.youtube.com/watch?v=S4KxVdyyS1c
بهترین پارتنرم یک بز بود #shorts,https://www.youtube.com/watch?v=pEEr_JY_Ho8
سریال شام ایرانی 3 - فصل 5 - تیزر قسمت 2 | Shame Irani 3 - Season 5 - Teaser Episode 2,https://www.youtube.com/watch?v=1uBpj6NTPRg
سریال ممیزی - فصل 4 - تیزر قسمت 11 | Serial Momayyezi - Season 4 - Teaser Episode 11,https://www.youtube.com/watch?v=PMAECfZCthM
بزرگ شدم بذار بارم رو خودم بکشم - سریال تاسیان,https://www.youtube.com/watch?v=Km-cmeyh1aA
داداش ببخشید، ببخشید امیر، غلط کردم ببخشید #shorts,https://www.youtube.com/watch?v=P1KqdSciPsU
تماشای رایگان قسمت دهم فصل جدید «ممیزی» در کانال یوتیوب تلویکا #shorts,https://www.youtube.com/watch?v=ZpXf_q2ABlQ
سریال ممیزی - فصل 4 - قسمت 10 | Serial Momayyezi - Season 4 - Episode 10,https://www.youtube.com/watch?v=GF5aJtM2Ql0
اعتراض در جوکر آقایان - سریال جوکر 2 - فصل 5,https://www.youtube.com/watch?v=IC3OsjYAr08
فقط هم با کیش حال می‌کنه علی #shorts,https://www.youtube.com/watch?v=rfXTJGn_IUM
سریال جوکر 2 - فصل 5 - تیزر قسمت 4 | Joker 2 - Season 5 - Teaser Episode 4,https://www.youtube.com/watch?v=Fr6n8yCn-bY
یه روزهایی، دلت میخواد هیچ کاری انجام ندی #shorts,https://www.youtube.com/watch?v=DUWEOff-zdU
ضرر کردن اصولا خیلی دردناکه - سریال اکنون,https://www.youtube.com/watch?v=ELUaIL7zEHA
سریال اکنون - تیزر قسمت 12 | Aknoon Series - Teaser Episode 12,https://www.youtube.com/watch?v=n6wux7_X9-E
آبگوشت برای سه وعده #shorts,https://www.youtube.com/watch?v=_dN7qUfSUwU
به خاطر دستپخت تو نه صبحونه خوردم، نه ناهار - سریال شام ایرانی 3 - فصل 5,https://www.youtube.com/watch?v=Wpg12F4x9aU
سریال شام ایرانی 3 - فصل 5 - تیزر قسمت 1 | Shame Irani 3 - Season 5 - Teaser Episode 1,https://www.youtube.com/watch?v=2Z9KI8UHyFs
سرد شدی درد شدی #shorts,https://www.youtube.com/watch?v=jRIKjHfCsF4
سریال ممیزی - فصل 4 - تیزر قسمت 10 | Serial Momayyezi - Season 4 - Teaser Episode 10,https://www.youtube.com/watch?v=RPPhaxuAAsM
تو منو نمیشناسی؟ - سریال تاسیان,https://www.youtube.com/watch?v=p03pRuvyFIY
کجا می ری روز تولدی؟ #shorts,https://www.youtube.com/watch?v=y0DAwGG_uGQ
سریال ممیزی - فصل 4 - قسمت 9 | Serial Momayyezi - Season 4 - Episode 9,https://www.youtube.com/watch?v=lT-VSH60y-w
تماشای رایگان قسمت نهم فصل جدید «ممیزی» در کانال یوتیوب تلویکا #shorts,https://www.youtube.com/watch?v=CT2HZCvnRzw
تغییر تاریخ با مگس - سریال جوکر 2 - فصل 5,https://www.youtube.com/watch?v=OBqhtYVCc4Y
یه وِرد دبل بخونید #shorts,https://www.youtube.com/watch?v=mdEhSVSoW2s
سریال جوکر 2 - فصل 5 - تیزر قسمت 3 | Joker 2 - Season 5 - Teaser Episode 3,https://www.youtube.com/watch?v=TWexRIoq1ZY
کیارستمی مثل پدر بود برای من - سریال اکنون,https://www.youtube.com/watch?v=JT3ledFdoGA
تعریف عشق از زبانِ بابک کریمی #shorts,https://www.youtube.com/watch?v=X97r2a4Za_U
سریال اکنون - تیزر قسمت 11 | Aknoon Series - Teaser Episode 11,https://www.youtube.com/watch?v=gLCZFZ_uL4I
سریال تاسیان - چهارمین تیزر | Tasiyan Series - Teaser,https://www.youtube.com/watch?v=kxq-qaHsUVY
نوشیدنی نشاط آور - سریال شام ایرانی 3 - فصل 4,https://www.youtube.com/watch?v=p1wtzFcR0SY
این دسر مال چکوسلواکیه... #shorts,https://www.youtube.com/watch?v=bYP_22YzvH4
سریال شام ایرانی 3 - فصل 4 - تیزر قسمت 4 | Shame Irani 3 - Season 4 - Teaser Episode 4,https://www.youtube.com/watch?v=kLaf2tkistE
ببین من عمرا بذارم تو این ترکیب رو نگه داری #shorts,https://www.youtube.com/watch?v=TK5IdqPyRsA
سریال ممیزی - فصل 4 - تیزر قسمت 9 | Serial Momayyezi - Season 4 - Teaser Episode 9,https://www.youtube.com/watch?v=XB-W3GYvZQk
حالم از همتون بهم می‌خوره - سریال زخم کاری مجازات,https://www.youtube.com/watch?v=WopTvqzJ8NM
آخرین قسمت زخم کاری: مجازات #shorts,https://www.youtube.com/watch?v=ZaLhN78zPoQ
تماشای رایگان قسمت هشتم فصل جدید «ممیزی» در کانال یوتیوب تلویکا #shorts,https://www.youtube.com/watch?v=oVbsRUIgzXc
سریال زخم کاری مجازات - تیزر قسمت 9 | Zakhm Kari Mojazat Series - Teaser Episode 9,https://www.youtube.com/watch?v=HjGhS9H6Yc4
تندیس جوکر تایم - سریال جوکر 2 - فصل 5,https://www.youtube.com/watch?v=dRKD2CMm4S4
سریال جوکر 2 - فصل 5 - تیزر قسمت 2 | Joker 2 - Season 5 - Teaser Episode 2,https://www.youtube.com/watch?v=Wj3GZu-87Uc
خالی بازی کن #shorts,https://www.youtube.com/watch?v=SKVUaR2fSpw
دکتر بئاتریس سالاس: شاهنامه، بازی تاج و تخت، ارباب حلقه ها - سریال اکنون,https://www.youtube.com/watch?v=0Tp7uugBZVQ
یکی از آرزوهام #shorts,https://www.youtube.com/watch?v=bTRQuYmv4R4
سریال اکنون - تیزر قسمت 10 | Aknoon Series - Teaser Episode 10,https://www.youtube.com/watch?v=zWzetTuepI0
سریال شام ایرانی 3 - فصل 4 - تیزر قسمت 3 | Shame Irani 3 - Season 4 - Teaser Episode 3,https://www.youtube.com/watch?v=-GytmxYi3cY
وقتی مهمون آدرس اشتباهی می گیره - سریال شام ایرانی 3 - فصل 4,https://www.youtube.com/watch?v=x1_EUdzwuBw
جایزه یک و نیم میلیاردی #shorts,https://www.youtube.com/watch?v=me6r_fso5jQ
سریال تاسیان - سومین تیزر | Tasiyan Series - Teaser,https://www.youtube.com/watch?v=MMlu0Ht6Uc4
سریال ممیزی - فصل 4 - قسمت 8 | Serial Momayyezi - Season 4 - Episode 8,https://www.youtube.com/watch?v=qU_aL7-l_x0
سریال ممیزی - فصل 4 - تیزر قسمت 8 | Serial Momayyezi - Season 4 - Teaser Episode 8,https://www.youtube.com/watch?v=o06jjjcLPF8
حق با سمیرا بود #shorts,https://www.youtube.com/watch?v=XqTPH4iYDv8
پانی دنبال انتقامه! - سریال زخم کاری مجازات,https://www.youtube.com/watch?v=iME76S84K50
سریال ممیزی - فصل 4 - قسمت 7 | Serial Momayyezi - Season 4 - Episode 7,https://www.youtube.com/watch?v=gIIcpd1QX1g
تماشای رایگان قسمت هفتم فصل جدید «ممیزی» در کانال یوتیوب تلویکا #shorts,https://www.youtube.com/watch?v=IM15gcstpBc
سریال زخم کاری مجازات - تیزر قسمت 8 | Zakhm Kari Mojazat Series - Teaser Episode 8,https://www.youtube.com/watch?v=SXHUuB4c82M
من به میل مالک میرم جلو #shorts,https://www.youtube.com/watch?v=4dLGLPQFAyw
سانسور در فینال جوکر - سریال جوکر 2 - فصل 5,https://www.youtube.com/watch?v=Hbjxv0bizpE
عاشقانِ کالباس در فینال جوکر :)) #shorts,https://www.youtube.com/watch?v=xGHQUgHhT7Y
سریال اکنون - تیزر قسمت 9 | Aknoon Series - Teaser Episode 9,https://www.youtube.com/watch?v=pWj-BgGmRck
سریال جوکر 2 - فصل 5 - تیزر قسمت 1 | Joker 2 - Season 5 - Teaser Episode 1,https://www.youtube.com/watch?v=BGH4ttcffog
دوستیِ درست خیلی مهمه #shorts,https://www.youtube.com/watch?v=v1OA3l98Db4
ابراهیم حقیقی: من قصه نویس نیستم - سریال اکنون,https://www.youtube.com/watch?v=jbrRsr2z3Zw
قیمت ها رو که به مهمون نمی گن - سریال شام ایرانی 3 - فصل 4,https://www.youtube.com/watch?v=r6jJ_6RfADY
می‌گه کم خونی داری #shorts,https://www.youtube.com/watch?v=35UL1qlxGE0
محمدرضا علیمردانی - موزیک ویدیو سریال جوکر 2 - فصل 5 | Mohammadreza Alimardani - Joker 2,https://www.youtube.com/watch?v=dkMsfSSgbo8
سریال شام ایرانی 3 - فصل 4 - تیزر قسمت 2 | Shame Irani 3 - Season 4 - Teaser Episode 2,https://www.youtube.com/watch?v=3_yaFNuUF0k
سریال ممیزی - فصل 4 - تیزر قسمت 7 | Serial Momayyezi - Season 4 - Teaser Episode 7,https://www.youtube.com/watch?v=dT14oGkNOFE
تنها برو پیشش #shorts,https://www.youtube.com/watch?v=zzjrP9nnb0Y
خودت می‌دونی از زنت خوشم نمیاد #shorts,https://www.youtube.com/watch?v=1diD2IYEmDQ
برگرد سر کارت ولی بی سر و صدا - سریال زخم کاری مجازات,https://www.youtube.com/watch?v=6XPn9i_Jueg
سریال ممیزی - فصل 4 - قسمت 6 | Serial Momayyezi - Season 4 - Episode 6,https://www.youtube.com/watch?v=te2Mb4xbkDM
تماشای رایگان قسمت ششم فصل جدید «ممیزی» در کانال یوتیوب تلویکا #shorts,https://www.youtube.com/watch?v=v4K7R7BNNmI
سریال زخم کاری مجازات - تیزر قسمت 7 | Zakhm Kari Mojazat Series - Teaser Episode 7,https://www.youtube.com/watch?v=UHzmRqHa4Dw
خیلی راحت اشک می ریزم - سریال اکنون,https://www.youtube.com/watch?v=QTdzAu3E2ig
مادرم، همراه من سریال تماشا می‌کرد #shorts,https://www.youtube.com/watch?v=WYF0T0aINNQ
سریال اکنون - تیزر قسمت 8 | Aknoon Series - Teaser Episode 8,https://www.youtube.com/watch?v=JZHAZr_-2Tg
آشپزیه دیگه، دست کار می کنه دل زمزمه - سریال شام ایرانی 3 - فصل 4,https://www.youtube.com/watch?v=cs_JPxHQSmc
جو غالب چیه #shorts,https://www.youtube.com/watch?v=mf54C8C61N8
سریال شام ایرانی 3 - فصل 4 - تیزر قسمت 1 | Shame Irani 3 - Season 4 - Teaser Episode 1,https://www.youtube.com/watch?v=1tvOV5aWeGk
سریال ممیزی - فصل 4 - تیزر قسمت 6 | Serial Momayyezi - Season 4 - Teaser Episode 6,https://www.youtube.com/watch?v=hIsyIRV8dMs
خبر خوبی دارم برات - سریال زخم کاری مجازات,https://www.youtube.com/watch?v=b9XZscdM4BA
چیه؟ چرا بد اخلاقی؟ #shorts,https://www.youtube.com/watch?v=0taGU2UAXm4
سریال ممیزی - فصل 4 - قسمت 5 | Serial Momayyezi - Season 4 - Episode 5,https://www.youtube.com/watch?v=ezvRjQ2s8EI
تماشای رایگان قسمت پنجم فصل جدید «ممیزی» در کانال یوتیوب تلویکا #shorts,https://www.youtube.com/watch?v=5aahDVpsyYk
سریال زخم کاری مجازات - تیزر قسمت 6 | Zakhm Kari Mojazat Series - Teaser Episode 6,https://www.youtube.com/watch?v=O0L-mSW_VLo
سریال تاسیان - معرفی نازنین بیاتی | Tasiyan Series,https://www.youtube.com/watch?v=N1RrPR4n6Ds
ساعت خوش در جوکر 2 - سریال جوکر 2 - فصل 4,https://www.youtube.com/watch?v=37T7h2jjcHk
آخرین زامبی، تو قسمت آخر این فصلِ جوکر 2 #shorts,https://www.youtube.com/watch?v=v1tkP_wE40g
من و تو دشمن کم نداریم #shorts,https://www.youtube.com/watch?v=FoPO-1TzzBs
دیروز بهتر از امروزه #shorts,https://www.youtube.com/watch?v=IGvQA-g3AZ4
سریال اکنون - تیزر قسمت 7 | Aknoon Series - Teaser Episode 7,https://www.youtube.com/watch?v=cqFy7xoJWt0
سریال جوکر 2 - فصل 4 - تیزر قسمت 6 | Joker 2 - Season 4 - Teaser Episode 6,https://www.youtube.com/watch?v=Oie-u6bZqSU
سریال جوکر 2 - فصل 4 - تیزر تندیس | Joker 2 - Season 4 - Teaser,https://www.youtube.com/watch?v=j0U7LwULGlU
من کتابامو اصلا نمی‌خونم #shorts,https://www.youtube.com/watch?v=90Iml32ZZbY
در جهنم رو باز کردم! - سریال اکنون,https://www.youtube.com/watch?v=wxLQBbUaNko
سریال اکنون - تیزر قسمت 6 | Aknoon Series - Teaser Episode 6,https://www.youtube.com/watch?v=LzSqs3RBq14
سریال تاسیان - معرفی پانته آ پناهی ها | Tasiyan Series,https://www.youtube.com/watch?v=jLhYQb9rQEI
آشپزی دو نفره با مامان - سریال شام ایرانی 3 - فصل 3,https://www.youtube.com/watch?v=rLa9dNPk6N0
به هر کلمه‌ای یه «دی» اضافه کنی میشه ترکی #shorts,https://www.youtube.com/watch?v=TYFrBbVGNM4
سریال شام ایرانی 3 - فصل 3 - تیزر قسمت 4 | Shame Irani 3 - Season 3 - Teaser Episode 4,https://www.youtube.com/watch?v=JeHfV_nBrD0
سریال جوکر 2 - فصل 4 - تیزر قسمت 5 | Joker 2 - Season 4 - Teaser Episode 5,https://www.youtube.com/watch?v=mTRKSjEnhaI
سریال ممیزی - فصل 4 - تیزر قسمت 5 | Serial Momayyezi - Season 4 - Teaser Episode 5,https://www.youtube.com/watch?v=CejxbV4pJJ8
دیر رسید چون براش مهم نبود دیر برسه!! #shorts,https://www.youtube.com/watch?v=N6i5gNouhAA
هر دو جوونن علایق مشترک دارن - سریال زخم کاری مجازات,https://www.youtube.com/watch?v=mDOsw1_yfKc
بهش شک کردی #shorts,https://www.youtube.com/watch?v=VLmrDT12bEY
سریال ممیزی - فصل 4 - قسمت 4 | Serial Momayyezi - Season 4 - Episode 4,https://www.youtube.com/watch?v=J-keW3FOaeg
تماشای رایگان قسمت چهارم فصل جدید «ممیزی» در کانال یوتیوب تلویکا #shorts,https://www.youtube.com/watch?v=2t33EQPlpAQ
سریال زخم کاری مجازات - تیزر قسمت 5 | Zakhm Kari Mojazat Series - Teaser Episode 5,https://www.youtube.com/watch?v=UIaWNLydKps
دسته گل به آب دادن بهنوش بختیاری در جوکر #shorts,https://www.youtube.com/watch?v=PkbWjG9O1cw
هرچه سبیل بلندتر خواستگار بیشتر - سریال جوکر 2 - فصل 4,https://www.youtube.com/watch?v=3TIGb5auMg0
نسل تکرار نشدنیِ سینمای ایران #shorts,https://www.youtube.com/watch?v=uzJowdXlMSo
زندگی بدون تو تاسیان است... - سریال اکنون,https://www.youtube.com/watch?v=Ob8XFCqiMwc
یه غذای خوشمزه، یه لبخند، یه آخیش معجزه وار - سریال شام ایرانی 3 - فصل 3,https://www.youtube.com/watch?v=iDxCqdgvm7U
همهٔ کسایی که بی‌دلیل و بی‌زمان خودشون رفتن #shorts,https://www.youtube.com/watch?v=pWvabdlYGIk
سریال شام ایرانی 3 - فصل 3 - تیزر قسمت 3 | Shame Irani 3 - Season 3 - Teaser Episode 3,https://www.youtube.com/watch?v=KWifCp9bAGQ
سریال ممیزی - فصل 4 - تیزر قسمت 4 | Serial Momayyezi - Season 4 - Teaser Episode 4,https://www.youtube.com/watch?v=1JWOPMIJBmw
عاقبت مالک؟! - سریال زخم کاری مجازات,https://www.youtube.com/watch?v=Bfziu3QL-NE
هرچی میخوای بگیر با حساب من #shorts,https://www.youtube.com/watch?v=nYgQNmz84HA
سریال ممیزی - فصل 4 - قسمت 3 | Serial Momayyezi - Season 4 - Episode 3,https://www.youtube.com/watch?v=xp22WIxVux4
تماشای رایگان قسمت سوم فصل جدید «ممیزی» در کانال یوتیوب تلویکا #shorts,https://www.youtube.com/watch?v=a7Kg0MyQqsI
سریال زخم کاری مجازات - تیزر قسمت 4 | Zakhm Kari Mojazat Series - Teaser Episode 4,https://www.youtube.com/watch?v=pyKr2rl6n7o
من هیچ رقیبی ندارم #shorts,https://www.youtube.com/watch?v=xe-UkcGPzGg
به افتخار یک عمر هنرنمایی جملاتی از بزرگان - سریال جوکر 2 - فصل 4,https://www.youtube.com/watch?v=pvYsiBl2QYs
تو به من خیانت کردی #shorts,https://www.youtube.com/watch?v=5_Q2yzUwfes
سریال جوکر 2 - فصل 4 - تیزر قسمت 4 | Joker 2 - Season 4 - Teaser Episode 4,https://www.youtube.com/watch?v=ehgt84mrh6Q
وقتی که بی پولم بازیگری می کنم - سریال اکنون,https://www.youtube.com/watch?v=kwMPeuBjDkM
مهراب، ضد درس و همه چی بود اصلا #shorts,https://www.youtube.com/watch?v=IYfi1k6cxNM
سریال تاسیان - دومین تیزر | Tasiyan Series - Teaser,https://www.youtube.com/watch?v=bWUAGWq4--4
سریال اکنون - تیزر قسمت 5 | Aknoon Series - Teaser Episode 5,https://www.youtube.com/watch?v=7edUTmulesA
فکر میکنی قصه ی تو عجیبه؟ - سریال لالایی,https://www.youtube.com/watch?v=0gyG3k13AAk
قسمت آخر سریال لالایی #shorts,https://www.youtube.com/watch?v=JeNkWTkYz1A
سریال لالایی - تیزر قسمت 18 | Lalaei Series - Teaser Episode 18,https://www.youtube.com/watch?v=V-su2kKMmgI
به به! چه بادمجون طلایی رنگیی - سریال شام ایرانی 3 - فصل 3,https://www.youtube.com/watch?v=yV7hUPxESFo
پارتی‌های شما پارتی نیست #shorts,https://www.youtube.com/watch?v=6s2X708Gtvk
سریال شام ایرانی 3 - فصل 3 - تیزر قسمت 2 | Shame Irani 3 - Season 3 - Teaser Episode 2,https://www.youtube.com/watch?v=a0UUljxq5HE
سریال ممیزی - فصل 4 - تیزر قسمت 3 | Serial Momayyezi - Season 4 - Teaser Episode 3,https://www.youtube.com/watch?v=9hcKYhptoBw
تماشای رایگان قسمت اول «زخم کاری: مجازات» در کانال یوتیوب تلویکا #shorts,https://www.youtube.com/watch?v=HEd_i9IeNlM
سریال زخم کاری مجازات - قسمت 1 | Zakhm Kari Mojazat Series - Episode 1,https://www.youtube.com/watch?v=SyKhciP-W3U
عروس و دوماد تشریف آوردن - سریال زخم کاری مجازات,https://www.youtube.com/watch?v=JICHrzdaW3g
با اجازه بزرگترا #shorts,https://www.youtube.com/watch?v=OXickswLAXQ
سریال زخم کاری مجازات - تیزر قسمت 3 | Zakhm Kari Mojazat Series - Teaser Episode 3,https://www.youtube.com/watch?v=bJrsejd1bSQ
سریال ممیزی - فصل 4 - قسمت 2 | Serial Momayyezi - Season 4 - Episode 2,https://www.youtube.com/watch?v=3CVMZEZkdE8
تماشای رایگان قسمت دوم فصل جدید «ممیزی» در کانال یوتیوب تلویکا #shorts,https://www.youtube.com/watch?v=HUEQvyIxrvk
ما خودمون کمبود شوهر داریم !! - سریال جوکر 2 - فصل 4,https://www.youtube.com/watch?v=9nBvA-WGsLU
وقتی علیخانی گیر میده! #shorts,https://www.youtube.com/watch?v=wLam_Mp3GNM
بذار همه خوشحالیمو ببینن #shorts,https://www.youtube.com/watch?v=mt2dBW93yCA
سریال جوکر 2 - فصل 4 - تیزر قسمت 3 | Joker 2 - Season 4 - Teaser Episode 3,https://www.youtube.com/watch?v=R7BIZ0S1sdY
از کتاب فروشی کتاب کِش رفتم #shorts,https://www.youtube.com/watch?v=nBYhlx5UEsM
ریشه در کودکی یعنی چی؟ سریال اکنون,https://www.youtube.com/watch?v=ckQjed4HCAU
قسمت چهارم برنامه اکنون #shorts,https://www.youtube.com/watch?v=5HfnKm5KsaU
سریال اکنون - تیزر قسمت 4 | Aknoon Series - Teaser Episode 4,https://www.youtube.com/watch?v=l3xjLKvulV8
وایسا وایسا کارت دارم - سریال لالایی,https://www.youtube.com/watch?v=xanRO-qcfA4
ما گربه نره، شما پدر پسر شجاع #shorts,https://www.youtube.com/watch?v=3WRE08G9m-o
سریال لالایی - تیزر قسمت 17 | Lalaei Series - Teaser Episode 17,https://www.youtube.com/watch?v=VF-kq7BwONM
فیلم سینمایی نیلگون - تیزر | Nilgoon Movie - Teaser,https://www.youtube.com/watch?v=6_fh8dpn5cA
قورمه سبزی به زور و اصرار - سریال شام ایرانی 3 - فصل 3,https://www.youtube.com/watch?v=pXjW3cs1Ptw
همه چی هست #shorts,https://www.youtube.com/watch?v=trCAtKsSSpk
سریال شام ایرانی 3 - فصل 3 - تیزر قسمت 1 | Shame Irani 3 - Season 3 - Teaser Episode 1,https://www.youtube.com/watch?v=0rUqqd5-Vl0
سریال ممیزی - فصل 4 - تیزر قسمت 2 | Serial Momayyezi - Season 4 - Teaser Episode 2,https://www.youtube.com/watch?v=XRLlTrzuvN0
فیلم سینمایی یادگار جنوب - تیزر | Yadegare Jonoob Movie - Teaser,https://www.youtube.com/watch?v=SZ0muv4dids
سمیرا هم با ما شریکه - سریال زخم کاری مجازات,https://www.youtube.com/watch?v=U8HNnWp3ftQ
خوشبخت بشی، رفیق #shorts,https://www.youtube.com/watch?v=Lzbnx6-J6Nk
سریال ممیزی - فصل 4 - قسمت 1 | Serial Momayyezi - Season 4 - Episode 1,https://www.youtube.com/watch?v=KNyzenpMLrs
تماشای رایگان قسمت اول فصل جدید «ممیزی» در کانال یوتیوب تلویکا,https://www.youtube.com/watch?v=WGoMv19_qaY
سریال زخم کاری مجازات - تیزر قسمت 2 | Zakhm Kari Mojazat Series - Teaser Episode 2,https://www.youtube.com/watch?v=mnevcQxjbK4
سریال ممیزی - فصل 4 - تیزر قسمت 1 | Serial Momayyezi - Season 4 - Teaser Episode 1,https://www.youtube.com/watch?v=bJ0yGARz8KA
به من نگید خواهر من #shorts,https://www.youtube.com/watch?v=5EQM2IR8Xbs
احضار روح مشاهیر - سریال جوکر 2 - فصل 4,https://www.youtube.com/watch?v=AR4wCQlaKx4
تماشای رایگان قسمت اول «برنامه اکنون» در کانال یوتیوب تلویکا #shorts,https://www.youtube.com/watch?v=3Q_ANaoILFM
سریال اکنون - قسمت 1 | Aknoon Series - Episode 1,https://www.youtube.com/watch?v=3Quqi770V_A
سریال جوکر 2 - فصل 4 - تیزر قسمت 2 | Joker 2 - Season 4 - Teaser Episode 2,https://www.youtube.com/watch?v=6oitnfufCV4
عاشقی دلیل شد که شاعر بشم - سریال اکنون,https://www.youtube.com/watch?v=NGNCpOrWhj8
نسل جوان، با این شعر خیلی ارتباط گرفت #shorts,https://www.youtube.com/watch?v=FtjWhn7i2z0
ناسلامتی من شوهر دوست دخترتم #shorts,https://www.youtube.com/watch?v=_6pRwBE-rWI
آفرین آفرین کارت حرف نداشت - سریال لالایی,https://www.youtube.com/watch?v=hr--ijwu2K0
سریال لالایی - تیزر قسمت 16 | Lalaei Series - Teaser Episode 16,https://www.youtube.com/watch?v=yQvqzlV9tic
سریال اکنون - تیزر قسمت 3 | Aknoon Series - Teaser Episode 3,https://www.youtube.com/watch?v=eP6IReIp5dw
من دستامو میشورما - سریال شام ایرانی 3 - فصل 2,https://www.youtube.com/watch?v=eOI0Kn180TQ
من اون موقع شیر مادر می‌خوردم فقط #shorts,https://www.youtube.com/watch?v=68h_9mvuO8c
سریال شام ایرانی 3 - فصل 2 - تیزر قسمت 4 | Shame Irani 3 - Season 2 - Teaser Episode 4,https://www.youtube.com/watch?v=3oYLB5LagcI
سریال زخم کاری مجازات - تیزر قسمت 1 |  Zakhm Kari Mojazat Series - Teaser Episode 1,https://www.youtube.com/watch?v=Lp4Ez9OtcIY
سریال زخم کاری مجازات - تیزر | Zakhm Kari Mojazat Series - Teaser,https://www.youtube.com/watch?v=4b2GlVEM1TY
شروع فصل 4 سریال زخم کاری: مجازات #shorts,https://www.youtube.com/watch?v=0AJME8Ke6QY
عادت می کنیم عروسیتون مبارک - سریال زخم کاری مجازات,https://www.youtube.com/watch?v=Ruw9smB7V7o
2 روز مانده به زخم کاری مجازات #shorts,https://www.youtube.com/watch?v=p3RxY9w7akE
3 روز مانده به زخم کاری مجازات #shorts,https://www.youtube.com/watch?v=OKN5ih0GuGA
سریال زخم کاری مجازات - 3 روز مانده به پخش قسمت 1 | Zakhm Kari Mojazat Series - Teaser,https://www.youtube.com/watch?v=RlZeCZLx5Aw
هنر بر پایه دروغ؟ - سریال اکنون,https://www.youtube.com/watch?v=XTspV3cRAsY
وقتی زبان منو یاد گرفت، همه چی خراب شد #shorts,https://www.youtube.com/watch?v=bdxqU7Gpws8
سریال اکنون - تیزر قسمت 2 | Aknoon Series - Teaser Episode 2,https://www.youtube.com/watch?v=hPMf3GaKMDE
دوستی، دوستی؛ می کنن پوستی ازت - سریال لالایی,https://www.youtube.com/watch?v=HZDCU6YaJ-I
چجوری می‌تونی دوتا نقش بازی کنی #shorts,https://www.youtube.com/watch?v=ltWjhFf8yqY
سریال شام ایرانی 3 - فصل 2 - تیزر قسمت 3 | Shame Irani 3 - Season 2 - Teaser Episode 3,https://www.youtube.com/watch?v=gTH0rJsps30
سریال لالایی - تیزر قسمت 15 | Lalaei Series - Teaser Episode 15,https://www.youtube.com/watch?v=i-dOON_ZfD4
بی مزه ترین جوک های ایرانی - سریال شام ایرانی 3 - فصل 2,https://www.youtube.com/watch?v=zjoPK8EvTPs
خورشت اصلا جا نیوفتاده #shorts,https://www.youtube.com/watch?v=F7Sh2zvN28g
سریال زخم کاری مجازات - تیزر  | Zakhm Kari Mojazat Series - Teaser,https://www.youtube.com/watch?v=sRTtUbLA67g
همیشه بازنده من بودم - سریال بازنده,https://www.youtube.com/watch?v=DIHO9Pt2rYQ
نه پولی در کارِ و نه بچه ای #shorts,https://www.youtube.com/watch?v=fDHwDlfN420
سریال بازنده - تیزر قسمت 11 | Bazande Series - Teaser Episode 11,https://www.youtube.com/watch?v=id2gIxcuSYk
من دیگه کار کثیف نمی‌کنم #shorts,https://www.youtube.com/watch?v=MJQSo7wcsMg
سریال زخم کاری مجازات - تیزر جواد عزتی | Zakhm Kari Mojazat Series - Teaser,https://www.youtube.com/watch?v=ePCEzEadgc8
ماموریت غیر ممکن - سریال جوکر 2 - فصل 4,https://www.youtube.com/watch?v=ywmUgmTSLLM
چرا ازدواج نمی‌کنی #shorts,https://www.youtube.com/watch?v=SD4Azj6wCTM
بهت گفتم به من خیانت نکن، نگفتم؟ #shorts,https://www.youtube.com/watch?v=PKAk2Rpaa-E
سریال جوکر 2 - فصل 4 - تیزر قسمت 1 | Joker 2 - Season 4 - Teaser Episode 1,https://www.youtube.com/watch?v=MpaUgJDBYE8
"آوازخوانی ""علیرضا قربانی"" در اولین برنامه‌ی اکنون #shorts",https://www.youtube.com/watch?v=0Uc-qOBH8Is
کتاب باز در قامت اکنون... - سریال اکنون,https://www.youtube.com/watch?v=JUXnZIkg3N8
از لذت حضور علیرضا قربانی تو برنامه «اکنون»، حرف کم میاد #shorts,https://www.youtube.com/watch?v=n1jOoG_z3Bc
سریال اکنون - تیزر قسمت 1 | Aknoon Series - Teaser Episode 1,https://www.youtube.com/watch?v=U2lyAy_jbgc
من برا دعوا نیومدم #shorts,https://www.youtube.com/watch?v=agb9gWLn-Mg
سریال جوکر 2 - فصل 4 - معرفی مهمانان - نعیمه نظام دوست | Joker 2 - Season 4,https://www.youtube.com/watch?v=exdEaXc0ZWE
میخوام دست الهه تقلبی رو کنم - سریال لالایی,https://www.youtube.com/watch?v=F4Kz9aJcmDw
معرفی نعیمه نظام دوست #shorts,https://www.youtube.com/watch?v=2sWVFWUKO0w
دیوار موش داره #shorts,https://www.youtube.com/watch?v=PbeZ580U-6k
این دستپخت خودته یا مامانت؟ - سریال شام ایرانی 3 - فصل 2,https://www.youtube.com/watch?v=sITvQCrTbak
سریال لالایی - تیزر قسمت 14 | Lalaei Series - Teaser Episode 14,https://www.youtube.com/watch?v=cz7MaMezO5w
حس آشپزی مادرها #shorts,https://www.youtube.com/watch?v=pb1lftkK1vQ
برنامه اکنون هر سه‌ شنبه‌ از 26 نوامبر #shorts,https://www.youtube.com/watch?v=yUyfL8TCNZ8
سریال شام ایرانی 3 - فصل 2 - تیزر قسمت 2 | Shame Irani 3 - Season 2 - Teaser Episode 2,https://www.youtube.com/watch?v=U22-EVcH588
سریال زخم کاری مجازات - تیزر الناز ملک | Zakhm Kari Mojazat Series - Teaser,https://www.youtube.com/watch?v=bswCa1LHDcg
سریال جوکر 2 - فصل 4 - معرفی مهمانان - حدیث میرامینی | Joker 2 - Season 4,https://www.youtube.com/watch?v=n65d1gMToCs
حدیث میرامینی در جوکر #shorts,https://www.youtube.com/watch?v=x2q9jsYQ-8I
محمدرضا علیمردانی - موزیک ویدیو سریال جوکر 2 - فصل 4 | Mohammadreza Alimardani - Joker 2,https://www.youtube.com/watch?v=yxT2cVKCm1w
سریال زخم کاری مجازات | Zakhm Kari Mojazat Series,https://www.youtube.com/watch?v=s0RrPflmaQQ
سریال اکنون - تیزر | Aknoon Series - Teaser,https://www.youtube.com/watch?v=Mjyd669bYNU
قتل 5-6 ساعت پیش بوده، رییس! #shorts,https://www.youtube.com/watch?v=R5hR3Y2mq8w
وقتی بچه مو دزدیدن تو داشتی لاس می زدی! - سریال بازنده,https://www.youtube.com/watch?v=S_5324Mz58M
گذشته، آینده، اکنون #shorts,https://www.youtube.com/watch?v=G3DnfoSDFV8
سریال بازنده - تیزر قسمت 10 | Bazande Series - Teaser Episode 10,https://www.youtube.com/watch?v=9_mGugsJ-Ys
سریال جوکر 2 - فصل 4 - معرفی مهمانان - مهسا طهماسبی | Joker 2 - Season 4,https://www.youtube.com/watch?v=VR8sdtNtH5I
‌اولین دهه هفتادی جوکر؛ مهسا طهماسبی! #shorts,https://www.youtube.com/watch?v=HfhmEVOCDIo
گفتم بشین، دستاتم بذار رو سرت #shorts,https://www.youtube.com/watch?v=7byVzo1v1y0
سریال جوکر 2 - فصل 4 - معرفی مهمانان - گلوریا هاردی | Joker 2 - Season 4,https://www.youtube.com/watch?v=LCBJcIAS7Ic
شوخی‌های ایرانی #shorts,https://www.youtube.com/watch?v=1xafO-7LWxg
پایان خون و جنون؛ به زودی! #shorts,https://www.youtube.com/watch?v=VC6tO3PEdhU
بهنوش بختیاری در جوکر #shorts,https://www.youtube.com/watch?v=eV_VKl3J2Rw
سریال جوکر 2 - فصل 4 - معرفی مهمانان - بهنوش بختیاری | Joker 2 - Season 4,https://www.youtube.com/watch?v=JaRvbHpvtEM
سریال جوکر 2 - فصل 4 - معرفی مهمانان - سحر ولدبیگی | Joker 2 - Season 4,https://www.youtube.com/watch?v=tckwqAkU4pg
سحر ولدبیگی در جوکر #shorts,https://www.youtube.com/watch?v=WvWJ9KFvAVM
شما عروسی منم داماد - سریال لالایی,https://www.youtube.com/watch?v=ldVoTdbMm7Y
به خاطر این پدر، رضایت بده #shorts,https://www.youtube.com/watch?v=HbDuWXKc46w
سریال لالایی - تیزر قسمت 13 | Lalaei Series - Teaser Episode 13,https://www.youtube.com/watch?v=LTrBMkmzVKY
سریال جوکر 2 - فصل 4 - معرفی مهمانان - مریم سعادت | Joker 2 - Season 4,https://www.youtube.com/watch?v=WHhPd5C6tCI
خیلی بازی بامزه‌ایه #shorts,https://www.youtube.com/watch?v=Pb7XSQWzVpk
چجوری می شه شوری برنج رو کم کرد؟ - سریال شام ایرانی 3 - فصل 2,https://www.youtube.com/watch?v=k0lmZhIXtsg
یالا یالا ما شام میخوایم یالا #shorts,https://www.youtube.com/watch?v=xgGdQzPBgK8
سریال شام ایرانی 3 - فصل 2 - تیزر قسمت 1 | Shame Irani 3 - Season 2 - Teaser Episode 1,https://www.youtube.com/watch?v=UOti2qv52EQ
مجوز کالبد شکافی رو بگیرید #shorts,https://www.youtube.com/watch?v=fZJ6Sc1jXac
اینجا آخر خطه! - سریال بازنده,https://www.youtube.com/watch?v=i7X8tlwTKhg
سریال بازنده - تیزر قسمت 9 | Bazande Series - Teaser Episode 9,https://www.youtube.com/watch?v=6eQHHuUld4E
معرفی بازیگرای سینمای ایران برای چین - سریال جوکر 2 - فصل 3,https://www.youtube.com/watch?v=tV1ehWkgGPA
دوئل رشید و اوجی #shorts,https://www.youtube.com/watch?v=m55lNflzMi0
سریال جوکر 2 - فصل 3 - تیزر قسمت 6 | Joker 2 - Season 3 - Teaser Episode 6,https://www.youtube.com/watch?v=3SHwt9Y8AFg
تندیس دست کیست؟ - سریال جوکر 2 - فصل 3,https://www.youtube.com/watch?v=6mPeWvaZcX0
عشق کنید، بخندید، لذت ببرید #shorts,https://www.youtube.com/watch?v=LvxoF5SE3cQ
فیلم سینمایی تمساح خونی - تیزر | Temsahe Khooni Movie - Teaser,https://www.youtube.com/watch?v=kbUzbxcSMI8
اورژانس برا چی کلانتری باید بیاد - سریال لالایی,https://www.youtube.com/watch?v=jiZuhNuj1zU
نفهمیدیم چرا فنچ رو فیل خوندن #shorts,https://www.youtube.com/watch?v=_6hj-UJBt80
غیبت سر سفره شام #shorts,https://www.youtube.com/watch?v=AkijrnA5c0U
سرو غذا به سبک زندان - سریال شام ایرانی 3 - فصل 1,https://www.youtube.com/watch?v=xo3Qy2ixOU8
سریال لالایی - تیزر قسمت 12 | Lalaei Series - Teaser Episode 12,https://www.youtube.com/watch?v=vKfYTcx81Us
سریال شام ایرانی 3 - فصل 1 - تیزر قسمت 4 | Shame Irani 3 - Season 1 - Teaser Episode 4,https://www.youtube.com/watch?v=4nuV8EvLa-c
دو دقیقه پای تلفن نگهش داره تمومه #shorts,https://www.youtube.com/watch?v=WzgPnxIc8-I
یه اشتباه کنی کاری می کنم آفتابو نبینی - سریال بازنده,https://www.youtube.com/watch?v=Yw1_cl19lts
سریال بازنده - تیزر قسمت 8 | Bazande Series - Teaser Episode 8,https://www.youtube.com/watch?v=bEG7_lsMeOA
قسمت هفتم بازنده #shorts,https://www.youtube.com/watch?v=WfrrVrA8q3U
به من خون می دی؟ - سریال جوکر 2 - فصل 3,https://www.youtube.com/watch?v=zbqtLlnYsZs
آقای علیخانی خیلی نامردی #shorts,https://www.youtube.com/watch?v=rFGJOECOas0
سریال جوکر 2 - فصل 3 - تیزر قسمت 5 | Joker 2 - Season 3 - Teaser Episode 5,https://www.youtube.com/watch?v=i1mlKPwKCnA
امشب برنامه تون چیه؟ - سریال لالایی,https://www.youtube.com/watch?v=-KCKNU-bCqQ
من آخر کنترل خشمم #shorts,https://www.youtube.com/watch?v=iRxHc89nOlE
تماشای رایگان قسمت اول «شام ایرانی» در کانال یوتیوب تلویکا #shorts,https://www.youtube.com/watch?v=_AxzWWhXUQ4
سریال شام ایرانی 3 - فصل 1 - قسمت 1 | Serial Shame Irani 3 - Season 1 - Episode 1,https://www.youtube.com/watch?v=2K-skbO3Ku4
سریال لالایی - تیزر قسمت 11 | Lalaei Series - Teaser Episode 11,https://www.youtube.com/watch?v=cQeyh0GM2dc
بچه ات کجاست؟ #shorts,https://www.youtube.com/watch?v=FZDVna2fEuU
غذا پختن روی زمین - سریال شام ایرانی 3 - فصل 1,https://www.youtube.com/watch?v=Zmx6ymLEONI
مواد تشکیل دهنده دسر از زبان سپند امیرسلیمانی #shorts,https://www.youtube.com/watch?v=h34OyLEnZ-0
سریال شام ایرانی 3 - فصل 1 - تیزر قسمت 3 | Shame Irani 3 - Season 1 - Teaser Episode 3,https://www.youtube.com/watch?v=_DJKGP4Lr4g
سریال بازنده - تیزر قسمت 7 | Bazande Series - Teaser Episode 7,https://www.youtube.com/watch?v=NxqMIDckhVU
کار کاوه بود؟ - سریال بازنده,https://www.youtube.com/watch?v=XD3h43kp3G4
کلید کدوم خونه ای روش شماره داره؟ #shorts,https://www.youtube.com/watch?v=XFZZYf_sayw
برا چی خندیدین #shorts,https://www.youtube.com/watch?v=WutOJ1VS_RE
بده شیش رفت هوا - سریال جوکر 2 - فصل 3,https://www.youtube.com/watch?v=N8AC4R7ykAM
سریال جوکر 2 - فصل 3 - تیزر قسمت 4 | Joker 2 - Season 3 - Teaser Episode 4,https://www.youtube.com/watch?v=wE9e3vfWqKw
از اینجا به بعد هم باحال تر میشه #shorts,https://www.youtube.com/watch?v=r01Z9nnAO-E
به سرعت به جمع طرفداران جوکر بپیوندید! #shorts,https://www.youtube.com/watch?v=5fMLJlFqBac
انقدر می‌خوایم بخندونیم شما رو #shorts,https://www.youtube.com/watch?v=gdoicMdAH1o
استاد جان و شاگردان جان - سریال لالایی,https://www.youtube.com/watch?v=Gdj0vVfgp4E
ران ملخ و آب دریا #shorts,https://www.youtube.com/watch?v=HJOP7PYvfw0
سریال لالایی - تیزر قسمت 10 | Lalaei Series - Teaser Episode 10,https://www.youtube.com/watch?v=E-CSq2yV8yI
گل بکار، پول درآر - سریال شام ایرانی 3 - فصل 1,https://www.youtube.com/watch?v=V9-WRPU-NU4
تا مهمون ها برسن، سی بار بهشون زنگ می‌زنم #shorts,https://www.youtube.com/watch?v=Ky6bsDm5vjs
سریال شام ایرانی 3 - فصل 1 - تیزر قسمت 2 | Shame Irani 3 - Season 1 - Teaser Episode 2,https://www.youtube.com/watch?v=sICXXeClmX4
چه اتفاقی افتاده #shorts,https://www.youtube.com/watch?v=rkv6ca-ExYI
تا بچه رو نگرفتی پولارو تحویل ندیا - سریال بازنده,https://www.youtube.com/watch?v=kN-x4mFPqzY
سریال بازنده - تیزر قسمت 6 | Bazande Series - Teaser Episode 6,https://www.youtube.com/watch?v=9PA9Cz_5PBc
بگو چی می‌خوای #shorts,https://www.youtube.com/watch?v=waDikef_TE8
سریال بازنده - دومین تیزر | Bazande Series - Teaser,https://www.youtube.com/watch?v=CRZori2_-cE
لات بازی در جوکر - سریال جوکر 2 - فصل 3,https://www.youtube.com/watch?v=_jYp47sjgW4
وقتی علی اوجی تا مرز انفجار پیش می‌ره #shorts,https://www.youtube.com/watch?v=Upi_r0ynGQY
سریال جوکر 2 - فصل 3 - تیزر قسمت 3 | Joker 2 - Season 3 - Teaser Episode 3,https://www.youtube.com/watch?v=4UP-dY9HCzw
روزبه بمانی - موزیک ویدیو سریال بازنده | Roozbeh Bemani - Bazandeh,https://www.youtube.com/watch?v=03gk6ufx7OA
سریال لالایی - تیزر قسمت 9 | Lalaei Series - Teaser Episode 9,https://www.youtube.com/watch?v=f7F0qNcUOIg
اردک تک تک، تک تک اردک - سریال لالایی,https://www.youtube.com/watch?v=uvVhUkt04QE
نامهربونی نمی‌خواهی بدونی #shorts,https://www.youtube.com/watch?v=2WyZidD8g4Y
دستپخت امیرعلی - سریال شام ایرانی 3 - فصل 1,https://www.youtube.com/watch?v=bwDewygvoo8
برد سپند امیرسلیمانی در تشکیل خانواده #shorts,https://www.youtube.com/watch?v=brPiObU-upY
سریال جوکر 2 - فصل 3 - تیزر قسمت 2 | Joker 2 - Season 3 - Teaser Episode 2,https://www.youtube.com/watch?v=WXdQfDtxeqQ
من مطمئنم همه چی درست می‌شه! #shorts,https://www.youtube.com/watch?v=B5XXAExppFo
من پیشنهاد دادم! - سریال بازنده,https://www.youtube.com/watch?v=tAUg5bedI-k
محاکمه به جرم خندوندن - سریال جوکر 2 - فصل 3,https://www.youtube.com/watch?v=ZB_UqzoW-1A
خروسا دانشگاه میرن چی می‌خونن؟ #shorts,https://www.youtube.com/watch?v=IH9OOnocXaY
همیشه اونی که می خوای نمی شه - سریال لالایی,https://www.youtube.com/watch?v=V9vKvC2uuGo
ساعت خواب #shorts,https://www.youtube.com/watch?v=q5cH-4ol8v8
سریال لالایی - تیزر قسمت 8 | Lalaei Series - Teaser Episode 8,https://www.youtube.com/watch?v=XYgfMWbM998
فینال گل یا پوچ - سریال گل یا پوچ,https://www.youtube.com/watch?v=JqrVFUrAgCM
تیم امید همشون دوئل باز ان #shorts,https://www.youtube.com/watch?v=hxeuO5GpdrU
سریال گل یا پوچ - تیزر قسمت 12 | Gol Ya Pooch Series - Teaser Episode 12,https://www.youtube.com/watch?v=SpNWdKWY0Ss
واسه چی باید تو رو ببینن #shorts,https://www.youtube.com/watch?v=NnCvx48Sy8g
هنوز نفهمیدی داری با کی حرف می‌زنی - سریال بازنده,https://www.youtube.com/watch?v=8QNjONLPOZg
سریال بازنده - تیزر قسمت 4 | Bazande Series - Teaser Episode 4,https://www.youtube.com/watch?v=6-3bj_DVQBA
سریال تاسیان - اولین تیزر | Tasiyan Series - Teaser,https://www.youtube.com/watch?v=vUcBSJJLHeo
سریال جوکر 2 - فصل 3 - تیزر قسمت 1 | Joker 2 - Season 3 - Teaser Episode 1,https://www.youtube.com/watch?v=BqC3hZyDTfY
تو اولین قسمت همه خندیدند - سریال جوکر 2 - فصل 3,https://www.youtube.com/watch?v=1rK68zhDins
مسابقات سنگین وزن بوکس قهرمانی دنیا #shorts,https://www.youtube.com/watch?v=kPmr25-04so
محمدرضا علیمردانی - موزیک ویدیو سریال فینال جوکر 2 - فصل 3 | Mohammadreza Alimardani - Joker 2,https://www.youtube.com/watch?v=bwNbdmohc2A
فیلم خانوادگی پریا - تیزر | Pariya Movie - Teaser,https://www.youtube.com/watch?v=tI1UthKvhwg
تو سریال «بازنده» هرکسی از یه چیزی محافظت می‌کنه #shorts,https://www.youtube.com/watch?v=dG7gCwrpAKs
با منی؟ - سریال لالایی,https://www.youtube.com/watch?v=aevZPSlwg90
به به پسر موفرفری #shorts,https://www.youtube.com/watch?v=_p6K3N4EAws
سریال بازنده - پشت صحنه | Bazande Series - Backstage,https://www.youtube.com/watch?v=yN_fp5MIH7Q
سریال لالایی - تیزر قسمت 7 | Lalaei Series - Teaser Episode 7,https://www.youtube.com/watch?v=JzjsBjWbZN0
سریال جوکر 2 - فصل 3 - معرفی مهمانان - علی اوجی | Joker 2 - Season 3,https://www.youtube.com/watch?v=f0ufuffcuTM
بخند ترین آدم جوکر اومد #shorts,https://www.youtube.com/watch?v=uI2C66oDQ0I
سریال جوکر 2 - فصل 3 - معرفی مهمانان - علی صادقی | Joker 2 - Season 3,https://www.youtube.com/watch?v=GRSPoZupI6E
چپت گل - سریال گل یا پوچ,https://www.youtube.com/watch?v=w6e__A3gKTo
اومدم، خیلی ام خوش اومدم #shorts,https://www.youtube.com/watch?v=V2gOSU07pyY
دوئل با آقای ادیب زاده به این سادگی‌ها نیست #shnorts,https://www.youtube.com/watch?v=s7yDBY10eqI
من همون رشیدم #shorts,https://www.youtube.com/watch?v=67K_l6CAujw
سریال جوکر 2 - فصل 3 - معرفی مهمانان - قدرت الله ایزدی | Joker 2 - Season 3,https://www.youtube.com/watch?v=wjsgg99jnUg
سریال گل یا پوچ - تیزر قسمت 11 | Gol Ya Pooch Series - Teaser Episode 11,https://www.youtube.com/watch?v=njOQzDCQudg
سریال بازنده - تیزر قسمت 3 | Bazande Series - Teaser Episode 3,https://www.youtube.com/watch?v=gVJiDKZiCIc
شاهرخ استخری نیومده میخواد بره از بازی! #shorts,https://www.youtube.com/watch?v=DsC5sYQ-y38
سریال جوکر 2 - فصل 3 - معرفی مهمانان - شاهرخ استخری | Joker 2 - Season 3,https://www.youtube.com/watch?v=O9AaZAFCP1k
قول میدم توی جوکر 2 کلی شما رو بخندونم #shorts,https://www.youtube.com/watch?v=45noK1ZgSXA
سریال جوکر 2 - فصل 3 - معرفی مهمانان - حمید لولایی | Joker 2 - Season 3,https://www.youtube.com/watch?v=QPYncs5nAp0
با قدرت اومدم نخندم #shorts,https://www.youtube.com/watch?v=GKwHOhQmq04
سریال جوکر 2 - فصل 3 - معرفی مهمانان - امین زندگانی | Joker 2 - Season 3,https://www.youtube.com/watch?v=rm3MnJuTCns
تماشای رایگان قسمت اول سریال «بازنده» در کانال یوتیوب تلویکا #shorts,https://www.youtube.com/watch?v=_r79WIT2R2o
سریال بازنده - قسمت 1 | Bazande Series - Episode 1,https://www.youtube.com/watch?v=7Q5F7C23uwI
رابطه ات با خانومت خوبه؟ - سریال بازنده,https://www.youtube.com/watch?v=cm7k4JkXqLA
برای انتقام این همه سال صبر کرده؟,https://www.youtube.com/watch?v=S7da93RcZQc
دوستون دارم #shorts,https://www.youtube.com/watch?v=IPgzPyYRekc
سریال جوکر 2 - فصل 3 - معرفی مهمانان - نیما فلاح | Joker 2 - Season 3,https://www.youtube.com/watch?v=fXQBS_X_aOc
سریال جوکر 2 - فصل 3 - معرفی مهمانان - مجید یاسر | Joker 2 - Season 3,https://www.youtube.com/watch?v=Aq-0Aa_qxKU
ما به خنده اعتیاد داریم #shorts,https://www.youtube.com/watch?v=qoybLQj1xSQ
پرونده قبلیش رو باخته #shorts,https://www.youtube.com/watch?v=MoqxVrR-VKE
Join Televika Membership Now! @televikacom,https://www.youtube.com/watch?v=OZSBvGJ4SvA
سریال لالایی - تیزر قسمت 6 | Lalaei Series - Teaser Episode 6,https://www.youtube.com/watch?v=A7WuFYZTCv0
من اصلا دارم به یه چیز دیگه می‌خندم #shorts,https://www.youtube.com/watch?v=yzZWt_bpIo8
ماشین سم پاش - سریال لالایی,https://www.youtube.com/watch?v=i8lgPf3dC_E
بازی برگشت - سریال گل یا پوچ,https://www.youtube.com/watch?v=Kt11ZPLTzrA
سوپرایز مدیری تو برنامه گل یا پوچ! #shorts,https://www.youtube.com/watch?v=vLbgap9P8O8
یوتیوب تلویکا سیصد هزارتایی شد!,https://www.youtube.com/watch?v=e08ZULs4puY
یوتیوب تلویکا سیصد هزارتایی شد!#shorts,https://www.youtube.com/watch?v=vV4pyU7KsIc
همه چی این خونه عجیبه#shorts,https://www.youtube.com/watch?v=-7hFni3IhH4
داغ بچه‌اش رو دیده #shorts,https://www.youtube.com/watch?v=_IKjm6iskrA
بازنده این قصه جنایی کیست؟ - سریال بازنده,https://www.youtube.com/watch?v=2AeWFBEKFtk
سریال بازنده - تیزر قسمت 2 | Bazande Series - Teaser Episode 2,https://www.youtube.com/watch?v=wq8MMsUI0Sw
ترس شدید نرگس محمدی - سریال جوکر 2 - فصل 2,https://www.youtube.com/watch?v=omZZ8FPOUgs
طبقه بیست و یک یویو #shorts,https://www.youtube.com/watch?v=H1HrcfmnrLY
سریال جوکر 2 - فصل 2 - تیزر قسمت 6 | Joker 2 - Season 2 - Teaser Episode 6,https://www.youtube.com/watch?v=zjwUWTeHwp8
گل اومد، گلشن اومد - سریال لالایی,https://www.youtube.com/watch?v=6oLpf_b8tz4
کریم بتهوون #shorts,https://www.youtube.com/watch?v=_g6LpbleUD4
سریال لالایی - تیزر قسمت 5 | Lalaei Series - Teaser Episode 5,https://www.youtube.com/watch?v=RoUu0YtF2ag
چیزی برای گفتن نداری؟ - سریال گل یا پوچ,https://www.youtube.com/watch?v=o9y5vWCxjV4
این بازی لحظه هاست #shorts,https://www.youtube.com/watch?v=MarR3f1Smzg
سریال گل یا پوچ - تیزر قسمت 9 | Gol Ya Pooch Series - Teaser Episode 9,https://www.youtube.com/watch?v=-zLGkla3vhQ
شروع قسمت اول سریال بازنده,https://www.youtube.com/watch?v=a5CeGacaEek
چه عجب! نمی اومدین دیگه ساعت 10 شد!,https://www.youtube.com/watch?v=zkm3ZQYSuiQ
سریال بازنده - تیزر قسمت 1 |  Bazande Series - Teaser Episode 1,https://www.youtube.com/watch?v=afIYUasYqNw
سریال بازنده - محمدعلی محمدی | Bazande Series,https://www.youtube.com/watch?v=dM53Zx0D7nU
قسمت آخر زخم کاری #shorts,https://www.youtube.com/watch?v=eUpwyRW0X1U
اتاق فرمان جوکر از دست رفت! #shorts,https://www.youtube.com/watch?v=1hlkjNp8RCs
انواع خنده در جوکر - سریال جوکر 2 - فصل 2,https://www.youtube.com/watch?v=B4qghZVnJhs
سریال بازنده - معرفی رویا جاویدنیا | Bazande Series,https://www.youtube.com/watch?v=H7Y_6A5QgQA
سریال جوکر 2 - فصل 2 - تیزر قسمت 5 | Joker 2 - Season 2 - Teaser Episode 5,https://www.youtube.com/watch?v=qwXtnvZAkFs
سریال بازنده - معرفی صدف اسپهبدی | Bazande Series,https://www.youtube.com/watch?v=fg2f6KxUSEQ
وقتی از پرستارت خواستگاری میکنی؟ - سریال لالایی,https://www.youtube.com/watch?v=juysZQgeeHs
مامان، مامان نکن #shorts,https://www.youtube.com/watch?v=zbR72nXgUq4
سریال بازنده - معرفی پیمان قاسم خانی | Bazande Series,https://www.youtube.com/watch?v=taJThYiMOtc
سریال لالایی - تیزر قسمت 4 | Lalaei Series - Teaser Episode 4,https://www.youtube.com/watch?v=GQe03SocLbU
انتقام گیری به سبک احمد - سریال گل یا پوچ,https://www.youtube.com/watch?v=EMGYpexU7mw
فرمودید لوپز؟ #shorts,https://www.youtube.com/watch?v=jvP5y5CVHlk
سریال بازنده - معرفی سارا بهرامی | Bazande Series,https://www.youtube.com/watch?v=2VibTUGJSts
سریال گل یا پوچ -  تیزر قسمت 8 | Gol Ya Pooch Series - Teaser Episode 8,https://www.youtube.com/watch?v=t1q--emXl64
فیلم سینمایی بی بدن - اولین تیزر | Bi Badan Movie - Teaser,https://www.youtube.com/watch?v=jHwj9rKj7i8
سریال زخم کاری انتقام - تیزر قسمت 14 (قسمت آخر) | Zakhm Kari Entegham Series - Teaser,https://www.youtube.com/watch?v=uJu46aRQeOo
باید حرفمو باور می‌ کردی #shorts,https://www.youtube.com/watch?v=C1yywR3LuLY
به خاطر ترس جا نزدم - سریال زخم کاری انتقام,https://www.youtube.com/watch?v=Squ2nxnuG0U
ترکوندن ترانه های قدیمی - سریال جوکر 2 - فصل 2,https://www.youtube.com/watch?v=U3OejCj_4Aw
رونمایی از بچه‌ی نرگس محمدی #shorts,https://www.youtube.com/watch?v=OBvgTWz6BMI
سریال بازنده - معرفی صابر ابر | Bazande Series,https://www.youtube.com/watch?v=UhieTHysXEY
سریال جوکر 2 - فصل 2 - تیزر قسمت 4 | Joker 2 - Season 2 - Teaser Episode 4,https://www.youtube.com/watch?v=9R33zw8Eaag
3 روز مانده به قسمت پایانی زخم کاری فصل 3 #shorts,https://www.youtube.com/watch?v=qTDn2NN6hxo
من به چیزی که میخواستم نرسیدم مالک #shorts,https://www.youtube.com/watch?v=Q-IKw1uHx4M
قسمت پایانی فصل سوم زخم کاری #shorts,https://www.youtube.com/watch?v=372kyWgwtkw
تماشای رایگان قسمت اول «لالایی» در کانال یوتیوب تلویکا #shorts,https://www.youtube.com/watch?v=6EUmMghmW_k
نریم تو کانال کولر - سریال لالایی,https://www.youtube.com/watch?v=hnRxdqv3LWA
تو با احساساتت چند چندی؟ #shorts,https://www.youtube.com/watch?v=GSfojw_MOh4
سریال بازنده - معرفی علیرضا کمالی | Bazande Series,https://www.youtube.com/watch?v=3p5h-pnBpYo
سریال لالایی - تیزر قسمت 3 | Lalaei Series - Teaser Episode 3,https://www.youtube.com/watch?v=mfjbujIVswY
ما گل دیده رو نمیگیریم آقا - سریال گل یا پوچ,https://www.youtube.com/watch?v=qvbsQouWAh4
چقدر عجیب ورق برگشت #shorts,https://www.youtube.com/watch?v=05zJvkOXAT0
سریال گل یا پوچ -  تیزر قسمت 7 | Gol Ya Pooch Series - Teaser Episode 7,https://www.youtube.com/watch?v=kYjezMfPfJY
جوکر خانم های خوش خنده با کارت های زرد پشت هم - سریال جوکر 2 - فصل 2,https://www.youtube.com/watch?v=-NMfeG73IRU
سریال لالایی - قسمت 1 | Lalaei Series - Episode 1,https://www.youtube.com/watch?v=5Qh5tYZTz3c
پلیس دنبالته - سریال زخم کاری انتقام,https://www.youtube.com/watch?v=oEyMncxyMK4
آخرش، حال هممون خوب میشه #shorts,https://www.youtube.com/watch?v=PkUhk1WndtA
جاهایی که نمی‌خوای بخندی #shorts,https://www.youtube.com/watch?v=MpI2CbGDwps
سریال زخم کاری انتقام - تیزر قسمت 13 | Zakhm Kari Entegham Series - Teaser,https://www.youtube.com/watch?v=bhRvjrQ_ofA
سریال جوکر 2 - فصل 2 - تیزر قسمت 3 | Joker 2 - Season 2 - Teaser Episode 3,https://www.youtube.com/watch?v=2SC-zCDRMzg
یه چیزی گفتم که بهش برخورد - سریال گل یا پوچ,https://www.youtube.com/watch?v=eSyMRFHOyGc
گل یا پوچ به سبک وحید #shorts,https://www.youtube.com/watch?v=eM-NjoPMhyo
سریال گل یا پوچ - دومین تیزر قسمت 5 | Gol Ya Pooch Series - Teaser Episode 5,https://www.youtube.com/watch?v=A4-96iaXoF8
خیلی تند نمیری #shorts,https://www.youtube.com/watch?v=RZAVQ76eXp8
رمز ولت اینجاست - سریال زخم کاری انتقام,https://www.youtube.com/watch?v=8Wfm_Yznfrs
سریال بازنده - آنونس رسمی | Bazande Series - Teaser,https://www.youtube.com/watch?v=ebn4j7Tjpr0
تو دیگه عجب جونوری هستی #shorts,https://www.youtube.com/watch?v=8ibS4SN9ee4
سریال گل یا پوچ - اولین تیزر قسمت 5 | Gol Ya Pooch Series - Teaser Episode 5,https://www.youtube.com/watch?v=gz-T4HZsAc8
میزان تسلطم به زندگی #shorts,https://www.youtube.com/watch?v=ngvHrpW7l5M
موزیکال لالایی: مواد لازم، یه قلب صاف، بی غم - سریال لالایی,https://www.youtube.com/watch?v=ca4iz_ri2ug
سریال لالایی - تیزر قسمت 2 | Lalaei Series - Teaser Episode 2,https://www.youtube.com/watch?v=fUJmlJLEJZM
سریال زخم کاری انتقام - تیزر قسمت 11 | Zakhm Kari Entegham Series - Teaser,https://www.youtube.com/watch?v=_yjP0wMGUhg
بدجور رکب خوردی شهرام - سریال گل یا پوچ,https://www.youtube.com/watch?v=yGYPqfRge20
عاشق شدین آقای مدیری؟ #shorts,https://www.youtube.com/watch?v=p2M6GU7s0LU
تو رو به طلوعی لو دادم - سریال زخم کاری انتقام,https://www.youtube.com/watch?v=AIziR0NITzA
هیچ وقت نتونستم عاشقت بشم #shorts,https://www.youtube.com/watch?v=EQfH9IramV0
سریال بازنده - اولین تیزر | Bazande Series - Teaser,https://www.youtube.com/watch?v=LPsEtmuL1po
تو کل زندگیت رو مدیون منی #shorts,https://www.youtube.com/watch?v=GWxWuh6FoSs
بچگی پر از حسرت که حسرت خوردن نداره - سریال لالایی,https://www.youtube.com/watch?v=YVmHSAkoYBw
خروس بی محل #shorts,https://www.youtube.com/watch?v=ZX_c66i1q20
اگر خدا وجود دارد، تو حق نداری بگویی که خدا وجود دارد - سریال سپنج,https://www.youtube.com/watch?v=BrZ3asyqpaM
من اگر بنشینم جای ... #shorts,https://www.youtube.com/watch?v=8pJ9VozNrbk
عمو رجب استاد رکب - سریال گل یا پوچ,https://www.youtube.com/watch?v=fkxQjIR72gw
کری خوانی به سبک حسن آقا #shorts,https://www.youtube.com/watch?v=QTM04UQ-VDc
سریال لالایی - تیزر قسمت 1 | Lalaei Series - Teaser Episode 1,https://www.youtube.com/watch?v=XpMcKNdBVYQ
سریال سپنج - تیزر قسمت 24 | Sepanj Series - Teaser Episode 24,https://www.youtube.com/watch?v=SZDW_MuxVTw
فیلم سینمایی ستون 14 - تیزر | Sotoone Chahardah Movie - Teaser,https://www.youtube.com/watch?v=Dx-g60Y6uHo
مالک، وقتی که اسم میثم میاد... #shorts,https://www.youtube.com/watch?v=5-42BbiLB8U
یکی از حساس ترین و جذاب ترین صحنه ها - سریال زخم کاری انتقام,https://www.youtube.com/watch?v=sdqYaLGeIpQ
سریال جوکر 2 - فصل 2 - تیزر قسمت 2 | Joker 2 - Season 2 - Teaser Episode 2,https://www.youtube.com/watch?v=wCVYuMzsiKs
سریال زخم کاری انتقام - تیزر قسمت 10 | Zakhm Kari Entegham Series - Teaser,https://www.youtube.com/watch?v=GceosawaNZk
چشمش منو گرفته - سریال جوکر 2 - فصل 2,https://www.youtube.com/watch?v=XqmeYjho9Uc
تعداد ستون های تخت جمشید چندتاست؟ #shorts,https://www.youtube.com/watch?v=eYEGt9vCIQ4
سریال لالایی - تیزر | Lalaei Series - Teaser,https://www.youtube.com/watch?v=OJjHrt-b_XM
سریال جوکر 2 - فصل 2 - معرفی مهمانان - متین ستوده | Joker 2 - Season 2,https://www.youtube.com/watch?v=3yLBBpw4GT4
اومدم جوکر که نخندم #shorts,https://www.youtube.com/watch?v=olFaLi4OM3M
ناهید مسلمی، شیره مثل شمشیره #shorts,https://www.youtube.com/watch?v=jGAwzsLTntI
سریال جوکر 2 - فصل 2 - معرفی مهمانان - گیتی قاسمی | Joker 2 - Season 2,https://www.youtube.com/watch?v=v2VbHx-n0uw
80 درصد زندگیمو خندیدم #shorts,https://www.youtube.com/watch?v=GLwcyjCVgho
درختی بکارم، بی آنکه فکر کنم روزی زیر سایه اش می نشینم - سریال سپنج,https://www.youtube.com/watch?v=I8hL5B2Aj2A
بشر این شانس رو داره #shorts,https://www.youtube.com/watch?v=f7AjFhufYaM
نبرد گل گیرها - سریال گل یا پوچ,https://www.youtube.com/watch?v=mmnFcmljlus
من اگر گل رو دیدم عرض می‌کنم خدمتتون #shorts,https://www.youtube.com/watch?v=S01ERdUMs6c
سریال گل یا پوچ - قسمت 1 | Gol Ya Pooch Series - Episode 1,https://www.youtube.com/watch?v=bOCukyTpWiY
قسمت اول سریال گل یا پوچ را در همین کانال یوتیوب رایگان ببینید #shorts,https://www.youtube.com/watch?v=J0-hpM9wv8Q
سریال جوکر 2 - فصل 2 - معرفی مهمانان - رویا میرعلمی | Joker 2 - Season 2,https://www.youtube.com/watch?v=xkCounhx4dg
آخه الان چهره من چشه؟ #shorts,https://www.youtube.com/watch?v=pEuOaeLzlKY
سریال جوکر 2 - فصل 2 - معرفی مهمانان - سوسن پرور | Joker 2 - Season 2,https://www.youtube.com/watch?v=n5VUivlTXss
سریال گل یا پوچ - تیزر قسمت 3 | Gol Ya Pooch Series - Teaser Episode 3,https://www.youtube.com/watch?v=emMUiBs59RY
سریال جوکر 2 - فصل 2 - معرفی مهمانان - ژاله صامتی | Joker 2 - Season 2,https://www.youtube.com/watch?v=-1X30nTa_kI
سریال جوکر 2 - فصل 2 - معرفی مهمانان - نرگس محمدی | Joker 2 - Season 2,https://www.youtube.com/watch?v=IsDhVsLL4jw
اینجا قراره بخندم #shorts,https://www.youtube.com/watch?v=QbKti7UtCuo
سریال جوکر 2 - فصل 1 - قسمت 3 | Joker 2 - Season 1 - Episode 3,https://www.youtube.com/watch?v=z0KHr5KtMEU
!چایی با من، خنده با بقیه #shorts,https://www.youtube.com/watch?v=kcblttyXSpc
خانوما اومدن کولاک کنن #shorts,https://www.youtube.com/watch?v=opzMUpAvEq4
شهادت سمیرا علیه مالک؟ - سریال زخم کاری انتقام,https://www.youtube.com/watch?v=lchdtJGfF98
مالک می‌خواست سمیرا رو بکشه #shorts,https://www.youtube.com/watch?v=DIvCynO2cnQ
سریال زخم کاری انتقام - دومین تیزر قسمت 9 | Zakhm Kari Entegham Series - Teaser,https://www.youtube.com/watch?v=zaq8Fz10chs
سریال جوکر 2 - فصل 2 - دومین تیزر قسمت 1 | Joker 2 - Season 2 - Teaser Episode 1,https://www.youtube.com/watch?v=7UlFizVO02A
سریال جوکر 2 - فصل 2 - تیزر قسمت 1 | Joker 2 - Season 2 - Teaser Episode 1,https://www.youtube.com/watch?v=m1Qv_ePaiTE
سریال زخم کاری انتقام - اولین تیزر قسمت 9 | Zakhm Kari Entegham Series - Teaser,https://www.youtube.com/watch?v=wx8BLitl2E0
اولین حضور بانوان در فصل جدید جوکر - سریال جوکر 2 - فصل 2,https://www.youtube.com/watch?v=wsRtzJHM0NE
گَنگ یعنی خانم مسلمی #shorts,https://www.youtube.com/watch?v=Rc8S_FqaqLg
وصیت نامه پیش سمیراست #shorts,https://www.youtube.com/watch?v=j4Bg4nxQ2Js
چو شادی بکاهد بکاهد روان #shorts,https://www.youtube.com/watch?v=j3w1mYXsxMM
ترکیب هیجانات و انسان اجتماعی در دنیای مدرن - سریال سپنج,https://www.youtube.com/watch?v=4QX5UYrZ4lY
حواست نبود اشتباه رفتی - سریال گل یا پوچ,https://www.youtube.com/watch?v=Khrsdq6SJ1g
شهرام گل داری؟ #shorts,https://www.youtube.com/watch?v=4Ntn5eyUWoc
سریال گل یا پوچ - تیزر قسمت 2 | Gol Ya Pooch Series - Teaser Episode 2,https://www.youtube.com/watch?v=6fndpx6-PSc
فیلم سینمایی روز ششم - تیزر | Rooze Sheshom Movie - Teaser,https://www.youtube.com/watch?v=SA9flGv6K1Q
سریال زخم کاری انتقام - تیزر قسمت 8 | Zakhm Kari Entegham Series - Teaser,https://www.youtube.com/watch?v=ODoqRWbbjd0
مهم اینه که الان کنارمی #shorts,https://www.youtube.com/watch?v=hHe9kqde8sc
آزمون اعتماد: فریبکاری یا راست گویی؟ - سریال زخم کاری انتقام,https://www.youtube.com/watch?v=txzvTPlYuuE
تو میخوای منو خراب کنی #shorts,https://www.youtube.com/watch?v=QBPjRiU8uGQ
اهمیت زبان فارسی تا اختراع الفبای زبان اشاره - سریال سپنج,https://www.youtube.com/watch?v=wUTVnqU9xu8
از انسان بودن خودم شرمنده بودم #shorts,https://www.youtube.com/watch?v=9EmT17RdSIQ
سریال زخم کاری انتقام - دومین تیزر قسمت 7 | Zakhm Kari Entegham Series - Teaser,https://www.youtube.com/watch?v=Eh53QSThqIk
سریال سپنج - تیزر قسمت 21 | Sepanj Series - Teaser Episode 21,https://www.youtube.com/watch?v=RgZqtkm7ip8
یه خالی بازی بکن - سریال گل یا پوچ,https://www.youtube.com/watch?v=2k3RJcbkqH8
چرا گل یا پوچ؟ #shorts,https://www.youtube.com/watch?v=u6tsRlD8vtU
شاه گل بازی، گل «نه» رو بده بیاد #shorts,https://www.youtube.com/watch?v=6gs9T2oAMuw
سریال گل یا پوچ - سومین تیزر | Gol Ya Pooch Series - Teaser,https://www.youtube.com/watch?v=lGotoA9UEMk
مهدی دارابی - موزیک ویدیو سریال زخم کاری انتقام | Mehdi Darabi - Zakhm Kari Entegham,https://www.youtube.com/watch?v=IJbYXqpBQLI
حاج عمو مگه چی کار کرده؟ - سریال زخم کاری انتقام,https://www.youtube.com/watch?v=hDOuyWk20uc
انقدر با من بازی نکن کیمیا #shorts,https://www.youtube.com/watch?v=5KqPHZef0lE
سریال زخم کاری انتقام - اولین تیزر قسمت 7 | Zakhm Kari Entegham Series - Teaser,https://www.youtube.com/watch?v=1kwZkq0u27E
جنگ هم خون و خونریزی داره #shorts,https://www.youtube.com/watch?v=dPf4eSN28QM
فرزاد فرزین - دومین موزیک ویدیو سریال قطب شمال (سقوط) | Farzad Farzin - Soghoot,https://www.youtube.com/watch?v=sI_1DOYhQoU
فرزاد فرزین - اولین موزیک ویدیو سریال قطب شمال | Farzad Farzin - Ghotbe Shomal,https://www.youtube.com/watch?v=ATN2vvwFMX4
مهدی دارابی - تیزر موزیک ویدیو سریال زخم کاری انتقام | Mehdi Darabi - Zakhm Kari Entegham,https://www.youtube.com/watch?v=O406A9DbI9U
کتابخونه توی پایین شهر؟ - سریال سپنج,https://www.youtube.com/watch?v=CGRmVaGyAXQ
کتابخانه برای درس خوندن نیست #shorts,https://www.youtube.com/watch?v=TWfEP5O5aSo
سریال گل یا پوچ - دومین تیزر | Gol Ya Pooch Series - Teaser,https://www.youtube.com/watch?v=EeoHlVZl5Zw
آدم باید یه خورده حسابی با بقیه نگه داره #shorts,https://www.youtube.com/watch?v=KXtbYM116zo
شاید دیگه همدیگه رو نبینیم - سریال قطب شمال,https://www.youtube.com/watch?v=NkD_u2z1eCY
سریال قطب شمال - تیزر قسمت 12 | Ghotbe Shomal Series - Teaser Episode 12,https://www.youtube.com/watch?v=1e70hH6gpHA
سریال گل یا پوچ - اولین تیزر | Gol Ya Pooch Series - Teaser,https://www.youtube.com/watch?v=W_G1UFQJA0I
سریال سپنج - تیزر قسمت 19 | Sepanj Series - Teaser Episode 19,https://www.youtube.com/watch?v=YyK-ZrRUTUg
جهان سراسر دگرگونی است - سریال سپنج,https://www.youtube.com/watch?v=fHinrI2LjHE
زندگی کردن رقصیدنه #shorts,https://www.youtube.com/watch?v=yfrKBfiIQLg
سریال زخم کاری انتقام - دومین تیزر قسمت 6 | Zakhm Kari Entegham Series - Teaser,https://www.youtube.com/watch?v=JoXzneZPDYM
سریال زخم کاری انتقام - اولین تیزر قسمت 6 | Zakhm Kari Entegham Series - Teaser,https://www.youtube.com/watch?v=qL0GjVuR0qk
خوب اشتباه میکنن #shorts,https://www.youtube.com/watch?v=TPMjtFfv4V0
وصیت نامه مدارک و شناسنامه - سریال زخم کاری انتقام,https://www.youtube.com/watch?v=t6H2xkEJnD8
دارن خر داغ می‌کنن! #shorts,https://www.youtube.com/watch?v=vBLD6U1yPNU
اعتماد چیز خوبیه نه؟ - سریال زخم کاری انتقام,https://www.youtube.com/watch?v=xf_NncPD8OQ
سریال زخم کاری انتقام - تیزر قسمت 5 | Zakhm Kari Entegham Series - Teaser,https://www.youtube.com/watch?v=WVN-L8W5bEk
آدم باید یه نفر رو داشته باشه بهش اعتماد کنه #shorts,https://www.youtube.com/watch?v=2gXFfi-6AHk
ارغوان همه چیز رو فهمید - سریال قطب شمال,https://www.youtube.com/watch?v=-E-KPVZZfSA
چند سال با من مثل عروسک بازی کردی؟ #shorts,https://www.youtube.com/watch?v=PiXDBREt3S8
سریال قطب شمال - تیزر قسمت 11 | Ghotbe Shomal Series - Teaser Episode 11,https://www.youtube.com/watch?v=sBnfPOGiswQ
از اکنون فراتر برو #shorts,https://www.youtube.com/watch?v=ivipHbZHRXs
ملال چیست؟ - سریال سپنج,https://www.youtube.com/watch?v=rVEzzVmgpiU
پژواک ایمانی در نقش حمید فرنهاد #shorts,https://www.youtube.com/watch?v=V1zSfCjwFTs
فیلم سینمایی آهو - تیزر | Ahoo Movie - Teaser,https://www.youtube.com/watch?v=da9Um0QO88k
من کارهای خطرناکتر از این تو مالدیو کردم - سریال زخم کاری انتقام,https://www.youtube.com/watch?v=XzFLFCfmnmM
بین من و تو هیچی نیست #shorts,https://www.youtube.com/watch?v=0GSpVFYI3Dw
فکر کردی، من آدم توام؟؟ - سریال زخم کاری انتقام,https://www.youtube.com/watch?v=hT3qYVO30C8
دیگه کسی جرات داره باهاش سرشاخ بشه؟ #shorts,https://www.youtube.com/watch?v=Xuq9TfbrsFk
من نه طلوعی ام نه ریزآبادی پسر #shorts,https://www.youtube.com/watch?v=kLsfN1aDyuY
سریال زخم کاری انتقام - تیزر قسمت 4 | Zakhm Kari Entegham Series - Teaser,https://www.youtube.com/watch?v=5Ei34emRZag
"چرا ""پا"" کار نمی‌کنی؟ #shorts",https://www.youtube.com/watch?v=E203wlWU4fo
می خواهید اول سرمو ببرید بعد بهم آب بدید؟ - سریال صداتو - فصل 2,https://www.youtube.com/watch?v=SLTA80EQrbg
دوبله تاریخی محمدرضا علیمردانی - سریال جوکر 2 - فصل 1,https://www.youtube.com/watch?v=QPmY25CBJLw
هه هه و ... - سریال صداتو - فصل 2,https://www.youtube.com/watch?v=rwhJgsp-d6o
من شمارو چیزی گفت؟ #shorts,https://www.youtube.com/watch?v=aA3D8BQymlY
اونو پشت صحنه بهت توضیح می‌دیم #shorts,https://www.youtube.com/watch?v=D42upymJ068
سریال صداتو - فصل 2 - تیزر قسمت 15 | Sedato Series - Season 2 - Teaser Episode 15,https://www.youtube.com/watch?v=F_KOLoT4hS4
سریال جوکر 2 - فصل 1 - تیزر قسمت 5 | Joker 2 - Season 1 - Teaser Episode 5,https://www.youtube.com/watch?v=eGGWK0ORNCw
جواد اذیتشون کناااااا - سریال جوکر 2 - فصل 1,https://www.youtube.com/watch?v=0KUOrLmH5kA
از سگ باوفاتر چربی دور شکمه #shorts,https://www.youtube.com/watch?v=FejXN3kcC7k
دفعه پیش دستتو رد کردم اشتباه کردم - سریال قطب شمال,https://www.youtube.com/watch?v=7dIGrMOWSZ4
چقدر دردناکه که خودت رو میزنی به نفهمی #shorts,https://www.youtube.com/watch?v=p0VvJNQRcCg
پیش به سوی قسمت آخر - سریال جوکر 2 - فصل 1,https://www.youtube.com/watch?v=tgsLzitTlNc
تو چرا همش می خوای از من حرف بکشی؟ - سریال زخم کاری انتقام,https://www.youtube.com/watch?v=gX50kQMe5IM
وقتو تلف نکنیم #shorts,https://www.youtube.com/watch?v=dPAemNyMZ74
تو زرنگی ولی نه اندازه من - سریال قطب شمال,https://www.youtube.com/watch?v=ADRaxQftXvo
تیکه میندازی؟! #shorts,https://www.youtube.com/watch?v=_K21_61hgKU
گربه شناسی در جوکر - سریال جوکر 2 - فصل 1,https://www.youtube.com/watch?v=Rlfp9wQW_dg
تف تو این رفاقت - سریال صداتو - فصل 2,https://www.youtube.com/watch?v=x2x0UGOExi4
مالک، کمرم شکست... #shorts,https://www.youtube.com/watch?v=W9Hid2vc4wg
دریا دریا عشق مو دریا #shorts,https://www.youtube.com/watch?v=7Y8cfpalAoM
چجوری می تونی اینجوری باشی سمیرا؟! - سریال زخم کاری انتقام,https://www.youtube.com/watch?v=siwWUcYFbT8
سریال زخم کاری انتقام - قسمت 1 | Zakhm Kari Entegham Series - Episode 1,https://www.youtube.com/watch?v=vbL3MyNEhCk
قسمت اول سریال زخم کاری انتقام را در همین کانال یوتیوب رایگان ببینید #shorts,https://www.youtube.com/watch?v=9MQoFUOdRZg
سریال زخم کاری انتقام - تیزر قسمت 3 | Zakhm Kari Entegham Series - Teaser,https://www.youtube.com/watch?v=_hUPGlKV-e0
تپلویم تپلو، صورتم مثل هلو - سریال صداتو - فصل 2,https://www.youtube.com/watch?v=4TdXG6nqMgw
شیرازی دوست داشتنی #shorts,https://www.youtube.com/watch?v=FyuWFFUw8V0
چرا لباس اتاق عمل رو اصلاح نمی کنن #shorts,https://www.youtube.com/watch?v=ToOzJv-zEv0
میخوام طلوعی رو نقره داغ کنم #shorts,https://www.youtube.com/watch?v=3G34ZB6WN_M
رادش در نقش فرزند ذکور!!! - سریال جوکر 2 - فصل 1,https://www.youtube.com/watch?v=rqgf9jhPfGI
موش تو سوراخ خودت #shorts,https://www.youtube.com/watch?v=0DfwYVVDoEA
سریال صداتو - فصل 2 - تیزر قسمت 14 | Sedato Series - Season 2 - Teaser Episode 14,https://www.youtube.com/watch?v=sbxSK33FRdQ
سریال جوکر 2 - فصل 1 - تیزر قسمت 4 | Joker 2 - Season 1 - Teaser Episode 4,https://www.youtube.com/watch?v=-BfqKJR3xBA
من دنبال پولم! - سریال قطب شمال,https://www.youtube.com/watch?v=rhjnWH8Nv7o
طلاها نیست! #shorts,https://www.youtube.com/watch?v=V7mdq_6L-Mk
صلاحیت بچه دار شدن نداری - سریال قطب شمال,https://www.youtube.com/watch?v=p5h7tT80NMs
برات لباس خریدم #shorts,https://www.youtube.com/watch?v=otkZ-kRX8z0
سریال قطب شمال - تیزر قسمت 9 | Ghotbe Shomal Series - Teaser Episode 9,https://www.youtube.com/watch?v=9Cgn2YW6LNs
به چه چیزی میگویند شاهکار؟ #shorts,https://www.youtube.com/watch?v=4QjYD7hB_dQ
هر چیزی رو از زاویه تازه ببینیم - سریال سپنج,https://www.youtube.com/watch?v=1I3rFl-1Wfo
طلوعی بچمو ازم گرفت #shorts,https://www.youtube.com/watch?v=tXV5BCsB2cI
پا، روی دم مالک نذار - سریال زخم کاری انتقام,https://www.youtube.com/watch?v=-_Y1RLanNtM
داداشم لب شکریه، حرف تو دهنش نچرخید #shorts,https://www.youtube.com/watch?v=Bf1eTFDXm_A
کدوم لوطی خواننده ست؟ - سریال صداتو - فصل 2,https://www.youtube.com/watch?v=2MD8ETiilSk
سریال زخم کاری انتقام - تیزر قسمت 2 | Zakhm Kari Entegham Series - Teaser,https://www.youtube.com/watch?v=MQHBmkFxdas
سریال صداتو - فصل 2 - تیزر قسمت 13 | Sedato Series - Season 2 - Teaser Episode 13,https://www.youtube.com/watch?v=hqRMND6GZ28
سمیرا، مالک تموم شد! #shorts,https://www.youtube.com/watch?v=dPwRDq2m_1g
من که گفتم صبور باش - سریال زخم کاری انتقام,https://www.youtube.com/watch?v=Ybjt3Mv_KW4
وااای سوسک :) #shorts,https://www.youtube.com/watch?v=0ccqIOGtOXk
وقتی که نیما پیرزن می شه - سریال جوکر 2 - فصل 1,https://www.youtube.com/watch?v=X4N-4vOO-IY
سریال جوکر 2 - فصل 1 - قسمت 1 | Joker 2 - Season 1 - Episode 1,https://www.youtube.com/watch?v=pJnHGjZipZ4
تماشای رایگان قسمت اول جوکر 2 در کانال یوتیوب تلویکا #shorts,https://www.youtube.com/watch?v=IwLR2JXvAvc
لوطی پنجم بیاد برای اجرا - سریال صداتو - فصل 2,https://www.youtube.com/watch?v=p0-_5FbELnM
پهلوون رسول خادم #shorts,https://www.youtube.com/watch?v=9uu0-r8ngAo
بازی مالک تازه شروع شده #shorts,https://www.youtube.com/watch?v=XxXWnk5YWIc
نقطه تلاقی - سریال سپنج,https://www.youtube.com/watch?v=dk10qxpIYnU
رقص با هستی #shorts,https://www.youtube.com/watch?v=CVYSLfhd_JQ
قسمت 13 صداتو، سومین ویژه برنامه این فصل #shorts,https://www.youtube.com/watch?v=Jc5Nl-0G_dk
تو کی هستی؟ - سریال قطب شمال,https://www.youtube.com/watch?v=Ul_PE7vUkbo
همه چی فیکه، درسته #shorts,https://www.youtube.com/watch?v=v91gLmlTNkE
یاد گذشتگان در جوکر - سریال جوکر 2 - فصل 1,https://www.youtube.com/watch?v=KFWFv5jpQHk
سریال جوکر 2 - فصل 1 - تیزر قسمت 3 | Joker 2 - Season 1 - Teaser Episode 3,https://www.youtube.com/watch?v=_XJZDgYErGk
خیانت به آرشام؟ - سریال قطب شمال,https://www.youtube.com/watch?v=WVOh53UMAXY
ارغوان تصادف و خودکشی نکرده #shorts,https://www.youtube.com/watch?v=TRfS879JezE
سریال قطب شمال - تیزر قسمت 8 | Ghotbe Shomal Series - Teaser Episode 8,https://www.youtube.com/watch?v=_h7fj4pyBAg
داره می خنده یا گریه می کنه؟ #shorts,https://www.youtube.com/watch?v=eI00JfXJ_8o
اینارو پخش میکنین؟ - سریال صداتو - فصل 2,https://www.youtube.com/watch?v=7bQ92eseNjs
پول خوشبختی نمیاره! - سریال سپنج,https://www.youtube.com/watch?v=7KlTBq33LNw
با نسل شما باید اینجوری حرف زد - سریال قطب شمال,https://www.youtube.com/watch?v=xxKLNqza7JM
همه چی داری ولی شادکام نیستی #shorts,https://www.youtube.com/watch?v=GwzBt4nc5j8
حالا من شدم آدم بده #shorts,https://www.youtube.com/watch?v=hQu-RC4yKQE
میترسم برگردم دوباره خونی ریخته بشه - سریال زخم کاری انتقام,https://www.youtube.com/watch?v=dYAPgyPPS8k
من کاری با تو ندارم #shorts,https://www.youtube.com/watch?v=C8TmqTSKqv8
خودمون باید به فکر خودمون باشیم - سریال صداتو - فصل 2,https://www.youtube.com/watch?v=PPAIc0GJipk
صدا مخفی های این قسمت از صداتو #shorts,https://www.youtube.com/watch?v=ruS80u5B76M
آدم میفرستی سراغم؟ - سریال زخم کاری انتقام,https://www.youtube.com/watch?v=BnsYOaMe55U
تو چرا به هیچ دردی نمی خوری؟ #shorts,https://www.youtube.com/watch?v=FM9AsTVwBZM
1 روز مانده به پخش سریال زخم کاری انتقام #shorts,https://www.youtube.com/watch?v=5sBylvRniOo
سریال زخم کاری انتقام - 1 روز مانده به پخش قسمت 1 | Zakhm Kari Entegham Series - Teaser,https://www.youtube.com/watch?v=dLVK3m30u_o
گل های غربت تقدیم می کنند - سریال جوکر 2 - فصل 1,https://www.youtube.com/watch?v=gubbeK-Xj7Y
آخرین قاتل روی زمین کیه؟ #shorts,https://www.youtube.com/watch?v=2W77MbmnxJc
سریال زخم کاری انتقام - 2 روز مانده به پخش قسمت 1 | Zakhm Kari Entegham Series - Teaser,https://www.youtube.com/watch?v=-UwAoeTIjJ4
2 روز مانده به پخش سریال زخم کاری انتقام #shorts,https://www.youtube.com/watch?v=oY1Y8DG1Ses
دلار میره بالا - سریال جوکر 2 - فصل 1,https://www.youtube.com/watch?v=m-XpIahZHFM
سریال زخم کاری انتقام - 3 روز مانده به پخش قسمت 1 | Zakhm Kari Entegham Series - Teaser,https://www.youtube.com/watch?v=hubomuqgOEU
سریال جوکر 2 - فصل 1 - تیزر قسمت 2 | Joker 2 - Season 1 - Teaser Episode 2,https://www.youtube.com/watch?v=2BwV1M3DHJs
زخم کاری در صداتو - سریال صداتو - فصل 2,https://www.youtube.com/watch?v=1WCzeyScB9E
سریال زخم کاری انتقام -  رعنا آزادی ور در نقش سمیرا | Zakhm Kari Entegham Series - Teaser,https://www.youtube.com/watch?v=6idAwVPGfUQ
جمعه، 25 خرداد، ساعت 8 صبح #shorts,https://www.youtube.com/watch?v=u70DPZexvmU
سریال زخم کاری انتقام - جواد عزتی در نقش مالک مالکی | Zakhm Kari Entegham Series - Teaser,https://www.youtube.com/watch?v=1YrHLOcN_2E
من با دشمنم هم معامله می‌کنم #shorts,https://www.youtube.com/watch?v=NhfgHf98jT8
هر کاری بگم میکنی؟ - سریال قطب شمال,https://www.youtube.com/watch?v=tmIvGeyAQEg
فیلم سینمایی زخم کاری 2 #shorts,https://www.youtube.com/watch?v=tcG8KhUM1I4
سریال قطب شمال - تیزر قسمت 7 | Ghotbe Shomal Series - Teaser Episode 7,https://www.youtube.com/watch?v=XejziJIrV74
سلطان فکت های نامنظم #shorts,https://www.youtube.com/watch?v=HgU_7dN4hPo
چی میگی تو خورد خورد - سریال صداتو - فصل 2,https://www.youtube.com/watch?v=ubGtbPzsov8
شما نمیدونین اینجا چه خبره که #shorts,https://www.youtube.com/watch?v=L68j30ZHubQ
احسان علیخانی در جوکر - سریال جوکر 2 - فصل 1,https://www.youtube.com/watch?v=3AYMQvrSrV4
اتفاقی که کسی انتظارشو نداره #shorts,https://www.youtube.com/watch?v=mfd7-7uJES0
معرفی شرکت کنندگان جوکر 2 فصل 1 #shorts,https://www.youtube.com/watch?v=N_aE22MUCb8
سریال صداتو - فصل 2 - تیزر قسمت 11 | Sedato Series - Season 2 - Teaser Episode 11,https://www.youtube.com/watch?v=3CjHCN0SsE8
شروع بی رحمانه جوکر - سریال جوکر 2 - فصل 1,https://www.youtube.com/watch?v=vmFPC8rH40s
بالاخره ماحصل شش ماه کار رسید #shorts,https://www.youtube.com/watch?v=eberDjReze8
سریال جوکر 2 - فصل 1 - تیزر قسمت 1 | Joker 2 - Season 1 - Teaser Episode 1,https://www.youtube.com/watch?v=6IAbxEzCtYQ
سپنج یک تیغ دودمه #shorts,https://www.youtube.com/watch?v=TCDcrqA9EDw
اصالت متن یا فرامتن - سریال سپنج,https://www.youtube.com/watch?v=uzx9KPbrUeg
دلم میخواد شما سوال بپرسین من جواب بدم #shorts,https://www.youtube.com/watch?v=FJYWpMZEQ-I
سریال جوکر 2 - فصل 1 - معرفی مهمانان - جواد رضویان | Joker 2 - Season 1,https://www.youtube.com/watch?v=YXjPWbhIpT0
سریال جوکر 2 - فصل 1 - معرفی مهمانان - محمدرضا علیمردانی | Joker 2 - Season 1,https://www.youtube.com/watch?v=QjZahaxLGvo
جواد رضویان در جوکر 2 #shorts,https://www.youtube.com/watch?v=l0mcp_DBjjA
امیرحسین اومده که تو دقیقه دوم مسابقه رو ترک کنه! #shorts,https://www.youtube.com/watch?v=YEs8oC15GcI
می ترسی عاشقم بشی؟ - سریال قطب شمال,https://www.youtube.com/watch?v=fUxLfZxfogA
من که هرچی میگم تو یه سوال جدید میپرسی! #shorts,https://www.youtube.com/watch?v=jBTBO2MTa4s
سریال جوکر 2 - فصل 1 - معرفی مهمانان - امیر حسین رستمی | Joker 2 - Season 1,https://www.youtube.com/watch?v=my6t4jGzHuk
به یادماندنی ترین بازی شرکت کننده - سریال صداتو - فصل 2,https://www.youtube.com/watch?v=XnXhJa4aWSw
هر چند شما این موضوع رو به قرص ربط میدین! #shorts,https://www.youtube.com/watch?v=e3ATAbFVd4I
سریال قطب شمال - تیزر فرزاد حسنی | Ghotbe Shomal Series - Teaser,https://www.youtube.com/watch?v=QhiteIVkFPI
سریال جوکر 2 - فصل 1 - تیزر | Joker 2 - Season 1 - Teaser,https://www.youtube.com/watch?v=tL2me6ps3lY
سریال قطب شمال - تیزر قسمت 6 | Ghotbe Shomal Series - Teaser Episode 6,https://www.youtube.com/watch?v=IwtKH6TquII
ژوله یعنی چی؟ - سریال صداتو - فصل 2,https://www.youtube.com/watch?v=PiC2p8hkVFA
سریال جوکر 2 - فصل 1 - معرفی مهمانان - نیما شعبان نژاد | Joker 2 - Season 1,https://www.youtube.com/watch?v=ZusUO2jiaBM
چرا چرا چرا حالا که فکر میکنم آره #shorts,https://www.youtube.com/watch?v=U5zK-gG7T5w
من عاشق رنگ و لباس، جوراب و کفش و حیواناتم #shorts,https://www.youtube.com/watch?v=sgnAhGXA42w
حضور مجید مظفری، برای اولین بار در یه کار طنز #shorts,https://www.youtube.com/watch?v=y92yZ5i8lho
سریال جوکر 2 - فصل 1 - معرفی مهمانان - مجید مظفری | Joker 2 - Season 1,https://www.youtube.com/watch?v=B_WmTsTckFI
یه مهربون دمدمی مزاج داریم تو جوکر2! #shorts,https://www.youtube.com/watch?v=m4loraOZEFM
سریال صداتو - فصل 2 - تیزر قسمت 10 | Sedato Series - Season 2 - Teaser Episode 10,https://www.youtube.com/watch?v=CU5SEFts0TE
سریال جوکر 2 - فصل 1 - معرفی مهمانان - نصرالله رادش | Joker 2 - Season 1,https://www.youtube.com/watch?v=JfT6dCxOZfg
من خودم نمی دونم کیم، اما هادی کاظمیم! #shorts,https://www.youtube.com/watch?v=ZLRB1spAqog
سریال جوکر 2 - فصل 1 - معرفی مهمانان - هادی کاظمی | Joker 2 - Season 1,https://www.youtube.com/watch?v=BtawizlC7to
خوش رنگ باشید، مثل بهرنگ! #shorts,https://www.youtube.com/watch?v=XUjH1EkQP-E
سریال جوکر 2 - فصل 1 - معرفی مهمانان - بهرنگ علوی | Joker 2 - Season 1,https://www.youtube.com/watch?v=lSodqvfslwo
فصل اول رئالیتی‌شوی جوکر 2، به زودی در تلویکا! #shorts,https://www.youtube.com/watch?v=JNoirwElhV4
سریال جوکر 2 - فصل 1 - تیزر | Joker 2 - Season 1 - Teaser,https://www.youtube.com/watch?v=1oy5pI6oBok
ژاله آموزگار فقط یکیست در ایران - سریال سپنج,https://www.youtube.com/watch?v=BpPvZZHiZ8A
خیال نکنید همه درجه یک میشن #shorts,https://www.youtube.com/watch?v=jzN0O52E0Ic
فاز رفیقت، فاز ماموراست - سریال قطب شمال,https://www.youtube.com/watch?v=9Mnd2MC_V4k
من از رعد و برق میترسم #shorts,https://www.youtube.com/watch?v=a5XWbB0SE4s
اذیت نمیشی از پشت به رفیقات خنجر میزنی؟ - سریال قطب شمال,https://www.youtube.com/watch?v=vQiKGR3zpxM
به خودم باشه دلم میخواد هر شب شفق قطبی ببینم #shorts,https://www.youtube.com/watch?v=CIxtnJIM8eI
قسمت اول سریال قطب شمال را در همین کانال یوتیوب رایگان ببینید #shorts,https://www.youtube.com/watch?v=Y7Vh-0LCj0w
سریال قطب شمال - قسمت 1 | Ghotbe Shomal Series - Episode 1,https://www.youtube.com/watch?v=MWltLuw7JLg
سریال شبهای مافیا زودیاک - فصل 2 - تیزر قسمت 15| Shabhaye Mafia Zodiac - Season 2- Teaser Episode 15,https://www.youtube.com/watch?v=5zUCIXJ5u4Q
یه کاری کن - سریال شبهای مافیا زودیاک - فصل 2,https://www.youtube.com/watch?v=l3sF0_n6YLc
ماسک‌ها به چهره #shorts,https://www.youtube.com/watch?v=6G6gw0JHEq0
قسمت آخر زودیاک، فینال فینالیستها #shorts,https://www.youtube.com/watch?v=vToyUmelv3g
گنده مون اومد #shorts,https://www.youtube.com/watch?v=e4IGdMbD-aE
چرا شروع کردی به حرف زدن وقتی من نگفتم؟ - سریال صداتو - فصل 2,https://www.youtube.com/watch?v=y-LhPPlGklw
سریال قطب شمال - تیزر قسمت 4 | Ghotbe Shomal Series - Teaser Episode 4,https://www.youtube.com/watch?v=DSq8b-VxQR0
هر اشتباهی کردی اعتماد به نفستو از دست نده #shorts,https://www.youtube.com/watch?v=GalKeboz1Xc
زندگی مثل رینگ بوکس می مونه - سریال قطب شمال,https://www.youtube.com/watch?v=YdCMpaDyTdU
چرا صدات اسلو موشن شد؟ #shorts,https://www.youtube.com/watch?v=OYyxai6a6zU
ناراحتی محمد بحرانی از دست محسن کیایی - سریال صداتو - فصل 2,https://www.youtube.com/watch?v=pTgz-H2Syjk
سریال صداتو - فصل 2 - تیزر قسمت 9 | Sedato Series - Season 2 - Teaser Episode 9,https://www.youtube.com/watch?v=zLV_Ca_aAIo
مافیا با نقش ما بازی می کنه - سریال شبهای مافیا زودیاک - فصل 2,https://www.youtube.com/watch?v=4iWyGPAsYDg
حواستون رو جمع کنید سمت من نیاید #shorts,https://www.youtube.com/watch?v=r67GWrD93Tc
سریال شبهای مافیا زودیاک - فصل 2 - تیزر قسمت 14| Shabhaye Mafia Zodiac - Season 2- Teaser Episode 14,https://www.youtube.com/watch?v=6R_LiFlH_v0
یه سری ها باید زنده باشن و عذاب بکشن #shorts,https://www.youtube.com/watch?v=zIBRcKKoJew
برآیندم مثبته - سریال شبهای مافیا زودیاک - فصل 2,https://www.youtube.com/watch?v=JG0QysG4GIM
مهم اینه نون بازوتو بخوری #shorts,https://www.youtube.com/watch?v=gvoVed4JQrY
المان بهاری خانم بهار #shorts,https://www.youtube.com/watch?v=XWXXG2QooFo
جمله های قصار علی آقا  روهیچکس نشنیده#shorts,https://www.youtube.com/watch?v=alN7BA4qfMc
آمد بهار جانها، ای شاخ تر به رقص آ - سریال صداتو - فصل 2,https://www.youtube.com/watch?v=MnISW1Jb30U
دارم خفه میشم #shorts,https://www.youtube.com/watch?v=xc3V_ueEl5c
زن و شوهر خوبی هستیم - سریال قطب شمال,https://www.youtube.com/watch?v=2Xpzgt99adU
سریال قطب شمال - تیزر قسمت 3 | Ghotbe Shomal Series - Teaser Episode 3,https://www.youtube.com/watch?v=3p2TbAmieSY
به خدا لنگم - سریال صداتو - فصل 2,https://www.youtube.com/watch?v=V63s5ohO_6s
برنده شدی با جایزه ات چیکار میکنی؟ #shorts,https://www.youtube.com/watch?v=JB_r8JaTJpU
سریال قطب شمال - تیزر نازنین بیاتی | Ghotbe Shomal Series - Teaser,https://www.youtube.com/watch?v=mzlR9rLLXY4
سریال صداتو - فصل 2 - تیزر قسمت 8 | Sedato Series - Season 2 - Teaser Episode 8,https://www.youtube.com/watch?v=Dey91Rjx2tE
گردنم درد گرفت #shorts,https://www.youtube.com/watch?v=uS2wgrbWTsA
آیا گرخیدین #shorts,https://www.youtube.com/watch?v=Je99il6fBcs
عصبانیت فرزاد فرزین - سریال شبهای مافیا زودیاک - فصل 2,https://www.youtube.com/watch?v=hUirNaYy2ZI
سریال سپنج - سکانس برتر قسمت 9 | Sepanj Series,https://www.youtube.com/watch?v=ua7ySqNG66Y
ویژگی انسان معاصر #shorts,https://www.youtube.com/watch?v=GPmBqLJa6MQ
به افتخار تمام شهروندهای سیسیل #shorts,https://www.youtube.com/watch?v=b2uHlw_clcg
سریال شبهای مافیا زودیاک - فصل 2 - تیزر قسمت 13| Shabhaye Mafia Zodiac - Season 2- Teaser Episode 13,https://www.youtube.com/watch?v=pbYLPy9ugls
کی هستی؟ ماموری؟ - سریال قطب شمال,https://www.youtube.com/watch?v=p5RcBBL_4Eo
عزیزترین کس زندگیمو از دست دادم #shorts,https://www.youtube.com/watch?v=U_gHQbqgZz8
هیچ وقت صداتو برای یه پرسپولیسی بلند نکن - سریال شبهای مافیا زودیاک - فصل 2,https://www.youtube.com/watch?v=61J-cqCmt_k
خیلی ترسناک بنظر میاد #shorts,https://www.youtube.com/watch?v=Fd3vGdh_-uw
خیلی از خواننده های بزرگ قاری قرآن بودن #shorts,https://www.youtube.com/watch?v=R3ArCaZlh3A
خواننده اصلی ترک تنهاترین عاشق - سریال صداتو - فصل 2,https://www.youtube.com/watch?v=XbJSh6UI1lg
اومدم انتقام بگیرم - سریال قطب شمال,https://www.youtube.com/watch?v=9JKh8Th6Cfo
سریال قطب شمال - تیزر قسمت 2 | Ghotbe Shomal Series - Teaser Episode 2,https://www.youtube.com/watch?v=nmqgBqsgexY
فرزاد فرزین در سریال قطب شمال #shorts,https://www.youtube.com/watch?v=aAn5rfwffOU
سریال قطب شمال - تیزر عباس جمشیدی فر | Ghotbe Shomal Series - Teaser,https://www.youtube.com/watch?v=Z_FpGtTR6iU
حمله هوایی به جزیره خارک در طول جنگ #shorts,https://www.youtube.com/watch?v=Hbx0YpqXZYM
قرص های اعصاب خانم مقدمی - سریال صداتو - فصل 2,https://www.youtube.com/watch?v=1CNcDUfyDPU
سریال صداتو - فصل 2 - تیزر قسمت 7 | Sedato Series - Season 2 - Teaser Episode 7,https://www.youtube.com/watch?v=enuCbPdnoBw
بدترین خواننده ها #shorts,https://www.youtube.com/watch?v=thZsXwuBfF4
وقتی برای بار صدم با رفیقت مافیا شدی #shorts,https://www.youtube.com/watch?v=TF4ZPR1F4Rg
مرحله فینال، خطر اسپویل - سریال صداتو - فصل 2,https://www.youtube.com/watch?v=aW-hRvrOuDE
دکتر علیه حرفه ای - سریال شبهای مافیا زودیاک - فصل 2,https://www.youtube.com/watch?v=pSIqzRHW51A
جواد بلا #shorts,https://www.youtube.com/watch?v=UOiFHHlnYYs
هر دم از این باغ بری می رسد - سریال شبهای مافیا زودیاک - فصل 2,https://www.youtube.com/watch?v=N133gWVygDc
سریال شبهای مافیا زودیاک - فصل 2 - تیزر قسمت 12| Shabhaye Mafia Zodiac - Season 2- Teaser Episode 12,https://www.youtube.com/watch?v=9xp5RDQJwKs
سریال قطب شمال - تیزر | Ghotbe Shomal Series - Teaser,https://www.youtube.com/watch?v=i2hIskcN3LM
شروعی بر فینال فینالیستها #shorts,https://www.youtube.com/watch?v=1E8ZFOknL3I
نمی‌خوای واسه عروسیت بری آرایشگاه؟ #shorts,https://www.youtube.com/watch?v=qu69bFwt3-A
پای هممون گیره - سریال قطب شمال,https://www.youtube.com/watch?v=XznZVxzhcp0
آواز خوندن محسن شریفیان#shorts,https://www.youtube.com/watch?v=FEONQNgs5jc
خودزنی محسن کیایی - سریال صداتو - فصل 2,https://www.youtube.com/watch?v=ev6ec9-B9QE
هروقت گمم کردی نوک این عقربه رو بگیر بیا #shorts,https://www.youtube.com/watch?v=nbelH2JXQP0
خودم دستتونو گذاشتم تو دست هم - سریال قطب شمال,https://www.youtube.com/watch?v=O_7Yo0x_UgE
سریال صداتو - فصل 2 - تیزر قسمت 6 | Sedato Series - Season 2 - Teaser Episode 6,https://www.youtube.com/watch?v=G_ox3JfpZpE
سریال قطب شمال - تیزر آناهیتا درگاهی | Ghotbe Shomal Series - Teaser,https://www.youtube.com/watch?v=XRu6y7IU5_M
پروانه رو کشت و قسر در رفت - سریال گناه فرشته,https://www.youtube.com/watch?v=_WtbPzp0n4A
خانم شما خیلی حرف باطل وارد بازی کردین - سریال شبهای مافیا زودیاک - فصل 2,https://www.youtube.com/watch?v=wwFJbyPY080
این چه بلایی بود سرمون اومد #shorts,https://www.youtube.com/watch?v=5nFoOFTkx1M
من اصلا پرهام ریخته #shorts,https://www.youtube.com/watch?v=v52XBMAuU5M
سریال قطب شمال - تیزر امیرحسین فتحی | Ghotbe Shomal Series - Teaser,https://www.youtube.com/watch?v=1CNBrnzj2SY
منو ببخش - سریال گناه فرشته,https://www.youtube.com/watch?v=PO0Az0dV_8s
کدوم خواننده است؟ - سریال صداتو - فصل 2,https://www.youtube.com/watch?v=c9hCeZKoraY
احتمال اینکه ماهم به شما جایزه بدیم شصت درصده #shorts,https://www.youtube.com/watch?v=PmDYtr_7J-Y
تو این بازی من یار نداشتم - سریال شبهای مافیا زودیاک - فصل 2,https://www.youtube.com/watch?v=WkjbsAigYXA
یعنی انقدر طلیس پرته؟ #shorts,https://www.youtube.com/watch?v=aE75OYV-UlI
جواد هاشمی یا سیامک هاشمی؟ - سریال صداتو - فصل 2,https://www.youtube.com/watch?v=m3fJMyAk1yc
سریال صداتو - فصل 2 - تیزر قسمت 4 | Sedato Series - Season 2 - Teaser Episode 4,https://www.youtube.com/watch?v=gcm3ezblVhE
خانواده مادری VS خانواده پدری #shorts,https://www.youtube.com/watch?v=Wba-DLoIvYE
یه سوالایی داره دیوونم میکنه #shorts,https://www.youtube.com/watch?v=Yo_eeOjJ5wM
همه چیز زیر سر عماده ! - سریال گناه فرشته,https://www.youtube.com/watch?v=ogTmF5yFy0E
سریال گناه فرشته - تیزر قسمت 17 | Gonahe Fereshteh Series - Teaser Episode 17,https://www.youtube.com/watch?v=eFuYaZfr6_c
کل تیم رو نابود کردم - سریال شبهای مافیا زودیاک - فصل 2,https://www.youtube.com/watch?v=sdbFfSkc3ys
اینجا بازیه #shorts,https://www.youtube.com/watch?v=v4wrCljUNuc
سریال سپنج - تیزر قسمت 7 | Sepanj Series - Teaser Episode 7,https://www.youtube.com/watch?v=VJF-KkBl114
خیلی حرف می زنیم - سریال سپنج,https://www.youtube.com/watch?v=VsdhF2B4xoQ
هم اکنون زودیاک 2 قسمت 11 #shorts,https://www.youtube.com/watch?v=BUvtADwj1oY
دیدنی چیست؟ #shorts,https://www.youtube.com/watch?v=qLAd0OaoWVw
همه تلاشمونو میکنیم برنده بشی - سریال صداتو - فصل 2,https://www.youtube.com/watch?v=t5XZoV-6Ylg
هر آدمی در این مرحله دو گزینه داره #shorts,https://www.youtube.com/watch?v=vqd-jkurd-s
سریال صداتو - فصل 2 - تیزر قسمت 5 | Sedato Series - Season 2 - Teaser Episode 5,https://www.youtube.com/watch?v=w8g5j9i6VPM
سریال گناه فرشته - تیزر قسمت 18 | Gonahe Fereshteh Series - Teaser Episode 18,https://www.youtube.com/watch?v=9LIz7UPcHcw
روایت آدمهای شکست خورده - سریال گناه فرشته,https://www.youtube.com/watch?v=-JSB8Np-kB4
تو منو انداختی توی این برزخ #shorts,https://www.youtube.com/watch?v=LK6YBII6oMM
به همه تون مشکوکم - سریال شبهای مافیا زودیاک - فصل 2,https://www.youtube.com/watch?v=dfapyoTnCWc
برم آقای تشکر رو نبینم #shorts,https://www.youtube.com/watch?v=zsGSiw_Yri4
زمین تا آسمان - سریال سپنج,https://www.youtube.com/watch?v=h2y4FMFraHA
اینها محصولات سازهای کوک بودند #shorts,https://www.youtube.com/watch?v=fq9uxQz_buU
هم اکنون زودیاک قسمت 9 #shorts,https://www.youtube.com/watch?v=GZRnVFFub3U
سریال سپنج - تیزر قسمت 5 | Sepanj Series - Teaser Episode 5,https://www.youtube.com/watch?v=jaZ1e6BB_Gw
من و حامد زندگی خوبی داریم - سریال گناه فرشته,https://www.youtube.com/watch?v=y5Q6wGXb1Jw
من کاریو کردم که تو حتی جرئتشو نداشتی #shorts,https://www.youtube.com/watch?v=aVYrnASDacg
پول زیاد و مرحله خیلی سخت - سریال صداتو - فصل 2,https://www.youtube.com/watch?v=MP9rhwhXPiY
آنشرلی با موهای قرمز رو بلدی بزنی؟ #shorts,https://www.youtube.com/watch?v=QIfzCrUA3as
سریال گناه فرشته - تیزر قسمت 16 | Gonahe Fereshteh Series - Teaser Episode 16,https://www.youtube.com/watch?v=LAsfW-y8NSI
فرشته آزاد شد؟!!! - سریال گناه فرشته,https://www.youtube.com/watch?v=sx3YMCoRiZQ
به نظرت خوشبختی حقم نیست؟ #shorts,https://www.youtube.com/watch?v=5xajycRjCHY
حتی اگه بد بود نگهش دار - سریال صداتو - فصل 2,https://www.youtube.com/watch?v=co6UvhIrtMk
درشتاشو سوا کردی #shorts,https://www.youtube.com/watch?v=mqOI7tV4B0k
سریال صداتو - فصل 2 - تیزر قسمت 3 | Sedato Series - Season 2 - Teaser Episode 3,https://www.youtube.com/watch?v=K4fDjgmSUCM
هی میخوام دختر خوبه باشم بشینم هیچی نگم - سریال شبهای مافیا زودیاک - فصل 2,https://www.youtube.com/watch?v=TCRKKnVsaUM
چشم ایشونو باز دیده دوست داشته تو روز با یارش نجنگه #shorts,https://www.youtube.com/watch?v=q6S7IgoUpUw
آیا جوونهای الانم اینگونه راه پیش روشون هموار است؟ #shorts,https://www.youtube.com/watch?v=J0DRLqudO8w
مگر در همین دنیا رشد نکردیم؟ پس چرا میگوییم اوف بر دنیا؟ - سریال سپنج,https://www.youtube.com/watch?v=GD_ZY5cURd0
من اصلا مافیا هم باشم باید بشینم تو بازی #shorts,https://www.youtube.com/watch?v=bo1jgJm8n3c
من اینجا غریب افتادم - سریال شبهای مافیا زودیاک - فصل 2,https://www.youtube.com/watch?v=Mce7aeLvEa4
دو دقیقه بیا جای من وایسا ببینم چجوری میتونی قضاوت نکنی - سریال گناه فرشته,https://www.youtube.com/watch?v=jOtkOmEJdaw
فقط خدا کنه تهش بتونیم خودمونو ببخشیم #shorts,https://www.youtube.com/watch?v=VQByrV5Wcig
سریال گناه فرشته - تیزر قسمت 15 | Gonahe Fereshteh Series - Teaser Episode 15,https://www.youtube.com/watch?v=gsmRUq_wPKM
عشیری رو من کشتم - سریال گناه فرشته,https://www.youtube.com/watch?v=TAswad2KFVY
وقتی 40 میلیون باختی - سریال صداتو - فصل 2,https://www.youtube.com/watch?v=xqpO9Pnzt6M
حکم بدون من و شما هم اجرا میشه #shorts,https://www.youtube.com/watch?v=ieEQUSRHacE
این جنسیت زدگی رو کنار بزاریم #shorts,https://www.youtube.com/watch?v=V4HoLtgfXC0
از کی شروع کنم؟ #shorts,https://www.youtube.com/watch?v=QwoZnpud8oI
عینک ژوله رو گرفته تو هر شیشش یه چی میبینه - سریال صداتو - فصل 2,https://www.youtube.com/watch?v=2L6_yNxU4rs
سریال سپنج - تیزر قسمت 3 | Sepanj Series - Teaser Episode 3,https://www.youtube.com/watch?v=_fBnsiORo3A
جیغ و داد نکن - سریال شبهای مافیا زودیاک - فصل 2,https://www.youtube.com/watch?v=CmXy6ENSG2M
شاملو سر تمرین ما میومد - سریال سپنج,https://www.youtube.com/watch?v=mplz7hQwr-8
من اشتباه شنیدم یا اشتباه گفت؟ #shorts,https://www.youtube.com/watch?v=CZy7RKu1-RM
من مردم رو خیلی دوست دارم #shorts,https://www.youtube.com/watch?v=uw_6-nMxCZ4
سریال 2شات - تیزر قسمت 40 | 2Shot Series - Teaser Episode 40,https://www.youtube.com/watch?v=qZWJ_EUgLCA
قشنگ ترین روز زندگیم - سریال گناه فرشته,https://www.youtube.com/watch?v=xLeKdmJYOj0
میدونی داری چی میخوای؟ #shorts,https://www.youtube.com/watch?v=83vWts4aizk
تئاتر بخشی از فرهنگ یک ملته - سریال سپنج,https://www.youtube.com/watch?v=GJJSCsyg0sU
انقدر پیر شدن که همدیگه رو نمیشناسن #shorts,https://www.youtube.com/watch?v=u1TGz3uuIcE
شهر رو بدبخت نکن - سریال شبهای مافیا زودیاک - فصل 2,https://www.youtube.com/watch?v=RmOkyqatfUQ
دارم پیام میدم #shorts,https://www.youtube.com/watch?v=3ZVY6iWt2yY
فرض کن آتش به فرمان پر پروانه باشد #shorts,https://www.youtube.com/watch?v=POhYu8Yt1WA
خیلی تلاش میکنم قضاوت نکنم - سریال 2شات,https://www.youtube.com/watch?v=YPPeKkPYb0U
آقای بحرانی، غلط کرد - سریال صداتو - فصل 2,https://www.youtube.com/watch?v=F-z4vWU6cE8
خواننده هست یا نیست؟ #shorts,https://www.youtube.com/watch?v=AI9nZ95pLSc
سریال صداتو - فصل 2 - تیزر قسمت 1 | Sedato Series - Season 2 - Teaser Episode 1,https://www.youtube.com/watch?v=7MmpnNeaRsw
واسه کار درست دارم سر خم میکنم  #shorts,https://www.youtube.com/watch?v=cOBfmgwv5I4
من الآن تو آتیش دارم میسوزم - سریال گناه فرشته,https://www.youtube.com/watch?v=5C3UTGebdnk
سریال گناه فرشته - دومین تیزر قسمت 14| Gonahe Fereshteh Series - Teaser Episode 14,https://www.youtube.com/watch?v=SInHDEcb_uI
قانون این بازی رو یادتون نره - سریال صداتو - فصل 2,https://www.youtube.com/watch?v=RJgwRxaW3LM
اجرای آهنگ لری #shorts,https://www.youtube.com/watch?v=3PJT8P091cQ
یه نشونه برای من بفرس که دیگه اشتباه نکنم #shorts,https://www.youtube.com/watch?v=7VOHV4-IKes
مروری بر سال‌های گذشته تلویکا؛ سال نو مبارک,https://www.youtube.com/watch?v=qzI43BmuifM
جایی که افتادم به پای تو زیباترین جایِ نمازم بود #shorts,https://www.youtube.com/watch?v=kuapKb9gi68
من روحیه جنگجویی دارم - سریال 2شات,https://www.youtube.com/watch?v=wdbfo4UHyps
سریال گناه فرشته - اولین تیزر قسمت 14| Gonahe Fereshteh Series - Teaser Episode 14,https://www.youtube.com/watch?v=grkvDE5OpWQ
یکبار در زندگی به من اعتماد کن #shorts,https://www.youtube.com/watch?v=uatuVkEOx9Y
مافیا قشنگ خودشو گم کرده ! - سریال شبهای مافیا زودیاک - فصل 2,https://www.youtube.com/watch?v=gfky67AXngg
ما اول باید بتونیم نقش خودمون رو پیدا کنیم - سریال سپنج,https://www.youtube.com/watch?v=V2UiUGlb8j4
دین یعنی دوست داشتن #shorts,https://www.youtube.com/watch?v=lYY1oy7VaR8
شلیک می‌کنم! #shorts,https://www.youtube.com/watch?v=2ai_lPf3oCQ
از این میز بوی سیر میاد! - سریال شبهای مافیا زودیاک - فصل 2,https://www.youtube.com/watch?v=wWf8Owux_VE
سریال شبهای مافیا زودیاک - فصل 2 - تیزر قسمت 6 | Shabhaye Mafia Zodiac - Season 2 - Teaser Episode 6,https://www.youtube.com/watch?v=Ugk9BSHkZRI
مصلحت اینه که الان به پاش بیوفتی - سریال گناه فرشته,https://www.youtube.com/watch?v=WDV6OO9GN9A
این سیرکی که راه انداختن رو میبینی دیگه!  #shorts,https://www.youtube.com/watch?v=c-Pigz59zlE
از 7 سالگی مرد بودم!! - سریال 2شات,https://www.youtube.com/watch?v=7lNYzVHHB7k
قبلش با آقای پسیانی هیچ تمرینی نکرده بودیم #shorts,https://www.youtube.com/watch?v=oDAPXkVSflg
عاشق شدی؟ چته تو! - سریال گناه فرشته,https://www.youtube.com/watch?v=JBZBRhARBuk
من هرکاری از دستم برمیومده کردم #shorts,https://www.youtube.com/watch?v=FWQvaWo-jnI
سریال گناه فرشته - تیزر قسمت 13 | Gonahe Fereshteh Series - Teaser Episode 13,https://www.youtube.com/watch?v=6qZ20t4J8Bw
رسیدن آدمها به همان مرتبه محصول فضل خداوند بوده #shorts,https://www.youtube.com/watch?v=ESvMou9QF0s
آخرش، هممون پشیمون میشیم! - سریال سپنج,https://www.youtube.com/watch?v=CT353iTBM3E
با پررویی تمام به جهان مقابلم نگاه میکنم #shorts,https://www.youtube.com/watch?v=_fa0jJMxtko
کار آهنگساز خیلی سخته - سریال 2شات,https://www.youtube.com/watch?v=gDZCQv6z0hI
سریال 2شات - تیزر قسمت 37 | 2Shot Series - Teaser Episode 37,https://www.youtube.com/watch?v=JQgJlYWClwg
دفاع رندانه و حاشیه ساز - سریال شبهای مافیا زودیاک - فصل 2,https://www.youtube.com/watch?v=QVCEy9NP2qM
صاحبان کارت های قرمز اعضا مافیا #shorts,https://www.youtube.com/watch?v=-nr8eZX8C0A
سریال سپنج - تیزر قسمت 1 | Sepanj Series - Teaser Episode 1,https://www.youtube.com/watch?v=b86l7VId1ZQ
داشتم فوتبالمو بازی می کردم - سریال شبهای مافیا زودیاک - فصل 2,https://www.youtube.com/watch?v=8Yc8L1mddKE
خاطره بامزه الیکا عبدالرزاقی از امین زندگانی #shorts,https://www.youtube.com/watch?v=K5ZC_TGjqJ8
خوشحالم که دوباره دارم باهاتون بازی میکنم #shorts,https://www.youtube.com/watch?v=JRU33WsWpnc
سریال شبهای مافیا زودیاک - فصل 2 - تیزر قسمت 5 | Shabhaye Mafia Zodiac - Season 2 - Teaser Episode 5,https://www.youtube.com/watch?v=N_9-5JYTT6o
هم اکنون زودیاک 2 قسمت 5 #shorts,https://www.youtube.com/watch?v=rW_W243Eezc
کمدین ها هم آدم گریزن - سریال 2شات,https://www.youtube.com/watch?v=sG0_101iGtQ
میتونستم کلی پول دربیارم ولی درنیاوردم #shorts,https://www.youtube.com/watch?v=A64nCLzX4yY
سریال 2شات - تیزر قسمت 36 | 2Shot Series - Teaser Episode 36,https://www.youtube.com/watch?v=6jpNvjBzuUY
مهتاب باشکوه بدرقه بشه... - سریال گناه فرشته,https://www.youtube.com/watch?v=ryquUz922G8
این دختر بابامو کشته #shorts,https://www.youtube.com/watch?v=xWinA0nXap0
مهتاب لجباز هست ولی لجنکار نه - سریال گناه فرشته,https://www.youtube.com/watch?v=6Ktg7WIvbHA
اگر با آبروی من بازی کنه پای زنش وسطه #shorts,https://www.youtube.com/watch?v=tpj5qwlL4XM
سریال گناه فرشته - تیزر قسمت 12 | Gonahe Fereshteh Series - Teaser Episode 12,https://www.youtube.com/watch?v=5zKsrVRyrQs
قلبم بهم گفت باید خوی باشی #shorts,https://www.youtube.com/watch?v=B-sLQOXZ1JQ
سریال 2شات - تیزر قسمت 35 | 2Shot Series - Teaser Episode 35,https://www.youtube.com/watch?v=nSHsPDg2K04
حتی به غلط - سریال 2شات,https://www.youtube.com/watch?v=KAuLUGUfx-s
آواز خواندن امیرعظیمی #shorts,https://www.youtube.com/watch?v=V27pQQw9p7s
عمریست لبخندهای لاغرخود را...(قیصر امین پور) - سریال گناه فرشته,https://www.youtube.com/watch?v=ud-vnqsYHpM
خواهشا یه نفر بیاد تو رای گیری - سریال شبهای مافیا زودیاک - فصل 2,https://www.youtube.com/watch?v=7ftB7-xmQts
دفاع جانانه شهرام قائدی در زودیاک #shorts,https://www.youtube.com/watch?v=Y3fu2y7wYhU
هیچ کس راجع به بیرانوند حرف نمیزنه #shorts,https://www.youtube.com/watch?v=6yTgvqaOE4U
تجربه همبازی شدن با شهاب حسینی #shorts,https://www.youtube.com/watch?v=RAqdbzIYN9o
ما دروغ رو ترویج نمیدیم - سریال شبهای مافیا زودیاک - فصل 2,https://www.youtube.com/watch?v=Ict1MSjkK8w
سریال شبهای مافیا زودیاک - فصل 2 - تیزر قسمت 4 | Shabhaye Mafia Zodiac - Season 2 - Teaser Episode 4,https://www.youtube.com/watch?v=CMZA79uoxsA
آقای حسینی بازیگر بی نظیره #shorts,https://www.youtube.com/watch?v=tMiKnnhTZzk
در گذشته خیلی آسیب دیدم - سریال 2شات,https://www.youtube.com/watch?v=4eyYU5y4yQs
سریال نیسان آبی - فصل 2 - تیزر قسمت پایانی,https://www.youtube.com/watch?v=pjLVRHJvsAA
این داستان به کجا ختم میشه؟ #shorts,https://www.youtube.com/watch?v=d8SjO8yf814
تحمل یه آتیش دیگه رو ندارم! - سریال گناه فرشته,https://www.youtube.com/watch?v=JAmUX2mfapE
چی شد رسیدیم اینجا - سریال گناه فرشته,https://www.youtube.com/watch?v=0_qOVrAGdZw
تو بازیگر نمیشی - سریال 2شات,https://www.youtube.com/watch?v=YyVMS5ytDwE
من خیلی اکسپرس دارم #shorts,https://www.youtube.com/watch?v=WP10qk26x5w
حرف های عاشقانه قسمت آخر - سریال نیسان آبی - فصل 2,https://www.youtube.com/watch?v=BnBNGGQ_uhM
کاش میتونستم راحت راستشو بهشون بگم #shorts,https://www.youtube.com/watch?v=8gOUvsmHTA0
کسی از دست من قسر در نمیره - سریال گناه فرشته,https://www.youtube.com/watch?v=PYf3MKzrMV4
عاقبت در قدم باد بهار اخر شد - سریال گناه فرشته,https://www.youtube.com/watch?v=uLzAPAs2dWs
من الان یه سینگل پخته ام #shorts,https://www.youtube.com/watch?v=iB61X-Nm7lQ
چقدر میدی خفه شم؟ - سریال نیسان آبی - فصل 2,https://www.youtube.com/watch?v=aX6wxmNbY3M
هم اکنون قسمت آخر نیسان آبی 2 در تلویکا - سریال نیسان آبی - فصل 2,https://www.youtube.com/watch?v=IUk_4BM5ItY
وقتی بدستش میاری قدرشو نمیدونی #shorts,https://www.youtube.com/watch?v=3sy9THVkrD4
دیگه چیا رو بهم نگفتی! - سریال گناه فرشته,https://www.youtube.com/watch?v=Isrd64KEDto
دیدی بابات قاتل نبود - سریال نیسان آبی - فصل 2,https://www.youtube.com/watch?v=J1nAea_FTvg
قبر من رو جلوی چشمم کندن - سریال 2شات,https://www.youtube.com/watch?v=34Hh8s2aDTs
آنجا آرامترین جای جهان بود #shorts,https://www.youtube.com/watch?v=Ox1lPRmrn6k
سریال 2شات - تیزر قسمت 33 | 2Shot Series - Teaser Episode 33,https://www.youtube.com/watch?v=kE0DeREctlQ
فکت صداقت میزارم روش #shorts,https://www.youtube.com/watch?v=MOu862M9e2s
مسعود صادقلو رو تا ابد سفید میکنه #shorts,https://www.youtube.com/watch?v=wO6VWmqOf34
مافیای ترسویی داریم - سریال شبهای مافیا زودیاک - فصل 2,https://www.youtube.com/watch?v=vAxwGu-3orI
هر چه تو دوری من صبورم #shorts,https://www.youtube.com/watch?v=KwpXXV1GMHM
سریال شبهای مافیا زودیاک - فصل 2 - قسمت 1 | Shabhaye Mafia Zodiac - Season 2 - Episode 1,https://www.youtube.com/watch?v=Nv6Q05Dryq8
غنچه بودی، شکفتی #shorts,https://www.youtube.com/watch?v=Q6rjzujC370
لباس آقای تشکر برای نقش الکاپونه اصلا #shorts,https://www.youtube.com/watch?v=knNSG8OgSIE
خوانندگی مسعود صادقلو در سیسیل - سریال شبهای مافیا زودیاک - فصل 2,https://www.youtube.com/watch?v=_y44IgyQVKw
سریال 2شات - تیزر قسمت 32 | 2Shot Series - Teaser Episode 32,https://www.youtube.com/watch?v=dx3qn3Kcd_w
میخوان بکشنش بالای دار #shorts,https://www.youtube.com/watch?v=yYt_A1KOFCY
اقرار مستقیم به اتهام - سریال گناه فرشته,https://www.youtube.com/watch?v=7VmIwqFboNA
سریال شبهای مافیا زودیاک - فصل 2 - تیزر قسمت 3 | Shabhaye Mafia Zodiac - Season 2 - Teaser Episode 3,https://www.youtube.com/watch?v=K51dB-wFgK0
فقط کافیه این نقشه، مو به مو اجرا بشه - سریال نیسان آبی - فصل 2,https://www.youtube.com/watch?v=RGBihGepAhM
زندگی آبتنی کردن در حوضچه اکنون است - سریال 2شات,https://www.youtube.com/watch?v=WNIUz7W3hLs
آقامون جنتلمنه #shorts,https://www.youtube.com/watch?v=SAt8gWono2k
باید تا تهش بری #shorts,https://www.youtube.com/watch?v=eX0REXwxAZk
یک سوم اموال برای حامد تهرانی - سریال گناه فرشته,https://www.youtube.com/watch?v=lSozxbd5EDQ
ماها رو تحت نظر دارن - سریال نیسان آبی - فصل 2,https://www.youtube.com/watch?v=3f27CcOCDp4
بیا رو در رو حرف بزنیم #shorts,https://www.youtube.com/watch?v=YCERoPwCA5U
بخش جدایی ناپذیر حرفه ما دیوانگیه #shorts,https://www.youtube.com/watch?v=0_RRducWoms
مگه من دزدم؟ #shorts,https://www.youtube.com/watch?v=hJY5mg9Kb0Q
سیمرغ؟ یا بال مرغ؟ - سریال نیسان آبی - فصل 2,https://www.youtube.com/watch?v=FSi6F7EyKfY
سریال نیسان آبی - فصل 2 - تیزر قسمت 14 | Neysan Abi Series - Season 2 - Teaser Episode 14,https://www.youtube.com/watch?v=Dz99gVntJ58
چاقو رو با کدوم دستتون گرفته بودین؟ - سریال گناه فرشته,https://www.youtube.com/watch?v=Cn-UCkgFD3E
من یه فکر خوب دارم - سریال نیسان آبی - فصل 2,https://www.youtube.com/watch?v=XZcoKO4PXR4
سریال 2شات - تیزر قسمت 31 | 2Shot Series - Teaser Episode 31,https://www.youtube.com/watch?v=k004ZydECK0
پای من فلج بود - سریال 2شات,https://www.youtube.com/watch?v=uFKb40Lw9bw
یعنی میشه من باز هم بتونم راه برم؟ #shorts,https://www.youtube.com/watch?v=OBpcREcboc4
ولی کیه که ببینه #shorts,https://www.youtube.com/watch?v=MIZ-UrMn9lE
این ضد و نقیض بودن چیه - سریال شبهای مافیا زودیاک - فصل 2,https://www.youtube.com/watch?v=FIYDUw8khq8
رابطه با سیاست نمی ارزه #shorts,https://www.youtube.com/watch?v=BmdSRlAFBJ8
امیر عشیری رو من کشتم - سریال گناه فرشته,https://www.youtube.com/watch?v=mXn3fIkLJmg
تخفیف %50 سه ماهه #shorts,https://www.youtube.com/watch?v=iLRWy66UPeY
از جنگ با من به هیچ جایی نمیرسی #shorts,https://www.youtube.com/watch?v=gKuv5zdFoYI
چجوری می تونیم تو یه ساید باشیم؟ - سریال شبهای مافیا زودیاک - فصل 2,https://www.youtube.com/watch?v=HdfTI9SJCbo
سریال نیسان آبی - فصل 2 - تیزر قسمت 13 | Neysan Abi Series - Season 2 - Teaser Episode 13,https://www.youtube.com/watch?v=518xvUB_SMI
سریال شبهای مافیا زودیاک - فصل 2 - تیزر قسمت 2 | Shabhaye Mafia Zodiac - Season 2 - Teaser Episode 2,https://www.youtube.com/watch?v=akCqlhscmZU
از صداقت ام هیچوقت پشیمون نشدم اما .. #shorts,https://www.youtube.com/watch?v=1CSjyE28U-A
باورهایم خیلی تغییر کرد - سریال 2شات,https://www.youtube.com/watch?v=Tl0xsAw2DYc
سریال 2شات - تیزر قسمت 30 | 2Shot Series - Teaser Episode 30,https://www.youtube.com/watch?v=tYZ5YkStIdI
حرفای آلرژیک نزن! - سریال گناه فرشته,https://www.youtube.com/watch?v=9M6Xcv4t_GY
الان خودت سرپایی؟ #shorts,https://www.youtube.com/watch?v=Tf3uUaL_Oh4
چی عیب نداره؟ #shorts,https://www.youtube.com/watch?v=9q0M_hEp9sM
"حامد مصباحی و سحر پیرعلی در فیلم کمدی نان، عشق، دهه 60 | Nan, Eshgh, Daheh 60 Movie",https://www.youtube.com/watch?v=a5L1KeYlUjA
سریال گناه فرشته - تیزر قسمت 9 | Gonahe Fereshteh Series - Teaser Episode 9,https://www.youtube.com/watch?v=aSRKG-vse-Q
تخفیف 50 % اشتراک سه ماهه تلویکا,https://www.youtube.com/watch?v=XsRVnUGJIOc
ترکیب جنوب و جنون #shorts,https://www.youtube.com/watch?v=sF1LS1tO0uQ
لامپ بدون کلید پریز مثل نوشابه بدون ساندویچه #shorts,https://www.youtube.com/watch?v=i829tKDuGB4
مسیرت سمت خلازیر خورده؟ - سریال نیسان آبی - فصل 2,https://www.youtube.com/watch?v=gpyOG5ijwac
عکس یادگاری با غول برره - سریال نیسان آبی - فصل 2,https://www.youtube.com/watch?v=qLhChfH70aU
من حرفه خاندانم رو ادامه دادم - سریال 2شات,https://www.youtube.com/watch?v=q63_NCd0Yzw
همه جای دنیا رو با سازم رفتم #shorts,https://www.youtube.com/watch?v=naaWDejQKSQ
شما هوش نداری، گوش که داری #shorts,https://www.youtube.com/watch?v=FWkfNh5IIBo
بیا باهم دعوا کنیم #shorts,https://www.youtube.com/watch?v=MbntzNMbcRo
پنج نفر رو تارگت میزنم - سریال شبهای مافیا زودیاک - فصل 2,https://www.youtube.com/watch?v=GP8aXlGt7Nc
پرنده خوشبختی - سریال 2شات,https://www.youtube.com/watch?v=dCjc6izc-8M
سریال نیسان آبی - فصل 2 - دومین تیزر قسمت 12 | Neysan Abi Series - Season 2 - Teaser Episode 12,https://www.youtube.com/watch?v=GP5yvVDFYj0
سریال شبهای مافیا زودیاک - فصل 2 - تیزر قسمت 1 | Shabhaye Mafia Zodiac - Season 2 - Teaser Episode 1,https://www.youtube.com/watch?v=MTICrEcYpWY
به زندگی جدید من خوش اومدید #shorts,https://www.youtube.com/watch?v=lwywmGPZCHo
حامد مصباحی و سحر پیرعلی در فیلم پاشا 1400 | Pasha 1400 Movie,https://www.youtube.com/watch?v=d2HmRLP2spA
ببینیم زودیاک برامون چی نوشته #shorts,https://www.youtube.com/watch?v=ttpVhxwSmKQ
حرف های شنیدنی جواد خیابانی در سری جدید زودیاک - سریال شبهای مافیا زودیاک - فصل 2,https://www.youtube.com/watch?v=rUspM0AAwuw
یه دفاعیه ست اونم بدون مدرک #shorts,https://www.youtube.com/watch?v=wNG4SUVobtE
قصه به این جاها نباید می کشید - سریال گناه فرشته,https://www.youtube.com/watch?v=neL_vwRuMjs
سریال گناه فرشته - تیزر قسمت 8 | Gonahe Fereshteh Series - Teaser Episode 8,https://www.youtube.com/watch?v=y4TMsMQheMI
سریال 2شات - تیزر قسمت 28 | 2Shot Series - Teaser Episode 28,https://www.youtube.com/watch?v=VDdOvxSlCJ4
مهتاب واسه من اون آدم سابق نیست #shorts,https://www.youtube.com/watch?v=FjfFW1JKtRE
دارن باهامون بازی میکنن - سریال گناه فرشته,https://www.youtube.com/watch?v=0iiRQH1ZyPk
این چرا بسته نمیشه؟ #shorts,https://www.youtube.com/watch?v=gq-p2EuTm_g
همیشه می‌دونستم تو عاشق منی #shorts,https://www.youtube.com/watch?v=_ZtF-EWx51c
اولین باری که سینما رفتم #shorts,https://www.youtube.com/watch?v=FUZQeIenTb0
سریال گناه فرشته - حامد عاشق شد | Gonahe Fereshteh Series,https://www.youtube.com/watch?v=B0LrxVEP_zI
سریال نیسان آبی - فصل 2 - اولین تیزر قسمت 12 | Neysan Abi Series - Season 2 - Teaser Episode 12,https://www.youtube.com/watch?v=tYtlHTTnXsY
اسم تو رو دست این چیکار میکنه؟ #shorts,https://www.youtube.com/watch?v=9pHyJ3KECiM
پری به رضا خرسند بله رو میگه؟ - سریال نیسان آبی - فصل 2,https://www.youtube.com/watch?v=_QYBujgn5OY
ممدچاخان دوباره رفت سراغ عشق قدیمیش؟ - سریال نیسان آبی - فصل 2,https://www.youtube.com/watch?v=_oIqph-WiT8
دوتا کیک پرت کردم طرف استاد #shorts,https://www.youtube.com/watch?v=yirqGMy_-G8
از خونه فرار کردم - سریال 2شات,https://www.youtube.com/watch?v=w3AGw2KG_HI
سریال گناه فرشته - تیزر مانیا از آغاز تا پایان | Gonahe Fereshteh Series,https://www.youtube.com/watch?v=vIg6ScROWVU
سریال 2شات - تیزر قسمت 27 | 2Shot Series - Teaser Episode 27,https://www.youtube.com/watch?v=ovjsfgMSuCU
ترانه مرا ببوس #shorts,https://www.youtube.com/watch?v=RkF2XD3ZiTs
سوت پایان با بازی شهاب حسینی در یوتیوب تلویکا #shorts,https://www.youtube.com/watch?v=XLNv77hMitc
جمله ای جالب از کتاب کفش‌ باز #shorts,https://www.youtube.com/watch?v=yDVptJauRtw
سریال نیسان آبی - فصل 2 - تیزر قسمت 11 | Neysan Abi Series - Season 2 - Teaser Episode 11,https://www.youtube.com/watch?v=dQ1Ho5-SZt4
خودشو زده به خریت که ما رو خر کنه! - سریال گناه فرشته,https://www.youtube.com/watch?v=25cM6r2KeyA
شوهر شما شده موی دماغ #shorts,https://www.youtube.com/watch?v=W-N7C7fo8mM
خیلی تصمیم سختی بود برای من #shorts,https://www.youtube.com/watch?v=WDbdcjLaFJE
کل زندگی من آزمون و خطا بوده - سریال 2شات,https://www.youtube.com/watch?v=bp11wGq9b8A
سریال 2شات - تیزر قسمت 26 | 2Shot Series - Teaser Episode 26,https://www.youtube.com/watch?v=GPglqWMIvcQ
سریال گناه فرشته - تیزر قسمت 7 | Gonahe Fereshteh Series - Teaser Episode 7,https://www.youtube.com/watch?v=4PJ5o0RJ6GA
وکیل خوش قیافه باشه کارشم درسته #shorts,https://www.youtube.com/watch?v=2XJgoJySQwM
حامد عاشق شده؟ - سریال گناه فرشته - سریال گناه فرشته,https://www.youtube.com/watch?v=NgIALj2X6II
اگر کسی اومد دنبال خواهر من شما آدرسو بده #shorts,https://www.youtube.com/watch?v=FbmKRVWNHbA
شانس آوردن اشتها نداشت #shorts,https://www.youtube.com/watch?v=cNwfhLe9_GQ
بیا بیرون اگه وجودشو داری - سریال نیسان آبی - فصل 2,https://www.youtube.com/watch?v=GSDvmX5asTM
سریال گناه فرشته - پسر من، شرف منه... | Gonahe Fereshteh Series,https://www.youtube.com/watch?v=SFwb5mGbDjw
بالاخره پری خانم و رضا سوسن به هم می‌رسن؟ - سریال نیسان آبی - فصل 2,https://www.youtube.com/watch?v=TGN1vuNCO-s
هلیکوپتر خورد تو کوه!  #shorts,https://www.youtube.com/watch?v=rZ7Pm0DThxw
بالاتر از سیگار داری؟؟؟ - سریال نیسان آبی - فصل 2,https://www.youtube.com/watch?v=J7VZV5FPxps
سریال گناه فرشته - همیشه به قدری بترس، تا بتونی... | Gonahe Fereshteh Series,https://www.youtube.com/watch?v=2JlVL7-eDO8
هایزنبرگ ایران فردا قراره غوغا کنه تو شُکرآباد! - سریال نیسان آبی - فصل 2,https://www.youtube.com/watch?v=RqEg_oY0uyI
این انرژی میاد و میره #shorts,https://www.youtube.com/watch?v=AGpQEeSYcKc
سریال 2شات - تیزر قسمت 25 | 2Shot Series - Teaser Episode 25,https://www.youtube.com/watch?v=seW9mA92yVk
خیلی بدهکارم به خودم - سریال 2شات,https://www.youtube.com/watch?v=wVMrN7ahmjY
امیر عظیمی در سریال شبهای مافیا زودیاک | Shabhaye Mafia Zodiac,https://www.youtube.com/watch?v=WKIKoJU0k9c
فیلمبرداری در ماسوله #shorts,https://www.youtube.com/watch?v=Fz_dPywBqx4
سریال نیسان آبی - فصل 2 - دومین تیزر قسمت 10 | Neysan Abi Series - Season 2 - Teaser Episode 10,https://www.youtube.com/watch?v=-_LRw2GwG4Q
من با خیام رفاقت دارم - سریال 2شات,https://www.youtube.com/watch?v=Z6FnpjhHxyo
من احساس میکنم با خودم باید خلوت قشنگی داشته باشم #shorts,https://www.youtube.com/watch?v=_UnrPJbDwl8
سریال 2شات - تیزر قسمت 24 | 2Shot Series - Teaser Episode 24,https://www.youtube.com/watch?v=xiqM3TNS43s
مانیا رو پیدا کردن!! - سریال گناه فرشته,https://www.youtube.com/watch?v=8IrhPyqJbD0
سریال گناه فرشته - تیزر قسمت 6 | Gonahe Fereshteh Series - Teaser Episode 6,https://www.youtube.com/watch?v=LLHy3H4_s6A
از کجا باید حرفاتو باور کنم؟ #shorts,https://www.youtube.com/watch?v=9E_FKtwC5Y0
سریال گناه فرشته - ای شهریار شهر سنگستان، کسی نشناخت | Gonahe Fereshteh Series,https://www.youtube.com/watch?v=GzhXnhYk6mk
ایشون یک زنه #shorts,https://www.youtube.com/watch?v=c4CKtODbcJ8
اصلا آدم نیست #shorts,https://www.youtube.com/watch?v=exzSO41syI0
تو این بازی تقلب شده - سریال نیسان آبی - فصل 2,https://www.youtube.com/watch?v=aOqPfEoP3JI
سریال نیسان آبی - فصل 2 - اولین تیزر قسمت 10 | Neysan Abi Series - Season 2 - Teaser Episode 10,https://www.youtube.com/watch?v=AdWXd_soghU
راه اشرف و ممدچاخان بالاخره جدا شد؟ - سریال نیسان آبی - فصل 2,https://www.youtube.com/watch?v=DaSsCru8EO8
از یه جایی به بعد ناراحت نمیشدم #shorts,https://www.youtube.com/watch?v=sVwnwbAF6fg
وابستگی به مادر - سریال 2شات,https://www.youtube.com/watch?v=iTHCWDdbgtc
فیلم سینمایی داستان دست انداز - تیزر | Dastane Dastandaz Movie - Teaser,https://www.youtube.com/watch?v=G1iNyeqbu3E
سریال 2شات - تیزر قسمت 23 | 2Shot Series - Teaser Episode 23,https://www.youtube.com/watch?v=iZXKpb1tEHs
علی دایی  #shorts,https://www.youtube.com/watch?v=756j-OV-H8A
سریال نیسان آبی - فصل 2 - دومین تیزر قسمت 9 | Neysan Abi Series - Season 2 - Teaser Episode 9,https://www.youtube.com/watch?v=4mC9CYZHaDQ
برای یک جوان ایرانی چندتا کارت لذت وجود داره؟ #shorts,https://www.youtube.com/watch?v=0pVajI1N8KY
بدا به حال ملتی که به قهرمان نیاز دارند - سریال 2شات,https://www.youtube.com/watch?v=RYtTNb540tA
سریال 2شات - تیزر قسمت 22 | 2Shot Series - Teaser Episode 22,https://www.youtube.com/watch?v=68fEVgSqwnI
سریال گناه فرشته - تیزر قسمت 5 | Gonahe Fereshteh Series - Teaser Episode 5,https://www.youtube.com/watch?v=Ixf1e4zuuoI
آدم ممکنه گاهی حواسش به خودش نباشه #shorts,https://www.youtube.com/watch?v=M61NagBog-U
من یه ور ترسناک دارم - سریال گناه فرشته,https://www.youtube.com/watch?v=dChgDas7GuY
کجا بودی سالار #shorts,https://www.youtube.com/watch?v=dK268JMa4UQ
رضا سوسن بالاخره حرف دلشو میزنه؟ - سریال نیسان آبی - فصل 2,https://www.youtube.com/watch?v=0lCPYN0gWh8
سریال نیسان آبی - فصل 2 - اولین تیزر قسمت 9 | Neysan Abi Series - Season 2 - Teaser Episode 9,https://www.youtube.com/watch?v=UwOafL3hi9s
خواستگار دارم - سریال نیسان آبی - فصل 2,https://www.youtube.com/watch?v=ioSPy0AJZi4
سریال 2شات - تیزر قسمت 21 | 2Shot Series - Teaser Episode 21,https://www.youtube.com/watch?v=BeGgEsTtFZI
صفرهای بی ارزش #shorts,https://www.youtube.com/watch?v=c_vqEEKGYy8
من اصلا چرا اومدم توی هنر؟ - سریال 2شات,https://www.youtube.com/watch?v=he6uswCm-tw
دنبالم نیا، اسیرم میشی - سریال نیسان آبی - فصل 2,https://www.youtube.com/watch?v=T90q9uMFIQ4
سریال گناه فرشته - پلیس هرچی پیدا کرد منطبق بر خودکشیه | Gonahe Fereshteh Series,https://www.youtube.com/watch?v=OXxYmMVvugc
سریال نیسان آبی - فصل 2 - دومین تیزر قسمت 8 | Neysan Abi Series - Season 2 - Teaser Episode 8,https://www.youtube.com/watch?v=3oC-qWKtweo
بنای اولیه زندگی، سختیه! - سریال 2شات,https://www.youtube.com/watch?v=tr2hCz9694I
شادی بهترین مقصد دنیا نیست! #shorts,https://www.youtube.com/watch?v=ub1WiPq5B_A
نامه خودکشی پروانه رو پیدا کردیم #shorts,https://www.youtube.com/watch?v=rVhSC0ZMAb4
منو مجبور کردن که سطل آشغالو بگردم - سریال گناه فرشته,https://www.youtube.com/watch?v=XL9RF5hVNr4
سریال گناه فرشته - تیزر قسمت 4 | Gonahe Fereshteh Series - Teaser Episode 4,https://www.youtube.com/watch?v=v5Nx5uqOjN4
دزد دریایی #shorts,https://www.youtube.com/watch?v=dwLccJN3SbA
حبیب در پشت صحنه سریال سروش صحت - سریال مگه تموم عمر چند تا بهاره,https://www.youtube.com/watch?v=_akEas8W2Qo
شمع و چراغا رو روشن کنید امشب عروسی داریم #shorts,https://www.youtube.com/watch?v=il7r65-cBGA
عروسی که میشه بساطمون جوره - سریال نیسان آبی - فصل 2,https://www.youtube.com/watch?v=ypDAdS7GuC0
سریال نیسان آبی - فصل 2 - اولین تیزر قسمت 8 | Neysan Abi Series - Season 2 - Teaser Episode 8,https://www.youtube.com/watch?v=i_vkxUTVexg
سریال 2شات - قسمت 8 | 2Shot Series - Episode 8,https://www.youtube.com/watch?v=INJA8J2d0bg
یه لحظه واقعا تبدیل به دایی بهرام شد #shorts,https://www.youtube.com/watch?v=beAruwm7hKI
تصور خدا #shorts,https://www.youtube.com/watch?v=KEhw7ySz_Hw
سوی اندوه زندگیم بیشتر است - سریال 2شات,https://www.youtube.com/watch?v=zX74rCZh2FE
سریال 2شات - تیزر قسمت 19 | 2Shot Series - Teaser Episode 19,https://www.youtube.com/watch?v=opEmBa_LbQE
سریال گناه فرشته - اصلا حیثیتی شده! | Gonahe Fereshteh Series,https://www.youtube.com/watch?v=-MHeM_kwXXU
معذرت خواهی و تلاش برای جبران #shorts,https://www.youtube.com/watch?v=6UyvegVzoIk
اعتبار آدم ها از حرمت کلام میاد - سریال 2شات,https://www.youtube.com/watch?v=F4RziXkd8Xk
سریال گناه فرشته - تیزر قسمت 3 | Gonahe Fereshteh Series - Teaser Episode 3,https://www.youtube.com/watch?v=CGf3HHPfwyM
سریال نیسان آبی - فصل 2 - تیزر قسمت 7 | Neysan Abi Series - Season 2 - Teaser Episode 7,https://www.youtube.com/watch?v=wC35_s-uDwk
هوش و حواس نداشتم #shorts پخش رایگان قسمت 1 سریال گناه فرشته هم اکنون در کانال تلویکا,https://www.youtube.com/watch?v=fHXpTZSpNRQ
سریال گناه فرشته - قسمت 1 | Gonahe Fereshteh Series - Episode 1,https://www.youtube.com/watch?v=84m-fJ1jt3M
تو هستی خیالم راحته - سریال گناه فرشته,https://www.youtube.com/watch?v=udgMOwCaDpM
تک تکشونو من میخوام به خاک بشونم #shorts,https://www.youtube.com/watch?v=WVOne5u-SDg
سریال گناه فرشته - آنچه خواهید دید قسمت 3 | Gonahe Fereshteh Series - Teaser,https://www.youtube.com/watch?v=SsL8ZpEKx3k
یه ازدواج بکن خوشبخت شی #shorts,https://www.youtube.com/watch?v=6w7VjdgV1qM
مگه خودت ناموس نداری - سریال نیسان آبی - فصل 2,https://www.youtube.com/watch?v=HO3hfF4Z8u8
سریال گناه فرشته - دومین تیزر قسمت 2 | Gonahe Fereshteh Series - Teaser Episode 2,https://www.youtube.com/watch?v=AIMRk4EzGiQ
تجربه‌های بامزه و دردناک ایمان صفا در سینما #shorts,https://www.youtube.com/watch?v=DObzn_Uwlps
پیامدهای خفن بازیگری ایمان صفا #shorts,https://www.youtube.com/watch?v=TyjypuMRFX8
من هنوز احساسات کسیو نکشتم - سریال 2شات,https://www.youtube.com/watch?v=CzxhVCo7XPs
سریال نیسان آبی - فصل 2 - دومین تیزر قسمت 6 | Neysan Abi Series - Season 2 - Teaser Episode 6,https://www.youtube.com/watch?v=bitDTbo7eY4
روز آخر حضور پیکی - سریال پیکولو,https://www.youtube.com/watch?v=XCGzg5WKQTg
یعنی همه اینا شب هزار و یکم رفتن #shorts,https://www.youtube.com/watch?v=Ryk4mCWpsjU
رفیق کسی که کسی رفیقش نیست #shorts,https://www.youtube.com/watch?v=hDNXtSgczj8
فالوورهای خدا کم نمیشن! - سریال 2شات,https://www.youtube.com/watch?v=UawBWKD1-bw
سریال 2شات - تیزر قسمت 16 | 2Shot Series - Teaser Episode 16,https://www.youtube.com/watch?v=upRRpJP4W1A
سریال پیکولو - تیزر قسمت 25 | Pikolo Series - Teaser Episode 25,https://www.youtube.com/watch?v=-jze2S3-RjI
سریال گناه فرشته - اولین تیزر قسمت 2 | Gonahe Fereshteh Series - Teaser Episode 2,https://www.youtube.com/watch?v=ircH6xMMIVw
وقتی بدونه کار درست چیه تا آخرش میره #shorts,https://www.youtube.com/watch?v=NXQSxujgH6o
بوش محشره ولی من اشتهام کور شد - سریال گناه فرشته,https://www.youtube.com/watch?v=EgItfajjz-o
بخش های پخش نشده سریال سروش صحت - سریال مگه تموم عمر چند تا بهاره,https://www.youtube.com/watch?v=IRmVqvLN7oU
شاینینگ با بازی جک نیکلسون #shorts,https://www.youtube.com/watch?v=3-iHL3DJPEc
سریال مگه تموم عمر چند تا بهاره - تیزر پشت صحنه قسمت 1 | Mage Tamoome Omr Chand Ta Bahare Series,https://www.youtube.com/watch?v=T3AcNUaOrbU
سریال نیسان آبی - فصل 2 - اولین تیزر قسمت 6 | Neysan Abi Series - Season 2 - Teaser Episode 6,https://www.youtube.com/watch?v=l_kISPo2uys
حکمشو دادن - سریال نیسان آبی - فصل 2,https://www.youtube.com/watch?v=zNFIyEpoCRU
ما تحت هر شرایطی منطق رو رعایت می کنیم #shorts,https://www.youtube.com/watch?v=dRrT9lhoxHo
امید به زندگی در مارال بی‌نظیره #shorts,https://www.youtube.com/watch?v=-ho8SwxtmCs
با همراهی شما 200 هزارتایی شدیم! #shorts,https://www.youtube.com/watch?v=pcyMDQhZtCk
با همراهی شما 200 هزارتایی شدیم! | 200K Subscribers,https://www.youtube.com/watch?v=Ezg34mEiwqs
خدا رو شکر #shorts,https://www.youtube.com/watch?v=YAlLGcLr7Ys
سریال 2شات - تیزر قسمت 15 | 2Shot Series - Teaser Episode 15,https://www.youtube.com/watch?v=kjXLdwWhm0Q
کائنات هیچ چرایی رو برنمی تابه - سریال 2شات,https://www.youtube.com/watch?v=dWbDy7DPnNg
سریال گناه فرشته - تیزر قسمت 1 | Gonahe Fereshteh Series - Teaser Episode 1,https://www.youtube.com/watch?v=iuFYmLbwWs0
سریال نیسان آبی - فصل 2 - تیزر قسمت 5 | Neysan Abi Series - Season 2 - Teaser Episode 5,https://www.youtube.com/watch?v=EEkcq_3Mt4Q
با شما نبودم با ده شیش بودم #shorts,https://www.youtube.com/watch?v=A3fThjBrH9M
بیا برات قصه بگم - سریال پیکولو,https://www.youtube.com/watch?v=NQe7GDiejaY
سریال پیکولو - تیزر قسمت 24 | Pikolo Series - Teaser Episode 24,https://www.youtube.com/watch?v=HZYvr1LYpC4
سریال 2شات - تیزر قسمت 14 | 2Shot Series - Teaser Episode 14,https://www.youtube.com/watch?v=WqLfWEzAjd8
چقدر گلدن تایم دیدیم؟ - سریال 2شات,https://www.youtube.com/watch?v=DlwyvrUdElI
قطع ارتباط با نیاکان #shorts,https://www.youtube.com/watch?v=TVLPgutha1c
من دیگه بچه نیستم - سریال گناه فرشته,https://www.youtube.com/watch?v=d4QGax0BKZs
اون عقبی ها حال می کنن #shorts,https://www.youtube.com/watch?v=dFJ5ktj4-F4
سریال گناه فرشته - آنونس رسمی | Gonahe Fereshteh Series - Teaser,https://www.youtube.com/watch?v=vZPfs0IX5Jw
من خیلی عجله دارم #shorts,https://www.youtube.com/watch?v=iKjUMURcixI
ذغال تموم شد مثل سریال - سریال مگه تموم عمر چند تا بهاره,https://www.youtube.com/watch?v=fW5q6I5nYl0
سریال مگه تموم عمر چند تا بهاره - تیزر قسمت 25 | Mage Tamoome Omr Chand Ta Bahare Series,https://www.youtube.com/watch?v=x9dlCkXSKEo
رضا سوسن اومد خواستگاری پری - سریال نیسان آبی - فصل 2,https://www.youtube.com/watch?v=TwAj4S2iacI
سلطان و دروغ؟ #shorts,https://www.youtube.com/watch?v=6zWJCL-Zua8
سریال نیسان آبی - فصل 2  - 1 روز مانده به پخش قسمت 5 | Neysan Abi Series - Season 2 - Teaser,https://www.youtube.com/watch?v=-WY4WuFYHfs
صحبت های جالب اردشیر کاظمی در دوشات #shorts,https://www.youtube.com/watch?v=Mb7WeSJwiYU
بودن یا نبودن؟ #shorts,https://www.youtube.com/watch?v=qY8cNK1JnVU
یعنی دزدی کنم؟ - سریال 2شات,https://www.youtube.com/watch?v=-63_4bLZ_fA
سریال 2شات - تیزر قسمت 13 | 2Shot Series - Teaser Episode 13,https://www.youtube.com/watch?v=LUCgU57LOTc
تو جزیره همه خوابشون میاد - سریال پیکولو,https://www.youtube.com/watch?v=1asBmU_CqZw
دوتا خل داریم که با خودشون حرف میزنن #shorts,https://www.youtube.com/watch?v=ufeWoTKAsUw
سریال گناه فرشته - تیزر پردیس پورعابدینی | Gonahe Fereshteh Series - Teaser,https://www.youtube.com/watch?v=Wn7eAkSzodk
من هنوزم عاشق بستنی کیم دوقلوام #shorts,https://www.youtube.com/watch?v=F_KKVhx1-UY
کار خدا گنده تر از کله توعه - سریال 2شات,https://www.youtube.com/watch?v=ILtD_3s52lI
سریال گناه فرشته - تیزر مهدی سلطانی | Gonahe Fereshteh Series - Teaser,https://www.youtube.com/watch?v=TuicRLcuN14
سریال پیکولو - تیزر قسمت 23 | Pikolo Series - Teaser Episode 23,https://www.youtube.com/watch?v=2HVpZ3cbLTA
سریال نیسان آبی - فصل 2 - دومین تیزر قسمت 4 | Neysan Abi Series - Season 2 - Teaser Episode 4,https://www.youtube.com/watch?v=C-kilXKIP38
سریال گناه فرشته - تیزر لادن مستوفی | Gonahe Fereshteh Series - Teaser,https://www.youtube.com/watch?v=519OSFy8iuY
وسط مجلس عزا میخوای از عروسی حرف بزنی؟ #shorts,https://www.youtube.com/watch?v=S24GppDWA4w
سریال مگه تموم عمر چند تا بهاره - تیزر قسمت 24 | Mage Tamoome Omr Chand Ta Bahare Series,https://www.youtube.com/watch?v=iYUsCT1RgsU
عاشقانه های آقای رزاقی - سریال مگه تموم عمر چند تا بهاره,https://www.youtube.com/watch?v=gn699NqQlcM
سریال نیسان آبی - فصل 2 - اولین تیزر قسمت 4 | Neysan Abi Series - Season 2 - Teaser Episode 4,https://www.youtube.com/watch?v=nznQ5gN2_gw
سریال نیسان آبی - فصل 2 - قسمت 4 | Neysan Abi Series - Season 2 - Episode 4,https://www.youtube.com/watch?v=3uc7NDtuMSM
ممد فندکو بیار #shorts,https://www.youtube.com/watch?v=YYzGNX0SbX0
حرف عاشقونه #shorts,https://www.youtube.com/watch?v=XIU58w3F4c4
شب های مافیا اشرفکده - سریال نیسان آبی - فصل 2,https://www.youtube.com/watch?v=4blzPkbVKzk
سریال گناه فرشته - فصل 1 -  تیزر امیر آقایی | Gonahe Fereshteh Series - Season 1 - Teaser,https://www.youtube.com/watch?v=11frWpk3dkM
تا الان کمدین مثل رضا عطاران نیومده و نخواهد آمد! #shorts,https://www.youtube.com/watch?v=Idu4Zrai-yk
سریال نیسان آبی - فصل 2  - 1 روز مانده به پخش قسمت 4 | Neysan Abi Series - Season 2 - Teaser,https://www.youtube.com/watch?v=Rf8iBM9mP8A
با دستای خودم گذاشتمش تو آمبولانس #shorts,https://www.youtube.com/watch?v=ZipgR_B-vas
امیدم فقط خدای بزرگه #shorts,https://www.youtube.com/watch?v=W345AtniDgw
خلیج فارس رو به کسی نمیدم - سریال 2شات,https://www.youtube.com/watch?v=1SD0nVgPQdI
سریال گناه فرشته - تیزر شهاب حسینی | Gonahe Fereshteh Series - Teaser,https://www.youtube.com/watch?v=C1UPHJWvsmU
چرا اینطوری شدی گنده بک؟ #shorts,https://www.youtube.com/watch?v=u3w2gH_uhkE
اون چیه دستت؟ - سریال پیکولو,https://www.youtube.com/watch?v=nRF1YbXdML0
بیشتر حضورتون در طویله بود #shorts,https://www.youtube.com/watch?v=ocYLFraEtwg
دارم از بیشعوری فاصله میگیرم - سریال 2شات,https://www.youtube.com/watch?v=yebouZCkOK8
سریال نیسان آبی - فصل 2 - تیزر قسمت 3 | Neysan Abi Series - Season 2 - Teaser Episode 3,https://www.youtube.com/watch?v=gtLws_uVdnE
سریال یاغی - قسمت 8 | Yaghi Series - Episode 8,https://www.youtube.com/watch?v=akBMslmhj9Y
آمبولانسیش کن مایکل #shorts,https://www.youtube.com/watch?v=wyrXpI11mtc
مصادره به مطلوب کردم - سریال مگه تموم عمر چند تا بهاره,https://www.youtube.com/watch?v=8D8bwsCwJ4k
سریال یاغی - قسمت 7 | Yaghi Series - Episode 7,https://www.youtube.com/watch?v=g65aOZ2C0O0
این داداشت دکمه «ول کن» نداره؟ #shorts,https://www.youtube.com/watch?v=zgEVIvJGpAE
من کم باخت ندادم روت سر کشتی #shorts,https://www.youtube.com/watch?v=_lKsgy62we0
سریال یاغی - قسمت 6 | Yaghi Series - Episode 6,https://www.youtube.com/watch?v=J-8ymMdNBAg
شما می‌خواین آینده این بچه رو خراب کنین؟ #shorts,https://www.youtube.com/watch?v=WKz5KfwO00I
سریال یاغی - قسمت 5 | Yaghi Series - Episode 5,https://www.youtube.com/watch?v=jHWAI8MEEd8
یه فرصت دوباره به این گوسفند بدین #shorts,https://www.youtube.com/watch?v=vWJjvtXSDt8
سریال یاغی - قسمت 4 | Yaghi Series - Episode 4,https://www.youtube.com/watch?v=3cOT6XJkssg
اینا گاوبندی کردن که ما ببازیم #shorts,https://www.youtube.com/watch?v=q0HRFcN9d34
سریال یاغی - قسمت 3 | Yaghi Series - Episode 3,https://www.youtube.com/watch?v=1Y8AoPog9D0
من انقدر بدبخت شدم دخترمو بدم دست تو؟ #shorts,https://www.youtube.com/watch?v=fqrn8cU7RSo
سریال یاغی - قسمت 2 | Yaghi Series - Episode 2,https://www.youtube.com/watch?v=Viwbp0OM4iM
سریال نیسان آبی - فصل 2 - قسمت 1 | Neysan Abi Series - Season 2 - Episode 1,https://www.youtube.com/watch?v=zHwf3kAb8fU
سریال مگه تموم عمر چند تا بهاره - تیزر قسمت 23 | Mage Tamoome Omr Chand Ta Bahare Series,https://www.youtube.com/watch?v=m1AH-KI7Snc
آسمون سوراخ شده یه دونه رضا افتاده #shorts,https://www.youtube.com/watch?v=NX_aJHblq60
فقط دست پدر و مادر - سریال نیسان آبی - فصل 2,https://www.youtube.com/watch?v=78G2whGWjrM
الان حسابشو می رسم #shorts,https://www.youtube.com/watch?v=nJHYLYoGjV4
صحبت‌های پسر مالک درباره لحظه کتک خوردن از سمیرا  #shorts,https://www.youtube.com/watch?v=FSNp-p4gHvI
بادکنک رو حذف میکنم #shorts,https://www.youtube.com/watch?v=bkUxr3mvwbU
با کدوم یکی ازدواج میکنه؟ #shorts,https://www.youtube.com/watch?v=6AI1k84EjhE
سریال نیسان آبی - فصل 2  - 1 روز مانده به پخش قسمت 3 | Neysan Abi Series - Season 2 - Teaser,https://www.youtube.com/watch?v=s-iup70ePmY
پذیرش گرفتم از آمریکا - سریال 2شات,https://www.youtube.com/watch?v=oP2NNpRR-uY
سریال 2شات - تیزر قسمت 9 | 2Shot Series - Teaser Episode 9,https://www.youtube.com/watch?v=o_s8St6Zul0
اوضاع شصت، شصته#shorts,https://www.youtube.com/watch?v=L0eIxPbfPVs
دلم میخواد پارتنرم رو بزنم#shorts,https://www.youtube.com/watch?v=rwm5ZFTtTeI
سورئالت تو حلقم #shorts,https://www.youtube.com/watch?v=I_VDZvA0R6k
دارم حس حامی بودن رو تجربه می‌کنم. #امیر_مقاره  #shorts,https://www.youtube.com/watch?v=uCDWqJCcpDc
قسمت آخر زخم کاری بازگشت #shorts,https://www.youtube.com/watch?v=5M_zHtdVtBk
ماموریت مفهوم شد؟ #shorts,https://www.youtube.com/watch?v=EpAKr5A1qvQ
ترس واکرو یا نگرانی؟ - سریال پیکولو,https://www.youtube.com/watch?v=aXLFvimWmjE
سریال گناه فرشته - تیزر | Gonahe Fereshteh Series - Teaser,https://www.youtube.com/watch?v=03f9TnQ1T1Y
کثیف ترین آدم جهان - سریال زخم کاری بازگشت,https://www.youtube.com/watch?v=BTyso9L_HvU
سریال نیسان آبی - فصل 2 - تیزر قسمت 2 | Neysan Abi Series - Season 2 - Teaser Episode 2,https://www.youtube.com/watch?v=txSFb9ibk00
کاشکی دلم رسوا بشه دریا بشه این دو چشم پر آبم# shorts,https://www.youtube.com/watch?v=Etzgij8FPLU
می خواد طلوعی رو بکشه؟ - سریال زخم کاری بازگشت,https://www.youtube.com/watch?v=Sf1-PIglAPU
سریال زخم کاری بازگشت - تیزر قسمت 13 | Zakhm Kari Bazgasht Series - Teaser Episode 13,https://www.youtube.com/watch?v=RfQ1n2DYPI0
دروغ گفتم به بچه #shorts,https://www.youtube.com/watch?v=AqP1fukt79Y
کلاستروفوبیا آقای رزاقی - سریال مگه تموم عمر چند تا بهاره,https://www.youtube.com/watch?v=L1StzzmlyHU
تور و کنسرت کنسله #shorts,https://www.youtube.com/watch?v=ieRVpSfKvFc
سریال 2شات - قسمت 1 | 2Shot Series - Episode 1,https://www.youtube.com/watch?v=S2U03wYl12I
سریال زخم کاری بازگشت - 2 روز مانده به پخش قسمت 13 (قسمت آخر) | Zakhm Kari Bazgasht Series - Teaser,https://www.youtube.com/watch?v=WFNgSXJMWzY
سریال مگه تموم عمر چند تا بهاره - تیزر قسمت 22 | Mage Tamoome Omr Chand Ta Bahare Series,https://www.youtube.com/watch?v=MDszpN9aPVQ
من تو قرار اول #shorts,https://www.youtube.com/watch?v=04cobH-BVMg
سریال پیکولو - تیزر قسمت 20 | Pikolo Series - Teaser Episode 20,https://www.youtube.com/watch?v=Us9CigX3Jr0
شکست عشقی رضا سوسن - سریال نیسان آبی - فصل 2,https://www.youtube.com/watch?v=2--DsDeseqM
استارت جناب خان با تو خورده #shorts,https://www.youtube.com/watch?v=MGaKE-jywsE
سریال زخم کاری بازگشت - تیزر موشن قسمت 13 | Zakhm Kari Bazgasht Series - Teaser Motion Episode 13,https://www.youtube.com/watch?v=LLaxsJ1dwR0
یه بار تو عمرت صادق باش #shorts,https://www.youtube.com/watch?v=dkopfO-V79w
دنبال آرامش می گردم - سریال 2شات,https://www.youtube.com/watch?v=GT3hkARmry4
سریال 2شات - تیزر قسمت 8 | 2Shot Series - Teaser Episode 8,https://www.youtube.com/watch?v=wQt33mhUplM
دعوا بالا گرفته #shorts,https://www.youtube.com/watch?v=P3IkEyKgd_0
اون دنیا خوش گذشت؟ #shorts,https://www.youtube.com/watch?v=3_ZS-NNhFS4
خیلی نازه، ازش نترسید - سریال پیکولو,https://www.youtube.com/watch?v=W7e8vOlWGb0
بابا نکن دیگه #shorts,https://www.youtube.com/watch?v=PQi213H0AzM
تو کلا بازی دوست داری - سریال زخم کاری بازگشت,https://www.youtube.com/watch?v=jQVuI1emPvo
برو با بابات حرف بزن که قصه اینجا تموم شه #shorts,https://www.youtube.com/watch?v=2IaccrRoIdE
میثم واسه من مرد - سریال زخم کاری بازگشت,https://www.youtube.com/watch?v=Cxu2yw_Yezs
سریال زخم کاری بازگشت - تیزر قسمت 12 | Zakhm Kari Bazgasht Series - Teaser Episode 12,https://www.youtube.com/watch?v=SGKioQ1r7nc
مثل یه تیری ام که رها شده #shorts,https://www.youtube.com/watch?v=mpm1MgYlfLU
به قول عامو جلال بودن یا نبودن؟ - سریال مگه تموم عمر چند تا بهاره,https://www.youtube.com/watch?v=zaThumih5cY
سریال مگه تموم عمر چند تا بهاره - تیزر قسمت 21 | Mage Tamoome Omr Chand Ta Bahare Series,https://www.youtube.com/watch?v=TXtz_yyuYJ0
ما دنگ نمیدیم #shorts,https://www.youtube.com/watch?v=KjXVXXAzgVw
رقص علیرضا خمسه در نیسان آبی 2 #shorts,https://www.youtube.com/watch?v=dQc8tgHEKf4
جدایی رضا از پری - سریال نیسان آبی - فصل 2,https://www.youtube.com/watch?v=IHIfClnGc2Y
من هنوز بهاره افشاری رو می‌بینم می‌ترسم! #shorts,https://www.youtube.com/watch?v=Pw9IVjC27wA
سریال نیسان آبی - فصل 2  - 1 روز مانده به پخش قسمت 1 | Neysan Abi Series - Season 2 - Teaser,https://www.youtube.com/watch?v=XsTLNDaJG2w
من آدم بسیار معتقدی هستم - سریال 2شات,https://www.youtube.com/watch?v=WyN0HN51oKw
در تاریکترین روزهای زندگیم بودم #shorts,https://www.youtube.com/watch?v=_gvEKSMkYl8
باید کوروش رو بدیم بیرون #shorts,https://www.youtube.com/watch?v=KEQVUQivvzs
سریال نیسان آبی - فصل 2  - 2 روز مانده به پخش قسمت 1 | Neysan Abi Series - Season 2 - Teaser,https://www.youtube.com/watch?v=aPd-UORDh-g
سریال شبهای مافیا زودیاک - فصل 1 - قسمت 7 | Shabhaye Mafia Zodiac - Season 1 - Episode 7,https://www.youtube.com/watch?v=oFzZIX-17zs
سریال 2شات - تیزر قسمت 7 | 2Shot Series - Teaser Episode 7,https://www.youtube.com/watch?v=Bq8BBFnGNak
مافیا شبیه زندگیه #shorts,https://www.youtube.com/watch?v=c0-xg1a-mmw
سریال نیسان آبی - فصل 2  - 3 روز مانده به پخش قسمت 1 | Neysan Abi Series - Season 2 - Teaser,https://www.youtube.com/watch?v=FRdmMH7gbfY
شما خیلی خوبی ولی سلیقه من نیستی! #shorts,https://www.youtube.com/watch?v=jakJEGjOmCQ
چطور تونستی وسط اون ماجرا ولش کنی؟ #shorts,https://www.youtube.com/watch?v=8C8kXJSSY_s
مهمون جدید پیکولویی ها - سریال پیکولو,https://www.youtube.com/watch?v=W3C4JhHPWmo
باید برگه عدم سلامت روانی بگیریم - سریال زخم کاری بازگشت,https://www.youtube.com/watch?v=b37KigU6Vww
وای! آخه تو ندیدیش!! #shorts,https://www.youtube.com/watch?v=JFi0oM1vOOk
سریال شبهای مافیا زودیاک - فصل 1 - قسمت 4 | Shabhaye Mafia Zodiac - Season 1 - Episode 4,https://www.youtube.com/watch?v=srVLImHT_1c
الان نباید به من لایک بدی #shorts,https://www.youtube.com/watch?v=gkRAu7JIUsk
سریال پیکولو - تیزر قسمت 19 | Pikolo Series - Teaser Episode 19,https://www.youtube.com/watch?v=wy_FX8OeT5Y
سریال نیسان آبی - فصل 2  - سومین تیزر | Neysan Abi Series - Season 2 - Teaser,https://www.youtube.com/watch?v=9VBJC0BOkHk
عمو بابام کجاست؟ #shorts,https://www.youtube.com/watch?v=hJbZRbUIAPw
از این به بعد فقط میگی چشم - سریال زخم کاری بازگشت,https://www.youtube.com/watch?v=AYEhj02LJmM
خاک تو سر من که تو شهروندی #shorts,https://www.youtube.com/watch?v=JusQmqh8pkw
سریال شبهای مافیا زودیاک - فصل 1 - قسمت 3 | Shabhaye Mafia Zodiac - Season 1 - Episode 3,https://www.youtube.com/watch?v=F36gz8cNKgU
شطرنجه، استادیوم نیست که #shorts,https://www.youtube.com/watch?v=_UKRmk9wNhM
باورم نمیشه تو اصلا تکون نخوردی - سریال مگه تموم عمر چند تا بهاره,https://www.youtube.com/watch?v=rC3HR0V_cho
سریال زخم کاری بازگشت - تیزر قسمت 11 | Zakhm Kari Bazgasht Series - Teaser Episode 11,https://www.youtube.com/watch?v=fAL11v1WF_M
نیسان آبی 2 قسمت 1 #shorts,https://www.youtube.com/watch?v=uVKSBXA8bY4
خداحافظی میکنیم با هیچکس #shorts,https://www.youtube.com/watch?v=PJisIIR3JBI
سریال شبهای مافیا زودیاک - فصل 1 - قسمت 2 | Shabhaye Mafia Zodiac - Season 1 - Episode 2,https://www.youtube.com/watch?v=2KJzLGaBoc0
سریال مگه تموم عمر چند تا بهاره - تیزر قسمت 20 | Mage Tamoome Omr Chand Ta Bahare Series,https://www.youtube.com/watch?v=lTwKcPwNvZc
سریال شبهای مافیا زودیاک - آموزش | Shabhaye Mafia Zodiac - Amoozesh,https://www.youtube.com/watch?v=BlFMD0rD_og
اونی که بغل من تو ماشین نشسته بود دختر شفاعته #shorts,https://www.youtube.com/watch?v=lRIh6qvnVz8
آنجلینا سلطنه #shorts,https://www.youtube.com/watch?v=qMzKdtJaysA
مامان همه چی بود... - سریال 2شات,https://www.youtube.com/watch?v=Y3jxycL0FEI
اسم گذاری برای عیب و ایرادها #shorts,https://www.youtube.com/watch?v=bHGG-4ea3tw
سریال 2شات - تیزر قسمت 6 | 2Shot Series - Teaser Episode 6,https://www.youtube.com/watch?v=8FrILSHVKxU
سریال نیسان آبی - فصل 2  - دومین تیزر | Neysan Abi Series - Season 2 - Teaser,https://www.youtube.com/watch?v=197hRLLI1zo
جدی بودن نیما ربانی - سریال مگه تموم عمر چند تا بهاره,https://www.youtube.com/watch?v=v179H_Qxsls
ما از خاندان راستگو هستیم #shorts,https://www.youtube.com/watch?v=MAuLuHKLQEQ
پسر شما ما رو به پدری قبول نکرد - سریال زخم کاری بازگشت,https://www.youtube.com/watch?v=ttDnueM0E-Q
سریال پیکولو - تیزر قسمت 18 | Pikolo Series - Teaser Episode 18,https://www.youtube.com/watch?v=f2ZmzUKk0RI
ماسک صورت هومن حاجی عبداللهی در جزیره پیکولو - سریال پیکولو,https://www.youtube.com/watch?v=elPh1JM4JBg
بو بد میدی #shorts,https://www.youtube.com/watch?v=XGJc63HgFWY
به تو اعتماد ندارم #shorts,https://www.youtube.com/watch?v=MjdPqYG9Wcg
اون نمیفهمه همه ی زندگی منه - سریال زخم کاری بازگشت,https://www.youtube.com/watch?v=0WSINSFvE9w
سریال زخم کاری بازگشت - تیزر قسمت 10 | Zakhm Kari Bazgasht Series - Teaser Episode 10,https://www.youtube.com/watch?v=DsMdHaUKQP8
مردم مهمان نواز جنوب در سریال سروش صحت - سریال مگه تموم عمر چند تا بهاره,https://www.youtube.com/watch?v=oUJGbDq0aFg
مامانت راضیه #shorts,https://www.youtube.com/watch?v=_f0PKDueEvw
سریال مگه تموم عمر چند تا بهاره - تیزر قسمت 19 | Mage Tamoome Omr Chand Ta Bahare Series,https://www.youtube.com/watch?v=xcrIPwyn6FY
سریال نیسان آبی - فصل 2  - تیزر | Neysan Abi Series - Season 2 - Teaser,https://www.youtube.com/watch?v=-GAo_2F9g0A
سریال 2شات - تیزر قسمت 5 | 2Shot Series - Teaser Episode 5,https://www.youtube.com/watch?v=wo1pOBj21mI
درد دل شبنم مقدمی در برنامه دوشات - سریال 2شات,https://www.youtube.com/watch?v=1cs1bYOHWiw
فکر میکنم جای درستی هستم #shorts,https://www.youtube.com/watch?v=7aJ7b7gvEUs
نیسان آبی رو داد بی‌ام‌و‌ گرفت #shorts,https://www.youtube.com/watch?v=yYRpwZ4_2vY
فیلم سینمایی تارا - تیزر | Tara Movie - Teaser,https://www.youtube.com/watch?v=7NHzXbAG_cE
میخوام زندگیتون رو بسازم #shorts,https://www.youtube.com/watch?v=SHB3t18wfU0
سریال نیسان آبی - فصل 2 - معرفی مسعود اطیابی | Neysan Abi Series - Season 2 - Teaser,https://www.youtube.com/watch?v=-tXxNMaTmM8
چشمای اون آلبالو #shorts,https://www.youtube.com/watch?v=LMmf82ickUk
پس کو گونی؟ #shorts,https://www.youtube.com/watch?v=Oh3lcViSkRQ
چی تو اون کله ات میگذره #shorts,https://www.youtube.com/watch?v=q-ZRrFeRmKQ
رابطه من و تو زیر سواله؟ - سریال زخم کاری بازگشت,https://www.youtube.com/watch?v=oNuiMfHJob4
من خودم قربانیم!!! - سریال پیکولو,https://www.youtube.com/watch?v=riNuPcoWTdM
باز بی اجازه اومدن تو باغ من #shorts,https://www.youtube.com/watch?v=aKKPLa47_dg
سریال پیکولو - تیزر قسمت 17 | Pikolo Series - Teaser Episode 17,https://www.youtube.com/watch?v=FmJjjQUxJ14
با رفتن بابات ضربه سنگینی به اقتصاد کشور میخوره - سریال زخم کاری بازگشت,https://www.youtube.com/watch?v=XDy6Fs6r5XQ
شیدا رو هوایی نکنیا #shorts,https://www.youtube.com/watch?v=JoL_otxtFXM
سریال زخم کاری بازگشت - تیزر قسمت 9 | Zakhm Kari Bazgasht Series - Teaser Episode 9,https://www.youtube.com/watch?v=iLFCJtfY5MI
گوگولی مگولی #shorts,https://www.youtube.com/watch?v=WgZZHMcQGaM
به مرجان یه ساعت زشت هدیه داد - سریال مگه تموم عمر چند تا بهاره,https://www.youtube.com/watch?v=Th1Z8sF-snI
سریال مگه تموم عمر چند تا بهاره - دومین تیزر قسمت 18 | Mage Tamoome Omr Chand Ta Bahare Series,https://www.youtube.com/watch?v=5v6SIpzfCRA
به یاد بهنام صفوی #shorts,https://www.youtube.com/watch?v=E2b5e1l7E6s
اینایی که تو این کتابا خوندی من زندگی کردم #shorts,https://www.youtube.com/watch?v=_u7ZYfdfsGU
سریال مگه تموم عمر چند تا بهاره - اولین تیزر قسمت 18 | Mage Tamoome Omr Chand Ta Bahare Series,https://www.youtube.com/watch?v=FzP66Yqof1s
سریال نیوکمپ رایگان شد #shorts,https://www.youtube.com/watch?v=AYpCASBXHtU
واکنش فرزاد فرزین به خبرهای منفی #shorts,https://www.youtube.com/watch?v=G9v6s7hyztI
فرزاد فرزین و اعتیاد به بازی مافیا - سریال 2شات,https://www.youtube.com/watch?v=5gtAQPj5EGM
سریال نیوکمپ - قسمت 6 | Camp Nou Series - Episode 6,https://www.youtube.com/watch?v=Wn7sbq4WLpg
برگام #shorts,https://www.youtube.com/watch?v=g0WWy3c5qaM
سریال نیوکمپ - قسمت 5 | Camp Nou Series - Episode 5,https://www.youtube.com/watch?v=U5t9zrHbo14
سریال نیوکمپ - قسمت 4 | Camp Nou Series - Episode 4,https://www.youtube.com/watch?v=GIMZvsOHvyM
سریال نیوکمپ - قسمت 3 | Camp Nou Series - Episode 3,https://www.youtube.com/watch?v=T2gS9nLUglM
سریال نیوکمپ - قسمت 2 | Camp Nou Series - Episode 2,https://www.youtube.com/watch?v=fL4eY5BJLwE
به جای حمل دارو جاسوس جا به جا میکنه#shorts,https://www.youtube.com/watch?v=M671uCSDqWg
سریال نیسان آبی - فصل 2 - معرفی بیژن بنفشه خواه | Neysan Abi Series - Season 2 - Teaser,https://www.youtube.com/watch?v=ToqC7RIBeJk
اصلا میشه از اینجا فرار کرد؟! #shorts,https://www.youtube.com/watch?v=ODHq_wNX8RM
ای کاش این چشم ها رو نمی دیدم #shorts,https://www.youtube.com/watch?v=STCLe8IUJQU
چجوری زن پا به ماهتو ول کردی؟ #shorts,https://www.youtube.com/watch?v=hps1TRbho5c
مهران غفوریان در فرودگاه قشم - سریال مگه تموم عمر چند تا بهاره,https://www.youtube.com/watch?v=ppBmCSSr3Ig
آسمون مثل گهواره ست #shorts,https://www.youtube.com/watch?v=vfB3LNt4Ihk
سریال سقوط - قسمت 6 | Soghoot Series - Episode 6,https://www.youtube.com/watch?v=-r_YDZjhab0
سریال مگه تموم عمر چند تا بهاره - تیزر قسمت 17 | Mage Tamoome Omr Chand Ta Bahare Series,https://www.youtube.com/watch?v=WW1ryItijKE
سریال سقوط - قسمت 5 | Soghoot Series - Episode 5,https://www.youtube.com/watch?v=QUXRkmNWE3I
سریال سقوط - قسمت 4 | Soghoot Series - Episode 4,https://www.youtube.com/watch?v=dtcOxg13Ou0
سریال سقوط - قسمت 3 | Soghoot Series - Episode 3,https://www.youtube.com/watch?v=deFxxEg9Mgg
سریال سقوط - قسمت 2 | Soghoot Series - Episode 2,https://www.youtube.com/watch?v=Etr-6lu77zk
آدما دوست ندارن نقطعه ضعفشونو بقیه بدونن #shorts,https://www.youtube.com/watch?v=jj6o4ByEiIU
سریال پیکولو - تیزر قسمت 16 | Pikolo Series - Teaser Episode 16,https://www.youtube.com/watch?v=SQ2-RJ7Pklw
جشنه یا جنگه؟؟؟ - سریال پیکولو,https://www.youtube.com/watch?v=lg5VNIRanKQ
فکر کردی کی هستی؟ - سریال زخم کاری بازگشت,https://www.youtube.com/watch?v=uTlzTaBB59c
سقوط های من چشه؟؟؟ #shorts,https://www.youtube.com/watch?v=O_AMLrCiJ9U
درشو بردار #shorts,https://www.youtube.com/watch?v=KLqBUuANnbo
از حیوونا میترسه! #shorts,https://www.youtube.com/watch?v=XtzWWmXRiNE
از کجا کش رفتی؟ #shorts,https://www.youtube.com/watch?v=YR9wSlsIr4M
سریال رهایم کن - قسمت 8 | Rahayam Kon Series - Episode 8,https://www.youtube.com/watch?v=FpSQOF4_Wr8
به چه حقی با بچه من اینجوری حرف میزنی؟ - سریال زخم کاری بازگشت,https://www.youtube.com/watch?v=uImAV1QAe_0
بچه جان برو به مادرت برس #shorts,https://www.youtube.com/watch?v=IMdncaUJb0A
سریال رهایم کن - قسمت 7 | Rahayam Kon Series - Episode 7,https://www.youtube.com/watch?v=P7BU_EeRkJU
سریال رهایم کن - قسمت 6 | Rahayam Kon Series - Episode 6,https://www.youtube.com/watch?v=BrtJ5TEa8eI
سریال رهایم کن - قسمت 5 | Rahayam Kon Series - Episode 5,https://www.youtube.com/watch?v=bRBnez_9C9k
سریال رهایم کن - قسمت 4 | Rahayam Kon Series - Episode 4,https://www.youtube.com/watch?v=mjiTBDM-9fg
سریال رهایم کن - قسمت 3 | Rahayam Kon Series - Episode 3,https://www.youtube.com/watch?v=cuODMFHQt9Y
سریال رهایم کن - قسمت 2 | Rahayam Kon Series - Episode 2,https://www.youtube.com/watch?v=wHuFpPIh3_s
شما ایرانی هستی؟! #shorts,https://www.youtube.com/watch?v=dpt1mOBJf4I
سریال زخم کاری بازگشت - تیزر قسمت 8 | Zakhm Kari Bazgasht Series - Teaser Episode 8,https://www.youtube.com/watch?v=Dq8lcSn0ovU
سلام من به تو یار قدیمی. #shorts,https://www.youtube.com/watch?v=RezOSnTAGzM
کدوم جیغ بنفش زد؟! #shorts,https://www.youtube.com/watch?v=Tno11OYN6t0
سریال نیسان آبی - فصل 1 - تیزر خلاصه قسمت ها | Neysan Abi Series - Season 1 - Summary Teaser,https://www.youtube.com/watch?v=_cKTSrBuxxw
سریال تی ان تی - قسمت 10 | TNT Series - Episode 10,https://www.youtube.com/watch?v=XYBecCd9lhQ
تروخدا هرجا رفتیم من پیش تو باشم #shorts,https://www.youtube.com/watch?v=eLbM3dZwJjc
نامه عاشقانه به آقای طهماسب - سریال مهمونی - فصل 2,https://www.youtube.com/watch?v=E22vcgJr3OI
ما بچه بودیم یهو به بلوغ رسیدیم - سریال مهمونی - فصل 2,https://www.youtube.com/watch?v=o-VORYZ_iEA
اومده از آقای مجری پنیر بگیره - سریال مهمونی - فصل 2,https://www.youtube.com/watch?v=ub6YHw4rXFs
سریال تی ان تی - قسمت 9 | TNT Series - Episode 9,https://www.youtube.com/watch?v=i6gq5U5sooc
سریال تی ان تی - قسمت 8 | TNT Series - Episode 8,https://www.youtube.com/watch?v=y0TgUCnbelQ
سریال تی ان تی - قسمت 7 | TNT Series - Episode 7,https://www.youtube.com/watch?v=5KAPR6Dy9RM
گیم شو تی ان تی را رایگان در کانال یوتیوب تلویکا ببینید #shorts,https://www.youtube.com/watch?v=HeZepZxU3TE
سریال تی ان تی - قسمت 6 | TNT Series - Episode 6,https://www.youtube.com/watch?v=TBGK5_8lE4Y
سریال تی ان تی - قسمت 5 | TNT Series - Episode 5,https://www.youtube.com/watch?v=PukF9_BS_BE
سریال تی ان تی - قسمت 4 | TNT Series - Episode 4,https://www.youtube.com/watch?v=N4NH-7CXD1I
سریال تی ان تی - قسمت 3 | TNT Series - Episode 3,https://www.youtube.com/watch?v=y2aUNp9Ljvc
سریال تی ان تی - قسمت 2 | TNT Series - Episode 2,https://www.youtube.com/watch?v=jplY5soUc4I
قهرمان فیزیک رو حذف کن! #shorts,https://www.youtube.com/watch?v=IBIvdak4hbo
هنوز بوی خون میاد #shorts,https://www.youtube.com/watch?v=-Vlt4JtXdrI
از مهرجویی و پسیانی برامون بگو - سریال 2شات,https://www.youtube.com/watch?v=1kHh2W_2QQI
عکس های رضا کیانیان #shorts,https://www.youtube.com/watch?v=j5oTqRrJ79M
از اصفهان تا شیراز #shorts,https://www.youtube.com/watch?v=uw0_dULF0S8
گیم شو صداتو را رایگان در کانال یوتیوب تلویکا ببینید#shorts,https://www.youtube.com/watch?v=nSc-jUyQRCc
بنظرتون خواننده‌ست یا نه؟ #shorts,https://www.youtube.com/watch?v=5seCsuKTiyo
سریال صداتو - فصل 1 - قسمت 6 | Sedato Series - Season 1 - Episode 6,https://www.youtube.com/watch?v=Mk4bBRKZiLk
سریال صداتو - فصل 1 - قسمت 5 | Sedato Series - Season 1 - Episode 5,https://www.youtube.com/watch?v=s34db9y44r0
سریال صداتو - فصل 1 - قسمت 4 | Sedato Series - Season 1 - Episode 4,https://www.youtube.com/watch?v=1yswfnodOVE
سریال صداتو - فصل 1 - قسمت 3 | Sedato Series - Season 1 - Episode 3,https://www.youtube.com/watch?v=4O8PT-7tbQE
سریال صداتو - فصل 1 - قسمت 2 | Sedato Series - Season 1 - Episode 2,https://www.youtube.com/watch?v=bvcryGdXtHo
الهی قربونت برم گریه نکن #shorts,https://www.youtube.com/watch?v=md_vt3tUWxY
خیابانی یا شعبان پور؟ - سریال شبهای مافیا زودیاک,https://www.youtube.com/watch?v=WGgVe4NBujI
من بهرنگم #shorts,https://www.youtube.com/watch?v=luOjVQXvk8s
شالم رو جا گذاشتم اونجا #shorts,https://www.youtube.com/watch?v=LU32mdJUiZo
سریال شبهای مافیا زودیاک - فصل 1- تیزر قسمت 12 | Shabhaye Mafia Zodiac - Season 1 - Episode 12,https://www.youtube.com/watch?v=qqsM1cYpPic
سریال حیثیت گمشده را رایگان در کانال یوتیوب تلویکا ببینید #shorts,https://www.youtube.com/watch?v=gMSXlBuG6H8
تو چه خری هستی؟ پلیسی؟! #shorts,https://www.youtube.com/watch?v=Rf6kj0fbdwk
تو دوست خیالی منی - سریال پیکولو,https://www.youtube.com/watch?v=IZYLLu_JSH8
پانچو بازم گند زد #shorts,https://www.youtube.com/watch?v=yAiM1xZzQsk
چه شری پشت این خنده است؟! - سریال زخم کاری بازگشت,https://www.youtube.com/watch?v=FOWaStjkJ6I
سریال حیثیت گمشده - قسمت 6 | Heysiate Gomshode Series - Episode 6,https://www.youtube.com/watch?v=LFGg70oyAo8
سریال پیکولو - تیزر قسمت 15 | Pikolo Series - Teaser Episode 15,https://www.youtube.com/watch?v=EwhR_T83SSM
سریال حیثیت گمشده - قسمت 5 | Heysiate Gomshode Series - Episode 5,https://www.youtube.com/watch?v=DFXtyu6ZE4M
سریال حیثیت گمشده - قسمت 4 | Heysiate Gomshode Series - Episode 4,https://www.youtube.com/watch?v=Bvs9KKY4lPI
سریال حیثیت گمشده - قسمت 3 | Heysiate Gomshode Series - Episode 3,https://www.youtube.com/watch?v=x8vhZ0xloH8
سریال حیثیت گمشده - قسمت 2 | Heysiate Gomshode Series - Episode 2,https://www.youtube.com/watch?v=shqGcepdoQs
این خون دامن شما رو نمی گیره! #shorts,https://www.youtube.com/watch?v=9mr-r02ILzQ
حواسم بهش هست! - سریال زخم کاری بازگشت,https://www.youtube.com/watch?v=xSNg60VbpDY
سریال زخم کاری بازگشت - تیزر قسمت 7 | Zakhm Kari Bazgasht Series - Teaser Episode 7,https://www.youtube.com/watch?v=dztcMOiwXsM
سریال مگه تموم عمر چند تا بهاره - تیزر قسمت 16 | Mage Tamoome Omr Chand Ta Bahare Series,https://www.youtube.com/watch?v=smaHo-3Dl-M
کدوم سوراخ #shorts,https://www.youtube.com/watch?v=nYVYLKHwyak
شاهین غیرتی شده - سریال مگه تموم عمر چند تا بهاره,https://www.youtube.com/watch?v=WOE9WuL1qZc
با جناب خان رفاقت کردم - سریال 2شات,https://www.youtube.com/watch?v=uao6Ukzm19o
شباهت محمد بحرانی به والتروایت #shorts,https://www.youtube.com/watch?v=vpbgXPt-0Jk
فیلم سینمایی نبودن - تیزر | Naboodan Movie - Teaser,https://www.youtube.com/watch?v=R6HUWkXXtX8
سریال پیکولو - تیزر قسمت 14 | Pikolo Series - Teaser Episode 14,https://www.youtube.com/watch?v=v6CYkv-aII4
سریال شبهای مافیا زودیاک - فصل 1- دومین تیزر قسمت 11 | Shabhaye Mafia Zodiac - Season 1 - Episode 11,https://www.youtube.com/watch?v=D85SeRRf9rw
انصاف داشته باشید بابا - سریال شبهای مافیا زودیاک,https://www.youtube.com/watch?v=Mg4jB6AMPhc
بهرنگ علوی، آخرین بازمانده #shorts,https://www.youtube.com/watch?v=tBmefEXHrKA
سریال شبهای مافیا زودیاک - فصل 1- اولین تیزر قسمت 11 | Shabhaye Mafia Zodiac - Season 1 - Episode 11,https://www.youtube.com/watch?v=5__sPZBusmE
نمیذارم بری - سریال پیکولو,https://www.youtube.com/watch?v=oa3nPH6XWZU
شالی رفت #shorts,https://www.youtube.com/watch?v=zys4DP2YGPw
هرکی از من بترسه تو نباید بترسی #shorts,https://www.youtube.com/watch?v=yBEopJBnh84
تا تهش میرم ! - سریال زخم کاری بازگشت,https://www.youtube.com/watch?v=QaTU15sYXbQ
محسن چاوشی - تلو - موزیک ویدیو سریال زخم کاری بازگشت | Mohsen Chavoshi - Zakhm Kari Bazgasht,https://www.youtube.com/watch?v=8L9TWs8mn6k
سریال زخم کاری بازگشت - 1 روز مانده به پخش قسمت 6 | Zakhm Kari Bazgasht Series - Teaser,https://www.youtube.com/watch?v=Nj2WopfMLtY
مگه شما شهرام ربانی نیستی؟ #shorts,https://www.youtube.com/watch?v=-w7boxIpN_M
2 شات قسمت 1 #shorts,https://www.youtube.com/watch?v=rJ3OftVEAQA
چاقو کشی شاهین - سریال مگه تموم عمر چند تا بهاره,https://www.youtube.com/watch?v=FHn7Sb0ZC8I
سریال مگه تموم عمر چند تا بهاره - تیزر قسمت 15 | Mage Tamoome Omr Chand Ta Bahare Series,https://www.youtube.com/watch?v=xZfAPmd0PQY
سریال زخم کاری بازگشت - 2 روز مانده به پخش قسمت 6 | Zakhm Kari Bazgasht Series - Teaser,https://www.youtube.com/watch?v=fBjzuMcZWcw
قیمه خانم رو میخوام - سریال مهمونی - فصل 2,https://www.youtube.com/watch?v=58s1-ZyTkLE
دستشون تو جیب سیروس گیر کرده - سریال مهمونی - فصل 2,https://www.youtube.com/watch?v=0cM29D7mcLk
نوروز هیچکس رو یادش نمیاد - سریال مهمونی - فصل 2,https://www.youtube.com/watch?v=p7KL--MLuzs
از تو خوشش اومده #shorts,https://www.youtube.com/watch?v=b4R1zrzPRhE
فیلم سینمایی تصور - تیزر | Tasavor Movie - Teaser,https://www.youtube.com/watch?v=0KOBoRXIHQs
دوباره صدای محسن چاوشی به زخم کاری اومد #shorts,https://www.youtube.com/watch?v=zmIqTue4fwU
شلیک اشتباه به خیابانی #shorts,https://www.youtube.com/watch?v=kCQ9OK2Y5cc
در مقابل عشق بی تفاوتیست - سریال شبهای مافیا زودیاک,https://www.youtube.com/watch?v=CGChBpWZ2X0
مواظب این مافیا باشید #shorts,https://www.youtube.com/watch?v=tPavOIAz6Yc
سریال شبهای مافیا زودیاک - فصل 1 - تیزر قسمت 10 | Shabhaye Mafia Zodiac - Season 1 - Episode 10,https://www.youtube.com/watch?v=QcyAjgvW6Z4
سریال پیکولو - تیزر قسمت 13 | Pikolo Series - Teaser Episode 13,https://www.youtube.com/watch?v=IZpEwiQdR8E
اینم یه قایق #shorts,https://www.youtube.com/watch?v=IxGjYutKoZI
حنا یا شالی؟ - سریال پیکولو,https://www.youtube.com/watch?v=lYZuWuayvV4
سریال زخم کاری بازگشت - تیزر قسمت 5 | Zakhm Kari Bazgasht Series - Teaser Episode 5,https://www.youtube.com/watch?v=XeAG2iiZ2HY
به کشته شدنش راضی نبودم #shorts,https://www.youtube.com/watch?v=YpMa_6d-XGs
من به طلوعی نمی بازم - سریال زخم کاری بازگشت,https://www.youtube.com/watch?v=EbFs4KO-ft0
سریال زخم کاری بازگشت - 1 روز مانده به پخش قسمت 5 | Zakhm Kari Bazgasht Series - Teaser,https://www.youtube.com/watch?v=OAX2TMeDqbI
سارا بهرامی سفیر عشق برای نیما و گلی - سریال مگه تموم عمر چند تا بهاره,https://www.youtube.com/watch?v=3ks6o8PKjAA
سریال مگه تموم عمر چند تا بهاره - تیزر قسمت 14 | Mage Tamoome Omr Chand Ta Bahare Series,https://www.youtube.com/watch?v=QjEH-To-efw
عشق، باغبان و توجه #shorts,https://www.youtube.com/watch?v=br8ZP1aUDZo
سریال زخم کاری بازگشت - 2 روز مانده به پخش قسمت 5 | Zakhm Kari Bazgasht Series - Teaser,https://www.youtube.com/watch?v=1-ZcZxG3sDs
سریال شبهای مافیا زودیاک - فصل 1 - اولین تیزر قسمت 9 | Shabhaye Mafia Zodiac - Season 1 - Episode 9,https://www.youtube.com/watch?v=-BYxQS_oNl8
فکرکردی من خرم؟ #shorts,https://www.youtube.com/watch?v=z83EhnCkW3k
روح چراغ جادو - سریال مهمونی - فصل 2,https://www.youtube.com/watch?v=_T-YClGBbgg
مهمون خارجی آقای طهماسب - سریال مهمونی - فصل 2,https://www.youtube.com/watch?v=9QJ0VrSD6v4
عجیب حرف زدن امیرحسین فتحی - سریال مهمونی - فصل 2,https://www.youtube.com/watch?v=MR3zkVILWps
فیلم سینمایی بی رویا - تیزر | Bi Roya Movie - Teaser,https://www.youtube.com/watch?v=4bAwMDB8cy8
یعنی من یه یار ندارم؟ - سریال شبهای مافیا زودیاک,https://www.youtube.com/watch?v=tfj_91qecBk
گول سیبیل سیسیلی منو نخورید #shorts,https://www.youtube.com/watch?v=-DrweFX_luc
سریال شبهای مافیا زودیاک - فصل 1 - دومین تیزر قسمت 9 | Shabhaye Mafia Zodiac - Season 1 - Episode 9,https://www.youtube.com/watch?v=cjDBA3re-Fs
مامانت دستام رو کرم میزد#shorts,https://www.youtube.com/watch?v=0HVS-2RDR34
قربون دلت برم بابا پانچو - سریال پیکولو,https://www.youtube.com/watch?v=FP957QaD8S0
سریال پیکولو - تیزر قسمت 12 | Pikolo Series - Teaser Episode 12,https://www.youtube.com/watch?v=-Hx8pTjjYPA
دیر یا زود امپراطوری طلوعی از بین میره #shorts,https://www.youtube.com/watch?v=JULHA60v7uY
حرف داره حرف تو میشه - سریال زخم کاری بازگشت,https://www.youtube.com/watch?v=sysQVtSeIhg
سریال زخم کاری بازگشت - تیزر قسمت 4 | Zakhm Kari Bazgasht Series - Teaser Episode 4,https://www.youtube.com/watch?v=OQp5M7u5J6k
یه فرصت دیگه بهم بده - سریال مگه تموم عمر چند تا بهاره,https://www.youtube.com/watch?v=ER2zDCFsC7k
سریال مگه تموم عمر چند تا بهاره - دومین تیزر قسمت 13 | Mage Tamoome Omr Chand Ta Bahare Series,https://www.youtube.com/watch?v=MPZEPKuUvtU
عمه کاظم #shorts,https://www.youtube.com/watch?v=8b1IpHDo15M
سریال مگه تموم عمر چند تا بهاره - اولین تیزر قسمت 13 | Mage Tamoome Omr Chand Ta Bahare Series,https://www.youtube.com/watch?v=fLM3hkxNQC8
سریال زخم کاری بازگشت - 2 روز مانده به پخش قسمت 4 | Zakhm Kari Bazgasht Series - Teaser,https://www.youtube.com/watch?v=I0BUZ_uTEsI
این بچه یخ زد تو یخچال - سریال مهمونی - فصل 2,https://www.youtube.com/watch?v=4B-YoRSJVzk
دلبری پشه از آقا سیروس - سریال مهمونی - فصل 2,https://www.youtube.com/watch?v=lrVLaZOrxy4
بادمجون گنده یخچاله - سریال مهمونی - فصل 2,https://www.youtube.com/watch?v=IeEcBGCmK80
ما پنیر می دیم دسته به دسته، ما رسممونه عروس برقصه #shorts,https://www.youtube.com/watch?v=jOLF7Y8pNeY
فیلم سینمایی یقه سفیدها - تیزر | Yagheh Sefidha Movie - Teaser,https://www.youtube.com/watch?v=58qFC8f0WqY
رقص هندی عمو پورنگ - سریال تی ان تی,https://www.youtube.com/watch?v=n2NCkjBRSJY
هندی خوندن عمو پورنگ و حامد آهنگی #shorts,https://www.youtube.com/watch?v=6kwhyeRgydU
سریال زخم کاری بازگشت - دومین تیزر قسمت 3 | Zakhm Kari Bazgasht Series - Teaser Episode 3,https://www.youtube.com/watch?v=rnPy2CtME2w
سریال تی ان تی -  تیزر قسمت 23 | TNT Series - Teaser Episode 23,https://www.youtube.com/watch?v=m0NMU0l1nOg
شرف و وجدان - سریال شبهای مافیا زودیاک,https://www.youtube.com/watch?v=xE02E_nofto
روا پدر علم شانس #shorts,https://www.youtube.com/watch?v=aJ-B5oY1E5w
سریال شبهای مافیا زودیاک - فصل 1 - تیزر قسمت 8 | Shabhaye Mafia Zodiac - Season 1 - Episode 8,https://www.youtube.com/watch?v=lfi4_rOawgk
سریال زخم کاری بازگشت - قسمت 1 | Zakhm Kari Bazgasht Series - Episode 1,https://www.youtube.com/watch?v=e8OHwuFqBsI
قسمت اول زخم کاری؛ بازگشت را در یوتیوب تلویکا رایگان ببینید. #shorts,https://www.youtube.com/watch?v=XtSZSbnht4o
بازی مهیج #shorts,https://www.youtube.com/watch?v=CGolVA9NMWc
روز بازی پیکولویی هاست - سریال پیکولو,https://www.youtube.com/watch?v=xs4fUzjCqq0
سریال پیکولو - تیزر قسمت 11 | Pikolo Series - Teaser Episode 11,https://www.youtube.com/watch?v=eG1RuZYjWBE
مالک زندست - سریال زخم کاری بازگشت,https://www.youtube.com/watch?v=NoMvm6A-o44
رقیب من فقط خودمم #shorts,https://www.youtube.com/watch?v=dZRnvokt5yU
سریال زخم کاری بازگشت - اولین تیزر قسمت 3 | Zakhm Kari Bazgasht Series - Teaser Episode 3,https://www.youtube.com/watch?v=DofBFi6cFnA
مواجهه سمیرا با کیمیا #short,https://www.youtube.com/watch?v=9ZLiBA-g8o4
شوخی بابایی با عمو جلال - سریال مگه تموم عمر چند تا بهاره,https://www.youtube.com/watch?v=tqOTeULf9Zs
من دیوونه ام؟ #shorts,https://www.youtube.com/watch?v=JXqQjOXo7mc
سریال مگه تموم عمر چند تا بهاره - تیزر قسمت 12 | Mage Tamoome Omr Chand Ta Bahare Series,https://www.youtube.com/watch?v=r96ulEYaHE4
"فیلم سینمایی چپ، راست - تیزر | Chap, Rast Movie - Teaser",https://www.youtube.com/watch?v=6lfC9iFk564
آفرین به صدای بدت - سریال صداتو - فصل 1,https://www.youtube.com/watch?v=JsNTI5th-KY
کیک تولد عجیب آقا بیژن - سریال مهمونی - فصل 2,https://www.youtube.com/watch?v=cc3HdVsPiK4
بنفشه خوار یا بنفشه خواه؟ - سریال مهمونی - فصل 2,https://www.youtube.com/watch?v=WJ40yBNWqGk
پستونک بیژن بنفشه خواه - سریال مهمونی - فصل 2,https://www.youtube.com/watch?v=yTWPwG_dXl4
رو پای خودم وایمیستم #shorts,https://www.youtube.com/watch?v=rrqzrcVWm1M
قسمت آخر صداتو #shorts,https://www.youtube.com/watch?v=q5KTh_1i4SQ
سریال صداتو - فصل 1 - دومین تیزر قسمت 12 | Sedato Series - Season 1 - Teaser Episode 12,https://www.youtube.com/watch?v=1W_nfOFbo5k
سریال صداتو - فصل 1 - اولین تیزر قسمت 12 | Sedato Series - Season 1 - Teaser Episode 12,https://www.youtube.com/watch?v=Brj1tLN5x9g
سریال تی ان تی -  تیزر قسمت 22 | TNT Series - Teaser Episode 22,https://www.youtube.com/watch?v=NDx0tsUYx_U
نعیمه نظام دوست در تی ان تی - سریال تی ان تی,https://www.youtube.com/watch?v=dHQaXL09jcQ
گیلکی بگو #shorts,https://www.youtube.com/watch?v=Ddo3cOnMcrE
ایتالیانو اور فارسی؟ - سریال شبهای مافیا زودیاک,https://www.youtube.com/watch?v=-3GnSuSEX5I
وقتی تو اینجایی مافیا همین خونه ست #shorts,https://www.youtube.com/watch?v=djNiiXs90uA
سریال شبهای مافیا زودیاک - فصل 1 - تیزر قسمت 7 | Shabhaye Mafia Zodiac - Season 1 - Episode 7,https://www.youtube.com/watch?v=dPPhaVlfmz4
سریال زخم کاری بازگشت  - تیزر قسمت 2 | Zakhm Kari Bazgasht Series - Teaser,https://www.youtube.com/watch?v=o6ZqgrANYoY
خواستگاری طلوعی از سمیرا #shorts,https://www.youtube.com/watch?v=XQpzKCCWaTU
هنوز وقتش نرسیده - سریال زخم کاری بازگشت,https://www.youtube.com/watch?v=7wx0l16lJGY
بوی پشه #shorts,https://www.youtube.com/watch?v=p7RhcA_HuQk
مجسمه خاص روحی در مهمونی - سریال مهمونی - فصل 2,https://www.youtube.com/watch?v=f-HCFowb2K8
گراز که از شالیزار قهر کنه - سریال مهمونی - فصل 2,https://www.youtube.com/watch?v=GIi2KWtP45E
شعر خوندن متفاوت بوته - سریال مهمونی - فصل 2,https://www.youtube.com/watch?v=F9lAv_9M5Bk
مادر این طلاهارو بگیر خرد خرد بفروش #shorts,https://www.youtube.com/watch?v=ULakhEMNcTM
سریال زخم کاری بازگشت  - تیزر کاراکتر طلوعی | Zakhm Kari Bazgasht Series - Teaser,https://www.youtube.com/watch?v=9Jxk29ARVK8
سریال نهنگ آبی - قسمت 30 (قسمت آخر) | Nahange Abi Series - Episode 30,https://www.youtube.com/watch?v=1cNXXhGscug
سریال زخم کاری - آنچه گذشت قسمت 15 | Zakhm Kari Series - Teaser,https://www.youtube.com/watch?v=7nWoZdECfsU
سریال زخم کاری - آنچه گذشت قسمت 14 | Zakhm Kari Series - Teaser,https://www.youtube.com/watch?v=sDdizASCfuw
اومد اجازه بگیره نشد #shorts,https://www.youtube.com/watch?v=Hl-i09zP6QU
شوخی با روزی روزگاری مریخ در تی ان تی - سریال تی ان تی,https://www.youtube.com/watch?v=oTTCpYATGKA
سریال تی ان تی -  تیزر قسمت 21 | TNT Series - Teaser Episode 21,https://www.youtube.com/watch?v=kkIjMU5mx4A
حرص می خورم - سریال شبهای مافیا زودیاک,https://www.youtube.com/watch?v=_ohWJtIAvsk
به یاد علی انصاریان #shorts,https://www.youtube.com/watch?v=TlGvBopsMUI
سریال زخم کاری - آنچه گذشت قسمت 13 | Zakhm Kari Series - Teaser,https://www.youtube.com/watch?v=LHDeaDhS5fQ
سریال شبهای مافیا زودیاک - فصل 1 - تیزر قسمت 6 | Shabhaye Mafia Zodiac - Season 1 - Episode 6,https://www.youtube.com/watch?v=HXSJlQMGUVg
سریال زخم کاری - آنچه گذشت قسمت 12 | Zakhm Kari Series - Teaser,https://www.youtube.com/watch?v=qTLlzm1_GXE
من تو ذهن توام #shorts,https://www.youtube.com/watch?v=Y9D9XkIU4wI
چرا افتادی تو پیکولو؟ - سریال پیکولو,https://www.youtube.com/watch?v=x7hiWTV0Aso
سریال زخم کاری - آنچه گذشت قسمت 11 | Zakhm Kari Series - Teaser,https://www.youtube.com/watch?v=3HaWja6y_z0
سریال پیکولو - تیزر قسمت 10 | Pikolo Series - Teaser Episode 10,https://www.youtube.com/watch?v=gdGN5g747kQ
تو تابوت چهارمیخ - سریال زخم کاری بازگشت,https://www.youtube.com/watch?v=PjfbPbrVOjY
شخم نزدید! #shorts,https://www.youtube.com/watch?v=mxg1FEyaY8g
حرفات بوی خدافظی میده - سریال حیثیت گمشده,https://www.youtube.com/watch?v=jMX-1r86Lkg
سریال تی ان تی -  تیزر قسمت 20 | TNT Series - Teaser Episode 20,https://www.youtube.com/watch?v=ATpDsdLvCcg
سریال شبهای مافیا زودیاک - فصل 1 - تیزر قسمت 5 | Shabhaye Mafia Zodiac - Season 1 - Episode 5,https://www.youtube.com/watch?v=2GahuqAwO5A
ته دلمو خالی نکن #shorts,https://www.youtube.com/watch?v=lFeyPOW7hrg
تو از من چی میدونی؟ #shorts,https://www.youtube.com/watch?v=3XotIuU-EoM
محسن چاوشی - موزیک ویدیو سریال زخم کاری بازگشت | Mohsen Chavoshi - Zakhm  Kari Bazgasht,https://www.youtube.com/watch?v=1DatipNSblE
سریال حیثیت گمشده - تیزر قسمت 9 | Heysiate Gomshode Series - Teaser Episode 9,https://www.youtube.com/watch?v=QI71nYgFy2A
زخم کاری - بازگشت مالک و سمیرا#shorts,https://www.youtube.com/watch?v=CHyRwHEzkYs
یک روز مانده به بازگشت زخم کاری #shorts,https://www.youtube.com/watch?v=ShmLxQOgyhQ
از دیوار راست بالا رفتن علی مصفا - سریال مگه تموم عمر چند تا بهاره,https://www.youtube.com/watch?v=o4-CLK3kobI
سریال مگه تموم عمر چند تا بهاره - تیزر قسمت 11 | Mage Tamoome Omr Chand Ta Bahare Series,https://www.youtube.com/watch?v=Ihmxxhh-7OE
فیلم سینمایی مغز استخوان - تیزر | Maghze Ostokhan Movie - Teaser,https://www.youtube.com/watch?v=Lgn5_tVxfxU
سریال نهنگ آبی - قسمت 29 | Nahange Abi Series - Episode 29,https://www.youtube.com/watch?v=PmsYkJYv5N8
من مشکلی ندارم #shorts,https://www.youtube.com/watch?v=URl0zIWpWsA
خاطره جالب و خنده دار سپند امیرسلیمانی - سریال تی ان تی,https://www.youtube.com/watch?v=8mMkZTahTRs
ما باهم حمله کردیم - سریال شبهای مافیا زودیاک,https://www.youtube.com/watch?v=Mn5umdp9oDg
5 نفر مشکوکن #shorts,https://www.youtube.com/watch?v=3lhXFKPPN5U
میندازمش حتی به غلط #shorts,https://www.youtube.com/watch?v=obDDi8hCOog
جواد عزتی و رعنا آزادی ور در فیلم درام زخم کاری | Zakhme Kari Movie,https://www.youtube.com/watch?v=iD4iaDay23U
سریال پیکولو - تیزر قسمت 9 | Pikolo Series - Teaser Episode 9,https://www.youtube.com/watch?v=3uU1k4aD9_o
بازیگران سریال زخم کاری بازگشت #shorts,https://www.youtube.com/watch?v=5EPxjgYkIa0
محسن چاووشی - موزیک ویدیو سریال زخم کاری بازگشت | Mohsen Chavoshi - Zakhm  Kari Bazgasht,https://www.youtube.com/watch?v=Q0Tsc4yusls
به جهنم باور داری؟ - سریال حیثیت گمشده,https://www.youtube.com/watch?v=HMwuUPyDAF8
چطوری میخواستی نجاتش بدی؟ #shorts,https://www.youtube.com/watch?v=ou_jz6CYTfI
سریال مگه تموم عمر چند تا بهاره - تیزر قسمت 10 | Mage Tamoome Omr Chand Ta Bahare Series,https://www.youtube.com/watch?v=zCziCfGswP0
سریال زخم کاری - آنچه گذشت قسمت 10 | Zakhm Kari Series - Teaser,https://www.youtube.com/watch?v=51jFhE-waRg
استاد بزرگ شطرنج ایشونن - سریال مگه تموم عمر چند تا بهاره,https://www.youtube.com/watch?v=lJ4uFaQPFPs
من عاشق گاوام #shorts,https://www.youtube.com/watch?v=9Ea-UiIY-3o
با ناخدا باش تا برنده شی - سریال صداتو - فصل 1,https://www.youtube.com/watch?v=LGp80V4Pe8o
بندتون در نره #shorts,https://www.youtube.com/watch?v=sixm93F5nPE
آرزوی محمد بحرانی #shorts,https://www.youtube.com/watch?v=AjcQf8EnDdM
میری همه لبنیات از بدنت خارج میشه - سریال مهمونی - فصل 2,https://www.youtube.com/watch?v=kO4_swY-sQQ
بند عینک ویژه محمد بحرانی - سریال مهمونی - فصل 2,https://www.youtube.com/watch?v=xGu0kfK2po0
مهمون شیرازی ویژه در خانه آقای طهماسب - سریال مهمونی - فصل 2,https://www.youtube.com/watch?v=kcm3_0cjk-w
سریال صداتو - فصل 1 - تیزر قسمت 11 | Sedato Series - Season 1 - Teaser Episode 11,https://www.youtube.com/watch?v=HQo90xFeQBM
چجوری می تونم ادعا کنم طرف توام وقتی یه کاری انجام میدم که خلاف میل توعه؟#shorts,https://www.youtube.com/watch?v=XSE253-65Ck
سریال نهنگ آبی - قسمت 28 | Nahange Abi Series - Episode 28,https://www.youtube.com/watch?v=2dgknyxGhS0
سریال تی ان تی - قسمت 14 | TNT Series - Episode 14,https://www.youtube.com/watch?v=ktXJpNWDbv0
سریال زخم کاری - آنچه گذشت قسمت 9 | Zakhm Kari Series - Teaser,https://www.youtube.com/watch?v=DRcQlQIgHEk
اگه ببری باید بهمون بندری بدی - سریال تی ان تی,https://www.youtube.com/watch?v=Br6aSYKj4g4
بکشمش پایین #shorts,https://www.youtube.com/watch?v=EM5Z44XhNVY
سریال تی ان تی -  تیزر قسمت 19 |  TNT Series - Teaser Episode 19,https://www.youtube.com/watch?v=Ln-E46WLpmc
شخصیت خودتون رو بروز دهید - سریال شبهای مافیا زودیاک,https://www.youtube.com/watch?v=lbqpOmWA1JE
کم نور دوست داریم #shorts,https://www.youtube.com/watch?v=DUx7GT1d9to
سریال شبهای مافیا زودیاک - فصل 1 - تیزر قسمت 4 | Shabhaye Mafia Zodiac - Season 1 - Episode 4,https://www.youtube.com/watch?v=-Fa14XYFX_w
سریال زخم کاری - آنچه گذشت قسمت 8 | Zakhm Kari Series - Teaser,https://www.youtube.com/watch?v=hBLhzxu637U
سریال پیکولو - تیزر قسمت 8 | Pikolo Series - Teaser Episode 8,https://www.youtube.com/watch?v=EXOHkuphY44
سریال زخم کاری بازگشت - تیزینگ | Zakhm Kari Bazgasht Series,https://www.youtube.com/watch?v=mh2y6JOGFoQ
سریال زخم کاری بازگشت - تیزر بازگشت کامبیز دیرباز | Zakhm Kari Bazgasht Series - Teaser,https://www.youtube.com/watch?v=9yboHHYw8VI
سریال حیثیت گمشده - تیزر قسمت 7 | Heysiate Gomshode Series - Teaser Episode 7,https://www.youtube.com/watch?v=hMV1G9IvCYM
بدم از کار بی کارت کنن؟ - سریال حیثیت گمشده,https://www.youtube.com/watch?v=ORbwYJ59pww
نه چیزی میخوری نه چیزی میکشی #shorts,https://www.youtube.com/watch?v=OrMP8yOLLW0
سریال مگه تموم عمر چند تا بهاره - تیزر قسمت 9 | Mage Tamoome Omr Chand Ta Bahare Series,https://www.youtube.com/watch?v=e4Q4cXrj8qg
بازی متفاوت هانیه توسلی - سریال مگه تموم عمر چند تا بهاره,https://www.youtube.com/watch?v=vdNp0gtEMlg
سن یه عدده #shorts,https://www.youtube.com/watch?v=lmv7xB1ONQI
سریال زخم کاری - آنچه گذشت قسمت 7 | Zakhm Kari Series - Teaser,https://www.youtube.com/watch?v=GpBKWuTglOU
برنامه ریزی تولد #shorts,https://www.youtube.com/watch?v=sjbU3aT_Kjg
واستونک خونی در صداتو - سریال صداتو - فصل 1,https://www.youtube.com/watch?v=QoIMpNA9V8k
با کنگ فوکار مشکل دارم #shorts,https://www.youtube.com/watch?v=LirONO_hcuE
همینجوری نمیتونی کمکم کنی ؟ #shorts,https://www.youtube.com/watch?v=7rAaa6WiU4Q
یه جوری میسازمت تا آخر عمرت خراب نشی - سریال مهمونی - فصل 2,https://www.youtube.com/watch?v=l0RvfoZga-Y
دیدار دی جی و کته در کافی شاپ - سریال مهمونی - فصل 2,https://www.youtube.com/watch?v=JWi0pJRqlnc
از آقای مهندس هنرمندتر نداریم - سریال مهمونی - فصل 2,https://www.youtube.com/watch?v=WWd_APg5qYQ
نباتا رو بردارم تورو جاش بذارم #shorts,https://www.youtube.com/watch?v=nLUygnINRCQ
سریال صداتو - فصل 1 - دومین تیزر قسمت 10 | Sedato Series - Season 1 - Teaser Episode 10,https://www.youtube.com/watch?v=IygW8XJI0UM
سریال نهنگ آبی - قسمت 27 | Nahange Abi Series - Episode 27,https://www.youtube.com/watch?v=1rNCQ8H0G4o
سریال صداتو - فصل 1 - اولین تیزر قسمت 10 | Sedato Series - Season 1 - Teaser Episode 10,https://www.youtube.com/watch?v=hkefTksu4GM
سریال زخم کاری - آنچه گذشت قسمت 6 | Zakhm Kari Series - Teaser,https://www.youtube.com/watch?v=9t0oEcDrhEM
سریال نیمه شب - فصل 2 - قسمت 18 (قسمت آخر) | Nime Shab Series - Season 2 - Episode 18,https://www.youtube.com/watch?v=APAyRqpDitw
بهترین خواننده ی تاریخ ایران #shorts,https://www.youtube.com/watch?v=AurjpSvK2Ok
سریال تی ان تی -  تیزر قسمت 18 |  TNT Series - Teaser Episode 18,https://www.youtube.com/watch?v=NEfgN4karKw
می بازم تا شمارو بخندونم #shorts,https://www.youtube.com/watch?v=lIwbi_6kyeU
ضبط ماشینو دزدیدن - سریال تی ان تی,https://www.youtube.com/watch?v=2WrFf6KmqkU
سریال شبهای مافیا زودیاک - فصل 1 - قسمت 1 | Shabhaye Mafia Zodiac - Season 1 - Episode 1,https://www.youtube.com/watch?v=TvAMd-E2R80
سریال زخم کاری - آنچه گذشت قسمت 5 | Zakhm Kari Series - Teaser,https://www.youtube.com/watch?v=On_GivZmNzA
شوکه شدن مهران غفوریان - سریال شبهای مافیا زودیاک,https://www.youtube.com/watch?v=OtTUfwj-TFQ
سریال پیکولو - تیزر قسمت 7 | Pikolo Series - Teaser Episode 7,https://www.youtube.com/watch?v=AQhzq-kjqvc
آموزش دوست یا دشمن یابی #shorts,https://www.youtube.com/watch?v=vbMdDXbb8nE
سریال شبهای مافیا زودیاک - فصل 1 - تیزر قسمت 3 | Shabhaye Mafia Zodiac - Season 1 - Episode 3,https://www.youtube.com/watch?v=5pisPLOGzes
سریال شبهای مافیا زودیاک - معرفی مهمانان قسمت 3 - جواد خیابانی | Shabhaye Mafia Zodiac,https://www.youtube.com/watch?v=knsvNWejWfg
سریال رهایم کن - قسمت 1 | Rahayam Kon Series - Episode 1,https://www.youtube.com/watch?v=z0kVfqv2D4Q
زخم کاری - بازگشت #shorts,https://www.youtube.com/watch?v=ntDBQDr13kU
سریال زخم کاری - آنچه گذشت قسمت 4 | Zakhm Kari Series - Teaser,https://www.youtube.com/watch?v=8Yu9tw5mhlE
باید از همه بازجویی کنم - سریال پیکولو,https://www.youtube.com/watch?v=pafcxGnFpu0
زخم کاری - بازگشت مرتضی امینی تبار #shorts,https://www.youtube.com/watch?v=6oMDHs-zLdg
شاید با دزد همدستی #shorts,https://www.youtube.com/watch?v=oymms4rZdUM
سریال حیثیت گمشده - تیزر قسمت 6 | Heysiate Gomshode Series - Teaser Episode 6,https://www.youtube.com/watch?v=vVsJuzr5L00
فیلمای لحظه های عاشقونه مون رو پخش می کنم#shorts,https://www.youtube.com/watch?v=aSosyLHwP_w
خودت رو به کشتن میدی#shorts,https://www.youtube.com/watch?v=EbxCWDLIWxU
چرا حال منو نمیفهمی؟ - سریال حیثیت گمشده,https://www.youtube.com/watch?v=peGTjSfS0IY
دو نفری عاشق یه نفر شدن - سریال مگه تموم عمر چند تا بهاره,https://www.youtube.com/watch?v=F8NRxuO3R68
آخرش چی میشه؟ #shorts,https://www.youtube.com/watch?v=AlwXmd-efU0
سریال زخم کاری - آنچه گذشت قسمت 3 | Zakhm Kari Series - Teaser,https://www.youtube.com/watch?v=_c4YaRNDxiQ
تاب و توان ای صنم ای صنم - سریال مهمونی - فصل 2,https://www.youtube.com/watch?v=lo6eQTlS6B8
اسب تو گل منو خورده - سریال مهمونی - فصل 2,https://www.youtube.com/watch?v=EyJTRmcfLn0
تقلید صدای زندوکیلی از صدای پشه - سریال مهمونی - فصل 2,https://www.youtube.com/watch?v=LeGQ5NxUk8g
همینو پایین بخون #shorts,https://www.youtube.com/watch?v=Y9VOYXiHT2Q
ما میدونیم بابات کیه #shorts,https://www.youtube.com/watch?v=voZ07pXh_Oo
سریال صداتو - فصل 1 - تیزر قسمت 9 | Sedato Series - Season 1 - Teaser Episode 9,https://www.youtube.com/watch?v=nbAya2jlz7A
روز جهانی فلافل - سریال صداتو - فصل 1,https://www.youtube.com/watch?v=bKYLyflhp_Q
بندری خوندن محسن شریفیان #shorts,https://www.youtube.com/watch?v=JIcroZZLtMQ
سریال نهنگ آبی - قسمت 26 | Nahange Abi Series - Episode 26,https://www.youtube.com/watch?v=_dlktSD43FY
چه غلطی کردی #shorts,https://www.youtube.com/watch?v=ACXaapfR1kg
اون ازم متنفره#shorts,https://www.youtube.com/watch?v=o4yMtwSUreg
فیلم سینمایی بی صدا حلزون - تیزر | Bi Seda Halazoon Movie - Teaser,https://www.youtube.com/watch?v=i0LvAuqv3n4
سریال نیمه شب - فصل 2 - قسمت 17 | Nime Shab Series - Season 2 - Episode 17,https://www.youtube.com/watch?v=Ir_UqAMiqGo
قیمت دلار و ختنه سرون#shorts,https://www.youtube.com/watch?v=fcc7VqXSYWo
روش جدید شماره گرفتن#shorts,https://www.youtube.com/watch?v=wB8jE1yxFqs
هنرمند باهوش در تی ان تی - سریال تی ان تی,https://www.youtube.com/watch?v=fGKz211bzXo
کی سوال ها رو لو داد آخه؟ #shorst,https://www.youtube.com/watch?v=wXIOK2nZIpw
سریال تی ان تی -  تیزر قسمت 17 |  TNT Series - Teaser Episode 17,https://www.youtube.com/watch?v=5SWizeHjb5w
سریال زخم کاری - آنچه گذشت قسمت 2 | Zakhm Kari Series - Teaser,https://www.youtube.com/watch?v=R1I46QKY0mE
بازی جنگش قشنگه#shorts,https://www.youtube.com/watch?v=NAjNIUcSOyw
تو نبات شهری - سریال شبهای مافیا زودیاک,https://www.youtube.com/watch?v=MzzMK7KbqqA
سریال شبهای مافیا زودیاک - فصل 1 - تیزر قسمت 2 | Shabhaye Mafia Zodiac - Season 1 - Episode 2,https://www.youtube.com/watch?v=XrmzIgHzNq0
سریال زخم کاری - آنچه گذشت قسمت 1 | Zakhm Kari Series - Teaser,https://www.youtube.com/watch?v=i0CyY2xN77A
سریال پیکولو - تیزر قسمت 6 | Pikolo Series - Teaser Episode 6,https://www.youtube.com/watch?v=cs6YImu8lJ8
اینم شد سوغاتی؟ - سریال پیکولو,https://www.youtube.com/watch?v=RTgJ3oK9dVo
زخم کاری - بازگشت سید جواد هاشمی #shorts,https://www.youtube.com/watch?v=W0Mfr8P7-hc
زنش مرده حالش خوب نیست - سریال حیثیت گمشده,https://www.youtube.com/watch?v=gWXVhZ7miZA
از دماغت داره خون میاد#shorts,https://www.youtube.com/watch?v=WUHMIXCXwo4
سریال حیثیت گمشده - تیزر قسمت 5 | Heysiate Gomshode Series - Teaser Episode 5,https://www.youtube.com/watch?v=jvgBwivH-ag
فکر می کردم قراره تنها صحبت کنیم #shorts,https://www.youtube.com/watch?v=ouLyBe_jCi4
دیگه واقعا خداحافظ - سریال مگه تموم عمر چند تا بهاره,https://www.youtube.com/watch?v=jle20YGYHw4
می خوای مثل خفاش صبح منو بدزدی#shorts,https://www.youtube.com/watch?v=8PyfhpFTDVk
سریال مگه تموم عمر چند تا بهاره - اولین تیزر قسمت 7 | Mage Tamoome Omr Chand Ta Bahare Series,https://www.youtube.com/watch?v=amdjglw1JVk
خونه های متری - سریال صداتو - فصل 1,https://www.youtube.com/watch?v=Jzp6YpQLblw
یاد پسر خودش افتاد #shorts,https://www.youtube.com/watch?v=_wE2CNop3KM
ایتالیایی حرف زدن آقای مجری - سریال مهمونی - فصل 2,https://www.youtube.com/watch?v=HMWLnILiAwE
لبخند مونالیزا چیه؟ - سریال مهمونی - فصل 2,https://www.youtube.com/watch?v=8Vcndlc8c4k
این اسمش حسادت نیست خانم - سریال مهمونی - فصل 2,https://www.youtube.com/watch?v=UcSJT5LEeD8
پول داری تو دست و بالت؟ #shorts,https://www.youtube.com/watch?v=ezMgFrhrxtE
سریال صداتو - فصل 1 - تیزر قسمت 8 | Sedato Series - Season 1 - Teaser Episode 8,https://www.youtube.com/watch?v=M8xO8s2xMRg
سریال نهنگ آبی - قسمت 25 | Nahange Abi Series - Episode 25,https://www.youtube.com/watch?v=wlhQH6VGBVA
TELEVIKA Membership | توضیحات ممبر شیپ,https://www.youtube.com/watch?v=xj9qE8UlbZE
عشق استاد پیر به دختر جوان#shorts,https://www.youtube.com/watch?v=N4ZqGXtH4mg
سریال نیمه شب - فصل 2 - قسمت 16 | Nime Shab Series - Season 2 - Episode 16,https://www.youtube.com/watch?v=sNYbnH-fkgw
بزن دکمه ی ممتنع#shorts,https://www.youtube.com/watch?v=XX189quG7_k
خدارو شکر دوستم نداشت - سریال تی ان تی,https://www.youtube.com/watch?v=hHke5u0-7Jg
منو حفظ کنید تا شهرتون تاریک نشه - سریال شبهای مافیا زودیاک,https://www.youtube.com/watch?v=8w71xJmhVVg
واسه تولدش شوتش کردن #shorts,https://www.youtube.com/watch?v=662stwqUGqM
سریال شبهای مافیا زودیاک - فصل 1 - دومین تیزر قسمت 1 | Shabhaye Mafia Zodiac - Season 1 - Episode 1,https://www.youtube.com/watch?v=-yuvBTu89k4
گرما اصلا رو من اثری نداره - سریال پیکولو,https://www.youtube.com/watch?v=4yDGVk0TUH8
تو را از بین خوبان برگزیدم#shorts,https://www.youtube.com/watch?v=fkYElCvdhZQ
سریال تی ان تی - دومین تیزر قسمت 16 | TNT Series - Teaser Episode 16,https://www.youtube.com/watch?v=t6l6gSFU5Uc
سریال تی ان تی - اولین تیزر قسمت 16 | TNT Series - Teaser Episode 16,https://www.youtube.com/watch?v=NICBWWbNuu4
زخم کاری بازگشت - الهه حصاری#shorts,https://www.youtube.com/watch?v=caZ9jVDQLx4
تو چی میگی این وسط؟ ابر مال خودمه#shorts,https://www.youtube.com/watch?v=5fS0HhsS2EM
سریال پیکولو - تیزر قسمت 5 | Pikolo Series - Teaser Episode 5,https://www.youtube.com/watch?v=3OCjYbDG5Ok
سریال شبهای مافیا زودیاک - فصل 1 - اولین تیزر قسمت 1 | Shabhaye Mafia Zodiac - Season 1 - Episode 1,https://www.youtube.com/watch?v=ksXRdG-IbGg
احیانا اگر من به خودم فحش بدم که به شما بر نمیخوره#shorts,https://www.youtube.com/watch?v=ZRMXCQPwg88
پول منو بده داداش، منم هر چی بدونم می ذارم کف دستت - سریال حیثیت گمشده,https://www.youtube.com/watch?v=E4-eanftbFY
سریال حیثیت گمشده - تیزر قسمت 4 | Heysiate Gomshode Series - Teaser Episode 4,https://www.youtube.com/watch?v=pB7y0RdQgJ8
سیروان خسروی منو از نزدیک دیده - سریال مگه تموم عمر چند تا بهاره,https://www.youtube.com/watch?v=rW6igRCduso
دیشب شما تو حفره نبودین؟#shorts,https://www.youtube.com/watch?v=_7mJlWAgMQQ
سریال مگه تموم عمر چند تا بهاره - دومین تیزر قسمت 6 | Mage Tamoome Omr Chand Ta Bahare Series,https://www.youtube.com/watch?v=S-DHXgYi9gY
میکروفن تو کله ت گیر کرده #shorts,https://www.youtube.com/watch?v=w_FHRtSWVOs
به عشق در نگاه دوم اعتقاد دارم - سریال مهمونی - فصل 2,https://www.youtube.com/watch?v=8uCS8G7VlEc
فن پای بی جوراب خوردم - سریال مهمونی - فصل 2,https://www.youtube.com/watch?v=7Szo6X6pEBs
پیتزا همه رو خراب می کنه - سریال مهمونی - فصل 2,https://www.youtube.com/watch?v=YWJ-YEJ1hHI
چرا شماره تلفنت تاریخ تولد منه؟ #shorts,https://www.youtube.com/watch?v=MRGrV51nRIU
سریال نهنگ آبی - قسمت 24 | Nahange Abi Series - Episode 24,https://www.youtube.com/watch?v=fnhLjRa2JQw
سریال مگه تموم عمر چند تا بهاره - اولین تیزر قسمت 6 | Mage Tamoome Omr Chand Ta Bahare Series,https://www.youtube.com/watch?v=JOui3qjEYZc
سریال شبهای مافیا زودیاک - فصل 1 - تیزر | Shabhaye Mafia Zodiac - Season 1,https://www.youtube.com/watch?v=b5s9yy_BAOw
فیلم سینمایی دسته دختران - دومین تیزر | Dasteh Dokhtaran Movie - Teaser,https://www.youtube.com/watch?v=VoJkCKRQrfw
سریال نیمه شب - فصل 2 - قسمت 15 | Nime Shab Series - Season 2 - Episode 15,https://www.youtube.com/watch?v=u-SMZx-fCFo
ارتباط پروستات با لهجه#shorts,https://www.youtube.com/watch?v=9X5Kfm1D6aY
سریال حیثیت گمشده - قسمت 1 | Heysiate Gomshode Series - Episode 1,https://www.youtube.com/watch?v=Dfmmj76III4
جنس خوبو رو هوا میبرن - سریال حیثیت گمشده,https://www.youtube.com/watch?v=7agfygMcccU
یعنی می خواست بمیره؟ - سریال حیثیت گمشده,https://www.youtube.com/watch?v=CVpxIA1L6eg
موتورم رو شرط می بندم#shorts,https://www.youtube.com/watch?v=_psGF27OWLE
سریال حیثیت گمشده - تیزر قسمت 3 | Heysiate Gomshode Series - Teaser Episode 3,https://www.youtube.com/watch?v=_KzTAjOQwzw
تو و همه این آدما رو با هم آتیش میزنم#shorts,https://www.youtube.com/watch?v=gKruFB-FjJ4
ممبرشیپ تلویکا #shorts,https://www.youtube.com/watch?v=zN0eJP2oCGs
سریال نهنگ آبی - قسمت 23 | Nahange Abi Series - Episode 23,https://www.youtube.com/watch?v=fMXKladUtB0
پشیمون شدمو نمی رم#shorts,https://www.youtube.com/watch?v=pQqtw6fXrc4
سریال نیمه شب - فصل 2 - قسمت 14 | Nime Shab Series - Season 2 - Episode 14,https://www.youtube.com/watch?v=bSz5Mvu_ORo
سیگار بکش ولی دروغ نگو#shorts,https://www.youtube.com/watch?v=QGMJ4NxTaEg
با این مرتیکه واستادی یه یه میخندی#shorts,https://www.youtube.com/watch?v=6uOYbB1JxLw
بچه ای که نه مادر داره نه پدر داره، نه شناسنامه داره - سریال حیثیت گمشده,https://www.youtube.com/watch?v=cqDYAL_p7f8
فقط یه مو، یه مو فاصله دارم تا خودمو تو حیاط اینجا آتیش بزنم - سریال حیثیت گمشده,https://www.youtube.com/watch?v=zPF8XTqY8zY
نه میدونی باردار بوده، نه میدونی مصرف داشته#shorts,https://www.youtube.com/watch?v=VhLjGiSlCTM
تلویکا، دنیایی از سرگرمی - بهترین سریال های فارسی را در یوتیوب تلویکا تماشا کنید @televikacom,https://www.youtube.com/watch?v=6Hzk-XTdfP8
Televika membership is available now! @televikacom,https://www.youtube.com/watch?v=NQcEahJZbuI
سریال حیثیت گمشده - تیزر قسمت 2 | Heysiate Gomshode Series - Teaser Episode 2,https://www.youtube.com/watch?v=t515swhc_qs
سریال ساخت ایران - فصل 3 - قسمت 19 | Sakhte Iran Series - Season 3 - Episode 19,https://www.youtube.com/watch?v=yCUlJ0CONTY
یه ایران رو می ندازم عقبتون#shorts,https://www.youtube.com/watch?v=PLY4AR6EyEo
معین زندی - موزیک ویدیو سریال حیثیت گمشده | Moein Zandi - Heysiate Gomshode,https://www.youtube.com/watch?v=tr4ybQbIJtA
سریال نهنگ آبی - قسمت 22 | Nahange Abi Series - Episode 22,https://www.youtube.com/watch?v=7eRfaMPJkjE
باید مسیری که رفتی، برعکس برگردی#shorts,https://www.youtube.com/watch?v=_VSCjNNyYgw
ازدواج کنیم، منم می بری خارج؟ - سریال مهمونی - فصل 2,https://www.youtube.com/watch?v=db_Kz2XpoYo
کی خاکشیر تو ماکارونی ریخته؟ - سریال مهمونی - فصل 2,https://www.youtube.com/watch?v=_K8iCxDFR7A
دعوای عروس و مادرشوهر - سریال مهمونی - فصل 2,https://www.youtube.com/watch?v=kF0ej2p0jwI
اینور خواهر و برادریم، اونور نامزد#shorts,https://www.youtube.com/watch?v=kl_MJI7GKNg
سریال نیمه شب - فصل 2 - قسمت 13 | Nime Shab Series - Season 2 - Episode 13,https://www.youtube.com/watch?v=79MJNgCkq2k
پیروز، توران و آذر#shorts,https://www.youtube.com/watch?v=-8NvXfhI0p8
تنهای بی سنگ صبور - سریال تی ان تی,https://www.youtube.com/watch?v=yoAcHoEFJNA
عمو سیروس آقای چراغی پور - سریال تی ان تی,https://www.youtube.com/watch?v=muZH2xFsT00
اون کلمه رو بگی، بقیش رو می گم#shorts,https://www.youtube.com/watch?v=HwbzB6n5efQ
سریال تی ان تی - تیزر قسمت 15 | TNT Series - Teaser Episode 15,https://www.youtube.com/watch?v=H7E2cA3uZuo
بگو واسه کدوم محلی بگم خان همون محله ام - سریال حیثیت گمشده,https://www.youtube.com/watch?v=JdWVwj2VmTw
برو زن بگیر، ده تا هم بگیر - سریال حیثیت گمشده,https://www.youtube.com/watch?v=3P2FV_bz-7E
جنس خوب رو من بهتر می فهمم یا تو#shorts,https://www.youtube.com/watch?v=jO1MPb0yNQw
سریال حیثیت گمشده - تیزر قسمت 1 | Heysiate Gomshode Series - Teaser Episode 1,https://www.youtube.com/watch?v=6vCFGsrwaKo
سریال بی گناه - قسمت 15 | Bigonah Series - Episode 15,https://www.youtube.com/watch?v=fMc5Yv-0lOc
من یکی دیگه رو دوست دارم#shorts,https://www.youtube.com/watch?v=3GUqzUfkrnA
سریال پیکولو - قسمت 1 | Pikolo Series - Episode 1,https://www.youtube.com/watch?v=GZMu8zgRBXQ
محلول جادویی رو بخورم یا نه؟#shorts,https://www.youtube.com/watch?v=iJ-2V0Sc1KU
سریال شبهای مافیا 3 - فصل 5 - قسمت 1 | Shabhaye Mafia 3 Series - Season 5 - Episode 1,https://www.youtube.com/watch?v=maYpqvJpTjg
لباس چی بپوشم؟ - سریال پیکولو,https://www.youtube.com/watch?v=BY66BO2nXt8
صداتو چرا نازک می کنی؟#shorts,https://www.youtube.com/watch?v=m0OO6-1kJnk
سریال پیکولو - تیزر قسمت 4 | Pikolo Series - Teaser Episode 4,https://www.youtube.com/watch?v=CfcNRfK-Wkk
زخم کاری بازگشت - سعید چنگیزیان#shorts,https://www.youtube.com/watch?v=digkz9gGo2c
سریال ساخت ایران - فصل 3 - قسمت 18 | Sakhte Iran Series - Season 3 - Episode 18,https://www.youtube.com/watch?v=9wVzRkYcxLM
حیف نقاشی رو دنبال نکردم#shorts,https://www.youtube.com/watch?v=tQ6r5W0P_rM
اینجا جهان سوراخ های توئه - سریال مگه تموم عمر چند تا بهاره,https://www.youtube.com/watch?v=1yaN5S9bnbg
قرص آبی یا قرمز#shorts,https://www.youtube.com/watch?v=hxGKyTXpC-M
سریال مگه تموم عمر چند تا بهاره - دومین تیزر قسمت 5 | Mage Tamoome Omr Chand Ta Bahare Series,https://www.youtube.com/watch?v=u4PLsoWYf8A
سلام دوس نداری، خداحافظ دوس داری؟ - سریال مهمونی - فصل 2,https://www.youtube.com/watch?v=qqntnZsWqZk
می خواد گولمون بزنه - سریال صداتو - فصل 1,https://www.youtube.com/watch?v=QoXHPC6tVhg
همه رو شکار کرده - سریال صداتو - فصل 1,https://www.youtube.com/watch?v=Ty-Zo19Ieko
اگه مطمئن نیستی، چرا حرف می زنی؟#shorts,https://www.youtube.com/watch?v=R8nl-tHFS5w
زندگی بدون عشق مثل ... - سریال مهمونی - فصل 2,https://www.youtube.com/watch?v=VLuvepJhlak
شعور داشتی دوتا گل می گرفتی - سریال مهمونی - فصل 2,https://www.youtube.com/watch?v=8PTR0DDu3Uk
این بوی شماست#shorts,https://www.youtube.com/watch?v=vIzcUDkFhpk
سریال نهنگ آبی - قسمت 21 | Nahange Abi Series - Episode 21,https://www.youtube.com/watch?v=JWLQrB9jQpM
می خوان بندازنمون به جون همدیگه#shorts,https://www.youtube.com/watch?v=3y2qr0y40Ok
سریال صداتو - فصل 1 - دومین تیزر قسمت 7 | Sedato Series - Season 1 - Teaser Episode 7,https://www.youtube.com/watch?v=TeUj8wP94Qk
سریال مگه تموم عمر چند تا بهاره - اولین تیزر قسمت 5 | Mage Tamoome Omr Chand Ta Bahare Series,https://www.youtube.com/watch?v=pkFetGcVgAU
سریال نیمه شب - فصل 2 - قسمت 12 | Nime Shab Series - Season 2 - Episode 12,https://www.youtube.com/watch?v=dRGcfnePHss
گوسفند پاشی#shorts,https://www.youtube.com/watch?v=XyKOI43jKlQ
سریال صداتو - فصل 1 - اولین تیزر قسمت 7 | Sedato Series - Season 1 - Teaser Episode 7,https://www.youtube.com/watch?v=LGEz4a_gddI
کامران نباید خیس بشی - سریال تی ان تی,https://www.youtube.com/watch?v=LN85Bxo3nnw
فوبیا کشش دارم - سریال تی ان تی,https://www.youtube.com/watch?v=mbh3eQg6Jgw
دسته خراب شد#shorts,https://www.youtube.com/watch?v=K21CCKhcy6w
سریال تی ان تی - تیزر قسمت 14 | TNT Series - Teaser Episode 14,https://www.youtube.com/watch?v=ggHPomR7jr8
سریال شبهای مافیا 3 - فصل 4 - قسمت 3 | Shabhaye Mafia 3 Series - Season 4 - Episode 3,https://www.youtube.com/watch?v=FRWAPl4xHos
تک تیراندازهای ترکیه میزننت - سریال نیوکمپ,https://www.youtube.com/watch?v=v1glksO8YqE
آخرین تست بازیگری - سریال نیوکمپ,https://www.youtube.com/watch?v=3xuvnygE8-s
به هاچ رفتن دیگه تموم شد#shorts,https://www.youtube.com/watch?v=NeneSjvpeXo
سریال حیثیت گمشده - تیزر | Heysiate Gomshode Series - Teaser,https://www.youtube.com/watch?v=jJDSVjc3kVQ
سریال بی گناه - قسمت 14 | Bigonah Series - Episode 14,https://www.youtube.com/watch?v=ejQwOVzSOBw
سریال نیوکمپ - تیزر قسمت 10 | Camp Nou Series - Teaser Episode 10,https://www.youtube.com/watch?v=Pp4nytAcrHQ
زندگیشو خراب کردی#shorts,https://www.youtube.com/watch?v=Er_q2OiYjZ4
زخم کاری بازگشت - مهران غفوریان#shorts,https://www.youtube.com/watch?v=9jRILnfaKds
سریال پیکولو - تیزر قسمت 3 | Pikolo Series - Teaser Episode 3,https://www.youtube.com/watch?v=aqoz001vC-8
هر لحظه ممکنه پیکولو بره هوا - سریال پیکولو,https://www.youtube.com/watch?v=MkLvKDql1pk
اولین وقتمون همین الانه#shorts,https://www.youtube.com/watch?v=au5TCbqrtA8
سریال پیکولو - تیزر موزیکال قسمت 3 | Pikolo Series - Musical Teaser,https://www.youtube.com/watch?v=E_moL9Kb8Xw
سریال ساخت ایران - فصل 3 - قسمت 17 | Sakhte Iran Series - Season 3 - Episode 17,https://www.youtube.com/watch?v=KX80c4p7z7g
من بدل یکی از بره ها بودم#shorts,https://www.youtube.com/watch?v=gfV3QwMlXjM
من مار خودمو نشونتون بدم - سریال مگه تموم عمر چند تا بهاره,https://www.youtube.com/watch?v=1TAYAbXx1kg
میشه یه جای خلوت صحبت کنیم#shorts,https://www.youtube.com/watch?v=bE_04dDR8TQ
سریال مگه تموم عمر چند تا بهاره - دومین تیزر قسمت 4 | Mage Tamoome Omr Chand Ta Bahare Series,https://www.youtube.com/watch?v=auSB11SthMc
سریال پیکولو - عکس‌ موشن | Pikolo Series,https://www.youtube.com/watch?v=srH3hmEqAPk
کدوم داستان واقعیه؟ - سریال صداتو - فصل 1,https://www.youtube.com/watch?v=y6IWUwd4wVk
کدوم صدا الکیه؟ - سریال صداتو - فصل 1,https://www.youtube.com/watch?v=bR2FrlPp8wQ
چرا همیشه من اول شروع کنم؟#shorts,https://www.youtube.com/watch?v=rAb5HACJQCk
ماجرای پنیرخور شدن نوک خراب - سریال مهمونی - فصل 2,https://www.youtube.com/watch?v=xDJofD_Kacw
دختر گل فروش وارد می شود - سریال مهمونی - فصل 2,https://www.youtube.com/watch?v=bFkzlvkDF_c
من فقط بهش می گم رز هلندی - سریال مهمونی - فصل 2,https://www.youtube.com/watch?v=gp07nP2O1a0
پنیر عجب متاع خوبیه#shorts,https://www.youtube.com/watch?v=2HWcPyV-HEg
سریال صداتو - فصل 1 - تیزر قسمت 6 | Sedato Series - Season 1 - Teaser Episode 6,https://www.youtube.com/watch?v=Y7AY-p0yw-E
سریال نهنگ آبی - قسمت 20 | Nahange Abi Series - Episode 20,https://www.youtube.com/watch?v=5trcjjC_J_Y
مگه نو نقاشی درس میدی؟#shorts,https://www.youtube.com/watch?v=WwU2Yauq1mo
سریال مگه تموم عمر چند تا بهاره - اولین تیزر قسمت 4 | Mage Tamoome Omr Chand Ta Bahare Series,https://www.youtube.com/watch?v=HX8SjA4d2SE
شاخه ی درخت لوبیای سحرآمیز - سریال پیکولو,https://www.youtube.com/watch?v=3-CKGLFEnks
درخت سحرآمیز از شکمش دراومد#shorts,https://www.youtube.com/watch?v=Q_8dNV1StkU
سریال پیکولو - تیزرقسمت 2 | Pikolo Series - Teaser Episode 2,https://www.youtube.com/watch?v=kjV4y73jY1s
سریال نیمه شب - فصل 2 - قسمت 11 | Nime Shab Series - Season 2 - Episode 11,https://www.youtube.com/watch?v=_W2ROqR5kbM
مهران رجبی: من لذت می برم مردم به من توهین می کنند#shorts,https://www.youtube.com/watch?v=5lMl3XfGrpk
دو روز مانده به پخش قسمت 6 صداتو#shorts,https://www.youtube.com/watch?v=Y0ZsKeQDguM
کدوم کشور بری، آبروت میره؟#shorts,https://www.youtube.com/watch?v=HZvF24a62IQ
یادگاری دهه شصت - سریال تی ان تی,https://www.youtube.com/watch?v=rUpa_MDHtkk
اینا اومدن آب بازی - سریال تی ان تی,https://www.youtube.com/watch?v=qWrz1yjAOBs
سریال تی ان تی - تیزر قسمت 13 | TNT Series - Teaser Episode 13,https://www.youtube.com/watch?v=oKUA0TK-_P0
جزیره جادویی پیکولو #shorts,https://www.youtube.com/watch?v=zzIWR32Mpww
امن ترین بانک خاورمیانه - سریال نیوکمپ,https://www.youtube.com/watch?v=iUwJ7YbdkWQ
اشکان دژاگه نجاتشون داد - سریال نیوکمپ,https://www.youtube.com/watch?v=xjaCDSovrhY
دیگه رئیس رو گرفتین، ما رو ول کنید #shorts,https://www.youtube.com/watch?v=WVHWPFjJRbE
سریال بی گناه - قسمت 13 | Bigonah Series - Episode 13,https://www.youtube.com/watch?v=gWH3Th9FAl4
مچ گیری#shorts,https://www.youtube.com/watch?v=PcCNWEuVqM0
سریال پیکولو - تیزر موزیکال | Pikolo Series - Musical Teaser,https://www.youtube.com/watch?v=AMWXNn33uI0
سریال نیوکمپ - تیزر قسمت 9 | Camp Nou Series - Teaser Episode 9,https://www.youtube.com/watch?v=jiNQV2G27zM
معرفی شالی و پیکی #shorts,https://www.youtube.com/watch?v=kwgXXdkVbNE
این ترسو رو بردارین ببرین - سریال پیکولو,https://www.youtube.com/watch?v=gl_Rq0HSD28
موزیکال پیکولو - سریال پیکولو,https://www.youtube.com/watch?v=6JzpQgSZnuU
سریال پیکولو - 1 روز مانده به پخش | Pikolo Series - Teaser,https://www.youtube.com/watch?v=fMPyCtKyrdY
معرفی واکرو و ته غاری ها #shorts,https://www.youtube.com/watch?v=a_JVt3yok48
بازگشت سریال زخم کاری محمدحسین مهدویان #shorts,https://www.youtube.com/watch?v=g3s4QWGtT1k
سریال پیکولو هم اکنون در تلویکا #shorts,https://www.youtube.com/watch?v=RdU4tvUKYc4
سریال ساخت ایران - فصل 3 - قسمت 16 | Sakhte Iran Series - Season 3 - Episode 16,https://www.youtube.com/watch?v=6zJ0wp84MAo
برید بازی تونو کنید#shorts,https://www.youtube.com/watch?v=Mdit2eT8duo
معرفی شالی و پانچو #shorts,https://www.youtube.com/watch?v=cU9fQyBU1b8
سریال پیکولو - 2 روز مانده به پخش | Pikolo Series - Teaser,https://www.youtube.com/watch?v=feZA8oL8_hQ
تفریحی مار میگیرن - سریال مگه تموم عمر چند تا بهاره,https://www.youtube.com/watch?v=r_8AD5fxcJU
پول خیلی زیاد - سریال زیرزمین,https://www.youtube.com/watch?v=A3_S4kea6ns
دستو ول کن - سریال زیرزمین,https://www.youtube.com/watch?v=aF3oevf-MTA
مرد سیاه پوش #shorts,https://www.youtube.com/watch?v=n6v5IY-sejY
میشه با ما زندگی بکنه؟ #shorts,https://www.youtube.com/watch?v=47UCP-GnABE
سریال مگه تموم عمر چند تا بهاره - دومین تیزر قسمت 3 | Mage Tamoome Omr Chand Ta Bahare Series,https://www.youtube.com/watch?v=t3eMTBewqzk
"فیلم سینمایی چپ، راست - تیزر | Chap, Rast Movie - Teaser",https://www.youtube.com/watch?v=k-Mhm6xHJFE
پیکی و مخترع#shorts,https://www.youtube.com/watch?v=Dm8VTMuJIEc
سریال مگه تموم عمر چند تا بهاره - اولین تیزر قسمت 3 | Mage Tamoome Omr Chand Ta Bahare Series,https://www.youtube.com/watch?v=XYncXO6LZ-k
پروتئینی گیشا - سریال صداتو - فصل 1,https://www.youtube.com/watch?v=iX9veo7vwX8
انتخاب خواننده خیلی سخت شد - سریال صداتو - فصل 1,https://www.youtube.com/watch?v=LbXQIlRnmF4
سریال پیکولو - 3 روز مانده به پخش | Pikolo Series - Teaser,https://www.youtube.com/watch?v=aHfvqrl1qQI
از خونه میکروفون آورده#shorts,https://www.youtube.com/watch?v=IYTZMjgI4UA
یه اجرای دسته جمعی - سریال مهمونی - فصل 2,https://www.youtube.com/watch?v=IB46s4gAzq4
دیشب مثل هر شب - سریال مهمونی - فصل 2,https://www.youtube.com/watch?v=LUqQYJ-WEf0
کیانیان عاشق قیمه ست - سریال مهمونی - فصل 2,https://www.youtube.com/watch?v=UApRHhcHrg8
پسر کیانیان هم باشی فایده نداره#shorts,https://www.youtube.com/watch?v=XGUPRWOQjsw
سریال صداتو - فصل 1 - تیزر قسمت 5 | Sedato Series - Season 1 - Teaser Episode 5,https://www.youtube.com/watch?v=2ghsWZQxo5A
سریال نهنگ آبی - قسمت 19 | Nahange Abi Series - Episode 19,https://www.youtube.com/watch?v=rJ-H_SBL7OE
می تونی منو ببخشی؟#shorts,https://www.youtube.com/watch?v=DYD5nV-5b9g
سریال پیکولو - 4 روز مانده به پخش | Pikolo Series - Teaser,https://www.youtube.com/watch?v=ddtKFzdqg6A
جوابش چی میشه؟#shorts,https://www.youtube.com/watch?v=hpGHT3Mnq64
به عشق خودت - سریال تی ان تی,https://www.youtube.com/watch?v=GYRKnML078c
خون رو با خون شست - سریال تی ان تی,https://www.youtube.com/watch?v=E54OFpwmVew
سریال تی ان تی - تیزر قسمت 12 | TNT Series - Teaser Episode 12,https://www.youtube.com/watch?v=OHqQWfLqS6k
سریال نیمه شب - فصل 2 - قسمت 10 | Nime Shab Series - Season 2 - Episode 10,https://www.youtube.com/watch?v=AaW7ja94Jn8
پیکولو#shorts,https://www.youtube.com/watch?v=EuEW4t_BB_8
استایل عجیب مدیرعامل ایران خودرو#shorts,https://www.youtube.com/watch?v=zmkrwJsM4PU
سریال پیکولو - 5 روز مانده به پخش | Pikolo Series - Teaser,https://www.youtube.com/watch?v=Ah_Y5bDGmwo
سریال پیکولو - 6 روز مانده به پخش | Pikolo Series - Teaser,https://www.youtube.com/watch?v=WB3vsAOb1s0
سریال پیکولو - تیزر | Pikolo Series - Teaser,https://www.youtube.com/watch?v=YOm7EgUy60E
تیزر بازگشت - سریال زخم کاری,https://www.youtube.com/watch?v=EwgQi43ftXg
آرژانتین حمله میکنه - سریال نیوکمپ,https://www.youtube.com/watch?v=ZJ9RP8Ht_rI
مسی پلیز بیشتر بریز - سریال نیوکمپ,https://www.youtube.com/watch?v=rwM9pZ9V2JQ
سریال نیوکمپ - تیزر قسمت 8 | Camp Nou Series - Teaser Episode 8,https://www.youtube.com/watch?v=X7x7opN0AFM
زخم کاری بازگشت#shorts,https://www.youtube.com/watch?v=L0BjtzAh78g
خداروشکر پول داشت#shorts,https://www.youtube.com/watch?v=hAwWYDGy4-g
سریال بی گناه - قسمت 12 | Bigonah Series - Episode 12,https://www.youtube.com/watch?v=NVUWQjn_Zf8
چه شبی شد امشب#shorts,https://www.youtube.com/watch?v=ZBivT4iOpEY
سریال زخم کاری - قسمت 1 | Zakhm Kari Series - Episode 1,https://www.youtube.com/watch?v=98-FT97cjfw
باید تحمل کنی#shorts,https://www.youtube.com/watch?v=4_NbxxYACiA
سریال ساخت ایران - فصل 3 - قسمت 15 | Sakhte Iran Series - Season 3 - Episode 15,https://www.youtube.com/watch?v=ihnuIWHOPCU
نام نیک یک هنرمند رو به سخره نگیرید#shorts,https://www.youtube.com/watch?v=FPzcf6F79sU
غمبارترین شب زندگی - سریال مگه تموم عمر چند تا بهاره,https://www.youtube.com/watch?v=tHEuJMypARY
لاتین رو پشت گوش ننداز#shorts,https://www.youtube.com/watch?v=1NX1q1j8hoQ
سریال مگه تموم عمر چند تا بهاره - دومین تیزر قسمت 2 | Mage Tamoome Omr Chand Ta Bahare Series,https://www.youtube.com/watch?v=SSZgD3wllXk
فیلم سینمایی دسته دختران - اولین تیزر | Dasteh Dokhtaran Movie - Teaser,https://www.youtube.com/watch?v=7iZSoRIsUMc
سریال نارگیل - قسمت 15 (قسمت آخر) | Nargil Series - Episode 15,https://www.youtube.com/watch?v=_WFSZYaqBRs
...یا امضا می کنید یا#shorts,https://www.youtube.com/watch?v=nEDGRlKn1qw
طوطی ناخدا کجاست - سریال صداتو - فصل 1,https://www.youtube.com/watch?v=o8hFPQAreGY
سریال مگه تموم عمر چند تا بهاره - اولین تیزر قسمت 2 | Mage Tamoome Omr Chand Ta Bahare Series,https://www.youtube.com/watch?v=n5VlLxsroho
به همه زبان ها می تونه بخونه#shorts,https://www.youtube.com/watch?v=FyQHquPe7Wc
الان گوسفندها سلبریتی شدن - سریال صداتو - فصل 1,https://www.youtube.com/watch?v=Tenvr8JVYt8
اعتراف اجباری#shorts,https://www.youtube.com/watch?v=OAKkCB9Vtd4
شاباشیوس در مقابل دیجیوس - سریال مهمونی - فصل 2,https://www.youtube.com/watch?v=owem35uYGd4
پنیر دزد کتلت دزد شد - سریال مهمونی - فصل 2,https://www.youtube.com/watch?v=J2jfrsQ66vI
کتلت پز رو زدم - سریال مهمونی - فصل 2,https://www.youtube.com/watch?v=m4pKtr8PWes
سریال صداتو - فصل 1 - تیزر قسمت 4 | Sedato Series - Season 1 - Teaser Episode 4,https://www.youtube.com/watch?v=o8119IybYgc
سریال نهنگ آبی - قسمت 18 | Nahange Abi Series - Episode 18,https://www.youtube.com/watch?v=NQorZoLITnY
چرا باید گندهای گذشته رو هم بزنیم#shorts,https://www.youtube.com/watch?v=QH5IjNaSnYA
سریال تی ان تی - تیزر قسمت 11 | TNT Series - Teaser Episode 11,https://www.youtube.com/watch?v=PZ2INRDaWc8
پینیکو پاتیکو یا خدمات ناخن#shorts,https://www.youtube.com/watch?v=qzj8n8Sa434
حنجره شو بیمه کرده؟ - سریال تی ان تی,https://www.youtube.com/watch?v=cNRjbHZeXDs
اتاق فرمان رحم کن - سریال تی ان تی,https://www.youtube.com/watch?v=3gV66ITW5lc
سریال نیمه شب - فصل 2 - قسمت 9 | Nime Shab Series - Season 2 - Episode 9,https://www.youtube.com/watch?v=wkrS9Rr392s
فرار مالیاتی ترامپ#shorts,https://www.youtube.com/watch?v=U8FnkmgjpQw
از آغوش قانون به آغوش خانواده - سریال نیوکمپ,https://www.youtube.com/watch?v=iFlzV-WSMGY
ما واسه ناموس آدم میکشیم - سریال نیوکمپ,https://www.youtube.com/watch?v=4RZpMhKhgYA
اهرم فشار من مهریه ست#shorts,https://www.youtube.com/watch?v=x3a-L7sdptI
سریال بی گناه - قسمت 11 | Bigonah Series - Episode 11,https://www.youtube.com/watch?v=IpzUR77Paig
من دوست معمولی نمی خوام، بهت علاقه دارم#shorts,https://www.youtube.com/watch?v=J6m1LeiDsao
فیلم سینمایی جزیره فضایی - تیزر | Jazireye Fazayi Movie - Teaser,https://www.youtube.com/watch?v=ACMwJs4JuBw
سریال مگه تموم عمر چند تا بهاره - تیزر قسمت 1 | Mage Tamoome Omr Chand Ta Bahare Series - Teaser 1,https://www.youtube.com/watch?v=3k6D9XEq4d0
سریال ساخت ایران - فصل 3 - قسمت 14 | Sakhte Iran Series - Season 3 - Episode 14,https://www.youtube.com/watch?v=rt5IhSViysU
غلام... آقام...#shorts,https://www.youtube.com/watch?v=iYV8Uo4jl4E
مصداق بارز بی شعوری - سریال مگه تموم عمر چند تا بهاره,https://www.youtube.com/watch?v=5nLzVm3azXY
یعتی تصمیمتو گرفتی - سریال صداتو - فصل 1,https://www.youtube.com/watch?v=k4Tiwt1LrWI
سریال مگه تموم عمر چندتا بهاره؟#shorts,https://www.youtube.com/watch?v=2Mx7S1vQxJ8
چرا شلوغش می کنی؟#shorts,https://www.youtube.com/watch?v=CVpiNSJ8AZQ
سریال نارگیل - قسمت 14 | Nargil Series - Episode 14,https://www.youtube.com/watch?v=DKsfoxY5upQ
بالاخره یه بار به درد خوردی#shorts,https://www.youtube.com/watch?v=GhpC9n-B-ig
سریال صداتو - فصل 1 - قسمت 1 | Sedato Series - Season 1 - Episode 1,https://www.youtube.com/watch?v=SBl_EfO2zx8
بد قاطی کرد#shorts,https://www.youtube.com/watch?v=nT1BIZ4U_2M
کی خواننده نیست؟ - سریال صداتو - فصل 1,https://www.youtube.com/watch?v=56_-9YroqJQ
شی شی... شیشه رو شکست - سریال مهمونی - فصل 2,https://www.youtube.com/watch?v=xd3mg2qzEHk
شیطون بلایی - سریال مهمونی - فصل 2,https://www.youtube.com/watch?v=s82dP0PnYs4
کام گرفتن نوک خراب - سریال مهمونی - فصل 2,https://www.youtube.com/watch?v=hYhEJ2og8Po
سریال صداتو - فصل 1 - تیزر قسمت 3 | Sedato Series - Season 1 - Teaser Episode 3,https://www.youtube.com/watch?v=NnM_Z3MHeLk
دکلره کرده، باید پماد زینک بزنه#shorts,https://www.youtube.com/watch?v=rknp7eHGYAE
سریال نهنگ آبی - قسمت 17 | Nahange Abi Series - Episode 17,https://www.youtube.com/watch?v=sNkwUmqhOcc
ازشون مثل سگ می ترسم#shorts,https://www.youtube.com/watch?v=Q0tw2no-b3E
سریال مگه تموم عمر چند تا بهاره - تیزر | Mage Tamoome Omr Chand Ta Bahare Series - Teaser,https://www.youtube.com/watch?v=sQ-BUo0OcGc
از دیوی در اومد#shorts,https://www.youtube.com/watch?v=C2OKZ1wCLqI
سریال دیو و ماه پیشونی - تیزر قسمت 15 | Div o Mah Pishooni Series - Teaser Episode 15,https://www.youtube.com/watch?v=UWTv5d66R-U
سریال نیمه شب - فصل 2 - قسمت 8 | Nime Shab Series - Season 2 - Episode 8,https://www.youtube.com/watch?v=-uSg6uP08LI
وسط جلسه ورق بازی می کنن#shorts,https://www.youtube.com/watch?v=3SjwfwBSUZQ
شرکت کننده خیسش قشنگه#shorts,https://www.youtube.com/watch?v=fwr6gLdJ-Y4
عزیز دلم بزنم - سریال تی ان تی,https://www.youtube.com/watch?v=GZJMlDFEvlM
آب نیست، آتیشه! - سریال تی ان تی,https://www.youtube.com/watch?v=s6JCX19X2AI
سریال تی ان تی - تیزر قسمت 10 | TNT Series - Teaser Episode 10,https://www.youtube.com/watch?v=s_gd6XIsf_g
فن آبجی تم#shorts,https://www.youtube.com/watch?v=7wCvawjIcpY
خیلی دوست داشتم - سریال نیوکمپ,https://www.youtube.com/watch?v=RvjSPUmxDws
تست بازیگری عجیب - سریال نیوکمپ,https://www.youtube.com/watch?v=XXnNUi5npJY
سریال نیوکمپ - تیزر قسمت 6 | Camp Nou Series - Teaser Episode 6,https://www.youtube.com/watch?v=jvfMMxHbQyI
سریال بی گناه - قسمت 10 | Bigonah Series - Episode 10,https://www.youtube.com/watch?v=PCbrjzrXakE
عمو بهمن؟#shorts,https://www.youtube.com/watch?v=wDaRdQ80rgI
خیلی سخته - سریال صداتو - فصل 1,https://www.youtube.com/watch?v=tQDBk_bQheE
فیلم سینمایی بی صدا حلزون - تیزر | Bi Seda Halazoon Movie - Teaser,https://www.youtube.com/watch?v=eixNbdq8OL4
سریال ساخت ایران - فصل 3 - قسمت 13 | Sakhte Iran Series - Season 3 - Episode 13,https://www.youtube.com/watch?v=aROExdblhW4
سیر شدی؟ یا پیاز؟#shorts,https://www.youtube.com/watch?v=RG8e-ddid88
سریال نارگیل - قسمت 13 | Nargil Series - Episode 13,https://www.youtube.com/watch?v=a8IpU9W0HOA
جون ایران دست توعه#shorts,https://www.youtube.com/watch?v=C8V-_1pzbmc
اهل روابط خصوصیه#shorts,https://www.youtube.com/watch?v=BY4XMrS_beo
میکروفن هم داریم - سریال صداتو - فصل 1,https://www.youtube.com/watch?v=efaBEztC63w
مهمون نداریم - سریال مهمونی - فصل 2,https://www.youtube.com/watch?v=JgMqB6XHqJQ
روح دو شغله - سریال مهمونی - فصل 2,https://www.youtube.com/watch?v=QGmjRIm-4G8
چهارشونه نه، پونزده شونه - سریال مهمونی - فصل 2,https://www.youtube.com/watch?v=alx00eM5im4
آمیتاب باچان#shorts,https://www.youtube.com/watch?v=ue74vbZ_Ov0
سریال صداتو - فصل 1 - تیزر قسمت 2 | Sedato Series - Season 1 - Teaser Episode 2,https://www.youtube.com/watch?v=uznJEluZ4yI
فیلم سینمایی بخارست - تیزر 2 | Bokharest Movie - Teaser 2,https://www.youtube.com/watch?v=4XFYuxDpM6g
سریال نهنگ آبی - قسمت 16 | Nahange Abi Series - Episode 16,https://www.youtube.com/watch?v=5MRJNfxACEs
برا شوهرت بپا گذاشتی؟#shorts,https://www.youtube.com/watch?v=BYPx-nfTsZs
سریال دیو و ماه پیشونی - تیزر قسمت 14 | Div o Mah Pishooni Series - Teaser Episode 14,https://www.youtube.com/watch?v=X8tzN9e8SMI
دیو دلاک#shorts,https://www.youtube.com/watch?v=sEwG7UQceNo
سریال نیمه شب - فصل 2 - قسمت 7 | Nime Shab Series - Season 2 - Episode 7,https://www.youtube.com/watch?v=ktwEqbJUzAY
کی به کی شیر میده؟#shorts,https://www.youtube.com/watch?v=kpWw0G8Xslg
سریال بی گناه - قسمت 9 | Bigonah Series - Episode 9,https://www.youtube.com/watch?v=Gr4YGVxTXOo
شب زیاده روی کردی#shorts,https://www.youtube.com/watch?v=Dh2iMLgB3w0
تو چرا همیشه یه دختر تو زندگیته - سریال نیوکمپ,https://www.youtube.com/watch?v=REgpjZXrXTc
نجات خانم اوتادی - سریال نیوکمپ,https://www.youtube.com/watch?v=q3wLDBKdPJc
سوپر من#shorts,https://www.youtube.com/watch?v=N7nj-2jFCo4
سریال نیوکمپ - تیزر قسمت 5 | Camp Nou Series - Teaser Episode 5,https://www.youtube.com/watch?v=RiT_85ytOPk
فیلم سینمایی بخارست - تیزر 1 | Bokharest Movie - Teaser 1,https://www.youtube.com/watch?v=FVZisBmjLZc
سریال ساخت ایران - فصل 3 - قسمت 12 | Sakhte Iran Series - Season 3 - Episode 12,https://www.youtube.com/watch?v=YMzrddF4OaU
اون یکی فرق می کنه#shorts,https://www.youtube.com/watch?v=SclX0wPEsNg
سریال نارگیل - قسمت 12 | Nargil Series - Episode 12,https://www.youtube.com/watch?v=X5SMwmELZd4
وروره آزاد شده#shorts,https://www.youtube.com/watch?v=CJnnLrsPMXs
گیم شو صداتو چهارشنبه ها در تلویکا#shorts,https://www.youtube.com/watch?v=lqF6_uBH-GY
تمام تلاشمو میکنم که دویست میلیون رو ببری - سریال صداتو - فصل 1,https://www.youtube.com/watch?v=i_-vws039ls
به من بخند عزیزم کنارم بمان - سریال صداتو - فصل 1,https://www.youtube.com/watch?v=2dJsL8tRACc
ما خیلی خلاقیم - سریال مهمونی - فصل 2,https://www.youtube.com/watch?v=ZElIEpnmPlM
عروس دوماد رو میخوابونن تو عسل#shorts,https://www.youtube.com/watch?v=pQPt1omkZzs
به نیش پشه حساسیت دارم - سریال مهمونی - فصل 2,https://www.youtube.com/watch?v=6oX-KZsh-ZI
بدبختی از همین جا شروع میشه - سریال مهمونی - فصل 2,https://www.youtube.com/watch?v=2PqLDMOR0SQ
سریال نهنگ آبی - قسمت 15 | Nahange Abi Series - Episode 15,https://www.youtube.com/watch?v=BBVZY-BoWA4
یا پسر خوبی هستی یا خیلی خیلی پسر بدی#shorts,https://www.youtube.com/watch?v=ZX2B0vwa6Gs
سوت که بلدی؟#shorts,https://www.youtube.com/watch?v=7T_hpqwjwm4
سریال تی ان تی - تیزر قسمت 8 | TNT Series - Teaser Episode 8,https://www.youtube.com/watch?v=lnhV1GGCydM
سریال دیو و ماه پیشونی - تیزر قسمت 13 | Div o Mah Pishooni Series - Teaser Episode 13,https://www.youtube.com/watch?v=_8d7zQ12vVM
سریال نیمه شب - فصل 2 - قسمت 6 | Nime Shab Series - Season 2 - Episode 6,https://www.youtube.com/watch?v=zif1dE3Le8s
جمع کنید این مسخره بازیا رو#shorts,https://www.youtube.com/watch?v=cmVHGN3DgYc
خاله بازی - سریال تی ان تی,https://www.youtube.com/watch?v=e5IFqf1l-Pk
سید رنگی - سریال تی ان تی,https://www.youtube.com/watch?v=R1j42PLru8A
آقای هاشمی#shorts,https://www.youtube.com/watch?v=DRUkaIZHR-U
سریال تی ان تی - تیزر قسمت 9 | TNT Series - Teaser Episode 9,https://www.youtube.com/watch?v=lSPFQCXbwM4
جنازه و ملکه#shorts,https://www.youtube.com/watch?v=vAOhYBLUaq8
به هاچ رفتیم - سریال نیوکمپ,https://www.youtube.com/watch?v=H5s2ryaO0aw
سریال نیوکمپ - سکانس برتر قسمت 4 | Camp Nou Series,https://www.youtube.com/watch?v=zpMCI1QlnQY
سریال بی گناه - قسمت 8 | Bigonah Series - Episode 8,https://www.youtube.com/watch?v=nMTRQpa0klU
نیای بیرون میام تو#shorts,https://www.youtube.com/watch?v=yg5yBCTZtIk
سریال ساخت ایران - فصل 3 - قسمت 11 | Sakhte Iran Series - Season 3 - Episode 11,https://www.youtube.com/watch?v=-jCa2X2AW6U
تاتلیس قبل از مرگ#shorts,https://www.youtube.com/watch?v=kWl8ZpC93jk
سریال نارگیل - قسمت 11 | Nargil Series - Episode 11,https://www.youtube.com/watch?v=fAgLHPce75c
معمای سخت دیو#shorts,https://www.youtube.com/watch?v=WnTiw3jcxu0
بلبلی#shorts,https://www.youtube.com/watch?v=V9eTBm2tqf0
سریال مهمونی - فصل 2 - اولین سکانس برتر قسمت 11 | Mehmoni Series - Season 2,https://www.youtube.com/watch?v=1TLW_D03tDA
سریال مهمونی - فصل 2 - دومین سکانس برتر قسمت 11 | Mehmoni Series - Season 2,https://www.youtube.com/watch?v=UuWkfNoRhb0
آهنگ فاخر بخون - سریال مهمونی - فصل 2,https://www.youtube.com/watch?v=gACHj60tLKM
سریال نهنگ آبی - قسمت 14 | Nahange Abi Series - Episode 14,https://www.youtube.com/watch?v=KPLSv-GysJ4
داستان جنایی#shorts,https://www.youtube.com/watch?v=QndONaO-Gzs
خوی دیویم نمیزنه بیرون#shorts,https://www.youtube.com/watch?v=7BVqOXpwzqI
سریال دیو و ماه پیشونی - تیزر قسمت 12 | Div o Mah Pishooni Series - Teaser Episode 12,https://www.youtube.com/watch?v=2jXTA8f3IfE
سریال نیمه شب - فصل 2 - قسمت 5 | Nime Shab Series - Season 2 - Episode 5,https://www.youtube.com/watch?v=EJQ_oet4nwE
چقدر حلال خوری تو#shorts,https://www.youtube.com/watch?v=EaCTRzxAoTY
مسابقه به فنا رفت#shorts,https://www.youtube.com/watch?v=Cqx-Ygao5rs
سریال تی ان تی - سکانس برتر قسمت 8 | TNT Series,https://www.youtube.com/watch?v=23in8j_xV9Y
خوش شانس حال بهم زن - سریال تی ان تی,https://www.youtube.com/watch?v=KdyecgM1hB4
سریال نیوکمپ - قسمت 1 | Camp Nou Series - Episode 1,https://www.youtube.com/watch?v=ED7hJf4LbaU
سریال نیوکمپ قسمت اول#shorts,https://www.youtube.com/watch?v=qmF7tWVaSj8
سریال ارتش سری - فصل 5 - تیزر قسمت 3 | Arteshe Serri Series - Season 5 - Teaser,https://www.youtube.com/watch?v=ERwmTRX7zK0
سریال ارتش سری - فصل 5 - سکانس برتر قسمت 3 | Arteshe Serri Series - Season 5,https://www.youtube.com/watch?v=ZUx3dTa22v0
منو تو خیاریم#shorts,https://www.youtube.com/watch?v=SF1-QwnKCow
تو شدی سوپراستار من افتادم رو خیارشور#shorts,https://www.youtube.com/watch?v=pARTBC7VjKA
کلمات عاشقانه بلد نیستم - سریال نیوکمپ,https://www.youtube.com/watch?v=G3hdVx_wgg0
سریال نیوکمپ - سکانس برتر قسمت 3 | Camp Nou Series,https://www.youtube.com/watch?v=-8InWgxhgcc
سریال بی گناه - قسمت 7 | Bigonah Series - Episode 7,https://www.youtube.com/watch?v=Q9cMX4aewh0
نمیخوام کاری کنی که دوست نداری#shorts,https://www.youtube.com/watch?v=6bbBCTwYdH8
سریال نیوکمپ - تیزر قسمت 3 | Camp Nou Series - Teaser Episode 3,https://www.youtube.com/watch?v=eaww_3pBHms
سریال ساخت ایران - فصل 3 - قسمت 10 | Sakhte Iran Series - Season 3 - Episode 10,https://www.youtube.com/watch?v=CczlR66kXWA
تسلیم شو بابایی#shorts,https://www.youtube.com/watch?v=M77LCjmlkv8
سریال نارگیل - قسمت 10 | Nargil Series - Episode 10,https://www.youtube.com/watch?v=L6vzDm7xOk0
نارگیل حسابشونو برس#shorts,https://www.youtube.com/watch?v=BWRiw1sbO8g
پشورخان#shorts,https://www.youtube.com/watch?v=7V8XmSiomXw
جواب مارو ندادی - سریال مهمونی - فصل 2,https://www.youtube.com/watch?v=HTQAVoHRCzM
ساز زدن علیرضا کمالی - سریال مهمونی - فصل 2,https://www.youtube.com/watch?v=sDy696SYnEM
بهترین دی جی دنیا - سریال مهمونی - فصل 2,https://www.youtube.com/watch?v=9NrqvPvDNx8
احضار روح دلخور#shorts,https://www.youtube.com/watch?v=GRdCDHjwBVY
سریال دیو و ماه پیشونی - تیزر قسمت 11 | Div o Mah Pishooni Series - Teaser Episode 11,https://www.youtube.com/watch?v=7GHLCjK-BzU
سریال نهنگ آبی - قسمت 13 | Nahange Abi Series - Episode 13,https://www.youtube.com/watch?v=BmPk1cUsqLA
میدونی داری با کی حرف میزنی#shorts,https://www.youtube.com/watch?v=f8va-PwKvNc
سریال نیمه شب - فصل 2 - قسمت 4 | Nime Shab Series - Season 2 - Episode 4,https://www.youtube.com/watch?v=FIIEgnL-mCE
کی هست المیرا دهقانی؟#shorts,https://www.youtube.com/watch?v=vtKEA1uN_YY
لوزر حرفه ای#shorts,https://www.youtube.com/watch?v=vmiyGW--Ifs
سریال تی ان تی - دومین سکانس برتر قسمت 7 | TNT Series,https://www.youtube.com/watch?v=uj2NKu0fGP8
سریال تی ان تی - اولین سکانس برتر قسمت 7 | TNT Series,https://www.youtube.com/watch?v=MLuxk86WYZw
سریال تی ان تی - تیزر قسمت 7 | TNT Series - Teaser Episode 7,https://www.youtube.com/watch?v=qOF7bhqBENY
سریال ارتش سری - فصل 5 - تیزر قسمت 2 | Arteshe Serri Series - Season 5 - Teaser,https://www.youtube.com/watch?v=hNCPbBFop5I
سریال ارتش سری - فصل 5 - سکانس برتر قسمت 2 | Arteshe Serri Series - Season 5,https://www.youtube.com/watch?v=PO0oMuGKA-M
به پدر مادر خود نیکی کنید#shorts,https://www.youtube.com/watch?v=LbvG8XRhw-s
دختر همسایمونه - سریال نیوکمپ,https://www.youtube.com/watch?v=0Sjor-YqkSs
چرخ زندگیمون داره میچرخه - سریال نیوکمپ,https://www.youtube.com/watch?v=pZPNnxFLRlY
اسکلمون کردی#shorts,https://www.youtube.com/watch?v=BKaDOS56mCM
سریال بی گناه - قسمت 6 | Bigonah Series - Episode 6,https://www.youtube.com/watch?v=WbJmKhk_vWM
به کسی نگو اومدم اینجا#shorts,https://www.youtube.com/watch?v=3koyG63szbI
شوی منتالیست - سکانس برتر قسمت 9 | Mentalist Show,https://www.youtube.com/watch?v=1pWYcxB0sqs
نخ جادویی#shorts,https://www.youtube.com/watch?v=PGiHhhuAQ9Q
سریال ساخت ایران - فصل 3 - قسمت 9 | Sakhte Iran Series - Season 3 - Episode 9,https://www.youtube.com/watch?v=AFAmckTz8Sc
بی شعوره#shorts,https://www.youtube.com/watch?v=7Yp01LAkF4A
سریال نارگیل - قسمت 9 | Nargil Series - Episode 9,https://www.youtube.com/watch?v=rPmtFhXlEm4
رپ خوندن لیوه#shorts,https://www.youtube.com/watch?v=YQw8bnawHNQ
خیر مقدم نوک خراب - سریال مهمونی - فصل 2,https://www.youtube.com/watch?v=MzT5zzA4mwY
سریال مهمونی - فصل 2 - سکانس برتر قسمت 9 | Mehmoni Series - Season 2,https://www.youtube.com/watch?v=46GU8jyDgqE
ننه دی جی و ننه شاباش - سریال مهمونی - فصل 2,https://www.youtube.com/watch?v=ZEU5a-oFQtA
ازدواج کردی طهماسب#shorts,https://www.youtube.com/watch?v=nv5LncMbEuI
سریال نهنگ آبی - قسمت 12 | Nahange Abi Series - Episode 12,https://www.youtube.com/watch?v=ZJ8S-tst5pM
مجبوری#shorts,https://www.youtube.com/watch?v=gvikSUip0CY
ده کیلو ژامبون#shorts,https://www.youtube.com/watch?v=CJ-b880aBIM
سریال نیمه شب - فصل 2 - قسمت 3 | Nime Shab Series - Season 2 - Episode 3,https://www.youtube.com/watch?v=xqhHQ7qCNek
تقلید صدای خواننده ها#shorts,https://www.youtube.com/watch?v=XiP0tRsOOSc
سریال دیو و ماه پیشونی - تیزر قسمت 10 | Div o Mah Pishooni Series - Teaser Episode 10,https://www.youtube.com/watch?v=cWBpMJ6SKnQ
مهران غفوریان خورده شد#shorts,https://www.youtube.com/watch?v=nWdOAeVprWY
خانوادگی آهنگی بودین - سریال تی ان تی,https://www.youtube.com/watch?v=JRh_84R8ZuI
قورت میده یا هضم می کنه - سریال تی ان تی,https://www.youtube.com/watch?v=Y0N2UHyzSzQ
سریال تی ان تی - تیزر قسمت 6 | TNT Series - Teaser Episode 6,https://www.youtube.com/watch?v=aFa9LWq2mac
سریال ارتش سری - فصل 5 - تیزر قسمت 1 | Arteshe Serri Series - Season 5 - Teaser,https://www.youtube.com/watch?v=HaFrOHVDdME
بازیم میشه#shorts,https://www.youtube.com/watch?v=aOrev3JC1oY
سریال نیوکمپ یکشنبه ها در تلویکا#shorts,https://www.youtube.com/watch?v=LQbX63I_FCs
سریال ارتش سری - فصل 5 - سکانس برتر قسمت 1 | Arteshe Serri Series - Season 5,https://www.youtube.com/watch?v=8iJFdWojTys
زوم کردی رو چشای لیلا اوتادی - سریال نیوکمپ,https://www.youtube.com/watch?v=goVBuJL9wFU
سریال نیوکمپ - سکانس برتر قسمت 1 | Camp Nou Series,https://www.youtube.com/watch?v=Rcpo0dMK_OY
سریال بی گناه - قسمت 5 | Bigonah Series - Episode 5,https://www.youtube.com/watch?v=gjnmILXF5ds
سر من به این روز افتاده#shorts,https://www.youtube.com/watch?v=lBQNfxQQA6U
یک روز مانده به آغاز سریال نیوکمپ#shorts,https://www.youtube.com/watch?v=ythrdKDmLGk
شوی منتالیست - سکانس برتر قسمت 8 | Mentalist Show,https://www.youtube.com/watch?v=7Oha8RD4mFg
کارت بازی#shorts,https://www.youtube.com/watch?v=DNSNzSKg6NA
سریال ساخت ایران - فصل 3 - قسمت 8 | Sakhte Iran Series - Season 3 - Episode 8,https://www.youtube.com/watch?v=c3hGtANbBvI
فیلم سینمایی خط استوا - تیزر | Khate Ostova Movie - Teaser,https://www.youtube.com/watch?v=kuXn-SOs-i4
ترکیه، قاچاق، شرط بندی، کلاه گیس#short,https://www.youtube.com/watch?v=4S-sUpKNd_Y
سریال نارگیل - قسمت 8 | Nargil Series - Episode 8,https://www.youtube.com/watch?v=hepaj7A50Zw
از ترس به خودتون میلرزین#shorts,https://www.youtube.com/watch?v=gI7amTH1E2I
دختر گاو فروش#shorts,https://www.youtube.com/watch?v=hWrBEee_KpI
سریال مهمونی - فصل 2 - سکانس برتر قسمت 8 | Mehmoni Series - Season 2,https://www.youtube.com/watch?v=pha_QJLHr2M
منو سننه؟ - سریال مهمونی - فصل 2,https://www.youtube.com/watch?v=DaDmn-IPXL4
بوقلمون پارتی - سریال مهمونی - فصل 2,https://www.youtube.com/watch?v=SEZS_lvcoWg
سریال نهنگ آبی - قسمت 11 | Nahange Abi Series - Episode 11,https://www.youtube.com/watch?v=R3cQG8U7UNs
نمی تونم بگم#shorts,https://www.youtube.com/watch?v=JviveUNMz8U
در جستجوی کیفودخان#shorts,https://www.youtube.com/watch?v=KGKqRcOF5IM
سریال دیو و ماه پیشونی - تیزر قسمت 9 | Div o Mah Pishooni Series - Teaser Episode 9,https://www.youtube.com/watch?v=neZ8WjGVnqY
سریال نیمه شب - فصل 2 - قسمت 2 | Nime Shab Series - Season 2 - Episode 2,https://www.youtube.com/watch?v=4oXwfyM3BjQ
خاک تو سر خودت#shorts,https://www.youtube.com/watch?v=PPALNAiRjGY
غول چراغ جادو - سریال تی ان تی,https://www.youtube.com/watch?v=TwQRq8xQEXc
سریال تی ان تی - سکانس برتر قسمت 5 | TNT Series,https://www.youtube.com/watch?v=BKpClY8ouzc
سریال تی ان تی - تیزر قسمت 5 | TNT Series - Teaser Episode 5,https://www.youtube.com/watch?v=k8oSIPnstgg
سریال ارتش سری - فصل 4 - تیزر قسمت 3 | Arteshe Serri Series - Season 4 - Teaser,https://www.youtube.com/watch?v=3CIDBl6A2fE
سریال ارتش سری - فصل 4 - سکانس برتر قسمت 3 | Arteshe Serri Series - Season 4,https://www.youtube.com/watch?v=QFyQtqIKLLo
پولیه#shorts,https://www.youtube.com/watch?v=u3wax_jqlZ0
!ایشون نمی تونه به من بگه چیکار کنم#shorts,https://www.youtube.com/watch?v=0Bs62c-GwtI
سریال ارتش سری - فصل 4 - سکانس برتر قسمت 2 | Arteshe Serri Series - Season 4,https://www.youtube.com/watch?v=Ar6hDmPn0ko
سریال ارتش سری - فصل 4 - تیزر قسمت 2 | Arteshe Serri Series - Season 4 - Teaser,https://www.youtube.com/watch?v=b3whvU4OWPg
شوخی منوچهر هادی با مهران غفوریان#shorts,https://www.youtube.com/watch?v=1sVUrifKsrQ
سریال بی گناه - قسمت 4 | Bigonah Series - Episode 4,https://www.youtube.com/watch?v=QzxCqmR4L8U
دخترا رو تهدید می کنن#shorts,https://www.youtube.com/watch?v=M3Btq8wIehs
زنگوله و انگشتر#shorts,https://www.youtube.com/watch?v=Rn1Oa6BwetY
شوی منتالیست - تیزر قسمت 7 | Mentalist Show - Teaser Episode 7,https://www.youtube.com/watch?v=EDnrS7ypyRE
شوی منتالیست - سکانس برتر قسمت 7 | Mentalist Show,https://www.youtube.com/watch?v=cwcGf7PU-Rg
سریال نیسان آبی - فصل 1 - پشت صحنه | Neysan Abi Series - Season 1 - Backstage,https://www.youtube.com/watch?v=65ZOXi9aLYI
سریال نیوکمپ - تیزر قسمت 1 | Camp Nou Series - Teaser Episode 1,https://www.youtube.com/watch?v=RVmIQTIq5CQ
سریال ساخت ایران - فصل 3 - قسمت 7 | Sakhte Iran Series - Season 3 - Episode 7,https://www.youtube.com/watch?v=8wJOBLWRr_8
چجوری دیدن مهمه#shorts,https://www.youtube.com/watch?v=mUrwow-kt6Y
سریال نارگیل - قسمت 7 | Nargil Series - Episode 7,https://www.youtube.com/watch?v=UZVkH8aYDAs
جشن کشته شدن ملکه#shorts,https://www.youtube.com/watch?v=2I0NZu6xAw4
فیلم سینمایی طلاخون - تیزر | Tala Khoon Movie - Teaser,https://www.youtube.com/watch?v=MDgF7IgB9vY
سورپرایز اشتباهی - سریال مهمونی - فصل 2,https://www.youtube.com/watch?v=xp-FBFgiEqM
پشه در نقش سهیلا - سریال مهمونی - فصل 2,https://www.youtube.com/watch?v=ne-XdIScy50
سریال مهمونی - فصل 2 - سکانس برتر قسمت 7 | Mehmoni Series - Season 2,https://www.youtube.com/watch?v=uUQr8NJNM50
اگه بری زیر لحاف خفه می شی؟#shorts,https://www.youtube.com/watch?v=qdhGDaW6OSY
سریال نهنگ آبی - قسمت 10 | Nahange Abi Series - Episode 10,https://www.youtube.com/watch?v=A_NLtChfABw
دلت برای خودت بسوزه#shorts,https://www.youtube.com/watch?v=YHPm--WLx50
آرمیتا رو ببوس#shorts,https://www.youtube.com/watch?v=4ccFupPjD18
قدر بچگیتو بدون#shorts,https://www.youtube.com/watch?v=exQrZGh7u1M
سریال نیمه شب - فصل 2 - قسمت 1 | Nime Shab Series - Season 2 - Episode 1,https://www.youtube.com/watch?v=qIJPcuoWRA4
معتاد مجرم است#shorts,https://www.youtube.com/watch?v=yVO9PoVDUnc
سریال دیو و ماه پیشونی - تیزر قسمت 8 | Div o Mah Pishooni Series - Teaser Episode 8,https://www.youtube.com/watch?v=MczWCbMZ4cs
انگشتم گیر کرد#shorts,https://www.youtube.com/watch?v=9aL0FpRvt-8
سریال تی ان تی - تیزر قسمت 4 | TNT Series - Teaser Episode 4,https://www.youtube.com/watch?v=3zZZXi_QN_o
سریال تی ان تی - سکانس برتر قسمت 4 | TNT Series,https://www.youtube.com/watch?v=sZ5uAIa_3g8
چرا میخوره بخار میکنه؟ سریال تی ان تی,https://www.youtube.com/watch?v=soZsaH_uMnk
سفارش غذاتو امضا کن#shorts,https://www.youtube.com/watch?v=Xr0ofgwMuwQ
شوی منتالیست - سکانس برتر قسمت 6 | Mentalist Show,https://www.youtube.com/watch?v=ZpB_TzMktlM
سریال بی گناه - قسمت 3 | Bigonah Series - Episode 3,https://www.youtube.com/watch?v=iEMTDh5f_TU
بابا داره خیانت می کنه#shorts,https://www.youtube.com/watch?v=P2eFge7dtfQ
شوی منتالیست - تیزر قسمت 6 | Mentalist Show - Teaser Episode 6,https://www.youtube.com/watch?v=jokbwj7gt6w
سریال نیسان آبی - فصل 1 - قسمت 20 (قسمت آخر) | Neysan Abi Series - Season 1 - Episode 20,https://www.youtube.com/watch?v=G_teXkPIFaI
تو مسیر میومدی، زن جدید اختیار نکردی؟#shorts,https://www.youtube.com/watch?v=paOTrprtOrs
سریال ساخت ایران - فصل 3 - قسمت 6 | Sakhte Iran Series - Season 3 - Episode 6,https://www.youtube.com/watch?v=919G8FxQ94s
پیش کی بودی؟#shorts,https://www.youtube.com/watch?v=715fQNiSvag
سریال نارگیل - قسمت 6 | Nargil Series - Episode 6,https://www.youtube.com/watch?v=zldhr7XWttI
بذارید این بانوی خوش برخورد با ما بیاد#shorts,https://www.youtube.com/watch?v=630zFP7BgNg
مهران احمدی یا احمد مهرانفر؟ - سریال مهمونی - فصل 2,https://www.youtube.com/watch?v=_PIA9AtQMQs
سریال مهمونی - فصل 2 - دومین سکانس برتر قسمت 6 | Mehmoni Series - Season 2,https://www.youtube.com/watch?v=iTiEBFqcyq4
سریال مهمونی - فصل 2 - اولین سکانس برتر قسمت 6 | Mehmoni Series - Season 2,https://www.youtube.com/watch?v=pHcr4ZERfCg
میخوام بخورمت#shorts,https://www.youtube.com/watch?v=veajDI_Uros
فیلم سینمایی تی تی - تیزر 2 | Titi Movie - Teaser 2,https://www.youtube.com/watch?v=9JD32XK8_UE
سریال نهنگ آبی - قسمت 9 | Nahange Abi Series - Episode 9,https://www.youtube.com/watch?v=iU0E9ub0HxA
دارن بهت دروغ می گن#shorts,https://www.youtube.com/watch?v=T4_PxVAbXXc
بیا وسط ارژنگ#shorts,https://www.youtube.com/watch?v=w0fazMjrPhc
"2هر کسی یا روز میمیرد یا شب، من شبانه روز- تیزر | Harkas Ya Shab Mimirad Ya Ruz, Man Shabane Ruz",https://www.youtube.com/watch?v=3YaG477crFE
سریال دیو و ماه پیشونی - تیزر قسمت 7 | Div o Mah Pishooni Series - Teaser Episode 7,https://www.youtube.com/watch?v=RCeSozGtJA4
سریال تی ان تی - قسمت 1 | TNT Series - Episode 1,https://www.youtube.com/watch?v=cOwEKgWfvfM
جیغ بنفش#shorts,https://www.youtube.com/watch?v=L7Rqy_iZ3dw
چقدر خوش شانسی - سریال تی ان تی,https://www.youtube.com/watch?v=n-ko9ZRqjbw
بزن تا پایین - سریال تی ان تی,https://www.youtube.com/watch?v=Wq-E20cK9xA
سریال تی ان تی - تیزر قسمت 3 | TNT Series - Teaser Episode 3,https://www.youtube.com/watch?v=OnXMeplbzuw
گردن کلفت#shorts,https://www.youtube.com/watch?v=EBO_1LHnxHY
سریال ارتش سری - فصل 4 - سکانس برتر قسمت 1 | Arteshe Serri Series - Season 4,https://www.youtube.com/watch?v=L9stRBeuKiY
سریال ارتش سری - فصل 4 - تیزر قسمت 1 | Arteshe Serri Series - Season 4 - Teaser,https://www.youtube.com/watch?v=MU-v8ge2R-g
سریال بی گناه - قسمت 2 | Bigonah Series - Episode 2,https://www.youtube.com/watch?v=uqd0DHPD0HA
من دوستتم#shorts,https://www.youtube.com/watch?v=Q7yH1Lak8Go
همه چیز تو این دنیا به کشیدنه#shorts,https://www.youtube.com/watch?v=aUWzdKkh6q8
پاتو چرا نمی شوری؟ - سریال زیرزمین,https://www.youtube.com/watch?v=fSRDThLmRIc
دلم خیلی برای دوران خودمون تنگ شده - سریال زیرزمین,https://www.youtube.com/watch?v=JB1V3B8PrBY
سریال زیرزمین - تیزر قسمت 5 | Zirzamin Series - Teaser Episode 5,https://www.youtube.com/watch?v=CNRRhNRCR2g
شوی منتالیست - تیزر قسمت 5 | Mentalist Show - Teaser Episode 5,https://www.youtube.com/watch?v=StvTG-Itxq8
شوی منتالیست - سکانس برتر قسمت 5 | Mentalist Show,https://www.youtube.com/watch?v=sDUaRrJV2fg
شعبده بازی با اسید#shorts,https://www.youtube.com/watch?v=KOQXraA6cZM
پلیس های سمی#shorts,https://www.youtube.com/watch?v=FpaTMAQhQjo
سریال نیسان آبی - فصل 1 - قسمت 19 | Neysan Abi Series - Season 1 - Episode 19,https://www.youtube.com/watch?v=loQmBAYsqcs
رسوایی خیانت جمشید#shorts,https://www.youtube.com/watch?v=BhWylNOiSyo
از کیست#shorts,https://www.youtube.com/watch?v=ip50ylerICA
انفجار ناگهانی حین برنامه#shorts,https://www.youtube.com/watch?v=ZdhKUlP1KaY
سریال ساخت ایران - فصل 3 - قسمت 5 | Sakhte Iran Series - Season 3 - Episode 5,https://www.youtube.com/watch?v=hCLH8eAM8ak
پوستتو می کنم#shorts,https://www.youtube.com/watch?v=nQ3YNTjdkFY
سریال نارگیل - قسمت 5 | Nargil Series - Episode 5,https://www.youtube.com/watch?v=B1goJQuauIw
خوش به حال ما شد#shorts,https://www.youtube.com/watch?v=4KpJ8ktEg9U
راز شعبده باز برملا شد#shorts,https://www.youtube.com/watch?v=0Peehyz82r8
سریال نهنگ آبی - قسمت 8 | Nahange Abi Series - Episode 8,https://www.youtube.com/watch?v=MA1BYeNW4jI
دوس داشتم همینجوری نگات کنم#shorts,https://www.youtube.com/watch?v=NSFTZgFqdio
سریال دیو و ماه پیشونی - تیزر قسمت 6 | Div o Mah Pishooni Series - Teaser Episode 6,https://www.youtube.com/watch?v=n7M3dlNCu2s
شهر پیرها#shorts,https://www.youtube.com/watch?v=f4iblC_o6-k
سریال ارتش سری - فصل 3 - تیزر قسمت 3 | Arteshe Serri Series - Season 3 - Teaser,https://www.youtube.com/watch?v=rT1Gge1RnXY
رقص شمالی حامد آهنگی#shorts,https://www.youtube.com/watch?v=UNTEGgHjPoU
سریال ارتش سری - فصل 3 - سکانس برتر قسمت 3 | Arteshe Serri Series - Season 3,https://www.youtube.com/watch?v=xGk_b-tadvc
جایزه نمیدن بهتون که#shorts,https://www.youtube.com/watch?v=PCsfFtCOPoI
سریال شبهای مافیا 4 - فصل 5 - قسمت 3 (قسمت آخر) | Shabhaye Mafia 4 Series - Season 5 - Episode 3,https://www.youtube.com/watch?v=9WbKFZoPbf0
نیش پشه#shorts,https://www.youtube.com/watch?v=yuPsf8EjeT4
آدم فروشی#shorts,https://www.youtube.com/watch?v=k5P_XRF2yhA
آرنجمو ببوس - سریال زیرزمین,https://www.youtube.com/watch?v=FsBWAWw8wUs
درست خوب بوده یا نه؟ - سریال زیرزمین,https://www.youtube.com/watch?v=1v3skoCETR0
شوی منتالیست - سکانس برتر قسمت 4 | Mentalist Show,https://www.youtube.com/watch?v=ghC_RRP5NJM
شوی منتالیست - تیزر قسمت 4 | Mentalist Show - Teaser Episode 4,https://www.youtube.com/watch?v=A1bf9HU-DGM
دست و نزدی#shorts,https://www.youtube.com/watch?v=MXvhzB6-ktk
ممیزی - فصل 3 - قسمت 16 | Momayezi - Season 3 - Episode 16,https://www.youtube.com/watch?v=V9l_uz00Q-4
سریال نیسان آبی - فصل 1 - قسمت 18 | Neysan Abi Series - Season 1 - Episode 18,https://www.youtube.com/watch?v=Tr8aDDk8vFE
خیانت جمشید#shorts,https://www.youtube.com/watch?v=nVXggG_kzCM
سریال مهمونی - فصل 2 - قسمت 1 | Mehmoni Series - Season 2 - Episode 1,https://www.youtube.com/watch?v=EjfO6RyCi_w
سریال ساخت ایران - فصل 3 - قسمت 4 | Sakhte Iran Series - Season 3 - Episode 4,https://www.youtube.com/watch?v=7aWaUBuCDWA
بیت کوین#shorts,https://www.youtube.com/watch?v=FLgFtBDho3Q
استاد ایسگامونو گرفتی؟#shorts,https://www.youtube.com/watch?v=Ylfq-dYAwLg
تو رو بزنم#shorts,https://www.youtube.com/watch?v=qKaCmiGUlaM
سریال مهمونی - فصل 2 - سکانس برتر قسمت 5 | Mehmoni Series - Season 2,https://www.youtube.com/watch?v=lPoV8PYp_D0
کته در مسیر آزمون رانندگی - سریال مهمونی - فصل 2,https://www.youtube.com/watch?v=iYFdTyLs7fI
دیکته گفتن روحی به بچه - سریال مهمونی - فصل 2,https://www.youtube.com/watch?v=ZXXlNApOvcw
به جسمتون هم نیست؟#shorts,https://www.youtube.com/watch?v=kAnUpYY0YK4
سریال نارگیل - قسمت 4 | Nargil Series - Episode 4,https://www.youtube.com/watch?v=8FlNMRom6l4
ما قلبامون سفیده#shorts,https://www.youtube.com/watch?v=kCiO-PPeUIQ
فیلم سینمایی تورقوزآباد - تیزر | Turquz Abad - Teaser,https://www.youtube.com/watch?v=v7veSNaHJOA
سریال نهنگ آبی - قسمت 7 | Nahange Abi Series - Episode 7,https://www.youtube.com/watch?v=aU2rw47tWQ0
خواهرتو اینا کشتن#shorts,https://www.youtube.com/watch?v=tCrsT7FciMU
سریال دیو و ماه پیشونی - تیزر قسمت 5 | Div o Mah Pishooni Series - Teaser Episode 5,https://www.youtube.com/watch?v=QOuzlPnSR_0
تونل وحشت#shorts,https://www.youtube.com/watch?v=A_4XuMmzX1s
شوی منتالیست - سکانس برتر قسمت 3 | Mentalist Show,https://www.youtube.com/watch?v=2mWco_ZMCyc
سریال تی ان تی - دومین سکانس برتر قسمت 2 | TNT Series,https://www.youtube.com/watch?v=5ukFNGC_Ggk
سریال تی ان تی - اولین سکانس برتر قسمت 2 | TNT Series,https://www.youtube.com/watch?v=Zuw1vk0t1JY
با پولش میرم تایلند#shorts,https://www.youtube.com/watch?v=6jYqru9sIXU
از ممد نیست از کلیده#shorts,https://www.youtube.com/watch?v=c6HN_POxfMY
سریال تی ان تی - تیزر قسمت 2 | TNT Series - Teaser Episode 2,https://www.youtube.com/watch?v=oRd8-GC4bpE
آقا جمشیدی#shorts,https://www.youtube.com/watch?v=P3C4AYC9nMM
سریال ارتش سری - فصل 3 - سکانس برتر قسمت 2 | Arteshe Serri Series - Season 3,https://www.youtube.com/watch?v=4_1vMz1o0OE
سریال زیرزمین - تیزر قسمت 3 | Zirzamin Series - Teaser Episode 3,https://www.youtube.com/watch?v=JMXLyhtgeAI
سریال زیرزمین - دومین سکانس برتر قسمت 3| Zirzamin Series,https://www.youtube.com/watch?v=hNqdZhNVMcw
سریال زیرزمین - اولین سکانس برتر قسمت 3 | Zirzamin Series,https://www.youtube.com/watch?v=T-idHXlSw3g
سریال شبهای مافیا 4 - فصل 5 - قسمت 2 | Shabhaye Mafia 4 Series - Season 5 - Episode 2,https://www.youtube.com/watch?v=P1nikrRnL28
عصبانیت حامد آهنگی#shorts,https://www.youtube.com/watch?v=6NcA-Otsej0
تردستی #shorts,https://www.youtube.com/watch?v=QKl8WZOzD6A
شوی منتالیست - تیزر قسمت 3 | Mentalist Show - Teaser Episode 3,https://www.youtube.com/watch?v=kydovVE7ckg
سریال نیسان آبی - فصل 1 - قسمت 17 | Neysan Abi Series - Season 1 - Episode 17,https://www.youtube.com/watch?v=_uWDCmzEqeY
داداشمه، برو قایم شو#shorts,https://www.youtube.com/watch?v=8JXtn8H00H0
سریال ساخت ایران - فصل 3 - قسمت 3 | Sakhte Iran Series - Season 3 - Episode 3,https://www.youtube.com/watch?v=495r0MqJpFA
تو خوبی بابا#shorts,https://www.youtube.com/watch?v=nbHtLo-28B0
ممیزی - فصل 3 - قسمت 15 | Momayezi - Season 3 - Episode 15,https://www.youtube.com/watch?v=HeBBM4frMc4
...جمع کنید برید همونجایی که اون رفاهو#shorts,https://www.youtube.com/watch?v=0rWUDNrjSow
شاتون بابا#shorts,https://www.youtube.com/watch?v=Mvld8Dhx4bo
سریال نارگیل - قسمت 3 | Nargil Series - Episode 3,https://www.youtube.com/watch?v=yJDYzvMEWyw
فیلم سینمایی تورقوزآباد - تیزر | Ture Ghouz Abad - Teaser,https://www.youtube.com/watch?v=N7nqwO2vWI8
نقشه مون دود شد#shorts,https://www.youtube.com/watch?v=lbHBMQ6C-3M
سریال مهمونی - فصل 2 - سومین سکانس برتر قسمت 4 | Mehmoni Series - Season 2,https://www.youtube.com/watch?v=d04a3dmK4gs
ماچو چطوری پس بدم؟#shorts,https://www.youtube.com/watch?v=odHli_qWU8M
سریال مهمونی - فصل 2 - دومین سکانس برتر قسمت 4 | Mehmoni Series - Season 2,https://www.youtube.com/watch?v=vdPC5IKxMCI
سریال مهمونی - فصل 2 - اولین سکانس برتر قسمت 4 | Mehmoni Series - Season 2,https://www.youtube.com/watch?v=QZg1Xfr3gHo
خداحافظی مجری حین برنامه#shorts,https://www.youtube.com/watch?v=p7SMhCsE_UI
سریال ویژه برنامه تی ان تی -  قسمت 1 | TNT Series,https://www.youtube.com/watch?v=ZvuIcW1FhAE
سریال ویژه برنامه تی ان تی -  قسمت 2 | TNT Series,https://www.youtube.com/watch?v=RSYiJx3-DMg
لباسامون ست بود گفتن ازدواج کردین#shorts,https://www.youtube.com/watch?v=dK2-aOSqky4
سریال نهنگ آبی - قسمت 6 | Nahange Abi Series - Episode 6,https://www.youtube.com/watch?v=wnU2H3HRtX4
همه آدما رو بازی میدی#shorts,https://www.youtube.com/watch?v=veCpBsPt6KI
این آقا رو ندیدین؟#shorts,https://www.youtube.com/watch?v=rsNFqGHhb7c
سریال دیو و ماه پیشونی - تیزر قسمت 4 | Div o Mah Pishooni Series - Teaser Episode 4,https://www.youtube.com/watch?v=mDkamyjjtnc
سریال مهمونی - فصل 2 - سومین سکانس برتر قسمت 3 | Mehmoni Series - Season 2,https://www.youtube.com/watch?v=zlYAVff3-EI
سریال مهمونی - فصل 2 - دومین سکانس برتر قسمت 3 | Mehmoni Series - Season 2,https://www.youtube.com/watch?v=YWbotM7OW-Y
سریال مهمونی - فصل 2 - اولین سکانس برتر قسمت 3 | Mehmoni Series - Season 2,https://www.youtube.com/watch?v=aLNiJ4uKBLM
فیت کته خانم با شاباش و دی جی#shorts,https://www.youtube.com/watch?v=Kg2BkDaFjWw
سریال ارتش سری - فصل 3 - سکانس برتر قسمت 1 | Arteshe Serri Series - Season 3,https://www.youtube.com/watch?v=CKVbWHdBOzw
من کاکتوس خرزهره هستم#shorts,https://www.youtube.com/watch?v=5lhPLHo3lms
سریال تی ان تی - دومین سکانس برتر قسمت 1 | TNT Series,https://www.youtube.com/watch?v=ouCIcc6p8s4
سریال تی ان تی - اولین سکانس برتر قسمت 1 | TNT Series,https://www.youtube.com/watch?v=ZXdh9tJ5Gcw
سریال تی ان تی - تیزر قسمت 1 | TNT Series - Teaser Episode 1,https://www.youtube.com/watch?v=y611vc58sAk
نخندین. ما داریم پاره می شیم. #shorts,https://www.youtube.com/watch?v=LyDiylDYIzI
سریال ارتش سری - فصل 3 - تیزر قسمت 1 | Arteshe Serri Series - Season 3 - Teaser,https://www.youtube.com/watch?v=BsfmH5UQ9CM
عصبانیت شدید بهنام تشکر #shorts,https://www.youtube.com/watch?v=MOaNjJ_DOJE
مستند شناسنامه - دومین سکانس برتر قسمت 2 l Shenasnameh Documentary,https://www.youtube.com/watch?v=6lSj2AmX8y0
مستند شناسنامه - اولین سکانس برتر قسمت 2 l Shenasnameh Documentary,https://www.youtube.com/watch?v=eNta4tz-4Fk
سریال زیرزمین - دومین سکانس برتر قسمت 2 | Zirzamin Series,https://www.youtube.com/watch?v=4SMcyisv2yE
سریال زیرزمین - اولین سکانس برتر قسمت 2 | Zirzamin Series,https://www.youtube.com/watch?v=hzPzLOPMNvw
سبزی، سبزی قورمه، سبزی، سبزی، سبزی #shorts,https://www.youtube.com/watch?v=1GxCVD258s8
سریال شبهای مافیا 4 - فصل 5 - قسمت 1 | Shabhaye Mafia 4 Series - Season 5 - Episode 1,https://www.youtube.com/watch?v=qYP04fqEBf8
کری خونی فینالیست ها#shorts,https://www.youtube.com/watch?v=EwEj0M68bbo
عروسک جادویی #shorts,https://www.youtube.com/watch?v=bN-r6Fzf1aE
شوی منتالیست - سکانس برتر قسمت 2 | Mentalist Show,https://www.youtube.com/watch?v=Ey82T3jnW3w
شوی منتالیست - قسمت 1 | Mentalist Show - Episode 1,https://www.youtube.com/watch?v=GcmUqF3AhhQ
پیتزا تیغ #shorts,https://www.youtube.com/watch?v=kgpGXbV8tbA
شوی منتالیست - تیزر قسمت 2 | Mentalist Show - Teaser Episode 2,https://www.youtube.com/watch?v=wChFbE_Osqg
سریال زیرزمین - تیزر قسمت 2 | Zirzamin Series - Teaser Episode 2,https://www.youtube.com/watch?v=5tmOE0cAlXE
مستند شناسنامه - تیزر قسمت 2 l Shenasnameh Documentary - Teaser Episode 2,https://www.youtube.com/watch?v=wv0Sl6NqQds
فیلم سینمایی بازیوو - تیزر | Bazivoo Movie - Teaser,https://www.youtube.com/watch?v=Yap5VL1dRyQ
خوردی#shorts,https://www.youtube.com/watch?v=tbQ2QBSo0V8
سریال نیسان آبی - فصل 1 - قسمت 16 | Neysan Abi Series - Season 1 - Episode 16,https://www.youtube.com/watch?v=wSWXX-qjr6A
انتقام با اره برقی#shorts,https://www.youtube.com/watch?v=mokxqynYnoU
سریال زیرزمین - سکانس برتر قسمت 1 | Zirzamin Series,https://www.youtube.com/watch?v=B8wSh5hHCsA
شبیه لاشخوری - سریال زیرزمین,https://www.youtube.com/watch?v=LISE_8mqtII
مستند شناسنامه - اولین سکانس برتر قسمت 1 l Shenasnameh Documentary,https://www.youtube.com/watch?v=IKps2Qne0VI
مستند شناسنامه - دومین سکانس برتر قسمت 1 l Shenasnameh Documentary,https://www.youtube.com/watch?v=-N6tMZgXqdw
سریال زیرزمین - تیزر قسمت 1 | Zirzamin Series - Teaser Episode 1,https://www.youtube.com/watch?v=BqXFMVpdzu8
سریال زیرزمین - تیزر | Zirzamin Series - Teaser,https://www.youtube.com/watch?v=FxE55HB_ZP0
قسمت آخر جیران هم اکنون در تلویکا #shorts,https://www.youtube.com/watch?v=M3DtViPMNPw
تیر تقدیر - سریال جیران,https://www.youtube.com/watch?v=4pYRZdIMOV0
سریال جیران - سکانس برتر قسمت 52 | Jeyran Series,https://www.youtube.com/watch?v=NH0SZfnJwes
سریال ساخت ایران - فصل 3 - قسمت 2 | Sakhte Iran Series - Season 3 - Episode 2,https://www.youtube.com/watch?v=oURrpWS4RIs
مادر مشتری ام بودش#shorts,https://www.youtube.com/watch?v=Xn43RzHamxE
ممیزی - فصل 3 - قسمت 14 | Momayezi - Season 3 - Episode 14,https://www.youtube.com/watch?v=LHTHSe-EWxs
چرا خم میشه می زنه؟#shorts,https://www.youtube.com/watch?v=Jc6kj52mxLQ
(سریال جیران - دومین تیزر قسمت 52 (قسمت آخر | Jeyran Series - Teaser Episode 52,https://www.youtube.com/watch?v=r9nyjUYmPiM
(سریال جیران - اولین تیزر قسمت 52 (قسمت آخر | Jeyran Series - Teaser Episode 52,https://www.youtube.com/watch?v=o-PW1OCIjWI
مستند شناسنامه - تیزر قسمت 1 l Shenasnameh Documentary - Teaser Episode 1,https://www.youtube.com/watch?v=rIZeyYfqQsE
سریال نارگیل - قسمت 2 | Nargil Series - Episode 2,https://www.youtube.com/watch?v=pFZliDtqd2Q
اون روی منو بالا آوردی#shorts,https://www.youtube.com/watch?v=SnodUQjTpEo
فیلم سینمایی شب طلایی - تیزر | Shab Talaei Movie - Teaser,https://www.youtube.com/watch?v=8Bh6YFpb1II
دوختن لب با نخ سوزن#shorts,https://www.youtube.com/watch?v=clxshu5yGPU
سریال ویژه برنامه تی ان تی - تیزر قسمت 1 و 2 | TNT Series - Teaser,https://www.youtube.com/watch?v=ChX0mUDHArA
سریال مهمونی - فصل 2 - دومین سکانس برتر قسمت 2 | Mehmoni Series - Season 2,https://www.youtube.com/watch?v=xdoRdZvjpxk
سریال مهمونی - فصل 2 - اولین سکانس برتر قسمت 2 | Mehmoni Series - Season 2,https://www.youtube.com/watch?v=VVm8iZAGK4s
ولم کن نیست اسمش رهایم کنه #shorts,https://www.youtube.com/watch?v=FoIUH8xHxNk
سریال مهمونی - فصل 2 - سومین سکانس برتر قسمت 2 | Mehmoni Series - Season 2,https://www.youtube.com/watch?v=8uqZCd5-nSc
سریال نهنگ آبی - قسمت 5 | Nahange Abi Series - Episode 5,https://www.youtube.com/watch?v=n3enOmk2uSY
تو هارد چی بود که نمیخواست من ببینم؟#shorts,https://www.youtube.com/watch?v=0viESIz2Ojc
معرفی انواع عرقیجات با حامد آهنگی - سریال ویژه برنامه تی ان تی,https://www.youtube.com/watch?v=BR4jX2Dju_E
سریال ویژه برنامه تی ان تی - سکانس برتر قسمت 2 | TNT Series,https://www.youtube.com/watch?v=ARROTdX8JuA
جدی جدی، جدی کار می کنم #shorts,https://www.youtube.com/watch?v=cwCIWK8ZvtE
سریال ویژه برنامه تی ان تی - تیزر قسمت 2 | TNT Series - Teaser Episode 2,https://www.youtube.com/watch?v=lMyedLkU1Ps
شوی منتالیست - تیزر قسمت 1 | Mentalist Show - Teaser Episode 1,https://www.youtube.com/watch?v=aGoJblYXF8U
شوی منتالیست - سکانس برتر قسمت 1 | Mentalist Show,https://www.youtube.com/watch?v=sNHH91g_ZWk
سریال مهمونی - فصل 2 - سومین سکانس برتر قسمت 1 | Mehmoni Series - Season 2,https://www.youtube.com/watch?v=fJ5POtTMd-c
سریال مهمونی - فصل 2 - دومین سکانس برتر قسمت 1 | Mehmoni Series - Season 2,https://www.youtube.com/watch?v=1NMn-g-SC_Y
سریال مهمونی - فصل 2 - اولین سکانس برتر قسمت 1 | Mehmoni Series - Season 2,https://www.youtube.com/watch?v=ea9BkTyNpnE
عیدی بچه به طهماسب#shorts,https://www.youtube.com/watch?v=yqi5sjMYm-4
اگر دیوی درو باز کن #shorts,https://www.youtube.com/watch?v=GDO5gv8wZKI
دو سوم دماغت رفته تو مجید - سریال ویژه برنامه تی ان تی,https://www.youtube.com/watch?v=Slepme7N7Yw
سریال ویژه برنامه تی ان تی - سکانس برتر قسمت 1 | TNT Series,https://www.youtube.com/watch?v=bC1bbKRHfw0
آقای ربیعی صبر ایوب رو خواستن#shorts,https://www.youtube.com/watch?v=UYiTsO63OOE
سریال ویژه برنامه تی ان تی - تیزر قسمت 1 | TNT Series - Teaser Episode 1,https://www.youtube.com/watch?v=_0S9K_CdjjA
همایون شجریان - موزیک ویدیو جیران | Homayoun Shajarian - Jeyran,https://www.youtube.com/watch?v=WJ_q6dMsHcs
سریال مهمونی - فصل 2 - تیزر | Mehmoni Series - Season 2 - Teaser,https://www.youtube.com/watch?v=IHoLFFObndI
سریال دیو و ماه پیشونی - تیزر قسمت 3 | Div o Mah Pishooni Series - Teaser Episode 3,https://www.youtube.com/watch?v=PXEVlreq_NY
اشاره ی مستقیم نمی کنم #shorts,https://www.youtube.com/watch?v=qer0Y2FDCiI
ایول به کله ت#shorts,https://www.youtube.com/watch?v=np72NIoqYEg
سریال ارتش سری - فصل 2 - سکانس برتر قسمت 3 | Arteshe Serri Series - Season 2,https://www.youtube.com/watch?v=CGTGWdom-C8
سریال ارتش سری - فصل 2 - تیزر قسمت 3 | Arteshe Serri Series - Season 2 - Teaser,https://www.youtube.com/watch?v=7D_uDkzRox4
سریال شبهای مافیا 4 - فصل 4 - قسمت 3 | Shabhaye Mafia 4 Series - Season 4 - Episode 3,https://www.youtube.com/watch?v=iU5HZWQ6qrI
تیم مافیا، قوی#shorts,https://www.youtube.com/watch?v=t_bVXQH9iM4
سریال نیسان آبی - فصل 1 - قسمت 15 | Neysan Abi Series - Season 1 - Episode 15,https://www.youtube.com/watch?v=MJPol0eDFXA
به من دست نزن#shorts,https://www.youtube.com/watch?v=Fvp8TrPyVGU
در طول تاریخ زن ها چه صفحاتی رقم زد که به اسم ما مردها نوشته شده #shorts,https://www.youtube.com/watch?v=mWXejZxJHcw
سریال جیران - سکانس برتر قسمت 51 | Jeyran Series,https://www.youtube.com/watch?v=uk0Ech-ys-s
دست دوستی - سریال جیران,https://www.youtube.com/watch?v=H6YMtPz14ug
ممیزی - فصل 3 - قسمت 13 | Momayezi - Season 3 - Episode 13,https://www.youtube.com/watch?v=peEW2-Eio5U
چرا وقتی می خونی صداتو عوض می کنی؟#shorts,https://www.youtube.com/watch?v=YT4rBLgHryU
سریال جیران - دومین تیزر قسمت 51 | Jeyran Series - Teaser Episode 51,https://www.youtube.com/watch?v=H-q6uL9xfos
سریال جیران - اولین تیزر قسمت 51 | Jeyran Series - Teaser Episode 51,https://www.youtube.com/watch?v=mWPjkDuKcSE
سریال جیران - آنچه گذشت قسمت 50 | Jeyran Series - Teaser,https://www.youtube.com/watch?v=erTanVAJHl0
سریال نارگیل - قسمت 1 | Nargil Series - Episode 1,https://www.youtube.com/watch?v=1YYVkFHb4eo
معجون تو اثر کرد#shorts,https://www.youtube.com/watch?v=2EQ3d783Jd8
فیلم سینمایی بام بالا - تیزر | Bam Bala Movie - Teaser,https://www.youtube.com/watch?v=Xx_GisUmohg
سریال نیمه شب - فصل 2 -  تیزر قسمت 17 | Nime Shab Series - Season 2 - Teaser Episode 17,https://www.youtube.com/watch?v=Q9JGL17vSok
سریال نهنگ آبی - قسمت 4 | Nahange Abi Series - Episode 4,https://www.youtube.com/watch?v=6VbYKZCx6Wc
استاد شما فرق دارین با بقیه#shorts,https://www.youtube.com/watch?v=yD3uhaOow2U
دیو مازندران#shorts,https://www.youtube.com/watch?v=y8VCQSYnTAY
سریال دیو و ماه پیشونی - اولین تیزر قسمت 2 | Div o Mah Pishooni Series - Teaser Episode 2,https://www.youtube.com/watch?v=ew7RzdHHUNQ
ببخشید روتون گیرم#shorts,https://www.youtube.com/watch?v=pN3EAvlcmPo
سریال جزیره - قسمت 14 (قسمت آخر) | Jazireh Series - Episode 14,https://www.youtube.com/watch?v=m-CSBrB9PCY
الان باهم دوستیم دیگه#shorts,https://www.youtube.com/watch?v=wlp8BArJ0SY
سریال ارتش سری - فصل 2 - سکانس برتر قسمت 2 | Arteshe Serri Series - Season 2,https://www.youtube.com/watch?v=AaUxpvCo2zc
سریال ارتش سری - فصل 2 - تیزر قسمت 2 | Arteshe Serri Series - Season 2 - Teaser,https://www.youtube.com/watch?v=Xa0fpNTxdNM
سریال جیران - دومین تیزر قسمت 50 | Jeyran Series - Teaser Episode 50,https://www.youtube.com/watch?v=5ChRBicUckk
سریال شبهای مافیا 4 - فصل 4 - قسمت 2 | Shabhaye Mafia 4 Series - Season 4 - Episode 2,https://www.youtube.com/watch?v=HB-ORS1Kqx0
بازی مرگ و زندگی#shorts,https://www.youtube.com/watch?v=KepHF-vwEug
آشتی تاجی با جیران#shorts,https://www.youtube.com/watch?v=gk1gG89MPNc
سریال نیسان آبی - فصل 1 - قسمت 14 | Neysan Abi Series - Season 1 - Episode 14,https://www.youtube.com/watch?v=AxrtHXZRQgo
قضیه ی خرمالوها#shorts,https://www.youtube.com/watch?v=2MdVGuP6CTw
بسه هر چی خفت کشیدیم ما زنان حرمسرا#shorts,https://www.youtube.com/watch?v=B4zrk2Nnn1Y
عزاداری ناصرالدین شاه - سریال جیران,https://www.youtube.com/watch?v=pFkbi9csbIk
سریال جیران - اولین سکانس برتر قسمت 50 | Jeyran Series,https://www.youtube.com/watch?v=p5KXolHNxH8
ممیزی - فصل 3 - قسمت 12 | Momayezi - Season 3 - Episode 12,https://www.youtube.com/watch?v=LLD3piqAJmA
امید به زندگی جوون ایرانی#shorts,https://www.youtube.com/watch?v=Vdf4Deo0p8c
سریال جیران - اولین تیزر قسمت 50 | Jeyran Series - Teaser Episode 50,https://www.youtube.com/watch?v=oOvdlBVuf9o
سریال دیو و ماه پیشونی - تیزر قسمت 1 | Div o Mah Pishooni Series - Teaser Episode 1,https://www.youtube.com/watch?v=8HgV9Z1GjoI
سریال نهنگ آبی - قسمت 3 | Nahange Abi Series - Episode 3,https://www.youtube.com/watch?v=P2xHh5dAVYQ
اون زنی که باهاشی،شوهر داره#shorts,https://www.youtube.com/watch?v=As3i_ZP-TEs
فیلم سینمایی تی تی - تیزر 1 | Titi Movie - Teaser 1,https://www.youtube.com/watch?v=wZMqOy8YqEM
حسن کچل#shorts,https://www.youtube.com/watch?v=idyZhNHnDbw
سریال نیمه شب - فصل 2 -  تیزر قسمت 15 | Nime Shab Series - Season 2 - Teaser Episode 15,https://www.youtube.com/watch?v=lHXBW4MrX4c
فیلم سینمایی علف زار - چهارمین تیزر | Alafzar Movie - Teaser,https://www.youtube.com/watch?v=BXx0CWB6g6k
سریال جزیره - قسمت 13 | Jazireh Series - Episode 13,https://www.youtube.com/watch?v=KicIs1PhzDc
شیطون نره زیر جلدت#shorts,https://www.youtube.com/watch?v=uNxX_4efsUE
اصلا اشتباه یا غلط#shorts,https://www.youtube.com/watch?v=nOaF868afOo
سریال ارتش سری - فصل 2 - تیزر قسمت 1 | Arteshe Serri Series - Season 2 - Teaser,https://www.youtube.com/watch?v=VrY7mHxu1u0
سریال ارتش سری - فصل 2 - سکانس برتر قسمت 1 | Arteshe Serri Series - Season 2,https://www.youtube.com/watch?v=qz1f_Pnvp9g
سریال شبهای مافیا 4 - فصل 4 - قسمت 1 | Shabhaye Mafia 4 Series - Season 4 - Episode 1,https://www.youtube.com/watch?v=hovUHotZu2Q
عصبانیت ایمان صفا#shorts,https://www.youtube.com/watch?v=WPT92pdp_t8
رقص جمشید قاسم پور#shorts,https://www.youtube.com/watch?v=YLRI1PmAuUQ
سریال نیسان آبی - فصل 1 - قسمت 13 | Neysan Abi Series - Season 1 - Episode 13,https://www.youtube.com/watch?v=KuD_gLfFMoE
سریال جیران - دومین سکانس برتر قسمت 49 | Jeyran Series,https://www.youtube.com/watch?v=yzRT5Eh1fas
سریال جیران - اولین سکانس برتر قسمت 49 | Jeyran Series,https://www.youtube.com/watch?v=UysOxixJq3A
چشم بندی خواجه با شاهزاده #shorts,https://www.youtube.com/watch?v=-meJz1MZyVA
سریال جیران - دومین تیزر قسمت 49 | Jeyran Series - Teaser Episode 49,https://www.youtube.com/watch?v=cxZbcmUK-hs
سریال جیران - اولین تیزر قسمت 49 | Jeyran Series - Teaser Episode 49,https://www.youtube.com/watch?v=J36VHxeOkOI
ممیزی - فصل 3 - قسمت 11 | Momayezi - Season 3 - Episode 11,https://www.youtube.com/watch?v=1R7a8fINxMM
شاهکار اخراجی ها#shorts,https://www.youtube.com/watch?v=xSotpeulXf8
سریال سقوط - اولین سکانس برتر قسمت 9 | Soghoot Series,https://www.youtube.com/watch?v=-WmdGJqlXuo
سریال سقوط - دومین سکانس برتر قسمت 9 | Soghoot Series,https://www.youtube.com/watch?v=zvA8iFcQPWA
سریال سقوط - تیزر قسمت 9 | Soghoot Series - Teaser Episode 9,https://www.youtube.com/watch?v=cnp_001rrIk
قسمت آخر سقوط هم اکنون در تلویکا#shorts,https://www.youtube.com/watch?v=OEG-j5r-HGo
سریال نهنگ آبی - قسمت 2 | Nahange Abi Series - Episode 2,https://www.youtube.com/watch?v=gocsJOGWLmk
دارن دورت می زنن#shorts,https://www.youtube.com/watch?v=b3TvYerX2yg
احساسی شدم#shorts,https://www.youtube.com/watch?v=CxEeFBGEFZk
سریال ارتش سری - فصل 1 - سکانس برتر قسمت 3 | Arteshe Serri Series - Season 1,https://www.youtube.com/watch?v=DobsOjsvRX8
سریال جزیره - قسمت 12 | Jazireh Series - Episode 12,https://www.youtube.com/watch?v=2yceBiazXk4
با شوهرم همکاری کن#shorts,https://www.youtube.com/watch?v=_3TCRZxHOv0
سریال ارتش سری - فصل 1 - تیزر قسمت 3 | Arteshe Serri Series - Season 1 - Teaser Episode 3,https://www.youtube.com/watch?v=uhy5cDBtkNA
سریال سقوط - آنچه گذشت قسمت 1 تا 8 | Soghoot Series - Teaser,https://www.youtube.com/watch?v=HNM8CVhXwnQ
به کی دست میدی؟#shorts,https://www.youtube.com/watch?v=CUWmVAd-ghI
سریال شبهای مافیا 4 - فصل 3 - قسمت 3 | Shabhaye Mafia 4 Series - Season 3 - Episode 3,https://www.youtube.com/watch?v=dSoAtjwa8a8
سریال نیسان آبی - فصل 1 - قسمت 12 | Neysan Abi Series - Season 1 - Episode 12,https://www.youtube.com/watch?v=a-i_yMku5dc
یه دست زدم برگشتم#shorts,https://www.youtube.com/watch?v=X3biO2fgjtw
سریال جیران - سکانس برتر قسمت 48 | Jeyran Series,https://www.youtube.com/watch?v=Wb0_bnpbWeU
برخورد سیاوش با ناصرالدین شاه - سریال جیران,https://www.youtube.com/watch?v=sXXzkCbset8
ممیزی - فصل 3 - قسمت 10 | Momayezi - Season 3 - Episode 10,https://www.youtube.com/watch?v=rfZH8OtY8nM
بیا بنویسیم#shorts,https://www.youtube.com/watch?v=lTNW3W9e_Zc
سریال جیران - اولین تیزر قسمت 48 | Jeyran Series - Teaser Episode 48,https://www.youtube.com/watch?v=MvCPVg4LiBU
سریال جیران - دومین تیزر قسمت 48 | Jeyran Series - Teaser Episode 48,https://www.youtube.com/watch?v=6vlypphTNm0
این آقا رو میشناسی؟#shorts,https://www.youtube.com/watch?v=xosmCLLnydE
سریال نیمه شب - فصل 2 -  تیزر قسمت 14 | Nime Shab Series - Season 2 - Teaser Episode 14,https://www.youtube.com/watch?v=69WNFkNbK9s
سریال سقوط - دومین سکانس برتر قسمت 8 | Soghoot Series,https://www.youtube.com/watch?v=UJTnCmQL-A0
سریال سقوط - اولین سکانس برتر قسمت 8 | Soghoot Series,https://www.youtube.com/watch?v=TbmPuwF6CW4
چقدر سیخ حرف میزنی#shorts,https://www.youtube.com/watch?v=sJDu9JL1lK8
سریال سقوط - تیزر قسمت 8 | Soghoot Series - Teaser Episode 8,https://www.youtube.com/watch?v=Oa7LtzDjIOs
سریال نهنگ آبی - قسمت 1 | Nahange Abi Series - Episode 1,https://www.youtube.com/watch?v=-MY7K3nL9uM
عاشق نیستی، عذاب وجدان داری#shorts,https://www.youtube.com/watch?v=jkdhQpKsE2U
سریال جزیره - قسمت 11 | Jazireh Series - Episode 11,https://www.youtube.com/watch?v=GlAT8Y-NwN4
سیلوستر راستاد#shorts,https://www.youtube.com/watch?v=sG7rm82U8a8
سریال ارتش سری - فصل 1 - سکانس برتر قسمت 2 | Arteshe Serri Series - Season 1,https://www.youtube.com/watch?v=rM3qC18COug
سریال ارتش سری - فصل 1 - تیزر قسمت 2 | Arteshe Serri Series - Season 1 - Teaser Episode 2,https://www.youtube.com/watch?v=OItLi0y-1U4
سریال شبهای مافیا 4 - فصل 3 - قسمت 2 | Shabhaye Mafia 4 Series - Season 3 - Episode 2,https://www.youtube.com/watch?v=g-x1YEZaJNU
ذهن زیبای شهردار#shorts,https://www.youtube.com/watch?v=tTfTup6lw1U
سریال نیسان آبی - فصل 1 - قسمت 11 | Neysan Abi Series - Season 1 - Episode 11,https://www.youtube.com/watch?v=JoyfTCb_2O8
دروغ تابلو#shorts,https://www.youtube.com/watch?v=CopWEktftOc
باطل کنم صیغمون رو #shorts,https://www.youtube.com/watch?v=OzbZHve_gtk
با بند بند وجودم قول میدم - سریال جیران,https://www.youtube.com/watch?v=NCY-TNsMh3Q
سریال جیران - سکانس برتر قسمت 47 | Jeyran Series,https://www.youtube.com/watch?v=CzkCep139IE
الان وقتشه#shorts,https://www.youtube.com/watch?v=suZ3fooiZS0
سریال رهایم کن - سیبیلی رو که نتونم چرب کنم از ته می تراشم | Rahayam Kon Series,https://www.youtube.com/watch?v=LW81lLFUljg
سریال رهایم کن - اولین سکانس برتر قسمت 1 | Rahayam Kon Series,https://www.youtube.com/watch?v=hNRUI8Yrmac
سریال جیران - دومین تیزر قسمت 47 | Jeyran Series - Teaser Episode 47,https://www.youtube.com/watch?v=WimE_oofmEU
سریال جیران - اولین تیزر قسمت 47 | Jeyran Series - Teaser Episode 47,https://www.youtube.com/watch?v=ZeSL4qmtGFc
ممیزی - فصل 3 - قسمت 9 | Momayezi - Season 3 - Episode 9,https://www.youtube.com/watch?v=p5Ggsb1jeHM
ایران، ای سرای امید#shorts,https://www.youtube.com/watch?v=iutbayc5SBo
"هر کسی یا روز میمیرد یا شب، من شبانه روز- تیزر | Harkas Ya Shab Mimirad Ya Ruz, Man Shabane Ruz",https://www.youtube.com/watch?v=CrtRHg3ueew
سریال نیمه شب - فصل 2 -  تیزر قسمت 13 | Nime Shab Series - Season 2 - Teaser Episode 13,https://www.youtube.com/watch?v=Yd9P1y8qXYA
مگه من پارتیزانم؟#shorts,https://www.youtube.com/watch?v=_Z0D6459MrI
سریال سقوط - دومین سکانس برتر قسمت 7 | Soghoot Series,https://www.youtube.com/watch?v=E9WPlKYHcIs
سریال سقوط - اولین سکانس برتر قسمت 7 | Soghoot Series,https://www.youtube.com/watch?v=Fs-bAaDXd-8
سریال سقوط - تیزر قسمت 7 | Soghoot Series - Teaser Episode 7,https://www.youtube.com/watch?v=gLAEi0jG-ws
تو کی قاطی ما شدی؟#shorts,https://www.youtube.com/watch?v=G5F9ZOUcCok
سریال ارتش سری - فصل 1 - تیزر قسمت 1 | Arteshe Serri Series - Season 1 - Teaser Episode 1,https://www.youtube.com/watch?v=Qdxoc244N1A
سریال ارتش سری - فصل 1 - سکانس برتر قسمت 1 | Arteshe Serri Series - Season 1,https://www.youtube.com/watch?v=kCKZUcyCnZ4
سریال جزیره - قسمت 10 | Jazireh Series - Episode 10,https://www.youtube.com/watch?v=Z0SeQKjxHhY
رییس کیه؟#shorts,https://www.youtube.com/watch?v=O0l9m3cDdxU
فیلم سینمایی سلفی با دموکراسی - تیزر | Selfie Ba Democracy Movie - Teaser,https://www.youtube.com/watch?v=xeREXDpOsdc
سریال شبهای مافیا 4 - فصل 3 - قسمت 1 | Shabhaye Mafia 4 Series - Season 3 - Episode 1,https://www.youtube.com/watch?v=HIRvlpIUZLQ
شهروند تبر#shorts,https://www.youtube.com/watch?v=K09rGIqMDjc
سریال نیسان آبی - فصل 1 - قسمت 10 | Neysan Abi Series - Season 1 - Episode 10,https://www.youtube.com/watch?v=Q_mPhx3NReM
شبیه سوفیا لورنی#shorts,https://www.youtube.com/watch?v=80VNXWD1h28
خلوت ناصرالدین شاه و جیران#shorts,https://www.youtube.com/watch?v=bcM1jCLlr6s
سریال جیران - دومین سکانس برتر قسمت 46 | Jeyran Series,https://www.youtube.com/watch?v=wUdwB3n9AS0
سریال جیران - اولین سکانس برتر قسمت 46 | Jeyran Series,https://www.youtube.com/watch?v=ukCrTY53mrg
فیلم سینمایی برای مرجان - تیزر | Baraye Marjan Movie - Teaser,https://www.youtube.com/watch?v=EYkxGm4rOGE
ممیزی - فصل 3 - قسمت 8 | Momayezi - Season 3 - Episode 8,https://www.youtube.com/watch?v=QteydUAUhes
گر چوب تو آستینم کنی#shorts,https://www.youtube.com/watch?v=wu5WqagvR_w
سریال سقوط - تیزر قسمت 6 | Soghoot Series - Teaser Episode 6,https://www.youtube.com/watch?v=tPtvJ-W5T2I
سریال جیران - دومین تیزر قسمت 46 | Jeyran Series - Teaser Episode 46,https://www.youtube.com/watch?v=9vm8DvzdCoc
سریال جیران - اولین تیزر قسمت 46 | Jeyran Series - Teaser Episode 46,https://www.youtube.com/watch?v=7yJOZDRgP8g
نقشه ت لو رفت#shorts,https://www.youtube.com/watch?v=9K2xDnHrabU
سریال سقوط - اولین سکانس برتر قسمت 6 | Soghoot Series,https://www.youtube.com/watch?v=kMd1AdMQGRw
سریال سقوط - دومین سکانس برتر قسمت 6 | Soghoot Series,https://www.youtube.com/watch?v=KcH8LcqG0ZM
صدامو نمیارم پایین#shorts,https://www.youtube.com/watch?v=61mEfN3R2pg
سریال جزیره - قسمت 9 | Jazireh Series - Episode 9,https://www.youtube.com/watch?v=sD4VFtmc0zY
سریال شبهای مافیا 4 - فصل 2 - قسمت 3 | Shabhaye Mafia 4 Series - Season 2 - Episode 3,https://www.youtube.com/watch?v=8hYf6dxB7Ng
این شب رو چند بار ببینید#shorts,https://www.youtube.com/watch?v=gDKAiKDTszg
سریال نیسان آبی - فصل 1 - قسمت 9 | Neysan Abi Series - Season 1 - Episode 9,https://www.youtube.com/watch?v=NcJkMetq61g
پاچه گرفت؟! #shorts,https://www.youtube.com/watch?v=0q8dZnSZjVo
سریال جیران - سکانس برتر قسمت 45 | Jeyran Series,https://www.youtube.com/watch?v=H_rCvDeLE6U
میخوام زیر سایه پدرش باشه - سریال جیران,https://www.youtube.com/watch?v=sWsbPBSMpow
اگه نکشید بالا چی؟#shorts,https://www.youtube.com/watch?v=RJkw3dB5wxk
چند میگیری بخندی؟#shorts,https://www.youtube.com/watch?v=ePJh4YJO-T8
فیلم سینمایی چند میگیری گریه کنی 2 - تیزر | Chand Migiri Geryeh Koni 2 Movie - Teaser,https://www.youtube.com/watch?v=H7VR4euF6ac
سریال جیران - دومین تیزر قسمت 45 | Jeyran Series - Teaser Episode 45,https://www.youtube.com/watch?v=AA8rsGlRos4
سریال جیران - اولین تیزر قسمت 45 | Jeyran Series - Teaser Episode 45,https://www.youtube.com/watch?v=rbLB03KX6iI
ممیزی - فصل 3 - قسمت 7 | Momayezi - Season 3 - Episode 7,https://www.youtube.com/watch?v=ftVDimUWbkU
درد تو صداتون مشهوده#shorts,https://www.youtube.com/watch?v=rjxY27NQdIQ
فیلم سینمایی علف زار - سومین تیزر | Alafzar Movie - Teaser,https://www.youtube.com/watch?v=ZaA4vJjRdvg
سریال سقوط - قسمت 1 | Soghoot Series - Episode 1,https://www.youtube.com/watch?v=e7LD_tjtQqE
اشتباه اومدی داداش#shorts,https://www.youtube.com/watch?v=RhlN2J7sCwg
سریال سقوط - سکانس برتر قسمت 5 | Soghoot Series,https://www.youtube.com/watch?v=SQJ0CKaFlyY
ماشینشو بگردین - سریال سقوط,https://www.youtube.com/watch?v=jDK2fy394gA
سریال سقوط - تیزر قسمت 5 | Soghoot Series - Teaser Episode 5,https://www.youtube.com/watch?v=ZuGhQVqvGMo
علیرضا قربانی - موزیک ویدیو بی گناه | Alireza Ghorbani - Bi Gonah,https://www.youtube.com/watch?v=JnGcrnT7pEY
فیلم سینمایی انفرادی - دومین تیزر | Enferadi Movie - Teaser,https://www.youtube.com/watch?v=6KdhbJPM-8g
چنگال خونین#shorts,https://www.youtube.com/watch?v=mFJYHG31dLI
سریال جزیره - قسمت 8 | Jazireh Series - Episode 8,https://www.youtube.com/watch?v=rXcCffKDGko
چرا نمیرید بیرون؟#shorts,https://www.youtube.com/watch?v=GuOwA99FsqQ
سریال بی گناه - تیزر قسمت 23 | Bigonah Series - Teaser Episode 23,https://www.youtube.com/watch?v=IFjsfAKqTUs
همه ی عمرم منتظر تو بودم - سریال بی گناه,https://www.youtube.com/watch?v=B8VSL0eGrAU
سریال بی گناه - اولین سکانس برتر قسمت 23 | Bigonah Series,https://www.youtube.com/watch?v=NFBvbdqXAsM
سریال نیمه شب - فصل 2 -  تیزر قسمت 11 | Nime Shab Series - Season 2 - Teaser Episode 11,https://www.youtube.com/watch?v=kKsHkYBVgC4
سریال شبهای مافیا 4 - فصل 2 - قسمت 2 | Shabhaye Mafia 4 Series - Season 2 - Episode 2,https://www.youtube.com/watch?v=HWsgttdnvA4
کارگاه یا کاره گاه یا کارآگاه#shorts,https://www.youtube.com/watch?v=Ndn8lXPqsXo
سریال بی گناه - آنچه گذشت قسمت 22 | Bigonah Series - Teaser,https://www.youtube.com/watch?v=cLBVI9OKYzM
سریال نیسان آبی - فصل 1 - قسمت 8 | Neysan Abi Series - Season 1 - Episode 8,https://www.youtube.com/watch?v=l1G-Qph5k0o
مدیر مدرسه اومده خواستگاری#shorts,https://www.youtube.com/watch?v=9OeWGd73LAM
فیلم سینمایی انفرادی - اولین تیزر | Enferadi Movie - Teaser,https://www.youtube.com/watch?v=ZRuaR4CVcF4
بی آبرویی مظفرالدین شاه#shorts,https://www.youtube.com/watch?v=tErNAWPc3Ds
سارا و سیاوش - سریال جیران,https://www.youtube.com/watch?v=l90E-PWCZyw
سریال جیران - سکانس برتر قسمت 44 | Jeyran Series,https://www.youtube.com/watch?v=2gZ-7jZcM5U
سریال جیران - اولین تیزر قسمت 44 | Jeyran Series - Teaser Episode 44,https://www.youtube.com/watch?v=6y68Lw0hbhc
سریال جیران - دومین تیزر قسمت 44 | Jeyran Series - Teaser Episode 44,https://www.youtube.com/watch?v=QdMvaKmqEwc
ممیزی - فصل 3 - قسمت 6 | Momayezi - Season 3 - Episode 6,https://www.youtube.com/watch?v=zbEVKu8vmlU
باید کت کشی مدیرا رو بکنی#shorts,https://www.youtube.com/watch?v=P2ofsCjfHaY
این حیوان باید دیگه چیکار کنه؟#shorts,https://www.youtube.com/watch?v=mk6Y2V5KHoo
سریال سقوط - دومین سکانس برتر قسمت 4 | Soghoot Series,https://www.youtube.com/watch?v=krMwbSw1GGg
سریال سقوط - اولین سکانس برتر قسمت 4 | Soghoot Series,https://www.youtube.com/watch?v=WpTd_-SulRc
سریال مستند جوکر - قسمت 3 | Joker Series - Documentary - Episode 3,https://www.youtube.com/watch?v=cOZcEvLjuUE
نگفت ببوسش#shorts,https://www.youtube.com/watch?v=O50HrXh2mOA
سریال سقوط - تیزر قسمت 4 | Soghoot Series - Teaser Episode 4,https://www.youtube.com/watch?v=bIXFKs4HoEA
سریال سقوط - آنچه گذشت قسمت 3 | Soghoot Series - Teaser,https://www.youtube.com/watch?v=2_KLVLmm5QA
سریال جزیره - قسمت 7 | Jazireh Series - Episode 7,https://www.youtube.com/watch?v=XfekoYqNvio
دختر منه یا نه؟#shorts,https://www.youtube.com/watch?v=i0QY2Bsg3vM
سریال بی گناه - اولین سکانس برتر قسمت 22 | Bigonah Series,https://www.youtube.com/watch?v=mPhJd3eaQrY
سریال بی گناه - دومین سکانس برتر قسمت 22 | Bigonah Series,https://www.youtube.com/watch?v=vjOHIL5AIYk
اومدم رازی رو بگم که باید سال ها پیش می گفتم#shorts,https://www.youtube.com/watch?v=ABkRqwYp_eE
سریال بی گناه - تیزر قسمت 22 | Bigonah Series - Teaser Episode 22,https://www.youtube.com/watch?v=pQfsc_FKQ5A
سریال مستند جوکر - قسمت 2 | Joker Series - Documentary - Episode 2,https://www.youtube.com/watch?v=ZNUxLk_YzF8
برای اولین بار آدم باش#shorts,https://www.youtube.com/watch?v=OXJKAATXqgc
سریال نیسان آبی - فصل 1 - قسمت 7 | Neysan Abi Series - Season 1 - Episode 7,https://www.youtube.com/watch?v=r3XZkE6tWyE
پاهاش واسه من#shorts,https://www.youtube.com/watch?v=1sW3peuA-Zs
عشق ملوکانه#shorts,https://www.youtube.com/watch?v=-eR0HKR7M2E
این خاک عادت به خون داره - سریال جیران,https://www.youtube.com/watch?v=3ZF4GHG9BDE
سریال جیران - سکانس برتر قسمت 43 | Jeyran Series,https://www.youtube.com/watch?v=iWpt0yEXJxU
سریال جیران - دومین تیزر قسمت 43 | Jeyran Series - Teaser Episode 43,https://www.youtube.com/watch?v=9v7Vj5Fxsrw
سریال جیران - اولین تیزر قسمت 43 | Jeyran Series - Teaser Episode 43,https://www.youtube.com/watch?v=93Lqi6GA1Ls
فیلم سینمایی علف زار - دومین تیزر | Alafzar Movie - Teaser,https://www.youtube.com/watch?v=X0NgN-bEhD4
ممیزی - فصل 3 - قسمت 5 | Momayezi - Season 3 - Episode 5,https://www.youtube.com/watch?v=w9u0jXZcYT0
اینجاش میره قسمت بعد#shorts,https://www.youtube.com/watch?v=Dx7E9dw9RMs
فیلم سینمایی علف زار - تیزر | Alafzar Movie - Teaser,https://www.youtube.com/watch?v=mmdivZcyzyA
تو رو خدا نجاتم بدید#shorts,https://www.youtube.com/watch?v=vXAUyTCEnqY
سریال سقوط - اولین سکانس برتر قسمت 3 | Soghoot Series,https://www.youtube.com/watch?v=5WZwkn-DNOc
سریال سقوط - دومین سکانس برتر قسمت 3 | Soghoot Series,https://www.youtube.com/watch?v=rQgLBnIG65U
سریال مستند جوکر - قسمت 1 | Joker Series - Documentary - Episode 1,https://www.youtube.com/watch?v=ZPTH2t6d75c
ژاله ژوله ای#shorts,https://www.youtube.com/watch?v=LrePT3q_4y4
سریال سقوط - تیزر قسمت 3 | Soghoot Series - Teaser Episode 3,https://www.youtube.com/watch?v=QQvlF-_vkwA
سریال سقوط - آنچه گذشت قسمت 2 | Soghoot Series - Teaser,https://www.youtube.com/watch?v=vC6nzQxqhcM
سریال روزی روزگاری مریخ - سکانس برتر قسمت 26 | Roozi Roozegari Merikh Series,https://www.youtube.com/watch?v=IupHsUqoNl0
سریال روزی روزگاری مریخ - تیزر قسمت 26 | Roozi Roozegari Merikh Series - Teaser Episode 26,https://www.youtube.com/watch?v=9Bv1ajd0cFs
سریال جزیره - قسمت 6 | Jazireh Series - Episode 6,https://www.youtube.com/watch?v=1Odowbpbf8E
همه زورتو بزن#shorts,https://www.youtube.com/watch?v=v3lBJsNZRh8
سریال بی گناه - تیزر قسمت 21 | Bigonah Series - Teaser Episode 21,https://www.youtube.com/watch?v=laife6McxGI
مامان یهو خالی کرد#shorts,https://www.youtube.com/watch?v=gQSLsH-SFTU
سریال بی گناه - دومین سکانس برتر قسمت 21 | Bigonah Series,https://www.youtube.com/watch?v=eYdQH-o_Ulo
سریال بی گناه - اولین سکانس برتر قسمت 21 | Bigonah Series,https://www.youtube.com/watch?v=FWt0dQVTSPA
سریال جوکر - فصل 7 - قسمت 5 | Joker Series - Season 7 - Episode 5,https://www.youtube.com/watch?v=jbc9_aXEBwE
آهنگی vs حیایی#shorts,https://www.youtube.com/watch?v=41k1Q6STr5U
سریال نیسان آبی - فصل 1 - قسمت 6 | Neysan Abi Series - Season 1 - Episode 6,https://www.youtube.com/watch?v=bpaJSMESrLs
زودپزتو قرض می دی؟#shorts,https://www.youtube.com/watch?v=xCF2UvQAO78
چی شده عزیزترین ناصر#shorts,https://www.youtube.com/watch?v=MXnt1V3lRcM
سریال جیران - سکانس برتر قسمت 42 | Jeyran Series,https://www.youtube.com/watch?v=2CcDXfeKltI
شاه قاتل نیست - سریال جیران,https://www.youtube.com/watch?v=lHNVK2I6qrA
سریال جیران - دومین تیزر قسمت 42 | Jeyran Series - Teaser Episode 42,https://www.youtube.com/watch?v=ZIxsVbEib6A
سریال جیران - اولین تیزر قسمت 42 | Jeyran Series - Teaser Episode 42,https://www.youtube.com/watch?v=wtiDjirYJrc
ممیزی - فصل 3 - قسمت 4 | Momayezi - Season 3 - Episode 4,https://www.youtube.com/watch?v=gCHAmHAgEjs
چرا دیشب در سر شوری نداشتی؟#shorts,https://www.youtube.com/watch?v=7_Th5zvQB5A
سریال سقوط قسمت دوم#shorts,https://www.youtube.com/watch?v=GsICJ-nA9GA
سریال سقوط - دومین سکانس برتر قسمت 2 | Soghoot Series,https://www.youtube.com/watch?v=J5M1eI8gKdA
سریال سقوط - اولین سکانس برتر قسمت 2 | Soghoot Series,https://www.youtube.com/watch?v=QAwbD_xY8rw
سریال سقوط - تیزر قسمت 2 | Soghoot Series - Teaser Episode 2,https://www.youtube.com/watch?v=LTo6lKzD4wY
سریال جوکر - فصل 7 - قسمت 4 | Joker Series - Season 7 - Episode 4,https://www.youtube.com/watch?v=1IUpSsYKd2g
قوقولی قوقول اکبر عبدی#shorts,https://www.youtube.com/watch?v=YX6_Uveh30E
سریال روزی روزگاری مریخ - سکانس برتر قسمت 25 | Roozi Roozegari Merikh Series,https://www.youtube.com/watch?v=R9eveTL8hrM
سریال روزی روزگاری مریخ - تیزر قسمت 25 | Roozi Roozegari Merikh Series - Teaser Episode 25,https://www.youtube.com/watch?v=pKego9tF1Os
سریال جزیره - قسمت 5 | Jazireh Series - Episode 5,https://www.youtube.com/watch?v=7v_9SdNu6uY
اینو بزن که پست شه#shorts,https://www.youtube.com/watch?v=bt1nZX1FHOk
با عرض معذرت اصلا به تو ربطی نداره#shorts,https://www.youtube.com/watch?v=gCdswwc5w2o
می خوام بدونم پدرم کیه - سریال بی گناه,https://www.youtube.com/watch?v=7316QkD-lB8
سریال بی گناه - سکانس برتر قسمت 20 | Bigonah Series,https://www.youtube.com/watch?v=ZMGFf1Q_6Dk
سریال جوکر - فصل 7 - قسمت 3 | Joker Series - Season 7 - Episode 3,https://www.youtube.com/watch?v=0PDB9PJUfPo
سریال بی گناه - تیزر قسمت 20 | Bigonah Series - Teaser Episode 20,https://www.youtube.com/watch?v=JuUS8KZaldo
موزیک ندیده ها #shorts,https://www.youtube.com/watch?v=cvCi2JtjHlI
سریال بی گناه - آنچه گذشت قسمت 19 | Bigonah Series - Teaser,https://www.youtube.com/watch?v=VQYrQ4FivRY
سریال سقوط - تیزر قسمت 1 | Soghoot Series - Teaser Episode 1,https://www.youtube.com/watch?v=FyX_kTl0kxI
مگه تاناکورا بده؟#shorts,https://www.youtube.com/watch?v=53VG-DViCkE
سریال سقوط - دومین سکانس برتر قسمت 1 | Soghoot Series,https://www.youtube.com/watch?v=CDCOBIRWluQ
سریال سقوط - اولین سکانس برتر قسمت 1 | Soghoot Series,https://www.youtube.com/watch?v=fHGK4knt8qs
سریال نیسان آبی - فصل 1 - قسمت 5 | Neysan Abi Series - Season 1 - Episode 5,https://www.youtube.com/watch?v=lr4zhcZDSQo
واقعا راحت باشم؟#shorts,https://www.youtube.com/watch?v=udEKsGkn9tQ
سیل در گوشه ویرانه نگیرد آرام#shorts,https://www.youtube.com/watch?v=7EnPXsSSrIw
سریال جیران - سکانس برتر قسمت 41 | Jeyran Series,https://www.youtube.com/watch?v=Wp9hHuwQ8I0
موضوع این مجلس خون بچه های ماست - سریال جیران,https://www.youtube.com/watch?v=62L3Pmo0b2w
ممیزی - فصل 3 - قسمت 3 | Momayezi - Season 3 - Episode 3,https://www.youtube.com/watch?v=ot20biBveeY
نسترن یا مش حسن#shorts,https://www.youtube.com/watch?v=bRTHVtWYMO8
سریال جیران - اولین تیزر قسمت 41 | Jeyran Series - Teaser Episode 41,https://www.youtube.com/watch?v=THh5AP013FY
سریال جیران - دومین تیزر قسمت 41 | Jeyran Series - Teaser Episode 41,https://www.youtube.com/watch?v=JCxTk0v6Pog
سریال نیمه شب - فصل 1 - قسمت 30 (قسمت آخر) | Nime Shab Series - Season 1 - Episode 30,https://www.youtube.com/watch?v=1SyIA46D9ds
سریال نیمه شب فصل اول قسمت سی ام#shorts,https://www.youtube.com/watch?v=_cofpZv48L0
سریال جوکر - فصل 7 - قسمت 2 | Joker Series - Season 7 - Episode 2,https://www.youtube.com/watch?v=XUe2ODpNNNs
آهنگی، باخ می نوازد#shorts,https://www.youtube.com/watch?v=-q5BiohbILs
سریال روزی روزگاری مریخ - تیزر قسمت 24 | Roozi Roozegari Merikh Series - Teaser Episode 24,https://www.youtube.com/watch?v=1NidFZqDCcw
سریال روزی روزگاری مریخ - سکانس برتر قسمت 24 | Roozi Roozegari Merikh Series,https://www.youtube.com/watch?v=6msXwV-KF0c
سریال بی گناه - آنچه گذشت قسمت 18 | Bigonah Series - Teaser,https://www.youtube.com/watch?v=LQJ-TLudzug
سریال نیمه شب - فصل 1 - قسمت 29 | Nime Shab Series - Season 1 - Episode 29,https://www.youtube.com/watch?v=vnDKZLkje0c
سریال نیمه شب فصل اول قسمت بیست و نهم#shorts,https://www.youtube.com/watch?v=f2LfOhvJIeg
سریال جزیره - قسمت 4 | Jazireh Series - Episode 4,https://www.youtube.com/watch?v=N9AgftV_-LY
حس می کنم نگاهتو#shorts,https://www.youtube.com/watch?v=db_OGFqMoOg
چرا اسمش میاد به هم می ریزی؟#shorts,https://www.youtube.com/watch?v=xdY65coAsU8
سریال بی گناه - سکانس برتر قسمت 19 | Bigonah Series,https://www.youtube.com/watch?v=YDzqGJO0D-Y
نمیخوای بدونی عاشق کی شدم؟ - سریال بی گناه,https://www.youtube.com/watch?v=n7Nc9fz8Zuk
سریال بی گناه - تیزر قسمت 19 | Bigonah Series - Teaser Episode 19,https://www.youtube.com/watch?v=Tqx7x9glYAw
سریال جوکر - فصل 7 - قسمت 1 | Joker Series - Season 7 - Episode 1,https://www.youtube.com/watch?v=a6c6ed23Okk
سریال جوکر فصل هفتم قسمت اول#shorts,https://www.youtube.com/watch?v=3PJKrnGPW94
سریال نیسان آبی - فصل 1 - قسمت 4 | Neysan Abi Series - Season 1 - Episode 4,https://www.youtube.com/watch?v=pgay1nW06OM
لطف کردی زن من شدی#shorts,https://www.youtube.com/watch?v=0yeaFWes8Hs
قتل شاهزاده به دست خواجه - سریال جیران,https://www.youtube.com/watch?v=fEpnjN0XSro
سریال جیران - سکانس برتر قسمت 40 | Jeyran Series,https://www.youtube.com/watch?v=mjDaDxMsjxQ
انقدر روشنی که طلا شد نقره#shorts,https://www.youtube.com/watch?v=_totlGpVyOY
سریال جیران - دومین تیزر قسمت 40 | Jeyran Series - Teaser Episode 40,https://www.youtube.com/watch?v=o41i8O7AMvE
سریال جیران - اولین تیزر قسمت 40 | Jeyran Series - Teaser Episode 40,https://www.youtube.com/watch?v=iXVPcOX-VNM
سریال شبهای مافیا 4 - فصل 2 - قسمت 1 | Shabhaye Mafia 4 Series - Season 2 - Episode 1,https://www.youtube.com/watch?v=NmUhqIygZAQ
سریال روزی روزگاری مریخ - سکانس برتر قسمت 23 | Roozi Roozegari Merikh Series,https://www.youtube.com/watch?v=xIetYBR78_c
ممیزی - فصل 3 - قسمت 2 | Momayezi - Season 3 - Episode 2,https://www.youtube.com/watch?v=RH2-WEOoRlY
برنامه ممیزی فصل سوم قسمت دوم#shorts,https://www.youtube.com/watch?v=uQ5FF7DCBSc
سریال نیمه شب - فصل 1 - قسمت 28 | Nime Shab Series - Season 1 - Episode 28,https://www.youtube.com/watch?v=muUTFXPLOIM
سریال نیمه شب فصل اول قسمت بیست و هشتم#shorts,https://www.youtube.com/watch?v=DvMUWet63LI
سریال جوکر - فصل 6 - قسمت 5 | Joker Series - Season 6 - Episode 5,https://www.youtube.com/watch?v=TJL36xAiQhQ
علی انصاریان در جوکر#shorts,https://www.youtube.com/watch?v=Fv6mxvKnS-Q
بشیر ، مافیای مظلوم#shorts,https://www.youtube.com/watch?v=R7SrZRU2oOI
سریال شبهای مافیا 4 - فصل 1 - قسمت 3 | Shabhaye Mafia 4 Series - Season 1 - Episode 3,https://www.youtube.com/watch?v=IKYqXoaK7Uo
سریال نیمه شب - فصل 1 - قسمت 27 | Nime Shab Series - Season 1 - Episode 27,https://www.youtube.com/watch?v=5gPMxagrT6g
سریال نیمه شب فصل اول قسمت بیست و هفتم#shorts,https://www.youtube.com/watch?v=fcq35XK_BI4
سریال روزی روزگاری مریخ - تیزر قسمت 23 | Roozi Roozegari Merikh Series - Teaser Episode 23,https://www.youtube.com/watch?v=Z4dMO5Hk56M
سریال جزیره - قسمت 3 | Jazireh Series - Episode 3,https://www.youtube.com/watch?v=6A0nxY1n_mE
سریال جزیره قسمت سوم#shorts,https://www.youtube.com/watch?v=Xdy2GWW6epA
ماشالا با همه بوده#shorts,https://www.youtube.com/watch?v=XyEb3xrupPk
به عشق در یک نگاه اعتقاد داری؟ - سریال بی گناه,https://www.youtube.com/watch?v=uNBUSKIlUbU
سریال بی گناه - سکانس برتر قسمت 18 | Bigonah Series,https://www.youtube.com/watch?v=CmVFZ5IilMo
سریال جوکر - فصل 6 - قسمت 4 | Joker Series - Season 6 - Episode 4,https://www.youtube.com/watch?v=8l170VZL09s
طاووس عشوه ای#shorts,https://www.youtube.com/watch?v=3FFwdVgapy8
سریال جوکر فصل ششم قسمت چهارم#shorts,https://www.youtube.com/watch?v=Bd1Q9S-xDEo
سریال بی گناه - تیزر قسمت 18 | Bigonah Series - Teaser Episode 18,https://www.youtube.com/watch?v=6Ka2YMvfTkw
به خاطر عشق ، بکش#shorts,https://www.youtube.com/watch?v=Ne_UMslt9tE
سریال نیسان آبی - فصل 1 - قسمت 3 | Neysan Abi Series - Season 1 - Episode 3,https://www.youtube.com/watch?v=9MqzDRZC7yI
سریال نیسان آبی قسمت سوم#shorts,https://www.youtube.com/watch?v=31M6KxIK0pc
عشق یعنی زخم - سریال جیران,https://www.youtube.com/watch?v=GzBDM5GsDsk
سریال جیران - سکانس برتر قسمت 39 | Jeyran Series,https://www.youtube.com/watch?v=QcoGFB-uEjg
سریال شب های مافیا 4 فصل اول قسمت دوم#shorts,https://www.youtube.com/watch?v=pA-dKHccLbY
سریال شبهای مافیا 4 - فصل 1 - قسمت 2 | Shabhaye Mafia 4 Series - Season 1 - Episode 2,https://www.youtube.com/watch?v=W5ZPg7_eUPY
سریال بی گناه - فلش بک | Bi Gonah Series - Teaser,https://www.youtube.com/watch?v=6_r7hJPOmCs
سریال جیران - دومین تیزر قسمت 39 | Jeyran Series - Teaser Episode 39,https://www.youtube.com/watch?v=E3yNtB4wqA0
سریال جیران - اولین تیزر قسمت 39 | Jeyran Series - Teaser Episode 39,https://www.youtube.com/watch?v=3qY119l41sg
سریال نیمه شب - فصل 1 - قسمت 26 | Nime Shab Series - Season 1 - Episode 26,https://www.youtube.com/watch?v=RkhyQf5W0Tg
سریال نیمه شب فصل اول قسمت بیست و ششم#shorts,https://www.youtube.com/watch?v=mNRw3LY57YI
سریال جوکر - فصل 6 - قسمت 3 | Joker Series - Season 6 - Episode 3,https://www.youtube.com/watch?v=FvxAvoVM3hw
لحظه ی ورود عباس دماغ#shorts,https://www.youtube.com/watch?v=Z6_u_e3X1zQ
سریال روزی روزگاری مریخ - سکانس برتر قسمت 22 | Roozi Roozegari Merikh Series,https://www.youtube.com/watch?v=6vUL7tklC8U
ممیزی - فصل 3 - قسمت 1 | Momayezi - Season 3 - Episode 1,https://www.youtube.com/watch?v=HZuCUnC3JUQ
برنامه ممیزی فصل سوم قسمت اول#shorts,https://www.youtube.com/watch?v=HIyXtlAQ3sQ
سریال روزی روزگاری مریخ - تیزر قسمت 22 | Roozi Roozegari Merikh Series - Teaser Episode 22,https://www.youtube.com/watch?v=wRns6S_0_l8
سریال نیمه شب - فصل 1 - قسمت 25 | Nime Shab Series - Season 1 - Episode 25,https://www.youtube.com/watch?v=9XXMn5KPE0U
سریال نیمه شب  فصل اول قسمت بیست و پنجم#shorts,https://www.youtube.com/watch?v=KPQKfgzwVNA
چرا باید بره وقتی دیشب بهم حلقه داده؟#shorts,https://www.youtube.com/watch?v=fhN7rxlAQYA
سریال جزیره - قسمت 2 | Jazireh Series - Episode 2,https://www.youtube.com/watch?v=B9rziVsLUIM
سریال جزیره قسمت دوم#shorts,https://www.youtube.com/watch?v=HxaV0AdgKKI
عشق پیری - سریال بی گناه,https://www.youtube.com/watch?v=2HyMS3sIU6Q
سریال بی گناه - سکانس برتر قسمت 17 | Bigonah Series,https://www.youtube.com/watch?v=sAvWlwHnojA
سریال جوکر - فصل 6 - قسمت 2 | Joker Series - Season 6 - Episode 2,https://www.youtube.com/watch?v=_5fqfjEva9s
پیرمرد رفت به گردش#shorts,https://www.youtube.com/watch?v=KTmGJBQb0_I
سریال بی گناه - تیزر قسمت 17 | Bigonah Series - Teaser Episode 17,https://www.youtube.com/watch?v=RGGUhr2nt-w
فیلم سینمایی پولاریس - تیزر 2 | Polaris Movie - Teaser 2,https://www.youtube.com/watch?v=qGNSm1_P2JM
سریال بی گناه - آنچه گذشت قسمت 16 | Bigonah Series - Teaser,https://www.youtube.com/watch?v=c8pbjMNJUJU
سریال جیران - سکانس برتر قسمت 38 | Jeyran Series,https://www.youtube.com/watch?v=df9K4U21c3I
ترس و لرز شاه از شب نامه - سریال جیران,https://www.youtube.com/watch?v=peHqb_wYq-c
سریال جیران - اولین تیزر قسمت 38 | Jeyran Series - Teaser Episode 38,https://www.youtube.com/watch?v=oCLfWW5NnV8
تو سگ کی باشی؟#shorts,https://www.youtube.com/watch?v=BPCrs8X0Wzo
سریال جیران - دومین تیزر قسمت 38 | Jeyran Series - Teaser Episode 38,https://www.youtube.com/watch?v=XKO4-5T8F6o
سریال نیمه شب فصل اول قسمت بیست و چهارم#shorts,https://www.youtube.com/watch?v=LBlzUitJOSU
سریال نیمه شب - فصل 1 - قسمت 24 | Nime Shab Series - Season 1 - Episode 24,https://www.youtube.com/watch?v=6rpo5YNtZOg
سریال جوکر - فصل 6 - قسمت 1 | Joker Series - Season 6 - Episode 1,https://www.youtube.com/watch?v=82l43Xl47cA
سریال جوکر فصل ششم قسمت اول#shorts,https://www.youtube.com/watch?v=0dPbV2n791I
سریال روزی روزگاری مریخ - سکانس برتر قسمت 21 | Roozi Roozegari Merikh Series,https://www.youtube.com/watch?v=M1NT25FsTyA
سریال روزی روزگاری مریخ - تیزر قسمت 21 | Roozi Roozegari Merikh Series - Teaser Episode 21,https://www.youtube.com/watch?v=1pupxQbm8_A
سریال نیمه شب - فصل 1 - قسمت 23 | Nime Shab Series - Season 1 - Episode 23,https://www.youtube.com/watch?v=WMe2dlBrp7U
سریال نیمه شب فصل اول قسمت بیست و سوم#shorts,https://www.youtube.com/watch?v=pY0aZYzfgi4
چشاتو ببند#shorts,https://www.youtube.com/watch?v=tFsMC2CZuQQ
دیدم چیزی که نباید می دیدم - سریال بی گناه,https://www.youtube.com/watch?v=rM1f7wXzuuQ
سریال بی گناه - سکانس برتر قسمت 16 | Bigonah Series,https://www.youtube.com/watch?v=jnwMX3wtjtE
سریال بی گناه - تیزر قسمت 16 | Bigonah Series - Teaser Episode 16,https://www.youtube.com/watch?v=FGRYPg6WwCA
سریال بی گناه - آنچه گذشت قسمت 15 | Bigonah Series - Teaser,https://www.youtube.com/watch?v=065-GCPbjxA
سریال جوکر - فصل 5 - قسمت 4 | Joker Series - Season 5 - Episode 4,https://www.youtube.com/watch?v=ultjSd3E6nQ
سریال جوکر فصل پنجم قسمت چهارم#shorts,https://www.youtube.com/watch?v=XGLapbjCovY
سریال بی گناه - تیزر فروغ و بهمن | Bigonah Series - Teaser,https://www.youtube.com/watch?v=qSpBk_d9omA
بانو حسود السلطنه#series,https://www.youtube.com/watch?v=Bnm-B8L5CAI
سریال جیران - اولین تیزر قسمت 37 | Jeyran Series - Teaser Episode 37,https://www.youtube.com/watch?v=6JspP3QdVLQ
سریال جیران - سکانس برتر قسمت 37 | Jeyran Series,https://www.youtube.com/watch?v=zsU7Lem89Lc
سلام بر شاهزاده مظفرالدین - سریال جیران,https://www.youtube.com/watch?v=2YQs6L0pUkI
سریال جیران - دومین تیزر قسمت 37 | Jeyran Series - Teaser Episode 37,https://www.youtube.com/watch?v=d0gGUoRy5Qg
من عروس نیستم#shorts,https://www.youtube.com/watch?v=KCipbgdP7OE
سریال نیمه شب - فصل 1 - قسمت 22 | Nime Shab Series - Season 1 - Episode 22,https://www.youtube.com/watch?v=SzLyibHPNv4
سریال نیمه شب فصل اول قسمت بیست و دوم#shorts,https://www.youtube.com/watch?v=Bq41TXxYFMg
سریال جوکر - فصل 5 - قسمت 3 | Joker Series - Season 5 - Episode 3,https://www.youtube.com/watch?v=itl_DKBOAi8
سریال جوکر فصل پنجم قسمت سوم#shorts,https://www.youtube.com/watch?v=Z8ulcW6lx1g
سریال جیران - تیزر سلمان و مهد علیا | Jeyran Series - Teaser,https://www.youtube.com/watch?v=p6MRsbRF4CE
سریال روزی روزگاری مریخ - سکانس برتر قسمت 20 | Roozi Roozegari Merikh Series,https://www.youtube.com/watch?v=X0KhUa6hAfY
سریال نیمه شب - فصل 1 - قسمت 21 | Nime Shab Series - Season 1 - Episode 21,https://www.youtube.com/watch?v=0xbFAd9qe-8
سریال نیمه شب فصل اول قسمت بیست و یکم#shorts,https://www.youtube.com/watch?v=E-UOP6tKjhE
سریال روزی روزگاری مریخ - تیزر قسمت 20 | Roozi Roozegari Merikh Series - Teaser Episode 20,https://www.youtube.com/watch?v=Gi9Aq7XBYek
الان کیو دوس داری؟#shorts,https://www.youtube.com/watch?v=oj5ZwUuWyZw
سریال بی گناه - تیزر قسمت 15 | Bigonah Series - Teaser Episode 15,https://www.youtube.com/watch?v=gsAky3BiqbE
نفر سوم کیه؟ - سریال بی گناه,https://www.youtube.com/watch?v=lyxyqKjAtmM
سریال بی گناه - سکانس برتر قسمت 15 | Bigonah Series,https://www.youtube.com/watch?v=WGmGI6Cl1jQ
سریال جوکر - فصل 5 - قسمت 2 | Joker Series - Season 5 - Episode 2,https://www.youtube.com/watch?v=ZCeLWn1d3Fo
سریال جوکر فصل پنجم قسمت دوم#shorts,https://www.youtube.com/watch?v=kdCJv6dCN6o
سریال بی گناه - آنچه گذشت قسمت 14 | Bigonah Series - Teaser,https://www.youtube.com/watch?v=TAZhagWhE3M
آب بازی کنیزها و خواجه ها - سریال جیران,https://www.youtube.com/watch?v=q7Wuqb8aO9Q
سریال جیران - سکانس برتر قسمت 36 | Jeyran Series,https://www.youtube.com/watch?v=gqkHfLBlAts
سریال جیران - اولین تیزر قسمت 36 | Jeyran Series - Teaser Episode 36,https://www.youtube.com/watch?v=YP08HwjX3zY
سریال جیران - دومین تیزر قسمت 36 | Jeyran Series - Teaser Episode 36,https://www.youtube.com/watch?v=Szk7YuOJbDA
جنجال در حرمسرا#shorts,https://www.youtube.com/watch?v=qNjRUJG7FXc
سریال نیمه شب - فصل 1 - قسمت 20 | Nime Shab Series - Season 1 - Episode 20,https://www.youtube.com/watch?v=Q93eY9ZdAOY
سریال نیمه شب فصل اول قسمت بیستم#shorts,https://www.youtube.com/watch?v=mJhZurmFrss
سریال جیران - تیزر سیاوش و سارا | Jeyran Series - Teaser,https://www.youtube.com/watch?v=MGCdTeoA1J0
سریال جوکر - فصل 5 - قسمت 1 | Joker Series - Season 5 - Episode 1,https://www.youtube.com/watch?v=0utMwcarWGo
سریال جوکر فصل پنجم قسمت اول#shorts,https://www.youtube.com/watch?v=6PCQ_1HCMmg
سریال روزی روزگاری مریخ - سکانس برتر قسمت 19 | Roozi Roozegari Merikh Series,https://www.youtube.com/watch?v=wZgaWed-UIw
سریال نیمه شب - فصل 1 - قسمت 19 | Nime Shab Series - Season 1 - Episode 19,https://www.youtube.com/watch?v=vyZ1JBRjb14
سریال نیمه شب فصل اول قسمت نوزدهم#shorts,https://www.youtube.com/watch?v=K_3i_kkpIzM
سریال روزی روزگاری مریخ - تیزر قسمت 19 | Roozi Roozegari Merikh Series - Teaser Episode 19,https://www.youtube.com/watch?v=z32vKZ5C-w4
سریال بی گناه - سکانس برتر قسمت 14 | Bigonah Series,https://www.youtube.com/watch?v=6KJhknXLQGU
کاش دیگه هیج کاری نکنی - سریال بی گناه,https://www.youtube.com/watch?v=GG3GSQs10-0
کیک اشتباهی#shorts,https://www.youtube.com/watch?v=3kfFi2KLRcA
سریال بی گناه - تیزر قسمت 14 | Bigonah Series - Teaser Episode 14,https://www.youtube.com/watch?v=Gq_PKKVJUw0
سریال جوکر - فصل 4 - قسمت 4 | Joker Series - Season 4 - Episode 4,https://www.youtube.com/watch?v=lI0sJPWbMCM
سریال جوکر فصل چهارم قسمت چهارم#shorts,https://www.youtube.com/watch?v=hx-mBsuLCyY
سریال بی گناه - آنچه گذشت قسمت 13 | Bigonah Series - Teaser,https://www.youtube.com/watch?v=ch99vhN6I6A
حرمسرا همدل میشه#shorts,https://www.youtube.com/watch?v=wtjBouzJxtA
پرچم عشق همبشه در اهتزازه - سریال جیران,https://www.youtube.com/watch?v=Rm8p0DbRYQQ
سریال جیران - سکانس برتر قسمت 35 | Jeyran Series,https://www.youtube.com/watch?v=2gD0h04sa5U
سریال جیران - دومین تیزر قسمت 35 | Jeyran Series - Teaser Episode 35,https://www.youtube.com/watch?v=UIdL2Yk9yaM
سریال جیران - اولین تیزر قسمت 35 | Jeyran Series - Teaser Episode 35,https://www.youtube.com/watch?v=zGz20HryWvc
سریال نیمه شب - فصل 1 - قسمت 18 | Nime Shab Series - Season 1 - Episode 18,https://www.youtube.com/watch?v=-6Fws9xbMho
سریال نیمه شب فصل اول قسمت هجدهم#shorts,https://www.youtube.com/watch?v=ICrdMuYC9mw
سریال جوکر - فصل 4 - قسمت 3 | Joker Series - Season 4 - Episode 3,https://www.youtube.com/watch?v=rnREHanMfcs
سریال جوکر فصل چهارم قسمت سوم#shorts,https://www.youtube.com/watch?v=rK429SEhYDU
سریال روزی روزگاری مریخ - تیزر قسمت 18 | Roozi Roozegari Merikh Series - Teaser Episode 18,https://www.youtube.com/watch?v=SrbcWenSg-k
سریال نیمه شب - فصل 1 - قسمت 17 | Nime Shab Series - Season 1 - Episode 17,https://www.youtube.com/watch?v=e-VXDfZTf9U
سریال نیمه شب فصل اول قسمت هفدهم#shorts,https://www.youtube.com/watch?v=OGjrTDOEU7U
بگی نرو، نمیرم#shorts,https://www.youtube.com/watch?v=xwQo9jYex8Q
سریال بی گناه - تیزر قسمت 13 | Bigonah Series - Teaser Episode 13,https://www.youtube.com/watch?v=35DiZZhydkc
سریال بی گناه - سکانس برتر قسمت 13 | Bigonah Series,https://www.youtube.com/watch?v=0jkDheJydyQ
با اسم تو از خواب می پرید - سریال بی گناه,https://www.youtube.com/watch?v=h37x9jGcs4w
سریال جوکر - فصل 4 - قسمت 2 | Joker Series - Season 4 - Episode 2,https://www.youtube.com/watch?v=VawRgp7DrLk
سریال جوکر فصل چهارم قسمت دوم#shorts,https://www.youtube.com/watch?v=HGJpfVMdkEs
سریال بی گناه - آنچه گذشت قسمت 12 | Bigonah Series - Teaser,https://www.youtube.com/watch?v=EiLmF8MB1U0
سریال جیران - سکانس برتر قسمت 34 | Jeyran Series,https://www.youtube.com/watch?v=H8PGb1Y_FFM
سوگلی حرومزاده#shorts,https://www.youtube.com/watch?v=CleX-iiYRNM
خیانت و خون - سریال جیران,https://www.youtube.com/watch?v=ivCu0XJDqc0
سریال جیران - اولین تیزر قسمت 34 | Jeyran Series - Teaser Episode 34,https://www.youtube.com/watch?v=Hj4wuecGBms
سریال جیران - دومین تیزر قسمت 34 | Jeyran Series - Teaser Episode 34,https://www.youtube.com/watch?v=B5hLsBetH6o
سریال نیمه شب - فصل 1 - قسمت 16 | Nime Shab Series - Season 1 - Episode 16,https://www.youtube.com/watch?v=0yhufaGaitE
سریال نیمه شب فصل اول قسمت شانزدهم#shorts,https://www.youtube.com/watch?v=i2BpXLMKumg
سریال جوکر - فصل 4 - قسمت 1 | Joker Series - Season 4 - Episode 1,https://www.youtube.com/watch?v=1eOPKlO7ytQ
سریال جوکر فصل چهارم قسمت اول#shorts,https://www.youtube.com/watch?v=fiyAYiZ8rw8
سریال روزی روزگاری مریخ - سکانس برتر قسمت 17 | Roozi Roozegari Merikh Series,https://www.youtube.com/watch?v=jBguwjRWiDc
سریال روزی روزگاری مریخ - تیزر قسمت 17 | Roozi Roozegari Merikh Series - Teaser Episode 17,https://www.youtube.com/watch?v=iNJPlpqLAOo
سریال نیمه شب - فصل 1 - قسمت 15 | Nime Shab Series - Season 1 - Episode 15,https://www.youtube.com/watch?v=bekoWJIa6Wk
سریال نیمه شب فصل اول قسمت پانزدهم#shorts,https://www.youtube.com/watch?v=mlv9CzFkgz0
قاتل رسوا شد؟#shorts,https://www.youtube.com/watch?v=Oa-sDdtAkA0
هم لپتاپمو دزدیدی هم عشقمو#shorts,https://www.youtube.com/watch?v=xCpS9gSJY7M
تو بابا نداری؟ - سریال بی گناه,https://www.youtube.com/watch?v=AFgZTOGt2gQ
سریال بی گناه - سکانس برتر قسمت 12 | Bigonah Series,https://www.youtube.com/watch?v=WdC4ArYRM9Y
سریال بی گناه - تیزر قسمت 12 | Bigonah Series - Teaser Episode 12,https://www.youtube.com/watch?v=V3aAjd1whMs
سریال جوکر - فصل 3 - قسمت 4 | Joker Series - Season 3 - Episode 4,https://www.youtube.com/watch?v=ERy9IN1q8jk
سریال جوکر فصل سوم قسمت چهارم#shorts,https://www.youtube.com/watch?v=IZtbqQPC8Eg
خون پسرت بود! - سریال جیران,https://www.youtube.com/watch?v=Ziz1cuEVBDQ
سریال جیران - سکانس برتر قسمت 33 | Jeyran Series,https://www.youtube.com/watch?v=unTNFr001lw
سریال جیران - دومین تیزر قسمت 33 | Jeyran Series - Teaser Episode 33,https://www.youtube.com/watch?v=OLwPzL9NofE
سریال جیران - اولین تیزر قسمت 33 | Jeyran Series - Teaser Episode 33,https://www.youtube.com/watch?v=PzdF_wTRTkk
سریال نیمه شب - فصل 1 - قسمت 14 | Nime Shab Series - Season 1 - Episode 14,https://www.youtube.com/watch?v=WPleDgXBqHw
سریال نیمه شب فصل اول قسمت چهاردهم#shorts,https://www.youtube.com/watch?v=SRoU09ILPcM
سریال جیران - تیزر شاه و جیران | Jeyran Series - Teaser,https://www.youtube.com/watch?v=QFHAeTTzZSU
سریال جوکر - فصل 3 - قسمت 3 | Joker Series - Season 3 - Episode 3,https://www.youtube.com/watch?v=ikhSiSXsTR4
سریال جوکر فصل سوم قسمت سوم#shorts,https://www.youtube.com/watch?v=MnFfKa2k5ws
سریال روزی روزگاری مریخ - سکانس برتر قسمت 16 | Roozi Roozegari Merikh Series,https://www.youtube.com/watch?v=jjasWlR18vk
سریال روزی روزگاری مریخ - تیزر قسمت 16 | Roozi Roozegari Merikh Series - Teaser Episode 16,https://www.youtube.com/watch?v=cEV1dzbTbrQ
سریال نیمه شب - فصل 1 - قسمت 13 | Nime Shab Series - Season 1 - Episode 13,https://www.youtube.com/watch?v=0FhThGmDasc
سریال نیمه شب قصل اول قسمت سیزدهم#shorts,https://www.youtube.com/watch?v=mu55duIVo5I
بهش گفتی اومدی خونه ام؟ - سریال بی گناه,https://www.youtube.com/watch?v=7CvQzKcVUzc
سریال بی گناه - سکانس برتر قسمت 11 | Bigonah Series,https://www.youtube.com/watch?v=tvmaoirrqU4
دیدار فروغ و بهمن#shorts,https://www.youtube.com/watch?v=0RmKSEHRuZM
سریال بی گناه - تیزر قسمت 11 | Bigonah Series - Teaser Episode 11,https://www.youtube.com/watch?v=9Z6mCtMn17o
سریال جوکر - فصل 3 - قسمت 2 | Joker Series - Season 3 - Episode 2,https://www.youtube.com/watch?v=SARfZO_IzJw
سریال جوکر فصل سوم قسمت دوم#shorts,https://www.youtube.com/watch?v=bifzbBgyDEQ
سریال جیران - اولین تیزر قسمت 32 | Jeyran Series - Teaser Episode 32,https://www.youtube.com/watch?v=uxqltNRxDoA
سریال جیران - دومین تیزر قسمت 32 | Jeyran Series - Teaser Episode 32,https://www.youtube.com/watch?v=nZuz6LWobtA
غرق عشق می شدیم#shorts,https://www.youtube.com/watch?v=GJCDjSlIwFE
سریال روزی روزگاری مریخ - دومین تیزر قسمت 15 | Roozi Roozegari Merikh Series - Teaser Episode 15,https://www.youtube.com/watch?v=L96evxE5Aco
هر چی داری از جیرانه - سریال جیران,https://www.youtube.com/watch?v=aQWa7-ZWIq8
سریال جیران - سکانس برتر قسمت 32 | Jeyran Series,https://www.youtube.com/watch?v=LaTuADh2wg8
سریال بی گناه - آنچه گذشت قسمت 10 | Bigonah Series - Teaser,https://www.youtube.com/watch?v=j3g0NDmfJCU
سریال نیمه شب - فصل 1 - قسمت 12 | Nime Shab Series - Season 1 - Episode 12,https://www.youtube.com/watch?v=14lljPkBy-w
سریال نیمه شب فصل اول قسمت دوازدهم#shorts,https://www.youtube.com/watch?v=txUyU6xORYU
سریال جوکر - فصل 3 - قسمت 1 | Joker Series - Season 3 - Episode 1,https://www.youtube.com/watch?v=EYSvuOYSUCw
سریال جوکر فصل سوم قسمت اول#shorts,https://www.youtube.com/watch?v=t9VsMsK8EYQ
سریال روزی روزگاری مریخ - اولین تیزر قسمت 15 | Roozi Roozegari Merikh Series - Teaser Episode 15,https://www.youtube.com/watch?v=mWT_T6hSxFE
سریال روزی روزگاری مریخ - سکانس برتر قسمت 15 | Roozi Roozegari Merikh Series,https://www.youtube.com/watch?v=mciSWmLYm5w
سریال نیمه شب - فصل 1 - قسمت 11 | Nime Shab Series - Season 1 - Episode 11,https://www.youtube.com/watch?v=PyvHv513NtY
سریال نیمه شب فصل اول قسمت یازدهم#shorts,https://www.youtube.com/watch?v=63ITBwIOBFk
خبر بد دارم#shorts,https://www.youtube.com/watch?v=UdFP_ZAfT1I
به روح برادرم نمی دونستم - سریال بی گناه,https://www.youtube.com/watch?v=z8a_35sd-Sk
سریال بی گناه - سکانس برتر قسمت 10 | Bigonah Series,https://www.youtube.com/watch?v=S3Jq4VJS8qc
سریال بی گناه - تیزر قسمت 10 | Bigonah Series - Teaser Episode 10,https://www.youtube.com/watch?v=UZHo1-lUO-w
سریال جوکر - فصل 2 - قسمت 4 | Joker Series - Season 2 - Episode 4,https://www.youtube.com/watch?v=2QER1w5HPhc
سریال جوکر فصل دوم قسمت چهارم#shorts,https://www.youtube.com/watch?v=bgFxylqnnTo
این حرمسرا طاقت خون تازه نداره! - سریال جیران,https://www.youtube.com/watch?v=ABtgbqqg9yk
سریال جیران - سکانس برتر قسمت 31 | Jeyran Series,https://www.youtube.com/watch?v=sRjl2ZXZ5NA
سریال جیران - اولین تیزر قسمت 31 | Jeyran Series - Teaser Episode 31,https://www.youtube.com/watch?v=ypv5Hwcr6BM
سریال جیران - دومین تیزر قسمت 31 | Jeyran Series - Teaser Episode 31,https://www.youtube.com/watch?v=UptGmiAL7s0
سریال نیمه شب - فصل 1 - قسمت 10 | Nime Shab Series - Season 1 - Episode 10,https://www.youtube.com/watch?v=Pz97CEVy5CE
سریال نیمه شب فصل اول قسمت دهم#shorts,https://www.youtube.com/watch?v=kcTXSkA_XIQ
سریال جوکر - فصل 2 - قسمت 3 | Joker Series - Season 2 - Episode 3,https://www.youtube.com/watch?v=xS--FImlNDM
سریال جوکر فصل دوم قسمت سوم#shorts,https://www.youtube.com/watch?v=LZM1jeMJX30
سریال روزی روزگاری مریخ - سکانس برتر قسمت 14 | Roozi Roozegari Merikh Series,https://www.youtube.com/watch?v=KwWaMVAy7Q8
سریال روزی روزگاری مریخ - تیزر قسمت 14 | Roozi Roozegari Merikh Series - Teaser Episode 14,https://www.youtube.com/watch?v=dZA2_GvqJNU
سریال نیمه شب - فصل 1 - قسمت 9 | Nime Shab Series - Season 1 - Episode 9,https://www.youtube.com/watch?v=KbbxZ0DRS10
سریال نیمه شب فصل اول قسمت نهم#shorts,https://www.youtube.com/watch?v=5sI-KbXiEzk
چرا گفتن تو بری دنبالش؟#shorts,https://www.youtube.com/watch?v=8ZDFnkla0gw
سریال جوکر - فصل 2 - قسمت 2 | Joker Series - Season 2 - Episode 2,https://www.youtube.com/watch?v=yqFhR8vn4KY
سریال جوکر فصل دوم قسمت دوم#shorts,https://www.youtube.com/watch?v=Q2IXHSz82CY
سوگلی حرمسرا#shorts,https://www.youtube.com/watch?v=9VytQAeq57I
سریال بی گناه - سکانس برتر قسمت 9 | Bigonah Series,https://www.youtube.com/watch?v=fszhfyprskQ
اصلش نقشه ی گنجه - سریال بی گناه,https://www.youtube.com/watch?v=pD0HIXA5XOE
سریال جیران - سکانس برتر قسمت 30 | Jeyran Series,https://www.youtube.com/watch?v=YoYX7AMaTM0
جیران رو دریاب ناصر - سریال جیران,https://www.youtube.com/watch?v=LEwdnLz6b7w
سریال بی گناه - تیزر قسمت 9 | Bigonah Series - Teaser Episode 9,https://www.youtube.com/watch?v=tunDRud6HCY
سریال جیران - تیزر قسمت 30 | Jeyran Series - Teaser Episode 30,https://www.youtube.com/watch?v=jAIEN4Ndi3w
تو هنوز به هیچی لب نزدی#shorts,https://www.youtube.com/watch?v=93f0QCCFpi8
جشن پسر هوو - سریال جیران,https://www.youtube.com/watch?v=GrklgNgCZI0
امشب ازت پسر میخوام#shorts,https://www.youtube.com/watch?v=e2_I62IuFGo
دوس دارم باهام راحت باشی - سریال بی گناه,https://www.youtube.com/watch?v=xTLH02BmeYI
از دست بوسی به پا بوسی - سریال جیران,https://www.youtube.com/watch?v=XUrMmjszNL4
تو به خاطر فروغ اومدی - سریال بی گناه,https://www.youtube.com/watch?v=uwferGt8W80
سریال بی گناه - تیزر قسمت 8 | Bigonah Series - Teaser Episode 8,https://www.youtube.com/watch?v=OfYnPH0Zn3Y
سریال بی گناه - آنچه گذشت قسمت 7 | Bigonah Series - Teaser,https://www.youtube.com/watch?v=yhzMnI6dhaA
سریال جیران - تیزر قسمت 29 | Jeyran Series - Teaser Episode 29,https://www.youtube.com/watch?v=rdmh1xGopHY
سریال بی گناه - تیزر قسمت 5 | Bigonah Series - Teaser Episode 5,https://www.youtube.com/watch?v=gRnioKY7cGA
اگه قاتلم رسوام کن#shorts,https://www.youtube.com/watch?v=mFIEAekhGi8
عادت با عشق فرق می کنه#shorts,https://www.youtube.com/watch?v=kwtlI0TotUM
خبر ویژه برای ناصرالدین شاه#shorts,https://www.youtube.com/watch?v=XjB0hyMk7JI
سریال بی گناه - سکانس برتر قسمت 7 | Bigonah Series,https://www.youtube.com/watch?v=b-L3VP92-0o
فقط خفه شو جیکت در نیاد - سریال بی گناه,https://www.youtube.com/watch?v=64rBPFs4fQw
خیر از دل شر بیرون میاد - سریال جیران,https://www.youtube.com/watch?v=YNmeCNFQLYM
اسمش ارگه رسمش مرگ - سریال جیران,https://www.youtube.com/watch?v=L9OGn8nOtso
سریال روزی روزگاری مریخ - سکانس برتر قسمت 13 | Roozi Roozegari Merikh Series,https://www.youtube.com/watch?v=D5AlYVZN5_E
سریال بی گناه - تیزر قسمت 7 | Bigonah Series - Teaser Episode 7,https://www.youtube.com/watch?v=iE41DM8YBbo
سریال روزی روزگاری مریخ - سکانس برتر قسمت 12 | Roozi Roozegari Merikh Series,https://www.youtube.com/watch?v=lkRvhk4ktXc
سریال روزی روزگاری مریخ - تیزر قسمت 12 | Roozi Roozegari Merikh Series - Teaser Episode 12,https://www.youtube.com/watch?v=HMs7-icMOSM
درخت عشق - سریال جیران,https://www.youtube.com/watch?v=67f43f70k3w
همیشه عاشقت میمونم - سریال بی گناه,https://www.youtube.com/watch?v=fvI3jVjay40
کوچیک بودی چیکاره میخواستی بشی؟#shorts,https://www.youtube.com/watch?v=N1giJrd8zY8
کشته شد - سریال جیران,https://www.youtube.com/watch?v=RgVGlZsy6CU
سریال بی گناه - سکانس برتر قسمت 6 | Bigonah Series,https://www.youtube.com/watch?v=VK2F2Dia0hM
سریال جیران - تیزر قسمت 27 | Jeyran Series - Teaser Episode 27,https://www.youtube.com/watch?v=tsBgcZB96HQ
سریال بی گناه - تیزر قسمت 6 | Bigonah Series - Teaser Episode 6,https://www.youtube.com/watch?v=0VVM5A5TgFA
سریال جیران - تیزر قسمت 26 | Jeyran Series - Teaser Episode 26,https://www.youtube.com/watch?v=uLWQVFlGF3k
من اشتباه کردم، اون همه آدم دیگه چی؟#shorts,https://www.youtube.com/watch?v=yMIvA6CrlBE
سریال جیران - سکانس برتر قسمت 26 | Jeyran Series,https://www.youtube.com/watch?v=zEQdALkTHVc
کلا نگرانشم - سریال بی گناه,https://www.youtube.com/watch?v=AvUO5opAQgw
چرا پسر زایید؟#shorts,https://www.youtube.com/watch?v=PpaTjGVxkjc
شیر پسری به دنیا اومد - سریال جیران,https://www.youtube.com/watch?v=SDo7d4-0-7I
ما دوتا دوست ساده ایم، دوست معمولی - سریال بی گناه,https://www.youtube.com/watch?v=MkhiiTHT3oc
سریال روزی روزگاری مریخ - سکانس برتر قسمت 11 | Roozi Roozegari Merikh Series,https://www.youtube.com/watch?v=OCGjQqsibYA
سریال روزی روزگاری مریخ - تیزر قسمت 11 | Roozi Roozegari Merikh Series - Teaser Episode 11,https://www.youtube.com/watch?v=N0U_vM-GWhQ
سریال نهنگ آبی - سکانس برتر قسمت 4 | Nahange Abi Series,https://www.youtube.com/watch?v=T3F5yXIjPJM
سریال نهنگ آبی - سکانس برتر قسمت 3 | Nahange Abi Series,https://www.youtube.com/watch?v=2sGlfdZRlOg
سریال نهنگ آبی - سکانس برتر قسمت 2 | Nahange Abi Series,https://www.youtube.com/watch?v=jpz2r0eKo5Y
سریال نهنگ آبی - سکانس برتر قسمت 1 | Nahange Abi Series,https://www.youtube.com/watch?v=KuLxaiYV4D4
سریال نیمه شب - فصل 1 - قسمت 8 | Nime Shab Series - Season 1 - Episode 8,https://www.youtube.com/watch?v=5n6DnyhxPwI
سریال نیمه شب فصل اول قسمت هشتم#shorts,https://www.youtube.com/watch?v=rsi_rCmkZ4o
سریال بی گناه - تیزر قسمت 1 | Bigonah Series - Teaser Episode 1,https://www.youtube.com/watch?v=bGxbKJ4lt_E
سریال نیمه شب - فصل 2 -  تیزر قسمت 10 | Nime Shab Series - Season 2 - Teaser Episode 10,https://www.youtube.com/watch?v=u1xSbsGGIX8
حماقت کردن - سریال یاغی,https://www.youtube.com/watch?v=ERkKOqp2IS8
ببخشید طلا - سریال یاغی,https://www.youtube.com/watch?v=sFze7yojSaE
اولشو نگیم آخرشم نگیم#shorts,https://www.youtube.com/watch?v=oymYGU2KexQ
من تو رو بخاطر خودت دوست داشتم#shorts,https://www.youtube.com/watch?v=VHAoz7mUsnA
سریال جوکر - فصل 2 - قسمت 1 | Joker Series - Season 2 - Episode 1,https://www.youtube.com/watch?v=msYgmHLuQ7M
سریال جوکر فصل دوم قسمت اول#shorts,https://www.youtube.com/watch?v=9e3EEH9yPAE
سریال روزی روزگاری مریخ - تیزر قسمت 10 | Roozi Roozegari Merikh Series - Teaser Episode 10,https://www.youtube.com/watch?v=Q4XWOS5Tjrk
سریال روزی روزگاری مریخ - سکانس برتر قسمت 10 | Roozi Roozegari Merikh Series,https://www.youtube.com/watch?v=sf867Nsim4g
سریال نیمه شب - فصل 1 - قسمت 7 | Nime Shab Series - Season 1 - Episode 7,https://www.youtube.com/watch?v=5XzuO8-4xYg
سریال نیمه شب فصل اول قسمت هفتم#shorts,https://www.youtube.com/watch?v=j5aIapzvs3o
سریال بی گناه قسمت اول#shorts,https://www.youtube.com/watch?v=ajwxX-yP3Vg
سریال بی گناه - قسمت 1 | Bigonah Series - Episode 1,https://www.youtube.com/watch?v=pBXzzy1Gb84
شاه عاشق#shorts,https://www.youtube.com/watch?v=iFKm8ApZJYk
جیران زن قدرتمندیه ولی تا لحظه اعدام#shorts,https://www.youtube.com/watch?v=pLzunM0gZHw
سریال بی گناه - تیزر قسمت 4 | Bigonah Series - Teaser Episode 4,https://www.youtube.com/watch?v=jF-MV6tkro4
سریال بی گناه - سکانس برتر قسمت 4 | Bigonah Series,https://www.youtube.com/watch?v=ZVjZnv8QOaw
نیومدم گله کنم، شکایت دارم - سریال بی گناه,https://www.youtube.com/watch?v=2ix26vr7Yp0
سریال جوکر فصل اول قسمت چهارم#shorts,https://www.youtube.com/watch?v=wRa6vaWyJB8
سریال جوکر - فصل 1 - قسمت 4 | Joker Series - Season 1 - Episode 4,https://www.youtube.com/watch?v=Yy_bXdNF1Hc
باخت ما نتیجه بد شانسی بود! - سریال جیران,https://www.youtube.com/watch?v=seIcR0zCsvw
از خون این جوان بگذرید - سریال جیران,https://www.youtube.com/watch?v=DuTZdsEkE2Q
میتونی قبرشو بکنی؟ - سریال جیران,https://www.youtube.com/watch?v=R5fwR8dXXPc
تیری بود در تاریکی - سریال جیران,https://www.youtube.com/watch?v=T9fpRV921WQ
"سریال جیران - تیزر قسمت 24 و 25 | Jeyran Series - Teaser Episode 24 , 25",https://www.youtube.com/watch?v=PcEFk9kvtQw
سریال جیران - تیزر قسمت 25 | Jeyran Series - Teaser Episode 25,https://www.youtube.com/watch?v=aNZtwWMVbUY
ممیزی - فصل 2 - قسمت 85 | Momayezi - Season 2 - Episode 85,https://www.youtube.com/watch?v=qbnho5bzjrI
برنامه ممیزی فصل دوم قسمت هشتاد و پنجم#shorts,https://www.youtube.com/watch?v=_nxArQ6LGCk
ممیزی - تیزر - یاغی | Momayezi - Teaser,https://www.youtube.com/watch?v=Wm5c3yM96Z0
سریال جیران - تیزر قسمت های 1 تا 24 | Jeyran Series - Teaser Episode 1 - 24,https://www.youtube.com/watch?v=9Lqxck5Vst4
سریال نیمه شب - فصل 1 - قسمت 6 | Nime Shab Series - Season 1 - Episode 6,https://www.youtube.com/watch?v=B6k6VYQGVxI
سریال نیمه شب فصل اول قسمت ششم#shorts,https://www.youtube.com/watch?v=-th3OUOFcbk
سریال جیران - تیزر قسمت 24 | Jeyran Series - Teaser Episode 24,https://www.youtube.com/watch?v=6eLVyZno0w8
یه اشتباه بکنیم، یه خطا بکنیم، نسخه هممون پیچیده اس - سریال یاغی,https://www.youtube.com/watch?v=AhVOEtqa6as
سریال یاغی - سکانس برتر قسمت 19 | Yaghi Series,https://www.youtube.com/watch?v=Cg2rU6-iXos
سریال نیمه شب - فصل 2 -  تیزر قسمت 9 | Nime Shab Series - Season 2 - Teaser Episode 9,https://www.youtube.com/watch?v=DlSIjImd530
سریال جوکر - فصل 1 - قسمت 3 | Joker Series - Season 1 - Episode 3,https://www.youtube.com/watch?v=EIjECMWrLsQ
سریال جوکر فصل اول قسمت سوم#shorts,https://www.youtube.com/watch?v=hgYDT9pdmKQ
سریال روزی روزگاری مریخ - تیزر قسمت 9 | Roozi Roozegari Merikh Series - Teaser Episode 9,https://www.youtube.com/watch?v=n9_ZG0r45gw
سریال روزی روزگاری مریخ - سکانس برتر قسمت 9 | Roozi Roozegari Merikh Series,https://www.youtube.com/watch?v=7KxpCXgaoX0
سریال جوکر فصل اول قسمت دوم#shorts,https://www.youtube.com/watch?v=V107UmJ9nJ4
سریال نیمه شب - فصل 1 - قسمت 5 | Nime Shab Series - Season 1 - Episode 5,https://www.youtube.com/watch?v=319s3Nzwu3w
سریال نیمه شب  فصل اول قسمت پنجم#shorts,https://www.youtube.com/watch?v=_0HQJol6jBk
سریال یاغی - آنچه گذشت قسمت 18 | Yaghi Series - Teaser,https://www.youtube.com/watch?v=xfpUP4faUf0
سریال روزی روزگاری مریخ - تیزر پشت صحنه 2 | Roozi Roozegari Merikh Series - Teaser Backstage 2,https://www.youtube.com/watch?v=ax4n2zjsDAQ
سریال بی گناه - تیزر قسمت 3 | Bigonah Series - Teaser Episode 3,https://www.youtube.com/watch?v=6CMDwcB5rk0
سریال بی گناه - سکانس برتر قسمت 3 | Bigonah Series,https://www.youtube.com/watch?v=m_pXAxJvcA8
دلت هم مثل خودت دروغ میگه - سریال بی گناه,https://www.youtube.com/watch?v=4ffJQZnABLg
سریال جوکر - فصل 1 - قسمت 2 | Joker Series - Season 1 - Episode 2,https://www.youtube.com/watch?v=fpKa3aQSHYQ
ممیزی - فصل 2 - قسمت 84 | Momayezi - Season 2 - Episode 84,https://www.youtube.com/watch?v=gVH8S7OYBKs
برنامه ممیزی فصل دوم قسمت هشتاد و چهارم#shorts,https://www.youtube.com/watch?v=F1vzXB421hc
کار سختی پیش رو داره - سریال یاغی,https://www.youtube.com/watch?v=DqnOc41NLCE
زخم عشقه - سریال یاغی,https://www.youtube.com/watch?v=GEtu-xAUNjQ
سریال روزی روزگاری مریخ - سکانس برتر قسمت 8 | Roozi Roozegari Merikh Series,https://www.youtube.com/watch?v=xxm73G-7sjg
سریال روزی روزگاری مریخ - تیزر قسمت 8 | Roozi Roozegari Merikh Series - Teaser Episode 8,https://www.youtube.com/watch?v=VZzALb2Axp0
سریال یاغی - آنچه گذشت قسمت 17 | Yaghi Series - Teaser,https://www.youtube.com/watch?v=H3zWCIRTycM
سریال بی گناه - سکانس برتر قسمت 2 | Bigonah Series,https://www.youtube.com/watch?v=_3Y8iDpgLR8
شک داری به من؟ - سریال بی گناه,https://www.youtube.com/watch?v=KMBjX_ZH1PY
سریال بی گناه - تیزر قسمت 2 | Bigonah Series - Teaser Episode 2,https://www.youtube.com/watch?v=ZzA32SLTkzw
ممیزی - فصل 2 - قسمت 83 | Momayezi - Season 2 - Episode 83,https://www.youtube.com/watch?v=cZq4w8SSFmQ
برنامه ممیزی فصل دوم قسمت هشتاد و سوم#shorts,https://www.youtube.com/watch?v=kIqm915R5Bg
سریال بی گناه - آنچه گذشت قسمت 1 | Bigonah Series - Teaser,https://www.youtube.com/watch?v=0LZOwJemXZg
ممیزی - فصل 2 - قسمت 82 | Momayezi - Season 2 - Episode 82,https://www.youtube.com/watch?v=6j0Vothhm3k
برنامه ممیزی فصل دوم قسمت هشتاد ودوم#shorts,https://www.youtube.com/watch?v=efQv2qD8LmE
عشق میکنی کجا آوردمتون - سریال یاغی,https://www.youtube.com/watch?v=an7jObE7L9Y
من سرم بره حرفم نمیره - سریال یاغی,https://www.youtube.com/watch?v=FZtP6neo-_o
سریال یاغی - آنچه گذشت قسمت 16 | Yaghi Series - Teaser,https://www.youtube.com/watch?v=Xs3TIB58lw8
سریال روزی روزگاری مریخ - تیزر پشت صحنه 1 | Roozi Roozegari Merikh Series - Teaser Backstage 1,https://www.youtube.com/watch?v=reP8Dl5N_hw
سریال روزی روزگاری مریخ - تیزر خلاصه قسمت های 1 تا 6  | Roozi Roozegari Merikh Series - Teaser 1- 6,https://www.youtube.com/watch?v=KcuPzJbj5fI
سریال روزی روزگاری مریخ - تیزر قسمت 7 | Roozi Roozegari Merikh Series - Teaser Episode 7,https://www.youtube.com/watch?v=vF5MW8NXczw
سریال روزی روزگاری مریخ - سکانس برتر قسمت 7 | Roozi Roozegari Merikh Series,https://www.youtube.com/watch?v=xSLcRSIg3rM
سریال بی گناه - سکانس برتر قسمت 1 | Bigonah Series,https://www.youtube.com/watch?v=RAXIhQkPBLo
امشب چندتا سورپرایز دارم - سریال بی گناه,https://www.youtube.com/watch?v=z4HMO3WoPxY
ممیزی - فصل 2 - قسمت 81 | Momayezi - Season 2 - Episode 81,https://www.youtube.com/watch?v=pPj8ofMzxJY
برنامه ممیزی فصل دوم قسمت هشتاد ویکم#shorts,https://www.youtube.com/watch?v=mLdQIsFa234
سریال یاغی - آنچه گذشت قسمت 15 | Yaghi Series - Teaser,https://www.youtube.com/watch?v=NCjcoJj_qrE
سریال یاغی - تیزر اسی و علی گرگین | Yaghi Series - Teaser Essi & Ali Gorgin,https://www.youtube.com/watch?v=BVe2_Pqb2Kw
ممیزی - فصل 2 - قسمت 80 | Momayezi - Season 2 - Episode 80,https://www.youtube.com/watch?v=0PKnASP3z2c
برنامه ممیزی فصل دوم قسمت هشتادم#shorts,https://www.youtube.com/watch?v=19yjsVa3HKk
این بچه ها گرگن - سریال یاغی,https://www.youtube.com/watch?v=c8bwoYVEWB4
گزینه بعدی دارم برای تیم ملی - سریال یاغی,https://www.youtube.com/watch?v=6oXD46DtnNM
سریال نیمه شب - فصل 2 -  تیزر قسمت 6 | Nime Shab Series - Season 2 - Teaser Episode 6,https://www.youtube.com/watch?v=I87JBOQT9NQ
سریال روزی روزگاری مریخ - سکانس برتر قسمت 6 | Roozi Roozegari Merikh Series,https://www.youtube.com/watch?v=-MrJfj8enyg
سریال روزی روزگاری مریخ - تیزر قسمت 6 | Roozi Roozegari Merikh Series - Teaser Episode 6,https://www.youtube.com/watch?v=Yx4OYm5HVk4
سریال یاغی - تیزر امید و جاوید | Yaghi Series - Teaser Omid & Javid,https://www.youtube.com/watch?v=13xpgDSiNLI
سریال شام ایرانی 2 فصل نهم قسمت چهارم#shorts,https://www.youtube.com/watch?v=SGVjoldBaa8
سریال جادوگر - سکانس برتر قسمت 13 | Jadoogar Series,https://www.youtube.com/watch?v=kd3wiLm9F9I
سریال جادوگر - تیزر قسمت 13 | Jadoogar Series - Teaser Episode 13,https://www.youtube.com/watch?v=T5cISmf21Fc
ممیزی - فصل 2 - قسمت 79 | Momayezi - Season 2 - Episode 79,https://www.youtube.com/watch?v=pB1ASgglGdU
برنامه ممیزی فصل دوم قسمت هفتاد و نهم#shorts,https://www.youtube.com/watch?v=l24ljDhpOIE
ممیزی - فصل 2 - قسمت 78 | Momayezi - Season 2 - Episode 78,https://www.youtube.com/watch?v=2RemK8bLwr8
برنامه ممیزی فصل دوم قسمت هفتاد وهشتم#shorts,https://www.youtube.com/watch?v=AcQ8By2pVF0
ممیزی - تیزر - بیا بنویسیم | Momayezi - Teaser,https://www.youtube.com/watch?v=keHTNfFpsQE
نشنیدم! واسه کی کار میکنی؟ - سریال یاغی,https://www.youtube.com/watch?v=u8VjDsU6VP0
متاسفانه از باشگاه ما کسی قبول نشده - سریال یاغی,https://www.youtube.com/watch?v=w0-tJFjNQnY
سریال یاغی - آنچه گذشت قسمت 14 | Yaghi Series - Teaser,https://www.youtube.com/watch?v=Q3f_tlx6-rg
سریال نیمه شب - فصل 2 -  تیزر قسمت 5 | Nime Shab Series - Season 2 - Teaser Episode 5,https://www.youtube.com/watch?v=j_1kjzZPDAE
سریال شام ایرانی 2 - فصل 9 - قسمت 3 | Serial Shame Irani 2 - Season 9 - Episode 3,https://www.youtube.com/watch?v=Cd7KNBEkJHk
سریال شام ایرانی 2 فصل نهم قسمت سوم#shorts,https://www.youtube.com/watch?v=tbNAfBJgnqw
سریال روزی روزگاری مریخ - سکانس برتر قسمت 5 | Roozi Roozegari Merikh Series,https://www.youtube.com/watch?v=f_CrYhoYI_8
سریال یاغی - تیزر بهمن و رحمان | Yaghi Series - Teaser Bahman & Rahman,https://www.youtube.com/watch?v=T5Lm_PhuBT0
سریال یاغی - آنچه گذشت قسمت 13 | Yaghi Series - Teaser,https://www.youtube.com/watch?v=BbNtSRr2HbQ
سریال روزی روزگاری مریخ - تیزر قسمت 5 | Roozi Roozegari Merikh Series - Teaser Episode 5,https://www.youtube.com/watch?v=kYtZJuGyuXc
سریال شام ایرانی 2 - فصل 9 - قسمت 2 | Serial Shame Irani 2 - Season 9 - Episode 2,https://www.youtube.com/watch?v=LPwciUypEWA
سریال شام ایرانی 2 فصل نهم قسمت دوم#shorts,https://www.youtube.com/watch?v=2rgDfkgZmWM
سریال جادوگر - تیزر قسمت 12 | Jadoogar Series - Teaser Episode 12,https://www.youtube.com/watch?v=2fz5wfUYfQM
سریال جادوگر - سکانس برتر قسمت 12 | Jadoogar Series,https://www.youtube.com/watch?v=zbSSww0k0Bw
ممیزی - فصل 2 - قسمت 77 | Momayezi - Season 2 - Episode 77,https://www.youtube.com/watch?v=yu-3DEYIt8Y
برنامه ممیزی فصل دوم قسمت هفتاد و هفتم#shorts,https://www.youtube.com/watch?v=mB3Cgs5bC9E
مربوط به تصادف پدرمه! - سریال یاغی,https://www.youtube.com/watch?v=OL3TBqt1Tuk
برات سورپرایز دارم! - سریال یاغی,https://www.youtube.com/watch?v=ZCN6lopjsNg
ممیزی - فصل 2 - قسمت 76 | Momayezi - Season 2 - Episode 76,https://www.youtube.com/watch?v=4XXSKYACsxw
برنامه ممیزی فصل دوم قسمت هفتاد وششم#shorts,https://www.youtube.com/watch?v=4jWPWuIW15o
ممیزی - فصل 2 - قسمت 75 | Momayezi - Season 2 - Episode 75,https://www.youtube.com/watch?v=kimB0SsC8Wo
شیش دنگ باش رحمان - سریال یاغی,https://www.youtube.com/watch?v=wJB9ynhEukE
چرا من باید این آدمو بکشم؟ - سریال یاغی,https://www.youtube.com/watch?v=Tuwqh_TPwD8
سریال شام ایرانی 2 - فصل 9 - قسمت 1 | Serial Shame Irani 2 - Season 9 - Episode 1,https://www.youtube.com/watch?v=AbMQaduyoLU
سریال شام ایرانی 2 فصل نهم قسمت اول#shorts,https://www.youtube.com/watch?v=iHJAPmUXqaI
سریال شام ایرانی 2 فصل هشتم قسمت چهارم#shorts,https://www.youtube.com/watch?v=L8l-VBt-yDk
برنامه ممیزی فصل دوم قسمت هفتاد و پنجم#shorts,https://www.youtube.com/watch?v=vUMMNc8zheM
ممیزی - فصل 2 - قسمت 74 | Momayezi - Season 2 - Episode 74,https://www.youtube.com/watch?v=BSqMn02xutk
برنامه ممیزی فصل دوم قسمت هفتاد و چهارم#shorts,https://www.youtube.com/watch?v=ZvQnAAMAUXw
زن اومد - سریال یاغی,https://www.youtube.com/watch?v=Xb-OLCVy2oo
جاوید هراسان از خونه بیرون زد - سریال یاغی,https://www.youtube.com/watch?v=incramOXLiM
سریال یاغی - آنچه گذشت قسمت 11 | Yaghi Series - Teaser,https://www.youtube.com/watch?v=JEaxshmR0p4
سریال شام ایرانی 2 - فصل 8 - قسمت 3 | Serial Shame Irani 2 - Season 8 - Episode 3,https://www.youtube.com/watch?v=d_QBk5yPGLU
سریال شام ایرانی 2 فصل هشتم قسمت سوم#shorts,https://www.youtube.com/watch?v=AXSmh6KIruI
سریال یاغی - تیزر جاوید و عاطی | Yaghi Series - Teaser Javid & Ati,https://www.youtube.com/watch?v=HJvrFDAeBv8
سریال روزی روزگاری مریخ - تیزر قسمت 4 | Roozi Roozegari Merikh Series - Teaser Episode 4,https://www.youtube.com/watch?v=Z1hBwoqGID4
سریال شام ایرانی 2 - فصل 8 - قسمت 2 | Serial Shame Irani 2 - Season 8 - Episode 2,https://www.youtube.com/watch?v=TgxFrWtroMg
سریال شام ایرانی 2 فصل هشتم قسمت دوم#shorts,https://www.youtube.com/watch?v=C8PmPuqIFec
ممیزی - فصل 2 - قسمت 73 | Momayezi - Season 2 - Episode 73,https://www.youtube.com/watch?v=VxQWFDPVD2I
برنامه ممیزی فصل دوم قسمت هفتاد وسوم#shorts,https://www.youtube.com/watch?v=knSsivPj-XM
سریال مستند جوکر - دومین تیزر قسمت 3 | Joker Series - Documentary - Teaser Episode 3,https://www.youtube.com/watch?v=BjuubTD8QTA
سریال نیمه شب - فصل 2 -  تیزر قسمت 4 | Nime Shab Series - Season 2 - Teaser Episode 4,https://www.youtube.com/watch?v=fLXORCXyJCg
سریال جادوگر - سکانس برتر قسمت 11 | Jadoogar Series,https://www.youtube.com/watch?v=J8WGSYkZaFA
ممیزی - تیزر - شوخیه مگه؟ | Momayezi - Teaser,https://www.youtube.com/watch?v=paLf_llPiMc
ممیزی - فصل 2 - قسمت 72 | Momayezi - Season 2 - Episode 72,https://www.youtube.com/watch?v=VU4K8n0v89I
برنامه ممیزی فصل دوم قسمت هفتاد و دوم#shorts,https://www.youtube.com/watch?v=R3e0VdzwUNc
پیدا کردن عاطی، با من - سریال یاغی,https://www.youtube.com/watch?v=Q4MrUj-llac
شیما چه جوری فرار کرده؟ - سریال یاغی,https://www.youtube.com/watch?v=Ij4kSPotzMg
سریال مستند جوکر - اولین تیزر قسمت 3 | Joker Series - Documentary - Teaser Episode 3,https://www.youtube.com/watch?v=S2l0MvnBLqI
سریال شام ایرانی 2 - فصل 8 - قسمت 1 | Serial Shame Irani 2 - Season 8 - Episode 1,https://www.youtube.com/watch?v=8c5k0u902x8
سریال شام ایرانی 2 فصل هشتم قسمت اول#shorts,https://www.youtube.com/watch?v=LlRKfp2lPvM
سریال روزی روزگاری مریخ - سکانس برتر قسمت 4 | Roozi Roozegari Merikh Series,https://www.youtube.com/watch?v=7-w9nB3_K5E
سریال روزی روزگاری مریخ - تیزر قسمتهای 1 و 2 | Roozi Roozegari Merikh Series - Teaser Episodes 1 & 2,https://www.youtube.com/watch?v=o4UEN60qZC8
سریال شام ایرانی 2 - فصل 7 - قسمت 4 | Serial Shame Irani 2 - Season 7 - Episode 4,https://www.youtube.com/watch?v=XpmhqzZbg3M
سریال شام ایرانی 2 فصل هفتم قسمت چهارم#shorts,https://www.youtube.com/watch?v=2Obmxf0DBFM
سریال جادوگر - تیزر قسمت 11 | Jadoogar Series - Teaser Episode 11,https://www.youtube.com/watch?v=cnBrMeeM2zk
ممیزی - فصل 2 - قسمت 71 | Momayezi - Season 2 - Episode 71,https://www.youtube.com/watch?v=-KHogt7SfXI
برنامه ممیزی فصل دوم قسمت هفتاد و یکم#shorts,https://www.youtube.com/watch?v=UHfNxQPkd6s
سریال یاغی - استوری بورد | Yaghi Series - Story Board,https://www.youtube.com/watch?v=GYvGhqkuWNk
فیلم سینمایی آتابای - تیزر 3 | Atabai Movie - Teaser 3,https://www.youtube.com/watch?v=bmkdDATdw4U
ممیزی - فصل 2 - قسمت 70 | Momayezi - Season 2 - Episode 70,https://www.youtube.com/watch?v=zdzS7MN7SX8
برنامه ممیزی فصل دوم قسمت هفتادم#shorts,https://www.youtube.com/watch?v=LZS36v_IbBE
روز اول بهت گفتم رفیق بازی ممنوع - سریال یاغی,https://www.youtube.com/watch?v=-y8Jcv27RfQ
وا بده بذار نفس بکشیم - سریال یاغی,https://www.youtube.com/watch?v=7JtSskQt9uA
سریال ساخت ایران - فصل 3 - تیزر قسمت 21 | Sakhte Iran Series - Season 3 - Teaser Episode 21,https://www.youtube.com/watch?v=qnlXw8MO8B4
سریال ساخت ایران - فصل 3 - سکانس برتر قسمت 21 | Sakhte Iran Series - Season 3,https://www.youtube.com/watch?v=zrQtcxSDJiA
زود قضاوت نکنید - سریال ساخت ایران - فصل 3,https://www.youtube.com/watch?v=ntYgBkh5DL8
سریال شام ایرانی 2 - فصل 7 - قسمت 3 | Serial Shame Irani 2 - Season 7 - Episode 3,https://www.youtube.com/watch?v=clQI6yW8e58
سریال شام ایرانی 2 فصل هفتم قسمت سوم#shorts,https://www.youtube.com/watch?v=sBZ-jfPkETE
سریال مستند جوکر - تیزر قسمت 2 | Joker Series - Documentary - Teaser Episode 2,https://www.youtube.com/watch?v=9BAAGIc9tnY
سریال روزی روزگاری مریخ - تیزر قسمت 3 | Roozi Roozegari Merikh Series - Teaser Episode 3,https://www.youtube.com/watch?v=eirh5ybSBak
سریال مستند جوکر - سکانس برتر قسمت 2 | Joker Series - Episode 2,https://www.youtube.com/watch?v=k6gTSTFhhjs
اما - سریال مستند جوکر,https://www.youtube.com/watch?v=MXhG6F85G8A
سریال شام ایرانی 2 - فصل 7 - قسمت 2 | Serial Shame Irani 2 - Season 7 - Episode 2,https://www.youtube.com/watch?v=fzjVsRFETKY
سریال شام ایرانی 2 فصل هفتم قسمت دوم#shorts,https://www.youtube.com/watch?v=6ipkCRvM-wc
فیلم سینمایی آتابای - تیزر 2 | Atabai Movie - Teaser 2,https://www.youtube.com/watch?v=ew3ezTeXgP8
سریال جادوگر - تیزر قسمت 10 | Jadoogar Series - Teaser Episode 10,https://www.youtube.com/watch?v=7QS5Du8e924
ممیزی - فصل 2 - قسمت 69 | Momayezi - Season 2 - Episode 69,https://www.youtube.com/watch?v=k2fmp_9ATCQ
برنامه ممیزی فصل دوم قسمت شصت و نهم#shorts,https://www.youtube.com/watch?v=RhGkLXT6OP4
سریال روزی روزگاری مریخ - تیزر قسمت 2 | Roozi Roozegari Merikh Series - Teaser Episode 2,https://www.youtube.com/watch?v=os3R2Osnrhk
کنیز شاه شدم، بخاطر تو! - سریال جیران,https://www.youtube.com/watch?v=3_DwaxEjxBA
سریال جیران - سکانس برتر قسمت 23 | Jeyran Series,https://www.youtube.com/watch?v=7MbYZxbBasU
سریال جیران - تیزر قسمت 23 | Jeyran Series - Teaser Episode 23,https://www.youtube.com/watch?v=HTQWgP_Ow-U
ممیزی - فصل 2 - قسمت 68 | Momayezi - Season 2 - Episode 68,https://www.youtube.com/watch?v=J_Nbh4Pnj5g
برنامه ممیزی فصل دوم قسمت شصت و هشتم#shorts,https://www.youtube.com/watch?v=9WM8YCvgNKA
اونا آدمای من بودن - سریال یاغی,https://www.youtube.com/watch?v=uydaSta1BQY
پیرهن تنت هم مال منه - سریال یاغی,https://www.youtube.com/watch?v=kSjNVqXaVGM
فیلم سینمایی آتابای - تیزر 1 | Atabai Movie - Teaser 1,https://www.youtube.com/watch?v=CPLYS20CDcc
سریال شبهای مافیا 4 - فصل 5 - تیزر قسمت 3 | Shabhaye Mafia 4 Series - Season 5 - Teaser Episode 3,https://www.youtube.com/watch?v=BQw9noaJRD8
سریال ساخت ایران - فصل 3 - تیزر قسمت 20 | Sakhte Iran Series - Season 3 - Teaser Episode 20,https://www.youtube.com/watch?v=5U_X9zyEzcc
سریال ساخت ایران - فصل 3 - سکانس برتر قسمت 20 | Sakhte Iran Series - Season 3,https://www.youtube.com/watch?v=pjDf2wsTbUw
غلام مامور - سریال ساخت ایران - فصل 3,https://www.youtube.com/watch?v=RBdOSN-goWI
سریال شام ایرانی 2 - فصل 7 - قسمت 1 | Serial Shame Irani 2 - Season 7 - Episode 1,https://www.youtube.com/watch?v=OB8kGJ6dJPE
سریال شام ایرانی 2 فصل هفتم قسمت اول#shorts,https://www.youtube.com/watch?v=MJeuWyorMsM
سریال شبهای مافیا 4 - فصل 5 - سکانس برتر قسمت 3 | Shabhaye Mafia 4 Series - Season 5,https://www.youtube.com/watch?v=4SrY5Ba47-w
نکن بچه جان - شبهای مافیا 4,https://www.youtube.com/watch?v=JeMNs_8E9Kc
سریال روزی روزگاری مریخ - تیزر | Roozi Roozegari Merikh Series - Teaser,https://www.youtube.com/watch?v=-ooqdsNGUAs
سریال مستند جوکر - تیزر قسمت 1 | Joker Series - Documentary - Teaser Episode 1,https://www.youtube.com/watch?v=rf0DEcgvvMU
کسی از مهمون برنامه، خبر نداشت - سریال مستند جوکر,https://www.youtube.com/watch?v=dU_0LwwRgTc
دیس بک به نیکخواه - سریال مستند جوکر,https://www.youtube.com/watch?v=xDeUmU-tjyk
سریال شام ایرانی 2 - فصل 6 - قسمت 4 | Serial Shame Irani 2 - Season 6 - Episode 4,https://www.youtube.com/watch?v=zLcrhz2h3Pk
سریال شام ایرانی 2 فصل ششم قسمت چهارم#shorts,https://www.youtube.com/watch?v=TsxlWBSOyM8
سریال جادوگر - تیزر قسمت 9 | Jadoogar Series - Teaser Episode 9,https://www.youtube.com/watch?v=E9Xlf1mmsRo
ممیزی - فصل 2 - قسمت 67 | Momayezi - Season 2 - Episode 67,https://www.youtube.com/watch?v=xDZcMDBpu4I
برنامه ممیزی فصل دوم قسمت شصت و هفتم#shorts,https://www.youtube.com/watch?v=XdNzSTWcRyI
سریال جوکر - فصل 7 - دومین تیزر قسمت 5 | Joker Series - Season 7 - Teaser Episode 5,https://www.youtube.com/watch?v=e_wwiYHxTIs
سریال جیران - تیزر قسمت 22 | Jeyran Series - Teaser Episode 22,https://www.youtube.com/watch?v=OzEjE6PAXeg
سریال جیران - سکانس برتر قسمت 22 | Jeyran Series,https://www.youtube.com/watch?v=nywKc0I_rEo
چی از جونم می خواهید؟ - سریال جیران,https://www.youtube.com/watch?v=3hUHj60xvi0
ممیزی - فصل 2 - قسمت 66 | Momayezi - Season 2 - Episode 66,https://www.youtube.com/watch?v=lp5pkcz55iE
برنامه ممیزی فصل دوم قسمت شصت وششم#shorts,https://www.youtube.com/watch?v=eclB0Yl61AU
سریال یاغی - تیزر قسمتهای 1 - 7 | Yaghi Series - Teaser Episodes 1 - 7,https://www.youtube.com/watch?v=Q5YIfCeZZQY
به من میگی ترسو؟ - سریال یاغی,https://www.youtube.com/watch?v=U0CQ5zZAq2s
استرس نداشته باش عزیزم - سریال یاغی,https://www.youtube.com/watch?v=1N_9QxR4Rns
سریال ساخت ایران - فصل 3 - تیزر قسمت 19 | Sakhte Iran Series - Season 3 - Teaser Episode 19,https://www.youtube.com/watch?v=hO3-g_OPw-A
سریال ساخت ایران - فصل 3 - سکانس برتر قسمت 19 | Sakhte Iran Series - Season 3,https://www.youtube.com/watch?v=0uR5KfNGk50
ابی جدید چی خوندی؟ - سریال ساخت ایران - فصل 3,https://www.youtube.com/watch?v=vfe8xxwkYcw
سریال شام ایرانی 2 - فصل 6 - قسمت 3 | Serial Shame Irani 2 - Season 6 - Episode 3,https://www.youtube.com/watch?v=dzDGrB89Icw
سریال شام ایرانی 2 فصل ششم قسمت سوم#shorts,https://www.youtube.com/watch?v=-RoYGXJ4BEM
مرسی از تارگتت ولی برای من مهم نیست - شبهای مافیا 4,https://www.youtube.com/watch?v=2ywP8Iivxmo
سریال شبهای مافیا 4 - فصل 5 - سکانس برتر قسمت 2 | Shabhaye Mafia 4 Series - Season 5,https://www.youtube.com/watch?v=R-YoIh--6Rc
سریال شبهای مافیا 4 - فصل 5 - تیزر قسمت 2 | Shabhaye Mafia 4 Series - Season 5 - Teaser Episode 2,https://www.youtube.com/watch?v=y0G2tPnnGMU
صیادی فردا با اولیات بیا - سریال جوکر - فصل 7,https://www.youtube.com/watch?v=UaDGu2Vmepw
سریال جوکر - فصل 7 - سکانس برتر قسمت 5 | Joker Series,https://www.youtube.com/watch?v=fdtnYEdNYSM
سریال جوکر - فصل 7 - اولین تیزر قسمت 5 | Joker Series - Season 7 - Teaser Episode 5,https://www.youtube.com/watch?v=PJOUuQjoLyw
سریال جوکر - فصل 7 - تیزر کل کل | Joker Series - Season 7 - Teaser Kal Kal,https://www.youtube.com/watch?v=WXRkn9d6wyA
سریال شام ایرانی 2 - فصل 6 - قسمت 2 | Serial Shame Irani 2 - Season 6 - Episode 2,https://www.youtube.com/watch?v=XzjcepXQtl8
سریال شام ایرانی 2 فصل ششم قسمت دوم#shorts,https://www.youtube.com/watch?v=QzK9eiG6vbA
سریال جادوگر - تیزر قسمت 8 | Jadoogar Series - Teaser Episode 8,https://www.youtube.com/watch?v=6fTm4dn3eXU
ممیزی - فصل 2 - قسمت 65 | Momayezi - Season 2 - Episode 65,https://www.youtube.com/watch?v=J5X1MOqk9YY
برنامه ممیزی فصل دوم قسمت شصت و پنجم#shorts,https://www.youtube.com/watch?v=psFVjXK5wok
فیلم مرد بازنده - تیزر 2 | Marde Bazandeh Movie - Teaser 2,https://www.youtube.com/watch?v=hgyRtwPpVNo
فیلم مرد بازنده - تیزر 1 | Marde Bazandeh Movie - Teaser 1,https://www.youtube.com/watch?v=UnqIRmc8CY8
سریال جوکر - فصل 7 - دومین تیزر قسمت 4 | Joker Series - Season 7 - Teaser Episode 4,https://www.youtube.com/watch?v=bjVzIINOZE0
سریال جیران - سکانس برتر قسمت 21 | Jeyran Series,https://www.youtube.com/watch?v=WPVuM2syX6Q
نکنه دلت پیش دخترهست؟ - سریال جیران,https://www.youtube.com/watch?v=Rxl2FsCj1ig
ممیزی - فصل 2 - قسمت 64 | Momayezi - Season 2 - Episode 64,https://www.youtube.com/watch?v=cYkuCh6fg3Y
فکر کردی خبر ندارم دزدی کردی - سریال یاغی,https://www.youtube.com/watch?v=MeT6JdILd3A
با یه گلوله نفلت می کنم! - سریال یاغی,https://www.youtube.com/watch?v=sxgWlfJQbwA
سریال جیران - تیزر قسمت 21 | Jeyran Series - Teaser Episode 21,https://www.youtube.com/watch?v=2eRAKu0v9Mg
گوششم گاز گرفت - سریال ساخت ایران - فصل 3,https://www.youtube.com/watch?v=WGq1_QBY9A8
سریال ساخت ایران - فصل 3 - تیزر قسمت 18 | Sakhte Iran Series - Season 3 - Teaser Episode 18,https://www.youtube.com/watch?v=eWawAM3vCio
سریال ساخت ایران - فصل 3 - سکانس برتر قسمت 18 | Sakhte Iran Series - Season 3,https://www.youtube.com/watch?v=UMRdT9o0APM
سریال شام ایرانی 2 - فصل 6 - قسمت 1 | Serial Shame Irani 2 - Season 6 - Episode 1,https://www.youtube.com/watch?v=M5_a9vScrDc
سریال شام ایرانی 2 فصل ششم قسمت اول#shorts,https://www.youtube.com/watch?v=4lqIde8-T6U
سریال شبهای مافیا 4 - فصل 5 - سکانس برتر قسمت 1 | Shabhaye Mafia 4 Series - Season 5,https://www.youtube.com/watch?v=zYU8z4EqXKc
خطرناک نبودم که دارم نفس می کشم - شبهای مافیا 4,https://www.youtube.com/watch?v=femuM6jbmC0
برنامه ممیزی فصل دوم قسمت شصت و چهارم#shorts,https://www.youtube.com/watch?v=b7o7TZo5R34
تو خوانندم میتونسی بشی - سریال جوکر - فصل 7,https://www.youtube.com/watch?v=jID4CLhNCBI
سریال جوکر - فصل 7 - سکانس برتر قسمت 4 | Joker Series,https://www.youtube.com/watch?v=IxV4dgDuAG4
سریال جوکر - فصل 7 - اولین تیزر قسمت 4 | Joker Series - Season 7 - Teaser Episode 4,https://www.youtube.com/watch?v=ycDwbmYQeik
سریال شام ایرانی 2 - فصل 5 - قسمت 4 | Serial Shame Irani 2 - Season 5 - Episode 4,https://www.youtube.com/watch?v=HPFlc8ZEQ-g
سریال شام ایرانی 2 فصل پنجم قسمت چهارم#shorts,https://www.youtube.com/watch?v=9BW_tA6DN-c
سریال جوکر - فصل 7 - دومین تیزر قسمت 3 | Joker Series - Season 7 - Teaser Episode 3,https://www.youtube.com/watch?v=ilxEnm1r0XA
سریال جادوگر - تیزر قسمت 7 | Jadoogar Series - Teaser Episode 7,https://www.youtube.com/watch?v=Fs2uUsCPDaM
ممیزی - فصل 2 - قسمت 63 | Momayezi - Season 2 - Episode 63,https://www.youtube.com/watch?v=DcUc9GNFFUs
برنامه ممیزی فصل دوم قسمت شصت و سوم#shorts,https://www.youtube.com/watch?v=3eQdvHEr14g
سریال جیران - سکانس برتر قسمت 20 | Jeyran Series,https://www.youtube.com/watch?v=uinnwaqKS2M
طلسم ماه - سریال جیران,https://www.youtube.com/watch?v=ocJzOcRmeAU
سریال جیران - تیزر قسمت 20 | Jeyran Series - Teaser Episode 20,https://www.youtube.com/watch?v=ZSNMhZ8uv0M
ممیزی - فصل 2 - قسمت 62 | Momayezi - Season 2 - Episode 62,https://www.youtube.com/watch?v=Az_A0JanWPo
برنامه ممیزی فصل دوم قسمت شصت و دوم#shorts,https://www.youtube.com/watch?v=UAdoxlhEigs
خیلی درد داره سایه پدر بالا سرت نباشه - سریال یاغی,https://www.youtube.com/watch?v=u-NhjYhyCE8
ولت کنم که آب میبرتت - سریال یاغی,https://www.youtube.com/watch?v=f60Y2hQwbs4
سریال ساخت ایران - فصل 3 - تیزر قسمت 17 | Sakhte Iran Series - Season 3 - Teaser Episode 17,https://www.youtube.com/watch?v=rkJMfrs8TOk
هاشم مک کوئین - سریال ساخت ایران - فصل 3,https://www.youtube.com/watch?v=DlXLju3IQdY
سریال ساخت ایران - فصل 3 - سکانس برتر قسمت 17 | Sakhte Iran Series - Season 3,https://www.youtube.com/watch?v=b_dmApu8M-Y
سریال شام ایرانی 2 - فصل 5 - قسمت 3 | Serial Shame Irani 2 - Season 5 - Episode 3,https://www.youtube.com/watch?v=0w_y92oDroY
سریال شام ایرانی 2 فصل پنجم قسمت سوم#shorts,https://www.youtube.com/watch?v=firLyW_8Jxk
فیلم شادروان - تیزر | Shadravan Movie - Teaser,https://www.youtube.com/watch?v=a88oyfJ_COo
ممیزی - فصل 2 - قسمت 60 | Momayezi - Season 2 - Episode 60,https://www.youtube.com/watch?v=BE9am9WIzic
برنامه ممیزی فصل دوم قسمت شصتم#shorts,https://www.youtube.com/watch?v=Auwv1qDa-48
استاد غیبش کنم؟ - سریال جوکر - فصل 7,https://www.youtube.com/watch?v=bN8GgACe4c4
سریال جوکر - فصل 7 - سکانس برتر قسمت 3 | Joker Series,https://www.youtube.com/watch?v=Gl1l1-qOid4
سریال جوکر - فصل 7 - اولین تیزر قسمت 3 | Joker Series - Season 7 - Teaser Episode 3,https://www.youtube.com/watch?v=e65WkPKDros
سریال شام ایرانی 2 فصل پنجم قسمت دوم#shorts,https://www.youtube.com/watch?v=4JRo_60bJSo
سریال شام ایرانی 2 - فصل 5 - قسمت 2 | Serial Shame Irani 2 - Season 5 - Episode 2,https://www.youtube.com/watch?v=-ZHwIkaY79o
سریال جادوگر - تیزر قسمت 6 | Jadoogar Series - Teaser Episode 6,https://www.youtube.com/watch?v=F5v1TmyPyT0
ممیزی - فصل 2 - قسمت 59 | Momayezi - Season 2 - Episode 59,https://www.youtube.com/watch?v=eqLA94t8aFY
برنامه ممیزی فصل دوم قسمت پنجاه و نهم#shorts,https://www.youtube.com/watch?v=DCTk86PbDzg
سریال جوکر - فصل 7 - دومین تیزر قسمت 2 | Joker Series - Season 7 - Teaser Episode 2,https://www.youtube.com/watch?v=Lqw7jiIRcIU
جیران رو از میدون به در می کنم - سریال جیران,https://www.youtube.com/watch?v=z0yH8X4zV7s
سریال جیران - سکانس برتر قسمت 19 | Jeyran Series,https://www.youtube.com/watch?v=FPK5WpZbEe8
سریال جیران - تیزر قسمت 19 | Jeyran Series - Teaser Episode 19,https://www.youtube.com/watch?v=wF26x-9ZCAk
ممیزی - فصل 2 - قسمت 58 | Momayezi - Season 2 - Episode 58,https://www.youtube.com/watch?v=-XyvEyffy8w
برنامه ممیزی فصل دوم قسمت پنجاه و هشتم#shorts,https://www.youtube.com/watch?v=f0sBMoJGyM8
بچسب به تشک جاوید - سریال یاغی,https://www.youtube.com/watch?v=rG66fhL_-CU
چرا نمی خوای قبول کنی همه چی تموم شده؟ - سریال یاغی,https://www.youtube.com/watch?v=yaf3KWkBYQA
ممیزی - تیزر - دیشب پریشب | Momayezi - Teaser,https://www.youtube.com/watch?v=VpJFBpM418g
سریال نیمه شب - فصل 1 - تیزر قسمت 28 | Nime Shab Series - Season 1- Teaser Episode 28,https://www.youtube.com/watch?v=UD8PDiA8cqY
سریال شبهای مافیا 3 - فصل 5 - قسمت 3 | Shabhaye Mafia 3 Series - Season 5 - Episode 3,https://www.youtube.com/watch?v=bVrshbqr56w
سریال شب های مافیا 3 فصل پنجم قسمت سوم#shorts,https://www.youtube.com/watch?v=xPKISSTG7ks
آقام، قپونی کت بسته تو گونی - سریال ساخت ایران - فصل 3,https://www.youtube.com/watch?v=oLSMX0iJmmY
سریال ساخت ایران - فصل 3 - سکانس برتر قسمت 16 | Sakhte Iran Series - Season 3,https://www.youtube.com/watch?v=JgvPmpi9QKU
سریال ساخت ایران - فصل 3 - تیزر قسمت 16 | Sakhte Iran Series - Season 3 - Teaser Episode 16,https://www.youtube.com/watch?v=5LnVit5gG2E
سریال شام ایرانی 2 - فصل 5 - قسمت 1 | Serial Shame Irani 2 - Season 5 - Episode 1,https://www.youtube.com/watch?v=bndLTBkiqEE
سریال شام ایرانی 2 فصل پنجم قسمت اول#shorts,https://www.youtube.com/watch?v=O8nwHZjbwsY
سریال شبهای مافیا 4 - فصل 4 - تیزر قسمت 3 | Shabhaye Mafia 4 Series - Season 4 - Teaser Episode 3,https://www.youtube.com/watch?v=Nhd-NM3s7Ts
چرا یدونه تارگت بهت نمیخوره؟ - شبهای مافیا 4,https://www.youtube.com/watch?v=vWRq5XKqvs0
سریال شبهای مافیا 4 - فصل 4 - سکانس برتر قسمت 3 | Shabhaye Mafia 4 Series - Season 4,https://www.youtube.com/watch?v=mEuhywfdOk4
ممیزی - فصل 2 - قسمت 57 | Momayezi - Season 2 - Episode 57,https://www.youtube.com/watch?v=2DaiKhQHefU
برنامه ممیزی فصل دوم قسمت پنجاه و هفتم#shorts,https://www.youtube.com/watch?v=4Ofhf5H5SNA
ساندویچی ژوله زاپاتا - سریال جوکر - فصل 7,https://www.youtube.com/watch?v=Kuk64pcZS7s
دوستت دارم سبد سبد - سریال جوکر - فصل 7,https://www.youtube.com/watch?v=o6ix9iaW8QE
سریال جوکر - فصل 7 - اولین تیزر قسمت 2 | Joker Series - Season 7 - Teaser Episode 2,https://www.youtube.com/watch?v=y09uycQUszg
سریال شام ایرانی 2 فصل چهارم قسمت چهارم#shorts,https://www.youtube.com/watch?v=Ze3kZJOWiQ8
سریال جادوگر - تیزر قسمت 5 | Jadoogar Series - Teaser Episode 5,https://www.youtube.com/watch?v=fs4oE1ydpRs
ممیزی - فصل 2 - قسمت 56 | Momayezi - Season 2 - Episode 56,https://www.youtube.com/watch?v=uZIsz0k2zAY
برنامه ممیزی فصل دوم قسمت پنجاه وششم#shorts,https://www.youtube.com/watch?v=l-2EibUDBHc
سریال جیران - تیزر قسمت 18 | Jeyran Series - Teaser Episode 18,https://www.youtube.com/watch?v=QPLP_52f6vI
سریال جوکر - فصل 7 - تیزر قسمت 2 | Joker Series - Season 7 - Teaser Episode 2,https://www.youtube.com/watch?v=bp0flP4USHA
به من دروغ نگو بی صفت - سریال جیران,https://www.youtube.com/watch?v=P0vD-oZCZeM
سریال جیران - سکانس برتر قسمت 18 | Jeyran Series,https://www.youtube.com/watch?v=_aTeqffPkRM
ممیزی - فصل 2 - قسمت 55 | Momayezi - Season 2 - Episode 55,https://www.youtube.com/watch?v=YH3qgb0hnEE
برنامه ممیزی فصل دوم قسمت پنجاه و پنجم#shorts,https://www.youtube.com/watch?v=RT6z1gf-Ovs
ممیزی - تیزر - حرف نگفته | Momayezi - Teaser,https://www.youtube.com/watch?v=BD8mXe69sXk
بگو داداشم کجاست - سریال یاغی,https://www.youtube.com/watch?v=IBS31X61qe0
شروع کنید - سریال یاغی,https://www.youtube.com/watch?v=-j2nG1ulsuw
سریال شبهای مافیا 3 - فصل 5 - قسمت 2 | Shabhaye Mafia 3 Series - Season 5 - Episode 2,https://www.youtube.com/watch?v=XYQuCjyLhjk
سریال شب های مافیا 3 فصل پنجم قسمت دوم#shorts,https://www.youtube.com/watch?v=fjuxiksP5jU
تو جیب مارو نزن جبران پیشکش - سریال ساخت ایران - فصل 3,https://www.youtube.com/watch?v=7t2vdPnFRuM
سریال ساخت ایران - فصل 3 - سکانس برتر قسمت 15 | Sakhte Iran Series - Season 3,https://www.youtube.com/watch?v=7kMtIQZ4_Kw
سریال ساخت ایران - فصل 3 - تیزر قسمت 15 | Sakhte Iran Series - Season 3 - Teaser Episode 15,https://www.youtube.com/watch?v=EnRKGN_21jw
سریال جیران - آنچه گذشت قسمت 17 | Jeyran Series - Teaser,https://www.youtube.com/watch?v=nZ-wlPDbVF0
سریال شام ایرانی 2 - فصل 4 - قسمت 3 | Serial Shame Irani 2 - Season 4 - Episode 3,https://www.youtube.com/watch?v=XA7s33cljBE
سریال شام ایرانی 2 فصل چهارم قسمت سوم#shorts,https://www.youtube.com/watch?v=wAX6fPlbKmo
سریال شبهای مافیا 4 - فصل 4 - سکانس برتر قسمت 2 | Shabhaye Mafia 4 Series - Season 4,https://www.youtube.com/watch?v=ECTRx1mGoPU
من میدونم امشب کشته میشم اما - شبهای مافیا 4,https://www.youtube.com/watch?v=ppBP3yOD7P4
ممیزی - فصل 2 - قسمت 54 | Momayezi - Season 2 - Episode 54,https://www.youtube.com/watch?v=oEaQj8tf1NY
برنامه ممیزی فصل دوم قسمت پنجاه و چهارم#shorts,https://www.youtube.com/watch?v=qVHEFp4W19w
این شش ساله ست؟ - سریال جوکر - فصل 7,https://www.youtube.com/watch?v=4tLMVPphgjs
سریال شبهای مافیا 4 - فصل 4 - تیزر قسمت 2 | Shabhaye Mafia 4 Series - Season 4 - Teaser Episode 2,https://www.youtube.com/watch?v=X6t1HzPG3Dc
سریال جادوگر - تیزر قسمت 4 | Jadoogar Series - Teaser Episode 4,https://www.youtube.com/watch?v=YK5O-guCBHE
سریال جوکر - فصل 7 - تیزر قسمت 1 | Joker Series - Season 7 - Teaser Episode 1,https://www.youtube.com/watch?v=gxFd0SG539Q
جوکر خودشو رو کنه - سریال جوکر - فصل 7,https://www.youtube.com/watch?v=2NjIdZ1rjMk
سریال شام ایرانی 2 - فصل 4 - قسمت 2 | Serial Shame Irani 2 - Season 4 - Episode 2,https://www.youtube.com/watch?v=dZ68Oi-WuhU
سریال شام ایرانی 2 فصل جهارم قسمت دوم#shorts,https://www.youtube.com/watch?v=6ZFWlV8H05A
منو تهدید نکن#shorts,https://www.youtube.com/watch?v=HAm2GW96fz4
ممیزی - فصل 2 - قسمت 53 | Momayezi - Season 2 - Episode 53,https://www.youtube.com/watch?v=X7nPy1UMnzM
برنامه ممیزی فصل دوم قسمت پنجاه و سوم#shorts,https://www.youtube.com/watch?v=DieYw6vKh2w
سریال جوکر - فصل 7 - تیزر ورود | Joker Series - Teaser,https://www.youtube.com/watch?v=6fgn8lZNh9Q
سريال ملکه گدایان - فصل دوم - قسمت 11 (قسمت آخر) | Malake Gedayan Series - Season 2 - Episode 11,https://www.youtube.com/watch?v=vD47AQwFGk4
سریال ملکه گدایان فصل دوم قسمت یازدهم#shorts,https://www.youtube.com/watch?v=ibe6rwYGW18
سریال جوکر - معرفی مهمانان بخش دوم فینال - حامد آهنگی | Joker Series,https://www.youtube.com/watch?v=OfjoFBhFZyk
سریال جوکر - معرفی مهمانان بخش دوم فینال - غلامرضا نیکخواه,https://www.youtube.com/watch?v=qyI_5MDqJ9A
چه مرگ با برکتی - سریال جیران,https://www.youtube.com/watch?v=8FTEjQh9_g0
سریال جیران - سکانس برتر قسمت 17 | Jeyran Series,https://www.youtube.com/watch?v=bGsCYEqdEMQ
سریال جیران - تیزر قسمت 17 | Jeyran Series - Teaser Episode 17,https://www.youtube.com/watch?v=tg2sbuK6nj8
ممیزی - فصل 2 - قسمت 52 | Momayezi - Season 2 - Episode 52,https://www.youtube.com/watch?v=FTTLIJGUjG8
برنامه ممیزی فصل دوم قسمت پنجاه و دوم#shorts,https://www.youtube.com/watch?v=bjlqm4qFWlA
سریال یاغی قسمت اول#shorts,https://www.youtube.com/watch?v=As_FHwCZMeM
امسال من، به پارسال تو در - سریال یاغی,https://www.youtube.com/watch?v=b4WCIcgp_7E
غلط کردم - سریال یاغی,https://www.youtube.com/watch?v=7lvPODP-Kok
سریال یاغی - قسمت 1 | Yaghi Series - Episode 1,https://www.youtube.com/watch?v=9hL9O3yteNk
سریال شب های مافیا 3 فصل پنجم قسمت اول#shorts,https://www.youtube.com/watch?v=GiYfquI8IyY
سریال جوکر - معرفی مهمانان بخش دوم فینال - امین حیایی,https://www.youtube.com/watch?v=YeO46U0fOCw
گربه ی شمام آبجی - سریال ساخت ایران - فصل 3,https://www.youtube.com/watch?v=7_LSFRoza9M
سریال ساخت ایران - فصل 3 - سکانس برتر قسمت 14 | Sakhte Iran Series - Season 3,https://www.youtube.com/watch?v=pPvKuFgI13s
سریال جیران - آنچه گذشت قسمت 16 | Jeyran Series - Teaser,https://www.youtube.com/watch?v=0sz8tK0jJS4
سریال جوکر - معرفی مهمانان بخش دوم فینال - یوسف صیادی,https://www.youtube.com/watch?v=FWczyu4cV-o
سریال ساخت ایران - فصل 3 - تیزر قسمت 14 | Sakhte Iran Series - Season 3 - Teaser Episode 14,https://www.youtube.com/watch?v=-FcUZrDr-Lo
سریال شام ایرانی 2 - فصل 4 - قسمت 1 | Serial Shame Irani 2 - Season 4 - Episode 1,https://www.youtube.com/watch?v=VTpN6SDO4-0
سریال شام ایرانی 2 فصل چهارم قسمت اول#shorts,https://www.youtube.com/watch?v=MDRpJh96unQ
کسی جرئت داره بهش تارگت بزنه - شبهای مافیا 4,https://www.youtube.com/watch?v=qOfOxiDTCas
مافیا بترسه از من - شبهای مافیا 4,https://www.youtube.com/watch?v=eUzmohnwGos
سریال جوکر - معرفی مهمانان بخش دوم فینال - علیرضا استادی,https://www.youtube.com/watch?v=p85gBkkMyOU
سریال شبهای مافیا 4 - فصل 4 - تیزر قسمت 1 | Shabhaye Mafia 4 Series - Season 4 - Teaser Episode 1,https://www.youtube.com/watch?v=pAlI7w6RGqY
ممیزی - فصل 2 - قسمت 51 | Momayezi - Season 2 - Episode 51,https://www.youtube.com/watch?v=1iIymA70CQ0
برنامه ممیزی فصل دوم قسمت پنجاه و یکم#shorts,https://www.youtube.com/watch?v=PUf44xhv61U
سریال جوکر - معرفی مهمانان بخش دوم فینال - سام درخشانی,https://www.youtube.com/watch?v=MPx8QnEXJdg
سریال شام ایرانی 2 - فصل 3 - قسمت 5 | Serial Shame Irani 2 - Season 3 - Episode 5,https://www.youtube.com/watch?v=T3SGvpXc7k8
سریال شام ایرانی 2 فصل سوم قسمت پنجم#shorts,https://www.youtube.com/watch?v=6Im3qEsDuS8
سریال جادوگر - تیزر قسمت 3 | Jadoogar Series - Teaser Episode 3,https://www.youtube.com/watch?v=YJuMLJjXO6s
سریال یاغی - تیزر قسمت 2 | Yaghi Series - Teaser Episode 2,https://www.youtube.com/watch?v=tOr7nDnmYD8
ممیزی - فصل 2 - قسمت 50 | Momayezi - Season 2 - Episode 50,https://www.youtube.com/watch?v=J0VW8o8-h4M
برنامه ممیزی فصل دوم قسمت پنجاهم#shorts,https://www.youtube.com/watch?v=mRjrPwUo80c
سریال جوکر - معرفی مهمانان بخش دوم فینال - هومن برق نورد,https://www.youtube.com/watch?v=GvTWM4B-ZEM
سريال ملکه گدایان - فصل دوم - قسمت 10 | Malake Gedayan Series - Season 2 - Episode 10,https://www.youtube.com/watch?v=8AuBn7DK6P4
سریال ملکه گدایان فصل دوم قسمت دهم#shorts,https://www.youtube.com/watch?v=KoaVIBz8RPE
سریال جیران - سکانس برتر قسمت 16 | Jeyran Series,https://www.youtube.com/watch?v=ZZG91s0eFy8
خاتون نو رسیده! - سریال جیران,https://www.youtube.com/watch?v=VXSQOM3J6Qc
سریال جیران - تیزر قسمت 16 | Jeyran Series - Teaser Episode 16,https://www.youtube.com/watch?v=tiCDd15vXoI
تهش باید بلولی تو لجن#shorts,https://www.youtube.com/watch?v=zExQVXAJDZ0
ممیزی - فصل 2 - قسمت 49 | Momayezi - Season 2 - Episode 49,https://www.youtube.com/watch?v=0oIea2XGxyg
برنامه ممیزی فصل دوم قسمت چهل و نهم#shorts,https://www.youtube.com/watch?v=U3yW4UK-kdA
سریال جوکر - معرفی مهمانان بخش دوم فینال - امیرمهدی ژوله,https://www.youtube.com/watch?v=IJ3c2US0rYQ
این دایی بزرگس - سریال یاغی,https://www.youtube.com/watch?v=aD1AFvw5XN8
سریال یاغی - سکانس برتر قسمت 2 | Yaghi Series,https://www.youtube.com/watch?v=GPRPLG701Ck
سریال شب های مافیا 3 فصل چهارم قسمت سوم#shorts,https://www.youtube.com/watch?v=RHOPo5zPmlg
سریال ساخت ایران - فصل 3 - سکانس برتر قسمت 13 | Sakhte Iran Series - Season 3,https://www.youtube.com/watch?v=6X4hO6CLT-A
گنجشک کوچولوی من - سریال ساخت ایران - فصل 3,https://www.youtube.com/watch?v=xFdNqfLEPZU
سریال شبهای مافیا 4 - فصل 4 - معرفی فینالیست ها | Shabhaye Mafia 4 Series - Season 4,https://www.youtube.com/watch?v=o34KLZ-KTyE
سریال ساخت ایران - فصل 3 - تیزر قسمت 13 | Sakhte Iran Series - Season 3 - Teaser Episode 13,https://www.youtube.com/watch?v=v-nd301gEqA
سریال جیران - آنچه گذشت قسمت 15 | Jeyran Series - Teaser,https://www.youtube.com/watch?v=Qig9jhVeo8A
سریال جوکر - معرفی مهمانان بخش دوم فینال - سیروس میمنت,https://www.youtube.com/watch?v=M22qnY6f3CU
جاوید همه زندگیمه#shorts,https://www.youtube.com/watch?v=Cuayc-hqau0
سریال شام ایرانی 2 - فصل 3 - قسمت 4 | Serial Shame Irani 2 - Season 3 - Episode 4,https://www.youtube.com/watch?v=UqgjwdEX-T8
سریال شام ایرانی 2 فصل سوم قسمت چهارم#shorts,https://www.youtube.com/watch?v=CLtSKLkPn08
ممیزی - فصل 2 - قسمت 48 | Momayezi - Season 2 - Episode 48,https://www.youtube.com/watch?v=JzUoO6aJQoc
برنامه ممیزی فصل دوم قسمت چهل و هشتم#shorts,https://www.youtube.com/watch?v=AXRgXT30lFQ
سریال جوکر - فصل 6 - تیزر قسمت 5 | Joker Series - Season 6 - Teaser Episode 5,https://www.youtube.com/watch?v=StXlWTQOuAk
کوالالامپور - سریال جوکر - فصل 6,https://www.youtube.com/watch?v=CO337UQQ8M4
پای چپم - سریال جوکر - فصل 6,https://www.youtube.com/watch?v=YeE5oLiWDxI
سریال شام ایرانی 2 - فصل 3 - قسمت 3 | Serial Shame Irani 2 - Season 3 - Episode 3,https://www.youtube.com/watch?v=gq9sxXuX0rE
سریال شام ایرانی 2 فصل سوم قسمت سوم#shorts,https://www.youtube.com/watch?v=EDlVETLUvLE
سریال جوکر - فصل 6 - تیزر کل کل | Joker Series - Season 6 - Teaser Kal Kal,https://www.youtube.com/watch?v=8zr70jsuAgU
ممیزی - فصل 2 - قسمت 47 | Momayezi - Season 2 - Episode 47,https://www.youtube.com/watch?v=rbw080EEGyg
برنامه ممیزی فصل دوم قسمت چهل و هفتم#shorts,https://www.youtube.com/watch?v=XGZtWHioiyo
سریال جادوگر - تیزر قسمت 2 | Jadoogar Series - Teaser Episode 2,https://www.youtube.com/watch?v=iwAI2G3SFV4
سریال جوکر - فصل 6 - دومین تیزر قسمت 4 | Joker Series - Season 6 - Teaser Episode 4,https://www.youtube.com/watch?v=u1dTSpD7GDU
سریال یاغی - تیزر قسمت 1 | Yaghi Series - Teaser Episode 1,https://www.youtube.com/watch?v=44xrcSfglvU
جاوید جنم داره#shorts,https://www.youtube.com/watch?v=nYIrYHGop1s
سريال ملکه گدایان - فصل دوم - قسمت 9 | Malake Gedayan Series - Season 2 - Episode 9,https://www.youtube.com/watch?v=q-6CNop27vQ
سریال ملکه گدایان فصل دوم قسمت نهم#shorts,https://www.youtube.com/watch?v=olyIcH-uemM
سریال جیران - سکانس برتر قسمت 15 | Jeyran Series,https://www.youtube.com/watch?v=4J1dv5V4CD4
امشب نباید دستات بلرزه - سریال جیران,https://www.youtube.com/watch?v=tqs4R9t9oBU
یاغی بهت میرسه داداش#shorts,https://www.youtube.com/watch?v=v6q3-SN5Qkw
ممیزی - فصل 2 - قسمت 46 | Momayezi - Season 2 - Episode 46,https://www.youtube.com/watch?v=bn0TkFEtxrY
برنامه ممیزی فصل دوم قسمت چهل و ششم#shorts,https://www.youtube.com/watch?v=Sh_fSAAZ_lc
سریال جیران - تیزر قسمت 15 | Jeyran Series - Teaser Episode 15,https://www.youtube.com/watch?v=ha4cDf84gNQ
شاباش شاباش هزاری بپاش - سریال یاغی,https://www.youtube.com/watch?v=aoZsXSWiAuE
پارسا پیروزفر در اولین سریال محمد کارت - سریال یاغی,https://www.youtube.com/watch?v=T2n4MdXm0eo
سریال یاغی - تیزر | Yaghi Series - Teaser,https://www.youtube.com/watch?v=T-9ABU0LGqA
سریال شبهای مافیا 3 - فصل 4 - قسمت 2 | Shabhaye Mafia 3 Series - Season 4 - Episode 2,https://www.youtube.com/watch?v=INycpVmKiX8
سریال شب های مافیا 3 فصل چهارم قسمت دوم#shorts,https://www.youtube.com/watch?v=FLI_8-U1AfQ
جاکلین ننه غلامحسن - سریال ساخت ایران - فصل 3,https://www.youtube.com/watch?v=oSjKvSAoHbE
سریال ساخت ایران - فصل 3 - سکانس برتر قسمت 12 | Sakhte Iran Series - Season 3,https://www.youtube.com/watch?v=N8077O_IQls
سریال شام ایرانی 2 - فصل 3 - قسمت 2 | Serial Shame Irani 2 - Season 3 - Episode 2,https://www.youtube.com/watch?v=AqEAi3V_cWY
سریال شام ایرانی 2 فصل سوم قسمت دوم#shorts,https://www.youtube.com/watch?v=2wC8RVDC_co
سریال شبهای مافیا 4 - فصل 3 - سکانس برتر قسمت 3 | Shabhaye Mafia 4 Series - Season 3,https://www.youtube.com/watch?v=wTNdi9yuFJI
اینارو تو تدوین در بیارید! - شبهای مافیا 4,https://www.youtube.com/watch?v=5O1KtGxIVdM
سریال ساخت ایران - فصل 3 - تیزر قسمت 12 | Sakhte Iran Series - Season 3 - Teaser Episode 12,https://www.youtube.com/watch?v=gKp6VnHJyUA
سریال جادوگر - تیزر قسمت 1 | Jadoogar Series - Teaser Episode 1,https://www.youtube.com/watch?v=5iGqCYi52j4
سریال شبهای مافیا 4 - فصل 3 - تیزر قسمت 3 | Shabhaye Mafia 4 Series - Season 3 - Teaser Episode 3,https://www.youtube.com/watch?v=2C5xe1sNBYA
ممیزی - فصل 2 - قسمت 45 | Momayezi - Season 2 - Episode 45,https://www.youtube.com/watch?v=wuhIvypOjUo
برنامه ممیزی فصل دوم قسمت چهل و پنجم#shorts,https://www.youtube.com/watch?v=ejK6EW5EGvQ
چال کردن موش - سریال جوکر - فصل 6,https://www.youtube.com/watch?v=Efc5Wmb7oP4
ریشاشو زد - سریال جوکر - فصل 6,https://www.youtube.com/watch?v=saHBxF0q4zs
سریال جوکر - فصل 6 - اولین تیزر قسمت 4 | Joker Series - Season 6 - Teaser Episode 4,https://www.youtube.com/watch?v=lWHYp_i6_Hw
سریال شام ایرانی 2 - فصل 3 - قسمت 1 | Serial Shame Irani 2 - Season 3 - Episode 1,https://www.youtube.com/watch?v=rlMJZzzESmI
سریال شام ایرانی 2 فصل سوم قسمت اول#shorts,https://www.youtube.com/watch?v=zRIzwmsE4mg
سریال جادوگر - تیزر | Jadoogar Series - Teaser,https://www.youtube.com/watch?v=wSGFyHjr8Vc
ممیزی - فصل 2 - قسمت 44 | Momayezi - Season 2 - Episode 44,https://www.youtube.com/watch?v=iG3qOLa8H6U
برنامه ممیزی فصل دوم قسمت چهل و چهارم#shorts,https://www.youtube.com/watch?v=G3zC7vTgmKc
سریال جوکر - فصل 6 - دومین تیزر قسمت 3 | Joker Series - Season 6 - Teaser Episode 3,https://www.youtube.com/watch?v=PBW5s5SB9eE
سريال ملکه گدایان - فصل دوم - قسمت 8 | Malake Gedayan Series - Season 2 - Episode 8,https://www.youtube.com/watch?v=49wKMon4SUM
سریال ملکه گدایان فصل دوم قسمت هشتم#shorts,https://www.youtube.com/watch?v=GKZ8yDlnVts
سریال جیران - تیزر قسمت 14 | Jeyran Series - Teaser Episode 14,https://www.youtube.com/watch?v=7NAUSWivmc8
شنیده ام که شاه عاشق شما بود - سریال جیران,https://www.youtube.com/watch?v=GKey9GXoIc0
سریال جیران - سکانس برتر قسمت 14 | Jeyran Series,https://www.youtube.com/watch?v=w1NY3CadMgA
ممیزی - فصل 2 - قسمت 43 | Momayezi - Season 2 - Episode 43,https://www.youtube.com/watch?v=FwsnfJiInLE
برنامه ممیزی فصل دوم قسمت چهل و سوم#shorts,https://www.youtube.com/watch?v=ACKDAIbsqNo
سریال جیران - آنچه گذشت قسمت 13 | Jeyran Series - Teaser,https://www.youtube.com/watch?v=7Iq2Qy8iBwA
سریال شبهای مافیا 3 - فصل 4 - قسمت 1 | Shabhaye Mafia 3 Series - Season 4 - Episode 1,https://www.youtube.com/watch?v=LGPxahvJUYE
سریال شب های مافیا 3 فصل چهارم قسمت اول#shorts,https://www.youtube.com/watch?v=cw6mf8gmNlA
سریال نیمه شب - فصل 1 - تیزر قسمت 24 | Nime Shab Series - Season 1 - Teaser Episode 24,https://www.youtube.com/watch?v=Hp9toXzoFYY
عین بارباپاپا عوض شدی - سریال ساخت ایران - فصل 3,https://www.youtube.com/watch?v=KmSQGZmUMkE
سریال ساخت ایران - فصل 3 - سکانس برتر قسمت 11 | Sakhte Iran Series - Season 3,https://www.youtube.com/watch?v=jObF0GPMsE0
سریال ساخت ایران - فصل 3 - تیزر قسمت 11 | Sakhte Iran Series - Season 3 - Teaser Episode 11,https://www.youtube.com/watch?v=MWcsQkRXjPM
سریال شام ایرانی 2 - فصل 2 - قسمت 4 | Serial Shame Irani 2 - Season 2 - Episode 4,https://www.youtube.com/watch?v=PNWRV6an2_A
سریال شام ایرانی 2 فصل دوم قسمت چهارم#shorts,https://www.youtube.com/watch?v=O-pBFFnBWRc
از همین رای ها مافیا پیدا میشه - شبهای مافیا 4,https://www.youtube.com/watch?v=BiYjjt1eWDI
نگاه کنید کی چی میگه - شبهای مافیا 4,https://www.youtube.com/watch?v=WXa86QcKeOo
سریال شبهای مافیا 4 - فصل 2 - دومین تیزر قسمت 3 | Shabhaye Mafia 4 Series - Season 2 - Teaser,https://www.youtube.com/watch?v=PDe9qkPvL-g
ممیزی - فصل 2 - قسمت 42 | Momayezi - Season 2 - Episode 42,https://www.youtube.com/watch?v=vLgMgzhsYgc
برنامه ممیزی فصل دوم قسمت چهل و دوم#shorts,https://www.youtube.com/watch?v=LklHJcdIcYk
دست از سر من بردار - سریال جوکر - فصل 6,https://www.youtube.com/watch?v=UOm1PMRi2Q8
باد گلو با فارسی ساز - سریال جوکر - فصل 6,https://www.youtube.com/watch?v=ytPf2JG_blU
سریال شام ایرانی 2 - فصل 2 - قسمت 3 | Serial Shame Irani 2 - Season 2 - Episode 3,https://www.youtube.com/watch?v=9bSM6D0PH5w
سریال شام ایرانی 2 فصل دوم قسمت سوم#shorts,https://www.youtube.com/watch?v=PwS_W4w3fGQ
سریال جوکر - فصل 6 - اولین تیزر قسمت 3 | Joker Series - Season 6 - Teaser Episode 3,https://www.youtube.com/watch?v=IlRdlw9ISkI
برنامه ممیزی فصل دوم قسمت چهل ویکم#shorts,https://www.youtube.com/watch?v=tWgid_oEJ1E
ممیزی - فصل 2 - قسمت 41 | Momayezi - Season 2 - Episode 41,https://www.youtube.com/watch?v=KYAHyVwjI1Y
سريال ملکه گدایان - فصل دوم - قسمت 7 | Malake Gedayan Series - Season 2 - Episode 7,https://www.youtube.com/watch?v=uLZQG__NGEE
سریال ملکه گدایان فصل دوم قسمت هفتم#shorts,https://www.youtube.com/watch?v=_zkOk3GcgR0
سریال جیران - تیزر قسمت 13 | Jeyran Series - Teaser Episode 13,https://www.youtube.com/watch?v=1FCdnybsfPM
یه جوجه قراول که این حروفارو نداره - سریال جیران,https://www.youtube.com/watch?v=-D2Wz4J8-ck
سریال جیران - سکانس برتر قسمت 13 | Jeyran Series,https://www.youtube.com/watch?v=Grk4CX3iTSU
ممیزی - فصل 2 - قسمت 40 | Momayezi - Season 2 - Episode 40,https://www.youtube.com/watch?v=_z0s60BHImA
برنامه ممیزی فصل دوم قسمت چهلم#shorts,https://www.youtube.com/watch?v=zPkUrQ4MEeo
سریال شبهای مافیا 3 - فصل 3 - قسمت 3 | Shabhaye Mafia 3 Series - Season 3 - Episode 3,https://www.youtube.com/watch?v=MrvbzPAqeDQ
شب های مافیا 3 فصل سوم قسمت سوم#shorts,https://www.youtube.com/watch?v=QwNM9Z9gacc
سریال ساخت ایران - فصل 3 - تیزر قسمت 10 | Sakhte Iran Series - Season 3 - Teaser Episode 10,https://www.youtube.com/watch?v=A-q_1c390hY
همه چیزارو بنداز گردن غلام - سریال ساخت ایران - فصل 3,https://www.youtube.com/watch?v=OUqCda8Uh_E
سریال نیمه شب - فصل 1 - تیزر قسمت 23 | Nime Shab Series - Season 1 - Teaser Episode 23,https://www.youtube.com/watch?v=SpP3C83MocM
سریال ساخت ایران - فصل 3 - سکانس برتر قسمت 10 | Sakhte Iran Series - Season 3,https://www.youtube.com/watch?v=ryonpxS_J9U
سریال شام ایرانی 2 - فصل 2 - قسمت 2 | Serial Shame Irani 2 - Season 2 - Episode 2,https://www.youtube.com/watch?v=1kHneyT8bwM
سریال شام ایرانی 2 فصل دوم قسمت دوم#shorts,https://www.youtube.com/watch?v=2vOPjdM2bBc
شهروندای تبر - شبهای مافیا 4,https://www.youtube.com/watch?v=xiuIJc1qy1k
سریال شبهای مافیا 4 - فصل 3 - سکانس برتر قسمت 1 | Shabhaye Mafia 4 Series - Season 3,https://www.youtube.com/watch?v=yhm9JR6W6Zo
ممیزی - فصل 2 - قسمت 39 | Momayezi - Season 2 - Episode 39,https://www.youtube.com/watch?v=DuhZZoeGRvI
برنامه ممیزی فصل دوم قسمت سی و نهم#shorts,https://www.youtube.com/watch?v=3ZY9gAm87kM
ملکه مارها ! - سریال جوکر - فصل 6,https://www.youtube.com/watch?v=DQt0WxDX0Bs
جناب سعدی از دور! - سریال جوکر - فصل 6,https://www.youtube.com/watch?v=gthuG_z7r4Q
سریال جوکر - فصل 6 - اولین تیزر قسمت 2 | Joker Series - Season 6 - Teaser Episode 2,https://www.youtube.com/watch?v=zUT810gBWJQ
سریال شام ایرانی 2 - فصل 2 - قسمت 1 | Serial Shame Irani 2 - Season 2 - Episode 1,https://www.youtube.com/watch?v=H7cx4fAgur0
سریال شام ایرانی 2 فصل دوم قسمت اول#shorts,https://www.youtube.com/watch?v=TDASuVXyCVY
سریال ساخت ایران - فصل 3 - تیزر قسمت های 1 تا 9 | Sakhte Iran Series - Season 3 - Teaser Episode 1-9,https://www.youtube.com/watch?v=mVLcSeGnLCA
فیلم دینامیت - تیزر | Dynamite Movie - Teaser,https://www.youtube.com/watch?v=Eti5O76GYXE
ممیزی - فصل 2 - قسمت 38 | Momayezi - Season 2 - Episode 38,https://www.youtube.com/watch?v=3uU-o-vi23Q
برنامه ممیزی فصل دوم قسمت سی و هشتم#shorts,https://www.youtube.com/watch?v=KYYTiruZzmc
اینکاره نیستی شما نه؟ - ممیزی,https://www.youtube.com/watch?v=992tqZmdJiA
سریال جوکر - فصل 6 - دومین تیزر قسمت 1 | Joker Series - Season 6 - Teaser Episode 1,https://www.youtube.com/watch?v=W6MYdNo3ZVk
سریال شبهای مافیا 4 - فصل 3 - تیزر قسمت 1 | Shabhaye Mafia 4 Series - Season 3 - Teaser Episode 1,https://www.youtube.com/watch?v=6T-jWy2MLnk
میخوام یادم بره زن اون شاه بودم - سریال جیران,https://www.youtube.com/watch?v=0em2kfcv4pg
سریال جیران - تیزر قسمت 12 | Jeyran Series - Teaser Episode 12,https://www.youtube.com/watch?v=YaTTi2jODCA
سریال جیران - سکانس برتر قسمت 12 | Jeyran Series,https://www.youtube.com/watch?v=UZnBvVna7zQ
سريال ملکه گدایان - فصل دوم - قسمت 6 | Malake Gedayan Series - Season 2 - Episode 6,https://www.youtube.com/watch?v=2Ofe2Mo_YRM
سریال ملکه گدایان فصل دوم قسمت ششم#shorts,https://www.youtube.com/watch?v=NhCOeQbKinM
ممیزی - فصل 2 - قسمت 37 | Momayezi - Season 2 - Episode 37,https://www.youtube.com/watch?v=-MRylLDDsUk
ممیزی - تیزر - دندون طلا | Momayezi - Teaser,https://www.youtube.com/watch?v=VznsjSD8GSM
سریال جوکر - فصل 6 - کاکی و تیموری | Joker Series - Teaser,https://www.youtube.com/watch?v=wVx5kI2I0P4
سریال شبهای مافیا 3 - فصل 3 - قسمت 2 | Shabhaye Mafia 3 Series - Season 3 - Episode 2,https://www.youtube.com/watch?v=m3VH1nw0Xrk
سریال شب های مافیا 3 فصل سوم قسمت دوم#shorts,https://www.youtube.com/watch?v=KMXmMw82Jew
3 فیلم گشت ارشاد 3 - تیزر | Gashte Ershad 3 Movie - Teaser 3,https://www.youtube.com/watch?v=lnjnfwFmaKs
2 فیلم گشت ارشاد 3 - تیزر | Gashte Ershad 3 Movie - Teaser 2,https://www.youtube.com/watch?v=SkUwUPz5Ix0
1 فیلم گشت ارشاد 3 - تیزر | Gashte Ershad 3 Movie - Teaser 1,https://www.youtube.com/watch?v=Z1jeUSt1xMQ
سریال نیمه شب - فصل 1 - سکانس برتر قسمت 22 | Nime Shab Series - Season 1,https://www.youtube.com/watch?v=qRuSmDVZxqY
سریال ساخت ایران - فصل 3 - سکانس برتر قسمت 9 | Sakhte Iran Series - Season 3,https://www.youtube.com/watch?v=RCkmL6brN1U
اصلا ازین ناراحت تر میشه؟ - سریال ساخت ایران - فصل 3,https://www.youtube.com/watch?v=mVm8BaA2x_c
سریال نیمه شب - فصل 1 - تیزر قسمت 22 | Nime Shab Series - Season 1 - Teaser Episode 22,https://www.youtube.com/watch?v=5glrpLwp9MY
آبگرمکن قدیمی؟ - سریال جوکر - فصل 6,https://www.youtube.com/watch?v=Xhr7tVJGCw8
سریال جوکر - فصل 6 - سکانس برتر قسمت 1 | Joker Series - Season 6,https://www.youtube.com/watch?v=0xwZrKq0C0Y
سریال جوکر - فصل 6 - اولین تیزر قسمت 1 | Joker Series - Season 6 - Teaser Episode 1,https://www.youtube.com/watch?v=CWrHQqhwWHQ
سریال جیران - آنچه گذشت قسمت 11 | Jeyran Series - Teaser,https://www.youtube.com/watch?v=1aPyYF3Olmk
سریال شام ایرانی 2 - فصل 1 - قسمت 4 | Serial Shame Irani 2 - Season 1 - Episode 4,https://www.youtube.com/watch?v=rkECRwB9TtQ
سریال شبهای مافیا 4 - فصل 2 - اولین تیزر قسمت 3 | Shabhaye Mafia 4 Series - Season 2 - Teaser,https://www.youtube.com/watch?v=sfDpOsFV1vM
سریال جوکر - فصل 6 - تیزر ورود | Joker Series - Teaser,https://www.youtube.com/watch?v=XreQEbqd8Fg
سریال شام ایرانی 2 فصل اول قسمت چهارم#shorts,https://www.youtube.com/watch?v=foB4Bjrbvic
ممیزی - فصل 2 - قسمت 36 | Momayezi - Season 2 - Episode 36,https://www.youtube.com/watch?v=yW4dan31ZW8
برنامه ممیزی فصل دوم قسمت سی وششم#shorts,https://www.youtube.com/watch?v=3kC5rY7k20o
سریال شبهای مافیا 4 - فصل 2 - سکانس برتر قسمت 3 | Shabhaye Mafia 4 Series - Season 2,https://www.youtube.com/watch?v=RdMROZ9fDgs
دو دست مافیا بودم قبول ولی این دفعه شهرم - سریال شبهای مافیا 4,https://www.youtube.com/watch?v=451t8qxHHCw
سریال شام ایرانی 2 - فصل 1 - قسمت 3 | Serial Shame Irani 2 - Season 1 - Episode 3,https://www.youtube.com/watch?v=_VeDx8Y8Too
سریال شام ایرانی 2 فصل اول قسمت سوم#shorts,https://www.youtube.com/watch?v=SaGNBKYDs14
سریال جیران - دومین سکانس برتر قسمت 11 | Jeyran Series,https://www.youtube.com/watch?v=9BLoXOceS_4
سریال جیران - اولین سکانس برتر قسمت 11 | Jeyran Series,https://www.youtube.com/watch?v=wK-wYQQkDYY
ممیزی - فصل 2 - قسمت 35 | Momayezi - Season 2 - Episode 35,https://www.youtube.com/watch?v=gMO-J-sUD1o
برنامه ممیزی فصل دوم قسمت سی و پنجم#shorts,https://www.youtube.com/watch?v=LwK7Ca92_68
سريال ملکه گدایان - فصل دوم - قسمت 5 | Malake Gedayan Series - Season 2 - Episode 5,https://www.youtube.com/watch?v=HgDLWsex_7I
سریال ملکه گدایان فصل دوم قسمت پنجم#shorts,https://www.youtube.com/watch?v=xvnRb1k91RQ
سریال جوکر - فصل 6 - تیزر 9 نفر | Joker Series - Teaser,https://www.youtube.com/watch?v=odTfPld25iY
سریال جوکر - معرفی مهمانان بخش اول فینال - رضا شفیعی جم | Joker Series,https://www.youtube.com/watch?v=IMPKUgfvGzI
ممیزی - فصل 2 - قسمت 34 | Momayezi - Season 2 - Episode 34,https://www.youtube.com/watch?v=3hfxkEPumnE
برنامه ممیزی فصل دوم قسمت سی وچهارم#shorts,https://www.youtube.com/watch?v=VIlhIqPmkcE
سریال جیران - تیزر قسمت 11 | Jeyran Series - Teaser Episode 11,https://www.youtube.com/watch?v=i9I1sjBoK58
سریال جوکر - معرفی مهمانان بخش اول فینال - محمد رضا علیمردانی | Joker Series,https://www.youtube.com/watch?v=8PIAaFPkvTA
سریال جوکر - معرفی مهمانان بخش اول فینال - عباس جمشیدی فر | Joker Series,https://www.youtube.com/watch?v=hrEWimD46yc
سریال شبهای مافیا 3 - فصل 2 - قسمت 3 | Shabhaye Mafia 3 Series - Season 2 - Episode 3,https://www.youtube.com/watch?v=3Di5GlZMK9Y
شب های مافیا 3 فصل دوم قسمت سوم#shorts,https://www.youtube.com/watch?v=MRrn1Jg77Co
سریال ساخت ایران - فصل 3 - اولین سکانس برتر قسمت 8 | Sakhte Iran Series - Season 3,https://www.youtube.com/watch?v=jVGdjnqEf_8
سریال ساخت ایران - فصل 3 - دومین سکانس برتر قسمت 8 | Sakhte Iran Series - Season 3,https://www.youtube.com/watch?v=Hkv9aDQWCQM
سریال جیران - آنچه گذشت قسمت 10 | Jeyran Series - Teaser,https://www.youtube.com/watch?v=swlynLQ4bkI
سریال جوکر - معرفی مهمانان بخش اول فینال - شهرام قائدی | Joker Series,https://www.youtube.com/watch?v=TZdyP4ppzPU
سریال ساخت ایران - فصل 3 - تیزر قسمت 8 | Sakhte Iran Series - Season 3 - Teaser Episode 8,https://www.youtube.com/watch?v=Ug_vcNaqS68
فیلم عنکبوت - تیزر | Ankaboot Movie - Teaser,https://www.youtube.com/watch?v=7OA9cevRKOM
سریال شام ایرانی 2 - فصل 1 - قسمت 2 | Serial Shame Irani 2 - Season 1 - Episode 2,https://www.youtube.com/watch?v=V4Gkkrn6XSc
سریال شام ایرانی 2 فصل اول قسمت دوم#shorts,https://www.youtube.com/watch?v=3XW1OKVZkXU
سریال جوکر - ممعرفی مهمانان بخش اول فینال - بیژن بنفشه خواه | Joker Series,https://www.youtube.com/watch?v=X6do9Ea6nhw
سریال جوکر - معرفی مهمانان بخش اول فینال - ایمان صفا | Joker Series,https://www.youtube.com/watch?v=LXBLu--JJQU
ممیزی - فصل 2 - قسمت 33 | Momayezi - Season 2 - Episode 33,https://www.youtube.com/watch?v=uocR7dUTxWM
برنامه ممیزی فصل دوم قسمت سی و سوم#shorts,https://www.youtube.com/watch?v=9hkta9RC4o0
سریال جوکر - معرفی مهمانان بخش اول فینال - سهیل مستجابیان | Joker Series,https://www.youtube.com/watch?v=q7CWb5-wmP8
سریال شام ایرانی 2 - فصل 1 - قسمت 1 | Serial Shame Irani 2 - Season 1 - Episode 1,https://www.youtube.com/watch?v=QHeaPQU04ks
سریال شام ایرانی 2 فصل اول قسمت اول,https://www.youtube.com/watch?v=341qeIGISLs
سریال جوکر - معرفی مهمانان بخش اول فینال - یوسف تیموری | Joker Series,https://www.youtube.com/watch?v=ZQ_Iq-ZLyTk
سریال شبهای مافیا 4 - فصل 2 - اولین سکانس برتر قسمت 2 | Shabhaye Mafia 4 Series - Season 2,https://www.youtube.com/watch?v=GLGppQAWcHA
سریال شبهای مافیا 4 - فصل 2 - دومین سکانس برتر قسمت 2 | Shabhaye Mafia 4 Series - Season 2,https://www.youtube.com/watch?v=NEZxASjqZ5A
سریال شبهای مافیا 4 - فصل 2 -  تیزر قسمت 2 | Shabhaye Mafia 4 Series - Season 2 - Teaser Episode 2,https://www.youtube.com/watch?v=NCJ1pN0XwuI
ممیزی - فصل 2 - قسمت 32 | Momayezi - Season 2 - Episode 32,https://www.youtube.com/watch?v=W-CNbL_drxM
Joker Series | سریال جوکر - معرفی مهمانان بخش اول فینال - هومن حاجی عبداللهی,https://www.youtube.com/watch?v=oRVcNNbigsE
برنامه ممیزی فصل دوم قسمت سی و دوم#shorts,https://www.youtube.com/watch?v=uJCvwk2iNfg
ممیزی - تیزر - جوکر | Momayezi - Teaser,https://www.youtube.com/watch?v=0jtyWEBYeOE
سريال ملکه گدایان - فصل دوم - قسمت 4 | Malake Gedayan Series - Season 2 - Episode 4,https://www.youtube.com/watch?v=a7gveTAPg8I
سریال ملکه گدایان فصل دوم قسمت چهارم#shorts,https://www.youtube.com/watch?v=HhEJDuq6x7Y
سریال جیران - اولین سکانس برتر قسمت 10 | Jeyran Series,https://www.youtube.com/watch?v=-yGrFDx1qac
سریال جیران - دومین سکانس برتر قسمت 10 | Jeyran Series,https://www.youtube.com/watch?v=zUWtuMJ0Few
سریال جیران - تیزر قسمت 10 | Jeyran Series - Teaser Episode 10,https://www.youtube.com/watch?v=R6G6CzOZOwg
سریال جوکر - فصل 5 - دومین تیزر قسمت 4 | Joker Series - Season 5 - Teaser Episode 4,https://www.youtube.com/watch?v=ErbcUPYLA0c
ممیزی - فصل 2 - قسمت 31 | Momayezi - Season 2 - Episode 31,https://www.youtube.com/watch?v=dfd-IXyJBn4
برنامه ممیزی فصل دوم قسمت سی و یکم#shorts,https://www.youtube.com/watch?v=4umjhSNwrZA
سریال شبهای مافیا 3 - فصل 2 - قسمت 2 | Shabhaye Mafia 3 Series - Season 2 - Episode 2,https://www.youtube.com/watch?v=v_75mSFxqq4
شب های مافیا 3 فصل دوم قسمت دوم#shorts,https://www.youtube.com/watch?v=LNfFse0nDVM
سریال ساخت ایران - فصل 3 - دومین سکانس برتر قسمت 7 | Sakhte Iran Series - Season 3,https://www.youtube.com/watch?v=AAiViVsx9jI
سریال ساخت ایران - فصل 3 - اولین سکانس برتر قسمت 7 | Sakhte Iran Series - Season 3,https://www.youtube.com/watch?v=5GozqK9Ys1M
سریال نیمه شب - فصل 1 -  سکانس برتر قسمت 20 | Nime Shab Series - Season 1,https://www.youtube.com/watch?v=ZwoZ0piClzE
سریال نیمه شب - فصل 1 - تیزر قسمت 20 | Nime Shab Series - Season 1 - Teaser Episode 20,https://www.youtube.com/watch?v=vgbBTo6QveE
سریال ساخت ایران - فصل 3 - تیزر قسمت 7 | Sakhte Iran Series - Season 3 - Teaser Episode 7,https://www.youtube.com/watch?v=cX_3BBl6X9c
سریال جیران - آنچه گذشت قسمت 9 | Jeyran Series - Teaser,https://www.youtube.com/watch?v=Zh0qCC6IkGs
سریال شبهای مافیا 3 - فصل 2 - قسمت 1 | Shabhaye Mafia 3 Series - Season 2 - Episode 1,https://www.youtube.com/watch?v=K5LcRRKtYvg
شب های مافیا 3 فصل دوم قسمت اول#shorts,https://www.youtube.com/watch?v=w7BkoMhhLEM
ممیزی - فصل 2 - قسمت 30 | Momayezi - Season 2 - Episode 30,https://www.youtube.com/watch?v=MwGScXyucQw
برنامه ممیزی فصل دوم قسمت سی#shorts,https://www.youtube.com/watch?v=cv78vsTs1ZU
سریال جوکر - فصل 5 - اولین تیزر قسمت 4 | Joker Series - Season 5 - Teaser Episode 4,https://www.youtube.com/watch?v=OPjdpgiTs1k
سریال جوکر - فصل 5 - دومین سکانس برتر قسمت 4 | Joker Series - Season 5,https://www.youtube.com/watch?v=f8bgIh65NCU
سریال جوکر - فصل 5 - اولین سکانس برتر قسمت 4 | Joker Series - Season 5,https://www.youtube.com/watch?v=eaZHGgn2smw
سریال شبهای مافیا 4 - فصل 1 - قسمت 1 | Shabhaye Mafia 4 Series - Season 1 - Episode 1,https://www.youtube.com/watch?v=bKUtgm41WeI
سریال شبهای مافیا 4 - فصل 2 - دومین سکانس برتر قسمت 1 | Shabhaye Mafia 4 Series - Season 2,https://www.youtube.com/watch?v=CtMvmu327Yg
سریال شبهای مافیا 4 - فصل 2 - اولین سکانس برتر قسمت 1 | Shabhaye Mafia 4 Series - Season 2,https://www.youtube.com/watch?v=V1e9dFWzBxI
سریال جوکر - فصل 5 - تیزر کل کل | Joker Series - Season 5 - Teaser Kal Kal,https://www.youtube.com/watch?v=I6Ym3kVOGO0
سریال شبهای مافیا 4 - فصل 2 -  تیزر قسمت 1 | Shabhaye Mafia 4 Series - Season 2 - Teaser Episode 1,https://www.youtube.com/watch?v=d7u_h4OxjsE
ممیزی - فصل 2 - قسمت 29 | Momayezi - Season 2 - Episode 29,https://www.youtube.com/watch?v=Gw4AAXenE5c
برنامه ممیزی فصل دوم قسمت بیست و نهم#shorts,https://www.youtube.com/watch?v=0K4aNrjBRIc
سریال جوکر - فصل 5 - دومین تیزر قسمت 3 | Joker Series - Season 5 - Teaser Episode 3,https://www.youtube.com/watch?v=8YTf1NqvtkM
سريال ملکه گدایان - فصل دوم - قسمت 3 | Malake Gedayan Series - Season 2 - Episode 3,https://www.youtube.com/watch?v=Y_hBulKRhXs
سریال ملکه گدایان فصل دوم قسمت سوم#shorts,https://www.youtube.com/watch?v=B1QcB06ybiM
سریال جیران - تیزر قسمت 9 | Jeyran Series - Teaser Episode 9,https://www.youtube.com/watch?v=smBQzzw5R3w
سریال جیران - دومین سکانس برتر قسمت 9 | Jeyran Series,https://www.youtube.com/watch?v=47PMhkRNZis
سریال جیران - اولین سکانس برتر قسمت 9 | Jeyran Series,https://www.youtube.com/watch?v=IU4_VA9GZZU
ممیزی - فصل 2 - قسمت 28 | Momayezi - Season 2 - Episode 28,https://www.youtube.com/watch?v=iOipr_KwUtw
برنامه ممیزی فصل دوم قسمت بیست وهشتم#shorts,https://www.youtube.com/watch?v=lSK_4JLTG6Q
سریال شبهای مافیا 3 - فصل 1 - قسمت 3 | Shabhaye Mafia 3 Series - Season 1 - Episode 3,https://www.youtube.com/watch?v=xMta8vw7Sw0
شب های مافیا 3 فصل اول قسمت سوم#shorts,https://www.youtube.com/watch?v=IzbJDn5HdXs
سریال ساخت ایران - فصل 3 - مصاحبه امین حیایی | Sakhte Iran Series - Season 3,https://www.youtube.com/watch?v=sc8QkYJjsvw
سریال جیران - آنچه گذشت قسمت 8 | Jeyran Series - Teaser,https://www.youtube.com/watch?v=PWCvphq96YA
سریال ساخت ایران - فصل 3 - اولین سکانس برتر قسمت 6 | Sakhte Iran Series - Season 3,https://www.youtube.com/watch?v=oAbUlh_5LcY
سریال ساخت ایران - فصل 3 - دومین سکانس برتر قسمت 6 | Sakhte Iran Series - Season 3,https://www.youtube.com/watch?v=cFz5EjTR3mY
سریال ساخت ایران - فصل 3 - تیزر قسمت 6 | Sakhte Iran Series - Season 3 - Teaser Episode 6,https://www.youtube.com/watch?v=cj3W92pRglw
سریال شبهای مافیا 3 - فصل 1 - قسمت 2 | Shabhaye Mafia 3 Series - Season 1 - Episode 2,https://www.youtube.com/watch?v=yDgy9soTmP4
شب های مافیا 3 فصل اول قسمت دوم#shorts,https://www.youtube.com/watch?v=F-Dvpa4sDKY
سریال جوکر - فصل 5 - دومین سکانس برتر قسمت 3 | Joker Series - Season 5,https://www.youtube.com/watch?v=W3zIpYTXhXE
ممیزی - فصل 2 - قسمت 27 | Momayezi - Season 2 - Episode 27,https://www.youtube.com/watch?v=Q4UPObb0keI
برنامه ممیزی فصل دوم قسمت بیست و هفتم#shorts,https://www.youtube.com/watch?v=Vp_Q57SU7Gc
سریال جوکر - فصل 5 - اولین تیزر قسمت 3 | Joker Series - Season 5 - Teaser Episode 3,https://www.youtube.com/watch?v=LAo1dCEl0yo
سریال جوکر - فصل 5 - اولین سکانس برتر قسمت 3 | Joker Series - Season 5,https://www.youtube.com/watch?v=KxjU4-VtAZ8
سریال شبهای مافیا 4 - فصل 1 - تیزر قسمت 3 | Shabhaye Mafia 4 Series - Season 1 - Teaser Episode 3,https://www.youtube.com/watch?v=mbLYuq_wvmQ
سریال شبهای مافیا 4 - فصل 1 - دومین سکانس برتر قسمت 3 | Shabhaye Mafia 4 Series - Season 1,https://www.youtube.com/watch?v=uCAcwgi54xI
سریال شبهای مافیا 4 - فصل 1 - اولین سکانس برتر قسمت 3 | Shabhaye Mafia 4 Series - Season 1,https://www.youtube.com/watch?v=2cmi_HkHsrc
ممیزی - فصل 2 - قسمت 26 | Momayezi - Season 2 - Episode 26,https://www.youtube.com/watch?v=N8Q4tUTOjmM
برنامه ممیزی فصل دوم قسمت بیست و شش#shorts,https://www.youtube.com/watch?v=q4JQRWVASss
فیلم تومان - تیزر | Toman Movie - Teaser,https://www.youtube.com/watch?v=XwmWqHftej4
سریال ساخت ایران - فصل 3 - دومین سکانس برتر قسمت 5 | Sakhte Iran Series - Season 3,https://www.youtube.com/watch?v=7dmnRd-n244
سریال ساخت ایران - فصل 3 - اولین سکانس برتر قسمت 5 | Sakhte Iran Series - Season 3,https://www.youtube.com/watch?v=bB3GmPafh9Y
سریال ساخت ایران - فصل 3 - تیزر قسمت 5 | Sakhte Iran Series - Season 3 - Teaser Episode 5,https://www.youtube.com/watch?v=hqZRF02NDh4
سريال ملکه گدایان - فصل دوم - قسمت 2 | Malake Gedayan Series - Season 2 - Episode 2,https://www.youtube.com/watch?v=srtb5hWmN7E
سریال ملکه گدایان فصل دوم قسمت دوم#shorts,https://www.youtube.com/watch?v=N1WmLMGhNo0
فیلم قدغن - تیزر | Ghadeghan Movie - Teaser,https://www.youtube.com/watch?v=MwDhy_aJ8QA
سریال جیران - تیزر قسمت 8 | Jeyran Series - Teaser Episode 8,https://www.youtube.com/watch?v=7GO9qzMgT04
سریال جیران - دومین سکانس برتر قسمت 8 | Jeyran Series,https://www.youtube.com/watch?v=oQOLYoJ4rKw
سریال جیران - اولین سکانس برتر قسمت 8 | Jeyran Series,https://www.youtube.com/watch?v=-AaoDVi_DR0
ممیزی - فصل 2 - قسمت 25 | Momayezi - Season 2 - Episode 25,https://www.youtube.com/watch?v=vnCfZ_iBcU8
برنامه ممیزی فصل دوم قسمت بیست و پنج#shorts,https://www.youtube.com/watch?v=sVnIu2DmvjY
سریال ساخت ایران فصل سوم قسمت اول#shorts,https://www.youtube.com/watch?v=_Wn67_oJ_Ds
سریال نیمه شب - فصل 1 - قسمت 4 | Nime Shab Series - Season 1 - Episode 4,https://www.youtube.com/watch?v=JMa2K1rhogc
شب های مافیا 3 فصل اول قسمت اول#shorts,https://www.youtube.com/watch?v=XIC6OuUAums
سریال شبهای مافیا 3 - فصل 1 - قسمت 1 (بخش دوم) | Shabhaye Mafia 3 Series - Season 1 - Episode 1,https://www.youtube.com/watch?v=mFDhjdNwTy4
سریال شبهای مافیا 3 - فصل 1 - قسمت 1 (بخش اول) | Shabhaye Mafia 3 Series - Season 1 - Episode 1,https://www.youtube.com/watch?v=Dkm8yWLdPVQ
سریال ساخت ایران - فصل 3 - قسمت 1 | Sakhte Iran Series - Season 3 - Episode 1,https://www.youtube.com/watch?v=oRiCEOJT3Vg
سریال ساخت ایران - فصل 3 - اولین سکانس برتر قسمت 4 | Sakhte Iran Series - Season 3,https://www.youtube.com/watch?v=YwshVvE1ICY
سریال نیمه شب - فصل 1 - تیزر قسمت 14 | Nime Shab Series - Season 1 - Teaser Episode 14,https://www.youtube.com/watch?v=15W6DSwVb7c
سریال ساخت ایران - فصل 3 - دومین سکانس برتر قسمت 4 | Sakhte Iran Series - Season 3,https://www.youtube.com/watch?v=G4PuylmYe7s
سریال ساخت ایران - فصل 3 - تیزر قسمت 4 | Sakhte Iran Series - Season 3 - Teaser Episode 4,https://www.youtube.com/watch?v=_JTdsEl6an0
سریال نیمه شب - فصل 1 - قسمت 3 | Nime Shab Series - Season 1 - Episode 3,https://www.youtube.com/watch?v=xf3n072oKCc
شب های مافیا 2 فصل پنجم قسمت سوم#shorts,https://www.youtube.com/watch?v=-Bd-Y-GOQyc
سریال شبهای مافیا 2 - فصل 5 - قسمت 3 | Shabhaye Mafia 2 Series - Season 5 - Episode 3,https://www.youtube.com/watch?v=IZuRPukPdGY
سریال جیران - آنچه گذشت قسمت 7 | Jeyran Series - Teaser,https://www.youtube.com/watch?v=utBtJQyUXjA
ممیزی - فصل 2 - قسمت 24 | Momayezi - Season 2 - Episode 24,https://www.youtube.com/watch?v=kTn5LRrnq68
سریال جوکر - فصل 5 - دومین سکانس برتر قسمت 2 | Joker Series - Season 5,https://www.youtube.com/watch?v=ME5CwSOwx5M
سریال جوکر - فصل 5 - اولین سکانس برتر قسمت 2 | Joker Series - Season 5,https://www.youtube.com/watch?v=8ZcYqObR6-4
سریال جوکر - فصل 5 - تیزر قسمت 2 | Joker Series - Season 5 - Teaser Episode 2,https://www.youtube.com/watch?v=K0ck6Hakj_c
سریال می خواهم زنده بمانم قسمت بیستم#shorts,https://www.youtube.com/watch?v=ATkgZhU8YwU
سریال می خواهم زنده بمانم - قسمت 20 (قسمت آخر) | Mikhaham Zendeh Bemanam Series - Episode 20,https://www.youtube.com/watch?v=pQX7x4PbT_8
سریال نیمه شب - فصل 1 - سکانس برتر قسمت 10 | Nime Shab Series - Season 1,https://www.youtube.com/watch?v=Mm1JJS_mVbU
سریال نیمه شب - فصل 1 - سکانس برتر قسمت 9 | Nime Shab Series - Season 1,https://www.youtube.com/watch?v=ESeq7r__CGo
سریال نیمه شب - فصل 1 -  تیزر قسمت 11 | Nime Shab Series - Season 1 - Teaser Episode 11,https://www.youtube.com/watch?v=k_46LtrThRM
سریال شبهای مافیا 4 - فصل 1 - اولین سکانس برتر قسمت 2 | Shabhaye Mafia 4 Series - Season 1,https://www.youtube.com/watch?v=NTPGqKk5I68
سریال شبهای مافیا 4 - فصل 1 - دومین سکانس برتر قسمت 2 | Shabhaye Mafia 4 Series - Season 1,https://www.youtube.com/watch?v=99CGDos1Mdo
سریال شبهای مافیا 4 - فصل 1 - تیزر قسمت 2 | Shabhaye Mafia 4 Series - Season 1 - Teaser Episode 2,https://www.youtube.com/watch?v=uKV9TWTM5bw
ممیزی - فصل 2 - قسمت 23 | Momayezi - Season 2 - Episode 23,https://www.youtube.com/watch?v=BrlEK6iY8Fs
برنامه ممیزی فصل دوم قسمت بیست و سوم#shorts,https://www.youtube.com/watch?v=k31ItWaPhMg
فیلم شهر گربه ها - تیزر | Shahre Gorbeha Movie - Teaser,https://www.youtube.com/watch?v=6EZHwz2jKZU
سریال ساخت ایران - فصل 3 - دومین سکانس برتر قسمت 3 | Sakhte Iran Series - Season 3,https://www.youtube.com/watch?v=qExpaW1jOtk
سریال ساخت ایران - فصل 3 - اولین سکانس برتر قسمت 3 | Sakhte Iran Series - Season 3,https://www.youtube.com/watch?v=T45onLl6vko
سريال ملکه گدایان - فصل دوم -  قسمت 1 | Malake Gedayan Series - Season 2 - Episode 1,https://www.youtube.com/watch?v=7IS9kAHO5xs
سریال ملکه گدایان فصل دوم قسمت اول#shorts,https://www.youtube.com/watch?v=Sj1tYLnbStA
سریال ساخت ایران - فصل 3 - تیزر قسمت 3 | Sakhte Iran Series - Season 3 - Teaser Episode 3,https://www.youtube.com/watch?v=LfwOKT6fAEE
سریال جیران - تیزر قسمت 7 | Jeyran Series - Teaser Episode 7,https://www.youtube.com/watch?v=Xge7jEZt4TI
سریال نیمه شب - فصل 1 - تیزر قسمت 9 | Nime Shab Series - Season 1 - Teaser Episode 9,https://www.youtube.com/watch?v=JFhtSt4dZk8
سریال جیران - دومین سکانس برتر قسمت 7 | Jeyran Series,https://www.youtube.com/watch?v=Ysc8ZewuMaU
سریال جیران - اولین سکانس برتر قسمت 7 | Jeyran Series,https://www.youtube.com/watch?v=YSKVI9LqlkQ
ممیزی - فصل 2 - قسمت 22 | Momayezi - Season 2 - Episode 22,https://www.youtube.com/watch?v=OlXIHgtqEkU
برنامه ممیزی فصل دوم قسمت بیست و دوم#shorts,https://www.youtube.com/watch?v=ThPkY0Pd20Q
2 فیلم آپاچی - تیزر | Apachi Movie - Teaser 2,https://www.youtube.com/watch?v=3KOsatfSgs8
1 فیلم آپاچی - تیزر | Apachi Movie - Teaser 1,https://www.youtube.com/watch?v=uK1u6mri8U0
سریال نیمه شب - فصل 1 - اولین سکانس برتر قسمت 6 | Nime Shab Series - Season 1,https://www.youtube.com/watch?v=m77uF6CzNm8
سریال نیمه شب - فصل 1 - تیزر قسمت 8 | Nime Shab Series - Season 1 - Teaser Episode 8,https://www.youtube.com/watch?v=usZVSOAQy_I
سریال شبهای مافیا 2 - فصل 5 - قسمت 2 | Shabhaye Mafia 2 Series - Season 5 - Episode 2,https://www.youtube.com/watch?v=tUzTsNo7jlo
سریال نیمه شب - فصل 1 - قسمت 2 | Nime Shab Series - Season 1 - Episode 2,https://www.youtube.com/watch?v=POj_aIhSB10
برنامه نیمه شب قسمت دوم#shorts,https://www.youtube.com/watch?v=8rWnazXNuUc
سریال ساخت ایران - فصل 3 - دومین سکانس برتر قسمت 2 | Sakhte Iran Series - Season 3,https://www.youtube.com/watch?v=FkDAwFTVxKE
سریال ساخت ایران - فصل 3 - اولین سکانس برتر قسمت 2 | Sakhte Iran Series - Season 3,https://www.youtube.com/watch?v=tJkmm3cP0bE
سریال ساخت ایران - فصل 3 - تیزر قسمت 2 | Sakhte Iran Series - Season 3 - Teaser Episode 2,https://www.youtube.com/watch?v=TSbZa-tCZbE
سریال نیمه شب - فصل 1 - تیزر قسمت 7 | Nime Shab Series - Season 1 - Teaser Episode 7,https://www.youtube.com/watch?v=kE3Usx4UUhY
سریال جیران - آنچه گذشت قسمت 6 | Jeyran Series - Teaser,https://www.youtube.com/watch?v=afVkIoeVHCc
سریال نیمه شب - فصل 1 -  تیزر قسمت 6 | Nime Shab Series - Season 1 - Teaser Episode 6,https://www.youtube.com/watch?v=YFp_DkNoi7U
سریال شبهای مافیا 2 - فصل 5 - قسمت 1 | Shabhaye Mafia 2 Series - Season 5 - Episode 1,https://www.youtube.com/watch?v=yio0h1imAZk
سریال نیمه شب - فصل 1 - قسمت 1 | Nime Shab Series - Season 1 - Episode 1,https://www.youtube.com/watch?v=U_UELghRhRs
ممیزی - فصل 2 - قسمت 20 | Momayezi - Season 2 - Episode 20,https://www.youtube.com/watch?v=NvmN73zZBAY
سریال جوکر - فصل 5 - دومین سکانس برتر قسمت 1 | Joker Series - Season 5,https://www.youtube.com/watch?v=uRmn_imNyuk
سریال جوکر - فصل 5 - اولین سکانس برتر قسمت 1 | Joker Series - Season 5,https://www.youtube.com/watch?v=k6qkZWRL48E
سریال می خواهم زنده بمانم - قسمت 19 | Mikhaham Zendeh Bemanam Series - Episode 19,https://www.youtube.com/watch?v=hhUZPtrPwfs
سریال می خواهم زنده بمانم قسمت نوزدهم#shorts,https://www.youtube.com/watch?v=3tBaHv24bHc
سریال جوکر - فصل 5 - تیزر قسمت 1 | Joker Series - Season 5 - Teaser Episode 1,https://www.youtube.com/watch?v=f1l-qVxeNAw
سریال شبهای مافیا 4 - فصل 1 - دومین سکانس برتر قسمت 1 | Shabhaye Mafia 4 Series - Season 1,https://www.youtube.com/watch?v=XkUWg_thU8c
سریال شبهای مافیا 4 - فصل 1 - اولین سکانس برتر قسمت 1 | Shabhaye Mafia 4 Series - Season 1,https://www.youtube.com/watch?v=tdc3kfQqytA
سریال شبهای مافیا 4 - فصل 1 - تیزر بازیگران | Shabhaye Mafia 4 Series - Season 1 - Teaser,https://www.youtube.com/watch?v=ADfHonWaz3U
ممیزی - فصل 2 - قسمت 19 | Momayezi - Season 2 - Episode 19,https://www.youtube.com/watch?v=4OtTaPKIcXU
سریال نیسان آبی قسمت دوم#shorts,https://www.youtube.com/watch?v=CESWrqAHNp4
سریال نیسان آبی - فصل 1 - قسمت 2 | Neysan Abi Series - Season 1 - Episode 2,https://www.youtube.com/watch?v=6WgkKOWzmcU
برنامه ممیزی فصل دوم قسمت نوزدهم#shorts,https://www.youtube.com/watch?v=F_74L1b5YXQ
ممیزی - تیزر - کی اشکاتو پاک میکنه | Momayezi - Teaser,https://www.youtube.com/watch?v=WIMBrYB7tt0
Joker Series | جوکر - مصاحبه با مجید واشقانی و علی اوجی,https://www.youtube.com/watch?v=C8pQtQAC6oU
سریال شبهای مافیا 4 - فصل 1 - تیزر قسمت 1 | Shabhaye Mafia 4 Series - Season 1 - Teaser Episode 1,https://www.youtube.com/watch?v=hafxAjKHwZ4
سریال ملکه گدایان فصل اول قسمت نوزدهم#shorts,https://www.youtube.com/watch?v=LOlHmiRBpqQ
سريال ملکه گدایان - فصل اول -  قسمت 19 (قسمت آخر) | Malake Gedayan Series - Season 1 - Episode 19,https://www.youtube.com/watch?v=eRz3W69C62k
سریال جیران - دومین سکانس برتر قسمت 6 | Jeyran Series,https://www.youtube.com/watch?v=d3phfBSzXeg
سریال جیران - اولین سکانس برتر قسمت 6 | Jeyran Series,https://www.youtube.com/watch?v=CuI_bedGQ0g
فیلم اتومبیل - تیزر | Automobile Movie - Teaser,https://www.youtube.com/watch?v=xkdXZwUXLhk
سریال جیران - تیزر قسمت 6 | Jeyran Series - Teaser Episode 6,https://www.youtube.com/watch?v=Q18ljgrIer4
ممیزی - فصل 2 - قسمت 18 | Momayezi - Season 2 - Episode 18,https://www.youtube.com/watch?v=h0oZfyVANYU
برنامه ممیزی فصل دوم قسمت هجدهم#shorts,https://www.youtube.com/watch?v=TCh2dw1UPzM
Joker Series | جوکر - مصاحبه با مهران غفوریان و علی مسعودی,https://www.youtube.com/watch?v=ReBkcQQjh7A
Joker Series | سریال جوکر - مصاحبه با حامد آهنگی و سیروس میمنت,https://www.youtube.com/watch?v=97c948xHaMI
سریال شبهای مافیا 2 - فصل 4 - قسمت 3 | Shabhaye Mafia 2 Series - Season 4 - Episode 3,https://www.youtube.com/watch?v=0V13emR1R1M
شب های مافیا فصل چهارم قسمت سوم#shorts,https://www.youtube.com/watch?v=ugXzTRxvPSM
سریال ساخت ایران - فصل 3 - اولین سکانس برتر قسمت 1 | Sakhte Iran Series - Season 3,https://www.youtube.com/watch?v=wF6LvwPY_KM
سریال ساخت ایران - فصل 3 - دومین سکانس برتر قسمت 1 | Sakhte Iran Series - Season 3,https://www.youtube.com/watch?v=ST_mA0tLanM
سریال ساخت ایران - فصل 3 - تیزر قسمت 1 | Sakhte Iran Series - Season 3 - Teaser Episode 1,https://www.youtube.com/watch?v=tLnleY1SRPE
سریال جیران - آنچه گذشت قسمت 5 | Jeyran Series - Teaser,https://www.youtube.com/watch?v=3pbyYLXM-5U
Joker Series | سریال جوکر - مصاحبه با محمدرضا علیمردانی و امیرحسین صدیق,https://www.youtube.com/watch?v=jIwXPbJeLTo
سریال شبهای مافیا 2 - فصل 4 - قسمت 2 | Shabhaye Mafia 2 Series - Season 4 - Episode 2,https://www.youtube.com/watch?v=lWvXL4_PAAk
شب های مافیا فصل چهارم قسمت دوم#shorts,https://www.youtube.com/watch?v=2tzC6L2LUuc
سریال شبهای مافیا 2 - فصل 4 - تیزر ورود | Shabhaye Mafia 2 Series - Season 4 - Teaser,https://www.youtube.com/watch?v=wzsL3Bd73t4
سریال جوکر - فصل 4 - اولین سکانس برتر قسمت 4 | Joker Series - Season 4,https://www.youtube.com/watch?v=ERtrhZ6GRlo
سریال جوکر - فصل 4 - دومین سکانس برتر قسمت 4 | Joker Series - Season 4,https://www.youtube.com/watch?v=hN2S6H-zEMI
سریال جوکر - فصل 4 - تیزر قسمت 4 | Joker Series - Season 4 - Teaser Episode 4,https://www.youtube.com/watch?v=rNXpUWCWCN8
سریال می خواهم زنده بمانم - قسمت 18 | Mikhaham Zendeh Bemanam Series - Episode 18,https://www.youtube.com/watch?v=0NdrvhPfMCc
سریال می خواهم زنده بمانم قسمت نوزدهم#shorts,https://www.youtube.com/watch?v=7sC70MBCS4M
ممیزی - فصل 2 - قسمت 17 | Momayezi - Season 2 - Episode 17,https://www.youtube.com/watch?v=8jKsCVj1i_c
برنامه ممیزی فصل دوم قسمت هفدهم#shorts,https://www.youtube.com/watch?v=TrcBKQMkjJE
سریال جوکر - فصل 4 - دومین تیزر قسمت 3 | Joker Series - Season 4 - Teaser Episode 3,https://www.youtube.com/watch?v=9ENnhWMUx5g
سريال ملکه گدایان - فصل اول -  قسمت 18 | Malake Gedayan Series - Season 1 - Episode 18,https://www.youtube.com/watch?v=gv6p1SPPHr4
سریال ملکه گدایان فصل اول قسمت نوزدهم#shorts,https://www.youtube.com/watch?v=01uo_Fo7btk
سریال جیران - دومین سکانس برتر قسمت 5 | Jeyran Series,https://www.youtube.com/watch?v=QE8tJpoKlsg
سریال جیران - اولین سکانس برتر قسمت 5 | Jeyran Series,https://www.youtube.com/watch?v=NbTekVsigBE
سریال جیران - تیزر قسمت 5 | Jeyran Series - Teaser Episode 5,https://www.youtube.com/watch?v=aClMFyNlaHA
ممیزی - فصل 2 - قسمت 16 | Momayezi - Season 2 - Episode 16,https://www.youtube.com/watch?v=BKJABjYWrAE
برنامه ممیزی فصل دوم قسمت شانزدهم#shorts,https://www.youtube.com/watch?v=27fgqm2mA6I
فیلم صحنه زنی - تیزر | Sahneh Zani Movie - Teaser,https://www.youtube.com/watch?v=6F2zlI4IQlM
سریال شبهای مافیا 2 - فصل 4 - قسمت 1 | Shabhaye Mafia 2 Series - Season 4 - Episode 1,https://www.youtube.com/watch?v=PLP8beb7xXo
شب های مافیا فصل چهار قسمت اول#shorts,https://www.youtube.com/watch?v=_NMtdP8f_dY
سریال جیران - آنچه گذشت قسمت 1 تا 4 | Jeyran Series - Teaser,https://www.youtube.com/watch?v=NpvEAOahyTI
سریال شبهای مافیا 2 - فصل 3 - قسمت 3 | Shabhaye Mafia 2 Series - Season 3 - Episode 3,https://www.youtube.com/watch?v=zJPrxzQacmM
شبهای مافیا فصل سوم قسمت سوم#shorts,https://www.youtube.com/watch?v=uxdqZOi8GvA
سریال مردم معمولی - قسمت 20 (قسمت آخر) | Mardome Mamuli Series - Episode 20,https://www.youtube.com/watch?v=ItBSSY9db9w
سریال مردم معمولی قسمت بیستم#shorts,https://www.youtube.com/watch?v=pZxA0BHFbrc
سریال جوکر - فصل 4 - دومین سکانس برتر قسمت 3 | Joker Series - Season 4,https://www.youtube.com/watch?v=wK7eYaZsId8
سریال جوکر - فصل 4 - اولین سکانس برتر قسمت 3 | Joker Series - Season 4,https://www.youtube.com/watch?v=Eia31g9bcmw
سریال جوکر - فصل 4 - اولین تیزر قسمت 3 | Joker Series - Season 4 - Teaser Episode 3,https://www.youtube.com/watch?v=pVgDuEg7R2w
سریال می خواهم زنده بمانم - قسمت 17 | Mikhaham Zendeh Bemanam Series - Episode 17,https://www.youtube.com/watch?v=tYvfejzmwi4
ممیزی - فصل 2 - قسمت 15 | Momayezi - Season 2 - Episode 15,https://www.youtube.com/watch?v=YmBEscui6eY
سريال ملکه گدایان - فصل اول -  قسمت 17 | Malake Gedayan Series - Season 1 - Episode 17,https://www.youtube.com/watch?v=mpU7Kzk9clk
سریال ملکه گدایان فصل اول قسمت هفدهم#shorts,https://www.youtube.com/watch?v=gx3kMlX-jHk
سریال جیران - قسمت 1 | Jeyran Series - Episode 1,https://www.youtube.com/watch?v=-8ENb1C5YH8
2 سریال جوکر - فصل 4 - دومین تیزر قسمت | Joker Series - Season 4 - Teaser Episode 2,https://www.youtube.com/watch?v=e-Szpqn5E2E
سریال جیران - تیزر قسمت 4 | Jeyran Series - Teaser Episode 4,https://www.youtube.com/watch?v=9HyHerr10YU
سریال جیران - اولین سکانس برتر قسمت 4 | Jeyran Series,https://www.youtube.com/watch?v=ESaxamDKEZ4
سریال جیران - دومین سکانس برتر قسمت 4 | Jeyran Series,https://www.youtube.com/watch?v=ELNwsCB-Au4
سریال جیران قسمت اول#shorts,https://www.youtube.com/watch?v=YStPqqm4HcI
ممیزی - فصل 2 - قسمت 14 | Momayezi - Season 2 - Episode 14,https://www.youtube.com/watch?v=Unzd1gwMq88
برنامه ممیزی فصل دوم قسمت چهاردهم#shorts,https://www.youtube.com/watch?v=UDVLgZxPrW0
سریال شبهای مافیا 2 - فصل 3 - قسمت 2 | Shabhaye Mafia 2 Series - Season 3 - Episode 2,https://www.youtube.com/watch?v=-D5mIt8qYCE
شب های مافیا فصل سوم قسمت دوم#shorts,https://www.youtube.com/watch?v=7OV1asGVCuU
Neysan Abi Series - Season 1 | سریال نیسان آبی - فصل 1 - سکانس برتر قسمت 20,https://www.youtube.com/watch?v=sjjxuaq7gMk
Joker Series - Season 4 - Teaser Episode 2 | سریال جوکر - فصل 4 - تیزر قسمت 2,https://www.youtube.com/watch?v=7IfMlRXHTuE
Neysan Abi Series - Season 1 - Teaser Episode 20 | سریال نیسان آبی - فصل 1 - تیزر قسمت 20,https://www.youtube.com/watch?v=7bTa36VJ3z4
شب های مافیا فصل سوم قسمت اول#shorts,https://www.youtube.com/watch?v=b8EQ4z7TK80
Neysan Abi Series - Season 1 - Teaser 2 | سریال نیسان آبی - فصل 1 - تیزر 2,https://www.youtube.com/watch?v=MCsljRA5lxM
سریال مردم معمولی - قسمت 19 | Mardome Mamuli Series - Episode 19,https://www.youtube.com/watch?v=dV6L44Xj5U0
Joker Series - Season 4 | سریال جوکر - فصل 4 - اولین سکانس برتر قسمت 2,https://www.youtube.com/watch?v=sEITZXTyZ_E
Joker Series - Season 4 | سریال جوکر - فصل 4 - دومین سکانس برتر قسمت 2,https://www.youtube.com/watch?v=u6nurxlBce8
سریال می خواهم زنده بمانم - قسمت 16 | Mikhaham Zendeh Bemanam Series - Episode 16,https://www.youtube.com/watch?v=eyTTAOuG5wE
سریال می خواهم زنده بمانم قسمت شانزدهم#shorts,https://www.youtube.com/watch?v=gveXPhj3YH4
Momayezi - Teaser | ممیزی - تیزر - سوغاتی,https://www.youtube.com/watch?v=ZKmxI6mJ1Gk
ممیزی - فصل 2 - قسمت 13 | Momayezi - Season 2 - Episode 13,https://www.youtube.com/watch?v=r4TSiGiQCwM
برنامه ممیزی فصل دو قسمت سیزدهم#shorts,https://www.youtube.com/watch?v=DbZDiD3RfTk
Joker Series - Season 4 - Teaser Episode 1 | سریال جوکر - فصل 4 - دومین تیزر قسمت 1,https://www.youtube.com/watch?v=KdaFbCelxIU
سريال ملکه گدایان - فصل اول -  قسمت 16 | Malake Gedayan Series - Season 1 - Episode 16,https://www.youtube.com/watch?v=DSbse6oKARs
سریال ملکه گدایان فصل اول قسمت شانزدهم#shorts,https://www.youtube.com/watch?v=lOn9_rO_Iv0
Jeyran Series | سریال جیران - دومین سکانس برتر قسمت 3,https://www.youtube.com/watch?v=0pqjFOQjm7I
Jeyran Series | سریال جیران - اولین سکانس برتر قسمت 3,https://www.youtube.com/watch?v=FfaO1eYNxLg
Jeyran Series - Teaser Episode 3 | سریال جیران - تیزر قسمت 3,https://www.youtube.com/watch?v=ABjzIpLIV2M
ممیزی - فصل 2 - قسمت 12 | Momayezi - Season 2 - Episode 12,https://www.youtube.com/watch?v=7h8o4-GfH68
برنامه ممیزی فصل دو قسمت دوازدهم#shorts,https://www.youtube.com/watch?v=sDHXQ4QmKLo
سریال شبهای مافیا 2 - فصل 2 - قسمت 3 | Shabhaye Mafia 2 Series - Season 2 - Episode 3,https://www.youtube.com/watch?v=zzQJ8PI9CMg
شب های مافیا فصل دو قسمت سوم#shorts,https://www.youtube.com/watch?v=67SuZo-36pM
Momayezi - Teaser | ممیزی - تیزر - لاتاری,https://www.youtube.com/watch?v=ksm2gt29sug
Neysan Abi Series - Season 1 - Teaser Episode 19 | سریال نیسان آبی - فصل 1 - تیزر قسمت 19,https://www.youtube.com/watch?v=SAstNky7_cU
Neysan Abi Series - Season 1 | سریال نیسان آبی - فصل 1 - سکانس برتر قسمت 19,https://www.youtube.com/watch?v=Kp4HLSVBfuQ
سریال شبهای مافیا 2 - فصل 2 - قسمت 2 | Shabhaye Mafia 2 Series - Season 2 - Episode 2,https://www.youtube.com/watch?v=6Ln2rbo7aFw
شب های مافیا فصل دو قسمت دوم#shorts,https://www.youtube.com/watch?v=bt0aWnbAP0Q
سریال مردم معمولی - قسمت 18 | Mardome Mamuli Series - Episode 18,https://www.youtube.com/watch?v=EUKkNPqy064
سریال مردم معمولی قسمت هجدهم#shorts,https://www.youtube.com/watch?v=iHbyzNd9WLM
Joker Series - Season 4 | سریال جوکر - فصل 4 - دومین سکانس برتر قسمت 1,https://www.youtube.com/watch?v=3DV2rHhK-XE
Joker Series - Season 4 | سریال جوکر - فصل 4 - اولین سکانس برتر قسمت 1,https://www.youtube.com/watch?v=2ja36hx8X0k
Joker Series - Season 4 - Teaser Episode 1 | سریال جوکر - فصل 4 - اولین تیزر قسمت 1,https://www.youtube.com/watch?v=nq-q9W8pyeM
سریال می خواهم زنده بمانم - قسمت 15 | Mikhaham Zendeh Bemanam Series - Episode 15,https://www.youtube.com/watch?v=CQiKHQn8Db0
سریال می خواهم زنده بمانم قسمت پانزدهم#shorts,https://www.youtube.com/watch?v=lTJiRMOLxQ4
Joker Series | سریال جوکر - مصاحبه با بهزاد محمدی و علی صالحی,https://www.youtube.com/watch?v=Xtttq8XE5VM
ممیزی - فصل 2 - قسمت 11 | Momayezi - Season 2 - Episode 11,https://www.youtube.com/watch?v=i2451pebheY
برنامه ممیزی فصل دوم قسمت یازدهم#shorts,https://www.youtube.com/watch?v=nEea0aAa2x4
Joker Series | سریال جوکر - مصاحبه با سیاوش مفیدی و شهاب عباسی,https://www.youtube.com/watch?v=7IZZtx0Nmng
سريال ملکه گدایان - فصل اول -  قسمت 15 | Malake Gedayan Series - Season 1 - Episode 15,https://www.youtube.com/watch?v=In_dlzxK5h8
سریال ملکه گدایان فصل اول قسمت پانزدهم#shorts,https://www.youtube.com/watch?v=CX9ei-PBS1g
Jeyran Series | سریال جیران - دومین سکانس برتر قسمت 2,https://www.youtube.com/watch?v=ufKdAo0kfiE
Jeyran Series | سریال جیران - اولین سکانس برتر قسمت 2,https://www.youtube.com/watch?v=lJFTvuhY8k8
Jeyran Series - Teaser Episode 2 | سریال جیران - تیزر قسمت 2,https://www.youtube.com/watch?v=MppVGZdqBJE
Joker Series - Season 3 - Teaser Episode 4 | سریال جوکر - فصل 3 - دومین تیزر قسمت 4,https://www.youtube.com/watch?v=O0OYsa3DwX0
ممیزی - فصل 2 - قسمت 10 | Momayezi - Season 2 - Episode 10,https://www.youtube.com/watch?v=AWGTabkumlw
برنامه ممیزی فصل دوم قسمت دهم#shorts,https://www.youtube.com/watch?v=DlNGSzMIsMM
Joker Series | سریال جوکر - مصاحبه با مهران رجبی و یوسف تیموری,https://www.youtube.com/watch?v=Cib4xnHWvGs
سریال شبهای مافیا 2 - فصل 2 - قسمت 1 | Shabhaye Mafia 2 Series - Season 2 - Episode 1,https://www.youtube.com/watch?v=ym-CMIZnvUk
Neysan Abi Series - Season 1 - Teaser Episode 18 | سریال نیسان آبی - فصل 1 - تیزر قسمت 18,https://www.youtube.com/watch?v=CkCY9qxq-a0
Neysan Abi Series - Season 1 | سریال نیسان آبی - فصل 1 - سکانس برتر قسمت 18,https://www.youtube.com/watch?v=HZyW4kGmQhw
Joker Series | سریال جوکر - مصاحبه با پوریا پورسرخ و یوسف صیادی,https://www.youtube.com/watch?v=myzbt2pBVN8
سریال نیمه شب - فصل 1 - تیزر قسمت 1 | Nime Shab Series - Season 1 - Teaser Episode 1,https://www.youtube.com/watch?v=zOcJDERRXhc
سریال مردم معمولی - قسمت 17 | Mardome Mamuli Series - Episode 17,https://www.youtube.com/watch?v=luokbvBXz-o
Joker Series - Season 3 | سریال جوکر - فصل 3 - دومین سکانس برتر قسمت 4,https://www.youtube.com/watch?v=rt3onaga9xU
Joker Series - Season 3 | سریال جوکر - فصل 3 - اولین سکانس برتر قسمت 4,https://www.youtube.com/watch?v=SbZRQp2aCfw
Joker Series - Season 3 - Teaser Episode 4 | سریال جوکر - فصل 3 - تیزر قسمت 4,https://www.youtube.com/watch?v=zvaOgU4cZPc
سریال می خواهم زنده بمانم - قسمت 14 | Mikhaham Zendeh Bemanam Series - Episode 14,https://www.youtube.com/watch?v=hGZAXI4Y1LE
سریال میخواهم زنده بمانم قسمت چهاردهم#shorts,https://www.youtube.com/watch?v=4NHrebS7cFw
Jeyran Series | سریال جیران - سکانس برتر قسمت 1,https://www.youtube.com/watch?v=5Nqamq4dEZw
Joker Series - Season 3 - Teaser Kal Kal | سریال جوکر - فصل 3 - تیزر کل کل,https://www.youtube.com/watch?v=icc1bcUv0nA
ممیزی - فصل 2 - قسمت 9 | Momayezi - Season 2 - Episode 9,https://www.youtube.com/watch?v=UQs9ji2jOis
ممیزی فصل دوم قسمت نهم#shorts,https://www.youtube.com/watch?v=CTxqv7awCmw
سریال ملکه گدایان فصل اول قسمت چهاردهم#shorts,https://www.youtube.com/watch?v=fa_555E0BzE
سريال ملکه گدایان - فصل اول -  قسمت 14 | Malake Gedayan Series - Season 1 - Episode 14,https://www.youtube.com/watch?v=bapQ258Hyh0
Jeyran Series - Teaser | سریال جیران - غزل شاکری در نقش ملک زاده,https://www.youtube.com/watch?v=4MDqzQnEo5o
Joker Series - Season 3 - Teaser Episode 3 | سریال جوکر - فصل 3 - دومین تیزر قسمت 3,https://www.youtube.com/watch?v=4tNTcG1PGDs
برنامه ممیزی فصل دوم قسمت هشتم#shorts,https://www.youtube.com/watch?v=xTie3jDAZE0
ممیزی - فصل 2 - قسمت 8 | Momayezi - Season 2 - Episode 8,https://www.youtube.com/watch?v=JcO_LLJa54A
سریال شبهای مافیا 2 - فصل 1 -  قسمت 3 | Shabhaye Mafia 2 Series - Season 1 - Episode 3,https://www.youtube.com/watch?v=95_r6sORtTg
شب های مافیا سری دو فصل یک قسمت سوم#shorts,https://www.youtube.com/watch?v=AsU7nB_CAOs
Neysan Abi Series - Season 1 | سریال نیسان آبی - فصل 1 - سکانس برتر قسمت 17,https://www.youtube.com/watch?v=kYmMdeQy1sY
Jeyran Series - Teaser Episode 1 | سریال جیران - تیزر قسمت 1,https://www.youtube.com/watch?v=xwyQT_7dL7Y
Neysan Abi Series - Season 1 - Teaser Episode 17 | سریال نیسان آبی - فصل 1 - تیزر قسمت 17,https://www.youtube.com/watch?v=ODuPyMmG8R8
سریال شبهای مافیا 2 - فصل 1 - قسمت 2 | Shabhaye Mafia 2 Series - Season 1 - Episode 2,https://www.youtube.com/watch?v=KORbmO2kWVc
Jeyran Series - Teaser | سریال جیران - عاشقانه ای دیگر از حسن فتحی,https://www.youtube.com/watch?v=T3WWJPxUlpg
سریال مردم معمولی قسمت شانزدهم#shorts,https://www.youtube.com/watch?v=2vSyiHUx2oU
سریال مردم معمولی - قسمت 16 | Mardome Mamuli Series - Episode 16,https://www.youtube.com/watch?v=HSxZWGfbTG0
Joker Series - Season 3 | سریال جوکر - فصل 3 - دومین سکانس برتر قسمت 3,https://www.youtube.com/watch?v=AF3HRVuiAk0
Joker Series - Season 3 | سریال جوکر - فصل 3 - اولین سکانس برتر قسمت 3,https://www.youtube.com/watch?v=4xq9oykJNVM
Joker Series - Season 3 - Teaser Episode 3 | سریال جوکر - فصل 3 - تیزر قسمت 3,https://www.youtube.com/watch?v=5sIs__CQ6wc
سریال میخواهم زنده بمانم قسمت سیزدهم#shorts,https://www.youtube.com/watch?v=OVnrg7Mr3YI
سریال می خواهم زنده بمانم - قسمت 13 | Mikhaham Zendeh Bemanam Series - Episode 13,https://www.youtube.com/watch?v=4F62wNlOJKc
ممیزی - فصل 2 - قسمت 7 | Momayezi - Season 2 - Episode 7,https://www.youtube.com/watch?v=WpGqER2gxAU
برنامه ممیزی فصل دوم قسمت هفتم#shorts,https://www.youtube.com/watch?v=VfqPzGKY6oo
سريال ملکه گدایان - فصل اول -  قسمت 13 | Malake Gedayan Series - Season 1 - Episode 13,https://www.youtube.com/watch?v=w3h8cZkaaYs
سریال ملکه گدایان فصل اول قسمت سیزدهم#shorts,https://www.youtube.com/watch?v=UdTlt6CjCFs
Joker Series - Season 3 - Teaser Episode 2 | سریال جوکر - فصل 3 - دومین تیزر قسمت 2,https://www.youtube.com/watch?v=1fBAYoQfmUc
ممیزی - فصل 2 - قسمت 6 | Momayezi - Season 2 - Episode 6,https://www.youtube.com/watch?v=FcVATJ6hMk4
برنامه ممیزی فصل دوم قسمت ششم#shorts,https://www.youtube.com/watch?v=GslZRHG2iK0
سریال شبهای مافیا 2 - فصل 1 - قسمت 1 | Shabhaye Mafia 2 Series - Season 1 - Episode 1,https://www.youtube.com/watch?v=_AlgPAr-Wj8
شب های مافیا 2 فصل یک قسمت اول#shorts,https://www.youtube.com/watch?v=24mf6RW5uYc
Neysan Abi Series - Season 1 | سریال نیسان آبی - فصل 1 - سکانس برتر قسمت 16,https://www.youtube.com/watch?v=WQra7JVYTwU
Neysan Abi Series - Season 1 - Teaser Episode 16 | سریال نیسان آبی - فصل 1 - تیزر قسمت 16,https://www.youtube.com/watch?v=NEGt-MUz854
سریال مردم معمولی قسمت پانزدهم#shorts,https://www.youtube.com/watch?v=QwrL93xY_JQ
سریال مردم معمولی - قسمت 15 | Mardome Mamuli Series - Episode 15,https://www.youtube.com/watch?v=wznSY_TJnmk
Joker Series - Season 3 | سریال جوکر - فصل 3 - اولین سکانس برتر قسمت 2,https://www.youtube.com/watch?v=CNqI1aCa3G0
Joker Series - Season 3 | سریال جوکر - فصل 3 - دومین سکانس برتر قسمت 2,https://www.youtube.com/watch?v=fib6D9vPqDU
سریال میخواهم زنده بمانم قسمت دوازدهم#shorts,https://www.youtube.com/watch?v=XwR3sulkJvE
سریال می خواهم زنده بمانم - قسمت 12 | Mikhaham Zendeh Bemanam Series - Episode 12,https://www.youtube.com/watch?v=kH8bM__ngZQ
Joker Series - Season 3 - Teaser Episode 2 | سریال جوکر - فصل 3 - تیزر قسمت 2,https://www.youtube.com/watch?v=KiQ0nuy-r-0
برنامه ممیزی فصل دوم قسمت پنجم#shorts,https://www.youtube.com/watch?v=RuMZPt-El9g
ممیزی - فصل 2 - قسمت 5 | Momayezi - Season 2 - Episode 5,https://www.youtube.com/watch?v=D9suygceb9k
Joker Series - Season 3 - Teaser Episode 1 | سریال جوکر - فصل 3 - دومین تیزر قسمت 1,https://www.youtube.com/watch?v=AkN8uhR6QyU
سریال ملکه گدایان فصل اول قسمت 12#shorts,https://www.youtube.com/watch?v=m7d7_u8RcFU
سريال ملکه گدایان - فصل اول -  قسمت 12 | Malake Gedayan Series - Season 1 - Episode 12,https://www.youtube.com/watch?v=nOOksJj449o
ممیزی - فصل 2 - قسمت 4 | Momayezi - Season 2 - Episode 4,https://www.youtube.com/watch?v=_g3t_mYdeV0
برنامه ممیزی فصل دوم قسمت چهارم#shorts,https://www.youtube.com/watch?v=LwPNqGgnxu4
سریال شبهای مافیا 1 - فصل 4 -  قسمت 3 | Shabhaye Mafia 1 Series - Season 4 - Episode 3,https://www.youtube.com/watch?v=TCkq3B8t9v8
Neysan Abi Series - Season 1 | سریال نیسان آبی - فصل 1 - سکانس برتر قسمت 15,https://www.youtube.com/watch?v=NuWgnZ9GqW4
Neysan Abi Series - Season 1 - Teaser Episode 15 | سریال نیسان آبی - فصل 1 - تیزر قسمت 15,https://www.youtube.com/watch?v=nKCEEEBhVWc
سریال شبهای مافیا 1 - فصل 4 -  قسمت 2 | Shabhaye Mafia 1 Series - Season 4 - Episode 2,https://www.youtube.com/watch?v=vEMVn51Bz94
شب های مافیا فصل چهارم قسمت دوم#shorts,https://www.youtube.com/watch?v=BmNvo2gsU7I
Momayezi - Teaser | ممیزی - تیزر - اگه یه روز,https://www.youtube.com/watch?v=aaXtllLg3GA
Momayezi - Teaser | ممیزی - تیزر - مدار صفر درجه,https://www.youtube.com/watch?v=rlJQV_NUS1o
سریال مردم معمولی - قسمت 14 | Mardome Mamuli Series - Episode 14,https://www.youtube.com/watch?v=J_ti685AQUM
سریال مردم معمولی قسمت چهاردهم#shorts,https://www.youtube.com/watch?v=gj4EfC53vTw
Joker Series - Season 3 | سریال جوکر - فصل 3 - دومین سکانس برتر قسمت 1,https://www.youtube.com/watch?v=ffL8o7pEOmw
Joker Series - Season 3 | سریال جوکر - فصل 3 - اولین سکانس برتر قسمت 1,https://www.youtube.com/watch?v=YCSJfU_Sg1o
سریال می خواهم زنده بمانم - قسمت 11 | Mikhaham Zendeh Bemanam Series - Episode 11,https://www.youtube.com/watch?v=SrHntfdNWuk
سریال میخواهم زنده بمانم قسمت یازدهم#shorts,https://www.youtube.com/watch?v=-oIiKyg5Vo8
Joker Series - Season 3 - Teaser Episode 1 | سریال جوکر - فصل 3 - اولین تیزر قسمت 1,https://www.youtube.com/watch?v=GVInhSxa2es
Jazireh Series - Teaser Episode 14 | سریال جزیره - تیزر قسمت 14,https://www.youtube.com/watch?v=MmFbcjfphHs
Jazireh Series | سریال جزیره - سکانس برتر قسمت 14,https://www.youtube.com/watch?v=Du-JbbCP3L8
ممیزی - فصل 2 - قسمت 3 | Momayezi - Season 2 - Episode 3,https://www.youtube.com/watch?v=5j8gSN94fWI
برنامه ممیزی فصل دوم قسمت سوم#shorts,https://www.youtube.com/watch?v=jXjzVw3Ok50
Joker Series | سریال جوکر - مصاحبه با میرطاهر مظلومی و بابک نهرین,https://www.youtube.com/watch?v=iqOCFvflwbw
Joker Series | سریال جوکر - مصاحبه با حمید لولایی و امیر غفارمنش,https://www.youtube.com/watch?v=KDQDN85-Fg0
Joker Series - Season 2 - Teaser Episode 4 | سریال جوکر - فصل 2 - دومین تیزر قسمت 4,https://www.youtube.com/watch?v=whqn9nahrMg
سريال ملکه گدایان - فصل اول -  قسمت 11 | Malake Gedayan Series - Season 1 - Episode 11,https://www.youtube.com/watch?v=uUA2IMp6hh4
سریال ملکه گدایان فصل اول قسمت یازدهم#shorts,https://www.youtube.com/watch?v=3X2g5fYCOoc
ممیزی - فصل 2 - قسمت 2 | Momayezi - Season 2 - Episode 2,https://www.youtube.com/watch?v=xfzMvBPZTFc
برنامه ممیزی فصل دوم قسمت دوم#shorts #ممیزی,https://www.youtube.com/watch?v=3s6x84HQEm4
Joker Series | سریال جوکر - مصاحبه با سروش جمشیدی و علیرضا استادی,https://www.youtube.com/watch?v=H_tyzgoIEUQ
Neysan Abi Series - Season 1 | سریال نیسان آبی - فصل 1 - سکانس برتر قسمت 14,https://www.youtube.com/watch?v=JQmiSaZgM68
سریال شبهای مافیا 1 - فصل 4 -  قسمت 1 | Shabhaye Mafia 1 Series - Season 4 - Episode 1,https://www.youtube.com/watch?v=dE9ALk1wErE
شب های مافیا فصل چهارم قسمت اول#shorts,https://www.youtube.com/watch?v=lBb6wmTlErk
Jazireh Series | سریال جزیره - مصاحبه با شادی مختاری,https://www.youtube.com/watch?v=7Vl-2n8i_UY
Neysan Abi Series - Season 1 - Teaser Episode 14 | سریال نیسان آبی - فصل 1 - تیزر قسمت 14,https://www.youtube.com/watch?v=kXmGJh6m-4I
Joker Series | سریال جوکر - مصاحبه با رضا شفیعی جم و سیاوش چراغی پور,https://www.youtube.com/watch?v=eOCRkwd1GZc
سریال شبهای مافیا 1 - فصل 3 -  قسمت 3 | Shabhaye Mafia 1 Series - Season 3 - Episode 3,https://www.youtube.com/watch?v=TQ_JF8l3OSM
شب های مافیا فصل سوم قسمت سوم#shorts,https://www.youtube.com/watch?v=xJ4ZqyfVy_Q
Jazireh Series - Teaser | سریال جزیره - مصاحبه با شادی مختاری - تیزر,https://www.youtube.com/watch?v=EuAAFXcQIGc
سریال مردم معمولی - قسمت 13 | Mardome Mamuli Series - Episode 13,https://www.youtube.com/watch?v=lOGYzxhVx6M
سریال مردم معمولی قسمت 13#shorts,https://www.youtube.com/watch?v=Lyto13t9Rxk
Joker Series - Season 2 | سریال جوکر - فصل 2 - دومین سکانس برتر قسمت 4,https://www.youtube.com/watch?v=2JoOL6_YIxY
Joker Series - Season 2 | سریال جوکر - فصل 2 - اولین سکانس برتر قسمت 4,https://www.youtube.com/watch?v=pCPVMKj5Idw
سریال می خواهم زنده بمانم - قسمت 10 | Mikhaham Zendeh Bemanam Series - Episode 10,https://www.youtube.com/watch?v=ZEFzsjlXyCw
سریال میخواهم زنده بمانم قسمت دهم#shorts,https://www.youtube.com/watch?v=nNQ2VoX0rvI
Joker Series - Season 2 - Teaser Episode 4 | سریال جوکر - فصل 2 - اولین تیزر قسمت 4,https://www.youtube.com/watch?v=6gH_69wksVA
Jazireh Series | سریال جزیره - سکانس برتر قسمت 13,https://www.youtube.com/watch?v=Pu-gifWkSXc
Joker Series - Season 2 - Teaser Kal Kal | سریال جوکر - فصل 2 - تیزر کل کل,https://www.youtube.com/watch?v=617Xo1vlZH0
Jazireh Series - Teaser Episode 13 | سریال جزیره - تیزر قسمت 13,https://www.youtube.com/watch?v=IQ_685s7U1M
سریال ملکه گدایان قسمت دهم#shorts,https://www.youtube.com/watch?v=E-GW2FuUVHQ
سريال ملکه گدایان - فصل اول -  قسمت 10 | Malake Gedayan Series - Season 1 - Episode 10,https://www.youtube.com/watch?v=cXNrW0UDgfM
ممیزی - فصل 2 - قسمت 1 | Momayezi - Season 2 - Episode 1,https://www.youtube.com/watch?v=C7fLV8FKfvw
Joker Series - Season 2 - Teaser Episode 3 | سریال جوکر - فصل 2 - دومین تیزر قسمت 3,https://www.youtube.com/watch?v=ggaDKOjm8Wo
برنامه ممیزی فصل دو قسمت یک#shorts,https://www.youtube.com/watch?v=RFg0xlHieUo
سریال شبهای مافیا 1 - فصل 3 -  قسمت 2 | Shabhaye Mafia 1 Series - Season 3 - Episode 2,https://www.youtube.com/watch?v=5zRvZwzq2eo
Neysan Abi Series - Season 1 | سریال نیسان آبی - فصل 1 - سکانس برتر قسمت 13,https://www.youtube.com/watch?v=gKexuwMXfHc
Neysan Abi Series - Season 1 - Teaser Episode 13 | سریال نیسان آبی - فصل 1 - تیزر قسمت 13,https://www.youtube.com/watch?v=k_6p-P1pBhA
Jeyran Series - Live | سریال جیران - اکران خصوصی بصورت زنده,https://www.youtube.com/watch?v=N-4mDz54VC4
سریال شبهای مافیا 1 - فصل 3 -  قسمت 1 | Shabhaye Mafia 1 Series - Season 3 - Episode 1,https://www.youtube.com/watch?v=wH9TNeD3l6g
شب های مافیا فصل سوم قسمت یک#series,https://www.youtube.com/watch?v=mXdORMgum2k
Jeyran Series - Live | سریال جیران - اکران خصوصی بصورت زنده - پریناز ایزدیار,https://www.youtube.com/watch?v=SwA5hjabAVo
سریال مردم معمولی - قسمت 12 | Mardome Mamuli Series - Episode 12,https://www.youtube.com/watch?v=VXkU1rLIr8Y
سریال مردم معمولی قسمت 12#shorts,https://www.youtube.com/watch?v=a79PmEh1pgo
Joker Series - Season 2 | سریال جوکر - فصل 2 - دومین سکانس برتر قسمت 3,https://www.youtube.com/watch?v=wrpW923ZHO4
Joker Series - Season 2 | سریال جوکر - فصل 2 - اولین سکانس برتر قسمت 3,https://www.youtube.com/watch?v=nnkEYmseiMs
Joker Series - Season 2 - Teaser Episode 3 | سریال جوکر - فصل 2 - اولین تیزر قسمت 3,https://www.youtube.com/watch?v=mdJiBoY8ShA
سریال می خواهم زنده بمانم - قسمت 9 | Mikhaham Zendeh Bemanam Series - Episode 9,https://www.youtube.com/watch?v=v-khLqPRWG0
Jazireh Series | سریال جزیره - سکانس برتر قسمت 12,https://www.youtube.com/watch?v=Ktj1i2MZNQM
سریال ملکه گدایان قسمت 9 #shorts,https://www.youtube.com/watch?v=RN-s4x4tHTI
سریال‌ مردم معمولی قسمت 11 #shorts,https://www.youtube.com/watch?v=gBxXo-3JjJs
Joker Series - Season  2 - Teaser Episode 2 | سریال جوکر - فصل 2 - دومین تیزر قسمت 2,https://www.youtube.com/watch?v=6npZTZJGuDk
سريال ملکه گدایان - فصل اول -  قسمت 9 | Malake Gedayan Series - Season 1 - Episode 9,https://www.youtube.com/watch?v=YONH8_2B4QA
Neysan Abi Series - Season 1 - Teaser Episode 12 | سریال نیسان آبی - فصل 1 - تیزر قسمت 12,https://www.youtube.com/watch?v=mogKQlNOFPE
Neysan Abi Series - Season 1 | سریال نیسان آبی - فصل 1 - سکانس برتر قسمت 12,https://www.youtube.com/watch?v=tegUfWtfeWI
Jeyran Series - Teaser | سریال جیران - تیزر,https://www.youtube.com/watch?v=hKu6dARPpU0
سریال مردم معمولی - قسمت 11 | Mardome Mamuli Series - Episode 11,https://www.youtube.com/watch?v=nMy3YEvpjfQ
سریال مردم معمولی - قسمت 10 | Mardome Mamuli Series - Episode 10,https://www.youtube.com/watch?v=2eM-0m6BZvE
سریال می خواهم زنده بمانم - قسمت 8 | Mikhaham Zendeh Bemanam Series - Episode 8,https://www.youtube.com/watch?v=Gz6EfaguVh0
سریال مردم معمولی - قسمت 9 | Mardome Mamuli Series - Episode 9,https://www.youtube.com/watch?v=Bz1p2g7eRNQ
Jazireh Series - Teaser Episode 11 | سریال جزیره - تیزر قسمت 11,https://www.youtube.com/watch?v=NjBR7UFfr5E
سریال مردم معمولی قسمت 9  #shorts,https://www.youtube.com/watch?v=-HLXRrIpo8w
Jazireh Series | سریال جزیره - سکانس برتر قسمت 11,https://www.youtube.com/watch?v=9Vy8bNMcDSM
سریال میخواهم زنده بمانم قسمت 8 #shorts,https://www.youtube.com/watch?v=VN83USo_hR4
Joker Series - Season 2 | سریال جوکر - فصل 2 - دومین سکانس برتر قسمت 2,https://www.youtube.com/watch?v=ZesOHhFBBuQ
Joker Series - Season 2 | سریال جوکر - فصل 2 - اولین سکانس برتر قسمت 2,https://www.youtube.com/watch?v=xRlmo3jC2I8
سریال مردم معمولی - قسمت 8 | Mardome Mamuli Series - Episode 8,https://www.youtube.com/watch?v=-zvNxMBOAK0
Joker Series - Season  2 - Teaser Episode 2 | سریال جوکر - فصل 2 - اولین تیزر قسمت 2,https://www.youtube.com/watch?v=T9Jbm9FjcKg
Jeyran Series - Teaser | سریال جیران - خواجه ها,https://www.youtube.com/watch?v=05-gd49zYds
سريال ملکه گدایان - فصل اول -  قسمت 8 | Malake Gedayan Series - Season 1 - Episode 8,https://www.youtube.com/watch?v=R5LLkUtX69U
تیزر ملکه گدایان قسمت 8#shorts,https://www.youtube.com/watch?v=6tLz6k54LIU
سريال ملکه گدایان - فصل اول -  قسمت 7 | Malake Gedayan Series - Season 1 - Episode 7,https://www.youtube.com/watch?v=RtRSb9ShvI8
Joker Series - Season  2 - Teaser Episode 1 | سریال جوکر - فصل 2 - دومین تیزر قسمت 1,https://www.youtube.com/watch?v=kl7fVs4PiRg
تیزر ملکه گدایان قسمت 7#shorts,https://www.youtube.com/watch?v=bzo_-aHqDSQ
سريال ملکه گدایان - فصل اول -  قسمت 6 | Malake Gedayan Series - Season 1 - Episode 6,https://www.youtube.com/watch?v=IDkaxjpGqpY
سریال ملکه گدایان قسمت 6 #shorts,https://www.youtube.com/watch?v=ts9wAiqC-D0
Neysan Abi Series - Season 1 - Teaser Episode 11 | سریال نیسان آبی - فصل 1 - تیزر قسمت 11,https://www.youtube.com/watch?v=dBDEYvvO5WM
Neysan Abi Series - Season 1 | سریال نیسان آبی - فصل 1 - سکانس برتر قسمت 11,https://www.youtube.com/watch?v=bLZ4X7fxhTQ
سریال می خواهم زنده بمانم - قسمت 7 | Mikhaham Zendeh Bemanam Series - Episode 7,https://www.youtube.com/watch?v=H3aPTm99swI
می خواهم زنده بمانم قسمت 7#shorts,https://www.youtube.com/watch?v=DW5wrf4CUwc
Joker Series - Season 2 | سریال جوکر - فصل 2 - اولین سکانس برتر قسمت 1,https://www.youtube.com/watch?v=aCW20ecWjh0
Joker Series - Season 2 | سریال جوکر - فصل 2 - دومین سکانس برتر قسمت 1,https://www.youtube.com/watch?v=WrJN53S3jdk
سريال ملکه گدایان - فصل اول -  قسمت 5 | Malake Gedayan Series - Season 1 - Episode 5,https://www.youtube.com/watch?v=NrlD9816Qu4
Joker Series - Season  2 - Teaser Episode 1 | سریال جوکر - فصل 2 - اولین تیزر قسمت 1,https://www.youtube.com/watch?v=1KPg78skprw
تیزر ملکه گدایان قسمت 5#shorts,https://www.youtube.com/watch?v=Wo3286ja6ac
Jazireh Series | سریال جزیره - سکانس برتر قسمت 10,https://www.youtube.com/watch?v=P4BhX5_4U4c
Jazireh Series - Teaser Episode 10 | سریال جزیره - تیزر قسمت 10,https://www.youtube.com/watch?v=_gSMnZQELWU
Joker Series | سریال جوکر - معرفی مهمانان فصل 2 - بهنام تشکر و آرش نوذری,https://www.youtube.com/watch?v=hZqhS3fcUBs
سريال ملکه گدایان - فصل اول -  قسمت 4 | Malake Gedayan Series - Season 1 - Episode 4,https://www.youtube.com/watch?v=FNuCtcA-k4k
سریال ملکه گدایان قسمت 4 #shorts,https://www.youtube.com/watch?v=0OZuqPnsBpo
سریال ملکه گدایان قسمت 3#shorts,https://www.youtube.com/watch?v=JIWUaep9DTA
سریال ملکه گدایان قسمت 2#shorts,https://www.youtube.com/watch?v=8HGg8fYWwrY
سريال ملکه گدایان - فصل اول -  قسمت 3 | Malake Gedayan Series - Season 1 - Episode 3,https://www.youtube.com/watch?v=4rZ08uz2IrY
Joker Series | سریال جوکر - معرفی مهمانان فصل 2 - سپند امیر سلیمانی و عباس جمشیدی فر,https://www.youtube.com/watch?v=f9oDKSEBYLE
سريال ملکه گدایان - فصل اول -  قسمت 2 | Malake Gedayan Series - Season 1 - Episode 2,https://www.youtube.com/watch?v=_c_makoqFfM
Momayezi - Teaser | ممیزی - تیزر - بی حسی موضعی,https://www.youtube.com/watch?v=YwR-Nsck-_4
Joker Series | سریال جوکر - معرفی مهمانان فصل 2 - هومن برق نورد و شهرام قایدی,https://www.youtube.com/watch?v=AgrkEOS8dos
Haftei Yek Bar Adam Bash Movie - Teaser | فیلم هفته ای یک بار آدم باش - دومین تیزر,https://www.youtube.com/watch?v=3OY9IWaI0BY
Joker Series | سریال جوکر - معرفی مهمانان فصل 2 - ایمان صفا و وحید آقاپور,https://www.youtube.com/watch?v=cN15oyAGiSU
Neysan Abi Series - Season 1 | سریال نیسان آبی - فصل 1 - سکانس برتر قسمت 10,https://www.youtube.com/watch?v=zYRrkDtGwzw
Joker Series - Season 1 - Teaser Kal Kal | سریال جوکر - فصل 1 - تیزر کل کل,https://www.youtube.com/watch?v=6DPcb6j6GRQ
Neysan Abi Series - Season 1 - Teaser Episode 10 | سریال نیسان آبی - فصل 1 - تیزر قسمت 10,https://www.youtube.com/watch?v=p9UM-MLHabw
Joker Series - Season 1 | سریال جوکر - فصل 1 - دومین سکانس برتر قسمت 4,https://www.youtube.com/watch?v=sxMM7Tk-rGI
Joker Series - Season 1 | سریال جوکر - فصل 1 - اولین سکانس برتر قسمت 4,https://www.youtube.com/watch?v=uPFzhxN24Gs
سریال می خواهم زنده بمانم - قسمت 6 | Mikhaham Zendeh Bemanam Series - Episode 6,https://www.youtube.com/watch?v=xYMCG6kndQA
Momayezi - Teaser | ممیزی - تیزر - فقط بگو چند,https://www.youtube.com/watch?v=wKb4RYB8Q4A
سریال میخواهم زنده بمانم قسمت 6#shorts,https://www.youtube.com/watch?v=uEkSmHAixME
Joker Series - Season 1 - Teaser Episode 4 | سریال جوکر - فصل 1 - تیزر قسمت 4,https://www.youtube.com/watch?v=0R0A4sbiPgQ
Jazireh Series - Teaser Episode 9 | سریال جزیره - تیزر قسمت 9,https://www.youtube.com/watch?v=HCFPl_HSYAc
Jazireh Series | سریال جزیره - سکانس برتر قسمت 9,https://www.youtube.com/watch?v=ahov0PCDsts
سریال می خواهم زنده بمانم - قسمت 5 | Mikhaham Zendeh Bemanam Series - Episode 5,https://www.youtube.com/watch?v=yJ4OHIJ9PDM
میخواهم زنده بمانم قسمت 5#shorts,https://www.youtube.com/watch?v=nz3Sl43Y84c
Jeyran Series - Teaser | سریال جیران - بهرام رادان در نقش ناصرالدین شاه - تیزر دوم,https://www.youtube.com/watch?v=vdXOKIjlJJE
سریال می خواهم زنده بمانم قسمت 4 #shorts,https://www.youtube.com/watch?v=pVgxZ0au4qE
Nargil Series - Teaser Episode 15 | سریال نارگیل - تیزر قسمت 15,https://www.youtube.com/watch?v=ljXz8WUa22A
سریال می خواهم زنده بمانم - قسمت 4 | Mikhaham Zendeh Bemanam Series - Episode 4,https://www.youtube.com/watch?v=WPjDM5Rf8EI
Haftei Yek Bar Adam Bash Movie - Teaser | فیلم هفته ای یک بار آدم باش - اولین تیزر,https://www.youtube.com/watch?v=neNU_5iRiZI
Joker Series - Season 1 - Teaser Episode 3 | سریال جوکر - فصل 1 - دومین تیزر قسمت 3,https://www.youtube.com/watch?v=-KaOqoy_QWw
Nargil Series | سریال نارگیل - سکانس برتر قسمت 15,https://www.youtube.com/watch?v=nfMopkvcn_0
Jeyran Series - Teaser | سریال جیران - پریناز ایزدیار در نقش جیران - تیزر دوم,https://www.youtube.com/watch?v=HgJN_rJGHU4
Neysan Abi Series - Season 1 - Teaser Episode 9 | سریال نیسان آبی - فصل 1 - تیزر قسمت 9,https://www.youtube.com/watch?v=OHGmj9EVZCk
Neysan Abi Series - Season 1 | سریال نیسان آبی - فصل 1 - سکانس برتر قسمت 9,https://www.youtube.com/watch?v=BZliMqogYHI
Atre Dagh Movie - Teaser | فیلم عطر داغ - تیزر,https://www.youtube.com/watch?v=deiKr-wD3Tc
Macan Band - Heyf | ماکان بند - موزیک ویدیو سریال جزیره (حیف),https://www.youtube.com/watch?v=M-yTSh2SaGA
Macan Band - Man Delam Tange | ماکان بند - موزیک ویدیو سریال جزیره (من دلم تنگه),https://www.youtube.com/watch?v=u03a7x84N8I
Jazireh Series - Teaser Episode 8 | سریال جزیره - تیزر قسمت 8,https://www.youtube.com/watch?v=LxS9g4kb3sY
Macan Band - Ehsasi Misham | ماکان بند - موزیک ویدیو سریال جزیره (احساسی میشم),https://www.youtube.com/watch?v=Ui2N9YVolQ8
سریال می خواهم زنده بمانم - قسمت 3 | Mikhaham Zendeh Bemanam Series - Episode 3,https://www.youtube.com/watch?v=yjcC4tUea78
سریال میخواهم زنده بمانم#shorts,https://www.youtube.com/watch?v=CtSZPG-FtuY
Neysan Abi Series - Season 1 | سریال نیسان آبی - فصل 1 - مصاحبه با جمشید هاشم پور,https://www.youtube.com/watch?v=pV9o6K0ESZU
Golden Time Movie - Teaser | فیلم گلدن تایم - تیزر,https://www.youtube.com/watch?v=onh8J40xA0M
Jazireh Series | سریال جزیره - سکانس برتر قسمت 8,https://www.youtube.com/watch?v=id7pMvciZTk
سریال جوکر - فصل 1 - قسمت 1 | Joker Series - Season 1 - Episode 1,https://www.youtube.com/watch?v=9RfTL4tH1ko
سریال جوکر قسمت 1 #shorts,https://www.youtube.com/watch?v=xbmMcku8o5c
Jeyran Series - Teaser | سریال جیران - امیرحسین فتحی در نقش سیاوش,https://www.youtube.com/watch?v=Xyz1zGiC4jA
Joker Series - Season 1 | سریال جوکر - فصل 1 - اولین سکانس برتر قسمت 3,https://www.youtube.com/watch?v=QnpnTy4ENqA
Joker Series - Season 1 | سریال جوکر - فصل 1 - دومین سکانس برتر قسمت 3,https://www.youtube.com/watch?v=O99Ermqo06Q
Joker Series - Season 1 - Teaser Episode 3 | سریال جوکر - فصل 1 - اولین تیزر قسمت 3,https://www.youtube.com/watch?v=wESzY7YCeNw
سریال نیسان آبی - فصل 1 - قسمت 1 | Neysan Abi Series - Season 1 - Episode 1,https://www.youtube.com/watch?v=8015_Xp4OwY
سریال نیسان آبی قسمت 1 #shorts,https://www.youtube.com/watch?v=zDAMVLKaX60
Nargil Series | سریال نارگیل - سکانس برتر قسمت 14,https://www.youtube.com/watch?v=J_mvNi9GNz0
Nargil Series - Teaser Episode 14 | سریال نارگیل - تیزر قسمت 14,https://www.youtube.com/watch?v=uSg_ID8cpZU
Sina Hejazi - Parandeh | سینا حجازی - موزیک ویدیو تیتراژ سریال جوکر (پرنده),https://www.youtube.com/watch?v=BZFxAhaMKrY
Neysan Abi Series - Season 1 - Teaser Episode 8 | سریال نیسان آبی - فصل 1 - تیزر قسمت 8,https://www.youtube.com/watch?v=RCce6QTktrs
Neysan Abi Series - Season 1 | سریال نیسان آبی - فصل 1 - سکانس برتر قسمت 8,https://www.youtube.com/watch?v=r8fd8-U57K0
سریال جزیره قسمت 1 #shorts,https://www.youtube.com/watch?v=whPHXnajYGY
سریال جزیره - قسمت 1 | Jazireh Series - Episode 1,https://www.youtube.com/watch?v=ak0diZ5XpxE
Jazireh Series | سریال جزیره - سکانس برتر قسمت 7,https://www.youtube.com/watch?v=EcqEkxZImD0
Jazireh Series - Teaser Episode 7 | سریال جزیره - تیزر قسمت 7,https://www.youtube.com/watch?v=e4ZWZuDw-BU
سریال می خواهم زنده بمانم - قسمت 2 | Mikhaham Zendeh Bemanam Series - Episode 2,https://www.youtube.com/watch?v=oEGKIaPFpQQ
سریال میخواهم زنده بمانم قسمت 2 #shorts,https://www.youtube.com/watch?v=lxzZBmBtfbE
Joker Series - Season 1 - Teaser | سریال جوکر - فصل 1 - کل کل بازیگران,https://www.youtube.com/watch?v=mONuRLs8_kc
Joker Series - Season 1 | سریال جوکر - فصل 1 - دومین سکانس برتر قسمت 2,https://www.youtube.com/watch?v=U-pnTQEvC0Q
Joker Series - Season 1 - Teaser Episode 2 | سریال جوکر - فصل 1 -  تیزر قسمت 2,https://www.youtube.com/watch?v=Zlg4TRri3Rc
Joker Series - Season 1 | سریال جوکر - فصل 1 - اولین سکانس برتر قسمت 2,https://www.youtube.com/watch?v=7-UySFIOj5k
سریال قبله عالم قسمت 7 #shorts,https://www.youtube.com/watch?v=09brSm_Mr84
Nargil Series | سریال نارگیل - سکانس برتر قسمت 13,https://www.youtube.com/watch?v=pWZ7owKhcL4
Nargil Series - Teaser Episode 13 | سریال نارگیل - تیزر قسمت 13,https://www.youtube.com/watch?v=VJeKubrK_EM
Neysan Abi Series - Season 1 | سریال نیسان آبی - فصل 1 - سکانس برتر قسمت 7,https://www.youtube.com/watch?v=Mq1QKQSIsS4
Neysan Abi Series - Season 1 - Teaser Episode 7 | سریال نیسان آبی - فصل 1 - تیزر قسمت 7,https://www.youtube.com/watch?v=Ln8dA11gDSA
Joker Series - Season 1 - Backstage | سریال جوکر - فصل 1 - پشت صحنه - ساخت دکور,https://www.youtube.com/watch?v=z2c1lWhvLgY
سریال قبله عالم قسمت 5 و 6 #shorts,https://www.youtube.com/watch?v=RE7NjOLvDDE
Neysan Abi Series - Season 1 - Summary Episodes 1-6 | سریال نیسان آبی - فصل 1 - خلاصه قسمت های  1-6,https://www.youtube.com/watch?v=VX1fncSKlSo
Jeyran Series - Teaser | سریال جیران - رویا تیموریان در نقش کفایت بانو,https://www.youtube.com/watch?v=_T6ZG4YI26U
شوهر لامصب چی داره آخه؟#shorts,https://www.youtube.com/watch?v=P4Q8viymJy4
چرا نمیزاری همه چیو مثل اول کنیم؟ #shorts,https://www.youtube.com/watch?v=xrooDXBZOE0
اسهال در کمین است #shorts,https://www.youtube.com/watch?v=YdNbL1QYspM
Joker Series - Season 1 | سریال جوکر - فصل 1 - دومین سکانس برتر قسمت 1,https://www.youtube.com/watch?v=zE0wxbKWWJ4
Joker Series - Season 1 - Teaser Episode 1 | سریال جوکر - فصل 1 - تیزر قسمت 1,https://www.youtube.com/watch?v=keHDfc2y5f4
Jazireh Series | سریال جزیره - سکانس برتر قسمت 6,https://www.youtube.com/watch?v=VIV5rfd0DrA
Jeyran Series - Teaser | سریال جیران - هومن برق نورد در نقش شازده بصیر,https://www.youtube.com/watch?v=j1xgHMJo3Pw
Joker Series - Season 1 | سریال جوکر - فصل 1 - اولین سکانس برتر قسمت 1,https://www.youtube.com/watch?v=FsYlz6D9fKE
Joker Series - Season 1 - Teaser | سریال جوکر - فصل 1 - تیزر,https://www.youtube.com/watch?v=eCyu7FndLNQ
بلک فرایدی #shorts,https://www.youtube.com/watch?v=B8AM6_emO5E
Momayezi - Teaser | ممیزی - تیزر - بمب,https://www.youtube.com/watch?v=TD4Crqowcfw
قبله عالم قسمت 3 #shorts,https://www.youtube.com/watch?v=qWV-iy8cqOA
Nargil Series | سریال نارگیل - سکانس برتر قسمت 12,https://www.youtube.com/watch?v=AqmuyR-OUaI
Nargil Series - Teaser Episode 12 | سریال نارگیل - تیزر قسمت 12,https://www.youtube.com/watch?v=nxw3Ejw76Bc
Neysan Abi Series - Season 1 | سریال نیسان آبی - فصل 1 - مصاحبه با یکتا ناصر,https://www.youtube.com/watch?v=BsXV6MWSLIU
سریال جوکر #shorts,https://www.youtube.com/watch?v=gdSZIWTMsfg
Neysan Abi Series - Season 1 | سریال نیسان آبی - فصل 1 - سکانس برتر قسمت 6,https://www.youtube.com/watch?v=gAISQIbzN50
Jeyran Series - Teaser | سریال جیران - سمیرا حسن پور در نقش گلین خاتون,https://www.youtube.com/watch?v=hazYsf1slow
Joker Series | سریال جوکر - خنده میزبان - سیامک انصاری,https://www.youtube.com/watch?v=dq5urerGLZM
Neysan Abi Series - Season 1 - Teaser Episode 6 | سریال نیسان آبی - فصل 1 - تیزر قسمت 6,https://www.youtube.com/watch?v=yz5SvAIv1Uo
قبله عالم قسمت 2 #shorts,https://www.youtube.com/watch?v=GgrUmTSVyQc
Joker Series | سریال جوکر - معرفی مهمانان فصل 1 - امیر مهدی ژوله,https://www.youtube.com/watch?v=Yczz3GGKrqg
"سریال خوب، بد، جلف (رادیواکتیو) - قسمت 13 (قسمت آخر) | Khob, Bad, Jelf (Radioactive)Series - Part 13",https://www.youtube.com/watch?v=vt8fazKxmwE
Jazireh Series | سریال جزیره - سکانس برتر قسمت 5,https://www.youtube.com/watch?v=Bvw5_VoUQuw
Joker Series | سریال جوکر - معرفی مهمانان فصل 1 - امین حیایی,https://www.youtube.com/watch?v=hLvRCWhCdxg
Jazireh Series - Teaser Episodes 1 - 4 | سریال جزیره - تیزر قسمتهای 1 - 4,https://www.youtube.com/watch?v=VFatUUxXoRA
Joker Series | سریال جوکر - معرفی مهمانان فصل 1 - هومن حاجی عبداللهی,https://www.youtube.com/watch?v=gBmPAD_phec
Jeyran Series - Teaser | سریال جیران - غزل شاکری در نقش ملک زاده,https://www.youtube.com/watch?v=g2LGtBnLTmc
Joker Series | سریال جوکر - معرفی مهمانان فصل 1 - سهیل مستجابیان,https://www.youtube.com/watch?v=JKbB55Hdevc
"سریال خوب، بد، جلف (رادیواکتیو) - قسمت 12 | Khob, Bad, Jelf (Radioactive) Series - Part 12",https://www.youtube.com/watch?v=QyYqlM0o2ek
Nargil Series - Teaser Episode 11 | سریال نارگیل - تیزر قسمت 11,https://www.youtube.com/watch?v=tf4xJKG6-eI
Nargil Series | سریال نارگیل - سکانس برتر قسمت 11,https://www.youtube.com/watch?v=iTY4qrX3les
Jeyran Series - Teaser | سریال جیران - ستاره پسیانی در نقش نقره,https://www.youtube.com/watch?v=UNsWHXT4dYo
Joker Series | سریال جوکر - معرفی مهمانان فصل 1 - رضا نیکخواه,https://www.youtube.com/watch?v=mF1NYCYx8IU
Neysan Abi Series - Season 1 | سریال نیسان آبی - فصل 1 - سکانس برتر قسمت 5,https://www.youtube.com/watch?v=wnxAnOQVgSY
"سریال خوب، بد، جلف (رادیواکتیو) - قسمت 11 | Khob, Bad, Jelf (Radioactive) Series - Part 11",https://www.youtube.com/watch?v=jQk4SW-ExkY
Neysan Abi Series - Season 1 - Teaser Episode 5 | سریال نیسان آبی - فصل 1 - تیزر قسمت 5,https://www.youtube.com/watch?v=7DslAE3vVMU
Neysan Abi Series - Season 1 | سریال نیسان آبی - فصل 1 - مصاحبه با ایمان صفا,https://www.youtube.com/watch?v=TBJrN8PUHPk
Joker Series | سریال جوکر - معرفی مهمانان فصل 1 - امیر کاظمی,https://www.youtube.com/watch?v=TF6lciE1KiY
Joker Series | سریال جوکر - معرفی مهمانان فصل 1 - بیژن بنفشه خواه,https://www.youtube.com/watch?v=mRIDfgHtzoo
Joker Series | سریال جوکر - معرفی مهمانان فصل 1 - سام درخشانی,https://www.youtube.com/watch?v=kJ4uyeL7LLI
"سریال خوب، بد، جلف (رادیواکتیو) - قسمت 10 | Khob, Bad, Jelf (Radioactive) Series - Part 10",https://www.youtube.com/watch?v=ImE7mucbbsM
Jeyran Series - Teaser | سریال جیران - رعنا آزادی ور در نقش تاج الدوله,https://www.youtube.com/watch?v=mRNNaPHHVuA
Jeyran Series - Teaser | سریال جیران - بهرام رادان در نقش ناصرالدین شاه - تیزر اول,https://www.youtube.com/watch?v=-kpof9Cv5Ng
Jazireh Series - Teaser Episode 4 | سریال جزیره - تیزر قسمت 4,https://www.youtube.com/watch?v=hF08x03Jmuk
Jazireh Series | سریال جزیره - سکانس برتر قسمت 4,https://www.youtube.com/watch?v=udM0RH8EQN0
Jeyran Series - Teaser | سریال جیران - امیر جعفری در نقش میرزا آقاخان نوری,https://www.youtube.com/watch?v=YBxgIdeXcmY
"سریال خوب، بد، جلف (رادیواکتیو) - قسمت 9 | Khob, Bad, Jelf (Radioactive) Series - Part 9",https://www.youtube.com/watch?v=bYf7fEsYCaE
Nargil Series | سریال نارگیل - سکانس برتر قسمت 10,https://www.youtube.com/watch?v=CuI48NEauTc
Nargil Series - Teaser Episode 10 | سریال نارگیل - تیزر قسمت 10,https://www.youtube.com/watch?v=PaNOBVcdo5s
Jeyran Series - Teaser | سریال جیران - مهدی پاکدل در نقش سلمان,https://www.youtube.com/watch?v=hmO3fBfecow
Neysan Abi Series - Season 1 | سریال نیسان آبی - فصل 1 - سکانس برتر قسمت 4,https://www.youtube.com/watch?v=-3JG373JIXQ
"سریال خوب، بد، جلف (رادیواکتیو) - قسمت 8 | Khob, Bad, Jelf (Radioactive) Series - Part 8",https://www.youtube.com/watch?v=g4zGRfGUcLw
Neysan Abi Series - Season 1 - Teaser Episode 4 | سریال نیسان آبی - فصل 1 - تیزر قسمت 4,https://www.youtube.com/watch?v=DxkurmqOeH4
Jeyran Series - Teaser | سریال جیران - مریلا زارعی در نقش مهد علیا - تیزر اول,https://www.youtube.com/watch?v=oxqCojRKZmU
"سریال خوب، بد، جلف (رادیواکتیو) - قسمت 7 | Khob, Bad, Jelf (Radioactive) Series - Part 7",https://www.youtube.com/watch?v=YsU40z9nPLU
Jeyran Series - Teaser | سریال جیران - پریناز ایزدیار در نقش جیران - تیزر اول,https://www.youtube.com/watch?v=Dzz138lhEd4
Jazireh Series | سریال جزیره - سکانس برتر قسمت 3,https://www.youtube.com/watch?v=8nZUHJocZgM
Neysan Abi Series - Season 1 | سریال نیسان آبی - فصل 1 - مصاحبه با یکتا ناصر,https://www.youtube.com/watch?v=Y3mTcH4BjnE
"سریال خوب، بد، جلف (رادیواکتیو) - قسمت 6 | Khob, Bad, Jelf (Radioactive) Series - Part 6",https://www.youtube.com/watch?v=5c0IysXlmec
Nargil Series - Teaser Episode 9 | سریال نارگیل - تیزر قسمت 9,https://www.youtube.com/watch?v=_2kIRtxbE_4
Nargil Series | سریال نارگیل - سکانس برتر قسمت 9,https://www.youtube.com/watch?v=XifhGO9cVN4
Neysan Abi Series - Season 1 - Teaser Episode 3 | سریال نیسان آبی - فصل 1 - تیزر قسمت 3,https://www.youtube.com/watch?v=MspKFvr-wN8
Neysan Abi Series - Season 1 | سریال نیسان آبی - فصل 1 - سکانس برتر قسمت 3,https://www.youtube.com/watch?v=uvnhq5x__qg
"سریال خوب، بد، جلف (رادیواکتیو) - قسمت 5 | Khob, Bad, Jelf (Radioactive) Series - Part 5",https://www.youtube.com/watch?v=bUiPw2OITIA
Nargil Series - Teaser Episodes 1 - 8 | سریال نارگیل - تیزر قسمتهای 1 - 8,https://www.youtube.com/watch?v=CrtPTR1Fbak
Parisa Movie - Teaser | فیلم پری سا - تیزر,https://www.youtube.com/watch?v=jKNFA3fMpsY
"سریال خوب، بد، جلف (رادیواکتیو) - قسمت 4 | Khob, Bad, Jelf (Radioactive) Series - Part 4",https://www.youtube.com/watch?v=PgEm8j_yPjU
Jazireh Series | سریال جزیره - سکانس برتر قسمت 2,https://www.youtube.com/watch?v=1q1tbaODXt0
Jazireh Series - Teaser Episode 2 | سریال جزیره - تیزر قسمت 2,https://www.youtube.com/watch?v=ZdOdKg7kJ-Y
"سریال خوب، بد، جلف (رادیواکتیو) - قسمت 3 | Khob, Bad, Jelf (Radioactive) Series - Part 3",https://www.youtube.com/watch?v=U3a7mE8l254
Nargil Series | سریال نارگیل - سکانس برتر قسمت 8,https://www.youtube.com/watch?v=u06xkxfu6ZA
Nargil Series - Teaser Episode 8 | سریال نارگیل - تیزر قسمت 8,https://www.youtube.com/watch?v=sM6eOigWoIA
Bacheh Khor Movie - Teaser 2 | فیلم بچه خور - تیزر 2,https://www.youtube.com/watch?v=a0xk0j6-qhI
Bacheh Khor Movie - Teaser 1 | فیلم بچه خور - تیزر 1,https://www.youtube.com/watch?v=WLkVsTtQY00
Neysan Abi Series - Season 1 | سریال نیسان آبی - فصل 1 - سکانس برتر قسمت 2,https://www.youtube.com/watch?v=rj-U3MVxSBs
Neysan Abi Series - Season 1 - Teaser Episode 2 | سریال نیسان آبی - فصل 1 - تیزر قسمت 2,https://www.youtube.com/watch?v=IMBh0SzmBdg
"سریال خوب، بد، جلف (رادیواکتیو) - قسمت 2 | Khob, Bad, Jelf (Radioactive) Series - Part 2",https://www.youtube.com/watch?v=eNH5AzFoVSo
Shabhaye Mafia 3 Series - Season 5 - Teaser Episode 3 | سریال شبهای مافیا 3 - فصل 5 - تیزر قسمت 3,https://www.youtube.com/watch?v=Q8LJSFKtWm8
Shabhaye Mafia 3 Series - Season 5 | سریال شبهای مافیا 3 - فصل 5 - سکانس برتر قسمت 3,https://www.youtube.com/watch?v=9zZvjesXlR8
Jazireh Series | سریال جزیره - سکانس برتر قسمت 1,https://www.youtube.com/watch?v=PuIGUiBkwts
Jazireh Series - Teaser Episode 1 | سریال جزیره - تیزر قسمت 1,https://www.youtube.com/watch?v=ixWKQ_N2ZUE
Neysan Abi Series - Season 1 - Backstage Episode 1 | سریال نیسان آبی - فصل 1 - پشت صحنه قسمت 1,https://www.youtube.com/watch?v=vEAfS2b5MnU
Jazireh Series - Teaser | سریال جزیره - تیزر,https://www.youtube.com/watch?v=tgkj0fuqsL0
Neysan Abi Series - Season 1 - Teaser Episode 1 | سریال نیسان آبی - فصل 1 - تیزر قسمت 1,https://www.youtube.com/watch?v=PkjGTFpecJo
Nargil Series | سریال نارگیل - سکانس برتر قسمت 7,https://www.youtube.com/watch?v=s1kcKjTuie0
Nargil Series - Teaser Episode 7 | سریال نارگیل - تیزر قسمت 7,https://www.youtube.com/watch?v=-aJ9KCllHJw
Neysan Abi Series - Season 1 | سریال نیسان آبی - فصل 1 - سکانس برتر قسمت 1,https://www.youtube.com/watch?v=aM8IxBsFnd8
Neysan Abi Series - Season 1 - Teaser 1 | سریال نیسان آبی - فصل 1 - تیزر 1,https://www.youtube.com/watch?v=lJ_WHNLQrp0
Shabhaye Mafia 3 Series - Season 5 | سریال شبهای مافیا 3 - فصل 5 - سکانس برتر قسمت 2,https://www.youtube.com/watch?v=Uif7NEYuxyE
Shabhaye Mafia 3 Series - Season 5 - Teaser Episode 2 | سریال شبهای مافیا 3 - فصل 5 - تیزر قسمت 2,https://www.youtube.com/watch?v=v3YNdyMXpA4
Momayezi - Teaser | ممیزی - تیزر - خاتون,https://www.youtube.com/watch?v=PujF9K0jv2M
Nargil Series | سریال نارگیل - سکانس برتر قسمت 6,https://www.youtube.com/watch?v=G_qZ1jisJDc
Nargil Series - Teaser Episode 6 | سریال نارگیل - تیزر قسمت 6,https://www.youtube.com/watch?v=wPZLnol1qH4
بهنام بانی - موزیک ویدیو سریال زخم کاری | Behnam Bani - Zakhm Kari,https://www.youtube.com/watch?v=oKmFkzvo1-g
Shabhaye Mafia 3 Series - Season 5 | سریال شبهای مافیا 3 - فصل 5 - سکانس برتر قسمت 1,https://www.youtube.com/watch?v=9P-xU51oT3o
Shabhaye Mafia 3 Series - Season 5 - Teaser Episode 1 | سریال شبهای مافیا 3 - فصل 5 - تیزر قسمت 1,https://www.youtube.com/watch?v=GS1JBbjc_h8
سریال شبهای مافیا 1 - فصل 2 -  قسمت 3 | Shabhaye Mafia 1 Series - Season 2 - Episode 3,https://www.youtube.com/watch?v=ciUy2Wv39yI
Qeble Alam Series - Teaser Episode 7 | سریال قبله عالم - تیزر قسمت 7,https://www.youtube.com/watch?v=pIle52jX1_8
Qeble Alam Series | سریال قبله عالم - سکانس برتر قسمت 7,https://www.youtube.com/watch?v=oHBgt36VdPc
سریال شبهای مافیا 1 - فصل 2 -  قسمت 2 | Shabhaye Mafia 1 Series - Season 2 - Episode 2,https://www.youtube.com/watch?v=wGna_TGaJJs
Momayezi - Teaser | ممیزی - تیزر - مثلا بوم بوم,https://www.youtube.com/watch?v=UPTBmCldUiA
Nargil Series | سریال نارگیل - سکانس برتر قسمت 5,https://www.youtube.com/watch?v=qir-hiMtx7E
Nargil Series - Teaser Episode 5 | سریال نارگیل - تیزر قسمت 5,https://www.youtube.com/watch?v=X9L9e-JAXUw
سریال شبهای مافیا 1 - فصل 2 -  قسمت 1 | Shabhaye Mafia 1 Series - Season 2 - Episode 1,https://www.youtube.com/watch?v=JtM-9N3D-LY
سریال شبهای مافیا 1 - فصل 1 -  قسمت 3 | Shabhaye Mafia 1 Series - Season 1 - Episode 3,https://www.youtube.com/watch?v=wrpsKA9YNms
Shabhaye Mafia 3 Series - Season 4 - Teaser Episode 3 | سریال شبهای مافیا 3 - فصل 4 - تیزر قسمت 3,https://www.youtube.com/watch?v=kXW71sE4LNc
Shabhaye Mafia 3 Series - Season 4 | سریال شبهای مافیا 3 - فصل 4 - سکانس برتر قسمت 3,https://www.youtube.com/watch?v=NYXYXL7eFRg
Qeble Alam Series | سریال قبله عالم - سکانس برتر قسمت 5 و 6,https://www.youtube.com/watch?v=Rgoe7EgG8MA
سریال شبهای مافیا 1 - فصل 1 -  قسمت 2 | Shabhaye Mafia 1 Series - Season 1 - Episode 2,https://www.youtube.com/watch?v=N4E0iG9ZOt4
Qeble Alam Series - Teaser Episode 5 & 6 | سریال قبله عالم - تیزر قسمت 5 و 6,https://www.youtube.com/watch?v=PMgITd622l0
سریال شبهای مافیا 1 - فصل 1 -  قسمت 1 | Shabhaye Mafia 1 Series - Season 1 - Episode 1,https://www.youtube.com/watch?v=h8cdr0Is-uE
Nargil Series | سریال نارگیل - سکانس برتر قسمت 4,https://www.youtube.com/watch?v=eHQ5tFlffQc
Nargil Series - Teaser Episode 4 | سریال نارگیل - تیزر قسمت 4,https://www.youtube.com/watch?v=0MyrrpCtvi8
Shabhaye Mafia 3 Series - Season 4 - Teaser Episode 2 | سریال شبهای مافیا 3 - فصل 4 - تیزر قسمت 2,https://www.youtube.com/watch?v=TMWaSHmf33E
Shabhaye Mafia 3 Series - Season 4 | سریال شبهای مافیا 3 - فصل 4 - سکانس برتر قسمت 2,https://www.youtube.com/watch?v=eUN_HNM1BD8
Hormas Movie - Teaser | فیلم هرماس - تیزر,https://www.youtube.com/watch?v=895fHIMVPkI
Nargil Series | سریال نارگیل - سکانس برتر قسمت 3,https://www.youtube.com/watch?v=lRy8EwUL-oE
Momayezi - Teaser | ممیزی - تیزر - هرگز نمیشد باورم,https://www.youtube.com/watch?v=hDadajQZiHQ
Nargil Series - Teaser Episode 3 | سریال نارگیل - تیزر قسمت 3,https://www.youtube.com/watch?v=CkdC2B_TwDg
Botox Movie - Teaser | فیلم بوتاکس - تیزر,https://www.youtube.com/watch?v=Dm-U1mVOL74
Shabhaye Mafia 3 Series - Season 4 | سریال شبهای مافیا 3 - فصل 4 - سکانس برتر قسمت 1,https://www.youtube.com/watch?v=0iRsUo_BvUs
Shabhaye Mafia 3 Series - Season 4 - Teaser Episode 1 | سریال شبهای مافیا 3 - فصل 4 - تیزر قسمت 1,https://www.youtube.com/watch?v=bQQ3jfVH3Ac
Shabhaye Mafia 3 Series - Season 4 - Teaser | سریال شبهای مافیا 3 - فصل 4 - تیزر,https://www.youtube.com/watch?v=6oJ9PI8yzZs
Momayezi - Teaser | ممیزی - تیزر - قورباغه,https://www.youtube.com/watch?v=hmMmrgiS-jA
Nargil Series - Teaser Episode 2 | سریال نارگیل - تیزر قسمت 2,https://www.youtube.com/watch?v=7NlYhpcsKdc
Az Raeis Jomhour Padash Nagirid Movie - Teaser | فیلم از رئیس جمهور پاداش نگیرید - تیزر,https://www.youtube.com/watch?v=9QQPmLy9AX8
Qeble Alam Series | سریال قبله عالم - سکانس برتر قسمت 4,https://www.youtube.com/watch?v=e7TE8EIUsjI
Qeble Alam Series - Teaser Episode 4 | سریال قبله عالم - تیزر قسمت 4,https://www.youtube.com/watch?v=XiY-eCebhZs
Zakhm Kari Series l سریال زخم کاری - قسمت 15 - سکانس برتر,https://www.youtube.com/watch?v=4wLrRjHJlqo
Zakhm Kari Series - Teaser Episode 15 l سریال زخم کاری - تیزر قسمت 15,https://www.youtube.com/watch?v=ExvDrllIwYM
Nargil Series - Teaser Episode 1 | سریال نارگیل - دومین تیزر قسمت 1,https://www.youtube.com/watch?v=FQdO2RA6jtY
Nargil Series | سریال نارگیل - سکانس برتر قسمت 1,https://www.youtube.com/watch?v=l1RnhcvO3nU
Nargil Series - Teaser Episode 1 | سریال نارگیل - اولین تیزر قسمت 1,https://www.youtube.com/watch?v=HxI_4FFSykI
Momayezi - Teaser | ممیزی - تیزر - الکی,https://www.youtube.com/watch?v=ZRuHgu5isOI
Nargil Series - Teaser | سریال نارگیل - تیزر,https://www.youtube.com/watch?v=QTV038DeqQc
Shabhaye Mafia 3 Series - Season 3 - Teaser Episode 3 | سریال شبهای مافیا 3 - فصل 3 - تیزر قسمت 3,https://www.youtube.com/watch?v=4nB_ASoX62A
Shabhaye Mafia 3 Series - Season 3 | سریال شبهای مافیا 3 - فصل 3 - سکانس برتر قسمت 3,https://www.youtube.com/watch?v=qm5lE4FrGjQ
Qeble Alam Series | سریال قبله عالم - سکانس برتر قسمت 3,https://www.youtube.com/watch?v=YFN2hUPF0tY
Qeble Alam Series - Teaser Episode 3 | سریال قبله عالم - تیزر قسمت 3,https://www.youtube.com/watch?v=Ntrdh4kXfOc
Zakhm Kari Series - Teaser Episode 14 l سریال زخم کاری - تیزر قسمت 14,https://www.youtube.com/watch?v=sm53AVEYzj0
Qeble Alam Series - Teaser Episodes 1 & 2 |  سریال قبله عالم - تیزر قسمتهای 1 و 2,https://www.youtube.com/watch?v=O2mLo8T5-1Q
بهنام بانی - موزیک ویدیو زخم کاری | Behnam Bani - Zakhm Kari,https://www.youtube.com/watch?v=ufKY9IcH7sw
Zakhm Kari Series l سریال زخم کاری - قسمت 14- سکانس برتر,https://www.youtube.com/watch?v=yR1HS1rXPO8
سریال شبهای مافیا 3 - فصل 3 - قسمت 1 | Shabhaye Mafia 3 Series - Season 3 - Episode 1,https://www.youtube.com/watch?v=M2-F-2RxnaY
Shabhaye Mafia 3 Series - Season 3 - Teaser Episode 2 | سریال شبهای مافیا 3 - فصل 3 - تیزر قسمت 2,https://www.youtube.com/watch?v=mu2uz3Aviqs
Shabhaye Mafia 3 Series - Season 3 | سریال شبهای مافیا 3 - فصل 3 - سکانس برتر قسمت 2,https://www.youtube.com/watch?v=IhXTuvhiuQE
sign up on televika.com website and enter (foyta) and get 30% discount on 1-month subscription.,https://www.youtube.com/watch?v=cwEdMfTdW10
Zakhm Kari Series l سریال زخم کاری - قسمت 13- سکانس برتر,https://www.youtube.com/watch?v=lvLAmvQXCgU
Zakhm Kari Series - Teaser Episode 13 l سریال زخم کاری - تیزر قسمت 13,https://www.youtube.com/watch?v=WOZpTWkKm1I
Zakhm Kari Series - Teaser Episodes 1-12 l سریال زخم کاری - تیزر قسمتهای 1-12,https://www.youtube.com/watch?v=uReAV6MnKJQ
Shabhaye Mafia 3 Series - Season 3 - Teaser Episode 1 | سریال شبهای مافیا 3 - فصل 3 - تیزر قسمت 1,https://www.youtube.com/watch?v=gfRukABqR_0
Shabhaye Mafia 3 Series - Season 3 | سریال شبهای مافیا 3 - فصل 3 - سکانس برتر قسمت 1,https://www.youtube.com/watch?v=XHxCL0wdsis
Shabhaye Mafia 3 Series | سریال شبهای مافیا 3 - کلیپ زنده یاد ارشا اقدسی,https://www.youtube.com/watch?v=zGtB862t0E0
Zakhm Kari Series - Teaser Episode 12 l سریال زخم کاری - تیزر قسمت 12,https://www.youtube.com/watch?v=IF0iNn7emqA
Zakhm Kari Series l سریال زخم کاری - قسمت 12 - سکانس برتر,https://www.youtube.com/watch?v=s2ruNZEUZ60
Darya Moje Kaka Movie - Teaser | فیلم دریا موج کاکا - تیزر,https://www.youtube.com/watch?v=ZgN8Y8BcEas
Shabhaye Mafia 3 Series - Season 2 - Teaser Episode 3 | سریال شبهای مافیا 3 - فصل 2 - تیزر قسمت 3,https://www.youtube.com/watch?v=LwVYKAP48HQ
Jonoon Movie - Teaser | فیلم جنون - تیزر,https://www.youtube.com/watch?v=6oKWaezCRQw
Shabhaye Mafia 3 Series - Season 2 | سریال شبهای مافیا 3 - فصل 2 - سکانس برتر قسمت 3,https://www.youtube.com/watch?v=sDnv8WgDzxg
Zakhm Kari Series l سریال زخم کاری - قسمت 11 - سکانس برتر,https://www.youtube.com/watch?v=S_-FVe7vtDI
Zakhm Kari Series - Teaser Episode 11 l سریال زخم کاری - تیزر قسمت 11,https://www.youtube.com/watch?v=HW3TcgJZ1xE
Malake Gedayan Series - Season 2 | سريال ملکه گدایان - فصل دوم - سکانس برتر قسمت 11,https://www.youtube.com/watch?v=A4llFTJxaBI
Malake Gedayan Series - Season 2 - Teaser Episode 11 | سريال ملکه گدایان - فصل 2 -  تیزر قسمت 11,https://www.youtube.com/watch?v=qoJZaPwfTwI
Shabhaye Mafia 3 Series - Season 2 - Teaser Episode 2 | سریال شبهای مافیا 3 - فصل 2 - تیزر قسمت 2,https://www.youtube.com/watch?v=iZAMze-H3xY
Shabhaye Mafia 3 Series - Season 2 | سریال شبهای مافیا 3 - فصل 2 - سکانس برتر قسمت 2,https://www.youtube.com/watch?v=gb4sn8dDSaE
Malake Gedayan Series - Teaser | سريال ملکه گدایان - تیزر,https://www.youtube.com/watch?v=M5rFv1MheS4
سریال قبله عالم - قسمت 1 | Qeble Alam Series - Episode 1,https://www.youtube.com/watch?v=BTWXN-Q6m3o
Qeble Alam Series | سریال قبله عالم - سکانس برتر قسمت 2,https://www.youtube.com/watch?v=BAKnLqZU3ZQ
Qeble Alam Series - Teaser Episode 2 | سریال قبله عالم - تیزر قسمت 2,https://www.youtube.com/watch?v=DGxPGdLvZ-s
Mardome Mamuli Series | سریال مردم معمولی - سکانس برتر قسمت 20,https://www.youtube.com/watch?v=i8S4vCSUEsI
Mardome Mamuli Series - Teaser Episode 20 | سریال مردم معمولی - تیزر قسمت 20,https://www.youtube.com/watch?v=B4cca_h3RFk
Roozbeh Bemani - Gol Bekhodi | روزبه بمانی - موزیک ویدیو سریال ملکه گدایان (گل بخودی),https://www.youtube.com/watch?v=EKfNQ7nkvQI
Zakhm Kari Series l سریال زخم کاری - قسمت 10 - سکانس برتر,https://www.youtube.com/watch?v=mUT63le_BVE
Zakhm Kari Series - Teaser Episode 10 l سریال زخم کاری - تیزر قسمت 10,https://www.youtube.com/watch?v=-Q69C1H1MTc
Goorkan Movie - Teaser | فیلم گورکن - تیزر,https://www.youtube.com/watch?v=brVQQq_29fQ
Momayezi - Teaser | ممیزی - تیزر - خانه دختر,https://www.youtube.com/watch?v=9reGYLcMJ7s
🔸 برای تماشای سریال قبله‌ی عالم، همین حالا وارد سایت تلویکا شوید 😍,https://www.youtube.com/watch?v=Tw5ydDkXXR8
Malake Gedayan Series - Season 2 | سريال ملکه گدایان - فصل دوم - سکانس برتر قسمت 10,https://www.youtube.com/watch?v=UwFkKuEImIA
Malake Gedayan Series - Season 2 - Teaser Episode 10 | سريال ملکه گدایان - فصل 2 -  تیزر قسمت 10,https://www.youtube.com/watch?v=uS3uQ_eJ4bM
Malake Gedayan Series | سریال ملکه گدایان - مصاحبه با عرفان ناصری,https://www.youtube.com/watch?v=s1Aexj-emKg
Shabhaye Mafia 3 Series - Season 2 - Teaser Episode 1 | سریال شبهای مافیا 3 - فصل 2 - تیزر قسمت 1,https://www.youtube.com/watch?v=K1PqFdt_lo8
Shabhaye Mafia 3 Series - Season 2 | سریال شبهای مافیا 3 - فصل 2 - سکانس برتر قسمت 1,https://www.youtube.com/watch?v=H7GVpBw_SMM
Qeble Alam Series - Teaser Episode 1 |  سریال قبله عالم - تیزر قسمت 1,https://www.youtube.com/watch?v=Dachs_jcznE
Malake Gedayan Series | 2 سریال ملکه گدایان - مصاحبه با آرمان درویش,https://www.youtube.com/watch?v=IExOKwz4x0Y
Qeble Alam Series | سریال قبله عالم - سکانس برتر قسمت 1,https://www.youtube.com/watch?v=20eMwMZcz48
Qeble Alam Series - Teaser | سریال قبله عالم - تیزر,https://www.youtube.com/watch?v=Xor2Jfcd_D8
Malake Gedayan Series | سریال ملکه گدایان - مصاحبه با شبنم قربانی و رضا بهبودی,https://www.youtube.com/watch?v=JJlJFFrAaZo
Zakhm Kari Series - Teaser Episode 9 l سریال زخم کاری - تیزر قسمت 9,https://www.youtube.com/watch?v=jaW55ySVm1g
Mardome Mamuli Series | سریال مردم معمولی - مصاحبه با خسرو پسیانی,https://www.youtube.com/watch?v=Nkx9KlAoXcw
Mardome Mamuli Series - Teaser | سریال مردم معمولی - تیزر - خسرو پسیانی,https://www.youtube.com/watch?v=9pxnxfg0dcw
Mardome Mamuli Series - Teaser Episode 19 | سریال مردم معمولی - تیزر قسمت 19,https://www.youtube.com/watch?v=FhIocvNQvjo
Mardome Mamuli Series | سریال مردم معمولی - سکانس برتر قسمت 19,https://www.youtube.com/watch?v=kuXqGizLxsg
Zakhm Kari Series l سریال زخم کاری - قسمت 9 - سکانس برتر,https://www.youtube.com/watch?v=sfJarnXWvVU
Khoon Shod Movie - Teaser | فیلم خون شد - تیزر,https://www.youtube.com/watch?v=oRpWwCcaSi8
Momayezi - Teaser | ممیزی - تیزر - یه دختر دارم,https://www.youtube.com/watch?v=omFvv5AALKo
Malake Gedayan Series - Season 2 | سريال ملکه گدایان - فصل دوم - سکانس برتر قسمت 9,https://www.youtube.com/watch?v=npXWByiheUM
Malake Gedayan Series - Season 2 - Teaser Episode 9 | سريال ملکه گدایان - فصل 2 -  تیزر قسمت 9,https://www.youtube.com/watch?v=HI2i6KZbSFs
Shabhaye Mafia 3 Series - Season 1 - Teaser Episode 3 | سریال شبهای مافیا 3 - فصل 1 - تیزر قسمت 3,https://www.youtube.com/watch?v=Ep3bIqqYwfU
Shabhaye Mafia 3 Series - Season 1 | سریال شبهای مافیا 3 - فصل 1 - سکانس برتر قسمت 3,https://www.youtube.com/watch?v=_WM-_1N3q80
Shabhaye Mafia 3 Series - Teaser | سریال شبهای مافیا 3 - تیزر - احسان کرمی,https://www.youtube.com/watch?v=QzetqIuhWm8
Mardome Mamuli Series | سریال مردم معمولی - سکانس برتر قسمت 18,https://www.youtube.com/watch?v=AsS1ftqpahw
Mardome Mamuli Series - Teaser Episode 18 | سریال مردم معمولی - تیزر قسمت 18,https://www.youtube.com/watch?v=JOvSaHMUk5Y
Zakhm Kari Series - Teaser Episode 8 l سریال زخم کاری - تیزر قسمت 8,https://www.youtube.com/watch?v=P7eaWT1v3EY
Zakhm Kari Series l سریال زخم کاری - قسمت 8 - سکانس برتر,https://www.youtube.com/watch?v=-IE4nnTqJRM
Momayezi - Teaser | ممیزی - تیزر - عصبانی نیستم,https://www.youtube.com/watch?v=i5iqiPMA2Uc
Malake Gedayan Series - Season 2 - Teaser Episode 8 | سريال ملکه گدایان - فصل 2 -  تیزر قسمت 8,https://www.youtube.com/watch?v=t1FYQ8SeUqI
Malake Gedayan Series - Season 2 | سريال ملکه گدایان - فصل دوم - سکانس برتر قسمت 8,https://www.youtube.com/watch?v=-N9fgQX20t0
Zakhm Kari Series - Teaser Episode 7 l سریال زخم کاری - تیزر قسمت 7,https://www.youtube.com/watch?v=vUQgH3G4HIA
Shabhaye Mafia 2 Series - Teaser Episode 3 | سریال شبهای مافیا 2 - تیزر قسمت 3,https://www.youtube.com/watch?v=jTgNqn2ufSw
Malake Gedayan Series - Teaser Tofang | سريال ملکه گدایان - تیزر تفنگ,https://www.youtube.com/watch?v=qiN-lGVElzE
Zakhm Kari Series l سریال زخم کاری - قسمت 7 - سکانس برتر,https://www.youtube.com/watch?v=ZSb7QS6oN9c
Mardome Mamuli Series - Teaser | سریال مردم معمولی - تیزر - کمند امیرسلیمانی,https://www.youtube.com/watch?v=s5ffNQ2g-ms
Zakhm Kari Series - Teaser Episodes 1 - 6  l سریال زخم کاری - تیزر قسمت های 1 - 6,https://www.youtube.com/watch?v=Y7DJbqTvxAI
Shabhaye Mafia 3 Series - Season 1 - Teaser Episode 2 | سریال شبهای مافیا 3 - فصل 1 - تیزر قسمت 2,https://www.youtube.com/watch?v=hxmgrTmAXdE
Shabhaye Mafia 3 Series - Season 1 | سریال شبهای مافیا 3 - فصل 1 - سکانس برتر قسمت 2,https://www.youtube.com/watch?v=dgE2XHOv6mU
Mardome Mamuli Series | سریال مردم معمولی - سکانس برتر قسمت 17,https://www.youtube.com/watch?v=owVxSp1m8T8
Mardome Mamuli Series - Teaser Episode 17 | سریال مردم معمولی - تیزر قسمت 17,https://www.youtube.com/watch?v=paFmGiQbNds
Hezar Sal Ba To Movie - Teaser | فیلم هزار سال با تو - تیزر,https://www.youtube.com/watch?v=647O2h2Ppgc
Mardome Mamuli Series - Teaser | سریال مردم معمولی - تیزر - امیر نوروزی,https://www.youtube.com/watch?v=wlke-0kkOvM
Mardome Mamuli Series | سریال مردم معمولی - مصاحبه با امیر نوروزی,https://www.youtube.com/watch?v=HYkXmXrxUfs
Momayezi - Teaser | ممیزی - تیزر - شهرزاد,https://www.youtube.com/watch?v=VbmFFNDASTU
Zakhm Kari Series l سریال زخم کاری - آنچه گذشت قسمت 6,https://www.youtube.com/watch?v=0qFjlc8bC4c
Malake Gedayan Series - Season 2 | سريال ملکه گدایان - فصل دوم - سکانس برتر قسمت 7,https://www.youtube.com/watch?v=oF4Y2N_fXfQ
Malake Gedayan Series - Season 2 - Teaser Episode 7 | سريال ملکه گدایان - فصل 2 -  تیزر قسمت 7,https://www.youtube.com/watch?v=hGSndwp1XNE
Mardome Mamuli Series - Teaser | سریال مردم معمولی - تیزر - خاطره اسدی,https://www.youtube.com/watch?v=x8XDi_tNTYc
Mardome Mamuli Series | سریال مردم معمولی - مصاحبه با شادی کرمرودی,https://www.youtube.com/watch?v=ch7GksPdqIQ
Shabhaye Mafia 3 Series - Season 1 - Teaser Episode 1 | سریال شبهای مافیا 3 - فصل 1 - تیزر قسمت 1,https://www.youtube.com/watch?v=AxXRXx1rwIA
Mardome Mamuli Series | سریال مردم معمولی - مصاحبه با لیلی رشیدی,https://www.youtube.com/watch?v=pWETYos1dCk
Mardome Mamuli Series - Teaser | سریال مردم معمولی - تیزر - لیلی رشیدی,https://www.youtube.com/watch?v=qFrCfAXz-Og
Shabhaye Mafia 3 Series - Season 1 | سریال شبهای مافیا 3 - فصل 1 - سکانس برتر قسمت 1,https://www.youtube.com/watch?v=0sDlBx-FP7Y
Mardome Mamuli Series | سریال مردم معمولی - سکانس برتر قسمت 16,https://www.youtube.com/watch?v=TN9QbovYAxM
Mardome Mamuli Series - Teaser Episode 16 | سریال مردم معمولی - تیزر قسمت 16,https://www.youtube.com/watch?v=ALjw_jXFnZg
Mardome Mamuli Series - Teaser | سریال مردم معمولی - تیزر - شادی کرمرودی,https://www.youtube.com/watch?v=hXxOWwkwtII
Zakhm Kari Series - Teaser Episode 6 l سریال زخم کاری - تیزر قسمت 6,https://www.youtube.com/watch?v=SYN7CLzcmug
Zakhm Kari Series l سریال زخم کاری - قسمت 6 - سکانس برتر,https://www.youtube.com/watch?v=U0RZY8ZOSJg
Shabhaye Mafia 3 Series - Teaser 2 | سریال شبهای مافیا 3 - تیزر 2 - کامبیز دیرباز,https://www.youtube.com/watch?v=gc4NWzU5zjk
Zakhm Kari Series l سریال زخم کاری - آنچه گذشت قسمت 5,https://www.youtube.com/watch?v=BSAHaCCgbJM
Takkhal Movie - Teaser | فیلم تکخال - تیزر,https://www.youtube.com/watch?v=ngBMf5-pRNg
Momayezi - Teaser | ممیزی - تیزر - زخم کاری,https://www.youtube.com/watch?v=MygE6voFzn8
Mardome Mamuli Series - Teaser | سریال مردم معمولی - تیزر - شبنم مقدمی,https://www.youtube.com/watch?v=Y9uVeTSvn7U
Mardome Mamuli Series | سریال مردم معمولی - مصاحبه با شبنم مقدمی,https://www.youtube.com/watch?v=oR0WeU0oIAQ
Mardome Mamuli Series - Teaser  | سریال مردم معمولی - تیزر - خسرو پسیانی,https://www.youtube.com/watch?v=OpP6HewNWns
Shabhaye Mafia 3 Series - Teaser 1 | سریال شبهای مافیا 3 - تیزر 1 - کامبیز دیرباز,https://www.youtube.com/watch?v=IljjEBS0qcI
Malake Gedayan Series - Season 2 | سريال ملکه گدایان - فصل دوم - سکانس برتر قسمت 6,https://www.youtube.com/watch?v=eyndh0eRTy0
Malake Gedayan Series - Season 2 - Teaser Episode 6 | سريال ملکه گدایان - فصل 2 -  تیزر قسمت 6,https://www.youtube.com/watch?v=CZ3tG63z4UI
Shabhaye Mafia 3 Series - Coming Soon | سریال شبهای مافیا 3 - تیزر,https://www.youtube.com/watch?v=_SviQ2nRjmw
Mikhaham Zendeh Bemanam Series - Teaser Episode 20 | سریال می خواهم زنده بمانم - تیزر قسمت 20,https://www.youtube.com/watch?v=oNNZtXylHPU
Mikhaham Zendeh Bemanam Series | سریال می خواهم زنده بمانم - سکانس برتر قسمت 20,https://www.youtube.com/watch?v=jYGK-Q74eQU
Zakhm Kari Series - Teaser Episode 5 l سریال زخم کاری - تیزر قسمت 5,https://www.youtube.com/watch?v=pxcrwRAD_-M
Mardome Mamuli Series - Teaser  | سریال مردم معمولی - تیزر - گرشا رضایی,https://www.youtube.com/watch?v=BsWIxKBQPT4
Mardome Mamuli Series - Backstage | سریال مردم معمولی - پشت صحنه با حضور گرشا رضایی,https://www.youtube.com/watch?v=C6PcZtFrthQ
Mardome Mamuli Series | سریال مردم معمولی - سکانس برتر قسمت 15,https://www.youtube.com/watch?v=bED_i-eUc9Q
Televika Android mobile app,https://www.youtube.com/watch?v=nlEymcemeFI
Mardome Mamuli Series - Teaser Episode 15 | سریال مردم معمولی - تیزر قسمت 15,https://www.youtube.com/watch?v=LgU4TaviqCk
Zakhm Kari Series | سریال زخم کاری - دومین سکانس برتر قسمت 5,https://www.youtube.com/watch?v=aa7FyDcomgg
Zakhm Kari Series | سریال زخم کاری - اولین سکانس برتر قسمت 5,https://www.youtube.com/watch?v=yi9W8_r48kk
Zakhm Kari Series l سریال زخم کاری - آنچه گذشت قسمت 4,https://www.youtube.com/watch?v=ZUvgvdo_sH8
Momayezi - Teaser | ممیزی - تیزر - کعبه,https://www.youtube.com/watch?v=5M08iffmyIc
Mardome Mamuli Series | سریال مردم معمولی - اولین سکانس برتر قسمت 14,https://www.youtube.com/watch?v=oTlBirRWOYA
Mardome Mamuli Series | سریال مردم معمولی - دومین سکانس برتر قسمت 14,https://www.youtube.com/watch?v=v7yHK79bPyI
Mardome Mamuli Series - Teaser Episode 14 | سریال مردم معمولی - تیزر قسمت 14,https://www.youtube.com/watch?v=G_gzu8ruq0s
Mohammad Reza Ghafari - Tanham | محمدرضا غفاری - موزیک ویدیو سریال ملکه گدایان (تنهام),https://www.youtube.com/watch?v=nQO6MaVVtf8
Malake Gedayan Series - Season 2 | سريال ملکه گدایان - فصل دوم - اولین سکانس برتر قسمت 5,https://www.youtube.com/watch?v=gnpzPm-J1lc
Malake Gedayan Series - Season 2 | سريال ملکه گدایان - فصل دوم - دومین سکانس برتر قسمت 5,https://www.youtube.com/watch?v=j6tXSQAUJPU
Malake Gedayan Series - Season 2 - Teaser Episode 5 | سريال ملکه گدایان - فصل 2 -  تیزر قسمت 5,https://www.youtube.com/watch?v=ZmX8cPzTWEw
Mikhaham Zendeh Bemanam Series - Teaser Episode 19 | سریال می خواهم زنده بمانم - تیزر قسمت 19,https://www.youtube.com/watch?v=-gRCMAFqW5E
Mardome Mamuli Series - Teaser  | سریال مردم معمولی - تیزر - الناز حبیبی,https://www.youtube.com/watch?v=qEKSPCLnjrE
Mikhaham Zendeh Bemanam Series - Teaser | سریال می خواهم زنده بمانم - تیزر قسمتهای 1 تا 18,https://www.youtube.com/watch?v=DkQ6jb-g12I
Mikhaham Zendeh Bemanam Series | سریال می خواهم زنده بمانم - مهدی صباغی در نقش عماد,https://www.youtube.com/watch?v=Cy-B4XSCl4Y
Mikhaham Zendeh Bemanam Series | سریال می خواهم زنده بمانم - اولین سکانس برتر قسمت 19,https://www.youtube.com/watch?v=sc9qlg4Bono
Mardome Mamuli Series - Backstage | سریال مردم معمولی - پشت صحنه با حضور احسان کرمی,https://www.youtube.com/watch?v=Fo_S8aieABA
Mikhaham Zendeh Bemanam Series | سریال می خواهم زنده بمانم - دومین سکانس برتر قسمت 19,https://www.youtube.com/watch?v=obEyziJ6W3Y
Homayoun Shajarian - Yek Nafas | همایون شجریان - موزیک ویدیو سریال می خواهم زنده بمانم (یک نفس آرزو),https://www.youtube.com/watch?v=tqiRfU3TeZk
Mardome Mamuli Series - Teaser Episode 13 | سریال مردم معمولی - دومین تیزر قسمت 13,https://www.youtube.com/watch?v=roFls-tDpRg
Mardome Mamuli Series - Teaser Episode 13 | سریال مردم معمولی - اولین تیزر قسمت 13,https://www.youtube.com/watch?v=tqAcQoYWORU
Mardome Mamuli Series - Episode 13 | سریال مردم معمولی - تیزر پشت صحنه قسمت 13,https://www.youtube.com/watch?v=lcDBN0_Wti4
Zakhm Kari Series - Teaser Episode 4 l سریال زخم کاری - تیزر قسمت 4,https://www.youtube.com/watch?v=1KhkG4hyB6c
Mikhaham Zendeh Bemanam Series - Teaser Backstage | سریال می خواهم زنده بمانم - تیزر پشت صحنه,https://www.youtube.com/watch?v=SfYrkMzyDgE
Televika Teaser | 5 تيزر رسمی تلويکا,https://www.youtube.com/watch?v=GaKomwn5m-U
Zakhm Kari Series | سریال زخم کاری - دومین سکانس برتر قسمت 4,https://www.youtube.com/watch?v=JuiRH5mb7sw
Zakhm Kari Series | سریال زخم کاری - اولین سکانس برتر قسمت 4,https://www.youtube.com/watch?v=wXPPthRwnIY
Zakhm Kari Series l سریال زخم کاری - آنچه گذشت قسمت 3,https://www.youtube.com/watch?v=fT3sSanam6I
Mardome Mamuli Series - Teaser Episode 12 | سریال مردم معمولی - دومین تیزر قسمت 12,https://www.youtube.com/watch?v=4qBBCaUxToc
Mardome Mamuli Series | سریال مردم معمولی - اولین سکانس برتر قسمت 12,https://www.youtube.com/watch?v=CxuPRfy6nNU
Mardome Mamuli Series | سریال مردم معمولی - دومین سکانس برتر قسمت 12,https://www.youtube.com/watch?v=FXyQ1JDFejI
Mardome Mamuli Series - Teaser Episode 12 | سریال مردم معمولی - تیزر قسمت 12,https://www.youtube.com/watch?v=AhtJVVQSIQY
Momayezi - Teaser | ممیزی - تیزر - آتش جاودان,https://www.youtube.com/watch?v=gwitfy-aVIg
Malake Gedayan Series - Season 2 - Teaser Episode 4 | سريال ملکه گدایان - فصل 2 -  تیزر قسمت 4,https://www.youtube.com/watch?v=5nHvDzXyx8o
Malake Gedayan Series - Season 2 | سريال ملکه گدایان - فصل دوم - دومین سکانس برتر قسمت 4,https://www.youtube.com/watch?v=OJWlrdTcSiA
Malake Gedayan Series - Season 2 | سريال ملکه گدایان - فصل دوم - اولین سکانس برتر قسمت 4,https://www.youtube.com/watch?v=SHheb5eidIQ
Coming Soon Series - Teaser | آنچه در تلویکا خواهید دید - تیزر,https://www.youtube.com/watch?v=X4Hb0Nw5dJA
Mardome Mamuli Series - Teaser Backstage | سریال مردم معمولی - تیزر پشت صحنه,https://www.youtube.com/watch?v=cAgSFvKLdcE
Mikhaham Zendeh Bemanam Series - Teaser Episode 18 | سریال می خواهم زنده بمانم - تیزر قسمت 18,https://www.youtube.com/watch?v=CL942SqhBe8
Mardome Mamuli Series - Teaser  | سریال مردم معمولی - تیزر - نگار جواهریان,https://www.youtube.com/watch?v=KM1VzAI6Pvg
Mikhaham Zendeh Bemanam Series | سریال می خواهم زنده بمانم - دومین سکانس برتر قسمت 18,https://www.youtube.com/watch?v=fuOtuvtT2mo
Mikhaham Zendeh Bemanam Series | سریال می خواهم زنده بمانم - اولین سکانس برتر قسمت 18,https://www.youtube.com/watch?v=3UelkgDxqv0
Mikhaham Zendeh Bemanam Series | سریال می خواهم زنده بمانم - تیزر پشت صحنه قسمت های  18 تا 20,https://www.youtube.com/watch?v=Ri2UzJM0XT8
Mardome Mamuli Series - Teaser Backstage | سریال مردم معمولی - تیزر پشت صحنه قسمتهای 10 و 11,https://www.youtube.com/watch?v=1CLohQ6YJKg
Mardome Mamuli Series - Teaser Episode 11 | سریال مردم معمولی - تیزر قسمت 11,https://www.youtube.com/watch?v=rSnW2yxMTjo
Mardome Mamuli Series | سریال مردم معمولی - اولین سکانس برتر قسمت 11,https://www.youtube.com/watch?v=XrVkD48fjjI
Mardome Mamuli Series | سریال مردم معمولی - دومین سکانس برتر قسمت 11,https://www.youtube.com/watch?v=pz8DuXaikZU
سریال مردم معمولی - قسمت 7 | Mardome Mamuli Series - Episode 7,https://www.youtube.com/watch?v=GZhl_C40eRo
Zakhm Kari Series - Teaser Episode 3 l سریال زخم کاری - تیزر قسمت 3,https://www.youtube.com/watch?v=Y7iyxymZVLQ
سریال مردم معمولی - قسمت 6 | Mardome Mamuli Series - Episode 6,https://www.youtube.com/watch?v=_BoVVS5-0bs
Zakhm Kari Series | سریال زخم کاری - اولین سکانس برتر قسمت 3,https://www.youtube.com/watch?v=ZAdT2F0Ie-0
Zakhm Kari Series | سریال زخم کاری - دومین سکانس برتر قسمت 3,https://www.youtube.com/watch?v=oaDl37fn6co
Zakhm Kari Series | سریال زخم کاری - هانیه توسلی,https://www.youtube.com/watch?v=oFuDub_6nyI
Zakhm Kari Series - Teaser Episode 2 l سریال زخم کاری - تیزر قسمت 2,https://www.youtube.com/watch?v=8OHjL734r3o
سریال مردم معمولی - قسمت 5 | Mardome Mamuli Series - Episode 5,https://www.youtube.com/watch?v=cGuhN0BlN6M
سریال مردم معمولی - قسمت 4 | Mardome Mamuli Series - Episode 4,https://www.youtube.com/watch?v=tJ6B02xnPqQ
سریال مردم معمولی - قسمت 3 | Mardome Mamuli Series - Episode 3,https://www.youtube.com/watch?v=V5_YPu0tNak
Mardome Mamuli Series - Teaser Episode 10 | سریال مردم معمولی - تیزر قسمت 10,https://www.youtube.com/watch?v=TvqpYoo698o
Mardome Mamuli Series | سریال مردم معمولی - دومین سکانس برتر قسمت 10,https://www.youtube.com/watch?v=weB3rqp2I68
Mardome Mamuli Series | سریال مردم معمولی - اولین سکانس برتر قسمت 10,https://www.youtube.com/watch?v=HNgKjOlTYyg
Momayezi - Teaser | ممیزی - تیزر - گیسو,https://www.youtube.com/watch?v=wJkW5vmGrOg
Mardome Mamuli Series - Teaser Episode 10 | سریال مردم معمولی - تیزر قسمت 10,https://www.youtube.com/watch?v=AswTJCpEgD8
Malake Gedayan Series - Season 2 - Teaser Episode 3 | سريال ملکه گدایان - فصل 2 -  تیزر قسمت 3,https://www.youtube.com/watch?v=zoXSJNhdNIc
Malake Gedayan Series - Season 2 | سريال ملکه گدایان - فصل دوم - دومین سکانس برتر قسمت 3,https://www.youtube.com/watch?v=FIco3Ym8ctk
Malake Gedayan Series - Season 2 | سريال ملکه گدایان - فصل دوم - اولین سکانس برتر قسمت 3,https://www.youtube.com/watch?v=vkrsZVbSS2Q
Mikhaham Zendeh Bemanam Series - Teaser Episode 17 | سریال می خواهم زنده بمانم - تیزر قسمت 17,https://www.youtube.com/watch?v=xMPhRFccZ2Q
Mikhaham Zendeh Bemanam Series | سریال می خواهم زنده بمانم - دومین سکانس برتر قسمت 17,https://www.youtube.com/watch?v=TBE8cV8ybYg
Mikhaham Zendeh Bemanam Series | سریال می خواهم زنده بمانم - اولین سکانس برتر قسمت 17,https://www.youtube.com/watch?v=iHPOVJz8ch4
Mardome Mamuli Series | سریال مردم معمولی - دومین سکانس برتر قسمت 9,https://www.youtube.com/watch?v=C9wvOoijgDI
Mardome Mamuli Series | سریال مردم معمولی - اولین سکانس برتر قسمت 9,https://www.youtube.com/watch?v=GtAkcysLX5A
Mardome Mamuli Series - Teaser Episode 9 | سریال مردم معمولی - تیزر قسمت 9,https://www.youtube.com/watch?v=MqP18awX0Dg
Mardome Mamuli Series - Teaser Episode 8 | سریال مردم معمولی - دومین تیزر قسمت 8,https://www.youtube.com/watch?v=d9O8aKzq-Fg
Zakhm Kari Series - Teaser Episode 2 l سریال زخم کاری - تیزر قسمت 2,https://www.youtube.com/watch?v=7VO5yeMHuII
Zakhm Kari Series | سریال زخم کاری - اولین سکانس برتر قسمت 2,https://www.youtube.com/watch?v=rqm47qCvr8o
Zakhm Kari Series | سریال زخم کاری - دومین سکانس برتر قسمت 2,https://www.youtube.com/watch?v=y2P-APfdGpE
Mardome Mamuli Series | سریال مردم معمولی - اولین سکانس برتر قسمت 8,https://www.youtube.com/watch?v=5YzdQujLqhc
Mardome Mamuli Series | سریال مردم معمولی - دومین سکانس برتر قسمت 8,https://www.youtube.com/watch?v=2ntp2_xou3U
Mardome Mamuli Series - Teaser Episode 8 | سریال مردم معمولی - اولین تیزر قسمت 8,https://www.youtube.com/watch?v=_xgrGdKLIC0
Momayezi - Teaser | ممیزی - تیزر - خشم و هیاهو,https://www.youtube.com/watch?v=I8b10vL0dbI
Homayoun Shajarian - Remix | همایون شجریان - موزیک ویدیو سریال می خواهم زنده بمانم (آسمان ابری),https://www.youtube.com/watch?v=YPTrul6Rdb8
Malake Gedayan Series - Season 2 | سريال ملکه گدایان - فصل دوم - دومین سکانس برتر قسمت 2,https://www.youtube.com/watch?v=zz1t4WU7dxA
Malake Gedayan Series - Season 2 - Teaser Episode 2 | سريال ملکه گدایان - فصل 2 -  تیزر قسمت 2,https://www.youtube.com/watch?v=RyKYNZWNwCA
Malake Gedayan Series - Season 2 | سريال ملکه گدایان - فصل دوم - اولین سکانس برتر قسمت 2,https://www.youtube.com/watch?v=aTMvQmSQetY
Mardome Mamuli Series - Teaser Episode 7 | سریال مردم معمولی - تیزر قسمت 7,https://www.youtube.com/watch?v=LT8KrrdLug8
Mikhaham Zendeh Bemanam Series - Teaser Episode 16 | سریال می خواهم زنده بمانم - تیزر قسمت 16,https://www.youtube.com/watch?v=zKkY1a9Pqjk
Mardome Mamuli Series | سریال مردم معمولی - سکانس برتر قسمت 7,https://www.youtube.com/watch?v=iYMlQrSbUm8
Mikhaham Zendeh Bemanam Series | سریال می خواهم زنده بمانم - سکانس برتر قسمت 16,https://www.youtube.com/watch?v=Do6kmOGIBbk
Zakhm Kari Series - Teaser Episode 1 l سریال زخم کاری - تیزر قسمت 1,https://www.youtube.com/watch?v=ODAuluJKTi4
Zakhm Kari Series | سریال زخم کاری - سکانس برتر قسمت 1,https://www.youtube.com/watch?v=dtxyCooDKeA
Mardome Mamuli Series - Teaser Episode 6 | سریال مردم معمولی - تیزر قسمت 6,https://www.youtube.com/watch?v=o36HNzXdsX4
Zakhm Kari Series l سریال زخم کاری - تیزر 6 ثانیه,https://www.youtube.com/watch?v=0otB1I7hz38
Malake Gedayan Series - Season 2  | سريال ملکه گدایان - فصل 2 -  تیزر 6 ثانیه,https://www.youtube.com/watch?v=3fahNvHo3QA
Mikhaham Zendeh Bemanam Series - Teaser Episode 15 | سریال می خواهم زنده بمانم - تیزر قسمت 15,https://www.youtube.com/watch?v=SvfnOlZmgkg
Mardome Mamuli Series | سریال مردم معمولی - سکانس برتر قسمت 6,https://www.youtube.com/watch?v=u9_oPTDKNTg
Momayezi - Teaser | ممیزی - تیزر - می خواهم زنده بمانم,https://www.youtube.com/watch?v=k6jhLX-F7J4
Mikhaham Zendeh Bemanam Series | سریال می خواهم زنده بمانم - سکانس برتر قسمت 15,https://www.youtube.com/watch?v=4P8PEcFfums
Malake Gedayan Series - Season 2 - Teaser Episode 1 | سريال ملکه گدایان - فصل 2 -  تیزر قسمت 1,https://www.youtube.com/watch?v=2Xr2q586sP4
Malake Gedayan Series - Season 2 | سريال ملکه گدایان - فصل دوم - سکانس برتر قسمت 1,https://www.youtube.com/watch?v=L2SyD-nNJsQ
Malake Gedayan Series - Teaser Season 2 | سريال ملکه گدایان - تیزر فصل دوم,https://www.youtube.com/watch?v=0t8agfhv9M0
Mohammadreza Ghafari - Ashkam Aberume | محمدرضا غفاری - موزیک ویدیو سریال ملکه گدایان (اشکام آبرومه),https://www.youtube.com/watch?v=_MQ7XfMH-AY
Mikhaham Zendeh Bemanam Series | سریال می خواهم زنده بمانم - تیزر 6 ثانیه,https://www.youtube.com/watch?v=eAsqAmSu2f8
Mardome Mamuli Series - Teaser Episode 5 | سریال مردم معمولی - تیزر قسمت 5,https://www.youtube.com/watch?v=797fC8XQvHI
Mardome Mamuli Series - Teaser Episode 4 | سریال مردم معمولی - تیزر قسمت 4,https://www.youtube.com/watch?v=ylRMf_QSHC0
Mardome Mamuli Series | سریال مردم معمولی - سکانس برتر قسمت 5,https://www.youtube.com/watch?v=SQgdvaskxTE
Mardome Mamuli Series | سریال مردم معمولی - سکانس برتر قسمت 4,https://www.youtube.com/watch?v=UhkWZW0pWcs
The Best of Last Week | برترین سریالهای هفته (31 اردیبهشت - 6 خرداد) - سکانس,https://www.youtube.com/watch?v=N2fc8BEhxAI
سریال مردم معمولی - قسمت 2 | Mardome Mamuli Series - Episode 2,https://www.youtube.com/watch?v=ob-5uVDLmKc
Mardome Mamuli Series - Teaser l سریال مردم معمولی - تیزر,https://www.youtube.com/watch?v=Ceh0hq9xL4w
Momayezi - Teaser | ممیزی - تیزر - مارموز,https://www.youtube.com/watch?v=7WmKbSQv-Ts
Mardome Mamuli Series - Teaser l  سریال مردم معمولی -دومین تیزر 6 ثانیه,https://www.youtube.com/watch?v=1uEAJSCByjo
Mardome Mamuli Series - Teaser l  سریال مردم معمولی - اولین  تیزر 6 ثانیه,https://www.youtube.com/watch?v=vGHAAJx9tdo
Homayoun Shajarian - Zemzemehayat | 1 همایون شجریان - موزیک ویدیو سریال می خواهم زنده بمانم (زمزمه ),https://www.youtube.com/watch?v=Fp17AVa2LuU
Mikhaham Zendeh Bemanam Series | سریال می خواهم زنده بمانم - سکانس برتر قسمت 14,https://www.youtube.com/watch?v=t46PlZ2BVmo
Mardome Mamuli Series - Teaser Backstage | سریال مردم معمولی - تیزر پشت صحنه قسمت 3,https://www.youtube.com/watch?v=lcLoHzHtG_M
Shabhaye Mafia 2 Series | سریال شبهای مافیا 2 - سکانس برتر فینال فینالیست ها,https://www.youtube.com/watch?v=BQL4lKHF7kU
Shabhaye Mafia 2 Series - Teaser Episode 15 | سریال شبهای مافیا 2 - تیزر قسمت 15,https://www.youtube.com/watch?v=FV_iV7NXr0I
The Best of Last Week | برترین سریالهای هفته (24 - 30 اردیبهشت) - سکانس,https://www.youtube.com/watch?v=GAyX2xcyLs4
Mardome Mamuli Series - Teaser Episode 3 | سریال مردم معمولی - تیزر قسمت 3,https://www.youtube.com/watch?v=s06IoO5TGw8
Mardome Mamuli Series | سریال مردم معمولی - سکانس برتر قسمت 3,https://www.youtube.com/watch?v=W7f2I0Lo9VA
Momayezi - Teaser | ممیزی - تیزر - قصه عشق,https://www.youtube.com/watch?v=YcKtlvnYYeY
سریال مردم معمولی - قسمت 1 | Mardome Mamuli Series - Episode 1,https://www.youtube.com/watch?v=_ToJc7TvyTo
Mikhaham Zendeh Bemanam Series - Teaser Episode 13 | سریال می خواهم زنده بمانم - تیزر قسمت 13,https://www.youtube.com/watch?v=eA-kzsBet4E
Mikhaham Zendeh Bemanam Series | سریال می خواهم زنده بمانم - سکانس برتر قسمت 13,https://www.youtube.com/watch?v=SHVsnYD1eYY
Mardome Mamuli Series - Teaser Backstage | سریال مردم معمولی - تیزر پشت صحنه قسمت 2,https://www.youtube.com/watch?v=4xiSh_DLsc0
Serial Elmi Show - Teaser Part 8 | سریال علمی شو - تیزر قسمت 8,https://www.youtube.com/watch?v=eNgPk_-QHmY
Shabhaye Mafia 2 Series | سریال شبهای مافیا 2 - سکانس برتر شب دوم فینال فینالیست ها,https://www.youtube.com/watch?v=qHndRyYdhB4
Shabhaye Mafia 2 Series - Teaser Episode 14 | سریال شبهای مافیا 2 - تیزر قسمت 14,https://www.youtube.com/watch?v=B1YNjlipLrI
The Best of Last Week | برترین سریالهای هفته (17 - 23 اردیبهشت) - سکانس,https://www.youtube.com/watch?v=NAAI7EVqiug
Mardome Mamuli Series - Teaser Episode 2 | سریال مردم معمولی - تیزر قسمت 2,https://www.youtube.com/watch?v=-M1N7mj2xic
Mardome Mamuli Series | سریال مردم معمولی - سکانس برتر قسمت 2,https://www.youtube.com/watch?v=EmqyQRL7ois
Malake Gedayan Series - Teaser Episode 19 | سريال ملکه گدایان - تیزر قسمت 19,https://www.youtube.com/watch?v=DktL-h6OZiM
Malake Gedayan Series | سريال ملکه گدایان - فصل اول - سکانس برتر قسمت 19,https://www.youtube.com/watch?v=YCjuGQhpKK4
Malake Gedayan Series - Poster Episode 19 | سریال ملکه گدایان - پوستر قسمت 19 (پایان فصل اول),https://www.youtube.com/watch?v=ZWJXFsEKldM
Mikhaham Zendeh Bemanam Series - Teaser Episode 12 | سریال می خواهم زنده بمانم - تیزر قسمت 12,https://www.youtube.com/watch?v=1z--a7UHS_I
Mardome Mamuli Series - Teaser Backstage | سریال مردم معمولی - تیزر پشت صحنه قسمت 1,https://www.youtube.com/watch?v=jAY3TBXa33o
Mikhaham Zendeh Bemanam Series | سریال می خواهم زنده بمانم - سکانس برتر قسمت 12,https://www.youtube.com/watch?v=lWk_IsGawsM
Serial Elmi Show - Teaser Part 7 | سریال علمی شو - تیزر قسمت 7,https://www.youtube.com/watch?v=bEpDqfItptA
Shabhaye Mafia 2 Series - Teaser Episode 13 | سریال شبهای مافیا 2 - تیزر قسمت 13,https://www.youtube.com/watch?v=FXd_JiLxXFc
Shabhaye Mafia 2 Series | سریال شبهای مافیا 2 - سکانس برتر شب اول فینال فینالیست ها,https://www.youtube.com/watch?v=JSZudy2_sbA
Mardome Mamuli Series - Teaser Episode 1 | سریال مردم معمولی - تیزر قسمت 1,https://www.youtube.com/watch?v=Oj557Z-Nb-Y
Mardome Mamuli Series | سریال مردم معمولی - سکانس برتر قسمت 1,https://www.youtube.com/watch?v=biXAfclI880
Malake Gedayan Series - Season 1 - Teaser Episode 18 | سريال ملکه گدایان - فصل اول - تیزر قسمت 18,https://www.youtube.com/watch?v=xfEY3hELtQ8
Malake Gedayan Series - Season 1 | سريال ملکه گدایان - فصل اول - سکانس برتر قسمت 18,https://www.youtube.com/watch?v=Tw3gBLU9Eck
Malake Gedayan Series | سریال ملکه گدایان - مصاحبه با یسنا میر طهماسب,https://www.youtube.com/watch?v=T6tAhJREcQg
Mikhaham Zendeh Bemanam Series - Teaser Episode 11 | سریال می خواهم زنده بمانم - تیزر قسمت 11,https://www.youtube.com/watch?v=PzdthOTArk4
Mikhaham Zendeh Bemanam Series | سریال می خواهم زنده بمانم - سکانس برتر قسمت 11,https://www.youtube.com/watch?v=jvqKpVNDtf4
سریال شبهای مافیا 2 - فصل 3 -  قسمت 1 | Shabhaye Mafia 2 Series - Season 3 - Episode 1,https://www.youtube.com/watch?v=CaX0peP20xs
Shabhaye Mafia 2 Series - Gozaresh 2 | 2 سریال شبهای مافیا 2 - گزارش,https://www.youtube.com/watch?v=fRbTzZ7Evfo
Shabhaye Mafia 2 Series | سریال شبهای مافیا 2 - قسمت 12 - هنوز نرفتم پایین,https://www.youtube.com/watch?v=hPWDa2URZyo
Shabhaye Mafia 2 Series | سریال شبهای مافیا 2 - قسمت 12 - با آرامش می تونم بازی کنم,https://www.youtube.com/watch?v=4L8xeIBWAx0
Shabhaye Mafia 2 Series - Teaser Episode 12 | سریال شبهای مافیا 2 - تیزر قسمت 12,https://www.youtube.com/watch?v=L5OsroUDLY8
Shabhaye Mafia 2 Series - Gozaresh 1 | 1 سریال شبهای مافیا 2 - گزارش,https://www.youtube.com/watch?v=52Wi7QQ6Sus
Malake Gedayan Series - Season 1 - Teaser Episode 17 | سريال ملکه گدایان - فصل اول - تیزر قسمت 17,https://www.youtube.com/watch?v=EpR-sTuXHcM
Mohammadreza Alimardani - Shabhaye Mafia l محمدرضا علیمردانی - موزیک ویدیو سریال شبهای مافیا,https://www.youtube.com/watch?v=F7GpwQ6WlpU
Mikhaham Zendeh Bemanam Series - Teaser Episode 10 | سریال می خواهم زنده بمانم - تیزر قسمت 10,https://www.youtube.com/watch?v=DfbJDa_SSQg
Mikhaham Zendeh Bemanam Series | سریال می خواهم زنده بمانم - قسمت 10 - یه بچه دارم که ایران نیست,https://www.youtube.com/watch?v=c5wqDaHyDyw
Mikhaham Zendeh Bemanam Series | سریال می خواهم زنده بمانم - قسمت 10 - از خودم حالم به هم می خوره,https://www.youtube.com/watch?v=z_aPk2GA0ew
Malake Gedayan Series | 1 سریال ملکه گدایان - مصاحبه با آرمان درویش,https://www.youtube.com/watch?v=KPBia2c7QgM
Shabhaye Mafia 2 Series - Teaser Episode 11 | سریال شبهای مافیا 2 - تیزر قسمت 11,https://www.youtube.com/watch?v=tS-D3BSuxlc
Serial Elmi Show - Teaser Part 6 | سریال علمی شو - تیزر قسمت 6,https://www.youtube.com/watch?v=oh1hQpcyY_E
Shabhaye Mafia 2 Series | سریال شبهای مافیا 2 - قسمت 11 - مافیا دسته اول منو میکشه,https://www.youtube.com/watch?v=0p8X_E0gU98
Shabhaye Mafia 2 Series | سریال شبهای مافیا 2 - قسمت 11 - خدایی حال نمیده تقلب کردن,https://www.youtube.com/watch?v=JEG2aOs-HLM
Khob Bad Jelf: Radioactive | خوب بد جلف: وقتی چپ و راست گند میزنه بهت یعنی عاشقته,https://www.youtube.com/watch?v=EkOjrswBdsw
Khob Bad Jelf: Radioactive | خوب بد جلف: تو به من نگفتی پای بمب وسطه,https://www.youtube.com/watch?v=6spH9oFx0vA
سریال علمی شو - قسمت 2 (حامد آهنگی) | Serial Elmi Show - Part 2,https://www.youtube.com/watch?v=5MtYkDZzd5U
Khob Bad Jelf: Radioactive - Teaser | خوب بد جلف: رادیواکتیو - تیزر قسمت 1 تا 12,https://www.youtube.com/watch?v=ZVzelGyQuYM
Khob Bad Jelf: Radioactive - Teaser | خوب بد جلف: رادیواکتیو - تیزر قسمت 13 (قسمت آخر),https://www.youtube.com/watch?v=2Fc5dYtP294
Malake Gedayan Series - Season 1 - Teaser Episode 16 | سريال ملکه گدایان - فصل اول - تیزر قسمت 16,https://www.youtube.com/watch?v=EE_tDxbocEQ
Shabhaye Mafia 2 Series - Teaser Episode 10 | سریال شبهای مافیا 2 - تیزر قسمت 10,https://www.youtube.com/watch?v=gu4lebx4hdA
Mikhaham Zendeh Bemanam Series - Teaser Episode 9 | سریال می خواهم زنده بمانم - تیزر قسمت 9,https://www.youtube.com/watch?v=-pTDtjMdxIA
Mikhaham Zendeh Bemanam Series | سریال می خواهم زنده بمانم - قسمت 9 - می تونی بگی کدومشون فقیره,https://www.youtube.com/watch?v=38eyz_PGHxU
Mikhaham Zendeh Bemanam Series | سریال می خواهم زنده بمانم - قسمت 9 - حرف، حریف صبری که کردم نیست,https://www.youtube.com/watch?v=GQ_ZLBqkTb0
Malake Gedayan Series | سریال ملکه گدایان - مصاحبه با محمدرضا غفاری,https://www.youtube.com/watch?v=GZhtbu_CMJA
Shabhaye Mafia 2 Series | سریال شبهای مافیا 2 - قسمت 10 - از مافیا گفتن نمیتونم بگذرم,https://www.youtube.com/watch?v=oK59yHTslig
Shabhaye Mafia 2 Series | سریال شبهای مافیا 2 - قسمت 10 - چرخشو خیلی هیجانی شروع نکنیم,https://www.youtube.com/watch?v=BV45vEu9pgY
Shabhaye Mafia 2 Series - Teaser Episode 9 | سریال شبهای مافیا 2 - تیزر قسمت 9,https://www.youtube.com/watch?v=ezWtkHtFnW8
Shabhaye Mafia 2 Series | سریال شبهای مافیا 2 - قسمت 9 - پشت دست شهروندی بازی خواهم کرد,https://www.youtube.com/watch?v=DHnPbHZhBfI
Shabhaye Mafia 2 Series | سریال شبهای مافیا 2 - قسمت 9 - ما رو مهمون کنین به صدا قشنگتون,https://www.youtube.com/watch?v=-0yi9A87EuQ
Khob Bad Jelf: Radioactive - Teaser | خوب بد جلف: رادیواکتیو - تیزر قسمت 12,https://www.youtube.com/watch?v=ZmOgwx1E1Rk
Khob Bad Jelf: Radioactive | خوب بد جلف: رادیواکتیو - سام رو دارن با لگد می برن,https://www.youtube.com/watch?v=CNhgEiHagR8
Khob Bad Jelf: Radioactive | خوب بد جلف: رادیواکتیو - بذار سامم بیادبچه ها بیشتر بهشون خوش می گذره,https://www.youtube.com/watch?v=4xvexxVS_uA
Momayezi - Teaser | ممیزی - تیزر - پشت صحنه,https://www.youtube.com/watch?v=nnHUZJoaUn8
Homayoun Shajarian - Zemzemehayat | 2 همایون شجریان - موزیک ویدیو سریال می خواهم زنده بمانم (زمزمه ),https://www.youtube.com/watch?v=Tu7MzA-h0Kw
Malake Gedayan Series - Season 1 - Teaser Episode 15 | سريال ملکه گدایان - فصل اول - تیزر قسمت 15,https://www.youtube.com/watch?v=3JvNpu99MYY
Mikhaham Zendeh Bemanam Series - Teaser Episode 8 | سریال می خواهم زنده بمانم - تیزر قسمت 8,https://www.youtube.com/watch?v=QSvFAMNGIhk
Shabhaye Mafia 2 Series - Teaser Episode 8 | سریال شبهای مافیا 2 - تیزر قسمت 8,https://www.youtube.com/watch?v=zqXd-_GrA6o
Mikhaham Zendeh Bemanam Series | سریال می خواهم زنده بمانم - قسمت 8 - مگه بهش نگفتی ازدواج ما واقعیه,https://www.youtube.com/watch?v=XdPgyws78eY
Mikhaham Zendeh Bemanam Series | سریال می خواهم زنده بمانم - قسمت 8 - این مورفین میزنم تو شاهرگت,https://www.youtube.com/watch?v=REo2jBmFtY0
Malake Gedayan Series | سریال ملکه گدایان - مصاحبه با فرزاد فرزین,https://www.youtube.com/watch?v=H0Eid2jNHsI
Shabhaye Mafia 2 Series | سریال شبهای مافیا 2 - قسمت 8 - پرچممون رو نذاریم بره پایین,https://www.youtube.com/watch?v=LqCvz4n-GhU
Shabhaye Mafia 2 Series | سریال شبهای مافیا 2 - قسمت 8 - به حسش ایمان دارم,https://www.youtube.com/watch?v=d3h1x_LQCsE
Shabhaye Mafia 2 Series - Teaser Episode 7 | سریال شبهای مافیا 2 - تیزر قسمت 7,https://www.youtube.com/watch?v=tH4Mg5GpA-8
Shabhaye Mafia 2 Series | سریال شبهای مافیا 2 - قسمت 7 - امروز احساس میکنم علی دایی هستم,https://www.youtube.com/watch?v=sZvO1zRJ2XM
Serial Elmi Show - Teaser Part 5 | سریال علمی شو - تیزر قسمت 5,https://www.youtube.com/watch?v=k1Qb8VxNO8Q
Shabhaye Mafia 2 Series | سریال شبهای مافیا 2 - قسمت 7 - مافیا اومده طرف من شهروند,https://www.youtube.com/watch?v=ixy2iPvXOxc
Khob Bad Jelf: Radioactive | خوب بد جلف: رادیواکتیو - مردم از نون شب می گذرن ولی از آرایشگاه نه,https://www.youtube.com/watch?v=K-lnT6ISdRk
Khob Bad Jelf: Radioactive | خوب بد جلف: رادیواکتیو - من به هوش تو احتیاجی ندارم,https://www.youtube.com/watch?v=Xdo3Y0WqtZ0
Khob Bad Jelf: Radioactive - Teaser | خوب بد جلف: رادیواکتیو - تیزر قسمت 11,https://www.youtube.com/watch?v=RXwhz4ay86c
Malake Gedayan Series - Season 1 - Teaser Episode 14 | سريال ملکه گدایان - فصل اول - تیزر قسمت 14,https://www.youtube.com/watch?v=qtbdjg3IuqE
Serial Elmi Show - Teaser Part 1 | سریال علمی شو - تیزر قسمت 1,https://www.youtube.com/watch?v=w0DfAGehF-o
Mikhaham Zendeh Bemanam Series | سریال می خواهم زنده بمانم - قسمت 7 - یه روز باهم رویای مشترک داشتیم,https://www.youtube.com/watch?v=vogdIXDbJs8
Mikhaham Zendeh Bemanam Series | سریال می خواهم زنده بمانم - قسمت 7 - من یه فکری دارم ولی خطرناکه,https://www.youtube.com/watch?v=cKJeBf4FKTE
Mikhaham Zendeh Bemanam Series - Teaser Episode 7 | سریال می خواهم زنده بمانم - تیزر قسمت 7,https://www.youtube.com/watch?v=vGP4jPtalXM
Shabhaye Mafia 2 Series - Teaser Episode 6 | سریال شبهای مافیا 2 - تیزر قسمت 6,https://www.youtube.com/watch?v=FCIMdol4NGk
Shabhaye Mafia 2 Series | سریال شبهای مافیا 2 - قسمت 6 - دو تا مافیا زدم یدونه شهر,https://www.youtube.com/watch?v=pa5U_-eX8A4
Shabhaye Mafia 2 Series | سریال شبهای مافیا 2 - قسمت 6 - ما مجبوریم به هم اعتماد کنیم,https://www.youtube.com/watch?v=n5982cynbac
Shabhaye Mafia 2 Series - Teaser Episode 5 | سریال شبهای مافیا 2 - تیزر قسمت 5,https://www.youtube.com/watch?v=lTq7DJYOWsU
سریال علمی شو - قسمت 1 (مهراب قاسمخانی) | Serial Elmi Show - Part 1,https://www.youtube.com/watch?v=HXz9rFVHz2g
Malake Gedayan Series | سریال ملکه گدایان - مصاحبه با باران کوثری,https://www.youtube.com/watch?v=yQ2xElBoghw
Serial Elmi Show - Teaser Part 3 | سریال علمی شو - تیزر قسمت 3,https://www.youtube.com/watch?v=Aj2Jq_EYk_c
Serial Elmi Show - Teaser Part 4 | سریال علمی شو - تیزر قسمت 4,https://www.youtube.com/watch?v=XYyCVow-DJc
Shabhaye Mafia 2 Series | سریال شبهای مافیا 2 - قسمت 5 - چی بچرخه؟ چرخ و فلک نیست که,https://www.youtube.com/watch?v=IyuHBtXdv0g
Shabhaye Mafia 2 Series | سریال شبهای مافیا 2 - قسمت 5 - راست گفتن آسونتره تا دروغ گفتن,https://www.youtube.com/watch?v=Nm_ntb_VLdo
Khob Bad Jelf: Radioactive | خوب بد جلف: رادیواکتیو - ما هم که زود اومدیم اشتباه کردیم,https://www.youtube.com/watch?v=wryHwUMv9Lk
Khob Bad Jelf: Radioactive | خوب بد جلف: رادیواکتیو - همسفر سوفیا خانم,https://www.youtube.com/watch?v=QGPrb78tj-U
Khob Bad Jelf: Radioactive - Teaser | خوب بد جلف: رادیواکتیو - تیزر قسمت 10,https://www.youtube.com/watch?v=P9KFy34h2mw
Mardome Mamuli Series - Teaser | سریال مردم معمولی - تیزر افتتاحیه,https://www.youtube.com/watch?v=I_gc0dItM2U
Malake Gedayan Series - Season 1 - Teaser Episode 13 | سريال ملکه گدایان - فصل اول - تیزر قسمت 13,https://www.youtube.com/watch?v=MHAdllQqcqY
Momayezi - Teaser | ممیزی - تیزر - انتظار,https://www.youtube.com/watch?v=PRZM5kn_8VM
Mikhaham Zendeh Bemanam Series | سریال می خواهم زنده بمانم - قسمت 6 - ولی حرف های تو فرق داشت,https://www.youtube.com/watch?v=WvQwSRAKdBA
Mikhaham Zendeh Bemanam Series | سریال می خواهم زنده بمانم - قسمت 6 - عقدی که راز بود تا همین الان,https://www.youtube.com/watch?v=9fhXwn0Wk4E
Mikhaham Zendeh Bemanam Series - Teaser Episode 6 | سریال می خواهم زنده بمانم - تیزر قسمت 6,https://www.youtube.com/watch?v=sPi9SkC1qxA
Shabhaye Mafia 2 Series - Teaser Episode 4 | سریال شبهای مافیا 2 - تیزر قسمت 4,https://www.youtube.com/watch?v=inqmR1e2VBQ
Shabhaye Mafia 2 Series | سریال شبهای مافیا 2 - قسمت 4 - شاید به مافیاها می خورم,https://www.youtube.com/watch?v=51xhKH93SHY
Shabhaye Mafia 2 Series | سریال شبهای مافیا 2 - قسمت 4 - سال 13400 رو به شما عزیزان ...,https://www.youtube.com/watch?v=fhVTHgEUqWg
Shabhaye Mafia 2 Series | سریال شبهای مافیا 2 - قسمت 3 - خیلی دلم میخواد شهر برنده بشه,https://www.youtube.com/watch?v=WqgVlwf72T4
Shabhaye Mafia 2 Series | سریال شبهای مافیا 2 - قسمت 3 - طبق قانون شما این دست مافیایی,https://www.youtube.com/watch?v=lz-0UhjsFUg
Zire Noore Kam Movie - Teaser 2 | 2 فیلم زیر نور کم - تیزر,https://www.youtube.com/watch?v=xAhHrr3Dz4Y
Momayezi - Teaser | ممیزی - تیزر - عالیجناب,https://www.youtube.com/watch?v=MEKVTczZmY4
Khob Bad Jelf: Radioactive | خوب بد جلف: رادیواکتیو - فقط نرینگی فاقد هر گونه زیدی,https://www.youtube.com/watch?v=yPagNYlFp64
Khob Bad Jelf: Radioactive | خوب بد جلف: رادیواکتیو - چون ما به آمریکا وابسته نیستیم,https://www.youtube.com/watch?v=Y3YjdkxawQg
Khob Bad Jelf: Radioactive - Teaser | خوب بد جلف: رادیواکتیو - تیزر قسمت 9,https://www.youtube.com/watch?v=OHm84LCxTl8
Bad Az To Movie - Teaser | فیلم بعد از تو - تیزر,https://www.youtube.com/watch?v=vRY4Z3WNWOk
Shabhaye Mafia 2 Series - Teaser | سریال شبهای مافیا سری 2 - تیزر,https://www.youtube.com/watch?v=P__Ir6kO6DM
Malake Gedayan Series - Season 1 - Teaser Episode 12 | سريال ملکه گدایان - فصل اول - تیزر قسمت 12,https://www.youtube.com/watch?v=jrpipCTcq28
Zire Noore Kam Movie - Teaser 1 | 1 فیلم زیر نور کم - تیزر,https://www.youtube.com/watch?v=SWlUMrkL7h8
Momayezi - Teaser | ممیزی - تیزر - پیش درآمد,https://www.youtube.com/watch?v=lbv1AOWYybc
Mikhaham Zendeh Bemanam Series | سریال می خواهم زنده بمانم - قسمت 5 - شما چی هستین؟ عروسک شایگان,https://www.youtube.com/watch?v=OadaBH2xR2w
Mikhaham Zendeh Bemanam Series | سریال می خواهم زنده بمانم - قسمت 5 - هیچکاری واسه آدم عاشق سخت نیست,https://www.youtube.com/watch?v=_0-0nto8TAs
Mikhaham Zendeh Bemanam Series - Teaser Episode 5 | سریال می خواهم زنده بمانم - تیزر قسمت 5,https://www.youtube.com/watch?v=VnKmqXsui9s
Shabhaye Mafia 2 Series l سریال شبهای مافیا 2 - قسمت 2 - ما فقط روز رو داریم,https://www.youtube.com/watch?v=KOJWDyeaCv0
Shabhaye Mafia 2 Series l سریال شبهای مافیا 2 - قسمت 2 - اصن نمیخوام چالش بدم,https://www.youtube.com/watch?v=4em2HG9sz1Y
Shabhaye Mafia 2 Series - Teaser Episode 2 | سریال شبهای مافیا 2 - تیزر قسمت 2,https://www.youtube.com/watch?v=IpgxtIyXBZs
Momayezi - Teaser | ممیزی - تیزر - شمع و پروانه,https://www.youtube.com/watch?v=858xo9Pj_mo
Shabhaye Mafia 2 Series l  سریال شبهای مافیا 2 - قسمت 1 - دوسه تا از دوستان هستند که,https://www.youtube.com/watch?v=QCbbFAMipCk
Shabhaye Mafia 2 Series l سریال شبهای مافیا 2 - قسمت 1 - خودی و غیر خودی رو میزنه,https://www.youtube.com/watch?v=FMV4DCwFb3k
Shabhaye Mafia 2 Series - Teaser | سریال شبهای مافیا 2 - تیزر,https://www.youtube.com/watch?v=ao-9U3CQ_tM
Khob Bad Jelf: Radioactive | خوب بد جلف: رادیواکتیو - حرفت خیلی عمق داشت,https://www.youtube.com/watch?v=NeR50CdVCPc
Khob Bad Jelf: Radioactive - Teaser | خوب بد جلف: رادیواکتیو - تیزر قسمت 8,https://www.youtube.com/watch?v=zv4_wwlsPfU
Khob Bad Jelf: Radioactive | خوب بد جلف: رادیواکتیو - خیلی نامردی پژمان من رضایت میدم,https://www.youtube.com/watch?v=eKbfVfbxJic
Khob Bad Jelf: Radioactive | خوب بد جلف: رادیواکتیو - دفعه بعد تو تیر بخور,https://www.youtube.com/watch?v=jQHmuSiBFTU
Khob Bad Jelf: Radioactive | خوب بد جلف: رادیواکتیو - تو دزدی یا هنرمندی,https://www.youtube.com/watch?v=Rf2bsQINYGg
Momayezi - Teaser | ممیزی - تیزر - نرو سمیه,https://www.youtube.com/watch?v=pSCT32WH7uk
Mikhaham Zendeh Bemanam Series | سریال می خواهم زنده بمانم - قسمت 4 - کی شما رو دوباره راه داد داخل,https://www.youtube.com/watch?v=6kd1gwn2TLo
Mikhaham Zendeh Bemanam Series | سریال می خواهم زنده بمانم - قسمت 4 - همین یه بار شل شد,https://www.youtube.com/watch?v=wfapw8UU6wE
Mikhaham Zendeh Bemanam Series | سریال می خواهم زنده بمانم - قسمت 4 - کاوه استاد ما هستن,https://www.youtube.com/watch?v=yXPYXrWw9Go
Mikhaham Zendeh Bemanam Series | سریال می خواهم زنده بمانم - قسمت 4 - اسم اون حرومزاده رو نیار,https://www.youtube.com/watch?v=ejO4ZZkyAlo
Mikhaham Zendeh Bemanam Series - Teaser Episode 4 | سریال می خواهم زنده بمانم - تیزر قسمت 4,https://www.youtube.com/watch?v=3PkMOP-SHAo
Abadan Eleven 60 Movie - Teaser | فیلم آبادان یازده 60 - تیزر,https://www.youtube.com/watch?v=7zbDAMcGGMo
Khob Bad Jelf: Radioactive | خوب بد جلف: رادیواکتیو - اسپشیالش حرف نداشت جناب سرهنگ,https://www.youtube.com/watch?v=7wpXOxR4BDg
Khob Bad Jelf: Radioactive | خوب بد جلف: رادیواکتیو - داشتن به ما تیراندازی می کردن,https://www.youtube.com/watch?v=YidHGmoc1a0
Khob Bad Jelf: Radioactive | خوب بد جلف: رادیواکتیو - قضیه ی مهمونی چیه؟,https://www.youtube.com/watch?v=KB275O-uEYc
Khob Bad Jelf: Radioactive | خوب بد جلف: رادیواکتیو - شوخیش هم قشنگ نیست,https://www.youtube.com/watch?v=slJY1bypz_c
Khob Bad Jelf: Radioactive - Teaser | خوب بد جلف: رادیواکتیو - تیزر قسمت 7,https://www.youtube.com/watch?v=5BrZWno8kZ0
سریال می خواهم زنده بمانم - قسمت 1 | Mikhaham Zendeh Bemanam Series - Episode 1,https://www.youtube.com/watch?v=1Z0JKPYWpDY
Pishi Mishi Movie - Teaser | فیلم پیشی میشی - تیزر,https://www.youtube.com/watch?v=VRgLAWmIPTw
Malake Gedayan Series - Season 1 - Teaser Episode 10 | سريال ملکه گدایان - فصل اول - تیزر قسمت 10,https://www.youtube.com/watch?v=uHsFC8oZ84k
Mikhaham Zendeh Bemanam Series - Teaser Episode 3 | سریال می خواهم زنده بمانم - تیزر قسمت 3,https://www.youtube.com/watch?v=hzjcnXj6i74
Mikhaham Zendeh Bemanam Series | سریال می خواهم زنده بمانم - قسمت 3 - مگه بازداشتی ملاقاتی داره؟,https://www.youtube.com/watch?v=5tUfb3v9Nkk
Mikhaham Zendeh Bemanam Series | سریال می خواهم زنده بمانم - قسمت 3 - چقدر کاریابا رو راه می ندازه؟,https://www.youtube.com/watch?v=Mrfa8nwmylg
Mikhaham Zendeh Bemanam Series | سریال می خواهم زنده بمانم - قسمت 3 - نمیخواد رو این پرونده کار کنی!,https://www.youtube.com/watch?v=NhshAN2xsB4
Mikhaham Zendeh Bemanam Series | سریال می خواهم زنده بمانم - قسمت 3 - یکی باید بیاد منو جمع کنه,https://www.youtube.com/watch?v=T_ruoU36evM
Homayoun Shajarian - Asman Abri | همایون شجریان - موزیک ویدیو سریال می خواهم زنده بمانم (آسمان ابری),https://www.youtube.com/watch?v=MQsQdq0JqMI
Homayoun Shajarian - Asman Abri | همایون شجریان - تیزر موزیک ویدیو سریال می خواهم زنده بمانم,https://www.youtube.com/watch?v=Ih5CJDJNLbU
Khob Bad Jelf: Radioactive | !خوب بد جلف: رادیواکتیو - نذار عطاران و عزتی کمدی این مملکتو بزنن زمین,https://www.youtube.com/watch?v=htvCVlxb700
Khob Bad Jelf: Radioactive | !خوب بد جلف: رادیواکتیو - همشونو می بندم به رگبار,https://www.youtube.com/watch?v=i1uVm8i6EyU
Khob Bad Jelf: Radioactive | خوب بد جلف: رادیواکتیو - اصل استتار رو رعایت کنید,https://www.youtube.com/watch?v=jiwPD6aGyYc
Khob Bad Jelf: Radioactive | !خوب بد جلف: رادیواکتیو - به آنا بگین بعد از من گریه نکنه,https://www.youtube.com/watch?v=PcNDGyfc5gc
Khob Bad Jelf: Radioactive - Teaser | خوب بد جلف: رادیواکتیو - تیزر قسمت 6,https://www.youtube.com/watch?v=hhPiTIBoP1c
Momayezi - Teaser | ممیزی - تیزر - مسعود صادقلو - زده بارون,https://www.youtube.com/watch?v=87bxQuGs3Yo
Malake Gedayan Series - Season 1 - Teaser Episode 9 | سريال ملکه گدایان - فصل اول - تیزر قسمت 9,https://www.youtube.com/watch?v=ED0eRqO6EuA
Mikhaham Zendeh Bemanam Series - Teaser Episode 2 | سریال می خواهم زنده بمانم - تیزر قسمت 2,https://www.youtube.com/watch?v=f3nJ_ciNho0
Mikhaham Zendeh Bemanam Series | سریال می خواهم زنده بمانم - قسمت 2 - حق خوری خط قرمز منه!,https://www.youtube.com/watch?v=0ebC2Ub9dDw
Mikhaham Zendeh Bemanam Series | سریال می خواهم زنده بمانم - قسمت 2 - تو سیاسی که نبودی کلا؟,https://www.youtube.com/watch?v=6eoDpjlxX0o
Mikhaham Zendeh Bemanam Series | سریال می خواهم زنده بمانم - قسمت 2 - بین خودتو و مغازه انتخاب کن,https://www.youtube.com/watch?v=89GZNg_BilM
Mikhaham Zendeh Bemanam Series | سریال می خواهم زنده بمانم - قسمت 2 - برای بابام میشه کاری کرد؟,https://www.youtube.com/watch?v=9RPS6X-qMCo
Mikhaham Zendeh Bemanam Series - Teaser Episode 1 | سریال می خواهم زنده بمانم - تیزر قسمت 1,https://www.youtube.com/watch?v=j99ikabTSK4
Khob Bad Jelf: Radioactive - Teaser | خوب بد جلف: رادیواکتیو - تیزر قسمت 5,https://www.youtube.com/watch?v=VKpfkpJyXBc
"Khob Bad Jelf: Radioactive | !خوب بد جلف: رادیواکتیو - اسمشو میذارم , حاکم کتی",https://www.youtube.com/watch?v=7WVWjL-nts0
"Khob Bad Jelf: Radioactive | !خوب بد جلف: رادیواکتیو - سرش بازه , باید سربسته باشه",https://www.youtube.com/watch?v=7LqWBdSmiew
Khob Bad Jelf: Radioactive | خوب بد جلف: رادیواکتیو - این پاداش یه عمر زندگی سالمه,https://www.youtube.com/watch?v=fM8XC8zpbpY
Khob Bad Jelf: Radioactive | خوب بد جلف: رادیواکتیو - از رو فیلم برداشتی این جمله ها رو؟,https://www.youtube.com/watch?v=7jEIJ_SmxJc
Momayezi - Teaser | ممیزی - تیزر - میثم ابراهیمی - دلبریتو,https://www.youtube.com/watch?v=SZEidCahE7w
Malake Gedayan Series - Season 1 - Teaser Episode 8 | سريال ملکه گدایان - فصل اول - تیزر قسمت 8,https://www.youtube.com/watch?v=dq3bVNaqomM
"سریال خوب، بد، جلف (رادیواکتیو) - قسمت 1 | Khob, Bad, Jelf (Radioactive) Series - Part 1",https://www.youtube.com/watch?v=7aCd4rH37gw
سريال ملکه گدایان - فصل اول - قسمت 1 | Malake Gedayan Series - Season 1 - Episode 1,https://www.youtube.com/watch?v=dhLLskt6LJM
Mikhaham Zendeh Bemanam Series - Teaser Part 1 | سریال می خواهم زنده بمانم - اولین تیزر قسمت 1,https://www.youtube.com/watch?v=efNhzgydjG4
Mikhaham Zendeh Bemanam Series | سریال می خواهم زنده بمانم - تیزر,https://www.youtube.com/watch?v=ducsfkz4TjQ
Mikhaham Zendeh Bemanam Series | سریال می خواهم زنده بمانم - قسمت 1 - چند وقته ازدواج کردین؟,https://www.youtube.com/watch?v=P6x6wMp0EYI
Mikhaham Zendeh Bemanam Series | سریال می خواهم زنده بمانم - قسمت 1 - چه نسبتی با هم دارین؟,https://www.youtube.com/watch?v=ILkhzkV-vp0
Mikhaham Zendeh Bemanam Series | سریال می خواهم زنده بمانم - قسمت 1 - آرزو کردم زوتر مال من شی,https://www.youtube.com/watch?v=vMJyPGe6qBs
Mikhaham Zendeh Bemanam Series | سریال می خواهم زنده بمانم - قسمت 1 - میخواستم بگم هیچ نسبتی نداریم,https://www.youtube.com/watch?v=w-Y9V_p70HQ
Serial Shame Irani | سریال شام ایرانی - خون گاو، خون خروس،خون آدمیزاد،چای,https://www.youtube.com/watch?v=knc8o50u6Z8
Serial Shame Irani | سریال شام ایرانی - آخه خر میگن همه چیش خوبه,https://www.youtube.com/watch?v=l7l7pcHYcO0
Serial Shame Irani | سریال شام ایرانی - هر خونی رو هم نمیشه خورد,https://www.youtube.com/watch?v=FYtgzQPqrOA
Serial Shame Irani - Teaser Part 4 | سريال شام ایرانی - تيزر قسمت 4,https://www.youtube.com/watch?v=I87COtN31pw
Khob Bad Jelf: Radioactive - Teaser | خوب بد جلف: رادیواکتیو - تیزر قسمت 4,https://www.youtube.com/watch?v=zUENZeyy4Mg
Khob Bad Jelf: Radioactive | خوب بد جلف: رادیواکتیو - سس می زنی که نبض بگیرن؟,https://www.youtube.com/watch?v=KzeckBsKJ6o
Khob Bad Jelf: Radioactive | خوب بد جلف: رادیواکتیو - من به اون دختر برزیلی گفتم تو زن داری,https://www.youtube.com/watch?v=axkoq6dS9jk
Khob Bad Jelf: Radioactive | خوب بد جلف: رادیواکتیو - افسانه من و تو هم همینجا تموم شد,https://www.youtube.com/watch?v=4KcT8CvlQJ4
Khob Bad Jelf: Radioactive | خوب بد جلف: رادیواکتیو - تولد پارسالت که مهمونی گرفتی خودم لوتون دادم,https://www.youtube.com/watch?v=BPp4pZFaJMw
Malake Gedayan Series - Season 1 - Teaser Episode 7 | سريال ملکه گدایان - فصل اول - تیزر قسمت 7,https://www.youtube.com/watch?v=UxLNySCUAlQ
Mohammadreza Ghafari - Sefr Ta Sad | 2 (صفر تا صد) محمدرضا غفاری - موزیک ویدیو سریال ملکه گدایان,https://www.youtube.com/watch?v=muWzMQNjdfE
Serial Shame Irani - Teaser Part 3 | سريال شام ایرانی - تيزر قسمت 3,https://www.youtube.com/watch?v=R2sUiMHlT1c
Serial Shame Irani | سريال شام ایرانی - فسنجونمو با تن ماهی درست کردم,https://www.youtube.com/watch?v=R87qxU__1Xw
Serial Shame Irani | سريال شام ایرانی - گفته بودید که آقای رادش سمبوسه رو آموزش بده,https://www.youtube.com/watch?v=IQ40xVlzrpc
Serial Shame Irani | !سريال شام ایرانی - بهنام تمت کو!! بهنام دمت,https://www.youtube.com/watch?v=Tnh-MvbabNw
Serial Shame Irani | سريال شام ایرانی - گذاشت برق نورد یعنی برقی که می نوردد,https://www.youtube.com/watch?v=1v94IhZELz8
Khob Bad Jelf: Radioactive - Teaser | خوب بد جلف: رادیواکتیو - تیزر قسمت 3,https://www.youtube.com/watch?v=bL9lqJ5b24Y
Khob Bad Jelf: Radioactive | خوب بد جلف: رادیواکتیو - تو برنامه چچن گت تلنت جز ده نفر اول بودم,https://www.youtube.com/watch?v=Mln5CBMz0wk
Khob Bad Jelf: Radioactive | خوب بد جلف: رادیواکتیو - یه بازیکن استقلالی دیدی که گل بزنه  سرشو ببرن,https://www.youtube.com/watch?v=NqpmUiwl6Zo
Khob Bad Jelf: Radioactive | خوب بد جلف: رادیواکتیو - نذار من ناکام از دنیا برم,https://www.youtube.com/watch?v=K-gUAc_XYWU
Khob Bad Jelf: Radioactive | خوب بد جلف: رادیواکتیو - من امسال با شیشلیک سیمرغ می گیرم,https://www.youtube.com/watch?v=3AdbLg9CtVg
Mohammadreza Ghafari - Sefr Ta Sad | 1 (صفر تا صد) محمدرضا غفاری - موزیک ویدیو سریال ملکه گدایان,https://www.youtube.com/watch?v=rpco4lTxeuk
Malake Gedayan Series - Season 1 - Teaser Episode 6 | سريال ملکه گدایان - فصل اول - تیزر قسمت 6,https://www.youtube.com/watch?v=AT_hsRvoVr8
Serial Shame Irani - Teaser Part 2 | سريال شام ایرانی - تيزر قسمت 2,https://www.youtube.com/watch?v=QqQMk--Lf0I
Serial Shame Irani | !سريال شام ایرانی - رفیقایی مثل شما بردن دیگه نیووردن,https://www.youtube.com/watch?v=74hEkrMW7u4
"Serial Shame Irani | !سريال شام ایرانی - اسب, ابر اشک",https://www.youtube.com/watch?v=apF1AIQlHO0
Serial Shame Irani | سريال شام ایرانی - منو دید جا خورد,https://www.youtube.com/watch?v=Jz6UOE_vdAU
Serial Shame Irani | سريال شام ایرانی - تو تازه از تخم اومدی بیرون,https://www.youtube.com/watch?v=0TqGD4c4l2k
Televika Teaser | 4 تيزر رسمی تلويکا,https://www.youtube.com/watch?v=Eukchet3S8w
Momayezei - Teaser | ممیزی - تیزر - عالیجناب ایوان بند,https://www.youtube.com/watch?v=8JUtMEBaTxo
Khob Bad Jelf: Radioactive - Teaser | خوب بد جلف: رادیواکتیو - تیزر قسمت 2,https://www.youtube.com/watch?v=zCwRoLFL0TE
Khob Bad Jelf: Radioactive | خوب بد جلف: رادیواکتیو - میدونی من تیر خوردم؟,https://www.youtube.com/watch?v=IWGYM_3fBZo
Khob Bad Jelf: Radioactive | خوب بد جلف: رادیواکتیو - این یه فیلم اکشن ساده است فاقدهرگونه ارزش هنری,https://www.youtube.com/watch?v=ncbFnDKB7bY
"Khob Bad Jelf: Radioactive | خوب بد جلف: رادیواکتیو - خوب بودن تو مرام من نیست, همه میدونن",https://www.youtube.com/watch?v=KOGPK5aDghA
Khob Bad Jelf: Radioactive | !خوب بد جلف: رادیواکتیو - آروم باش گاومیش! گاومیش,https://www.youtube.com/watch?v=PP2EOqQEhTY
Khob Bad Jelf: Radioactive - Teaser Part 1 | خوب بد جلف: رادیواکتیو - تیزر قسمت 1,https://www.youtube.com/watch?v=m7rSbCAGjR4
Malake Gedayan Series - Season 1 - Teaser Episode 5 | سريال ملکه گدایان - فصل اول - تیزر قسمت 5,https://www.youtube.com/watch?v=CB8KFFQDAbE
Shabhaye Mafia 1 Series - Season 4 - Teaser 3 | سریال شبهای مافیا 1 - فصل 4 - تیزر 3,https://www.youtube.com/watch?v=-qAE3wHNxB0
Serial Shame Irani | سريال شام ایرانی - ما بچه بودیم تو سوپراستار ما بودی,https://www.youtube.com/watch?v=IYl_1_AuCtw
Serial Shame Irani | سريال شام ایرانی - شهاب عروسی من اومد و دیگه ندیدمش,https://www.youtube.com/watch?v=32XMTPHkWPY
Serial Shame Irani | سريال شام ایرانی - من فکر کنم هومن خودش آشپزی نکرده,https://www.youtube.com/watch?v=887y-w4X15A
Serial Shame Irani | سريال شام ایرانی - تو مو به این خوشگلی داری چرا کلاه میذاری,https://www.youtube.com/watch?v=OXSF5H0Sgps
Serial Shame Irani - Teaser Part 1 | سريال شام ایرانی - تيزر قسمت 1,https://www.youtube.com/watch?v=cDMrbNkTsiw
Khob Bad Jelf: Radioactive - Teaser | خوب بد جلف: رادیواکتیو - تیزر,https://www.youtube.com/watch?v=xGm1jwn_a5o
Khob Bad Jelf: Radioactive - Teaser Part 1 | خوب بد جلف: رادیواکتیو - تیزر قسمت 1,https://www.youtube.com/watch?v=grqqER7hIho
Khob Bad Jelf: Radioactive | خوب بد جلف: رادیواکتیو - عین برره ای ها حرف میزنه!,https://www.youtube.com/watch?v=XzoIRaPl-3A
Khob Bad Jelf: Radioactive | خوب بد جلف: رادیواکتیو - به قلمرو چچن خوش آمدید!,https://www.youtube.com/watch?v=G1WGVC4_tEg
Khob Bad Jelf: Radioactive | خوب بد جلف: رادیواکتیو - من اون کیک زرد لعنتی رو می خوام!,https://www.youtube.com/watch?v=_o1G06cBVWw
Khob Bad Jelf: Radioactive | خوب بد جلف: رادیواکتیو - دوتا ناوشون رو‌که بزنیم حساب کار میاد دستشون,https://www.youtube.com/watch?v=YZCgxKjkfyA
Malake Gedayan Series - Season 1 - Teaser Episode 4 | سريال ملکه گدایان - فصل اول - تیزر قسمت 4,https://www.youtube.com/watch?v=f_Ct3CxdF-0
Khob bad jelf: Radioactive - Teaser l  خوب بد جلف (رادیواکتیو) - تیزر,https://www.youtube.com/watch?v=nTRI70x29_g
Shabhaye Mafia 1 Series - Season 4 - Teaser 2 | سریال شبهای مافیا 1 - فصل 4 - تیزر 2,https://www.youtube.com/watch?v=5U2O3GdLfWM
Shabhaye Mafia 1 Series - Season 4 - Teaser 1 | سریال شبهای مافیا 1 - فصل 4 - تیزر 1,https://www.youtube.com/watch?v=JntNurNiOZ8
Malake Gedayan Series - Season 1 - Teaser Episode 3 | سريال ملکه گدایان - فصل اول - تیزر قسمت 3,https://www.youtube.com/watch?v=v095cKJm6qg
Serial Boye Khon - Teaser Part 8 | سریال بوی خون - تیزر قسمت 8,https://www.youtube.com/watch?v=G8TZyJ4g3nM
Roozbeh Bemani - Alaaj l روزبه بمانی - موزیک ویدیو سریال ملکه گدایان (علاج),https://www.youtube.com/watch?v=MJCT2-5QKyU
Malake Gedayan Series - Season 1 - Teaser Episode 2 | سريال ملکه گدایان - فصل اول - تیزر قسمت 2,https://www.youtube.com/watch?v=1pkyS68lvHk
Shabhaye Mafia 1 Series - Season 3 - Teaser 3 | سریال شبهای مافیا 1 - فصل 3 - تیزر 3,https://www.youtube.com/watch?v=b5VRq5DhDSg
Nagahan Derakht Movie - Teaser | فیلم ناگهان درخت - تیزر,https://www.youtube.com/watch?v=1sGXw0GOO9U
Malake Gedayan Series - Season 1 - Teaser | سريال ملکه گدایان - فصل اول - اولین تیزر,https://www.youtube.com/watch?v=ZzQ62J_GOWA
Serial Boye Khon - Teaser Part 7 | سریال بوی خون - تیزر قسمت 7,https://www.youtube.com/watch?v=XtWbr7Ifm3A
Malake Gedayan Series - Season 1 - Teaser Episode 1 | سريال ملکه گدایان - فصل اول - تیزر قسمت 1,https://www.youtube.com/watch?v=jpdC3esh74w
Malake Gedayan Series - Season 1 - Teaser | سريال ملکه گدایان - فصل اول - دومین تیزر,https://www.youtube.com/watch?v=z978aZuO3D0
Shabhaye Mafia 1 Series - Season 3 - Teaser 2 | سریال شبهای مافیا 1 - فصل 3 - تیزر 2,https://www.youtube.com/watch?v=5B2EHPoYFto
Serial Boye Khon - Teaser Part 5 | سریال بوی خون - تیزر قسمت 5,https://www.youtube.com/watch?v=Zs2ZMcVxHWw
Shabhaye Mafia 1 Series - Season 3 - Teaser 1  | سریال شبهای مافیا 1 - فصل 3 - تیزر 1,https://www.youtube.com/watch?v=B1tZ1Nh3d8s
Serial Boye Khon - Teaser Part 4 | سریال بوی خون - تیزر قسمت 4,https://www.youtube.com/watch?v=gk1N7xxHpwA
Bi Abo Nan... Biaban Movie - Full Movie | فیلم بی آب و نان... بیابان - کامل,https://www.youtube.com/watch?v=gnPunF-TlZg
Shabhaye Mafia 1 Series - Season 2 - Teaser 3  | سریال شبهای مافیا 1 - فصل 2 - تیزر 3,https://www.youtube.com/watch?v=MKj39n8D83s
Televika Teaser | تيزر رسمی تلويکا 3,https://www.youtube.com/watch?v=DrkBHo2UMow
Shabhaye Mafia 1 Series - Season 2 - Teaser 2  | سریال شبهای مافیا 1 - فصل 2 - تیزر 2,https://www.youtube.com/watch?v=YwzGLxHDmGM
Serial Boye Khon - Teaser Part 3 | سریال بوی خون - تیزر قسمت 3,https://www.youtube.com/watch?v=UWmdLOs87FE
Shabhaye Mafia 1 Series - Season 2 - Teaser 1  | سریال شبهای مافیا 1 - فصل 2 - تیزر 1,https://www.youtube.com/watch?v=TvhgGiwftpU
Shabhaye Mafia 1 Series - Teaser | سریال شبهای مافیا 1 - تيزر,https://www.youtube.com/watch?v=eYRQB9s9_SQ
Jamshidieh Movie - Teaser | فيلم جمشیدیه - تيزر,https://www.youtube.com/watch?v=KZM3WqI1o50
Kaveh Afagh - Shabhaye Mafia l کاوه آفاق - موزیک ویدیو سریال شبهای مافیا,https://www.youtube.com/watch?v=bUUSjVoRI6c
Koshtargah Movie - Teaser | فيلم کشتارگاه - تيزر,https://www.youtube.com/watch?v=UBNh2g2vjw8
Shabhaye Mafia 1 Series - Teaser 2 | 2 سریال شبهای مافیا 1 - تیزر,https://www.youtube.com/watch?v=KWrru_UAz2E
Chehel o Haft Movie - Teaser | فيلم چهل و هفت - تیزر,https://www.youtube.com/watch?v=AeTAs6YMNPw
Shabhaye Mafia 1 Series - Teaser 1 | 1 سریال شبهای مافیا 1 - تيزر,https://www.youtube.com/watch?v=EWfg3syPSkc
Sokute Khabari Movie - Teaser | فيلم سکوت خبری - تيزر,https://www.youtube.com/watch?v=uAa3IJGhorE
Batlaghe Van Movie - Teaser | فيلم باتلاق وان - تيزر,https://www.youtube.com/watch?v=s3_EhZ0mT_A
Sazhaye Nakouk Movie - Teaser | فيلم سازهای ناكوک - تيزر,https://www.youtube.com/watch?v=t__pxZndrHk
Serial Shame Irani - Teaser | سريال شام ايرانی (محمدرضا عليمردانی) - تيزر,https://www.youtube.com/watch?v=ehgnv-W7gmo
Rouzhaye Narenji Movie - Teaser | فيلم روزهای نارنجی - تيزر,https://www.youtube.com/watch?v=wgoIIYc7Naw
Ta Abad Movie - Teaser | فيلم تا ابد - تيزر,https://www.youtube.com/watch?v=ipC_fJPNDn8
Bi Hesi Mozei Movie - Teaser | فيلم بی حسی موضعی - تيزر,https://www.youtube.com/watch?v=kWLLq7dz0hk
Serial Shame Irani - Teaser | سريال شام ایرانی- تيزر,https://www.youtube.com/watch?v=w3pwnX1go9s
Motreb Movie - Teaser | فيلم مطرب - تيزر,https://www.youtube.com/watch?v=-Off4UY9Mbw
Makus Movie - Teaser | فيلم معکوس - تيزر,https://www.youtube.com/watch?v=VWPmciS8HuY
Hamale Tala Movie - Teaser | فيلم حمال طلا - تيزر,https://www.youtube.com/watch?v=S7CyDvpDi4I
Shah Kosh Movie - Teaser 2 | 2 فيلم شاه كش - تيزر,https://www.youtube.com/watch?v=XOn5kPz6Zpo
Serial Mamnoe - Teaser | سريال ممنوعه - تيزر,https://www.youtube.com/watch?v=kZffCHXe0Vc
HighLight Movie - Teaser | فيلم هايلايت - تيزر,https://www.youtube.com/watch?v=vNunaZZtk9E
Shah Kosh Movie - Teaser 1 | 1 فيلم شاه كش - تيزر,https://www.youtube.com/watch?v=Ad3POJDlNwk
Pilot Movie - Teaser | فیلم پیلوت - تیزر,https://www.youtube.com/watch?v=MtwJ6nEE6CE
Nahange Abi Series - Teaser | سریال نهنگ آبی - تیزر,https://www.youtube.com/watch?v=UUFg-u0kY6k
Serial Del - Teaser 2 |  سریال دل - تیزر 2,https://www.youtube.com/watch?v=-Dq9Psai928
Symphony 9 Movie - Teaser | فیلم سمفونی نهم - تیزر,https://www.youtube.com/watch?v=XCUDOaAmphM
Serial Del - Teaser 1 | سریال دل - تیزر 1,https://www.youtube.com/watch?v=_RLHgZep9BY
Khodahafez Dokhtar Shirazi Movie - Teaser | فيلم خداحافظ دختر شيرازی - تيزر,https://www.youtube.com/watch?v=F8z3HSkuqgA
Televika Teaser | تيزر رسمی تلويکا 2,https://www.youtube.com/watch?v=IxBsP4j2Y-w
Televika Teaser | تيزر رسمی تلويکا 1,https://www.youtube.com/watch?v=qMmRLeuOajw