title,url
سریال نیمه شب - فصل 1 - قسمت 26 | Nime Shab Series - Season 1 - Episode 26,https://www.youtube.com/watch?v=RkhyQf5W0Tg
سریال نیمه شب فصل اول قسمت بیست و ششم#shorts,https://www.youtube.com/watch?v=mNRw3LY57YI
سریال جوکر - فصل 6 - قسمت 3 | Joker Series - Season 6 - Episode 3,https://www.youtube.com/watch?v=FvxAvoVM3hw
لحظه ی ورود عباس دماغ#shorts,https://www.youtube.com/watch?v=Z6_u_e3X1zQ
سریال روزی روزگاری مریخ - سکانس برتر قسمت 22 | Roozi Roozegari Merikh Series,https://www.youtube.com/watch?v=6vUL7tklC8U
ممیزی - فصل 3 - قسمت 1 | Momayezi - Season 3 - Episode 1,https://www.youtube.com/watch?v=HZuCUnC3JUQ
برنامه ممیزی فصل سوم قسمت اول#shorts,https://www.youtube.com/watch?v=HIyXtlAQ3sQ
سریال روزی روزگاری مریخ - تیزر قسمت 22 | Roozi Roozegari Merikh Series - Teaser Episode 22,https://www.youtube.com/watch?v=wRns6S_0_l8
سریال نیمه شب - فصل 1 - قسمت 25 | Nime Shab Series - Season 1 - Episode 25,https://www.youtube.com/watch?v=9XXMn5KPE0U
سریال نیمه شب  فصل اول قسمت بیست و پنجم#shorts,https://www.youtube.com/watch?v=KPQKfgzwVNA
چرا باید بره وقتی دیشب بهم حلقه داده؟#shorts,https://www.youtube.com/watch?v=fhN7rxlAQYA
سریال جزیره - قسمت 2 | Jazireh Series - Episode 2,https://www.youtube.com/watch?v=B9rziVsLUIM
سریال جزیره قسمت دوم#shorts,https://www.youtube.com/watch?v=HxaV0AdgKKI
عشق پیری - سریال بی گناه,https://www.youtube.com/watch?v=2HyMS3sIU6Q
سریال بی گناه - سکانس برتر قسمت 17 | Bigonah Series,https://www.youtube.com/watch?v=sAvWlwHnojA
سریال جوکر - فصل 6 - قسمت 2 | Joker Series - Season 6 - Episode 2,https://www.youtube.com/watch?v=_5fqfjEva9s
پیرمرد رفت به گردش#shorts,https://www.youtube.com/watch?v=KTmGJBQb0_I
سریال بی گناه - تیزر قسمت 17 | Bigonah Series - Teaser Episode 17,https://www.youtube.com/watch?v=RGGUhr2nt-w
فیلم سینمایی پولاریس - تیزر 2 | Polaris Movie - Teaser 2,https://www.youtube.com/watch?v=qGNSm1_P2JM
سریال بی گناه - آنچه گذشت قسمت 16 | Bigonah Series - Teaser,https://www.youtube.com/watch?v=c8pbjMNJUJU
سریال جیران - سکانس برتر قسمت 38 | Jeyran Series,https://www.youtube.com/watch?v=df9K4U21c3I
ترس و لرز شاه از شب نامه - سریال جیران,https://www.youtube.com/watch?v=peHqb_wYq-c
سریال جیران - اولین تیزر قسمت 38 | Jeyran Series - Teaser Episode 38,https://www.youtube.com/watch?v=oCLfWW5NnV8
تو سگ کی باشی؟#shorts,https://www.youtube.com/watch?v=BPCrs8X0Wzo
سریال جیران - دومین تیزر قسمت 38 | Jeyran Series - Teaser Episode 38,https://www.youtube.com/watch?v=XKO4-5T8F6o
سریال نیمه شب فصل اول قسمت بیست و چهارم#shorts,https://www.youtube.com/watch?v=LBlzUitJOSU
سریال نیمه شب - فصل 1 - قسمت 24 | Nime Shab Series - Season 1 - Episode 24,https://www.youtube.com/watch?v=6rpo5YNtZOg
سریال جوکر - فصل 6 - قسمت 1 | Joker Series - Season 6 - Episode 1,https://www.youtube.com/watch?v=82l43Xl47cA
سریال جوکر فصل ششم قسمت اول#shorts,https://www.youtube.com/watch?v=0dPbV2n791I
سریال روزی روزگاری مریخ - سکانس برتر قسمت 21 | Roozi Roozegari Merikh Series,https://www.youtube.com/watch?v=M1NT25FsTyA
سریال روزی روزگاری مریخ - تیزر قسمت 21 | Roozi Roozegari Merikh Series - Teaser Episode 21,https://www.youtube.com/watch?v=1pupxQbm8_A
سریال نیمه شب - فصل 1 - قسمت 23 | Nime Shab Series - Season 1 - Episode 23,https://www.youtube.com/watch?v=WMe2dlBrp7U
سریال نیمه شب فصل اول قسمت بیست و سوم#shorts,https://www.youtube.com/watch?v=pY0aZYzfgi4
چشاتو ببند#shorts,https://www.youtube.com/watch?v=tFsMC2CZuQQ
دیدم چیزی که نباید می دیدم - سریال بی گناه,https://www.youtube.com/watch?v=rM1f7wXzuuQ
سریال بی گناه - سکانس برتر قسمت 16 | Bigonah Series,https://www.youtube.com/watch?v=jnwMX3wtjtE
سریال بی گناه - تیزر قسمت 16 | Bigonah Series - Teaser Episode 16,https://www.youtube.com/watch?v=FGRYPg6WwCA
سریال بی گناه - آنچه گذشت قسمت 15 | Bigonah Series - Teaser,https://www.youtube.com/watch?v=065-GCPbjxA
سریال جوکر - فصل 5 - قسمت 4 | Joker Series - Season 5 - Episode 4,https://www.youtube.com/watch?v=ultjSd3E6nQ
سریال جوکر فصل پنجم قسمت چهارم#shorts,https://www.youtube.com/watch?v=XGLapbjCovY
سریال بی گناه - تیزر فروغ و بهمن | Bigonah Series - Teaser,https://www.youtube.com/watch?v=qSpBk_d9omA
بانو حسود السلطنه#series,https://www.youtube.com/watch?v=Bnm-B8L5CAI
سریال جیران - اولین تیزر قسمت 37 | Jeyran Series - Teaser Episode 37,https://www.youtube.com/watch?v=6JspP3QdVLQ
سریال جیران - سکانس برتر قسمت 37 | Jeyran Series,https://www.youtube.com/watch?v=zsU7Lem89Lc
سلام بر شاهزاده مظفرالدین - سریال جیران,https://www.youtube.com/watch?v=2YQs6L0pUkI
سریال جیران - دومین تیزر قسمت 37 | Jeyran Series - Teaser Episode 37,https://www.youtube.com/watch?v=d0gGUoRy5Qg
من عروس نیستم#shorts,https://www.youtube.com/watch?v=KCipbgdP7OE
سریال نیمه شب - فصل 1 - قسمت 22 | Nime Shab Series - Season 1 - Episode 22,https://www.youtube.com/watch?v=SzLyibHPNv4
سریال نیمه شب فصل اول قسمت بیست و دوم#shorts,https://www.youtube.com/watch?v=Bq41TXxYFMg
سریال جوکر - فصل 5 - قسمت 3 | Joker Series - Season 5 - Episode 3,https://www.youtube.com/watch?v=itl_DKBOAi8
سریال جوکر فصل پنجم قسمت سوم#shorts,https://www.youtube.com/watch?v=Z8ulcW6lx1g
سریال جیران - تیزر سلمان و مهد علیا | Jeyran Series - Teaser,https://www.youtube.com/watch?v=p6MRsbRF4CE
سریال روزی روزگاری مریخ - سکانس برتر قسمت 20 | Roozi Roozegari Merikh Series,https://www.youtube.com/watch?v=X0KhUa6hAfY
سریال نیمه شب - فصل 1 - قسمت 21 | Nime Shab Series - Season 1 - Episode 21,https://www.youtube.com/watch?v=0xbFAd9qe-8
سریال نیمه شب فصل اول قسمت بیست و یکم#shorts,https://www.youtube.com/watch?v=E-UOP6tKjhE
سریال روزی روزگاری مریخ - تیزر قسمت 20 | Roozi Roozegari Merikh Series - Teaser Episode 20,https://www.youtube.com/watch?v=Gi9Aq7XBYek
الان کیو دوس داری؟#shorts,https://www.youtube.com/watch?v=oj5ZwUuWyZw
سریال بی گناه - تیزر قسمت 15 | Bigonah Series - Teaser Episode 15,https://www.youtube.com/watch?v=gsAky3BiqbE
نفر سوم کیه؟ - سریال بی گناه,https://www.youtube.com/watch?v=lyxyqKjAtmM
سریال بی گناه - سکانس برتر قسمت 15 | Bigonah Series,https://www.youtube.com/watch?v=WGmGI6Cl1jQ
سریال جوکر - فصل 5 - قسمت 2 | Joker Series - Season 5 - Episode 2,https://www.youtube.com/watch?v=ZCeLWn1d3Fo
سریال جوکر فصل پنجم قسمت دوم#shorts,https://www.youtube.com/watch?v=kdCJv6dCN6o
سریال بی گناه - آنچه گذشت قسمت 14 | Bigonah Series - Teaser,https://www.youtube.com/watch?v=TAZhagWhE3M
آب بازی کنیزها و خواجه ها - سریال جیران,https://www.youtube.com/watch?v=q7Wuqb8aO9Q
سریال جیران - سکانس برتر قسمت 36 | Jeyran Series,https://www.youtube.com/watch?v=gqkHfLBlAts
سریال جیران - اولین تیزر قسمت 36 | Jeyran Series - Teaser Episode 36,https://www.youtube.com/watch?v=YP08HwjX3zY
سریال جیران - دومین تیزر قسمت 36 | Jeyran Series - Teaser Episode 36,https://www.youtube.com/watch?v=Szk7YuOJbDA
جنجال در حرمسرا#shorts,https://www.youtube.com/watch?v=qNjRUJG7FXc
سریال نیمه شب - فصل 1 - قسمت 20 | Nime Shab Series - Season 1 - Episode 20,https://www.youtube.com/watch?v=Q93eY9ZdAOY
سریال نیمه شب فصل اول قسمت بیستم#shorts,https://www.youtube.com/watch?v=mJhZurmFrss
سریال جیران - تیزر سیاوش و سارا | Jeyran Series - Teaser,https://www.youtube.com/watch?v=MGCdTeoA1J0
سریال جوکر - فصل 5 - قسمت 1 | Joker Series - Season 5 - Episode 1,https://www.youtube.com/watch?v=0utMwcarWGo
سریال جوکر فصل پنجم قسمت اول#shorts,https://www.youtube.com/watch?v=6PCQ_1HCMmg
سریال روزی روزگاری مریخ - سکانس برتر قسمت 19 | Roozi Roozegari Merikh Series,https://www.youtube.com/watch?v=wZgaWed-UIw
سریال نیمه شب - فصل 1 - قسمت 19 | Nime Shab Series - Season 1 - Episode 19,https://www.youtube.com/watch?v=vyZ1JBRjb14
سریال نیمه شب فصل اول قسمت نوزدهم#shorts,https://www.youtube.com/watch?v=K_3i_kkpIzM
سریال روزی روزگاری مریخ - تیزر قسمت 19 | Roozi Roozegari Merikh Series - Teaser Episode 19,https://www.youtube.com/watch?v=z32vKZ5C-w4
سریال بی گناه - سکانس برتر قسمت 14 | Bigonah Series,https://www.youtube.com/watch?v=6KJhknXLQGU
کاش دیگه هیج کاری نکنی - سریال بی گناه,https://www.youtube.com/watch?v=GG3GSQs10-0
کیک اشتباهی#shorts,https://www.youtube.com/watch?v=3kfFi2KLRcA
سریال بی گناه - تیزر قسمت 14 | Bigonah Series - Teaser Episode 14,https://www.youtube.com/watch?v=Gq_PKKVJUw0
سریال جوکر - فصل 4 - قسمت 4 | Joker Series - Season 4 - Episode 4,https://www.youtube.com/watch?v=lI0sJPWbMCM
سریال جوکر فصل چهارم قسمت چهارم#shorts,https://www.youtube.com/watch?v=hx-mBsuLCyY
سریال بی گناه - آنچه گذشت قسمت 13 | Bigonah Series - Teaser,https://www.youtube.com/watch?v=ch99vhN6I6A
حرمسرا همدل میشه#shorts,https://www.youtube.com/watch?v=wtjBouzJxtA
پرچم عشق همبشه در اهتزازه - سریال جیران,https://www.youtube.com/watch?v=Rm8p0DbRYQQ
سریال جیران - سکانس برتر قسمت 35 | Jeyran Series,https://www.youtube.com/watch?v=2gD0h04sa5U
سریال جیران - دومین تیزر قسمت 35 | Jeyran Series - Teaser Episode 35,https://www.youtube.com/watch?v=UIdL2Yk9yaM
سریال جیران - اولین تیزر قسمت 35 | Jeyran Series - Teaser Episode 35,https://www.youtube.com/watch?v=zGz20HryWvc
سریال نیمه شب - فصل 1 - قسمت 18 | Nime Shab Series - Season 1 - Episode 18,https://www.youtube.com/watch?v=-6Fws9xbMho
سریال نیمه شب فصل اول قسمت هجدهم#shorts,https://www.youtube.com/watch?v=ICrdMuYC9mw
سریال جوکر - فصل 4 - قسمت 3 | Joker Series - Season 4 - Episode 3,https://www.youtube.com/watch?v=rnREHanMfcs
سریال جوکر فصل چهارم قسمت سوم#shorts,https://www.youtube.com/watch?v=rK429SEhYDU
سریال روزی روزگاری مریخ - تیزر قسمت 18 | Roozi Roozegari Merikh Series - Teaser Episode 18,https://www.youtube.com/watch?v=SrbcWenSg-k
سریال نیمه شب - فصل 1 - قسمت 17 | Nime Shab Series - Season 1 - Episode 17,https://www.youtube.com/watch?v=e-VXDfZTf9U
سریال نیمه شب فصل اول قسمت هفدهم#shorts,https://www.youtube.com/watch?v=OGjrTDOEU7U
بگی نرو، نمیرم#shorts,https://www.youtube.com/watch?v=xwQo9jYex8Q
سریال بی گناه - تیزر قسمت 13 | Bigonah Series - Teaser Episode 13,https://www.youtube.com/watch?v=35DiZZhydkc
سریال بی گناه - سکانس برتر قسمت 13 | Bigonah Series,https://www.youtube.com/watch?v=0jkDheJydyQ
با اسم تو از خواب می پرید - سریال بی گناه,https://www.youtube.com/watch?v=h37x9jGcs4w
سریال جوکر - فصل 4 - قسمت 2 | Joker Series - Season 4 - Episode 2,https://www.youtube.com/watch?v=VawRgp7DrLk
سریال جوکر فصل چهارم قسمت دوم#shorts,https://www.youtube.com/watch?v=HGJpfVMdkEs
سریال بی گناه - آنچه گذشت قسمت 12 | Bigonah Series - Teaser,https://www.youtube.com/watch?v=EiLmF8MB1U0
سریال جیران - سکانس برتر قسمت 34 | Jeyran Series,https://www.youtube.com/watch?v=H8PGb1Y_FFM
سوگلی حرومزاده#shorts,https://www.youtube.com/watch?v=CleX-iiYRNM
خیانت و خون - سریال جیران,https://www.youtube.com/watch?v=ivCu0XJDqc0
سریال جیران - اولین تیزر قسمت 34 | Jeyran Series - Teaser Episode 34,https://www.youtube.com/watch?v=Hj4wuecGBms
سریال جیران - دومین تیزر قسمت 34 | Jeyran Series - Teaser Episode 34,https://www.youtube.com/watch?v=B5hLsBetH6o
سریال نیمه شب - فصل 1 - قسمت 16 | Nime Shab Series - Season 1 - Episode 16,https://www.youtube.com/watch?v=0yhufaGaitE
سریال نیمه شب فصل اول قسمت شانزدهم#shorts,https://www.youtube.com/watch?v=i2BpXLMKumg
سریال جوکر - فصل 4 - قسمت 1 | Joker Series - Season 4 - Episode 1,https://www.youtube.com/watch?v=1eOPKlO7ytQ
سریال جوکر فصل چهارم قسمت اول#shorts,https://www.youtube.com/watch?v=fiyAYiZ8rw8
سریال روزی روزگاری مریخ - سکانس برتر قسمت 17 | Roozi Roozegari Merikh Series,https://www.youtube.com/watch?v=jBguwjRWiDc
سریال روزی روزگاری مریخ - تیزر قسمت 17 | Roozi Roozegari Merikh Series - Teaser Episode 17,https://www.youtube.com/watch?v=iNJPlpqLAOo
سریال نیمه شب - فصل 1 - قسمت 15 | Nime Shab Series - Season 1 - Episode 15,https://www.youtube.com/watch?v=bekoWJIa6Wk
سریال نیمه شب فصل اول قسمت پانزدهم#shorts,https://www.youtube.com/watch?v=mlv9CzFkgz0
قاتل رسوا شد؟#shorts,https://www.youtube.com/watch?v=Oa-sDdtAkA0
هم لپتاپمو دزدیدی هم عشقمو#shorts,https://www.youtube.com/watch?v=xCpS9gSJY7M
تو بابا نداری؟ - سریال بی گناه,https://www.youtube.com/watch?v=AFgZTOGt2gQ
سریال بی گناه - سکانس برتر قسمت 12 | Bigonah Series,https://www.youtube.com/watch?v=WdC4ArYRM9Y
سریال بی گناه - تیزر قسمت 12 | Bigonah Series - Teaser Episode 12,https://www.youtube.com/watch?v=V3aAjd1whMs
سریال جوکر - فصل 3 - قسمت 4 | Joker Series - Season 3 - Episode 4,https://www.youtube.com/watch?v=ERy9IN1q8jk
سریال جوکر فصل سوم قسمت چهارم#shorts,https://www.youtube.com/watch?v=IZtbqQPC8Eg
خون پسرت بود! - سریال جیران,https://www.youtube.com/watch?v=Ziz1cuEVBDQ
سریال جیران - سکانس برتر قسمت 33 | Jeyran Series,https://www.youtube.com/watch?v=unTNFr001lw
سریال جیران - دومین تیزر قسمت 33 | Jeyran Series - Teaser Episode 33,https://www.youtube.com/watch?v=OLwPzL9NofE
سریال جیران - اولین تیزر قسمت 33 | Jeyran Series - Teaser Episode 33,https://www.youtube.com/watch?v=PzdF_wTRTkk
سریال نیمه شب - فصل 1 - قسمت 14 | Nime Shab Series - Season 1 - Episode 14,https://www.youtube.com/watch?v=WPleDgXBqHw
سریال نیمه شب فصل اول قسمت چهاردهم#shorts,https://www.youtube.com/watch?v=SRoU09ILPcM
سریال جیران - تیزر شاه و جیران | Jeyran Series - Teaser,https://www.youtube.com/watch?v=QFHAeTTzZSU
سریال جوکر - فصل 3 - قسمت 3 | Joker Series - Season 3 - Episode 3,https://www.youtube.com/watch?v=ikhSiSXsTR4
سریال جوکر فصل سوم قسمت سوم#shorts,https://www.youtube.com/watch?v=MnFfKa2k5ws
سریال روزی روزگاری مریخ - سکانس برتر قسمت 16 | Roozi Roozegari Merikh Series,https://www.youtube.com/watch?v=jjasWlR18vk
سریال روزی روزگاری مریخ - تیزر قسمت 16 | Roozi Roozegari Merikh Series - Teaser Episode 16,https://www.youtube.com/watch?v=cEV1dzbTbrQ
سریال نیمه شب - فصل 1 - قسمت 13 | Nime Shab Series - Season 1 - Episode 13,https://www.youtube.com/watch?v=0FhThGmDasc
سریال نیمه شب قصل اول قسمت سیزدهم#shorts,https://www.youtube.com/watch?v=mu55duIVo5I
بهش گفتی اومدی خونه ام؟ - سریال بی گناه,https://www.youtube.com/watch?v=7CvQzKcVUzc
سریال بی گناه - سکانس برتر قسمت 11 | Bigonah Series,https://www.youtube.com/watch?v=tvmaoirrqU4
دیدار فروغ و بهمن#shorts,https://www.youtube.com/watch?v=0RmKSEHRuZM
سریال بی گناه - تیزر قسمت 11 | Bigonah Series - Teaser Episode 11,https://www.youtube.com/watch?v=9Z6mCtMn17o
سریال جوکر - فصل 3 - قسمت 2 | Joker Series - Season 3 - Episode 2,https://www.youtube.com/watch?v=SARfZO_IzJw
سریال جوکر فصل سوم قسمت دوم#shorts,https://www.youtube.com/watch?v=bifzbBgyDEQ
سریال جیران - اولین تیزر قسمت 32 | Jeyran Series - Teaser Episode 32,https://www.youtube.com/watch?v=uxqltNRxDoA
سریال جیران - دومین تیزر قسمت 32 | Jeyran Series - Teaser Episode 32,https://www.youtube.com/watch?v=nZuz6LWobtA
غرق عشق می شدیم#shorts,https://www.youtube.com/watch?v=GJCDjSlIwFE
سریال روزی روزگاری مریخ - دومین تیزر قسمت 15 | Roozi Roozegari Merikh Series - Teaser Episode 15,https://www.youtube.com/watch?v=L96evxE5Aco
هر چی داری از جیرانه - سریال جیران,https://www.youtube.com/watch?v=aQWa7-ZWIq8
سریال جیران - سکانس برتر قسمت 32 | Jeyran Series,https://www.youtube.com/watch?v=LaTuADh2wg8
سریال بی گناه - آنچه گذشت قسمت 10 | Bigonah Series - Teaser,https://www.youtube.com/watch?v=j3g0NDmfJCU
سریال نیمه شب - فصل 1 - قسمت 12 | Nime Shab Series - Season 1 - Episode 12,https://www.youtube.com/watch?v=14lljPkBy-w
سریال نیمه شب فصل اول قسمت دوازدهم#shorts,https://www.youtube.com/watch?v=txUyU6xORYU
سریال جوکر - فصل 3 - قسمت 1 | Joker Series - Season 3 - Episode 1,https://www.youtube.com/watch?v=EYSvuOYSUCw
سریال جوکر فصل سوم قسمت اول#shorts,https://www.youtube.com/watch?v=t9VsMsK8EYQ
سریال روزی روزگاری مریخ - اولین تیزر قسمت 15 | Roozi Roozegari Merikh Series - Teaser Episode 15,https://www.youtube.com/watch?v=mWT_T6hSxFE
سریال روزی روزگاری مریخ - سکانس برتر قسمت 15 | Roozi Roozegari Merikh Series,https://www.youtube.com/watch?v=mciSWmLYm5w
سریال نیمه شب - فصل 1 - قسمت 11 | Nime Shab Series - Season 1 - Episode 11,https://www.youtube.com/watch?v=PyvHv513NtY
سریال نیمه شب فصل اول قسمت یازدهم#shorts,https://www.youtube.com/watch?v=63ITBwIOBFk
خبر بد دارم#shorts,https://www.youtube.com/watch?v=UdFP_ZAfT1I
به روح برادرم نمی دونستم - سریال بی گناه,https://www.youtube.com/watch?v=z8a_35sd-Sk
سریال بی گناه - سکانس برتر قسمت 10 | Bigonah Series,https://www.youtube.com/watch?v=S3Jq4VJS8qc
سریال بی گناه - تیزر قسمت 10 | Bigonah Series - Teaser Episode 10,https://www.youtube.com/watch?v=UZHo1-lUO-w
سریال جوکر - فصل 2 - قسمت 4 | Joker Series - Season 2 - Episode 4,https://www.youtube.com/watch?v=2QER1w5HPhc
سریال جوکر فصل دوم قسمت چهارم#shorts,https://www.youtube.com/watch?v=bgFxylqnnTo
این حرمسرا طاقت خون تازه نداره! - سریال جیران,https://www.youtube.com/watch?v=ABtgbqqg9yk
سریال جیران - سکانس برتر قسمت 31 | Jeyran Series,https://www.youtube.com/watch?v=sRjl2ZXZ5NA
سریال جیران - اولین تیزر قسمت 31 | Jeyran Series - Teaser Episode 31,https://www.youtube.com/watch?v=ypv5Hwcr6BM
سریال جیران - دومین تیزر قسمت 31 | Jeyran Series - Teaser Episode 31,https://www.youtube.com/watch?v=UptGmiAL7s0
سریال نیمه شب - فصل 1 - قسمت 10 | Nime Shab Series - Season 1 - Episode 10,https://www.youtube.com/watch?v=Pz97CEVy5CE
سریال نیمه شب فصل اول قسمت دهم#shorts,https://www.youtube.com/watch?v=kcTXSkA_XIQ
سریال جوکر - فصل 2 - قسمت 3 | Joker Series - Season 2 - Episode 3,https://www.youtube.com/watch?v=xS--FImlNDM
سریال جوکر فصل دوم قسمت سوم#shorts,https://www.youtube.com/watch?v=LZM1jeMJX30
سریال روزی روزگاری مریخ - سکانس برتر قسمت 14 | Roozi Roozegari Merikh Series,https://www.youtube.com/watch?v=KwWaMVAy7Q8
سریال روزی روزگاری مریخ - تیزر قسمت 14 | Roozi Roozegari Merikh Series - Teaser Episode 14,https://www.youtube.com/watch?v=dZA2_GvqJNU
سریال نیمه شب - فصل 1 - قسمت 9 | Nime Shab Series - Season 1 - Episode 9,https://www.youtube.com/watch?v=KbbxZ0DRS10
سریال نیمه شب فصل اول قسمت نهم#shorts,https://www.youtube.com/watch?v=5sI-KbXiEzk
چرا گفتن تو بری دنبالش؟#shorts,https://www.youtube.com/watch?v=8ZDFnkla0gw
سریال جوکر - فصل 2 - قسمت 2 | Joker Series - Season 2 - Episode 2,https://www.youtube.com/watch?v=yqFhR8vn4KY
سریال جوکر فصل دوم قسمت دوم#shorts,https://www.youtube.com/watch?v=Q2IXHSz82CY
سوگلی حرمسرا#shorts,https://www.youtube.com/watch?v=9VytQAeq57I
سریال بی گناه - سکانس برتر قسمت 9 | Bigonah Series,https://www.youtube.com/watch?v=fszhfyprskQ
اصلش نقشه ی گنجه - سریال بی گناه,https://www.youtube.com/watch?v=pD0HIXA5XOE
سریال جیران - سکانس برتر قسمت 30 | Jeyran Series,https://www.youtube.com/watch?v=YoYX7AMaTM0
جیران رو دریاب ناصر - سریال جیران,https://www.youtube.com/watch?v=LEwdnLz6b7w
سریال بی گناه - تیزر قسمت 9 | Bigonah Series - Teaser Episode 9,https://www.youtube.com/watch?v=tunDRud6HCY
سریال جیران - تیزر قسمت 30 | Jeyran Series - Teaser Episode 30,https://www.youtube.com/watch?v=jAIEN4Ndi3w
تو هنوز به هیچی لب نزدی#shorts,https://www.youtube.com/watch?v=93f0QCCFpi8
جشن پسر هوو - سریال جیران,https://www.youtube.com/watch?v=GrklgNgCZI0
امشب ازت پسر میخوام#shorts,https://www.youtube.com/watch?v=e2_I62IuFGo
دوس دارم باهام راحت باشی - سریال بی گناه,https://www.youtube.com/watch?v=xTLH02BmeYI
از دست بوسی به پا بوسی - سریال جیران,https://www.youtube.com/watch?v=XUrMmjszNL4
تو به خاطر فروغ اومدی - سریال بی گناه,https://www.youtube.com/watch?v=uwferGt8W80
سریال بی گناه - تیزر قسمت 8 | Bigonah Series - Teaser Episode 8,https://www.youtube.com/watch?v=OfYnPH0Zn3Y
سریال بی گناه - آنچه گذشت قسمت 7 | Bigonah Series - Teaser,https://www.youtube.com/watch?v=yhzMnI6dhaA
سریال جیران - تیزر قسمت 29 | Jeyran Series - Teaser Episode 29,https://www.youtube.com/watch?v=rdmh1xGopHY
سریال بی گناه - تیزر قسمت 5 | Bigonah Series - Teaser Episode 5,https://www.youtube.com/watch?v=gRnioKY7cGA
اگه قاتلم رسوام کن#shorts,https://www.youtube.com/watch?v=mFIEAekhGi8
عادت با عشق فرق می کنه#shorts,https://www.youtube.com/watch?v=kwtlI0TotUM
خبر ویژه برای ناصرالدین شاه#shorts,https://www.youtube.com/watch?v=XjB0hyMk7JI
سریال بی گناه - سکانس برتر قسمت 7 | Bigonah Series,https://www.youtube.com/watch?v=b-L3VP92-0o
فقط خفه شو جیکت در نیاد - سریال بی گناه,https://www.youtube.com/watch?v=64rBPFs4fQw
خیر از دل شر بیرون میاد - سریال جیران,https://www.youtube.com/watch?v=YNmeCNFQLYM
اسمش ارگه رسمش مرگ - سریال جیران,https://www.youtube.com/watch?v=L9OGn8nOtso
سریال روزی روزگاری مریخ - سکانس برتر قسمت 13 | Roozi Roozegari Merikh Series,https://www.youtube.com/watch?v=D5AlYVZN5_E
سریال بی گناه - تیزر قسمت 7 | Bigonah Series - Teaser Episode 7,https://www.youtube.com/watch?v=iE41DM8YBbo
سریال روزی روزگاری مریخ - سکانس برتر قسمت 12 | Roozi Roozegari Merikh Series,https://www.youtube.com/watch?v=lkRvhk4ktXc
سریال روزی روزگاری مریخ - تیزر قسمت 12 | Roozi Roozegari Merikh Series - Teaser Episode 12,https://www.youtube.com/watch?v=HMs7-icMOSM
درخت عشق - سریال جیران,https://www.youtube.com/watch?v=67f43f70k3w
همیشه عاشقت میمونم - سریال بی گناه,https://www.youtube.com/watch?v=fvI3jVjay40
کوچیک بودی چیکاره میخواستی بشی؟#shorts,https://www.youtube.com/watch?v=N1giJrd8zY8
کشته شد - سریال جیران,https://www.youtube.com/watch?v=RgVGlZsy6CU
سریال بی گناه - سکانس برتر قسمت 6 | Bigonah Series,https://www.youtube.com/watch?v=VK2F2Dia0hM
سریال جیران - تیزر قسمت 27 | Jeyran Series - Teaser Episode 27,https://www.youtube.com/watch?v=tsBgcZB96HQ
سریال بی گناه - تیزر قسمت 6 | Bigonah Series - Teaser Episode 6,https://www.youtube.com/watch?v=0VVM5A5TgFA
سریال جیران - تیزر قسمت 26 | Jeyran Series - Teaser Episode 26,https://www.youtube.com/watch?v=uLWQVFlGF3k
من اشتباه کردم، اون همه آدم دیگه چی؟#shorts,https://www.youtube.com/watch?v=yMIvA6CrlBE
سریال جیران - سکانس برتر قسمت 26 | Jeyran Series,https://www.youtube.com/watch?v=zEQdALkTHVc
کلا نگرانشم - سریال بی گناه,https://www.youtube.com/watch?v=AvUO5opAQgw
چرا پسر زایید؟#shorts,https://www.youtube.com/watch?v=PpaTjGVxkjc
شیر پسری به دنیا اومد - سریال جیران,https://www.youtube.com/watch?v=SDo7d4-0-7I
ما دوتا دوست ساده ایم، دوست معمولی - سریال بی گناه,https://www.youtube.com/watch?v=MkhiiTHT3oc
سریال روزی روزگاری مریخ - سکانس برتر قسمت 11 | Roozi Roozegari Merikh Series,https://www.youtube.com/watch?v=OCGjQqsibYA
سریال روزی روزگاری مریخ - تیزر قسمت 11 | Roozi Roozegari Merikh Series - Teaser Episode 11,https://www.youtube.com/watch?v=N0U_vM-GWhQ
سریال نهنگ آبی - سکانس برتر قسمت 4 | Nahange Abi Series,https://www.youtube.com/watch?v=T3F5yXIjPJM
سریال نهنگ آبی - سکانس برتر قسمت 3 | Nahange Abi Series,https://www.youtube.com/watch?v=2sGlfdZRlOg
سریال نهنگ آبی - سکانس برتر قسمت 2 | Nahange Abi Series,https://www.youtube.com/watch?v=jpz2r0eKo5Y
سریال نهنگ آبی - سکانس برتر قسمت 1 | Nahange Abi Series,https://www.youtube.com/watch?v=KuLxaiYV4D4
سریال نیمه شب - فصل 1 - قسمت 8 | Nime Shab Series - Season 1 - Episode 8,https://www.youtube.com/watch?v=5n6DnyhxPwI
سریال نیمه شب فصل اول قسمت هشتم#shorts,https://www.youtube.com/watch?v=rsi_rCmkZ4o
سریال بی گناه - تیزر قسمت 1 | Bigonah Series - Teaser Episode 1,https://www.youtube.com/watch?v=bGxbKJ4lt_E
سریال نیمه شب - فصل 2 -  تیزر قسمت 10 | Nime Shab Series - Season 2 - Teaser Episode 10,https://www.youtube.com/watch?v=u1xSbsGGIX8
حماقت کردن - سریال یاغی,https://www.youtube.com/watch?v=ERkKOqp2IS8
ببخشید طلا - سریال یاغی,https://www.youtube.com/watch?v=sFze7yojSaE
اولشو نگیم آخرشم نگیم#shorts,https://www.youtube.com/watch?v=oymYGU2KexQ
من تو رو بخاطر خودت دوست داشتم#shorts,https://www.youtube.com/watch?v=VHAoz7mUsnA
سریال جوکر - فصل 2 - قسمت 1 | Joker Series - Season 2 - Episode 1,https://www.youtube.com/watch?v=msYgmHLuQ7M
سریال جوکر فصل دوم قسمت اول#shorts,https://www.youtube.com/watch?v=9e3EEH9yPAE
سریال روزی روزگاری مریخ - تیزر قسمت 10 | Roozi Roozegari Merikh Series - Teaser Episode 10,https://www.youtube.com/watch?v=Q4XWOS5Tjrk
سریال روزی روزگاری مریخ - سکانس برتر قسمت 10 | Roozi Roozegari Merikh Series,https://www.youtube.com/watch?v=sf867Nsim4g
سریال نیمه شب - فصل 1 - قسمت 7 | Nime Shab Series - Season 1 - Episode 7,https://www.youtube.com/watch?v=5XzuO8-4xYg
سریال نیمه شب فصل اول قسمت هفتم#shorts,https://www.youtube.com/watch?v=j5aIapzvs3o
سریال بی گناه قسمت اول#shorts,https://www.youtube.com/watch?v=ajwxX-yP3Vg
سریال بی گناه - قسمت 1 | Bigonah Series - Episode 1,https://www.youtube.com/watch?v=pBXzzy1Gb84
شاه عاشق#shorts,https://www.youtube.com/watch?v=iFKm8ApZJYk
جیران زن قدرتمندیه ولی تا لحظه اعدام#shorts,https://www.youtube.com/watch?v=pLzunM0gZHw
سریال بی گناه - تیزر قسمت 4 | Bigonah Series - Teaser Episode 4,https://www.youtube.com/watch?v=jF-MV6tkro4
سریال بی گناه - سکانس برتر قسمت 4 | Bigonah Series,https://www.youtube.com/watch?v=ZVjZnv8QOaw
نیومدم گله کنم، شکایت دارم - سریال بی گناه,https://www.youtube.com/watch?v=2ix26vr7Yp0
سریال جوکر فصل اول قسمت چهارم#shorts,https://www.youtube.com/watch?v=wRa6vaWyJB8
سریال جوکر - فصل 1 - قسمت 4 | Joker Series - Season 1 - Episode 4,https://www.youtube.com/watch?v=Yy_bXdNF1Hc
باخت ما نتیجه بد شانسی بود! - سریال جیران,https://www.youtube.com/watch?v=seIcR0zCsvw
از خون این جوان بگذرید - سریال جیران,https://www.youtube.com/watch?v=DuTZdsEkE2Q
میتونی قبرشو بکنی؟ - سریال جیران,https://www.youtube.com/watch?v=R5fwR8dXXPc
تیری بود در تاریکی - سریال جیران,https://www.youtube.com/watch?v=T9fpRV921WQ
"سریال جیران - تیزر قسمت 24 و 25 | Jeyran Series - Teaser Episode 24 , 25",https://www.youtube.com/watch?v=PcEFk9kvtQw
سریال جیران - تیزر قسمت 25 | Jeyran Series - Teaser Episode 25,https://www.youtube.com/watch?v=aNZtwWMVbUY
ممیزی - فصل 2 - قسمت 85 | Momayezi - Season 2 - Episode 85,https://www.youtube.com/watch?v=qbnho5bzjrI
برنامه ممیزی فصل دوم قسمت هشتاد و پنجم#shorts,https://www.youtube.com/watch?v=_nxArQ6LGCk
ممیزی - تیزر - یاغی | Momayezi - Teaser,https://www.youtube.com/watch?v=Wm5c3yM96Z0
سریال جیران - تیزر قسمت های 1 تا 24 | Jeyran Series - Teaser Episode 1 - 24,https://www.youtube.com/watch?v=9Lqxck5Vst4
سریال نیمه شب - فصل 1 - قسمت 6 | Nime Shab Series - Season 1 - Episode 6,https://www.youtube.com/watch?v=B6k6VYQGVxI
سریال نیمه شب فصل اول قسمت ششم#shorts,https://www.youtube.com/watch?v=-th3OUOFcbk
سریال جیران - تیزر قسمت 24 | Jeyran Series - Teaser Episode 24,https://www.youtube.com/watch?v=6eLVyZno0w8
یه اشتباه بکنیم، یه خطا بکنیم، نسخه هممون پیچیده اس - سریال یاغی,https://www.youtube.com/watch?v=AhVOEtqa6as
سریال یاغی - سکانس برتر قسمت 19 | Yaghi Series,https://www.youtube.com/watch?v=Cg2rU6-iXos
سریال نیمه شب - فصل 2 -  تیزر قسمت 9 | Nime Shab Series - Season 2 - Teaser Episode 9,https://www.youtube.com/watch?v=DlSIjImd530
سریال جوکر - فصل 1 - قسمت 3 | Joker Series - Season 1 - Episode 3,https://www.youtube.com/watch?v=EIjECMWrLsQ
سریال جوکر فصل اول قسمت سوم#shorts,https://www.youtube.com/watch?v=hgYDT9pdmKQ
سریال روزی روزگاری مریخ - تیزر قسمت 9 | Roozi Roozegari Merikh Series - Teaser Episode 9,https://www.youtube.com/watch?v=n9_ZG0r45gw
سریال روزی روزگاری مریخ - سکانس برتر قسمت 9 | Roozi Roozegari Merikh Series,https://www.youtube.com/watch?v=7KxpCXgaoX0
سریال جوکر فصل اول قسمت دوم#shorts,https://www.youtube.com/watch?v=V107UmJ9nJ4
سریال نیمه شب - فصل 1 - قسمت 5 | Nime Shab Series - Season 1 - Episode 5,https://www.youtube.com/watch?v=319s3Nzwu3w
سریال نیمه شب  فصل اول قسمت پنجم#shorts,https://www.youtube.com/watch?v=_0HQJol6jBk
سریال یاغی - آنچه گذشت قسمت 18 | Yaghi Series - Teaser,https://www.youtube.com/watch?v=xfpUP4faUf0
سریال روزی روزگاری مریخ - تیزر پشت صحنه 2 | Roozi Roozegari Merikh Series - Teaser Backstage 2,https://www.youtube.com/watch?v=ax4n2zjsDAQ
سریال بی گناه - تیزر قسمت 3 | Bigonah Series - Teaser Episode 3,https://www.youtube.com/watch?v=6CMDwcB5rk0
سریال بی گناه - سکانس برتر قسمت 3 | Bigonah Series,https://www.youtube.com/watch?v=m_pXAxJvcA8
دلت هم مثل خودت دروغ میگه - سریال بی گناه,https://www.youtube.com/watch?v=4ffJQZnABLg
سریال جوکر - فصل 1 - قسمت 2 | Joker Series - Season 1 - Episode 2,https://www.youtube.com/watch?v=fpKa3aQSHYQ
ممیزی - فصل 2 - قسمت 84 | Momayezi - Season 2 - Episode 84,https://www.youtube.com/watch?v=gVH8S7OYBKs
برنامه ممیزی فصل دوم قسمت هشتاد و چهارم#shorts,https://www.youtube.com/watch?v=F1vzXB421hc
کار سختی پیش رو داره - سریال یاغی,https://www.youtube.com/watch?v=DqnOc41NLCE
زخم عشقه - سریال یاغی,https://www.youtube.com/watch?v=GEtu-xAUNjQ
سریال روزی روزگاری مریخ - سکانس برتر قسمت 8 | Roozi Roozegari Merikh Series,https://www.youtube.com/watch?v=xxm73G-7sjg
سریال روزی روزگاری مریخ - تیزر قسمت 8 | Roozi Roozegari Merikh Series - Teaser Episode 8,https://www.youtube.com/watch?v=VZzALb2Axp0
سریال یاغی - آنچه گذشت قسمت 17 | Yaghi Series - Teaser,https://www.youtube.com/watch?v=H3zWCIRTycM
سریال بی گناه - سکانس برتر قسمت 2 | Bigonah Series,https://www.youtube.com/watch?v=_3Y8iDpgLR8
شک داری به من؟ - سریال بی گناه,https://www.youtube.com/watch?v=KMBjX_ZH1PY
سریال بی گناه - تیزر قسمت 2 | Bigonah Series - Teaser Episode 2,https://www.youtube.com/watch?v=ZzA32SLTkzw
ممیزی - فصل 2 - قسمت 83 | Momayezi - Season 2 - Episode 83,https://www.youtube.com/watch?v=cZq4w8SSFmQ
برنامه ممیزی فصل دوم قسمت هشتاد و سوم#shorts,https://www.youtube.com/watch?v=kIqm915R5Bg
سریال بی گناه - آنچه گذشت قسمت 1 | Bigonah Series - Teaser,https://www.youtube.com/watch?v=0LZOwJemXZg
ممیزی - فصل 2 - قسمت 82 | Momayezi - Season 2 - Episode 82,https://www.youtube.com/watch?v=6j0Vothhm3k
برنامه ممیزی فصل دوم قسمت هشتاد ودوم#shorts,https://www.youtube.com/watch?v=efQv2qD8LmE
عشق میکنی کجا آوردمتون - سریال یاغی,https://www.youtube.com/watch?v=an7jObE7L9Y
من سرم بره حرفم نمیره - سریال یاغی,https://www.youtube.com/watch?v=FZtP6neo-_o
سریال یاغی - آنچه گذشت قسمت 16 | Yaghi Series - Teaser,https://www.youtube.com/watch?v=Xs3TIB58lw8
سریال روزی روزگاری مریخ - تیزر پشت صحنه 1 | Roozi Roozegari Merikh Series - Teaser Backstage 1,https://www.youtube.com/watch?v=reP8Dl5N_hw
سریال روزی روزگاری مریخ - تیزر خلاصه قسمت های 1 تا 6  | Roozi Roozegari Merikh Series - Teaser 1- 6,https://www.youtube.com/watch?v=KcuPzJbj5fI
سریال روزی روزگاری مریخ - تیزر قسمت 7 | Roozi Roozegari Merikh Series - Teaser Episode 7,https://www.youtube.com/watch?v=vF5MW8NXczw
سریال روزی روزگاری مریخ - سکانس برتر قسمت 7 | Roozi Roozegari Merikh Series,https://www.youtube.com/watch?v=xSLcRSIg3rM
سریال بی گناه - سکانس برتر قسمت 1 | Bigonah Series,https://www.youtube.com/watch?v=RAXIhQkPBLo
امشب چندتا سورپرایز دارم - سریال بی گناه,https://www.youtube.com/watch?v=z4HMO3WoPxY
ممیزی - فصل 2 - قسمت 81 | Momayezi - Season 2 - Episode 81,https://www.youtube.com/watch?v=pPj8ofMzxJY
برنامه ممیزی فصل دوم قسمت هشتاد ویکم#shorts,https://www.youtube.com/watch?v=mLdQIsFa234
سریال یاغی - آنچه گذشت قسمت 15 | Yaghi Series - Teaser,https://www.youtube.com/watch?v=NCjcoJj_qrE
سریال یاغی - تیزر اسی و علی گرگین | Yaghi Series - Teaser Essi & Ali Gorgin,https://www.youtube.com/watch?v=BVe2_Pqb2Kw
ممیزی - فصل 2 - قسمت 80 | Momayezi - Season 2 - Episode 80,https://www.youtube.com/watch?v=0PKnASP3z2c
برنامه ممیزی فصل دوم قسمت هشتادم#shorts,https://www.youtube.com/watch?v=19yjsVa3HKk
این بچه ها گرگن - سریال یاغی,https://www.youtube.com/watch?v=c8bwoYVEWB4
گزینه بعدی دارم برای تیم ملی - سریال یاغی,https://www.youtube.com/watch?v=6oXD46DtnNM
سریال نیمه شب - فصل 2 -  تیزر قسمت 6 | Nime Shab Series - Season 2 - Teaser Episode 6,https://www.youtube.com/watch?v=I87JBOQT9NQ
سریال روزی روزگاری مریخ - سکانس برتر قسمت 6 | Roozi Roozegari Merikh Series,https://www.youtube.com/watch?v=-MrJfj8enyg
سریال روزی روزگاری مریخ - تیزر قسمت 6 | Roozi Roozegari Merikh Series - Teaser Episode 6,https://www.youtube.com/watch?v=Yx4OYm5HVk4
سریال یاغی - تیزر امید و جاوید | Yaghi Series - Teaser Omid & Javid,https://www.youtube.com/watch?v=13xpgDSiNLI
سریال شام ایرانی 2 فصل نهم قسمت چهارم#shorts,https://www.youtube.com/watch?v=SGVjoldBaa8
سریال جادوگر - سکانس برتر قسمت 13 | Jadoogar Series,https://www.youtube.com/watch?v=kd3wiLm9F9I
سریال جادوگر - تیزر قسمت 13 | Jadoogar Series - Teaser Episode 13,https://www.youtube.com/watch?v=T5cISmf21Fc
ممیزی - فصل 2 - قسمت 79 | Momayezi - Season 2 - Episode 79,https://www.youtube.com/watch?v=pB1ASgglGdU
برنامه ممیزی فصل دوم قسمت هفتاد و نهم#shorts,https://www.youtube.com/watch?v=l24ljDhpOIE
ممیزی - فصل 2 - قسمت 78 | Momayezi - Season 2 - Episode 78,https://www.youtube.com/watch?v=2RemK8bLwr8
برنامه ممیزی فصل دوم قسمت هفتاد وهشتم#shorts,https://www.youtube.com/watch?v=AcQ8By2pVF0
ممیزی - تیزر - بیا بنویسیم | Momayezi - Teaser,https://www.youtube.com/watch?v=keHTNfFpsQE
نشنیدم! واسه کی کار میکنی؟ - سریال یاغی,https://www.youtube.com/watch?v=u8VjDsU6VP0
متاسفانه از باشگاه ما کسی قبول نشده - سریال یاغی,https://www.youtube.com/watch?v=w0-tJFjNQnY
سریال یاغی - آنچه گذشت قسمت 14 | Yaghi Series - Teaser,https://www.youtube.com/watch?v=Q3f_tlx6-rg
سریال نیمه شب - فصل 2 -  تیزر قسمت 5 | Nime Shab Series - Season 2 - Teaser Episode 5,https://www.youtube.com/watch?v=j_1kjzZPDAE
سریال شام ایرانی 2 - فصل 9 - قسمت 3 | Serial Shame Irani 2 - Season 9 - Episode 3,https://www.youtube.com/watch?v=Cd7KNBEkJHk
سریال شام ایرانی 2 فصل نهم قسمت سوم#shorts,https://www.youtube.com/watch?v=tbNAfBJgnqw
سریال روزی روزگاری مریخ - سکانس برتر قسمت 5 | Roozi Roozegari Merikh Series,https://www.youtube.com/watch?v=f_CrYhoYI_8
سریال یاغی - تیزر بهمن و رحمان | Yaghi Series - Teaser Bahman & Rahman,https://www.youtube.com/watch?v=T5Lm_PhuBT0
سریال یاغی - آنچه گذشت قسمت 13 | Yaghi Series - Teaser,https://www.youtube.com/watch?v=BbNtSRr2HbQ
سریال روزی روزگاری مریخ - تیزر قسمت 5 | Roozi Roozegari Merikh Series - Teaser Episode 5,https://www.youtube.com/watch?v=kYtZJuGyuXc
سریال شام ایرانی 2 - فصل 9 - قسمت 2 | Serial Shame Irani 2 - Season 9 - Episode 2,https://www.youtube.com/watch?v=LPwciUypEWA
سریال شام ایرانی 2 فصل نهم قسمت دوم#shorts,https://www.youtube.com/watch?v=2rgDfkgZmWM
سریال جادوگر - تیزر قسمت 12 | Jadoogar Series - Teaser Episode 12,https://www.youtube.com/watch?v=2fz5wfUYfQM
سریال جادوگر - سکانس برتر قسمت 12 | Jadoogar Series,https://www.youtube.com/watch?v=zbSSww0k0Bw
ممیزی - فصل 2 - قسمت 77 | Momayezi - Season 2 - Episode 77,https://www.youtube.com/watch?v=yu-3DEYIt8Y
برنامه ممیزی فصل دوم قسمت هفتاد و هفتم#shorts,https://www.youtube.com/watch?v=mB3Cgs5bC9E
مربوط به تصادف پدرمه! - سریال یاغی,https://www.youtube.com/watch?v=OL3TBqt1Tuk
برات سورپرایز دارم! - سریال یاغی,https://www.youtube.com/watch?v=ZCN6lopjsNg
ممیزی - فصل 2 - قسمت 76 | Momayezi - Season 2 - Episode 76,https://www.youtube.com/watch?v=4XXSKYACsxw
برنامه ممیزی فصل دوم قسمت هفتاد وششم#shorts,https://www.youtube.com/watch?v=4jWPWuIW15o
ممیزی - فصل 2 - قسمت 75 | Momayezi - Season 2 - Episode 75,https://www.youtube.com/watch?v=kimB0SsC8Wo
شیش دنگ باش رحمان - سریال یاغی,https://www.youtube.com/watch?v=wJB9ynhEukE
چرا من باید این آدمو بکشم؟ - سریال یاغی,https://www.youtube.com/watch?v=Tuwqh_TPwD8
سریال شام ایرانی 2 - فصل 9 - قسمت 1 | Serial Shame Irani 2 - Season 9 - Episode 1,https://www.youtube.com/watch?v=AbMQaduyoLU
سریال شام ایرانی 2 فصل نهم قسمت اول#shorts,https://www.youtube.com/watch?v=iHJAPmUXqaI
سریال شام ایرانی 2 فصل هشتم قسمت چهارم#shorts,https://www.youtube.com/watch?v=L8l-VBt-yDk
برنامه ممیزی فصل دوم قسمت هفتاد و پنجم#shorts,https://www.youtube.com/watch?v=vUMMNc8zheM
ممیزی - فصل 2 - قسمت 74 | Momayezi - Season 2 - Episode 74,https://www.youtube.com/watch?v=BSqMn02xutk
برنامه ممیزی فصل دوم قسمت هفتاد و چهارم#shorts,https://www.youtube.com/watch?v=ZvQnAAMAUXw
زن اومد - سریال یاغی,https://www.youtube.com/watch?v=Xb-OLCVy2oo
جاوید هراسان از خونه بیرون زد - سریال یاغی,https://www.youtube.com/watch?v=incramOXLiM
سریال یاغی - آنچه گذشت قسمت 11 | Yaghi Series - Teaser,https://www.youtube.com/watch?v=JEaxshmR0p4
سریال شام ایرانی 2 - فصل 8 - قسمت 3 | Serial Shame Irani 2 - Season 8 - Episode 3,https://www.youtube.com/watch?v=d_QBk5yPGLU
سریال شام ایرانی 2 فصل هشتم قسمت سوم#shorts,https://www.youtube.com/watch?v=AXSmh6KIruI
سریال یاغی - تیزر جاوید و عاطی | Yaghi Series - Teaser Javid & Ati,https://www.youtube.com/watch?v=HJvrFDAeBv8
سریال روزی روزگاری مریخ - تیزر قسمت 4 | Roozi Roozegari Merikh Series - Teaser Episode 4,https://www.youtube.com/watch?v=Z1hBwoqGID4
سریال شام ایرانی 2 - فصل 8 - قسمت 2 | Serial Shame Irani 2 - Season 8 - Episode 2,https://www.youtube.com/watch?v=TgxFrWtroMg
سریال شام ایرانی 2 فصل هشتم قسمت دوم#shorts,https://www.youtube.com/watch?v=C8PmPuqIFec
ممیزی - فصل 2 - قسمت 73 | Momayezi - Season 2 - Episode 73,https://www.youtube.com/watch?v=VxQWFDPVD2I
برنامه ممیزی فصل دوم قسمت هفتاد وسوم#shorts,https://www.youtube.com/watch?v=knSsivPj-XM
سریال مستند جوکر - دومین تیزر قسمت 3 | Joker Series - Documentary - Teaser Episode 3,https://www.youtube.com/watch?v=BjuubTD8QTA
سریال نیمه شب - فصل 2 -  تیزر قسمت 4 | Nime Shab Series - Season 2 - Teaser Episode 4,https://www.youtube.com/watch?v=fLXORCXyJCg
سریال جادوگر - سکانس برتر قسمت 11 | Jadoogar Series,https://www.youtube.com/watch?v=J8WGSYkZaFA
ممیزی - تیزر - شوخیه مگه؟ | Momayezi - Teaser,https://www.youtube.com/watch?v=paLf_llPiMc
ممیزی - فصل 2 - قسمت 72 | Momayezi - Season 2 - Episode 72,https://www.youtube.com/watch?v=VU4K8n0v89I
برنامه ممیزی فصل دوم قسمت هفتاد و دوم#shorts,https://www.youtube.com/watch?v=R3e0VdzwUNc
پیدا کردن عاطی، با من - سریال یاغی,https://www.youtube.com/watch?v=Q4MrUj-llac
شیما چه جوری فرار کرده؟ - سریال یاغی,https://www.youtube.com/watch?v=Ij4kSPotzMg
سریال مستند جوکر - اولین تیزر قسمت 3 | Joker Series - Documentary - Teaser Episode 3,https://www.youtube.com/watch?v=S2l0MvnBLqI
سریال شام ایرانی 2 - فصل 8 - قسمت 1 | Serial Shame Irani 2 - Season 8 - Episode 1,https://www.youtube.com/watch?v=8c5k0u902x8
سریال شام ایرانی 2 فصل هشتم قسمت اول#shorts,https://www.youtube.com/watch?v=LlRKfp2lPvM
سریال روزی روزگاری مریخ - سکانس برتر قسمت 4 | Roozi Roozegari Merikh Series,https://www.youtube.com/watch?v=7-w9nB3_K5E
سریال روزی روزگاری مریخ - تیزر قسمتهای 1 و 2 | Roozi Roozegari Merikh Series - Teaser Episodes 1 & 2,https://www.youtube.com/watch?v=o4UEN60qZC8
سریال شام ایرانی 2 - فصل 7 - قسمت 4 | Serial Shame Irani 2 - Season 7 - Episode 4,https://www.youtube.com/watch?v=XpmhqzZbg3M
سریال شام ایرانی 2 فصل هفتم قسمت چهارم#shorts,https://www.youtube.com/watch?v=2Obmxf0DBFM
سریال جادوگر - تیزر قسمت 11 | Jadoogar Series - Teaser Episode 11,https://www.youtube.com/watch?v=cnBrMeeM2zk
ممیزی - فصل 2 - قسمت 71 | Momayezi - Season 2 - Episode 71,https://www.youtube.com/watch?v=-KHogt7SfXI
برنامه ممیزی فصل دوم قسمت هفتاد و یکم#shorts,https://www.youtube.com/watch?v=UHfNxQPkd6s
سریال یاغی - استوری بورد | Yaghi Series - Story Board,https://www.youtube.com/watch?v=GYvGhqkuWNk
فیلم سینمایی آتابای - تیزر 3 | Atabai Movie - Teaser 3,https://www.youtube.com/watch?v=bmkdDATdw4U
ممیزی - فصل 2 - قسمت 70 | Momayezi - Season 2 - Episode 70,https://www.youtube.com/watch?v=zdzS7MN7SX8
برنامه ممیزی فصل دوم قسمت هفتادم#shorts,https://www.youtube.com/watch?v=LZS36v_IbBE
روز اول بهت گفتم رفیق بازی ممنوع - سریال یاغی,https://www.youtube.com/watch?v=-y8Jcv27RfQ
وا بده بذار نفس بکشیم - سریال یاغی,https://www.youtube.com/watch?v=7JtSskQt9uA
سریال ساخت ایران - فصل 3 - تیزر قسمت 21 | Sakhte Iran Series - Season 3 - Teaser Episode 21,https://www.youtube.com/watch?v=qnlXw8MO8B4
سریال ساخت ایران - فصل 3 - سکانس برتر قسمت 21 | Sakhte Iran Series - Season 3,https://www.youtube.com/watch?v=zrQtcxSDJiA
زود قضاوت نکنید - سریال ساخت ایران - فصل 3,https://www.youtube.com/watch?v=ntYgBkh5DL8
سریال شام ایرانی 2 - فصل 7 - قسمت 3 | Serial Shame Irani 2 - Season 7 - Episode 3,https://www.youtube.com/watch?v=clQI6yW8e58
سریال شام ایرانی 2 فصل هفتم قسمت سوم#shorts,https://www.youtube.com/watch?v=sBZ-jfPkETE
سریال مستند جوکر - تیزر قسمت 2 | Joker Series - Documentary - Teaser Episode 2,https://www.youtube.com/watch?v=9BAAGIc9tnY
سریال روزی روزگاری مریخ - تیزر قسمت 3 | Roozi Roozegari Merikh Series - Teaser Episode 3,https://www.youtube.com/watch?v=eirh5ybSBak
سریال مستند جوکر - سکانس برتر قسمت 2 | Joker Series - Episode 2,https://www.youtube.com/watch?v=k6gTSTFhhjs
اما - سریال مستند جوکر,https://www.youtube.com/watch?v=MXhG6F85G8A
سریال شام ایرانی 2 - فصل 7 - قسمت 2 | Serial Shame Irani 2 - Season 7 - Episode 2,https://www.youtube.com/watch?v=fzjVsRFETKY
سریال شام ایرانی 2 فصل هفتم قسمت دوم#shorts,https://www.youtube.com/watch?v=6ipkCRvM-wc
فیلم سینمایی آتابای - تیزر 2 | Atabai Movie - Teaser 2,https://www.youtube.com/watch?v=ew3ezTeXgP8
سریال جادوگر - تیزر قسمت 10 | Jadoogar Series - Teaser Episode 10,https://www.youtube.com/watch?v=7QS5Du8e924
ممیزی - فصل 2 - قسمت 69 | Momayezi - Season 2 - Episode 69,https://www.youtube.com/watch?v=k2fmp_9ATCQ
برنامه ممیزی فصل دوم قسمت شصت و نهم#shorts,https://www.youtube.com/watch?v=RhGkLXT6OP4
سریال روزی روزگاری مریخ - تیزر قسمت 2 | Roozi Roozegari Merikh Series - Teaser Episode 2,https://www.youtube.com/watch?v=os3R2Osnrhk
کنیز شاه شدم، بخاطر تو! - سریال جیران,https://www.youtube.com/watch?v=3_DwaxEjxBA
سریال جیران - سکانس برتر قسمت 23 | Jeyran Series,https://www.youtube.com/watch?v=7MbYZxbBasU
سریال جیران - تیزر قسمت 23 | Jeyran Series - Teaser Episode 23,https://www.youtube.com/watch?v=HTQWgP_Ow-U
ممیزی - فصل 2 - قسمت 68 | Momayezi - Season 2 - Episode 68,https://www.youtube.com/watch?v=J_Nbh4Pnj5g
برنامه ممیزی فصل دوم قسمت شصت و هشتم#shorts,https://www.youtube.com/watch?v=9WM8YCvgNKA
اونا آدمای من بودن - سریال یاغی,https://www.youtube.com/watch?v=uydaSta1BQY
پیرهن تنت هم مال منه - سریال یاغی,https://www.youtube.com/watch?v=kSjNVqXaVGM
فیلم سینمایی آتابای - تیزر 1 | Atabai Movie - Teaser 1,https://www.youtube.com/watch?v=CPLYS20CDcc
سریال شبهای مافیا 4 - فصل 5 - تیزر قسمت 3 | Shabhaye Mafia 4 Series - Season 5 - Teaser Episode 3,https://www.youtube.com/watch?v=BQw9noaJRD8
سریال ساخت ایران - فصل 3 - تیزر قسمت 20 | Sakhte Iran Series - Season 3 - Teaser Episode 20,https://www.youtube.com/watch?v=5U_X9zyEzcc
سریال ساخت ایران - فصل 3 - سکانس برتر قسمت 20 | Sakhte Iran Series - Season 3,https://www.youtube.com/watch?v=pjDf2wsTbUw
غلام مامور - سریال ساخت ایران - فصل 3,https://www.youtube.com/watch?v=RBdOSN-goWI
سریال شام ایرانی 2 - فصل 7 - قسمت 1 | Serial Shame Irani 2 - Season 7 - Episode 1,https://www.youtube.com/watch?v=OB8kGJ6dJPE
سریال شام ایرانی 2 فصل هفتم قسمت اول#shorts,https://www.youtube.com/watch?v=MJeuWyorMsM
سریال شبهای مافیا 4 - فصل 5 - سکانس برتر قسمت 3 | Shabhaye Mafia 4 Series - Season 5,https://www.youtube.com/watch?v=4SrY5Ba47-w
نکن بچه جان - شبهای مافیا 4,https://www.youtube.com/watch?v=JeMNs_8E9Kc
سریال روزی روزگاری مریخ - تیزر | Roozi Roozegari Merikh Series - Teaser,https://www.youtube.com/watch?v=-ooqdsNGUAs
سریال مستند جوکر - تیزر قسمت 1 | Joker Series - Documentary - Teaser Episode 1,https://www.youtube.com/watch?v=rf0DEcgvvMU
کسی از مهمون برنامه، خبر نداشت - سریال مستند جوکر,https://www.youtube.com/watch?v=dU_0LwwRgTc
دیس بک به نیکخواه - سریال مستند جوکر,https://www.youtube.com/watch?v=xDeUmU-tjyk
سریال شام ایرانی 2 - فصل 6 - قسمت 4 | Serial Shame Irani 2 - Season 6 - Episode 4,https://www.youtube.com/watch?v=zLcrhz2h3Pk
سریال شام ایرانی 2 فصل ششم قسمت چهارم#shorts,https://www.youtube.com/watch?v=TsxlWBSOyM8
سریال جادوگر - تیزر قسمت 9 | Jadoogar Series - Teaser Episode 9,https://www.youtube.com/watch?v=E9Xlf1mmsRo
ممیزی - فصل 2 - قسمت 67 | Momayezi - Season 2 - Episode 67,https://www.youtube.com/watch?v=xDZcMDBpu4I
برنامه ممیزی فصل دوم قسمت شصت و هفتم#shorts,https://www.youtube.com/watch?v=XdNzSTWcRyI
سریال جوکر - فصل 7 - دومین تیزر قسمت 5 | Joker Series - Season 7 - Teaser Episode 5,https://www.youtube.com/watch?v=e_wwiYHxTIs
سریال جیران - تیزر قسمت 22 | Jeyran Series - Teaser Episode 22,https://www.youtube.com/watch?v=OzEjE6PAXeg
سریال جیران - سکانس برتر قسمت 22 | Jeyran Series,https://www.youtube.com/watch?v=nywKc0I_rEo
چی از جونم می خواهید؟ - سریال جیران,https://www.youtube.com/watch?v=3hUHj60xvi0
ممیزی - فصل 2 - قسمت 66 | Momayezi - Season 2 - Episode 66,https://www.youtube.com/watch?v=lp5pkcz55iE
برنامه ممیزی فصل دوم قسمت شصت وششم#shorts,https://www.youtube.com/watch?v=eclB0Yl61AU
سریال یاغی - تیزر قسمتهای 1 - 7 | Yaghi Series - Teaser Episodes 1 - 7,https://www.youtube.com/watch?v=Q5YIfCeZZQY
به من میگی ترسو؟ - سریال یاغی,https://www.youtube.com/watch?v=U0CQ5zZAq2s
استرس نداشته باش عزیزم - سریال یاغی,https://www.youtube.com/watch?v=1N_9QxR4Rns
سریال ساخت ایران - فصل 3 - تیزر قسمت 19 | Sakhte Iran Series - Season 3 - Teaser Episode 19,https://www.youtube.com/watch?v=hO3-g_OPw-A
سریال ساخت ایران - فصل 3 - سکانس برتر قسمت 19 | Sakhte Iran Series - Season 3,https://www.youtube.com/watch?v=0uR5KfNGk50
ابی جدید چی خوندی؟ - سریال ساخت ایران - فصل 3,https://www.youtube.com/watch?v=vfe8xxwkYcw
سریال شام ایرانی 2 - فصل 6 - قسمت 3 | Serial Shame Irani 2 - Season 6 - Episode 3,https://www.youtube.com/watch?v=dzDGrB89Icw
سریال شام ایرانی 2 فصل ششم قسمت سوم#shorts,https://www.youtube.com/watch?v=-RoYGXJ4BEM
مرسی از تارگتت ولی برای من مهم نیست - شبهای مافیا 4,https://www.youtube.com/watch?v=2ywP8Iivxmo
سریال شبهای مافیا 4 - فصل 5 - سکانس برتر قسمت 2 | Shabhaye Mafia 4 Series - Season 5,https://www.youtube.com/watch?v=R-YoIh--6Rc
سریال شبهای مافیا 4 - فصل 5 - تیزر قسمت 2 | Shabhaye Mafia 4 Series - Season 5 - Teaser Episode 2,https://www.youtube.com/watch?v=y0G2tPnnGMU
صیادی فردا با اولیات بیا - سریال جوکر - فصل 7,https://www.youtube.com/watch?v=UaDGu2Vmepw
سریال جوکر - فصل 7 - سکانس برتر قسمت 5 | Joker Series,https://www.youtube.com/watch?v=fdtnYEdNYSM
سریال جوکر - فصل 7 - اولین تیزر قسمت 5 | Joker Series - Season 7 - Teaser Episode 5,https://www.youtube.com/watch?v=PJOUuQjoLyw
سریال جوکر - فصل 7 - تیزر کل کل | Joker Series - Season 7 - Teaser Kal Kal,https://www.youtube.com/watch?v=WXRkn9d6wyA
سریال شام ایرانی 2 - فصل 6 - قسمت 2 | Serial Shame Irani 2 - Season 6 - Episode 2,https://www.youtube.com/watch?v=XzjcepXQtl8
سریال شام ایرانی 2 فصل ششم قسمت دوم#shorts,https://www.youtube.com/watch?v=QzK9eiG6vbA
سریال جادوگر - تیزر قسمت 8 | Jadoogar Series - Teaser Episode 8,https://www.youtube.com/watch?v=6fTm4dn3eXU
ممیزی - فصل 2 - قسمت 65 | Momayezi - Season 2 - Episode 65,https://www.youtube.com/watch?v=J5X1MOqk9YY
برنامه ممیزی فصل دوم قسمت شصت و پنجم#shorts,https://www.youtube.com/watch?v=psFVjXK5wok
فیلم مرد بازنده - تیزر 2 | Marde Bazandeh Movie - Teaser 2,https://www.youtube.com/watch?v=hgyRtwPpVNo
فیلم مرد بازنده - تیزر 1 | Marde Bazandeh Movie - Teaser 1,https://www.youtube.com/watch?v=UnqIRmc8CY8
سریال جوکر - فصل 7 - دومین تیزر قسمت 4 | Joker Series - Season 7 - Teaser Episode 4,https://www.youtube.com/watch?v=bjVzIINOZE0
سریال جیران - سکانس برتر قسمت 21 | Jeyran Series,https://www.youtube.com/watch?v=WPVuM2syX6Q
نکنه دلت پیش دخترهست؟ - سریال جیران,https://www.youtube.com/watch?v=Rxl2FsCj1ig
ممیزی - فصل 2 - قسمت 64 | Momayezi - Season 2 - Episode 64,https://www.youtube.com/watch?v=cYkuCh6fg3Y
فکر کردی خبر ندارم دزدی کردی - سریال یاغی,https://www.youtube.com/watch?v=MeT6JdILd3A
با یه گلوله نفلت می کنم! - سریال یاغی,https://www.youtube.com/watch?v=sxgWlfJQbwA
سریال جیران - تیزر قسمت 21 | Jeyran Series - Teaser Episode 21,https://www.youtube.com/watch?v=2eRAKu0v9Mg
گوششم گاز گرفت - سریال ساخت ایران - فصل 3,https://www.youtube.com/watch?v=WGq1_QBY9A8
سریال ساخت ایران - فصل 3 - تیزر قسمت 18 | Sakhte Iran Series - Season 3 - Teaser Episode 18,https://www.youtube.com/watch?v=eWawAM3vCio
سریال ساخت ایران - فصل 3 - سکانس برتر قسمت 18 | Sakhte Iran Series - Season 3,https://www.youtube.com/watch?v=UMRdT9o0APM
سریال شام ایرانی 2 - فصل 6 - قسمت 1 | Serial Shame Irani 2 - Season 6 - Episode 1,https://www.youtube.com/watch?v=M5_a9vScrDc
سریال شام ایرانی 2 فصل ششم قسمت اول#shorts,https://www.youtube.com/watch?v=4lqIde8-T6U
سریال شبهای مافیا 4 - فصل 5 - سکانس برتر قسمت 1 | Shabhaye Mafia 4 Series - Season 5,https://www.youtube.com/watch?v=zYU8z4EqXKc
خطرناک نبودم که دارم نفس می کشم - شبهای مافیا 4,https://www.youtube.com/watch?v=femuM6jbmC0
برنامه ممیزی فصل دوم قسمت شصت و چهارم#shorts,https://www.youtube.com/watch?v=b7o7TZo5R34
تو خوانندم میتونسی بشی - سریال جوکر - فصل 7,https://www.youtube.com/watch?v=jID4CLhNCBI
سریال جوکر - فصل 7 - سکانس برتر قسمت 4 | Joker Series,https://www.youtube.com/watch?v=IxV4dgDuAG4
سریال جوکر - فصل 7 - اولین تیزر قسمت 4 | Joker Series - Season 7 - Teaser Episode 4,https://www.youtube.com/watch?v=ycDwbmYQeik
سریال شام ایرانی 2 - فصل 5 - قسمت 4 | Serial Shame Irani 2 - Season 5 - Episode 4,https://www.youtube.com/watch?v=HPFlc8ZEQ-g
سریال شام ایرانی 2 فصل پنجم قسمت چهارم#shorts,https://www.youtube.com/watch?v=9BW_tA6DN-c
سریال جوکر - فصل 7 - دومین تیزر قسمت 3 | Joker Series - Season 7 - Teaser Episode 3,https://www.youtube.com/watch?v=ilxEnm1r0XA
سریال جادوگر - تیزر قسمت 7 | Jadoogar Series - Teaser Episode 7,https://www.youtube.com/watch?v=Fs2uUsCPDaM
ممیزی - فصل 2 - قسمت 63 | Momayezi - Season 2 - Episode 63,https://www.youtube.com/watch?v=DcUc9GNFFUs
برنامه ممیزی فصل دوم قسمت شصت و سوم#shorts,https://www.youtube.com/watch?v=3eQdvHEr14g
سریال جیران - سکانس برتر قسمت 20 | Jeyran Series,https://www.youtube.com/watch?v=uinnwaqKS2M
طلسم ماه - سریال جیران,https://www.youtube.com/watch?v=ocJzOcRmeAU
سریال جیران - تیزر قسمت 20 | Jeyran Series - Teaser Episode 20,https://www.youtube.com/watch?v=ZSNMhZ8uv0M
ممیزی - فصل 2 - قسمت 62 | Momayezi - Season 2 - Episode 62,https://www.youtube.com/watch?v=Az_A0JanWPo
برنامه ممیزی فصل دوم قسمت شصت و دوم#shorts,https://www.youtube.com/watch?v=UAdoxlhEigs
خیلی درد داره سایه پدر بالا سرت نباشه - سریال یاغی,https://www.youtube.com/watch?v=u-NhjYhyCE8
ولت کنم که آب میبرتت - سریال یاغی,https://www.youtube.com/watch?v=f60Y2hQwbs4
سریال ساخت ایران - فصل 3 - تیزر قسمت 17 | Sakhte Iran Series - Season 3 - Teaser Episode 17,https://www.youtube.com/watch?v=rkJMfrs8TOk
هاشم مک کوئین - سریال ساخت ایران - فصل 3,https://www.youtube.com/watch?v=DlXLju3IQdY
سریال ساخت ایران - فصل 3 - سکانس برتر قسمت 17 | Sakhte Iran Series - Season 3,https://www.youtube.com/watch?v=b_dmApu8M-Y
سریال شام ایرانی 2 - فصل 5 - قسمت 3 | Serial Shame Irani 2 - Season 5 - Episode 3,https://www.youtube.com/watch?v=0w_y92oDroY
سریال شام ایرانی 2 فصل پنجم قسمت سوم#shorts,https://www.youtube.com/watch?v=firLyW_8Jxk
فیلم شادروان - تیزر | Shadravan Movie - Teaser,https://www.youtube.com/watch?v=a88oyfJ_COo
ممیزی - فصل 2 - قسمت 60 | Momayezi - Season 2 - Episode 60,https://www.youtube.com/watch?v=BE9am9WIzic
برنامه ممیزی فصل دوم قسمت شصتم#shorts,https://www.youtube.com/watch?v=Auwv1qDa-48
استاد غیبش کنم؟ - سریال جوکر - فصل 7,https://www.youtube.com/watch?v=bN8GgACe4c4
سریال جوکر - فصل 7 - سکانس برتر قسمت 3 | Joker Series,https://www.youtube.com/watch?v=Gl1l1-qOid4
سریال جوکر - فصل 7 - اولین تیزر قسمت 3 | Joker Series - Season 7 - Teaser Episode 3,https://www.youtube.com/watch?v=e65WkPKDros
سریال شام ایرانی 2 فصل پنجم قسمت دوم#shorts,https://www.youtube.com/watch?v=4JRo_60bJSo
سریال شام ایرانی 2 - فصل 5 - قسمت 2 | Serial Shame Irani 2 - Season 5 - Episode 2,https://www.youtube.com/watch?v=-ZHwIkaY79o
سریال جادوگر - تیزر قسمت 6 | Jadoogar Series - Teaser Episode 6,https://www.youtube.com/watch?v=F5v1TmyPyT0
ممیزی - فصل 2 - قسمت 59 | Momayezi - Season 2 - Episode 59,https://www.youtube.com/watch?v=eqLA94t8aFY
برنامه ممیزی فصل دوم قسمت پنجاه و نهم#shorts,https://www.youtube.com/watch?v=DCTk86PbDzg
سریال جوکر - فصل 7 - دومین تیزر قسمت 2 | Joker Series - Season 7 - Teaser Episode 2,https://www.youtube.com/watch?v=Lqw7jiIRcIU
جیران رو از میدون به در می کنم - سریال جیران,https://www.youtube.com/watch?v=z0yH8X4zV7s
سریال جیران - سکانس برتر قسمت 19 | Jeyran Series,https://www.youtube.com/watch?v=FPK5WpZbEe8
سریال جیران - تیزر قسمت 19 | Jeyran Series - Teaser Episode 19,https://www.youtube.com/watch?v=wF26x-9ZCAk
ممیزی - فصل 2 - قسمت 58 | Momayezi - Season 2 - Episode 58,https://www.youtube.com/watch?v=-XyvEyffy8w
برنامه ممیزی فصل دوم قسمت پنجاه و هشتم#shorts,https://www.youtube.com/watch?v=f0sBMoJGyM8
بچسب به تشک جاوید - سریال یاغی,https://www.youtube.com/watch?v=rG66fhL_-CU
چرا نمی خوای قبول کنی همه چی تموم شده؟ - سریال یاغی,https://www.youtube.com/watch?v=yaf3KWkBYQA
ممیزی - تیزر - دیشب پریشب | Momayezi - Teaser,https://www.youtube.com/watch?v=VpJFBpM418g
سریال نیمه شب - فصل 1 - تیزر قسمت 28 | Nime Shab Series - Season 1- Teaser Episode 28,https://www.youtube.com/watch?v=UD8PDiA8cqY
سریال شبهای مافیا 3 - فصل 5 - قسمت 3 | Shabhaye Mafia 3 Series - Season 5 - Episode 3,https://www.youtube.com/watch?v=bVrshbqr56w
سریال شب های مافیا 3 فصل پنجم قسمت سوم#shorts,https://www.youtube.com/watch?v=xPKISSTG7ks
آقام، قپونی کت بسته تو گونی - سریال ساخت ایران - فصل 3,https://www.youtube.com/watch?v=oLSMX0iJmmY
سریال ساخت ایران - فصل 3 - سکانس برتر قسمت 16 | Sakhte Iran Series - Season 3,https://www.youtube.com/watch?v=JgvPmpi9QKU
سریال ساخت ایران - فصل 3 - تیزر قسمت 16 | Sakhte Iran Series - Season 3 - Teaser Episode 16,https://www.youtube.com/watch?v=5LnVit5gG2E
سریال شام ایرانی 2 - فصل 5 - قسمت 1 | Serial Shame Irani 2 - Season 5 - Episode 1,https://www.youtube.com/watch?v=bndLTBkiqEE
سریال شام ایرانی 2 فصل پنجم قسمت اول#shorts,https://www.youtube.com/watch?v=O8nwHZjbwsY
سریال شبهای مافیا 4 - فصل 4 - تیزر قسمت 3 | Shabhaye Mafia 4 Series - Season 4 - Teaser Episode 3,https://www.youtube.com/watch?v=Nhd-NM3s7Ts
چرا یدونه تارگت بهت نمیخوره؟ - شبهای مافیا 4,https://www.youtube.com/watch?v=vWRq5XKqvs0
سریال شبهای مافیا 4 - فصل 4 - سکانس برتر قسمت 3 | Shabhaye Mafia 4 Series - Season 4,https://www.youtube.com/watch?v=mEuhywfdOk4
ممیزی - فصل 2 - قسمت 57 | Momayezi - Season 2 - Episode 57,https://www.youtube.com/watch?v=2DaiKhQHefU
برنامه ممیزی فصل دوم قسمت پنجاه و هفتم#shorts,https://www.youtube.com/watch?v=4Ofhf5H5SNA
ساندویچی ژوله زاپاتا - سریال جوکر - فصل 7,https://www.youtube.com/watch?v=Kuk64pcZS7s
دوستت دارم سبد سبد - سریال جوکر - فصل 7,https://www.youtube.com/watch?v=o6ix9iaW8QE
سریال جوکر - فصل 7 - اولین تیزر قسمت 2 | Joker Series - Season 7 - Teaser Episode 2,https://www.youtube.com/watch?v=y09uycQUszg
سریال شام ایرانی 2 فصل چهارم قسمت چهارم#shorts,https://www.youtube.com/watch?v=Ze3kZJOWiQ8
سریال جادوگر - تیزر قسمت 5 | Jadoogar Series - Teaser Episode 5,https://www.youtube.com/watch?v=fs4oE1ydpRs
ممیزی - فصل 2 - قسمت 56 | Momayezi - Season 2 - Episode 56,https://www.youtube.com/watch?v=uZIsz0k2zAY
برنامه ممیزی فصل دوم قسمت پنجاه وششم#shorts,https://www.youtube.com/watch?v=l-2EibUDBHc
سریال جیران - تیزر قسمت 18 | Jeyran Series - Teaser Episode 18,https://www.youtube.com/watch?v=QPLP_52f6vI
سریال جوکر - فصل 7 - تیزر قسمت 2 | Joker Series - Season 7 - Teaser Episode 2,https://www.youtube.com/watch?v=bp0flP4USHA
به من دروغ نگو بی صفت - سریال جیران,https://www.youtube.com/watch?v=P0vD-oZCZeM
سریال جیران - سکانس برتر قسمت 18 | Jeyran Series,https://www.youtube.com/watch?v=_aTeqffPkRM
ممیزی - فصل 2 - قسمت 55 | Momayezi - Season 2 - Episode 55,https://www.youtube.com/watch?v=YH3qgb0hnEE
برنامه ممیزی فصل دوم قسمت پنجاه و پنجم#shorts,https://www.youtube.com/watch?v=RT6z1gf-Ovs
ممیزی - تیزر - حرف نگفته | Momayezi - Teaser,https://www.youtube.com/watch?v=BD8mXe69sXk
بگو داداشم کجاست - سریال یاغی,https://www.youtube.com/watch?v=IBS31X61qe0
شروع کنید - سریال یاغی,https://www.youtube.com/watch?v=-j2nG1ulsuw
سریال شبهای مافیا 3 - فصل 5 - قسمت 2 | Shabhaye Mafia 3 Series - Season 5 - Episode 2,https://www.youtube.com/watch?v=XYQuCjyLhjk
سریال شب های مافیا 3 فصل پنجم قسمت دوم#shorts,https://www.youtube.com/watch?v=fjuxiksP5jU
تو جیب مارو نزن جبران پیشکش - سریال ساخت ایران - فصل 3,https://www.youtube.com/watch?v=7t2vdPnFRuM
سریال ساخت ایران - فصل 3 - سکانس برتر قسمت 15 | Sakhte Iran Series - Season 3,https://www.youtube.com/watch?v=7kMtIQZ4_Kw
سریال ساخت ایران - فصل 3 - تیزر قسمت 15 | Sakhte Iran Series - Season 3 - Teaser Episode 15,https://www.youtube.com/watch?v=EnRKGN_21jw
سریال جیران - آنچه گذشت قسمت 17 | Jeyran Series - Teaser,https://www.youtube.com/watch?v=nZ-wlPDbVF0
سریال شام ایرانی 2 - فصل 4 - قسمت 3 | Serial Shame Irani 2 - Season 4 - Episode 3,https://www.youtube.com/watch?v=XA7s33cljBE
سریال شام ایرانی 2 فصل چهارم قسمت سوم#shorts,https://www.youtube.com/watch?v=wAX6fPlbKmo
سریال شبهای مافیا 4 - فصل 4 - سکانس برتر قسمت 2 | Shabhaye Mafia 4 Series - Season 4,https://www.youtube.com/watch?v=ECTRx1mGoPU
من میدونم امشب کشته میشم اما - شبهای مافیا 4,https://www.youtube.com/watch?v=ppBP3yOD7P4
ممیزی - فصل 2 - قسمت 54 | Momayezi - Season 2 - Episode 54,https://www.youtube.com/watch?v=oEaQj8tf1NY
برنامه ممیزی فصل دوم قسمت پنجاه و چهارم#shorts,https://www.youtube.com/watch?v=qVHEFp4W19w
این شش ساله ست؟ - سریال جوکر - فصل 7,https://www.youtube.com/watch?v=4tLMVPphgjs
سریال شبهای مافیا 4 - فصل 4 - تیزر قسمت 2 | Shabhaye Mafia 4 Series - Season 4 - Teaser Episode 2,https://www.youtube.com/watch?v=X6t1HzPG3Dc
سریال جادوگر - تیزر قسمت 4 | Jadoogar Series - Teaser Episode 4,https://www.youtube.com/watch?v=YK5O-guCBHE
سریال جوکر - فصل 7 - تیزر قسمت 1 | Joker Series - Season 7 - Teaser Episode 1,https://www.youtube.com/watch?v=gxFd0SG539Q
جوکر خودشو رو کنه - سریال جوکر - فصل 7,https://www.youtube.com/watch?v=2NjIdZ1rjMk
سریال شام ایرانی 2 - فصل 4 - قسمت 2 | Serial Shame Irani 2 - Season 4 - Episode 2,https://www.youtube.com/watch?v=dZ68Oi-WuhU
سریال شام ایرانی 2 فصل جهارم قسمت دوم#shorts,https://www.youtube.com/watch?v=6ZFWlV8H05A
منو تهدید نکن#shorts,https://www.youtube.com/watch?v=HAm2GW96fz4
ممیزی - فصل 2 - قسمت 53 | Momayezi - Season 2 - Episode 53,https://www.youtube.com/watch?v=X7nPy1UMnzM
برنامه ممیزی فصل دوم قسمت پنجاه و سوم#shorts,https://www.youtube.com/watch?v=DieYw6vKh2w
سریال جوکر - فصل 7 - تیزر ورود | Joker Series - Teaser,https://www.youtube.com/watch?v=6fgn8lZNh9Q
سريال ملکه گدایان - فصل دوم - قسمت 11 (قسمت آخر) | Malake Gedayan Series - Season 2 - Episode 11,https://www.youtube.com/watch?v=vD47AQwFGk4
سریال ملکه گدایان فصل دوم قسمت یازدهم#shorts,https://www.youtube.com/watch?v=ibe6rwYGW18
سریال جوکر - معرفی مهمانان بخش دوم فینال - حامد آهنگی | Joker Series,https://www.youtube.com/watch?v=OfjoFBhFZyk
سریال جوکر - معرفی مهمانان بخش دوم فینال - غلامرضا نیکخواه,https://www.youtube.com/watch?v=qyI_5MDqJ9A
چه مرگ با برکتی - سریال جیران,https://www.youtube.com/watch?v=8FTEjQh9_g0
سریال جیران - سکانس برتر قسمت 17 | Jeyran Series,https://www.youtube.com/watch?v=bGsCYEqdEMQ
سریال جیران - تیزر قسمت 17 | Jeyran Series - Teaser Episode 17,https://www.youtube.com/watch?v=tg2sbuK6nj8
ممیزی - فصل 2 - قسمت 52 | Momayezi - Season 2 - Episode 52,https://www.youtube.com/watch?v=FTTLIJGUjG8
برنامه ممیزی فصل دوم قسمت پنجاه و دوم#shorts,https://www.youtube.com/watch?v=bjlqm4qFWlA
سریال یاغی قسمت اول#shorts,https://www.youtube.com/watch?v=As_FHwCZMeM
امسال من، به پارسال تو در - سریال یاغی,https://www.youtube.com/watch?v=b4WCIcgp_7E
غلط کردم - سریال یاغی,https://www.youtube.com/watch?v=7lvPODP-Kok
سریال یاغی - قسمت 1 | Yaghi Series - Episode 1,https://www.youtube.com/watch?v=9hL9O3yteNk
سریال شب های مافیا 3 فصل پنجم قسمت اول#shorts,https://www.youtube.com/watch?v=GiYfquI8IyY
سریال جوکر - معرفی مهمانان بخش دوم فینال - امین حیایی,https://www.youtube.com/watch?v=YeO46U0fOCw
گربه ی شمام آبجی - سریال ساخت ایران - فصل 3,https://www.youtube.com/watch?v=7_LSFRoza9M
سریال ساخت ایران - فصل 3 - سکانس برتر قسمت 14 | Sakhte Iran Series - Season 3,https://www.youtube.com/watch?v=pPvKuFgI13s
سریال جیران - آنچه گذشت قسمت 16 | Jeyran Series - Teaser,https://www.youtube.com/watch?v=0sz8tK0jJS4
سریال جوکر - معرفی مهمانان بخش دوم فینال - یوسف صیادی,https://www.youtube.com/watch?v=FWczyu4cV-o
سریال ساخت ایران - فصل 3 - تیزر قسمت 14 | Sakhte Iran Series - Season 3 - Teaser Episode 14,https://www.youtube.com/watch?v=-FcUZrDr-Lo
سریال شام ایرانی 2 - فصل 4 - قسمت 1 | Serial Shame Irani 2 - Season 4 - Episode 1,https://www.youtube.com/watch?v=VTpN6SDO4-0
سریال شام ایرانی 2 فصل چهارم قسمت اول#shorts,https://www.youtube.com/watch?v=MDRpJh96unQ
کسی جرئت داره بهش تارگت بزنه - شبهای مافیا 4,https://www.youtube.com/watch?v=qOfOxiDTCas
مافیا بترسه از من - شبهای مافیا 4,https://www.youtube.com/watch?v=eUzmohnwGos
سریال جوکر - معرفی مهمانان بخش دوم فینال - علیرضا استادی,https://www.youtube.com/watch?v=p85gBkkMyOU
سریال شبهای مافیا 4 - فصل 4 - تیزر قسمت 1 | Shabhaye Mafia 4 Series - Season 4 - Teaser Episode 1,https://www.youtube.com/watch?v=pAlI7w6RGqY
ممیزی - فصل 2 - قسمت 51 | Momayezi - Season 2 - Episode 51,https://www.youtube.com/watch?v=1iIymA70CQ0
برنامه ممیزی فصل دوم قسمت پنجاه و یکم#shorts,https://www.youtube.com/watch?v=PUf44xhv61U
سریال جوکر - معرفی مهمانان بخش دوم فینال - سام درخشانی,https://www.youtube.com/watch?v=MPx8QnEXJdg
سریال شام ایرانی 2 - فصل 3 - قسمت 5 | Serial Shame Irani 2 - Season 3 - Episode 5,https://www.youtube.com/watch?v=T3SGvpXc7k8
سریال شام ایرانی 2 فصل سوم قسمت پنجم#shorts,https://www.youtube.com/watch?v=6Im3qEsDuS8
سریال جادوگر - تیزر قسمت 3 | Jadoogar Series - Teaser Episode 3,https://www.youtube.com/watch?v=YJuMLJjXO6s
سریال یاغی - تیزر قسمت 2 | Yaghi Series - Teaser Episode 2,https://www.youtube.com/watch?v=tOr7nDnmYD8
ممیزی - فصل 2 - قسمت 50 | Momayezi - Season 2 - Episode 50,https://www.youtube.com/watch?v=J0VW8o8-h4M
برنامه ممیزی فصل دوم قسمت پنجاهم#shorts,https://www.youtube.com/watch?v=mRjrPwUo80c
سریال جوکر - معرفی مهمانان بخش دوم فینال - هومن برق نورد,https://www.youtube.com/watch?v=GvTWM4B-ZEM
سريال ملکه گدایان - فصل دوم - قسمت 10 | Malake Gedayan Series - Season 2 - Episode 10,https://www.youtube.com/watch?v=8AuBn7DK6P4
سریال ملکه گدایان فصل دوم قسمت دهم#shorts,https://www.youtube.com/watch?v=KoaVIBz8RPE
سریال جیران - سکانس برتر قسمت 16 | Jeyran Series,https://www.youtube.com/watch?v=ZZG91s0eFy8
خاتون نو رسیده! - سریال جیران,https://www.youtube.com/watch?v=VXSQOM3J6Qc
سریال جیران - تیزر قسمت 16 | Jeyran Series - Teaser Episode 16,https://www.youtube.com/watch?v=tiCDd15vXoI
تهش باید بلولی تو لجن#shorts,https://www.youtube.com/watch?v=zExQVXAJDZ0
ممیزی - فصل 2 - قسمت 49 | Momayezi - Season 2 - Episode 49,https://www.youtube.com/watch?v=0oIea2XGxyg
برنامه ممیزی فصل دوم قسمت چهل و نهم#shorts,https://www.youtube.com/watch?v=U3yW4UK-kdA
سریال جوکر - معرفی مهمانان بخش دوم فینال - امیرمهدی ژوله,https://www.youtube.com/watch?v=IJ3c2US0rYQ
این دایی بزرگس - سریال یاغی,https://www.youtube.com/watch?v=aD1AFvw5XN8
سریال یاغی - سکانس برتر قسمت 2 | Yaghi Series,https://www.youtube.com/watch?v=GPRPLG701Ck
سریال شب های مافیا 3 فصل چهارم قسمت سوم#shorts,https://www.youtube.com/watch?v=RHOPo5zPmlg
سریال ساخت ایران - فصل 3 - سکانس برتر قسمت 13 | Sakhte Iran Series - Season 3,https://www.youtube.com/watch?v=6X4hO6CLT-A
گنجشک کوچولوی من - سریال ساخت ایران - فصل 3,https://www.youtube.com/watch?v=xFdNqfLEPZU
سریال شبهای مافیا 4 - فصل 4 - معرفی فینالیست ها | Shabhaye Mafia 4 Series - Season 4,https://www.youtube.com/watch?v=o34KLZ-KTyE
سریال ساخت ایران - فصل 3 - تیزر قسمت 13 | Sakhte Iran Series - Season 3 - Teaser Episode 13,https://www.youtube.com/watch?v=v-nd301gEqA
سریال جیران - آنچه گذشت قسمت 15 | Jeyran Series - Teaser,https://www.youtube.com/watch?v=Qig9jhVeo8A
سریال جوکر - معرفی مهمانان بخش دوم فینال - سیروس میمنت,https://www.youtube.com/watch?v=M22qnY6f3CU
جاوید همه زندگیمه#shorts,https://www.youtube.com/watch?v=Cuayc-hqau0
سریال شام ایرانی 2 - فصل 3 - قسمت 4 | Serial Shame Irani 2 - Season 3 - Episode 4,https://www.youtube.com/watch?v=UqgjwdEX-T8
سریال شام ایرانی 2 فصل سوم قسمت چهارم#shorts,https://www.youtube.com/watch?v=CLtSKLkPn08
ممیزی - فصل 2 - قسمت 48 | Momayezi - Season 2 - Episode 48,https://www.youtube.com/watch?v=JzUoO6aJQoc
برنامه ممیزی فصل دوم قسمت چهل و هشتم#shorts,https://www.youtube.com/watch?v=AXRgXT30lFQ
سریال جوکر - فصل 6 - تیزر قسمت 5 | Joker Series - Season 6 - Teaser Episode 5,https://www.youtube.com/watch?v=StXlWTQOuAk
کوالالامپور - سریال جوکر - فصل 6,https://www.youtube.com/watch?v=CO337UQQ8M4
پای چپم - سریال جوکر - فصل 6,https://www.youtube.com/watch?v=YeE5oLiWDxI
سریال شام ایرانی 2 - فصل 3 - قسمت 3 | Serial Shame Irani 2 - Season 3 - Episode 3,https://www.youtube.com/watch?v=gq9sxXuX0rE
سریال شام ایرانی 2 فصل سوم قسمت سوم#shorts,https://www.youtube.com/watch?v=EDlVETLUvLE
سریال جوکر - فصل 6 - تیزر کل کل | Joker Series - Season 6 - Teaser Kal Kal,https://www.youtube.com/watch?v=8zr70jsuAgU
ممیزی - فصل 2 - قسمت 47 | Momayezi - Season 2 - Episode 47,https://www.youtube.com/watch?v=rbw080EEGyg
برنامه ممیزی فصل دوم قسمت چهل و هفتم#shorts,https://www.youtube.com/watch?v=XGZtWHioiyo
سریال جادوگر - تیزر قسمت 2 | Jadoogar Series - Teaser Episode 2,https://www.youtube.com/watch?v=iwAI2G3SFV4
سریال جوکر - فصل 6 - دومین تیزر قسمت 4 | Joker Series - Season 6 - Teaser Episode 4,https://www.youtube.com/watch?v=u1dTSpD7GDU
سریال یاغی - تیزر قسمت 1 | Yaghi Series - Teaser Episode 1,https://www.youtube.com/watch?v=44xrcSfglvU
جاوید جنم داره#shorts,https://www.youtube.com/watch?v=nYIrYHGop1s
سريال ملکه گدایان - فصل دوم - قسمت 9 | Malake Gedayan Series - Season 2 - Episode 9,https://www.youtube.com/watch?v=q-6CNop27vQ
سریال ملکه گدایان فصل دوم قسمت نهم#shorts,https://www.youtube.com/watch?v=olyIcH-uemM
سریال جیران - سکانس برتر قسمت 15 | Jeyran Series,https://www.youtube.com/watch?v=4J1dv5V4CD4
امشب نباید دستات بلرزه - سریال جیران,https://www.youtube.com/watch?v=tqs4R9t9oBU
یاغی بهت میرسه داداش#shorts,https://www.youtube.com/watch?v=v6q3-SN5Qkw
ممیزی - فصل 2 - قسمت 46 | Momayezi - Season 2 - Episode 46,https://www.youtube.com/watch?v=bn0TkFEtxrY
برنامه ممیزی فصل دوم قسمت چهل و ششم#shorts,https://www.youtube.com/watch?v=Sh_fSAAZ_lc
سریال جیران - تیزر قسمت 15 | Jeyran Series - Teaser Episode 15,https://www.youtube.com/watch?v=ha4cDf84gNQ
شاباش شاباش هزاری بپاش - سریال یاغی,https://www.youtube.com/watch?v=aoZsXSWiAuE
پارسا پیروزفر در اولین سریال محمد کارت - سریال یاغی,https://www.youtube.com/watch?v=T2n4MdXm0eo
سریال یاغی - تیزر | Yaghi Series - Teaser,https://www.youtube.com/watch?v=T-9ABU0LGqA
سریال شبهای مافیا 3 - فصل 4 - قسمت 2 | Shabhaye Mafia 3 Series - Season 4 - Episode 2,https://www.youtube.com/watch?v=INycpVmKiX8
سریال شب های مافیا 3 فصل چهارم قسمت دوم#shorts,https://www.youtube.com/watch?v=FLI_8-U1AfQ
جاکلین ننه غلامحسن - سریال ساخت ایران - فصل 3,https://www.youtube.com/watch?v=oSjKvSAoHbE
سریال ساخت ایران - فصل 3 - سکانس برتر قسمت 12 | Sakhte Iran Series - Season 3,https://www.youtube.com/watch?v=N8077O_IQls
سریال شام ایرانی 2 - فصل 3 - قسمت 2 | Serial Shame Irani 2 - Season 3 - Episode 2,https://www.youtube.com/watch?v=AqEAi3V_cWY
سریال شام ایرانی 2 فصل سوم قسمت دوم#shorts,https://www.youtube.com/watch?v=2wC8RVDC_co
سریال شبهای مافیا 4 - فصل 3 - سکانس برتر قسمت 3 | Shabhaye Mafia 4 Series - Season 3,https://www.youtube.com/watch?v=wTNdi9yuFJI
اینارو تو تدوین در بیارید! - شبهای مافیا 4,https://www.youtube.com/watch?v=5O1KtGxIVdM
سریال ساخت ایران - فصل 3 - تیزر قسمت 12 | Sakhte Iran Series - Season 3 - Teaser Episode 12,https://www.youtube.com/watch?v=gKp6VnHJyUA
سریال جادوگر - تیزر قسمت 1 | Jadoogar Series - Teaser Episode 1,https://www.youtube.com/watch?v=5iGqCYi52j4
سریال شبهای مافیا 4 - فصل 3 - تیزر قسمت 3 | Shabhaye Mafia 4 Series - Season 3 - Teaser Episode 3,https://www.youtube.com/watch?v=2C5xe1sNBYA
ممیزی - فصل 2 - قسمت 45 | Momayezi - Season 2 - Episode 45,https://www.youtube.com/watch?v=wuhIvypOjUo
برنامه ممیزی فصل دوم قسمت چهل و پنجم#shorts,https://www.youtube.com/watch?v=ejK6EW5EGvQ
چال کردن موش - سریال جوکر - فصل 6,https://www.youtube.com/watch?v=Efc5Wmb7oP4
ریشاشو زد - سریال جوکر - فصل 6,https://www.youtube.com/watch?v=saHBxF0q4zs
سریال جوکر - فصل 6 - اولین تیزر قسمت 4 | Joker Series - Season 6 - Teaser Episode 4,https://www.youtube.com/watch?v=lWHYp_i6_Hw
سریال شام ایرانی 2 - فصل 3 - قسمت 1 | Serial Shame Irani 2 - Season 3 - Episode 1,https://www.youtube.com/watch?v=rlMJZzzESmI
سریال شام ایرانی 2 فصل سوم قسمت اول#shorts,https://www.youtube.com/watch?v=zRIzwmsE4mg
سریال جادوگر - تیزر | Jadoogar Series - Teaser,https://www.youtube.com/watch?v=wSGFyHjr8Vc
ممیزی - فصل 2 - قسمت 44 | Momayezi - Season 2 - Episode 44,https://www.youtube.com/watch?v=iG3qOLa8H6U
برنامه ممیزی فصل دوم قسمت چهل و چهارم#shorts,https://www.youtube.com/watch?v=G3zC7vTgmKc
سریال جوکر - فصل 6 - دومین تیزر قسمت 3 | Joker Series - Season 6 - Teaser Episode 3,https://www.youtube.com/watch?v=PBW5s5SB9eE
سريال ملکه گدایان - فصل دوم - قسمت 8 | Malake Gedayan Series - Season 2 - Episode 8,https://www.youtube.com/watch?v=49wKMon4SUM
سریال ملکه گدایان فصل دوم قسمت هشتم#shorts,https://www.youtube.com/watch?v=GKZ8yDlnVts
سریال جیران - تیزر قسمت 14 | Jeyran Series - Teaser Episode 14,https://www.youtube.com/watch?v=7NAUSWivmc8
شنیده ام که شاه عاشق شما بود - سریال جیران,https://www.youtube.com/watch?v=GKey9GXoIc0
سریال جیران - سکانس برتر قسمت 14 | Jeyran Series,https://www.youtube.com/watch?v=w1NY3CadMgA
ممیزی - فصل 2 - قسمت 43 | Momayezi - Season 2 - Episode 43,https://www.youtube.com/watch?v=FwsnfJiInLE
برنامه ممیزی فصل دوم قسمت چهل و سوم#shorts,https://www.youtube.com/watch?v=ACKDAIbsqNo
سریال جیران - آنچه گذشت قسمت 13 | Jeyran Series - Teaser,https://www.youtube.com/watch?v=7Iq2Qy8iBwA
سریال شبهای مافیا 3 - فصل 4 - قسمت 1 | Shabhaye Mafia 3 Series - Season 4 - Episode 1,https://www.youtube.com/watch?v=LGPxahvJUYE
سریال شب های مافیا 3 فصل چهارم قسمت اول#shorts,https://www.youtube.com/watch?v=cw6mf8gmNlA
سریال نیمه شب - فصل 1 - تیزر قسمت 24 | Nime Shab Series - Season 1 - Teaser Episode 24,https://www.youtube.com/watch?v=Hp9toXzoFYY
عین بارباپاپا عوض شدی - سریال ساخت ایران - فصل 3,https://www.youtube.com/watch?v=KmSQGZmUMkE
سریال ساخت ایران - فصل 3 - سکانس برتر قسمت 11 | Sakhte Iran Series - Season 3,https://www.youtube.com/watch?v=jObF0GPMsE0
سریال ساخت ایران - فصل 3 - تیزر قسمت 11 | Sakhte Iran Series - Season 3 - Teaser Episode 11,https://www.youtube.com/watch?v=MWcsQkRXjPM
سریال شام ایرانی 2 - فصل 2 - قسمت 4 | Serial Shame Irani 2 - Season 2 - Episode 4,https://www.youtube.com/watch?v=PNWRV6an2_A
سریال شام ایرانی 2 فصل دوم قسمت چهارم#shorts,https://www.youtube.com/watch?v=O-pBFFnBWRc
از همین رای ها مافیا پیدا میشه - شبهای مافیا 4,https://www.youtube.com/watch?v=BiYjjt1eWDI
نگاه کنید کی چی میگه - شبهای مافیا 4,https://www.youtube.com/watch?v=WXa86QcKeOo
سریال شبهای مافیا 4 - فصل 2 - دومین تیزر قسمت 3 | Shabhaye Mafia 4 Series - Season 2 - Teaser,https://www.youtube.com/watch?v=PDe9qkPvL-g
ممیزی - فصل 2 - قسمت 42 | Momayezi - Season 2 - Episode 42,https://www.youtube.com/watch?v=vLgMgzhsYgc
برنامه ممیزی فصل دوم قسمت چهل و دوم#shorts,https://www.youtube.com/watch?v=LklHJcdIcYk
دست از سر من بردار - سریال جوکر - فصل 6,https://www.youtube.com/watch?v=UOm1PMRi2Q8
باد گلو با فارسی ساز - سریال جوکر - فصل 6,https://www.youtube.com/watch?v=ytPf2JG_blU
سریال شام ایرانی 2 - فصل 2 - قسمت 3 | Serial Shame Irani 2 - Season 2 - Episode 3,https://www.youtube.com/watch?v=9bSM6D0PH5w
سریال شام ایرانی 2 فصل دوم قسمت سوم#shorts,https://www.youtube.com/watch?v=PwS_W4w3fGQ
سریال جوکر - فصل 6 - اولین تیزر قسمت 3 | Joker Series - Season 6 - Teaser Episode 3,https://www.youtube.com/watch?v=IlRdlw9ISkI
برنامه ممیزی فصل دوم قسمت چهل ویکم#shorts,https://www.youtube.com/watch?v=tWgid_oEJ1E
ممیزی - فصل 2 - قسمت 41 | Momayezi - Season 2 - Episode 41,https://www.youtube.com/watch?v=KYAHyVwjI1Y
سريال ملکه گدایان - فصل دوم - قسمت 7 | Malake Gedayan Series - Season 2 - Episode 7,https://www.youtube.com/watch?v=uLZQG__NGEE
سریال ملکه گدایان فصل دوم قسمت هفتم#shorts,https://www.youtube.com/watch?v=_zkOk3GcgR0
سریال جیران - تیزر قسمت 13 | Jeyran Series - Teaser Episode 13,https://www.youtube.com/watch?v=1FCdnybsfPM
یه جوجه قراول که این حروفارو نداره - سریال جیران,https://www.youtube.com/watch?v=-D2Wz4J8-ck
سریال جیران - سکانس برتر قسمت 13 | Jeyran Series,https://www.youtube.com/watch?v=Grk4CX3iTSU
ممیزی - فصل 2 - قسمت 40 | Momayezi - Season 2 - Episode 40,https://www.youtube.com/watch?v=_z0s60BHImA
برنامه ممیزی فصل دوم قسمت چهلم#shorts,https://www.youtube.com/watch?v=zPkUrQ4MEeo
سریال شبهای مافیا 3 - فصل 3 - قسمت 3 | Shabhaye Mafia 3 Series - Season 3 - Episode 3,https://www.youtube.com/watch?v=MrvbzPAqeDQ
شب های مافیا 3 فصل سوم قسمت سوم#shorts,https://www.youtube.com/watch?v=QwNM9Z9gacc
سریال ساخت ایران - فصل 3 - تیزر قسمت 10 | Sakhte Iran Series - Season 3 - Teaser Episode 10,https://www.youtube.com/watch?v=A-q_1c390hY
همه چیزارو بنداز گردن غلام - سریال ساخت ایران - فصل 3,https://www.youtube.com/watch?v=OUqCda8Uh_E
سریال نیمه شب - فصل 1 - تیزر قسمت 23 | Nime Shab Series - Season 1 - Teaser Episode 23,https://www.youtube.com/watch?v=SpP3C83MocM
سریال ساخت ایران - فصل 3 - سکانس برتر قسمت 10 | Sakhte Iran Series - Season 3,https://www.youtube.com/watch?v=ryonpxS_J9U
سریال شام ایرانی 2 - فصل 2 - قسمت 2 | Serial Shame Irani 2 - Season 2 - Episode 2,https://www.youtube.com/watch?v=1kHneyT8bwM
سریال شام ایرانی 2 فصل دوم قسمت دوم#shorts,https://www.youtube.com/watch?v=2vOPjdM2bBc
شهروندای تبر - شبهای مافیا 4,https://www.youtube.com/watch?v=xiuIJc1qy1k
سریال شبهای مافیا 4 - فصل 3 - سکانس برتر قسمت 1 | Shabhaye Mafia 4 Series - Season 3,https://www.youtube.com/watch?v=yhm9JR6W6Zo
ممیزی - فصل 2 - قسمت 39 | Momayezi - Season 2 - Episode 39,https://www.youtube.com/watch?v=DuhZZoeGRvI
برنامه ممیزی فصل دوم قسمت سی و نهم#shorts,https://www.youtube.com/watch?v=3ZY9gAm87kM
ملکه مارها ! - سریال جوکر - فصل 6,https://www.youtube.com/watch?v=DQt0WxDX0Bs
جناب سعدی از دور! - سریال جوکر - فصل 6,https://www.youtube.com/watch?v=gthuG_z7r4Q
سریال جوکر - فصل 6 - اولین تیزر قسمت 2 | Joker Series - Season 6 - Teaser Episode 2,https://www.youtube.com/watch?v=zUT810gBWJQ
سریال شام ایرانی 2 - فصل 2 - قسمت 1 | Serial Shame Irani 2 - Season 2 - Episode 1,https://www.youtube.com/watch?v=H7cx4fAgur0
سریال شام ایرانی 2 فصل دوم قسمت اول#shorts,https://www.youtube.com/watch?v=TDASuVXyCVY
سریال ساخت ایران - فصل 3 - تیزر قسمت های 1 تا 9 | Sakhte Iran Series - Season 3 - Teaser Episode 1-9,https://www.youtube.com/watch?v=mVLcSeGnLCA
فیلم دینامیت - تیزر | Dynamite Movie - Teaser,https://www.youtube.com/watch?v=Eti5O76GYXE
ممیزی - فصل 2 - قسمت 38 | Momayezi - Season 2 - Episode 38,https://www.youtube.com/watch?v=3uU-o-vi23Q
برنامه ممیزی فصل دوم قسمت سی و هشتم#shorts,https://www.youtube.com/watch?v=KYYTiruZzmc
اینکاره نیستی شما نه؟ - ممیزی,https://www.youtube.com/watch?v=992tqZmdJiA
سریال جوکر - فصل 6 - دومین تیزر قسمت 1 | Joker Series - Season 6 - Teaser Episode 1,https://www.youtube.com/watch?v=W6MYdNo3ZVk
سریال شبهای مافیا 4 - فصل 3 - تیزر قسمت 1 | Shabhaye Mafia 4 Series - Season 3 - Teaser Episode 1,https://www.youtube.com/watch?v=6T-jWy2MLnk
میخوام یادم بره زن اون شاه بودم - سریال جیران,https://www.youtube.com/watch?v=0em2kfcv4pg
سریال جیران - تیزر قسمت 12 | Jeyran Series - Teaser Episode 12,https://www.youtube.com/watch?v=YaTTi2jODCA
سریال جیران - سکانس برتر قسمت 12 | Jeyran Series,https://www.youtube.com/watch?v=UZnBvVna7zQ
سريال ملکه گدایان - فصل دوم - قسمت 6 | Malake Gedayan Series - Season 2 - Episode 6,https://www.youtube.com/watch?v=2Ofe2Mo_YRM
سریال ملکه گدایان فصل دوم قسمت ششم#shorts,https://www.youtube.com/watch?v=NhCOeQbKinM
ممیزی - فصل 2 - قسمت 37 | Momayezi - Season 2 - Episode 37,https://www.youtube.com/watch?v=-MRylLDDsUk
ممیزی - تیزر - دندون طلا | Momayezi - Teaser,https://www.youtube.com/watch?v=VznsjSD8GSM
سریال جوکر - فصل 6 - کاکی و تیموری | Joker Series - Teaser,https://www.youtube.com/watch?v=wVx5kI2I0P4
سریال شبهای مافیا 3 - فصل 3 - قسمت 2 | Shabhaye Mafia 3 Series - Season 3 - Episode 2,https://www.youtube.com/watch?v=m3VH1nw0Xrk
سریال شب های مافیا 3 فصل سوم قسمت دوم#shorts,https://www.youtube.com/watch?v=KMXmMw82Jew
3 فیلم گشت ارشاد 3 - تیزر | Gashte Ershad 3 Movie - Teaser 3,https://www.youtube.com/watch?v=lnjnfwFmaKs
2 فیلم گشت ارشاد 3 - تیزر | Gashte Ershad 3 Movie - Teaser 2,https://www.youtube.com/watch?v=SkUwUPz5Ix0
1 فیلم گشت ارشاد 3 - تیزر | Gashte Ershad 3 Movie - Teaser 1,https://www.youtube.com/watch?v=Z1jeUSt1xMQ
سریال نیمه شب - فصل 1 - سکانس برتر قسمت 22 | Nime Shab Series - Season 1,https://www.youtube.com/watch?v=qRuSmDVZxqY
سریال ساخت ایران - فصل 3 - سکانس برتر قسمت 9 | Sakhte Iran Series - Season 3,https://www.youtube.com/watch?v=RCkmL6brN1U
اصلا ازین ناراحت تر میشه؟ - سریال ساخت ایران - فصل 3,https://www.youtube.com/watch?v=mVm8BaA2x_c
سریال نیمه شب - فصل 1 - تیزر قسمت 22 | Nime Shab Series - Season 1 - Teaser Episode 22,https://www.youtube.com/watch?v=5glrpLwp9MY
آبگرمکن قدیمی؟ - سریال جوکر - فصل 6,https://www.youtube.com/watch?v=Xhr7tVJGCw8
سریال جوکر - فصل 6 - سکانس برتر قسمت 1 | Joker Series - Season 6,https://www.youtube.com/watch?v=0xwZrKq0C0Y
سریال جوکر - فصل 6 - اولین تیزر قسمت 1 | Joker Series - Season 6 - Teaser Episode 1,https://www.youtube.com/watch?v=CWrHQqhwWHQ
سریال جیران - آنچه گذشت قسمت 11 | Jeyran Series - Teaser,https://www.youtube.com/watch?v=1aPyYF3Olmk
سریال شام ایرانی 2 - فصل 1 - قسمت 4 | Serial Shame Irani 2 - Season 1 - Episode 4,https://www.youtube.com/watch?v=rkECRwB9TtQ
سریال شبهای مافیا 4 - فصل 2 - اولین تیزر قسمت 3 | Shabhaye Mafia 4 Series - Season 2 - Teaser,https://www.youtube.com/watch?v=sfDpOsFV1vM
سریال جوکر - فصل 6 - تیزر ورود | Joker Series - Teaser,https://www.youtube.com/watch?v=XreQEbqd8Fg
سریال شام ایرانی 2 فصل اول قسمت چهارم#shorts,https://www.youtube.com/watch?v=foB4Bjrbvic
ممیزی - فصل 2 - قسمت 36 | Momayezi - Season 2 - Episode 36,https://www.youtube.com/watch?v=yW4dan31ZW8
برنامه ممیزی فصل دوم قسمت سی وششم#shorts,https://www.youtube.com/watch?v=3kC5rY7k20o
سریال شبهای مافیا 4 - فصل 2 - سکانس برتر قسمت 3 | Shabhaye Mafia 4 Series - Season 2,https://www.youtube.com/watch?v=RdMROZ9fDgs
دو دست مافیا بودم قبول ولی این دفعه شهرم - سریال شبهای مافیا 4,https://www.youtube.com/watch?v=451t8qxHHCw
سریال شام ایرانی 2 - فصل 1 - قسمت 3 | Serial Shame Irani 2 - Season 1 - Episode 3,https://www.youtube.com/watch?v=_VeDx8Y8Too
سریال شام ایرانی 2 فصل اول قسمت سوم#shorts,https://www.youtube.com/watch?v=SaGNBKYDs14
سریال جیران - دومین سکانس برتر قسمت 11 | Jeyran Series,https://www.youtube.com/watch?v=9BLoXOceS_4
سریال جیران - اولین سکانس برتر قسمت 11 | Jeyran Series,https://www.youtube.com/watch?v=wK-wYQQkDYY
ممیزی - فصل 2 - قسمت 35 | Momayezi - Season 2 - Episode 35,https://www.youtube.com/watch?v=gMO-J-sUD1o
برنامه ممیزی فصل دوم قسمت سی و پنجم#shorts,https://www.youtube.com/watch?v=LwK7Ca92_68
سريال ملکه گدایان - فصل دوم - قسمت 5 | Malake Gedayan Series - Season 2 - Episode 5,https://www.youtube.com/watch?v=HgDLWsex_7I
سریال ملکه گدایان فصل دوم قسمت پنجم#shorts,https://www.youtube.com/watch?v=xvnRb1k91RQ
سریال جوکر - فصل 6 - تیزر 9 نفر | Joker Series - Teaser,https://www.youtube.com/watch?v=odTfPld25iY
سریال جوکر - معرفی مهمانان بخش اول فینال - رضا شفیعی جم | Joker Series,https://www.youtube.com/watch?v=IMPKUgfvGzI
ممیزی - فصل 2 - قسمت 34 | Momayezi - Season 2 - Episode 34,https://www.youtube.com/watch?v=3hfxkEPumnE
برنامه ممیزی فصل دوم قسمت سی وچهارم#shorts,https://www.youtube.com/watch?v=VIlhIqPmkcE
سریال جیران - تیزر قسمت 11 | Jeyran Series - Teaser Episode 11,https://www.youtube.com/watch?v=i9I1sjBoK58
سریال جوکر - معرفی مهمانان بخش اول فینال - محمد رضا علیمردانی | Joker Series,https://www.youtube.com/watch?v=8PIAaFPkvTA
سریال جوکر - معرفی مهمانان بخش اول فینال - عباس جمشیدی فر | Joker Series,https://www.youtube.com/watch?v=hrEWimD46yc
سریال شبهای مافیا 3 - فصل 2 - قسمت 3 | Shabhaye Mafia 3 Series - Season 2 - Episode 3,https://www.youtube.com/watch?v=3Di5GlZMK9Y
شب های مافیا 3 فصل دوم قسمت سوم#shorts,https://www.youtube.com/watch?v=MRrn1Jg77Co
سریال ساخت ایران - فصل 3 - اولین سکانس برتر قسمت 8 | Sakhte Iran Series - Season 3,https://www.youtube.com/watch?v=jVGdjnqEf_8
سریال ساخت ایران - فصل 3 - دومین سکانس برتر قسمت 8 | Sakhte Iran Series - Season 3,https://www.youtube.com/watch?v=Hkv9aDQWCQM
سریال جیران - آنچه گذشت قسمت 10 | Jeyran Series - Teaser,https://www.youtube.com/watch?v=swlynLQ4bkI
سریال جوکر - معرفی مهمانان بخش اول فینال - شهرام قائدی | Joker Series,https://www.youtube.com/watch?v=TZdyP4ppzPU
سریال ساخت ایران - فصل 3 - تیزر قسمت 8 | Sakhte Iran Series - Season 3 - Teaser Episode 8,https://www.youtube.com/watch?v=Ug_vcNaqS68
فیلم عنکبوت - تیزر | Ankaboot Movie - Teaser,https://www.youtube.com/watch?v=7OA9cevRKOM
سریال شام ایرانی 2 - فصل 1 - قسمت 2 | Serial Shame Irani 2 - Season 1 - Episode 2,https://www.youtube.com/watch?v=V4Gkkrn6XSc
سریال شام ایرانی 2 فصل اول قسمت دوم#shorts,https://www.youtube.com/watch?v=3XW1OKVZkXU
سریال جوکر - ممعرفی مهمانان بخش اول فینال - بیژن بنفشه خواه | Joker Series,https://www.youtube.com/watch?v=X6do9Ea6nhw
سریال جوکر - معرفی مهمانان بخش اول فینال - ایمان صفا | Joker Series,https://www.youtube.com/watch?v=LXBLu--JJQU
ممیزی - فصل 2 - قسمت 33 | Momayezi - Season 2 - Episode 33,https://www.youtube.com/watch?v=uocR7dUTxWM
برنامه ممیزی فصل دوم قسمت سی و سوم#shorts,https://www.youtube.com/watch?v=9hkta9RC4o0
سریال جوکر - معرفی مهمانان بخش اول فینال - سهیل مستجابیان | Joker Series,https://www.youtube.com/watch?v=q7CWb5-wmP8
سریال شام ایرانی 2 - فصل 1 - قسمت 1 | Serial Shame Irani 2 - Season 1 - Episode 1,https://www.youtube.com/watch?v=QHeaPQU04ks
سریال شام ایرانی 2 فصل اول قسمت اول,https://www.youtube.com/watch?v=341qeIGISLs
سریال جوکر - معرفی مهمانان بخش اول فینال - یوسف تیموری | Joker Series,https://www.youtube.com/watch?v=ZQ_Iq-ZLyTk
سریال شبهای مافیا 4 - فصل 2 - اولین سکانس برتر قسمت 2 | Shabhaye Mafia 4 Series - Season 2,https://www.youtube.com/watch?v=GLGppQAWcHA
سریال شبهای مافیا 4 - فصل 2 - دومین سکانس برتر قسمت 2 | Shabhaye Mafia 4 Series - Season 2,https://www.youtube.com/watch?v=NEZxASjqZ5A
سریال شبهای مافیا 4 - فصل 2 -  تیزر قسمت 2 | Shabhaye Mafia 4 Series - Season 2 - Teaser Episode 2,https://www.youtube.com/watch?v=NCJ1pN0XwuI
ممیزی - فصل 2 - قسمت 32 | Momayezi - Season 2 - Episode 32,https://www.youtube.com/watch?v=W-CNbL_drxM
Joker Series | سریال جوکر - معرفی مهمانان بخش اول فینال - هومن حاجی عبداللهی,https://www.youtube.com/watch?v=oRVcNNbigsE
برنامه ممیزی فصل دوم قسمت سی و دوم#shorts,https://www.youtube.com/watch?v=uJCvwk2iNfg
ممیزی - تیزر - جوکر | Momayezi - Teaser,https://www.youtube.com/watch?v=0jtyWEBYeOE
سريال ملکه گدایان - فصل دوم - قسمت 4 | Malake Gedayan Series - Season 2 - Episode 4,https://www.youtube.com/watch?v=a7gveTAPg8I
سریال ملکه گدایان فصل دوم قسمت چهارم#shorts,https://www.youtube.com/watch?v=HhEJDuq6x7Y
سریال جیران - اولین سکانس برتر قسمت 10 | Jeyran Series,https://www.youtube.com/watch?v=-yGrFDx1qac
سریال جیران - دومین سکانس برتر قسمت 10 | Jeyran Series,https://www.youtube.com/watch?v=zUWtuMJ0Few
سریال جیران - تیزر قسمت 10 | Jeyran Series - Teaser Episode 10,https://www.youtube.com/watch?v=R6G6CzOZOwg
سریال جوکر - فصل 5 - دومین تیزر قسمت 4 | Joker Series - Season 5 - Teaser Episode 4,https://www.youtube.com/watch?v=ErbcUPYLA0c
ممیزی - فصل 2 - قسمت 31 | Momayezi - Season 2 - Episode 31,https://www.youtube.com/watch?v=dfd-IXyJBn4
برنامه ممیزی فصل دوم قسمت سی و یکم#shorts,https://www.youtube.com/watch?v=4umjhSNwrZA
سریال شبهای مافیا 3 - فصل 2 - قسمت 2 | Shabhaye Mafia 3 Series - Season 2 - Episode 2,https://www.youtube.com/watch?v=v_75mSFxqq4
شب های مافیا 3 فصل دوم قسمت دوم#shorts,https://www.youtube.com/watch?v=LNfFse0nDVM
سریال ساخت ایران - فصل 3 - دومین سکانس برتر قسمت 7 | Sakhte Iran Series - Season 3,https://www.youtube.com/watch?v=AAiViVsx9jI
سریال ساخت ایران - فصل 3 - اولین سکانس برتر قسمت 7 | Sakhte Iran Series - Season 3,https://www.youtube.com/watch?v=5GozqK9Ys1M
سریال نیمه شب - فصل 1 -  سکانس برتر قسمت 20 | Nime Shab Series - Season 1,https://www.youtube.com/watch?v=ZwoZ0piClzE
سریال نیمه شب - فصل 1 - تیزر قسمت 20 | Nime Shab Series - Season 1 - Teaser Episode 20,https://www.youtube.com/watch?v=vgbBTo6QveE
سریال ساخت ایران - فصل 3 - تیزر قسمت 7 | Sakhte Iran Series - Season 3 - Teaser Episode 7,https://www.youtube.com/watch?v=cX_3BBl6X9c
سریال جیران - آنچه گذشت قسمت 9 | Jeyran Series - Teaser,https://www.youtube.com/watch?v=Zh0qCC6IkGs
سریال شبهای مافیا 3 - فصل 2 - قسمت 1 | Shabhaye Mafia 3 Series - Season 2 - Episode 1,https://www.youtube.com/watch?v=K5LcRRKtYvg
شب های مافیا 3 فصل دوم قسمت اول#shorts,https://www.youtube.com/watch?v=w7BkoMhhLEM
ممیزی - فصل 2 - قسمت 30 | Momayezi - Season 2 - Episode 30,https://www.youtube.com/watch?v=MwGScXyucQw
برنامه ممیزی فصل دوم قسمت سی#shorts,https://www.youtube.com/watch?v=cv78vsTs1ZU
سریال جوکر - فصل 5 - اولین تیزر قسمت 4 | Joker Series - Season 5 - Teaser Episode 4,https://www.youtube.com/watch?v=OPjdpgiTs1k
سریال جوکر - فصل 5 - دومین سکانس برتر قسمت 4 | Joker Series - Season 5,https://www.youtube.com/watch?v=f8bgIh65NCU
سریال جوکر - فصل 5 - اولین سکانس برتر قسمت 4 | Joker Series - Season 5,https://www.youtube.com/watch?v=eaZHGgn2smw
سریال شبهای مافیا 4 - فصل 1 - قسمت 1 | Shabhaye Mafia 4 Series - Season 1 - Episode 1,https://www.youtube.com/watch?v=bKUtgm41WeI
سریال شبهای مافیا 4 - فصل 2 - دومین سکانس برتر قسمت 1 | Shabhaye Mafia 4 Series - Season 2,https://www.youtube.com/watch?v=CtMvmu327Yg
سریال شبهای مافیا 4 - فصل 2 - اولین سکانس برتر قسمت 1 | Shabhaye Mafia 4 Series - Season 2,https://www.youtube.com/watch?v=V1e9dFWzBxI
سریال جوکر - فصل 5 - تیزر کل کل | Joker Series - Season 5 - Teaser Kal Kal,https://www.youtube.com/watch?v=I6Ym3kVOGO0
سریال شبهای مافیا 4 - فصل 2 -  تیزر قسمت 1 | Shabhaye Mafia 4 Series - Season 2 - Teaser Episode 1,https://www.youtube.com/watch?v=d7u_h4OxjsE
ممیزی - فصل 2 - قسمت 29 | Momayezi - Season 2 - Episode 29,https://www.youtube.com/watch?v=Gw4AAXenE5c
برنامه ممیزی فصل دوم قسمت بیست و نهم#shorts,https://www.youtube.com/watch?v=0K4aNrjBRIc
سریال جوکر - فصل 5 - دومین تیزر قسمت 3 | Joker Series - Season 5 - Teaser Episode 3,https://www.youtube.com/watch?v=8YTf1NqvtkM
سريال ملکه گدایان - فصل دوم - قسمت 3 | Malake Gedayan Series - Season 2 - Episode 3,https://www.youtube.com/watch?v=Y_hBulKRhXs
سریال ملکه گدایان فصل دوم قسمت سوم#shorts,https://www.youtube.com/watch?v=B1QcB06ybiM
سریال جیران - تیزر قسمت 9 | Jeyran Series - Teaser Episode 9,https://www.youtube.com/watch?v=smBQzzw5R3w
سریال جیران - دومین سکانس برتر قسمت 9 | Jeyran Series,https://www.youtube.com/watch?v=47PMhkRNZis
سریال جیران - اولین سکانس برتر قسمت 9 | Jeyran Series,https://www.youtube.com/watch?v=IU4_VA9GZZU
ممیزی - فصل 2 - قسمت 28 | Momayezi - Season 2 - Episode 28,https://www.youtube.com/watch?v=iOipr_KwUtw
برنامه ممیزی فصل دوم قسمت بیست وهشتم#shorts,https://www.youtube.com/watch?v=lSK_4JLTG6Q
سریال شبهای مافیا 3 - فصل 1 - قسمت 3 | Shabhaye Mafia 3 Series - Season 1 - Episode 3,https://www.youtube.com/watch?v=xMta8vw7Sw0
شب های مافیا 3 فصل اول قسمت سوم#shorts,https://www.youtube.com/watch?v=IzbJDn5HdXs
سریال ساخت ایران - فصل 3 - مصاحبه امین حیایی | Sakhte Iran Series - Season 3,https://www.youtube.com/watch?v=sc8QkYJjsvw
سریال جیران - آنچه گذشت قسمت 8 | Jeyran Series - Teaser,https://www.youtube.com/watch?v=PWCvphq96YA
سریال ساخت ایران - فصل 3 - اولین سکانس برتر قسمت 6 | Sakhte Iran Series - Season 3,https://www.youtube.com/watch?v=oAbUlh_5LcY
سریال ساخت ایران - فصل 3 - دومین سکانس برتر قسمت 6 | Sakhte Iran Series - Season 3,https://www.youtube.com/watch?v=cFz5EjTR3mY
سریال ساخت ایران - فصل 3 - تیزر قسمت 6 | Sakhte Iran Series - Season 3 - Teaser Episode 6,https://www.youtube.com/watch?v=cj3W92pRglw
سریال شبهای مافیا 3 - فصل 1 - قسمت 2 | Shabhaye Mafia 3 Series - Season 1 - Episode 2,https://www.youtube.com/watch?v=yDgy9soTmP4
شب های مافیا 3 فصل اول قسمت دوم#shorts,https://www.youtube.com/watch?v=F-Dvpa4sDKY
سریال جوکر - فصل 5 - دومین سکانس برتر قسمت 3 | Joker Series - Season 5,https://www.youtube.com/watch?v=W3zIpYTXhXE
ممیزی - فصل 2 - قسمت 27 | Momayezi - Season 2 - Episode 27,https://www.youtube.com/watch?v=Q4UPObb0keI
برنامه ممیزی فصل دوم قسمت بیست و هفتم#shorts,https://www.youtube.com/watch?v=Vp_Q57SU7Gc
سریال جوکر - فصل 5 - اولین تیزر قسمت 3 | Joker Series - Season 5 - Teaser Episode 3,https://www.youtube.com/watch?v=LAo1dCEl0yo
سریال جوکر - فصل 5 - اولین سکانس برتر قسمت 3 | Joker Series - Season 5,https://www.youtube.com/watch?v=KxjU4-VtAZ8
سریال شبهای مافیا 4 - فصل 1 - تیزر قسمت 3 | Shabhaye Mafia 4 Series - Season 1 - Teaser Episode 3,https://www.youtube.com/watch?v=mbLYuq_wvmQ
سریال شبهای مافیا 4 - فصل 1 - دومین سکانس برتر قسمت 3 | Shabhaye Mafia 4 Series - Season 1,https://www.youtube.com/watch?v=uCAcwgi54xI
سریال شبهای مافیا 4 - فصل 1 - اولین سکانس برتر قسمت 3 | Shabhaye Mafia 4 Series - Season 1,https://www.youtube.com/watch?v=2cmi_HkHsrc
ممیزی - فصل 2 - قسمت 26 | Momayezi - Season 2 - Episode 26,https://www.youtube.com/watch?v=N8Q4tUTOjmM
برنامه ممیزی فصل دوم قسمت بیست و شش#shorts,https://www.youtube.com/watch?v=q4JQRWVASss
فیلم تومان - تیزر | Toman Movie - Teaser,https://www.youtube.com/watch?v=XwmWqHftej4
سریال ساخت ایران - فصل 3 - دومین سکانس برتر قسمت 5 | Sakhte Iran Series - Season 3,https://www.youtube.com/watch?v=7dmnRd-n244
سریال ساخت ایران - فصل 3 - اولین سکانس برتر قسمت 5 | Sakhte Iran Series - Season 3,https://www.youtube.com/watch?v=bB3GmPafh9Y
سریال ساخت ایران - فصل 3 - تیزر قسمت 5 | Sakhte Iran Series - Season 3 - Teaser Episode 5,https://www.youtube.com/watch?v=hqZRF02NDh4
سريال ملکه گدایان - فصل دوم - قسمت 2 | Malake Gedayan Series - Season 2 - Episode 2,https://www.youtube.com/watch?v=srtb5hWmN7E
سریال ملکه گدایان فصل دوم قسمت دوم#shorts,https://www.youtube.com/watch?v=N1WmLMGhNo0
فیلم قدغن - تیزر | Ghadeghan Movie - Teaser,https://www.youtube.com/watch?v=MwDhy_aJ8QA
سریال جیران - تیزر قسمت 8 | Jeyran Series - Teaser Episode 8,https://www.youtube.com/watch?v=7GO9qzMgT04
سریال جیران - دومین سکانس برتر قسمت 8 | Jeyran Series,https://www.youtube.com/watch?v=oQOLYoJ4rKw
سریال جیران - اولین سکانس برتر قسمت 8 | Jeyran Series,https://www.youtube.com/watch?v=-AaoDVi_DR0
ممیزی - فصل 2 - قسمت 25 | Momayezi - Season 2 - Episode 25,https://www.youtube.com/watch?v=vnCfZ_iBcU8
برنامه ممیزی فصل دوم قسمت بیست و پنج#shorts,https://www.youtube.com/watch?v=sVnIu2DmvjY
سریال ساخت ایران فصل سوم قسمت اول#shorts,https://www.youtube.com/watch?v=_Wn67_oJ_Ds
سریال نیمه شب - فصل 1 - قسمت 4 | Nime Shab Series - Season 1 - Episode 4,https://www.youtube.com/watch?v=JMa2K1rhogc
شب های مافیا 3 فصل اول قسمت اول#shorts,https://www.youtube.com/watch?v=XIC6OuUAums
سریال شبهای مافیا 3 - فصل 1 - قسمت 1 (بخش دوم) | Shabhaye Mafia 3 Series - Season 1 - Episode 1,https://www.youtube.com/watch?v=mFDhjdNwTy4
سریال شبهای مافیا 3 - فصل 1 - قسمت 1 (بخش اول) | Shabhaye Mafia 3 Series - Season 1 - Episode 1,https://www.youtube.com/watch?v=Dkm8yWLdPVQ
سریال ساخت ایران - فصل 3 - قسمت 1 | Sakhte Iran Series - Season 3 - Episode 1,https://www.youtube.com/watch?v=oRiCEOJT3Vg
سریال ساخت ایران - فصل 3 - اولین سکانس برتر قسمت 4 | Sakhte Iran Series - Season 3,https://www.youtube.com/watch?v=YwshVvE1ICY
سریال نیمه شب - فصل 1 - تیزر قسمت 14 | Nime Shab Series - Season 1 - Teaser Episode 14,https://www.youtube.com/watch?v=15W6DSwVb7c
سریال ساخت ایران - فصل 3 - دومین سکانس برتر قسمت 4 | Sakhte Iran Series - Season 3,https://www.youtube.com/watch?v=G4PuylmYe7s
سریال ساخت ایران - فصل 3 - تیزر قسمت 4 | Sakhte Iran Series - Season 3 - Teaser Episode 4,https://www.youtube.com/watch?v=_JTdsEl6an0
سریال نیمه شب - فصل 1 - قسمت 3 | Nime Shab Series - Season 1 - Episode 3,https://www.youtube.com/watch?v=xf3n072oKCc
شب های مافیا 2 فصل پنجم قسمت سوم#shorts,https://www.youtube.com/watch?v=-Bd-Y-GOQyc
سریال شبهای مافیا 2 - فصل 5 - قسمت 3 | Shabhaye Mafia 2 Series - Season 5 - Episode 3,https://www.youtube.com/watch?v=IZuRPukPdGY
سریال جیران - آنچه گذشت قسمت 7 | Jeyran Series - Teaser,https://www.youtube.com/watch?v=utBtJQyUXjA
ممیزی - فصل 2 - قسمت 24 | Momayezi - Season 2 - Episode 24,https://www.youtube.com/watch?v=kTn5LRrnq68
سریال جوکر - فصل 5 - دومین سکانس برتر قسمت 2 | Joker Series - Season 5,https://www.youtube.com/watch?v=ME5CwSOwx5M
سریال جوکر - فصل 5 - اولین سکانس برتر قسمت 2 | Joker Series - Season 5,https://www.youtube.com/watch?v=8ZcYqObR6-4
سریال جوکر - فصل 5 - تیزر قسمت 2 | Joker Series - Season 5 - Teaser Episode 2,https://www.youtube.com/watch?v=K0ck6Hakj_c
سریال می خواهم زنده بمانم قسمت بیستم#shorts,https://www.youtube.com/watch?v=ATkgZhU8YwU
سریال می خواهم زنده بمانم - قسمت 20 (قسمت آخر) | Mikhaham Zendeh Bemanam Series - Episode 20,https://www.youtube.com/watch?v=pQX7x4PbT_8
سریال نیمه شب - فصل 1 - سکانس برتر قسمت 10 | Nime Shab Series - Season 1,https://www.youtube.com/watch?v=Mm1JJS_mVbU
سریال نیمه شب - فصل 1 - سکانس برتر قسمت 9 | Nime Shab Series - Season 1,https://www.youtube.com/watch?v=ESeq7r__CGo
سریال نیمه شب - فصل 1 -  تیزر قسمت 11 | Nime Shab Series - Season 1 - Teaser Episode 11,https://www.youtube.com/watch?v=k_46LtrThRM
سریال شبهای مافیا 4 - فصل 1 - اولین سکانس برتر قسمت 2 | Shabhaye Mafia 4 Series - Season 1,https://www.youtube.com/watch?v=NTPGqKk5I68
سریال شبهای مافیا 4 - فصل 1 - دومین سکانس برتر قسمت 2 | Shabhaye Mafia 4 Series - Season 1,https://www.youtube.com/watch?v=99CGDos1Mdo
سریال شبهای مافیا 4 - فصل 1 - تیزر قسمت 2 | Shabhaye Mafia 4 Series - Season 1 - Teaser Episode 2,https://www.youtube.com/watch?v=uKV9TWTM5bw
ممیزی - فصل 2 - قسمت 23 | Momayezi - Season 2 - Episode 23,https://www.youtube.com/watch?v=BrlEK6iY8Fs
برنامه ممیزی فصل دوم قسمت بیست و سوم#shorts,https://www.youtube.com/watch?v=k31ItWaPhMg
فیلم شهر گربه ها - تیزر | Shahre Gorbeha Movie - Teaser,https://www.youtube.com/watch?v=6EZHwz2jKZU
سریال ساخت ایران - فصل 3 - دومین سکانس برتر قسمت 3 | Sakhte Iran Series - Season 3,https://www.youtube.com/watch?v=qExpaW1jOtk
سریال ساخت ایران - فصل 3 - اولین سکانس برتر قسمت 3 | Sakhte Iran Series - Season 3,https://www.youtube.com/watch?v=T45onLl6vko
سريال ملکه گدایان - فصل دوم -  قسمت 1 | Malake Gedayan Series - Season 2 - Episode 1,https://www.youtube.com/watch?v=7IS9kAHO5xs
سریال ملکه گدایان فصل دوم قسمت اول#shorts,https://www.youtube.com/watch?v=Sj1tYLnbStA
سریال ساخت ایران - فصل 3 - تیزر قسمت 3 | Sakhte Iran Series - Season 3 - Teaser Episode 3,https://www.youtube.com/watch?v=LfwOKT6fAEE
سریال جیران - تیزر قسمت 7 | Jeyran Series - Teaser Episode 7,https://www.youtube.com/watch?v=Xge7jEZt4TI
سریال نیمه شب - فصل 1 - تیزر قسمت 9 | Nime Shab Series - Season 1 - Teaser Episode 9,https://www.youtube.com/watch?v=JFhtSt4dZk8
سریال جیران - دومین سکانس برتر قسمت 7 | Jeyran Series,https://www.youtube.com/watch?v=Ysc8ZewuMaU
سریال جیران - اولین سکانس برتر قسمت 7 | Jeyran Series,https://www.youtube.com/watch?v=YSKVI9LqlkQ
ممیزی - فصل 2 - قسمت 22 | Momayezi - Season 2 - Episode 22,https://www.youtube.com/watch?v=OlXIHgtqEkU
برنامه ممیزی فصل دوم قسمت بیست و دوم#shorts,https://www.youtube.com/watch?v=ThPkY0Pd20Q
2 فیلم آپاچی - تیزر | Apachi Movie - Teaser 2,https://www.youtube.com/watch?v=3KOsatfSgs8
1 فیلم آپاچی - تیزر | Apachi Movie - Teaser 1,https://www.youtube.com/watch?v=uK1u6mri8U0
سریال نیمه شب - فصل 1 - اولین سکانس برتر قسمت 6 | Nime Shab Series - Season 1,https://www.youtube.com/watch?v=m77uF6CzNm8
سریال نیمه شب - فصل 1 - تیزر قسمت 8 | Nime Shab Series - Season 1 - Teaser Episode 8,https://www.youtube.com/watch?v=usZVSOAQy_I
سریال شبهای مافیا 2 - فصل 5 - قسمت 2 | Shabhaye Mafia 2 Series - Season 5 - Episode 2,https://www.youtube.com/watch?v=tUzTsNo7jlo
سریال نیمه شب - فصل 1 - قسمت 2 | Nime Shab Series - Season 1 - Episode 2,https://www.youtube.com/watch?v=POj_aIhSB10
برنامه نیمه شب قسمت دوم#shorts,https://www.youtube.com/watch?v=8rWnazXNuUc
سریال ساخت ایران - فصل 3 - دومین سکانس برتر قسمت 2 | Sakhte Iran Series - Season 3,https://www.youtube.com/watch?v=FkDAwFTVxKE
سریال ساخت ایران - فصل 3 - اولین سکانس برتر قسمت 2 | Sakhte Iran Series - Season 3,https://www.youtube.com/watch?v=tJkmm3cP0bE
سریال ساخت ایران - فصل 3 - تیزر قسمت 2 | Sakhte Iran Series - Season 3 - Teaser Episode 2,https://www.youtube.com/watch?v=TSbZa-tCZbE
سریال نیمه شب - فصل 1 - تیزر قسمت 7 | Nime Shab Series - Season 1 - Teaser Episode 7,https://www.youtube.com/watch?v=kE3Usx4UUhY
سریال جیران - آنچه گذشت قسمت 6 | Jeyran Series - Teaser,https://www.youtube.com/watch?v=afVkIoeVHCc
سریال نیمه شب - فصل 1 -  تیزر قسمت 6 | Nime Shab Series - Season 1 - Teaser Episode 6,https://www.youtube.com/watch?v=YFp_DkNoi7U
سریال شبهای مافیا 2 - فصل 5 - قسمت 1 | Shabhaye Mafia 2 Series - Season 5 - Episode 1,https://www.youtube.com/watch?v=yio0h1imAZk
سریال نیمه شب - فصل 1 - قسمت 1 | Nime Shab Series - Season 1 - Episode 1,https://www.youtube.com/watch?v=U_UELghRhRs
ممیزی - فصل 2 - قسمت 20 | Momayezi - Season 2 - Episode 20,https://www.youtube.com/watch?v=NvmN73zZBAY
سریال جوکر - فصل 5 - دومین سکانس برتر قسمت 1 | Joker Series - Season 5,https://www.youtube.com/watch?v=uRmn_imNyuk
سریال جوکر - فصل 5 - اولین سکانس برتر قسمت 1 | Joker Series - Season 5,https://www.youtube.com/watch?v=k6qkZWRL48E
سریال می خواهم زنده بمانم - قسمت 19 | Mikhaham Zendeh Bemanam Series - Episode 19,https://www.youtube.com/watch?v=hhUZPtrPwfs
سریال می خواهم زنده بمانم قسمت نوزدهم#shorts,https://www.youtube.com/watch?v=3tBaHv24bHc
سریال جوکر - فصل 5 - تیزر قسمت 1 | Joker Series - Season 5 - Teaser Episode 1,https://www.youtube.com/watch?v=f1l-qVxeNAw
سریال شبهای مافیا 4 - فصل 1 - دومین سکانس برتر قسمت 1 | Shabhaye Mafia 4 Series - Season 1,https://www.youtube.com/watch?v=XkUWg_thU8c
سریال شبهای مافیا 4 - فصل 1 - اولین سکانس برتر قسمت 1 | Shabhaye Mafia 4 Series - Season 1,https://www.youtube.com/watch?v=tdc3kfQqytA
سریال شبهای مافیا 4 - فصل 1 - تیزر بازیگران | Shabhaye Mafia 4 Series - Season 1 - Teaser,https://www.youtube.com/watch?v=ADfHonWaz3U
ممیزی - فصل 2 - قسمت 19 | Momayezi - Season 2 - Episode 19,https://www.youtube.com/watch?v=4OtTaPKIcXU
سریال نیسان آبی قسمت دوم#shorts,https://www.youtube.com/watch?v=CESWrqAHNp4
سریال نیسان آبی - فصل 1 - قسمت 2 | Neysan Abi Series - Season 1 - Episode 2,https://www.youtube.com/watch?v=6WgkKOWzmcU
برنامه ممیزی فصل دوم قسمت نوزدهم#shorts,https://www.youtube.com/watch?v=F_74L1b5YXQ
ممیزی - تیزر - کی اشکاتو پاک میکنه | Momayezi - Teaser,https://www.youtube.com/watch?v=WIMBrYB7tt0
Joker Series | جوکر - مصاحبه با مجید واشقانی و علی اوجی,https://www.youtube.com/watch?v=C8pQtQAC6oU
سریال شبهای مافیا 4 - فصل 1 - تیزر قسمت 1 | Shabhaye Mafia 4 Series - Season 1 - Teaser Episode 1,https://www.youtube.com/watch?v=hafxAjKHwZ4
سریال ملکه گدایان فصل اول قسمت نوزدهم#shorts,https://www.youtube.com/watch?v=LOlHmiRBpqQ
سريال ملکه گدایان - فصل اول -  قسمت 19 (قسمت آخر) | Malake Gedayan Series - Season 1 - Episode 19,https://www.youtube.com/watch?v=eRz3W69C62k
سریال جیران - دومین سکانس برتر قسمت 6 | Jeyran Series,https://www.youtube.com/watch?v=d3phfBSzXeg
سریال جیران - اولین سکانس برتر قسمت 6 | Jeyran Series,https://www.youtube.com/watch?v=CuI_bedGQ0g
فیلم اتومبیل - تیزر | Automobile Movie - Teaser,https://www.youtube.com/watch?v=xkdXZwUXLhk
سریال جیران - تیزر قسمت 6 | Jeyran Series - Teaser Episode 6,https://www.youtube.com/watch?v=Q18ljgrIer4
ممیزی - فصل 2 - قسمت 18 | Momayezi - Season 2 - Episode 18,https://www.youtube.com/watch?v=h0oZfyVANYU
برنامه ممیزی فصل دوم قسمت هجدهم#shorts,https://www.youtube.com/watch?v=TCh2dw1UPzM
Joker Series | جوکر - مصاحبه با مهران غفوریان و علی مسعودی,https://www.youtube.com/watch?v=ReBkcQQjh7A
Joker Series | سریال جوکر - مصاحبه با حامد آهنگی و سیروس میمنت,https://www.youtube.com/watch?v=97c948xHaMI
سریال شبهای مافیا 2 - فصل 4 - قسمت 3 | Shabhaye Mafia 2 Series - Season 4 - Episode 3,https://www.youtube.com/watch?v=0V13emR1R1M
شب های مافیا فصل چهارم قسمت سوم#shorts,https://www.youtube.com/watch?v=ugXzTRxvPSM
سریال ساخت ایران - فصل 3 - اولین سکانس برتر قسمت 1 | Sakhte Iran Series - Season 3,https://www.youtube.com/watch?v=wF6LvwPY_KM
سریال ساخت ایران - فصل 3 - دومین سکانس برتر قسمت 1 | Sakhte Iran Series - Season 3,https://www.youtube.com/watch?v=ST_mA0tLanM
سریال ساخت ایران - فصل 3 - تیزر قسمت 1 | Sakhte Iran Series - Season 3 - Teaser Episode 1,https://www.youtube.com/watch?v=tLnleY1SRPE
سریال جیران - آنچه گذشت قسمت 5 | Jeyran Series - Teaser,https://www.youtube.com/watch?v=3pbyYLXM-5U
Joker Series | سریال جوکر - مصاحبه با محمدرضا علیمردانی و امیرحسین صدیق,https://www.youtube.com/watch?v=jIwXPbJeLTo
سریال شبهای مافیا 2 - فصل 4 - قسمت 2 | Shabhaye Mafia 2 Series - Season 4 - Episode 2,https://www.youtube.com/watch?v=lWvXL4_PAAk
شب های مافیا فصل چهارم قسمت دوم#shorts,https://www.youtube.com/watch?v=2tzC6L2LUuc
سریال شبهای مافیا 2 - فصل 4 - تیزر ورود | Shabhaye Mafia 2 Series - Season 4 - Teaser,https://www.youtube.com/watch?v=wzsL3Bd73t4
سریال جوکر - فصل 4 - اولین سکانس برتر قسمت 4 | Joker Series - Season 4,https://www.youtube.com/watch?v=ERtrhZ6GRlo
سریال جوکر - فصل 4 - دومین سکانس برتر قسمت 4 | Joker Series - Season 4,https://www.youtube.com/watch?v=hN2S6H-zEMI
سریال جوکر - فصل 4 - تیزر قسمت 4 | Joker Series - Season 4 - Teaser Episode 4,https://www.youtube.com/watch?v=rNXpUWCWCN8
سریال می خواهم زنده بمانم - قسمت 18 | Mikhaham Zendeh Bemanam Series - Episode 18,https://www.youtube.com/watch?v=0NdrvhPfMCc
سریال می خواهم زنده بمانم قسمت نوزدهم#shorts,https://www.youtube.com/watch?v=7sC70MBCS4M
ممیزی - فصل 2 - قسمت 17 | Momayezi - Season 2 - Episode 17,https://www.youtube.com/watch?v=8jKsCVj1i_c
برنامه ممیزی فصل دوم قسمت هفدهم#shorts,https://www.youtube.com/watch?v=TrcBKQMkjJE
سریال جوکر - فصل 4 - دومین تیزر قسمت 3 | Joker Series - Season 4 - Teaser Episode 3,https://www.youtube.com/watch?v=9ENnhWMUx5g
سريال ملکه گدایان - فصل اول -  قسمت 18 | Malake Gedayan Series - Season 1 - Episode 18,https://www.youtube.com/watch?v=gv6p1SPPHr4
سریال ملکه گدایان فصل اول قسمت نوزدهم#shorts,https://www.youtube.com/watch?v=01uo_Fo7btk
سریال جیران - دومین سکانس برتر قسمت 5 | Jeyran Series,https://www.youtube.com/watch?v=QE8tJpoKlsg
سریال جیران - اولین سکانس برتر قسمت 5 | Jeyran Series,https://www.youtube.com/watch?v=NbTekVsigBE
سریال جیران - تیزر قسمت 5 | Jeyran Series - Teaser Episode 5,https://www.youtube.com/watch?v=aClMFyNlaHA
ممیزی - فصل 2 - قسمت 16 | Momayezi - Season 2 - Episode 16,https://www.youtube.com/watch?v=BKJABjYWrAE
برنامه ممیزی فصل دوم قسمت شانزدهم#shorts,https://www.youtube.com/watch?v=27fgqm2mA6I
فیلم صحنه زنی - تیزر | Sahneh Zani Movie - Teaser,https://www.youtube.com/watch?v=6F2zlI4IQlM
سریال شبهای مافیا 2 - فصل 4 - قسمت 1 | Shabhaye Mafia 2 Series - Season 4 - Episode 1,https://www.youtube.com/watch?v=PLP8beb7xXo
شب های مافیا فصل چهار قسمت اول#shorts,https://www.youtube.com/watch?v=_NMtdP8f_dY
سریال جیران - آنچه گذشت قسمت 1 تا 4 | Jeyran Series - Teaser,https://www.youtube.com/watch?v=NpvEAOahyTI
سریال شبهای مافیا 2 - فصل 3 - قسمت 3 | Shabhaye Mafia 2 Series - Season 3 - Episode 3,https://www.youtube.com/watch?v=zJPrxzQacmM
شبهای مافیا فصل سوم قسمت سوم#shorts,https://www.youtube.com/watch?v=uxdqZOi8GvA
سریال مردم معمولی - قسمت 20 (قسمت آخر) | Mardome Mamuli Series - Episode 20,https://www.youtube.com/watch?v=ItBSSY9db9w
سریال مردم معمولی قسمت بیستم#shorts,https://www.youtube.com/watch?v=pZxA0BHFbrc
سریال جوکر - فصل 4 - دومین سکانس برتر قسمت 3 | Joker Series - Season 4,https://www.youtube.com/watch?v=wK7eYaZsId8
سریال جوکر - فصل 4 - اولین سکانس برتر قسمت 3 | Joker Series - Season 4,https://www.youtube.com/watch?v=Eia31g9bcmw
سریال جوکر - فصل 4 - اولین تیزر قسمت 3 | Joker Series - Season 4 - Teaser Episode 3,https://www.youtube.com/watch?v=pVgDuEg7R2w
سریال می خواهم زنده بمانم - قسمت 17 | Mikhaham Zendeh Bemanam Series - Episode 17,https://www.youtube.com/watch?v=tYvfejzmwi4
ممیزی - فصل 2 - قسمت 15 | Momayezi - Season 2 - Episode 15,https://www.youtube.com/watch?v=YmBEscui6eY
سريال ملکه گدایان - فصل اول -  قسمت 17 | Malake Gedayan Series - Season 1 - Episode 17,https://www.youtube.com/watch?v=mpU7Kzk9clk
سریال ملکه گدایان فصل اول قسمت هفدهم#shorts,https://www.youtube.com/watch?v=gx3kMlX-jHk
سریال جیران - قسمت 1 | Jeyran Series - Episode 1,https://www.youtube.com/watch?v=-8ENb1C5YH8
2 سریال جوکر - فصل 4 - دومین تیزر قسمت | Joker Series - Season 4 - Teaser Episode 2,https://www.youtube.com/watch?v=e-Szpqn5E2E
سریال جیران - تیزر قسمت 4 | Jeyran Series - Teaser Episode 4,https://www.youtube.com/watch?v=9HyHerr10YU
سریال جیران - اولین سکانس برتر قسمت 4 | Jeyran Series,https://www.youtube.com/watch?v=ESaxamDKEZ4
سریال جیران - دومین سکانس برتر قسمت 4 | Jeyran Series,https://www.youtube.com/watch?v=ELNwsCB-Au4
سریال جیران قسمت اول#shorts,https://www.youtube.com/watch?v=YStPqqm4HcI
ممیزی - فصل 2 - قسمت 14 | Momayezi - Season 2 - Episode 14,https://www.youtube.com/watch?v=Unzd1gwMq88
برنامه ممیزی فصل دوم قسمت چهاردهم#shorts,https://www.youtube.com/watch?v=UDVLgZxPrW0
سریال شبهای مافیا 2 - فصل 3 - قسمت 2 | Shabhaye Mafia 2 Series - Season 3 - Episode 2,https://www.youtube.com/watch?v=-D5mIt8qYCE
شب های مافیا فصل سوم قسمت دوم#shorts,https://www.youtube.com/watch?v=7OV1asGVCuU
Neysan Abi Series - Season 1 | سریال نیسان آبی - فصل 1 - سکانس برتر قسمت 20,https://www.youtube.com/watch?v=sjjxuaq7gMk
Joker Series - Season 4 - Teaser Episode 2 | سریال جوکر - فصل 4 - تیزر قسمت 2,https://www.youtube.com/watch?v=7IfMlRXHTuE
Neysan Abi Series - Season 1 - Teaser Episode 20 | سریال نیسان آبی - فصل 1 - تیزر قسمت 20,https://www.youtube.com/watch?v=7bTa36VJ3z4
شب های مافیا فصل سوم قسمت اول#shorts,https://www.youtube.com/watch?v=b8EQ4z7TK80
Neysan Abi Series - Season 1 - Teaser 2 | سریال نیسان آبی - فصل 1 - تیزر 2,https://www.youtube.com/watch?v=MCsljRA5lxM