title,url
تیزر فیلم سینمایی ایرانی فردا - Farda Film Irani Trailer,https://www.youtube.com/watch?v=HH_pzZXCG7Q
سریال ایرانی ایلدا قسمت هجدهم | Eilda Serial Irani E18,https://www.youtube.com/watch?v=A5WXgwmgiTc
سریال پلیسی آمین قسمت هفتم | Amin Serial Irani E07,https://www.youtube.com/watch?v=BTd42KLMZc0
شهاب حسینی و میترا حجار در فیلم ایرانی رخساره - Rokhsareh Film Irani,https://www.youtube.com/watch?v=p4J4mS8LpUE
کامبیز دیرباز در فیلم ایرانی سرگیجه - Sargije Film Irani,https://www.youtube.com/watch?v=tFi4jRxzCZs
سریال ایرانی ایلدا قسمت هفدهم | Eilda Serial Irani E17,https://www.youtube.com/watch?v=Y4zDhWPbiBs
سریال پلیسی آمین قسمت ششم | Amin Serial Irani E06,https://www.youtube.com/watch?v=UpiPggX5Nsc
محمدرضا فروتن در فیلم سینمایی ایرانی عیار14 | Film Irani Ayareh 14 With English Subtitles,https://www.youtube.com/watch?v=WWwKU-FmU5Y
فردوس کاویانی، عزت الله انتضامی در فیلم جنگی ایرانی در مسیر تندباد,https://www.youtube.com/watch?v=dqbfYde4zn0
مستند ایرانی محرمانه های مشهد - Iranian Documentary Mashhad,https://www.youtube.com/watch?v=O9rUWs-se6w
سریال ایرانی ایلدا قسمت شانزدهم | Eilda Serial Irani E16,https://www.youtube.com/watch?v=m45YbcdF7X4
سریال پلیسی آمین قسمت پنجم | Amin Serial Irani E05,https://www.youtube.com/watch?v=GX9CXXlUPfc
تیزر فیلم سینمایی سیب و سلما | Film Irani Sibo Salma Trailer,https://www.youtube.com/watch?v=iMfZL_zzGOg
سریال ایرانی ایلدا قسمت پانزدهم | Eilda Serial Irani E15,https://www.youtube.com/watch?v=BT6Mflkxm_I
سریال پلیسی آمین قسمت چهارم | Amin Serial Irani E04,https://www.youtube.com/watch?v=mCbcmnFC_b4
مستند ایرانی کوثر - Iranian Documentary Kawthar,https://www.youtube.com/watch?v=es8PoDNW2I0
فیلم ایرانی امشب شب مهتابه - مهناز افشار | Emshab Shabe Mahtabe Film Irani,https://www.youtube.com/watch?v=cGnaOykTts8
Iran- Culture and Nature - فرهنگ و طبیعت ایران - مستند ایرانی فرشته هزار سنگ,https://www.youtube.com/watch?v=ww9a9yyEcF4
سریال ایرانی ایلدا قسمت چهاردهم | Eilda Serial Irani E14,https://www.youtube.com/watch?v=PUaaflfeL6w
سریال پلیسی آمین قسمت سوم | Amin Serial Irani E03,https://www.youtube.com/watch?v=x5iHzn5V7lE
مهناز افشار در فیلم ایرانی انعکاس - Persian Movie The CastBack,https://www.youtube.com/watch?v=CCOzbQTxGiM
تیزر فیلم سینمایی جدید ایرانی قندون جهیزیه | Dowry Sugar Film Irani With English Subtitles Trailer,https://www.youtube.com/watch?v=H02P7Gy45Lc
سریال ایرانی ایلدا قسمت سیزدهم | Eilda Serial Irani E13,https://www.youtube.com/watch?v=9RKad3vGaTE
سریال پلیسی آمین قسمت دوم | Amin Serial Irani E02,https://www.youtube.com/watch?v=kxcUVbWPbyY
Film Irani The Painting Pool | فیلم سینمایی ایرانی حوض نقاشی,https://www.youtube.com/watch?v=HDMvSbijSVI
سعید پیردوست و رضا کیانیان در فیلم کمدی ایرانی گنج پنهان- Hidden Treasure Film Irani,https://www.youtube.com/watch?v=Vz3APMSTnTs
تیزر سریال کمدی ایرانی عطسه | Atse Serial Comedy Irani Trailer,https://www.youtube.com/watch?v=B2kO2At73eo
سریال ایرانی ایلدا قسمت دوازدهم | Eilda Serial Irani E12,https://www.youtube.com/watch?v=RvOTskpN47w
سریال پلیسی آمین قسمت اول با بازی مجید واشقانی، امین حیایی | Amin Serial Irani E01,https://www.youtube.com/watch?v=IBl5gOwhEMg
فیلم سینمایی توقیف شده حاجی واشنگتن از علی حاتمی | Persian Movies Haji Vashangton,https://www.youtube.com/watch?v=m4F7zhEeTa0
تیزر سریال کمدی ایرانی عطسه | Atse Serial Comedy Irani Trailer,https://www.youtube.com/watch?v=TYw6b9Bhlzo
سریال ایرانی ایلدا قسمت یازدهم | Eilda Serial Irani E11,https://www.youtube.com/watch?v=i7PhY_FDuJs
سریال کمدی ایرانی نون خ 2 قسمت آخر | Noon Khe E14 Serial Comedi Irani,https://www.youtube.com/watch?v=MxMF3uKltxY
فیلم سینمایی ایرانی سربازهای جمعه با بازی بهرام رادان،محمدرضا فروتن | Film Irani Friday's Soldiers,https://www.youtube.com/watch?v=pfCSmFgzcJo
تیزر فیلم سینمایی تارا و تب توت فرنگی | Persian Movies Tara Va Tabe Toot Farangi Trailer,https://www.youtube.com/watch?v=mFACCsJ4IJ4
سریال ایرانی ایلدا قسمت دهم | Eilda Serial Irani E10,https://www.youtube.com/watch?v=HWPwIVtSzPA
سریال کمدی ایرانی نون خ 2 قسمت سیزدهم | Noon Khe E13 Serial Comedi Irani,https://www.youtube.com/watch?v=PM_YFEEJcdg
فخری خوروش، پژمان بازغی در فیلم سینمایی تارا و تب توت فرنگی | Tara Va Tabe Toot Farangi,https://www.youtube.com/watch?v=YLxL2hNuoso
تیزر فیلم سینمایی سیب و سلما | Film Irani Sibo Salma Trailer,https://www.youtube.com/watch?v=3Ny00jMW6zA
سریال ایرانی ایلدا قسمت نهم | Eilda Serial Irani E09,https://www.youtube.com/watch?v=olwfEM50-dk
سریال کمدی ایرانی نون خ 2 قسمت دوازدهم | Noon Khe E12 Serial Comedi Irani,https://www.youtube.com/watch?v=93KgO0RxDeA
پروانه معصومی در فیلم ایرانی تماس | Film Irani Tamas,https://www.youtube.com/watch?v=5s1JC_Zr1e0
تیزر فیلم سینمایی جدید ایرانی حکم تجدید نظر | Film Irani Revision Trailer,https://www.youtube.com/watch?v=0nyXhQuli-s
سریال ایرانی ایلدا قسمت هشتم | Eilda Serial Irani E08,https://www.youtube.com/watch?v=aqa790af_sE
سریال کمدی ایرانی نون خ 2 قسمت یازدهم | Noon Khe E11 Serial Comedi Irani,https://www.youtube.com/watch?v=pKPC0Ta2lmc
نوید محمدزاده و امیر جدیدی در فیلم ایرانی 13(سیزده) | Film Irani 13 With English Sub,https://www.youtube.com/watch?v=WKtmiP14VTI
فیلم کمدی ایرانی چهارشنبه عزیز | Film Irani Charshanbeye Aziz(Dear Wednesday),https://www.youtube.com/watch?v=amSVG-EJM4M
فیلم سینمایی سراب | Sarab Persian Movie,https://www.youtube.com/watch?v=XO4DxoH3i6g
سریال ایرانی ایلدا قسمت هفتم | Eilda Serial Irani E07,https://www.youtube.com/watch?v=WfascCxeTQw
سریال کمدی ایرانی نون خ 2 قسمت دهم | Noon Khe E10 Serial Comedi Irani,https://www.youtube.com/watch?v=7704V8WDVK4
فیلم ایتالیا ایتالیا با بازی همایون ارشادی، سارا بهرامی و حامد کمیلی | Italy Italy Film Irani,https://www.youtube.com/watch?v=CmxZ70BDOnw
فیلم سینمایی جدید حورا | Film  Irani Hoora with English Subtitles,https://www.youtube.com/watch?v=GXCpY02bqS8
تیزر فیلم سینمایی جدید ایرانی قندون جهیزیه | Dowry Sugar Film Irani With English Subtitles Trailer,https://www.youtube.com/watch?v=qIyo9-WgrXI
سریال ایرانی ایلدا قسمت ششم | Eilda Serial Irani E06,https://www.youtube.com/watch?v=fYC2GrKaDYY
سریال کمدی ایرانی نون خ 2 قسمت نهم | Noon Khe E09 Serial Comedi Irani,https://www.youtube.com/watch?v=4-2KlfchHgQ
فتحعلی اویسی، پرویز پرستویی، مهتاب کرامتی در فیلم کمدی ایرانی مومیایی 3 | Film Irani Mumiyayi 3,https://www.youtube.com/watch?v=xjaIAnFYkVw
فیلم سینمایی ایرانی هدف | Film Irani Hadaf,https://www.youtube.com/watch?v=CSEf4rpFV0U
سریال ایرانی ایلدا قسمت پنجم | Eilda Serial Irani E05,https://www.youtube.com/watch?v=6fYos_aobGw
سریال کمدی ایرانی نون خ 2 قسمت هشتم | Noon Khe E08 Serial Comedi Irani,https://www.youtube.com/watch?v=Byn6r0_EjVc
اکبر عبدی،صابر ابر،نگار جواهریان در فیلم کمدی ایرانی قندون جهیزیه - FilmIrani With English Subtitles,https://www.youtube.com/watch?v=5xzDG481itU
علیرضا خمسه در فیلم کمدی ایرانی ما خونه نیستیم | We're not at home Comedy Film Irani,https://www.youtube.com/watch?v=x7ZijADBJrg
فیلم ایرانی بی دل | Heartless Persian Movie,https://www.youtube.com/watch?v=Oh8cqFh9kyk
سریال ایرانی ایلدا قسمت چهارم | Eilda Serial Irani E04,https://www.youtube.com/watch?v=Jeo-agHsKPQ
سریال کمدی ایرانی نون خ 2 قسمت هفتم | Noon Khe E07 Serial Comedi Irani,https://www.youtube.com/watch?v=xwzYTnIdmh4
محمدرضا گلزار و گلشیفته فراهانی و حامد بهداد در فیلم ایرانی بوتیک | Boutik ( Boutique ) Film Irani,https://www.youtube.com/watch?v=AL1hxZVSmR8
تیزر مینی سریال ایرانی روز بلوا | Mini Serial Iranj Roozeh Balva,https://www.youtube.com/watch?v=Qcre-RWhb2g
فیلم ایرانی محاکمه | Mohakemeh Film Irani,https://www.youtube.com/watch?v=Yq9Apl6V-9I
سریال ایرانی ایلدا قسمت سوم | Eilda Serial Irani E03,https://www.youtube.com/watch?v=wpZ0-_co7eM
سریال کمدی ایرانی نون خ 2 قسمت ششم | Noon Khe E06 Serial Comedi Irani,https://www.youtube.com/watch?v=6a-d1efVPFU
فیلم ایرانی تجارت | Tejarat Film Irani,https://www.youtube.com/watch?v=Kdb45j1OHjA
سریال ایرانی ایلدا قسمت دوم | Eilda Serial Irani E02,https://www.youtube.com/watch?v=4dfU2AzbTKA
سریال کمدی ایرانی نون خ 2 قسمت پنجم | Noon Khe E05 Serial Comedi Irani,https://www.youtube.com/watch?v=sI6lw1zZMqo
داریوش مهرجوی، همایون ارشادی و گلشیفته فراهانی در درخت گلابی,https://www.youtube.com/watch?v=QD9hU53tvMk
تیزرفیلم جدید جنگی تک تیرانداز | Sniper Film Irani Trailer,https://www.youtube.com/watch?v=UtrFwFcwDGw
فیلم سینمایی ایرانی بازیچه | Persian Movies Bazicheh,https://www.youtube.com/watch?v=DTS1IBjM4ec
Paytakht Series Live  | 5  لایو تمامی قسمت های سریال طنز ایرانی پایتخت,https://www.youtube.com/watch?v=dpRFa4b0f24
سریال ایرانی ایلدا قسمت اول | Eilda Serial Irani E01,https://www.youtube.com/watch?v=wjPX0Rc_qF8
سریال کمدی ایرانی نون خ 2 قسمت چهارم | Noon Khe E04 Serial Comedi Irani,https://www.youtube.com/watch?v=HV72FsculzA
فیلم ایرانی خدا نزدیک است | God is Close Film Irani,https://www.youtube.com/watch?v=kvPdxnpZvCo
فیلم سینمایی اکشن ایرانی عشق و مرگ با بازی جمشید هاشم پور | Action Movie Eshgh & Marg,https://www.youtube.com/watch?v=ZQjiP4I9WRg
💌فیلم درام قدیمی سام و نرگس | With English subtitles,https://www.youtube.com/watch?v=mQECl9kocXw
سریال کمدی ایرانی نون خ 2 قسمت سوم | Noon Khe E03 Serial Comedi Irani,https://www.youtube.com/watch?v=1VPvuD5LQK0
حامد بهداد، پژمان بازغی، هانیه توسلی در فیلم سینمایی ایرانی کافه ستاره - Film Irani Cafe Setareh,https://www.youtube.com/watch?v=MUL-ZhUxJVU
فیلم ایرانی صبح روز هفتم با بازی شهرام حقیقت دوست و داریوش اسدزاده | Film Irani Sobhe Roooze 7,https://www.youtube.com/watch?v=BFzKF4jE8Gk
تیزر فیلم قند تلخ | Ghandeh Talkh Iranian Movie Trailer,https://www.youtube.com/watch?v=CvxzEkkdzkU
فیلم کمدی ایرانی شب به یاد ماندنی | Film Irani Shabe Be Yad Mandani,https://www.youtube.com/watch?v=e4wOi13gbbQ
سریال کمدی ایرانی نون خ 2 قسمت دوم | Noon Khe E02 Serial Comedi Irani,https://www.youtube.com/watch?v=wU1fy8GGt1M
فیلم سینمایی ایرانی مانی و ندا | Persian movie Mani And Neda,https://www.youtube.com/watch?v=Dw3CuZN8krI
تیزر فیلم ایرانی سینمایی کار کثیف | Dirty Job Iranian Movie Trailer,https://www.youtube.com/watch?v=EkRyJTzozjg
سریال کمدی ایرانی نون خ 2 قسمت اول | Noon Khe E01 Serial Comedi Irani,https://www.youtube.com/watch?v=UTj2Alkpluc
فرهاد اصلانی و فاطمه معتمدآریا در فیلم سینمایی آسمان پر ستاره | Film Irani The Starry Sky,https://www.youtube.com/watch?v=kVdHDJBO5a4
تیزر فیلم سینمایی جدید ایرانی صحنه زنی | Film Irani Sahneh Zani Trailer,https://www.youtube.com/watch?v=d2cDTyChU_A
مسابقه ایرانی ۱۳ شمالی قسمت آخر(سیزده شمالی) | The 13th North E8,https://www.youtube.com/watch?v=Qq3tedJ0GVg
فیلم سینمایی آبی با بازی بهرام رادان و هدیه تهرانی | Film Irani Abi(Blue) With English Subtitles,https://www.youtube.com/watch?v=QWNz_NO1aIc
فیلم سینمایی ایرانی راز شب بارانی | Film Farsi Rainy Night,https://www.youtube.com/watch?v=6CATIse0lRc
تیزر فیلم سینمایی جدید ایرانی حکم تجدید نظر | Film Irani Revision Trailer,https://www.youtube.com/watch?v=ftdNns7y7zI
مسابقه ایرانی ۱۳ شمالی قسمت هفتم(سیزده شمالی) | The 13th North E7,https://www.youtube.com/watch?v=gcFcLHD3CEk
ترانه علیدوستی، بهرام رادان و محمدرضا فروتن در فیلم سینمایی کنعان,https://www.youtube.com/watch?v=OVkTe7wEbzU
تیزر فیلم فصل نرگس | Fasleh Narges Iranian Movie Trailer,https://www.youtube.com/watch?v=WbjxFpccg4M
سعید پورصمیمی، فرهاد اصلانی، هانیه توسلی در فیلم کمدی کلمبوس | Film Irani,https://www.youtube.com/watch?v=eUrnfSOPe3I
مسابقه ایرانی ۱۳ شمالی قسمت ششم(سیزده شمالی) | The 13th North E6,https://www.youtube.com/watch?v=rFY-uiygVtE
ترلان پروانه و پژمان بازغی و ارسلان قاسمی در فیلم ایرانی جدید پیشونی سفید 3 | Pishooni Sefid 3,https://www.youtube.com/watch?v=uVI4MXUIOTE
مسابقه ایرانی ۱۳ شمالی قسمت پنجم(سیزده شمالی) | The 13th North E5,https://www.youtube.com/watch?v=g5Umi1bMMP4
فیلم سینمایی جدید فردا | Farda Film Irani,https://www.youtube.com/watch?v=ZcBVIYIgNCg
مسابقه ایرانی ۱۳ شمالی قسمت چهارم(سیزده شمالی) | The 13th North E4,https://www.youtube.com/watch?v=8splz04OYo0
فیلم ایرانی من همسرش هستم | Film Irani I'm His Wife,https://www.youtube.com/watch?v=HqgjTJqfdDI
تیزر فیلم قند تلخ | Ghandeh Talkh Iranian Movie Trailer,https://www.youtube.com/watch?v=2w0gT7WWxTE
مسابقه ایرانی ۱۳ شمالی قسمت سوم(سیزده شمالی) | The 13th North E3,https://www.youtube.com/watch?v=xEFDJBt4204
مسابقه ایرانی ۱۳ شمالی قسمت دوم(سیزده شمالی) | The 13th North E2,https://www.youtube.com/watch?v=fw7vg1j5vGo
سعید راد در فیلم جنگی ایرانی جدید چ | Persian Movie Che With English Subtitles - الترجمة العربية,https://www.youtube.com/watch?v=Ylq7juSMDtI
جمشید هاشم پور در فیلم جنگی ایرانی افعی | Persian Movie The Viper,https://www.youtube.com/watch?v=gu49liRT5b4
جمشید هاشم پور در فیلم سینمایی تاراج : یک شیر مرده بیرون قفس بهتر از صد شیر مرده تو قفسه,https://www.youtube.com/watch?v=75cfAHLsRT8
فیلم کمدی شگون | Comedy Film Irani Shogoon,https://www.youtube.com/watch?v=yC5t0Sxuh1c
محسن کیایی، نیکی کریمی، حسام محمودی، باران کوثری، هادی حجازی فر در فیلم آستیگمات,https://www.youtube.com/watch?v=kyTEmiYbNuU
مسابقه ایرانی ۱۳ شمالی قسمت اول(سیزده شمالی) | The 13th North E1,https://www.youtube.com/watch?v=G2Vye1_2dR8
فیلم جنگی ایرانی مقاومت | Persian Movie The Resistance,https://www.youtube.com/watch?v=-EfPl8rXSCA
فتحعلی اویسی درفیلم ایرانی می خواهم زنده بمانم | Persian Movie Mikhaham Zendeh Bemanam,https://www.youtube.com/watch?v=Z6_Zq9uQeAY
تیزر فیلم سینمایی ایرانی کمدی انسانی | Film Irani Comedy Ensani Trailer,https://www.youtube.com/watch?v=ynd7T-VNnCM
ژاله صامتی، علیرضا استادی در فیلم جدید ایرانی شب اول هجده سالگی - With English Subtitles,https://www.youtube.com/watch?v=nh3jfejHI9A
تیزرفیلم جدید جنگی تک تیرانداز | Sniper Iranian Movie Trailer,https://www.youtube.com/watch?v=t7tC-7Y6PIU
تیزر فیلم سینمایی ایرانی کمدی انسانی | Film Irani Comedy Ensani Trailer,https://www.youtube.com/watch?v=R7zCTGPRAP4
تیزرجدید فیلم ایرانی آبادان یازده 60 | Abadan 1160 Iranian Movie trailer,https://www.youtube.com/watch?v=GZAbzuZfDs4
آخرین بازی مرحوم علی انصاریان در سریال پلیسی سرزده قسمت نهم (آخرین قسمت),https://www.youtube.com/watch?v=8d9_0EYcKzE
هانیه توسلی در فیلم سینمایی ایرانی یک شب | Film Irani One Night,https://www.youtube.com/watch?v=SWzinANdWic
ویشکا آسایش در فیلم ایرانی ساحره | Persian Movie The Witch,https://www.youtube.com/watch?v=jUg0Nj-n6hY
فیلم سینمایی ایرانی خداحافظ رفیق | Film Farsi Khodahafez Rafigh,https://www.youtube.com/watch?v=oMXmhJDBwWg
فردوس كاویانی در فیلم سینمایی ایرانی آن سفر کرده | Film Irani Aan Safar Kardeh,https://www.youtube.com/watch?v=RI6YgUxBdXM
تیزر فیلم میهمان داریم | Mihman Darim Iranian Movie Trailer,https://www.youtube.com/watch?v=uoZrD7rbPms
سید جواد هاشمی در فیلم جنگی سینمایی چشم شیشه ای | Iranian Movie The Glass Eye,https://www.youtube.com/watch?v=KktTHEuD3fg
تیزرفیلم جدید جنگی تک تیرانداز | Sniper Iranian Movie Trailer,https://www.youtube.com/watch?v=9V2j8FEaVo4
سریال پلیسی سرزده قسمت چهارم | Serial Irani Sarzadeh E04,https://www.youtube.com/watch?v=ve1xqb1mw4k
مهدی هاشمی در فیلم کمدی ایرانی معجزه خنده | Iranian Movie Mo'ojeze-ye Khandeh,https://www.youtube.com/watch?v=YAvgLXkyYio
Donkey Cinema Trailer (Meshmeshe) With English Subtitles | تیزر فیلم سینمایی سینما خر (مشمشه),https://www.youtube.com/watch?v=bWVCFd6sD9o
فیلم کوتاه ایرانی خانه فاطمه کجاست | Where is Fatima's house Short Film Irani,https://www.youtube.com/watch?v=n1T-wMvpKAY
مستند ایرانی میرزا عباس | Iranian Documentary میرزا عباس,https://www.youtube.com/watch?v=joGtUDcO174
مستند ایرانی پرواز در آب | Iranian Documentary Parvaz Dar Aab,https://www.youtube.com/watch?v=eZYH1YMJhd0
تیزر فیلم خدا نزدیک است | God is near Iranian Movie Trailer,https://www.youtube.com/watch?v=jdYFXbdoT7A
مستند ایرانی پسکت | Iranian Documentary Pasket,https://www.youtube.com/watch?v=7ilv1rX_xf4
Donkey Cinema (Meshmeshe) With English Subtitles | فیلم سینمایی سینما خر (مشمشه),https://www.youtube.com/watch?v=HsHoPLvfino
فیلم ایرانی مروا | Morva Film Irani,https://www.youtube.com/watch?v=fHLAe63VwU0
مستند ایرانی غریب محله | Iranian Documentary Gharib Mahaleh,https://www.youtube.com/watch?v=JB1yQ0N8akU
مستند ایرانی تهران 995 | Iranian Documentary Tehran 995 With English Subtitles,https://www.youtube.com/watch?v=F4gLpunaF3w
فیلم ایرانی روییدن در باد | Persian Movie Rooyidan Dar Bad With English Subtitles,https://www.youtube.com/watch?v=aEM2IhBkqNU
فیلم جنگی ایرانی آخرین شناسایی | Persian Movie Akharin Shenasayi,https://www.youtube.com/watch?v=54kbWmcFcdM
مستند ایرانی بهتر از هیچ | Iranian Documentary Behtar Az Hich,https://www.youtube.com/watch?v=0M0VHWv-9_U
فیلم سینمایی ایرانی علمدار | Film Farsi Alamdar,https://www.youtube.com/watch?v=F5A9pr0YY3w
سریال پلیسی سرزده قسمت هشتم | Serial Irani Sarzadeh E08,https://www.youtube.com/watch?v=lFbxSFGkGpg
ِمستند ایرانی بناهای تاریخی اصفهان | Isfahan historical monuments Iranian Documentary,https://www.youtube.com/watch?v=coY-Ku4Qliw
سریال پلیسی سرزده قسمت هفتم | Serial Irani Sarzadeh E07,https://www.youtube.com/watch?v=panAewTrB5A
فیلم سینمایی ایرانی تپلی | Film Farsi Topoli,https://www.youtube.com/watch?v=BJX0hBoZz9A
تیزر فیلم سینمایی فرزند خاک | Film Irani Child of the Soil Trailer,https://www.youtube.com/watch?v=U-GCg3AEpdo
رضا صفایی پور در فیلم اکشن ایرانی شکار در شب | Film Irani Prey at Night,https://www.youtube.com/watch?v=isy7UCmTZXs
سریال پلیسی سرزده قسمت ششم | Serial Irani Sarzadeh E06,https://www.youtube.com/watch?v=_SsHm7AcGEo
فیلم سینمایی سایه های سرد | Persian Movie Cold Shadows,https://www.youtube.com/watch?v=Ux2y-XggaJA
تیزر فیلم سینمایی سکوت رعنا | Ranna's Silence Film Irani With English Subtitles Trailer,https://www.youtube.com/watch?v=zjMhY6yrHQY
فیلم سینمایی ایرانی خبر خاصی نیست | Persian Movie Khabareh Khasi Nist,https://www.youtube.com/watch?v=RHY6AmpktAw
سریال پلیسی سرزده قسمت پنجم | Serial Irani Sarzadeh E05,https://www.youtube.com/watch?v=Q1erPTsu2l4
فیلم ایرانی بحران با بازی  محمد کاسبی | Persian Movie Bohran,https://www.youtube.com/watch?v=dBAoqr0Epiw
تیزر فیلم سینمایی زخم شانه حوا | Film Irani Zakhme Shane Havva Trailer,https://www.youtube.com/watch?v=oFUqPLW1vgg
فیلم کمدی ایرانی بی ستون چهلستون | Persian Movie Bi Sotune Chehel Sotun,https://www.youtube.com/watch?v=QpoyX_i2gG8
تیزر فیلم سینمایی زخم شانه حوا | Film Irani Zakhme Shane Havva Trailer,https://www.youtube.com/watch?v=pNSiBN8SoNs
سریال پلیسی سرزده قسمت سوم | Serial Irani Sarzadeh E03,https://www.youtube.com/watch?v=XfsBAnxJtXA
فیلم سینمایی ایرانی رنگ شب | Persian Movie Color of Night,https://www.youtube.com/watch?v=R-nhcTV7KtI
سریال پلیسی سرزده قسمت دوم | Serial Irani Sarzadeh E02,https://www.youtube.com/watch?v=ke68Mx6LkA8
فیلم اکشن ایرانی مرگ پلنگ | Film Irani Leopard Death,https://www.youtube.com/watch?v=RJzFton8hYU
تیزر فیلم سینمایی سر به مهر | Film Irani The Sealed Secret with English Subtitles Trailer,https://www.youtube.com/watch?v=htI-bJmvSzM
فردوس کاویانی و مجید مظفری در فیلم ساوالان,https://www.youtube.com/watch?v=j405gEupINo
آخرین بازی مرحوم علی انصاریان در سریال پلیسی سرزده قسمت اول,https://www.youtube.com/watch?v=efqG8BC_PtA
فیلم ایرانی صبح خاکستر | Film Irani Sobhe Khakestar,https://www.youtube.com/watch?v=hdbtiU5w1e8
"تیزر فیلم خیلی دور خیلی نزدیک | So Close, So Far Iranian Movie Trailer",https://www.youtube.com/watch?v=6GDlFGn1VdI
فیلم جنگی ایرانی جانبازان | Persian Movie Janbazan,https://www.youtube.com/watch?v=4idlfNxPuYI
سریال کمدی قصه های سجاد قسمت سیزدهم | Sajjad Stories Serial Irani Episode 13,https://www.youtube.com/watch?v=9oXfTJAs06w
سیدجواد هاشمی در فیلم ایرانی قدرت عشق | Persian Movie Ghodrate Eshgh,https://www.youtube.com/watch?v=d-qp89S83zQ
تیزر فیلم خسته نباشید | Khaste nabashid Iranian Movie Trailer,https://www.youtube.com/watch?v=1sT3YABDaQc
فیلم ایرانی تابستان 58 | Persian Movie Summer 58,https://www.youtube.com/watch?v=fqjgojPU8F8
تیزر فیلم دلخون | Delkhoon Iranian Movie Trailer,https://www.youtube.com/watch?v=f-AtjHO_Dh4
فیلم کوتاه ایرانی زیپ | The Zip Short Film Irani,https://www.youtube.com/watch?v=jMmU_M3XdlI
تیزر فیلم سینمایی دایان | Dayan Full Movie with English Subtitle Trailer,https://www.youtube.com/watch?v=2VNr-FtODVk
پرستو صالحی در فیلم ایرانی دوراهی | Iranian Film Dorahi,https://www.youtube.com/watch?v=dS7cKEWdvz0
فیلم کمدی ایرانی شوخی ممنوع | Iranian Movie Shookhi Mamnoo,https://www.youtube.com/watch?v=9xDPUHtg4Vs
تیزرفیلم ایرانی حوض نقاشی | The Painting Pool with English Subtitles Trailer,https://www.youtube.com/watch?v=xUX56kCIlJ4
جمشید هاشم پور در فیلم اکشن فارسی یوزپلنگ | Film Farsi YoozPalang,https://www.youtube.com/watch?v=jmle_odSWKU
امین حیایی، الناز شاکردوست، شقایق دهقان در فیلم کمدی ایرانی آتیش بازی | Persian Movie Atish Bazi,https://www.youtube.com/watch?v=LHRJhZZKgCo
تیزر فیلم ایرانی پروانگی | Film Irani Parvanegi Trailer,https://www.youtube.com/watch?v=UwZM6DyU6Ew
ایرانی دادستان قسمت آخر | Dadestan Serial Irani E16,https://www.youtube.com/watch?v=ydu8HkPboG0
فیلم اکشن ایرانی سلطان | Film Irani Soltan,https://www.youtube.com/watch?v=EGUaxOkXm1M
یه شب خوابت چشامو بی خبر برد 🥺 یک دقیقه خاطره بازی به یاد فتحعلی اویسی#shorts,https://www.youtube.com/watch?v=0l83z046O58
محمدرضا گلزار، امین حیایی، بیتا فرهی در فیلم کمدی ایرانی شیش و بش,https://www.youtube.com/watch?v=SPUrT8PzofE
تیزر فیلم پا برهنه در بهشت | Barefoot in Paradise Iranian Movie Trailer,https://www.youtube.com/watch?v=YUZ2oltQsKc
ایرانی دادستان قسمت پانزدهم | Dadestan Serial Irani E15,https://www.youtube.com/watch?v=dM2KfR7PNQ0
فردوس کاویانی و خسرو امیرصادقی در فیلم سینمایی ایرانی بهار در پاییز | Film Irani Bahar Dar Paeez,https://www.youtube.com/watch?v=GQfbhB2sSoc
سریال کمدی قصه های سجاد قسمت دوازدهم | Sajjad Stories Serial Irani Episode 12,https://www.youtube.com/watch?v=QN5Zshqk1ZA
فیلم کمدی ایرانی کبوتران خسته | Persian Movie Kabootarane Khasteh,https://www.youtube.com/watch?v=dTW4PU0m4iA
تیزر فیلم آخرین ملکه زمین | Film Irani Akharin Malake Zamin Trailer,https://www.youtube.com/watch?v=a30hUjAdgF4
امیر آقایی در فیلم سینمایی روز از نو به تهیه کنندگی کیومرث پوراحمد | Persian Movie Rooz Az No,https://www.youtube.com/watch?v=m4CGOKPM9n4
تیزر فیلم بوسیدن روی ماه | Film Irani Boosidane Rooye Mah Trailer,https://www.youtube.com/watch?v=1KBv71N2PHo
فیلم دلشوره به تهیه کنندگی کیومرث پوراحمد | Iranian Film Delshooreh,https://www.youtube.com/watch?v=dolHYREWimU
من دیوانه نیستم فیلم درام کمدی با بازی برزو ارجمند و پزمان جمشیدی😔,https://www.youtube.com/watch?v=YWMPXeR2wwA
تیزر فیلم کمدی ایتالیا ایتالیا | Film Irani Voice of Silence with English Subtitles Trailer,https://www.youtube.com/watch?v=n6_2EYKk8ps
سریال ایرانی دادستان قسمت چهاردهم | Dadestan Serial Irani E14,https://www.youtube.com/watch?v=vq3_qYf9yWk
فیلم کمدی ایرانی شبی در تهران با بازی زنده یاد سعید پیردوست و رامبد جوان,https://www.youtube.com/watch?v=PuGd74w5KTk
سریال کمدی قصه های سجاد قسمت یازدهم | Sajjad Stories Serial Irani Episode 11,https://www.youtube.com/watch?v=x3Mg9yOivxw
فیلم کمدی ایرانی قصه گمشده | Persian Movie Gheseye Gomshodeh,https://www.youtube.com/watch?v=KUW0GK9UTq8
تیزر فیلم آخرین ملکه زمین | Film Irani Akharin Malake Zamin Trailer,https://www.youtube.com/watch?v=g-Xz1Rkgau0
منطقه ممنوعه 🎖️ مأموریت پرماجرا و فرار از دل دشمن,https://www.youtube.com/watch?v=hVLEZnwB5us
سریال کمدی قصه های سجاد قسمت دهم | Sajjad Stories Serial Irani Episode 10,https://www.youtube.com/watch?v=fyr1kl_rAA0
فیلم کمدی ایرانی یک سبد مرغ عشق | Persian Movie Yek Sabad Morghe Eshgh,https://www.youtube.com/watch?v=nCqUhQ81Hh8
تیزر فیلم به همین سادگی | Film Irani As Simple As That Trailer,https://www.youtube.com/watch?v=TyhHAQg5kuU
سریال ایرانی دادستان قسمت سیزدهم | Dadestan Serial Irani E13,https://www.youtube.com/watch?v=-M2MaGubosE
فیلم جایزه | Iranian Film Awards,https://www.youtube.com/watch?v=idPR5rE-us8
سریال کمدی قصه های سجاد قسمت نهم | Sajjad Stories Serial Irani Episode 09,https://www.youtube.com/watch?v=E8si9tOtjW4
فیلم سرایدار | Iranian Film Seraydar,https://www.youtube.com/watch?v=JmuVDTbbPVs
تیزر فیلم سینمایی ایرانی مزار شریف | Mazar Sharif Iranian Movie with English Subtitles,https://www.youtube.com/watch?v=O6rPn_tj2qQ
سریال ایرانی دادستان قسمت دوازدهم | Dadestan Serial Irani E12,https://www.youtube.com/watch?v=swiCEvm8-Vw
پروانه معصومی در فیلم سینمایی راه دوم | Persian Movie The Second Way,https://www.youtube.com/watch?v=B3aXM9qkob0
سریال کمدی قصه های سجاد قسمت هشتم | Sajjad Stories Serial Irani Episode 08,https://www.youtube.com/watch?v=IUwW-xUeL8k
فیلم کوتاه ایرانی قفسی برای پرواز | A Cage For Flying Short Film Irani,https://www.youtube.com/watch?v=inmktFVzj2w
تیزر فیلم کمدی ایتالیا ایتالیا | Film Irani Voice of Silence with English Subtitles Trailer,https://www.youtube.com/watch?v=ADmRzEL_usA
سریال ایرانی دادستان قسمت یازدهم | Dadestan Serial Irani E11,https://www.youtube.com/watch?v=j72hLawuVsI
فیلم سینمایی ایرانی شمارش معکوس | Film Irani Count Down,https://www.youtube.com/watch?v=iSjMfGWAmdU
مستند ایرانی زندگینامه فاضل اجبوری | Iranian Documentary Fazel Ajboori's Biography,https://www.youtube.com/watch?v=zqUQ347NQe0
تیزر فیلم مستند ایرانی A157  | A157 Documentary Full Movie with English Subtitles Trailer,https://www.youtube.com/watch?v=xR3yz8lqGCo
فیلم کوتاه ایرانی رویا | Roya Short Film Irani,https://www.youtube.com/watch?v=7oPArROZ0Gs
تیزر فیلم حق سکوت | Film Irani Voice of Silence with English Subtitles Trailer,https://www.youtube.com/watch?v=9dWZpatWkCA
سریال ایرانی دادستان قسمت دهم | Dadestan Serial Irani E10,https://www.youtube.com/watch?v=3z-5eLgI08E
فیلم کمدی ایرانی شانس یا | Iranian Movie Shans Ya,https://www.youtube.com/watch?v=1Fao-S9-z-A
تیزر فیلم سینمایی ایرانی یه حبه قند | Film Irani A Cube of Sugar Trailer,https://www.youtube.com/watch?v=WJQbmkLWwp8
فیلم صدای سخن عشق | Persian Movie Sedayeh Sokhaneh Eshgh,https://www.youtube.com/watch?v=aEQ2q5PtymU
سریال کمدی قصه های سجاد قسمت هفتم | Sajjad Stories Serial Irani Episode 07,https://www.youtube.com/watch?v=0LGr7M6nWR0
فیلم سینمایی ایرانی در انتظار شیطان | Film Farsi Waiting For The Devil,https://www.youtube.com/watch?v=pvW4-be8hS0
تیزر فیلم فرشته ها باهم می آیند | Film Irani Angels Come Together Trailer With English Subtitles,https://www.youtube.com/watch?v=sqDMrS8Fb1Y
فیلم سینمایی وقتی همه خوابیم به کارگردانی بهرام بیضایی | Persian Movie With English Subtitles,https://www.youtube.com/watch?v=4xxWXYxS1U0
تیزر فیلم کمدی چارچنگولی | Film Irani Charchangooli Trailer,https://www.youtube.com/watch?v=-9tcwROxzuA
سریال ایرانی دادستان قسمت نهم | Dadestan Serial Irani E09,https://www.youtube.com/watch?v=6wm1f8BJayc
فیلم سینمایی ایرانی راهی | Film Farsi Rahi,https://www.youtube.com/watch?v=hV-buAKdX9k
فیلم کامل ایرانی هدیه | Iranian Film The Gift,https://www.youtube.com/watch?v=TPW476HpKtQ
مهدی هاشمی،مهتاب کرامتی، مهران احمدی در فیلم ایرانی آلزایمر | Film Irani With English Subtitles,https://www.youtube.com/watch?v=EJYEJWaJSfE
سریال ایرانی دادستان قسمت هشتم | Dadestan Serial Irani E08,https://www.youtube.com/watch?v=G_I30Juzjjs
مستند ایرانی پهلوان آواز | Iranian Documentary Pahlevane Avaz,https://www.youtube.com/watch?v=601bH0tM41o
سریال کمدی قصه های سجاد قسمت ششم | Sajjad Stories Serial Irani Episode 06,https://www.youtube.com/watch?v=JZtBDA5a1JE
2 فیلم کمدی ایرانی گشت ارشاد | Iranian Movie Gashte Ershad 2 With English Subtitles,https://www.youtube.com/watch?v=_NT06sF3sl8
فردوس کاویانی در فیلم کمدی ایرانی تخمه ژاپنی | Iranian Movie Tokhmeh Zhaponi,https://www.youtube.com/watch?v=jDQBSItcLxw
فیلم کمدی ایرانی کات کلانتری | Iranian Movie Cute Kalantari,https://www.youtube.com/watch?v=RSVml_-QDo0
سریال ایرانی دادستان قسمت هفتم | Dadestan Serial Irani E07,https://www.youtube.com/watch?v=qbaw7guQlho
جواد رضویان، فتحعلی اویسی، ساعد سهیلی در فیلم کمدی ایرانی چارچنگولی | Iranian Movie CharChangooli,https://www.youtube.com/watch?v=lEbyjp72NHw
فیلم هزاران زن مثل من | Persian Movie A Thousand Women Like Me,https://www.youtube.com/watch?v=X-uHYLvwyGo
سریال ایرانی دادستان قسمت ششم | Dadestan Serial Irani E06,https://www.youtube.com/watch?v=87IsUO4DSTQ
فیلم فریاد در شب | Persian Movie Faryad Dar Shab,https://www.youtube.com/watch?v=MTS8xR6VZBI
سریال کمدی قصه های سجاد قسمت پنجم | Sajjad Stories Serial Irani Episode 05,https://www.youtube.com/watch?v=FIOVPDlRVRQ
گشت ارشاد ۱ 🎬دردسرهای یک ایده اشتباه با بازی حمید فرخ نژاد,https://www.youtube.com/watch?v=35mVeKMAJU8
این یه پیام سیاسیه: پرچم دشمن، شورت ماست 😂 #Shorts,https://www.youtube.com/watch?v=joORXDBRAbM
سریال ایرانی دادستان قسمت پنجم | Dadestan Serial Irani E05,https://www.youtube.com/watch?v=_NZT0nqiFnI
صابر ابر درفیلم ویلایی ها | Persian Movie Villayiha With English Subtitles,https://www.youtube.com/watch?v=6S6NA8ticz4
سریال ایرانی دادستان قسمت چهارم | Dadestan Serial Irani E04,https://www.youtube.com/watch?v=LZrJJ9qYelY
هنگامه قاضیانی، اکبر عبدی در فیلم پدر آن دیگری | Persian Movie With English Subtitles,https://www.youtube.com/watch?v=NBQ6TwSTp8o
سریال کمدی قصه های سجاد قسمت چهارم | Sajjad Stories Serial Irani Episode 04,https://www.youtube.com/watch?v=YGHS1iPE4xo
فیلم ایرانی شما فرشته اید | Persian Movie You Are Angels,https://www.youtube.com/watch?v=N6WxX_FSGmM
غزل شاکری، مصطفی زمانی، پگاه آهنگرانی در فیلم سینمایی ایرانی سارا و آیدا | With English Subtitles,https://www.youtube.com/watch?v=vUfvBq9Ui5w
فیلم ایرانی فرار مرگبار | Persian Movie Farareh Margbar,https://www.youtube.com/watch?v=vEHsld8e4fI
سریال ایرانی دادستان قسمت سوم | Dadestan Serial Irani E03,https://www.youtube.com/watch?v=N4IOMMsJKb8
جمشید هاشم پور در فیلم سینمایی قهرمان | Persian Movie Champion,https://www.youtube.com/watch?v=jbSiAh45fYg
سریال کمدی قصه های سجاد قسمت سوم | Sajjad Stories Serial Irani Episode 03,https://www.youtube.com/watch?v=7_lTa-HtBU4
مهناز افشار درفیلم شیرهای جوان | Iranian Film The Young Lions,https://www.youtube.com/watch?v=hPEq-dvRwTY
سریال ایرانی دادستان قسمت دوم | Dadestan Serial Irani E02,https://www.youtube.com/watch?v=BFDp3vg32wA
جواد عزتی درفیلم فرشته ها باهم می آیند | Iranian Film Angels Come Together,https://www.youtube.com/watch?v=FaZjCLv23r4
محمد کاسبی در سریال ایرانی دادستان قسمت اول | Dadestan Serial Irani E01,https://www.youtube.com/watch?v=qQ0HHlcTN2w
مهناز افشار درفیلم خاکستری | Iranian Film Khakestari With English Subtitles,https://www.youtube.com/watch?v=6NTqj0oCnKE
تیزر فیلم سینمایی ایرانی آلزایمر | Film Irani Alzheimer With English Subtitles,https://www.youtube.com/watch?v=bRum76OVMWM
امیر جعفری،  سحر قریشی در فیلم کمدی ایرانی لج و لجبازی | Iranian Movie Lajo Lajbazi,https://www.youtube.com/watch?v=mW5mAN-pcYE
تیزر سریال ایرانی آسمان من | Asemane Man Serial Irani Episode 23,https://www.youtube.com/watch?v=Fr0RhWhY5uE
سریال ایرانی هفت قسمت آخر | Serial Irani Seven E08,https://www.youtube.com/watch?v=e5LnubJXsXs
سریال ایرانی هفت قسمت هفتم | Serial Irani Seven E07,https://www.youtube.com/watch?v=Snonf0asvBo
فیلم کمدی ایرانی یک بقچه توهم | Iranian Film Yek Boghcheh Tavahom,https://www.youtube.com/watch?v=xQCH3QgCsTc
سریال ایرانی هفت قسمت ششم | Serial Irani Seven E06,https://www.youtube.com/watch?v=kzYKZ3fmEm8
مهرداد صدیقیان و طناز طباطبایی در فیلم کمدی ایرانی دوربین نه چندان مخفی - Iranian Film,https://www.youtube.com/watch?v=2keujZqvMIk
سریال ایرانی هفت قسمت پنجم | Serial Irani Seven E05,https://www.youtube.com/watch?v=ZJJCTJfr1VE
امین حیایی، یکتا نصر، ثریا قاسمی در فیلم سینمایی ایرانی سرود تولد | Persian Movie The Birthday Chant,https://www.youtube.com/watch?v=B5oaKLNxhWU
فیلم کمدی ایرانی شب سگی به کارگردانی زنده یاد کیومرث پوراحمد | Iranian Film Shabe Sagi,https://www.youtube.com/watch?v=GfpvDJ-8XOI
فیلم کوتاه ایرانی گمشده | Gomshodeh Short Film Irani,https://www.youtube.com/watch?v=PG0E4dNi258
سریال ایرانی حورا قسمت یازدهم | Serial Irani Hoora E11,https://www.youtube.com/watch?v=QyMkLk-eh6c
کیومرث پوراحمد در فیلم کمدی ایرانی دو برادر دو زن برادر | Iranian Film Do Baradar Do Zan Baradar,https://www.youtube.com/watch?v=KHCICwHaQK4
سریال ایرانی هفت قسمت چهارم | Serial Irani Seven E04,https://www.youtube.com/watch?v=4XvntFsXmKI
فیلم سینمایی مجرم | Persian Movie Mojrem,https://www.youtube.com/watch?v=1HHySyV6WW8
سریال ایرانی حورا قسمت دهم | Serial Irani Hoora E10,https://www.youtube.com/watch?v=63T094TdsJg
فیلم سینمایی خواستن | Persian Movie Khastan,https://www.youtube.com/watch?v=HCCJUWSLofo
سریال ایرانی هفت قسمت سوم | Serial Irani Seven E03,https://www.youtube.com/watch?v=UT37N28Y2sk
فیلم قدیمی ایرانی دوزیست | Iranian Film Dozist,https://www.youtube.com/watch?v=jFAsdkJAu9E
سریال ایرانی حورا قسمت نهم | Serial Irani Hoora E09,https://www.youtube.com/watch?v=khbqG02txTQ
سریال ایرانی هفت قسمت دوم | Serial Irani Seven E02,https://www.youtube.com/watch?v=8DrALpD4zsE
سریال ایرانی حورا قسمت هشتم | Serial Irani Hoora E08,https://www.youtube.com/watch?v=Vn4p74NLVEs
فیلم ایرانی صلیب طلایی با بازی  رضا صفایی پور | Persian Movie Golden Cross,https://www.youtube.com/watch?v=zneuUz0mVx8
سریال ایرانی هفت قسمت اول | Serial Irani Seven E01,https://www.youtube.com/watch?v=b9pF_8T18Gg
سریال ایرانی حورا قسمت هفتم | Serial Irani Hoora E07,https://www.youtube.com/watch?v=63QBPGYtk5k
مستند ایرانی بیست سال افغانستان | Iranian Documentary 20Years Of Afghanistan,https://www.youtube.com/watch?v=AoSp73-JdEs
سریال ایرانی حورا قسمت ششم | Serial Irani Hoora E06,https://www.youtube.com/watch?v=YFgS7vIQWPo
فیلم کمدی ایرانی سوگواری صمیمانه | Iranian Film Soogvari Samimaneh,https://www.youtube.com/watch?v=Q9hWCGtDTUs
تیزر فیلم کمدی دم سرخ ها | Film Irani Dom Sorkhha Trailer,https://www.youtube.com/watch?v=D77FIurP9mw
سریال ایرانی حورا قسمت پنجم | Serial Irani Hoora E05,https://www.youtube.com/watch?v=wc2qQMBtPqU
فیلم دنیای پر امید | Iranian Film Donya-ye Por Omid,https://www.youtube.com/watch?v=CLtABejd3dw
جمشید هاشم پور در فیلم سینمایی فارسی نقطه ضعف | Persian Movie Weakness,https://www.youtube.com/watch?v=LjHtuyQ5584
سریال ایرانی حورا قسمت چهارم | Serial Irani Hoora E04,https://www.youtube.com/watch?v=zzHOf19_SZw
Iranian Documentary Roozegare Akbar | مستند ایرانی روزگار اکبر,https://www.youtube.com/watch?v=CQ_k8LqFmaI
سریال ایرانی اعاده امنیت قسمت آخر | Serial Irani Reclaim Safety E07,https://www.youtube.com/watch?v=aex5T9kbGy8
فیلم ایرانی حماسه قهرمانان | Persian Movie Hamaseye Ghahremanan,https://www.youtube.com/watch?v=qSOc2CdLI5Q
سریال ایرانی حورا قسمت سوم | Serial Irani Hoora E03,https://www.youtube.com/watch?v=h-_pbyR9U1c
فیلم کمدی ایرانی چگونه میلیاردر شدم | Iranian Film How I Became A Billionaire,https://www.youtube.com/watch?v=pT5GLKdECbg
سریال ایرانی اعاده امنیت قسمت ششم | Serial Irani Reclaim Safety E06,https://www.youtube.com/watch?v=3Vf47KIlgRo
فیلم ایرانی تمام وسوسه های زمین | Iranian Film All The Temptations Of The Earth,https://www.youtube.com/watch?v=WH51TaHxoH4
فیلم کامل ایرانی چشم های تقریبا نگران | Iranian Film Almost Worried Eyes,https://www.youtube.com/watch?v=0yub_OpMI3g
سریال ایرانی اعاده امنیت قسمت پنجم | Serial Irani Reclaim Safety E05,https://www.youtube.com/watch?v=rm05NJ0h2kk
تیزرفیلم ایرانی دنیای کارتونی | Film Irani Donyaye Cartooni Trailer,https://www.youtube.com/watch?v=uxGdwG72d18
فیلم کمدی ایرانی روزی که خواستگار آمد | Iranian Film Roozi Ke Khastegar Amad,https://www.youtube.com/watch?v=k1urvDTlk74
سریال ایرانی حورا قسمت دوم | Serial Irani Hoora E02,https://www.youtube.com/watch?v=Rp1mp0lXq_c
ِمستند ایرانی و جنجالی اُمیدی ه | Omidihe Iranian Documentary,https://www.youtube.com/watch?v=KHl4P21vmQQ
سریال ایرانی اعاده امنیت قسمت چهارم | Serial Irani Reclaim Safety E04,https://www.youtube.com/watch?v=Aslv1AMou44
تیزر سریال ایرانی اعاده امنیت  | Serial Irani Reclaim Safety Trailer,https://www.youtube.com/watch?v=zOf_tclack8
فیلم ایرانی بی خوابی اسب ها | Persian Movie The Insomnia Of Horses,https://www.youtube.com/watch?v=k3oEM06hXYA
سریال ایرانی حورا قسمت اول | Serial Irani Hoora E01,https://www.youtube.com/watch?v=RXRAoNEAg-Y
فیلم کامل ایرانی شیفته | Iranian Film Shifteh,https://www.youtube.com/watch?v=B4ey36tANXs
سریال ایرانی اعاده امنیت قسمت سوم | Serial Irani Reclaim Safety E03,https://www.youtube.com/watch?v=uO-4j0y5tuM
فیلم کمدی ایرانی رجب آرتیست می شود | Iranian Film Four Rajab Becomes An Artist,https://www.youtube.com/watch?v=P8pmGhi9Er8
سریال ایرانی اعاده امنیت قسمت دوم | Serial Irani Reclaim Safety E02,https://www.youtube.com/watch?v=D947wpc80P8
فیلم سینمایی ایرانی سفیرعشق | Iranian Movie Safire Eshgh,https://www.youtube.com/watch?v=bb4MfiJlGPg
سریال ایرانی اعاده امنیت قسمت اول | Serial Irani Reclaim Safety E01,https://www.youtube.com/watch?v=SpLKLwL8kE8
اکبر عبدی در فیلم کمدی چهار اصفهانی در بغداد | Four Isfahani In Baghdad With English Subtitles,https://www.youtube.com/watch?v=DmWzYwzrP7E
مهران غفوریان درفیلم کمدی ایرانی تلخ اما شیرین | Iranian Film Bitter But Sweet,https://www.youtube.com/watch?v=6ZCOEmt215M
فیلم ایرانی آوای دریا | Persian Movie Avaye Darya,https://www.youtube.com/watch?v=k2XhKXghMEk
مهران غفوریان درفیلم ایرانی توهم | Persian Movie Tavahom,https://www.youtube.com/watch?v=qx10SYhNSX4
مهران غفوریان در فیلم کمدی ایرانی فوتبالی ها | Iranian Film Footbaliha,https://www.youtube.com/watch?v=gPKsrzA2sqc
آتیلا پسیانی در فیلم ایرانی پرواز پنجم ژوئن | Persian Movie Parvaze Panjome Jun,https://www.youtube.com/watch?v=te-hHmYTIX0
فیلم سینمایی ایرانی توطئه | Persian Movie Conspiracy,https://www.youtube.com/watch?v=utDhtDDHbbg
سریال ایرانی گناه چهارم قسمت آخر | Serial Irani Gonahe Chaharom E04,https://www.youtube.com/watch?v=ny2yeHY8u3g
فیلم سینمایی ایرانی بابای دوست داشتنی | Persian Movie Babaye Doost Dashtani,https://www.youtube.com/watch?v=JryEMMBQ0lE
فیلم سینمایی ایرانی ننه نقلی | Film Farsi Nane Noghli,https://www.youtube.com/watch?v=YPdNryv_s5k
سریال ایرانی گناه چهارم قسمت سوم | Serial Irani Gonahe Chaharom E03,https://www.youtube.com/watch?v=NlQ8k2ctmqM
علی صادقی گند زد بخدا 😂😂 #Shorts,https://www.youtube.com/watch?v=CdxlLUZ2-j4
سریال ایرانی گناه چهارم قسمت دوم | Serial Irani Gonahe Chaharom E02,https://www.youtube.com/watch?v=L7z0egtHWvo
ابوالفضل پورعرب، رضا صفایی پور، فتحعلی اویسی در فیلم سینمایی ایرانی مرضیه | Persian Movie Marziyeh,https://www.youtube.com/watch?v=I5Uk2Q5ubIc
رامبد جوان در فیلم سینمایی ایرانی پشت دیوار شب | Iranian Movie Poshte Divare Shab,https://www.youtube.com/watch?v=1EXP_8Y7YUw
سریال ایرانی گناه چهارم قسمت اول | Serial Irani Gonahe Chaharom E01,https://www.youtube.com/watch?v=I4vjAJIsJz8
فیلم سینمایی ایرانی بوی خوش یار | Iranian Movie Scent Of The Companion,https://www.youtube.com/watch?v=w4e3VvokS1Q
فیلم پرواز را به خاطر بسپار با بازی پردیس افکاری، خسرو شکیبایی و فتحعلی اویسی,https://www.youtube.com/watch?v=HOuW1_Y5FE8
الناز شاکردوست درفیلم ایرانی اینجا آخر دنیاست | Film Farsi Inja Akhare Donyast,https://www.youtube.com/watch?v=zmwXogaN8qI
فیلم سینمایی ایرانی گاهی می شود | Persian Movie Sometimes It Happens,https://www.youtube.com/watch?v=Bz2QFnRjDdo
فتحعلی اویسی، مریلا زارعی و رضا صفایی پور در فیلم جنگی ایرانی پاتک | Persian Movie CounterAttack,https://www.youtube.com/watch?v=YQrfbEedW2o
رضا صفایی پور در فیلم سحرگاه پیروزی | Iranian Movie Sahargahe Piroozi,https://www.youtube.com/watch?v=329IPUyanqU
سریال ایرانی حلقه شانس قسمت آخر | Serial Irani Halgheh Shans E13,https://www.youtube.com/watch?v=tC2TEaFV398
عشق به این میگن 💔😭💔 #Shorts,https://www.youtube.com/watch?v=vJhmPzbC6UY
سریال ایرانی حلقه شانس قسمت دوازدهم | Serial Irani Halgheh Shans E12,https://www.youtube.com/watch?v=a4Qwv6CjKVw
فیلم سینمایی ایرانی تا غروب | Iranian Movie Until Sunset,https://www.youtube.com/watch?v=wdCOV7DEKNI
جمشید هاشم پور در فیلم اکشن ایرانی لاک پشت | Film Irani The Tortoise,https://www.youtube.com/watch?v=87LfpiLoxYY
سریال کمدی ایرانی حلقه شانس قسمت یازدهم | Serial Irani Comedy Halgheh Shans E11,https://www.youtube.com/watch?v=9wIb6ozKbt4
فیلم ایرانی اعاده امنیت | Persian Movie E'ade Amniyat,https://www.youtube.com/watch?v=r3She03u5kk
علی صادقی، مهران غفوریان و آتیلا پسیانی درفیلم کمدی پیتزا مخلوط,https://www.youtube.com/watch?v=wfmM2hgSXnU
سریال طنز حلقه شانس قسمت دهم | Serial Tanz Halgheh Shans E10,https://www.youtube.com/watch?v=VzKrJc7pAtc
فخری خوروش در فیلم ایرانی پنجمین سوار سرنوشت با صدای زنده یاد ناصر طهماسب | Persian Movie,https://www.youtube.com/watch?v=W9gJasuXGBI
حرفهای جگرسوز دختر بی‌پناه افغان درباره حمله طالبان به افغانستان #Shorts,https://www.youtube.com/watch?v=h9BWvHCVzZk
مهران غفوریان در فیلم کمدی ایرانی حلقه های ازدواج | Iranian Film Wedding Rings,https://www.youtube.com/watch?v=PdGA6E3KsEE
فیلم ایرانی تاوان | Persian Movie Tavan,https://www.youtube.com/watch?v=xes0La2CMNg
تاراج؛ وقتی آزادی آغاز یک درگیری تازه است,https://www.youtube.com/watch?v=kPYlouxunt0
سریال ایرانی حلقه شانس قسمت نهم | Serial Irani Halgheh Shans E09,https://www.youtube.com/watch?v=uXW-peg7syU
نوحه خوانی زنده یاد علی سلیمانی در فیلم تنگه ابوقریب #Shorts,https://www.youtube.com/watch?v=qT8sMmjFDOc
فیلم سینمایی ایرانی سگ های پوشالی | Iranian Movie Sag-Haye Pooshali,https://www.youtube.com/watch?v=PvWJnKTR51o
سریال کمدی ایرانی حلقه شانس قسمت هشتم | Serial Irani Comedy Halgheh Shans E08,https://www.youtube.com/watch?v=eN8bAMHfCXY
فیلم سینمایی ایرانی تفاخر | Iranian Movie Tafakhor,https://www.youtube.com/watch?v=vEffZHUEI1s
فیلم سینمایی ایرانی محله من | Film Farsi Mahaleye Man,https://www.youtube.com/watch?v=sbkuO1cCLCw
سریال طنز حلقه شانس قسمت هفتم | Serial Tanz Halgheh Shans E07,https://www.youtube.com/watch?v=alELNpYUb2o
زنده یاد سعید پیردوست در فیلم کمدی ایرانی پیچ عشاق | Iranian Film Piche Oshagh,https://www.youtube.com/watch?v=UFrIJDbgvDk
فیلم کمدی ایرانی باغ ناصری | Iranian Film Baghe Naseri,https://www.youtube.com/watch?v=G7Nw4UkP23s
سریال ایرانی حلقه شانس قسمت ششم | Serial Irani Halgheh Shans E06,https://www.youtube.com/watch?v=5UlamCT6T7g
فیلم ایرانی فرار از جهنم | Persian Movie Farar Az Jahanam,https://www.youtube.com/watch?v=kX380qk0ShQ
سریال طنز حلقه شانس قسمت پنجم | Serial Tanz Halgheh Shans E05,https://www.youtube.com/watch?v=eYAZWIizNaE
فیلم کمدی ایرانی خواستگار محترم | Persian Comedy Movie Dear Suitor,https://www.youtube.com/watch?v=VUCzKx-yoyc
سریال ایرانی حلقه شانس قسمت چهارم | Serial Irani Halgheh Shans E04,https://www.youtube.com/watch?v=UIJ_36Kf8ds
فیلم کمدی ایرانی تولد جنجالی | Iranian Film Tavalode Janjali,https://www.youtube.com/watch?v=78z1uuc3IyE
فیلم ایرانی گارد ویژه | Persian Movie Special Guard,https://www.youtube.com/watch?v=ycCJ3hpVh6A
سریال طنز حلقه شانس قسمت سوم | Serial Tanz Halgheh Shans E03,https://www.youtube.com/watch?v=uFkKd1qQjdg
فیلم ایرانی ویولن | Persian Movie Violin,https://www.youtube.com/watch?v=l2kID19fzJA
فتحعلی اویسی، رضا شفیعی جم، ارژنگ امیرفضلی در فیلم کمدی ایرانی دزدان خیابان جردن,https://www.youtube.com/watch?v=prNAvEXeLYg
سریال کمدی ایرانی حلقه شانس قسمت دوم | Serial Irani Comedy E02,https://www.youtube.com/watch?v=bA5PqZ0a8WE
فیلم سینمایی ایرانی عنکبوت | Film Farsi Ankaboot,https://www.youtube.com/watch?v=perUeOeDN8w
فیلم ایرانی کاغذ پر ماجرا | Persian Movie Adventurous Paper,https://www.youtube.com/watch?v=BBkNW_CxQHg
سریال کمدی ایرانی حلقه شانس قسمت اول | Serial Irani Comedy E01,https://www.youtube.com/watch?v=6wnToVvBvT0
فیلم کمدی ایرانی بازی در بازی به کارگردانی کیومرث پوراحمد | Persian Movie Bazi Dar Bazi,https://www.youtube.com/watch?v=9mONU7Lu8Xk
فیلم کمدی سینمایی ایرانی چپ دست با بازی رضا داودنژاد و حمید گودرزی | Iranian Film Chap Dast,https://www.youtube.com/watch?v=vy5tJEQrBlo
سریال ایرانی نفس شیرین قسمت آخر | Nafase Shirin Serial Irani Episode 10,https://www.youtube.com/watch?v=ad0jV3jb7uE
فیلم سینمایی ایرانی گریز | Film Farsi Goriz,https://www.youtube.com/watch?v=0tAytPYUc10
سریال ایرانی نفس شیرین قسمت نهم | Nafase Shirin Serial Irani Episode 9,https://www.youtube.com/watch?v=An0Q8zV_VcM
تهران طهران  به کارگردانی داریوش مهرجویی با بازی پانته آ بهرام و سروش صحت,https://www.youtube.com/watch?v=rQupeh9EPfw
فیلم ایرانی بوی گندم | Persian Movie Booye Gandom,https://www.youtube.com/watch?v=ax-K_UwzWtE
سریال ایرانی نفس شیرین قسمت هشتم | Nafase Shirin Serial Irani Episode 8,https://www.youtube.com/watch?v=5gB7IG5soLk
فیلم ایرانی مرد نامرئی | Persian Movie Invisible Man,https://www.youtube.com/watch?v=r-09z1TlqUY
فتحعلی اویسی، خسرو امیرصادقی در فیلم کمدی ایرانی بازنشسته ها | Persian Movie The Retirees,https://www.youtube.com/watch?v=4P7rzTYkKns
سریال ایرانی نفس شیرین قسمت هفتم | Nafase Shirin Serial Irani Episode 7,https://www.youtube.com/watch?v=djdW4d_ZBRs
اکبر عبدی، فتحعلی اویسی،  رضا شفیعی‌جم در فیلم کمدی ایرانی افراطی ها | Film Irani Efratiha,https://www.youtube.com/watch?v=ghak64HkhTE
سریال ایرانی نفس شیرین قسمت ششم | Nafase Shirin Serial Irani Episode 6,https://www.youtube.com/watch?v=MfmjANrGC7M
فیلم سینمایی ایرانی آب و آینه (فیلمنامه نویس: کیومرث پوراحمد) | Iranian Film Water And Mirror,https://www.youtube.com/watch?v=RK0GegLF8-4
شهاب حسینی در فیلم سینمایی ایرانی آدمک ها | Film Farsi Adamakha,https://www.youtube.com/watch?v=DFR40DdmDU8
سریال ایرانی نفس شیرین قسمت پنجم | Nafase Shirin Serial Irani Episode 5,https://www.youtube.com/watch?v=9A6oBMM9G1E
فیلم سینمایی ایرانی همکلاس | Film Farsi Classmate,https://www.youtube.com/watch?v=zGDbnSu5rQI
فیلم ایرانی اتل متل توتوله | Persian Movie Atal Matal Tootooleh,https://www.youtube.com/watch?v=TBP_uVmwRSs
سریال ایرانی نفس شیرین قسمت چهارم | Nafase Shirin Serial Irani Episode 4,https://www.youtube.com/watch?v=cc8eavefRZU
فیلم ایرانی شب بیست و نهم | Persian Movie 29th Night,https://www.youtube.com/watch?v=oPeT3k0Hdmw
فیلم سینمایی ایرانی اختراع آقاجون | Film Farsi Grandpa's Invention,https://www.youtube.com/watch?v=SdSQeoLZEAA
سریال ایرانی نفس شیرین قسمت سوم | Nafase Shirin Serial Irani Episode 3,https://www.youtube.com/watch?v=Pfpp_TSdhfc
فیلم سینمایی ایرانی یک استکان زندگی | Film Farsi Yek Estekan Zendegi,https://www.youtube.com/watch?v=THD-Su4Gx74
فیلم سینمایی ایرانی یار در خانه | Iranian Film Yar Dar Khane,https://www.youtube.com/watch?v=syF5KETcowQ
سریال ایرانی نفس شیرین قسمت دوم | Nafase Shirin Serial Irani Episode 2,https://www.youtube.com/watch?v=8MEEmjhE2EQ
فیلم ایرانی مهتاب| Persian Movie Mahtab,https://www.youtube.com/watch?v=54SiVF1J5D4
فیلم سینمایی ایرانی آخرین نبرد | Iranian Film Akharin Nabard,https://www.youtube.com/watch?v=c78eSAOBTM0
سریال ایرانی نفس شیرین قسمت اول | Nafase Shirin Serial Irani Episode 1,https://www.youtube.com/watch?v=iofblmWmTqE
فیلم کوتاه ایرانی میم | Mim Short Film Irani,https://www.youtube.com/watch?v=8IrdtYeB288
علی سلیمانی در فیلم کوتاه ایرانی لکه | Lakeh Short Film Irani,https://www.youtube.com/watch?v=3omhCti17BQ
فیلم ایرانی انسان ها | Persian Movie People,https://www.youtube.com/watch?v=H4oypw_nRhE
فیلم کوتاه ایرانی نامۀ حسین | Hussein's letter Short Film Irani,https://www.youtube.com/watch?v=v5N09ocflDE
فیلم ایرانی طاووس های بی پر | Persian Movie Tavooshaye Bi Par,https://www.youtube.com/watch?v=2RoizJrVsS0
خسرو شکیبایی، یکنا ناصر در فیلم سینمایی ایرانی نسکافه داغ داغ | Iranian Film Nescafeye Daghe Dagh,https://www.youtube.com/watch?v=rHc6mCRZEKs
فیلم ایرانی نفس شیرین | Persian Movie Nafase Shirin,https://www.youtube.com/watch?v=owV_uPPr-UA
فیلم سینمایی ایرانی مهر مادر | Iranian Film Mehre Madar,https://www.youtube.com/watch?v=8dd7H2iYX-M
فیلم ایرانی هدف سخت | Persian Movie Hard Target,https://www.youtube.com/watch?v=5ApS3rJfQHQ
ترانه علیدوستی در فیلم ایرانی راز دشت تاران | Persian Movie Raze Dashte Taran,https://www.youtube.com/watch?v=_N7QDFijffo
فیلم سینمایی جوان ایرانی | Persian Movie An Iranian Youth,https://www.youtube.com/watch?v=K-dvPCcyFiA
رضا صفایی پور و جمشید هاشم پور در فیلم فارسی چشم عقاب | Persian Movie Eagle Eye,https://www.youtube.com/watch?v=O2T3zNFPQlM
فیلم سینمایی ایرانی بهانه | Iranian Film The Reason,https://www.youtube.com/watch?v=1XC_X6rTBDM
فیلم سینمایی ایرانی بگو که رویا نیست | Iranian Film Begoo Ke Roya Nist,https://www.youtube.com/watch?v=HV2SB361ZtI
فیلم قدیمی چشمهایم برای تو | Film Farsi Cheshmhayam Baraye To,https://www.youtube.com/watch?v=Rqdl__fVaGw
امین حیایی، مریلا زارعی در فیلم کمدی ایرانی یک اشتباه کوچولو | Yek Eshtebah Kocholoo,https://www.youtube.com/watch?v=bO6BC00Cuqw
فیلم ایرانی جستجو در جزیره | Film Farsi Jostojoo Dar Jazireh,https://www.youtube.com/watch?v=q5gzsAMcWqA
فیلم ایرانی تابع قانون | Persian Movie Taabe Ghanoon,https://www.youtube.com/watch?v=9opIwcpu-yI
فیلم کمدی ایرانی خروس بی محل | Persian Comedy Movie Khoroose Bi Mahal,https://www.youtube.com/watch?v=lV7pxNLw3sY
فیلم ایرانی روی خط مرگ | Film Farsi On The Death Line,https://www.youtube.com/watch?v=NTOlAVUy5Ss
فیلم ایرانی عروسی مهتاب | Persian Movie Aroosi Mahtab,https://www.youtube.com/watch?v=cWdlpJIrWRI
فیلم ایرانی ماراتن در قفس | Persian Movie Maraton Dar Ghafas,https://www.youtube.com/watch?v=NWwebYyHPL4
جواد عزتی در فیلم ایرانی آن آواز غمناک | Persian Movie An Avaze Ghamnak,https://www.youtube.com/watch?v=7RjN0tn6bfI
مستند ایرانی دنیای کارتونی | Iranian Documentary Donyaye Cartooni EN Subtitles,https://www.youtube.com/watch?v=54rbBBXORlU
ژیلا شاهی در فیلم جدید جایی برای آرامش | Jayi Baraye Aramesh Short Film Irani,https://www.youtube.com/watch?v=lmx-gQD5AtA
فیلم ایرانی ثروت خفته | Persian Movie Servat Khofte,https://www.youtube.com/watch?v=UtVsdvW5elY
فیلم کوتاه ایرانی حصیل - زهرا | Hasil-Zahra Short Film Irani,https://www.youtube.com/watch?v=3M80zptl3Ic
علی صادقی در فیلم کمدی ایرانی عشق و مکافات | Film Irani Eshgh O Mokafat,https://www.youtube.com/watch?v=ynWUJpFdiO4
فیلم کمدی ایرانی مادر زن سلام | Film Farsi MadarZan Salam,https://www.youtube.com/watch?v=2A79pVZ2ZgY
فیلم سینمایی ایرانی مادر مادر | Iranian Film Madar Madar,https://www.youtube.com/watch?v=Rkb_9sxAlZ4
فیلم ایرانی لغزش  | Iranian Movie Laghzesh,https://www.youtube.com/watch?v=dMgxPgcJBT8
فیلم سینمایی ایرانی ما همه گناهکاریم با بازی همایون ارشادی و امیر آقایی,https://www.youtube.com/watch?v=7rMVWJxbaDs
فیلم سینمایی ایرانی شیلات | Film Farsi Shilat,https://www.youtube.com/watch?v=cECM4BCSUcE
فیلم  فیلم سینمایی ایرانی توکل | Film Farsi Tavakol,https://www.youtube.com/watch?v=gElHvptW3w4
اکبر عبدی درفیلم سینمایی جنگی پنجه در خاک | Film Farsi Claws in the Dust,https://www.youtube.com/watch?v=Olt9dMi2r5g
مهران مدیری و گلشیفته فراهانی، رضا کیانیان درفیلم همیشه پای یک زن در میان است,https://www.youtube.com/watch?v=aB_BsYteRQQ
فیلم سینمایی ایرانی بیقرار | Film Farsi Bigharar,https://www.youtube.com/watch?v=iSEpCevLGsc
جمشید هاشم پور در فیلم فارسی ویرانگر | Persian Movie Virangar,https://www.youtube.com/watch?v=CPAdVEPq4L0
فیلم کوتاه ایرانی برخورد | Barkhord Short Film Irani,https://www.youtube.com/watch?v=TGZ6LPmSjeQ
فیلم ایرانی پریا | Persian Movie Pariya,https://www.youtube.com/watch?v=Oo8yRtZG6_w
فیلم بانوی کوچک با بازی  رضا داوودنژاد و  چکامه چمن ماه,https://www.youtube.com/watch?v=frgz04rLrdM
فیلم کوتاه ایرانی خاموشی | Khamooshi Short Film Irani,https://www.youtube.com/watch?v=5ZXZUo_EWHA
علی صادقی در فیلم کمدی ایرانی یک فراری از بگبو | Film Irani Yek Farari Az Bagbo,https://www.youtube.com/watch?v=GhF2hduBSpo
فیلم ایرانی اتانازی | Film Farsi Ota Nazi,https://www.youtube.com/watch?v=aIrq7pmGiT8
علی صادقی، مهران غفوریان در فیلم ایرانی گدایان تهران | Persian Movie Gedayan Tehran,https://www.youtube.com/watch?v=7WxIJsrTq94
فیلم ایرانی گاهی واقعی | Persian Movie Gahi Vaghei,https://www.youtube.com/watch?v=SLBH-AT_-YU
مهران غفوریان در فیلم سینمایی ایرانی زن بدلی | Film Farsi Zan Badali,https://www.youtube.com/watch?v=kzUXlrUylFE
فیلم سینمایی ایرانی مزاحم با بازی خسرو شکیبایی، امین حیایی و همایون ارشادی | Film Farsi Mozahem,https://www.youtube.com/watch?v=r_mj4AJiY_g
فیلم سوظن، یک اشتباه خطرناک و کابوسی که شروع می‌شود,https://www.youtube.com/watch?v=VAv0ZtCMBCI
فیلم سینمایی ایرانی مایا ببر مازندران | Film Farsi Babr Mazandaran,https://www.youtube.com/watch?v=Uauoe2cPWdI
"فیلم سینمایی ""مردن به وقت شهریور"" با بازی هانیه توسلی، حمید فرخ نژاد و نازنین بیاتی",https://www.youtube.com/watch?v=vUyqtZwOdM4
فیلم ایرانی مونس | Persian Movie Moones,https://www.youtube.com/watch?v=9VSVqF9evMo
فیلم سینمایی ایرانی بازنده | Film Farsi Bazande,https://www.youtube.com/watch?v=qfwQOj7Usm8
علی صادقی، الناز شاکردوست در فیلم کمدی ایرانی کیش و مات | Film Comedy Irani ChekMate,https://www.youtube.com/watch?v=vQRbUp69Qfo
پردیس افکاری در فیلم برخورد | Persian Movie Barkhord,https://www.youtube.com/watch?v=Zc-CfgcELE4
قسمت آخر سریال ایرانی رقص روی شیشه | Raghse Rooye Shisheh Serial Irani E12,https://www.youtube.com/watch?v=U6guu8KBz0E
سریال ایرانی رقص روی شیشه قسمت یازدهم | Raghse Rooye Shisheh Serial Irani E1,https://www.youtube.com/watch?v=jlgT2um8cNM
بهرام رادان و مهناز افشار در فیلم سینمایی ایرانی شورعشق | Iranian Film Shoore Eshgh,https://www.youtube.com/watch?v=GW1io4feyLk
سریال ایرانی رقص روی شیشه قسمت دهم | Raghse Rooye Shisheh Serial Irani E10,https://www.youtube.com/watch?v=ijl6qsr_iJ8
فیلم ایرانی قانون | Ghanoon Film Irani | Iranian Movie The Law,https://www.youtube.com/watch?v=MuNIH6GJUkQ
سریال ایرانی رقص روی شیشه قسمت نهم | Raghse Rooye Shisheh Serial Irani E09,https://www.youtube.com/watch?v=n2rxNd4o8xw
تیزر سریال ایرانی رقص روی شیشه - Serial Irani Raghse Rooye Shisheh Trailer,https://www.youtube.com/watch?v=QSw8fWDyVvw
سریال ایرانی رقص روی شیشه قسمت هشتم | Serial Irani Raghse Rooye Shisheh E08,https://www.youtube.com/watch?v=kDvJ6-FAm5s
فیلم کوتاه ایرانی از جنس همسایگی | Short Film Irani Az Jens Hamsayegi,https://www.youtube.com/watch?v=B22ktpnR0Wc
محمدرضا گلزار، شهاب حسینی، مهناز افشار و فریماه فرجامی در فیلم زهر عسل  | Iranian Film Zahre Asal,https://www.youtube.com/watch?v=5oedOGNGiIM
سریال ایرانی رقص روی شیشه قسمت هفتم | Raghse Rooye Shisheh Serial Irani E07,https://www.youtube.com/watch?v=_4cjtG2P0S4
فیلم کوتاه ایرانی رد پا | Short Film Irani Footprint,https://www.youtube.com/watch?v=xHBbeVl8P2I
فیلم سینمایی ایرانی سفر به خیر | Safar Be Kheyr Film Irani,https://www.youtube.com/watch?v=TbtaidbhW8w
سریال ایرانی رقص روی شیشه قسمت ششم | Serial Irani Raghse Rooye Shisheh E06,https://www.youtube.com/watch?v=w66-UtgN5BY
فیلم کوتاه ایرانی عبور از الفبا | Short Film Irani Passing the Alphabet,https://www.youtube.com/watch?v=WANt_KMRN0k
فیلم سینمایی ایرانی زیر بامهای شهر | Film Farsi Zire Baamhaye Shahr,https://www.youtube.com/watch?v=RRshk2gHXgo
سریال ایرانی رقص روی شیشه قسمت پنجم | Serial Irani Raghse Rooye Shisheh E05,https://www.youtube.com/watch?v=OWZLdwbEbYU
سریال ایرانی رقص روی شیشه قسمت چهارم | Serial Irani Raghse Rooye Shisheh E04,https://www.youtube.com/watch?v=8SmuGjcTz4w
فیلم کوتاه ایرانی ناهید | Nahid Short Film Irani,https://www.youtube.com/watch?v=-LWob6zH11s
سریال ایرانی رقص روی شیشه قسمت سوم | Serial Irani Raghse Rooye Shisheh E03,https://www.youtube.com/watch?v=TnCxGWhks04
سریال ایرانی رقص روی شیشه قسمت دوم | Serial Irani Raghse Rooye Shisheh E02,https://www.youtube.com/watch?v=IQLTS_kDb5Y
فرهاد اصلانی، هانیه توسلی و ترلان پروانه در فیلم سنیمایی ایرانی به خاطر پونه | Film Irani,https://www.youtube.com/watch?v=HC5f7Uz6YMs
سریال  ایرانی جدید رقص روی شیشه با بازی بیتا فرهی قسمت اول | Raghse Rooye Shisheh Serial Farsi E01,https://www.youtube.com/watch?v=LZc_cvODZ0E
فیلم کوتاه ایرانی آسو | Asoo Short Film Irani,https://www.youtube.com/watch?v=bYbjkY6Xfn4
فیلم سینمایی ایرانی غریبانه | Iranian Movie Gharibane with English Subtitles,https://www.youtube.com/watch?v=AdAhCj1Gh-Y
پارسا پیروزفر، نیکی کریمی در فیلم سینمایی ایرانی دختران انتظار - Dokhtarane Entezar Film Irani,https://www.youtube.com/watch?v=lYtB3-GsAX8
فیلم کوتاه ایرانی بگو طهران - Short Movie Begoo Tehran,https://www.youtube.com/watch?v=fETexgzTndg
فیلم کوتاه تاثیرگذار همزاد | Hamzad Short Film Irani,https://www.youtube.com/watch?v=6XxkvjhjFmQ
فیلم کوتاه ایرانی غفلت - Gheflat Short Movie,https://www.youtube.com/watch?v=-SvvBquSFrc
مستند ایرانی خیابان شاعر | Iranian Documentary The Poet's Street,https://www.youtube.com/watch?v=4pbHkrPWlN0
فیلم کوتاه از ما - Film Irani Kootah Az Ma,https://www.youtube.com/watch?v=MjqYS69RkQo
مستند زمستان یورت | Yurt Winter Mostanad,https://www.youtube.com/watch?v=26j3Fd5uo_o
هنگامه قاضیانی، بابک حمیدیان و لیلا زارع در فیلم ایرانی با دیگران | With Others Film Irani,https://www.youtube.com/watch?v=SGLQfue5xB4
تیزرفیلم سینمایی ایرانی ماجان | Majan Film Irani Trailer,https://www.youtube.com/watch?v=ZxdVdxApWRk
فیلم کوتاه ایرانی بازار محبت - قسمت پنجم | Bazaare Mohabat Short Film Irani,https://www.youtube.com/watch?v=pFwhd0FJ2TQ
ارسطو رد داده دیگه 🤣🤣🤣 #Shrots #ارسطو,https://www.youtube.com/watch?v=KIh2Gxtqgj0
فرهاد اصلانی و مهتاب کرامتی در فیلم سینمایی ایرانی ماجان | Majan Film Irani with Mahtab Keramati,https://www.youtube.com/watch?v=pMrcmBdItco
Raghse Rooye Shisheh Trailer | تیزر سریال ایرانی رقص روی شیشه,https://www.youtube.com/watch?v=BqaUIS2yWRE
فیلم کوتاه ایرانی بازار محبت - قسمت چهارم | Bazaare Mohabat Short Film Irani,https://www.youtube.com/watch?v=qssNb9t3RBw
فیلم کوتاه ایرانی بازار محبت - قسمت سوم | Bazaare Mohabat Short Film Irani,https://www.youtube.com/watch?v=z5XDIdgBVQU
فیلم کوتاه ایرانی بازار محبت - قسمت دوم | Bazaare Mohabat Short Film Irani,https://www.youtube.com/watch?v=Pekl1FY8FLY
فیلم کوتاه ایرانی بازار محبت - قسمت اول | Bazaare Mohabat Short Film Irani,https://www.youtube.com/watch?v=RYcsY7jQxlg
مرشد چلویی داستان زندگی بهترین کاسب قرن است 🤯,https://www.youtube.com/watch?v=i5VH1dma7gc
فیلم کوتاه کودکان و سالمندان به ما نیاز دارند - Short Movie,https://www.youtube.com/watch?v=BrvGFicIuHQ
کلیپ چند حقیقت ناگوار درباره عشق,https://www.youtube.com/watch?v=SUBqwekoBHo
مستند نوستالژیک و دوست داشتنی زلمزیمبو | Zalamzimbo Iranian Documentary,https://www.youtube.com/watch?v=YhfuzDB7Fyk
فیلم کوتاه در آستانه فصل سرد | Dar Astane Fasle Sard Persian Movie,https://www.youtube.com/watch?v=9PN9UmCRv-g
"فیلم کوتاه عاقبت، یک روز | Finally, One day Short Film Irani",https://www.youtube.com/watch?v=0Z9icO2PB0M
ویدیو کلیپ خشم و هیاهو با صدای رضا کولغانی و بازی نوید محمدزاده,https://www.youtube.com/watch?v=2f7t_rSiKt8
فیلم کوتاه ایرانی برکت | Barekat Short Film Irani,https://www.youtube.com/watch?v=3IRwNiYFKKA
فیلم کوتاه ایرانی فصل مهر | Fasle Mehr Short Film Irani,https://www.youtube.com/watch?v=UY88xFmBqRM
فیلم کوتاه ایرانی خوانده | Khandeh Short Film Irani,https://www.youtube.com/watch?v=58-1AJKfvmA
فیلم کوتاه ایرانی چمدان | Film Irani Chamedan,https://www.youtube.com/watch?v=EJ4ObQ1nwg8
فیلم کوتاه ایرانی ریموت | Remote Short Film Irani,https://www.youtube.com/watch?v=t6IsZ8uzTGM
علی صادقی شاهکاره 🤣🤣🤣🤣🤣 #Shorts,https://www.youtube.com/watch?v=qyvzKnETCJk
سریال ایرانی جدید گاندو قسمت سی | Gando Serial Irani Jadid Episode 30,https://www.youtube.com/watch?v=_wN0sCggASg
موزیک ویدیوی فال امین بانی و محمدرضا علیمردانی - Music Video,https://www.youtube.com/watch?v=6ZS01u9aDfc
سریال ایرانی جدید گاندو قسمت بیست و نهم | Gando Serial Irani Jadid Episode 29,https://www.youtube.com/watch?v=WOTQkHZqWtc
سریال ایرانی جدید گاندو قسمت بیست و هشتم | Gando Serial Irani Jadid Episode 28,https://www.youtube.com/watch?v=fbOshhK5T10
سریال ایرانی جدید گاندو قسمت بیست و هفتم | Gando Serial Irani Jadid Episode 27,https://www.youtube.com/watch?v=tift2diPTlc
سریال ایرانی جدید گاندو قسمت بیست و ششم | Gando Serial Irani Jadid Episode 26,https://www.youtube.com/watch?v=20rRNC4o7Wg
پارسا پیروزفر، نگار جواهریان، صابر ابر و فاطمه معتمد آریا درفیلم سینمایی ایرانی اینجا بدون من,https://www.youtube.com/watch?v=-rdmbF8-v34
سریال ایرانی جدید گاندو قسمت بیست و پنجم | Gando Serial Irani Jadid Episode 25,https://www.youtube.com/watch?v=UMnZQ6gF7Ts
سریال ایرانی جدید گاندو قسمت بیست و چهارم | Gando Serial Irani Jadid Episode 24,https://www.youtube.com/watch?v=xrwawvlkD_c
علی صادقی، رضا شفیعی جم، جواد رضویان در فیلم کمدی جدید دم سرخ ها | Film Irani Dom Sorkhha,https://www.youtube.com/watch?v=CtCFrYuDnJk
سریال ایرانی جدید گاندو قسمت بیست و سوم | Gando Serial Irani Jadid Episode 23,https://www.youtube.com/watch?v=F5V0r0XfT4M
فیلم شوکران با بازی هدیه تهرانی، وقتی عشق زندگی را نابود میکند!,https://www.youtube.com/watch?v=VxGqzmIF4Jk
تیزر فیلم سینمایی ایرانی خشم و هیاهو | Khashm o Hayahoo Movie Trailer,https://www.youtube.com/watch?v=PzXAGzUGtfE
سریال ایرانی جدید گاندو قسمت بیست و دوم | Gando Serial Irani Jadid Episode 22,https://www.youtube.com/watch?v=C5ThiZM1rEk
نوید محمدزاده، طناز طباطبایی در فیلم سینمایی خشم و هیاهو همراه با زیرنویس انگلیسی | Sound and Fury,https://www.youtube.com/watch?v=SAbfaBhJ9qs
سریال ایرانی جدید گاندو قسمت بیست و یکم | Gando Serial Irani Jadid Episode 21,https://www.youtube.com/watch?v=ieuyjiD__UM
سریال ایرانی جدید گاندو قسمت بیستم | Gando Serial Irani Jadid Episode 20,https://www.youtube.com/watch?v=nAQ1X7A7Yh4
سریال ایرانی جدید گاندو قسمت نوزدهم | Gando Serial Irani Jadid Episode 19,https://www.youtube.com/watch?v=ZEVYBtbWPro
سریال ایرانی جدید گاندو قسمت هجدهم | Gando Serial Irani Jadid Episode 18,https://www.youtube.com/watch?v=KEjuhV3gnw4
سریال ایرانی جدید گاندو قسمت هفدهم | Gando Serial Irani Jadid Episode 17,https://www.youtube.com/watch?v=obBXpSLCSVo
سریال ایرانی جدید گاندو قسمت شانزدهم | Gando Serial Irani Jadid Episode 16,https://www.youtube.com/watch?v=jmQFQM0DmGY
سریال ایرانی جدید گاندو قسمت پانزدهم | Gando Serial Irani Jadid Episode 15,https://www.youtube.com/watch?v=AMab70gsq-A
سریال ایرانی جدید گاندو قسمت چهاردهم | Gando Serial Irani Jadid Episode 14,https://www.youtube.com/watch?v=OUHf_BmCGkg
سریال ایرانی جدید گاندو قسمت سیزدهم | Gando Serial Irani Jadid Episode 13,https://www.youtube.com/watch?v=o4fIZt_HpLE
سریال ایرانی جدید گاندو قسمت دوازدهم | Gando Serial Irani Jadid Episode 12,https://www.youtube.com/watch?v=QFf_UKHuRps
سریال ایرانی جدید گاندو قسمت یازدهم | Gando Serial Irani Episode 11,https://www.youtube.com/watch?v=SGxELNN_2Co
White Bridge Iranian Movie with English Subtitles | فیلم سینمایی پل سفید,https://www.youtube.com/watch?v=MMY8InehYHU
سریال ایرانی جدید گاندو قسمت دهم | Gando Serial Irani Jadid Episode 10,https://www.youtube.com/watch?v=YYJwuKzkJVo
My Mother's Blue Sky Iranian Movie With English Subtitles | فیلم ایرانی آسمان آبی مادرم,https://www.youtube.com/watch?v=SGQQPKsaukk
سریال ایرانی گاندو قسمت نهم| Gando Serial Irani Jadid Episode 09,https://www.youtube.com/watch?v=ptMlAwBsF6c
"Sunlight, Moonlight, Earth Film Irani With English Subtitles | فیلم ایرانی آفتاب، مهتاب، زمین",https://www.youtube.com/watch?v=qpCKtzJsplo
سریال ایرانی جدید گاندو قسمت هشتم | Gando Serial Irani Jadid Episode 08,https://www.youtube.com/watch?v=vrindv4OkEA
سریال ایرانی جدید گاندو قسمت هفتم | Gando Serial Irani Jadid Episode 07,https://www.youtube.com/watch?v=7M4uJgz2G3E
سریال فارسی جدید گاندو قسمت ششم | Gando Serial Farsi Jadid Episode 06,https://www.youtube.com/watch?v=Myp21TTqxdw
سریال فارسی جدید گاندو قسمت پنجم | Gando Serial Farsi Jadid Episode 05,https://www.youtube.com/watch?v=VZ4a3CplvWc
مستند بوی خون قسمت 11  Booye Khoon E11,https://www.youtube.com/watch?v=17oGCShEnbQ
سریال فارسی جدید گاندو قسمت چهارم | Gando Serial Farsi Jadid Episode 04,https://www.youtube.com/watch?v=JGQzCwMqgX0
فیلم کوتاه راهنما Rahnama Short Movie,https://www.youtube.com/watch?v=nVjHhFNCNdU
سریال فارسی جدید گاندو قسمت سوم | Gando Serial Farsi Jadid Episode 03,https://www.youtube.com/watch?v=j08Wvm7BgMA
فیلم سینمایی ایرانی ترنج | Toranj Iranian Movie With English Subtitles,https://www.youtube.com/watch?v=Md5usvO6iCc
سریال فارسی جدید گاندو قسمت دوم | Gando Serial Farsi Jadid Episode 02,https://www.youtube.com/watch?v=SSz3AnKjLE4
فیلم کوتاه ایرانی یک روز بارانی | A Rainy Day Short Film Irani,https://www.youtube.com/watch?v=KbizX1BMxA4
سریال فارسی جدید گاندو قسمت اول | Gando Serial Farsi Jadid Episode 01,https://www.youtube.com/watch?v=KM3bV5SmhYQ
مستند متفاوت ایرانی چند بار به شب دل باخته‌ای؟ - با صدای هانیه توسلی و حامد بهداد,https://www.youtube.com/watch?v=zQHDFFn0_ps
فیلم ایرانی گدان (سیاه چادر) | Gedan Film Irani,https://www.youtube.com/watch?v=Pr_BKhNypXo
بیتا فرهی، باران کوثری، بهرام رادان در فیلم خون بازی - Film Irani With English Subtitles,https://www.youtube.com/watch?v=3aq1_TXZRv4
فیلم کمدی کوتاه گیت ویژه | Special Gate Short Movie,https://www.youtube.com/watch?v=TaFuYoNQZQ4
تیزر فیلم سینمایی ایرانی دربند | Film Irani Darband Trailer,https://www.youtube.com/watch?v=dezqKxz7Z8g
فیلم سینمایی ایرانی فقط دو ساعت | Film Irani Faghat 2 Saat,https://www.youtube.com/watch?v=OsAn9X-GiG8
تیزر فیلم سینمایی ایرانی پنج ستاره | Film Irani 5 Star Trailer,https://www.youtube.com/watch?v=gqKjVefZJe0
فیلم سینمایی ایرانی پرستار | Film Irani Parastar,https://www.youtube.com/watch?v=QwYewl6RrmY
Tashvigh Short Film Irani | فیلم کوتاه ایرانی تشویق,https://www.youtube.com/watch?v=QEYrIYJ6Fok
پگاه آهنگرانی، احمد مهران‌فر و نازنین بیاتی در فیلم ایرانی دربند | Darband Persian Movie,https://www.youtube.com/watch?v=ikBJAFSdFlc
نسخه بدون سانسور فیلم سینمایی کافه ترانزیت برای اولین بار | Film Irani with English Subtitles,https://www.youtube.com/watch?v=DUl9INIckHY
The Game Short Film Irani | فیلم کوتاه ایرانی بازی,https://www.youtube.com/watch?v=mO3OhixwzQI
تیزر فیلم ایرانی پلیسی باغ قرمز | Iranian Movie Trailer Red Garden,https://www.youtube.com/watch?v=oGpkBQQ5OGs
فیلم سینمایی ایرانی بغض شیشه ای | Film Irani Boghz shisheyi,https://www.youtube.com/watch?v=uvr1AwjX5Xg
فاطمه معتمدآریا، ویشکا آسایش، امین تارخ در فیلم ایرانی عشق مثبت دو | Film Irani Love Plus Two,https://www.youtube.com/watch?v=syOq-XusjIg
مرگ هاجر، روستایش را آباد و خانواده‌اش را آواره کرد | مستند جنجالی مرگ ارزان,https://www.youtube.com/watch?v=tOeSlMwEVmE
فیلم ایرانی درام مردی که گیلاس هایش را خورد | Film Irani,https://www.youtube.com/watch?v=K6r2sBDWTnk
فیلم ایرانی حماسه دره شیلر | Hamaseye dareye shiler Persian Movie,https://www.youtube.com/watch?v=LVCzlP9H888
فیلم سینمایی دوستی از جنس آتش | Film Irani A Friend Made of Fire,https://www.youtube.com/watch?v=6g5W2CG-0Ps
میترا حجار، یکتا ناصر، سیاوش طهمورث در فیلم جنایی، پلیسی ایرانی فراری | Farari Film Irani,https://www.youtube.com/watch?v=SU4wpnx18Bc
شادمهر عقیلی در فیلم سینمایی درام پر پرواز | Pare Parvaz Film Irani,https://www.youtube.com/watch?v=2I8AogAVP_c
فیلم سینمایی دلباخته | Delbakhteh Film Irani,https://www.youtube.com/watch?v=6BnnFYbzeG8
مهران غفوریان در فیلم سینمایی ایرانی انتخاب | Entekhab Film Irani,https://www.youtube.com/watch?v=zQTaCC-RHsk
فیلم ایرانی اکشن مرز با بازی زنده یاد سعید راد | Film Irani Marz,https://www.youtube.com/watch?v=fsmtayy5Ecg
فیلم ایرانی کمدی مدرک جرم | Evidence Iranian Comedy Movie,https://www.youtube.com/watch?v=Oy72TVvVges
فیلم سینمایی ایرانی آبی | Abi Film Irani (Blue Iranian Movie),https://www.youtube.com/watch?v=rCQ3zKjYQt4
شهاب حسینی، سحر قریشی و همایون ارشادی در فیلم پنج ستاره | Film Irani 5 Star,https://www.youtube.com/watch?v=m-6D9L_dxB8
مستند جنجالی بوی خون قسمت نهم - بررسی سریال ایرانی جدید آقازاده,https://www.youtube.com/watch?v=2FLS32hz_Fk
فیلم شرایط عینی ، وقتی سرنوشت مسیر زندگی را عوض می‌کند,https://www.youtube.com/watch?v=bZSLa-D4vTc
فیلم سینمایی ایرانی ماجون | Film Irani Majoon,https://www.youtube.com/watch?v=BHAr1u7w9R8
کلیپ احساسی عشق به زبان سینما - اشکتون در میاد با دیدنش 🥰🥺💔,https://www.youtube.com/watch?v=gAkljCRcbaQ
فیلم ایرانی ترسناک سایه ها | Film Irani Tarsnak Sayeha,https://www.youtube.com/watch?v=apP0gK63Btk
فیلم سینمایی ایرانی نفس عمیق | Deep Breath Film Irani,https://www.youtube.com/watch?v=wCFAxQcSZwY
فیلم باغ قرمز، وقتی رازهای قتل در باغ قرمز آشکار می‌کند,https://www.youtube.com/watch?v=9PqFOWV9BQA
مستند جنجالی بوی خون قسمت دهم - بررسی سریال ایرانی جدید آقازاده,https://www.youtube.com/watch?v=EIpQy5ofsyk
فیلم کمدی ایرانی قبر مشترک,https://www.youtube.com/watch?v=AOLVpKOepJM
مستند جنجالی بوی خون قسمت نهم - بررسی سریال ایرانی جدید آقازاده 1,https://www.youtube.com/watch?v=HLltHG1GylI
فیلم قدیمی نوستالژیک صبحانه‌ ای برای دو نفر | Film Irani Breakfast for Two,https://www.youtube.com/watch?v=aY22unS-OjA
تیزر فیلم ایرانی مصلحت | Maslehat Iranian Movie Trailer,https://www.youtube.com/watch?v=KGrn8KguGyg
پرویز پرستویی و محمد کاسبی در فیلم کمدی نوستالژیک عزیزم من کوک نیستم,https://www.youtube.com/watch?v=H5w2vh94b4I
فیلم ایرنی دو عروس | Do Aroos Iranian Movie,https://www.youtube.com/watch?v=K8LUF6lWtBU
شهاب حسینی، لیلا زارع در فیلم سینمایی ایرانی امتحان نهایی - Film Irani With English Subtitles,https://www.youtube.com/watch?v=_Hdo3M-lBGM
مستند خاطره‌انگیز صادره از تهران - هنرمندانی که عاشق تهران و خاطراتش هستند,https://www.youtube.com/watch?v=oHJKq71g8C4
مستند جنجالی بوی خون قسمت هشتم - بررسی سریال ایرانی جدید آقازاده,https://www.youtube.com/watch?v=LjRbKyUGPjQ
فیلم کمدی ایرانی چشماتو نبند | Film Irani Comedy Cheshmato Naband,https://www.youtube.com/watch?v=q7pI2e5xzhs
"تیزر فیلم ایرانی توقیف شده "" غیبت موجه "" | Film Irani Gheibate Movajah Trailer",https://www.youtube.com/watch?v=Ann6iMmRwLU
ترانه علیدوستی، حمید فرخ نژاد، هنگامه قاضیانی و پیمان قاسم خانی در زندگی مشترک آقای محمودی و بانو,https://www.youtube.com/watch?v=qg5ZUxVbkuU
مصاحبه اختصاصی با بازیگران فیلم حکم تجدید نظر | Film Irani Hokme Tajdide Nazar,https://www.youtube.com/watch?v=NU7u8CrOeLo
پژمان بازغی، امیر آقایی، ریما رامین فر و یکتا ناصر در فیلم فصل نرگس - Fasle Narges,https://www.youtube.com/watch?v=Vn30eMy4_4o
فیلم خاکستر سبز | بازی درخشان آتیلا پسیانی در یک داستان عاشقانه و پررمزوراز,https://www.youtube.com/watch?v=1n8Jb_OxbZU
مستند خاطرات گمشده؛ آشیانه ای برای پریدن | Lost Memories Film Irani,https://www.youtube.com/watch?v=Fy4E8O7J9Ig
تیزر فیلم سینمایی جدید ایرانی حکم تجدید نظر | Film Irani Hokme Tajdide Nazar Trailer,https://www.youtube.com/watch?v=GPxYD88irU0
رضا عطاران،جواد رضویان در فیم کمدی ایرانی اخلاقتو خوب کن - Mind Your Manners Full Movie,https://www.youtube.com/watch?v=4FdBgwzNGKA
مستند جنجالی بوی خون قسمت هفتم - بررسی سریال ایرانی جدید آقازاده,https://www.youtube.com/watch?v=hTUELxpy9uc
مستند جنجالی بوی خون قسمت ششم - بررسی سریال ایرانی جدید آقازاده,https://www.youtube.com/watch?v=6AjA2JZSW8I
مستند جنجالی بوی خون قسمت پنجم - بررسی سریال جدید آقازاده,https://www.youtube.com/watch?v=CsOYP5CgP8I
مستند جنجالی بوی خون قسمت چهارم - بررسی سریال ایرانی جدید آقازاده,https://www.youtube.com/watch?v=Tliqh_8M7TY
مستند جنجالی بوی خون قسمت سوم - بررسی سریال ایرانی جدید آقازاده,https://www.youtube.com/watch?v=zAhcCUSA-KA
مستند جنجالی بوی خون قسمت دوم - بررسی سریال ایرانی جدید آقازاده,https://www.youtube.com/watch?v=1r5es4N0jO0
تیزر فیلم سینمایی جدید شب اول هجده سالگی | Diapason Iranian Movie Trailer,https://www.youtube.com/watch?v=q-zvCcvobRw
مستند جنجالی بوی خون قسمت اول - بررسی سریال ایرانی جدید آقازاده,https://www.youtube.com/watch?v=Ar0d2xJJGf8
سریال کمدی ایرانی عطسه قسمت دهم | Atse Serial Comedy Irani E10,https://www.youtube.com/watch?v=WUjjBzhS8HI
سریال کمدی ایرانی عطسه قسمت نهم | Atse Serial Comedy Irani E09,https://www.youtube.com/watch?v=iPyHqh7pDF8
تیزر مستند سریالی جنجالی بوی خون - بررسی سریال ایرانی جدید آقازاده,https://www.youtube.com/watch?v=jR0k3ChfrI4
سریال کمدی ایرانی عطسه قسمت هشتم | Atse Serial Comedy Irani E08,https://www.youtube.com/watch?v=9qfe29Md61g
سریال کمدی ایرانی عطسه قسمت هفتم | Atse Serial Comedy Irani E07,https://www.youtube.com/watch?v=zWE75g6Mb9k
سریال کمدی ایرانی عطسه قسمت ششم | Atse Serial Comedy Irani E06,https://www.youtube.com/watch?v=4wPn2Nn4V_w
سریال کمدی ایرانی عطسه قسمت پنجم | Atse Serial Comedy Irani E05,https://www.youtube.com/watch?v=X8hloN7VVe8
سریال کمدی ایرانی عطسه قسمت چهارم | Atse Serial Comedy Irani E04,https://www.youtube.com/watch?v=DEVmN_qytis
سریال کمدی ایرانی عطسه قسمت سوم | Atse Serial Comedy Irani E03,https://www.youtube.com/watch?v=6mEf7S34Zlo
سریال کمدی ایرانی عطسه قسمت دوم | Atse Serial Comedy Irani E02,https://www.youtube.com/watch?v=9AlZ3wshunI
سریال کمدی ایرانی عطسه قسمت اول | Atse Serial Comedy Irani E01,https://www.youtube.com/watch?v=H7Y5F2KzLNo
موزیک ویدیوی دل - شهاب مظفری ردپا Shahab Mozafari Radepa Del Music Video,https://www.youtube.com/watch?v=VpYGTqpWIAg
مصاحبه با پژمان بازغی، بازیگر فیلم سینمایی بارکد,https://www.youtube.com/watch?v=NTPf7FlNX9A
پارسا پیروزفر در فیلم توقیف شده وقت چیدن گردوها - فیلمی که هیچ وقت مجوز اکران نگرفت,https://www.youtube.com/watch?v=b0DqlH2ctpY
فیلم ایرانی میهمان داریم | We have guest Film Irani with English Subtitles,https://www.youtube.com/watch?v=CIFMAG2humE
فیلم ایرانی خانه روشن | The bright house Iranian Movie with English Subtitles,https://www.youtube.com/watch?v=CiSwAEA83tc
فیلم ایرانی کودک شاعر | The Poet Child Iranian Movie,https://www.youtube.com/watch?v=1sgYqDBjY9E
سحر دولتشاهی در فیلم سینمایی ایرانی توقیف شده دونده زمین,https://www.youtube.com/watch?v=ncifI4hVh8U
مصاحبه با هانیه توسلی، بازیگر فیلم سینمایی سیانور,https://www.youtube.com/watch?v=sglO8G3c298
فخری خوروش، هدیه تهرانی در فیلم ایرانی یه بوس کوچولو | Iranian Movie A little kiss movie,https://www.youtube.com/watch?v=xmZr_u_GEg8
فیلم ایرانی باغ های کندلوس | Kandaloos Gardens Film Irani,https://www.youtube.com/watch?v=YdyFwVb5hWc
فیلم ایرانی شب های خرمشهر | Khoramshahr Nights Iranian Movie,https://www.youtube.com/watch?v=HEH8VMd42xg
مستند ایرانی نان و هسته ای |  دوربین مخفی,https://www.youtube.com/watch?v=SWdkkfiCQa8
سیامک انصاری وامیر جعفری در فیلم کمدی هندونه شب یلدا,https://www.youtube.com/watch?v=AKQFrYXU8w4
فیلم ایرانی قدیمی بید و باد | Beed-o-Baad Film Irani,https://www.youtube.com/watch?v=5u8-YtKdPsI
قصه‌ها و واقعیت‌ها؛ روایت تلخ یک روز معمولی که معمولی نماند🫣,https://www.youtube.com/watch?v=8BalPsQdB50
سریال ایرانی ریکاوری قسمت آخر | Recovery Serial Irani E08,https://www.youtube.com/watch?v=3z5rEVPiaCY
بابک حمیدیان، الناز شاکردوست در فیلم سینمایی ایرانی خدا نزدیک است | God is Close Film Irani,https://www.youtube.com/watch?v=TlJWmImid1Q
سریال ایرانی ریکاوری قسمت هفتم | Recovery Serial Irani E07,https://www.youtube.com/watch?v=DCWz7k5gtUY
سریال ایرانی ریکاوری قسمت ششم | Recovery Serial Irani E06,https://www.youtube.com/watch?v=HFQ9QBVquYA
تیزر فیلم ایرانی کشتیبان | Helmsman Film Irani Trailer,https://www.youtube.com/watch?v=F-mFg4sdUy4
سریال ایرانی ریکاوری قسمت پنجم | Recovery Serial Irani E05,https://www.youtube.com/watch?v=Wc9wc2fL820
سریال ایرانی ریکاوری قسمت چهارم | Recovery Serial Irani E04,https://www.youtube.com/watch?v=xHXSQirrro8
سریال ایرانی ریکاوری قسمت سوم | Recovery Serial Irani E03,https://www.youtube.com/watch?v=m2rr6TuhFpw
فیلم طنز ایرانی تردست | Film Irani Agile (Tardast) Full Movie,https://www.youtube.com/watch?v=-ZMK5iusE50
سریال ایرانی ریکاوری قسمت دوم| Recovery Serial Irani E02,https://www.youtube.com/watch?v=LErM-3RD53U
سریال ریکاوری قسمت اول با بازی مجید واشقانی، هومن برق نورد و پوریا پورسرخ | Recovery Serial Irani,https://www.youtube.com/watch?v=rn8OsTfcvIo
موزیک ویدیوی از عشق تو با صدای شهاب مظفری از سریال دل,https://www.youtube.com/watch?v=Osaa79S05Q4
فیلم ایرانی چرخ | Film Irani Charkh (Wheels),https://www.youtube.com/watch?v=UerxeVA49tQ
علی انصاریان و ماه چهره خلیلی در فیلم سینمایی ایرانی هدیه | Iranian Film The Gift,https://www.youtube.com/watch?v=mSgt3wIMH7o
فیلم ایرانی بلوگا | Beluga Iranian Movie with English Subtitles,https://www.youtube.com/watch?v=8R-8eDul0n0
فیلم ایرانی جورچین | Joorchin Film Irani,https://www.youtube.com/watch?v=gZX3DgIcEao
This disruptive Mosquito Animation | انیمیشن این پشه مزاحم,https://www.youtube.com/watch?v=LOv817Tq9ls
فیلم سینمایی سیلی شیرین | Film Irani Silie Shirin,https://www.youtube.com/watch?v=jAoAQ2HCuBo
انیمیشن پارک لاله | Laleh Park Animation,https://www.youtube.com/watch?v=U5-3LNAfHqw
کارتون ایرانی شِف - شکار فضول | Chef Iranian Cartoon,https://www.youtube.com/watch?v=tnPd_-s2d-0
فیلم کمدی ایرانی پسر ارشد من,https://www.youtube.com/watch?v=om2Q_Az1Ot8
لیلا اوتادی، مهدی امینی در فیلم سینمایی ایرانی قصه دلها (ژانر عاشقانه و درام) -  Ghese Delha Film,https://www.youtube.com/watch?v=zP-fQiSZrgc
اکبر عبدی، گوهر خیراندیش و سروش صحت در فیلم کمدی نوستالژیک نان، عشق، موتور 1000,https://www.youtube.com/watch?v=vss0FtcaB2s
فیلم ایرنی چهار بهار | Irani Movie Chahar Bahar,https://www.youtube.com/watch?v=nPG_PlsHD0o
فیلم سینمایی ایرانی چشمک | Film Irani Cheshak (Wink Iranian Movie),https://www.youtube.com/watch?v=0bsNoPu42NM
فیلم سینمایی عاشقی در وقت اضافه با بازی صدرالدین حجازی | Film Irani Asheghi dar vaghte Ezafe,https://www.youtube.com/watch?v=SnAbMsI7Xh4
فیلم کمدی ایرانی دزدی که برای شام آمد,https://www.youtube.com/watch?v=qaROOMxOJns
جمشید هاشم‌پور در فیلم سینمایی ایرانی قدیمی باشگاه سری | Bashgahe Serri Film Irani,https://www.youtube.com/watch?v=fc9a4Q9Iv3o
انیمیشن ایرانی جنگ در خیابان | Street War Iranian Animation,https://www.youtube.com/watch?v=FWICP9V7kzA
Helmsman with English Subtitles | فیلم ایرانی گمیچی - کشتیبان,https://www.youtube.com/watch?v=y-K_Jc_o5KU
موزیک ویدیوی عاشقانه چه شبایی از علی لهراسبی  💔🎶,https://www.youtube.com/watch?v=bHcYBsHeXUg
انیمیشن ایرانی جگردار | Brave Iranian Animation,https://www.youtube.com/watch?v=x4JkvCxR-2I
تیزر فیلم سینمایی ایرانی کمدی انسانی | Film Irani Comedy Ensani Trailer,https://www.youtube.com/watch?v=8UunyFCSTGU
تیزر فیلم سینمایی سر به مهر | Film Irani Sar Be Mohr Trailer,https://www.youtube.com/watch?v=x-EqA_DZvy0
یکتا ناصر، رامتین خداپناهی در فیلم ایرانی قند تلخ | Bitter Sugar Film Irani,https://www.youtube.com/watch?v=2cuF8evEJH4
فیلم سینمایی ملودی - Melody Movie,https://www.youtube.com/watch?v=msyiBIZ7sE0
صابر ابر، مسعود رایگان، رابعه مدنی در فیلم سینمایی ایرانی بوسیدن روی ماه | Film Irani,https://www.youtube.com/watch?v=3wPXrkzvlaw
خنده دارترین صحنه های فیلم کمدی رحمان 1400 🤣 | Rahman 1400 Best Scenes,https://www.youtube.com/watch?v=kuJIgL0dCVg
فیلم کمدی زیگ زاگ | Film Irani Zigzag,https://www.youtube.com/watch?v=edrp1mOuI4g
فیلم سینمایی ایرانی لوکوموتیوران | Locomotive Driver Film Irani,https://www.youtube.com/watch?v=cLPWt4bfu6c
محمدرضا گلزار، مهران مدیری، ساره بیات، بهرام افشاری و سعید آقاخانی در فیلم کمدی رحمان ۱۴۰۰ - Film,https://www.youtube.com/watch?v=kqn4EL8-uFY
تیزر فیلم کمدی رحمان 1400,https://www.youtube.com/watch?v=i-i0hN7YuCc
فیلم ایرانی پا برهنه در بهشت | Barefoot in Paradise Iranian Movie,https://www.youtube.com/watch?v=m8SRI6vQdRA
فیلم کنسرت روی آب با بازی رضا داودنژاد و فرزاد فرزین - Concerte Rooye Ab Iranian Movie,https://www.youtube.com/watch?v=v-UTVEGatFI
قسمت آخر سریال جدید ایرانی دل با بازی حامد بهداد، ساره بیات و یکتا ناصر به کارگردانی منوچهر هادی,https://www.youtube.com/watch?v=6sXmA0PZpJc
آنچه در قسمت آخر دل خواهید دید 💔 | Del Series,https://www.youtube.com/watch?v=ONygwTfKjnA
ارسلان قاسمی در فیلم ایرانی بی نشان - Bi Neshan Iranian movie,https://www.youtube.com/watch?v=g-MnIksxnD8
فیلم سینمایی بیداری رویاها روایت عاشقانه‌ای از سال‌های جنگ با بازی امین حیایی,https://www.youtube.com/watch?v=j7MUJ5zKnNM
تیزر سریال جدید نجلا | Serial Irani Jadid Najla,https://www.youtube.com/watch?v=xHqte7lbXWE
سعید آقاخانی، طناز طباطبایی، مهرداد صدیقیان و علی شادمان در فیلم سینمایی جنگی، اکشن ایرانی اروند,https://www.youtube.com/watch?v=3G1kB18f4dY
Kati o Setareh Iranian Movie with English Subtitles | فیلم سینمایی جدید کاتی و ستاره,https://www.youtube.com/watch?v=ywi3fhmb3ko
حامد بهداد، ساره بیات در سریال جدید ایرانی دل قسمت ۳۹ - Del Serial Irani With English Sub,https://www.youtube.com/watch?v=YRg8oHke-pM
آنچه در قسمت یکی مانده به آخر دل خواهید دید 😱💔 | Del Iranian Series,https://www.youtube.com/watch?v=qa97OweJPZQ
بهرام افشاری، بیژن امکانیان در سریال ایرانی دل قسمت ۳۵ - Del Serial Irani With English Subtitles,https://www.youtube.com/watch?v=ABIHu2SjRtk
فیلم کمدی عروس و ملوس | Film Irani Aroos o Maloos,https://www.youtube.com/watch?v=0RFH4lD08aM
حامد بهداد، ساره بیات و یکتا ناصر در سریال جدید ایرانی دل قسمت ۳۴ - Del Serial Irani,https://www.youtube.com/watch?v=ENYgOQxo1l4
فیلم مستند سمفونی ایران - سفر فریدون شهبازیان در وادی موسیقی نواحی ایران,https://www.youtube.com/watch?v=CgrVNbn9SwA
افسانه بایگان، نسرین مقانلو و مهراوه شریفی‌نیا در سریال جدید ایرانی دل قسمت ۳۳ - Serial Irani,https://www.youtube.com/watch?v=c0C6VPJYHQk
ابوالفضل پورعرب در فیلم ایرانی رابطه پنهانی | Film Irani A Secret Relationship,https://www.youtube.com/watch?v=4roLBAGSzwk
بهرام افشاری، بیژن امکانیان در سریال ایرانی دل قسمت ۳۲ - Del Serial Irani With English Subtitles,https://www.youtube.com/watch?v=eSLMWDSGNnM
حامد بهداد، ساره بیات در سریال جدید ایرانی دل قسمت ۳۱ - Del Serial Irani With English Sub,https://www.youtube.com/watch?v=sJu6DSXplFw
فیلم سینمایی ایرانی تجریش ناتمام | Film Irani Tajrishe Natamam An unfinished story,https://www.youtube.com/watch?v=M2WeQ2IxjiA
Hill Short Film Irani | فیلم کوتاه ایرانی تپه,https://www.youtube.com/watch?v=yzloWblNGrU
سریال عاشقانه دل قسمت سی ام | Serial Irani Del E30,https://www.youtube.com/watch?v=NwgMkAuQXH4
افسانه بایگان، نسرین مقانلو و مهراوه شریفی‌نیا در سریال جدید ایرانی دل قسمت ۲۹ - Serial Del,https://www.youtube.com/watch?v=_J04as5N_sM
حامد بهداد، یکتا ناصر در سریال جدید ایرانی دل به کارگردانی منوچهر هادی قسمت ۳۸ - Del Serial Irani,https://www.youtube.com/watch?v=2edC60qDZ8A
فیلم ایرانی درام راز کوکب | The Kokab's Secret Iranian Movie,https://www.youtube.com/watch?v=jWZ4CeL5bds
حامد بهداد، یکتا ناصر در سریال جدید ایرانی دل به کارگردانی منوچهر هادی قسمت ۲۸ - Del Serial Irani,https://www.youtube.com/watch?v=om5VZ_kDk5w
بهرام افشاری، بیژن امکانیان در سریال ایرانی دل قسمت بیست و هفتم - Serial With English Subtitles,https://www.youtube.com/watch?v=s8XjT9idCv4
حامد بهداد، ساره بیات در سریال جدید ایرانی دل قسمت بیست و ششم - Del Serial With English Sub,https://www.youtube.com/watch?v=hxiVKjRJxeg
حامد بهداد، ساره بیات و یکتا ناصر در سریال جدید ایرانی دل قسمت بیست و پنجم - Del Serial,https://www.youtube.com/watch?v=Zz21ddXG8Is
حامد بهداد، یکتا ناصر در سریال جدید ایرانی دل به کارگردانی منوچهر هادی قسمت بیست و چهارم,https://www.youtube.com/watch?v=sr2B7ob0Mgw
حامد بهداد، یکتا ناصر در سریال جدید ایرانی دل به کارگردانی منوچهر هادی قسمت بیست و سوم,https://www.youtube.com/watch?v=x_eX9AMe68U
بهرام افشاری، بیژن امکانیان در سریال ایرانی دل قسمت بیست و دوم - Serial Irani With English Subtitles,https://www.youtube.com/watch?v=jP93AtQh2Uw
بهرام افشاری، بیژن امکانیان در سریال ایرانی دل قسمت بیست و یکم - Serial Irani With English Subtitles,https://www.youtube.com/watch?v=-kGucDJn71M
فیلم ایرانی گوشواره با بازی اکبر عبدی | Gooshvare Film Irani,https://www.youtube.com/watch?v=-TvdAg38j9g
حامد بهداد، ساره بیات در سریال جدید ایرانی دل قسمت بیستم - Del Serial Irani With English Sub,https://www.youtube.com/watch?v=lDEk4mHCcQk
افسانه بایگان، نسرین مقانلو و مهراوه شریفی‌نیا در سریال جدید ایرانی دل قسمت نوزدهم,https://www.youtube.com/watch?v=Cybe8GwxUM8
بهرام افشاری، بیژن امکانیان در سریال ایرانی دل قسمت ۳۷ - Del Serial Irani With English Subtitles,https://www.youtube.com/watch?v=ZpC95Awog0E
حامد بهداد، یکتا ناصر در سریال جدید ایرانی دل به کارگردانی منوچهر هادی قسمت هجدهم - Del Serial Irani,https://www.youtube.com/watch?v=uDRSFyTDAok
بهرام افشاری، بیژن امکانیان در سریال ایرانی دل قسمت هفدهم - Del Serial Irani With English Subtitles,https://www.youtube.com/watch?v=xpRDXnIS0-Q
حامد بهداد، ساره بیات در سریال جدید ایرانی دل قسمت ۱۶ - Del Serial With English Sub,https://www.youtube.com/watch?v=uNYo-s6t2LE
بهرام افشاری، بیژن امکانیان سریال ایرانی دل قسمت پانزدهم - Del Serial With English Subtitles,https://www.youtube.com/watch?v=jKqqP3YrJrk
تیزرفیلم ایرانی آبادان یازده 60 | Abadan 1160 Iranian Movie trailer,https://www.youtube.com/watch?v=5LYteeiSkHY
حامد بهداد، ساره بیات و یکتا ناصر در سریال جدید فارسی دل قسمت چهاردهم - Del Serial,https://www.youtube.com/watch?v=iwO7hjfBFCo
افسانه بایگان، نسرین مقانلو و مهراوه شریفی‌نیا در سریال جدید ایرانی دل قسمت سیزدهم,https://www.youtube.com/watch?v=iBlJ19fvFRw
حامد بهداد، یکتا ناصر در سریال ایرانی دل به کارگردانی منوچهر هادی قسمت دوازدهم - Del Serial,https://www.youtube.com/watch?v=eO4CQdVmGOQ
بهرام افشاری، بیژن امکانیان در سریال ایرانی دل قسمت یازدهم - Del Serial Irani With English Subtitles,https://www.youtube.com/watch?v=FdTzQfmx49I
فیلم سینمایی یک ایستگاه جلوتر | Yek Istgah Jolotar Film Irani,https://www.youtube.com/watch?v=pqgKGa2P5Hs
تئاتر بوف نه چندان کور با بازی مسعود کرامتی و رحیم نوروزی 🎭,https://www.youtube.com/watch?v=qjDaZ39wxmw
حامد بهداد، ساره بیات و یکتا ناصر در سریال جدید ایرانی دل قسمت دهم - Del Serial Irani,https://www.youtube.com/watch?v=JxThe6dvqLs
حامد بهداد، ساره بیات و یکتا ناصر در سریال جدید ایرانی دل قسمت نهم - Del Serial Irani,https://www.youtube.com/watch?v=06HAQfXhpQ0
حامد بهداد، ساره بیات در سریال جدید ایرانی دل قسمت ۳۶ - Del Serial Irani With English Sub,https://www.youtube.com/watch?v=_DfONvtw_I8
فیلم پلیسی ایرانی اسید | Film Irani Acid,https://www.youtube.com/watch?v=rU7hwQ4h8bc
افسانه بایگان، نسرین مقانلو و مهراوه شریفی‌نیا در سریال جدید ایرانی دل قسمت هشتم,https://www.youtube.com/watch?v=jhihE5ZXQGo
حامد بهداد، یکتا ناصر در سریال جدید ایرانی دل به کارگردانی منوچهر هادی قسمت هفتم - Del Serial Irani,https://www.youtube.com/watch?v=NnNUCGf0QGQ
بهرام افشاری، بیژن امکانیان در سریال ایرانی دل قسمت ششم - Del Serial Irani With English Subtitles,https://www.youtube.com/watch?v=yEsjd-wAZA8
حامد بهداد، ساره بیات و یکتا ناصر در سریال جدید ایرانی دل قسمت پنجم - Del Serial Irani,https://www.youtube.com/watch?v=M6lulUbNd5Y
افسانه بایگان، نسرین مقانلو و مهراوه شریفی‌نیا در سریال جدید ایرانی دل قسمت چهارم,https://www.youtube.com/watch?v=yZQH-Tj2GuA
حامد بهداد، یکتا ناصر در سریال جدید دل به کارگردانی منوچهر هادی قسمت سوم - Del Serial,https://www.youtube.com/watch?v=UimX8AekZno
موزیک ویدیوی فیلم سینمایی بنفشه آفریقایی | African Violet Music Video,https://www.youtube.com/watch?v=Noy6VJnWJKc
بهرام افشاری، بیژن امکانیان در سریال فارسی دل قسمت دوم - Del Serial Farsi With English Subtitles,https://www.youtube.com/watch?v=30SOVmMwWQw
سعید راد سریال دل با زیرنویس انگلیسی (قسمت اول) - Del Serial farsi With English Sub,https://www.youtube.com/watch?v=7eFYLi3BaSg
پشت صحنه فیلم سینمایی بنفشه آفریقایی | African Violet Iranian Movie Backstage,https://www.youtube.com/watch?v=TBVcpeLnSW8
فیلم سینمایی ایرانی کفش های جیر جیرک دار | Film Irani Kafshhaye jir jirakdar,https://www.youtube.com/watch?v=hKC3XXazvs0
فیلم سینمایی بنفشه آفریقایی به روایت رضا بابک | African Violet Iranian Movie Backstage,https://www.youtube.com/watch?v=wnpmo0XxeSM
فیلم سینمایی بنفشه آفریقایی به روایت فاطمه معتمد آریا | African Violet Iranian Movie Backstage,https://www.youtube.com/watch?v=5OU_Y3VXvL0
سعید راد در فیلم ایرانی پروانگی | Film Irani Parvanegi,https://www.youtube.com/watch?v=VwMEE99EYJU
فیلم سینمایی بنفشه آفریقایی  | African Violet Iranian Movie,https://www.youtube.com/watch?v=Jl3uNkSDncU
تیزر سریال جدید ایرانی دل | Del Iranian Series Trailer,https://www.youtube.com/watch?v=BkII91w-WQM
فیلم سینمایی بنفشه آفریقایی به روایت سعید آقاخانی | African Violet Iranian Movie Backstage,https://www.youtube.com/watch?v=RtJPpUehxrU
تیزر فیلم ایرانی بی حسی موضعی | Bi Hessi Mozei Iranian Movietrailer,https://www.youtube.com/watch?v=souj2ZaGxo8
فیلم کوتاه درام ایرانی باز هم ساک سفرت را خودم میبندم | Iranian Short Film,https://www.youtube.com/watch?v=1TV_-DQ5nsM
African Violet Iranian Movie Trailer,https://www.youtube.com/watch?v=yDIs2xuFbDw
سریال ایرانی شب دهم قسمت آخر | Serial Irani Shabe Dahom E14,https://www.youtube.com/watch?v=wVujW_3Semc
تیزر فیلم جدید خورشید | Film Irani Khorshid Trailer (The Sun Iranian Movie),https://www.youtube.com/watch?v=wUsxKdm3RJ4
هومن سیدی در فیلم ایرانی یک وجب از آسمان | Yek vajab az Aseman Film Irani,https://www.youtube.com/watch?v=Ipf3NWTmOVk
سریال عاشقانه شب دهم قسمت سیزدهم | Serial Irani Shabe Dahom E13,https://www.youtube.com/watch?v=l3vXUneDDhE
فیلم ایرانی سیب و سلما | Film Irani Sibo Salma,https://www.youtube.com/watch?v=nGjvEo36J84
سریال عاشقانه شب دهم قسمت دوازدهم | Serial Irani Shabe Dahom E12,https://www.youtube.com/watch?v=lZzX7as3K74
سریال عاشقانه شب دهم قسمت یازدهم | Serial Irani Shabe Dahom E11,https://www.youtube.com/watch?v=4oOg6U0X-_w
فیلم ایرانی فرزند خاک | Film Irani Farzande Khak (Child of the Soil Iranian Movie),https://www.youtube.com/watch?v=HBv-oLJj_Ok
سریال ایرانی شب دهم قسمت دهم | Serial Irani Shabe Dahom E10,https://www.youtube.com/watch?v=EpPuI8PV3bw
بر اساس داستان واقعی - فیلم حمله به اچ 3 با بازی محمد کاسبی - with English Subtitle,https://www.youtube.com/watch?v=Nyc5z6SHQLM
سریال ایرانی شب دهم قسمت نهم | Serial Irani Shabe Dahom E09,https://www.youtube.com/watch?v=oHmyTT-aVT0
اکبر عبدی، سیروس گرجستانی و محمدرضا شریفی نیا در فیلم کمدی ایرانی آدم برفی | Adam Barfi Film Irani,https://www.youtube.com/watch?v=nhdRMfkhzFg
سریال ایرانی شب دهم قسمت هشتم | Serial Irani The 10th Night E08,https://www.youtube.com/watch?v=sQUu7o852dw
فیلم ایرانی خط آفتاب | Film Irani Khatte Aftab (Sunline Iranian Movie),https://www.youtube.com/watch?v=pdu3BasxKGU
سریال ایرانی شب دهم قسمت هفتم | Serial Irani The 10th Night E07,https://www.youtube.com/watch?v=L3KUCRKqXa8
تیزر فیلم ایرانی عصر جمعه | Film Irani Asre Jome Trailer,https://www.youtube.com/watch?v=mqDk51J_zcI
فیلم ایرانی مرد ناتمام با بازی حسین پناهی و رویا نونهالی | Film Irani Marde Natamam,https://www.youtube.com/watch?v=ST3-KMzkPD8
سریال ایرانی شب دهم قسمت ششم | The 10th Night Iranian Series E06,https://www.youtube.com/watch?v=VD0CNzyk6DM
تیزر سریال ایرانی زمین گرم | Zamine Garm Iranian Series Trailer,https://www.youtube.com/watch?v=o6EJyIR05rY
مهدی مقدم در فیلم عاشقانه ایرانی ماهرخ | Mahrokh Film Irani,https://www.youtube.com/watch?v=pdCAbPJ2aO8
سریال عاشقانه ایرانی شب دهم قسمت پنجم | The 10th Night Iranian Series E05,https://www.youtube.com/watch?v=-DRcf2dDbLc
پشت صحنه فیلم ایرانی اشک و سکوت  | Film Irani Ashk O Sokoot Backstage,https://www.youtube.com/watch?v=o9PPtjAbRcg
مهدی مقدم فیلم ایرانی منفی هجده | Film Irani -18,https://www.youtube.com/watch?v=tiZW7xJ2l2w
سریال مذهبی ایرانی شب دهم قسمت چهارم | The 10th Night Iranian Series E04,https://www.youtube.com/watch?v=tv5i7MRSC_c
فیلم شغال، داستانی از خیانت و انتقام در باند خلافکاران,https://www.youtube.com/watch?v=ox8VKM1wzs0
سریال مذهبی ایرانی شب دهم قسمت سوم | The 10th Night Iranian Series E03,https://www.youtube.com/watch?v=RB19593bM8c
سریال عاشقانه ایرانی شب دهم قسمت دوم | The 10th Night Iranian Series E02,https://www.youtube.com/watch?v=LGyyIeQJSjo
سریال عاشقانه ایرانی شب دهم قسمت اول | The 10th Night Iranian Series E01 | محرم,https://www.youtube.com/watch?v=0shGRxuLRcE
تیزر سریال ایرانی شب دهم | The 10th Night Iranian Series Trailer,https://www.youtube.com/watch?v=XA7qaHoEFGk
فیلم کمدی ایرانی دامادی به نام صفر,https://www.youtube.com/watch?v=KcI-0OVq3vQ
فیلم کمدی فراری با بازی حامد کمیلی، لیندا کیانی و مهران رجبی | Comedy Film Irani,https://www.youtube.com/watch?v=L2L4EUhuNyI
فیلم سینمایی ایرانی خواهر خوانده | Film Irani Khahar Khande,https://www.youtube.com/watch?v=LpN2axdzaEQ
سریال ایرانی آسمان من قسمت (آخر) سی ام | Asemane Man Serial Irani Episode 30,https://www.youtube.com/watch?v=XiDrC_7Rah8
فیلم سینمایی ایرانی اشک و سکوت | Film Irani Ashk O Sokoot,https://www.youtube.com/watch?v=GY0AxmX93hI
تیزر فیلم جدید پسر کشی | Pesar Koshi Persian Movie Trailer,https://www.youtube.com/watch?v=IgAHSCmPMe0
فیلم سینمایی ایرانی قدیمی آرزوهای زمین | The Wishes of the Land Film Irani,https://www.youtube.com/watch?v=D7vZ_O1WINo
مستند ایرانی برادران امیدوار | Omidvar Brothers Travelogue Iranian Movie,https://www.youtube.com/watch?v=L9JTIy1wfPs
تیزر فیلم سینمایی جدید تا ابد | Ta Abad Film Irani Trailer,https://www.youtube.com/watch?v=3Cfl0Pt2IzY
فیلم اکشن بدوک  به کارگردانی مجید مجیدی با بازی محمد کاسبی | Film Irani Baduk,https://www.youtube.com/watch?v=uslyKNlJRPo
تیزر فیلم سینمایی جدید زنونه | Feminine (Zanoone) Film Irani Trailer,https://www.youtube.com/watch?v=uCgInuqgkaA
هومن سیدی، مینا ساداتی در فیلم ایرانی زخم شانه حوا | Film Irani Zakhme Shane Havva,https://www.youtube.com/watch?v=YCSTCwmQiAc
تیزر فیلم سینمایی بی وزنی | Bi Vazni Film Irani Trailer,https://www.youtube.com/watch?v=uxBVGY9dE0s
مهران غفوریان در فیلم ایرانی کمدی یک اتفاق ساده | Film Irani Comedy A simple Event,https://www.youtube.com/watch?v=wlacguhySuo
فیلم سینمایی سهم گمشده دوبله فارسی | Film Irani The Lost Share,https://www.youtube.com/watch?v=Q9b9wSBCfUM
"فیلم سینمایی نوستالژی و به یادماندنی ""به خاطر هانیه"" با بازی کیومرث پوراحمد",https://www.youtube.com/watch?v=iXeM2XFti8Q
The Painting Pool | فیلم ایرانی حوض نقاشی,https://www.youtube.com/watch?v=MsgOpIZ4gqM
تیزر جدید فیلم سینمایی فرزند چهارم | The fourth child Film Irani Trailer,https://www.youtube.com/watch?v=yR1KcbloFP4
"فیلم سینمایی ایرانی خیلی دور خیلی نزدیک | So Close, So Far Film Irani",https://www.youtube.com/watch?v=qZcOpzhczy0
فیلم کمدی زنگها با بازی زنده یاد محمد کاسبی,https://www.youtube.com/watch?v=f860OXdgrsQ
فیلم کمدی ایرانی تایماز موتوری | Film Irani Comedy Taymaz Motori,https://www.youtube.com/watch?v=n0e4YmvI2Pw
تیزر  فیلم سینمایی خط باریک قرمز | Trailer The Thin Red Line Film Irani,https://www.youtube.com/watch?v=tU1z_xw3o78
فیلم سینمایی خلوت دل | Khalvate Del Persian Movie,https://www.youtube.com/watch?v=lDbWRSDbCr8
مستند ایرانی مذهبی « عاشورای دربند » به زبان ترکی و با زیرنویس فارسی,https://www.youtube.com/watch?v=dRioxhvr8bw
مستند ایرانی متروکه‌ها - داستان جزیره هاشیما | متراکم‌ترین نقطه روی کره زمین,https://www.youtube.com/watch?v=oWfciwf8VxE
فیلم فارسی قدیمی در جستجوی قهرمان | Film Irani Dar Jostejuye Ghahraman,https://www.youtube.com/watch?v=p0PSMlBwkKY
مستند ایرانی غم انگیز سومالی | Somalia Iranian Documentary,https://www.youtube.com/watch?v=UqVpLRPxtnk
ایستگاه جلوتر رضا عطاران در فیلم ایرانی صندلی خالی | Empty Chair Film Irani,https://www.youtube.com/watch?v=emZDtCg0W3g
مستند ایرانی متروکه‌ها - داستان شهر الماس | شهری در آفریقا که به جای سنگ الماس دارد,https://www.youtube.com/watch?v=r-qBmAPSEDQ
فیلم فارسی قدیمی تیر باران | Film Irani Tirbaran,https://www.youtube.com/watch?v=zB05zIVdpY4
مستند کوتاه ایرانی مرزنشینان - روایتهای مرز | Marz Neshinan Short Film Irani,https://www.youtube.com/watch?v=1IDSlg_arPE
مستند ایرانی زندگی در مسیر آتش : داستان تکان دهنده کارتن خوابهای تهرانی | Iranian Documentary,https://www.youtube.com/watch?v=U7uSkXywZno
مستند کوتاه ایرانی مرزنشینان - کمی آنطرف تر | Marz Neshinan Short Film Irani,https://www.youtube.com/watch?v=nW1g40NXkF0
فیلم فارسی قدیمی مهاجر | Film Irani The Immigrant (Mohajer),https://www.youtube.com/watch?v=rQMRhHk7FmU
مستند کوتاه ایرانی مدرسه ؛ کشتارگاه کودک درون | Iranian Short Documentary,https://www.youtube.com/watch?v=nqBB9QEQikQ
فیلم سینمایی ایرانی فریدون مهربان است | Film Irani Fereydoon is Kind,https://www.youtube.com/watch?v=wbjG6r_WV8o
فیلم ایرانی تعقیب سایه ها | Film Irani Taghibe Sayeha,https://www.youtube.com/watch?v=jCC_RM96xmY
مستند نوستالژی اینجا همه ایران نیست - تهران شهر معرکه‌ها,https://www.youtube.com/watch?v=34o8QdbpUuY
فیلم ایرانی آخرین ملکه زمین | Film Irani Akharin Malake Zamin,https://www.youtube.com/watch?v=Kg4ztBu5hYs
داستان ناتمام » زهرا بنیانیان در راه کمک به زنان سرپرست خانوار »,https://www.youtube.com/watch?v=d5F1nfkMwBg
فیلم ایرانی قدیمی هراس | Film Irani Haras,https://www.youtube.com/watch?v=wH1dZdhy7oM
مستند نوستالژی اینجا همه ایران نیست - تهران شهر شاعرها,https://www.youtube.com/watch?v=Nw5yJPVQaO8
فیلم فارسی بلمی به سوی ساحل | Film Irani Balami Be Sooye Sahel,https://www.youtube.com/watch?v=sWlsAjhFZ-M
فیلم ایرانی بزرگ مرد کوچک | Film Irani Bozorgmarde Koochak,https://www.youtube.com/watch?v=l-SHrOhBJZo
E4 Soldier Persian Documentary with English Subtitles | مستند فارسی سرباز ای 4,https://www.youtube.com/watch?v=7ZNuWqR12eg
Bazgasht Short Film Irani Trailer | تیزر فیلم کوتاه ایرانی بازگشت,https://www.youtube.com/watch?v=Naxqn7WVHE8
فیلم درام فارسی جدید فشار خون - دم | Blood Pressure Film farsi Jadid,https://www.youtube.com/watch?v=o7nw56_8SBE
مستند جنجالی اشرف، همزاد شاه | Iranian Documentary,https://www.youtube.com/watch?v=9KGZcjTxSk4
حامد بهداد، الناز شاکردوست و پوریا پورسرخ در فیلم ایرانی دلخون - Delkhoon Film Irani,https://www.youtube.com/watch?v=amzIDATbS6E
پشت صحنه اولین فیلم سه بعدی تاریخ سینمای ایران؛ آقای الف | Mr Alef Backstage,https://www.youtube.com/watch?v=BKDZQH6_Wu0
فیلم فارسی گذرگاه | Film FarsiThe Passage (Gozargah),https://www.youtube.com/watch?v=m38i9mYwPAk
"فیلم سینمایی درام و اجتماعی ""متولد ماه مهر"" با بازی میترا حجار و محمدرضا فروتن | English Subtitle",https://www.youtube.com/watch?v=9zQlarUeMfs
حسام محمودی در فیلم سینمایی خسته نباشید | Khaste nabashid Film Irani,https://www.youtube.com/watch?v=MzWlcZJSdno
فیلم مستند جریان آلترناتیو سینمای ایران | Alternative Cinema Documentary,https://www.youtube.com/watch?v=9RT0VPhLyCo
تیزر سریال جدید آقازاده | Serial Irani Aghazadeh Trailer,https://www.youtube.com/watch?v=f6qD0CCTjbs
Iranian Short Film Saloos | فیلم کوتاه سالوس,https://www.youtube.com/watch?v=OHEcDc-4c58
فاطمه گودرزی،رضا رویگری در فیلم سینمایی ایرانی افسانه مه پلنگ - Persian Movies,https://www.youtube.com/watch?v=U4X_tzvNv-0
فیلم کوتاه نهارترین | Short Film Irani Nahartarin,https://www.youtube.com/watch?v=66uw6nS_nXw
فیلم کوتاه صبح حلب Sobhe Halab Short Film,https://www.youtube.com/watch?v=_HP_KKdS0hE
فیلم سینمایی مهره Mohreh Movie,https://www.youtube.com/watch?v=dut8MOY-aM4
فیلم کوتاه جدید مستوره | Short Film Irani Mastoure,https://www.youtube.com/watch?v=YGhTmz7MVuE
فیلم کوتاه ایرانی یاد | Yad Short Film,https://www.youtube.com/watch?v=vidADkuBS7g
فیلم کوتاه یک هفته بعد | A Week Later Short Film,https://www.youtube.com/watch?v=kK3rYZnrvno
علی صادقی، رضا عطاران، سیروس گرجستانی در فیلم کمدی ایرانی سه درجه تب - Film Irani Comedy,https://www.youtube.com/watch?v=gr-ipV0R59U
جمعه گل: داستانی از مقابله دو هم زبان، ایرانی و افغان | Jome Gol Persian Movie,https://www.youtube.com/watch?v=Cw5GGLyFUTs
علی صادقی،یوسف تیموری،یوسف صیادی در فیلم کمدی ایرانی عاشقی با اعمال شاقه,https://www.youtube.com/watch?v=K9_z9AxKp6E
فیلم ایرانی ساعت سوخته | Film Irani Saate Sookhte,https://www.youtube.com/watch?v=SGwG_NAEJl4
فیلم کوتاه شب گرم پاییزی | Shabe Garme Payizi Short Movie,https://www.youtube.com/watch?v=On13fNqZ3pU
فیلم کوتاه یک دست صدا ندارد Yek Dast Seda Nadarad Short Film,https://www.youtube.com/watch?v=nMcoAoc4SYY
Black Lives Matter | Short Film: Tulsa,https://www.youtube.com/watch?v=Jz1JGjAuG80
هنگامه قاضیانی در فیلم ایرانی به همین سادگی | Film Irani Be hamin sadegi,https://www.youtube.com/watch?v=mQlcEtLrRlQ
فیلم کوتاه محاکمه | Iranian Short Movie The Trial,https://www.youtube.com/watch?v=96GKh0XF-4k
تیزر فیلم سینمایی ایرانی بید مجنون  | Film Irani Bide Majnoon Trailer (The Willow Tree),https://www.youtube.com/watch?v=6rKhNRqp2VI
فیلم کوتاه دوخت و دوز Dookht o Dooz Short Film,https://www.youtube.com/watch?v=T-3xu4n1_lI
فاطمه معتمدآریا، پرویز پرستویی و حمید لولایی در فیلم کمدی ایرانی مرد عوضی | Film Irani Marde Avazi,https://www.youtube.com/watch?v=_gkm94_IlA8
فیلم کوتاه ایرانی تخمه ژاپنی | Tokhme Japoni Short Film,https://www.youtube.com/watch?v=nlywQUqdr6M
فیلم سینمایی گزل با بازی پردیس افکاری -  Gozal Movie,https://www.youtube.com/watch?v=fqqjv1rOfUI
فیلم کوتاه ایرانی آخرشه | Akhareshe Short Film,https://www.youtube.com/watch?v=pIMGcSXdJu8
فیلم کوتاه ایرانی اجتماعی آن مرد آمد | That Man Came Short Film,https://www.youtube.com/watch?v=ZIm-kOSJbdw
فیلم شوریده – داستان رازآلود یک خودکشی با بازی نیوشا ضیغمی,https://www.youtube.com/watch?v=i_46Ay38dM4
Kholood Short Movie with English Subtitles | فیلم کوتاه مذهبی خلود,https://www.youtube.com/watch?v=TBOrXTqMTI4
خسرو شکیبایی، امین حیایی،هانیه توسلی در فیلم سینمایی اثیری - Film farsi Asiri,https://www.youtube.com/watch?v=RV1SY-SwLOE
فیلم کوتاه  اجتماعی هم بازی | Ham Bazi Short Movie,https://www.youtube.com/watch?v=cq53vhUl0dA
فیلم کوتاه عاشقانه با زبان بی زبانی | Ba zabane bi zabani Short Movie,https://www.youtube.com/watch?v=FvnwZOuTuz0
علی صادقی و پرستو صالحی در فیلم کمدی ماهی دم قرمز | Persian Comedy Movie,https://www.youtube.com/watch?v=aKE7PDz-byA
فیلم کوتاه  جدید غیظ | Short Movie Gheyz,https://www.youtube.com/watch?v=bnHrtzg2DoA
هومن سیدی و مهراوه شریفی نیا در فیلم نوستالژی اگر باران ببارد,https://www.youtube.com/watch?v=xft4nQTQPus
فیلم کوتاه جدید گلپر | Golpar Short Film Irani,https://www.youtube.com/watch?v=5aeNqHOTq-s
سریال ایرانی معمای شاه قسمت 87 | Moammaye Shah Serial Irani 87,https://www.youtube.com/watch?v=-swKEeRE_wM
فیلم سینمایی ایرانی یه حبه قند | Film Irani A Cube of Sugar,https://www.youtube.com/watch?v=-wZNDa9yoW4
فیلم کوتاه ایرانی سر به راه | Sar Be Rah Short Film Irani,https://www.youtube.com/watch?v=cGk8Cs12FbE
سریال ایرانی معمای شاه قسمت 86 | Moammaye Shah Serial Irani 86,https://www.youtube.com/watch?v=6q8ZWp8QA2A
فیلم سینمایی کوتاه ایرانی شموشگ - فراموشی | Amnesia Short Film Irani,https://www.youtube.com/watch?v=1kF00T1Wvq4
سریال ایرانی معمای شاه قسمت 85 | Moammaye Shah Serial Irani 85,https://www.youtube.com/watch?v=oDKWYkw2Ks0
خسرو شکیبایی در فیلم خواهران غریب به کارگردانی کیومرث پوراحمد | Film Irani Khaharane Gharib,https://www.youtube.com/watch?v=KOHO6ToGmYA
تیزر فیلم درام خانه پدری | Khaneye Pedari Film Irani,https://www.youtube.com/watch?v=Cp4AJg0cHWo
سریال ایرانی معمای شاه قسمت 84 | Moammaye Shah Serial Irani 84,https://www.youtube.com/watch?v=WlpnsjlfY1c
فیلم ایرانی کوتاه ابتا | الفیلم الایرانی ابتا باللغة العربية | Abata Short Film,https://www.youtube.com/watch?v=u6oU4T4sfzs
سریال ایرانی معمای شاه قسمت 83 | Moammaye Shah Serial Irani 83,https://www.youtube.com/watch?v=f4GBSwQs9dc
فیلم ایرانی کوتاه دام  | الفیلم الایرانی دام باللغة العربية | Daam Award winning Short Film,https://www.youtube.com/watch?v=Z0B3VK969FY
سریال ایرانی معمای شاه قسمت 82 | Moammaye Shah Serial Irani 82,https://www.youtube.com/watch?v=_HIpuLeYT0I
سریال ایرانی معمای شاه قسمت 81 | Moammaye Shah Serial Irani 81,https://www.youtube.com/watch?v=uEUcQPCEnlk
سریال ایرانی معمای شاه قسمت 80 | Moammaye Shah Serial Irani 80,https://www.youtube.com/watch?v=RO3H1UWfXlk
سریال ایرانی معمای شاه قسمت 79 | Moammaye Shah Serial Irani 79,https://www.youtube.com/watch?v=A4dLyYSAl40
هومن سیدی، نیکی کریمی، آرمان درویش در فیلم سینمایی کمدی انسانی,https://www.youtube.com/watch?v=Hld-DNiR1cQ
فیلم کوتاه جدید ایرانی هدیه روز تولد  | Birthday Present Short Film Irani,https://www.youtube.com/watch?v=Ny38D9kqd80
سریال ایرانی معمای شاه قسمت 78 | Moammaye Shah Serial Irani 78,https://www.youtube.com/watch?v=QSVeEONUb3U
فرهاد اصلانی، مریلا زارعی در فیلم سینمایی زیر سقف دودی با کیفیت 1080 - Film,https://www.youtube.com/watch?v=CzxvNXkUrL0
تیزر فیلم سینمایی ایرانی زیر سقف دودی | Zire Saghfe Doodi Film Irani Traielr,https://www.youtube.com/watch?v=xu1ofB2lSsE
فیلم کوتاه جدید اجتماعی دایره | Circle Iranian Short Movie,https://www.youtube.com/watch?v=_AJ7THlYTVk
سریال ایرانی معمای شاه قسمت 77 | Moammaye Shah Serial Irani 77,https://www.youtube.com/watch?v=9aLMppNT5BA
فیلم کوتاه نظر - معجزه دخترک معلول | Sight (Nazar) Short Film Irani,https://www.youtube.com/watch?v=W9nhCrXTw0Q
سریال ایرانی معمای شاه قسمت 76| Moammaye Shah Serial Irani 76,https://www.youtube.com/watch?v=zpyJo4sW4SU
فیلم کوتاه نذر - معجزه دخترک معلول | Nazr Short Film Irani,https://www.youtube.com/watch?v=JBDE_GGriwM
سریال ایرانی معمای شاه قسمت 75 | Moammaye Shah Serial Irani 75,https://www.youtube.com/watch?v=8jLjnlYSmC4
فیلم کوتاه مذهبی مسافر | Pilgrim (Mosafer) Short Film Irani,https://www.youtube.com/watch?v=f_1vjuqMMb0
فیلم کوتاه جدید رویای ناتمام | Unfinished Dream Short Film Irani,https://www.youtube.com/watch?v=Gh-2Ywckruw
سریال ایرانی معمای شاه قسمت 74 | Moammaye Shah Serial Irani 74,https://www.youtube.com/watch?v=GRw75iJg330
فیلم کوتاه جدید ایرانی پیش شماره | Pish shomare Short Film Irani,https://www.youtube.com/watch?v=G1EdpxWKR6w
سریال ایرانی معمای شاه قسمت  73| Moammaye Shah Serial Irani 73,https://www.youtube.com/watch?v=KWRVNzGahpc
فیلم ایرانی کوتاه بی سیم با زیرنویس فارسی | الفیلم الایرانی لاسلکی باللغة العربية,https://www.youtube.com/watch?v=KbC-AwgQYVM
سریال ایرانی معمای شاه قسمت 72 | Moammaye Shah Serial Irani 72,https://www.youtube.com/watch?v=CeMs_LapvQI
فیلم کوتاه ایرانی جدید قرار | Gharar Iranian Short Movie,https://www.youtube.com/watch?v=8roHahLtQSU
فیلم کوتاه جالب آلبوم | Album Iranian Short Movie,https://www.youtube.com/watch?v=2MBRf1Tc0U8
سریال ایرانی معمای شاه قسمت 71 | Moammaye Shah Serial Irani 71,https://www.youtube.com/watch?v=eiV2jb8xM0M
The Jacket Short Movie with English Subtitles | فیلم کوتاه خانوادگی ژاکت,https://www.youtube.com/watch?v=LD4TWz8FHXQ
فیلم کوتاه جدید بگذار تنها خدا بداند | Iranian Short Movie,https://www.youtube.com/watch?v=5tm5P90Zy9c
سریال ایرانی معمای شاه قسمت 70 | Moammaye Shah Serial Irani 70,https://www.youtube.com/watch?v=qf2roKupXwQ
مخمصه | فیلم پلیسی جنایی با بازی شهرام حقیقت دوست و مهدی پاکدل,https://www.youtube.com/watch?v=1fXspNZActU
فیلم کوتاه انسانم آرزوست | Ensanam Arezoost Iranian Short Movie,https://www.youtube.com/watch?v=qopV7HWfr28
تیزر فیلم ایرانی مخمصه | Hardness (Makhmase) Film Irani Trailer,https://www.youtube.com/watch?v=1j7d84tRhOc
سریال ایرانی معمای شاه قسمت 69 | Moammaye Shah Serial Irani 69,https://www.youtube.com/watch?v=RsEKGFD_utc
فیلم کوتاه خانوادگی بدون لک | Bedoone Lak Iranian Short Film,https://www.youtube.com/watch?v=WZpCEJNEBeo
سریال ایرانی معمای شاه قسمت 68 | Moammaye Shah Serial Irani 68,https://www.youtube.com/watch?v=dZW_VHlWosE
Visor | Short Film | فیلم کوتاه ویزور,https://www.youtube.com/watch?v=c28gcj9Ro-o
سریال ایرانی معمای شاه قسمت 67 | Moammaye Shah Serial Irani 67,https://www.youtube.com/watch?v=NTJxXwmRqws
فیلم کمدی و خنده دار به روح پدرم با بازی جواد رضویان و یوسف تیموری,https://www.youtube.com/watch?v=1QGXok9Y7zM
فیلم کوتاه داستانی زخمه بر زخم | Zakhme Bar Zakhm Iranian Short Film,https://www.youtube.com/watch?v=mGBpA2j2Ogs
سریال ایرانی معمای شاه قسمت 66 | Moammaye Shah Serial Irani 66,https://www.youtube.com/watch?v=QAvI-l4gLTM
فیلم کوتاه اجتماعی شما چند دقیقه وقت دارید؟ | Short Film Irani,https://www.youtube.com/watch?v=E-rfJ-MWaFI
سریال ایرانی معمای شاه قسمت 65 | Moammaye Shah Serial Irani 65,https://www.youtube.com/watch?v=gKe7aOF64tA
شبنم قلی خانی و محمود پاک نیت در فیلم کمدی پنجشنبه آخر ماه,https://www.youtube.com/watch?v=jelXkpcKcsI
Paid off Short Movie with English Subtitles | فیلم کوتاه پرداخت شد,https://www.youtube.com/watch?v=kalgDWYiNXg
سریال ایرانی معمای شاه قسمت 64 | Moammaye Shah Serial Irani 64,https://www.youtube.com/watch?v=_m3eqKcuPc4
فیلم کوتاه اجتماعی غصب | Ghasb Short Film Irani,https://www.youtube.com/watch?v=B5p_W_pZJB8
سریال ایرانی معمای شاه قسمت 63 | Moammaye Shah Serial Irani 63,https://www.youtube.com/watch?v=S1y99s_0lRE
پسران آجری | با بازی فرزاد فرزین و پوریا پورسرخ | Brick Boys,https://www.youtube.com/watch?v=1iWq1AI2OUQ
فیلم کوتاه جدید ریوار | Rivar Short Film Irani,https://www.youtube.com/watch?v=dLKL8kW7vn8
سریال ایرانی معمای شاه قسمت 62 | Moammaye Shah Serial Irani 62,https://www.youtube.com/watch?v=v7cov3dqPmk
فیلم سینمایی ایرانی قدیمی جدال | Jedal (The Battle) Film Irani,https://www.youtube.com/watch?v=1qId4jBQjTw
سریال ایرانی معمای شاه قسمت 61 | Moammaye Shah Serial Irani 61,https://www.youtube.com/watch?v=mO4hT2jrmZI
فیلم کوتاه جدید رفاقت هاست که میماند | Short Film Irani,https://www.youtube.com/watch?v=_bg8PSD_Ol8
تیزر فیلم سینمایی جدید یلدا | Yalda Film Irani Traielr,https://www.youtube.com/watch?v=Sgkko7pgp-E
سریال ایرانی معمای شاه قسمت 60 | Moammaye Shah Serial Irani 60,https://www.youtube.com/watch?v=mphgsU-SaPo
فیلم سینمایی ایرانی اجاق های شعله ور | Ojagh haye Shole Var Film Irani,https://www.youtube.com/watch?v=bzs_CfVSTRU
فیلم کوتاه تاثیرگذار فضای مجازی | Social Media Short Film Irani,https://www.youtube.com/watch?v=wgUIWcaQphw
سریال ایرانی معمای شاه قسمت 59 | Moammaye Shah Serial Irani 59,https://www.youtube.com/watch?v=g2QyCV_envo
پشت صحنه فیلم سینمایی ایرانی تراژدی | Tragedy Film Irani Backkstage,https://www.youtube.com/watch?v=8zwLwnRXWmA
فیلم کوتاه مفهومی برای مثال | For Instance Short Film Irani,https://www.youtube.com/watch?v=k-MJgkItgZs
سریال ایرانی معمای شاه قسمت 58 | Moammaye Shah Serial Irani 58,https://www.youtube.com/watch?v=dOWYgtZB6_c
پشت صحنه حکایت عاشقی,https://www.youtube.com/watch?v=gBpchV_b9Wk
فیلم کوتاه ایرانی کفش غیر ملی | Kafshe Gheyre Melli Short Film Irani,https://www.youtube.com/watch?v=10zk8eHledQ
سریال ایرانی معمای شاه قسمت 57 | Moammaye Shah Serial Irani 57,https://www.youtube.com/watch?v=6YG1EcvLv1E
سروش صحت در فیلم درام جدید وقتی برگشتم🎞️,https://www.youtube.com/watch?v=hV2ZHSm-OXY
مستند جدید ایرانی ترازوی بازار | Tarazooye Bazaar Short Film Irani,https://www.youtube.com/watch?v=E3aZ4naeM4o
نمایش عروسکی ماجرای تعطیلات رویایی | Iranian National Theater,https://www.youtube.com/watch?v=0Q0PeSKXp84
سریال ایرانی معمای شاه قسمت 56 | Moammaye Shah Serial Irani 56,https://www.youtube.com/watch?v=mtxpVOBFKkg
مستند جدید ایرانی خانه ی آرام | Khaneye Aram Short Film Irani,https://www.youtube.com/watch?v=Y-Pqm5nIn9A
نمایش عروسکی رابینسون خرگوشه | Robinson; The Rabbit Iranian National Theater,https://www.youtube.com/watch?v=TwfqhyQPDFY
سریال ایرانی معمای شاه قسمت 55 | Moammaye Shah Serial Irani 55,https://www.youtube.com/watch?v=3xg1GJcXgS8
فیلم کوتاه جدید ایرانی خیابان بهشت | Khiabane Behesht Short Film Irani,https://www.youtube.com/watch?v=yQyS0ODPyog
میترا حجار در فیلم سینمایی ایرانی رهایی | Release Film Irani full movie,https://www.youtube.com/watch?v=2kKoQlVBG3w
پشت صحنه فیلم سینمایی ایرانی آدمکش | Adamkosh Film Irani Backstage,https://www.youtube.com/watch?v=J-mem78Eukw
تیزر فیلم سینمایی جدید آینده | The Future (Ayandeh) Film Irani Traielr,https://www.youtube.com/watch?v=E-fUiz9Y4QU
سریال ایرانی معمای شاه قسمت 54 | Moammaye Shah Serial Irani 54,https://www.youtube.com/watch?v=21X9MehXGnA
فیلم سینمایی ایرانی عبور در غبار  | Oboor Dar Ghobar Film Irani Full Movie,https://www.youtube.com/watch?v=zK7vhft-Y2k
تیزر سریال جدید بچه مهندس 3 | Bache Mohandes Serial Irani Trailer,https://www.youtube.com/watch?v=p-bRJYFN858
تئاتر ایرانی آنلاین دالگ یعنی مادر | Dalag (Mother) Movie Theater,https://www.youtube.com/watch?v=NuozdPBzmrY
سریال ایرانی معمای شاه قسمت 53 | Moammaye Shah Serial Irani 53,https://www.youtube.com/watch?v=Z0tk53wP7z4
پشت صحنه فیلم سینمایی جدید وقتی برگشتم | Vaghti Bargashtam Backstage,https://www.youtube.com/watch?v=FlQbm0sc5Ps
فیلم سینمایی ایرانی آن سفر کرده  | An Safar Karde Film Irani Full Movie,https://www.youtube.com/watch?v=q_HZtatMxPs
تیزر سریال جدید زیرخاکی | Zir Khaki Serial Irani Trailer,https://www.youtube.com/watch?v=p6m0X6lVLYU
فیلم کوتاه جدید ایرانی حافظ  | Hafez Short Film Irani,https://www.youtube.com/watch?v=NZo_x3eiU-U
تئاتر ایرانی آنلاین بازی زندگی | Game of Life Movie Theater,https://www.youtube.com/watch?v=HxfmUzPbnps
سریال ایرانی معمای شاه قسمت 52 | Moammaye Shah Serial Irani 52,https://www.youtube.com/watch?v=nZosj1o1S7k
پروانه معصومی در فیلم سینمایی ایرانی بوی خاک عطر گلاب | Film Irani with English Subtitles,https://www.youtube.com/watch?v=vlh40yCidQc
نمایش عروسکی ماجرای قندک و عمو شهرام | Iranian National Theater,https://www.youtube.com/watch?v=jB_Qj2LgUR0
سریال ایرانی معمای شاه قسمت 51 | Moammaye Shah Serial Irani 51,https://www.youtube.com/watch?v=RHjkTRtgqgg
مهمان مامان به کارگردانی داریوش مهرجویی با بازی پارسا پیروزفر، امین حیایی,https://www.youtube.com/watch?v=x5CK8ImIInU
پشت صحنه فیلم سینمایی ایرانی فرزند چهارم | Farzande Chaharom Backstage,https://www.youtube.com/watch?v=disKcjRbhOU
تئاتر ایرانی جدید سکوت; سال ده هجریست | Iranian Movie Theater,https://www.youtube.com/watch?v=Pr7udEeNcTw
سریال ایرانی جدید معمای شاه قسمت 50| Moammaye Shah Iranian Series 50,https://www.youtube.com/watch?v=MUeg1BPF4WA
فیلم سینمایی ایرانی باور آرامش | Bavare Aramesh Film Irani,https://www.youtube.com/watch?v=uTmGYBG6_DA
فیلم مستند جدید ایرانی طبرستان ۱۴۹۶ | Tabarestan 1496 Iranian Documentary,https://www.youtube.com/watch?v=w3PL5ApnJQ0
نمایش خیمه شب بازی مبارک و کرونا | Mobarak & Corona National Theater,https://www.youtube.com/watch?v=OYkCoIaOHaM
سریال ایرانی جدید معمای شاه قسمت 49| Moammaye Shah Iranian Series 49,https://www.youtube.com/watch?v=xFfTDPAvQ4A
فیلم کوتاه جدید ایرانی ببخشید بیدارتون کردم | I'm sorry I woke you up Short Film Irani,https://www.youtube.com/watch?v=gZ6QXmlWuZg
سریال ایرانی جدید معمای شاه قسمت 48| Moammaye Shah Iranian Series 48,https://www.youtube.com/watch?v=i5cfSR1Sv7M
فیلم کوتاه جدید ایرانی کرایه ها آماده | Keraye ha Amadeh Short Film Irani,https://www.youtube.com/watch?v=RcVKP2MBtrg
سریال ایرانی جدید معمای شاه قسمت 47| Moammaye Shah Iranian Series 47,https://www.youtube.com/watch?v=oNkjt7UjiOM
تیزر سریال جدید سرباز | Soldier Serial Irani Trailer,https://www.youtube.com/watch?v=2VP8RNQBkRM
فیلم کوتاه جدید ایرانی زنگ زندگی | Zange Zendegi Short Film Irani,https://www.youtube.com/watch?v=seHJLFVOITg
سریال ایرانی جدید معمای شاه قسمت 46 | Moammaye Shah Iranian Series 46,https://www.youtube.com/watch?v=i_m85_4Xs9o
فیلم کوتاه جدید ایرانی درختان حماسی | Derakhtane Hamasi Short Film Irani,https://www.youtube.com/watch?v=d-TjCt6UgRw
سریال ایرانی معمای شاه قسمت 45 | Moammaye Shah Iranian Series 45,https://www.youtube.com/watch?v=tCqBAHNdR8A
فیلم جاسوسی سینمایی مروارید سیاه با بازی فرامرز قریبیان🕵️‍♀️,https://www.youtube.com/watch?v=q35-DlBemmE