title,url
پخش آنلاین سریال جدید همه گیری (اپیدمی) - قسمت اول سریال جدید و پخش همزمان همه گیری,https://www.youtube.com/watch?v=XW9jfgRIm-0
زیبا بروفه، زهره حمیدی، نیما فلاح در قسمت ۱۵ سریال نوستالژیک دختران - Dokhtaran Iran Series,https://www.youtube.com/watch?v=gvMc6bxcUyc
فیلم جدید جنایی سایه روشن - با کیفیت فول اچ دی - Persian Movie Saye Roshan,https://www.youtube.com/watch?v=qznAkWZ9kDI
عجیب ترین و ناراحت کننده ترین صحنه فیلم متری شیش و نیم - تا آخرشو ببین ☹️,https://www.youtube.com/watch?v=U7n7JNUZTtw
سام درخشانی، یکتا ناصر در فیلم خانه ای در شن - Persian Movie,https://www.youtube.com/watch?v=tlD5DfUB6Mg
۲۳ سال پیش، اجاره خونه ۶۰ هزار تومن بوده!!!,https://www.youtube.com/watch?v=UtwZquJc5WM
فصل آخر فیلمی با بازی هوشنگ توکلی، لیلا بوشهری، پویا امینی و محمد ابهری,https://www.youtube.com/watch?v=-Z4Ydy_OOrE
رامین ناصر نصیر، زهره حمیدی، نیما فلاح در قسمت ۱۴ سریال نوستالژیک دختران - Dokhtaran Iran Series,https://www.youtube.com/watch?v=cz7gJ4tNk08
اسیری که هرگز آزاد نشد فیلم جدید ایرانی - Persian Movie,https://www.youtube.com/watch?v=gAj4bvASUDg
آتش تقی پور، افسانه ناصری، امیرمحمد زند، سیاوش طهمورث در فیلم ایرانی با من مهربان باش,https://www.youtube.com/watch?v=kjLpm6y4S5s
زنده یاد فتحعلی اویسی و مرحوم خسرو امیرصادقی در یک قاب 🥀,https://www.youtube.com/watch?v=J7G73ZmGFqI
قسمت سیزدهم سریال نوستالژی دختران - Dokhtaran Serial Irani,https://www.youtube.com/watch?v=0I9vFqES6dA
رامین ناصر نصیر، زهره حمیدی، نیما فلاح در قسمت ۱۲ سریال نوستالژیک دختران - Dokhtaran Iran Series,https://www.youtube.com/watch?v=JiDdjxHSqg8
دان فیلم ایرانی با زیرنویس انگلیسی - برنده جشنواره فیلم فجر - Don Persian Movie With English Sub,https://www.youtube.com/watch?v=5hDWSPJcYbI
فلم جدید افغانی رفتن با بازی فرشته حسینی، رضا احمدی - With English Subtitles,https://www.youtube.com/watch?v=5PX8pcZva3A
دختر شمارو تو زیرزمین، با چندتا پسر دستگیر کردن!!,https://www.youtube.com/watch?v=-6lJJ7KE4ao
بر‌اساس داستان واقعی- قسمت دوازدهم سریال جدید سوران با کیفیت بالا و عالی - Sooran Series,https://www.youtube.com/watch?v=qbjW4pdPhnM
قسمت ۱۱ سریال خاطره انگیز دختران با بازی آتنه فقیه نصیری، شقایق دهقان و زیبا بروفه - Serial Irani,https://www.youtube.com/watch?v=q5K2Ua9Mh7A
امید واقعی اونیه که جــر بخوری و بهش برسی، فیلم جدید باحال و ته خنده خرگیوش 😂🤣,https://www.youtube.com/watch?v=HTK8DMvbTaA
علیرام نورایی، مهدی پاکدل، مهدی وطن خواه در فیلم نوستالژی رفقای خوب,https://www.youtube.com/watch?v=GIJmT9OQ6cw
تیزر فیلم جدید سینمایی ایرانی سه کام حبس با بازی محسن تنابنده، پریناز ایزدیار,https://www.youtube.com/watch?v=W7Q1GNNAM4o
حسام محمودی در سریال جدید سوران - سریالی بر اساس داستان واقعی (قسمت یازدهم),https://www.youtube.com/watch?v=XKeQvVAJYvQ
شرف چیه! وجود ندارین همتون، از پول درشت میترسین!,https://www.youtube.com/watch?v=AI2vj-_Ploo
سریال نوستالژیک دختران، به مشکلات زندگی دختران دانشجو می پردازد - (قسمت دهم),https://www.youtube.com/watch?v=niFax___HII
جدیدترین فیلم سامان سالور - فیلم جدید سه کام حبس با بازی محسن تنابنده و پریناز ایزدیار,https://www.youtube.com/watch?v=I34d3xGU9OE
🤣🤣🤣 قضاوت نکنیم همون زر نزنیم خودمونه🤪🤣,https://www.youtube.com/watch?v=QW8X_ZoksSk
فیلم پلیسی و جنایی مرگ سپید - Marg Sepid Persian Movie,https://www.youtube.com/watch?v=V5-XlkV5-Sc
زیبا بروفه، زهره حمیدی، نیما فلاح در قسمت نهم سریال نوستالژیک دختران - Dokhtaran Iran Series,https://www.youtube.com/watch?v=J4Gob4LA35U
تیزر اختصاصی فیلم کمدی و جنجالی خرگیوش - بدون سانسور با کیفیت فول اچ دی,https://www.youtube.com/watch?v=uO2pFa7ZljU
قسمت هشتم سریال خاطره انگیز دختران با بازی آتنه فقیه نصیری، شقایق دهقان و زیبا بروفه - Serial Irani,https://www.youtube.com/watch?v=7zM0oHWlqX4
محسن تنابنده، پریناز ایزدیار، در فیلم جدید سه کام حبس - تیزر فیلم جدید سینمایی ایرانی سه کام حبس,https://www.youtube.com/watch?v=pL0nr4cN1SY
علی سلیمانی، نیلوفر شهیدی، آتش تقی پور و پوراندخت مهیمن در فیلم سفر - Safar Film Irani,https://www.youtube.com/watch?v=VGJuaPsFbLg
سریال قدیمی دختران با کیفیت بالا با بازی نیما فلاح، زیبا بروفه (قسمت هفتم),https://www.youtube.com/watch?v=BAl6Zsqbw10
به مهدی فخیم زاده میگه بیا باهم بزنیم!!🤪🤣,https://www.youtube.com/watch?v=O9B_jAapQOI
رامین ناصر نصیر، زهره حمیدی، نیما فلاح در قسمت ششم سریال نوستالژیک دختران - Dokhtaran Iran Series,https://www.youtube.com/watch?v=4kimqclaYJs
باران کوثری، مصطفی زمانی، پگاه آهنگرانی و مهتاب کرامتی در فیلم جدید جامه دران با زیرنویس انگلیسی,https://www.youtube.com/watch?v=KgfvXb7xuyk
قسمت پنجم سریال خاطره انگیز دختران با بازی آتنه فقیه نصیری، شقایق دهقان و زیبا بروفه - Serial Irani,https://www.youtube.com/watch?v=gut5OUaxKWE
ببر کرد ایرانی - سریال جدید سوران,https://www.youtube.com/watch?v=-kJy6CnGu84
قسمت دهم سریال جدید و پخش همزمان سوران - داستان واقعی از زندگی یک مبارز کُرد,https://www.youtube.com/watch?v=cMHXMIkXFmo
سریال نوستالژیک دختران، به مشکلات زندگی دختران دانشجو می پردازد - (قسمت چهارم),https://www.youtube.com/watch?v=x020eajMwQU
دیوارکش مستند که برخی آگاهی‌بخش و هشداردهنده توصیف کردند و عده‌ای هم ساختارشکن و قبح‌شکن,https://www.youtube.com/watch?v=LpFbWZQQ3PU
بر‌اساس داستان واقعی - قسمت نهم سریال جدید سوران با کیفیت بالا و عالی - Sooran Series,https://www.youtube.com/watch?v=u5_immmtHGg
رامین ناصر نصیر، زهره حمیدی، نیما فلاح در قسمت سوم سریال نوستالژیک دختران - Dokhtaran Iran Series,https://www.youtube.com/watch?v=JA19T6lC-wU
فیلم سینمایی جدید و در حال اکران شهرک با بازی ساعد سهیلی، کاظم سیاحی، مهتاب ثروتی، همایون ارشادی,https://www.youtube.com/watch?v=oNn5oXWY6E8
وقتی میگی از دستت ناراحت نشدم 🤣😂,https://www.youtube.com/watch?v=UYnBzBGqfJs
مانی حقیقی، گوهر خیراندیش و رامبد جوان در فیلم درام، کمدی آذر، شهدخت، پرویز و دیگران,https://www.youtube.com/watch?v=8uKCLBPTHKw
قسمت دوم سریال خاطره انگیز دختران با بازی آتنه فقیه نصیری، شقایق دهقان و زیبا بروفه - Serial Irani,https://www.youtube.com/watch?v=A-BjXQDryJM
فیلم داییش - پربازدیدترین فیلم انیمشن کوتاه پخش شده در سال های اخیر,https://www.youtube.com/watch?v=M4JKRiVhDRU
الناز شاکردوست در فیلم رئال کمدی و انیمیشن مبارک - 1080p Full HD The Mobarak,https://www.youtube.com/watch?v=EdQfAaNPmc8
سریال نوستالژیک دختران با بازی زهره حمیدی - (قسمت اول سریال دختران),https://www.youtube.com/watch?v=lECpx5oHAvI
فیلم مستند ایرانی شهری به کارگردانی امیر صادقی,https://www.youtube.com/watch?v=C9sfgE6o9QY
برهوت فیلم ایرانی با بازی بهاره افشاری، محمد حاتمی و سوگول طهماسبی,https://www.youtube.com/watch?v=kwoMWtQ8AIo
مهناز افشار، پژمان بازغی، پوریا پورسرخ در فیلم خاطره - Khatereh Persian Movie,https://www.youtube.com/watch?v=W7NVX91DSJw
رضا رویگری در فیلم قدیمی گریز - Goriz Persian Movie,https://www.youtube.com/watch?v=pNzVSLgsDfc
فریماه فرجامی با نقشی ماندگار در فیلم مادر🥀,https://www.youtube.com/watch?v=PolyfZoPlbQ
محسن تنابنده، هدیه تهرانی، حامد بهداد در فیلم هفت دقیقه تا پاییز - Haft Daghighe ta Paeez Film Irani,https://www.youtube.com/watch?v=NcAonZUadfQ
زنده یاد بانو فریماه فرجامی ☹️🥀,https://www.youtube.com/watch?v=7vMpD0edprA
قمار چهار گزینه ای مستند جدید ایرانی - به دست های پشت پرده کنکور سراسری می پردازد,https://www.youtube.com/watch?v=4vR3nXMW7pA
هیچ و پول مستند جدید ایرانی - Iranian documentary,https://www.youtube.com/watch?v=nI0tZ_6AmXY
خانوم شیرزاد گیر داده به کسرا بگه کسری🤣🤣,https://www.youtube.com/watch?v=bFSajZ0y03U
محسن تنابنده، فرشته حسینی، مجتبی پیرزاده در فیلم شکستن همزمان بیست استخوان (داستان پناهنده افغانی),https://www.youtube.com/watch?v=sNFP7gBjTjk
قسمت آخر سریال پلیسی و قدیمی وفا - Vafa Iran Series,https://www.youtube.com/watch?v=JBvr-wTtzHM
فیلم سینمایی چهارشنبه سوری با بازی ترانه علیدوستی، هدیه تهرانی و حمید فرخ نژاد englishsub,https://www.youtube.com/watch?v=dJrkvPUKZcA
خدای همه ما یکیه، ولی واسه ساختن تو و رفیقات وقت نذاشته!!,https://www.youtube.com/watch?v=SGR-BHZ5eGE
قسمت هشتم سریال جدید و پخش همزمان سوران - داستان واقعی از زندگی یک مبارز کُرد,https://www.youtube.com/watch?v=pVHKMDJSpCk
به دنبال خوشبختی فیلم کمدی ایرانی با بازی پوریا پورسرخ، لیلا اوتادی، مریم امیرجلالی,https://www.youtube.com/watch?v=6H2VMWGzfAo
سریال پلیسی وفا با بازی فرهاد اصلانی و هانیه توسلی (قسمت یازدهم) - Vafa Serial Irani,https://www.youtube.com/watch?v=z8lOExg3Iv4
مستند جدید غرب دور، شرق نزدیک - روایت روابط پر فراز و نشیب ایران و چین در دولت حسن روحانی,https://www.youtube.com/watch?v=HvvfivX5BQA
محسن کیایی در فیلم کمدی ضد گلوله🤣,https://www.youtube.com/watch?v=Zk8MsvprM0Q
حسام محمودی در سریال جدید سوران - سریالی بر اساس داستان واقعی (قسمت هفتم),https://www.youtube.com/watch?v=rw3UKx4xi2s
به همین راحتی فیلم طنز ایرانی با بازی متفاوت بیژن امکانیان - Be Hamin Rahati Persian Movie,https://www.youtube.com/watch?v=eaBhHl1-3WM
سریال نوستالژی پلیسی وفا با بازی فرهاد اصلانی، پوریا پورسرخ و هانیه توسلی (قسمت دهم),https://www.youtube.com/watch?v=vCVKbVvwZhQ
مستند ایرانی سقف های معلق - New Iranian documentary,https://www.youtube.com/watch?v=-7MCj9KN-xc
فیلم کمدی جدید یک دهم با بازی بهنوش بختیاری، خشایار راد و میثم درویشان پور - Comedy Film Irani,https://www.youtube.com/watch?v=KlAxNF3Z5JQ
کی گفته تو شعورت از همه بیشتره و عقل کل جهانی!●○!,https://www.youtube.com/watch?v=rNNKtQ1QSd8
مهناز افشار، صابر ابر و حسن معجونی در فیلم درام برف روی کاج ها (به کارگردانی پیمان معادی),https://www.youtube.com/watch?v=sSdu16QWNcA
قسمت نهم سریال پلیسی و قدیمی وفا - Vafa Iran Series,https://www.youtube.com/watch?v=umDU_fJ4wrY
مستند جنجالی شب نامه - افشاگری پشت پرده کانال تلگرامی جاسوس,https://www.youtube.com/watch?v=Y4NA6Hr23dQ
سریال پلیسی وفا با بازی فرهاد اصلانی و هانیه توسلی (قسمت هشتم) - Vafa Serial Irani,https://www.youtube.com/watch?v=uByE8a71nVU
کاری که ما کردیم قمار بود، اگه اون روی سکه شکست باشه چی ؟!! سریال جدید و پخش همزمان سوران,https://www.youtube.com/watch?v=fnSVpO6ZYx8
فیلم کمدی خرگیوش با بازی جواد عزتی، سیامک انصاری و بابک حمیدیان (بدون سانسور),https://www.youtube.com/watch?v=4ghDNC4gsCY
رو مخ همه رفته، این خانوم شیرزاد😁🤣,https://www.youtube.com/watch?v=JxSdps6_lNI
"حمید فرخ نژاد در فیلم توقیف شده درام و عاشقانه "" به رنگ ارغوان "" به کارگردانی ابراهیم حاتمی کیا",https://www.youtube.com/watch?v=pbubIPwOxQs
سریال نوستالژی پلیسی وفا با بازی فرهاد اصلانی، پوریا پورسرخ و هانیه توسلی (قسمت هفتم),https://www.youtube.com/watch?v=tQTpK0PHYg4
شکارچی خفاش مستند جدید ایرانی,https://www.youtube.com/watch?v=TTfKztD_zdQ
تموم شد؟! خیلی تاثیرگذار بود 😉😅😃😂🤣 معروف ترین تیکه هزارپا که رضا عطاران گفته,https://www.youtube.com/watch?v=wPMorVLDz0o
از شنبه تا پنجشنبه فیلم ایرانی با بازی آتنه فقیه نصیری و حمیدرضا پگاه و مهران احمدی,https://www.youtube.com/watch?v=_V7mvDVbIIc
قسمت ششم سریال پلیسی و قدیمی وفا - Vafa Iran Series,https://www.youtube.com/watch?v=X5qw7z9-Vxw
اولین آمپول مشترک چیه دیگه آخه ؟!!؟ 😂😂 بهترین سکانس هزارپا که سانسور شد,https://www.youtube.com/watch?v=ZDKgXwUY6-Q
دانیال حکیمی، سحر زکریا در فیلم ایرانی اسرار پدری - Persian Movie,https://www.youtube.com/watch?v=79aL3aR26Ik
اگر امروز کسی از شما برای #آزادی خلق کرد به ما بپیونده، جونش آزاده، به غیر از این خونش گردن خودشه,https://www.youtube.com/watch?v=dlwKVlr9uL8
سریال پلیسی وفا با بازی فرهاد اصلانی و هانیه توسلی (قسمت پنجم) - Vafa Serial Irani,https://www.youtube.com/watch?v=j5V05MdFbPc
رزیتا غفاری در فیلم تپه آدم برفی - Persian Movie,https://www.youtube.com/watch?v=8MMYcdu4kn8
خوشت اومــــده ازش ؟؟؟!!!😁😂😜معروف ترین تیکه هزارپا که کل فضای مجازی رو ترکونده 👌🏻👌🏻,https://www.youtube.com/watch?v=CywxLAL2K7w
بر‌اساس داستان واقعی- قسمت ششم سریال جدید سوران با کیفیت بالا و عالی - Sooran Series,https://www.youtube.com/watch?v=MW8wDZTsjDY
داریوش ارجمند، ساره بیات، سیاوش طهمورث در فیلم نوستالژی بانو - The Lady Persian Movies,https://www.youtube.com/watch?v=Pu41z0LYAgs
سریال نوستالژی پلیسی وفا با بازی فرهاد اصلانی، پوریا پورسرخ و هانیه توسلی (قسمت چهارم),https://www.youtube.com/watch?v=hhjTYylaaV0
قسمت پنجم سریال جدید و پخش همزمان سوران - بر اساس داستان واقعی,https://www.youtube.com/watch?v=mA-g2zZBiPc
این پشت صحنه رو تا حالا جایی ندیدی😆😁 میترکی از خنده🤣,https://www.youtube.com/watch?v=X27zkYJNk9M
چهارشنبه 19 اردیبهشت فیلم جدید با بازی امیر آقایی، نیکی کریمی و برزو ارجمند - English Subtitles,https://www.youtube.com/watch?v=ljORo4zjz2U
قسمت سوم سریال پلیسی و قدیمی وفا - Vafa Iran Series,https://www.youtube.com/watch?v=D7QzQ5M4atg
مشتی اسماعیل، ما را با شخصیتی معمولی آشنا می‌کند که هرچه بیشتر همراهش می‌شویم، بیشتر تحسینش می‌کنیم,https://www.youtube.com/watch?v=Xc9_jBRLpgw
سکانس برتر و جنجالی فیلم جدید هفت و نیم با بازی فرشته حسینی (محصول مشترک افغانستان و ایران),https://www.youtube.com/watch?v=QtzYUN1UKkg
زنده یاد فردوس کاویانی در فیلم سیاه و سپید 🥀,https://www.youtube.com/watch?v=IkYliWisLd4
حسن معجونی و باران کوثری در فیلم جدید ایرانی بی نامی - Anonymity With English Subtitles,https://www.youtube.com/watch?v=aT7GYt-zvEg
سریال پلیسی وفا با بازی فرهاد اصلانی و هانیه توسلی (قسمت دوم) - Vafa Serial Irani,https://www.youtube.com/watch?v=eSwUOMMEdMw
رازدار عروسکها فیلم ایرانی به کارگردانی محمد جعفری,https://www.youtube.com/watch?v=NSQomJ4EeVk
دنبال خانوم کمالی کمر باریک، قند بلند میگرده 😂😉,https://www.youtube.com/watch?v=4rruuNSTpTA
گناه تو داری که تو بچگی اون کارو باهات کردن😔😭,https://www.youtube.com/watch?v=5cN4IwBcwZQ
فیلم جدید آپاندیس با بازی  آنا نعمتی و امیرعلی دانایی - Appendix FullHD With English Subtitles,https://www.youtube.com/watch?v=z-0ZQPuVo14
سریال نوستالژی پلیسی وفا با بازی فرهاد اصلانی، پوریا پورسرخ و هانیه توسلی (قسمت اول),https://www.youtube.com/watch?v=bNztD1EmP3k
این پشت صحنه از هزارپا رو جایی ندیدی، انقدر میخندی از دستشونااا 🤣😁,https://www.youtube.com/watch?v=pPK5lSUoJfY
قسمت چهارم سریال جدید و پخش همزمان سوران - داستان واقعی از زندگی یک مبارز کُرد,https://www.youtube.com/watch?v=ZdjQr_DXd78
من ترنسم، تورو خدا شوهرم ندین🥺🥺,https://www.youtube.com/watch?v=rZt7dTAOKc4
صندوقچه اسرار فیلم ایرانی با بازی جمشید جهانزاده,https://www.youtube.com/watch?v=Pwl5mayODwQ
حسام محمودی در سریال جدید سوران - سریالی بر اساس داستان واقعی (قسمت سوم),https://www.youtube.com/watch?v=TtrWMOWNscg
پشت صحنه خنده دار از فیلم کمدی هزارپا - رضا عطاران، مهران احمدی و جواد عزتی در فیلم طنز هزارپا,https://www.youtube.com/watch?v=Du6AFaTdt4g
زیبا بروفه ، ثریا قاسمی و سیامک اشعریون در فیلم نوستالژی شاهد عینی,https://www.youtube.com/watch?v=usyP_KNaPME
لامبورگینی کادوی گلزار به زنش 😱👌🏻,https://www.youtube.com/watch?v=sRaaDpbRews
فیلم جدید مردن در آب مطهر روایتگر قصه چند جوان مهاجر افغان - بازی علی شادمان و کارگردانی نوید محمودی,https://www.youtube.com/watch?v=udCoQLlC_KA
مامان خانومی کجایند؟! 🤣🤣🤣 یعنی یکی از بهترین سکانس های فیلم هزارپا,https://www.youtube.com/watch?v=za_FfAtDb4w
شب حورا فیلمی جنایی و ترسناک، با بازی امیرمحمد زند، فاطمه گودرزی و حدیث فولادوند,https://www.youtube.com/watch?v=-N_d00MkRgo
فیلم جدید درام عاشق پیشه (محصول سال 1402) - با کیفیت Bluray,https://www.youtube.com/watch?v=ujJtU4PdYHM
مستند ساحل پاسیفیک - به ازاء هر سرباز آمریکایی کشته شده در عراق یک صلیب کاشته‌اند,https://www.youtube.com/watch?v=p9DhoeYr89w
هدف من شخصیه، اگه حتی یک روز به آخر عمرم باقی مونده باشه، عملیش میکنم!!! (سریال حدید سوران),https://www.youtube.com/watch?v=wkRNdwHNMEg
فیلم کمدی و خاطره انگیز جوجه اردک من با بازی رضا شفیعی‌جم و شبنم قلی‌خانی 🤣😁,https://www.youtube.com/watch?v=R5BKbYdbDN4
آخرین فیلم حسام محمودی🥺🥀,https://www.youtube.com/watch?v=EQGrEINa-o4
تیزر سریال جدید و پخش همزمان سوران - Sooran Series,https://www.youtube.com/watch?v=x_s8HKG9YtQ
خوشت اومده؟! نه !! خوشت اومده بـــابــــا🤣😁,https://www.youtube.com/watch?v=WN9QDSAdPv0
مستند یک روستای ایرانی - مستند از روستای آلاشت مازندران,https://www.youtube.com/watch?v=oMqEJfGEiwE
فیلم پلیسی، سیاسی قهوه اسپرسو با بازی عبدالرضا اکبری، نسرین مقانلو,https://www.youtube.com/watch?v=eN5ZT4JBWd4
"یکتا ناصر, علی شادمان، سیروس همتی در تئاتر جدید ایرانی مردگان کفن و دفن",https://www.youtube.com/watch?v=KhRzrm_g-6I
فیلم سینمایی ایرانی راهی | Film Farsi Rahi,https://www.youtube.com/watch?v=JtvX51JZxnI
تیزر رسمی «نگهبان شب»، فیلمی برای زندگی ساده - فیلم جدید ایرانی نگهبان شب - The Night Guardian Film,https://www.youtube.com/watch?v=7WEw1LO7gog
فیلم مستند ایرانی کریستین - Cristine Film Documentary,https://www.youtube.com/watch?v=1mIjNWMC7Qs
آخرین قسمت سریال جدید تب و تاب,https://www.youtube.com/watch?v=Jt-iZeXqWI4
نقش‌آفرینی‌ بانو فخری خوروش در سریال خانه ای در تاریکی🖤,https://www.youtube.com/watch?v=gsDzCFJWg7Y
سعید احمدی، زهرا اویسی در فیلم ایرانی هدیه | Iranian Film The Gift,https://www.youtube.com/watch?v=TGyi-XWD76Q
خاموشی یک ستاره😢بانو فخری خوروش🖤   #shorts,https://www.youtube.com/watch?v=WnGw8kD-2Do
بر‌اساس داستان واقعی- قسمت دوم سریال جدید سوران با کیفیت بالا و عالی - Sooran Series,https://www.youtube.com/watch?v=4_X_tH_Ktm8
فخری خوروش، ستاره ای شرقی که در افق غرب خاموش شد,https://www.youtube.com/watch?v=pAfbeUE4OYM
سریال جدید و پخش همزمان تب و تاب با کیفیت  - قسمت ۳۱ - Serial Irani,https://www.youtube.com/watch?v=juHjVRzXNG8
منو زنده کردن تا خودشون اعدام کنن🥺🥺🥺 عجب دیالوگی👌🏻,https://www.youtube.com/watch?v=EE2pFLlimLU
قسمت اول سریال جدید و پخش همزمان سوران - داستان واقعی از زندگی یک مبارز کُرد که هیچ‌گاه تسلیم نشد,https://www.youtube.com/watch?v=8xK5xB7QivY
مستند بچه ها متشکریم، مستند مسابقه قرن (بازی ایران و آمریکا به روایت جواد خیابانی),https://www.youtube.com/watch?v=t55KMqlWcP0
قسمت آخر سریال پلیسی از نفس افتاده,https://www.youtube.com/watch?v=dOfkewxdXaU
رضا کیانیان، بابک حمیدیان در فیلم درام اسب - Horse Persian Movie,https://www.youtube.com/watch?v=stieGbCkYiQ
امیر آقایی، پریناز ایزدیار در فیلم جنایی ۳۶۰ درجه - Full HD,https://www.youtube.com/watch?v=sZAYux0iB6U
علیرانو نورایی، سید جواد هاشمی  و اشکان خطیبی در سریال از نفس افتاده(قسمت دوازدهم),https://www.youtube.com/watch?v=bzsgoCMxhRU
فیلم کوتاه ایرانی بازتاب - Baztab Short Film,https://www.youtube.com/watch?v=sf00pe66LxM
قسمت آخر مینی سریال کمدی و خنده دار لیلی با من است,https://www.youtube.com/watch?v=ZBELvxyXEjA
علیرانو نورایی و اشکان خطیبی در سریال جنجالی و هیجان انگیز از نفس افتاده (قسمت یازده),https://www.youtube.com/watch?v=UPZpw6mFXJg
مستند دیدنی گاهی به زیر پات نگاه کن - کارگران شاغل در تونل های زیرزمینی,https://www.youtube.com/watch?v=pgiY2_1oGZ8
قسمت ۳۰ سریال جدید تب و تاب - پخش همزمان - با بازی فرشته سرابندی، محمود پاک نیت,https://www.youtube.com/watch?v=cptw8i800T4
سریال کمدی و خنده دار لیلی با من است با بازی محمود عزیزی و پرویز پرستویی (قسمت پنجم),https://www.youtube.com/watch?v=ASzKF-q0fR0
این بشر عالیه 🤣😁,https://www.youtube.com/watch?v=mGrF1f5V-Jk
علی صادقی، لادن طباطبایی، شهرام قائدی و هومن برق‌نورد در فیلم کمدی آدم آهنی - Adam Ahani Comedy Film,https://www.youtube.com/watch?v=iKFIf7ItCHA
خاطره حاتمی، اشکان خطیبی در سریال نوستالژی از نفس افتاده (قسمت دهم),https://www.youtube.com/watch?v=cQVjR9J_nAk
تیزر سریال جدید سوران - آخرین بازی زنده یاد حسام محمودی,https://www.youtube.com/watch?v=I4nAgZd-qPE
قسمت ۲۹ سریال جدید تب و تاب - پخش همزمان - با بازی فرشته سرابندی، محمود پاک نیت,https://www.youtube.com/watch?v=ORsl4Ovzemw
قسمت چهارم سریال کمدی و خاطره انگیز لیلی با من است با بازی پرویز پرستویی و شهره لرستانی,https://www.youtube.com/watch?v=7XYDrfHvplo
فیلم جدید پلیسی گناهکاران با بازی همایون ارشادی و رامبد جوان- Gonahkaran With English Subtitle,https://www.youtube.com/watch?v=jYWAuCLouDs
شهرام عبدلی، سیدجواد هاشمی در سریال خاطره انگیز از نفس افتاده (قسمت نهم),https://www.youtube.com/watch?v=WOeZSr5d8pU
سریال جدید تب و تاب با کیفیت عالی و بالا - قسمت ۲۸ - Iran Series Tab o Taab,https://www.youtube.com/watch?v=fVJLqxwwcPU
قسمت سوم مینی سریال کمدی و خنده دار لیلی با من است,https://www.youtube.com/watch?v=7gD3AzmwwPo
وقتی دوستم میگه دیگه برنمیگردم بهش 🤣🤣,https://www.youtube.com/watch?v=LJbcVHHGZng
علیرانو نورایی و اشکان خطیبی در سریال جنجالی و هیجان انگیز از نفس افتاده(قسمت هشتم),https://www.youtube.com/watch?v=6Ysjm0bbSO8
میمند روستایی در دل کوه های کرمان 😍 مستند ایرانی میمند,https://www.youtube.com/watch?v=R-QoVn3Ec8w
سریال جدید و پخش همزمان تب و تاب با کیفیت  - قسمت ۲۷ - Serial Irani,https://www.youtube.com/watch?v=FXk-reVLwvI
سریال کمدی و خنده دار لیلی با من است با بازی محمود عزیزی و پرویز پرستویی (قسمت دوم),https://www.youtube.com/watch?v=Y0AGoC53scU
علیرانو نورایی و اشکان خطیبی در سریال جنجالی و هیجان انگیز از نفس افتاده(قسمت هفتم),https://www.youtube.com/watch?v=BtJaKhShKHA
قسمت ۲۶ سریال جدید تب و تاب - پخش همزمان - با بازی فرشته سرابندی، محمود پاک نیت,https://www.youtube.com/watch?v=uOQ5nsrkkJI
قسمت اول سریال کمدی و خاطره انگیز لیلی با من است با بازی پرویز پرستویی و شهره لرستانی,https://www.youtube.com/watch?v=zIp1wbx4swM
خاطره حاتمی، اشکان خطیبی در سریال نوستالژی از نفس افتاده (قسمت ششم),https://www.youtube.com/watch?v=dWEwVN-qoNI
فضایی تلخ و به زبان‌های فارسی و فارسی دری محصول ایران و افغانستان,https://www.youtube.com/watch?v=42uYxbT59BQ
فیلم کمدی و به شدت باحال خنده در باران، با بازی مرجانه گلچین، بهاره رهنما، گوهر خیراندیش,https://www.youtube.com/watch?v=eBhuXpWcPg4
حامد بهداد، مهدی هاشمی، مهتاب کرامتی در فیلم فرزند چهارم - The Fourth Child With English Subtitle,https://www.youtube.com/watch?v=h-868X-7M_4
شهرام عبدلی، سیدجواد هاشمی در سریال خاطره انگیز از نفس افتاده (قسمت پنجم),https://www.youtube.com/watch?v=_i1lSba91bo
فقط قیافه جواد رضویان رو تا اون آخرش ببین🤣🤣🤣🤣,https://www.youtube.com/watch?v=m8CylRJaBzA
قسمت ۲۵ سریال جدید تب و تاب - پخش همزمان - با بازی فرشته سرابندی، محمود پاک نیت,https://www.youtube.com/watch?v=dQ07nxpLJ-I
فیلم پلیسی و معمایی جدید دانگل با بازی مجید واشقانی و رامبد شکرآبی - The police movie Dangal,https://www.youtube.com/watch?v=L81fb9yGODo
علیرانو نورایی و اشکان خطیبی در سریال جنجالی و هیجان انگیز از نفس افتاده(قسمت چهارم),https://www.youtube.com/watch?v=kH-Y3iPELuY
هنگامه قاضیانی فیلم آزادی مشروط - Parole Film Irani With English Subtitles,https://www.youtube.com/watch?v=rPssYImirEA
خاطره حاتمی، اشکان خطیبی در سریال نوستالژی از نفس افتاده (قسمت سوم),https://www.youtube.com/watch?v=KP7z93cTNS4
سریال جدید تب و تاب با کیفیت عالی و بالا - قسمت ۲۴ - Iran Series Tab o Taab,https://www.youtube.com/watch?v=vz7XoHmcCfo
فرهاد آئیش، آتیلا پسیانی، نازنین فراهانی و ستاره پسیانی در فیلم درام و زیبای این خلوت تنهایی,https://www.youtube.com/watch?v=kfE1l53tD8Y
خانم شیرزاد همه رو دیوونه کرده 🤣😁,https://www.youtube.com/watch?v=1tclUhT29P8
شهرام عبدلی، سیدجواد هاشمی در سریال خاطره انگیز از نفس افتاده (قسمت دوم),https://www.youtube.com/watch?v=BgBzPhhPJ5I
قسمت ۲۳ سریال جدید تب و تاب - پخش همزمان - با بازی فرشته سرابندی، محمود پاک نیت,https://www.youtube.com/watch?v=WXvnS2iRW94
حبیب اسماعیلی، عنایت بخشی، علی محزون، محبوبه بیات، مهدی میامی، مهری ودادیان در فیلم بازجویی یک جنایت,https://www.youtube.com/watch?v=b0_gjTD5xd0
قسمت اول سریال نوستالژی و درام از نفس افتاده با بازی اشکان خطیبی، علیرام ن.رایی و زهره فکورنصب,https://www.youtube.com/watch?v=ZNHiECXkMY8
فیلم کوتاه این روزها (این روزها به راحتی از کنار هم می گذریم) 😔,https://www.youtube.com/watch?v=6VSi1BCo1qI
قسمت ۲۲ سریال جدید تب و تاب - پخش همزمان - با بازی فرشته سرابندی، محمود پاک نیت,https://www.youtube.com/watch?v=JddL7PEnzow
لاله و لادن (دوقلوهای به هم چسبیده) - Iranian Documentary Laleh & Ladan With English Sub,https://www.youtube.com/watch?v=5QwxkM2sUWs
The Village That Was Lost - مستند ایرانی دهکده ای که گم شد,https://www.youtube.com/watch?v=js-gyX34GV4
سریال جدید و پخش همزمان تب و تاب با کیفیت  - قسمت ۲۱ - Serial Irani,https://www.youtube.com/watch?v=NfH3ZoOhtlA
مگه داریم یکی پانتومیم رو اینقدر خنده دار بازی کنه  🤣😁😜,https://www.youtube.com/watch?v=yjvTIuIgZe4
روزی مرا دوست خواهی داشت با بازی حسین توشه - Persian Movie,https://www.youtube.com/watch?v=7ArR8bxplfg
بر اساس داستان واقعی- فیلم جدید برگه بدون نام (داستان دختری به نام ندا که دانش آموز نخبه است),https://www.youtube.com/watch?v=nLSM2oYyhz4
قسمت ۲۰ سریال جدید تب و تاب - پخش همزمان - با بازی فرشته سرابندی، محمود پاک نیت,https://www.youtube.com/watch?v=FaA2Qbq3LS8
فیلم کمدی سورچی گلستان با کمدین های محبوب شما، میرطاهر مظلومی، حدیث فولادوند 🤣😁,https://www.youtube.com/watch?v=M9kgItXLldY
همه فکر میکنن آدم که پیر میشه، دیگه عاشق نمیشه ♥️ #shorts,https://www.youtube.com/watch?v=WbxSvJ1ixuk
فاطمه معتمدآریا، خسرو شکیبایی و بیتا فرهی در فیلم سینمایی زندگی - Persian Movies Zendegi,https://www.youtube.com/watch?v=vGCivz4748U
قسمت آخر سریال تاریکی شب، روشنایی روز - Serial Irani Tariki Shab Roshanayi Rooz,https://www.youtube.com/watch?v=UN1JgVNeNUo
فرشته ام بمان فیلم جدید ایرانی با بازی دیدنی حسین سلیمانی - Stay My Angel,https://www.youtube.com/watch?v=PSXY8q6lipo
فیلم کمدی راننده تاکسی با بازی حبیب اسماعیلی، لاله اسکندری، ثریاقاسمی و محمدرضاداودنژاد,https://www.youtube.com/watch?v=9dgwoqqpPaU
تیزر فیلم جدید شهاب حسینی - فیلم جدید نبات با زیرنویس انگلیسی,https://www.youtube.com/watch?v=tm050i1cGK4
قسمت ۱۸ سریال تاریکی شب روشنایی روز با بازی فرخ نعمتی، مائده طهماسبی,https://www.youtube.com/watch?v=SnzL5fyd8a0
حسن معجونی و باران کوثری در فیلم جدید ایرانی بی نامی - Anonymity Persian Movie,https://www.youtube.com/watch?v=dfrtcZz1_-w
آتیلا پسیانی، آتنه فقیه نصیری و ابوالفضل پورعرب در فیلم ایرانی در کمال خونسردی,https://www.youtube.com/watch?v=LT0nRBGNkI0
مملکتمون رو نفت خوابیده، ولی پدر خانواده باید کلیشو بفروشه 😔 #shorts,https://www.youtube.com/watch?v=BaBIdZ5pFgQ
سریال جدید تب و تاب با کیفیت عالی و بالا - قسمت ۱۹ - Iran Series Tab o Taab,https://www.youtube.com/watch?v=WDrQueE-6gA
قسمت ۱۷ سریال جدید تاریکی شب روشنایی روز با بازی پرویز پورحسینی - Serial Irani,https://www.youtube.com/watch?v=yP0eXD2BICA
مستند و گفتگویی جذاب با هنرمندان محبوب کشورمان درباره گوهر خیراندیش - مستند گوهر,https://www.youtube.com/watch?v=6eMxAMg9pck
نیکی کریمی، حبیب اسماعیلی، محمدرضاشریفی نیا، امین زندگانی، نادره و محمودعزیزی در فیلم ایرانی بازیگر,https://www.youtube.com/watch?v=RaZHJXB7rSc
قسمت ۱۶ سریال جدید تاریکی شب روشنایی روز با بازی حمیدرضا آذرنگ - Serial Irani,https://www.youtube.com/watch?v=jKWnEsydMRk
قسمت ۱۸ سریال جدید تب و تاب - پخش همزمان - با بازی فرشته سرابندی، محمود پاک نیت,https://www.youtube.com/watch?v=h23ujMvyowI
خانه خلوت فیلمی با بازی عزت‌الله انتظامی، نیکو خردمند، مرتضی احمدی - فیلم خانه خلوت با کیفیت بالا,https://www.youtube.com/watch?v=ZAF-1m32wVk
حقیقتـــــــا از خنده میترکی 🤣😁 #shorts,https://www.youtube.com/watch?v=pXPtloGvx70
مستند آخرین پرواز (پیشنهاد میکنم این مستند بی نظیر را کامل ببینید) - Iraninan Documentary,https://www.youtube.com/watch?v=GmvRHYfx9A8
فرهاد قائمیان، مائده طهماسبی و پرویز پورحسینی در سریال جدید ایرانی (قسمت ۱۵),https://www.youtube.com/watch?v=ez44U26gYqE
سریال جدید و پخش همزمان تب و تاب با کیفیت  - قسمت ۱۷ - Serial Irani,https://www.youtube.com/watch?v=F5fBlFe4Sxw
فیلم جدید ایرانی رزومه به کارگردانی پژمان چشمی - Persian Movie,https://www.youtube.com/watch?v=q-a7zRSJ_Iw
تیزر فیلم جدید دسته دختران با بازی نیکی کریمی، هدی زین‌ العابدین، فرشته حسینی و پانته‌آ پناهی ها,https://www.youtube.com/watch?v=mkHKUNzBfnI
حمیدرضا آذرنگ، روزبه حصاری و فرخ نعمتی در سریال تاریکی شب، روشنایی روز(قسمت ۱۴),https://www.youtube.com/watch?v=Y-2X2GVT0Hs
4K سریال جدید و پخش همزمان تب و تاب با کیفیت - Serial Irani - قسمت ۱۶ ۷۷سریال 1402 تب و تاب,https://www.youtube.com/watch?v=cqJPV8leA_g
فیلم جدید ایرانی فاصله ها - روایتگر داستان زندگی یک خانواده و مشکلات آن ها,https://www.youtube.com/watch?v=8cT66XpXuWk
پس از دو سال توقیف، فیلم جدید نبات با بازی شهاب حسینی - Nabat Film With English Subtitles,https://www.youtube.com/watch?v=ZW_RjFFAiWM
قسمت ۱۳ سریال جدید تاریکی شب روشنایی روز با بازی پرویز پورحسینی - Serial Irani,https://www.youtube.com/watch?v=chI1JBLjnkM
فیلم کوتاه ایرانی برکت,https://www.youtube.com/watch?v=T6sX3RK6mGQ
قست دوم فیلم کمدی و خنده دار هزارپا - Hezarpa With English Subtitles,https://www.youtube.com/watch?v=LJPRaL23umw
پیشنهاد فیلم هفته، وقتی برگشتم #shorts,https://www.youtube.com/watch?v=z8Z7vq0tiqc
قسمت آخر سریال پلیسی، جنایی رهایی با کیفیت عالی و بالا,https://www.youtube.com/watch?v=JnFJt-aaGDg
قسمت ۱۲ سریال جدید تاریکی شب روشنایی روز با بازی پرویز پورحسینی - Serial Irani,https://www.youtube.com/watch?v=Kzja5GFKahc
فیلم درام و غم انگیز قاب های خالی به کارگردانی سید علیرضا حسینی موسوی,https://www.youtube.com/watch?v=afZ-XKJyUE0
فیلم جدید پلیسی و معمایی سایه های سبز با بازی متفاوت از مهدی امینی خواه - Action Film Irani,https://www.youtube.com/watch?v=Bt8gaZpikio
فیلم مهیج و درام کریستال درباره سه جوانی که برای مهریه به زندان افتادن - با بازی مهدی سلوکی,https://www.youtube.com/watch?v=WCNybmj_CDk
از اولین فیلم های شهاب حسینی، فیلم ایرانی مهیج کابوس - Shahab Hosseini in the movie Kaboos,https://www.youtube.com/watch?v=p-oF_3x7HlQ
قسمت نهم سریال پلیسی و جنایی رهایی با بازی رضا توکلی، سام قریبیان,https://www.youtube.com/watch?v=TkIPJiOh0tk
قسمت ۱۱ سریال تاریکی شب روشنایی روز با بازی فرخ نعمتی، مائده طهماسبی,https://www.youtube.com/watch?v=_4enzvkkXTY
سریال جدید و پخش همزمان تب و تاب با کیفیت  - قسمت ۱۵ - Serial Irani,https://www.youtube.com/watch?v=Vq7YBW2Hl6g
پسر جان عجب مامان خانومی خوبی داریا 😁🤣 بهترین صحنه خنده دار فیلم هزارپا,https://www.youtube.com/watch?v=XTPt-ci01N0
جواد رضویان 😂🤣 #shorts,https://www.youtube.com/watch?v=jK9bobL9JiE
قسمت هشتم سریال پلیسی و هیجان انگیز رهایی با بازی دانیال حکیمی، میترا حجار (1080p کیفیت),https://www.youtube.com/watch?v=SwdRfYpykpw
قسمت دهم سریال تاریکی شب روشنایی روز با بازی فرخ نعمتی، مائده طهماسبی,https://www.youtube.com/watch?v=m2FUJrKEMsk
سریال جدید و پخش همزمان تب و تاب با کیفیت  - قسمت ۱۴ - Serial Irani,https://www.youtube.com/watch?v=MypPcqzbILg
فیلم کمدی عشق ساندویچی با بازی فلامک جنیدی، میرطاهر مظلومی - Comedy Film Sandwich Love,https://www.youtube.com/watch?v=FC_wse4orLs
(فیلم ایرانی جنجالی عملیات آژاکس (کودتایی با حمایت مالی انگلیس و آمریکا بر علیه دولت دکتر محمد مصدق,https://www.youtube.com/watch?v=Zqe8O9C_Ih8
سریال پلیسی و معمایی و جنایی رهایی با بازی امیرحسین مدرس، میترا حجار و رامتین خداپناهی (قسمت هفتم),https://www.youtube.com/watch?v=FN6NE-u9hmk
قسمت نهم سریال جدید تاریکی شب روشنایی روز با بازی پرویز پورحسینی - Serial Irani,https://www.youtube.com/watch?v=_jdtf7yF7sY
قسمت هشتم سریال جدید تاریکی شب روشنایی روز با بازی پرویز پورحسینی - Serial Irani,https://www.youtube.com/watch?v=2U2FO72f3w0
سریال جدید تب و تاب با کیفیت عالی و بالا - قسمت ۱۳ - Iran Series Tab o Taab,https://www.youtube.com/watch?v=rNgRzsmyn8g
خدایا یه نشونی بفرست برام دیگه🤣 سکانس خنده دار از هزارپا,https://www.youtube.com/watch?v=jPaXAcTT0I4
فیلم جدید جاده به کارگردانی مجید اسماعیلی - فیلم هیجان انگیز و درام,https://www.youtube.com/watch?v=MGGbXz64wfs
قسمت ششم سریال پلیسی و جنایی رهایی با بازی رضا توکلی، سام قریبیان,https://www.youtube.com/watch?v=j5pUA7SVvN0
سکانس برتر فیلم کمدی جدید ازدواج جنجالی ، شخم آباد قانون داره !!! 😁😂🤣,https://www.youtube.com/watch?v=H1kHEmkJ_mI
قسمت ۱۲ سریال جدید تب و تاب - پخش همزمان - با بازی فرشته سرابندی، محمود پاک نیت,https://www.youtube.com/watch?v=poDWgKUOacc
اکبر عبدی با اجرای نقش های متفاوت در فیلم کمدی و خنده دار داستان عوضی,https://www.youtube.com/watch?v=oWL7H1c9GjM
نامه تو جیبم بوده، عرق کردم !! 😂😜😁🤣 #shorts,https://www.youtube.com/watch?v=O-_t_peKMgU
قسمت ۵ سریال پلیسی و هیجان انگیز رهایی با بازی دانیال حکیمی، میترا حجار (1080p کیفیت),https://www.youtube.com/watch?v=JBrbpSg14vg
سریال جدید تب و تاب با کیفیت عالی و بالا - قسمت ۱۱ - Iran Series Tab o Taab,https://www.youtube.com/watch?v=DwiM1-5IQKg
قسمت هفتم سریال تاریکی شب روشنایی روز با بازی فرخ نعمتی، مائده طهماسبی,https://www.youtube.com/watch?v=Z7WaZ26gAlo
فیلم کمدی جدید هزارپا با بازی رضا عطاران و جواد عزتی - Comedy Film Hezarpa With English Subtitles,https://www.youtube.com/watch?v=CXePaXVXA9U
قسمت چهارم سریال پلیسی و جنایی رهایی با بازی رضا توکلی، سام قریبیان,https://www.youtube.com/watch?v=41KaKt1_gz4
سود تو معامله کردن الاغه !!!! تو فیلم خنده دار ازدواج جنجالی با همه چی مواجه میشی 🤣😂😁,https://www.youtube.com/watch?v=gD4FUx_qmrY
قسمت ششم سریال جدید تاریکی شب روشنایی روز با بازی پرویز پورحسینی - Serial Irani,https://www.youtube.com/watch?v=9j9S4rOSDkw
سریال جدید و پخش همزمان تب و تاب با کیفیت  - قسمت ۱۰ - Serial Irani,https://www.youtube.com/watch?v=D15qi_2nAjY
پژمان بازغی در فیلم جدید ایرانی شاخ کرگدن - Rhino Horn Film Irani,https://www.youtube.com/watch?v=hECH09Bl88Q
شما فکر کردی چون من حکمت خانم، زیاد دارم ؟  🔞😜 #shorts,https://www.youtube.com/watch?v=YBv_syDlxPg
سریال پلیسی و معمایی و جنایی رهایی با بازی امیرحسین مدرس، میترا حجار و رامتین خداپناهی (قسمت سوم),https://www.youtube.com/watch?v=gARM6iTNupg
جلسه 4+1 در منطقه شخم آباد 😂😁 یعنی هر سکانس از این فیلم خنده داره 😜,https://www.youtube.com/watch?v=JL5KYzKdQnM
قسمت پنجم سریال تاریکی شب روشنایی روز با بازی فرخ نعمتی، مائده طهماسبی,https://www.youtube.com/watch?v=9mzDCbVgQFE
آتنه فقیه نصیری، امین زندگانی در فیلم بسیار زیبای پرستار - Parastar Persian Movie,https://www.youtube.com/watch?v=5jSFA8QX44A
قسمت دوم سریال پلیسی و جنایی رهایی با بازی رضا توکلی، سام قریبیان,https://www.youtube.com/watch?v=6TYshClLtkM
قسمت چهارم سریال جدید تاریکی شب روشنایی روز با بازی پرویز پورحسینی - Serial Irani,https://www.youtube.com/watch?v=v5-cPWVhKK4
چنگیز وثوقی، شهلا ناظریان در فیلم نوستالژی شب بخیر غریبه,https://www.youtube.com/watch?v=tKGSKz9xHnI
تیزر سریال پلیسی و جنایی رهایی با کیفیت عالی و بالا,https://www.youtube.com/watch?v=r_MAG6bV3_s
پسره تو ترافیک نازیلا دیده، تو خونه گودزیلا تحویل گرفته 😂😁😂 #shorts,https://www.youtube.com/watch?v=aazOEEfNJF8
هادی حجازی فر در فیلم جدید موقعیت مهدی - Mogheyate Mahdi With English Subtitles,https://www.youtube.com/watch?v=unJX7syBApM
قسمت اول سریال پلیسی و هیجان انگیز رهایی با بازی دانیال حکیمی، میترا حجار (1080p کیفیت),https://www.youtube.com/watch?v=vZwkfdlVPXQ
تیزر فیلم کمدی و خنده دار ازدواج جنجالی - فیلم جدی کمدی 1402,https://www.youtube.com/watch?v=goxTVmL3eAo
دیگه یوسف تیموری شورشو درآورد، همه جارو بو برداشته 😂😁🤮🤢🙊,https://www.youtube.com/watch?v=FSdJc9r3LNA
قسمت ۹ سریال جدید تب و تاب - پخش همزمان - با بازی فرشته سرابندی، محمود پاک نیت,https://www.youtube.com/watch?v=ajSc3IMAv9g
سیروس همتی، عزت‌الله رمضانی‌فر در فیلم سکوت شکسته - Broken Silence Film,https://www.youtube.com/watch?v=aP7GPMKBiik
قسمت سوم سریال تاریکی شب روشنایی روز با بازی فرخ نعمتی، مائده طهماسبی، پرویز پورحسینی,https://www.youtube.com/watch?v=zZ4qU1qVPXA
قسمت هشتم سریال پخش همزمان تب و تاب - Iran Series,https://www.youtube.com/watch?v=cd5y1i9m-2s
فیلم ایرانی شروع دوباره با حضور رضا یزدانی,https://www.youtube.com/watch?v=mg9tf-lIebc
فیلم ایرانی گلچهره با بازی مسعود رایگان، لادن مستوفی، هدایت هاشمی - With English Subtitles,https://www.youtube.com/watch?v=5KR1aXgT1Sw
میگه با این تیپ مخ همه رو میزنی، جون بابا 😂😁😜 #shorts,https://www.youtube.com/watch?v=Nfbv0X29LcY
قسمت دوم سریال جدید تاریکی شب روشنایی روز با بازی پرویز پورحسینی - Serial Irani,https://www.youtube.com/watch?v=FbBiHqxAAyI
تئاتر جدید ایرانی در سوگ کاظم اشتری (نمایش جدید ایرانی - با کیفیت عالی) - Iranian Theater,https://www.youtube.com/watch?v=yO6CRlTdESU
قسمت هفتم سریال جدید تب و تاب - پخش همزمان - با بازی فرشته سرابندی، محمود پاک نیت,https://www.youtube.com/watch?v=aA-rE7dwEoQ
قسمت اول سریال تاریکی شب روشنایی روز با بازی فرخ نعمتی، مائده طهماسبی,https://www.youtube.com/watch?v=9MZ5T9vlfXM
تئاتر جدید ایرانی گندمزار دور (نمایش جدید ایرانی - با کیفیت عالی) - Iranian Theater,https://www.youtube.com/watch?v=WLkOkFNHm4s
سریال جدید و پخش همزمان تب و تاب با کیفیت  - قسمت ۶ - Serial Irani,https://www.youtube.com/watch?v=6siKIw7Iu48
مستند ایرانی از دکتر جهانشاه برومند - نوازنده ویولون، فعال موسیقی,https://www.youtube.com/watch?v=DPfa2-52Dtc
آتیلا پسیانی، مهتاب کرامتی و امیر آقایی در فیلم دوزخ برزخ بهشت,https://www.youtube.com/watch?v=kDOkPqanwCU
اسم حاجی فیروز که میاد، آدم دلش شاد و پرامید میشه - فیلم ایرانی حاجی فیروز,https://www.youtube.com/watch?v=82Zl-Qtrqq0
دیگه از دست تو خل شدم 🥴 #shorts,https://www.youtube.com/watch?v=JFnIJ8S5u40
فیلم کمدی جدید و خنده دار ازدواج جنجالی (بدون سانسور) با بازی درخشان یوسف تیموری - Comedy Film,https://www.youtube.com/watch?v=OoAHRpe5lms
فیلم مستند شب/آتش/گفتگو - مستندی روایتگر اتفاقات چهارشنبه سوری,https://www.youtube.com/watch?v=iKHysYScxr4
داستان دو کودک عراقی و ایرانی را روایت می‌کند، فیلم ایرانی ستاره قطبی - Setare Ghotbi Film,https://www.youtube.com/watch?v=zySNz8ppYrw
قسمت ۵ سریال جدید تب و تاب - پخش همزمان - با بازی فرشته سرابندی، محمود پاک نیت,https://www.youtube.com/watch?v=hVEV9-5O_Vw
مستند جدید سفر اول کاری از مسعود زارعیان - Iranian Documentary First Trip,https://www.youtube.com/watch?v=QSvZRS8uQh4
فیلم جدید پلیسی و معمایی سایه های سبز با بازی متفاوت از مهدی امینی خواه - Action Film Irani,https://www.youtube.com/watch?v=iSCZtc-obuc
سریال جدید و پخش همزمان تب و تاب با کیفیت  - قسمت ۴ - Serial Irani,https://www.youtube.com/watch?v=NMEHuiq5u_c
حسام محمودی و آخرین لبخندش 🥀🥺 #shorts,https://www.youtube.com/watch?v=ADJer6mGAew
از آخرین فیلم های زنده یاد حسام محمودی 🥀🥀,https://www.youtube.com/watch?v=MQUx2lCTqyE
سریال جدید تب و تاب با کیفیت عالی و بالا - قسمت سوم - Iran Series Tab o Taab,https://www.youtube.com/watch?v=fTzVaQJdbDU
4K فیلم جنجالی و 🔞 بدون الکل - فیلم جدید ایرانی با کیفیت - Alcohol free Film Irani With English Sub,https://www.youtube.com/watch?v=r_plMvFoe7E
4K تیزر یلم جنجالی و 🔞 بدون الکل - فیلم جدید ایرانی با کیفیت,https://www.youtube.com/watch?v=L-_jSetSGzA
با نون خ حالشو ببر🥰🤣 سریال کمدی و به شدت خنده دار نون خ ، کارگردانی خفن و عالی سعید آقاخانی ❤️,https://www.youtube.com/watch?v=XbWgjE-9frE
برادر کوچیکتم پیش ماست 🤬 #shorts,https://www.youtube.com/watch?v=H7bKOwwsPIc
مستند ایرانی عروسی اقوام - این قسمت: مازندران همه آن سالها - Iranian documentary (Mazandaran),https://www.youtube.com/watch?v=ovVYql_3mkQ
نمایش عروسکی مسافر جنگل سبز - Green Forest Traveler,https://www.youtube.com/watch?v=TdNVmVYdf6g
قسمت دوم سریال جدید تب و تاب - پخش همزمان - با بازی فرشته سرابندی، محمود پاک نیت,https://www.youtube.com/watch?v=D0l2r2tI9kM
میلاد کی مرام، علی اوسیوند و ابراهیم شفیعی  در فیلم جنگی و درام ژنرال  - General Film,https://www.youtube.com/watch?v=CoWUHfzWGdU
ثریا قاسمی، رامبد شکرابی در فیلم ایرانی نبض خیس - Nabze Khis Persian Movie,https://www.youtube.com/watch?v=nIwX6em_5VY
4K سریال جدید و پخش همزمان تب و تاب با کیفیت - Serial Irani - قسمت اول سریال 1402 تب و تاب,https://www.youtube.com/watch?v=tA_-Yw3giag
"مسیر روشن"" از انتخابات 88 می‌گوید/ معترضان هم این فیلم را ببینند - با بازی سام درخشانی، سمانه پاکدل",https://www.youtube.com/watch?v=K7Y-6vw7_rw
4K تیزر سریال جدید و پخش همزمان تب و تاب با کیفیت - Serial Irani Tab o Taab 1402,https://www.youtube.com/watch?v=q_J80FFKPkE
آتیلا پسیانی و بهرام رادان در فیلم جدید نقش نگار - With English Subtitles,https://www.youtube.com/watch?v=6Es6Rj6DoAM
فیلم جنجالی طبقه سوم بدون سانسور با بازی مهناز افشار، پگاه آهنگرانی - With English Subtitles,https://www.youtube.com/watch?v=OG7jz8bVC1I
آخرش این بلا سرت میاد 😂🤣 #shorts,https://www.youtube.com/watch?v=UZkdy84J0zA
فاضل اجبوری، شهلا میربختیاری ، جمشید شاه محمدی ، حسن اکلیلی در فیلم نوستالژی سلام سرزمین من,https://www.youtube.com/watch?v=mbzg1m8MwGs
فیلم ایرانی لی لی,https://www.youtube.com/watch?v=yjHWpqXgqnI
فیلم اکشن و جنگی طوفان شن  با بازی احمد نجفی- Toofane Shen Film Irani,https://www.youtube.com/watch?v=5W7AIOkKkKY
کریم امینی، پوریا پورسرخ و شقایق فراهانی در فیلم جدید پاسیو - Pasio Film With English Subtitles,https://www.youtube.com/watch?v=Bpxp2bphJHA
فیلم کمدی و خنده دار حرفه ای با بازی خاطره انگیز رشید 🥰 کیفیت بالا و اورجینال,https://www.youtube.com/watch?v=cYdO1BtmOIg
فرخ نعمتی، لیلا زارع، مهدی احمدی در فیلم داستان دوست - Dastan Doost Persian Movie,https://www.youtube.com/watch?v=ZN_XpdRFTWU
قسمت دهم سریال جدید ایرانی بچه زرنگ (فصل دوم) - Iran Series Bache Zerang,https://www.youtube.com/watch?v=tx-Qf3lbTJs
قسمت نهم سریال جدید ایرانی بچه زرنگ (فصل دوم) - Iran Series Bache Zerang,https://www.youtube.com/watch?v=0u-RKeVBjuU
تیزر فیلم محبوب و پربازدید آشغال های دوست داشتنی,https://www.youtube.com/watch?v=lP38Tr_xLFc
فیلم کمدی و خنده دار دکتر سه سوت با بازی ارژنگ امیرفضلی، الهام چرخنده و الهام چرخنده 🤣😂,https://www.youtube.com/watch?v=XHy1nDBCTFU
وقتی نمیدونی دیگه، به چیه جوون‌ها باید گیر بدی🤣🤣 #shorts,https://www.youtube.com/watch?v=5XKOT4p9ZyE
فیلم ایرانی سین مثل سبزه با بازی ساناز سماولتی,https://www.youtube.com/watch?v=VkkUVGOAPYU
قسمت آخر سریال ایرانی در کنار پروانه ها (قسمت ۳۱),https://www.youtube.com/watch?v=Mwtrw30G9FI
فیلم درام و اکشن خاک و خون با بازی مهدی فخیم زاده، ژیلا سهرابی - Khako Khoon Film Irani,https://www.youtube.com/watch?v=d1OBtQ40yec
قسمت هشتم سریال جدید ایرانی بچه زرنگ (فصل دوم) - Iran Series Bache Zerang,https://www.youtube.com/watch?v=VkhwuZm1x3E
🤣😂 چه کل کلی راه انداختن برای لایک کردن تو اینستاگرام,https://www.youtube.com/watch?v=6XuBIuVi1j8
قسمت ۳۰ سریال درام در کنار پروانه ها - Serial Irani Dar Kenare Parvaneh,https://www.youtube.com/watch?v=w1xX_JL8vGQ
محسن تنابنده و دوست دختر جدیدش !! 😱 #shorts,https://www.youtube.com/watch?v=FVl90IZzzWk
قسمت هفتم سریال جدید ایرانی بچه زرنگ (فصل دوم) - Iran Series Bache Zerang,https://www.youtube.com/watch?v=7WTWS9G6iQE
مجید پتکی در سریال جدید و درام در کنار پروانه ها (قسمت ۲۹) - Iran Series,https://www.youtube.com/watch?v=7Coua1g6Fq0
سحر قریشی، مهدی سلطانی در فیلم پلیسی و معمایی خانه کاغذی - The Paper Home Drama Film,https://www.youtube.com/watch?v=m_WIe8NnSsc
🤣😂 این قسمت از عطسه رو حتما ببین - تو یه جلسه به زور انگلیسی یاد داد 😂,https://www.youtube.com/watch?v=ftFH-B6USRI
قسمت ۲۸ سریال جدید در کنار پروانه ها با بازی پروانه معصومی، بیتا سحرخیز، محمود جعفری,https://www.youtube.com/watch?v=55GcgzA3OCw
قسمت ششم سریال جدید ایرانی بچه زرنگ (فصل دوم) - Iran Series Bache Zerang,https://www.youtube.com/watch?v=uIt_RAQ5h3c
برزو ارجمند، پروانه معصومی، نگار عابدی در سریال ایرانی در کنار پروانه ها (قسمت ۲۷),https://www.youtube.com/watch?v=Eg1N7AxsyzM
علی سلیمانی، زیبا بروفه، علیرضا جلالی تبار در فیلم ایرانی حس تماس - Sense of Contact Persian Movie,https://www.youtube.com/watch?v=Wwe-3qlrAyU
قسمت پنجم سریال جدید ایرانی بچه زرنگ (فصل دوم) - Iran Series Bache Zerang,https://www.youtube.com/watch?v=VbrZaf7_I4s
مجید پتکی در سریال جدید و درام در کنار پروانه ها (قسمت ۲۶) - Iran Series,https://www.youtube.com/watch?v=5Muox75Pu5A
عرق رو ریخت تو باک بنزین!! 😂🤣 #shorts,https://www.youtube.com/watch?v=G6__ZTki4m0
قسمت چهارم سریال جدید ایرانی بچه زرنگ (فصل دوم) - Iran Series Bache Zerang,https://www.youtube.com/watch?v=fXwP_Pwc3Tg
🤣🤣 رد دادن دیگه قشنگ #shorts,https://www.youtube.com/watch?v=7Cd5ezTscME
قسمت ۲۵ سریال در کنار پروانه ها - Dar Kenare Parvaneha Serial Irani,https://www.youtube.com/watch?v=8dbnoznoQ5w
فیلم پلیسی و معمایی زاویه هفتم با بازی سام درخشانی، رویا نونهالی، حمیدرضا پگاه,https://www.youtube.com/watch?v=eDrxOf78M-A
سوتی سعید آقاخانی تو نون خ 😂🤣🔞 #shorts,https://www.youtube.com/watch?v=Ge9Tb41mM3c
قسمت سوم سریال جدید ایرانی بچه زرنگ (فصل دوم) - Iran Series Bache Zerang,https://www.youtube.com/watch?v=bUth5QnY0gQ
قسمت ۲۴ سریال درام در کنار پروانه ها - Serial Irani Dar Kenare Parvaneh,https://www.youtube.com/watch?v=J9imhRQvHbU
پس از ۶ سال توقیف❌شهاب حسینی، نگار جواهریان، اکبر عبدی در آشغال های دوست داشتنی - With English Sub,https://www.youtube.com/watch?v=twd9kV2w80w
فیلم جدید ایرانی ننگرهار (ولایتی در افغانستان) به همراه زیرنویس انگلیسی - Nangarhar With English Sub,https://www.youtube.com/watch?v=lTbEb3Jglgk
برزو ارجمند، پروانه معصومی، نگار عابدی در سریال ایرانی در کنار پروانه ها (قسمت ۲۳),https://www.youtube.com/watch?v=9_JDMThT-pU
فیلم طنز ایرانی مار پله به کارگردانی حسین حیدری - Persian Movie,https://www.youtube.com/watch?v=zosKGPou4Yg
قسمت دوم سریال جدید ایرانی بچه زرنگ (فصل دوم) - Iran Series Bache Zerang,https://www.youtube.com/watch?v=BLMQfQ8b-C8
قسمت ۲۲ سریال در کنار پروانه ها - Dar Kenare Parvaneha Serial Irani,https://www.youtube.com/watch?v=T14M7Lcw-VY
قسمت اول سریال جدید ایرانی بچه زرنگ (فصل دوم) - Iran Series Bache Zerang,https://www.youtube.com/watch?v=HlpySj3ip9U
مجید پتکی در سریال جدید و درام در کنار پروانه ها (قسمت ۲۱) - Iran Series,https://www.youtube.com/watch?v=Y_qUGOYQS5E
افغانستانی‌های عزیز ❤️ نه به نژاد‌پرستی #shorts,https://www.youtube.com/watch?v=SYCm6qu6oiY
قسمت آخر سریال ساعت صفر - Iran Series Saate Sefr,https://www.youtube.com/watch?v=voRZ6ZyOeI0
قسمت ۲۰ سریال جدید در کنار پروانه ها با بازی پروانه معصومی، بیتا سحرخیز، محمود جعفری,https://www.youtube.com/watch?v=zvSKMw9kVfM
فیلم کمدی و خنده دار نوستالژی صورتی با بازی رامبد جوان، رضا شفیعی جم و میترا حجار - With En Sub,https://www.youtube.com/watch?v=0ahCz4jpM2c
سریال جدید ساعت صفر (قسمت چهارم) - Iran Series Saate Sefr,https://www.youtube.com/watch?v=wVrxJgxvp5I
برزو ارجمند، پروانه معصومی، نگار عابدی در سریال ایرانی در کنار پروانه ها (قسمت ۱۹),https://www.youtube.com/watch?v=WuK6_ogmS2c
بابک حمیدیان، باران کوثری و مهران احمدی در فیلم ایرانی بغض - Boghz Full Movie,https://www.youtube.com/watch?v=g3DPct9H7h4
داستان همیشگی خواهر‌شوهر و عروس ایرانی 🤣😂 #shorts,https://www.youtube.com/watch?v=38OJ6IXqTmQ
سریال پخش همزمان ساعت صفر با بازی امین رندگانی، سیاوش خیرابی و نگین صدق گویا (قسمت سوم),https://www.youtube.com/watch?v=x8RndGY51Xk
قسمت ۱۸ سریال در کنار پروانه ها - Dar Kenare Parvaneha Serial Irani,https://www.youtube.com/watch?v=-xY_1mbDUt0
سریال جدید ساعت صفر (قسمت دوم) - Iran Series Saate Sefr,https://www.youtube.com/watch?v=OJA57Y44ck0
برزو ارجمند، پروانه معصومی، نگار عابدی در سریال ایرانی در کنار پروانه ها (قسمت ۱۷),https://www.youtube.com/watch?v=zjE5bUEy-ZM
پژمان بازغی، سحر قریشی و سولماز غنی در فیلم عاشقانه و درام  شهر تنهایی - iranian movie Shahr Tanhaei,https://www.youtube.com/watch?v=hsV0p02CIUc
رقص علی طولابی #shorts,https://www.youtube.com/watch?v=C0-Hgh7hnVU
سریال پخش همزمان ساعت صفر با بازی امین رندگانی، سیاوش خیرابی و نگین صدق گویا (قسمت اول),https://www.youtube.com/watch?v=MsFDuHjuvEc
قسمت ۱۶ سریال جدید در کنار پروانه ها با بازی پروانه معصومی، بیتا سحرخیز، محمود جعفری,https://www.youtube.com/watch?v=MbYuamJT-b4
فیلم کمدی جدید کالسکه با بازی مهران غفوریان، حمید لولایی - Comedy Film Irani Kaleske,https://www.youtube.com/watch?v=FCrxJYNs5ho
تئاتر جدید ایرانی مده آ (نمایش جدید ایرانی - با کیفیت عالی 1080) - Iranian Theater,https://www.youtube.com/watch?v=pw9zr7NbkNU
برزو ارجمند، پروانه معصومی، نگار عابدی در سریال ایرانی در کنار پروانه ها (قسمت ۱۵),https://www.youtube.com/watch?v=3XtjeXc9kLE
قسمت آخر سریال جدید ایرانی بچه زرنگ (فصل اول) - Iran Series Bache Zerang,https://www.youtube.com/watch?v=l8ASgy315oA
قسمت چهاردهم سریال در کنار پروانه ها با بازی مجید پتکی، برزو ارجمند - Dar Kenare Parvaneha Serial,https://www.youtube.com/watch?v=hDSJCiQKORY
کلا با جشنواره حال نمیکنه🤣 #shorts,https://www.youtube.com/watch?v=4Rvzh6kcXSM
سریال جدید ایرانی بچه زرنگ (فصل اول) - ژانر مذهبی - قسمت هفتم,https://www.youtube.com/watch?v=jWg6Ig5JZlc
قسمت ششم سریال جدید ایرانی بچه زرنگ (فصل اول) - Iran Series Bache Zerang,https://www.youtube.com/watch?v=xcGnYs3KznM
قسمت سیزدهم سریال در کنار پروانه ها - Dar Kenare Parvaneha Serial Irani,https://www.youtube.com/watch?v=cLQnsTwoj70
سریال جدید ایرانی بچه زرنگ (فصل اول) - ژانر مذهبی - قسمت پنجم,https://www.youtube.com/watch?v=K02fH379YgA
قسمت چهارم سریال جدید ایرانی بچه زرنگ (فصل اول) - Iran Series Bache Zerang,https://www.youtube.com/watch?v=az9uH_K04Xg
قسمت دوازدهم سریال جدید در کنار پروانه ها با بازی پروانه معصومی، بیتا سحرخیز، محمود جعفری,https://www.youtube.com/watch?v=bLOPeOGd46c
فیلم جدید ایرانی جلوی چشم - فیلم ویژه نوروز با کیفیت بالا - Jeloye Chashm Film,https://www.youtube.com/watch?v=P83Q78hbtTs
علی طولابی دوباره با شجریان ترکوند واقعا🎉🥳 #shorts,https://www.youtube.com/watch?v=NR5wE4NHDgQ
قسمت سوم سریال جدید ایرانی بچه زرنگ (فصل اول) - Iran Series Bache Zerang,https://www.youtube.com/watch?v=hW2mrNWKLNs
زنده یاد کیومرث پوراحمد و قصه های مجید 🥀 #shorts,https://www.youtube.com/watch?v=zctl36cO5tY
قسمت دوم سریال جدید ایرانی بچه زرنگ (فصل اول) - Iran Series Bache Zerang,https://www.youtube.com/watch?v=DbfdQbg_Mb4
برزو ارجمند، پروانه معصومی، نگار عابدی در سریال ایرانی در کنار پروانه ها (قسمت یازدهم),https://www.youtube.com/watch?v=1rOPl80nd28
فیلم آخرین بازی ، داستان انتقام از بازیگران مشهور,https://www.youtube.com/watch?v=vVv2iYRJmho
سریال جدید ایرانی بچه زرنگ (فصل اول) - Iran Series Bache Zerang,https://www.youtube.com/watch?v=FgX_riP4jm4
فیلم جنگی ایرانی شاهین طلایی - Persian Movie Shahin Talayi,https://www.youtube.com/watch?v=roPfx7aaoIw
قسمت دهم سریال درام در کنار پروانه ها - Serial Irani Dar Kenare Parvaneh,https://www.youtube.com/watch?v=_k54zKvO2UI
فتحعلی اویسی، سیروس گرجستانی، سحر قریشی در فیلم ایرانی دریا کنار - Darya Kenar Film Irani,https://www.youtube.com/watch?v=inXucuiA_wA
قسمت نهم سریال در کنار پروانه ها - Dar Kenare Parvaneha Serial Irani,https://www.youtube.com/watch?v=G6_AIIccWqc
رعنا آزادی‌ور، بیتا فرهی و نیما شاهرخ‌شاهی در فیلم ترسناک و درام پارک وی - Parkway Film Irani,https://www.youtube.com/watch?v=Pza2uvYtTqI
قسمت هشتم سریال جدید در کنار پروانه ها با بازی پروانه معصومی، بیتا سحرخیز، محمود جعفری,https://www.youtube.com/watch?v=W4BiQiM9xJA
فیلم جنجالی و توقیف شده من مادر هستم با بازی فرهاد اصلانی، هنگامه قاضیانی و پانته‌آ بهرام,https://www.youtube.com/watch?v=pmaRNQAVhiA
وقتی میگه نمیخوامت🥹 #shorts,https://www.youtube.com/watch?v=Q_v3DCO5GN0
قسمت آخر سریال جذاب و دیدنی بچه های گروهان بلال - Iran Series Bachehaye Goroohan Balal,https://www.youtube.com/watch?v=s7if2BPdNFs
برزو ارجمند، پروانه معصومی، نگار عابدی در سریال ایرانی در کنار پروانه ها (قسمت هفتم),https://www.youtube.com/watch?v=cd9K5c9goN4
سریال جدید و با کیفیت بچه های گروهان بلال (قسمت نهم) - Bachehaye Goroohan Balal Iran Seris,https://www.youtube.com/watch?v=A6SMupDUMl4
تیزر فیلم هیجان انگیز دعوت به شام,https://www.youtube.com/watch?v=vrz1eRpg6XE
فیلمی به نویسندگی بهمن قبادی، و مجری طرح حامد بهداد - فیلم فصل خاک,https://www.youtube.com/watch?v=qUimTsaJpzE
برنامه ویژه عید نوروز با علی صادقی 🎉🎇🎈,https://www.youtube.com/watch?v=j0gv3j6LeYc
قسمت آخر سریال مهر طوبی - Mehre Tooba Serial Irani,https://www.youtube.com/watch?v=YXKvHwq84U8
سریال جدید طنز، درام بچه های گروهان بلال با بازی محمد حاتمی، کاوه خداشناس (قسمت هشتم),https://www.youtube.com/watch?v=d78h7dD3kUM
صف آزمایشیه، برا مصرف خاصی نیست 🤣😂 #shorts,https://www.youtube.com/watch?v=1ifiwHjbTDg
مجید پتکی در سریال جدید و درام در کنار پروانه ها (قسمت ششم) - Iran Series,https://www.youtube.com/watch?v=Zu2fJc7gsP0
فیلم، مستند سینمایی دوبلور ساکت با حضور بهرام رادان و حامد بهداد - With English Subtitles,https://www.youtube.com/watch?v=bm9DgdMLOek
قسمت چهارم سریال مهر طوبی با بازی مهدی سلوکی، مهران رنجبر و آزاده زارعی - Mehr Tooba,https://www.youtube.com/watch?v=ss4SQh4H7GE
قسمت هفتم سریال جدید ایرانی بچه های گروهان بلال با بازی وحید رهبانی، ارژنگ امیرفضلی,https://www.youtube.com/watch?v=hNA03QY-Bf4
تیزر فیلم سینمایی ایرانی شغال با بازی آناهیتا نعمتی و مهدی امینی خواه,https://www.youtube.com/watch?v=L4jN9mu5K5g
پشت صحنه فیلم اکشن و جنایی دعوت به شام - Davaat Be Sham Film Irani,https://www.youtube.com/watch?v=PVWIJ07ss4o
قسمت پنجم سریال در کنار پروانه ها با بازی مجید پتکی، برزو ارجمند - Dar Kenare Parvaneha Serial Irani,https://www.youtube.com/watch?v=XRWSkiwDCg8
فتحعلی اویسی و سیروس گرجستانی از مرگ برای هم میگن😱🥺🥀 #shorts,https://www.youtube.com/watch?v=nSNhR-hbC68
قسمت سوم سریال درام و محبوب مهر طوبی با کیفیت عالی - Mehre Tooba Serial Irani,https://www.youtube.com/watch?v=Ckcs8FifEwc
سریال جدید و با کیفیت بچه های گروهان بلال (قسمت ششم) - Bachehaye Goroohan Balal Iran Seris,https://www.youtube.com/watch?v=Cm6J7UUWLPI
کتایون ریاحی، عنایت بخشی، سیروس تسلیمی در فیلم خبرچین - The Informant Film Irani,https://www.youtube.com/watch?v=ziHrFETQ8q0
پشت صحنه سریال کمدی و جذاب عشق تعطیل نیست _ سریال فرندز ایرانی,https://www.youtube.com/watch?v=qdBIggE_hXk
قسمت دوم سریال درام در کنار پروانه ها - Serial Irani,https://www.youtube.com/watch?v=eVarcVGqtJU
فیلم کمدی داماد خجالتی با بازی فتحعلی اویسی، حمید گودرزی و یوسف صیادی - Comedy Film Irani,https://www.youtube.com/watch?v=aSwJ-3OtTLs
قسمت دوم سریال مهر طوبی با کیفیت عالی و بالا - Mehre Tooba,https://www.youtube.com/watch?v=pVR3yw80Zu8
سریال جدید طنز، درام بچه های گروهان بلال با بازی محمد حاتمی، کاوه خداشناس (قسمت پنجم),https://www.youtube.com/watch?v=fUI9JQ7rTWU
قسمت سوم سریال در کنار پروانه ها - Dar Kenare Parvaneha Serial Irani,https://www.youtube.com/watch?v=EEZjJ82SHWc
فیلم کمدی-عاشقانه شاخه گلی برای عروس با بازی جواد رضویان و مجید صالحی - Comedy Film Irani,https://www.youtube.com/watch?v=gdI2YJUiYIU
قسمت اول سریال مهر طوبی با بازی مهدی سلوکی، مهران رنجبر و آزاده زارعی - Mehr Tooba,https://www.youtube.com/watch?v=7Sj5D1XX9sI
قسمت چهارم سریال جدید ایرانی بچه های گروهان بلال با بازی وحید رهبانی، ارژنگ امیرفضلی,https://www.youtube.com/watch?v=XmZy26JF4hY
قسمت دوم سریال جدید در کنار پروانه ها با بازی پروانه معصومی، بیتا سحرخیز، محمود جعفری,https://www.youtube.com/watch?v=IKSKcAPiipU
رضا عطاران، جواد رضویان، مهران غفوریان و فتحعلی اویسی در فیلم کمدی کلاهی برای باران,https://www.youtube.com/watch?v=YrF93ardb6g
بدجوری عاشقش شده 😜🥰 #shorts,https://www.youtube.com/watch?v=j6V7mUCCfS0
آخرین قسمت سریال کمدی و توقیف شده عشق تعطیل نیست به کارگردانی بیژن بیرنگ,https://www.youtube.com/watch?v=4_NuvFjP0QU
سریال جدید و با کیفیت بچه های گروهان بلال (قسمت سوم) - Bachehaye Goroohan Balal Iran Seris,https://www.youtube.com/watch?v=g85aHakApK8
پروانه معصومی، برزو ارجمند و نگار عابدی در سریال ایرانی در کنار پروانه ها (قسمت اول),https://www.youtube.com/watch?v=X_mNWuZICpQ
قسمت چهارم سریال کمدی عشق تعطیل نیست با بازی محمدرضا گلزار، شهرام حقیقت‌دوست - Comedy Serial Irani,https://www.youtube.com/watch?v=C_eqf7a_Lbg
سریال جدید طنز، درام بچه های گروهان بلال با بازی محمد حاتمی، کاوه خداشناس (قسمت دوم),https://www.youtube.com/watch?v=ha6Jr9uKNo8
فیلم ایرانی الفبای معجزه گر - Persian Movie Alefaye Mojezegar,https://www.youtube.com/watch?v=C4147SA2bB0
بر‌اساس داستان واقعی، محمدرضا فروتن، هدیه تهرانی در فیلم معروف قرمز به کارگردانی فریدون جیرانی,https://www.youtube.com/watch?v=omf3U8xqv_o
سریال کمدی و توقیف شده عشق تعطیل نیست با بازی مهناز افشار،علیرضا خمسه به کارگردانی بیژن بیرنگ قسمت ۳,https://www.youtube.com/watch?v=FV1v4skSvXg
قسمت اول سریال جدید ایرانی بچه های گروهان بلال با بازی حسین توشه، ایمان صفا، ارژنگ امیرفضلی,https://www.youtube.com/watch?v=RYz4xYK6d6c
اردلان شجاع کاوه در فیلم جدید ایرانی غروب روشن - Ghoroobe Roshan Film Irani,https://www.youtube.com/watch?v=5RRB5VJQBa8
قسمت آخر سریال گشت ویژه - سریال جذاب و دیدنی پشت ویژه (قسمت دهم),https://www.youtube.com/watch?v=31z2BGMvOVs
علی صادقی تو بیمارستان به دنیا اومده 🤣😂 #shorts,https://www.youtube.com/watch?v=813yC5z5K14
"قسمت دوم سریال کمدی عشق تعطیل نیست با بازی زانیار خسروی, علیرضا خمسه و محمدرضا گلزار",https://www.youtube.com/watch?v=DeIw3vwFZGM
سریال جدید ایرانی گشت ویژه - ژانر پلیسی و درام (قسمت نهم) - Gashte Vijeh Iran Series,https://www.youtube.com/watch?v=pDpgRk00-mw
بازی مهران غفوریان، عباس جمشیدی فر در فیلم کمدی تو این خونه چه خبره | Comedy Film Irani,https://www.youtube.com/watch?v=-xiG-aoL5qU
محمدرضا گلزار،مهناز افشار،زانیار خسروی در سریال کمدی و توقیف شده عشق تعطیل نیست - سریال فرندز ایرانی,https://www.youtube.com/watch?v=PZMwV9In0rs
پشت صحنه فیلم ایرانی اشک و سکوت  | Film Irani Ashk O Sokoot Backstage,https://www.youtube.com/watch?v=3LrO6cDtdbg
سریال پلیسی و جنجالی گشت ویژه با بازی  پدرام شریفی، شاهد احمدلو، آزیتا لاچینی(قسمت هشتم),https://www.youtube.com/watch?v=iX6Y9zZNlDA
عیدتو با پایتخت بترکون 🥰💕🎉✨🎊🎈 عیدتون مبارک - سال 1402,https://www.youtube.com/watch?v=eJ5dXojHxdY
قر ریز و درشت رو باهم میاد 🎊🤣 #shorts,https://www.youtube.com/watch?v=kXUBwuaiBBU
قسمت هفتم سریال جدید پلیسی گشت ویژه با بازی حمید گودرزی و سوگول طهماسبی - Gashte Vijeh Serial Irani,https://www.youtube.com/watch?v=xCY6mNnBIik
یوسف مرادیان، نگار فروزنده در فیلم اکشن و جنایی دعوت به شام - Davaat Be Sham Film Irani,https://www.youtube.com/watch?v=IP8KRSPp7ZI
آناهیتا نعمتی، مهدی امینی خواه در فیلم نوستالژی شغال با کیفیت عالی و بالا | Film Irani Shoghal,https://www.youtube.com/watch?v=9enPAdATK8k
قسمت ششم  سریال جدید پلیسی و معمایی، جنایی گشت ویژه با کیفیت عالی و بالا - Gashte Vijeh Serial Irani,https://www.youtube.com/watch?v=uD8a52TEMW8
آخرین قسمت سریال جذاب و دیدنی حبیب - قسمت بیست و پنجم,https://www.youtube.com/watch?v=pOfhhHqiWjQ
ارسطو و رحمت! رو میز بیلیارد آخه؟! ❌️🤣#shorts,https://www.youtube.com/watch?v=FVClFIhOBco
قسمت پنجم گشت ویژه، سریال پلیسی و معمایی با بازی محمود پاک نیت، پدرام شریفی و حمید گودرزی,https://www.youtube.com/watch?v=-BMoAxLAOmE
4K بر اساس داستان واقعی، قسمت ۲۴ سریال اکشن، درام و پلیسی جدید حبیب با کیفیت عالی و - Habib Serial,https://www.youtube.com/watch?v=b6RUwIbYaWo
سریال جدید ایرانی گشت ویژه - ژانر پلیسی و درام (قسمت چهارم) - Gashte Vijeh Iran Series,https://www.youtube.com/watch?v=JrOY5fSPY08
فتحعلی اویسی، افسانه بایگان و چنگیز وثوقی در فیلم اکشن ایرانی بدل,https://www.youtube.com/watch?v=W1qeId_NWLc
سریال جدید و هیجان انگیز حبیب (قسمت ۲۳) پخش همزمان سریال حبیب با کیفیت عالی و بالا - Habib Serial,https://www.youtube.com/watch?v=AAhRqqzNRt8
سریال پلیسی و جنجالی گشت ویژه با بازی  پدرام شریفی، شاهد احمدلو، آزیتا لاچینی(قسمت سوم),https://www.youtube.com/watch?v=jLgFmWJnvYA
سریال جدید حبیب (ژانر اکشن و درام) بر اساس داستان واقعی، قسمت ۲۲ - Habib Serial Irani,https://www.youtube.com/watch?v=w6_MTduuxfQ
قسمت دوم سریال جدید پلیسی گشت ویژه با بازی حمید گودرزی و سوگول طهماسبی - Gashte Vijeh Serial Irani,https://www.youtube.com/watch?v=OAt3rgcax10
فیلم سینمایی ایرانی مجروح جنگی | Majrooh Jangi Film Irani,https://www.youtube.com/watch?v=6aYhrT5b-uQ
4K بر اساس داستان واقعی، قسمت ۲۱ سریال اکشن، درام و پلیسی جدید حبیب با کیفیت عالی و - Habib Serial,https://www.youtube.com/watch?v=4aZAEkFGPJk
قسمت اول سریال جدید پلیسی و معمایی، جنایی گشت ویژه با کیفیت عالی و بالا - Gashte Vijeh Serial Irani,https://www.youtube.com/watch?v=kmEwT5vsQMU
نمایش ایرانی مرگ فیدل (تئاتر جدید - با کیفیت عالی 1080),https://www.youtube.com/watch?v=GYAhjjRTvjI
سریال جدید و هیجان انگیز حبیب (قسمت ۲۰) پخش همزمان سریال حبیب با کیفیت عالی و بالا,https://www.youtube.com/watch?v=qvPxuyF7_Ps
جواد عزتی، عباس جمشیدی فر و مجید صالحی در فیلم کمدی، پلیسی نیش به نویسندگی سعید آقاخانی,https://www.youtube.com/watch?v=XAiW6rx28RQ
نوشابه میقولی 🤣😂 #shorts,https://www.youtube.com/watch?v=wAUyH7ssPXg
4K بر اساس داستان واقعی، قسمت ۱۹ سریال اکشن، درام و پلیسی جدید حبیب با کیفیت عالی و - Habib Serial,https://www.youtube.com/watch?v=30MNgWOYe94
موزیک ویدئو مهدی یغمایی برای فیلم جدید انتخاب موفق,https://www.youtube.com/watch?v=bcjmNXFMD8A
10-4.5-3.5 - فیلم، مستند جدید با کیفیت عالی وبالا - Mostanad Irani With English Subtitles,https://www.youtube.com/watch?v=rQeMY2Rxt1w
سریال جدید پخش همزمان حبیب (ژانر اکشن و درام) بر اساس داستان واقعی، قسمت ۱۸ - Habib Serial Irani,https://www.youtube.com/watch?v=hLsNBjfL60k
وقتی مرد افغانستانی حال پوریا پورسرخ رو میگیره 😏 !!! #shorts,https://www.youtube.com/watch?v=bZ1Id_4FJwY
قسمت ۱۷ سریال حبیب، بر‌اساس داستان واقعی - Habib Serial Irani,https://www.youtube.com/watch?v=WYV6o3_ouHw
فیلم کمدی دو ماجرا برای یک ازدواج 😐😁🤣😱 - Comedy Film Irani,https://www.youtube.com/watch?v=S6Ctb38u6S4
قسمت آخر سریال شهباز، سریال محبوب و پربیننده سال ۱۴۰۱,https://www.youtube.com/watch?v=jjAx6IC9T2k
(داستان واقعی، سریال جدید اکشن حبیب با کیفیت عالی 1080 (قسمت ۱۶ - Habib Serial,https://www.youtube.com/watch?v=nC4FuMWMItg
موزیک ویدئو میلاد فراهانی برای فیلم جنایی و پلیسی شانتاژ,https://www.youtube.com/watch?v=fghJqu5V7pI
شهباز سریال جدید و هیجان انگیز در ژانر پلیسی - قسمت بیست و نهم,https://www.youtube.com/watch?v=SJulSWFyl3k
مهدی مقدم، روناک یونسی در فیلم درام و ترسناک منفی هجده (منفی 18) - Drama Film Irani,https://www.youtube.com/watch?v=w47hebQH6rs
سریال جدید و هیجان انگیز حبیب (قسمت ۱۵) پخش همزمان سریال حبیب با کیفیت عالی و بالا - Habib Serial,https://www.youtube.com/watch?v=Ew8oOjz8VHw
انیمیشن ایرانی من دو نفر بودم - I Was Two Aniamation,https://www.youtube.com/watch?v=hsxeBkVHXS0
سریال جدید و 1401 - سریال جدید شهباز - Shahbaz Serial (قسمت ۲۸),https://www.youtube.com/watch?v=OAnow7wiAoE
علیرضا استادی، شهرزاد کمال زاده و بابک انصاری در فیلم ایرانی فرار - Farar Persian Movie,https://www.youtube.com/watch?v=NBDvr5UDbtw
اخراجش کرد 😂🤣 #shorts,https://www.youtube.com/watch?v=TEqVWY_5MBY
4K بر اساس داستان واقعی، قسمت ۱۴ سریال اکشن، درام و پلیسی جدید حبیب با کیفیت عالی و - Habib Serial,https://www.youtube.com/watch?v=XcDH2rxsCrI
قسمت ۲۷ سریال پلیسی و معمایی شهباز - سریال جدید و 1401 - Iran Series Shahbaz,https://www.youtube.com/watch?v=3FbIgJKIcJ8
رضا رویگری، مهدی امینی خواه در فیلم ایرانی برگ و باد - Bargo Bad Persian Movie,https://www.youtube.com/watch?v=bly34mVi9Tg
سریال جدید حبیب (ژانر اکشن و درام) بر اساس داستان واقعی، قسمت ۱۳ - Habib Serial Irani,https://www.youtube.com/watch?v=SOGem2VvB94
فیلم ایرانی راز نگاه - Mystery of the look Short Film,https://www.youtube.com/watch?v=gr4e-fgs4KA
سریا ل پلیسی جدید شهباز با بازی آرش مجیدی و با کیفیت بالای - قسمت ۲۶ با کیفیت بالا,https://www.youtube.com/watch?v=j5Xh71boktE
کاوه خداشناس در فیلم ایرانی کوک نغمه گمشده - Persian Movie,https://www.youtube.com/watch?v=3PVPpVMb_LI
سریال جدید و هیجان انگیز حبیب (قسمت دوازدهم) پخش همزمان سریال حبیب با کیفیت عالی و بالا,https://www.youtube.com/watch?v=7Hlv9qs9Q1c
بر اساس داستان تو ساکت میشی یا من! نوشته بهاره رهنما - فیلم جدید چیزکیک با مربا - With En Sub,https://www.youtube.com/watch?v=TcCOtRM07Co
فیلم موزیکال ایرانی وروجک ها با بازی علیرضا خمسه، سیما تیرانداز,https://www.youtube.com/watch?v=Qd1OgKaw3nA
فیلم جدید 1401 کبوتر چاهی با بازی محمود مقامی، سعیده عرب، محمد آسترکی,https://www.youtube.com/watch?v=tmxVKbcYtRA
4K بر اساس داستان واقعی، قسمت ۱۱ سریال اکشن، درام و پلیسی جدید حبیب با کیفیت عالی و - Habib Serial,https://www.youtube.com/watch?v=3Q2U-urKfPc
مستند ایرانی عروسی اقوام - این قسمت: مازندران - Iranian documentary (Mazandaran),https://www.youtube.com/watch?v=gijZU4s3Nls
انیمیشن کوتاه نی‌لبک - The Persian Flute Iranian Short Animation,https://www.youtube.com/watch?v=CM1MZZZ47kQ
قسمت ۲۵ سریال جدید و 1401 - سریال جدید شهباز - Shahbaz Serial Irani,https://www.youtube.com/watch?v=4z_w6NeYfnI
مهران غفوریان با انگلیسی حرف زدنش کار دست خودش میده ! 😅😂 #shorts,https://www.youtube.com/watch?v=9DubNgOTUSE
ویلای پرماجرا فیلم و نمایش عروسکی ایرانی با بازی شهرام قاعدی و کیومرث ملک مطیعی - Film Irani,https://www.youtube.com/watch?v=r_Lof-H0M7M
سریال جدید حبیب (ژانر اکشن و درام) بر اساس داستان واقعی، قسمت ۱۰ - Habib Serial Irani,https://www.youtube.com/watch?v=0ebASCULSEw
مستند ایرانی عروسی اقوام - این قسمت تار و تار: گلستان - Iranian documentary (Golestan),https://www.youtube.com/watch?v=2xj2S5mPNOY
فیلم کوتاه ایرانی مرمت - Renovation Iranian Short Film,https://www.youtube.com/watch?v=Pm3prnapIPQ
سریا ل پلیسی جدید شهباز با بازی آرش مجیدی (قسمت 24) با کیفیت بالا و اورجینال,https://www.youtube.com/watch?v=6NnfD-Ba8MQ
سریال جدید و هیجان انگیز حبیب (قسمت نهم) پخش همزمان سریال حبیب با کیفیت عالی و بالا - Habib Serial,https://www.youtube.com/watch?v=GSDzGB73aBE
انیمیشن ایرانی پازل - The Puzzle Iranian Short Film,https://www.youtube.com/watch?v=tT3wqQpXzpg
قسمت ۲۳ سریال پلیسی و معمایی شهباز - سریال جدید و 1401 - Iran Series Shahbaz,https://www.youtube.com/watch?v=nR5V-zFQ-dY
سریال جدید حبیب (ژانر اکشن و درام) بر اساس داستان واقعی، قسمت هشتم - Habib Serial Irani,https://www.youtube.com/watch?v=dB_yYBKojU4
انیمیشن کوتاه حوض ماهی - Fish Pool Iranian Short Animation,https://www.youtube.com/watch?v=-YBeqdud_8g
سریا ل پلیسی جدید شهباز با بازی آرش مجیدی (قسمت ۲۲),https://www.youtube.com/watch?v=bbh_FJxnwug
فیلم پلیسی، معمایی پازل با بازی رضا کیانیان، ماه‌چهره خلیلی و آرش مجیدی - Puzzle Full Movie,https://www.youtube.com/watch?v=hs5IRlox3qs
عاشقانه های خسرو شکیبایی 😜 #shorts,https://www.youtube.com/watch?v=IRdehfumwYw
4K بر اساس داستان واقعی، قسمت ۷ سریال اکشن، درام و پلیسی جدید حبیب با کیفیت عالی و - Habib Serial,https://www.youtube.com/watch?v=YKeccNLc1jg
انیمیشن چنگال عقاب - Eagle's Claw Iranian Short Animation,https://www.youtube.com/watch?v=t0wkYvuS2bY
سریال جدید (قسمت 21) - سریال جدید شهباز - Shahbaz Serial Irani,https://www.youtube.com/watch?v=v1z9_x29Z_g
شیوا خسرومهر، جعفر دهقان در فیلم شیخ شریف - Drama Film Sheikh Sharif,https://www.youtube.com/watch?v=5KS_QWsqSh0
قسمت ششم سریال حبیب، بر‌اساس داستان واقعی - Habib Serial Irani,https://www.youtube.com/watch?v=8HgS5T_M1hQ
انیمیشن ایرانی شمع با کیفیت عالی 1080 - Candle Iranian Short Film,https://www.youtube.com/watch?v=zTmePZQrH-c
قسمت آخر سریال جدید مسافران شهر با بازی فرهاد آئیش - Mosaferan Shar Serial,https://www.youtube.com/watch?v=Fg5OlXv6HbI
انیمیشن کوتاه سکه - The Coin Iranian Short Animation,https://www.youtube.com/watch?v=pWO_LNCUoPg
انیمیشن ایرانی نوا - Melody Iranian Short Animation,https://www.youtube.com/watch?v=9yurhU0HHMU
سریال درام و جدید مسافران شهر - قسمت ۲۳ - Mosaferane Shahr Iran Series,https://www.youtube.com/watch?v=SJuQ1nud5aU
خدایـــــی این فیلم چجوری پخش شده !!! 🤣😂🔞❌,https://www.youtube.com/watch?v=wBfEBi3czzA
سریال جدید حبیب (ژانر اکشن و درام) بر اساس داستان واقعی، قسمت پنجم- Habib Serial Irani,https://www.youtube.com/watch?v=fRInDe4AmDY
فیلم کمدی ایرانی یک روز خوب - Comedy Film Irani,https://www.youtube.com/watch?v=Q4hMT4ViUiw
فرهاد آئیش، آشا محرابی، مائده طهماسبی و شهرام قائدی در سریال جدید مسافران شهر - قسمت بیست و دوم,https://www.youtube.com/watch?v=f9a8szYAWr8
سریا ل پلیسی جدید شهباز با بازی آرش مجیدی و با کیفیت بالای - قسمت ۲۰,https://www.youtube.com/watch?v=lyt_W6XqIZA
4K بر اساس داستان واقعی، قسمت ۴ سریال اکشن، درام و پلیسی جدید حبیب با کیفیت عالی و - Habib Serial,https://www.youtube.com/watch?v=-Fup72BUy_s
سریال جدید 1401 - قسمت ۲۱ سریال مسافران شهر با بازی فرهاد آئیش، آشا محرابی، مائده طهماسبی,https://www.youtube.com/watch?v=VOWnRNa3Sfk
سریال جدید و 1401 - سریال جدید شهباز - Shahbaz Serial (قسمت نوزدهم),https://www.youtube.com/watch?v=i76l6_0QRxk
زنده یاد داوود رشیدی، ثریا قاسمی، علی سلیمانی و سحر زکریا در فیلم پس از جدایی,https://www.youtube.com/watch?v=YVS6OQ0tg9M
ایـــــــنجوی دیگه پول نداریما، طنز تلخ ~~~,https://www.youtube.com/watch?v=ui5McI0J5OM
(داستان واقعی، سریال جدید اکشن حبیب با کیفیت عالی 1080 (قسمت سوم - Habib Serial,https://www.youtube.com/watch?v=QO7PzKoPTb0
سریال جدید 1401 - قسمت بیستم سریال مسافران شهر با بازی فرهاد آئیش، آشا محرابی، مائده طهماسبی,https://www.youtube.com/watch?v=Onri22D5dXE
قسمت هجدهم سریال جذاب و دیدنی شهباز - Iran Series Shahbaz,https://www.youtube.com/watch?v=QVGPVHaBDKw
شهرام عبدلی، آتش تقی پور در فیلم فرشته اعظم - Fereshteh Azam Persian Movie,https://www.youtube.com/watch?v=orkk4FnQdZ8
سریال جدید حبیب (ژانر اکشن و درام) بر اساس داستان واقعی، قسمت دوم - Habib Serial Irani,https://www.youtube.com/watch?v=YRGi3HQiscQ
قسمت نوزدهم سریال جدید مسافران شهر با بازی فرهاد آئیش و مائده طهماسبی - Mosaferane Shahr,https://www.youtube.com/watch?v=eIN63OwMfXI
قسمت هفدهم سریال جدید و 1401 - سریال جدید شهباز - Shahbaz Serial Irani,https://www.youtube.com/watch?v=LDCmMnHVFiU
پروانه معصومی، امیر آقایی، بهناز جعفری در فیلم ایرانی سکوت خدا - The silence of God Film,https://www.youtube.com/watch?v=QoQ7qp68gok
4K بر اساس داستان واقعی، قسمت اول سریال اکشن، درام و پلیسی جدید حبیب با کیفیت عالی و - Habib Serial,https://www.youtube.com/watch?v=SgtoKncrV50
یه ایرانی وقتی خودش گیر میوفته، همرو لو میده 🤣🤣😂,https://www.youtube.com/watch?v=IIk5FW75Z64
تیزر سریال جدید حبیب - سریال اکشن جدید حبیب و بر اساس داستان واقعی با کیفیت عالی 1080,https://www.youtube.com/watch?v=am59c6H2Cw0
سریال پلیسی جدید شهباز با بازی آرش مجیدی و با کیفیت بالای - قسمت ۱۶,https://www.youtube.com/watch?v=ghJugJQ39cs
داریوش ارجمند، عمار تفتی، میرطاهر مظلومی در فیلم ایرانی حرف مردم - Harfe Mardom Film,https://www.youtube.com/watch?v=KS6s_S33e8Y
سریال درام و جدید مسافران شهر - قسمت ۱۸ - Mosaferane Shahr Iran Series,https://www.youtube.com/watch?v=lfNTH_i4e-w
من قصه ی تکرار جهانم، مستند ایرانی من هنرمندم - Man Honarmandam Film With English Subtitles,https://www.youtube.com/watch?v=qTAzyYwQNIg
جدای خنده های مهران مدیری، قیافه سیامک انصاری😐😂,https://www.youtube.com/watch?v=4TGp2y-aFWw
فیلم جدید 1401 طبل با بازی بابک نوری - Drum Film Irani,https://www.youtube.com/watch?v=hQ-h89TC_bU
سریال درام و جدید مسافران شهر - قسمت هفدهم - Mosaferane Shahr Iran Series,https://www.youtube.com/watch?v=bta9yGEqh0Y
فیلم کمدی دو خواهر با بازی محمدرضا گلزار، الناز شاکردوست، نیکی کریمی - Film With English Subtitles,https://www.youtube.com/watch?v=8935v_KpVHI
سریال جدید 1401 - قسمت ۱۶ سریال مسافران شهر با بازی فرهاد آئیش، آشا محرابی، مائده طهماسبی,https://www.youtube.com/watch?v=Zb4oOm3ZJK4
خانوم شیرزاد همه رو اسکل کرده قشنگ 😂🤣😜,https://www.youtube.com/watch?v=oObyFnV4BSY
قسمت پانزدهم سریال پلیسی و معمایی شهباز - سریال جدید و 1401 - Iran Series Shahbaz,https://www.youtube.com/watch?v=AFWXN6Topso
زنده یاد علی سلیمانی، نیلوفر شهیدی، آتش تقی پور در فیلم ایرانی سفر - Safar Film Irani,https://www.youtube.com/watch?v=S8n8A5NEGQg
سریال جدید مسافران شهر با بازی فرهاد آئیش قسمت پانزدهم - Mosaferan Shar Serial,https://www.youtube.com/watch?v=FntYOJJoQwA
سریال جدید 1401 - سریال جدید پلیسی شهباز با بازی آرش مجیدی، مهدخت مولایی و رضا داوودنژاد (قسمت ۱۴),https://www.youtube.com/watch?v=FLmd3f9m2LI
رامتین خداپناهی، الیکا عبدالرزاقی و محمدرضا هدایتی در فیلم مردان زمین - Men of Earth Persian Movie,https://www.youtube.com/watch?v=7e_9LOKXYng
فرهاد آئیش، آشا محرابی، مائده طهماسبی و شهرام قائدی در سریال جدید مسافران شهر (قسمت چهاردهم),https://www.youtube.com/watch?v=AcxSeD4RlDs
زمان ما صبح بخیر پاپی کی میگفت آخه !!! 😂😂🤣🤣,https://www.youtube.com/watch?v=ydUsyD4dROI
سریا ل پلیسی جدید شهباز با بازی آرش مجیدی (قسمت سیزدهم),https://www.youtube.com/watch?v=IG8_yhUkEFE
فیلم اکشن سمندر با بازی فرامرز قریبیان - Action Film Irani Samandar,https://www.youtube.com/watch?v=-Pk0-oW3-z0
سریال جدید 1401 - قسمت ۱۳ سریال مسافران شهر با بازی فرهاد آئیش، آشا محرابی، مائده طهماسبی,https://www.youtube.com/watch?v=_FoCKdwaIVk
تیزر فیلم جدید ایرانی دنیای بهتر با بازی سحر دولت شاهی,https://www.youtube.com/watch?v=ZJTV_obFOyc
قسمت دوازدهم سریال پلیسی و معمایی شهباز - سریال جدید و 1401 - Iran Series Shahbaz,https://www.youtube.com/watch?v=TSTFy7hYXjQ
حسین پناهی: همیشه یه چیزی بین آدما جدایی میندازه #حسین_پناهی,https://www.youtube.com/watch?v=Dohhpt78SNs
فیلم جدید محله لب آب با بازی گوهر خیراندیش، مهدی فقیه - با کیفیت عالی و بالای 1080,https://www.youtube.com/watch?v=gml7qE6BJDY
قسمت دوازدهم سریال جدید مسافران شهر با بازی فرهاد آئیش و مائده طهماسبی - Mosaferane Shahr,https://www.youtube.com/watch?v=IMdmo8PL5qs
موزیک ویدئو جدید ناصر پورکرم برای سریال جذاب و دیدنی مینو,https://www.youtube.com/watch?v=BFbGZQecOCM
سریال جدید 1401 - سریال جدید پلیسی شهباز با بازی آرش مجیدی، مهدخت مولایی و رضا داوودنژاد (قسمت ۱۱),https://www.youtube.com/watch?v=IKhMoarX4ow
4K فیلم جدید گنج با کیفیت  - Ganj Film Irani 1080P,https://www.youtube.com/watch?v=QsplauKkuMk
سریال درام و جدید مسافران شهر - قسمت ۱۱ - Mosaferane Shahr Iran Series,https://www.youtube.com/watch?v=BvadQjAiYoQ
کامران تفتی، حدیث میر امینی و جعفر دهقان در فیلم جدید اکشن، درام مورچه ها با کیفیت بالا - Ants Film,https://www.youtube.com/watch?v=Mm3EkTTQ0TQ
یه ایرانی، وقتی فکر میکنه آخرین خبر بدیه که میشنوه 🤣🤣🤣,https://www.youtube.com/watch?v=N0BZMl4_98A
فرهاد آئیش، آشا محرابی، مائده طهماسبی و شهرام قائدی در سریال جدید مسافران شهر - Mosaferan Shar,https://www.youtube.com/watch?v=sLz1xKaXloo
موزیک ویدئو جدید سریال خانه امن با صدای شهاب صادقی - Shahab Sadeghi,https://www.youtube.com/watch?v=UIf3HMyvWk0
4K فیلم جدید 1401 آتاناز با کیفیت عالی و بالای - Persian Film Atanaz 1080P,https://www.youtube.com/watch?v=z4L02R82BjI
قسمت نهم سریال جدید مسافران شهر با بازی فرهاد آئیش و مائده طهماسبی - Mosaferane Shahr,https://www.youtube.com/watch?v=G7x-XUbHbsI
فیلم کمدی لبخند در مراسم ترحیم با بازی رامین ناصرنصیر، امیرحسین صدیق، اردلان شجاع کاوه، آناهیتا همتی,https://www.youtube.com/watch?v=1S3fxxgnWy8
سریال جدید و 1401 - سریال جدید شهباز - Shahbaz Serial (قسمت دهم),https://www.youtube.com/watch?v=mOvLkHZkI6A
عمشم که ترشیده تو خونس ! ااا عمش که منم 🔞🤣💔,https://www.youtube.com/watch?v=JX7sZekjYek
آتش تقی پور، عبدالرضا اکبری، مهوش وقاری و فخرالدین صدیق شریف در فیلم ایرانی مهمان حبیب خداست,https://www.youtube.com/watch?v=7HIb7fzEwJo
سریال درام و جدید مسافران شهر - قسمت هشتم - Mosaferane Shahr Iran Series,https://www.youtube.com/watch?v=X5zyNxaRJ_4
قسمت نهم سریال پلیسی و معمایی شهباز - سریال جدید و 1401 - Iran Series Shahbaz,https://www.youtube.com/watch?v=4KDQ_-Qbds8
سروش صحت، مهران غفوریان، بهاره رهنما در فیلم کمدی بی ستاره - Comedy Film With English Subtitles,https://www.youtube.com/watch?v=3NgpiGSwJ9M
سریال جدید 1401 - قسمت هفتم سریال مسافران شهر با بازی فرهاد آئیش، آشا محرابی، مائده طهماسبی,https://www.youtube.com/watch?v=krSKeQgLHFY
تئاتر جدید به تهیه کنندگی نوید محمدزاده، عند از مطالبه (نمایش جدید ایرانی - با کیفیت عالی 1080),https://www.youtube.com/watch?v=r9Ttcmj9qUQ
سریال پلیسی جدید شهباز با بازی آرش مجیدی و با کیفیت بالای - قسمت هشتم,https://www.youtube.com/watch?v=JGmb7xWobAk
آتش تقی پور، افسانه ناصری، امیرمحمد زند، سیاوش طهمورث در فیلم ایرانی با من مهربان باش,https://www.youtube.com/watch?v=5PJKsZq50GQ
سریال درام و جدید مسافران شهر - قسمت ششم - Mosaferane Shahr Iran Series,https://www.youtube.com/watch?v=lQWf0VDeZD4
قسمت هفتم سریال جدید و 1401 - سریال جدید شهباز - Shahbaz Serial Irani,https://www.youtube.com/watch?v=FexIhM8jr4U
😍برای شروین حاجی پور ✌,https://www.youtube.com/watch?v=H6MjbcKua0s
یعنی اون موقع مانتوی ۲۵ تومنی میتونستی پیدا کنی !!!,https://www.youtube.com/watch?v=Up4z6xIWJoM
سریال جدید مسافران شهر با بازی فرهاد آئیش قسمت پنجم - Mosaferan Shar Serial,https://www.youtube.com/watch?v=O5TeYS_IES8
قسمت ششم سریال پلیسی و معمایی شهباز - سریال جدید و 1401 - Iran Series Shahbaz,https://www.youtube.com/watch?v=ubMUtYsO4B0
محمود پاک نیت، مهوش صبر کن در فیلم ایرانی گهواره - Gahvareh Film Irani,https://www.youtube.com/watch?v=lRa5hHqY-Tc
سریال جدید 1401 - قسمت ۴ سریال مسافران شهر با بازی فرهاد آئیش، آشا محرابی، مائده طهماسبی,https://www.youtube.com/watch?v=-iPn9Ifhll8
خلاصه قسمت های ۱ تا ۵ سریال جدید شهباز - سریال ۱۴۰۱ - Serial Irani Shahbaz,https://www.youtube.com/watch?v=i3NqnhiwHwg
فیلم کمدی جدید آبنبات با بازی رضا توکلی، مهدی امینی خواه، شراره رخام - Comedy Film Irani Lollipop,https://www.youtube.com/watch?v=hcPJx95Q_B8
!!! چرا بهرام افشاری فحش ناموس داره میده 🔞😲,https://www.youtube.com/watch?v=mm8hv4HMYsc
سریال درام و جدید مسافران شهر - قسمت سوم - Mosaferane Shahr Iran Series,https://www.youtube.com/watch?v=FSd3VV6glJ0
حمیدرضا پگاه، زیبا بروفه، یوسف تیموری در فیلم ایرانی هشت - Drama Film Irani,https://www.youtube.com/watch?v=woB7mUkfeQ8
خنده های علی انصاریان تو برنامه مهران مدیری ☹️😥,https://www.youtube.com/watch?v=UYpGwTjN2fQ
سحر قریشی، حمید عسکری، و زنده یاد اشکان بانکی در فیلم جدید دو دوست (2 دوست فیلم),https://www.youtube.com/watch?v=9swo-mwi2f8
سریال جدید مسافران شهر با بازی فرهاد آئیش و حمیدرضا محمدی - Mosaferan Shar Serial Irani,https://www.youtube.com/watch?v=rgZ1FSqF7Nw
جمشید مشایخی، افسانه بایگان در فیلم درام و حادثه ایفیلم_ مکافات - Persian Movie Mokafat,https://www.youtube.com/watch?v=hMM2INBEAXA
سریال جدید 1401 - سریال جدید پلیسی شهباز با بازی آرش مجیدی، مهدخت مولایی و رضا داوودنژاد (قسمت ۵),https://www.youtube.com/watch?v=NFRxE88FvcU
میگن بچه پول و خوشبختی میاره همینه ها #shorts,https://www.youtube.com/watch?v=V0M-fiWNkoc
برزو ارجمند، بیژن بنفشه خواه، رامین ناصرنصیر در فیلم کمدی، اکشن قهرمانان کوچک - With En Subtitles,https://www.youtube.com/watch?v=Aud5N1LVtGw
سریال جدید 1401 - قسمت اول سریال مسافران شهر با بازی فرهاد آئیش، آشا محرابی، مائده طهماسبی,https://www.youtube.com/watch?v=WQ8rFFGf8aw
فیلم کمدی جدید جنوب شهر، شمال شهر با بازی بهاره افشاری، نیما شاهرخشاهی - Comedy Film,https://www.youtube.com/watch?v=stv53R6b7TE
سریا ل پلیسی جدید شهباز با بازی آرش مجیدی (قسمت چهارم) - Shahbaz Serial,https://www.youtube.com/watch?v=HlT6o43gXIQ
شیشه زدن ! #shorts,https://www.youtube.com/watch?v=MfcKsKRuY3I
فیلم کمدی ایرانی غلط انداز با بازی امیرحسین صدیق، رامین راستاد، صبا کمالی - Comedy Film Irani,https://www.youtube.com/watch?v=6i8nDJcA12c
سریال جدید و 1401 - سریال جدید شهباز(قسمت سوم) - Shahbaz Serial Irani,https://www.youtube.com/watch?v=LKpRpPMhN8g
سام درخشانی، زیبا بروفه و حسن جوهرچی در فیلم پلیسی، معمایی مثل شیشه - Crime Action Film,https://www.youtube.com/watch?v=3yRim37BYwk
درگیری خانوم شیرزاد و بهنام تشکر 🔞🤣,https://www.youtube.com/watch?v=pda3zUmEZzM
کمینگاه فیلم جنگی و حادثه ای ایرانی با بازی فرامرز قریبیان، محمد بانکی - Kamingah Action Film,https://www.youtube.com/watch?v=op6IpcDtgPk
فیلم کمدی قاعده بازی، با بازی اکبر عبدی، الناز شاکردوست، ژاله صامتی و حمید لولایی - Comedy FilmIrani,https://www.youtube.com/watch?v=MMrs7YTzbKQ
آخرین قسمت سریال یک مشت پر عقاب - قسمت چهاردهم - Iran Series,https://www.youtube.com/watch?v=ufOvZJlRHJc
سریال جدید 1401 - سریال جدید پلیسی شهباز با بازی آرش مجیدی، رضا داوودنژاد (قسمت ۲),https://www.youtube.com/watch?v=CANr1Dlc5Mo
بردش تو اتاق، طوطیه سیگاریشو نشون بده ❌😜🔞🚭,https://www.youtube.com/watch?v=_POOojMKbeY
مجید واشقانی، افسانه بایگان، و حمیدرضا آذرنگ در فیلم جدید و باکیفیت آلما - Alma Film Irani,https://www.youtube.com/watch?v=7lWgk3eZp6M
قسمت اول سریال پلیسی و معمایی شهباز با بازی رضا داودنژاد - Iran Series Shahbaz,https://www.youtube.com/watch?v=SCH1y5gndwk
قسمت سیزدهم سریال یک مشت پر عقاب در ژانر درام و تاریخی با بازی زیبای حامد بهداد و اشکان خطیبی,https://www.youtube.com/watch?v=5CeXnLGUHO4
پرویز پورحسینی، رامین راستاد، سولماز حصاری در فیلم جدید هوای پدر با کیفیت عالی - Havaye Pedar Film,https://www.youtube.com/watch?v=vGFn5YSj7w8
اشکان خطیبی، آهو خردمند، حامد بهداد در سریال یک مشت پر عقاب (قسمت دوازدهم) - Serial Irani,https://www.youtube.com/watch?v=H3Qox1O4Czs
روایتی از زندگی مهدی باکری با صدای فرهاد اصلانی - The Story Of The Life Of Mahdi Bakeri,https://www.youtube.com/watch?v=8IKV4N68sNY
تیزر سریال پلیسی و معمایی جدید شهباز (پخش به زودی و با کیفیت عالی و بالا),https://www.youtube.com/watch?v=LtwknMBSg5w
میخوای دختر ببری خونت قبلش چک کن بابات نباشه !!! 😲,https://www.youtube.com/watch?v=yT-n4vpYAls
سحر دولتشاهی، سعید چنگیزیان، لیندا کیانی، شاهرخ فروتنیان در فیلم دنیای بهتر - Donyaye Behtar Film,https://www.youtube.com/watch?v=LDW-hKU32l8
حامد بهداد، ساره بیات،رضا کیانیان و اشکان خطیبی در سریال یک مشت پر عقاب (قسمت یازدهم) - Serial Irani,https://www.youtube.com/watch?v=KOA9DDPjBKs
اکبر عبدی، داریوش ارجمند و نیکو خردمند در فیلم تاریخی ستاره سهیل - Setareh Soheil Film,https://www.youtube.com/watch?v=GcIckuSNObw
سریال یک مشت پر عقاب با بازی ساره بیات، آهو خردمند و اشکان خطیبی (قسمت دهم) - Serial Irani,https://www.youtube.com/watch?v=3JDtAbtMD9c
پشت صحنه فیلم جدید و با کیفیت عالی سهراب - با بازی ترلان پروانه، مهدی سلطانی و بهاره کیان افشار,https://www.youtube.com/watch?v=IHlahVGSq5Y
تیزر فیلم جدید و با کیفیت آرزوی زیبا با زیرنویس انگلیسی,https://www.youtube.com/watch?v=PWkJoDgLrcs
عاشق خودش شده خبر نداره 😩💔,https://www.youtube.com/watch?v=siTpr7ZC9IY
حامد بهداد، ساره بیات، رضا کیانیان و اشکان خطیبی در سریال یک مشت پر عقاب (قسمت نهم) - Serial Irani,https://www.youtube.com/watch?v=cY1u9rTxk_k
نما آهنگ هم قدم با صدای رسول رضایی - فیلم ایرانی رها و انگشتر جادو,https://www.youtube.com/watch?v=NuGciG6HBi4
آنونس فیلم نازی آباد نواب نیاوران - فیلم جدید ایرانی با کیفیت بالا,https://www.youtube.com/watch?v=ViM2EORWTdo
وای وای ازدست نقی معمولی پاره شدم از خنده 🤣😂,https://www.youtube.com/watch?v=krn4bfBy0Rk
اشکان خطیبی، آهو خردمند، حامد بهداد در سریال یک مشت پر عقاب (قسمت هشتم) - Serial Irani,https://www.youtube.com/watch?v=MU0fL115wwI
مستند ایرانی آمنه خاله - Iranian Documentary Ameneh Khaleh With English Subtitles,https://www.youtube.com/watch?v=QjKjjR0uTsE
حمیدرضا پگاه، نگین صدیق گویا، مهدی صبایی در فیلم ایرانی بدل به کارگردانی مسعود آب پرور - Baddal Film,https://www.youtube.com/watch?v=Kqy-ur-XOTE
بند شلوارت شله، تقصیر تو نیست 🤣,https://www.youtube.com/watch?v=D7zuo6apWT4
قسمت هفتم سریال یک مشت پر عقاب در ژانر درام و تاریخی با بازی زیبای حامد بهداد و اشکان خطیبی,https://www.youtube.com/watch?v=dYz4QGTTvUs
علی قوی تن در فیلم جدید و با کیفیت عالی آرزوی زیبا - Ziba's wish Film Irani With English Subtitles,https://www.youtube.com/watch?v=Rimdebwal8k
اشکان خطیبی، آهو خردمند، حامد بهداد در سریال یک مشت پر عقاب (قسمت ششم) - Serial Irani,https://www.youtube.com/watch?v=irSJjEQpIAM
تیزر فیلم جدید و با کیفیت عالی و بالای سهراب - با بازی ترلان پروانه، مهدی سلطانی و بهاره کیان افشار,https://www.youtube.com/watch?v=cGvMVj9e1jA
"فیلم آوازهای مادرم با بازی وحیده صحرانورد, رضا آبپاک - Avazhaye Madaram Film Irani",https://www.youtube.com/watch?v=ocb0AcAzrUU
حامد بهداد، رضا کیانیان و اشکان خطیبی در سریال یک مشت پر عقاب (قسمت پنجم) - Serial Irani,https://www.youtube.com/watch?v=y6DsrfrHzXY
فیلم جدید قبل رسیدنتون با بازی سینا مهراد - با کیفیت عالی و بالا - Film Irani Funeral,https://www.youtube.com/watch?v=3jAUJsJs4Js
روایتی از زندگی حسن باقری - The Story Of The Life Of Hasan Bagheri,https://www.youtube.com/watch?v=ki-_vkYQlD8
سریال یک مشت پر عقاب با بازی ساره بیات، آهو خردمند و اشکان خطیبی (قسمت چهارم) - Serial Irani,https://www.youtube.com/watch?v=TdLVHbqvLsY
#shorts روده بر شدن بهنام تشکر، درست اونجا که نباید بخنده !! 😂,https://www.youtube.com/watch?v=Hh3mhWe5mq0
امین حیایی، محمد بانکی، ساناز سماواتی در فیلم قدیمی و نوستالژی حامی - Hami Film Irani,https://www.youtube.com/watch?v=s7CN5gOcadI
فیلم هیجان انگیز، پلیسی هکر با بازی رامتین خداپناهی، شبنم قلی خانی - Hacker Persian Movie,https://www.youtube.com/watch?v=f2Vsv2-B8i8
فیلم هیجان انگیز علف های هرز با بازی امین حیایی - Alafhaye Harz Persian Movie,https://www.youtube.com/watch?v=_XWxcN5VSJE
قسمت سوم سریال یک مشت پر عقاب در ژانر درام و تاریخی با بازی زیبای حامد بهداد و اشکان خطیبی,https://www.youtube.com/watch?v=YFHGB_4TH4I
بر اساس داستان واقعی، نمایش ایرانی مرگ تصادفی یک آنارشیست (تئاتر جدید طنز- با کیفیت عالی 1080),https://www.youtube.com/watch?v=HP1veHShyug
جواد عزتی، نیکو خردمند و یوسف تیموری در فیلم این آخرین سفر - Film Irani This Is The Last Trip,https://www.youtube.com/watch?v=_u8UtoVmtvM
اشکان خطیبی، آهو خردمند، حامد بهداد در سریال یک مشت پر عقاب (قسمت دوم) - Serial Irani,https://www.youtube.com/watch?v=BXqoOWjBfus
فیلم اکشن و تاریخی حمله خرچنگ ها با بازی افسانه بایگان، جهانبخش سلطانی,https://www.youtube.com/watch?v=qmbRZrkSDVs
پروستات مث موم تو دستشونه آقای دکتر 🤣😂 #shorts,https://www.youtube.com/watch?v=w6HiEZ2nTxU
فیلم پس از آنروز با بازی جلیل فرجاد، هومن برق نورد و مارال فرجاد - After That Day Persian Movie,https://www.youtube.com/watch?v=xvlMMSyZMGI
حامد بهداد، ساره بیات، رضا کیانیان و اشکان خطیبی در سریال یک مشت پر عقاب (قسمت اول) - Serial Irani,https://www.youtube.com/watch?v=yrW1Cxu5V-o
تئاتر جدید ایرانی کریملوژِی (نمایش جدید ایرانی - با کیفیت عالی 1080) - Iranian Theater,https://www.youtube.com/watch?v=dWcPXERqf6M
بازگشت فیلم کوتاه ایرانی، روایتگر اعدام یک جوان مسیحی - Short Film Irani,https://www.youtube.com/watch?v=K5w9cYan6Lk
فیلم جدید و با کیفیت عالی و بالا - فیلم جدید نازی آباد نواب نیاوران - Nazi Abad Navvab Niavaran,https://www.youtube.com/watch?v=RMZnlzRzGAI
اعتیاد و خیانت و کتک آزاری، همه در یک قاب #shorts,https://www.youtube.com/watch?v=c6LKhnEChrE
حضور یک سوم کارکنان در ادارات تهران بخاطر سرما و نحوه تقسیم کارکنان به سه قسمت😉 #shorts,https://www.youtube.com/watch?v=MoNT3AXwX5k
(قسمت آخر) سریال ایرانی یلدا با بازی حمیدرضا آذرنگ، محمدرضا شریفی نیا، الهام پاوه نژاد,https://www.youtube.com/watch?v=2c8whrA1oKU
فیلم ایرانی شهر فرشتگان - شهروز ابراهیمی، لیلا موسوی و بهزاد خداویسی - Persian Movie City of Angels,https://www.youtube.com/watch?v=9a8RatXgi10
فیلم کوتاه و تاثیر گذار قرار، روایتگر اعدام جوانی که پشیمان شده است - Short Film Irani Gharar,https://www.youtube.com/watch?v=NdRIuqX1epc
بهرام رادان، پانته آ بهرام، حسین یاری در فیلم سینمایی ایرانی تراژدی | Tragedy Film Irani Full Movie,https://www.youtube.com/watch?v=PYlLFykqi1I
فیلم ایرانی رد خون با بازی جلال پیشواییان، بهزاد رحیم‌خانی، سید محسن خرمدره - Trace Of Blood Movie,https://www.youtube.com/watch?v=sCUljnz4zQ0
(قسمت دوازدهم) حمیدرضا آذرنگ، کاظم هژیرآزاد، محمدرضا شریفی نیا در سریال یلدا با کیفیت بالا,https://www.youtube.com/watch?v=qpww-mLmack
روایتی از زندگی عباس دوران با صدای امیر جعفری و ریما رامین فر - Film With English Subtitles,https://www.youtube.com/watch?v=eqk9pLak2Tc
تیزر فیلم زیر سقف دودی با بازی مریلا زارعی و فرهاد اصلانی - Film Irani,https://www.youtube.com/watch?v=RuG93FJI5NM
فیلم جدید ایرانی رفلکس با کیفیت عالی و بالا 1080 - Reflex Film Irani,https://www.youtube.com/watch?v=0HH4DobWESA
(قسمت یازدهم) سریال ایرانی یلدا با بازی حمیدرضا آذرنگ، محمدرضا شریفی نیا، الهام پاوه نژاد,https://www.youtube.com/watch?v=wx3hT-nAsy8
تیزر نمایش به وقت پازولینی (تئاتر جدید ایرانی - با کیفیت عالی 1080) - Iranian Theater,https://www.youtube.com/watch?v=9KnY7qibD9Y
سریال ایرانی یلدا (قسمت دهم) - Iran Series Yalda,https://www.youtube.com/watch?v=Vvi0iz_2lLQ
فیلم جدید ایرانی خواب ابدی (ژانر درام - کیفیت عالی) - Persian Movie The Big Sleep,https://www.youtube.com/watch?v=wyigp3ZmIlY
تیزر بادیگارد فیلم جدید اکشن ایرانی - With English Subtitles,https://www.youtube.com/watch?v=O4NNZ_pjWjI
قسمت نهم سریال ایرانی یلدا با بازی حمیدرضا آذرنگ، محمدرضا شریفی نیا، الهام پاوه نژاد و فریبا کوثری,https://www.youtube.com/watch?v=QP6w7Z87-Jk
محمدرضا گلزار، الناز شاکردوست در فیلم کمدی، درام خاطره انگیز تو و من - With English Subtitles,https://www.youtube.com/watch?v=h18vzH2lUhk
رو شدن چهره واقعی نوید محمدزاده 😡 #shorts,https://www.youtube.com/watch?v=z0Aj-nq8q4c
تیزر نمایش ایرانی موسیقی مجلسی (تئاتر جدید ایرانی - با کیفیت عالی 1080) - Iranian Theater,https://www.youtube.com/watch?v=Tu4QSKbb7Ek
(قسمت هشتم) حمیدرضا آذرنگ، کاظم هژیرآزاد، محمدرضا شریفی نیا در سریال یلدا با کیفیت بالا,https://www.youtube.com/watch?v=hLWA6gZDV2I
فیلم کمدی گوشواره با بازی اکبر عبدی، رویا تیموریان، مسعود رایگان - Earrings Comedy Film Irani,https://www.youtube.com/watch?v=H2LL6tFgIGU
نمایش ایرانی مردی که از آستینش برف می بارید ( با کیفیت عالی 1080) - Iranian Theater,https://www.youtube.com/watch?v=MVpcaggIIgo
تئاتر جدید ایرانی عمل (نمایش جدید ایرانی - با کیفیت عالی 1080) - Iranian Theater,https://www.youtube.com/watch?v=PCGKwJxsFQ8
(قسمت هفتم) سریال ایرانی یلدا با بازی حمیدرضا آذرنگ، محمدرضا شریفی نیا، الهام پاوه نژاد,https://www.youtube.com/watch?v=kNtxhUNDd94
یک روحانی کارگردان شد 🤨 فیلم ایرانی آن روی سکه با بازی نفیسه روشن، علی استادی و رضا توكلی,https://www.youtube.com/watch?v=jmPF4iaVCes
نمایش ایرانی قهوه برزیلی (تئاتر جدید ایرانی - با کیفیت عالی 1080) - Iranian Theater,https://www.youtube.com/watch?v=zH5Hg23mH_4
نما آهنگ آره این عشقه با صدای علی تیر مایه - فیلم ایرانی رها و انگشتر جادو,https://www.youtube.com/watch?v=xFCbnNO39Qo
سریال ایرانی یلدا (قسمت ششم) - Iran Series Yalda,https://www.youtube.com/watch?v=uQGcD-WbvRY
حمید فرخ نژاد: به ما میگن مفسد فی الارض !! آره، اصلا دروغگو ماییم، اوباش و ارازل ماییم #shorts,https://www.youtube.com/watch?v=8FPzZWjfS2M
یکتا ‌ناصر، بهزاد ‌فراهانی در تئاتر جدید ایرانی ترور ( تیزر) - Iranian Theater Terror,https://www.youtube.com/watch?v=kcWClZRv_dU
روایتی از زندگی مصطفی چمران - The Story Of The Life Of Mostafa Chamran With English Subtitles,https://www.youtube.com/watch?v=9LaHhynI40E
تیزر تئاتر جدید ایرانی زمان در حبس قصر (اولین موزه زنده ایران) - Iranian Theater 1080 HD,https://www.youtube.com/watch?v=xB8VmfWymy8
حمید فرخ نژاد: حاج آقا گفتن داری میری ، یه نصیحتی به مردم بکن #shorts,https://www.youtube.com/watch?v=VpIKvqZT0bk
فیلم کمدی و خنده دار جت کات با بازی یوسف تیموری، آشا محرابی و نیما شاهرخ شاهی - Comedy Film Irani,https://www.youtube.com/watch?v=brsafQ3Z52Y
قسمت پنجم سریال ایرانی یلدا با بازی حمیدرضا آذرنگ، محمدرضا شریفی نیا، الهام پاوه نژاد و فریبا کوثری,https://www.youtube.com/watch?v=52e9gREn4YY
نیکو خردمند، محمود عزیزی در فیلم ایرانی تکم چی - Persian Movie,https://www.youtube.com/watch?v=0cW2OyqFQaQ
تیزر نمایش جدید اصل ۴۴ قانون اساسی - Iranian Theater Asle 44 Ghanoone Asasi,https://www.youtube.com/watch?v=OrIg9aQN9ls
فیلم کمدی اینجا جای من نیست با بازی عباس جمشیدی فر، خشایار راد و ساقی زینتی - Comedy Film,https://www.youtube.com/watch?v=Lr7cnTK8xWM
(قسمت چهارم) حمیدرضا آذرنگ، کاظم هژیرآزاد، محمدرضا شریفی نیا در سریال یلدا با کیفیت بالا,https://www.youtube.com/watch?v=ggb8bjdrpDw
کیفیت بالای فیلم سینمایی ایرانی توریست - The Tourist Persian Film,https://www.youtube.com/watch?v=v8RfWqs-3xs
تیزر تئاتر ایرانی چسب هایش (تئاتر جدید ایرانی - با کیفیت عالی 1080) - Iranian Theater,https://www.youtube.com/watch?v=l7h3XSqpI10
میرطاهر مظلومی، نفیسه روشن در فیلم طنز ایرانی نام و نام خانوادگی - Comedy Film Irani,https://www.youtube.com/watch?v=0egQGE1wyQo
(قسمت سوم) سریال ایرانی یلدا با بازی حمیدرضا آذرنگ، محمدرضا شریفی نیا، الهام پاوه نژاد,https://www.youtube.com/watch?v=93vMKu8D050
تیزر تئاتر کمدی تا باران چند پاییز مانده (نمایش جدید ایرانی - با کیفیت عالی 1080) - Iranian Theater,https://www.youtube.com/watch?v=VNJXBR_hy1I
سریال ایرانی یلدا (قسمت دوم) - Iran Series Yalda,https://www.youtube.com/watch?v=2Ad_ReFW0ME
تیزر فیلم پی رنگ، فیلم کوتاه جنجالی و جدید - Short Film Pey Rang With English Subtitles,https://www.youtube.com/watch?v=VLrcfpTyAF8
یوسف تیموری، مهران غفوریان و ثریا قاسمی در فیلم کمدی ایرانی دختر میلیونر - Comedy Film Irani,https://www.youtube.com/watch?v=IgS4pRhmaxw
فیلم کوتاه ایرانی دوپامین - Dopamine Short Film Irani,https://www.youtube.com/watch?v=58Mkup-pjwE
قسمت اول سریال ایرانی یلدا با بازی حمیدرضا آذرنگ، محمدرضا شریفی نیا، الهام پاوه نژاد و فریبا کوثری,https://www.youtube.com/watch?v=gl4uYxo0JUE
فیلم کوتاه ایرانی بازی زندگی - Baziye Zendegi Short Film Irani,https://www.youtube.com/watch?v=uOvUt9uSNgQ
علی صادقی، فتحعلی اویسی، مهران غفوریان در فیلم کمدی شیر و عسل 😂 - Comedy Film Irani Shiro Asal,https://www.youtube.com/watch?v=SAUEtFCT6W4
حمید فرخ نژاد: به ما میگن مفسد فی الارض !! آره، اصلا دروغگو ماییم، اوباش و ارازل ماییم #shorts,https://www.youtube.com/watch?v=mFJ13PB_jDA
پشت صحنه فیلم ایده اصلی با کیفیت 1080 - با بازی جذاب و دیدنی بهرام رادان، مریلا زارعی و پژمان جمشیدی,https://www.youtube.com/watch?v=tZKEL-vBN9I
فیلم کمدی ایرانی بیراهه با بازی بهترین بازیگرهای ایرانی - Comedy Film Irani Birahe,https://www.youtube.com/watch?v=uTvihWN3iLQ
فیلم کمدی کلانتری غیرانتفاعی با بازی امیر جعفری و فردوس کاویانی - Comedy Film,https://www.youtube.com/watch?v=IO6ZseHk8-A
دخترا میان بیرون، پسرام میان بیرون !! به همدیگه برخورد میکنن و واویلااااا 🤣😂😲 #shorts,https://www.youtube.com/watch?v=JVXlx644STA
مهدی سلوکی، مهدی فقیه در فیلم ایرانی نقطه آغاز به کارگردانی علی عطشانی - Noghte Aghaz Film,https://www.youtube.com/watch?v=0FAWOIx7n7c
فیلم ایرانی بوسه باد با بازی زهره حميدي و علیرضا اوسیوند - Boose Baad Film,https://www.youtube.com/watch?v=2oNYXtqWIi8
خسرو شکیبایی در فیلم کاغذ بی خط به کارگردانی ناصر تقوایی,https://www.youtube.com/watch?v=4F81xovzkOw
با رقص ماری دل فهیمه رو برد 🤣😂😉 #shorts,https://www.youtube.com/watch?v=uiF-oo-vFuo
اکبر عبدی، جواد رضویان، الهام حمیدی، مجید صالحی و یوسف صیادی در فیلم کمدی ایرانی دلداده,https://www.youtube.com/watch?v=VxEuPeGpJ3E
فیلم جنایی و پلیسی عاشق کشی با بازی بهاره افشاری، نیما شاهرخ شاهی و علیرام نورایی - Ashegh Koshi,https://www.youtube.com/watch?v=ynVGxedgdSg
فیلم نوستالژی حسنک با بازی بهترین و محبوب ترین بازیگرها - Hasanak Film Irani,https://www.youtube.com/watch?v=pZZLgeExg90
فیلم کمدی آقای بازیگر با بازی عباس جمشیدی فر، خشایار راد و امیر غفارمنش - Mr. Actor Comedy FilmIrani,https://www.youtube.com/watch?v=u0kW9EGpvBE
ببینید تو اتاق معاون وزیر چه اتفاقی میوفته !!!! #shorts,https://www.youtube.com/watch?v=3wr1k1cCp5k
قسمت آخر سریال جذاب و دیدنی خانه امن در ژانر پلیسی و جنایی - Iran Series Khaneye Amn,https://www.youtube.com/watch?v=NfGd-FrQoQ0
فیلم جدید ایرانی مرغ دریایی با کیفیت 1080 - (فیلم مرغ دریایی با موضوع کرونا در ایران),https://www.youtube.com/watch?v=QT_UaZ0ZJP0
اردلان شجاع کاوه و نفیسه روشن در فیلم سینمایی ایرانی مهر سکوت - Seal of Silence Film Irani,https://www.youtube.com/watch?v=_6ZL6g_osb8
حمید رضا پگاه، سیما تیرانداز در سریال جنایی، پلیسی ایرانی خانه امن (قسمت ۴۹) - Iran Series,https://www.youtube.com/watch?v=oS1nKbZZfK0
فیلم جدید ایرانی نبض نگاه با بازی فاطمه گودرزی با کیفیت عالی - Nabze Negah Film Irani,https://www.youtube.com/watch?v=VhGzWImHFlw
سریال جدید پلیسی، سیاسی، جنایی ایرانی خانه امن (قسمت ۴۸) - Serial Irani Safe House,https://www.youtube.com/watch?v=7JSIusxsGs4
فیلم پلیسی و هیجان انگیز تهاجم با بازی رضا صفایی پور - Invasion Policy Film Irani,https://www.youtube.com/watch?v=giiIG_lK1DQ
رضا رویگری، افسانه بایگان در فیلم قدیمی و نوستالژی آخرین مهلت - Akharin Mohlat Persian Movie,https://www.youtube.com/watch?v=quP6xoLyRns
وقتی یه دختری به باباش میگه عاشق شدم میخوام شوهر کنم 🤣 #shorts,https://www.youtube.com/watch?v=2bHdYHZ9DYM
سریال جدید پلیسی، سیاسی، جنایی ایرانی خانه امن (قسمت ۴۷) - Serial Irani Safe House,https://www.youtube.com/watch?v=FNewQsmQ66Q
فیلم جدید روزگاری ایران با بازی حمیدرضا پگاه، ستاره اسکندری و امیرحسین صدیق با کیفیت عالی و 10810,https://www.youtube.com/watch?v=JOwMpPUHsME
سریال جدید ایرانی خانه امن (ژانر پلیسی، سیاسی، جنایی) - قسمت چهل و ششم,https://www.youtube.com/watch?v=UI0Dtm2AcPc
ماچ و بوسه تو فیلم های ایرونی !! 🤣 #shorts,https://www.youtube.com/watch?v=OJkK68gp7tk
فیلم پلیسی و جنایی نیرنگ با بازی سام درخشانی، حمیدرضا پگاه، سیاوش طهمورث - Neyrang Film Irani,https://www.youtube.com/watch?v=Z8NitkLmVHw
انیمیشن جدید و جالب دلقک ها - Clowns Animation,https://www.youtube.com/watch?v=2CHiqMKaRwM
فیلم جدید یلدا با بازی محمدرضا شریفی‌نیا، فریبا کوثری، حمیدرضا آذرنگ، الهام پاوه‌نژاد با کیفیت عالی,https://www.youtube.com/watch?v=5Bj_dAaRFy4
حمید رضا پگاه، سیما تیرانداز در سریال جنایی، پلیسی ایرانی خانه امن (قسمت ۴۵) - Iran Series,https://www.youtube.com/watch?v=R-ufbTpEgIs
نما آهنگ غوغا با صدای حامد قدمی برای فیلم رها و انگشتر جادو,https://www.youtube.com/watch?v=9RHZ6zLmcqo
18+ سوتی نقی و تابلو شدن دوست دخترش !!! #shorts,https://www.youtube.com/watch?v=5Aiy5kochfA
سریال پلیسی، جنایی ایرانی خانه امن با بازی امین زندگانی، سوگول طهماسبی (قسمت ۴۴),https://www.youtube.com/watch?v=GyRiOBng_Vg
فیلم، انیمیشن کوتاه ایرانی عدالت - Justice Film Irani,https://www.youtube.com/watch?v=pVpKmyJU1xA
بر اساس قصه ای از هزار و یک شب: خوب، بد، عشق - One Thousand and One Nights Animation,https://www.youtube.com/watch?v=fQrHRu8faAc
پشت صحنه فیلم جدید درخت گردو - Derakhte Gerdoo Film Irani,https://www.youtube.com/watch?v=84p6FUbDz_U
مهران رجبی در فیلم شرم گفتن، شرافت انسان ها و وجدان هایی که باید بیدار شوند,https://www.youtube.com/watch?v=jhNq6Lwr4uw
سریال پلیسی، جنایی ایرانی خانه امن با بازی امین زندگانی، پرویز فلاحی پور و سوگول طهماسبی (قسمت ۴۳),https://www.youtube.com/watch?v=SBk34pnBOmQ
فیلم جدید گوهرشاد با بازی حسین یاری، علیرام نورایی و بیتا فرهی - Film Irani Goharshad,https://www.youtube.com/watch?v=nsk1_7NXZY0
قسمت چهل و دوم سریال پلیسی، امنیتی ایرانی خانه امن با کیفیت عالی و بالا - Serial Irani,https://www.youtube.com/watch?v=LqiUluH3L5o
عارف لرستانی، لیندا کیانی، مجید صالحی در فیلم پلیسی ته خط به کارگردانی منوچهر هادی - Dead End Film,https://www.youtube.com/watch?v=PRkIDNL5BD4
مهدی صبائی، زهرا سعیدی، امیر حسین مدرس در فیلم مسافر ارغوان - Mosafer Arghavan Persian Movie,https://www.youtube.com/watch?v=UXQ-X30TIJQ
سیما تیرانداز، کاوه آفاق و پرویز فلاحی پور در سریال جنایی، پلیسی ایرانی خانه امن (قسمت ۴۱),https://www.youtube.com/watch?v=EdSLSO-x7Wg
نگار جواهریان، فرامرز صدیقی، رضا کیانیان و بابک حمیدیان در فیلم درام قدمگاه - Ghadamgah Film Irani,https://www.youtube.com/watch?v=wQr-HKW16EI
یعنی هرکاری میکنی که از سربازی معاف بشی 😜😁 #shorts,https://www.youtube.com/watch?v=KAiAFwFrOdA
قسمت چهلم سریال پلیسی، امنیتی ایرانی خانه امن با کیفیت عالی و بالا - Serial Irani Safe House,https://www.youtube.com/watch?v=UP33JHTUERw
پژمان بازغی، ماه چهره خلیلی، امیر آقایی، آتنه فقیه نصیری در فیلم ایرانی نامه ای از آسمان - FilmIrani,https://www.youtube.com/watch?v=CzmhuJqiBNU
سریال جدید پلیسی، سیاسی، جنایی ایرانی خانه امن (قسمت ۳۹) - Serial Irani Safe House,https://www.youtube.com/watch?v=GR6iCuH_tNM
پی رنگ فیلم کوتاه جنجالی و جدید - Short Film Pey Rang With English Subtitles,https://www.youtube.com/watch?v=zPEJ0XPyl-E
سریال پلیسی، جنایی ایرانی خانه امن با بازی امین زندگانی، پرویز فلاحی پور و سوگول طهماسبی (قسمت ۳۸),https://www.youtube.com/watch?v=xg5ljU1jXCA
فیلم ایرانی روزی که حسنی مرد شد - فیلم، انیمیشن به کارگردانی کوروش دالوند - Rozi Ke Hasani Mard Shod,https://www.youtube.com/watch?v=C4FGnkO-VxU
!به طنابی که میخوان دور گردنم بندازن فکر میکنم، نفسم بالا نمیاد 😭😔 #shorts,https://www.youtube.com/watch?v=ql_5lpn8QAA
محمدرضا فروتن، بهاره افشاری، احمد مهرانفر و شبنم مقدمی در فیلم ایرانی روابط,https://www.youtube.com/watch?v=Gr4-MNq1FkU
حمید رضا پگاه، سیما تیرانداز در سریال جنایی، پلیسی ایرانی خانه امن (قسمت ۳۷) - Iran Series,https://www.youtube.com/watch?v=2pKaePOMmUY
!! دختر دانشجو و مرد عزب اوغلی تو یه جا #shorts,https://www.youtube.com/watch?v=WcAdQTL3U3U
سریال پلیسی، جنایی ایرانی خانه امن با بازی امین زندگانی، پرویز فلاحی پور و سوگول طهماسبی (قسمت ۳۶),https://www.youtube.com/watch?v=FyFckwsTQgg
تیزر 12+ فیلم جدید کمدی در مدت معلوم با بازی جواد عزتی،هومن سیدی،ویشکا آسایش،اکبرعبدی,https://www.youtube.com/watch?v=CtNyRJJCBdg
فیلم جدید دست های مادرم با کیفیت عالی و بالا - Persian Movie My mother's hands,https://www.youtube.com/watch?v=nuS-XNH8Pe4
وجدان کاری فیلم کوتاه ایرانی - Short Film Irani Work Conscience,https://www.youtube.com/watch?v=A_CPigD-xDg
حامد بهداد، سیامک انصاری، نیکی کریمی و پولاد کیمیایی در فیلم جنایی، درام  جرم - Crime Film Irani,https://www.youtube.com/watch?v=T-9WW2P1784
سریال جدید ایرانی خانه امن با بازی حمید رضا پگاه، سیما تیرانداز و امین زندگانی (قسمت ۳۵),https://www.youtube.com/watch?v=4X1apkQppDA
پشت صحنه فیلم ماهرخ با بازی مهدی مقدم، آشا محرابی و نیلوفر شهیدی | Mahrokh Film Irani,https://www.youtube.com/watch?v=ZABgrYWfkuA
الهام رضایی در فیلم ایرانی کفش های پاره با کیفیت بالا - Kafshhaye Pare Film Irani,https://www.youtube.com/watch?v=RhCh_oQsAn4
سریال جدید ایرانی خانه امن با بازی حمید رضا پگاه، سیما تیرانداز و امین زندگانی (قسمت ۳۴),https://www.youtube.com/watch?v=8zsAofHOdtM
فیلم کوتاه ایرانی شوق حج - Short Film Hajj Passion,https://www.youtube.com/watch?v=pdyVXv99gdE
جوگیرایی که یه جلسه کلاس زبان میرن 🤣😉 #shorts,https://www.youtube.com/watch?v=iebF2u_hPto
سریال جدید پلیسی، سیاسی، جنایی ایرانی خانه امن (قسمت ۳۳) - Serial Irani Safe House,https://www.youtube.com/watch?v=P2KPKtWsCcs
نمایش ایرانی موسیقی مجلسی (تئاتر جدید ایرانی - با کیفیت عالی 1080) - Iranian Theater,https://www.youtube.com/watch?v=uvPaHTsdqi8
حمید رضا پگاه، سیما تیرانداز در سریال جنایی، پلیسی ایرانی خانه امن (قسمت ۳۲) - Iran Series,https://www.youtube.com/watch?v=dgZamOEKQkM
تئاتر ایرانی چسب هایش (تئاتر جدید ایرانی - با کیفیت عالی 1080) - Iranian Theater,https://www.youtube.com/watch?v=qsbJCs5J-uw
صابخونم اجاره رو 3 بــــرابر کرده ! 😨😔 #shorts,https://www.youtube.com/watch?v=5TSAJ4Ghdnc
سریال پلیسی، جنایی ایرانی خانه امن با بازی امین زندگانی، پرویز فلاحی پور و سوگول طهماسبی (قسمت ۳۱),https://www.youtube.com/watch?v=NA6SIBDMUz4
قسمت سی سریال جذاب و دیدنی خانه امن در ژانر پلیسی و جنایی - Iran Series Khaneye Amn,https://www.youtube.com/watch?v=daMwcsDAgxQ
یکتا ‌ناصر، بهزاد ‌فراهانی در تئاتر جدید ایرانی ترور (با کیفیت عالی 1080) - Iranian Theater Terror,https://www.youtube.com/watch?v=GLD2F9dge7s
تئاتر جدید ایرانی عمل (نمایش جدید ایرانی - با کیفیت عالی 1080) - Iranian Theater,https://www.youtube.com/watch?v=-vP_QRxtEac
امین تارخ، شقایق فراهانی و فرامرز قریبیان در فیلم جنایی، پلیسی باغ قرمز - Red Garden Film Irani,https://www.youtube.com/watch?v=w-5M4D3J4CU
سریال جدید ایرانی خانه امن با بازی حمید رضا پگاه، سیما تیرانداز و امین زندگانی (قسمت ۲۹),https://www.youtube.com/watch?v=BZDaDoZ8uO8
تئاتر جدید ایرانی زمان در حبس قصر (اولین موزه زنده ایران) - Iranian Theater 1080 HD,https://www.youtube.com/watch?v=QKGXbBHfPgk
ایرانی ترین نژاد ایران، نژاد کرد است #shorts,https://www.youtube.com/watch?v=xyXkWCr1L3g
حمید رضا پگاه، سیما تیرانداز در سریال جنایی، پلیسی ایرانی خانه امن (قسمت ۲۸) - Iran Series,https://www.youtube.com/watch?v=Yq2KRM_cZ0c
تئاتر کمدی تا باران چند پاییز مانده (نمایش جدید ایرانی - با کیفیت عالی 1080) - Iranian Theater,https://www.youtube.com/watch?v=q1pBTgBKyN0
حمید رضا پگاه، سیما تیرانداز در سریال جنایی، پلیسی ایرانی خانه امن (قسمت ۲۷) - Iran Series,https://www.youtube.com/watch?v=GelaG8HLKFE
علی صادقی، ژاله صامتی، محسن تنابنده و اشکان خطیبی در فیلم ایرانی فرزند افیون - Film Irani,https://www.youtube.com/watch?v=UBVQwq-C4Ws
ما ایرانیا وقتی یه آدم پــــولدار می بینیم 🤣😁😜 #shorts,https://www.youtube.com/watch?v=ORh0R2fk__k
قسمت بیست و ششم سریال پلیسی، امنیتی ایرانی خانه امن با کیفیت عالی و بالا - Serial Irani,https://www.youtube.com/watch?v=nrHl1bUYKG4
فیلم وعده دیدار، روایت زندگی یک هنرمند جانباز جنگ,https://www.youtube.com/watch?v=Tc7ovtVOrZg
سریال پلیسی، جنایی ایرانی خانه امن با بازی امین زندگانی، پرویز فلاحی پور و سوگول طهماسبی (قسمت ۲۵),https://www.youtube.com/watch?v=Q1IHVpGAJgg
امیر غفارمنش، فقیه سلطانی و رابعه اسکوئی در فیلم ایرانی عروسک شکسته - Broken Doll Film,https://www.youtube.com/watch?v=SiguF52g5V8
آخرین قسمت سریال کمدی و خنده دار و پربازیگر آرماندو با کیفیت عالی - Iran Series Armando,https://www.youtube.com/watch?v=iG69GD8y2cQ
میترا حجار و حمیدرضا پگاه در فیلم سینمایی درام ایرانی ستاره - Setareh Persian Movie,https://www.youtube.com/watch?v=nUZwt5uhteQ
سریال پلیسی، جنایی ایرانی خانه امن با بازی امین زندگانی، سوگول طهماسبی (قسمت ۲۴),https://www.youtube.com/watch?v=Afz3V0ldpb8
اکرم خطیبی، نگارگري، تاريخ هزار ساله ايران را نمايش مي‌دهد - مستند ایرانی هنرمند خاک,https://www.youtube.com/watch?v=OInuX1w24ZE
مرجانه گلچین، علی اوجی در سریال جدید کمدی آرماندو (قسمت ۱۶) - Iran Series Armando,https://www.youtube.com/watch?v=R7nV29cy1nw
سریال جدید ایرانی خانه امن (ژانر پلیسی، سیاسی، جنایی) - قسمت بیست و سوم,https://www.youtube.com/watch?v=_37Hr67Ts6k
فیلم کوتاه مرد نابینا - Short Film Irani Blind Man,https://www.youtube.com/watch?v=umiXZR906dM
علی اوجی، سحر ولدبیگی و حمیدرضا آذرنگ در سریال جدید کمدی آرماندو (قسمت ۱۵) - Iran Series Armando,https://www.youtube.com/watch?v=zA2fN19QBNA
حمید رضا پگاه، سیما تیرانداز در سریال جنایی، پلیسی ایرانی خانه امن (قسمت ۲۲) - Iran Series,https://www.youtube.com/watch?v=WnxMJ3RiuEY
فیلم هیجانی عملیات پایتخت، نبرد مأموران امنیتی با شبکه جاسوسی,https://www.youtube.com/watch?v=MdVH2Z0jJ1g
سریال کمدی ایرانی آرماندو با بازی علی اوجی، مرجانه گلچین، منوچهر هادی و علیرضا استادی (قسمت ۱۴),https://www.youtube.com/watch?v=lat_YsfGX7o
فیلم کمدی و خنده دار باحال ایرانی 😉 سرباز فراری با بازی رضا داوودنژاد - Comedy Film Sarbaz Farari,https://www.youtube.com/watch?v=diQjdw5Dri4
سریال پلیسی، جنایی ایرانی خانه امن با بازی امین زندگانی، پرویز فلاحی پور و سوگول طهماسبی (قسمت ۲۱),https://www.youtube.com/watch?v=o1ok6ij7iSE
فیلم کوتاه ایرانی من ماسک میزنم با کیفیت بالا و عالی - Man Mask Mizanam Short Film,https://www.youtube.com/watch?v=-wHuqWTb0zc
مرجانه گلچین، علی اوجی در سریال جدید کمدی آرماندو (قسمت ۱۳) - Iran Series Armando,https://www.youtube.com/watch?v=QF8yV2gtovY
سریال جدید ایرانی خانه امن با بازی حمید رضا پگاه، سیما تیرانداز و امین زندگانی (قسمت ۲۰),https://www.youtube.com/watch?v=5ho3Ru0QByU
می خورد بر بام خانه فیلم کوتاه کردی ایرانی - It Hit Upon The Roof Short Film Irani,https://www.youtube.com/watch?v=usGgR_zz8u4
فیلم ایرانی وقتشه بریم به کارگردانی داوود قاسمی امیرلو - Vaghteshe Berim Film Irani,https://www.youtube.com/watch?v=U-c5EtHXLaw
علی اوجی، مهرانه مهین ترابی و سحر ولدبیگی در سریال جدید کمدی آرماندو (قسمت ۱۲) - Iran Series Armando,https://www.youtube.com/watch?v=pWbBV8pkmRs
سریال جدید ایرانی خانه امن با بازی حمید رضا پگاه، سیما تیرانداز و امین زندگانی (قسمت ۱۹),https://www.youtube.com/watch?v=yL_6Rg2mw04
ابوالفضل پورعرب در فیلم ایرانی جاودانگی - Immortality Film Irani With Abolfazl Poorarab,https://www.youtube.com/watch?v=1H-9M1XrL9o
سریال جدید آرماندو با بازی علیرضا استادی، محمدرضا هدایتی و مهرانه مهین ترابی (قسمت ۱۱),https://www.youtube.com/watch?v=GmkHazYB-HY
فیلم جدید ایرانی تهران لندن با بازی مجید واشقانی، افسانه ناصری، با کیفیت بالا - Tehran London Film,https://www.youtube.com/watch?v=9oAaJRgAyQk
سریال پلیسی، جنایی ایرانی خانه امن با بازی امین زندگانی، پرویز فلاحی پور و سوگول طهماسبی (قسمت ۱۸),https://www.youtube.com/watch?v=Bb2RmdswKLA
خانه ای که ما را نداشت، فیلم کوتاه جدید و با کیفیت بالا - Short Film Irani With English Subtitles,https://www.youtube.com/watch?v=LaeKidMJIw4
سریال کمدی ایرانی آرماندو با بازی علی اوجی، مرجانه گلچین، منوچهر هادی و علیرضا استادی (قسمت ۱۰),https://www.youtube.com/watch?v=y6Yri9pW0Ks
تا وقتی نود بود، فوتبال نود دقیقه نبود. حالا ولی ... ! تئاتر ایرانی علیه من شهادت نده با کیفیت عالی,https://www.youtube.com/watch?v=lNLEv0AcwIQ
سریال جدید پلیسی، سیاسی، جنایی ایرانی خانه امن (قسمت ۱۷) - Serial Irani Safe House,https://www.youtube.com/watch?v=w8YksGHIORY
سریال کمدی آرماندو با کیفیت عالی - با بازی مرجانه گلچین و حمیدرضا آذرنگ (قسمت ۹),https://www.youtube.com/watch?v=kC5FnUS-_P8
حمید رضا پگاه، سیما تیرانداز در سریال جنایی، پلیسی ایرانی خانه امن (قسمت ۱۶) - Iran Series,https://www.youtube.com/watch?v=BmVvGahzUNE
فیلم کوتاه کوردی چیدن سپیده دم از کردستان با زیرنویس انگلیسی - Short Film With English Subtitles,https://www.youtube.com/watch?v=Q_ZNgzjpu5o
سریال پلیسی، جنایی ایرانی خانه امن با بازی امین زندگانی و سوگول طهماسبی (قسمت پانزدهم),https://www.youtube.com/watch?v=pNUEPyufW78
اکران خصوصی فیلم جدید و باکیفیت ایرانی رها و انگشتر جادو - The Teaser Of Raha And The Magic Ring,https://www.youtube.com/watch?v=OUka20Ffqi8
علی اوجی، سحر ولدبیگی و حمیدرضا آذرنگ در سریال جدید کمدی آرماندو (قسمت ۸) - Iran Series Armando,https://www.youtube.com/watch?v=EZx3Y8jpEqc
قسمت چهاردهم سریال پلیسی، امنیتی ایرانی خانه امن با کیفیت عالی و بالا - Serial Irani,https://www.youtube.com/watch?v=aQLxuF_Hme4
(فیلمی از داوود قاسمی امیرلو)فیلم جدید ایرانی دخترم فرشته با کیفیت عالی - Dokhtaram Fereshte Film,https://www.youtube.com/watch?v=TLIeMFDP4Gs
فقط ببینید برزو ارجمند چه سوتی داد تو زندان !!! 😲😨 #shorts,https://www.youtube.com/watch?v=Pvq5MHLgQRk
سریال کمدی ایرانی آرماندو با بازی علی اوجی، مرجانه گلچین، منوچهر هادی و علیرضا استادی (قسمت ۷),https://www.youtube.com/watch?v=KK8tMxGyt8o
حسین عابدینی، محمود مقامی در فیلم جدید ایرانی کادو با کیفیت عالی - Kadoo Film Irani,https://www.youtube.com/watch?v=lM4ada8HVUI
سریال جدید پلیسی، سیاسی، جنایی ایرانی خانه امن (قسمت ۱۳) - Serial Irani Safe House,https://www.youtube.com/watch?v=F_8TWM8qwro
علی اوجی، سحر ولدبیگی و حمیدرضا آذرنگ در سریال جدید کمدی آرماندو (قسمت ۶) - Iran Series Armando,https://www.youtube.com/watch?v=bSVCpBxW9_A
علی صادقی، رضا داوودنژاد در فیلم کمدی ایرانی شوخی های خدا - Divine Joke Comedy Film Irani,https://www.youtube.com/watch?v=CsGDwnJO_-M
عاشق کار نهنگ عنبرتونم اقا هادی🤣🤣 #shorts,https://www.youtube.com/watch?v=BkxlT9kcChY
حمید رضا پگاه، سیما تیرانداز در سریال جنایی، پلیسی ایرانی خانه امن (قسمت ۱۲) - Iran Series,https://www.youtube.com/watch?v=uPjw9vaqh8Q
سریال کمدی ایرانی آرماندو با بازی علی اوجی، مرجانه گلچین، منوچهر هادی و علیرضا استادی (قسمت ۵),https://www.youtube.com/watch?v=lASFVuSMGLg
فیلم تمشک با بازی نیکی کریمی، مهدی پاکدل که به موضوع بقا میپردازد🎭,https://www.youtube.com/watch?v=_rZIFkz3chU
سریال پلیسی، جنایی ایرانی خانه امن با بازی امین زندگانی، سوگول طهماسبی (قسمت یازدهم),https://www.youtube.com/watch?v=eT5C0oSE3F4
فیلم ایرانی یوما (یعنی مادر) - Yooma Persian Movie With English Subtitles,https://www.youtube.com/watch?v=figiSQT8pmo
علی اوجی، سحر ولدبیگی و حمیدرضا آذرنگ در سریال جدید کمدی آرماندو (قسمت ۴) - Iran Series Armando,https://www.youtube.com/watch?v=ZVNYad-qwBc
حمید رضا پگاه، سیما تیرانداز در سریال جنایی، پلیسی ایرانی خانه امن (قسمت دهم) - Iran Series,https://www.youtube.com/watch?v=nBJgMsmpUPE
نمایش به وقت پازولینی (تئاتر جدید ایرانی - با کیفیت عالی 1080) - Iranian Theater Be Vaghte Pazolini,https://www.youtube.com/watch?v=EEwhLDLKoqI
علی اوجی، سحر ولدبیگی و حمیدرضا آذرنگ در سریال جدید کمدی آرماندو (قسمت ۳) - Iran Series Armando,https://www.youtube.com/watch?v=9h8xMRIdBGI
فیلم ایرانی سرزمین بارانی با بازی فریبا نادری، فرهاد بشارتی و سوگول طهماسبی - Sarzamin Barani Film,https://www.youtube.com/watch?v=xTCp_8zMre8
سریال جدید ایرانی خانه امن (ژانر پلیسی، سیاسی، جنایی) قسمت نهم - Serial Irani Khane Amn,https://www.youtube.com/watch?v=RzEy_MmjrgU
فیلم کوتاه ایرانی وقت لبخند انار - Film Irani Vaghte Labkhande Anar,https://www.youtube.com/watch?v=EG4g-d5cGV4
تیزر فیلم جدید و باکیفیت ایرانی رها و انگشتر جادو - The Teaser Of Raha And The Magic Ring,https://www.youtube.com/watch?v=Rb1SyN8ochg
علی اوجی، سحر ولدبیگی و حمیدرضا آذرنگ در سریال جدید کمدی آرماندو (قسمت ۲) - Iran Series Armando,https://www.youtube.com/watch?v=2pB9Zx1aF4Y
فیلم جدید ایرانی پنهان پیدا با کیفیت عالی و بالا (ژانر جنگی، حماسی) - Persian Movie Penhan Peida,https://www.youtube.com/watch?v=prz5O1i0YeY
پخش زنده سریال پلیسی، ماجراجویی آخرین دعوت با بازی حامد بهداد، فرامرز قریبیان,https://www.youtube.com/watch?v=b9bRhda8Inw
سریال جدید ایرانی خانه امن با بازی حمید رضا پگاه، سیما تیرانداز و امین زندگانی (قسمت هشتم),https://www.youtube.com/watch?v=JAZVxx6lZ3w
فیلم کوتاه صدای سکوت، داستان پسری ناشنوا,https://www.youtube.com/watch?v=e_disF2qyiQ
سکانس خنده دار علی صادقی تو زندان 😜 پیشنهاد میکنم سریال ما فرشته نیستیم رو حتــــــــــما ببینید😍🤣😂,https://www.youtube.com/watch?v=DYE9ntviudM
سریال کمدی ایرانی آرماندو با بازی علی اوجی، مرجانه گلچین، منوچهر هادی و علیرضا استادی (قسمت ۱),https://www.youtube.com/watch?v=e60P1xvsvCg
صدایی که می ماند: زنده یاد استاد جلال مقامی - مستند آقا جلال و مستر رابرت - Iranian Documentary,https://www.youtube.com/watch?v=WFqG4lixIQM
سریال پلیسی، جنایی ایرانی خانه امن با بازی امین زندگانی، پرویز فلاحی پور و سوگول طهماسبی (قسمت هفتم),https://www.youtube.com/watch?v=Kszpacpgfz8
نمایش جدید اصل ۴۴ قانون اساسی (تئاتر سال ۹۸ با کیفیت بالا) - Iranian Theater Asle 44 Ghanoone Asasi,https://www.youtube.com/watch?v=_yR_60TT7vI
درگیری منوچهر هادی و مهرانه مهین ترابی تو پشت صحنه سریال کمدی😁,https://www.youtube.com/watch?v=fRr4Mh9A4Z0
تیزر فیلم جدید و باکیفیت ایرانی رها و انگشتر جادو - The Teaser Of Raha And The Magic Ring,https://www.youtube.com/watch?v=Vje9PHXhwvY
نمایش بیماری خانواده میم (تئاتر جدید ایرانی - با کیفیت عالی 1080) - Iranian Theater,https://www.youtube.com/watch?v=oUkq3L8uDz4
فیلم جدید ایرانی آواز آبها با بازی شهرزاد عبدالمجید (کیفیت عالی و بالا) - Avaze Abha Film Irani,https://www.youtube.com/watch?v=9inED7277Mc
سریال جدید ایرانی خانه امن با بازی حمید رضا پگاه، سیما تیرانداز و امین زندگانی (قسمت ششم),https://www.youtube.com/watch?v=W5jUc_7AP-w
به نام خدایی که تاریخ را مایه ی عبرت ما قرار داد - فیلم کوتاه ایرانی درس - Lesson Film Irani,https://www.youtube.com/watch?v=qWNw0mjgZBs
علی صادقی به قاضی پروندش میگه: شما خوشگل من بودی 😂🤣 #shorts,https://www.youtube.com/watch?v=1cMC8imRCYo
فیلم توقیف شده جدید آزادراه با بازی هومن سیدی، مهدی پاکدل و بهنوش طباطبایی - Film Irani The Freeway,https://www.youtube.com/watch?v=YNoLMXTe4as
سریال پلیسی، جنایی ایرانی خانه امن با بازی امین زندگانی، پرویز فلاحی پور و سوگول طهماسبی (قسمت پنجم),https://www.youtube.com/watch?v=PVVW8uf5JxY
فیلم ایرانی این تمام ماجرا بود با کیفیت بالا - This Was All The Story Film With English Subtitles,https://www.youtube.com/watch?v=ftSvsVJmrBQ
فیلم جدید ایرانی آمین خواهیم گفت - فیلم جنجالی که آزاده زارعی نقش یک پسر را بازی کرده - Film Irani,https://www.youtube.com/watch?v=3XPrnw-4vH0
بهنام تشکر،هومن برق نورد و سارا منجزی در فیلم کمدی ایرانی تاکسی پلیس - Comedy Film Irani Police Taxi,https://www.youtube.com/watch?v=TxXn5dTQqzo
سریال جدید پلیسی، سیاسی، جنایی ایرانی خانه امن (قسمت چهارم) - Serial Irani Safe House,https://www.youtube.com/watch?v=-MvyQxZd9kY
علی صادقی تو زندان عاشق هم بندش میشه 🤣😂 #shorts,https://www.youtube.com/watch?v=A37eSwtBsp0
علی صادقی، شهره لرستانی و محمدرضا شریفی نیا در سریال کمدی جدید ما فرشته نیستیم (قسمت آخر),https://www.youtube.com/watch?v=owzWddHuzqQ
مستند ایرانی تاریخ به روایت تاریخ - Iranian Documentary Tarikh Be Revayate Tarikh,https://www.youtube.com/watch?v=-kC1jC3HfzQ
حمید رضا پگاه، سیما تیرانداز در سریال جنایی، پلیسی ایرانی خانه امن (قسمت سوم) - Iran Series,https://www.youtube.com/watch?v=2e1q4ET2lPw
علی صادقی تو زندان عاشق هم بندش میشه 🤣😂,https://www.youtube.com/watch?v=5njp9npgiCw
تیزر فیلم جدید و باکیفیت ایرانی رها و انگشتر جادو - The Teaser Of Raha And The Magic Ring,https://www.youtube.com/watch?v=9LMaOOC_UwY
انیمیشن جذاب و دیدنی کاش یکی پیدا بشه,https://www.youtube.com/watch?v=69D0nlxmYy4
علی صادقی در سریال کمدی و جدید ایرانی 🤣 ما فرشته نیستیم با کیفیت بالا (قسمت دهم)😍,https://www.youtube.com/watch?v=pTt9Yb8BOTc
سریال پلیسی، جنایی ایرانی خانه امن با بازی امین زندگانی، پرویز فلاحی پور و سوگول طهماسبی (قسمت دوم),https://www.youtube.com/watch?v=Ayo31BWyTHs
فیلم سینمایی ایرانی خروس با زیرنویس انگلیسی - The Rooster Film Irani With English Subtitles,https://www.youtube.com/watch?v=7oq10vYHCY0
خواب زده انیمیشن ایرانی - Iranian Animation,https://www.youtube.com/watch?v=2CmQGsuoFto
نرگس محمدی، زهره صفوی و علی صادقی در سریال کمدی جدید ما فرشته نیستیم (قسمت ۹),https://www.youtube.com/watch?v=RxBF2wbJ0Gk
سریال جدید ایرانی خانه امن (ژانر پلیسی، سیاسی، جنایی) - حمید رضا پگاه، سیما تیرانداز و امین زندگانی,https://www.youtube.com/watch?v=toE2-Ehnh2o
به خاطر نیاز، فیلم کوتاه جدید ایرانی با کیفیت بالای 1080 - Dont Recall Short Film,https://www.youtube.com/watch?v=1cIMZC1tskI
قسمت آخر سریال نوستالژی ایرانی نردبام آسمان - Nardebam-e Aseman Serial Irani,https://www.youtube.com/watch?v=8DxokSx_uCU
سریال ایرانی نردبام آسمان (قسمت بیستم) - Nardebame Aseman Serial Irani,https://www.youtube.com/watch?v=9yLB35uQBlE
زنده یاد جمشید مشایخی، فریبا متخصص در فیلم ایرانی اولین باران پاییزی - Avalin Baran Payizi Film,https://www.youtube.com/watch?v=NmlXVpu_u3A
ماه چهره خلیلی، برزو ارجمند و ویشکا آسایش در سریال تاریخی ایرانی نردبام آسمان (قسمت نوزدهم),https://www.youtube.com/watch?v=eU2TzZSgGBc
سیروس همتی و رشید (قدرت الله ایزدی) در فیلم سینمایی ایرانی نان شب - Nane Shab Film,https://www.youtube.com/watch?v=5b6ldi1SCaM
فیلم کوتاه ایرانی خسوف پروانه - Short Film Irani Butterfly Lunar Eclipse,https://www.youtube.com/watch?v=KYci8w5t3y4
ویشکا آسایش، داریوش کاردان و بهرنگ علوی در سریال ایرانی نردبام آسمان (قسمت هجدهم),https://www.youtube.com/watch?v=w6lnPuRqwuA
محسن تنابنده، محسن نامجو در فیلم جنایی، کمدی، درام ایرانی چند کیلو خرما برای مراسم تدفین(جشنواره کن),https://www.youtube.com/watch?v=A3l30GWobQ8
ماه چهره خلیلی، شبنم قلی‌خانی و مجید یاسر در سریال ایرانی نردبام آسمان (قسمت هفدهم),https://www.youtube.com/watch?v=LJBEiAUDaZQ
زنده یاد بهروز جلیلی در فیلم سینمایی ایرانی ترانه تنهایی تهران - Taraneh Tanhaei Tehran PersianMovie,https://www.youtube.com/watch?v=rjgGHpCMisI
سریال ایرانی نردبام آسمان (قسمت شانزدهم) - Nardebame Aseman Serial Irani,https://www.youtube.com/watch?v=C1vyN9qZ6X8
بیژن امکانیان و حدیث میرامینی در فیلم ایرانی مدیون با کیفیت بالا - Madyoon Film Irani,https://www.youtube.com/watch?v=tk_vfjoMdK0
ماه چهره خلیلی، برزو ارجمند و ویشکا آسایش در سریال تاریخی ایرانی نردبام آسمان (قسمت پانزدهم),https://www.youtube.com/watch?v=pO3eEQNoWBo
فیلم یک نفر از میان ما، روایتی تلخ از قضاوت مردم,https://www.youtube.com/watch?v=MLWkg0yxjRg
فیلم ایرانی همچو حافظ داستان مهاجران افغانستانی - Hamcho Hafez Film Irani With English Subtitles,https://www.youtube.com/watch?v=-rIsWpDrfOQ
ویشکا آسایش، داریوش کاردان و بهرنگ علوی در سریال ایرانی نردبام آسمان (قسمت چهاردهم),https://www.youtube.com/watch?v=XrUnbJAsxJw
ماه چهره خلیلی، شبنم قلی‌خانی و مجید یاسر در سریال ایرانی نردبام آسمان (قسمت سیزدهم),https://www.youtube.com/watch?v=T7g377MgRGg
فیلم جدید ایرانی شهر مهتابی با بازی شهین تسلیمی و آرش نوذری - Moonlight City Persian Movie,https://www.youtube.com/watch?v=TN5-UrfNlZU
سریال ایرانی نردبام آسمان (قسمت دوازدهم) - Nardebame Aseman Serial Irani,https://www.youtube.com/watch?v=sO6msaZPFIE
مهدی کوشکی، فرخ نعمتی در فیلم ایرانی قصه گو (بر‌اساس داستان واقعی زندگی نویسنده کتاب),https://www.youtube.com/watch?v=dWlGEK5ayU8
ماه چهره خلیلی، برزو ارجمند و ویشکا آسایش در سریال تاریخی ایرانی نردبام آسمان (قسمت یازدهم),https://www.youtube.com/watch?v=wmYNUBfdAvc
فیلم جنایی و هیجان انگیز جدید ایرانی پیشنهاد با بازی رامتین خداپناهی - Pishnahad Film Irani,https://www.youtube.com/watch?v=MXbrhPpt8qQ
ویشکا آسایش، داریوش کاردان و بهرنگ علوی در سریال ایرانی نردبام آسمان (قسمت دهم),https://www.youtube.com/watch?v=_2nbfNFPFeg
فیلم سینمایی ایرانی باد گیسوانت را شانه خواهد زد - The wind will comb your tresses Film Irani,https://www.youtube.com/watch?v=PD7mjd8wOE8
سریال ایرانی نردبام آسمان (قسمت نهم) - Iran Series Nardebame Aseman,https://www.youtube.com/watch?v=0-pUciWOUtk
کلاغه دیگه!! دلش طلا میخواد - انیمیشن جدید و با کیفیت قارقا - Animation Ghargha,https://www.youtube.com/watch?v=Yw5euESsnCQ
ماه چهره خلیلی، شبنم قلی‌خانی و مجید یاسر در سریال ایرانی نردبام آسمان (قسمت هشتم),https://www.youtube.com/watch?v=hfoAs4U-iTk
ریترن فیلم کوتاه ایرانی - Return Short Film Irani With English Subtitles,https://www.youtube.com/watch?v=Tz3BNlHCIB8
سریال ایرانی نردبام آسمان (قسمت هفتم) - Nardebame Aseman Serial Irani,https://www.youtube.com/watch?v=sOi9_aBdXsc
کامران تفتی، زهرا سعیدی و رامین راستاد در فیلم سینمایی ایرانی هدیه‌ای به یاد ماندنی - Film Irani,https://www.youtube.com/watch?v=vUJ5xInUFnk
فیلم جدید ایرانی نگین با بازی امیرمحمد زند و آناهیتا افشار - Negin Film Irani,https://www.youtube.com/watch?v=sMazFDxi6JU
ماه چهره خلیلی، برزو ارجمند و ویشکا آسایش در سریال تاریخی ایرانی نردبام آسمان (قسمت ششم),https://www.youtube.com/watch?v=v_aec1epjNc
مستند ایرانی عروسی اقوام - این قسمت عروسی بازی: کردستان - Iranian documentary (Kordestan),https://www.youtube.com/watch?v=gixsAqnQkn8
فیلم پلیسی، جنایی مانگرو با بازی فریبرز عرب نیا، مینا نوروزی، رامتین خداپناهی - Mangro Film Irani,https://www.youtube.com/watch?v=9BGwnPPvBmA
ویشکا آسایش، داریوش کاردان و بهرنگ علوی در سریال ایرانی نردبام آسمان (قسمت پنجم),https://www.youtube.com/watch?v=a69Lbau1IWU
مستند ایرانی عروسی اقوام - این قسمت نوای مسکین: گیلان - Iranian documentary (Gilan),https://www.youtube.com/watch?v=qMAwfoLJJrE
سریال ایرانی نردبام آسمان (قسمت چهارم) - Iran Series Nardebame Aseman,https://www.youtube.com/watch?v=Hqau9EZfR80
فیلم اکشن ایرانی آتش در خرمن با بازی حسین یاری و لفته حیدری - Atash Dar Kharman,https://www.youtube.com/watch?v=TMYWa48nPn4
ماه چهره خلیلی، شبنم قلی‌خانی و مجید یاسر در سریال ایرانی نردبام آسمان (قسمت سوم),https://www.youtube.com/watch?v=-TslUJTqKrc
سریال ایرانی نردبام آسمان (قسمت دوم) - Nardebame Aseman Serial Irani,https://www.youtube.com/watch?v=lNgLYbVLzPk
ماه چهره خلیلی، برزو ارجمند و ویشکا آسایش در سریال تاریخی ایرانی نردبام آسمان به نویسندگی حامد عنقا,https://www.youtube.com/watch?v=MuzytqhlvGU
مستند ایرانی عروسی اقوام - این قسمت اسب بارانی: کاشان - Iranian documentary (Kashan),https://www.youtube.com/watch?v=KRM5LdiAyuo
"فیلم سینمایی پلیسی ایرانی جنایت و مکافات از مجموعه ""دایره تردید"" به کارگردانی امیر قویدل",https://www.youtube.com/watch?v=VUOX5pE3nlQ
مستند ایرانی دربست اکباتان - Darbast Ekbatan Iranian Documentary,https://www.youtube.com/watch?v=H2RDXFuConQ
فیلم ایرانی زندگی پر امید (ژانر غم انگیز و درام) - Persian Movie Zendegi Poe Omid,https://www.youtube.com/watch?v=Mzmvmy6l0zw
فیلم کوتاه ایرانی قرعه به کارگردانی حسن قهرمان - Short Film Irani Ghore,https://www.youtube.com/watch?v=41XmNtR2sU0
فیلم کوتاه ایرانی دیلیریوم - Short Film Irani Delirium,https://www.youtube.com/watch?v=3HfCcAREpzA
سریال پلیسی، ماجراجویی و درام ایرانی آخرین دعوت (قسمت آخر) - Serial Irani Akharin Davat,https://www.youtube.com/watch?v=igGPwER5X7A
فیلم کوتاه ایرانی سایه خاموش من !! زندگی زنی که یک پایش بر روی مین است - Short Film Irani With ENSUB,https://www.youtube.com/watch?v=76vS2rnnoiY
فرامرز قریبیان، حامد بهداد در سریال پلیسی، ماجراجویی آخرین دعوت با کیفیت بالا و‌عالی (قسمت ۱۱),https://www.youtube.com/watch?v=RglU4mboPfE
فیلم جدید ایرانی فقط شش طبقه با بازی زیبای بهرنگ علوی - Behrang Alavi In Film Irani With English SUB,https://www.youtube.com/watch?v=nbONczQ7Z5s
حامد بهداد، فرزاد حسنی در سریال پلیسی، ماجراجویی آخرین دعوت (قسمت دهم) - Serial Irani,https://www.youtube.com/watch?v=P6oRfPlctl0
علی صادقی در سریال کمدی و جدید ایرانی 🤣 سریال ما فرشته نیستیم با کیفیت بالا (قسمت ۸),https://www.youtube.com/watch?v=kjyQCSfgQnA
حامد بهداد، فرامرز قریبیان در سریال پلیسی، ماجراجویی آخرین دعوت با کیفیت بالا و‌عالی (قسمت نهم),https://www.youtube.com/watch?v=XRmpvHqx8RI
فیلم سینمایی ایرانی تلسکوپ با بازی رامین راستاد - Film Irani Telescope,https://www.youtube.com/watch?v=dcDTxx_QjCk
علی صادقی، شهره لرستانی و محمدرضا شریفی نیا در سریال کمدی جدید ما فرشته نیستیم (قسمت ۷),https://www.youtube.com/watch?v=fwRsmMfxRkM
سریال پلیسی، ماجراجویی و درام ایرانی آخرین دعوت (قسمت هشتم) - Serial Irani Akharin Davat,https://www.youtube.com/watch?v=SWc0jwxSAcU
محمدرضا شریفی نیا، شهره لرستانی در سریال کمدی جدید ما فرشته نیستیم (قسمت ۶),https://www.youtube.com/watch?v=zvxaRFCwrw0
حامد بهداد، فرزاد حسنی در سریال پلیسی، ماجراجویی آخرین دعوت (قسمت هفتم) - Serial Irani,https://www.youtube.com/watch?v=RohUgZi15UI
علی صادقی، نادر سلیمانی و محمدرضا شریفی نیا در سریال کمدی جدید ما فرشته نیستیم (قسمت ۵),https://www.youtube.com/watch?v=1ZYguG-Uczk
فیلم جدید ایرانی سفر صفرعلی با کیفیت عالی و بالا - Safare Safarali Film Irani,https://www.youtube.com/watch?v=57M4QhsqJRA
حامد بهداد، فرامرز قریبیان در سریال پلیسی، ماجراجویی آخرین دعوت با کیفیت بالا و‌عالی (قسمت ششم),https://www.youtube.com/watch?v=6BpShfS5rk0
زنده یاد سعید پیردوست و شراره رخام در فیلم کمدی یه قندون نشاط,https://www.youtube.com/watch?v=JJ4KG9UFfPQ
محمدرضا شریفی نیا، شهره لرستانی در سریال کمدی جدید ما فرشته نیستیم (قسمت ۴),https://www.youtube.com/watch?v=wpIKVv0brNI
حامد بهداد، فرزاد حسنی در سریال پلیسی، ماجراجویی آخرین دعوت (قسمت پنجم) - Serial Irani,https://www.youtube.com/watch?v=Q8lAxyx7QHU
حدیث فولادوند در فیلم جدید ایرانی تقدیر - Taghdir Short Film Irani With English Subtitles,https://www.youtube.com/watch?v=WGN_jIs6Keo
علی صادقی در سریال کمدی و جدید ایرانی 🤣 سریال ما فرشته نیستیم (قسمت سوم)😍,https://www.youtube.com/watch?v=j-KAzZs-G4g
فیلم جدید ایرانی کی داده کی گرفته با کیفیت بالا - نیما شاهرخ شاهی و عبدالرضا اکبری - Film Irani,https://www.youtube.com/watch?v=qFRcz8LshVg
حامد بهداد، فرامرز قریبیان در سریال پلیسی، ماجراجویی آخرین دعوت با کیفیت بالا و‌عالی (قسمت چهارم),https://www.youtube.com/watch?v=vqexb9ZL7S0
جواد عزتی تو حموم داره چی کار میکنه😂😂 #shorts,https://www.youtube.com/watch?v=BvCs2dHkpsI
فیلم ایرانی جای خالی خدا - Persian Movie Jaye Khaliye Khoda,https://www.youtube.com/watch?v=wy8QCADzyq8
علی صادقی، شهره لرستانی و محمدرضا شریفی نیا در سریال کمدی جدید ما فرشته نیستیم (قسمت ۲),https://www.youtube.com/watch?v=169rwtAqZ6Y
امین زندگانی، لیلا اوتادی، مهران رجبی در فیلم جدید ایرانی نازلی - Nazli Film (1080P) - ژانر درام,https://www.youtube.com/watch?v=EbQb7gdC92w
سریال پلیسی، ماجراجویی و درام ایرانی آخرین دعوت (قسمت سوم) - Serial Irani Akharin Davat,https://www.youtube.com/watch?v=tApgRao_yi0
(لاله اسکندری در فیلم جدید ایرانی نارین (مادری که دخترش را از دست داده، نمیتواند این ضرر را بپذیرد,https://www.youtube.com/watch?v=JblTg4o_tlg
فیلم کمدی 3 سوت عاشقی با باز سیروس میمنت🤣,https://www.youtube.com/watch?v=6rflT8HAHlU
علی صادقی در سریال کمدی و جدید ایرانی 🤣 ما فرشته نیستیم با کیفیت بالا - شهره لرستانی، گوهر خیراندیش😍,https://www.youtube.com/watch?v=abl7-F60bVw
محسن نامجو و ناگفته هایش - مستندی دیدنی و جذاب از زندگی محسن نامجو - Biography Of Mohsen Namjoo,https://www.youtube.com/watch?v=zGMpKIPISrk