title,url
شاید برای شما هم اتفاق بیفتد مجموعه ایرانی - این قسمت دونده (قسمت هفدهم),https://www.youtube.com/watch?v=VmYlYyMznSY
چقدر توصیف رنگا از زبون خسرو شکیبایی قشنگن🖤❤️,https://www.youtube.com/watch?v=oOBdhoYuvAM
سریال جدید ایرانی در ژانر ترسناک و معمایی/سریال احضار قسمت ۲۲ - Seriale Ehzar,https://www.youtube.com/watch?v=AwAbZn58aK0
"رامتین خداپناهی در سریال ""و خداوند عشق را آفرید"" قسمت 4 | series ""And God created love""",https://www.youtube.com/watch?v=057hDT16QMc
فیلم جدید عاشقانه آغوش باز با بازی حامد کمیلی، محسن کیایی، مهدی هاشمی و حسن معجونی,https://www.youtube.com/watch?v=Ji8FQLDOLu0
اتفاقای خنده دار قبل پرواز نقی و خانوادش به سمت ترکیه😉😁,https://www.youtube.com/watch?v=R1SwKgcRe-s
شاید برای شما هم اتفاق بیفتد - این داستان درنگ (قسمت شانزدهم),https://www.youtube.com/watch?v=MaKVDS54P7s
علیرام نورایی در فیلم درام وقتی آفتاب طلوع می کند | When the sun rises movie,https://www.youtube.com/watch?v=FpBMfmgXQWk
جایی گم شدین آدرس خواستین بپرسین حتما از علی صادقی بپرسین😂,https://www.youtube.com/watch?v=lT3EvHrlPmQ
سریال ژانر ترسناک و معمایی/سریال جدید احضار قسمت ۲۱ - مع دبلجة عربية,https://www.youtube.com/watch?v=ewCC_v0Mc7Y
"داریوش اسدزاده در سریال نوستالژی ""و خداوند عشق را آفرید"" قسمت 3 | series ""And God created love""",https://www.youtube.com/watch?v=wklgzVGZorI
وقتی بهتاش میفهمه رحمت میخواد از مادرش خواستگاری کنه😁 سکانس های خنده دار سریال پایتخت 😂🤣,https://www.youtube.com/watch?v=_bk1PjYYEUU
شاید برای شما هم اتفاق بیفتد - قسمت جدید تهمت با بازی میلاد کی مرام (قسمت پانزدهم),https://www.youtube.com/watch?v=ybZ762Ci-DI
فیلم جدید سه کام حبس با بازی محسن تنابنده و پریناز ایزدیار - با زیرنویس انگلیسی,https://www.youtube.com/watch?v=QMTws8AozNI
قراره عاشقانه رضا عطاران😂,https://www.youtube.com/watch?v=cXr7k9Fq_fM
المسلسل الإيراني أختار مدبلج للعربية - سریال ایرانی ترسناک احضار با بازی آرش مجیدی (قسمت ۲۰),https://www.youtube.com/watch?v=9su9hmPjKyc
"ستاره پسیانی در سریال ""و خداوند عشق را آفرید"" قسمت 2 | series ""And God created love""",https://www.youtube.com/watch?v=M9OjLQlhFuE
ماجراهای حنجره طلا: این قسمت غریبه و عکاسی,https://www.youtube.com/watch?v=29KQvNqNRT4
دعوای نقی و بهتاش تو سریال کمدی ایرانی پایتخت 5 !!! 🤨😮,https://www.youtube.com/watch?v=7IepP0Sarlg
سریال شاید برای شما هم اتفاق بیفتد - این قسمت تیغ کهنه (قسمت چهاردم),https://www.youtube.com/watch?v=LAn9P_g3WL8
"سریال درام ""و خداوند عشق را آفرید"" قسمت 1 | series ""And God created love""",https://www.youtube.com/watch?v=ivBEMsbO90U
لاس زدن ارسطو و سوتی هاش 😂 هر دفعه پایتخت رو میبینم میمیرم از خنده 🤣😉😁,https://www.youtube.com/watch?v=f5Hhha__KsY
شاید برای شما هم اتفاق بیفتد - این داستان تنهایی (قسمت سیزدهم),https://www.youtube.com/watch?v=_QQX31bdusM
ماجراهای حنجره طلا: این قسمت تخمه و بارون,https://www.youtube.com/watch?v=H5GGeER4470
انیمیشن کوتاه ایرانی پالیزار | Palizar Iranian short animation,https://www.youtube.com/watch?v=19cjnxa4x8I
وقتی نوبت نگهبانی بهتاش میشه🤣,https://www.youtube.com/watch?v=Ywt5vx9iyLQ
یک سال شد که بین ما نیستی مرد بزرگ🖤😞,https://www.youtube.com/watch?v=G9BcgjZI4Mk
فیلم پلیسی قباله با بازی سعید نیکپور - Police movie deed,https://www.youtube.com/watch?v=MHmoJeKZTJY
سریال پیک سحر قسمت ششم | Dawn courier Series Ep.6,https://www.youtube.com/watch?v=YFvzRLTW9Gc
وسط جنگ زنگ زدن علی آباد همه فکر کردن اینا مردن 🥹,https://www.youtube.com/watch?v=mczWe1QyWd8
سریال احضار (قسمت نوزدهم) - مع دبلجة عربية,https://www.youtube.com/watch?v=IkvpUZVAZm8
عباس غزالی، حدیث میرامینی در فیلم جنایی نیمه شـب | Midnight crime movie,https://www.youtube.com/watch?v=CzHuOwxRgH0
مجموعه ایرانی پیک سحر قسمت پنجم | Dawn courier Series Ep.5,https://www.youtube.com/watch?v=w_N5PFBdKrU
شاید برای شما هم اتفاق بیفتد - این داستان توبه (قسمت دوازدهم),https://www.youtube.com/watch?v=ydTeOXg1ab8
من بغضم میگیره وقتی تو داری همه چیو خراب میکنی💔,https://www.youtube.com/watch?v=goQq9Ux2K8w
سریال جدید ایرانی در ژانر ترسناک و معمایی/سریال احضار قسمت هجدهم - Seriale Ehzar,https://www.youtube.com/watch?v=VPOt8EnnyLU
سریال قدیمی پیک سحر قسمت چهارم | Dawn courier old Series Ep.4,https://www.youtube.com/watch?v=qHQnOj5yHvQ
فیلم امیرعلی با بازی مهدی ‌حسینی ‌نیا - Iranian Movie Amirali,https://www.youtube.com/watch?v=pWnr5oXhAB4
سریال شاید برای شما هم اتفاق بیفتد - این قسمت یک نسیم خنک بهاری (قسمت یازدهم),https://www.youtube.com/watch?v=WFY4hpC9c54
سریال ایرانی ترسناک احضار با بازی آرش مجیدی (قسمت هفدهم),https://www.youtube.com/watch?v=ZkVRBJ-FP1o
فیلم جدید درام روز چهل و یکم | The forty-first day movie,https://www.youtube.com/watch?v=uEKwTzWqvxw
امان از جوگیری😂کتک خوردن مهران رجبی😂,https://www.youtube.com/watch?v=8RAwL2hDPYQ
سریال ایرانی پیک سحر قسمت سوم | Dawn courier iranian Series Ep.3,https://www.youtube.com/watch?v=GGuBbGclwn8
صورتی فیلم جدید و با کیفیت - Soorati Persian Movie Full HD,https://www.youtube.com/watch?v=M6bEQ33FI4c
فیلم جدید لنز خاکستری - Persian Movie Lenz Khakestari,https://www.youtube.com/watch?v=TtVS9_-_Ing
شاید برای شما هم اتفاق بیفتد قتل مکن - قسمت جدید بازیگر (قسمت دهم),https://www.youtube.com/watch?v=gE3SROD87Ss
سریال ایرانی ترسناک احضار با بازی آرش مجیدی (قسمت شانزدهم) - مع دبلجة عربية,https://www.youtube.com/watch?v=25wOqQ6XOFg
فیلم پلیسی لحظه صید با بازی پرویز فلاحی پور و مارال فرجاد | Catch moment movie,https://www.youtube.com/watch?v=wZR50-_FQsY
جمشید مشایخی در سریال پیک سحر قسمت دوم | Dawn courier nostalgic Series Ep.2,https://www.youtube.com/watch?v=wzFGRLxzT_8
شاید برای شما هم اتفاق بیفتد - این داستان بعضی رویاها (قسمت نهم),https://www.youtube.com/watch?v=hGLUTen3bNo
المسلسل الإيراني أختار مدبلج للعربية - سریال ایرانی ترسناک احضار با بازی آرش مجیدی (قسمت ۱۵),https://www.youtube.com/watch?v=yHGu4xJIkoA
فیلم ماجراجویانه بالابان | Balaban movie,https://www.youtube.com/watch?v=-b3KdZuqZuY
سریال نوستالژیک پیک سحر قسمت اول | Dawn courier nostalgic Series Ep.1,https://www.youtube.com/watch?v=wQIN1hDpXNw
فیلم جدید درام و جنجالی کوچه آخری با بازی شیدا یوسفی - کیفیت فول اچ دی,https://www.youtube.com/watch?v=NlC1k4jPXAU
شاید برای شما هم اتفاق بیفتد - این داستان دستبرد (قسمت هشتم),https://www.youtube.com/watch?v=5_2Oys6Tw3A
سریال جدید ایرانی در ژانر ترسناک و معمایی/سریال احضار قسمت چهاردهم - Seriale Ehzar,https://www.youtube.com/watch?v=T-ikubT1sq0
شهاب حسینی، بهرام رادان، مهتاب کرامتی در فیلم رستگاری در هشت و بیست دقیقه,https://www.youtube.com/watch?v=AFZU5bff96w
نمایش عاشقستان، یک تئاتر متفاوت - Iranian Theater Ashegistan,https://www.youtube.com/watch?v=CoKbrsn7XmU
فیلم جدید بدون الکل (بدون سانسور) - Alcohol free Film Irani With English Subtitles,https://www.youtube.com/watch?v=8WWhzSq2cks
شاید برای شما هم اتفاق بیفتد مجموعه ایرانی - این قسمت داوری (قسمت هفتم),https://www.youtube.com/watch?v=o57beoODKVU
سریال ژانر ترسناک و معمایی/سریال جدید احضار قسمت سیزدهم - مع دبلجة عربية,https://www.youtube.com/watch?v=kmr_2wVw6hw
این بچه ی اونا بود چرا کشتیش؟😞,https://www.youtube.com/watch?v=BFseXHF3v2U
فیلم قدیمی مجسمه با بازی زنده یاد امین تارخ و ثریا قاسمی - Mojasame Persian Movie,https://www.youtube.com/watch?v=WHaCS-h2IGE
پشت صحنه فیلم نهنگ عنبر 😉 - Nahange Anbar Persian Movie,https://www.youtube.com/watch?v=X3HQ0DMn4B0
فیلم جدید ایرانی با کیفیت فول اچ دی - فیلم جدید فروزان,https://www.youtube.com/watch?v=0MsjLAHWFak
سریال شاید برای شما هم اتفاق بیفتد - این قسمت دست شیطان (قسمت ششم),https://www.youtube.com/watch?v=Kor-9MmqxXE
المسلسل الإيراني أختار مدبلج للعربية - سریال ایرانی ترسناک احضار با بازی آرش مجیدی (قسمت ۱۲),https://www.youtube.com/watch?v=mwoq63jAmdk
فیلم کمدی و قدیمی تحفه ها با بازی مهدی فتحی، سعید پورصمیمی، حمید جبلی، جمشید مشایخی,https://www.youtube.com/watch?v=qp7CdRGDkoU
فیلم کوتاه استخوان ، داستان آشکار شدن یک راز مهم,https://www.youtube.com/watch?v=ABpp6aWtzgM
شاید برای شما هم اتفاق بیفتد - قسمت جدید قرار عاشورا (قسمت پنجم),https://www.youtube.com/watch?v=j_ku9TrK1Z0
سریال جدید ایرانی در ژانر ترسناک و معمایی/سریال احضار قسمت یازدهم - Seriale Ehzar,https://www.youtube.com/watch?v=cWggJxsJAO0
فیلم درام جنگی گل نرگس - Iranian Drama Movie narcissus flower,https://www.youtube.com/watch?v=GSxZWkDxxJs
نمایش جذاب و نوستالژی اتاق مشاوره (تئاتر) - Irani theater Consulting room,https://www.youtube.com/watch?v=zUtjmj_bkO8
😁😂 پشت صحنه چپ کردن ارسطو در سریال کمدی ایرانی پایتخت,https://www.youtube.com/watch?v=7fA4y8Ogs4c
سریال ایرانی ترسناک احضار با بازی آرش مجیدی (قسمت دهم) - مع دبلجة عربية,https://www.youtube.com/watch?v=WouTdjOkYAI
فیلم کمدی سلام نابغه با بازی شهرام قائدی، رامین ناصر نصیر و مهران رجبی - comedy movie salam nabeghe,https://www.youtube.com/watch?v=Od62moEuJHk
پرچم دشمن شرت ماست😂,https://www.youtube.com/watch?v=cVGzquvEXJU
شاید برای شما هم اتفاق بیفتد قتل مکن - قسمت جدید قتل مکن (قسمت چهارم),https://www.youtube.com/watch?v=a3xBuGNMcsg
فیلم ایرانی بادیه نشین - Badiyeh Neshin Persian Short Film,https://www.youtube.com/watch?v=bIajBTsLgiM
نمایش کمدی «زن کشی» به کارگردانی علی برجی (تئاتر زن کشی) - iranian theater Femicide,https://www.youtube.com/watch?v=uasOR17qThQ
المسلسل الإيراني أختار مدبلج للعربية - سریال ایرانی ترسناک احضار با بازی آرش مجیدی (قسمت نهم),https://www.youtube.com/watch?v=KOyrXhz-JDE
الان یک ساله میگذره، ولی من هنوز با سوالای تو ذهنم تنها موندم! 😢🥹,https://www.youtube.com/watch?v=kb9ecAWhneg
مرجانه گلچین در فیلم پلیسی متهم | Accused movie,https://www.youtube.com/watch?v=_bg4sIlXt8M
شاید برای شما هم اتفاق بیفتد - این داستان کنترل (قسمت سوم),https://www.youtube.com/watch?v=sUrUca3d7-I
تئاتر درام آواز قو با نویسندگی آنتوان چخوف - Drama Theater Swan song,https://www.youtube.com/watch?v=NN-LAMPMEHo
سریال ایرانی ترسناک احضار با بازی آرش مجیدی (قسمت هشتم),https://www.youtube.com/watch?v=QSIqYCNveiI
جاده آسمان فیلم ایرانی با بازی اکبر عبدی، بابک حمیدیان و نیکو خردمند - jade-aseman Film Irani,https://www.youtube.com/watch?v=7KPa_YgTLLQ
سریال ایرانی شاید برای شما هم اتفاق بیفتد (قسمت دوم - غزلی که شیطان به نام من سرود),https://www.youtube.com/watch?v=EvfCpbnObtE
فیلم جدید ابراهیم - Film Irani Full HD,https://www.youtube.com/watch?v=pt6sP0mZmNQ
فیلم جدید تک تیرانداز | The Sniper Movie With English Subtitles,https://www.youtube.com/watch?v=DhxcYvzD2SY
المسلسل الإيراني أختار مدبلج للعربية - قسمت هفتم سریال ترسناک و معمایی احضار,https://www.youtube.com/watch?v=pNpV0TErksg
قسمت آخر سریال هفت - سریال جنجالی و دیدنی سریال هفت (قسمت یازدهم - پایان فصل اول),https://www.youtube.com/watch?v=HWF3YGCuGxY
مجموعه ایرانی شاید برای شما هم اتفاق بیفتد (قسمت اول - فردایی بهتر),https://www.youtube.com/watch?v=x8k_Ak00O_4
تیزر سریال جدید جنایی/درام هفت قسمت آخر,https://www.youtube.com/watch?v=sTgvLVhLEl8
بالین فیلم جدید ایرانی با کیفیت فول اچ دی - Baalin Persian Movie,https://www.youtube.com/watch?v=W8Sqy2pXtNQ
سریال ژانر ترسناک و معمایی/سریال جدید احضار قسمت ششم - مع دبلجة عربية,https://www.youtube.com/watch?v=PKPZ6vW7ONI
عليرضا كمالی‌نژاد در فیلم سینمایی تمتع | enjoyment movie,https://www.youtube.com/watch?v=d5zQuASc2bc
نمایش مردی که سگ شد (تئاتر ایرانی با نویسندگی اسوالدو دراگوین) A man who became a dog theater,https://www.youtube.com/watch?v=zhVmuRjcwUo
بایرن مونیخ فیلم جدید ایرانی - FC Bayern Munich,https://www.youtube.com/watch?v=sZiuLeOm8k8
قسمت آخر سریال ایرانی روز حسرت - Rooze Hasrat Serial Irani,https://www.youtube.com/watch?v=SRWAQpjXVzw
جمشید مشایخی در فیلم سینمایی سایه های غم | Shadows of sadness Movie,https://www.youtube.com/watch?v=9FtG0mt9CyY
المسلسل الإيراني أختار مدبلج للعربية - سریال ایرانی ترسناک احضار با بازی آرش مجیدی (قسمت پنجم),https://www.youtube.com/watch?v=35bc7wvX0I4
وقتی روت نمیشه راجع به قیافش نظر بدی😂,https://www.youtube.com/watch?v=hmhQwHMIH3s
Rooze Hasrat Persian Serial - قسمت نوزدهم سریال روز حسرت,https://www.youtube.com/watch?v=pARq4fQqvjM
مهناز افشار، مصطفی زمانی، باران کوثری در فیلم قصه پریا - Gheseye Pariya,https://www.youtube.com/watch?v=kPQlfB8_3KM
المسلسل الإيراني أختار مدبلج للعربية - قسمت چهارم سریال ترسناک و معمایی احضار,https://www.youtube.com/watch?v=weaKM3aPOr8
آنونس خانه های بی سقف - فیلم جدید ایرانی با کیفیت فول اچ دی,https://www.youtube.com/watch?v=0gVGCAkjS_Q
فیلم پلیسی خشاب خالی | Empty Magazine Film Irani,https://www.youtube.com/watch?v=SFepLHmQwJQ
قسمت هجدهم سریال ایرانی روز حسرت - Rooze Hasrat Persian Serial,https://www.youtube.com/watch?v=o5pTs0WqIjY
وقتی باران می بارد فیلم ملو درام ایرانی - Vaghti Baran Mibarad,https://www.youtube.com/watch?v=Egl5s9pVK5Y
امان از رفیقای خالی بند 🤣😉,https://www.youtube.com/watch?v=W1OM2hVYQ_c
سریال جدید ایرانی در ژانر ترسناک و معمایی/سریال جدید احضار قسمت سوم - Seriale Ehzar,https://www.youtube.com/watch?v=dsU2wEkGVng
خانه های بی سقف فیلم جدید و با کیفیت ایرانی - Roofless Houses Film,https://www.youtube.com/watch?v=57Vz6yD69eg
سریال نوستالژی روز حسرت با بازی لیندا کیانی، پوریا پورسرخ (قسمت هفدهم),https://www.youtube.com/watch?v=ajAU2bReSJo
بفرست برای رفیقای زبون بازت😂,https://www.youtube.com/watch?v=2HEy1bDGdGE
سریال ایرانی ترسناک احضار با بازی آرش مجیدی (قسمت دوم),https://www.youtube.com/watch?v=UrssgUdo1G8
داستان این فیلم بر اساس یک رویداد واقعی است - لیلا حاتمی، حمید فرخ نژاد در فیلم معروف ارتفاع پست,https://www.youtube.com/watch?v=iyj6Y4tP1cs
Rooze Hasrat Persian Serial - قسمت شانزدهم سریال روز حسرت,https://www.youtube.com/watch?v=AVnM05wEKAE
ذهن خاموش فیلم معمایی و پلیسی با بازی علیرضا کمالی - Zehne Khamoosh Persian Movie,https://www.youtube.com/watch?v=EUtX9ikYFoc
قسمت اول سریال ترسناک و معمایی احضار (مع دبلجة عربية),https://www.youtube.com/watch?v=BxVAU9sE17g
فیلم ایرانی تیغ و ترنج با بازی رامتین خداپناهی، عنایت بخشی - Tigh o Toranj Persian Movie,https://www.youtube.com/watch?v=sFxxYPi6bWs
افسانه بایگان، فرامرز قریبیان در سریال روز حسرت - قسمت پانزدهم,https://www.youtube.com/watch?v=40PConPib80
میخوای فوتش کنم ؟😂,https://www.youtube.com/watch?v=uZrK9nAC3-k
قسمت جدید سریال هفت - سریال جنجالی و دیدنی سریال هفت (قسمت دهم),https://www.youtube.com/watch?v=L_Kn7GV2RHk
تیزر ماجراهای حنجره طلا - مجموعه انیمیشن ایرانی,https://www.youtube.com/watch?v=kkpG6GBVZwg
قسمت چهاردهم سریال ایرانی روز حسرت - Rooze Hasrat Persian Serial,https://www.youtube.com/watch?v=-eUqsXBzhcY
فیلم جدید ایرانی اینترنت نامحدود - Iranian movie unlimited internet,https://www.youtube.com/watch?v=eITLRw5gdac
Rooze Hasrat Persian Serial - قسمت سیزدهم سریال روز حسرت,https://www.youtube.com/watch?v=NB5pauzN30E
بازگشت، فیلم جدید و رازآلود - Iranian move Return,https://www.youtube.com/watch?v=Z0CNaP8dchM
آقا خشایار خیلی نگران سلامتیشه😁🤣,https://www.youtube.com/watch?v=qie61Suuvag
جلال مقامی در فیلم سینمایی ایرانی زنگ اول | First Time Movie,https://www.youtube.com/watch?v=jR-hwsqN3BY
قسمت دوازدهم سریال ایرانی روز حسرت - Rooze Hasrat Persian Serial,https://www.youtube.com/watch?v=bUe56nHU-E0
فیلم جنگی آنسوی رودخانه -  War Movie across the river,https://www.youtube.com/watch?v=YHgr8sxEWv0
میم مثل مادر با بازی گلشیفته فراهانی، سحر دولتشاهی و جمشید هاشم پور,https://www.youtube.com/watch?v=yyuL01fm5jg
افسانه بایگان، فرامرز قریبیان در سریال روز حسرت - قسمت یازدهم,https://www.youtube.com/watch?v=o1hdytxvkVs
مهدی هاشمی، فاطمه معتمدآریا در فیلم کمدی و درام همسر - Hamsar Persian Movie,https://www.youtube.com/watch?v=ozvjIaUkQHQ
خانم شیرزاد منشی جدیدمون 😉,https://www.youtube.com/watch?v=G7v9E89hI-M
برادرفیلم جدید ایرانی - Brother Persian Movie With English Subtitle,https://www.youtube.com/watch?v=GypCRaPeZq4
Rooze Hasrat Persian Serial - قسمت دهم سریال روز حسرت,https://www.youtube.com/watch?v=_9jlxVimBCM
افتتاح استخر بین المللی 😂😉,https://www.youtube.com/watch?v=oPznhPOk0B4
فیلم ایرانی تپش - Tapesh Persian Film Irani,https://www.youtube.com/watch?v=-PtKWlBWNQg
حمید جبلی در سینمایی گربه آوازه خوان | Singing Cat Movie,https://www.youtube.com/watch?v=jjTz9GRmJmY
سریال نوستالژی روز حسرت با بازی لیندا کیانی، پوریا پورسرخ (قسمت نهم),https://www.youtube.com/watch?v=iFcY5k5AA54
احمد نجفی روایتگر فیلم جدید «اُپاتان» شد/ قصه‌ای که در سال 59 می‌گذرد,https://www.youtube.com/watch?v=_QLGqSKVnZ4
رابطه مادری با فرزندش در آستانه 18 سالگی، فیلم ایرانی اول پاییز با بازی رویا افشار,https://www.youtube.com/watch?v=6gnJ2vVQQdM
جواد عزتی، نگار جواهریان و سحر دولت شاهی در فیلم طلا و مس,https://www.youtube.com/watch?v=xqQWafc07wo
قسمت هشتم سریال ایرانی روز حسرت - Rooze Hasrat Persian Serial,https://www.youtube.com/watch?v=UTZ8igw5fSg
تا اینجاشو میدونیم چی شد ولی بقیشو...,https://www.youtube.com/watch?v=iBegiF5R-dA
قسمت نهم سریال هفت - Serial Haft,https://www.youtube.com/watch?v=7DtEnyRGzt8
تیزر سریال جدید جنایی/درام هفت قسمت نهم,https://www.youtube.com/watch?v=tJEqA1Fk6GY
فیلم درام دلشوره با بازی فرشته سرابندی - Delshoore Persian Movie,https://www.youtube.com/watch?v=vI7iVnIHdk4
Rooze Hasrat Persian Serial - قسمت هفتم سریال روز حسرت,https://www.youtube.com/watch?v=KDJe9PKQPfk
من زمین را دوست دارم فیلم کمدی قدیمی به نویسندگی پیمان قاسم‌خانی,https://www.youtube.com/watch?v=3jPEmc5XnMg
قسمت ششم سریال ایرانی روز حسرت - Rooze Hasrat Persian Serial,https://www.youtube.com/watch?v=S5Ay7yeK6Ak
بهتاش دیگه اون بهتاش سابق نمیشه😂,https://www.youtube.com/watch?v=Bu-MAqHUnTc
سعید چنگیزیان در فیلم پلیسی پیله آهنی - Pile Ahani Persian Policy Movie,https://www.youtube.com/watch?v=6n3ztuJBxUI
آرداک فیلم جدید ایرانی - Ardak Persian Movie,https://www.youtube.com/watch?v=T5mFh5ldVTU
قسمت آخر سریال بازی با مرگ - Bazi Bar Marg Series,https://www.youtube.com/watch?v=KJr0-ltlh3Q
سریال نوستالژی روز حسرت با بازی لیندا کیانی، پوریا پورسرخ (قسمت پنجم),https://www.youtube.com/watch?v=OvXOGrdw-B4
فرشته صدرعرفایی، در فیلم درام زیر نور ماه - Zire Noore Mah,https://www.youtube.com/watch?v=egkQdHrYmGo
باران آهسته می بارد فیلم جدید ایرانی - Baran Aheste Mibarad,https://www.youtube.com/watch?v=LRCkhUmSTH0
سریال هفت هر چی میگذره ازش جنجالی تر میشه !!!,https://www.youtube.com/watch?v=dlFfGLmQA9M
قسمت شانزدهم سریال «بازی با مرگ» یکی از پرچمداران ژانر پلیسی - Serial Irani,https://www.youtube.com/watch?v=FIqVLcdLPow
زنده یاد فتحعلی اویسی و رضا صفایی پور در فیلم اکشن ایرانی حادثه در کندوان,https://www.youtube.com/watch?v=LkLVIRacz3I
افسانه بایگان، فرامرز قریبیان در سریال روز حسرت - قسمت چهارم,https://www.youtube.com/watch?v=h-cb6btTa08
اونا موهای چی بود دیگه؟😂🤢,https://www.youtube.com/watch?v=V5oFa2c7ilA
آتن فیلم جدید ایرانی با بازی نادر فلاح - Athen Persian Movie,https://www.youtube.com/watch?v=dDwjLwPgm7I
یه پسر خوب، مثل دختراااا گریه نمیکنه!!!,https://www.youtube.com/watch?v=wybdqGi8EPY
Cüneyt Arkın Iranli Seri - قسمت پانزدهم سریال بازی با مرگ,https://www.youtube.com/watch?v=FEfkesRhAvw
رخ بی رخ فیلم جدید ایرانی - Persian Movie Rokh Bi Rokh,https://www.youtube.com/watch?v=q6zZ3HSD99k
Rooze Hasrat Persian Serial - قسمت سوم سریال روز حسرت,https://www.youtube.com/watch?v=xR6jkQH_EXc
قسمت آخر پدر گواردیولا - Pedar Guardiola Persian Serial,https://www.youtube.com/watch?v=w8MPzusXZyw
تیزر قسمت آخر سریال پدر گواردیولا (فصل دوم),https://www.youtube.com/watch?v=9GD71QyyjsQ
چه جوری اینجوری شد!؟!,https://www.youtube.com/watch?v=MvhuQ_XVz44
سعید پورصمیمی و زنده یاد فتحعلی اویسی در فیلم سینمایی کمدی هی جو - Hey Joe Persian comedy Movie,https://www.youtube.com/watch?v=4YaC9IyCiQw
ایوب فیلم جدید ایرانی با بازی نادر فلاح - Athen Persian Movie,https://www.youtube.com/watch?v=I6ChqqmMtt8
قسمت چهاردهم سریال «بازی با مرگ» یکی از پرچمداران ژانر پلیسی - Serial Irani,https://www.youtube.com/watch?v=qZFrnhFUtr0
سریال نوستالژی روز حسرت با بازی لیندا کیانی، پوریا پورسرخ (قسمت دوم),https://www.youtube.com/watch?v=BpI22Dv7eek
کلنجار فیلم جدید ایرانی با پوریا رحیمی سام - Kalanjar Persian Movie With English Subtitle,https://www.youtube.com/watch?v=qriQpS6WED8
نقی مرز بین بهشت و جهنمو مشخص کرد😂,https://www.youtube.com/watch?v=GKVSA9llQWo
قسمت سیزدهم سریال «بازی با مرگ» با بازی جونیت آرکین - Cüneyt Arkın Serial Irani,https://www.youtube.com/watch?v=YkxtuYH8fTk
قسمت اول سریال ایرانی روز حسرت - Rooze Hasrat Persian Serial,https://www.youtube.com/watch?v=8ZOujZLLFFA
"قسمت هشتم سریال جدید هفت با بازی هانیه توسلی, امیر جعفری و نازنین بیاتی",https://www.youtube.com/watch?v=iEcvTsgr3DI
بهترین دکتر پروستات جهان😂,https://www.youtube.com/watch?v=2F5FN2JBcME
999999999 فیلم جدید ایرانی با کیفی فول اچ دی,https://www.youtube.com/watch?v=xkXgEKkf9pQ
Cüneyt Arkın Iranli Seri - قسمت دوازدهم سریال بازی با مرگ,https://www.youtube.com/watch?v=Xc5E1if1jxk
مرور خاطرات یه عشق قدیمی 🥹💕,https://www.youtube.com/watch?v=rI8Jr9zMrjo
قسمت یازدهم سریال «بازی با مرگ» با بازی جونیت آرکین - Cüneyt Arkın Serial Irani,https://www.youtube.com/watch?v=wSlD2S9YSLA
فیلم جدید راحیل روایت سکوتی ۲۵ ساله - Rahil Persian Movie,https://www.youtube.com/watch?v=3TeI7H7En8U
فیلم جدید پلیسی/جنایی مواجهه روایتگر یک پرونده کلاهبرداری و قتل - Movajehe Film Irani,https://www.youtube.com/watch?v=Fy0osncwjWw
وقتی نقی میخواد سارا و نیکا تنبیه کنه😁🤣,https://www.youtube.com/watch?v=RIAXqjF-MvM
پشـت صحنه فیلم سینمایی جدید رها و انگشتر جادو - Behind the scenes of Raha and the magic ring,https://www.youtube.com/watch?v=vpAW57ON1lI
میکس خنده دارترین و باحال ترین سکانس های فیلم های ایرونی 😉,https://www.youtube.com/watch?v=jQh6HhPI-fQ
Cüneyt Arkın Iranli Seri - قسمت دهم سریال بازی با مرگ,https://www.youtube.com/watch?v=R5CxBzLsQDI
فیلم پلیسی مسلوب با کیفیت عالی و بالا - Masloob Persian Policy Film,https://www.youtube.com/watch?v=yQeZ6RzuxqQ
امضاء فیلم جدید ایرانی با بازی مریم بوبانی,https://www.youtube.com/watch?v=boAWVI7JNG8
داستان واقعی فیلم جنگی دریادلان - Dariyadelan Iranian movie,https://www.youtube.com/watch?v=wPFHSTl-cwM
قسمت نهم سریال «بازی با مرگ» با بازی جونیت آرکین - Cüneyt Arkın Serial Irani,https://www.youtube.com/watch?v=6i_Dr434Ghg
فیلم بسیار زیبای علفزار - Alafzar Film Irani,https://www.youtube.com/watch?v=gfc6pt027wQ
تعقیب و گریز مامان خانومی🤣 مامان خانومی لو رفت🤦‍♂️😅,https://www.youtube.com/watch?v=JJPK-KF0HXE
براساس داستان واقعی، فیلم جدید پلیسی کدر - Police movie Keder,https://www.youtube.com/watch?v=bWEjlKOJGEY
رضا عطاران ترکید!😂,https://www.youtube.com/watch?v=CnYOtasa6dM
مامان خانومی میخواد بره مشهد - این سکانس آخر خندست، تا آخرشو ببینین😂😆,https://www.youtube.com/watch?v=oUuAN535DjA
قسمت هشتم سریال «بازی با مرگ» یکی از پرچمداران ژانر پلیسی - Serial Irani,https://www.youtube.com/watch?v=glsh0OwTsDg
"December 27, 2023",https://www.youtube.com/watch?v=YM9rcmq8yYU
قسمت دهم سریال پدر گواردیولا (فصل دوم) - Pedar Goardiula,https://www.youtube.com/watch?v=a8iZoSXjVfQ
فیلم جدید ایرانی 1402- فیلم جدید ناچاری با بازی امیرمحمد زند - Nachari Persian Movie,https://www.youtube.com/watch?v=CDF1HD0GqXs
مجلس ختنه سورون بهروز با سکانس های رقص سانسور شده😍🕺🏻,https://www.youtube.com/watch?v=mcnGDgbXn4Y
تیزر قسمت جدید سریال پدر گواردیولا (فصل دوم) - قسمت دهم,https://www.youtube.com/watch?v=oUISAgL13WE
تیزر فیلم جدید ایرانی ناچاری - Nachari Persian Movie,https://www.youtube.com/watch?v=healZSDKbM0
Cüneyt Arkın Iranli Seri - قسمت هفتم سریال بازی با مرگ,https://www.youtube.com/watch?v=dnondj_Z_z8
فیلم پلیسی و اکشن انتخاب ویژه با داستانی جالب و جنجالی - Entekhab Vizhe Film Irani,https://www.youtube.com/watch?v=6sSYUj6iU6M
"December 26, 2023",https://www.youtube.com/watch?v=yhKv7ECXZgg
فیلم توقیف شده پیشخدمت - فیلم ایرانی پیشخدمت پس از ۵ سال منتشر شد - Film Irani Waiter,https://www.youtube.com/watch?v=aFHO2bBDfM0
از فهیمه دهن لق تر داریم مگه؟!,https://www.youtube.com/watch?v=4m8JRvCIlzs
😉🥰خنده دار ترین سکانس های فیلم های ایرانی رو از اینجا ببین,https://www.youtube.com/watch?v=pEvC4oZ-fj0
قسمت ششم سریال «بازی با مرگ» با بازی جونیت آرکین - Cüneyt Arkın Serial Irani,https://www.youtube.com/watch?v=U0fNA9TM7lw
فیلمی براساس داستان واقعی - امین حیایی، نسرین مقانلو، افسانه بایگان در فیلم پی 22,https://www.youtube.com/watch?v=OdbX0mM7OMA
ما یه گروه هفت نفره‌ایم، کلمبیارو آوردیم براتون🤌🏻👌🏻,https://www.youtube.com/watch?v=8-kBMMTZQro
قسمت جدید سریال هفت - سریال جنجالی و دیدنی سریال هفت (قسمت هفتم),https://www.youtube.com/watch?v=ccJ3RVF1Udk
جواد عزتی، نگار جواهریان و سحر دولت شاهی در فیلم طلا و مس با زیرنویس انگلیسی,https://www.youtube.com/watch?v=k7wK1UALP1s
تیزر سریال جدید جنایی/درام هفت قسمت پنجم,https://www.youtube.com/watch?v=84gBeHK_4Wc
قسمت پنجم سریال «بازی با مرگ» یکی از پرچمداران ژانر پلیسی - Serial Irani,https://www.youtube.com/watch?v=PbrTL53VLhI
مستند جدید و جنجالی «خوره» درباره وقایع دی‌ماه ۹۶ ساخته شده است - مستند ایرانی خوره,https://www.youtube.com/watch?v=oOyE3VENBWA
مهران غفوریان، مجید واشقانی در فیلم ایرانی دل سپرده - Del Sepordeh Film,https://www.youtube.com/watch?v=WtJZLv50EAI
فیلمی براساس داستان واقعی - فیلم جدید باگ/ژانر جنایی,https://www.youtube.com/watch?v=Uu7MQiIvlqY
کباب شدن بابا پنجعلی😂,https://www.youtube.com/watch?v=hvEn4vzuZJg
با من حرف بزن فیلمی درام، پلیسی با کیفیت فول اچ دی به همراه زیرنویس انگلیسی,https://www.youtube.com/watch?v=K-uJOCP1ZUE
😂🤣 باید بری مسجد بشی دیگه!!! برو حالشو ببر😂,https://www.youtube.com/watch?v=ZcW63FOyEco
میگه رضا عطارانم، هنرمند.مهران مدیری میگه هنردوست بودی که، عطاران میگه خوب آدم باید پیشرفت کنه🤣😂,https://www.youtube.com/watch?v=Hkixs1jR-BQ
آب یخ فیلم مستند جدید ایرانی,https://www.youtube.com/watch?v=bs8BX4jtxyM
Cüneyt Arkın Iranli Seri - قسمت چهارم سریال بازی با مرگ,https://www.youtube.com/watch?v=p_0beUCoIbw
تیزر فیلم کمدی ورود و خروج ممنوع با بازی علی صادقی، اکبر عبدی و ....,https://www.youtube.com/watch?v=zU_C4TuusNM
فیلم جدید یک ماه دوسـت داشتنی - Iranian Movie Yek mahe Dost Dashtanai,https://www.youtube.com/watch?v=t2RLxxP8tTY
تیزر فیلم جدید ایرانی ناچاری - Nachari Persian Movie,https://www.youtube.com/watch?v=dVD3x3Eim3s
ترکیب علی صادقی، اکبر عبدی و محمدرضا شریفی نیا چی شده!!!!!,https://www.youtube.com/watch?v=VYRS1LyLdak
"""براساس داستان واقعی"" فیلم جدید پلیسی اسکیمر - Police movie Skimmer With English Subtitles",https://www.youtube.com/watch?v=Knqc_deNzVQ
فیلم جدید و مرموز سمفود - Iranian Movie Samfood,https://www.youtube.com/watch?v=tFYxcjJDu4Y
Cüneyt Arkın Iranli Seri - قسمت سوم سریال بازی با مرگ,https://www.youtube.com/watch?v=oM0w7C3H45k
فیلم جدید درام، تراژدی و جنایی بازنده - Iranian movie Loser With English Subtitles,https://www.youtube.com/watch?v=fYqut0E9OJQ
ماجرای یک «پرونده واقعی» فیلم شد/ فیلم پلیسی/جنایی و اکشن «لونه شغال» - Loone Shoghal,https://www.youtube.com/watch?v=OSbW0J-hZ58
نه نمرده، نشسته داره آب هویج میگیره🤣🤣,https://www.youtube.com/watch?v=ocS9oqqrsE8
راهکارهای خنده دار نقی برای راحت تر خوابیدن هما در سریال پایتخت 🤣,https://www.youtube.com/watch?v=VsoyggTqVYA
قسمت دوم سریال «بازی با مرگ» با بازی جونیت آرکین - Cüneyt Arkın Serial Irani,https://www.youtube.com/watch?v=sjmMbjIay2Y
فیلم جدید و جنگی چــشمان بیدار بمو - War Movie Cheshman Bidar Bamo,https://www.youtube.com/watch?v=ieooYO2GSck
فیلم ایرنی روز یلدا، شب چله، فیلم زیبا مخصوص شب یلدا برای شما عزیزان 💕 یلداتون مبارک 🎉🎊,https://www.youtube.com/watch?v=rMsw8NYICyU
قسمت نهم سریال پدر گواردیولا (فصل دوم) - Pedar Goardiula,https://www.youtube.com/watch?v=NVGcr4LYNGc
این آلات تو ایران ممنوعه ها😳😁,https://www.youtube.com/watch?v=hSOisef1_qs
فیلم کمدی ورود و خروج ممنوع با بازی علی صادقی,https://www.youtube.com/watch?v=Botlys74Zl8
قسمت اول سریال «بازی با مرگ» یکی از پرچمداران ژانر پلیسی با صدای ناصر طهماسب - Serial Irani,https://www.youtube.com/watch?v=CONV6V-_Ug8
فیلم یک شهر تنهایی، قصه یک عشق قدیمی - Iranian Movie A lonely city,https://www.youtube.com/watch?v=hMhJuhwm_XA
اوف!چه شاسی!چقدر خوبین شما خانم!!🤣😂,https://www.youtube.com/watch?v=HHlK1ISobXE
یعنی یه ثانیه هم نمیتونه دروغ نگه 🤣😂 یادش بخیر عارف لرستانی با مهران مدیری تو سریال ببخشید شما,https://www.youtube.com/watch?v=KN1jalv8Hzs
تیزر فیلم کمدی ورود و خروج ممنوع با بازی علی صادقی، اکبر عبدی و ....,https://www.youtube.com/watch?v=t9uT-BoRGV4
قسمت ششم سریال جذاب و دیدنی هفت - Serial Haft,https://www.youtube.com/watch?v=FpgBsuIIgoM
فیلم جدید پلیسی/جنایی الف امنیت - Alefe Amniyat,https://www.youtube.com/watch?v=rs_jmV_QDF0
حمید استیلی و مهران مدیری تو سریال ببخشید شما چه جوون بودن!!!,https://www.youtube.com/watch?v=64npUE8Y0P0
جواد عزتی بد جوری ضایع شد😁😜,https://www.youtube.com/watch?v=_qysq34HYwU
قسمت دهم سریال پلیسی مزد ترس با بازی کیفیت بالا - Mozd Tars Serial,https://www.youtube.com/watch?v=iwBJRMsc-G4
سریال درام/حادثه ای/عاشقانه مینو با کیفیت عالی و بالا (بخش اول) - Minoo Serial Irani,https://www.youtube.com/watch?v=6jAES--2TyI
فیلم پلیسی و معمایی آخر بازی با بازی جنجالی محمد حاتمی - Akhar Bazi Policy Movie,https://www.youtube.com/watch?v=FwcDpSsoW1U
قسمت نهم سریال پلیسی مزد ترس با بازی کیفیت بالا - Mozd Tars Serial,https://www.youtube.com/watch?v=4xg-VX2Y9ls
خیلی باحاله این رادش👏🏻🤣👏🏻,https://www.youtube.com/watch?v=4ownMqWUOSY
میم مثل مادر، فیلمی درام با بازی گلشیفته فراهانی، سحر دولتشاهی و جمشید هاشم پور - Mim Mesle Madar,https://www.youtube.com/watch?v=M9tqb2bKEwU
تو این قسمت مهران مدیری استاد کلاس نقاشیه ولی هیچی بلد نیست بکشه!!!😂 اون آخرش خیلی باحاله 🤣😉,https://www.youtube.com/watch?v=Vi9cJUolXIQ
مسابقه ساعت خوش با رضا عطاران و مهران مدیری یه جور دیگه جذابه 💕,https://www.youtube.com/watch?v=pi25SZKPGvg
آموزش تیراندازی با نقی معمولی😂بابا پنجعلی کباب شد🤣,https://www.youtube.com/watch?v=zNFC0KP7gJw
قسمت هشتم سریال «مزد ترس» یکی از پرچمداران ژانر پلیسی - Mozd Tars Serial Irani,https://www.youtube.com/watch?v=iJSblNIf7mg
(بخش دوم) سریال ایرانی خانه سبز- Khane Sabz Serial Irani,https://www.youtube.com/watch?v=NCCEBC3MAYc
همه قسمت های سریال خاطره انگیز خانه سبز(بخش اول)- Khane Sabz Serial Irani,https://www.youtube.com/watch?v=tN1iphFIcAY
مدیری میگه شما چی کار داری من چی میگم!! جوابمو بده 🤣😂 کامیون هجده چرخ چندتا چرخ داره 😉🤣😂,https://www.youtube.com/watch?v=2gMuEIY50ro
قسمت هفتم سریال پلیسی/معمایی مزد ترس با بازی عبدالرضا اکبری، حمیده خیرآبادی و فریبرز عرب‌نیا,https://www.youtube.com/watch?v=e896eDcHGSo
بهتاش فیلم اکشن آمریکایی زیاد دیده😂,https://www.youtube.com/watch?v=EmkCBpicOlw
مستند جدید بی جا، روایت افراد بی خانمان در اطراف تهران - Iranian documentary out of place,https://www.youtube.com/watch?v=ILiIdJkNpHg
تیزر قسمت جدید سریال پدر گواردیولا (فصل دوم) - قسمت هشتم,https://www.youtube.com/watch?v=4i85CFrT44Q
مجموعه مستند داستان های ناگفته - قسمت چهارم ارتفاع پست - Mostanade Irani,https://www.youtube.com/watch?v=aFuV4mCsaeg
عبدالرضا اکبری، حمیده خیرآبادی و فریبرز عرب‌نیا در سریال مزد ترس (قسمت ششم),https://www.youtube.com/watch?v=KbKqM_Ryetc
یه مدیر به من نشون بده که این حرفارو نزنه 😁😂🤣,https://www.youtube.com/watch?v=yEOO3vJleSU
فیلم کمدی و باحال ده رقمی با بازی فوق العاده جواد رضویان - Dah Raghami Comedy Film,https://www.youtube.com/watch?v=lQj6ECiBn6U
مجموعه مستند داستان های ناگفته - قسمت سوم رویای آشفته - Mostanade Irani,https://www.youtube.com/watch?v=j5MGfNAR0LU
قسمت هشتم سریال پدر گواردیولا (فصل دوم) - Pedar Goardiula,https://www.youtube.com/watch?v=epyOjA0yYio
قسمت پنجم سریال پلیسی/معمایی مزد ترس با بازی عبدالرضا اکبری، حمیده خیرآبادی و فریبرز عرب‌نیا,https://www.youtube.com/watch?v=yB9-RqJeXI8
نقی دوباره ضایع شد 😂,https://www.youtube.com/watch?v=19k-yTJcTnY
مجموعه مستند داستان های ناگفته - قسمت دوم دروازه خوزستان - Mostanade Irani,https://www.youtube.com/watch?v=2dfoz6tovag
قسمت چهارم سریال «مزد ترس» یکی از پرچمداران ژانر پلیسی - Mozd Tars Serial Irani,https://www.youtube.com/watch?v=IbkGDrANipY
صادق بوقی 😅 او او او🤣😁,https://www.youtube.com/watch?v=-oFaOqlb57g
سریال محبوب و نوستالژی ساعت خوش - Saate Khosh Iran Series,https://www.youtube.com/watch?v=IQmY__Jl6_w
بر اساس داستان واقعی - فیلم درام کابوس در بیداری - Persian Drama Movies,https://www.youtube.com/watch?v=CqhA_XR-XcM
قسمت سوم سریال پلیسی مزد ترس با بازی کیفیت بالا - Mozd Tars Serial,https://www.youtube.com/watch?v=bOGdL8Xn-mE
Yahoo ya man la elaha elahoo 😉🤣 پسوردش رو ببین چی گذاشته آخونده,https://www.youtube.com/watch?v=JZklREe-B0U
سریال هفت/سریال جدید جنایی و درام هفت - قسمت پنجم سریال هفت - Seven Serial Irani,https://www.youtube.com/watch?v=Ql4NtFpg8kU
دوریمه !!! آمنو !!! چی میگه امیر جعفری آخه 🤣😂,https://www.youtube.com/watch?v=96LfxIx0AGs
مجموعه مستند داستان های ناگفته - قسمت اول - Mostanade Irani,https://www.youtube.com/watch?v=Fwm0MFxqKh8
قسمت چهارم سریال هفت - قسمت جنجالی و پر از اتفاقات غیر منتظره,https://www.youtube.com/watch?v=MVGC-H6ZY8Y
قسمت دوم سریال پلیسی/معمایی مزد ترس با بازی عبدالرضا اکبری، حمیده خیرآبادی و فریبرز عرب‌نیا,https://www.youtube.com/watch?v=DR18o2kK1EM
وقتی شنبه هرجوری شده باید بری سر کار 😂,https://www.youtube.com/watch?v=cENeqwj9tME
پخش زنده سریال نوستالژی و محبوب شب دهم - Shabe Dahom Live,https://www.youtube.com/watch?v=C6RIy6U9DWk
ساره بیات و ساعد سهیلی در فیلم جدید درام اتاق تاریک - The Dark Room Movie With English Subtitle,https://www.youtube.com/watch?v=KPsRCV6ge5A
قسمت اول سریال «مزد ترس» یکی از پرچمداران ژانر پلیسی با صدای ناصر طهماسب - Mozd Tars Serial Irani,https://www.youtube.com/watch?v=1u44rd5Jyf0
Jasoos Bazi Full Movie - فیلم پلیسی/جنایی جاسوس بازی,https://www.youtube.com/watch?v=b9IGGOhSk_Y
بهار بود، داغ بود، ماهم گرممون شده بود، دیگه خودتون بقیشو بهتر میتونین تخیل کنین😉,https://www.youtube.com/watch?v=PDyNIKdH1FE
فیلم جدید یل فام (مثل باد) - like the wind Iranian Movie,https://www.youtube.com/watch?v=0JH7yEfoTYA
تاکتیک داریم، استراژدی مستراژدی نداریم ما 🤣😁 امان از دست این امیر جعفری 😂,https://www.youtube.com/watch?v=7FdHsm1xukQ
تیزر فیلم کمدی جدید ویلای ساحلی - Villaye Saheli Comedy Film,https://www.youtube.com/watch?v=3C_y9Gl468M
فیلم جدید ایرانی پل - Bridge Persian Movie,https://www.youtube.com/watch?v=zjIAJFXYMcE
فیلم سینمایی پل با بازی علیرضا جلالی تبار، آزاده ریاضی - Iranian Movie Bridge,https://www.youtube.com/watch?v=BVidTDEfuf0
قسمت آخر سریال پلیسی و معمایی پازل - Puzzle Serial Irani,https://www.youtube.com/watch?v=feJsIrefZ8Y
جواد عزتی، امیر جعفری در بهترین و خنده دارترین فیلم کمدی اکسیدان با کیفیت بالا (فیلم توقیف شده),https://www.youtube.com/watch?v=lOIU5XaUj5M
حاج آقا تو خارج اشکال نداره؟؟😉,https://www.youtube.com/watch?v=alxGUdGnZSk
وقتی میخوای مشتری مداری کنی و هر جور شده جنستو به طرف برسونی,https://www.youtube.com/watch?v=KikrHJLK1SY
فیلم جدید 13769 به کارگردانی روزبه شعرای نجاتی - 13769 Movie,https://www.youtube.com/watch?v=pXLGjCUH7uk
هادی حجازی‌فر در فیلم اکشن و درام ایستاده در غبار - Istade Dar Ghobar,https://www.youtube.com/watch?v=dBbmol96Z_A
سریال پلیسی/معمایی پازل (قسمت چهارم) - Puzzle Serial Irani,https://www.youtube.com/watch?v=n_d1K6M2OMI
🤣😁 نقی رو بی آبرو کردن 😂,https://www.youtube.com/watch?v=kufJERH27DE
سریال پدر گواردیولا قسمت هفتم - Pedar Guardiola Iran Series,https://www.youtube.com/watch?v=A6P3dLa7cJk
تیزر قسمت جدید سریال پدر گواردیولا (فصل دوم),https://www.youtube.com/watch?v=6L1I4EeLQ14
فیلم جدید ایرانی تناوب - Short Film periodicity,https://www.youtube.com/watch?v=YsvHHJ7jUMo
ببین چند تا کار غیر اخلاقی میکنه؟!! جواد عزتی داره میشمره همشو 😂😁🤣,https://www.youtube.com/watch?v=hdSW50hoNww
قسمت سوم سریال پلیسی و معمایی پازل با بازی رضا کیانیان، آرش مجیدی، ماه‌چهره خلیلی,https://www.youtube.com/watch?v=zIrlbDp8_Vk
فیلم کمدی و خنده دار هم سایه ها با بازی هوتن شکیبا، امیرحسین رستمی و آناهیتا افشار - Comedy Irani,https://www.youtube.com/watch?v=6uYNcWGZ8mY
اگه راست میگی جلو دزدی رو برو بگیر,https://www.youtube.com/watch?v=QdwVlIws1ZI
فرشته حسینی و حامد رسولی در فیلم جدید درام تلقین - Willed Persian Movie,https://www.youtube.com/watch?v=9w06HGqdHfE
پژمان جمشیدی، رضا عطاران در فیلم کمدی جدید ویلای ساحلی - Beach villa,https://www.youtube.com/watch?v=eDvTnmEWzcU
فیلم ماه از روی سکو با بازی زنده یاد سیروس گرجستانی و محمد کاسبی,https://www.youtube.com/watch?v=ZaFRlfZ_c_0
سریال پلیسی/معمایی پازل (قسمت دوم) - Puzzle Serial Irani,https://www.youtube.com/watch?v=2QBOZYKqr8w
این شلواره یا یقه اسکی که اینقدر کشیدیش بالا؟😂,https://www.youtube.com/watch?v=pZsf1wZ0hiM
قسمت اول سریال پلیسی و معمایی پازل با بازی رضا کیانیان، آرش مجیدی، ماه‌چهره خلیلی,https://www.youtube.com/watch?v=WjgqHUrVzr4
یا خدا!!! این چه سوالیه آخه از یه آخوند میپرسه🤪😳,https://www.youtube.com/watch?v=HBBe0tkwZ-w
فیلم ترسناک من و شیطان - Horror Movie Me and Satan,https://www.youtube.com/watch?v=jxHvEJc4Mds
بچه ها فرنگی کارن 😂😂,https://www.youtube.com/watch?v=oihLzt2MuFk
فیلم کمدی و خنده دار آفتو جنگ شیراز با بازی زنده یاد سیروس گرجستانی و مریم امیرجلالی,https://www.youtube.com/watch?v=OU_GOY5TPqA
نخ یا یخ؟!؟! 🤣🤣,https://www.youtube.com/watch?v=170tdgNX9SM
فیلم جدید تک تیرانداز | The Sniper persian Movie With English Subtitles,https://www.youtube.com/watch?v=goDPfmGwPyE
خیانت علی انصاریان و سوتی هایی که میده 🤐,https://www.youtube.com/watch?v=upOUy0muaqo
قسمت آخر سریال پلیسی و جنایی سایبر - قسمت دوازدهم سریال جدید پلیسی سایبر,https://www.youtube.com/watch?v=UX85hPMaY4U
تلاش زیاد برای اینکه مواد بهش برسونن😂😂,https://www.youtube.com/watch?v=b9p1Z6o8lEk
سفر داوود فیلم درام و زیبا - حمید ابراهیمی، فهیمه مومنی در سفر داوود,https://www.youtube.com/watch?v=WO8QfkUgPUs
کل کل کردن یه دختر قرتی با یه بسیجی!!! شهاب حسینی تو این فیلم خیلی خوب نقش یه بسیجی رو بازی کرده👌👌,https://www.youtube.com/watch?v=T05kqxSJSQo
قسمت یازدهم سریال پلیسی، جنایی سایبر - Cyber Iran Series,https://www.youtube.com/watch?v=_Y4v_6tqL3Q
این صحنه از گلزار عالیه، یادش بخیر 😂🤣,https://www.youtube.com/watch?v=4MXlWaGo5_k
آشپزی علی انصاریان رو دیدی؟ تو بفرمایید شام ایرانی هم همینجور بود 😂,https://www.youtube.com/watch?v=iXjXZK911eg
بیتا فرهی: از من دیگه گذشته🥺🥺,https://www.youtube.com/watch?v=Rx6jDV-C7Po
کاتیوشا وارد میشود 🥸😎😂,https://www.youtube.com/watch?v=eJ-stisHR20
قسمت دهم سریال پلیسی، جنایی سایبر - Cyber Iran Series,https://www.youtube.com/watch?v=CMBKUe6hsEk
وقتی ارسطو ایستگاه نقی رو میگیره🤣😂,https://www.youtube.com/watch?v=DgZ0udEv47Q
سریال پدر گواردیولا قسمت ششم - Pedar Guardiola Iran Series,https://www.youtube.com/watch?v=heyfXu6pFgI
تیزر قسمت ششم سریال جدید پدر گواردیولا (فصل دوم),https://www.youtube.com/watch?v=RPCeqS4ZfBI
سوتی میده بـــــــــدجور😂😁 خوب معلومه عینکا زنونس که !!!!,https://www.youtube.com/watch?v=KrgyjidKjnQ
حالا چه شود فیلم ایرانی نوستالژی با بازی جمشید مشایخی - Iranian Movie Hala Che Shavad,https://www.youtube.com/watch?v=GHf5h3b3CjE
بوخوری شد 😂,https://www.youtube.com/watch?v=XcoUNMPE6-E
قسمت نهم سریال جدید جنجالی سایبر - با بازی قاسم زارع، شهروز ابراهیمی,https://www.youtube.com/watch?v=ZHZh1Ni2Dyo
ارشیا مهمون دعوت کرده خلیل گیر داده 😂,https://www.youtube.com/watch?v=6CGPtD5EWr8
بسیجی رفته کافی شاپ، آب شنگولی زد و .... 🤣😁,https://www.youtube.com/watch?v=eRuUBJ8hXOQ
قسمت هشتم سریال پلیسی، جنایی سایبر - Cyber Iran Series,https://www.youtube.com/watch?v=QJzBJuSsT8E
چمنه یا توپ تنیس🤣😂,https://www.youtube.com/watch?v=KVTUmK1lRTo
"قسمت سوم سریال جدید هفت با بازی هانیه توسلی, امیر جعفری و نازنین بیاتی",https://www.youtube.com/watch?v=nKmFEPFRPIo
خیابون ناااااز؟؟ همینجاست 😂,https://www.youtube.com/watch?v=ar8zvV5vuSI
تیزر سریال جدید جنایی/درام هفت قسمت سوم همین امشب ساعت 21/همراه ما باشید,https://www.youtube.com/watch?v=APtUJQY1FOc
رمز وایفای رو میدی؟ 😂,https://www.youtube.com/watch?v=LMc6lMwYkPA
سریال پلیسی جدید سایبر (قسمت هفتم) - Cyber Iran Series,https://www.youtube.com/watch?v=7waOAPcGlBE
جوووون، شهرک ناز همینجاس😂🤪😜,https://www.youtube.com/watch?v=tSmPUVbX_cE
بازمانده فیلم درام ایرانی براساس داستان واقعی - ماجرای جنگ اعراب و اسرائیل - English Subtitle,https://www.youtube.com/watch?v=ZULtOK_ziAo
پروانه معصومی 🥀,https://www.youtube.com/watch?v=_O1YnVmwsbA
زنده یاد پروانه معصومی 🥺🥀,https://www.youtube.com/watch?v=262x-mHKG2c
فیلم کمدی و خنده دار مهمان بابا - Comedy film mehman baba,https://www.youtube.com/watch?v=fX2NrXuUIOo
سریال پلیسی، جنایی سایبر (قسمت ششم) - Cyber Iran Series,https://www.youtube.com/watch?v=Sut8o5k1Jno
داره حواس خلبانو پرت میکنه🤣🤣🤣,https://www.youtube.com/watch?v=ktRoRyAMV7s
فیلم سینمایی خانواده کوچک ما - Khanevedaeh Kochak Ma Iranian Movie,https://www.youtube.com/watch?v=Lf5wUVTLukg
گلزار میاد امین حیایی رو آروم کنه خودش قاطی میکنه 😂😂,https://www.youtube.com/watch?v=A4MMYBXzgaw
بادام های تلخ فیلم جنایی با بازی فریبرز عرب نیا و امین حیایی - Badamhaye Talkh Iranian movie,https://www.youtube.com/watch?v=w5pewPu2I0U
سریال پلیسی و جنایی سایبر (قسمت پنجم) - Cyber Serial Irani,https://www.youtube.com/watch?v=vW7HS2Qelw0
زنده یاد بیتا فرهی در فیلم خاطره آن شب بارانی 🥹 خاطره شب بارانی با بازی سیامک صفری، آناهیتا افشار,https://www.youtube.com/watch?v=5SqiszS19R0
بیتا فرهی: این خیلی بده که آدم صبح نتونه از جاش بباد بیرون 🥺🥀,https://www.youtube.com/watch?v=eQ2uu1mmVm8
هیچ کسیو نداره؟ پا بوته؟ 😂,https://www.youtube.com/watch?v=_axY_r_0-cQ
قسمت هایی از حضور زنده یاد بیتا فرهی در فیلم  شیش و بش🥀🥺 روحش شاد و یادش گرامی🥀,https://www.youtube.com/watch?v=V3npV_WwinY
فیلم جدید اکشن و پلیسی جشن تولد با کیفیت بالا - جشن تولد براساس داستان واقعی,https://www.youtube.com/watch?v=hag_KhKJWpE
سریال پلیسی سایبر (قسمت چهارم) - Cyber Iran Series,https://www.youtube.com/watch?v=Ql_oI5IpwOM
فوتبالو تو این سنش ول نمیکنه🤣😁😂,https://www.youtube.com/watch?v=vJYC5WnCvf8
فیلم کمدی هیش با بازی جمشید جهانزاده، امیر غفارمنش، عباس جمشیدی فرد - Comedy Movie Hish,https://www.youtube.com/watch?v=LR5GXsZCrio
فوتبال بازی کردن خشایار مستوفی و غلام 😂⚽⚽,https://www.youtube.com/watch?v=xl0yhvYKLhU
خشایار و غلام شیش لول بند عالین 😂,https://www.youtube.com/watch?v=vaHWtx6T0rQ
شیپورچی فیلم کمدی جدید با بازی حسین مهری، حسین سلیمانی و عباس جمشیدی فرد - Filme Comedy Sheypourchi,https://www.youtube.com/watch?v=u-voxN7_O64
سریال پلیسی، جنایی سایبر (قسمت سوم) - Cyber Iran Series,https://www.youtube.com/watch?v=sg43z8ponhw
افتااااااد🤣🤣🤣🤣,https://www.youtube.com/watch?v=nktF1ppToeA
قسمت جدید سریال پدر گواردیولا/ قسمت پنجم سریال جدید پدرگواردیولا,https://www.youtube.com/watch?v=HGtSnU1qSrc
تیزر قسمت پنجم سریال جدید پدر گواردیولا (فصل دوم),https://www.youtube.com/watch?v=kbH480dBtCg
بهروز پاش شکسته خشایار بهش میگه خسارت بگیر از طرف 😂,https://www.youtube.com/watch?v=QAxdHaIewoQ
سریال پلیسی سایبر با بازی سارا منجزی (قسمت دوم) - Cyber Iran Series,https://www.youtube.com/watch?v=FYCDTPU4PIo
ورزش بابا پنج علی توی هواپیما😅😧,https://www.youtube.com/watch?v=sC8wmqEjhh4
از کی بپرسم؟ از خودم بپرسین 😁🤣 همینو گفتو خودشو تو دل مهران مدیری جا کرد 😁😁,https://www.youtube.com/watch?v=vNEEgwKcBJE
قسمت یک سریال سایبر/سریال پلیسی و هیجان انگیز - Cyber Iran Series,https://www.youtube.com/watch?v=nlyy7q0jDgk
فیلم ایرانی نزدیک تر بیا با بازی محمد کاسبی و سیروس همتی - Iranian Movie come closer,https://www.youtube.com/watch?v=Mtkx42mouaE
بابام حمومه😁 مامانت کجاس!؟!😜🤐,https://www.youtube.com/watch?v=KpCY9N9zkEI
"قسمت دوم سریال جدید هفت با بازی رضا کیانیان, علی مصفا و هانیه توسلی",https://www.youtube.com/watch?v=IBCAa9Ha6rE
تیزر سریال جدید جنایی/درام هفت قسمت دوم همین امشب ساعت 21/همراه ما باشید,https://www.youtube.com/watch?v=_D-HyXF9f94
مسابقه ساعت خوش رو یادتونه؟؟ مهران مدیری هر چی که رضا عطاران میگه رو قبول میکنه 😁😁,https://www.youtube.com/watch?v=XAgCHx7OzhM
روبرتو باگیو آخه !!! 🤣 گزارش مهران مدیری تو برنامه ساعت خوش 😁,https://www.youtube.com/watch?v=dN5Bw87djIU
مسابقه ساعت خوش رو یادتونه؟ این تیکش رو ببین عالیه 😍😂🤣,https://www.youtube.com/watch?v=lWRjM1XjaA8
احمدرضا عابدزاده و نیکو خردمند در فیلم عاشقانه و قدیمی ازدواج غیابی - Marriage in Absentee Film,https://www.youtube.com/watch?v=WxSL01LHI5M
"Amor mio, Dicaprio🤣🤣🤣",https://www.youtube.com/watch?v=VagDO2ArDq4
فیلم کمدی کاتیوشا با بازی احمد مهرانفر، هادی حجازی فر و بیژن بنفشه خواه - Katyusha With ENSUB,https://www.youtube.com/watch?v=jWFtHpYJz_c
از سری قوانین خانم شیرزاد 😁🤣,https://www.youtube.com/watch?v=rb7Qa12pPJI
فیلم جدید تک تیرانداز با بازی کامبیز دیرباز | The Sniper Iranian Movie With English Subtitles,https://www.youtube.com/watch?v=8wCRXg9tn3Y
مستند ایرانی و جدید بازمانده (روایت جودو کار ملی پوش ایران، محمد محمدی بریمانلو),https://www.youtube.com/watch?v=dXVk5GksEvk
من ایرانیارو به چلش دخالت نکردن تو زندگیم دعوت میکنم 😁🤐👌,https://www.youtube.com/watch?v=1XyMq92Arb0
تفسیر تابلو نفیس😁 ببینین چی میگه فقط🤣,https://www.youtube.com/watch?v=SUEceSrdxC4
فیلم پریناز (فیلم توقیف شده به مدت 7 سال) - فاطمه معتمدآریا، حمید فرخنژاد در فیلم پری ناز,https://www.youtube.com/watch?v=IOJxYvegqq4
سریال پدر گواردیولا قسمت چهارم - مهران مدیری، امیرمهدی ژوله و آرش عدل پرور,https://www.youtube.com/watch?v=Ue4QHtjGbC4
نبرد جذاب تک تیراندازهای ایرانی و عراقی در فیلم جنگی تک تیرانداز💣💣,https://www.youtube.com/watch?v=MqC18ldWTH4
وایـــــی این آهنگو گوش کن برو تو خاطرات بچگیت🥹🥰😍,https://www.youtube.com/watch?v=7WXjWRmN4G8
پاچه خاری برای مدیر عامل😁😁,https://www.youtube.com/watch?v=kvVGPvCggyM
فیلم جدید کمدی و خنده دار پارادایس با بازی جواد عزتی - Paradise Film Irani Comedy Film,https://www.youtube.com/watch?v=YhDplEII1pc
تیزر قسمت چهارم سریال جدید پدر گواردیولا (فصل دوم),https://www.youtube.com/watch?v=qB3f7DvmyiA
آسوده بخواب کوروش مستند سیاسی ایرانی - روایتی از ارتباط محمدرضا پهلوی شاه ایران با بحرین,https://www.youtube.com/watch?v=mITwgRg6wl4
فیلم اکشن مهاجران با بازی حسین پناهی و ابوالفضل پورعرب -  immigrants Movie,https://www.youtube.com/watch?v=7StLhf4oR-c
عجب صحنه دردناکی!!! جلو چشمات دوستتو از دست بدی 🥹😔🥹,https://www.youtube.com/watch?v=Dmxa3QKnbxY
شما بفرمایید بیرون!🤣🤣🤣 بد جوری ضایع شد جواد عزتی😁😜,https://www.youtube.com/watch?v=WwtysUv1MVM
فیلم طلای سیاه با کیفیت بالا - حسام نواب‌صفوی، محمدرضا شریفی‌نیا در فیلم طلای سیاه,https://www.youtube.com/watch?v=KjP10k5umHE
همه چیز از «ساعت خوش» شروع شد 🥰😍 این سکانسو ببین و برو تو خاطرات بچگیت 😉,https://www.youtube.com/watch?v=pT1sk3zO-v4
سریال هفت(قسمت اول)سریال جدید جنایی و درام هفت با بازی نیکی کریمی، امیر جعفری و بابک حمیدیان,https://www.youtube.com/watch?v=7HkIP4nnsQY
دهن منو کسی بو نمیکنه که 😁😋,https://www.youtube.com/watch?v=kyfy9DhZCds
پژمان بازغی، سحر قریشی، شاهرخ استخری در فیلم ساعت شلوغی - Persian Movie Saate Sholooghi,https://www.youtube.com/watch?v=Mc_59mnaXwU
علی صادقی رمزی صحبت میکنه 😂😂💣🍅,https://www.youtube.com/watch?v=FYbx0faU5e8
تیزر سریال جدید جنایی/درام هفت قسمت اول همین امشب/همراه ما باشید,https://www.youtube.com/watch?v=hHerkgTDlXw
قسمت آخر سریال جنجالی و دیدنی محرمانه - Mahramaneh Iran Series,https://www.youtube.com/watch?v=Kz4xsB6-gJE
خارشونو خفیفشون میکنیم😁🤐,https://www.youtube.com/watch?v=UyNcEBOYNMw
این سکانس دست و پا زدن برای زنده موندن یک زن افغان رو نشون میده 😔🥹,https://www.youtube.com/watch?v=eJMVdr9-C_0
فیلم جدید تک تیرانداز با بازی کامبیز دیرباز | The Sniper Iranian Movie With English Subtitles,https://www.youtube.com/watch?v=vRVCITsDKEk
فیلم جدید صدای منو میشنوید براساس داستان واقعی، با بازی پرویز پورحسینی - Persian Movie,https://www.youtube.com/watch?v=arFzNBP-jhU
یکی نفس دهان به دهان بده😂🤣😁,https://www.youtube.com/watch?v=GI3U2MbUIm0
تیزر سریال جدید جنایی - درام هفت - به زودی از کانال Top Persian Movies,https://www.youtube.com/watch?v=Vlc1x7nOJ9E
جمشید مشایخی، داریوش اسدزاده و محمد کاسبی در فیلم زیبای رفقای خوب,https://www.youtube.com/watch?v=rFfcxd7aRPM
ارژنگ دنبال بهونس، همش بره خونه رویا🤣🤣😂,https://www.youtube.com/watch?v=g-f3Sg_KgXM
قسمت آخر(قسمت پانزدهم) سریال نوستالژی افسون با بازی حدیث فولادوند | Afsoon Serial Irani,https://www.youtube.com/watch?v=s5V7HfA77oE
مرثیه ای برای یک رویا - مستند جدید ایرانی - Mostanade Irani,https://www.youtube.com/watch?v=KSgwxSBSekM
آدم رو عکس باباش سیبیل میکشه؟ 😅,https://www.youtube.com/watch?v=6UiIWccoAzA
فیلم کمدی جدید کلوپ همسران با بازی زنده یاد علی انصاریان، بیژن بنفشه خواه,https://www.youtube.com/watch?v=GP3HXdwek5c
فردای پنجشنبه شب نود درصد ما ایرانیا 🤣🤢🤮🤣,https://www.youtube.com/watch?v=T9L6Uqg53L0
سریال نوستالژی افسون با بازی رامبد شکرآبی و حدیث فولادوند قسمت چهاردهم | Afsoon Serial Irani,https://www.youtube.com/watch?v=_k4lNvaxKVM
مهران مدیری و سوالای جنجالیش اینبار در برنامه 90 شب 😅,https://www.youtube.com/watch?v=ATNtaUHEcxU
قسمت سوم سریال پدر گواردیولا (فصل دوم) - Pedar Goardiula,https://www.youtube.com/watch?v=5BHSqvltntA
بوس موس تعطیله 😂😁🤣,https://www.youtube.com/watch?v=o4_2NmvmrS8
بهرام رادان، الناز شاکردوست در فیلم پلیسی، جنایی کارناوال مرگ - Karnavale Marg Film Irani,https://www.youtube.com/watch?v=nBYkWK0HxfU
قسمت سیزدهم سریال نوستالژی افسون با بازی رامبد شکرابی و زهره حمیدی | Afsoon Serial Irani,https://www.youtube.com/watch?v=Z9P3F2OVXns
منم اسمم بیتاس ولی پسرا سال هاست صدام نمیکنن 😅,https://www.youtube.com/watch?v=0pE73D9DUis
فیلم مستند سرزمین گمشده - برنده سيمرغ بلورين بهترين فيلم مستند,https://www.youtube.com/watch?v=6xuA7MdpEKo
هنگامه قاضیانی/من وقتی بچم مرد، مست بودم!!!,https://www.youtube.com/watch?v=GQH8bqD00RU
سریال نوستالژی افسون با بازی ایرج راد و حدیث فولادوند قسمت دوازدهم  | Afsoon Serial Irani,https://www.youtube.com/watch?v=lDxZqe22lLA
تیزر قسمت سوم سریال جدید پدر گواردیولا (فصل دوم),https://www.youtube.com/watch?v=9nFRoEdMQsM
قسمت ۲۳ سریال جدید پلیسی و معمایی محرمانه - پخش همزمان - Mahramaneh Serial,https://www.youtube.com/watch?v=FrxOyj21ixc
کی میدونه ما رو چیاییم 😅🎤,https://www.youtube.com/watch?v=UkYGWNOH_jY
فیلم سینمایی ایرانی آفتاب نشین ها با هنرنمایی علی نصیریان | Film Irani,https://www.youtube.com/watch?v=SXcmGEbBnTo
تو اینستا همه باورشون شده که سلبریتی هستن 😁😂,https://www.youtube.com/watch?v=TqQ6Nuw-LPE
قسمت یازدهم سریال نوستالژی افسون با بازی رامبد شکرابی و زهره حمیدی | Afsoon Serial Irani,https://www.youtube.com/watch?v=QCi71useRS0
قسمت پایانی سریال زیبای ایرانی نمایشخانه(یکی بود یکی نبود) - Series Irani Namayeshkhaneh,https://www.youtube.com/watch?v=8RLyuCTfQjQ
سریال پلیسی/براساس داستان واقعی - قسمت ۲۲ سریال محرمانه,https://www.youtube.com/watch?v=nTFfAF4Blrg
صحنه های رومانتیک بین آشا محرابی و کوروش تهامی,https://www.youtube.com/watch?v=wq4aSu2yf4M
فیلم جنایی نوستالژِی محموله با بازی فاطمه معتمدآریا - Criminal Movie Cargo (Mahmole),https://www.youtube.com/watch?v=np6kdzVYDhk
سریال نوستالژی افسون با بازی حدیث فولادوند قسمت دهم  | Afsoon Serial Irani,https://www.youtube.com/watch?v=TDNdPAtoH2M
جدیدترین سریال پلیسی با داستانی واقعی، سریال محرمانه قسمت ۲۱,https://www.youtube.com/watch?v=6p0_9LEA0fg
رقص شیر فرهاد و سالار خان 😂🥸,https://www.youtube.com/watch?v=hGNY6FqbuK8
فیلم جنایی و درام چهارشنبه خون به پا میشود با بازی حامد بهداد، همایون ارشادی و فرامرز قریبیان,https://www.youtube.com/watch?v=mb4GW1109HU
دعوای برره‌ای🤐🤣,https://www.youtube.com/watch?v=ZqAaafXDzY8
قسمت نهم سریال نوستالژی افسون به کارگردانی سید جواد هاشمی | Afsoon Serial Irani,https://www.youtube.com/watch?v=ShCjPGhfp6U
تیزر قسمت دوم سریال جدید پدر گواردیولا (فصل دوم),https://www.youtube.com/watch?v=uzkpSxZZyPY
قسمت ۲۰ سریال جدید پلیسی و معمایی محرمانه - پخش همزمان - Mahramaneh Serial,https://www.youtube.com/watch?v=YiqDY64lqpY
وایـــــــــــی🥹🥹 مدیری به هدیه تهرانی بالاخره حلقه داد 🎉🎊💕❤️,https://www.youtube.com/watch?v=u4z5MXejh7c
روز دیدنی فیلم اکشن نوستالژی با بازی جمشید هاشم پور- Roze Didani (Spectacular Day) Action movie,https://www.youtube.com/watch?v=GzhMQyZl7Og
قسمت هشتم سریال نوستالژی افسون با بازی رامبد شکرآبی | Afsoon Serial Irani,https://www.youtube.com/watch?v=sjVnkWa24dU
سریال جدید ایرانی نمایشخانه (نمایش یکی بود، یکی نبود) - قسمت چهاردهم - Iranian Series,https://www.youtube.com/watch?v=zqWZlnGnYtY
کیانوش نمیخواد گردن بگیره 😂,https://www.youtube.com/watch?v=xKMlVNEBWxk
قسمت دوم سریال پدر گواردیولا (فصل دوم) - Pedar Goardiula,https://www.youtube.com/watch?v=Hm3t_jP6e5s
فیلم کمدی و پرفروش نهنگ عنبر۲ با بازی رضا عطاران و مهناز افشار - Nahang Anbar With English Subtitles,https://www.youtube.com/watch?v=Z4L-Fy96-74
سوتی خنده دار جواد عزتی و بابک حمیدیان، غش کردن از خنده 😂🤣,https://www.youtube.com/watch?v=7xAs8x0O2CE
سریال نوستالژی افسون با بازی آتش تقی‌پور (قسمت هفتم) | Afsoon Serial Irani,https://www.youtube.com/watch?v=-4xrMbK_JMc
زمان نمی ایستد فیلم کوتاه ایرانی - Short Film Irani,https://www.youtube.com/watch?v=A5DaDKCaqC4
وقتی برره ای ها عاشق میشن  🎎,https://www.youtube.com/watch?v=N-TcIgx07NU
مراحل برره‌ای شدن🤣😁,https://www.youtube.com/watch?v=kgqNV0OiIYc
قسمت ششم سریال نوستالژی افسون با بازی پوراندخت مهیمن | Afsoon Serial Irani,https://www.youtube.com/watch?v=3Z544cQrhVE
سریال جدید ایرانی نمایشخانه (نمایش یکی بود، یکی نبود) - قسمت سیزدهم - Iranian Series,https://www.youtube.com/watch?v=ao08sXRtWww
وقتی زیر آسمان شهر اشکمون رو هم در می آورد 😥😥,https://www.youtube.com/watch?v=EqtahpFyxAk
ستاره های سوخته فیلمی درام با بازی نگار جواهریان، محمدرضا غفاری (داستان سقوط هواپیمای ایران),https://www.youtube.com/watch?v=k61DP26tymE
آدما وقتی پیر میشن نمیمیرن ، آدما وقتی خسته میشن میمیرن 😥,https://www.youtube.com/watch?v=578uN3gYL3Y
رامبد شکرآبی در قسمت پنجم سریال نوستالژی افسون | Afsoon Serial Irani,https://www.youtube.com/watch?v=05G_yHvg6dY
فیلم جدید و کوتاه دیدار - Didar Short Movie,https://www.youtube.com/watch?v=HZW2FDyKfSk
جدیدترین سریال پلیسی با داستانی واقعی، سریال محرمانه قسمت ۱۹,https://www.youtube.com/watch?v=AzpqgBFbmZk
حدیث فولادوند در قسمت چهارم سریال نوستالژی افسون | Afsoon Serial Irani,https://www.youtube.com/watch?v=9_0w--fVG74
دستورزبان برره با شیر فرهاد 😂😅,https://www.youtube.com/watch?v=AcR7xg6wyhg
با چشمان بسته ببین، فیلمی درام با بازی فریبا نادری، علیرضا اوسیوند و حشمت آرمیده - Film Irani,https://www.youtube.com/watch?v=2dPDNndcklA
این فرق فوکوله😁😂😜,https://www.youtube.com/watch?v=SKeTnBKGqZg
دوازدهمین قسمت از سریال زیبای ایرانی نمایشخانه(یکی بود یکی نبود) - Series Irani Namayeshkhaneh,https://www.youtube.com/watch?v=uqhP0RvrE2s
سریال پلیسی/براساس داستان واقعی - قسمت هجدهم سریال محرمانه,https://www.youtube.com/watch?v=DrjLTFnfTg8
جهانبخش سلطانی و جواد هاشمی در فیلم قدیمی و نوستالژی افق - Persian Full Movie,https://www.youtube.com/watch?v=04yAlWAN3_c
دهن خشایار خیلی قرصه🤪😜😁🤣,https://www.youtube.com/watch?v=wtwrxMWbSI0
قسمت سوم سریال نوستالژی افسون با بازی بیتا بادران و رامبد شکرآبی | Afsoon Serial Irani,https://www.youtube.com/watch?v=V19xnEofJ3E
یک روز خوب مستند زیبا از روستای ترازوج - Iranian Documentary,https://www.youtube.com/watch?v=slR-IQCZg2s
قسمت ۱۷ سریال جدید پلیسی و معمایی محرمانه - پخش همزمان - Mahramaneh Serial,https://www.youtube.com/watch?v=AS1EuR1bUUg
صحنه های جذاب از فیلم پلیسی و معمایی مرتضی,https://www.youtube.com/watch?v=49trt3V0r_M
فیلم جدید ایرانی سکوت آیما با کیفیت1080 - Sookot Ayma Iranian Movie,https://www.youtube.com/watch?v=Dc3zP2pv0Nc
مهران مدیری لپش رگ به رگ شد🤣😁🫢,https://www.youtube.com/watch?v=cl7XHI7NzX8
قسمت دوم سریال نوستالژی افسون به کارگردانی سید جواد هاشمی و بازی ایرج راد | Afsoon Serial Irani,https://www.youtube.com/watch?v=toX7umKkveY
قسمت یازدهم سریال ایرانی یکی بود یکی نبود(نمایشخانه) - Iranian Series,https://www.youtube.com/watch?v=Sv-HdFVovwk
قسمت ۱۶ سریال جدید پلیسی و معمایی محرمانه - پخش همزمان - Mahramaneh Serial,https://www.youtube.com/watch?v=_1QgLEPhFVE
دکتر کاری میکنه که همه فکر میکنن قاتله و یکی یکی میره بالا سرشون 😂,https://www.youtube.com/watch?v=u1nrryX3QNk
سعید راد در فیلم پلیسی اکشن ساعت به وقت صفر - Film irani Saat Be Vaghte Sefr,https://www.youtube.com/watch?v=La6qgYauKfg
بهروز پیرپکاجکی نگران پیرهنشه😁🤣,https://www.youtube.com/watch?v=pH7fUQhjI1w
قسمت اول سریال نوستالژی افسون به کارگردانی سید جواد هاشمی و بازی زهره حمیدی | Afsoon Serial Irani,https://www.youtube.com/watch?v=JsKZH6ZGRns
فیلم دایره راز با بازی پردیس افکاری، مجید مشیری - Iranian movie Dayere Raz,https://www.youtube.com/watch?v=n-ccE846QkE
فصل دوم سریال پدر گواردیولا قسمت اول - Pedar Goardiula,https://www.youtube.com/watch?v=OAFPin0xUCg
اگه میتونی برو یه کیس بهتر از من پیدا کن 🤐🤪,https://www.youtube.com/watch?v=pd3RqipHwJg
قسمت آخر سریال آشوب - Ashoob Serial Irani,https://www.youtube.com/watch?v=rZig3erjQb0
سریال جدید ایرانی نمایشخانه (نمایش یکی بود، یکی نبود) - قسمت دهم - Iranian Series,https://www.youtube.com/watch?v=r2G8lntc9Ho
فیلم کمدی و خنده دار مهمان بابا - Comedy film mehman baba,https://www.youtube.com/watch?v=nUnvjNQsUd0
قتل هرگز فیلم پلیسی و جنایی / با بازی محمد کاسبی، شراره رخام,https://www.youtube.com/watch?v=I-HU0mRzv44
مرگ ماهی فیلمی درام و جنجالی با بازیگران ممنوع الکار - Marg Mahi With English Subtitle,https://www.youtube.com/watch?v=xAqE_dkXQPY
اون منو ول نکرد، من ولش کردم🖤💔,https://www.youtube.com/watch?v=r7JFc_IGdNI
سریال جدید ایرانی آشوب قسمت جهارم با بازی فرهاد آئیش، زنده یاد آتیلا پسیانی و همایون ارشادی,https://www.youtube.com/watch?v=bBKrPS-rXDE
فیلم کوتاه پزشک - The doctor short movie,https://www.youtube.com/watch?v=qn27qYdWdIE
فیلم جدید درام به وقت رهایی - Iranian Drama Movie,https://www.youtube.com/watch?v=CuRtaaS-hVw
یه ایرانی به یه افغانی نمیتونه عضو اهدا کنه!! 🤐,https://www.youtube.com/watch?v=FEV8EUUfeno
قسمت سوم سریال جدید ایرانی آشوب با بازی لیلا اوتادی، محمدرضا هدایتی و آتیلا پسیانی,https://www.youtube.com/watch?v=80-nr8rf3C0
قسمت هشتم از سریال زیبای ایرانی نمایشخانه(یکی بود یکی نبود) - Series Irani Namayeshkhaneh,https://www.youtube.com/watch?v=nUV5lYER4KY
فیلم خانوادگی به سادگی یک ملاقات - Be Sadegi Yek Molaghat Family Movie,https://www.youtube.com/watch?v=HSBF5Bf3lSo
چه قری میده این عطاران🤣🤣,https://www.youtube.com/watch?v=9SUv_Tw6kZ4
یکتا ناصر، آتیلا پسیانی و همایون ارشادی در سریال آشوب (قسمت دوم),https://www.youtube.com/watch?v=-G1kXfLyKVs
جدیدترین سریال پلیسی با داستانی واقعی، سریال محرمانه قسمت ۱۵,https://www.youtube.com/watch?v=loIutdzUF9E
سریال جدید ایرانی آشوب قسمت اول با بازی فرهاد آئیش، زنده یاد آتیلا پسیانی و همایون ارشادی,https://www.youtube.com/watch?v=AqIp7eBRlwY
فک کن خشایار ازت اینجوری بازجویی کنه 🤣🤣,https://www.youtube.com/watch?v=aqQ8TIpHY3I
این هفت نفر، فیلمی در ژانر پلیسی/معمایی با بازی زنده یاد شهرام عبدلی و علی سلیمانی,https://www.youtube.com/watch?v=ZqYDo7BrQFU
نهمین قسمت از سریال زیبای ایرانی نمایشخانه(یکی بود یکی نبود) - Series Irani Namayeshkhaneh,https://www.youtube.com/watch?v=3KM3-Rr_wTI
قسمت ۱۴ سریال جدید پلیسی و معمایی محرمانه - پخش همزمان - Mahramaneh Serial,https://www.youtube.com/watch?v=EaEl5Et8Lro
انفجار وحشتناک تو فیلم نهنگ عنبر 🫤,https://www.youtube.com/watch?v=uYdqFLihw4c
جدیدترین سریال پلیسی با داستانی واقعی، سریال محرمانه قسمت ۱۳,https://www.youtube.com/watch?v=Ud3EgJS9Y-A
🤣😁 وقتی برزو پدر میشه!😆😅,https://www.youtube.com/watch?v=nj6JyTr9gqY
فیلم درام سجده عشق - Iranian Drama movie,https://www.youtube.com/watch?v=_dHN2Z_TGKE
فیلم دختری به نام خورشید - Dokhtari Be Nam Khorshid Movie,https://www.youtube.com/watch?v=Ao6o_SQ4IxE
فیلم پلیسی متری شیش و نیم با بازی پیمان معادی، نوید محمدزاده و پریناز ایزدیار,https://www.youtube.com/watch?v=BdX1XeSxeKQ
مواد شیرموز، جدا جدا ممنوع نیست😁😂😂🤣,https://www.youtube.com/watch?v=G7EjdILvKU8
هفتمین قسمت از سریال زیبای ایرانی نمایشخانه(یکی بود یکی نبود) - Series Irani Namayeshkhaneh,https://www.youtube.com/watch?v=ufhLGh-siRE
دلتنگی فیلمی کوتاه و زیبا,https://www.youtube.com/watch?v=q0bqUVg6bOA
جشن تولد بر اساس داستان واقعی - فیلم جدید اکشن و پلیسی جشن تولد با کیفیت بالا,https://www.youtube.com/watch?v=tmV7C9mR8XQ
من همیشه پشتتم آقا بهروززز😂😂🥸,https://www.youtube.com/watch?v=q7edsCekua8
صحنه های عاشقانه فیلم بنفشه آفریقایی با هنرنمایی فاطمه معتمدآریا و سعید آقاخانی 😍,https://www.youtube.com/watch?v=hRE3bOTJarg
فیلم به نام مادر - Be Nam Madar movie,https://www.youtube.com/watch?v=rUr-HiwSwQk
فیلم جدید آب سرمایه است - Iranian Film,https://www.youtube.com/watch?v=SnWHm4MmM-4
پریناز ایزدیار و اشکان خطیبی در فیلم فال قهوه - Coffee horoscope Persian Movie,https://www.youtube.com/watch?v=yLAfO66PaXg
خانم شیرزاد یه شخص نیست، یه سبک زندگیه 🤣❤️,https://www.youtube.com/watch?v=BwbSDEqfd4w
سریال جدید نمایشخانه (نمایش یکی بود، یکی نبود) - قسمت ششم - Iran Series,https://www.youtube.com/watch?v=mHeKywhinJA
قسمت ۱۲ سریال جدید پلیسی و معمایی محرمانه - پخش همزمان - Mahramaneh Serial,https://www.youtube.com/watch?v=MdnLcSbNJm0
اولین خوانندگی مهران مدیری 😊👌,https://www.youtube.com/watch?v=Llzoo0Kn6hM
صحنه کشتن حسین یاری به دست ملیکا شریفی نیا,https://www.youtube.com/watch?v=zmys9qPsK4U
جدیدترین سریال پلیسی با داستانی واقعی، سریال محرمانه قسمت ۱۱,https://www.youtube.com/watch?v=9R1hjn6wvgM
Donkey Cinema (Meshmeshe) With English Subtitles | فیلم سینمایی سینما خر (مشمشه),https://www.youtube.com/watch?v=F-7XgLS6gvs
اوزون برون😜😁,https://www.youtube.com/watch?v=oASj0NRVGXI
صحنه نفوذ هکرها به نیروگاه برق در سریال شهباز 👨‍💻🚨,https://www.youtube.com/watch?v=Nm4zRmlhvUY
پنجمین قسمت از سریال زیبای ایرانی نمایشخانه(یکی بود یکی نبود) - Series Irani Namayeshkhaneh,https://www.youtube.com/watch?v=TNRfWodzYho
سریال پلیسی/براساس داستان واقعی - قسمت دهم سریال محرمانه,https://www.youtube.com/watch?v=lz8cf6QxmFA
قسمت آخر سریال قلب یخی - هانیه توسلی، طناز طباطبایی و رضا کیانیان در فصل سوم,https://www.youtube.com/watch?v=ZqOYMpBew64
فیلم ایرانی حرفه ای با بازی حمیدرضا پگاه، لادن طباطبایی، مریم امیرجلالی,https://www.youtube.com/watch?v=Pn1Q3gax9Nw
تمرین بوکس فولاد و بهروز پیرپکاجکی🤣🤣😁,https://www.youtube.com/watch?v=SVh2BxgL4X4
به یاد داریوش مهرجویی خونه های قدیمی رو نجات بدین به جای اینکه بکوبین، ساختمان های بی ترکیب بسازین,https://www.youtube.com/watch?v=-R4cYMYzxcs
مستند جدید قارشلق - داستان جوانی که قربانی رسمی غلط شده است - Iranian documentary,https://www.youtube.com/watch?v=DS5oFTzdet0
قسمت ۹ سریال جدید پلیسی و معمایی محرمانه - پخش همزمان - Mahramaneh Serial,https://www.youtube.com/watch?v=loFXWf98TYo
قسمت ۲۶ سریال قلب یخی - هانیه توسلی، طناز طباطبایی و رضا کیانیان در فصل سوم,https://www.youtube.com/watch?v=O13SzJ6NiXc
جنگی دیرینه بر سر زمینی ارزشمند - فیلم سینمایی سوار در غبار,https://www.youtube.com/watch?v=bI68gCd1Ff4
دو تا قلب گذاشتمو سه تا بوس❤️❤️😘😘😘🤣😅😁,https://www.youtube.com/watch?v=9o7vQ98OA3E
جواد رضویان اشتباهی عاشق ارژنگ امیر فضلی میشه ! 😅🥸,https://www.youtube.com/watch?v=JqYJ-FZAWO4
قسمت چهارم سریال ایرانی یکی بود یکی نبود(نمایشخانه) - Iranian Series,https://www.youtube.com/watch?v=Q6QZGOR6fGM
صحنه های جذاب سریال جنگی حبیب,https://www.youtube.com/watch?v=17ssUM8BFFA
به راحتی میتونم دختر شایسته بشم 🤪🫅🏻,https://www.youtube.com/watch?v=JGouQ1La29Q
این مستند روایتی از تاریخچه تجهیزات و امکانات نیروی دریایی ایران و ساخت ناوشکن جماران است.,https://www.youtube.com/watch?v=xGr0FJLDF-o
قسمت سوم از سریال نمایشخانه (یکی بود یکی نبود) - Series irani,https://www.youtube.com/watch?v=GHGFAdOxiGg
صحنه پر هیجان قلب یخی 💣,https://www.youtube.com/watch?v=IlcT1LXYVXg
هدیه تهرانی، مهران مدیری و امیرحسین رستمی در سریال قلب یخی قسمت ۲۵,https://www.youtube.com/watch?v=TduTYhaINxo
فیلم سینمایی جدید و جنجالی رها و انگشتر جادو/ Raha And The Magic Ring Cinematic Movie,https://www.youtube.com/watch?v=EvmY_JLESDE
4.75 😂 با لقد پرتش کرد بیرون😁,https://www.youtube.com/watch?v=Y1e7e3Wh_Ek
مستند «پرزیدنت آکتور سینما»، تلاش‌های «میخاییل گورباچف» رهبر اتحاد جماهیر شوروی را روایت میکند,https://www.youtube.com/watch?v=q5eLW7VXtrM
خلاصه قسمت های ۵ تا ۸، داستان واقعی در سریال پلیسی/معمایی محرمانه,https://www.youtube.com/watch?v=5035tCTawe0
هدیه تهرانی، مهران مدیری و امیرحسین رستمی در سریال قلب یخی قسمت ۲۴,https://www.youtube.com/watch?v=400iVtbH068
بنفشه آفریقایی فیلمی درام و جدید با بازی ستارگانی همچون فاطمه معتمدآریا و سعید آقاخانی,https://www.youtube.com/watch?v=vNNypscPMPc
اومد دهن اونو سرویس کنه، دهن خودش سرویس شد😁🤣🤪,https://www.youtube.com/watch?v=qTnlc4JlppY
قسمت آخر سریال دولت مخفی (قسمت سی و سوم) - Dolate Makhfi Serial,https://www.youtube.com/watch?v=vDsbv1ag-ZY
تیزر رسمی جدیدترین فیلم سینماهای ایران - فیلم جدید آخرین تولد با بازی الناز شاکردوست,https://www.youtube.com/watch?v=serJHXVb4Iw
سریال جدید ایرانی نمایشخانه (نمایش یکی بود، یکی نبود) - قسمت دوم - Iranian Series,https://www.youtube.com/watch?v=egxClszwv58
قسمت هشت سریال جدید پلیسی و معمایی محرمانه - پخش همزمان - Mahramaneh Serial,https://www.youtube.com/watch?v=P9rrCP-ZCZo
بهروز پیرپکاجکی تابلو برزو رو خراب کرده 😁🤐,https://www.youtube.com/watch?v=vwh8HNP_boY
قسمت ۲۳ با بازی سحر دولتشاهی، رضا کیانیان، مازیار فلاحی - سریال قلب یخی (فصل سوم),https://www.youtube.com/watch?v=rcqhAf_PW2U
فیلم جهیزیه پر ماجرا با بازی شهرام قائدی، شیوا خسرو مهر و رضا توکلی (قسمت دوم) - Film Irani,https://www.youtube.com/watch?v=2v6pS4if5so
آقای برادر ما محرم کردیم 🤣😁😉,https://www.youtube.com/watch?v=KAGHJML780s
سریال دولت مخفی با بازی مریم سلطانی و ابراهیم برزیده (قسمت سی و دوم) - Dolate Makhfi Serial,https://www.youtube.com/watch?v=9cIIkXOX1Xw
آمبولانس فیلم جدید جنگی - Persian Movie Ambulance,https://www.youtube.com/watch?v=3unK6ryZ2nM
سریال پلیسی/براساس داستان واقعی - سریال جدید محرمانه قسمت هفتم,https://www.youtube.com/watch?v=3Xaw3rhPDqw
سریال پلیسی/معمایی قلب یخی - فصل سوم (قسمت ۲۲),https://www.youtube.com/watch?v=aEinoI98Onk
فیلم جهیزیه پر ماجرا با بازی شهرام قائدی، شیوا خسرو مهر و رضا توکلی (قسمت اول) - Film Irani,https://www.youtube.com/watch?v=Lyx_aLjrqKY
خشایار میگه نصف تابلورو بفروشیم 😂😁😝,https://www.youtube.com/watch?v=qbcUGlexyZI
سریال دولت مخفی با بازی پژمان بازغی و لاله اسکندری (قسمت سی و یکم ) - Dolate Makhfi Serial,https://www.youtube.com/watch?v=_EhG3NXOtVc
سریال جدید نمایشخانه (نمایش یکی بود، یکی نبود) - قسمت اول - Iranian Series,https://www.youtube.com/watch?v=4aDLEy9bqQY
از عارف لرستانی تست بازیگری میگیره مهران مدیری، یادش بخیر😔,https://www.youtube.com/watch?v=7oxYBIRLHDQ
قسمت ۲۱ سریال قلب یخی - هانیه توسلی، طناز طباطبایی و رضا کیانیان در فصل سوم,https://www.youtube.com/watch?v=9m0yEEJ6BXA
فیلم اکشن جدید مرد نقره ای با کیفیت بالا - مرد نقره ای با بازی مهدی سلطانی و بهاره کیان افشار,https://www.youtube.com/watch?v=dHIamKcxrC8
خشایار مستوفی بهش میگه خرس قهوه‌ای🤣🤣🤣,https://www.youtube.com/watch?v=vEpqdZ_VtE0
سریال دولت مخفی با بازی پژمان بازغی و کاوه خداشناس (قسمت سی) - Dolate Makhfi Serial,https://www.youtube.com/watch?v=o8w3G4R0AKw
آقای شیک - یک کمدی صامت ایرانی,https://www.youtube.com/watch?v=aWPI3ECA2Xo
جدیدترین سریال پلیسی با داستانی واقعی، سریال محرمانه قسمت ۶,https://www.youtube.com/watch?v=N4DnpqI4xIw
کاش میشد باهم قرار بذاریم که کدوممون زودتر بمیره 😔🥀 #آتیلا پسیانی,https://www.youtube.com/watch?v=-2R7OLRaC8E
قسمت یازدهم سریال قلب یخی با بازی هانیه توسلی، حسین یاری (فصل سوم),https://www.youtube.com/watch?v=cHeNu2ognrc
سریال دولت مخفی با بازی لاله اسکندری و محمدرضا رهبری  (قسمت بیست و نهم) - Dolate Makhfi Serial,https://www.youtube.com/watch?v=MQyi7ieKV1E
فیلم جدید ایرانی باران - Short Film irani baran,https://www.youtube.com/watch?v=YHKUvdBWZc4
مردن شبیه هیچی نیست🥺 #آتیلاپسیانی,https://www.youtube.com/watch?v=5EpDi-81R-Y
قسمت بیستم سریال قلب یخی  (فصل سوم),https://www.youtube.com/watch?v=KXiPIjXqKJY
فیلم ایرانی نردبان - Persian Movie Nardeban,https://www.youtube.com/watch?v=riuxS-OgBXs
وقتی فتحعلی اویسی نقش یه زن رو بازی میکنه🤣😂😁,https://www.youtube.com/watch?v=nbpkF0x_zBk
سریال دولت مخفی با بازی پژمان بازغی (قسمت بیست و هشتم) - Dolate Makhfi Serial,https://www.youtube.com/watch?v=7M5L9z8Ymf8
سریال پلیسی/براساس داستان واقعی - قسمت پنجم سریال محرمانه,https://www.youtube.com/watch?v=mgEr2VRFut8
رضا عطاران، طناز طباطبایی، هانیه توسلی در سریال قلب یخی فصل سوم (قسمت ۱۹),https://www.youtube.com/watch?v=sfBWX6ZDgBk
قسمت ۹ سریال پدر گواردیولا - قسمت پایانی فصل اول,https://www.youtube.com/watch?v=84N98JOCrdU
«شهر دودی» فیلمی جدید که از دغدغه جوانان می‌گوید - Shahre Dudi Film Irani,https://www.youtube.com/watch?v=4rFOWGBCYoE
غلام شیش لول بند آقا😂,https://www.youtube.com/watch?v=6QaCYq9zWCo
سریال دولت مخفی با بازی لاله اسکندری (قسمت بیست و هفتم) - Dolate Makhfi Serial,https://www.youtube.com/watch?v=K_wlt7vUcF8
خلاصه قسمت ۱ تا ۴ سریال جدید پلیسی محرمانه,https://www.youtube.com/watch?v=jVzk26VMAi4
آمپر کات 🤣😂 داره خالی میبنده، سنگینم میبنده - Zir-e Aseman-e Shahr,https://www.youtube.com/watch?v=YlW7vfrZ9kQ
سحر دولتشاهی، هانیه توسلی و پژمان بازغی در سریال قلب یخی قسمت هجدهم (فصل سوم),https://www.youtube.com/watch?v=_-Dj-OYVk0I
فیلم پلیسی و جنجالی ته خط با بازی عارف لرستانی، لیندا کیانی، مجید صالحی,https://www.youtube.com/watch?v=rRkGqKXjy4c
نگوووو! میره بالاااا تو بگی، نگوووو🤣😂,https://www.youtube.com/watch?v=X5H57JWMlOI
سریال دولت مخفی با بازی لاله اسکندری و پژمان بازغی (قسمت بیست و ششم) - Dolate Makhfi Serial,https://www.youtube.com/watch?v=YDCvRgRsN-Y
مستند زاگرس - Iranian documentary (Zagros),https://www.youtube.com/watch?v=QUJ-otQQg4s
چهارمین قسمت سریال جدید پلیسی و معمایی محرمانه - پخش همزمان - Mahramaneh Serial,https://www.youtube.com/watch?v=Lwg2Qy_H77I
هدیه تهرانی، مهران مدیری و امیرحسین رستمی در سریال قلب یخی قسمت هفدهم,https://www.youtube.com/watch?v=_rsPxjH4xck
سریال پلیسی معمایی جدید محرمانه - قسمت سوم - مجید مظفری، جعفر دهقان، فاطمه گودرزی، ایرج نوذری,https://www.youtube.com/watch?v=wloU9kdYBzg
گفت از مرگ میترسم 😔 فردوس کاویانی روحت شاد,https://www.youtube.com/watch?v=Y6VZOATbc5k
دموکتاتور، جنجالی‌ترین و پرحاشیه‌ترین احزاب سیاسی ایران قبل از انقلاب در دوره پهلوی دوم,https://www.youtube.com/watch?v=I-A-wmdOr-c
فیلم ایرانی عقیق - Aghigh Persian Movie,https://www.youtube.com/watch?v=chx83rm0mHk
سحر دولتشاهی، رضا کیانیان، مازیار فلاحی در سریال قلب یخی قسمت ۱۶ (فصل سوم),https://www.youtube.com/watch?v=JaH5QlzNc_w
علی سلیمانی، رضا توکلی و لاله صبوری در فیلم قدر آن روزها,https://www.youtube.com/watch?v=bujrkLhqiNY
فردوس کاویانی هم رفت پیش کیومرث ملک مطیعی و مرتضی احمدی 🥀🥀,https://www.youtube.com/watch?v=eNarOn9WamM
سریال دولت مخفی با بازی لاله اسکندری و ابراهیم برزیده (قسمت بیست و پنجم) - Dolate Makhfi Serial,https://www.youtube.com/watch?v=jvPGouku_uQ
بازی خاطره انگیز فردوس کاویانی در سکانسی از فیلم همه دختران من 😢😔🥀,https://www.youtube.com/watch?v=2nls9rustOI
سریال پلیسی/براساس داستان واقعی - سریال جدید محرمانه با بازی علیرام نورایی- قسمت دوم,https://www.youtube.com/watch?v=niLZvhQ6gFs
رضا عطاران، طناز طباطبایی، هانیه توسلی در سریال قلب یخی فصل سوم (قسمت ۱۵),https://www.youtube.com/watch?v=rh4KQRU2g_E
حباب فیلم ایرانی با بازی سیاوش خیرابی، بیتا سحرخیز رضا بنفشه خواه,https://www.youtube.com/watch?v=PJHuymg_aeM
عطاران به ویشکا میگه قبلنا انقدر زشت بودی نمیشد نگات کرد 😂🤣,https://www.youtube.com/watch?v=qpPDq5Uy-wM
سریال دولت مخفی با بازی لاله اسکندری و پژمان بازغی (قسمت بیست و جهارم) - Dolate Makhfi Serial,https://www.youtube.com/watch?v=Jy2tKbWstqU
خاور خانم مستند ایرانی - Mostanad Khavar Khanoom,https://www.youtube.com/watch?v=XydmYOFivmE
صحنه دستگیری هانیه توسلی,https://www.youtube.com/watch?v=8eegVxca6HY
قسمت چهاردهم با بازی سحر دولتشاهی، رضا کیانیان، مازیار فلاحی - سریال قلب یخی (فصل سوم),https://www.youtube.com/watch?v=WART-MwDTXs
هومن سیدی در فیلم جدید اینجا کسی نمی میرد - Nobody Dies Here,https://www.youtube.com/watch?v=KwesIiGYfhk
تقلید صدای مهران مدیری و محمدرضا گلزار😅🤪,https://www.youtube.com/watch?v=lIFf805kqTw
سریال دولت مخفی با بازی کاوه خداشناس و پژمان بازغی (قسمت بیست و سوم) - Dolate Makhfi Serial,https://www.youtube.com/watch?v=3WKzxgvwvcU
مستند مادرم منیژه معدن کار است _  My mother is a miner documentary,https://www.youtube.com/watch?v=nl48gQIxu0Q
اولین قسمت سریال جدید پلیسی و معمایی محرمانه - پخش همزمان - Mahramaneh Serial,https://www.youtube.com/watch?v=Qf_Zvhyc45s
قسمت سیزدهم سریال قلب یخی با بازی هانیه توسلی، حسین یاری (فصل سوم),https://www.youtube.com/watch?v=EMaOTJfROxY
وقتی ما ایرانیا دو روز میریم خارج🤣🤪,https://www.youtube.com/watch?v=atoVyhsaa8s
سریال دولت مخفی با بازی لاله اسکندری و پژمان بازغی (قسمت بیست و دوم) - Dolate Makhfi Serial,https://www.youtube.com/watch?v=JHfXQ9wYms0
مستند عملیات دماوند روایتی‌ است از تنها جنگ ارتش پهلوی در دهه پنجاه شمسی,https://www.youtube.com/watch?v=8zH8TDfmKDg
تئاتر ایرانی یک قدم نزدیکتر - قسمت دهم: ننه عبدالله - Iranian theater,https://www.youtube.com/watch?v=kudeaC8gSOs
رضا عطاران، طناز طباطبایی، هانیه توسلی در سریال قلب یخی فصل سوم (قسمت ۱۲),https://www.youtube.com/watch?v=SdR-mC3gIAA
بازمانده گردان عشق مستند جدید ایرانی - محمدرضا احمدی، کوچکترین رزمنده ۱۳,https://www.youtube.com/watch?v=3myzh02U3gY
سریال جدید جنایی پدر گواردیولا با بازی مهران مدیری، هنگامه قاضیانی، حمید فرخ نژاد - قسمت هشتم,https://www.youtube.com/watch?v=R0nk7_t8Onc
همه اینارو گرفتی چی شدی حالا 😂,https://www.youtube.com/watch?v=nO-nUd_wc_w
سریال دولت مخفی با بازی لاله اسکندری و پژمان بازغی (قسمت بیست و یکم) - Dolate Makhfi Serial,https://www.youtube.com/watch?v=SInlT0nji-g
امیر جعفری داره کل کل میکنه سر خوشگل بودن بچش,https://www.youtube.com/watch?v=4SnURWv2yOU
مستند ایرانی رویای ایرانی - Royaye Irani - Iranian Documentary,https://www.youtube.com/watch?v=J3QIDMYo-iE
سیامک انصاری جواد رضویان رو سرلایک نکردن عکسش اخراج میکنه🤣😂,https://www.youtube.com/watch?v=4-CKf9lMFxk
رضا عطاران، طناز طباطبایی، هانیه توسلی در سریال قلب یخی فصل سوم (قسمت دهم),https://www.youtube.com/watch?v=jCHqcIZbU68
فیلم کمدی نهنگ عنبر با بازی بی نظیر رضا عطاران، مهناز افشار، ویشکا آسایش - Nahang Anbar,https://www.youtube.com/watch?v=O3R3nlWpLcY
پشت صحنه متری شیش و نیم #سعیدروستا,https://www.youtube.com/watch?v=u9SOKTzqCDA
سریال دولت مخفی با بازی لاله اسکندری و پژمان بازغی (قسمت بیستم) - Dolate Makhfi Serial,https://www.youtube.com/watch?v=nMmnQPqAJNs
آرش میراحمدی اومده تحقیقات در مورد رونالدو پیش عادل فردوسی پور,https://www.youtube.com/watch?v=aOz06mQ1jV0
قسمت نهم با بازی سحر دولتشاهی، رضا کیانیان، مازیار فلاحی - سریال قلب یخی (فصل سوم),https://www.youtube.com/watch?v=ndQnLYfSZXI
زخم کاری فیلم جدید پلیسی و اکشن - روایت جذاب و دیدنی از فیلم پلیسی و معمایی زخم کاری,https://www.youtube.com/watch?v=MV2tkvz1o5o
اولین حضور عادل فردوسی پور جلوی دوربین😮,https://www.youtube.com/watch?v=92LYmsniPqs
سریال دولت مخفی با بازی لاله اسکندری و پژمان بازغی (قسمت نوزدهم) - Dolate Makhfi Serial,https://www.youtube.com/watch?v=NsDBJHWCZkk
فیلم درام و ترسناک مثلث - Persian Short Film,https://www.youtube.com/watch?v=IWrEg-JJ6MI
تئاتر ایرانی یک قدم نزدیکتر - قسمت نهم: بازگشت - Iranian theater,https://www.youtube.com/watch?v=cUFEFvF95Ew
باران کوثری، مصطفی زمانی، پگاه آهنگرانی و مهتاب کرامتی در فیلم جدید جامه دران با زیرنویس انگلیسی,https://www.youtube.com/watch?v=YshOMdzQ1Wc
قسمت هشتم سریال قلب یخی با بازی هانیه توسلی، حسین یاری (فصل سوم),https://www.youtube.com/watch?v=evlU3bogXvY
فیلم برج مراقبت با بازی محمد حاتمی، روناک یونسی - Watchtower Film Irani,https://www.youtube.com/watch?v=z1CCW-zxEGs
حاج آقا حواست کجاست!! 🤪,https://www.youtube.com/watch?v=hexS1FbExXw
سریال دولت مخفی با بازی لاله اسکندری و پژمان بازغی (قسمت هجدهم) - Dolate Makhfi Serial,https://www.youtube.com/watch?v=UoAMP9IqId0
مستند «هپکوتیزم»، روایتی از اتفاقات کارخانه ماشین سازی هپکو و اعتراضات کارگران آن است,https://www.youtube.com/watch?v=h4UW9yMzoQQ
رضا عطاران، طناز طباطبایی، هانیه توسلی در سریال قلب یخی فصل سوم (قسمت هفتم),https://www.youtube.com/watch?v=3jAJb-hcS2o
روایت جذاب و واقعی از یک قتل، فیلم پلیسی مرتضی با کیفیت بالا,https://www.youtube.com/watch?v=rK5xWjUdb38
گیر داده بهش که: تو باید با مووآی من ازدواج وکنی 😂,https://www.youtube.com/watch?v=30DxIAcV2hk
سریال دولت مخفی با بازی لاله اسکندری و پژمان بازغی (قسمت هفدهم) - Dolate Makhfi Serial,https://www.youtube.com/watch?v=tGjKwv6f_FU
تئاتر ایرانی یک قدم نزدیکتر - قسمت هشتم: پروانه شدن - Iranian theater,https://www.youtube.com/watch?v=ms66Nf7EASo
سحر دولتشاهی، رضا کیانیان، مازیار فلاحی در سریال قلب یخی قسمت ششم (فصل سوم),https://www.youtube.com/watch?v=FC2K47v9VoE
یک عاشقانه ساده با بازی مهناز افشار، مصطفی زمانی و آتیلا پسیانی وهمایون ارشادی,https://www.youtube.com/watch?v=iQrBBQaMsts
قسمت هفتم سریال جدید پدرگواردیولا با بازی مهران مدیری، نسیم ادبی، هنگامه قاضیانی,https://www.youtube.com/watch?v=BP80Do_VtKM
🥀آرش میراحمدی: رونالدو اومده خواستگاری دخترم,https://www.youtube.com/watch?v=6raYFHL6nCw
سریال دولت مخفی با بازی مهدی صبایی و پژمان بازغی (قسمت شانزدهم) - Dolate Makhfi Serial,https://www.youtube.com/watch?v=YjndOeSTngk
گـلدان خالی فیلم جدید ایرانی - Short Film Irani,https://www.youtube.com/watch?v=NdAoau4Ocxc
تئاتر ایرانی یک قدم نزدیک تر - قسمت هفتم: موج - Iranian theater,https://www.youtube.com/watch?v=9YDVuc5F6kE
ترکیب جذاب مهران مدیری و رضا عطاران، اینبار جدی!!,https://www.youtube.com/watch?v=TQgukOZuPIQ
قسمت پنجم سریال قلب یخی با بازی مهران مدیری، هدیه تهرانی و پژمان بازغی (فصل سوم),https://www.youtube.com/watch?v=WOz38mp-GmE
مهران مدیری: فاجعه این زمینیه که توش داریم فوتبال بازی میکنیم، آبرومون رفت جلو رونالدو🤐🤪,https://www.youtube.com/watch?v=iNytj-SwD0M
فيلم پلیسی و اكشن تهاجم - Tahajom Persian Movie,https://www.youtube.com/watch?v=MHfg-4TK7zg
سریال دولت مخفی با بازی مهدی صبایی و پژمان بازغی (قسمت پانزدهم) - Dolate Makhfi Serial,https://www.youtube.com/watch?v=uiurEIo_os8
تیزر فیلم هفت دقیقه تا پاییز با بازی محسن تنابنده، هدیه تهرانی، حامد بهداد,https://www.youtube.com/watch?v=aRxzYOdnjII
مستند ایرانی فوتبال - Football Iranian Documentary,https://www.youtube.com/watch?v=GqqX0-ib8HA
نمیفهمی که!! نمیفهمی دوست دارم !,https://www.youtube.com/watch?v=GzZPrRSR82A
رضا عطاران، طناز طباطبایی، هانیه توسلی در سریال قلب یخی فصل سوم (قسمت چهارم),https://www.youtube.com/watch?v=WL1elOrLRg0
مگه پرش سه گام نَوَدیدی 🤣😅 یادتونه همه برره‌ای صحبت میکردیم؟😂,https://www.youtube.com/watch?v=Tnr8VTDNvU8
سریال دولت مخفی با بازی مهدی صبایی و پژمان بازغی (قسمت چهاردهم) - Dolate Makhfi Serial,https://www.youtube.com/watch?v=cGjIVXsHCJw
تیزر فیلم جدید سایه روشن - Saye Roshan Film With English Subtitles,https://www.youtube.com/watch?v=W5_Ohj9Byuo
تئاتر ایرانی یک قدم نزدیکتر - قسمت ششم: علی اصغر - Iranian theater,https://www.youtube.com/watch?v=tTlyoKUBPvY
سحر دولتشاهی، رضا کیانیان، مازیار فلاحی در سریال قلب یخی قسمت سوم (فصل سوم),https://www.youtube.com/watch?v=eksr1Wksixo
علی نصریان، پروانه معصومی در سال های خاکستر - Salha-ye khakestar Film,https://www.youtube.com/watch?v=8bh3q6Rhmic
عادل فردوسی پور: پدرم منو تو خونه راه نمیده !!! 😂🤷‍♂️,https://www.youtube.com/watch?v=7vC2EMSWgvI
سریال دولت مخفی با بازی مهدی صبایی و پژمان بازغی (قسمت سیزدهم) - Dolate Makhfi Serial,https://www.youtube.com/watch?v=WAWFuCMomcE
تیزر فیلم توقیف شده به رنگ ارغوان به کارگردانی ابراهیم حاتمی کیا,https://www.youtube.com/watch?v=Wia7tQE_u-M
قسمت دوم سریال قلب یخی با بازی مهران مدیری، هدیه تهرانی و پژمان بازغی (فصل سوم),https://www.youtube.com/watch?v=Sl8snPXNioc
شهرام قائدی، رامین ناصرنصیر در نمایش کمدی سرآشپز پیشنهاد میکند (تئاتر جدید - با کیفیت عالی 1080),https://www.youtube.com/watch?v=XgbpYvdBZhI
سریال دولت مخفی با بازی مهدی صبایی و پژمان بازغی (قسمت دوازدهم) - Dolate Makhfi Serial,https://www.youtube.com/watch?v=pLt6SgG5Wx8
تیزر فیلم کمدی آذر، شهدخت، پرویز و دیگران به همراه زیرنویس انگلیسی,https://www.youtube.com/watch?v=ZYBMd57Wk5U
جون داغ برادرو ندارم یابو، بفهم ...,https://www.youtube.com/watch?v=iipMTr8mg7c
رضا عطاران، طناز طباطبایی، هانیه توسلی و هدی زین‌العابدین در سریال قلب یخی فصل سوم - قسمت اول,https://www.youtube.com/watch?v=_5CJeKNG600
گل یا پوچ به سبک برره 😅,https://www.youtube.com/watch?v=nu6jddPu1Zo
دریا و ماهی پرنده فیلم جدید با بازی همایون ارشادی، نیوشا ضیغمی و امیرحسین رستمی,https://www.youtube.com/watch?v=qW-rnjuzAY8
سریال دولت مخفی با بازی مهدی صبایی و پژمان بازغی (قسمت یازدهم) - Dolate Makhfi Serial,https://www.youtube.com/watch?v=GI8h-2Ytjis
تئاتر ایرانی یک قدم نزدیک تر - قسمت پنجم: دایه - Iranian theater,https://www.youtube.com/watch?v=gQF-VKPLjB4
کاری رو که بهش باور نداری هیچوقت نکن,https://www.youtube.com/watch?v=Rv4MiAF3ohQ
سریال دولت مخفی با بازی کاوه خداشناس و پژمان بازغی (قسمت دهم) - Dolate Makhfi Serial,https://www.youtube.com/watch?v=_J846xpATXs
وقتی جای مرد و زن عوض میشه 😂,https://www.youtube.com/watch?v=btjJTwHQDvQ
مستند ایرانی نبردهای تامکت (قسمت پنجم) - Nabardhaye Tamkat Documentary,https://www.youtube.com/watch?v=J1ESR3v-5iM
آزاده صمدی، مهدی پاکدل، فریبرز عرب نیا در فیلم جدید درام گاهی - Sometimes Full Movie,https://www.youtube.com/watch?v=nzlzpKUVS7E
سربازیه برره هیچوقت تکراری نمیشه 😂😂❤️,https://www.youtube.com/watch?v=eIWChjSoRCY
سریال دولت مخفی با بازی کاوه خداشناس و پژمان بازغی (قسمت نهم) - Dolate Makhfi Serial,https://www.youtube.com/watch?v=63ZqpaHb4QY
آشا محرابی، الناز شاکردوست و مهراوه شریفی نیا در سریال قلب یخی (فصل دوم) - قسمت آخر,https://www.youtube.com/watch?v=B32Qx0Kid0c
تئاتر ایرانی یک قدم نزدیک تر - قسمت چهارم: شیفت شب - Iranian theater,https://www.youtube.com/watch?v=U9TQ7qM2rBM
خنده های آتوسا فیلمی درام با بازی امیر جدیدی، باران کوثری، پژمان بازغی و محمدرضا فروتن,https://www.youtube.com/watch?v=zknkkRyy8O4
مامانت میخواد منو ببره دکتر زنان، ببینه مشکل دارم یا نه!!!!! 🤯,https://www.youtube.com/watch?v=aKthcZDQm9s
سریال دولت مخفی با بازی مهدی صبایی و پژمان بازغی (قسمت هشتم) - Dolate Makhfi Serial,https://www.youtube.com/watch?v=DjuEejowT_Q
به جای قاتل برره بازرس ژاندارمری کل رو گرفتن 😂,https://www.youtube.com/watch?v=Vf7Na6yfzuo
حمید فرخ نژاد در سریال قلب یخی (فصل دوم) - قسمت ۱۵ - Ghalbe Yakhi,https://www.youtube.com/watch?v=lOPROUHxUVs
مستند نبردهای تامکت، روایتی از خلبانان نیرو هوایی ارتش است (قسمت چهارم),https://www.youtube.com/watch?v=FmTrXkfokUk
وقتی روزنامه تازه وارد برره میشه 🤣😁,https://www.youtube.com/watch?v=Lm6cKayVs2Y
سریال دولت مخفی با بازی پژمان بازغی، لاله اسکندری و مهدی صبایی (قسمت هفتم) - Dolate Makhfi Serial,https://www.youtube.com/watch?v=Rn_LfLJ-I4s
اینقدر تهدید کرد به حرف اومد 😂😂,https://www.youtube.com/watch?v=9yz9rj8Xd9w
سریال درام، پلیسی، جنایی و عاشقانه قلب یخی با بازی امین حیایی (قسمت ۱۴),https://www.youtube.com/watch?v=sOk_D4hm5nA
تئاتر ایرانی یک قدم نزدیکتر - قسمت سوم: توبه - Iranian theater,https://www.youtube.com/watch?v=fH4cDDm1beg
براساس داستان واقعی - مجید مظفری، عزت الله انتظامی در فیلم جنگ نفت کشها (جنگ نفتکش ها),https://www.youtube.com/watch?v=uwYwGyxwFNs
سریال دولت مخفی با بازی محمدهادی قمیشی و پژمان بازغی (قسمت ششم) - Dolate Makhfi Serial,https://www.youtube.com/watch?v=M_06npFXLFU
ترانه علیدوستی، صابر ابر در فیلم انتهای خیابان هشتم - تیزر فیلم انتهای خیابان هشتم,https://www.youtube.com/watch?v=hKMo1I7lFco
الناز شاکردوست و مهراوه شریفی نیا در سریال قلب یخی (فصل دوم) - قسمت سیزدهم - Ghalbe Yakhi,https://www.youtube.com/watch?v=_5w8mSlhVMM
مستند نبردهای تامکت (قسمت سوم) - Iranian documentary,https://www.youtube.com/watch?v=xX-6vKErOC0
جنجالی‌ترین طلاق تو بازیگرا، چه عشقولانه بودن اون اوایل!!,https://www.youtube.com/watch?v=Lg3Y-t3WXsU
بابک حمیدیان، حمید گودرزی و آرش مجیدی در فیلم پلیسی روباه - The Fox Film Irani,https://www.youtube.com/watch?v=MA-8qX2Q-ww
سریال دولت مخفی با بازی پژمان بازغی و لاله اسکندری (قسمت پنجم) - Dolate Makhfi Serial,https://www.youtube.com/watch?v=jz_KSxxzZhk
تیزر فیلم شبانه روز با بازی مهناز افشار، نیکی کریمی و آزاده صمدی,https://www.youtube.com/watch?v=4rlPjD552QA
مجید صالحی کل فیلم داره دنبال زن میگرده 😂,https://www.youtube.com/watch?v=kmHsCWTbiI8
سریال درام، پلیسی، جنایی و عاشقانه قلب یخی با بازی امین حیایی (قسمت دوازدهم),https://www.youtube.com/watch?v=0m8TJpISwXY
تئاتر ایرانی یک قدم نزدیکتر - قسمت دوم: حاج قدرت - Iranian theater,https://www.youtube.com/watch?v=HtAtGnoSGGI
ساعت یک نیمه شب با بازی حمیدرضا پگاه، مهدی صباحی - Saate Yeke Nime Shab Film,https://www.youtube.com/watch?v=GL4IafQ0U5c
سریال دولت مخفی با بازی مریم سلطانی و لاله اسکندری (قسمت چهارم) - Dolate Makhfi Serial,https://www.youtube.com/watch?v=WLdsj_NY7rk
تیزر فیلم چهارشنبه سوری با بازی هدیه تهرانی، ترانه علیدوستی، حمید فرخ نژاد,https://www.youtube.com/watch?v=OP6YAWsV6D8
حمید فرخ نژاد در سریال قلب یخی (فصل دوم) - قسمت یازدهم - Ghalbe Yakhi,https://www.youtube.com/watch?v=Al4_R4P7AM4
مجموع مستندهای نبردهای تامکت - Iranian documentary - قسمت دوم,https://www.youtube.com/watch?v=5mfe_rEMERg
حمید لولایی اول شاکی میشه بعد ببینین چی میگه 😂,https://www.youtube.com/watch?v=1aO0OVpyruY
پژمان بازغی در لباس یک روحانی - فیلم ایرانی روز ملاقات با بازی پژمان بازغی و نفیسه روشن,https://www.youtube.com/watch?v=1phpO0lSiLs
سریال دولت مخفی با بازی مهدی صبایی و پژمان بازغی (قسمت سوم) - Dolate Makhfi Serial,https://www.youtube.com/watch?v=fU25NKv8VcE
تنها فیلم کمدی اصغر فرهادی - فیلم کمدی دایره زنگی با بازی مهران مدیری,https://www.youtube.com/watch?v=3g0W_T6J3I0
سریال دولت مخفی با بازی پژمان بازغی، لاله اسکندری و مهدی صبایی (قسمت دوم) - Dolate Makhfi Serial,https://www.youtube.com/watch?v=HkNo5mcyBGg
تئاتر ایرانی یک قدم نزدیکتر - قسمت اول: بابا مسلم - Iranian theater,https://www.youtube.com/watch?v=K1aZmkrvu3c
من با تحفه ی گواردیولا کنارت راه نمیرم !!! قسمت ششم پدر گواردیولا - Pedar Goardiula,https://www.youtube.com/watch?v=QIJbVi6kpQ4
حمید گودرزی، الناز شاکردوست و حمید فرخ نژاد در سریال قلب یخی (فصل دوم) - قسمت دهم,https://www.youtube.com/watch?v=BFUnq3iY0TM
مستند نبردهای تامکت، روایتی از دلاورمردی خلبانان نیرو هوایی ارتش است(قسمت اول) - Iranian documentary,https://www.youtube.com/watch?v=PvbhTzCWViE
سریال دولت مخفی با بازی پژمان بازغی، لاله اسکندری و سام درخشانی (قسمت یک) - Dolate Makhfi Serial,https://www.youtube.com/watch?v=YwmhRnkmwug
علی صادقی، مجید صالحی و حمید لولایی در فیلم کمدی و خنده دار آخرین مجرد با کیفیت فول اچ دی,https://www.youtube.com/watch?v=1ybEbQkJXTw
سریال درام، پلیسی، جنایی و عاشقانه قلب یخی با بازی امین حیایی (قسمت نهم),https://www.youtube.com/watch?v=5vmgnMpM2OU
دنبال اسم قرص شادکننده میگرده 😂😱😅😜,https://www.youtube.com/watch?v=5XrM7SC46Ec
حمید فرخ نژاد در سریال قلب یخی (فصل دوم) - قسمت هشتم - Ghalbe Yakhi,https://www.youtube.com/watch?v=RSuPP3TZMBs
کت واک کردن و رقص جواد رضویان برای اینکه بتونه مخ بزنه  😂,https://www.youtube.com/watch?v=uDXS3ogCI-g
هنگامه قاضیانی، علیرضا خمسه و فریبا نادری در سریال جدید پدر گواردیولا قسمت پنجم,https://www.youtube.com/watch?v=UNN_wV2ZbrY
تا دیرو جلوی در آسانسور وایمیستادی میگفتی دربست، الان تو نذاری ما ماهواره بذاریم!!🤣🤣,https://www.youtube.com/watch?v=KPHbevEfgCI
آشا محرابی، الناز شاکردوست و مهراوه شریفی نیا در سریال قلب یخی (فصل دوم) - قسمت هفتم - Ghalbe Yakhi,https://www.youtube.com/watch?v=uRg0oBET4mU
همسایه تو مخی که میخواد به همه آپارتمان نشینی یاد بده 🥸😂,https://www.youtube.com/watch?v=3mVi5HIcFvo
این مستند به روایت حادثه برج های دوقلو متروپل در آبادان می پردازد - Metropol Documentary,https://www.youtube.com/watch?v=fs_iE5c1evU
بهترین بازی محسن تنابنده 👌🏻 بی شک,https://www.youtube.com/watch?v=9MZuloLALq0
قسمت چهارم سریال پدر گواردیولا - سریال جدید امیر مهدی ژوله، سیامک صفری و آرش عدل پرور,https://www.youtube.com/watch?v=VZSR8LbZ70A
حمید گودرزی، الناز شاکردوست و حمید فرخ نژاد در سریال قلب یخی (فصل دوم) - قسمت ششم,https://www.youtube.com/watch?v=YuVq_OFPwUY
فیلم سینمایی ایرانی جدید عملیات سری - روایتگر روزهای پایانی رژیم شاه,https://www.youtube.com/watch?v=GKy-bBA_bu4
پدر گواردیولا قسمت سوم با بازی محمدرضا علیمردانی، ستاره اسکندری و مهدی سلطانی - Pedar Goardiula,https://www.youtube.com/watch?v=VjiUPF6_ISY
رحمان و انوش رفتن خفت گیری سوپرایز شدن🤣😁,https://www.youtube.com/watch?v=nYFCDcm2TGQ
سریال درام، پلیسی، جنایی و عاشقانه قلب یخی با بازی امین حیایی (قسمت پنجم),https://www.youtube.com/watch?v=W8vlGRpKxss
سریال جدید پدر گواردیولا قسمت دوم - Pedar Goardiula,https://www.youtube.com/watch?v=d77WtnDTxac
خنده دارترین صحنه فیلم عطاران که حذفــــش کردن!!!,https://www.youtube.com/watch?v=a0Gz79b9Hgg
حمید گودرزی، الناز شاکردوست و حمید فرخ نژاد در سریال قلب یخی (فصل دوم) - قسمت چهارم,https://www.youtube.com/watch?v=9iJlGJbXCqA
کارت سوخت فیلم کوتاه ایرانی - Carte Sookht Film,https://www.youtube.com/watch?v=m_RmuFDNSkw
آهنگ گیلکی کنوس کله در سریال کمدی سر به راه 😅,https://www.youtube.com/watch?v=CIoJtLyQ7jI
قسمت نقطه صفر سریال پدر گواردیولا - سریال جدید مهران مدیری و حمید فرخ نژاد,https://www.youtube.com/watch?v=6QpW4ukD_GU
حمید فرخ نژاد در سریال قلب یخی (فصل دوم) - قسمت سوم - Ghalbe Yakhi,https://www.youtube.com/watch?v=Zyd4_-RFxqs
عادل فردوسی پور قدیم و جدید 👌🏻💐❤️,https://www.youtube.com/watch?v=egH2swHStSQ
خاطره بازی فیلمی در ژانر طنز و اجتماعی با بازی رضا فیاضی بازیگر خاطرات دهه شصتی ها 😍,https://www.youtube.com/watch?v=VAOS7t3wXNI
آشا محرابی، الناز شاکردوست و مهراوه شریفی نیا در سریال قلب یخی (فصل دوم) - قسمت دوم - Ghalbe Yakhi,https://www.youtube.com/watch?v=nuovEKGeFe8
پشت صحنه فیلم گورکن - The Badger Film Irani,https://www.youtube.com/watch?v=YZdhqq4N5XQ
مهران مدیری رو به قصد کشت زد 😔😳😢,https://www.youtube.com/watch?v=uH-KGNxlbtc
ترانه علیدوستی، صابر ابر، با هنرمندی حامد بهداد - فیلم انتهای خیابان هشتم - With English subtitles,https://www.youtube.com/watch?v=fujOWFH9oYE
حمید گودرزی، الناز شاکردوست و حمید فرخ نژاد در سریال قلب یخی (فصل دوم) - قسمت اول,https://www.youtube.com/watch?v=u4MVwqFJ69A
پشت صحنه فیلم جدید ایرانی شهربانو با بازی بهناز جعفری، یوسف تیموری، فرشته صدرعرفایی و بهرنگ علوی,https://www.youtube.com/watch?v=A-qShVUBGRo
این لحظه رو متاستفانه بیشترمون تجربه کردیم😅 ، آقا سرت توی کاره خودت باشه دیگه 😂,https://www.youtube.com/watch?v=780CGRAID4I
بیژن بنفشه خواه گردن نمیگیره,https://www.youtube.com/watch?v=LxdPl-NcTw4
قسمت آخر سریال قلب یخی - Ghalbe Yakhi Iran Series,https://www.youtube.com/watch?v=UhWPAcuG5iQ
تیزر فیلم جدید پاسیو با بازی شقایق فراهانی، بابک انصاری و بهناز جعفری,https://www.youtube.com/watch?v=E46Exz0HEpc
زن صاحب نمی‌خواد، عاشق میخواد❤️ پدر گواردیولا,https://www.youtube.com/watch?v=idLOHEo0AnA
ساده لوح (Plain board) فیلمی در ژانر کمدی به کارگردانی مهدی فخیم زاده,https://www.youtube.com/watch?v=LLVtuO-Wceo
الناز شاکردوست و علیرضا کمالی در سریال قلب یخی - قسمت دهم,https://www.youtube.com/watch?v=7WsxbjxPTM8
تیزر فیلم جدید شهربانو با کیفیت عالی و بالا - Shahrabanoo Film Irani Teaser,https://www.youtube.com/watch?v=f8-ti6myYsI
نود درصد باباهای ایرانی 😂😂,https://www.youtube.com/watch?v=eGIdr3Ko8v4
سریال جدید جنایی پدر گواردیولا با بازی مهران مدیری، هنگامه قاضیانی، حمید فرخ نژاد - Pedar Goardiula,https://www.youtube.com/watch?v=Gpod4IiK0l0
سوتی خنده دار جواد عزتی تو فیلم 😅🤣😂,https://www.youtube.com/watch?v=pWc6X2G_dX4
فیلم جدید شهربانو با بازی بهناز جعفری، یوسف تیموری، فرشته صدرعرفایی | With English Subtitles,https://www.youtube.com/watch?v=cQSSpLS6A5M
قسمت نهم سریال قلب یخی (فصل اول) با بازی حمید فرخ نژاد,https://www.youtube.com/watch?v=ulArIhuXRzI
تیزر فیلم کمدی، فانتزی آنجلو با بازی یوسف تیموری و سوگول طهماسبی - Comedy Film Irani,https://www.youtube.com/watch?v=u4EM9G0PsMI
عارف لرستانی و محمدرضا هدایتی در اوج جوانی 😂 سریال ببخشید شما,https://www.youtube.com/watch?v=gp7n3jV7Hvg
وقتی نقی کنار هما، تیک و تاک میکنه😂😂😂,https://www.youtube.com/watch?v=f8YPrGWIYF4
فتحعلی اویسی، فاطمه معتمدآریا و اکبر عبدی در فیلم ریحانه - فیلم درام ریحانه با زیرنویس انگلیسی,https://www.youtube.com/watch?v=1bzoS7dUVzs
حمید فرخ نژاد، الناز شاکردوست، امین حیایی در سریال قلب یخی (قسمت هشتم) - Ghalbe Yakhi,https://www.youtube.com/watch?v=9GvalWYlFIk
قسمت اول سریال قلب یخی (فصل هفتم) با بازی حمید فرخ نژاد، الناز شاکردوست، امین حیایی - Ghalbe Yakhi,https://www.youtube.com/watch?v=hYQHZRrUZI4
مصاحبه خنده دار🤣😂 نه نگووووو😂🥸,https://www.youtube.com/watch?v=pvLPJXNs8pg
شهاب حسینی، خسرو شکیبایی و بیتا بادران در فیلم کمدی، عاشقانه دلشکسته - Del Shekasteh Film Irani,https://www.youtube.com/watch?v=nspr8MXi6m4
یه دختر بچه همشونو اسکول کرده 😂😱😅😜,https://www.youtube.com/watch?v=7Y1BtBLOzVM
مستند جدید ایرانی بیتربیت - New Iranian documentary,https://www.youtube.com/watch?v=PUPD4-bzPt0
فیلم جدید شنل با بازی باران کوثری - Chanel Film With English Subtitles,https://www.youtube.com/watch?v=iX0MY9NCBBY
حمید گودرزی، الناز شاکردوست و علیرضا کمالی در سریال قلب یخی - قسمت ششم,https://www.youtube.com/watch?v=IB2dXzlpIR4
جواد رضویان رفته تو نقش نن جون برای دزدی 😂🧓,https://www.youtube.com/watch?v=1rjru_5aAXc
امین حیایی و مهران مدیری در فیلم کمدی نوستالژی دایره زنگی😁,https://www.youtube.com/watch?v=hNi9mv5TGOI
مستند کوتاه «۱۲ – هیچ» نقدی به کنکور و مدیریت مسئولین نظام آموزش و پرورش,https://www.youtube.com/watch?v=D0_cuXn-CnY
صحنه دراگ بازیه جواد عزتی، سیامک انصاری و بابک حمیدیان در فیلم خرگیوش 😂💫💊,https://www.youtube.com/watch?v=kP9pbO9lvBw
فیلم خشم و هیاهو حس این رابطه‌هارو نشون میده🥲😍😩,https://www.youtube.com/watch?v=qiwWAIp4UCs
قسمت پنجم سریال قلب یخی (فصل اول) با بازی حمید فرخ نژاد، الناز شاکردوست، امین حیایی - Ghalbe Yakhi,https://www.youtube.com/watch?v=LqfIi2Ad2kk
فیلم بانوی اردیبهشت با بازی مینو فرشچی، مانی کسراییان و باران کوثری - The May Lady With English Sub,https://www.youtube.com/watch?v=N775FrzHCko
"وانگاه، روان جهان گله کرد - Then, the soul of the mother earth complained film",https://www.youtube.com/watch?v=mN5NTl9UMTM
وقتی رضا عطاران عاشق میشه 💔,https://www.youtube.com/watch?v=8LgGYrrJaEo
🤣🤣 جدا چجوری مجوز گرفته این فیلم!!,https://www.youtube.com/watch?v=Xwe3nNcKr-s
حمید گودرزی، الناز شاکردوست و علیرضا کمالی در سریال قلب یخی - قسمت چهارم,https://www.youtube.com/watch?v=DHWL_kC1H9M
درخت جان برنده 2 جایزه از جشنواره فیلم فجر - فیلم درخت جان به همراه زیرنویس انگلیسی,https://www.youtube.com/watch?v=wGm2LZQ4aaQ
تیزر مستند انیمیشن پس از 22 سال - زندگینامه اسدالله بربری,https://www.youtube.com/watch?v=oWBrdUuvvxE
مصاحبه زیر خاکی عادل فردوسی پور و مهران  مدیری⚽⚽,https://www.youtube.com/watch?v=769adV5qYX0
حمید فرخ نژاد، الناز شاکردوست، امین حیایی در سریال قلب یخی (قسمت سوم) - Ghalbe Yakhi,https://www.youtube.com/watch?v=glO52LwOtMY
موقع تمرین از خنده ترکیدن خودشون😂😂🤣 #shortsvideo,https://www.youtube.com/watch?v=XN8n9AqwUy4
داریوش فرهنگ، محمود عزیزی، حسن جوهرچی در فیلم حادثه ای تا مدار 10 درجه,https://www.youtube.com/watch?v=axQSUfb6gDA
قسمت پایانی ( هفدهم ) سریال جدید پروانه به کارگردانی جلیل سامان و با بازی سارا بهرامی  و حامد کمیلی,https://www.youtube.com/watch?v=TNrI5n1GuqE
فیلم کوتاه محافظ برگرفته از حادثه تروریستی شاه‌چراغ,https://www.youtube.com/watch?v=IPec8rGnkbQ
فقط واکنش جواد رضویان 😂,https://www.youtube.com/watch?v=3IsmYpfSI4M
جدایی پریناز ایزدیار!!,https://www.youtube.com/watch?v=-BtQxb8T68k
حمید گودرزی، الناز شاکردوست و علیرضا کمالی در سریال قلب یخی - قسمت دوم,https://www.youtube.com/watch?v=toA0PV-lHHU
قسمت شانزدهم سریال جدید پروانه به کارگردانی جلیل سامان و با بازی  نیما رئیسی  و حامد کمیلی,https://www.youtube.com/watch?v=VrSoeSApd0s
بیگانه های آشنا مستند جدید ایرانی - روایتی از سیل در استان های خوزستان و لرستان,https://www.youtube.com/watch?v=eejI3IEqaJg
اکران خصوصی فیلم کمدی هزارپا با حضور جمعی از بازیگران محبوب کشورمون 🥰,https://www.youtube.com/watch?v=Q95cxahxp98
قسمت اول سریال قلب یخی (فصل اول) با بازی حمید فرخ نژاد، الناز شاکردوست، امین حیایی - Ghalbe Yakhi,https://www.youtube.com/watch?v=Yhj11ek20rM
فرشته حسینی، علیرضا کمالی نژاد در فیلم جدید هفت و نیم (ماجرای زندگی هفت دختر افغانستانی و ایرانی),https://www.youtube.com/watch?v=UGzOhTkouYA
وقتی از استرس جواب کنکور میزنی به جاده 🚗,https://www.youtube.com/watch?v=8fwh1aJTUpg
قسمت پانزدهم سریال جدید پروانه به کارگردانی جلیل سامان و با بازی  سارا بهرامی و حامد کمیلی,https://www.youtube.com/watch?v=BFGheVteg40
جمعه فیلم کوتاه ایرانی - روایتی از همسر شهید محمد بهشتی,https://www.youtube.com/watch?v=XkYFD4_8iP4
آزادین که برین، یا الان یا هیچوقت !!!,https://www.youtube.com/watch?v=CbuJ44h_CWE
بابا واقعا چرا اینقد بامزه میخنده رضاعطاران😂😂😍😂 #shortsvideo,https://www.youtube.com/watch?v=tqG5rHjfo9k
میترکی از خنده، یعنی خنده های رضا عطاران خودش خنده میاره,https://www.youtube.com/watch?v=XJAyELn2vpA
فیلم کمدی خارج از محدوده به کارگردانی رخشان بنی اعتماد با بازی پروانه معصومی و مهدی هاشمی,https://www.youtube.com/watch?v=5HGPQgUpUvs
قسمت چهاردهم سریال جدید پروانه با بازی  سارا بهرامی و شهرام عبدلی,https://www.youtube.com/watch?v=NC0lQw19g6I
الناز شاکردوست با فیلم جدیدش ترکونده 🤌🏻👌🏻,https://www.youtube.com/watch?v=fMnLDpJabN0
لیلا حاتمی، محمدرضا فروتن، عزت الله انتظامی در فیلم جدید چهل سالگی - With English Subtitles,https://www.youtube.com/watch?v=Fbnc8rSH-DY
قسمت سیزدهم سریال جدید پروانه با بازی  حامد کمیلی و الهام چرخنده,https://www.youtube.com/watch?v=zn8JZUVhNNk
«صادره» محصول جدید سینمای ایران درباره «مهاجرین افغانستانی» - With English Subtitles,https://www.youtube.com/watch?v=EjuJ7Iu01n8
تیزر رسمی جدیدترین فیلم سینماهای ایران - فیلم جدید آخرین تولد با بازی الناز شاکردوست,https://www.youtube.com/watch?v=s5aoAvKAY5s
من ناصر حجازی هستم ، مستند توقیف شده عقاب آسیا با صدای بهرام رادان ، شهاب حسینی و مهران مدیری,https://www.youtube.com/watch?v=T7975C1tFqw
وای واقعااااا خنده‌هاشون خنده‌داره😂😂,https://www.youtube.com/watch?v=pdJMt8sR46o
بازی تمام شد فیلم اکشن قدیمی ایرانی با گلچینی از بهترین بازیگرها - Bazi Tamam Shod Persian Movie,https://www.youtube.com/watch?v=Y-wVI6LYNX4
قسمت دوازدهم سریال جدید پروانه  با بازی سارا بهرامی و نیما رئیسی,https://www.youtube.com/watch?v=0o-XJes2FW4
حتما تا آخرشو ببین، تیزر فیلم خنده دار هزارپا با کیفیت بالا - رضا عطاران و جواد عزتی در هزارپا,https://www.youtube.com/watch?v=CHW7ao6Axuo
فیلم جدید آخرین تولد با بازی الناز شاکردوست، اکران یه زودی در سینماهای سراسر کشور,https://www.youtube.com/watch?v=RmMA0UukZxg
جهیزیه برای رباب فیلم قدیمی ایرانی با بازی فاطمه معتمدآریا، ایرج طهماسب و پروانه معصومی,https://www.youtube.com/watch?v=eAzfOC0nL9U
قسمت یازدهم سریال جدید پروانه به کارگردانی جلیل سامان و با بازی سارا بهرامی و حامد کمیلی,https://www.youtube.com/watch?v=-35AEBd-zOk
نمایش دُردنوشان به کارگردانی عمار تفتی - Dordnoshan Iranian theater,https://www.youtube.com/watch?v=5V_cuAyxlVs
قسمت آخر سریال همه گیری - Hamegiri Serial Irani,https://www.youtube.com/watch?v=HjjpkhO89eg
فیلم ایرانی 578 روز انتظار | Persian Movie 578 Days Waiting,https://www.youtube.com/watch?v=50ptGk2c5II
پشت صحنه فیلم سینمایی ایرانی مجروح جنگی | Majrooh Jangi Film Irani,https://www.youtube.com/watch?v=EiaOG8aF_2s
"حریم مهرورزی با بازی حبیب اسماعیلی, افسانه بایگان, جمشید مشایخی - فیلم نوستالژی حریم مهرورزی",https://www.youtube.com/watch?v=AH7VH1_rAIs
قسمت دهم سریال جدید پروانه  با بازی سارا بهرامی ، الهام چرخنده و حامد کمیلی,https://www.youtube.com/watch?v=0CkMwjeQv68
ایرج طهماسب، پرویز پورحسینی، حمید جبلی در فیلم درام خط پایان - Persian Movie Khate Payan,https://www.youtube.com/watch?v=NeKVJwU1ULw
قسمت ۱۸ سریال همه گیری با بازی نیما شاهرخ شاهی، مهدی صبائی,https://www.youtube.com/watch?v=jSk7ct_2QCU
من هیچ علاقه ای به گروه و حزب و دسته ای ندارم فقط پول برام مهمه!,https://www.youtube.com/watch?v=Z6ICtfK-dHs
قسمت نهم سریال جدید پروانه  با بازی شهرا م عبدلی و نیما رئیسی و حامد کمیلی,https://www.youtube.com/watch?v=Sw1u5TzgnAk
بهترین وقت برای تیغیدن جیب مردم زمانیه که اشکشون در اومده 🤦‍♂️😅,https://www.youtube.com/watch?v=bOrUoQT4aJ8
فیلم کمدی نوک برج با بازی محمدرضا فروتن و نیکی کریمی به نویسندگی سروش صحت - Nok-e borj Film,https://www.youtube.com/watch?v=GIa3WjFgRU0
دیگه حمید فرخ نژاد هم  نمیدونه چی بگه 😂,https://www.youtube.com/watch?v=SLtVJ56eosY
لیلا حاتمی، فرهاد اصلانی،علی مصفا و امیر آقایی در فیلم مردی بدون سایه - With English Subtitles,https://www.youtube.com/watch?v=_gkjuM_8DyI
قسمت هشتم سریال جدید پروانه با بازی حامد کمیلی و شهرام عبدلی,https://www.youtube.com/watch?v=zLDUQTSVajw
مهران غفوریان رو مخ همه رفته 😉🤣😂,https://www.youtube.com/watch?v=hmMOJknlNyg
تیزر فیلم جدید 1402 شهرک با بازی ساعد سهیلی، کاظم سیاحی,https://www.youtube.com/watch?v=8DGyGX3uwJI
طنز قوی مهران مدیری، این تیکه رو تا آخر ببین، میمیری از خنده,https://www.youtube.com/watch?v=e6fAaVJfjRQ
طنز قوی مهران مدیری🤣🤣🤣,https://www.youtube.com/watch?v=WPEEBXHDMKo
فیلم دوران عاشقی با بازی شهاب حسینی، لیلا حاتمی، فرهاد اصلانی و بیتا فرهی - Time of Love Film Irani,https://www.youtube.com/watch?v=rZ-VldtlUaI
قسمت هفتم سریال جدید پروانه به کارگردانی جلیل سامان و بازی سارا بهرامی و نیما رئیسی,https://www.youtube.com/watch?v=sQE_QR-Mowg
تیزر فیلم خنده دار ضد گلوله (پربازدیدترین فیلم در ماه های اخیر),https://www.youtube.com/watch?v=i9Tku2YRrhs
وقتی بوخوری میشی 😂😵‍💫,https://www.youtube.com/watch?v=Fz1SPG34Yd0
حتی به غلط🤣 جمله معروف حامد بهداد😉,https://www.youtube.com/watch?v=2w5jdW1J3XQ
آخرین قسمت جدیدترین سریال سال ۱۴۰۲ - سریال جدید سوران قسمت هجدهم,https://www.youtube.com/watch?v=5Pi_K_7UaLU
برنده سیمرغ بلورین بهترین فیلم اول، فیلم مسافر جنوب - (به همراه تدوین جعفر پناهی) - En Sub,https://www.youtube.com/watch?v=fGUbGOsJEI8
قسمت ششم سریال جدید پروانه با  بازی حامد کمیلی و الهام چرخنده,https://www.youtube.com/watch?v=_O1geuqJFh8
پشت صحنه فیلم خنده دار ضد گلوله (پربازدیدترین فیلم در ماه های اخیر),https://www.youtube.com/watch?v=h98fI0IcedQ
جدیدترین سریال سال ۱۴۰۲ - سریال جدید سوران قسمت هفدهم,https://www.youtube.com/watch?v=IhtAzHZcfeE
نیما شاهرخ شاهی و کوروش سلیمانی در سریال همه گیری (قسمت ۱۷),https://www.youtube.com/watch?v=DXfl79HZPJk
قوانین فیلم شهرک!⛔️🔞,https://www.youtube.com/watch?v=cE25oPLo-oc
میلاد کی مرام، سیامک اشعریون و جعفر دهقان در فیلم شاه کلید به کارگردانی حسین تبریزی - Film Irani,https://www.youtube.com/watch?v=OGwti6WC2ZA
قسمت پنجم سریال جدید پروانه با  بازی سارا بهرامی و شهرام عبدلی,https://www.youtube.com/watch?v=22hHp1MoTlI
پشت صحنه فیلم شهرک با بازی ساعد سهیلی، کاظم سیاحی، مهتاب ثروتی، همایون ارشادی,https://www.youtube.com/watch?v=NFAPhrC7_kM
یعنی همه یه همچین معلم زبانی قطعا داشتن🤣😉❤️‍🔥,https://www.youtube.com/watch?v=_CKNF1Dugls
الله مزار، فیلم جدید ایرانی با حضور رضا خدادادبیگی - Allah Mazar Persian Movie,https://www.youtube.com/watch?v=OOuTHgIcCrM
سریال جدید پروانه به کارگردانی جلیل سامان با بازی سارا بهرامی و متین ستوده قسمت چهارم,https://www.youtube.com/watch?v=2d76VRjth68
پشت صحنه سریال عطسه، مهران مدیری ترکونده😉🤣,https://www.youtube.com/watch?v=ZCqlovKq77o
نیما شاهرخ شاهی و کوروش سلیمانی در سریال همه گیری (قسمت ۱۶),https://www.youtube.com/watch?v=XAvi1Oqz4A8
خاطره اکبر عبدی: همه عوامل پشت صحنه فیلم مادر را متحیر کرد🫡🥰,https://www.youtube.com/watch?v=msAysmxn59k
پرواز خاموش فیلم جنگی ایرانی، با بازی حسین یاری، بهمن دان، مجید مشیری,https://www.youtube.com/watch?v=iHsIDsjDdBc
قسمت سوم سریال جدید پروانه به کارگردانی جلیل سامان و بازی الهام چرخنده ، حامد کمیلی و سپیده خداوردی,https://www.youtube.com/watch?v=MzlHoYJYMjY
تیزر فیلم کمدی بازی محسن کیایی، سعید آقاخانی و مهدی هاشمی (پربازدیدترین فیلم در ماه های اخیر),https://www.youtube.com/watch?v=bIWgJPKSRpc
ساعت ۴ صبح، میگه دختر ندارین شما؟زن میخوام🤣🤣😉,https://www.youtube.com/watch?v=M0eBiDiBsyU
مهدی پاکدل، بهنوش طباطبایی و پوریا پورسرخ در فیلم مصائب دوشیزه - Calamities of the Maiden Film,https://www.youtube.com/watch?v=h0T6zi2HgP0
قسمت دوم سریال جدید پروانه با بازی شهرام عبدلی و نیما رئیسی به کارگردانی جلیل سامان,https://www.youtube.com/watch?v=JHm8Vpfc5Jo
فیلم کوتاه عمومی نیست - Short Film Irani,https://www.youtube.com/watch?v=Aeckxcf9xsU
نیما شاهرخ شاهی و کوروش سلیمانی در سریال همه گیری (قسمت ۱۵),https://www.youtube.com/watch?v=sWPrlBMJOL8
یارو رو گذاشته‌ سر کار😂 یهو بگو نمیخوام برم دیگه😂,https://www.youtube.com/watch?v=UAUpTCRT7IE
فیلم سینمایی ایرانی پای پیاده با بازی محمدرضا فروتن | Film Irani Payeh Piadeh With English Subtitles,https://www.youtube.com/watch?v=0teKB85jNJY
سریال جدید پروانه با حضور سارا بهرامی و متین ستوده و حامد کمیلی ( قسمت 1),https://www.youtube.com/watch?v=qBSBK2ZU1Lo
مینا جعفرزاده، مهدی امینی خواه در فیلم جدید ساعت صفر - Saate Sefr Persian Movie,https://www.youtube.com/watch?v=KXHk2TUh-D0
تعارف ما ایرانیا🤣 عارف لرستانی🥀,https://www.youtube.com/watch?v=uwr2ca9mW_g
محمدرضا فروتن، شقایق فراهانی در فیلم جدید سایه روشن - Saye Roshan Film With English Subtitles,https://www.youtube.com/watch?v=SAxb89e4ROM
جدیدترین سریال سال ۱۴۰۲ - سریال جدید سوران قسمت شانزدهم,https://www.youtube.com/watch?v=Ha06bPA78ks
برو خداتو شکر کن، پلیسم نمیتونم بزنمت !!,https://www.youtube.com/watch?v=4NFuk6mD74Q
زنده یاد خسرو شکیبایی، امین حیایی و اندیشه فولادوند در فیلم ستاره بود - Setareh Bood Film,https://www.youtube.com/watch?v=kz5WQK0909E
قسمت ۱۴ جدیدترین سریال، سریال همه گیری با بازی نیما شاهرخ شاهی، مهدی صبائی,https://www.youtube.com/watch?v=iUjuxo7kaxU
بر‌اساس داستان واقعی - قسمت پانزدهم سریال جدید سوران با کیفیت بالا و عالی - Sooran Series,https://www.youtube.com/watch?v=6peMZPIH1yg
وقتی طرف هیچی، هیچییی نمیفهمه😂😂,https://www.youtube.com/watch?v=GCMJmzjMuyk
لباسی برای خدمت با بازی وحيد شيخ زاده، سوگل طهماسبی، آتش تقی پور,https://www.youtube.com/watch?v=701BUSJsu_w
قسمت سیزدهم جدیدترین سریال، همه گیری با بازی نیما شاهرخ شاهی، مهدی صبائی,https://www.youtube.com/watch?v=swXXqIGClwo
خب اگه اینجوریه که ما هم تو دادگاه دوتا قسم بخوریم که دیگه نهار رو خونه باشیم! 🤣😂,https://www.youtube.com/watch?v=JC7iqoHaomg
به من نگاه کن فیلمی درام و رازآلود با بازی فاطمه معتمدآریا و لادن مستوفی - Look At Me Persian Movie,https://www.youtube.com/watch?v=sAu681AHSjI
این قسمت از سریال همه گیری با حضور نیما شاهرخ شاهی (قسمت ۱۲),https://www.youtube.com/watch?v=fJEn2Z2luc4
پیشنهاد هفته: نبات، یک درام شوکه‌کننده,https://www.youtube.com/watch?v=mOyf0a5mgQs
حدیث فولادوند، علی قربان زاده و رامبد شکرآبی در فیلم نوستالژی غزل - Ghazal Film Irani,https://www.youtube.com/watch?v=RZsNM98Aqms
مصاحبه با شادی کرم رودی🥰,https://www.youtube.com/watch?v=oy7Ls5JUs3o
پخش آنلاین سریال جدید همه گیری (اپیدمی) - قسمت ۱۱ سریال جدید و پخش همزمان همه گیری,https://www.youtube.com/watch?v=4oIfLTCndSA
پشت صحنه سریال عطسه رو از دست نده که غش میکنی از خنده😉🤣,https://www.youtube.com/watch?v=x8ZohHB8G-Q
میخواد داییش رو بپیچونه، رفته دنبال شرخر😅🤣,https://www.youtube.com/watch?v=NRDfiMuBmKo
دقایقی با استاد منوچهر معتبر - منوچهر معتبر نقاش ایرانی که به خاطر سبک ویژه اش در طراحی شناخته شد,https://www.youtube.com/watch?v=9Bm2rTtpHY8
قسمت دهم جدیدترین سریال، همه گیری با بازی نیما شاهرخ شاهی، مهدی صبائی,https://www.youtube.com/watch?v=TchC7w9gtDo
خیلی زود دیر می شود فیلم کوتاه ایرانی - It will be too late Short Film,https://www.youtube.com/watch?v=22nhEf2anao
گیر داده بزرگ رو بردارید 😂🤣,https://www.youtube.com/watch?v=ezvqI52OjQ8
خلوت گزیده فیلم درام ایرانی با بازی سروش گودرزی و سولماز غنی,https://www.youtube.com/watch?v=O-xVeNVDv98
زیبا بروفه، زهره حمیدی، نیما فلاح در قسمت ۲۶ سریال نوستالژیک دختران - Dokhtaran Iran Series,https://www.youtube.com/watch?v=d1CkZjKQnwQ
روزی که خاله ام مریض بود,https://www.youtube.com/watch?v=0hYnE3wsDek
تیزر سریال جدید پلیسی و جنایی محرمانه - پخش از همین امشب - سریال پُربازیگر محرمانه با کیفیت بالا,https://www.youtube.com/watch?v=VzZ8xiUJJ0k
مستند دیدنی و تکان‌دهنده جعفر پناهی از لرستان و خوزستان,https://www.youtube.com/watch?v=FiYCnETlh3k
تو مشتت فوت کن دایی جان🤣🤣🤣🤣,https://www.youtube.com/watch?v=TEgN7rqhJNo
فیلم ایرانی کفشها کاری از حسن احمدی با بازی سعید احمدی و عباس محبوب,https://www.youtube.com/watch?v=K3HfGJQFtPE
لیلا حاتمی در فیلم ایستگاه متروک - لیلا حاتمی برنده جایزه بهترین بازیگر زن جشنواره فیلم مونترال,https://www.youtube.com/watch?v=sVQz0Qe0wwk
قسمت آخر سریال نوستالژی دختران - Dokhtaran Serial Irani,https://www.youtube.com/watch?v=aSWAXvuwEOI
من دلم پر میکشه، واسه اینکه یه بار دیگه ببینمش 🥺😫💔,https://www.youtube.com/watch?v=e1e_gbOP3MA
قسمت ۲۵ سریال خاطره انگیز دختران با بازی آتنه فقیه نصیری، شقایق دهقان و زیبا بروفه - Serial Irani,https://www.youtube.com/watch?v=GiOw4W99sug
نیما شاهرخ شاهی و کوروش سلیمانی در سریال همه گیری (قسمت نهم),https://www.youtube.com/watch?v=UcevXR7DbNk
یکم با پشت صحنه  هزارپا بخند و حالتو خوب کن🥰😁👌🏻,https://www.youtube.com/watch?v=mt3lvi7kH3Q
جهانبخش سلطانی در فیلم درام تلفن - Persian Movie,https://www.youtube.com/watch?v=NyXeV5W2tTU
زیبا بروفه، زهره حمیدی، نیما فلاح در قسمت ۲۴ سریال نوستالژیک دختران - Dokhtaran Iran Series,https://www.youtube.com/watch?v=xHN_QscNfg8
آقام فیلم جدید ایرانی با بازی بازیگر محبوب، عباس محبوب - با کیفیت عالی و فول اچ دی,https://www.youtube.com/watch?v=NEH53y0Tly0
مستند نخستین برج تهران - مستند جالب و دیدنی اولین برج با زیرنویس انگلیسی - Avalin Borj Mostanad,https://www.youtube.com/watch?v=XkXaZvRLXCo
قسمت هشتم جدیدترین سریال، همه گیری با بازی نیما شاهرخ شاهی، مهدی صبائی,https://www.youtube.com/watch?v=gHehZ6B3Kus
ما ایرانیا وقتی میخوایم آهنگ انگلیسی بخونیم🤣🤭🙄,https://www.youtube.com/watch?v=Rey5hc_uryE
فیلم توقیف شده پرونده هاوانا با بازی امین تارخ، همایون ارشادی، ماه چهره خلیلی,https://www.youtube.com/watch?v=4HOAdme6h-E
سحر ولدبیگی، زهره حمیدی، نیما فلاح در قسمت ۲۳ سریال نوستالژیک دختران - Dokhtaran Iran Series,https://www.youtube.com/watch?v=KNqYBjaJPPo
تیزر شکستن همزمان بیست استخوان - داستان پناهنده افغانی,https://www.youtube.com/watch?v=5VsjDeUoSis
پخش آنلاین سریال جدید همه گیری - قسمت هفتم سریال جدید و پخش همزمان همه گیری,https://www.youtube.com/watch?v=py-VJZ7b81Y
سکانس سانسور شده فیلم متری شیش و نیم 🚫,https://www.youtube.com/watch?v=3t5SGNuXaak
هیچی بهتر از صداقت نیست 🤣😅😂 اینو حتما ببین، میترکی از خنده,https://www.youtube.com/watch?v=acW_OeOkiiE
سریال قدیمی دختران با کیفیت بالا با بازی نیما فلاح، زیبا بروفه (قسمت ۲۲),https://www.youtube.com/watch?v=PJatm2ck8GM
هیچی بهتر از صداقت نیست! پسر من هیچی نداره ولی میخواد دختر شمارو بگیره 😅😂🤣,https://www.youtube.com/watch?v=aC9q4weTkb4
فیلم ایرانی خط - Khat Persian Movies,https://www.youtube.com/watch?v=VCzJTeBUlac
نیما شاهرخ شاهی و کوروش سلیمانی در سریال همه گیری (قسمت ششم),https://www.youtube.com/watch?v=av9NG9XsbCc
از خانوم شیرزاد خنگ تر هم داریم🤣😅,https://www.youtube.com/watch?v=bQZxJr_HbYI
مهناز افشار، حامد بهداد، نیکی کریمی، محمدرضا فروتن و آزاده صمدی در فیلم شبانه روز,https://www.youtube.com/watch?v=4xvvOc6I_ac
سریال نوستالژیک دختران، به مشکلات زندگی دختران دانشجو می پردازد - (قسمت ۲۱),https://www.youtube.com/watch?v=-aNyQqkAg5I
قسمت پنجم جدیدترین سریال، سریال همه گیری با بازی نیما شاهرخ شاهی، مهدی صبائی,https://www.youtube.com/watch?v=Otz5wZXT4PM
رامین ناصر نصیر، زهره حمیدی، نیما فلاح در قسمت ۲۰ سریال نوستالژیک دختران - Dokhtaran Iran Series,https://www.youtube.com/watch?v=eW6oeM933bQ
حسن معجونی، ماه چهره خلیلی و علی سلیمانی در فیلم لب دریا با کیفیت بالا - Labe Darya Persian Movie,https://www.youtube.com/watch?v=7MmsJvK3fm0
پخش آنلاین سریال جدید همه گیری (اپیدمی) - قسمت چهارم سریال جدید و پخش همزمان همه گیری,https://www.youtube.com/watch?v=OkOsI7m3p8Q
تو یه لحظه همه چی خراب میشه، بقیش کش دادن اون لحظه اس🥺,https://www.youtube.com/watch?v=38bmaH8Qh9g
قسمت ۱۹ سریال خاطره انگیز دختران با بازی آتنه فقیه نصیری، شقایق دهقان و زیبا بروفه - Serial Irani,https://www.youtube.com/watch?v=ElAVg8qSkuU
کجای مادر🤣🤣🤣,https://www.youtube.com/watch?v=-a_VCu9Rwqs
قسمت چهاردهم سریال جدید و پخش همزمان سوران - داستان واقعی از زندگی یک مبارز کُرد,https://www.youtube.com/watch?v=LXTOsDu7ZSs
مهدی هاشمی، فرشته سرابندی، فرحناز منافی ظاهر در فیلم وقت اضافه - Film Irani,https://www.youtube.com/watch?v=BeoOZmaSmvI
سریال قدیمی دختران با کیفیت بالا با بازی نیما فلاح، زیبا بروفه (قسمت هجدهم),https://www.youtube.com/watch?v=m2NCuLK7GKY
به نظر من بهترین سکانس متری شیش و نیم این بوده، تا آخرشو ببین 🥹😭😔,https://www.youtube.com/watch?v=mjSy5GIfWCY
وقتی معلم کلاس از بچه ها شاکی میشه و میره ناظم مدرسه رو میاره 😂🤣,https://www.youtube.com/watch?v=QSS4Uxx8MAM
جدیدترین سریال سال ۱۴۰۲ - سریال جدید سوران قسمت سیزدهم,https://www.youtube.com/watch?v=wpL6LHN5o6Q
قسمت سوم جدیدترین سریال، همه گیری با بازی نیما شاهرخ شاهی، مهدی صبائی,https://www.youtube.com/watch?v=Cc2kEObsrg0
سحر ولدبیگی، زهره حمیدی، نیما فلاح در قسمت ۱۷ سریال نوستالژیک دختران - Dokhtaran Iran Series,https://www.youtube.com/watch?v=c-6H9SP3rAM
رامین راستاد، لیلا بلوکات، علی اسیوند در فیلم ایرانی ابابیل (حماسه نهم دی ماه) - Film Irani Ababil,https://www.youtube.com/watch?v=gdiM-HWskIA
شعله در باد فیلم ایرانی - Shole Dar Baad Persian Movie,https://www.youtube.com/watch?v=B_sUwII3THE
قسمت ۱۶ سریال خاطره انگیز دختران با بازی آتنه فقیه نصیری، شقایق دهقان و زیبا بروفه - Serial Irani,https://www.youtube.com/watch?v=j0eIX8nmbzM
سکانس فوق العاده احساسی از فیلم من مادر هستم: فقط ازش میخوام که از خون بچه من بگذره,https://www.youtube.com/watch?v=I9K5rfgkyao
قسمت دوم جدیدترین سریال 1402 - سریال همه گیری با بازی نیما شاهرخ شاهی، مهدی صبائی,https://www.youtube.com/watch?v=RGW_E-uQwqc
بابا یکم سر کیفامونو شل کنیم، به فکر دزدا باشیم 🤣😂,https://www.youtube.com/watch?v=Ypi5aTK4l5M